ts,open,high,low,close,volume
2024-05-24 20:00:00+00:00,69111.9,69212.5,68520.0,68566.0,142.9028149
2024-05-25 00:00:00+00:00,68565.9,68904.9,68507.7,68756.1,97.5283314
2024-05-25 04:00:00+00:00,68756.0,68824.8,68613.7,68745.4,71.2538701
2024-05-25 08:00:00+00:00,68745.5,69609.2,68745.4,69094.4,173.43776748
2024-05-25 12:00:00+00:00,69094.5,69293.9,68819.2,68933.4,148.86847177
2024-05-25 16:00:00+00:00,68933.5,69265.8,68837.3,69153.5,86.01231286
2024-05-25 20:00:00+00:00,69153.5,69364.8,69043.6,69294.6,79.64514074
2024-05-26 00:00:00+00:00,69294.7,69319.9,68813.6,69074.9,87.50227529
2024-05-26 04:00:00+00:00,69075.0,69440.9,68918.5,69347.6,96.77441066
2024-05-26 08:00:00+00:00,69344.5,69552.7,68935.2,69136.6,164.31593577
2024-05-26 12:00:00+00:00,69136.7,69395.9,68653.0,68843.3,174.02844546
2024-05-26 16:00:00+00:00,68843.4,68965.2,68700.0,68899.1,122.35530137
2024-05-26 20:00:00+00:00,68903.8,68912.2,68178.1,68503.5,115.7000541
2024-05-27 00:00:00+00:00,68503.5,69326.1,68479.1,68874.4,131.94052866
2024-05-27 04:00:00+00:00,68874.4,68910.0,68328.0,68650.6,123.3384425
2024-05-27 08:00:00+00:00,68650.7,68922.3,68260.0,68436.9,178.72887852
2024-05-27 12:00:00+00:00,68436.9,70521.0,68383.6,70386.7,417.56019318
2024-05-27 16:00:00+00:00,70380.4,70678.6,69070.1,69265.1,338.5711094
2024-05-27 20:00:00+00:00,69255.7,69886.6,69176.6,69429.5,162.15471303
2024-05-28 00:00:00+00:00,69429.5,69594.5,67754.8,68049.2,354.82049591
2024-05-28 04:00:00+00:00,68049.3,68139.7,67470.3,67691.9,301.69381033
2024-05-28 08:00:00+00:00,67691.9,68889.9,67590.0,68389.5,300.71321211
2024-05-28 12:00:00+00:00,68390.8,68556.5,67543.1,68371.3,433.71875112
2024-05-28 16:00:00+00:00,68380.6,68606.4,67277.0,68425.2,390.26055168
2024-05-28 20:00:00+00:00,68431.0,68653.0,68124.2,68405.1,138.44119538
2024-05-29 00:00:00+00:00,68407.5,68927.1,68264.7,68828.7,162.31021764
2024-05-29 04:00:00+00:00,68825.1,68931.4,67941.4,67946.2,225.35806376
2024-05-29 08:00:00+00:00,67950.2,68043.9,67598.1,67769.3,254.36213347
2024-05-29 12:00:00+00:00,67769.4,68268.8,67247.9,67376.6,518.79655176
2024-05-29 16:00:00+00:00,67382.4,67735.9,67144.1,67264.0,311.18981128
2024-05-29 20:00:00+00:00,67264.0,67821.6,67160.0,67654.0,207.58895313
2024-05-30 00:00:00+00:00,67654.1,68198.8,67476.5,68118.0,185.475902
2024-05-30 04:00:00+00:00,68118.3,68425.0,67524.4,67587.2,298.43362124
2024-05-30 08:00:00+00:00,67587.1,68126.2,67132.0,67814.1,334.13465855
2024-05-30 12:00:00+00:00,67814.1,68837.8,67757.0,68531.5,397.10755408
2024-05-30 16:00:00+00:00,68530.8,69511.9,68379.4,68663.7,426.98696444
2024-05-30 20:00:00+00:00,68663.8,68664.7,68041.7,68353.0,183.50052589
2024-05-31 00:00:00+00:00,68353.1,68737.1,68273.3,68533.0,114.1530394
2024-05-31 04:00:00+00:00,68533.0,68649.0,68080.5,68175.6,92.01874706
2024-05-31 08:00:00+00:00,68183.9,68452.8,67872.9,68344.6,212.96121971
2024-05-31 12:00:00+00:00,68344.7,69039.0,67206.7,67206.7,678.03546366
2024-05-31 16:00:00+00:00,67206.8,67994.0,66666.7,67662.8,446.28307652
2024-05-31 20:00:00+00:00,67683.2,67801.5,67238.7,67536.4,207.41092896
2024-06-01 00:00:00+00:00,67539.5,67764.0,67441.9,67717.4,102.02109712
2024-06-01 04:00:00+00:00,67717.5,67798.1,67572.5,67631.9,88.04571497
2024-06-01 08:00:00+00:00,67632.0,67754.3,67607.3,67661.7,83.35272276
2024-06-01 12:00:00+00:00,67661.7,67873.8,67641.0,67680.9,100.00530988
2024-06-01 16:00:00+00:00,67681.0,67837.9,67505.7,67752.7,133.51617754
2024-06-01 20:00:00+00:00,67752.6,67879.3,67700.1,67761.7,58.39540023
2024-06-02 00:00:00+00:00,67761.8,67908.0,67637.1,67788.0,67.04833211
2024-06-02 04:00:00+00:00,67788.1,67870.1,67714.3,67717.0,45.59274045
2024-06-02 08:00:00+00:00,67717.1,68323.0,67379.1,68250.0,207.040766
2024-06-02 12:00:00+00:00,68245.0,68472.9,67800.3,68146.3,274.99846165
2024-06-02 16:00:00+00:00,68146.3,68204.6,67273.4,67740.7,278.80626903
2024-06-02 20:00:00+00:00,67740.7,67992.4,67570.2,67768.4,103.4574748
2024-06-03 00:00:00+00:00,67768.4,68784.9,67619.1,68381.8,297.91331714
2024-06-03 04:00:00+00:00,68389.4,69206.5,68289.1,68904.4,397.39358638
2024-06-03 08:00:00+00:00,68904.5,69329.9,68852.0,69081.7,255.00612501
2024-06-03 12:00:00+00:00,69081.7,70277.0,68505.5,69594.4,802.04143892
2024-06-03 16:00:00+00:00,69602.0,69703.0,68805.1,69203.8,294.54912739
2024-06-03 20:00:00+00:00,69212.0,69498.6,68722.1,68808.7,214.33482437
2024-06-04 00:00:00+00:00,68808.8,69360.0,68653.0,69163.3,182.50825309
2024-06-04 04:00:00+00:00,69163.2,69271.6,68761.3,69010.9,145.07008125
2024-06-04 08:00:00+00:00,69010.8,69194.4,68567.2,68951.7,218.98911235
2024-06-04 12:00:00+00:00,68951.7,70493.0,68835.5,70444.7,713.16070385
2024-06-04 16:00:00+00:00,70444.8,71063.0,70091.8,70422.9,614.44275292
2024-06-04 20:00:00+00:00,70422.9,70727.9,70172.4,70537.5,171.58556874
2024-06-05 00:00:00+00:00,70537.5,71258.2,70429.6,70943.0,340.77557324
2024-06-05 04:00:00+00:00,70942.9,71374.9,70824.7,71200.6,261.49025855
2024-06-05 08:00:00+00:00,71200.6,71235.0,70700.7,70963.6,172.60003816
2024-06-05 12:00:00+00:00,70963.7,71695.0,70385.4,71559.5,518.12734812
2024-06-05 16:00:00+00:00,71559.5,71751.9,70872.8,71267.3,387.0709639
2024-06-05 20:00:00+00:00,71276.0,71356.1,70712.4,71105.2,203.51087277
2024-06-06 00:00:00+00:00,71102.4,71239.0,70892.6,71044.6,122.66123076
2024-06-06 04:00:00+00:00,71044.5,71104.1,70810.2,71020.7,121.34673484
2024-06-06 08:00:00+00:00,71020.8,71184.9,70858.2,71160.6,198.85474325
2024-06-06 12:00:00+00:00,71160.7,71650.0,71000.0,71297.5,435.18228234
2024-06-06 16:00:00+00:00,71297.6,71380.5,70456.0,70477.4,352.10333309
2024-06-06 20:00:00+00:00,70477.3,70947.9,70115.2,70798.4,255.6499676
2024-06-07 00:00:00+00:00,70798.4,71022.9,70665.5,70988.8,110.28387098
2024-06-07 04:00:00+00:00,70988.8,71441.7,70988.7,71109.4,169.6887341
2024-06-07 08:00:00+00:00,71109.4,71700.0,71043.7,71698.8,188.08595526
2024-06-07 12:00:00+00:00,71699.1,71993.5,70617.1,71107.4,784.69727616
2024-06-07 16:00:00+00:00,71107.5,71203.0,68361.3,69247.4,1051.61076654
2024-06-07 20:00:00+00:00,69247.5,69523.0,68989.7,69342.0,166.27975758
2024-06-08 00:00:00+00:00,69342.1,69524.7,69286.3,69423.0,98.98920949
2024-06-08 04:00:00+00:00,69418.1,69569.7,69231.5,69569.7,87.06847939
2024-06-08 08:00:00+00:00,69569.8,69576.2,69314.0,69363.6,93.55521658
2024-06-08 12:00:00+00:00,69363.6,69497.7,69175.0,69423.9,113.72047334
2024-06-08 16:00:00+00:00,69423.9,69488.5,69306.1,69454.4,101.57408219
2024-06-08 20:00:00+00:00,69454.4,69473.9,69285.4,69308.5,85.39167869
2024-06-09 00:00:00+00:00,69308.6,69346.0,69129.0,69259.5,62.98009516
2024-06-09 04:00:00+00:00,69259.5,69427.9,69231.8,69298.6,102.1720323
2024-06-09 08:00:00+00:00,69298.6,69398.6,69281.2,69372.0,46.69846136
2024-06-09 12:00:00+00:00,69372.0,69774.9,69263.2,69507.7,188.67061872
2024-06-09 16:00:00+00:00,69507.7,69847.1,69487.0,69708.5,133.46859044
2024-06-09 20:00:00+00:00,69709.1,69817.7,69589.4,69640.3,76.7648168
2024-06-10 00:00:00+00:00,69640.3,69802.0,69428.0,69613.3,82.45342243
2024-06-10 04:00:00+00:00,69613.3,69678.8,69250.0,69293.8,126.51890252
2024-06-10 08:00:00+00:00,69299.2,69562.4,69186.2,69477.8,151.87015723
2024-06-10 12:00:00+00:00,69477.9,70180.0,69226.1,70055.4,273.15506949
2024-06-10 16:00:00+00:00,70063.9,70120.6,69384.2,69484.6,238.91840785
2024-06-10 20:00:00+00:00,69493.5,69689.8,69333.0,69537.2,169.43485512
2024-06-11 00:00:00+00:00,69530.5,69579.4,67888.0,68460.9,688.8759184
2024-06-11 04:00:00+00:00,68460.9,68460.9,67349.2,67566.3,622.42778588
2024-06-11 08:00:00+00:00,67571.4,67656.5,66727.1,66895.2,511.83591769
2024-06-11 12:00:00+00:00,66895.3,67287.5,66035.0,66244.2,678.19988689
2024-06-11 16:00:00+00:00,66233.4,67582.8,66165.5,67405.2,429.58296982
2024-06-11 20:00:00+00:00,67405.2,67581.3,67177.1,67308.4,230.8644516
2024-06-12 00:00:00+00:00,67308.4,67600.3,66903.2,67406.0,197.88611594
2024-06-12 04:00:00+00:00,67406.0,67604.0,67176.8,67447.9,138.06221026
2024-06-12 08:00:00+00:00,67447.8,68048.0,67348.3,67774.0,196.05528454
2024-06-12 12:00:00+00:00,67776.4,70000.0,67737.9,69735.2,930.70708437
2024-06-12 16:00:00+00:00,69735.3,69867.3,67229.4,67524.9,1013.49786392
2024-06-12 20:00:00+00:00,67536.8,68653.0,67427.4,68268.1,298.16215214
2024-06-13 00:00:00+00:00,68268.1,68392.8,66957.8,67469.9,356.15456656
2024-06-13 04:00:00+00:00,67470.0,67728.0,67320.0,67728.0,176.02459871
2024-06-13 08:00:00+00:00,67728.0,67957.9,67177.3,67743.3,202.1405479
2024-06-13 12:00:00+00:00,67743.2,68406.0,66353.2,66466.7,759.60901057
2024-06-13 16:00:00+00:00,66466.7,67072.6,66271.0,66602.4,353.54478338
2024-06-13 20:00:00+00:00,66607.4,66978.0,66530.5,66769.6,128.05619834
2024-06-14 00:00:00+00:00,66775.4,67027.0,66480.1,66744.7,170.13372601
2024-06-14 04:00:00+00:00,66744.7,67218.3,66711.4,66908.0,168.40538093
2024-06-14 08:00:00+00:00,66907.9,67268.8,66773.4,67035.3,182.97402775
2024-06-14 12:00:00+00:00,67035.2,67370.5,66343.0,66384.1,386.51268623
2024-06-14 16:00:00+00:00,66384.1,66522.7,65073.4,65526.1,1180.2005093
2024-06-14 20:00:00+00:00,65521.7,66641.0,65477.1,66042.5,331.77973113
2024-06-15 00:00:00+00:00,66042.6,66290.0,65980.9,66265.8,92.51511504
2024-06-15 04:00:00+00:00,66266.8,66414.8,66061.6,66075.4,142.0915692
2024-06-15 08:00:00+00:00,66081.4,66345.0,66077.6,66314.6,117.31041643
2024-06-15 12:00:00+00:00,66309.4,66475.4,66166.0,66317.2,127.70868929
2024-06-15 16:00:00+00:00,66317.2,66363.7,66071.3,66151.6,100.0455011
2024-06-15 20:00:00+00:00,66151.7,66285.4,65816.0,66226.7,130.73456587
2024-06-16 00:00:00+00:00,66226.8,66267.3,66071.0,66138.4,40.02640008
2024-06-16 04:00:00+00:00,66138.5,66358.6,66042.4,66259.8,54.70898997
2024-06-16 08:00:00+00:00,66259.8,66764.9,66179.6,66482.6,154.25332099
2024-06-16 12:00:00+00:00,66482.7,66797.9,66469.6,66704.3,125.81147655
2024-06-16 16:00:00+00:00,66704.3,66736.7,66514.4,66560.5,80.12689961
2024-06-16 20:00:00+00:00,66560.6,67009.8,66465.0,66679.0,153.86860435
2024-06-17 00:00:00+00:00,66679.0,66910.0,66147.6,66230.3,259.86916359
2024-06-17 04:00:00+00:00,66230.1,66560.0,65915.4,66183.2,405.92075292
2024-06-17 08:00:00+00:00,66183.3,66311.9,65554.5,65821.6,343.20276359
2024-06-17 12:00:00+00:00,65817.4,65827.3,65132.0,65361.3,370.01735594
2024-06-17 16:00:00+00:00,65368.2,67306.4,65154.0,66690.6,657.32534076
2024-06-17 20:00:00+00:00,66690.7,66764.3,66161.0,66494.5,305.6044727
2024-06-18 00:00:00+00:00,66494.6,66587.6,64553.1,65501.6,918.10717367
2024-06-18 04:00:00+00:00,65501.6,65844.2,65339.5,65675.7,305.53724765
2024-06-18 08:00:00+00:00,65675.8,65755.6,65095.8,65367.2,218.280607
2024-06-18 12:00:00+00:00,65367.3,65438.6,64277.3,64695.8,784.6734874
2024-06-18 16:00:00+00:00,64695.8,64897.9,64061.8,64412.4,459.48496999
2024-06-18 20:00:00+00:00,64412.3,65303.1,64191.1,65179.1,366.67548221
2024-06-19 00:00:00+00:00,65179.1,65600.0,64808.4,65400.6,358.90127765
2024-06-19 04:00:00+00:00,65408.2,65726.1,65170.2,65324.7,208.21520825
2024-06-19 08:00:00+00:00,65324.6,65536.6,65002.4,65215.0,217.01381639
2024-06-19 12:00:00+00:00,65215.1,65300.1,64768.8,64924.3,236.94978106
2024-06-19 16:00:00+00:00,64917.9,65272.0,64788.0,64880.3,146.0114929
2024-06-19 20:00:00+00:00,64880.3,65090.0,64677.6,64970.3,111.8396541
2024-06-20 00:00:00+00:00,64970.3,65406.2,64830.8,65192.3,134.91138329
2024-06-20 04:00:00+00:00,65193.1,65976.0,65078.0,65855.8,234.82212325
2024-06-20 08:00:00+00:00,65855.8,66479.4,65572.0,66163.0,273.66566184
2024-06-20 12:00:00+00:00,66163.0,66297.0,64659.7,64829.5,548.98390437
2024-06-20 16:00:00+00:00,64829.5,65210.1,64568.0,65070.2,328.92052428
2024-06-20 20:00:00+00:00,65059.4,65193.7,64864.0,64878.8,104.40526945
2024-06-21 00:00:00+00:00,64878.8,65066.5,64351.4,64516.0,185.9427205
2024-06-21 04:00:00+00:00,64508.2,64733.3,64196.6,64212.2,192.96114699
2024-06-21 08:00:00+00:00,64212.2,64378.5,63529.1,63771.3,492.22806902
2024-06-21 12:00:00+00:00,63771.2,64355.0,63400.0,63730.3,513.79731679
2024-06-21 16:00:00+00:00,63736.5,64260.0,63464.9,64237.0,374.82014428
2024-06-21 20:00:00+00:00,64218.3,64458.9,63839.4,64150.9,182.15534931
2024-06-22 00:00:00+00:00,64151.0,64333.9,63951.6,64319.8,152.91457562
2024-06-22 04:00:00+00:00,64319.9,64531.2,64228.5,64503.6,168.22328626
2024-06-22 08:00:00+00:00,64503.7,64530.1,64216.8,64270.6,103.51936189
2024-06-22 12:00:00+00:00,64270.7,64395.6,64251.9,64304.4,62.59487628
2024-06-22 16:00:00+00:00,64304.3,64357.8,64226.2,64295.5,64.247834
2024-06-22 20:00:00+00:00,64295.6,64333.0,64246.9,64265.7,32.9383486
2024-06-23 00:00:00+00:00,64265.8,64518.0,64265.7,64417.4,87.05444906
2024-06-23 04:00:00+00:00,64417.5,64433.6,64345.8,64414.7,36.3176843
2024-06-23 08:00:00+00:00,64414.6,64433.7,64253.9,64339.4,55.25136998
2024-06-23 12:00:00+00:00,64339.4,64423.5,64066.4,64101.0,128.94818208
2024-06-23 16:00:00+00:00,64101.1,64199.1,63928.2,64146.3,149.14537442
2024-06-23 20:00:00+00:00,64146.4,64155.8,63176.3,63208.0,246.93276499
2024-06-24 00:00:00+00:00,63208.1,63380.4,62666.3,62860.8,366.2611952
2024-06-24 04:00:00+00:00,62860.9,62946.1,62164.6,62448.8,493.90532863
2024-06-24 08:00:00+00:00,62449.7,62966.9,60578.2,61289.5,1141.11721697
2024-06-24 12:00:00+00:00,61289.5,61695.3,60684.0,60845.9,486.51580962
2024-06-24 16:00:00+00:00,60845.8,61049.6,59056.8,59320.7,1162.43728715
2024-06-24 20:00:00+00:00,59320.7,60439.0,58416.2,60292.5,760.54944838
2024-06-25 00:00:00+00:00,60295.5,61600.7,60253.8,61304.6,349.18057734
2024-06-25 04:00:00+00:00,61304.6,61422.5,60625.0,60677.5,260.61035997
2024-06-25 08:00:00+00:00,60684.9,61600.0,60671.0,61190.0,303.60359123
2024-06-25 12:00:00+00:00,61190.0,62161.0,60974.1,61810.3,749.5369997
2024-06-25 16:00:00+00:00,61814.2,62405.6,61134.2,61988.8,502.28032217
2024-06-25 20:00:00+00:00,61982.7,62161.9,61658.0,61803.2,162.28082796
2024-06-26 00:00:00+00:00,61803.2,62478.9,61641.7,61933.6,203.66649243
2024-06-26 04:00:00+00:00,61933.7,61991.9,61529.1,61726.8,141.793651
2024-06-26 08:00:00+00:00,61726.8,61758.4,61167.0,61444.5,246.3140555
2024-06-26 12:00:00+00:00,61444.6,61974.0,61189.5,61463.1,324.86204539
2024-06-26 16:00:00+00:00,61469.5,61539.8,60713.9,60997.6,413.56509154
2024-06-26 20:00:00+00:00,60999.6,61157.1,60719.3,60856.8,183.23336308
2024-06-27 00:00:00+00:00,60861.3,61296.4,60764.6,61039.8,140.7848603
2024-06-27 04:00:00+00:00,61039.8,61193.9,60612.0,60796.7,184.63674294
2024-06-27 08:00:00+00:00,60796.7,61458.8,60734.1,61200.5,238.5152821
2024-06-27 12:00:00+00:00,61196.7,62388.7,61157.2,61570.2,696.02718951
2024-06-27 16:00:00+00:00,61577.9,62016.7,61414.6,61451.6,250.61911518
2024-06-27 20:00:00+00:00,61451.6,61708.9,61364.0,61702.0,178.20652799
2024-06-28 00:00:00+00:00,61702.0,62215.6,61481.7,61832.9,252.2008176
2024-06-28 04:00:00+00:00,61832.8,61836.8,61243.3,61355.0,179.06305431
2024-06-28 08:00:00+00:00,61339.2,61790.0,61209.5,61687.8,221.26733702
2024-06-28 12:00:00+00:00,61690.3,61877.4,60751.9,61058.7,668.78883156
2024-06-28 16:00:00+00:00,61058.7,61119.0,60095.0,60118.9,567.16748728
2024-06-28 20:00:00+00:00,60127.9,60461.6,60054.5,60439.2,209.40614916
2024-06-29 00:00:00+00:00,60439.2,61005.8,60403.3,60760.7,362.70025365
2024-06-29 04:00:00+00:00,60760.6,61133.2,60708.2,61046.2,146.48048347
2024-06-29 08:00:00+00:00,61046.3,61220.1,60894.1,61104.5,163.89673392
2024-06-29 12:00:00+00:00,61104.5,61179.8,60951.5,61106.3,129.77007836
2024-06-29 16:00:00+00:00,61107.0,61122.4,60920.3,61052.6,94.86830234
2024-06-29 20:00:00+00:00,61052.6,61087.7,60852.0,60984.1,105.88445908
2024-06-30 00:00:00+00:00,60984.1,61089.5,60760.1,60900.0,131.56868299
2024-06-30 04:00:00+00:00,60900.1,61783.0,60714.2,61534.5,255.09879511
2024-06-30 08:00:00+00:00,61534.6,61718.9,61392.8,61553.3,214.98593785
2024-06-30 12:00:00+00:00,61553.3,61846.7,61333.0,61717.4,240.17071964
2024-06-30 16:00:00+00:00,61719.7,62100.0,61578.4,62019.8,301.13982985
2024-06-30 20:00:00+00:00,62018.8,63137.0,61826.9,62769.4,511.93861092
2024-07-01 00:00:00+00:00,62769.5,63804.7,62579.0,63437.4,577.39430234
2024-07-01 04:00:00+00:00,63432.9,63469.3,63222.5,63281.0,165.094274
2024-07-01 08:00:00+00:00,63282.7,63318.2,62599.7,62663.7,305.92904977
2024-07-01 12:00:00+00:00,62663.8,63147.5,62520.6,63126.9,385.53998114
2024-07-01 16:00:00+00:00,63126.9,63850.0,62968.3,63236.7,448.86287549
2024-07-01 20:00:00+00:00,63226.3,63430.4,62812.1,62899.8,156.70104807
2024-07-02 00:00:00+00:00,62899.7,63290.1,62789.1,63132.1,109.6350928
2024-07-02 04:00:00+00:00,63132.1,63245.8,62581.0,62628.0,197.79110776
2024-07-02 08:00:00+00:00,62628.1,62863.8,62430.1,62836.8,261.28506776
2024-07-02 12:00:00+00:00,62835.4,63151.9,61847.1,61954.5,524.00861752
2024-07-02 16:00:00+00:00,61953.0,62365.9,61815.1,61934.3,240.03054513
2024-07-02 20:00:00+00:00,61936.9,62180.9,61876.7,62136.8,177.62138999
2024-07-03 00:00:00+00:00,62136.8,62285.5,60612.2,60980.2,481.92546055
2024-07-03 04:00:00+00:00,60987.5,61180.0,60817.3,60875.1,193.79630124
2024-07-03 08:00:00+00:00,60867.8,60985.3,59598.0,60388.1,876.06822201
2024-07-03 12:00:00+00:00,60388.1,60740.0,59763.3,60183.5,514.98898124
2024-07-03 16:00:00+00:00,60183.4,60650.0,59649.8,59656.9,307.37121458
2024-07-03 20:00:00+00:00,59657.0,60371.9,59408.7,60213.3,268.72693846
2024-07-04 00:00:00+00:00,60213.7,60499.9,57822.0,59106.1,877.42608228
2024-07-04 04:00:00+00:00,59106.2,59149.7,58105.9,58225.4,415.34541492
2024-07-04 08:00:00+00:00,58225.4,58487.9,56973.5,57768.2,852.70790487
2024-07-04 12:00:00+00:00,57768.2,58368.1,56759.6,58143.1,726.98211454
2024-07-04 16:00:00+00:00,58147.0,58665.6,57750.0,58284.8,389.01150394
2024-07-04 20:00:00+00:00,58284.8,58800.0,56919.8,57055.6,451.59465588
2024-07-05 00:00:00+00:00,57055.6,57538.2,54982.6,55234.3,1689.16010978
2024-07-05 04:00:00+00:00,55234.4,55361.0,53339.7,54410.8,1106.31083611
2024-07-05 08:00:00+00:00,54404.3,55652.8,53886.5,55488.3,719.06476252
2024-07-05 12:00:00+00:00,55488.3,56682.0,54840.7,56668.9,835.00441648
2024-07-05 16:00:00+00:00,56669.0,57049.0,55812.4,56466.6,559.00844634
2024-07-05 20:00:00+00:00,56466.6,56874.0,56320.9,56629.6,223.04605886
2024-07-06 00:00:00+00:00,56629.7,57009.1,56175.8,56414.8,256.81005574
2024-07-06 04:00:00+00:00,56414.8,56672.4,56025.2,56602.2,267.59818987
2024-07-06 08:00:00+00:00,56602.2,56887.1,56441.6,56737.4,181.48729937
2024-07-06 12:00:00+00:00,56737.4,57440.1,56505.2,57324.5,294.9447315
2024-07-06 16:00:00+00:00,57316.3,58110.8,57187.3,57857.4,366.03497414
2024-07-06 20:00:00+00:00,57857.5,58475.4,57825.3,58237.3,251.85069016
2024-07-07 00:00:00+00:00,58237.4,58442.0,57839.6,57960.6,280.41951891
2024-07-07 04:00:00+00:00,57960.6,58006.8,57084.0,57373.4,329.32767907
2024-07-07 08:00:00+00:00,57373.4,57927.3,57357.0,57451.1,202.49020112
2024-07-07 12:00:00+00:00,57450.1,57619.6,56581.0,56830.8,391.55707986
2024-07-07 16:00:00+00:00,56825.2,57385.9,56751.3,57147.8,202.26705773
2024-07-07 20:00:00+00:00,57147.9,57321.9,55721.0,55853.2,337.25856487
2024-07-08 00:00:00+00:00,55856.9,56026.6,54281.0,55162.6,670.04520086
2024-07-08 04:00:00+00:00,55159.2,55908.9,54965.0,55843.9,361.61664435
2024-07-08 08:00:00+00:00,55843.9,58219.9,55734.0,57152.7,777.62941814
2024-07-08 12:00:00+00:00,57147.1,57616.9,54945.1,55768.6,855.71205411
2024-07-08 16:00:00+00:00,55765.9,56573.8,55423.4,56486.2,405.71821949
2024-07-08 20:00:00+00:00,56475.7,56968.3,56196.7,56710.6,315.16390706
2024-07-09 00:00:00+00:00,56710.7,57359.9,56291.3,57166.9,338.31699454
2024-07-09 04:00:00+00:00,57167.0,57758.0,56995.5,57119.9,343.18229894
2024-07-09 08:00:00+00:00,57120.0,57905.9,57018.1,57437.7,385.45710097
2024-07-09 12:00:00+00:00,57429.0,58130.3,56902.3,57472.9,586.27255881
2024-07-09 16:00:00+00:00,57473.0,58313.9,57370.0,57862.2,411.99103773
2024-07-09 20:00:00+00:00,57854.4,58244.3,57700.1,58036.0,235.80556806
2024-07-10 00:00:00+00:00,58040.8,58199.0,57333.9,58191.5,253.48755197
2024-07-10 04:00:00+00:00,58184.7,59479.3,58176.9,58974.6,643.27498301
2024-07-10 08:00:00+00:00,58974.5,59032.2,58320.0,58491.2,312.35842698
2024-07-10 12:00:00+00:00,58491.2,58563.8,57470.4,57703.4,497.24534421
2024-07-10 16:00:00+00:00,57703.4,58007.9,57359.0,57388.1,271.6982688
2024-07-10 20:00:00+00:00,57399.1,57875.8,57169.9,57723.0,229.88298546
2024-07-11 00:00:00+00:00,57723.0,58390.5,57048.2,57563.8,352.52836207
2024-07-11 04:00:00+00:00,57563.8,58300.0,57484.8,58191.6,241.01881481123388
2024-07-11 08:00:00+00:00,58191.6,58888.8,58052.7,58770.5,389.33985986
2024-07-11 12:00:00+00:00,58770.5,59598.9,57263.0,57406.2,887.46860797
2024-07-11 16:00:00+00:00,57406.2,57982.9,57181.9,57383.0,337.8878493
2024-07-11 20:00:00+00:00,57380.5,57622.5,57152.0,57331.2,245.7132782
2024-07-12 00:00:00+00:00,57340.1,57576.6,56536.5,56907.8,424.77223592
2024-07-12 04:00:00+00:00,56911.0,57408.9,56714.6,57103.0,221.57276357
2024-07-12 08:00:00+00:00,57103.0,57334.5,56778.1,57200.7,334.18268755
2024-07-12 12:00:00+00:00,57205.1,58275.3,57091.0,58213.9,466.14788373
2024-07-12 16:00:00+00:00,58208.5,58528.0,57510.0,57589.5,540.2420019
2024-07-12 20:00:00+00:00,57580.7,57912.2,57150.0,57889.5,245.13683655
2024-07-13 00:00:00+00:00,57893.0,57985.0,57757.2,57818.5,120.10150363
2024-07-13 04:00:00+00:00,57818.6,58220.3,57762.9,58168.7,181.52271877
2024-07-13 08:00:00+00:00,58168.7,58832.9,57912.8,58532.1,332.90397947
2024-07-13 12:00:00+00:00,58534.6,58896.5,58432.4,58839.2,264.04234899
2024-07-13 16:00:00+00:00,58839.3,58962.9,58570.0,58623.7,178.21472774
2024-07-13 20:00:00+00:00,58623.7,59838.4,58288.9,59206.2,655.27753585
2024-07-14 00:00:00+00:00,59201.8,59835.3,59190.7,59459.5,333.1756055
2024-07-14 04:00:00+00:00,59456.0,60318.3,59413.4,60052.1,464.04654997
2024-07-14 08:00:00+00:00,60052.1,60417.1,59904.8,60102.8,277.14239083
2024-07-14 12:00:00+00:00,60102.9,60230.9,59465.8,60087.6,343.53906207
2024-07-14 16:00:00+00:00,60088.2,60175.5,59874.9,59911.0,197.78891505
2024-07-14 20:00:00+00:00,59911.1,61441.7,59874.1,60789.2,622.23222344
2024-07-15 00:00:00+00:00,60789.2,62799.8,60651.9,62651.3,576.04831583
2024-07-15 04:00:00+00:00,62651.2,63093.0,62434.4,62845.0,338.7894573
2024-07-15 08:00:00+00:00,62839.1,63267.6,62294.0,62450.1,295.80940589
2024-07-15 12:00:00+00:00,62445.5,63316.6,62444.8,63022.1,393.3583141191084
2024-07-15 16:00:00+00:00,63022.2,63800.0,62854.0,63345.9,598.72375065
2024-07-15 20:00:00+00:00,63357.1,64899.9,63244.0,64718.6,503.53652538
2024-07-16 00:00:00+00:00,64719.7,64961.3,64437.0,64751.2,287.02537272
2024-07-16 04:00:00+00:00,64751.3,65000.0,62728.3,62913.4,670.14602486
2024-07-16 08:00:00+00:00,62913.5,63881.2,62381.3,63738.2,581.6695733
2024-07-16 12:00:00+00:00,63755.2,64960.0,63061.0,64853.2,670.75565609
2024-07-16 16:00:00+00:00,64853.2,65202.4,64104.2,65161.0,748.67748902
2024-07-16 20:00:00+00:00,65160.9,65373.4,64137.9,65048.6,393.86606645
2024-07-17 00:00:00+00:00,65042.9,66120.0,64929.1,65700.2,439.2515125
2024-07-17 04:00:00+00:00,65700.2,66000.0,65217.4,65252.0,248.09591967
2024-07-17 08:00:00+00:00,65259.7,65505.0,64571.3,64727.4,359.36184857
2024-07-17 12:00:00+00:00,64727.4,65395.9,64540.5,64729.7,540.45500803
2024-07-17 16:00:00+00:00,64736.1,64764.1,63853.0,64570.7,469.94891484
2024-07-17 20:00:00+00:00,64576.0,64673.2,64044.4,64082.9,234.15895
2024-07-18 00:00:00+00:00,64082.9,65101.0,63900.0,64870.4,268.52698907
2024-07-18 04:00:00+00:00,64859.3,65085.2,64402.5,64672.8,176.00276255
2024-07-18 08:00:00+00:00,64672.8,64950.6,64448.6,64757.5,171.01007514
2024-07-18 12:00:00+00:00,64757.6,65120.0,63415.1,63546.1,494.65962305
2024-07-18 16:00:00+00:00,63535.8,63959.5,63234.7,63559.1,302.60152177
2024-07-18 20:00:00+00:00,63566.9,64124.9,63443.2,63988.1,208.77763964
2024-07-19 00:00:00+00:00,63988.1,64371.5,63300.5,64324.5,212.47335491
2024-07-19 04:00:00+00:00,64326.7,64485.9,63609.9,63695.7,283.8926188
2024-07-19 08:00:00+00:00,63695.7,64185.1,63407.8,64112.6,278.01964537
2024-07-19 12:00:00+00:00,64115.0,65900.0,64041.5,65835.1,589.25173307
2024-07-19 16:00:00+00:00,65835.0,67412.0,65825.4,67138.2,1078.49438131
2024-07-19 20:00:00+00:00,67146.8,67346.9,66615.9,66653.4,292.85829916
2024-07-20 00:00:00+00:00,66656.1,66822.9,66218.4,66600.5,196.89999611
2024-07-20 04:00:00+00:00,66599.5,66752.7,66432.4,66557.2,90.69884151
2024-07-20 08:00:00+00:00,66557.2,66739.1,66457.0,66476.7,108.75125045
2024-07-20 12:00:00+00:00,66476.7,66835.8,66286.2,66835.2,125.9675578
2024-07-20 16:00:00+00:00,66835.2,67595.2,66670.1,67220.7,492.92225354
2024-07-20 20:00:00+00:00,67220.8,67432.0,66790.0,67122.4,272.72181862
2024-07-21 00:00:00+00:00,67122.4,67417.3,66952.2,67169.7,123.53367735
2024-07-21 04:00:00+00:00,67169.7,67226.8,66585.1,66704.7,224.23722114
2024-07-21 08:00:00+00:00,66704.8,67059.9,66693.9,66871.3,111.1088883
2024-07-21 12:00:00+00:00,66871.3,67499.8,66604.8,67165.7,225.85320275
2024-07-21 16:00:00+00:00,67165.8,67725.7,65763.1,67416.2,1141.19380806
2024-07-21 20:00:00+00:00,67416.2,68366.0,67271.0,68171.0,497.07091461
2024-07-22 00:00:00+00:00,68171.1,68476.0,67757.0,67878.9,334.21049274
2024-07-22 04:00:00+00:00,67879.0,67999.7,67133.1,67233.6,284.22634018
2024-07-22 08:00:00+00:00,67233.5,67601.5,66939.1,67511.6,218.42787503
2024-07-22 12:00:00+00:00,67511.6,67957.9,66579.0,67063.3,461.18367642
2024-07-22 16:00:00+00:00,67068.4,68249.8,66818.0,68205.9,349.14763301
2024-07-22 20:00:00+00:00,68218.4,68247.5,67230.0,67536.9,449.81404527
2024-07-23 00:00:00+00:00,67528.5,67753.5,67219.1,67475.0,180.97065803
2024-07-23 04:00:00+00:00,67475.1,67530.7,66257.3,66586.2,363.54883333
2024-07-23 08:00:00+00:00,66586.3,67173.8,66453.0,66675.0,293.38393159
2024-07-23 12:00:00+00:00,66675.0,67338.8,65963.1,66600.8,606.97524077
2024-07-23 16:00:00+00:00,66581.1,66773.0,65438.1,65538.9,432.16174767
2024-07-23 20:00:00+00:00,65527.6,66044.5,65487.1,65935.8,257.27067951
2024-07-24 00:00:00+00:00,65931.1,66138.0,65477.0,66049.1,164.04194397
2024-07-24 04:00:00+00:00,66049.2,66071.8,65613.8,66069.9,131.39388867
2024-07-24 08:00:00+00:00,66070.0,66596.8,66000.3,66365.5,199.42598302
2024-07-24 12:00:00+00:00,66365.5,67100.9,66094.0,66181.2,421.43505109
2024-07-24 16:00:00+00:00,66181.2,66699.0,65569.1,65650.4,335.72848425
2024-07-24 20:00:00+00:00,65656.6,66081.7,65105.0,65386.1,352.38527755
2024-07-25 00:00:00+00:00,65376.8,65616.4,63859.5,64087.6,561.98207409
2024-07-25 04:00:00+00:00,64091.8,64387.7,63790.0,64116.3,213.23624489683073
2024-07-25 08:00:00+00:00,64122.4,64474.3,63864.0,64092.3,319.18224427
2024-07-25 12:00:00+00:00,64092.3,65006.1,63466.3,64783.7,572.38102466
2024-07-25 16:00:00+00:00,64786.9,65175.4,64384.9,64693.9,432.035018
2024-07-25 20:00:00+00:00,64681.3,66154.0,64426.0,65796.0,453.88982425
2024-07-26 00:00:00+00:00,65796.1,67476.9,65722.3,67040.6,484.08662805
2024-07-26 04:00:00+00:00,67045.2,67187.4,66851.9,66899.7,240.44109117
2024-07-26 08:00:00+00:00,66899.7,67493.6,66899.7,67321.6,329.66263696
2024-07-26 12:00:00+00:00,67322.6,67998.0,66881.1,67557.1,504.67088351
2024-07-26 16:00:00+00:00,67561.9,68149.0,67302.9,67989.1,370.0824662
2024-07-26 20:00:00+00:00,67997.3,68213.5,67414.2,67912.3,261.84312485
2024-07-27 00:00:00+00:00,67912.3,68078.7,67637.2,67790.5,120.24368625
2024-07-27 04:00:00+00:00,67790.5,68299.8,67778.8,68055.1,120.24386196
2024-07-27 08:00:00+00:00,68055.0,68262.3,67893.2,68213.2,123.75869629
2024-07-27 12:00:00+00:00,68213.3,69492.2,68196.7,68854.8,675.98290004
2024-07-27 16:00:00+00:00,68854.9,68998.7,67706.0,68242.8,530.85591036
2024-07-27 20:00:00+00:00,68242.8,69156.0,66641.0,67915.7,1493.45200771
2024-07-28 00:00:00+00:00,67898.2,68280.4,67246.9,67940.1,179.10447085
2024-07-28 04:00:00+00:00,67940.1,68028.9,67063.1,67545.7,185.37892259
2024-07-28 08:00:00+00:00,67545.8,67986.0,67217.1,67835.6,124.88613022
2024-07-28 12:00:00+00:00,67835.6,68119.2,67579.3,67652.4,151.8496684
2024-07-28 16:00:00+00:00,67652.5,68314.8,67614.7,68116.1,137.9775098
2024-07-28 20:00:00+00:00,68125.7,68299.2,67821.7,68246.9,118.19616656
2024-07-29 00:00:00+00:00,68247.0,69799.8,68162.0,69353.5,473.56264893
2024-07-29 04:00:00+00:00,69349.3,69874.8,69274.1,69525.6,370.45184323
2024-07-29 08:00:00+00:00,69539.6,69839.9,69380.0,69576.5,245.48272494
2024-07-29 12:00:00+00:00,69576.6,70066.0,67666.5,68106.5,912.28784543
2024-07-29 16:00:00+00:00,68097.7,68123.2,66411.0,67293.2,837.80069923
2024-07-29 20:00:00+00:00,67305.3,67553.8,66605.0,66782.6,263.32508904
2024-07-30 00:00:00+00:00,66782.6,66883.1,65871.2,66613.0,375.60610932
2024-07-30 04:00:00+00:00,66612.9,66998.2,66325.0,66956.6,209.79841575
2024-07-30 08:00:00+00:00,66950.6,66992.2,66403.6,66575.7,212.1932746
2024-07-30 12:00:00+00:00,66568.9,66935.9,65555.0,66223.9,465.39937514
2024-07-30 16:00:00+00:00,66221.2,66545.0,65557.0,65913.2,422.81406282
2024-07-30 20:00:00+00:00,65926.8,66353.0,65296.2,66189.8,302.88982284
2024-07-31 00:00:00+00:00,66189.8,66408.9,65874.8,66061.4,182.45679622
2024-07-31 04:00:00+00:00,66057.0,66563.9,65476.6,66220.4,322.58072471
2024-07-31 08:00:00+00:00,66220.3,66374.0,65950.1,66090.6,323.29114035
2024-07-31 12:00:00+00:00,66089.1,66850.0,65980.6,66381.8,410.66564888
2024-07-31 16:00:00+00:00,66386.5,66828.9,64921.2,65253.9,643.30785054
2024-07-31 20:00:00+00:00,65245.4,65419.9,64523.8,64633.5,559.31048372
2024-08-01 00:00:00+00:00,64627.4,64835.0,63753.1,63947.7,451.61679877
2024-08-01 04:00:00+00:00,63935.8,64488.2,63586.5,64326.6,414.25858617
2024-08-01 08:00:00+00:00,64323.5,64711.7,64304.1,64675.0,210.64656199
2024-08-01 12:00:00+00:00,64675.1,64953.6,62680.6,62906.4,800.68706448
2024-08-01 16:00:00+00:00,62924.5,63501.5,62279.4,63442.4,828.8629734
2024-08-01 20:00:00+00:00,63425.0,65652.0,63335.0,65350.3,683.01192537
2024-08-02 00:00:00+00:00,65350.3,65602.4,63665.6,64606.1,428.71063976
2024-08-02 04:00:00+00:00,64605.2,64656.5,63804.0,64168.7,313.12755539
2024-08-02 08:00:00+00:00,64162.2,64972.0,64049.7,64666.0,315.90014005
2024-08-02 12:00:00+00:00,64666.1,65532.1,62451.9,63409.7,1240.2412976
2024-08-02 16:00:00+00:00,63409.7,63606.4,62508.8,62631.8,545.1074101
2024-08-02 20:00:00+00:00,62631.6,63183.2,61227.1,61493.8,835.35769905
2024-08-03 00:00:00+00:00,61493.8,61967.2,60505.7,61888.1,671.23510948
2024-08-03 04:00:00+00:00,61888.1,61968.9,61402.8,61660.6,236.45837747
2024-08-03 08:00:00+00:00,61660.7,62000.0,61453.6,61912.6,230.80522152
2024-08-03 12:00:00+00:00,61912.6,62194.3,60831.0,60888.5,404.11655702
2024-08-03 16:00:00+00:00,60876.0,61280.0,59917.0,60244.6,1095.69125084
2024-08-03 20:00:00+00:00,60250.4,60854.0,59857.6,60716.3,602.98266005
2024-08-04 00:00:00+00:00,60709.2,61108.0,60311.9,60734.9,318.34434149
2024-08-04 04:00:00+00:00,60734.8,60925.9,60260.1,60364.4,208.14487978
2024-08-04 08:00:00+00:00,60363.2,61000.0,60116.9,60898.4,229.12564141
2024-08-04 12:00:00+00:00,60898.4,61100.0,58960.0,59080.8,665.46313944
2024-08-04 16:00:00+00:00,59086.4,59490.9,57200.0,59254.2,1176.61960659
2024-08-04 20:00:00+00:00,59254.2,59575.0,58004.0,58157.9,427.29875464
2024-08-05 00:00:00+00:00,58164.3,58305.0,52315.0,53893.6,2661.430769996789
2024-08-05 04:00:00+00:00,53890.1,54562.8,48705.8,52671.8,2598.4331877
2024-08-05 08:00:00+00:00,52674.3,53204.0,50643.1,51342.5,1320.33548719
2024-08-05 12:00:00+00:00,51342.5,54974.7,49539.1,54314.2,2749.1509241
2024-08-05 16:00:00+00:00,54309.8,55575.0,52553.2,53456.7,1524.33776361
2024-08-05 20:00:00+00:00,53465.9,55188.1,53457.0,54009.6,929.5692704
2024-08-06 00:00:00+00:00,54031.9,56282.2,53944.3,55673.0,766.30845192
2024-08-06 04:00:00+00:00,55667.3,56150.0,55247.1,56014.2,604.20922451
2024-08-06 08:00:00+00:00,56004.6,56116.3,54611.1,55211.8,771.29220379
2024-08-06 12:00:00+00:00,55210.0,56602.6,54379.4,56403.5,986.49915123
2024-08-06 16:00:00+00:00,56403.5,57126.2,56242.4,56752.3,803.13138757
2024-08-06 20:00:00+00:00,56766.4,56930.0,55800.5,56039.6,537.26414848
2024-08-07 00:00:00+00:00,56016.1,57274.0,55575.0,56862.8,663.83436407
2024-08-07 04:00:00+00:00,56861.6,57249.7,56548.8,56919.7,550.12067568
2024-08-07 08:00:00+00:00,56920.4,57722.9,56869.7,56962.2,647.47352711
2024-08-07 12:00:00+00:00,56973.9,57479.0,55682.5,56093.8,832.4948506
2024-08-07 16:00:00+00:00,56093.7,56298.9,54678.0,54778.0,755.58773046
2024-08-07 20:00:00+00:00,54758.5,55573.4,54562.0,55127.6,583.5595973
2024-08-08 00:00:00+00:00,55132.6,57634.1,54737.4,57051.8,822.34721719
2024-08-08 04:00:00+00:00,57055.1,57426.9,56674.6,57177.4,411.97732681
2024-08-08 08:00:00+00:00,57191.2,57650.0,56986.1,57318.0,428.96063455
2024-08-08 12:00:00+00:00,57320.8,59500.0,56684.4,59417.5,1085.43962245
2024-08-08 16:00:00+00:00,59427.1,59870.3,59252.2,59410.5,641.59869774
2024-08-08 20:00:00+00:00,59419.0,62714.9,59298.4,61691.7,911.09930964
2024-08-09 00:00:00+00:00,61685.6,61742.5,60763.1,61350.4,566.22979382
2024-08-09 04:00:00+00:00,61350.4,61383.5,60589.1,60861.4,401.79869052
2024-08-09 08:00:00+00:00,60866.4,61200.0,60175.5,60658.0,490.23165063
2024-08-09 12:00:00+00:00,60658.3,61117.2,59531.6,59808.9,644.6914761
2024-08-09 16:00:00+00:00,59809.0,60747.0,59733.4,60672.5,504.268912
2024-08-09 20:00:00+00:00,60686.1,60988.9,59920.0,60831.4,569.94376956
2024-08-10 00:00:00+00:00,60844.6,61466.9,60282.3,60443.0,369.59651554
2024-08-10 04:00:00+00:00,60443.1,60857.8,60248.2,60845.6,151.49288938
2024-08-10 08:00:00+00:00,60845.6,61108.0,60612.9,60924.0,209.96082725
2024-08-10 12:00:00+00:00,60923.2,60947.8,60409.0,60515.8,198.09025292
2024-08-10 16:00:00+00:00,60511.3,61193.4,60402.7,61007.7,251.49036116
2024-08-10 20:00:00+00:00,61014.6,61160.5,60748.6,60922.9,154.27147099
2024-08-11 00:00:00+00:00,60923.0,61398.9,60890.6,61078.8,236.46395616
2024-08-11 04:00:00+00:00,61078.8,61269.0,60869.1,61256.2,163.8621286
2024-08-11 08:00:00+00:00,61260.8,61874.9,60427.0,60671.7,332.09832057
2024-08-11 12:00:00+00:00,60671.7,60748.9,59936.8,60128.6,412.79562486
2024-08-11 16:00:00+00:00,60134.6,60352.1,59554.8,59624.0,405.17748529
2024-08-11 20:00:00+00:00,59630.0,59661.2,58301.8,58710.9,1010.65177373
2024-08-12 00:00:00+00:00,58717.1,59079.7,58130.0,58508.8,545.95680703
2024-08-12 04:00:00+00:00,58511.1,58987.8,57649.2,58676.0,535.31209766
2024-08-12 08:00:00+00:00,58675.3,59963.9,58120.0,59850.4,802.93808508
2024-08-12 12:00:00+00:00,59850.5,60786.1,57800.0,60199.1,1472.16846614
2024-08-12 16:00:00+00:00,60199.0,60424.3,58444.8,59040.1,689.8854591
2024-08-12 20:00:00+00:00,59040.1,59743.0,58551.1,59347.4,556.52316408
2024-08-13 00:00:00+00:00,59351.7,59922.8,58874.2,59051.8,530.33693643
2024-08-13 04:00:00+00:00,59044.2,59464.8,58836.0,59234.8,318.20291012
2024-08-13 08:00:00+00:00,59234.9,59324.8,58421.0,58827.8,315.37781829
2024-08-13 12:00:00+00:00,58831.6,59768.4,58719.5,59467.5,509.11618329
2024-08-13 16:00:00+00:00,59475.3,61594.6,59447.8,60828.6,962.33289083
2024-08-13 20:00:00+00:00,60822.3,61153.9,60396.9,60586.7,319.13792783
2024-08-14 00:00:00+00:00,60586.7,61293.0,60426.6,60950.0,255.76742555
2024-08-14 04:00:00+00:00,60950.1,61160.0,60636.5,60909.8,208.1801207
2024-08-14 08:00:00+00:00,60911.1,61450.8,60634.0,61289.8,372.20432515
2024-08-14 12:00:00+00:00,61289.9,61820.1,58852.5,59428.0,1243.66767022
2024-08-14 16:00:00+00:00,59427.9,59474.6,58608.3,58896.4,545.84305798
2024-08-14 20:00:00+00:00,58889.1,59180.8,58444.5,58679.0,256.35700877
2024-08-15 00:00:00+00:00,58678.9,59049.1,58006.6,58443.1,398.41013951
2024-08-15 04:00:00+00:00,58446.7,58635.0,57722.7,58063.2,368.53718617
2024-08-15 08:00:00+00:00,58063.2,58873.0,57972.6,58744.2,301.08975421
2024-08-15 12:00:00+00:00,58744.2,59764.3,58539.3,59677.8,768.42336719
2024-08-15 16:00:00+00:00,59676.0,59843.0,56665.1,57041.0,1197.79965378
2024-08-15 20:00:00+00:00,57035.3,57874.9,56111.2,57540.1,764.95186337
2024-08-16 00:00:00+00:00,57540.1,58521.3,57101.2,57894.6,423.66318909
2024-08-16 04:00:00+00:00,57890.9,58628.3,57806.5,58450.8,268.66274127
2024-08-16 08:00:00+00:00,58450.9,58669.6,58210.4,58394.0,265.3334712
2024-08-16 12:00:00+00:00,58392.3,58887.1,57522.1,58072.8,517.32922323
2024-08-16 16:00:00+00:00,58070.9,59808.9,58000.0,59665.1,632.97272411
2024-08-16 20:00:00+00:00,59672.4,59703.9,58729.1,58874.9,250.09850061
2024-08-17 00:00:00+00:00,58874.9,59379.4,58800.7,59146.2,119.55105969
2024-08-17 04:00:00+00:00,59151.2,59263.9,59053.3,59251.9,64.35348651
2024-08-17 08:00:00+00:00,59246.1,59470.0,59059.5,59131.2,115.64499253
2024-08-17 12:00:00+00:00,59131.1,59650.0,59099.6,59386.5,128.8997588
2024-08-17 16:00:00+00:00,59386.5,59706.5,59282.1,59467.0,110.96030036
2024-08-17 20:00:00+00:00,59467.1,59499.9,59139.2,59495.9,118.59457283
2024-08-18 00:00:00+00:00,59496.0,60269.0,59302.1,59345.2,269.87671667
2024-08-18 04:00:00+00:00,59345.2,59695.6,59266.0,59575.3,140.10954072
2024-08-18 08:00:00+00:00,59572.9,60190.8,59432.1,60029.9,235.20467815
2024-08-18 12:00:00+00:00,60023.3,60270.0,59666.7,59858.7,185.59284815
2024-08-18 16:00:00+00:00,59862.2,59949.4,59385.0,59707.9,171.75709149
2024-08-18 20:00:00+00:00,59708.0,59875.0,58420.0,58428.1,369.88182456
2024-08-19 00:00:00+00:00,58428.1,58766.7,58224.0,58737.4,295.33395448
2024-08-19 04:00:00+00:00,58732.1,58749.3,58381.6,58512.1,165.67163936
2024-08-19 08:00:00+00:00,58509.7,58675.9,57814.6,58389.3,396.22437391
2024-08-19 12:00:00+00:00,58394.5,58983.8,58090.0,58540.0,372.38829676
2024-08-19 16:00:00+00:00,58537.1,59280.0,58380.9,58973.4,324.61522833
2024-08-19 20:00:00+00:00,58968.0,59599.0,58910.9,59432.3,337.26839965
2024-08-20 00:00:00+00:00,59432.3,60888.0,59357.9,60619.8,764.67356288
2024-08-20 04:00:00+00:00,60619.8,61480.0,60572.2,60924.0,547.74675554
2024-08-20 08:00:00+00:00,60927.5,61126.4,60422.6,60520.8,342.47371923
2024-08-20 12:00:00+00:00,60520.8,60947.1,58705.0,58823.0,911.27203243
2024-08-20 16:00:00+00:00,58816.1,59599.0,58556.2,59510.1,357.0914999
2024-08-20 20:00:00+00:00,59511.3,59709.7,58865.2,59012.1,245.80223516
2024-08-21 00:00:00+00:00,59012.0,59510.9,58786.8,59322.3,178.68849909
2024-08-21 04:00:00+00:00,59322.3,59732.3,59191.0,59705.9,218.52150621
2024-08-21 08:00:00+00:00,59705.8,59905.1,59096.0,59356.8,233.16287171
2024-08-21 12:00:00+00:00,59356.8,60200.0,58829.4,59515.8,586.42106169
2024-08-21 16:00:00+00:00,59515.8,61620.6,59379.9,61564.0,787.21589301
2024-08-21 20:00:00+00:00,61560.1,61815.9,60897.7,61148.0,622.57988644
2024-08-22 00:00:00+00:00,61148.1,61214.7,59729.1,60543.9,388.62429262
2024-08-22 04:00:00+00:00,60549.5,61099.8,60459.3,60986.7,240.23217411
2024-08-22 08:00:00+00:00,60986.3,61399.8,60794.6,61331.9,326.32916636
2024-08-22 12:00:00+00:00,61331.9,61398.3,60102.0,60406.2,793.19740288
2024-08-22 16:00:00+00:00,60406.2,60728.0,60135.9,60298.7,339.84199933
2024-08-22 20:00:00+00:00,60303.7,60700.7,60293.5,60381.1,246.53353516
2024-08-23 00:00:00+00:00,60381.6,60963.2,60340.6,60592.0,313.49662305
2024-08-23 04:00:00+00:00,60592.0,61358.4,60585.9,61069.5,379.11166608
2024-08-23 08:00:00+00:00,61070.4,61339.6,60687.7,60738.0,210.43594539
2024-08-23 12:00:00+00:00,60738.0,62328.9,60738.0,61534.0,985.50817296
2024-08-23 16:00:00+00:00,61524.9,63805.3,61340.0,63612.2,1698.48654444
2024-08-23 20:00:00+00:00,63612.2,64957.6,63480.3,64040.9,901.50181899
2024-08-24 00:00:00+00:00,64041.0,64191.0,63628.8,63829.9,326.64130704
2024-08-24 04:00:00+00:00,63828.0,64332.9,63817.5,64313.3,187.99555067
2024-08-24 08:00:00+00:00,64313.2,64500.0,63897.3,63910.0,218.42670168
2024-08-24 12:00:00+00:00,63910.0,64250.0,63865.3,63976.3,244.34859003
2024-08-24 16:00:00+00:00,63976.4,64435.0,63900.0,64203.1,344.0790349
2024-08-24 20:00:00+00:00,64203.1,64331.9,63539.2,64151.3,243.46223456
2024-08-25 00:00:00+00:00,64150.9,64580.0,63998.9,64095.7,360.48636141
2024-08-25 04:00:00+00:00,64095.8,64192.6,63776.0,63864.2,136.12998086
2024-08-25 08:00:00+00:00,63864.2,64013.1,63780.2,63874.3,123.64728397
2024-08-25 12:00:00+00:00,63874.3,64278.4,63805.2,64132.1,109.34346959
2024-08-25 16:00:00+00:00,64132.2,64251.9,63993.7,64186.7,134.37933313
2024-08-25 20:00:00+00:00,64186.6,65000.0,64131.4,64220.6,349.4043413
2024-08-26 00:00:00+00:00,64220.6,64479.4,63786.7,64116.9,212.64953329
2024-08-26 04:00:00+00:00,64116.9,64207.4,63578.6,63627.8,208.96136571
2024-08-26 08:00:00+00:00,63626.8,63999.1,63228.3,63855.0,442.96926515
2024-08-26 12:00:00+00:00,63854.8,63961.6,63066.9,63534.4,457.00763189
2024-08-26 16:00:00+00:00,63526.6,63874.9,63190.3,63337.7,353.13964864
2024-08-26 20:00:00+00:00,63339.2,63559.1,62816.3,62830.1,470.00062788
2024-08-27 00:00:00+00:00,62836.4,63218.9,62665.0,62976.7,286.86856118
2024-08-27 04:00:00+00:00,62976.8,63198.3,62725.1,62903.4,203.33830336
2024-08-27 08:00:00+00:00,62903.4,63005.0,62231.2,62422.9,333.53257565
2024-08-27 12:00:00+00:00,62422.8,62497.7,61475.7,61711.8,636.86297759
2024-08-27 16:00:00+00:00,61704.0,62200.0,61523.3,62110.4,317.82201189
2024-08-27 20:00:00+00:00,62092.0,62092.0,58000.0,59413.9,1263.75885489
2024-08-28 00:00:00+00:00,59410.9,59650.0,58921.1,59629.9,364.27402111
2024-08-28 04:00:00+00:00,59629.8,59660.8,58522.0,58597.9,319.06956458
2024-08-28 08:00:00+00:00,58598.0,60230.5,58535.6,59929.3,570.89391435
2024-08-28 12:00:00+00:00,59929.2,60151.6,58435.4,58990.4,486.70811182
2024-08-28 16:00:00+00:00,58990.5,59817.8,57862.0,58912.9,664.39235249
2024-08-28 20:00:00+00:00,58903.5,59615.9,58625.2,59030.3,346.52573614
2024-08-29 00:00:00+00:00,59033.1,59320.3,58876.1,59140.5,138.01546902
2024-08-29 04:00:00+00:00,59140.6,59758.3,59062.7,59583.3,176.61424681
2024-08-29 08:00:00+00:00,59578.0,60476.5,59371.4,60072.0,320.61341977
2024-08-29 12:00:00+00:00,60071.3,61160.3,59992.9,60770.5,475.88474421
2024-08-29 16:00:00+00:00,60776.0,60959.2,58911.6,59257.0,702.38347847
2024-08-29 20:00:00+00:00,59257.1,59634.9,58708.5,59352.0,321.74357587
2024-08-30 00:00:00+00:00,59350.7,59483.9,58907.6,59028.9,302.35402181
2024-08-30 04:00:00+00:00,59032.5,59593.5,58694.6,59273.8,333.7443403
2024-08-30 08:00:00+00:00,59273.7,59666.7,59269.8,59394.1,268.80280614
2024-08-30 12:00:00+00:00,59394.2,59950.5,57948.5,58092.0,848.83450992
2024-08-30 16:00:00+00:00,58092.0,59377.4,57679.6,58707.5,670.60411915
2024-08-30 20:00:00+00:00,58707.5,59293.5,58705.1,59115.0,223.42585955
2024-08-31 00:00:00+00:00,59123.5,59454.0,59060.1,59230.8,151.63750147
2024-08-31 04:00:00+00:00,59230.9,59350.0,59069.4,59092.9,143.03253948
2024-08-31 08:00:00+00:00,59092.9,59180.7,58834.8,59118.0,147.90733997
2024-08-31 12:00:00+00:00,59119.3,59239.3,58900.1,59011.5,141.92961392
2024-08-31 16:00:00+00:00,59011.5,59134.5,58745.5,58860.7,192.6293812
2024-08-31 20:00:00+00:00,58860.7,59132.4,58788.5,58972.6,113.94413078
2024-09-01 00:00:00+00:00,58972.6,59074.6,58282.1,58524.6,247.81203512
2024-09-01 04:00:00+00:00,58524.5,58599.0,57761.6,58474.5,440.35000544
2024-09-01 08:00:00+00:00,58474.6,58499.8,57837.4,58229.9,286.58205947
2024-09-01 12:00:00+00:00,58230.0,58365.2,57227.0,58213.0,744.3050096
2024-09-01 16:00:00+00:00,58213.0,58791.3,57874.0,58513.6,376.40469205
2024-09-01 20:00:00+00:00,58513.5,58652.0,57200.3,57305.7,436.99604473
2024-09-02 00:00:00+00:00,57305.7,57760.0,57133.8,57748.5,448.13333896
2024-09-02 04:00:00+00:00,57747.0,57985.8,57376.6,57551.2,253.28634101
2024-09-02 08:00:00+00:00,57551.9,58665.7,57526.4,58425.3,366.72265157
2024-09-02 12:00:00+00:00,58425.4,58804.0,58103.4,58537.2,272.78009136
2024-09-02 16:00:00+00:00,58537.1,58657.1,58300.9,58448.1,177.8016985
2024-09-02 20:00:00+00:00,58448.2,59424.6,58384.4,59134.6,315.47616542
2024-09-03 00:00:00+00:00,59139.3,59811.0,59018.7,59117.7,308.70628141
2024-09-03 04:00:00+00:00,59117.6,59264.0,58868.5,59104.0,226.50832646
2024-09-03 08:00:00+00:00,59104.0,59192.7,58716.2,59071.6,151.502645
2024-09-03 12:00:00+00:00,59071.6,59361.8,57577.4,57730.5,521.57027858
2024-09-03 16:00:00+00:00,57730.5,58252.4,57599.0,58038.0,361.26241718
2024-09-03 20:00:00+00:00,58039.5,58239.9,57415.0,57486.0,184.85840565
2024-09-04 00:00:00+00:00,57484.7,57933.9,55602.5,56660.0,744.97179058
2024-09-04 04:00:00+00:00,56660.0,56880.0,56178.9,56746.4,311.17587109
2024-09-04 08:00:00+00:00,56746.3,56899.4,56445.3,56570.9,208.62310925
2024-09-04 12:00:00+00:00,56569.5,58164.8,56190.9,58131.1,658.96459349
2024-09-04 16:00:00+00:00,58131.1,58520.0,57648.0,58059.1,412.60294584
2024-09-04 20:00:00+00:00,58059.0,58386.4,57844.8,57974.6,225.46882222
2024-09-05 00:00:00+00:00,57974.7,58328.6,56925.2,57121.5,298.73482824
2024-09-05 04:00:00+00:00,57122.9,57280.7,56551.6,57159.0,199.80361524
2024-09-05 08:00:00+00:00,57157.6,57234.4,56629.0,56700.1,230.20265967
2024-09-05 12:00:00+00:00,56700.1,57300.0,55813.6,55978.6,718.46432089
2024-09-05 16:00:00+00:00,55978.5,56706.2,55794.2,56071.5,304.65239312
2024-09-05 20:00:00+00:00,56049.2,56255.1,55636.3,56179.5,207.87580247
2024-09-06 00:00:00+00:00,56179.5,56852.8,55992.0,56581.6,174.07610613
2024-09-06 04:00:00+00:00,56587.4,56742.4,55289.6,55792.9,302.97174803
2024-09-06 08:00:00+00:00,55793.0,56258.2,55623.8,55997.9,279.25706658
2024-09-06 12:00:00+00:00,55997.9,57007.2,53822.9,54054.1,1192.2154931
2024-09-06 16:00:00+00:00,54053.9,54433.6,53273.3,53533.6,909.78340021
2024-09-06 20:00:00+00:00,53536.5,53969.0,52550.0,53960.3,679.0030531
2024-09-07 00:00:00+00:00,53960.4,54085.8,53756.0,53820.0,218.75221099
2024-09-07 04:00:00+00:00,53821.4,54402.9,53815.1,54290.9,221.89743434
2024-09-07 08:00:00+00:00,54290.9,54493.5,54175.8,54328.0,148.74915724
2024-09-07 12:00:00+00:00,54328.1,54823.4,54328.1,54783.0,189.97260592
2024-09-07 16:00:00+00:00,54783.1,54842.4,54005.9,54403.2,321.76897649
2024-09-07 20:00:00+00:00,54403.2,54437.6,53812.9,54156.0,177.4290112
2024-09-08 00:00:00+00:00,54156.1,54522.2,53967.1,54403.6,97.86196381
2024-09-08 04:00:00+00:00,54403.6,54568.6,54263.4,54438.0,105.84030154
2024-09-08 08:00:00+00:00,54437.9,54719.4,54352.6,54553.4,151.71960002
2024-09-08 12:00:00+00:00,54553.5,54565.4,53643.5,53685.0,381.72082444
2024-09-08 16:00:00+00:00,53685.0,54523.3,53630.0,54334.5,252.3271594
2024-09-08 20:00:00+00:00,54334.6,55307.5,54184.6,54873.1,483.12992369
2024-09-09 00:00:00+00:00,54873.1,55360.8,54682.0,55110.0,233.79814815
2024-09-09 04:00:00+00:00,55111.5,55148.6,54596.2,54976.5,163.58296201
2024-09-09 08:00:00+00:00,54976.1,55543.8,54961.5,55263.8,273.13743906
2024-09-09 12:00:00+00:00,55263.9,55795.0,54809.8,55378.5,401.48500765
2024-09-09 16:00:00+00:00,55379.9,57172.3,55348.5,57092.9,647.78132149
2024-09-09 20:00:00+00:00,57092.9,58091.3,56811.3,57042.0,430.50689489
2024-09-10 00:00:00+00:00,57040.7,57059.9,56528.7,56529.1,153.58022945
2024-09-10 04:00:00+00:00,56529.0,57300.0,56387.1,57214.4,168.70511049
2024-09-10 08:00:00+00:00,57214.5,57382.8,56893.6,57230.6,163.27265867
2024-09-10 12:00:00+00:00,57229.6,57464.7,56532.0,56597.6,439.45205476
2024-09-10 16:00:00+00:00,56598.0,58044.7,56564.2,57948.1,366.31726375
2024-09-10 20:00:00+00:00,57948.1,57970.5,57450.2,57632.5,172.12200522
2024-09-11 00:00:00+00:00,57638.8,57743.9,56673.9,56822.3,380.88287487
2024-09-11 04:00:00+00:00,56822.2,56822.2,56102.0,56710.6,331.696743
2024-09-11 08:00:00+00:00,56709.1,56862.2,56337.2,56793.0,202.06965732
2024-09-11 12:00:00+00:00,56794.4,57161.6,55564.9,56707.5,796.38752506
2024-09-11 16:00:00+00:00,56705.9,57980.0,56646.7,57601.5,526.705613
2024-09-11 20:00:00+00:00,57600.1,57680.7,57206.5,57335.9,184.40992226
2024-09-12 00:00:00+00:00,57335.9,58483.4,57316.4,58235.3,449.81425418
2024-09-12 04:00:00+00:00,58233.1,58426.9,57843.5,58139.9,169.01848843
2024-09-12 08:00:00+00:00,58139.9,58349.9,57901.5,58056.3,179.29336481
2024-09-12 12:00:00+00:00,58056.3,58566.6,57334.7,57511.5,552.64205424
2024-09-12 16:00:00+00:00,57510.1,58449.9,57498.0,58386.9,289.43297466
2024-09-12 20:00:00+00:00,58387.4,58417.6,57773.7,58127.9,236.22099446
2024-09-13 00:00:00+00:00,58127.9,58249.1,57832.2,57849.0,135.14864146
2024-09-13 04:00:00+00:00,57850.5,58133.4,57746.5,58109.3,125.08084943
2024-09-13 08:00:00+00:00,58109.3,58341.9,57824.0,57874.7,152.02942223
2024-09-13 12:00:00+00:00,57876.0,59722.0,57638.4,59666.6,672.46550653
2024-09-13 16:00:00+00:00,59664.0,59998.1,59307.0,59730.0,486.96152048
2024-09-13 20:00:00+00:00,59731.5,60624.3,59631.9,60493.9,573.1022625
2024-09-14 00:00:00+00:00,60494.0,60609.5,60292.6,60325.5,143.01446301
2024-09-14 04:00:00+00:00,60326.9,60349.5,59903.0,60146.4,391.28140977
2024-09-14 08:00:00+00:00,60146.5,60194.1,59600.0,59710.5,246.60179615
2024-09-14 12:00:00+00:00,59710.5,60013.1,59634.7,59875.5,156.66048904
2024-09-14 16:00:00+00:00,59874.1,59983.6,59397.7,59806.7,271.41981992
2024-09-14 20:00:00+00:00,59806.7,60132.6,59775.0,59988.0,162.34690318
2024-09-15 00:00:00+00:00,59988.1,60269.3,59983.3,60154.3,110.83212613
2024-09-15 04:00:00+00:00,60154.4,60217.7,60073.1,60190.4,57.23864001
2024-09-15 08:00:00+00:00,60190.5,60203.9,59881.6,60003.2,133.87205684
2024-09-15 12:00:00+00:00,60003.2,60385.0,59869.9,60333.0,215.7295288
2024-09-15 16:00:00+00:00,60333.1,60349.4,59709.5,59881.5,374.94741064
2024-09-15 20:00:00+00:00,59881.6,59947.3,58680.2,59132.0,547.33045685
2024-09-16 00:00:00+00:00,59132.0,59203.4,58118.4,58576.5,476.52834872
2024-09-16 04:00:00+00:00,58576.5,58965.0,58322.9,58908.1,210.41862002
2024-09-16 08:00:00+00:00,58908.1,59178.1,58501.0,58658.5,204.23873685
2024-09-16 12:00:00+00:00,58658.6,58795.3,57566.7,57882.0,506.60656858
2024-09-16 16:00:00+00:00,57883.5,58269.0,57489.7,57943.5,545.18133634
2024-09-16 20:00:00+00:00,57942.1,58419.0,57614.0,58215.0,232.37392498
2024-09-17 00:00:00+00:00,58215.0,58347.0,57622.0,58056.0,270.02315092
2024-09-17 04:00:00+00:00,58057.5,58785.0,58028.0,58697.8,176.58526968
2024-09-17 08:00:00+00:00,58697.7,59298.1,58635.0,59084.4,246.03616408
2024-09-17 12:00:00+00:00,59084.4,61328.2,58874.4,61127.9,1393.6635491
2024-09-17 16:00:00+00:00,61128.0,61263.3,59627.0,59971.4,651.36575192
2024-09-17 20:00:00+00:00,59971.4,60433.3,59733.5,60307.7,401.87290488
2024-09-18 00:00:00+00:00,60307.8,60774.1,59867.7,60514.5,290.05419432
2024-09-18 04:00:00+00:00,60514.5,60685.4,60205.2,60434.4,163.98489756
2024-09-18 08:00:00+00:00,60434.4,60434.5,59376.2,59845.5,338.09779369
2024-09-18 12:00:00+00:00,59847.0,60158.0,59308.1,59431.6,428.21198276
2024-09-18 16:00:00+00:00,59431.5,61349.0,59187.4,60054.0,1528.56475732
2024-09-18 20:00:00+00:00,60055.4,61777.0,59471.3,61753.5,629.99925376
2024-09-19 00:00:00+00:00,61754.9,62570.0,61566.5,62118.4,914.49371119
2024-09-19 04:00:00+00:00,62118.4,62249.3,61800.1,62086.9,279.27351367
2024-09-19 08:00:00+00:00,62086.9,62713.0,61879.6,62649.0,346.98419909
2024-09-19 12:00:00+00:00,62647.5,63499.5,62578.5,63159.2,831.13246429
2024-09-19 16:00:00+00:00,63157.6,63850.5,62938.8,63246.0,640.38802037
2024-09-19 20:00:00+00:00,63247.5,63255.4,62660.7,62950.4,348.43252017
2024-09-20 00:00:00+00:00,62950.5,63754.0,62611.3,63748.5,403.56305066
2024-09-20 04:00:00+00:00,63748.4,64130.6,63400.0,63526.5,463.40369077
2024-09-20 08:00:00+00:00,63522.1,63701.4,63108.0,63436.9,222.11164931
2024-09-20 12:00:00+00:00,63437.0,63544.0,62576.3,63148.5,620.6128374074057
2024-09-20 16:00:00+00:00,63150.0,63282.0,62348.4,62797.7,341.98557244
2024-09-20 20:00:00+00:00,62800.5,63300.1,62707.6,63205.5,221.90365677
2024-09-21 00:00:00+00:00,63205.6,63300.0,62818.6,62893.3,158.0339715
2024-09-21 04:00:00+00:00,62893.3,63134.5,62757.7,63088.4,105.58132286
2024-09-21 08:00:00+00:00,63088.5,63141.5,62962.7,63090.7,73.20964198
2024-09-21 12:00:00+00:00,63090.3,63307.0,63027.6,63171.5,104.47462206
2024-09-21 16:00:00+00:00,63171.4,63398.0,63088.5,63199.4,123.98511942
2024-09-21 20:00:00+00:00,63199.5,63550.0,63050.1,63343.5,97.41812589
2024-09-22 00:00:00+00:00,63343.6,63452.2,62828.0,63109.6,155.50837241
2024-09-22 04:00:00+00:00,63109.6,63202.3,62835.1,62939.9,86.64283505
2024-09-22 08:00:00+00:00,62939.9,63033.0,62560.1,62780.8,157.38884464
2024-09-22 12:00:00+00:00,62780.9,62937.9,62468.0,62652.7,140.76176714
2024-09-22 16:00:00+00:00,62652.8,63223.4,62471.8,63156.9,216.45077221
2024-09-22 20:00:00+00:00,63157.5,64000.0,62362.1,63575.9,543.75342496
2024-09-23 00:00:00+00:00,63576.0,64753.9,62566.7,64347.0,723.10407088
2024-09-23 04:00:00+00:00,64348.4,64458.7,63400.0,63549.9,251.11358657
2024-09-23 08:00:00+00:00,63550.0,63691.1,63313.4,63429.1,237.32566341
2024-09-23 12:00:00+00:00,63429.4,63798.4,63068.7,63609.6,509.54726679
2024-09-23 16:00:00+00:00,63610.2,63820.8,63110.1,63303.0,275.56506198
2024-09-23 20:00:00+00:00,63298.5,63496.0,63088.7,63331.4,244.29200742
2024-09-24 00:00:00+00:00,63333.0,63397.3,62711.5,63124.9,357.41889094
2024-09-24 04:00:00+00:00,63125.0,63564.7,62941.6,63559.0,148.17377749
2024-09-24 08:00:00+00:00,63559.1,63940.0,63380.5,63469.7,289.44255209
2024-09-24 12:00:00+00:00,63472.4,63765.7,62720.1,63152.8,502.07753184
2024-09-24 16:00:00+00:00,63152.8,64371.0,63088.5,64293.0,445.24048647
2024-09-24 20:00:00+00:00,64291.5,64691.5,63959.6,64269.7,476.29500936
2024-09-25 00:00:00+00:00,64269.7,64817.4,63985.5,64459.3,367.62109032
2024-09-25 04:00:00+00:00,64459.3,64464.4,63650.8,63841.2,210.89097637
2024-09-25 08:00:00+00:00,63841.3,63937.3,63413.4,63834.1,225.93614151
2024-09-25 12:00:00+00:00,63834.1,63992.9,63326.0,63498.0,438.62695716
2024-09-25 16:00:00+00:00,63499.5,63665.5,63007.0,63178.0,425.29963222
2024-09-25 20:00:00+00:00,63181.5,63565.2,62948.9,63154.4,234.31155746
2024-09-26 00:00:00+00:00,63154.5,63541.5,62666.5,63505.5,394.08546386
2024-09-26 04:00:00+00:00,63507.0,63864.0,63338.4,63850.9,206.49545925
2024-09-26 08:00:00+00:00,63850.9,64497.0,63600.0,64393.5,441.80790071
2024-09-26 12:00:00+00:00,64394.9,65549.0,64163.8,65227.6,910.35754016
2024-09-26 16:00:00+00:00,65229.0,65819.9,64687.8,64701.0,423.96283174
2024-09-26 20:00:00+00:00,64702.5,65248.9,64631.7,65165.5,265.22466803
2024-09-27 00:00:00+00:00,65165.5,65423.8,64814.9,65362.5,176.49813727
2024-09-27 04:00:00+00:00,65362.6,65556.9,65100.1,65469.0,230.17637484
2024-09-27 08:00:00+00:00,65468.8,65997.9,65345.0,65437.6,419.79705251
2024-09-27 12:00:00+00:00,65437.6,66575.6,65318.3,66004.7,636.19041391
2024-09-27 16:00:00+00:00,66004.6,66356.4,65519.8,65646.0,271.7459473
2024-09-27 20:00:00+00:00,65644.5,65957.9,65617.6,65770.8,144.58688403
2024-09-28 00:00:00+00:00,65771.9,66257.6,65724.5,66060.9,119.12254555
2024-09-28 04:00:00+00:00,66060.8,66083.0,65732.4,65820.1,100.45676854
2024-09-28 08:00:00+00:00,65820.2,65820.2,65450.0,65795.1,131.57779977
2024-09-28 12:00:00+00:00,65795.2,65813.9,65422.1,65619.3,147.11724822
2024-09-28 16:00:00+00:00,65619.4,65820.8,65499.0,65720.3,85.5386011
2024-09-28 20:00:00+00:00,65720.4,65978.6,65429.2,65841.0,131.85702774
2024-09-29 00:00:00+00:00,65842.5,65975.4,65639.7,65812.7,98.18613471
2024-09-29 04:00:00+00:00,65812.7,65812.7,65435.0,65472.6,98.1659935
2024-09-29 08:00:00+00:00,65472.7,65725.4,65431.9,65697.1,64.00307887
2024-09-29 12:00:00+00:00,65697.2,65850.8,65567.5,65749.3,119.24636468
2024-09-29 16:00:00+00:00,65749.3,65962.7,65650.9,65954.4,128.37196389
2024-09-29 20:00:00+00:00,65954.4,66074.7,65527.8,65598.0,144.80763388
2024-09-30 00:00:00+00:00,65599.5,65608.5,64197.1,64551.0,413.51993106
2024-09-30 04:00:00+00:00,64552.5,64718.4,64330.6,64563.9,172.99708432
2024-09-30 08:00:00+00:00,64563.9,64579.9,63254.5,63823.6,502.27878211
2024-09-30 12:00:00+00:00,63823.7,64151.0,63531.3,63557.7,292.86083678
2024-09-30 16:00:00+00:00,63557.7,63736.6,63068.9,63481.0,332.97171587
2024-09-30 20:00:00+00:00,63481.5,63862.2,62850.0,63330.0,263.02841064
2024-10-01 00:00:00+00:00,63328.6,63740.5,63001.1,63721.6,286.75917258
2024-10-01 04:00:00+00:00,63721.7,64118.7,63649.2,64036.3,147.7787612
2024-10-01 08:00:00+00:00,64036.2,64103.5,63725.1,63732.1,164.92814448
2024-10-01 12:00:00+00:00,63732.2,63806.8,61825.9,62638.6,1042.77346299
2024-10-01 16:00:00+00:00,62638.5,62785.8,61101.0,61752.0,882.5492217
2024-10-01 20:00:00+00:00,61752.0,61760.9,60158.9,60816.0,650.1171335
2024-10-02 00:00:00+00:00,60814.6,61875.6,60728.5,61744.4,281.83256249
2024-10-02 04:00:00+00:00,61744.5,61945.3,61352.1,61725.1,231.6788099
2024-10-02 08:00:00+00:00,61725.2,61900.0,60886.5,61171.0,261.79564349
2024-10-02 12:00:00+00:00,61171.1,61925.1,60550.0,61881.4,596.20119135
2024-10-02 16:00:00+00:00,61873.8,62388.5,59989.0,60195.1,760.44416491
2024-10-02 20:00:00+00:00,60195.1,60991.5,60123.6,60651.4,327.17252913
2024-10-03 00:00:00+00:00,60651.0,61463.0,60538.5,61462.9,367.11923797
2024-10-03 04:00:00+00:00,61462.9,61475.5,60816.1,60927.0,193.64931078
2024-10-03 08:00:00+00:00,60925.6,61062.8,60132.6,60767.2,386.98779697
2024-10-03 12:00:00+00:00,60766.5,60905.2,59869.0,60639.3,908.3391717690025
2024-10-03 16:00:00+00:00,60639.2,61054.0,59920.4,61038.0,463.93731192
2024-10-03 20:00:00+00:00,61035.4,61103.2,60612.1,60750.0,247.14333149
2024-10-04 00:00:00+00:00,60750.0,61270.8,60468.1,60952.5,271.6702265
2024-10-04 04:00:00+00:00,60954.0,61500.0,60938.9,61434.0,184.76494276
2024-10-04 08:00:00+00:00,61434.1,61640.5,61266.6,61448.9,197.11357887
2024-10-04 12:00:00+00:00,61448.5,62002.2,60779.8,61869.4,752.08214164
2024-10-04 16:00:00+00:00,61870.0,62466.4,61641.3,62363.3,346.79024888
2024-10-04 20:00:00+00:00,62368.5,62477.0,61974.9,62086.5,187.9156488
2024-10-05 00:00:00+00:00,62086.6,62203.1,61689.0,61861.5,123.34188836
2024-10-05 04:00:00+00:00,61863.0,62268.0,61821.3,62076.1,67.20256861
2024-10-05 08:00:00+00:00,62076.2,62325.3,62076.1,62179.1,78.03237684
2024-10-05 12:00:00+00:00,62179.1,62367.9,62094.5,62166.5,77.93404047
2024-10-05 16:00:00+00:00,62166.5,62178.1,61776.8,61845.0,129.62446552
2024-10-05 20:00:00+00:00,61845.1,62099.1,61710.0,62064.1,73.81665914
2024-10-06 00:00:00+00:00,62064.1,62152.5,61882.0,61882.0,65.92420291
2024-10-06 04:00:00+00:00,61882.1,62011.5,61818.0,61948.0,50.824434
2024-10-06 08:00:00+00:00,61947.9,62158.0,61927.7,62097.1,99.9634939
2024-10-06 12:00:00+00:00,62097.1,62772.2,62063.2,62713.7,234.9696428
2024-10-06 16:00:00+00:00,62713.7,62978.7,62549.1,62629.8,164.46097499
2024-10-06 20:00:00+00:00,62628.5,62908.0,62300.0,62819.4,143.522869
2024-10-07 00:00:00+00:00,62819.4,63966.9,62655.7,63525.4,362.08999037
2024-10-07 04:00:00+00:00,63526.5,63716.5,63312.6,63536.4,129.55900778
2024-10-07 08:00:00+00:00,63536.5,63704.0,62660.0,63139.6,295.01424698
2024-10-07 12:00:00+00:00,63139.6,64460.3,62830.0,63653.9,528.81535912
2024-10-07 16:00:00+00:00,63652.6,63914.0,62743.0,63375.0,398.1404279
2024-10-07 20:00:00+00:00,63376.5,63405.0,62136.1,62223.2,402.24923413
2024-10-08 00:00:00+00:00,62223.1,62817.3,62155.8,62622.3,282.24243386
2024-10-08 04:00:00+00:00,62623.5,62777.0,62003.0,62313.7,244.9658102
2024-10-08 08:00:00+00:00,62313.8,62658.6,62189.6,62622.1,147.82986214
2024-10-08 12:00:00+00:00,62622.1,63197.5,61870.2,62283.0,604.37602008
2024-10-08 16:00:00+00:00,62284.4,62601.0,61878.0,62246.4,389.68096892
2024-10-08 20:00:00+00:00,62245.4,62566.4,62029.4,62163.4,159.76028714
2024-10-09 00:00:00+00:00,62163.4,62498.4,62000.4,62391.5,208.35317892
2024-10-09 04:00:00+00:00,62391.5,62545.3,62201.5,62273.8,95.72846059
2024-10-09 08:00:00+00:00,62273.9,62290.4,62057.6,62195.3,133.49739975
2024-10-09 12:00:00+00:00,62195.3,62406.2,61644.3,62310.2,469.5940498622929
2024-10-09 16:00:00+00:00,62311.5,62349.0,60841.0,61033.8,458.49650324
2024-10-09 20:00:00+00:00,61033.9,61120.3,60306.1,60638.5,369.82454051
2024-10-10 00:00:00+00:00,60637.6,60952.4,60368.6,60861.7,225.15321947
2024-10-10 04:00:00+00:00,60861.7,61163.1,60811.9,60894.0,108.82171261
2024-10-10 08:00:00+00:00,60893.9,61318.1,60633.1,61261.3,208.83845121
2024-10-10 12:00:00+00:00,61261.0,61317.5,60452.0,60789.0,490.08360716
2024-10-10 16:00:00+00:00,60789.4,61030.2,58932.1,59727.0,914.05661835
2024-10-10 20:00:00+00:00,59728.4,60319.5,59585.2,60319.5,307.68635468
2024-10-11 00:00:00+00:00,60319.5,60764.9,60086.3,60610.7,173.43810644
2024-10-11 04:00:00+00:00,60610.7,60938.0,60577.7,60672.7,275.35585269
2024-10-11 08:00:00+00:00,60672.5,61258.5,60649.0,61170.9,160.77704601
2024-10-11 12:00:00+00:00,61170.9,62450.0,61126.5,62261.4,613.08196697
2024-10-11 16:00:00+00:00,62261.5,63418.3,62120.3,63085.9,560.0864034
2024-10-11 20:00:00+00:00,63085.8,63167.9,62358.2,62533.9,251.95221067
2024-10-12 00:00:00+00:00,62533.9,63067.0,62487.4,62566.2,193.97311653
2024-10-12 04:00:00+00:00,62566.3,62800.0,62566.3,62764.4,97.73884767
2024-10-12 08:00:00+00:00,62764.4,63256.4,62673.1,62937.0,144.72697331
2024-10-12 12:00:00+00:00,62937.0,63485.8,62781.7,63162.5,530.49670012
2024-10-12 16:00:00+00:00,63162.4,63405.6,62904.1,62994.9,245.98639973
2024-10-12 20:00:00+00:00,62994.9,63370.4,62994.8,63204.1,89.09912993
2024-10-13 00:00:00+00:00,63204.1,63287.9,62656.0,62707.4,170.29630303
2024-10-13 04:00:00+00:00,62707.5,63124.8,62706.6,62850.2,131.89235229
2024-10-13 08:00:00+00:00,62850.3,62971.0,62520.4,62561.1,98.35500617
2024-10-13 12:00:00+00:00,62561.2,62824.2,62054.8,62227.5,174.95627145
2024-10-13 16:00:00+00:00,62227.0,62888.5,62171.2,62728.4,216.76053197
2024-10-13 20:00:00+00:00,62728.5,63128.5,62610.3,62872.3,145.3948966
2024-10-14 00:00:00+00:00,62872.4,64377.6,62465.5,64299.5,390.13357141
2024-10-14 04:00:00+00:00,64303.6,64686.9,63786.5,64624.9,732.66693765
2024-10-14 08:00:00+00:00,64624.5,65149.8,64341.5,64924.8,413.25094515
2024-10-14 12:00:00+00:00,64924.8,66291.5,64666.3,65878.5,711.16301175
2024-10-14 16:00:00+00:00,65878.4,66104.6,65534.7,65933.9,623.11562524
2024-10-14 20:00:00+00:00,65937.1,66525.5,65725.0,66087.0,431.38178261
2024-10-15 00:00:00+00:00,66087.0,66334.1,65338.8,65402.5,230.63006142
2024-10-15 04:00:00+00:00,65402.6,65847.3,65221.8,65659.5,193.15679712
2024-10-15 08:00:00+00:00,65659.7,65852.7,65287.3,65400.0,212.18871686
2024-10-15 12:00:00+00:00,65401.5,67950.9,64800.0,66024.0,1446.34826661
2024-10-15 16:00:00+00:00,66022.6,67389.6,65986.5,66967.1,676.57765319
2024-10-15 20:00:00+00:00,66966.2,67150.0,66128.0,67071.6,365.31248006
2024-10-16 00:00:00+00:00,67071.7,67563.0,66751.5,67100.1,213.27973349
2024-10-16 04:00:00+00:00,67100.1,67350.0,66775.0,66973.5,172.74198178
2024-10-16 08:00:00+00:00,66973.6,68418.8,66914.7,67896.8,756.83157053
2024-10-16 12:00:00+00:00,67896.8,68321.4,67126.1,67748.9,692.35436605
2024-10-16 16:00:00+00:00,67748.8,68107.7,67485.7,67726.5,448.13166548
2024-10-16 20:00:00+00:00,67725.1,67961.4,67491.6,67618.2,174.63495329
2024-10-17 00:00:00+00:00,67618.2,67940.0,67399.2,67598.8,157.39694378
2024-10-17 04:00:00+00:00,67598.7,67598.7,67082.1,67301.4,190.15908229
2024-10-17 08:00:00+00:00,67301.5,67527.9,66813.2,66876.0,255.66907873
2024-10-17 12:00:00+00:00,66875.3,67682.5,66683.3,67579.5,521.16835262
2024-10-17 16:00:00+00:00,67581.0,67599.2,66722.3,66836.9,286.75160864
2024-10-17 20:00:00+00:00,66836.9,67486.8,66826.7,67424.5,152.54501311
2024-10-18 00:00:00+00:00,67424.4,68265.0,67191.5,67554.2,252.61653541
2024-10-18 04:00:00+00:00,67554.1,68377.0,67543.7,67971.5,237.80589242
2024-10-18 08:00:00+00:00,67971.5,68053.5,67680.0,67704.5,160.97122181
2024-10-18 12:00:00+00:00,67704.5,68873.8,67645.1,68724.5,603.13322756
2024-10-18 16:00:00+00:00,68728.0,69000.0,68357.3,68602.5,267.89150768
2024-10-18 20:00:00+00:00,68601.2,68690.9,68203.7,68426.7,168.14753268
2024-10-19 00:00:00+00:00,68427.0,68697.0,68299.6,68452.7,111.48899113
2024-10-19 04:00:00+00:00,68452.6,68566.1,68300.0,68345.9,86.33840191
2024-10-19 08:00:00+00:00,68345.9,68488.7,68077.0,68080.6,140.24516304
2024-10-19 12:00:00+00:00,68080.6,68354.0,68080.5,68224.6,110.14199116
2024-10-19 16:00:00+00:00,68224.7,68243.6,68010.0,68180.8,85.00506451
2024-10-19 20:00:00+00:00,68180.9,68415.0,68164.3,68378.0,143.9741063
2024-10-20 00:00:00+00:00,68378.8,68445.0,68096.4,68184.2,57.59414192
2024-10-20 04:00:00+00:00,68184.2,68443.0,68171.6,68370.1,84.62650857
2024-10-20 08:00:00+00:00,68370.2,68496.9,68353.6,68415.8,78.66669445
2024-10-20 12:00:00+00:00,68415.9,68760.0,68201.6,68627.5,212.98384729
2024-10-20 16:00:00+00:00,68627.6,68660.5,68417.0,68507.1,75.73833989
2024-10-20 20:00:00+00:00,68507.1,69388.0,68459.5,69034.5,427.67958659
2024-10-21 00:00:00+00:00,69034.6,69537.1,68599.1,68937.5,264.88296633
2024-10-21 04:00:00+00:00,68937.5,69189.2,68500.0,68519.5,168.97543658
2024-10-21 08:00:00+00:00,68519.6,68665.5,68139.1,68235.2,225.70205756
2024-10-21 12:00:00+00:00,68235.2,68333.4,66849.6,67327.8,717.24909594
2024-10-21 16:00:00+00:00,67328.0,67937.0,66894.0,67763.3,445.87935898
2024-10-21 20:00:00+00:00,67763.4,67933.7,67362.7,67375.5,216.46600802
2024-10-22 00:00:00+00:00,67375.5,67688.6,66564.0,67395.0,295.26515038
2024-10-22 04:00:00+00:00,67395.0,67789.6,67283.2,67394.7,124.22586955
2024-10-22 08:00:00+00:00,67394.7,67513.3,66750.0,67294.5,290.57520224
2024-10-22 12:00:00+00:00,67292.0,67672.4,66643.6,67280.7,575.06163823
2024-10-22 16:00:00+00:00,67279.1,67634.6,66876.6,67479.5,487.69977283
2024-10-22 20:00:00+00:00,67476.3,67832.9,67288.0,67419.8,158.73194744
2024-10-23 00:00:00+00:00,67423.3,67464.5,66894.3,67078.5,141.81357797
2024-10-23 04:00:00+00:00,67078.6,67300.0,66800.0,66852.5,156.2348319
2024-10-23 08:00:00+00:00,66852.6,67050.4,66193.7,66424.5,336.29564908
2024-10-23 12:00:00+00:00,66424.5,66899.9,65917.2,66220.9,489.03512584
2024-10-23 16:00:00+00:00,66221.0,66575.9,65257.1,66468.9,765.59416231
2024-10-23 20:00:00+00:00,66477.5,66805.2,66340.0,66665.0,203.99973143
2024-10-24 00:00:00+00:00,66665.0,67611.8,66508.2,67217.4,299.68905571
2024-10-24 04:00:00+00:00,67216.6,67476.6,67073.0,67122.6,163.5701524
2024-10-24 08:00:00+00:00,67122.6,67326.0,66719.2,67287.7,256.2411002
2024-10-24 12:00:00+00:00,67287.8,67980.3,67260.6,67696.9,500.41100997
2024-10-24 16:00:00+00:00,67696.9,68311.9,67350.0,68298.1,302.86655341
2024-10-24 20:00:00+00:00,68305.4,68850.7,67974.7,68200.0,344.61666451
2024-10-25 00:00:00+00:00,68200.0,68277.8,67834.7,68005.5,221.87456278
2024-10-25 04:00:00+00:00,68005.4,68042.0,67243.8,67522.9,208.63146448
2024-10-25 08:00:00+00:00,67523.0,68174.1,67298.9,68102.5,221.37826032
2024-10-25 12:00:00+00:00,68102.6,68765.5,67440.1,67688.6,488.47457124
2024-10-25 16:00:00+00:00,67688.6,67866.7,65990.2,66844.5,1003.77492682
2024-10-25 20:00:00+00:00,66846.9,67391.9,65596.4,66696.8,664.38602201
2024-10-26 00:00:00+00:00,66696.2,67036.0,66441.4,66910.6,359.63991479
2024-10-26 04:00:00+00:00,66910.6,67234.9,66778.3,67008.4,184.86250175
2024-10-26 08:00:00+00:00,67008.3,67267.6,66957.4,67133.8,131.85831811
2024-10-26 12:00:00+00:00,67133.7,67179.6,66745.0,66881.8,219.30241634
2024-10-26 16:00:00+00:00,66882.2,67185.5,66789.0,67181.2,143.36089237
2024-10-26 20:00:00+00:00,67181.3,67456.6,67087.1,67094.7,105.14318485
2024-10-27 00:00:00+00:00,67094.7,67322.2,66934.3,67286.0,71.03979851
2024-10-27 04:00:00+00:00,67287.7,67317.6,67115.0,67198.9,65.79949805
2024-10-27 08:00:00+00:00,67198.9,67267.6,67035.7,67123.9,59.91844414
2024-10-27 12:00:00+00:00,67123.9,67850.5,67120.5,67787.7,187.51404012
2024-10-27 16:00:00+00:00,67787.7,68000.0,67540.7,67849.9,159.41908944
2024-10-27 20:00:00+00:00,67849.9,68333.0,67726.2,68021.8,207.86150853
2024-10-28 00:00:00+00:00,68021.8,68122.5,67691.1,67730.6,153.13966718
2024-10-28 04:00:00+00:00,67730.6,68680.0,67620.8,68421.5,172.32842124
2024-10-28 08:00:00+00:00,68421.6,68831.4,68241.8,68753.1,205.97749985
2024-10-28 12:00:00+00:00,68753.1,69284.7,68429.1,68489.5,561.783691
2024-10-28 16:00:00+00:00,68489.5,69900.0,68452.2,69635.7,644.01646695
2024-10-28 20:00:00+00:00,69635.7,70282.9,69441.2,69961.4,432.57537398
2024-10-29 00:00:00+00:00,69961.5,71600.3,69762.3,70947.7,601.18014703
2024-10-29 04:00:00+00:00,70947.6,71358.9,70828.8,71012.6,272.60974714
2024-10-29 08:00:00+00:00,71012.9,71587.0,70972.3,71454.6,689.68985077
2024-10-29 12:00:00+00:00,71454.6,72416.2,70930.2,72400.0,899.4956633
2024-10-29 16:00:00+00:00,72399.9,73640.5,72356.9,72533.1,1268.86837763
2024-10-29 20:00:00+00:00,72534.9,72983.4,71869.5,72735.5,508.85807954
2024-10-30 00:00:00+00:00,72735.6,72783.5,72014.8,72230.2,392.12463029
2024-10-30 04:00:00+00:00,72230.2,72588.0,72101.2,72231.4,264.64606101
2024-10-30 08:00:00+00:00,72231.5,72597.1,71925.0,71974.6,209.38387952
2024-10-30 12:00:00+00:00,71978.7,72459.8,71430.4,72059.3,558.3111684
2024-10-30 16:00:00+00:00,72058.7,72192.8,71648.4,71830.0,266.60762639
2024-10-30 20:00:00+00:00,71821.5,72953.7,71633.7,72345.6,713.52010164
2024-10-31 00:00:00+00:00,72345.7,72594.1,72029.3,72339.8,194.34679503
2024-10-31 04:00:00+00:00,72343.9,72476.0,72145.1,72411.9,156.60264005
2024-10-31 08:00:00+00:00,72411.9,72683.5,72145.7,72222.3,245.68035506
2024-10-31 12:00:00+00:00,72222.3,72267.1,70451.2,70633.7,754.158856
2024-10-31 16:00:00+00:00,70633.6,70909.7,70029.2,70090.0,413.11536876
2024-10-31 20:00:00+00:00,70090.1,70645.0,69674.9,70298.2,356.27991424
2024-11-01 00:00:00+00:00,70298.2,70466.4,68850.0,69365.7,642.46629348
2024-11-01 04:00:00+00:00,69365.7,69699.3,69072.5,69274.2,171.06977137
2024-11-01 08:00:00+00:00,69274.3,70227.3,69236.7,70006.0,300.28180069
2024-11-01 12:00:00+00:00,70007.4,71626.9,69039.0,69389.0,895.9680326
2024-11-01 16:00:00+00:00,69389.8,70518.9,68823.5,69269.5,632.357628
2024-11-01 20:00:00+00:00,69267.6,69622.9,68850.9,69495.2,213.91379805
2024-11-02 00:00:00+00:00,69495.1,69909.0,69474.4,69595.6,116.12610115
2024-11-02 04:00:00+00:00,69595.7,69818.4,69448.1,69812.6,90.30833517
2024-11-02 08:00:00+00:00,69812.6,69838.9,69420.0,69608.1,93.69303225
2024-11-02 12:00:00+00:00,69608.1,69694.8,69020.0,69392.9,207.15208647
2024-11-02 16:00:00+00:00,69392.9,69609.0,69223.7,69509.5,103.21228851
2024-11-02 20:00:00+00:00,69506.9,69568.3,69163.7,69376.8,101.76174535
2024-11-03 00:00:00+00:00,69376.8,69391.7,67855.2,68377.8,433.6915053
2024-11-03 04:00:00+00:00,68377.0,68775.5,68305.8,68398.1,209.45545131
2024-11-03 08:00:00+00:00,68398.2,68600.0,68200.6,68355.2,211.11118048
2024-11-03 12:00:00+00:00,68355.2,68558.5,67474.7,68084.8,428.47520405
2024-11-03 16:00:00+00:00,68082.6,68697.3,67691.2,68679.0,412.7896161
2024-11-03 20:00:00+00:00,68679.0,69349.5,68499.2,68771.5,434.13066732
2024-11-04 00:00:00+00:00,68776.1,69494.9,68241.0,69044.3,221.92259811
2024-11-04 04:00:00+00:00,69044.3,69400.0,68612.0,68612.0,155.18310546
2024-11-04 08:00:00+00:00,68612.0,69033.1,68473.4,68796.7,210.16004983
2024-11-04 12:00:00+00:00,68791.8,69255.8,68209.6,68642.2,355.58601312
2024-11-04 16:00:00+00:00,68642.2,68808.0,67245.3,67855.4,620.66762015
2024-11-04 20:00:00+00:00,67855.4,68108.4,66835.1,67857.2,491.14845543
2024-11-05 00:00:00+00:00,67857.1,68250.0,67478.6,68247.1,212.88579166
2024-11-05 04:00:00+00:00,68243.1,68968.5,68217.1,68892.3,215.21987366
2024-11-05 08:00:00+00:00,68894.6,69093.9,68615.5,68809.1,236.93882296
2024-11-05 12:00:00+00:00,68814.6,70316.8,68666.9,69629.2,694.725982
2024-11-05 16:00:00+00:00,69634.8,70540.1,68698.9,68980.3,789.07355305
2024-11-05 20:00:00+00:00,68980.3,69890.0,68815.3,69374.9,423.81396952
2024-11-06 00:00:00+00:00,69374.9,75100.0,69295.0,74344.9,1950.72698241
2024-11-06 04:00:00+00:00,74345.4,75407.0,73047.4,73366.4,1652.36175837
2024-11-06 08:00:00+00:00,73376.7,74468.4,72700.2,74264.5,894.59022492
2024-11-06 12:00:00+00:00,74264.6,74745.7,73485.0,74301.6,1040.60563215
2024-11-06 16:00:00+00:00,74301.7,75835.0,74134.4,75818.1,882.34726096
2024-11-06 20:00:00+00:00,75818.2,76407.1,75500.0,75581.7,898.1606919
2024-11-07 00:00:00+00:00,75581.8,76014.5,75013.1,75053.6,487.51650508
2024-11-07 04:00:00+00:00,75053.6,75070.5,74427.1,74769.3,427.17422332
2024-11-07 08:00:00+00:00,74769.3,75153.6,74685.8,74748.2,320.00289083
2024-11-07 12:00:00+00:00,74748.3,76060.0,74524.0,76059.8,502.57738579
2024-11-07 16:00:00+00:00,76059.9,76720.2,75558.0,76521.0,1043.04497741
2024-11-07 20:00:00+00:00,76522.0,76830.0,75485.2,75865.4,709.83807
2024-11-08 00:00:00+00:00,75865.4,76354.0,75591.5,75903.9,319.44282177
2024-11-08 04:00:00+00:00,75904.0,76226.3,75687.1,76161.8,263.14299039
2024-11-08 08:00:00+00:00,76161.8,76320.8,75764.8,75934.6,240.93870745
2024-11-08 12:00:00+00:00,75934.6,76592.5,75612.1,76412.3,505.116664
2024-11-08 16:00:00+00:00,76412.4,77175.2,75812.4,76902.2,744.14573564
2024-11-08 20:00:00+00:00,76902.3,77088.9,76300.4,76506.9,408.23298727
2024-11-09 00:00:00+00:00,76506.9,76629.7,76139.4,76342.0,166.49378098
2024-11-09 04:00:00+00:00,76342.1,76800.0,76302.3,76532.6,223.56083482
2024-11-09 08:00:00+00:00,76532.7,76733.5,76372.4,76486.8,141.48466674
2024-11-09 12:00:00+00:00,76486.8,76532.0,76261.8,76316.8,176.65591283
2024-11-09 16:00:00+00:00,76316.9,76695.0,75715.7,76201.0,334.56859146
2024-11-09 20:00:00+00:00,76201.0,76913.0,76170.9,76684.1,413.52656578
2024-11-10 00:00:00+00:00,76684.1,77496.8,76362.3,77203.2,615.66526917
2024-11-10 04:00:00+00:00,77203.2,79741.1,77138.8,78840.3,1353.36976619
2024-11-10 08:00:00+00:00,78840.2,80060.9,78840.2,79837.1,667.50252256
2024-11-10 12:00:00+00:00,79854.8,80075.9,79175.3,79685.8,640.12236546
2024-11-10 16:00:00+00:00,79685.9,81063.4,79352.4,79743.0,1027.04740798
2024-11-10 20:00:00+00:00,79743.0,81498.1,78489.0,80359.5,874.87617284
2024-11-11 00:00:00+00:00,80359.5,81836.0,80208.3,81609.9,590.12385877
2024-11-11 04:00:00+00:00,81609.9,81722.6,80435.0,81118.1,705.26908486
2024-11-11 08:00:00+00:00,81107.3,82376.0,81012.2,82122.3,903.03644244
2024-11-11 12:00:00+00:00,82131.3,84246.0,81466.1,84048.2,1532.68667338
2024-11-11 16:00:00+00:00,84048.2,86629.2,83831.0,86106.8,1993.76159128
2024-11-11 20:00:00+00:00,86106.8,89526.3,86064.0,88637.1,2374.17548745675
2024-11-12 00:00:00+00:00,88637.2,89480.0,86571.8,88050.3,1539.40721587
2024-11-12 04:00:00+00:00,88040.1,89922.2,87698.9,88985.7,1024.30299918
2024-11-12 08:00:00+00:00,89001.8,89382.6,85327.6,87181.3,1532.56541732
2024-11-12 12:00:00+00:00,87160.9,87847.1,85068.0,86614.1,1181.70955702
2024-11-12 16:00:00+00:00,86620.6,89753.4,85738.7,88702.0,1008.50322374
2024-11-12 20:00:00+00:00,88702.1,89862.7,87377.3,87936.9,698.59928592
2024-11-13 00:00:00+00:00,87936.9,88557.3,87032.5,87130.3,594.35897205
2024-11-13 04:00:00+00:00,87130.4,87689.3,86129.9,87348.8,632.90763522
2024-11-13 08:00:00+00:00,87355.3,88099.9,87077.9,87664.6,386.35962777
2024-11-13 12:00:00+00:00,87664.7,92683.2,87500.0,92544.4,1828.93557231
2024-11-13 16:00:00+00:00,92519.8,93242.1,89967.0,90190.6,1456.2392144
2024-11-13 20:00:00+00:00,90190.6,91164.5,87977.4,90375.4,1092.25392891
2024-11-14 00:00:00+00:00,90375.4,90556.9,89500.1,89945.4,483.54002637
2024-11-14 04:00:00+00:00,89939.4,90859.6,89118.2,90771.5,373.34347794
2024-11-14 08:00:00+00:00,90771.5,91664.0,90337.1,91492.3,628.84981865
2024-11-14 12:00:00+00:00,91484.5,91779.2,87847.1,87949.3,976.96848921
2024-11-14 16:00:00+00:00,87949.4,89674.9,87520.0,89462.7,719.18960345
2024-11-14 20:00:00+00:00,89446.9,89446.9,86677.3,87322.4,734.01739637
2024-11-15 00:00:00+00:00,87326.9,88483.0,87250.6,88210.7,446.86553195
2024-11-15 04:00:00+00:00,88210.7,88383.4,87077.8,87618.5,385.44552571
2024-11-15 08:00:00+00:00,87623.2,89798.5,87373.7,89734.4,444.89365
2024-11-15 12:00:00+00:00,89734.5,90715.6,87716.1,88431.1,879.46507592
2024-11-15 16:00:00+00:00,88440.8,90843.2,88381.3,90364.4,850.21251606
2024-11-15 20:00:00+00:00,90368.3,91848.8,90283.2,91042.3,671.62737632
2024-11-16 00:00:00+00:00,91028.1,91700.0,90848.1,91246.2,313.91546418
2024-11-16 04:00:00+00:00,91246.2,91918.7,91060.1,91119.5,358.32809369
2024-11-16 08:00:00+00:00,91119.4,91600.0,90991.1,91174.7,197.63711814
2024-11-16 12:00:00+00:00,91174.7,91325.3,90074.8,90521.3,355.32940198
2024-11-16 16:00:00+00:00,90521.2,91452.4,90200.1,91100.7,404.57323943
2024-11-16 20:00:00+00:00,91104.0,91181.3,90290.5,90573.2,240.49329881
2024-11-17 00:00:00+00:00,90583.2,90870.5,89358.8,90248.3,373.60923368
2024-11-17 04:00:00+00:00,90248.2,90889.7,90154.7,90540.4,210.42039342
2024-11-17 08:00:00+00:00,90540.5,91455.2,90469.6,90693.1,341.55004413
2024-11-17 12:00:00+00:00,90687.1,91188.6,89925.7,90258.9,325.32566528
2024-11-17 16:00:00+00:00,90254.4,90633.9,89671.3,90049.7,330.42247391
2024-11-17 20:00:00+00:00,90049.7,90215.7,88650.0,89854.2,508.91344267
2024-11-18 00:00:00+00:00,89854.3,90929.5,89619.5,90667.9,248.80182371
2024-11-18 04:00:00+00:00,90667.9,92236.8,90442.8,91704.1,483.01636447
2024-11-18 08:00:00+00:00,91704.1,92211.7,90000.0,90261.0,508.25608951
2024-11-18 12:00:00+00:00,90271.7,92600.0,89369.4,92289.2,972.87612065
2024-11-18 16:00:00+00:00,92289.0,92540.6,89671.5,90605.0,1007.90925064
2024-11-18 20:00:00+00:00,90605.1,91967.5,90234.7,90465.7,830.82360175
2024-11-19 00:00:00+00:00,90465.7,91545.3,90351.8,91412.9,310.29143409
2024-11-19 04:00:00+00:00,91412.9,92028.5,91235.3,91612.0,280.01540032
2024-11-19 08:00:00+00:00,91618.7,91949.4,91194.3,91656.2,333.47300509
2024-11-19 12:00:00+00:00,91656.2,92840.3,90955.9,92377.6,1298.20035433
2024-11-19 16:00:00+00:00,92388.7,93912.0,92135.4,93222.7,992.15983361
2024-11-19 20:00:00+00:00,93210.8,93642.7,91300.0,92292.1,627.84983012
2024-11-20 00:00:00+00:00,92292.2,92412.7,91474.8,92052.4,249.44346569
2024-11-20 04:00:00+00:00,92052.3,92842.8,91861.6,92840.3,226.38102389
2024-11-20 08:00:00+00:00,92840.4,93671.3,92721.5,93456.1,404.06422397
2024-11-20 12:00:00+00:00,93456.1,94805.8,93302.2,94725.8,1029.67005257
2024-11-20 16:00:00+00:00,94725.7,94819.5,93125.0,94006.2,774.65814737
2024-11-20 20:00:00+00:00,94007.9,94600.0,93750.2,94285.0,381.85338499
2024-11-21 00:00:00+00:00,94289.0,95948.0,94038.1,95780.2,518.42183607
2024-11-21 04:00:00+00:00,95780.2,97864.9,95776.0,96924.3,994.47270476
2024-11-21 08:00:00+00:00,96924.3,98390.0,96751.0,97975.6,742.90954756
2024-11-21 12:00:00+00:00,97978.3,98250.7,95600.0,96661.4,889.81290342
2024-11-21 16:00:00+00:00,96661.5,98924.7,96293.2,97800.0,1062.36526342
2024-11-21 20:00:00+00:00,97800.0,98732.2,97521.4,98317.0,573.48456717
2024-11-22 00:00:00+00:00,98317.0,99299.8,97840.0,98827.6,362.9141251
2024-11-22 04:00:00+00:00,98827.6,99444.6,98502.3,99183.5,375.70610445
2024-11-22 08:00:00+00:00,99183.4,99279.5,98235.0,98865.0,366.79530826
2024-11-22 12:00:00+00:00,98866.7,98949.2,97017.5,98642.2,741.08567756
2024-11-22 16:00:00+00:00,98642.1,99595.0,98199.9,99066.6,892.34793644
2024-11-22 20:00:00+00:00,99066.6,99443.5,98553.8,98891.4,457.36695827
2024-11-23 00:00:00+00:00,98891.5,98909.8,98300.0,98670.1,272.50400983
2024-11-23 04:00:00+00:00,98670.1,98800.0,98288.7,98558.1,197.17581167
2024-11-23 08:00:00+00:00,98558.1,98641.9,98309.4,98427.7,187.32424586
2024-11-23 12:00:00+00:00,98427.7,98860.2,98381.8,98381.9,323.44074966
2024-11-23 16:00:00+00:00,98381.8,98455.1,97331.7,97509.2,670.76178582
2024-11-23 20:00:00+00:00,97509.2,98025.7,97130.0,97684.1,356.30207857
2024-11-24 00:00:00+00:00,97684.1,98570.5,97624.1,98200.5,229.58830639
2024-11-24 04:00:00+00:00,98200.5,98410.7,97878.0,98410.6,191.28521828
2024-11-24 08:00:00+00:00,98410.6,98454.4,97230.0,97272.7,198.52348644
2024-11-24 12:00:00+00:00,97272.7,97614.0,95911.7,95913.9,616.18700751
2024-11-24 16:00:00+00:00,95911.3,96754.7,95747.0,96321.5,436.20436551
2024-11-24 20:00:00+00:00,96321.5,98351.9,96191.7,97891.9,354.27618126
2024-11-25 00:00:00+00:00,97903.7,98038.3,96825.5,97887.5,281.17428357
2024-11-25 04:00:00+00:00,97887.6,98350.0,97506.1,98048.0,215.8188553
2024-11-25 08:00:00+00:00,98048.1,98896.2,97844.4,98186.2,465.65443659
2024-11-25 12:00:00+00:00,98186.3,98315.8,94588.3,95998.0,1140.4685727239348
2024-11-25 16:00:00+00:00,95997.9,96515.7,94404.6,94657.9,688.06844288
2024-11-25 20:00:00+00:00,94658.0,95307.6,92573.9,92999.0,771.76662253
2024-11-26 00:00:00+00:00,92999.1,94932.0,92749.9,94462.7,308.4830002
2024-11-26 04:00:00+00:00,94462.8,94981.4,93490.3,93786.3,237.53258572
2024-11-26 08:00:00+00:00,93786.3,93786.4,91436.8,92341.8,779.78354348
2024-11-26 12:00:00+00:00,92340.6,93580.0,91749.9,92800.0,786.24590726
2024-11-26 16:00:00+00:00,92800.1,94782.1,91580.4,91707.8,854.62467362
2024-11-26 20:00:00+00:00,91693.2,92368.2,90801.9,91958.3,661.71845632
2024-11-27 00:00:00+00:00,91958.3,93047.0,91797.5,92580.9,415.20172285
2024-11-27 04:00:00+00:00,92581.0,93640.1,92355.1,93587.0,425.18410268
2024-11-27 08:00:00+00:00,93587.0,93875.7,93110.5,93363.4,266.91336619
2024-11-27 12:00:00+00:00,93363.4,95854.9,92843.8,95551.4,626.44894524
2024-11-27 16:00:00+00:00,95551.3,96629.9,95189.4,96626.6,531.97587316
2024-11-27 20:00:00+00:00,96626.6,97192.1,95733.2,95854.3,541.75542558
2024-11-28 00:00:00+00:00,95854.3,96564.7,94813.6,95471.2,360.86329917
2024-11-28 04:00:00+00:00,95471.3,95924.3,95071.4,95305.1,252.29804164
2024-11-28 08:00:00+00:00,95305.1,95775.1,94535.8,95451.7,259.20816466
2024-11-28 12:00:00+00:00,95451.7,96213.0,94893.4,94995.2,305.08748139
2024-11-28 16:00:00+00:00,95000.0,95449.9,94806.4,95126.6,176.44283571
2024-11-28 20:00:00+00:00,95126.6,96024.0,94700.0,95642.3,215.61583501
2024-11-29 00:00:00+00:00,95642.3,96842.9,95352.9,96586.4,216.96029435
2024-11-29 04:00:00+00:00,96586.5,96621.5,95600.0,95618.6,152.50263143
2024-11-29 08:00:00+00:00,95616.2,97354.9,95607.4,97219.8,286.61973359
2024-11-29 12:00:00+00:00,97219.8,98609.0,96758.7,97987.0,475.10029482
2024-11-29 16:00:00+00:00,97990.3,98428.0,96849.9,97326.2,325.71846099
2024-11-29 20:00:00+00:00,97326.3,97640.5,96972.4,97458.0,179.38509229
2024-11-30 00:00:00+00:00,97458.1,97466.2,96331.6,96639.4,242.8767326
2024-11-30 04:00:00+00:00,96639.4,97233.8,96531.4,96780.1,274.58426745
2024-11-30 08:00:00+00:00,96780.2,96964.8,96088.0,96262.1,175.68056823
2024-11-30 12:00:00+00:00,96262.0,96739.6,96235.4,96638.7,134.14424181
2024-11-30 16:00:00+00:00,96638.7,97050.0,96514.7,97008.7,122.21273184
2024-11-30 20:00:00+00:00,97008.8,97041.6,96317.0,96395.3,155.45022895
2024-12-01 00:00:00+00:00,96395.2,96669.5,95700.0,96330.3,466.61917373
2024-12-01 04:00:00+00:00,96337.4,96513.7,96192.3,96466.9,94.602921
2024-12-01 08:00:00+00:00,96466.9,97182.1,96414.0,97103.0,275.99534098
2024-12-01 12:00:00+00:00,97102.9,97394.7,96664.1,97032.2,265.48155848
2024-12-01 16:00:00+00:00,97032.2,97530.1,96961.0,97180.6,207.14781132
2024-12-01 20:00:00+00:00,97180.6,97897.9,96792.8,97185.7,238.54938771
2024-12-02 00:00:00+00:00,97185.7,98157.0,96333.4,96467.9,342.19843107
2024-12-02 04:00:00+00:00,96467.9,96931.1,95759.1,95999.5,326.53117667
2024-12-02 08:00:00+00:00,95999.5,96111.0,94797.7,95116.8,481.18806244
2024-12-02 12:00:00+00:00,95121.6,97200.0,94768.7,97043.0,560.21657743
2024-12-02 16:00:00+00:00,97043.0,97358.2,94379.2,95816.7,461.1797793
2024-12-02 20:00:00+00:00,95816.8,96326.0,95105.1,95826.8,237.20423046
2024-12-03 00:00:00+00:00,95826.8,96300.0,95403.0,96074.8,217.31185107
2024-12-03 04:00:00+00:00,96074.7,96249.0,95278.7,95547.3,172.8724207
2024-12-03 08:00:00+00:00,95547.3,95666.5,94617.0,94983.6,219.08399488
2024-12-03 12:00:00+00:00,94983.5,96240.9,93575.0,95681.6,720.46610371
2024-12-03 16:00:00+00:00,95681.6,96160.0,94865.5,95424.3,334.81404382
2024-12-03 20:00:00+00:00,95424.4,96118.5,95259.6,95845.3,230.31177733
2024-12-04 00:00:00+00:00,95845.2,96616.0,95216.8,95772.9,245.28118292
2024-12-04 04:00:00+00:00,95772.9,96700.0,95717.1,96583.8,167.45566883
2024-12-04 08:00:00+00:00,96583.7,96944.0,96166.1,96174.5,201.56695472
2024-12-04 12:00:00+00:00,96174.4,96549.9,95351.4,95732.4,519.53038931
2024-12-04 16:00:00+00:00,95745.6,97239.5,94580.7,97195.3,590.76506991
2024-12-04 20:00:00+00:00,97199.9,99008.9,97127.9,98618.3,1069.90091142
2024-12-05 00:00:00+00:00,98602.4,104087.7,97885.7,102939.7,1425.7653419
2024-12-05 04:00:00+00:00,102951.2,103888.8,101319.0,102229.0,857.09702826
2024-12-05 08:00:00+00:00,102229.1,103125.7,102229.1,102549.8,423.01559519
2024-12-05 12:00:00+00:00,102549.9,103550.0,100914.7,101292.1,901.1728140344544
2024-12-05 16:00:00+00:00,101288.9,102000.0,98624.3,99034.0,842.32128445
2024-12-05 20:00:00+00:00,99033.9,99477.6,90606.3,96927.3,1768.49357848
2024-12-06 00:00:00+00:00,96927.4,98800.0,96228.6,97742.2,630.30183004
2024-12-06 04:00:00+00:00,97742.1,98279.4,97384.1,98137.8,287.81276682
2024-12-06 08:00:00+00:00,98137.7,98692.2,97646.8,98070.7,325.94955964
2024-12-06 12:00:00+00:00,98070.8,99485.0,97500.1,99314.3,646.98480186
2024-12-06 16:00:00+00:00,99314.4,101789.0,98750.0,101438.2,733.8366071
2024-12-06 20:00:00+00:00,101438.1,101900.0,99056.7,99729.4,492.91718498
2024-12-07 00:00:00+00:00,99729.4,100582.4,99279.7,99292.5,219.53967554
2024-12-07 04:00:00+00:00,99292.6,99670.5,98823.6,99401.4,227.81443298
2024-12-07 08:00:00+00:00,99398.0,99830.0,99257.6,99619.7,164.34975509
2024-12-07 12:00:00+00:00,99619.7,99816.6,99042.9,99754.5,217.72061745
2024-12-07 16:00:00+00:00,99754.5,100265.6,99450.2,100072.9,198.62842097
2024-12-07 20:00:00+00:00,100072.9,100438.6,99587.4,99832.6,195.45962421
2024-12-08 00:00:00+00:00,99832.6,100331.7,99631.0,99935.6,152.23560499
2024-12-08 04:00:00+00:00,99935.7,100033.8,99333.3,99673.7,128.81185078
2024-12-08 08:00:00+00:00,99673.7,99825.6,98669.6,99693.4,198.68152395
2024-12-08 12:00:00+00:00,99693.4,100518.9,99346.6,99914.5,275.76785984
2024-12-08 16:00:00+00:00,99914.6,100181.3,99471.1,100093.3,194.79969756
2024-12-08 20:00:00+00:00,100093.4,101359.3,99734.7,101106.5,258.40822907
2024-12-09 00:00:00+00:00,101106.6,101211.1,98456.3,99100.0,379.17547203
2024-12-09 04:00:00+00:00,99099.9,99735.0,98333.2,99574.9,255.79772821
2024-12-09 08:00:00+00:00,99575.0,99683.1,98039.2,98083.2,349.16224146
2024-12-09 12:00:00+00:00,98083.3,100455.3,97515.0,97800.7,658.33664997
2024-12-09 16:00:00+00:00,97805.1,98393.4,96988.1,97062.6,438.17863222
2024-12-09 20:00:00+00:00,97062.6,97560.4,93867.2,97272.9,1460.08273058
2024-12-10 00:00:00+00:00,97273.0,98142.8,95564.7,96926.3,521.96584228
2024-12-10 04:00:00+00:00,96926.2,97502.9,95892.6,97202.0,337.54731533
2024-12-10 08:00:00+00:00,97202.0,98090.1,96933.1,97716.6,269.00047381
2024-12-10 12:00:00+00:00,97716.7,98266.3,95600.1,95654.3,639.0657933
2024-12-10 16:00:00+00:00,95654.4,96533.6,94250.1,95848.7,1151.44778966
2024-12-10 20:00:00+00:00,95848.8,97198.4,95614.1,96582.1,434.79692873
2024-12-11 00:00:00+00:00,96582.2,97622.9,95634.2,97401.0,425.65294284
2024-12-11 04:00:00+00:00,97401.0,97777.0,97178.7,97327.1,164.71799203
2024-12-11 08:00:00+00:00,97327.2,98467.4,97307.3,98290.3,247.28155014
2024-12-11 12:00:00+00:00,98290.4,100776.1,98060.5,100346.2,643.38561794
2024-12-11 16:00:00+00:00,100346.3,101130.0,99600.0,101116.6,685.79428997
2024-12-11 20:00:00+00:00,101116.7,101876.3,100856.6,101110.4,352.37556292
2024-12-12 00:00:00+00:00,101116.9,101810.3,100331.9,101024.3,429.16880043
2024-12-12 04:00:00+00:00,101024.4,101195.8,100404.2,100511.6,247.43981093
2024-12-12 08:00:00+00:00,100511.7,101128.8,100169.8,100351.9,195.77202488
2024-12-12 12:00:00+00:00,100351.9,101854.4,100351.8,101794.5,502.92680238
2024-12-12 16:00:00+00:00,101794.6,102525.0,99307.1,99487.6,594.34188293
2024-12-12 20:00:00+00:00,99487.6,100464.8,99468.4,100002.9,292.51398232
2024-12-13 00:00:00+00:00,100002.9,100347.0,99202.7,99727.6,195.88212268
2024-12-13 04:00:00+00:00,99727.6,100229.7,99500.0,100129.6,170.99957406
2024-12-13 08:00:00+00:00,100129.7,100787.2,99885.1,100358.2,173.39493843
2024-12-13 12:00:00+00:00,100358.2,101368.9,99700.0,99876.9,339.30449231
2024-12-13 16:00:00+00:00,99877.0,101900.0,99810.8,101465.7,409.18941619
2024-12-13 20:00:00+00:00,101465.7,101866.3,101086.6,101413.2,166.08889254
2024-12-14 00:00:00+00:00,101413.2,102648.2,101141.9,102077.2,335.29764002
2024-12-14 04:00:00+00:00,102069.6,102141.9,101581.1,101819.7,161.26910845
2024-12-14 08:00:00+00:00,101819.7,101866.6,101286.9,101591.9,218.09940675
2024-12-14 12:00:00+00:00,101592.0,102314.8,100816.6,101628.1,271.8301872
2024-12-14 16:00:00+00:00,101628.2,101741.2,100837.6,101309.7,186.67096641
2024-12-14 20:00:00+00:00,101309.8,101476.3,100606.2,101418.8,130.53299596
2024-12-15 00:00:00+00:00,101418.8,102185.5,101232.6,101730.7,142.0673759
2024-12-15 04:00:00+00:00,101730.8,102858.5,101530.2,101731.1,247.64947402
2024-12-15 08:00:00+00:00,101731.2,102679.4,101580.2,102665.0,148.01825074
2024-12-15 12:00:00+00:00,102660.9,103347.8,102486.9,102702.4,424.42533416
2024-12-15 16:00:00+00:00,102702.5,103486.0,102587.5,103248.5,312.42894099
2024-12-15 20:00:00+00:00,103248.6,105216.6,102627.3,104469.1,600.02174399
2024-12-16 00:00:00+00:00,104469.1,106632.8,104262.4,104573.7,592.67321896
2024-12-16 04:00:00+00:00,104573.7,105412.7,104467.9,104984.0,184.79223215
2024-12-16 08:00:00+00:00,104984.1,105017.1,103659.9,103768.2,319.62250213
2024-12-16 12:00:00+00:00,103768.2,106553.6,103332.5,106326.2,580.17229497
2024-12-16 16:00:00+00:00,106335.9,107803.7,105810.1,106601.6,814.54930262
2024-12-16 20:00:00+00:00,106601.7,106656.5,105473.1,106060.3,308.77929443
2024-12-17 00:00:00+00:00,106060.3,107000.0,105652.8,106866.8,241.96097342
2024-12-17 04:00:00+00:00,106866.7,107150.2,106376.5,106813.9,195.50683823
2024-12-17 08:00:00+00:00,106813.9,107516.1,106709.2,106806.7,273.35757048
2024-12-17 12:00:00+00:00,106806.6,108384.6,105714.4,106478.6,815.09636451
2024-12-17 16:00:00+00:00,106478.5,107670.7,106135.1,106479.4,419.67930961
2024-12-17 20:00:00+00:00,106476.9,106902.3,105210.9,106149.9,376.08418592
2024-12-18 00:00:00+00:00,106130.4,106499.9,104586.8,104767.4,317.71416124
2024-12-18 04:00:00+00:00,104767.5,104767.5,103110.0,104244.9,431.06312788
2024-12-18 08:00:00+00:00,104244.9,105018.7,103726.1,105011.3,271.14251688
2024-12-18 12:00:00+00:00,105011.3,105350.1,103653.2,104416.8,377.15204697
2024-12-18 16:00:00+00:00,104416.8,104982.8,102816.7,102829.2,728.3763224
2024-12-18 20:00:00+00:00,102819.4,102980.0,99970.2,100202.9,2049.88225806
2024-12-19 00:00:00+00:00,100202.9,101346.8,98785.3,101191.5,844.05043527
2024-12-19 04:00:00+00:00,101191.4,101709.3,100635.6,101654.6,243.22660347
2024-12-19 08:00:00+00:00,101654.5,102609.9,101366.7,102447.1,283.61380045
2024-12-19 12:00:00+00:00,102450.9,102832.0,99476.5,100639.0,912.0020009
2024-12-19 16:00:00+00:00,100635.9,101174.8,96253.4,97207.0,1487.53895755
2024-12-19 20:00:00+00:00,97207.1,98404.6,95680.1,97456.6,901.09277064
2024-12-20 00:00:00+00:00,97456.7,97812.7,96000.0,97098.3,536.20450273
2024-12-20 04:00:00+00:00,97111.4,98252.2,96381.9,97843.6,479.54750757
2024-12-20 08:00:00+00:00,97843.6,97882.3,92614.9,92725.0,1234.22017775
2024-12-20 12:00:00+00:00,92725.1,97569.3,92277.9,96991.1,1034.15434842
2024-12-20 16:00:00+00:00,96991.1,97732.7,96303.6,97096.7,634.62411299
2024-12-20 20:00:00+00:00,97118.3,97800.0,95430.9,97799.9,421.66806627
2024-12-21 00:00:00+00:00,97800.0,97810.9,97187.0,97484.8,253.92707819
2024-12-21 04:00:00+00:00,97490.7,99623.4,97376.5,99037.8,364.14820151
2024-12-21 08:00:00+00:00,99037.8,99191.6,97801.3,98267.2,339.79829092
2024-12-21 12:00:00+00:00,98267.2,98294.2,96403.4,97521.9,433.87079858
2024-12-21 16:00:00+00:00,97521.9,97719.3,96817.2,97265.8,279.45193441
2024-12-21 20:00:00+00:00,97265.8,98057.6,96531.2,97280.2,251.60681879
2024-12-22 00:00:00+00:00,97280.7,97451.5,96551.5,96990.8,291.50920632
2024-12-22 04:00:00+00:00,96990.8,97075.8,95905.6,96205.8,263.27415425
2024-12-22 08:00:00+00:00,96206.4,97351.6,96196.0,97099.4,215.51377001
2024-12-22 12:00:00+00:00,97099.5,97302.1,95113.5,95364.0,416.31717855
2024-12-22 16:00:00+00:00,95364.0,96449.9,94694.9,94832.3,435.59302645
2024-12-22 20:00:00+00:00,94838.0,95824.7,94238.4,95186.2,415.69783091
2024-12-23 00:00:00+00:00,95186.2,96037.5,93712.6,96020.7,553.76136171
2024-12-23 04:00:00+00:00,96020.7,96507.7,94704.9,95400.2,291.27429928
2024-12-23 08:00:00+00:00,95400.3,96530.3,95040.0,95936.2,238.5754377
2024-12-23 12:00:00+00:00,95936.2,96413.3,93113.6,93250.7,568.99294748
2024-12-23 16:00:00+00:00,93250.7,94262.3,92685.4,93044.8,569.82057037
2024-12-23 20:00:00+00:00,93044.7,95496.5,92519.5,94885.9,455.45789862
2024-12-24 00:00:00+00:00,94885.9,94885.9,93576.5,94352.4,275.23952581
2024-12-24 04:00:00+00:00,94352.4,94649.9,93820.4,94232.1,161.45452241
2024-12-24 08:00:00+00:00,94232.2,94631.3,93834.9,94398.2,186.15544285
2024-12-24 12:00:00+00:00,94398.2,98300.0,94065.0,98288.5,491.36671148
2024-12-24 16:00:00+00:00,98299.6,99476.5,97562.2,97588.6,499.5010541
2024-12-24 20:00:00+00:00,97584.1,99071.7,97256.3,98661.7,268.88462224
2024-12-25 00:00:00+00:00,98661.6,98870.0,97726.2,98036.5,211.24510488
2024-12-25 04:00:00+00:00,98036.4,98585.9,97858.0,98092.3,137.28513552
2024-12-25 08:00:00+00:00,98092.4,99347.7,97781.7,97923.6,248.41585668
2024-12-25 12:00:00+00:00,97923.6,98827.1,97622.7,98518.3,311.94923092
2024-12-25 16:00:00+00:00,98518.3,99286.0,98130.1,99018.3,203.7600415
2024-12-25 20:00:00+00:00,99018.3,99587.8,98381.3,99434.8,304.98028626
2024-12-26 00:00:00+00:00,99434.9,99970.8,98464.8,98998.4,298.33291087
2024-12-26 04:00:00+00:00,98998.5,98998.5,97713.6,97713.6,189.20265472
2024-12-26 08:00:00+00:00,97720.1,97755.2,95198.4,95701.4,442.99532286
2024-12-26 12:00:00+00:00,95703.5,96277.5,95156.0,96047.7,355.8673610759317
2024-12-26 16:00:00+00:00,96043.3,96638.8,95443.3,96096.6,360.24035782
2024-12-26 20:00:00+00:00,96096.6,96116.8,95311.4,95785.8,186.55529855
2024-12-27 00:00:00+00:00,95785.9,96444.5,95402.2,96423.4,194.94248267
2024-12-27 04:00:00+00:00,96423.1,96609.5,94656.3,95106.4,309.7993281
2024-12-27 08:00:00+00:00,95106.5,97515.9,95106.4,96951.0,399.66440043
2024-12-27 12:00:00+00:00,96951.1,97130.7,94009.4,94575.5,434.09817878
2024-12-27 16:00:00+00:00,94575.5,94994.7,93490.0,94749.4,362.39759738
2024-12-27 20:00:00+00:00,94749.3,94828.4,94134.5,94286.1,281.49067292
2024-12-28 00:00:00+00:00,94286.1,94709.3,94134.4,94587.0,193.80193945
2024-12-28 04:00:00+00:00,94582.9,94796.9,94295.2,94373.9,100.72059984
2024-12-28 08:00:00+00:00,94374.0,94884.8,94300.1,94752.3,114.84352689
2024-12-28 12:00:00+00:00,94751.5,95338.2,94366.2,94447.7,203.33008611
2024-12-28 16:00:00+00:00,94447.7,95243.5,94400.0,95031.5,201.87146716
2024-12-28 20:00:00+00:00,95031.6,95745.0,94877.4,95306.7,121.39697407
2024-12-29 00:00:00+00:00,95305.0,95343.1,94818.1,95177.8,120.45029329
2024-12-29 04:00:00+00:00,95177.9,95284.1,94971.0,95271.8,64.27830973
2024-12-29 08:00:00+00:00,95271.8,95310.6,95019.5,95029.0,72.04799317
2024-12-29 12:00:00+00:00,95029.1,95231.2,94017.3,94503.9,297.4897568
2024-12-29 16:00:00+00:00,94504.0,94577.3,93400.0,93625.2,368.60225128
2024-12-29 20:00:00+00:00,93625.2,93975.1,93036.7,93739.7,312.52526579
2024-12-30 00:00:00+00:00,93739.8,94277.9,93374.1,93718.0,326.42660064
2024-12-30 04:00:00+00:00,93717.6,94067.1,93226.5,93733.2,206.00829143
2024-12-30 08:00:00+00:00,93733.2,94061.2,93477.9,93929.8,167.04507385
2024-12-30 12:00:00+00:00,93929.7,94260.2,91552.0,92126.0,539.30097207
2024-12-30 16:00:00+00:00,92126.0,94686.3,91807.4,94394.9,587.61680818
2024-12-30 20:00:00+00:00,94420.8,95025.6,91901.4,92796.2,401.42152176
2024-12-31 00:00:00+00:00,92792.0,92896.5,92046.6,92507.5,254.50777969
2024-12-31 04:00:00+00:00,92507.5,93029.1,92354.0,92860.8,164.25121384
2024-12-31 08:00:00+00:00,92860.8,94728.3,92838.4,94219.2,372.1650327
2024-12-31 12:00:00+00:00,94219.2,96287.7,94219.2,95413.2,652.73588281
2024-12-31 16:00:00+00:00,95410.2,95588.1,93200.6,94173.9,593.99735439
2024-12-31 20:00:00+00:00,94167.4,94218.2,93368.7,93574.3,167.66184869
2025-01-01 00:00:00+00:00,93574.4,94484.5,93484.3,93838.6,172.14146368
2025-01-01 04:00:00+00:00,93838.6,93933.7,93530.6,93693.0,55.92780604
2025-01-01 08:00:00+00:00,93693.1,93761.3,92900.8,93447.0,151.66058856
2025-01-01 12:00:00+00:00,93447.1,94500.0,93407.0,94446.9,161.98392835
2025-01-01 16:00:00+00:00,94443.5,94821.6,93755.6,94627.7,173.72848271
2025-01-01 20:00:00+00:00,94627.8,95150.0,94542.1,94584.1,157.34479367
2025-01-02 00:00:00+00:00,94584.2,95510.0,94380.5,95010.3,272.01666456
2025-01-02 04:00:00+00:00,95010.4,96000.0,94977.6,95817.3,422.7409649
2025-01-02 08:00:00+00:00,95817.3,96880.8,95622.0,96722.8,292.58256774
2025-01-02 12:00:00+00:00,96722.9,97400.0,95936.4,96466.7,474.42382152
2025-01-02 16:00:00+00:00,96459.2,97768.0,96042.2,97313.1,407.145322
2025-01-02 20:00:00+00:00,97317.9,97839.1,96685.6,96983.8,183.86280011
2025-01-03 00:00:00+00:00,96983.9,97347.8,96646.2,97062.6,133.98071087
2025-01-03 04:00:00+00:00,97062.5,97062.6,96281.9,96311.1,146.58482749
2025-01-03 08:00:00+00:00,96311.1,96823.1,96105.4,96753.6,137.18103428
2025-01-03 12:00:00+00:00,96753.6,97650.0,96470.0,97510.1,313.16606287
2025-01-03 16:00:00+00:00,97514.4,98976.9,97406.4,98593.3,380.26239359
2025-01-03 20:00:00+00:00,98592.0,98745.6,98064.4,98173.9,154.19031894
2025-01-04 00:00:00+00:00,98173.9,98314.1,97800.1,98195.7,124.41930042
2025-01-04 04:00:00+00:00,98195.8,98339.0,97870.5,98278.6,91.27678471
2025-01-04 08:00:00+00:00,98278.5,98306.5,97537.4,97890.2,133.101028
2025-01-04 12:00:00+00:00,97890.3,98162.7,97538.2,97667.0,140.42398512
2025-01-04 16:00:00+00:00,97666.7,98349.9,97572.2,98165.2,144.22379218
2025-01-04 20:00:00+00:00,98165.2,98782.5,98127.5,98215.4,155.076217
2025-01-05 00:00:00+00:00,98215.4,98380.5,98040.5,98189.7,72.11391156
2025-01-05 04:00:00+00:00,98189.7,98500.0,98189.7,98264.2,87.65064317
2025-01-05 08:00:00+00:00,98264.1,98264.2,97586.9,97637.7,166.56932206
2025-01-05 12:00:00+00:00,97637.7,98267.2,97275.9,98023.6,197.71827241
2025-01-05 16:00:00+00:00,98024.8,98331.4,97579.5,98080.2,158.77146962
2025-01-05 20:00:00+00:00,98080.3,98800.0,98019.2,98360.8,287.29878944
2025-01-06 00:00:00+00:00,98360.9,99298.4,97915.6,99031.4,346.62485713
2025-01-06 04:00:00+00:00,99031.4,99886.7,99031.4,99310.7,293.90593868
2025-01-06 08:00:00+00:00,99310.7,99631.2,98701.2,99261.7,229.56593627
2025-01-06 12:00:00+00:00,99261.8,102467.2,98717.3,102137.2,616.5575186
2025-01-06 16:00:00+00:00,102148.4,102486.3,101238.9,101802.8,483.02905078
2025-01-06 20:00:00+00:00,101802.9,102329.8,101585.0,102224.3,237.2473895
2025-01-07 00:00:00+00:00,102224.4,102709.9,101510.8,101705.6,188.69277509
2025-01-07 04:00:00+00:00,101705.7,102021.7,101580.1,101679.1,80.79238654
2025-01-07 08:00:00+00:00,101679.1,101989.7,100475.8,100819.8,218.2414691
2025-01-07 12:00:00+00:00,100820.9,100958.5,97157.6,97951.4,723.26488458
2025-01-07 16:00:00+00:00,97951.3,98343.6,96300.4,96450.5,625.47834716
2025-01-07 20:00:00+00:00,96450.5,97213.7,96142.6,96959.2,436.31865208
2025-01-08 00:00:00+00:00,96959.2,97269.9,96235.0,96524.6,245.03132001
2025-01-08 04:00:00+00:00,96524.7,96649.7,95245.8,95657.2,429.57629005
2025-01-08 08:00:00+00:00,95657.2,96134.0,94569.3,95136.1,473.98517392
2025-01-08 12:00:00+00:00,95136.2,96073.3,94626.3,95457.1,821.51285495
2025-01-08 16:00:00+00:00,95457.1,95457.1,92540.8,94238.0,1043.79390436
2025-01-08 20:00:00+00:00,94249.0,95296.6,93615.1,95056.8,447.14874772
2025-01-09 00:00:00+00:00,95048.8,95380.8,93444.4,94020.5,690.49591657
2025-01-09 04:00:00+00:00,94017.6,94610.9,93213.3,93229.3,386.99040391
2025-01-09 08:00:00+00:00,93229.4,93871.9,92750.1,93465.8,374.65468185
2025-01-09 12:00:00+00:00,93465.9,94573.2,91800.0,94239.8,635.50254604
2025-01-09 16:00:00+00:00,94239.8,94686.2,91902.6,91902.6,898.02199211
2025-01-09 20:00:00+00:00,91902.6,92710.7,91188.3,92548.5,1053.56167332
2025-01-10 00:00:00+00:00,92548.4,93716.4,92452.8,93693.0,249.81174525
2025-01-10 04:00:00+00:00,93692.7,94994.3,93503.9,94498.9,285.26064138
2025-01-10 08:00:00+00:00,94494.6,95269.8,94384.0,95074.9,245.5683263
2025-01-10 12:00:00+00:00,95074.0,95121.6,92219.0,93733.9,1111.60567908
2025-01-10 16:00:00+00:00,93734.0,95861.2,93200.0,95324.8,671.74115525
2025-01-10 20:00:00+00:00,95324.8,95447.0,94584.5,94721.4,232.61061589
2025-01-11 00:00:00+00:00,94717.6,94741.0,94099.0,94197.6,148.31136936
2025-01-11 04:00:00+00:00,94197.6,94441.7,93854.4,94249.1,204.00120349
2025-01-11 08:00:00+00:00,94250.2,94788.9,94045.3,94624.9,134.64059271
2025-01-11 12:00:00+00:00,94625.0,94655.2,94302.9,94414.6,103.40681189
2025-01-11 16:00:00+00:00,94414.7,94723.8,93978.3,94240.5,145.50723385
2025-01-11 20:00:00+00:00,94240.5,95031.9,94188.2,94606.5,122.19637171
2025-01-12 00:00:00+00:00,94606.5,94694.1,94294.8,94624.0,85.86620348
2025-01-12 04:00:00+00:00,94624.1,94649.9,94272.4,94323.7,59.70667056
2025-01-12 08:00:00+00:00,94323.7,94391.3,93711.7,94247.0,133.2736173
2025-01-12 12:00:00+00:00,94247.1,95446.7,94162.6,95071.5,236.42138884005362
2025-01-12 16:00:00+00:00,95071.6,95308.8,94572.0,94650.1,144.92273708
2025-01-12 20:00:00+00:00,94650.2,94801.2,93800.0,94539.8,177.41231745
2025-01-13 00:00:00+00:00,94539.7,95937.9,93912.5,94269.2,345.63829723
2025-01-13 04:00:00+00:00,94269.2,94920.5,93277.3,93598.3,305.0385005
2025-01-13 08:00:00+00:00,93598.3,93663.0,90853.8,90857.7,796.99016526
2025-01-13 12:00:00+00:00,90866.0,93087.5,89221.0,92127.6,1299.33590016
2025-01-13 16:00:00+00:00,92127.6,92533.6,91260.4,92306.7,585.09239625
2025-01-13 20:00:00+00:00,92317.8,94721.5,91913.2,94525.7,701.16880194
2025-01-14 00:00:00+00:00,94525.8,95273.7,94341.3,94860.6,355.58597415
2025-01-14 04:00:00+00:00,94860.6,95477.7,94740.6,94852.6,338.93444335
2025-01-14 08:00:00+00:00,94852.5,97378.5,94852.5,96548.0,492.55757046
2025-01-14 12:00:00+00:00,96548.0,97258.6,95763.0,96465.5,545.31218841
2025-01-14 16:00:00+00:00,96462.1,97082.9,95361.1,96540.0,542.56260081
2025-01-14 20:00:00+00:00,96534.8,96927.7,96152.8,96565.3,192.65096237
2025-01-15 00:00:00+00:00,96565.4,97551.8,96495.2,97316.2,243.02271688
2025-01-15 04:00:00+00:00,97316.3,97709.3,96751.5,97298.8,189.69780137
2025-01-15 08:00:00+00:00,97298.8,97531.4,96527.5,96760.8,258.29029364
2025-01-15 12:00:00+00:00,96760.9,99777.0,96537.6,98973.7,812.4432276
2025-01-15 16:00:00+00:00,98977.5,99965.5,98607.3,99838.8,472.10579978
2025-01-15 20:00:00+00:00,99838.9,100688.5,99453.2,100495.6,410.01356257
2025-01-16 00:00:00+00:00,100495.6,100864.5,99170.5,99473.5,327.17825275
2025-01-16 04:00:00+00:00,99473.5,99899.9,99326.0,99800.0,189.46505286
2025-01-16 08:00:00+00:00,99800.0,99821.9,98620.0,99152.1,293.2476923
2025-01-16 12:00:00+00:00,99152.0,99519.1,97347.0,99303.8,573.2511023
2025-01-16 16:00:00+00:00,99303.8,100437.5,99070.1,100418.4,461.6279697
2025-01-16 20:00:00+00:00,100417.7,100635.1,99363.1,99986.3,277.7623726
2025-01-17 00:00:00+00:00,99986.3,102140.2,99944.8,101042.6,430.79568894
2025-01-17 04:00:00+00:00,101046.4,101880.6,100950.0,101434.3,204.37019391
2025-01-17 08:00:00+00:00,101434.3,102574.8,101433.8,102224.5,345.70978464
2025-01-17 12:00:00+00:00,102224.5,104235.1,102189.4,103979.5,707.88883872
2025-01-17 16:00:00+00:00,103988.6,105835.4,103832.4,105816.2,621.76553829
2025-01-17 20:00:00+00:00,105816.3,105824.8,104076.3,104076.3,381.26723062
2025-01-18 00:00:00+00:00,104076.4,104664.8,103062.5,103569.8,217.63392275
2025-01-18 04:00:00+00:00,103569.8,103771.0,102605.1,102818.5,367.23088327
2025-01-18 08:00:00+00:00,102817.6,103878.6,102275.0,103591.1,354.57438834
2025-01-18 12:00:00+00:00,103591.1,104990.0,103135.4,104567.1,393.70695606
2025-01-18 16:00:00+00:00,104567.2,104721.6,103146.6,104381.6,384.23646064
2025-01-18 20:00:00+00:00,104381.6,104725.0,103780.0,104550.6,210.1194179
2025-01-19 00:00:00+00:00,104550.6,105470.2,104001.3,104986.7,238.66656634
2025-01-19 04:00:00+00:00,104986.8,105629.7,104268.4,105168.9,259.32974862
2025-01-19 08:00:00+00:00,105168.9,105452.7,103451.9,104366.1,550.28899818
2025-01-19 12:00:00+00:00,104367.0,105717.2,104292.0,104944.4,482.01279401
2025-01-19 16:00:00+00:00,104936.9,106186.6,104529.5,106169.9,290.97194543
2025-01-19 20:00:00+00:00,106178.2,106443.4,99599.9,101317.1,1673.73199967
2025-01-20 00:00:00+00:00,101327.2,102321.4,99541.0,101924.0,897.37345008
2025-01-20 04:00:00+00:00,101906.0,109699.6,101555.7,107102.7,1152.18040535
2025-01-20 08:00:00+00:00,107118.9,109177.1,107069.9,108226.0,614.3468981
2025-01-20 12:00:00+00:00,108226.0,108694.7,104500.0,104939.8,894.21840736
2025-01-20 16:00:00+00:00,104939.9,107035.2,100500.0,103683.9,2228.64965789
2025-01-20 20:00:00+00:00,103684.0,104342.1,101736.6,102265.0,605.57030336
2025-01-21 00:00:00+00:00,102259.4,103254.3,100100.0,102933.7,814.85155192
2025-01-21 04:00:00+00:00,102925.5,102960.0,101116.3,101979.3,388.19785068
2025-01-21 08:00:00+00:00,101979.2,103947.1,101735.6,103739.4,372.04197477
2025-01-21 12:00:00+00:00,103735.0,105330.3,102800.0,103934.1,645.94416263
2025-01-21 16:00:00+00:00,103943.3,107275.7,103800.0,107030.4,872.26649109
2025-01-21 20:00:00+00:00,107025.8,107190.3,105407.1,106140.2,335.16699651
2025-01-22 00:00:00+00:00,106140.2,106382.9,105454.0,105601.3,167.80941242
2025-01-22 04:00:00+00:00,105601.3,105956.0,105051.6,105079.0,207.84669474
2025-01-22 08:00:00+00:00,105079.1,105452.5,104647.6,105077.1,240.93232165
2025-01-22 12:00:00+00:00,105089.9,105586.7,103656.1,104184.2,513.23490916
2025-01-22 16:00:00+00:00,104183.9,104755.2,103337.1,104644.0,451.52938112
2025-01-22 20:00:00+00:00,104644.0,104839.1,103632.6,103704.0,276.24538658
2025-01-23 00:00:00+00:00,103710.2,103815.9,102118.5,102443.0,513.88400829
2025-01-23 04:00:00+00:00,102443.0,102984.6,101606.9,102707.2,410.0264449
2025-01-23 08:00:00+00:00,102707.9,102717.3,101261.4,101934.8,330.25155612
2025-01-23 12:00:00+00:00,101934.8,106050.0,101310.1,105260.2,1579.30451243
2025-01-23 16:00:00+00:00,105260.2,106845.6,103394.8,103766.3,962.17251753
2025-01-23 20:00:00+00:00,103766.3,106427.2,102226.3,103907.0,1771.86554868
2025-01-24 00:00:00+00:00,103907.1,104284.5,102751.3,103885.6,331.54314737
2025-01-24 04:00:00+00:00,103885.6,105361.5,103803.7,105039.9,275.43178288
2025-01-24 08:00:00+00:00,105048.5,105751.9,104915.0,105420.4,280.62021478
2025-01-24 12:00:00+00:00,105420.4,106309.0,104666.0,105860.6,452.9422565
2025-01-24 16:00:00+00:00,105860.7,107113.6,105580.5,105754.6,619.02617199
2025-01-24 20:00:00+00:00,105754.6,105766.6,104449.6,104857.2,269.95963223
2025-01-25 00:00:00+00:00,104857.2,105283.0,104358.3,105206.1,177.28683383
2025-01-25 04:00:00+00:00,105206.2,105206.2,104230.9,104390.2,98.83358343
2025-01-25 08:00:00+00:00,104390.2,104678.0,104116.8,104656.0,232.72084364
2025-01-25 12:00:00+00:00,104656.0,105106.3,104448.4,104888.5,167.28026157
2025-01-25 16:00:00+00:00,104888.5,105287.2,104450.0,105046.2,274.20439333
2025-01-25 20:00:00+00:00,105046.3,105250.0,104685.2,104740.1,117.16061341
2025-01-26 00:00:00+00:00,104741.7,105242.8,104502.4,105064.2,118.79846087
2025-01-26 04:00:00+00:00,105064.2,105511.9,104944.7,105002.9,95.50388673
2025-01-26 08:00:00+00:00,105002.9,105232.5,104432.8,104830.0,136.27763434
2025-01-26 12:00:00+00:00,104830.1,105090.1,104697.1,104963.0,91.26742705
2025-01-26 16:00:00+00:00,104963.0,105250.3,104890.3,105083.9,121.71950851
2025-01-26 20:00:00+00:00,105083.9,105200.0,102511.8,102617.4,313.13504049
2025-01-27 00:00:00+00:00,102606.7,103272.8,100724.6,101399.5,572.91861546
2025-01-27 04:00:00+00:00,101399.5,101399.5,97778.8,99054.1,979.89384922
2025-01-27 08:00:00+00:00,99054.1,99533.4,98283.2,98756.1,531.0186656
2025-01-27 12:00:00+00:00,98756.1,102341.8,98719.6,101112.7,1015.53387626
2025-01-27 16:00:00+00:00,101103.3,101241.8,98847.0,99706.3,1145.90543905
2025-01-27 20:00:00+00:00,99698.9,102407.1,99599.4,102083.3,521.57796268
2025-01-28 00:00:00+00:00,102071.6,102887.5,101323.0,102634.0,294.79747743
2025-01-28 04:00:00+00:00,102634.0,103361.8,102525.2,102801.8,260.32067238
2025-01-28 08:00:00+00:00,102801.8,103175.9,102405.0,102761.1,204.73653728
2025-01-28 12:00:00+00:00,102761.2,103789.3,101820.9,102775.2,485.91424519
2025-01-28 16:00:00+00:00,102775.3,103098.7,101826.5,102434.5,415.4323458
2025-01-28 20:00:00+00:00,102434.6,102547.9,100277.7,101336.8,472.74197107
2025-01-29 00:00:00+00:00,101335.3,102327.4,101322.6,102039.7,178.17180396
2025-01-29 04:00:00+00:00,102039.4,102842.7,101962.3,102752.6,143.75663391
2025-01-29 08:00:00+00:00,102752.6,103023.0,102200.0,102631.3,200.0783627
2025-01-29 12:00:00+00:00,102631.3,102817.7,101587.4,101988.5,393.00794334
2025-01-29 16:00:00+00:00,101984.4,104015.4,101428.4,103570.8,844.56161597
2025-01-29 20:00:00+00:00,103578.9,104791.7,102854.0,103736.1,539.16055247
2025-01-30 00:00:00+00:00,103742.0,105306.8,103266.6,105209.3,328.32632316
2025-01-30 04:00:00+00:00,105196.6,105598.9,104800.7,105121.3,252.29068234
2025-01-30 08:00:00+00:00,105128.8,105539.2,104916.5,105288.8,173.41997171
2025-01-30 12:00:00+00:00,105288.8,106447.3,104665.3,105560.3,503.4096081509134
2025-01-30 16:00:00+00:00,105560.3,106000.0,104742.5,105708.3,296.3954029807424
2025-01-30 20:00:00+00:00,105708.4,105800.0,104679.1,104719.2,161.082475643941
2025-01-31 00:00:00+00:00,104719.3,105007.8,103931.8,104329.5,212.9914320744988
2025-01-31 04:00:00+00:00,104329.4,104812.3,103958.5,104198.8,117.39084388
2025-01-31 08:00:00+00:00,104198.8,104843.6,103922.2,104726.6,162.88986432
2025-01-31 12:00:00+00:00,104726.7,106031.2,104091.8,105453.3,360.39600779
2025-01-31 16:00:00+00:00,105445.9,105577.0,102119.7,102319.4,583.84346147
2025-01-31 20:00:00+00:00,102306.5,102483.7,101566.5,102436.3,393.45205136
2025-02-01 00:00:00+00:00,102438.4,102787.1,102201.1,102239.2,115.80254427
2025-02-01 04:00:00+00:00,102239.3,102589.3,102128.4,102167.1,108.20455704
2025-02-01 08:00:00+00:00,102167.0,102271.6,101428.4,102028.4,168.90612834
2025-02-01 12:00:00+00:00,102028.3,102327.6,101719.5,102072.1,123.14618734
2025-02-01 16:00:00+00:00,102072.1,102284.0,101527.5,101659.0,275.4797264569264
2025-02-01 20:00:00+00:00,101659.0,101659.0,100277.1,100632.5,630.95488365
2025-02-02 00:00:00+00:00,100632.6,101458.5,99165.1,99200.6,414.10893274
2025-02-02 04:00:00+00:00,99200.6,100506.8,99024.5,99636.3,274.65255736
2025-02-02 08:00:00+00:00,99636.3,100120.8,98622.4,98869.3,402.91386828
2025-02-02 12:00:00+00:00,98869.4,99447.2,98168.8,99349.4,500.7438868
2025-02-02 16:00:00+00:00,99349.4,99370.6,96818.8,98271.6,1145.65650705
2025-02-02 20:00:00+00:00,98266.1,98628.8,96136.3,97693.9,782.02598878
2025-02-03 00:00:00+00:00,97686.0,97778.5,90200.0,94032.7,2902.82351684
2025-02-03 04:00:00+00:00,94035.4,95400.0,92617.3,95311.4,758.75868056
2025-02-03 08:00:00+00:00,95311.4,95932.0,94739.0,95098.2,710.29300829
2025-02-03 12:00:00+00:00,95098.2,99491.5,94150.0,98845.6,1293.41320629
2025-02-03 16:00:00+00:00,98845.6,101878.9,98026.9,101878.9,853.0006289
2025-02-03 20:00:00+00:00,101878.8,102473.1,100917.2,101351.0,600.2224593
2025-02-04 00:00:00+00:00,101351.0,101719.8,100554.6,100626.7,280.29981525
2025-02-04 04:00:00+00:00,100626.7,100770.9,98249.2,98444.5,517.34977194
2025-02-04 08:00:00+00:00,98444.4,99416.1,97855.5,98970.7,440.17800891
2025-02-04 12:00:00+00:00,98970.7,100420.1,98289.0,99356.4,699.60542707
2025-02-04 16:00:00+00:00,99348.6,100789.0,98783.2,98876.5,553.89662989
2025-02-04 20:00:00+00:00,98868.4,99436.3,96142.6,97774.5,954.89674491
2025-02-05 00:00:00+00:00,97768.5,98920.3,97141.1,98055.6,287.64001006
2025-02-05 04:00:00+00:00,98049.9,98332.3,97354.0,97851.2,226.59995674
2025-02-05 08:00:00+00:00,97851.1,98226.8,97267.3,98208.6,161.40654944
2025-02-05 12:00:00+00:00,98208.6,99208.4,97769.2,98104.2,363.15983381
2025-02-05 16:00:00+00:00,98092.6,98292.5,96490.7,97371.6,476.17075555
2025-02-05 20:00:00+00:00,97371.6,97698.9,96152.8,96616.6,314.43055097
2025-02-06 00:00:00+00:00,96606.9,97478.0,96437.0,97347.8,292.50527517
2025-02-06 04:00:00+00:00,97345.0,98420.8,97263.0,98191.3,159.20912213
2025-02-06 08:00:00+00:00,98193.7,99119.7,97907.0,98867.1,276.2877831
2025-02-06 12:00:00+00:00,98867.0,99045.3,96940.1,97329.6,468.57890727
2025-02-06 16:00:00+00:00,97333.5,97544.9,95700.0,95981.7,522.09082452
2025-02-06 20:00:00+00:00,95976.8,97080.2,95800.0,96555.7,289.99752771
2025-02-07 00:00:00+00:00,96555.8,97800.5,96410.7,97450.1,231.02646659
2025-02-07 04:00:00+00:00,97450.2,97875.7,96590.7,96748.3,242.88510705
2025-02-07 08:00:00+00:00,96748.3,97761.7,96608.3,97760.2,200.50900497
2025-02-07 12:00:00+00:00,97760.2,100132.5,97195.7,98288.8,976.61979677
2025-02-07 16:00:00+00:00,98304.0,98569.8,96889.9,96895.7,395.9685858
2025-02-07 20:00:00+00:00,96890.4,96936.4,95609.8,96511.4,335.1109622228563
2025-02-08 00:00:00+00:00,96511.4,96877.8,96343.5,96701.9,141.83722076
2025-02-08 04:00:00+00:00,96702.0,96702.0,95777.2,96199.7,130.48102574
2025-02-08 08:00:00+00:00,96199.6,96294.8,95858.1,96122.0,120.72330876
2025-02-08 12:00:00+00:00,96121.9,96494.8,95670.7,95838.1,171.61963808
2025-02-08 16:00:00+00:00,95839.9,96749.0,95727.8,96585.0,146.1014853
2025-02-08 20:00:00+00:00,96585.0,96698.9,96355.0,96447.2,73.14691906
2025-02-09 00:00:00+00:00,96447.2,97300.0,96357.1,97299.9,148.10042765
2025-02-09 04:00:00+00:00,97300.0,97317.0,96772.8,97061.4,138.01393538
2025-02-09 08:00:00+00:00,97061.5,97290.0,96557.6,96557.7,167.72841925
2025-02-09 12:00:00+00:00,96557.7,96704.1,95713.6,96484.8,190.43713676
2025-02-09 16:00:00+00:00,96484.7,96576.1,95888.0,96064.1,111.42343125
2025-02-09 20:00:00+00:00,96064.2,96760.0,94720.3,96467.7,479.12989956
2025-02-10 00:00:00+00:00,96467.7,97129.1,95269.5,96806.0,300.80792385
2025-02-10 04:00:00+00:00,96806.1,97651.1,96626.6,97432.9,332.66856973
2025-02-10 08:00:00+00:00,97433.0,97960.9,97349.6,97652.7,225.80769189
2025-02-10 12:00:00+00:00,97652.8,98334.3,96871.2,97230.4,384.76942986
2025-02-10 16:00:00+00:00,97230.5,97643.1,96878.0,97384.3,202.05113012
2025-02-10 20:00:00+00:00,97384.3,97500.1,97129.7,97433.3,144.74735339
2025-02-11 00:00:00+00:00,97433.4,98142.4,97417.8,97607.0,196.95378022
2025-02-11 04:00:00+00:00,97607.0,98475.0,97552.3,98270.7,295.50427896
2025-02-11 08:00:00+00:00,98270.8,98333.6,97876.5,98142.6,169.11998498
2025-02-11 12:00:00+00:00,98142.7,98158.8,96587.1,97012.0,338.58036457
2025-02-11 16:00:00+00:00,97015.9,97040.8,94867.8,95043.5,529.16008632
2025-02-11 20:00:00+00:00,95036.0,96511.3,94938.4,95780.0,318.82368615
2025-02-12 00:00:00+00:00,95780.1,96261.0,95103.4,95299.0,146.31842183
2025-02-12 04:00:00+00:00,95295.4,96175.5,95272.6,96073.4,136.11228268
2025-02-12 08:00:00+00:00,96073.3,96460.8,95923.6,96097.4,120.46380193
2025-02-12 12:00:00+00:00,96097.5,96625.7,94073.7,95814.1,873.93022507
2025-02-12 16:00:00+00:00,95814.1,97705.9,95119.2,97200.6,553.251891
2025-02-12 20:00:00+00:00,97200.6,98101.0,96859.8,97861.7,278.14051207
2025-02-13 00:00:00+00:00,97861.7,98082.1,97367.9,97503.0,136.27315075
2025-02-13 04:00:00+00:00,97503.1,97554.1,95801.9,96070.5,204.48757081
2025-02-13 08:00:00+00:00,96070.5,96335.2,95598.5,95930.3,202.77758455
2025-02-13 12:00:00+00:00,95930.4,96460.8,95339.0,95998.0,427.980907
2025-02-13 16:00:00+00:00,95998.1,96363.3,95208.4,95622.6,285.33934471
2025-02-13 20:00:00+00:00,95622.6,96775.5,95600.2,96611.4,196.10650284
2025-02-14 00:00:00+00:00,96611.4,97195.0,96369.9,97139.3,135.49536278
2025-02-14 04:00:00+00:00,97139.3,97240.6,96559.8,96934.0,117.90365575
2025-02-14 08:00:00+00:00,96933.9,97197.9,96792.2,96895.0,163.61359801
2025-02-14 12:00:00+00:00,96895.0,97567.1,96274.5,96924.9,375.36744358
2025-02-14 16:00:00+00:00,96928.5,98829.0,96500.0,97936.8,598.50272198
2025-02-14 20:00:00+00:00,97936.9,98268.1,96702.2,97491.2,300.49082225
2025-02-15 00:00:00+00:00,97491.1,97977.2,97220.1,97656.4,159.81658603
2025-02-15 04:00:00+00:00,97656.5,97799.9,97350.8,97350.9,168.70731945
2025-02-15 08:00:00+00:00,97350.9,97730.4,97307.4,97610.3,98.67997099
2025-02-15 12:00:00+00:00,97618.7,97941.3,97419.4,97631.1,134.5583924
2025-02-15 16:00:00+00:00,97631.2,97716.4,97310.7,97529.9,135.08123535
2025-02-15 20:00:00+00:00,97529.9,97746.8,97412.9,97576.0,111.89526625
2025-02-16 00:00:00+00:00,97576.0,97710.8,97423.3,97552.4,130.91311164
2025-02-16 04:00:00+00:00,97552.5,97690.2,97213.4,97257.0,79.69678458
2025-02-16 08:00:00+00:00,97257.0,97395.2,97063.2,97345.3,107.24906062
2025-02-16 12:00:00+00:00,97345.4,97345.4,96685.7,96907.7,131.75886302
2025-02-16 16:00:00+00:00,96907.7,97179.3,96658.9,97064.5,120.6535103
2025-02-16 20:00:00+00:00,97064.5,97299.8,96048.7,96123.4,198.69774417
2025-02-17 00:00:00+00:00,96123.3,96636.3,96042.5,96212.8,142.88235474
2025-02-17 04:00:00+00:00,96212.8,96462.7,95804.8,96076.1,176.77913314
2025-02-17 08:00:00+00:00,96076.2,96400.1,95948.8,96065.5,245.37178758
2025-02-17 12:00:00+00:00,96066.0,97026.9,95561.0,95662.3,310.03328403
2025-02-17 16:00:00+00:00,95662.4,95943.5,95203.2,95531.4,294.80958781
2025-02-17 20:00:00+00:00,95531.5,96429.0,95491.4,95770.2,205.05743686
2025-02-18 00:00:00+00:00,95770.2,96323.1,95551.1,96189.9,150.02137966
2025-02-18 04:00:00+00:00,96190.0,96296.9,95244.2,95456.3,228.51524737
2025-02-18 08:00:00+00:00,95456.3,95880.9,95076.9,95651.9,198.63499031
2025-02-18 12:00:00+00:00,95651.9,96748.5,95200.1,95555.3,359.92323323
2025-02-18 16:00:00+00:00,95547.8,95651.2,93383.2,94107.2,605.33424404
2025-02-18 20:00:00+00:00,94107.2,95666.3,93737.6,95656.7,380.95973387
2025-02-19 00:00:00+00:00,95650.0,95955.4,95063.1,95708.0,197.75463856
2025-02-19 04:00:00+00:00,95708.1,95846.1,95043.2,95686.9,150.43712011
2025-02-19 08:00:00+00:00,95687.0,96460.2,95620.0,96418.6,160.53267176
2025-02-19 12:00:00+00:00,96418.6,96690.6,95521.0,95925.3,363.69702355
2025-02-19 16:00:00+00:00,95925.4,96482.4,95416.7,96200.0,297.45735626
2025-02-19 20:00:00+00:00,96193.5,96893.1,96056.1,96643.8,214.49664479
2025-02-20 00:00:00+00:00,96643.7,97367.2,96412.7,97061.6,162.18835847
2025-02-20 04:00:00+00:00,97061.7,97338.4,96762.7,96855.2,203.84973109
2025-02-20 08:00:00+00:00,96855.2,97373.6,96793.4,97199.7,129.33862951
2025-02-20 12:00:00+00:00,97199.8,98042.8,96800.0,96906.4,396.4475914
2025-02-20 16:00:00+00:00,96913.9,98514.0,96872.5,98405.8,406.29685079
2025-02-20 20:00:00+00:00,98405.8,98725.8,98000.1,98300.1,273.15279543
2025-02-21 00:00:00+00:00,98300.0,98496.9,98076.5,98148.2,102.15045914
2025-02-21 04:00:00+00:00,98148.3,98582.5,98122.7,98169.5,143.76286147
2025-02-21 08:00:00+00:00,98169.6,98899.9,98110.1,98612.4,251.80619454
2025-02-21 12:00:00+00:00,98612.5,99477.7,97181.3,98098.4,763.75374136
2025-02-21 16:00:00+00:00,98098.5,98754.7,95250.0,95283.3,859.71314003
2025-02-21 20:00:00+00:00,95275.7,96199.2,94881.4,96179.1,491.95494486
2025-02-22 00:00:00+00:00,96179.1,96448.5,95775.6,96293.2,138.28954674
2025-02-22 04:00:00+00:00,96293.3,96579.4,96267.9,96286.7,78.42639096
2025-02-22 08:00:00+00:00,96286.7,96604.9,96142.5,96568.3,119.29061513
2025-02-22 12:00:00+00:00,96568.2,96998.9,96483.8,96591.1,162.33634827
2025-02-22 16:00:00+00:00,96591.1,96826.4,96362.5,96631.8,136.65017662
2025-02-22 20:00:00+00:00,96636.2,96700.0,96471.2,96551.1,159.71340548
2025-02-23 00:00:00+00:00,96551.2,96650.0,96374.8,96419.7,74.28769418
2025-02-23 04:00:00+00:00,96419.7,96553.7,96140.3,96500.5,92.86374675
2025-02-23 08:00:00+00:00,96500.4,96500.5,96075.1,96107.4,90.91382322
2025-02-23 12:00:00+00:00,96107.4,96155.1,95416.3,95453.0,184.64858387
2025-02-23 16:00:00+00:00,95447.0,95872.8,95250.0,95743.3,147.83669174
2025-02-23 20:00:00+00:00,95743.3,96320.4,95537.0,96257.7,160.9109821
2025-02-24 00:00:00+00:00,96257.8,96500.1,95310.0,95435.8,213.59890099
2025-02-24 04:00:00+00:00,95429.4,95956.5,95069.6,95870.0,194.25200732
2025-02-24 08:00:00+00:00,95870.0,96170.5,95361.1,95819.5,206.90150336
2025-02-24 12:00:00+00:00,95819.6,96094.2,93842.9,94326.7,523.88241697
2025-02-24 16:00:00+00:00,94330.5,95196.5,93605.7,93937.8,489.79631134
2025-02-24 20:00:00+00:00,93950.2,94571.6,91347.5,91565.0,722.96641094
2025-02-25 00:00:00+00:00,91548.9,92548.3,90921.5,92160.0,638.23378117
2025-02-25 04:00:00+00:00,92160.0,92322.0,88200.0,89328.5,940.93390509
2025-02-25 08:00:00+00:00,89310.6,89994.8,86888.8,89241.1,1350.47511013
2025-02-25 12:00:00+00:00,89241.1,89546.8,86053.9,87230.7,1414.95319486
2025-02-25 16:00:00+00:00,87230.7,88066.3,86177.3,87942.0,1248.26692813
2025-02-25 20:00:00+00:00,87941.9,89465.5,87619.8,88679.8,761.1236268
2025-02-26 00:00:00+00:00,88679.9,89404.5,88144.0,88903.7,286.56535274
2025-02-26 04:00:00+00:00,88903.7,89310.1,88408.3,88721.0,303.3040946
2025-02-26 08:00:00+00:00,88721.0,89313.5,88149.0,88612.8,310.42290522
2025-02-26 12:00:00+00:00,88612.8,88674.8,85438.4,87558.3,1019.31768747
2025-02-26 16:00:00+00:00,87558.3,87802.3,83400.0,83863.6,1495.78168884
2025-02-26 20:00:00+00:00,83863.7,85381.7,82204.1,84242.6,1270.5291902
2025-02-27 00:00:00+00:00,84242.7,85439.3,84053.1,85227.1,607.02999203
2025-02-27 04:00:00+00:00,85221.8,86719.5,84696.2,86268.7,520.20410867
2025-02-27 08:00:00+00:00,86268.7,87079.7,85864.3,86701.1,452.28341531
2025-02-27 12:00:00+00:00,86701.2,86796.2,84676.1,85503.2,802.36581083
2025-02-27 16:00:00+00:00,85496.5,85680.7,83588.2,84110.1,876.97481041
2025-02-27 20:00:00+00:00,84120.3,84927.4,82714.5,84713.6,664.36277975
2025-02-28 00:00:00+00:00,84713.7,84899.0,79555.0,80451.5,1464.63032767
2025-02-28 04:00:00+00:00,80455.3,80973.0,78850.2,79201.3,1422.57680761
2025-02-28 08:00:00+00:00,79201.3,80839.7,78252.1,80519.6,1125.70936474
2025-02-28 12:00:00+00:00,80517.0,84423.5,80080.8,84023.3,1213.93103858
2025-02-28 16:00:00+00:00,84009.8,85113.6,83188.9,84448.2,1088.2367669
2025-02-28 20:00:00+00:00,84444.9,84785.9,83612.0,84337.8,410.38039061
2025-03-01 00:00:00+00:00,84347.5,85664.6,83823.6,85330.8,369.01552547
2025-03-01 04:00:00+00:00,85330.7,86549.9,84738.6,84738.7,481.30278789
2025-03-01 08:00:00+00:00,84738.6,85499.0,84387.5,84627.8,197.33560636
2025-03-01 12:00:00+00:00,84628.6,84939.9,84341.0,84795.7,152.35645057
2025-03-01 16:00:00+00:00,84791.7,85582.0,84691.7,85475.5,166.76437513
2025-03-01 20:00:00+00:00,85475.5,86258.6,85283.3,86061.6,176.51062527
2025-03-02 00:00:00+00:00,86061.6,86499.7,85616.1,85871.9,199.39632094
2025-03-02 04:00:00+00:00,85871.8,86574.6,85541.0,86244.2,115.85149823
2025-03-02 08:00:00+00:00,86244.3,86261.8,85663.6,86101.6,145.05091508
2025-03-02 12:00:00+00:00,86101.6,88686.4,85059.4,87439.8,703.41504134
2025-03-02 16:00:00+00:00,87439.8,95000.0,87324.7,93515.4,1966.82658171
2025-03-02 20:00:00+00:00,93523.5,94850.0,93498.0,94265.1,472.66508718
2025-03-03 00:00:00+00:00,94265.1,94414.6,92428.8,92705.6,400.23478084
2025-03-03 04:00:00+00:00,92712.3,93346.0,91194.6,92374.1,399.66775537
2025-03-03 08:00:00+00:00,92369.4,92915.9,91151.1,92735.2,452.93458211
2025-03-03 12:00:00+00:00,92744.5,93711.7,89132.4,90043.2,1002.37882519
2025-03-03 16:00:00+00:00,90043.3,90989.2,85549.1,85585.3,998.6111601
2025-03-03 20:00:00+00:00,85590.7,87027.0,85118.3,86215.2,638.4916314
2025-03-04 00:00:00+00:00,86220.7,86793.5,82486.9,83986.2,850.21933971
2025-03-04 04:00:00+00:00,83978.2,84584.5,83149.0,83190.5,381.19215023
2025-03-04 08:00:00+00:00,83190.5,84369.2,83041.3,83935.3,317.51835109
2025-03-04 12:00:00+00:00,83928.3,84960.8,81505.0,82979.0,1167.41661592
2025-03-04 16:00:00+00:00,82985.5,88495.0,81997.6,88222.4,991.02626489
2025-03-04 20:00:00+00:00,88210.7,88950.0,86578.2,87279.5,671.964999
2025-03-05 00:00:00+00:00,87278.7,87895.6,86368.9,86848.4,324.05871363
2025-03-05 04:00:00+00:00,86848.5,87724.6,86748.6,87620.6,187.40800297
2025-03-05 08:00:00+00:00,87620.5,90647.8,87592.0,89811.6,424.74308459
2025-03-05 12:00:00+00:00,89811.6,90921.5,87901.8,88344.6,797.85750523
2025-03-05 16:00:00+00:00,88330.4,90474.1,87599.7,89745.3,738.33203589
2025-03-05 20:00:00+00:00,89745.3,91047.3,89681.4,90610.9,266.17751405
2025-03-06 00:00:00+00:00,90610.9,92012.8,89988.0,91595.7,431.39953224
2025-03-06 04:00:00+00:00,91595.7,92811.0,91258.4,91339.4,301.57606862
2025-03-06 08:00:00+00:00,91339.4,91671.7,90612.1,91342.2,386.28203882
2025-03-06 12:00:00+00:00,91342.2,91461.7,89123.3,90812.6,655.48938786
2025-03-06 16:00:00+00:00,90819.6,91062.4,87838.3,88530.0,640.40140573
2025-03-06 20:00:00+00:00,88534.5,90770.0,88482.3,89913.1,539.83709075
2025-03-07 00:00:00+00:00,89913.0,91285.1,84666.8,86987.1,1328.47999199
2025-03-07 04:00:00+00:00,86987.1,88605.6,86859.3,88364.0,279.27731329
2025-03-07 08:00:00+00:00,88364.0,89707.2,88000.0,88967.2,289.17089767
2025-03-07 12:00:00+00:00,88971.8,91090.0,88033.6,88460.4,1054.89199684
2025-03-07 16:00:00+00:00,88460.3,89022.0,86561.2,87808.8,723.70688166
2025-03-07 20:00:00+00:00,87813.5,88506.6,85585.4,86793.9,719.62586636
2025-03-08 00:00:00+00:00,86793.9,86897.1,85200.1,85921.6,232.15498089
2025-03-08 04:00:00+00:00,85921.6,86653.3,85651.2,86205.8,124.56565782
2025-03-08 08:00:00+00:00,86199.1,86455.2,85763.0,85950.2,121.72757992
2025-03-08 12:00:00+00:00,85959.7,86627.1,85815.3,86402.9,209.2176105
2025-03-08 16:00:00+00:00,86403.0,86498.6,85670.1,86228.5,172.82664278
2025-03-08 20:00:00+00:00,86228.5,86500.0,85851.0,86222.8,85.19758841
2025-03-09 00:00:00+00:00,86222.9,86500.0,85945.0,86106.1,147.05608771
2025-03-09 04:00:00+00:00,86106.1,86159.1,85807.5,86009.2,91.81809979
2025-03-09 08:00:00+00:00,86009.2,86105.3,84655.1,85032.2,235.73057133
2025-03-09 12:00:00+00:00,85021.6,85063.9,82770.1,83072.7,419.99667702
2025-03-09 16:00:00+00:00,83055.1,83752.6,82221.3,82621.2,533.58633046
2025-03-09 20:00:00+00:00,82631.4,83537.6,79980.3,80730.5,694.91662006
2025-03-10 00:00:00+00:00,80730.7,82732.8,80052.1,82048.9,491.72519339
2025-03-10 04:00:00+00:00,82048.9,82794.6,81998.3,82318.2,144.13467817
2025-03-10 08:00:00+00:00,82318.2,84069.6,81165.3,83570.4,620.53362999
2025-03-10 12:00:00+00:00,83582.4,83792.9,79181.4,80033.1,1160.22018575
2025-03-10 16:00:00+00:00,80043.1,80245.5,77460.0,79049.5,995.30063973
2025-03-10 20:00:00+00:00,79059.1,79885.4,78415.8,78596.3,429.39687888
2025-03-11 00:00:00+00:00,78601.2,79943.9,76604.0,79528.2,642.58161873
2025-03-11 04:00:00+00:00,79520.1,80605.9,79446.1,80426.3,289.13665146
2025-03-11 08:00:00+00:00,80426.2,82086.5,80327.0,81721.2,360.85148523
2025-03-11 12:00:00+00:00,81721.3,82241.3,79058.1,81221.4,998.6994284
2025-03-11 16:00:00+00:00,81221.4,83622.7,80652.4,83102.9,589.76958799
2025-03-11 20:00:00+00:00,83093.0,83294.2,82554.9,82933.7,216.91195311
2025-03-12 00:00:00+00:00,82933.7,83765.2,82108.0,82112.4,316.51307284
2025-03-12 04:00:00+00:00,82129.3,82536.8,81289.0,82439.2,283.96993244
2025-03-12 08:00:00+00:00,82439.2,83078.9,82035.1,83007.2,544.13206927
2025-03-12 12:00:00+00:00,83007.2,84515.2,80616.6,81733.0,1030.82862746
2025-03-12 16:00:00+00:00,81733.0,83152.8,81618.0,82912.0,412.60802002
2025-03-12 20:00:00+00:00,82918.5,83879.7,82701.1,83674.8,250.95050407
2025-03-13 00:00:00+00:00,83667.0,84332.7,83309.4,83574.9,183.88157521
2025-03-13 04:00:00+00:00,83574.9,83703.3,82857.8,83148.6,172.65044062
2025-03-13 08:00:00+00:00,83148.6,83512.2,82399.6,82973.0,244.68561721
2025-03-13 12:00:00+00:00,82960.4,83959.3,80963.8,81037.8,578.63894357
2025-03-13 16:00:00+00:00,81037.9,81267.3,79940.1,80181.7,494.22987843
2025-03-13 20:00:00+00:00,80204.6,81478.0,80186.3,81112.5,202.81437529
2025-03-14 00:00:00+00:00,81123.7,82250.0,80824.1,81891.2,197.07342895
2025-03-14 04:00:00+00:00,81891.2,82446.9,81772.5,82174.7,124.31759558
2025-03-14 08:00:00+00:00,82174.8,83332.7,82161.0,83248.3,198.63068544
2025-03-14 12:00:00+00:00,83248.3,85313.3,82572.9,84716.9,547.8008814
2025-03-14 16:00:00+00:00,84716.9,84951.6,83944.9,84542.4,305.48844228
2025-03-14 20:00:00+00:00,84543.8,84552.1,83717.9,83977.7,149.5659859
2025-03-15 00:00:00+00:00,83977.7,84666.4,83963.5,84478.4,107.33932953
2025-03-15 04:00:00+00:00,84478.5,84559.4,83806.9,83831.3,86.7790806
2025-03-15 08:00:00+00:00,83831.3,84184.4,83625.0,84097.7,146.41687072
2025-03-15 12:00:00+00:00,84105.6,84469.6,84010.9,84343.2,99.18250398
2025-03-15 16:00:00+00:00,84343.2,84491.2,84098.3,84289.4,123.45372085
2025-03-15 20:00:00+00:00,84289.4,84463.0,84233.6,84337.3,56.80179232
2025-03-16 00:00:00+00:00,84337.4,84382.7,83739.9,84330.9,102.64618702
2025-03-16 04:00:00+00:00,84330.9,84412.0,83973.9,84271.0,60.43838478
2025-03-16 08:00:00+00:00,84271.0,84333.8,82370.2,82405.1,235.36702697
2025-03-16 12:00:00+00:00,82409.4,83492.7,82395.8,83325.3,266.30938527
2025-03-16 16:00:00+00:00,83325.4,85165.9,82565.0,83090.2,510.59330583
2025-03-16 20:00:00+00:00,83100.2,83445.6,81957.0,82579.1,300.20317049
2025-03-17 00:00:00+00:00,82582.8,83732.4,82524.2,83674.6,216.64356027
2025-03-17 04:00:00+00:00,83674.6,83866.6,82678.4,83556.0,182.66145606
2025-03-17 08:00:00+00:00,83559.4,83780.7,83207.0,83515.4,158.43772638
2025-03-17 12:00:00+00:00,83511.9,84033.9,82443.2,83523.9,806.71523055
2025-03-17 16:00:00+00:00,83524.0,84758.7,83112.4,84478.1,374.6610493
2025-03-17 20:00:00+00:00,84479.8,84499.9,83742.4,84009.8,153.90527688
2025-03-18 00:00:00+00:00,84009.8,84012.5,82962.4,83142.5,207.72841252
2025-03-18 04:00:00+00:00,83142.5,83291.7,82259.0,83162.6,282.32149855
2025-03-18 08:00:00+00:00,83162.6,83453.0,82501.1,82580.1,177.84007111
2025-03-18 12:00:00+00:00,82580.1,82832.3,81142.4,81616.7,602.41612328
2025-03-18 16:00:00+00:00,81606.7,82474.2,80933.4,82318.2,568.14928792
2025-03-18 20:00:00+00:00,82305.3,82804.4,81868.7,82711.9,212.43364446
2025-03-19 00:00:00+00:00,82711.9,83242.2,82551.6,83038.7,210.05052748
2025-03-19 04:00:00+00:00,83038.8,83366.0,82791.1,83184.1,161.14941493
2025-03-19 08:00:00+00:00,83184.1,84089.3,83177.0,83874.4,268.26778652
2025-03-19 12:00:00+00:00,83878.5,84888.0,83506.2,84719.2,553.76470274
2025-03-19 16:00:00+00:00,84719.2,85932.2,83557.8,85431.3,1098.77558235
2025-03-19 20:00:00+00:00,85431.3,87006.4,85209.6,86842.4,383.7420737
2025-03-20 00:00:00+00:00,86844.5,87450.4,85623.3,85884.2,439.18872918
2025-03-20 04:00:00+00:00,85884.3,86014.5,85428.6,85803.8,177.83649396
2025-03-20 08:00:00+00:00,85803.8,86311.4,84758.6,85500.4,333.28688006
2025-03-20 12:00:00+00:00,85500.4,86519.3,84572.8,84693.1,635.55155401
2025-03-20 16:00:00+00:00,84676.1,84914.4,83648.7,84168.0,590.36584663
2025-03-20 20:00:00+00:00,84167.0,84613.0,83925.0,84208.5,151.54586776
2025-03-21 00:00:00+00:00,84208.5,84840.1,84180.7,84457.1,116.75705045
2025-03-21 04:00:00+00:00,84453.0,84801.4,83716.0,83936.3,186.37428273
2025-03-21 08:00:00+00:00,83936.4,84331.6,83731.4,84044.8,200.00252983
2025-03-21 12:00:00+00:00,84044.8,84356.4,83168.2,83558.7,445.42924122
2025-03-21 16:00:00+00:00,83558.7,84432.8,83379.5,83957.1,253.95063999
2025-03-21 20:00:00+00:00,83957.1,84582.8,83808.0,84077.8,106.16701111
2025-03-22 00:00:00+00:00,84089.4,84330.3,83980.1,84254.6,94.31798614
2025-03-22 04:00:00+00:00,84254.6,84427.2,84155.6,84273.6,58.10427879
2025-03-22 08:00:00+00:00,84273.6,84533.8,84121.6,84223.9,86.04884201
2025-03-22 12:00:00+00:00,84223.9,84293.8,83975.2,84108.4,67.23994751
2025-03-22 16:00:00+00:00,84108.5,84328.1,84064.0,84167.8,73.28425074
2025-03-22 20:00:00+00:00,84167.9,84205.0,83650.1,83845.8,91.59807608
2025-03-23 00:00:00+00:00,83845.9,84273.6,83805.0,84225.6,44.02099999
2025-03-23 04:00:00+00:00,84232.3,84318.7,84069.1,84274.3,36.309865
2025-03-23 08:00:00+00:00,84274.2,85035.8,84249.0,84686.4,117.41268149
2025-03-23 12:00:00+00:00,84688.4,85257.4,84574.0,85179.0,151.21718322
2025-03-23 16:00:00+00:00,85179.1,85432.2,84801.1,84996.9,176.33010627
2025-03-23 20:00:00+00:00,85009.3,86133.3,84916.5,86087.7,158.21395154
2025-03-24 00:00:00+00:00,86087.6,86638.5,85521.0,86534.1,283.26935695
2025-03-24 04:00:00+00:00,86534.2,87285.3,86534.1,86868.1,294.10951157
2025-03-24 08:00:00+00:00,86868.1,87891.9,86841.9,87682.2,223.65725858
2025-03-24 12:00:00+00:00,87682.2,88765.7,87135.6,88336.9,506.2663179
2025-03-24 16:00:00+00:00,88337.0,88534.8,87684.3,88214.1,369.38432633
2025-03-24 20:00:00+00:00,88214.1,88484.2,87055.1,87497.9,263.83810847
2025-03-25 00:00:00+00:00,87500.1,87688.4,86335.8,86520.6,250.02420719
2025-03-25 04:00:00+00:00,86520.5,86866.3,86301.5,86436.7,203.69995931
2025-03-25 08:00:00+00:00,86436.7,87496.5,86400.0,87368.2,267.49154671
2025-03-25 12:00:00+00:00,87369.7,88260.2,86927.6,87776.6,598.09203369
2025-03-25 16:00:00+00:00,87771.4,88315.8,87588.6,88117.6,409.84171766
2025-03-25 20:00:00+00:00,88117.5,88548.9,87144.8,87408.1,392.10636426
2025-03-26 00:00:00+00:00,87408.0,87900.9,87031.5,87161.7,147.35796698
2025-03-26 04:00:00+00:00,87161.7,88282.8,87052.3,88144.5,184.0308298
2025-03-26 08:00:00+00:00,88144.5,88277.9,87834.5,87956.2,131.01797729
2025-03-26 12:00:00+00:00,87956.2,88012.7,86435.4,86752.9,516.0719797
2025-03-26 16:00:00+00:00,86734.5,87060.4,85851.3,86570.9,405.28411978
2025-03-26 20:00:00+00:00,86561.3,87399.9,86516.1,86901.0,227.90434681
2025-03-27 00:00:00+00:00,86910.2,87751.5,86795.0,87663.7,176.9005741
2025-03-27 04:00:00+00:00,87663.7,87692.6,87251.7,87399.9,93.40519482
2025-03-27 08:00:00+00:00,87400.0,87603.8,86790.5,86950.3,167.75458552
2025-03-27 12:00:00+00:00,86942.3,87563.9,85799.6,86972.4,589.89834143
2025-03-27 16:00:00+00:00,86963.8,87416.9,86796.4,87047.2,380.89213272
2025-03-27 20:00:00+00:00,87062.4,87731.5,86941.8,87228.3,137.04148763
2025-03-28 00:00:00+00:00,87228.3,87508.8,86750.1,86790.5,147.72060222
2025-03-28 04:00:00+00:00,86790.6,86836.1,85168.0,85215.8,459.97907671
2025-03-28 08:00:00+00:00,85208.0,85440.7,84804.2,85250.1,355.16822241
2025-03-28 12:00:00+00:00,85250.1,85616.4,83966.5,84046.4,727.12002321
2025-03-28 16:00:00+00:00,84046.0,84222.3,83585.4,83784.1,337.22425876
2025-03-28 20:00:00+00:00,83785.2,84530.5,83701.7,84418.3,210.12011276
2025-03-29 00:00:00+00:00,84418.4,84617.0,83701.1,84156.0,192.19798224
2025-03-29 04:00:00+00:00,84156.0,84252.8,83660.1,83727.2,122.17896247
2025-03-29 08:00:00+00:00,83727.3,83946.6,82008.6,82288.7,392.782599
2025-03-29 12:00:00+00:00,82288.8,82881.9,82140.8,82415.7,276.15685132
2025-03-29 16:00:00+00:00,82417.7,82758.2,81651.5,82758.2,473.71483162
2025-03-29 20:00:00+00:00,82758.3,82783.1,82256.6,82647.7,140.5987875
2025-03-30 00:00:00+00:00,82647.6,83491.6,82495.0,83083.5,217.75124544
2025-03-30 04:00:00+00:00,83083.0,83323.6,82863.0,83075.3,121.58306387
2025-03-30 08:00:00+00:00,83075.4,83532.0,82964.2,83111.5,183.40400731
2025-03-30 12:00:00+00:00,83111.6,83263.2,82561.9,82728.3,251.30944116
2025-03-30 16:00:00+00:00,82728.4,82907.3,82044.0,82552.1,253.26867794
2025-03-30 20:00:00+00:00,82552.1,82756.7,81553.5,82379.7,379.64136602
2025-03-31 00:00:00+00:00,82392.8,82447.1,81285.8,81526.9,488.90987305
2025-03-31 04:00:00+00:00,81526.9,82307.0,81409.2,81932.3,291.21924619
2025-03-31 08:00:00+00:00,81932.3,82275.2,81293.1,82205.6,321.7952513
2025-03-31 12:00:00+00:00,82206.1,83920.0,81657.4,83418.1,683.92253255
2025-03-31 16:00:00+00:00,83418.2,83693.5,82400.0,82451.6,264.36952786
2025-03-31 20:00:00+00:00,82461.4,82896.8,82264.5,82544.8,151.43869815
2025-04-01 00:00:00+00:00,82544.9,83242.0,82427.8,82960.1,171.16087148886487
2025-04-01 04:00:00+00:00,82960.2,83600.0,82887.1,83457.7,122.707731
2025-04-01 08:00:00+00:00,83457.7,84497.0,83439.1,83918.3,284.10564653
2025-04-01 12:00:00+00:00,83919.3,85500.0,82542.1,85279.2,676.20814687
2025-04-01 16:00:00+00:00,85279.3,85481.8,84701.6,84956.8,316.14690139
2025-04-01 20:00:00+00:00,84952.9,85558.3,84761.7,85152.1,290.05623032
2025-04-02 00:00:00+00:00,85152.2,85253.8,84500.0,84551.3,211.29844017
2025-04-02 04:00:00+00:00,84551.3,84725.6,83902.4,84422.6,173.37522576
2025-04-02 08:00:00+00:00,84422.6,85437.7,84261.1,84564.3,245.78819627
2025-04-02 12:00:00+00:00,84564.3,87328.0,84459.4,86742.6,931.39839599
2025-04-02 16:00:00+00:00,86753.3,87309.8,86184.2,86896.9,610.33750073
2025-04-02 20:00:00+00:00,86895.0,88500.0,82329.8,82513.4,1806.8519855
2025-04-03 00:00:00+00:00,82513.5,83927.4,82171.4,83473.5,539.47877033
2025-04-03 04:00:00+00:00,83483.3,83732.7,83003.8,83459.1,176.28339592
2025-04-03 08:00:00+00:00,83459.2,83777.4,83046.6,83097.0,262.4119099
2025-04-03 12:00:00+00:00,83095.8,83148.6,81203.2,82030.5,1020.97842274
2025-04-03 16:00:00+00:00,82030.6,82466.4,81533.5,81984.2,343.05655736
2025-04-03 20:00:00+00:00,81996.4,83316.6,81797.4,83194.0,210.41934587
2025-04-04 00:00:00+00:00,83204.4,83406.4,82599.0,82812.5,147.9700262
2025-04-04 04:00:00+00:00,82814.4,84007.9,82610.6,83999.3,222.27545076
2025-04-04 08:00:00+00:00,83999.9,84720.6,81655.3,82678.6,746.16739441
2025-04-04 12:00:00+00:00,82672.0,83698.4,81844.0,82853.1,1136.39936119
2025-04-04 16:00:00+00:00,82870.5,84616.3,82735.9,84003.4,558.75973127
2025-04-04 20:00:00+00:00,84001.7,84441.0,83490.3,83887.5,174.97147759
2025-04-05 00:00:00+00:00,83887.6,84262.0,83415.0,83630.1,142.8176135
2025-04-05 04:00:00+00:00,83630.0,83866.6,83335.9,83525.6,116.81744058
2025-04-05 08:00:00+00:00,83525.6,83895.4,83363.2,83453.2,88.91271442
2025-04-05 12:00:00+00:00,83453.2,83553.8,82388.1,82627.8,231.083685
2025-04-05 16:00:00+00:00,82621.2,83140.0,82600.7,82855.7,83.33391702
2025-04-05 20:00:00+00:00,82855.7,83673.5,82819.1,83522.6,190.96992056
2025-04-06 00:00:00+00:00,83529.6,83793.3,83171.3,83336.1,132.85182227
2025-04-06 04:00:00+00:00,83338.2,83530.8,83021.9,83021.9,97.30201831
2025-04-06 08:00:00+00:00,83021.9,83166.0,82667.7,82844.7,89.53904779
2025-04-06 12:00:00+00:00,82844.7,82974.3,82215.0,82569.5,206.5146103
2025-04-06 16:00:00+00:00,82545.8,82556.5,78681.5,79632.5,987.54842809
2025-04-06 20:00:00+00:00,79626.2,79886.1,77152.0,78419.6,1249.6453524
2025-04-07 00:00:00+00:00,78447.9,79344.4,77352.1,77707.4,650.17825053
2025-04-07 04:00:00+00:00,77709.9,77974.0,74505.1,75127.1,1188.84018255
2025-04-07 08:00:00+00:00,75120.3,77576.4,75082.3,76682.2,970.48323702
2025-04-07 12:00:00+00:00,76688.3,81218.1,75787.5,78482.9,2837.91626864
2025-04-07 16:00:00+00:00,78482.9,79369.7,77323.0,78118.8,1265.62942421
2025-04-07 20:00:00+00:00,78127.4,80214.2,78104.3,79169.3,495.47354493
2025-04-08 00:00:00+00:00,79163.1,80870.6,78787.0,79898.6,365.03331389
2025-04-08 04:00:00+00:00,79902.5,80416.9,79224.9,79497.0,295.04131282
2025-04-08 08:00:00+00:00,79489.0,80061.8,78826.3,79972.7,379.70395361
2025-04-08 12:00:00+00:00,79976.5,80363.9,78179.5,78490.3,824.89721254
2025-04-08 16:00:00+00:00,78490.3,78526.0,76339.0,76847.7,1089.11035453
2025-04-08 20:00:00+00:00,76857.5,77282.3,76235.9,76315.1,450.48529157
2025-04-09 00:00:00+00:00,76324.2,76858.4,74625.2,75071.6,1366.18277136
2025-04-09 04:00:00+00:00,75071.6,77965.8,74994.0,77695.0,860.2540457
2025-04-09 08:00:00+00:00,77695.1,77874.0,75777.2,76230.8,871.58643163
2025-04-09 12:00:00+00:00,76230.4,78307.4,76031.4,77253.6,1225.61988666
2025-04-09 16:00:00+00:00,77247.7,82985.7,77141.9,82322.9,1957.88879715
2025-04-09 20:00:00+00:00,82333.0,83581.7,82007.0,82603.3,653.16350317
2025-04-10 00:00:00+00:00,82603.4,82735.5,81476.1,81767.8,408.48142304
2025-04-10 04:00:00+00:00,81767.7,82343.6,81296.7,81588.8,367.32070323
2025-04-10 08:00:00+00:00,81589.9,82107.6,81345.6,81879.5,384.69135889
2025-04-10 12:00:00+00:00,81872.0,82461.8,78618.5,78758.7,877.69727957
2025-04-10 16:00:00+00:00,78775.4,80035.8,78471.7,79664.6,943.82357865
2025-04-10 20:00:00+00:00,79644.1,80023.8,79381.1,79602.9,317.29549051
2025-04-11 00:00:00+00:00,79602.8,80894.6,78954.4,80843.3,608.36379654
2025-04-11 04:00:00+00:00,80839.3,81436.4,80509.9,81264.8,398.99392243
2025-04-11 08:00:00+00:00,81264.9,82975.6,80785.2,82123.4,711.71292108
2025-04-11 12:00:00+00:00,82131.1,83327.6,81338.1,82510.9,1349.41088274
2025-04-11 16:00:00+00:00,82511.0,84212.6,82018.6,83862.2,916.86593059
2025-04-11 20:00:00+00:00,83852.2,84304.9,83161.2,83415.8,362.05770922
2025-04-12 00:00:00+00:00,83415.8,83569.6,82800.0,82971.1,241.00108462
2025-04-12 04:00:00+00:00,82971.1,83810.0,82860.9,83723.2,311.35919754
2025-04-12 08:00:00+00:00,83723.3,84019.0,83305.9,83526.2,249.08422366
2025-04-12 12:00:00+00:00,83526.2,85398.2,83469.9,85005.7,680.47848637
2025-04-12 16:00:00+00:00,85005.7,85259.9,84430.0,84937.7,335.30315913
2025-04-12 20:00:00+00:00,84937.7,85906.4,84871.7,85269.8,287.92294995
2025-04-13 00:00:00+00:00,85269.8,86113.7,84730.0,85430.1,464.59551107
2025-04-13 04:00:00+00:00,85426.0,85433.1,84403.2,84416.9,338.36281899
2025-04-13 08:00:00+00:00,84414.3,84953.5,84211.6,84525.3,260.87838348
2025-04-13 12:00:00+00:00,84525.4,84684.5,83482.2,83849.4,526.64347051
2025-04-13 16:00:00+00:00,83849.5,85000.0,83043.4,83987.2,628.95735856
2025-04-13 20:00:00+00:00,83987.2,84433.5,83041.1,83756.8,667.31961316
2025-04-14 00:00:00+00:00,83762.1,85539.0,83670.2,84574.5,683.9854714
2025-04-14 04:00:00+00:00,84574.5,85101.1,84232.8,84588.1,382.98321527
2025-04-14 08:00:00+00:00,84588.1,84959.9,84257.6,84926.5,336.50295379
2025-04-14 12:00:00+00:00,84926.5,85795.6,83722.2,84112.0,726.34847045
2025-04-14 16:00:00+00:00,84096.9,85200.0,83866.4,84901.1,538.26918005
2025-04-14 20:00:00+00:00,84917.4,84969.9,84414.3,84590.8,279.05206264
2025-04-15 00:00:00+00:00,84590.9,85407.4,84350.3,85380.0,403.78831136
2025-04-15 04:00:00+00:00,85380.1,85875.0,85155.7,85678.9,302.9541851
2025-04-15 08:00:00+00:00,85678.9,86000.0,84991.4,85590.1,179.58615253
2025-04-15 12:00:00+00:00,85590.1,86459.9,84625.0,84923.2,769.06207821
2025-04-15 16:00:00+00:00,84923.3,85149.1,83920.0,83995.4,598.40911564
2025-04-15 20:00:00+00:00,83988.1,84236.8,83602.3,83642.8,418.40147881
2025-04-16 00:00:00+00:00,83642.8,83949.9,83111.2,83691.9,358.36070404
2025-04-16 04:00:00+00:00,83691.9,83822.8,83222.1,83367.0,238.19989126
2025-04-16 08:00:00+00:00,83360.8,84120.8,83139.2,84045.1,310.38116807
2025-04-16 12:00:00+00:00,84049.4,85261.3,83508.0,84841.0,506.22808861
2025-04-16 16:00:00+00:00,84841.0,85547.0,83275.2,84339.5,851.22576602
2025-04-16 20:00:00+00:00,84336.0,84680.0,84025.6,84029.0,233.74550181
2025-04-17 00:00:00+00:00,84029.0,84492.8,83823.2,84004.0,220.47477781
2025-04-17 04:00:00+00:00,84004.1,85044.5,83902.1,84665.1,222.26037526
2025-04-17 08:00:00+00:00,84665.2,84765.6,84185.3,84567.1,171.67525013
2025-04-17 12:00:00+00:00,84567.1,84866.0,83729.4,84534.6,401.18516067
2025-04-17 16:00:00+00:00,84534.7,85470.1,84405.9,84846.4,417.12656474
2025-04-17 20:00:00+00:00,84842.7,85147.0,84730.5,84952.6,126.08670078
2025-04-18 00:00:00+00:00,84952.6,85139.6,84739.7,84834.3,88.26315259
2025-04-18 04:00:00+00:00,84834.3,84839.8,84410.4,84647.9,91.70059388
2025-04-18 08:00:00+00:00,84648.0,84762.3,84472.8,84667.1,92.97845212
2025-04-18 12:00:00+00:00,84667.1,84765.5,84340.2,84378.7,122.57121792
2025-04-18 16:00:00+00:00,84378.8,84651.0,84311.0,84561.1,106.90951221
2025-04-18 20:00:00+00:00,84561.2,84685.7,84340.4,84465.5,69.21710312
2025-04-19 00:00:00+00:00,84465.2,84981.6,84359.7,84885.5,101.04485458
2025-04-19 04:00:00+00:00,84885.5,85266.6,84884.7,85204.1,121.57043437
2025-04-19 08:00:00+00:00,85204.1,85438.3,85109.1,85215.9,124.26658968
2025-04-19 12:00:00+00:00,85216.0,85670.6,85071.3,85189.5,131.33374157
2025-04-19 16:00:00+00:00,85189.6,85325.1,84700.0,85084.6,209.91644806
2025-04-19 20:00:00+00:00,85084.6,85369.0,85013.0,85079.3,72.16454891
2025-04-20 00:00:00+00:00,85079.3,85320.0,85044.4,85167.0,57.82243438
2025-04-20 04:00:00+00:00,85167.0,85247.7,84681.7,84785.3,95.2312086
2025-04-20 08:00:00+00:00,84785.4,84789.0,83950.5,84125.8,148.25556148
2025-04-20 12:00:00+00:00,84125.8,84666.6,84108.2,84350.7,145.35158675
2025-04-20 16:00:00+00:00,84350.6,84657.8,84276.8,84647.1,73.23135714
2025-04-20 20:00:00+00:00,84647.2,85299.9,84615.9,85188.9,176.45000008
2025-04-21 00:00:00+00:00,85189.0,87635.6,85140.6,87195.7,575.72359756
2025-04-21 04:00:00+00:00,87195.8,87726.2,87056.6,87434.3,211.94374243
2025-04-21 08:00:00+00:00,87434.3,87792.2,86645.4,86975.9,256.15406917
2025-04-21 12:00:00+00:00,86975.8,88469.0,86783.5,88046.0,586.41096915
2025-04-21 16:00:00+00:00,88046.0,88257.7,86395.1,87422.0,490.87356724
2025-04-21 20:00:00+00:00,87413.0,87629.4,86893.5,87518.5,183.52991171
2025-04-22 00:00:00+00:00,87518.6,88869.3,87071.6,88161.7,477.26573882
2025-04-22 04:00:00+00:00,88161.6,88493.3,87958.5,88477.3,184.5464567
2025-04-22 08:00:00+00:00,88477.3,88694.7,88236.2,88617.9,205.02184519
2025-04-22 12:00:00+00:00,88618.0,91425.3,88481.0,90933.0,844.50540482
2025-04-22 16:00:00+00:00,90933.0,91689.2,90619.0,91417.8,438.9319784
2025-04-22 20:00:00+00:00,91417.8,93982.2,91051.2,93443.6,655.70310787
2025-04-23 00:00:00+00:00,93443.5,93888.3,92594.0,93159.6,351.16949124
2025-04-23 04:00:00+00:00,93159.7,94265.8,93017.1,94136.9,278.55463262
2025-04-23 08:00:00+00:00,94137.0,94513.1,93299.3,93459.5,428.99407861
2025-04-23 12:00:00+00:00,93459.6,94713.4,91946.9,93195.9,920.93323056
2025-04-23 16:00:00+00:00,93195.9,94213.2,92912.0,93496.6,440.87232278
2025-04-23 20:00:00+00:00,93496.6,93915.7,93223.4,93690.3,235.76576633
2025-04-24 00:00:00+00:00,93690.3,93785.3,92650.6,92671.9,193.36384949
2025-04-24 04:00:00+00:00,92669.5,92904.3,92100.5,92206.3,230.44503083
2025-04-24 08:00:00+00:00,92206.3,92656.4,91675.8,92614.5,277.31592037
2025-04-24 12:00:00+00:00,92614.6,93460.8,92428.9,93200.7,361.65848277
2025-04-24 16:00:00+00:00,93200.8,93644.0,92667.2,93551.9,271.84460105
2025-04-24 20:00:00+00:00,93551.9,93999.0,93010.5,93976.8,203.4406437
2025-04-25 00:00:00+00:00,93976.9,94441.8,92851.2,93313.2,282.54607984
2025-04-25 04:00:00+00:00,93313.2,93859.6,93015.1,93777.7,185.13534814
2025-04-25 08:00:00+00:00,93777.6,94653.5,93544.0,94629.1,244.24588885
2025-04-25 12:00:00+00:00,94631.5,95790.0,93930.6,95057.5,718.05782103
2025-04-25 16:00:00+00:00,95066.9,95554.9,94371.8,95290.3,300.63977313
2025-04-25 20:00:00+00:00,95290.3,95343.3,94461.0,94638.2,141.28538706
2025-04-26 00:00:00+00:00,94638.2,95190.6,94550.1,94744.1,127.87732335
2025-04-26 04:00:00+00:00,94738.5,94830.0,94380.8,94567.6,92.89935655
2025-04-26 08:00:00+00:00,94565.1,94735.0,94000.0,94147.1,167.41937508
2025-04-26 12:00:00+00:00,94147.0,94392.9,93877.3,94371.4,153.03017921
2025-04-26 16:00:00+00:00,94369.1,94376.0,94041.0,94314.6,95.31024618
2025-04-26 20:00:00+00:00,94307.7,94887.9,94089.6,94623.8,128.94761749
2025-04-27 00:00:00+00:00,94624.1,95316.5,94028.8,94160.5,276.506338
2025-04-27 04:00:00+00:00,94157.5,94327.9,93655.2,94072.6,159.3701835
2025-04-27 08:00:00+00:00,94072.6,94324.0,93882.3,93913.8,103.42805797
2025-04-27 12:00:00+00:00,93912.8,94173.3,93608.7,93904.0,170.34617042
2025-04-27 16:00:00+00:00,93904.1,94438.4,93727.7,94430.4,119.98785397
2025-04-27 20:00:00+00:00,94430.3,94553.2,93647.6,93744.0,184.69479186
2025-04-28 00:00:00+00:00,93743.9,93982.1,92800.1,93840.6,493.5197835
2025-04-28 04:00:00+00:00,93840.7,94777.0,93840.7,94672.3,452.37140256
2025-04-28 08:00:00+00:00,94672.2,95527.9,94329.8,95316.0,593.6233694
2025-04-28 12:00:00+00:00,95316.1,95592.4,93575.8,93824.8,643.9146789
2025-04-28 16:00:00+00:00,93830.9,94918.4,93449.1,94798.1,365.59602891
2025-04-28 20:00:00+00:00,94783.9,95176.9,94304.4,95013.2,240.44082159
2025-04-29 00:00:00+00:00,95013.3,95456.7,94444.0,94654.3,300.02511267
2025-04-29 04:00:00+00:00,94654.4,94965.0,94215.3,94914.7,223.86337104
2025-04-29 08:00:00+00:00,94914.8,95286.9,94739.4,95135.5,216.06053437
2025-04-29 12:00:00+00:00,95134.4,95289.9,94526.9,94842.9,365.5066704
2025-04-29 16:00:00+00:00,94843.0,95451.2,94654.9,95303.7,337.2570163
2025-04-29 20:00:00+00:00,95303.7,95403.4,93736.7,94256.3,328.77734754
2025-04-30 00:00:00+00:00,94256.2,95113.6,94137.1,95035.2,181.71842603
2025-04-30 04:00:00+00:00,95035.2,95179.9,94500.1,94623.2,139.86362521
2025-04-30 08:00:00+00:00,94623.2,95220.0,94528.2,95171.0,149.2928678
2025-04-30 12:00:00+00:00,95171.0,95215.0,92911.9,94001.9,640.76839724
2025-04-30 16:00:00+00:00,93993.7,94509.9,93537.0,94167.6,226.768357
2025-04-30 20:00:00+00:00,94160.1,94781.3,93998.6,94181.8,189.47213704
2025-05-01 00:00:00+00:00,94177.4,95018.9,94136.9,94782.1,182.29493365
2025-05-01 04:00:00+00:00,94782.1,95181.8,94718.5,95022.4,158.26927814
2025-05-01 08:00:00+00:00,95017.5,96385.7,94906.9,96176.1,325.99405265
2025-05-01 12:00:00+00:00,96176.1,97434.3,95800.0,96854.5,543.46831264
2025-05-01 16:00:00+00:00,96854.4,97362.0,96419.4,96516.1,288.01996558
2025-05-01 20:00:00+00:00,96520.1,96890.3,96187.9,96485.4,189.80253991
2025-05-02 00:00:00+00:00,96485.5,97231.0,96454.5,97098.2,141.46308785
2025-05-02 04:00:00+00:00,97098.2,97288.3,96348.2,96351.0,182.46882676
2025-05-02 08:00:00+00:00,96350.9,97092.0,96350.8,96934.2,150.54034079
2025-05-02 12:00:00+00:00,96927.8,97889.0,96643.4,97322.5,350.11226977
2025-05-02 16:00:00+00:00,97322.4,97786.2,96766.6,96922.5,225.93489679
2025-05-02 20:00:00+00:00,96919.5,97139.4,96566.8,96888.1,126.46759576
2025-05-03 00:00:00+00:00,96888.2,96926.9,96321.4,96338.7,95.46565314
2025-05-03 04:00:00+00:00,96338.7,96593.7,96140.0,96335.5,90.31411827
2025-05-03 08:00:00+00:00,96335.6,96426.3,95853.3,95939.3,147.82103045
2025-05-03 12:00:00+00:00,95939.3,96500.0,95878.0,96415.7,81.19202885
2025-05-03 16:00:00+00:00,96415.7,96415.8,95871.1,96353.3,110.49081082
2025-05-03 20:00:00+00:00,96353.4,96440.0,95752.0,95854.5,115.04893419
2025-05-04 00:00:00+00:00,95854.4,96306.4,95586.8,95723.6,135.47916276
2025-05-04 04:00:00+00:00,95723.6,96145.4,95688.6,95883.5,92.48057372
2025-05-04 08:00:00+00:00,95883.6,95923.2,95300.0,95413.5,142.91897552
2025-05-04 12:00:00+00:00,95417.9,95683.6,95228.9,95462.2,103.48094215
2025-05-04 16:00:00+00:00,95462.2,95638.1,95242.6,95578.0,93.02445039
2025-05-04 20:00:00+00:00,95581.6,95755.0,94159.4,94280.5,240.35821941
2025-05-05 00:00:00+00:00,94280.6,94796.0,93513.1,94037.2,320.11966796
2025-05-05 04:00:00+00:00,94037.3,94821.1,94024.9,94747.5,141.67066996
2025-05-05 08:00:00+00:00,94747.4,94777.0,93888.0,94040.7,152.05308395
2025-05-05 12:00:00+00:00,94040.7,94566.6,93613.4,93770.3,305.82368
2025-05-05 16:00:00+00:00,93770.3,94900.3,93762.3,94341.2,237.36366336
2025-05-05 20:00:00+00:00,94341.5,95200.0,93879.4,94733.8,210.96967301
2025-05-06 00:00:00+00:00,94733.7,94926.4,94032.9,94461.9,189.91252289
2025-05-06 04:00:00+00:00,94461.8,94637.5,94311.7,94397.3,117.20398382
2025-05-06 08:00:00+00:00,94397.3,94397.4,93718.6,93812.0,187.05475675
2025-05-06 12:00:00+00:00,93812.1,94729.3,93377.8,94555.6,390.37440701
2025-05-06 16:00:00+00:00,94559.8,95160.9,94222.0,94946.6,245.15668296
2025-05-06 20:00:00+00:00,94960.2,96923.4,94455.5,96830.3,390.73725082
2025-05-07 00:00:00+00:00,96838.1,97726.2,96213.1,96512.1,344.87168904
2025-05-07 04:00:00+00:00,96512.1,97000.0,96312.6,96993.8,136.85643017
2025-05-07 08:00:00+00:00,96993.8,97108.9,96828.5,97041.3,128.20328205
2025-05-07 12:00:00+00:00,97041.3,97482.0,96714.0,96916.6,294.5230753
2025-05-07 16:00:00+00:00,96916.7,96958.1,95771.5,96155.2,456.7209208
2025-05-07 20:00:00+00:00,96178.8,97393.4,96079.0,97022.2,239.16349748
2025-05-08 00:00:00+00:00,97022.3,99219.1,96882.9,99143.6,436.28484778
2025-05-08 04:00:00+00:00,99146.3,99410.3,98721.8,99257.8,246.4917461
2025-05-08 08:00:00+00:00,99257.8,99880.0,99212.3,99408.6,295.88709598
2025-05-08 12:00:00+00:00,99408.5,101524.3,99088.9,100760.3,733.92502065
2025-05-08 16:00:00+00:00,100760.4,101700.0,100592.1,101292.7,441.34699125
2025-05-08 20:00:00+00:00,101296.6,104154.0,101280.3,103259.2,794.50617301
2025-05-09 00:00:00+00:00,103259.2,103264.6,102362.5,102457.3,399.44249801
2025-05-09 04:00:00+00:00,102452.1,104352.0,102375.8,103636.1,428.47491325
2025-05-09 08:00:00+00:00,103636.0,103933.5,102410.7,102947.4,726.5568376
2025-05-09 12:00:00+00:00,102939.5,103773.1,102419.1,102891.8,595.94860239
2025-05-09 16:00:00+00:00,102895.0,103372.1,102326.0,103189.8,426.35375973
2025-05-09 20:00:00+00:00,103194.1,103415.6,102735.1,102974.0,165.92476995
2025-05-10 00:00:00+00:00,102973.9,103269.2,102814.7,103222.5,162.9201103
2025-05-10 04:00:00+00:00,103222.5,104100.0,103040.7,103762.1,254.96335194
2025-05-10 08:00:00+00:00,103762.0,104083.8,103353.6,103409.7,358.87105138
2025-05-10 12:00:00+00:00,103409.7,103818.2,103091.6,103141.0,235.92391689
2025-05-10 16:00:00+00:00,103141.0,103613.2,103003.1,103182.9,307.11309927
2025-05-10 20:00:00+00:00,103182.9,104999.1,103059.5,104810.8,426.39896325
2025-05-11 00:00:00+00:00,104810.7,104968.8,103457.9,104012.3,441.21645796
2025-05-11 04:00:00+00:00,104005.3,104405.5,103339.2,103380.7,297.42767502
2025-05-11 08:00:00+00:00,103380.7,104764.5,103380.6,104648.7,288.43633428
2025-05-11 12:00:00+00:00,104648.7,104887.6,103774.6,104140.4,357.96432372
2025-05-11 16:00:00+00:00,104140.5,104839.9,103748.8,104421.5,356.4581697
2025-05-11 20:00:00+00:00,104421.5,104582.6,103573.9,104100.4,260.54606993
2025-05-12 00:00:00+00:00,104107.1,105105.1,103714.6,104088.7,346.5780796
2025-05-12 04:00:00+00:00,104088.8,105800.0,103750.0,104467.9,534.73714288
2025-05-12 08:00:00+00:00,104472.7,104729.7,103616.2,103753.9,417.02080065
2025-05-12 12:00:00+00:00,103753.9,104625.9,102395.2,102540.6,1048.04462885
2025-05-12 16:00:00+00:00,102536.1,103087.6,100739.3,101859.3,874.72132722
2025-05-12 20:00:00+00:00,101859.3,103127.5,101773.3,102787.8,319.41928885
2025-05-13 00:00:00+00:00,102787.7,102787.7,101440.1,101717.6,460.12492215
2025-05-13 04:00:00+00:00,101717.6,102940.3,101614.0,102665.2,310.90153441
2025-05-13 08:00:00+00:00,102665.2,103810.6,102548.7,103719.9,261.52058526
2025-05-13 12:00:00+00:00,103719.9,103998.0,102809.2,103677.9,672.55270358
2025-05-13 16:00:00+00:00,103677.8,104972.6,103534.3,104784.8,391.91051248
2025-05-13 20:00:00+00:00,104784.9,104932.0,103869.5,104124.7,265.15120995
2025-05-14 00:00:00+00:00,104112.3,104122.2,103452.0,103578.0,264.66768729
2025-05-14 04:00:00+00:00,103577.9,103986.3,103396.9,103708.0,136.81100458
2025-05-14 08:00:00+00:00,103708.0,104142.0,102866.2,103943.5,326.30091453
2025-05-14 12:00:00+00:00,103943.5,104346.0,102849.6,103507.2,407.97552753
2025-05-14 16:00:00+00:00,103507.2,103720.0,102605.2,103316.9,328.40966938
2025-05-14 20:00:00+00:00,103317.0,103669.5,103296.4,103505.6,112.98428832
2025-05-15 00:00:00+00:00,103505.7,103864.7,102719.5,102758.1,208.36008209
2025-05-15 04:00:00+00:00,102751.0,102967.3,101724.3,101788.9,298.61476412
2025-05-15 08:00:00+00:00,101789.0,102436.1,101505.3,102363.3,296.58994129
2025-05-15 12:00:00+00:00,102363.2,103283.5,101384.9,103251.9,585.45518245
2025-05-15 16:00:00+00:00,103251.9,104196.4,102553.7,103149.7,392.02281571
2025-05-15 20:00:00+00:00,103149.7,103979.3,102700.1,103764.4,315.90020526
2025-05-16 00:00:00+00:00,103764.5,104465.0,103474.1,104016.7,237.23699951
2025-05-16 04:00:00+00:00,104016.7,104190.0,103693.1,103704.5,123.91842257
2025-05-16 08:00:00+00:00,103704.5,103900.0,103109.7,103649.3,162.30047032
2025-05-16 12:00:00+00:00,103651.9,104273.5,103347.3,104185.6,329.17767709
2025-05-16 16:00:00+00:00,104188.1,104551.8,103575.0,104024.2,235.78139568
2025-05-16 20:00:00+00:00,104024.3,104032.0,103410.5,103462.0,153.64351506
2025-05-17 00:00:00+00:00,103462.1,103588.2,102602.1,103495.5,257.0692202
2025-05-17 04:00:00+00:00,103498.1,103699.9,103279.1,103444.2,133.01298623
2025-05-17 08:00:00+00:00,103444.2,103558.7,102742.9,102984.1,210.83540704
2025-05-17 12:00:00+00:00,102984.1,103181.0,102637.1,102950.1,142.867732
2025-05-17 16:00:00+00:00,102950.1,103362.3,102757.5,103148.0,206.30451829
2025-05-17 20:00:00+00:00,103147.9,103472.3,102890.3,103126.0,178.60646744
2025-05-18 00:00:00+00:00,103126.0,103408.5,103097.5,103292.8,98.47274744
2025-05-18 04:00:00+00:00,103292.7,103982.6,103292.7,103919.7,93.55451124
2025-05-18 08:00:00+00:00,103922.1,104095.0,103795.8,103806.8,91.0352035
2025-05-18 12:00:00+00:00,103806.8,105675.9,103697.3,105512.1,344.84560114
2025-05-18 16:00:00+00:00,105512.2,105976.0,103864.7,103885.3,467.89504714
2025-05-18 20:00:00+00:00,103875.9,106648.1,103111.0,106440.7,594.57649409
2025-05-19 00:00:00+00:00,106442.9,107105.7,103550.1,103607.6,415.31178357
2025-05-19 04:00:00+00:00,103607.7,103776.3,102072.3,103230.0,698.87514796
2025-05-19 08:00:00+00:00,103230.1,103437.6,102780.5,102965.1,279.62415178
2025-05-19 12:00:00+00:00,102955.7,104950.4,102148.1,104784.6,537.3075765
2025-05-19 16:00:00+00:00,104784.5,105548.3,104485.5,105517.2,498.7125953754746
2025-05-19 20:00:00+00:00,105508.4,105822.0,105020.7,105578.9,190.6786359
2025-05-20 00:00:00+00:00,105578.9,106854.7,105529.6,105760.0,428.37128818
2025-05-20 04:00:00+00:00,105760.1,106400.1,104907.7,105028.6,268.66072628
2025-05-20 08:00:00+00:00,105020.7,105411.2,104851.9,105201.7,200.15293469
2025-05-20 12:00:00+00:00,105194.3,105397.1,104177.7,105338.7,354.97804132
2025-05-20 16:00:00+00:00,105338.7,107243.5,105091.6,107033.2,433.76589127
2025-05-20 20:00:00+00:00,107029.7,107300.0,105932.3,106848.1,472.49186622
2025-05-21 00:00:00+00:00,106848.2,107200.0,106196.8,106838.3,314.55199242
2025-05-21 04:00:00+00:00,106838.3,107981.4,106450.0,106511.2,453.62683287
2025-05-21 08:00:00+00:00,106511.2,106789.1,106084.0,106546.0,289.42528989
2025-05-21 12:00:00+00:00,106544.2,109450.6,106324.3,108962.1,831.62450641
2025-05-21 16:00:00+00:00,108962.2,109827.1,106145.0,108622.3,1353.93546301
2025-05-21 20:00:00+00:00,108602.9,110752.6,107729.9,109649.5,552.75930523
2025-05-22 00:00:00+00:00,109641.0,111876.5,109193.7,111749.3,694.06225587
2025-05-22 04:00:00+00:00,111767.8,111792.7,110383.8,110968.1,1456.35153598
2025-05-22 08:00:00+00:00,110968.1,111312.0,110239.2,110964.5,696.04055927
2025-05-22 12:00:00+00:00,110964.6,111615.5,110540.0,111279.9,845.3756914
2025-05-22 16:00:00+00:00,111286.3,111972.4,110913.2,111176.9,568.47586877
2025-05-22 20:00:00+00:00,111191.8,111728.4,110762.3,111697.0,227.53602686
2025-05-23 00:00:00+00:00,111697.1,111792.0,111000.1,111103.1,246.72532111
2025-05-23 04:00:00+00:00,111090.0,111185.5,110392.0,110713.1,326.12027115
2025-05-23 08:00:00+00:00,110713.1,111374.7,108877.9,109085.4,501.1369044
2025-05-23 12:00:00+00:00,109091.0,109995.6,107318.4,108927.2,1316.90177372
2025-05-23 16:00:00+00:00,108935.4,109804.8,108004.2,108720.4,664.19148172
2025-05-23 20:00:00+00:00,108720.4,108727.5,106799.8,107327.3,406.32713223
2025-05-24 00:00:00+00:00,107327.2,108361.5,106877.3,108358.8,331.96531174
2025-05-24 04:00:00+00:00,108358.8,108567.6,107565.0,107589.1,160.43179043
2025-05-24 08:00:00+00:00,107589.1,109485.3,107589.1,109184.8,338.31744434
2025-05-24 12:00:00+00:00,109185.9,109265.6,108536.8,108931.8,247.66408552
2025-05-24 16:00:00+00:00,108931.9,109201.4,108690.2,108957.2,121.53832657
2025-05-24 20:00:00+00:00,108957.2,109124.1,107499.8,107754.6,352.10925683
2025-05-25 00:00:00+00:00,107754.6,108250.0,107203.6,108100.0,361.91983795
2025-05-25 04:00:00+00:00,108100.0,108284.9,107435.1,107664.4,163.67807182
2025-05-25 08:00:00+00:00,107664.3,107679.9,106706.5,107247.9,404.24559811
2025-05-25 12:00:00+00:00,107247.8,107741.1,106599.1,106963.7,368.51293926
2025-05-25 16:00:00+00:00,106963.7,107938.0,106636.9,107710.8,235.48185361
2025-05-25 20:00:00+00:00,107710.7,109304.0,107160.0,109011.1,446.13380412
2025-05-26 00:00:00+00:00,108999.1,109853.6,108666.7,109617.6,309.55015474
2025-05-26 04:00:00+00:00,109632.6,110214.2,109370.9,110099.4,196.04276847
2025-05-26 08:00:00+00:00,110099.4,110181.8,109556.8,109772.3,179.33916669
2025-05-26 12:00:00+00:00,109777.9,110400.3,109479.2,109986.7,341.91608758
2025-05-26 16:00:00+00:00,109998.6,110420.8,108849.6,109122.0,414.89012728
2025-05-26 20:00:00+00:00,109122.0,109881.6,108942.8,109454.9,199.17164285
2025-05-27 00:00:00+00:00,109435.3,109665.4,107500.0,108875.5,527.05030441
2025-05-27 04:00:00+00:00,108876.4,109630.1,108534.8,109532.5,258.5449481
2025-05-27 08:00:00+00:00,109532.6,109892.5,109427.9,109585.1,202.7874498
2025-05-27 12:00:00+00:00,109585.1,110716.1,108666.6,110121.6,704.51748471
2025-05-27 16:00:00+00:00,110121.6,110497.7,109568.2,109875.6,338.47352889
2025-05-27 20:00:00+00:00,109884.6,109894.3,108586.7,108934.8,236.49245341
2025-05-28 00:00:00+00:00,108934.8,109275.5,108405.2,108871.2,194.2201057
2025-05-28 04:00:00+00:00,108860.9,109084.9,108628.1,108815.8,131.1096502
2025-05-28 08:00:00+00:00,108815.8,109129.0,108260.0,108869.9,307.23211663
2025-05-28 12:00:00+00:00,108869.9,109055.4,107048.3,107103.4,434.24144936
2025-05-28 16:00:00+00:00,107113.2,107843.5,106933.1,106952.0,279.0207891
2025-05-28 20:00:00+00:00,106942.8,108048.7,106800.0,107775.6,222.63915215
2025-05-29 00:00:00+00:00,107775.7,108483.5,107423.6,108038.1,255.81841622
2025-05-29 04:00:00+00:00,108040.5,108109.2,106950.1,107871.3,241.81173507
2025-05-29 08:00:00+00:00,107876.0,108884.4,107677.6,108769.0,358.36060832
2025-05-29 12:00:00+00:00,108769.0,108793.3,106444.5,107017.5,686.81732136
2025-05-29 16:00:00+00:00,107017.5,107169.1,105634.9,105749.6,659.68693921
2025-05-29 20:00:00+00:00,105732.9,106471.6,105320.3,105579.3,294.07061553
2025-05-30 00:00:00+00:00,105588.8,106210.5,104534.1,106032.6,602.44660043
2025-05-30 04:00:00+00:00,106012.5,106306.6,104738.1,105024.0,267.33547918
2025-05-30 08:00:00+00:00,105038.0,105988.4,104607.8,105872.6,311.27871541
2025-05-30 12:00:00+00:00,105872.5,105988.6,105047.3,105534.3,534.79840495
2025-05-30 16:00:00+00:00,105538.0,105554.8,103700.1,104639.0,607.5434114
2025-05-30 20:00:00+00:00,104631.0,104883.8,103620.1,103994.5,388.97146799
2025-05-31 00:00:00+00:00,103994.3,104283.5,103080.0,103680.6,498.5374686
2025-05-31 04:00:00+00:00,103680.6,103900.5,103490.1,103757.8,96.43280409
2025-05-31 08:00:00+00:00,103757.7,103813.3,103282.9,103505.3,156.91540941
2025-05-31 12:00:00+00:00,103505.3,104841.0,103483.1,104554.8,220.3899072
2025-05-31 16:00:00+00:00,104554.8,104785.3,104266.2,104697.1,139.91386995
2025-05-31 20:00:00+00:00,104697.1,104899.9,104480.1,104593.4,156.44609552
2025-06-01 00:00:00+00:00,104593.4,104649.9,103927.2,104384.0,139.55413488
2025-06-01 04:00:00+00:00,104384.1,104740.0,104194.1,104276.5,105.03161511
2025-06-01 08:00:00+00:00,104276.5,104461.9,103762.4,104075.1,161.50733062
2025-06-01 12:00:00+00:00,104075.1,104810.4,103770.5,104715.5,158.52570372
2025-06-01 16:00:00+00:00,104715.5,105324.0,104350.0,105121.8,273.34466026
2025-06-01 20:00:00+00:00,105121.8,105860.0,104902.8,105644.2,186.41369082
2025-06-02 00:00:00+00:00,105644.3,105741.3,104568.0,104831.7,156.4994301
2025-06-02 04:00:00+00:00,104824.8,105442.3,104609.3,105391.3,121.90680204
2025-06-02 08:00:00+00:00,105391.2,105938.2,103923.7,104038.5,406.64748889
2025-06-02 12:00:00+00:00,104038.4,104665.4,103670.3,104434.3,475.24247509
2025-06-02 16:00:00+00:00,104447.4,104722.4,104031.1,104418.9,273.94172147
2025-06-02 20:00:00+00:00,104423.9,105932.0,104423.9,105841.8,300.98314744
2025-06-03 00:00:00+00:00,105861.7,106511.2,105339.6,105482.2,254.62325975
2025-06-03 04:00:00+00:00,105482.2,105515.4,105113.3,105167.4,156.05955336
2025-06-03 08:00:00+00:00,105167.4,105346.3,104873.7,105289.6,130.83971501
2025-06-03 12:00:00+00:00,105289.6,106790.0,105013.4,106603.4,393.98284307
2025-06-03 16:00:00+00:00,106612.0,106666.5,105594.6,106220.9,326.52294824
2025-06-03 20:00:00+00:00,106231.5,106244.3,105265.0,105365.6,268.042641
2025-06-04 00:00:00+00:00,105376.0,105838.9,105121.3,105520.4,210.15251611
2025-06-04 04:00:00+00:00,105520.4,105611.3,105256.5,105316.8,119.71530473
2025-06-04 08:00:00+00:00,105311.5,105992.9,105090.8,105092.5,189.05541656
2025-06-04 12:00:00+00:00,105092.5,105548.2,104179.7,105290.3,486.33052934
2025-06-04 16:00:00+00:00,105290.4,105482.9,104866.0,104912.3,215.32579706
2025-06-04 20:00:00+00:00,104899.1,105048.2,104400.1,104689.1,210.27352561
2025-06-05 00:00:00+00:00,104689.2,105244.1,104641.4,105040.3,153.54351882
2025-06-05 04:00:00+00:00,105040.3,105228.3,104376.3,104512.7,161.98160232
2025-06-05 08:00:00+00:00,104512.7,104911.4,104416.6,104823.2,152.38412158
2025-06-05 12:00:00+00:00,104823.0,105911.7,103889.4,104526.7,596.32260446
2025-06-05 16:00:00+00:00,104528.7,104588.7,101577.6,101909.3,742.87435349
2025-06-05 20:00:00+00:00,101909.4,102166.9,100386.6,101509.1,946.69265247
2025-06-06 00:00:00+00:00,101509.2,102519.6,101082.2,102494.8,254.12255128
2025-06-06 04:00:00+00:00,102494.9,103470.7,102388.3,103145.9,223.68196369
2025-06-06 08:00:00+00:00,103145.9,103989.6,103145.9,103926.6,229.06718997
2025-06-06 12:00:00+00:00,103926.6,105330.7,103520.5,105100.0,601.30096309
2025-06-06 16:00:00+00:00,105100.0,105292.0,104049.7,104217.1,283.25265795
2025-06-06 20:00:00+00:00,104217.2,104616.9,104168.1,104301.6,125.53034108
2025-06-07 00:00:00+00:00,104301.7,104915.9,103876.0,104865.7,140.31024602
2025-06-07 04:00:00+00:00,104873.8,105332.1,104648.6,104871.1,104.72944475
2025-06-07 08:00:00+00:00,104871.0,105271.5,104704.8,105146.8,150.25558234
2025-06-07 12:00:00+00:00,105146.8,105800.0,105146.8,105561.5,226.84379888
2025-06-07 16:00:00+00:00,105561.6,105899.2,105280.8,105723.7,152.73527583
2025-06-07 20:00:00+00:00,105723.8,105912.2,105539.1,105553.1,94.42991034
2025-06-08 00:00:00+00:00,105553.1,105789.2,105408.3,105479.8,75.50167072
2025-06-08 04:00:00+00:00,105479.8,105633.9,105409.0,105420.3,52.42819994
2025-06-08 08:00:00+00:00,105420.4,105720.3,104980.1,105675.2,162.29866643
2025-06-08 12:00:00+00:00,105675.3,106130.9,105517.2,105987.0,165.84669411
2025-06-08 16:00:00+00:00,105987.1,106354.0,105955.4,106295.4,135.35745362
2025-06-08 20:00:00+00:00,106295.3,106491.7,105568.6,105735.7,163.35744877
2025-06-09 00:00:00+00:00,105735.7,105973.1,105335.6,105669.2,219.42114548
2025-06-09 04:00:00+00:00,105669.3,105722.8,105336.8,105577.5,94.721624
2025-06-09 08:00:00+00:00,105577.6,107808.3,105486.9,107763.8,449.76838896
2025-06-09 12:00:00+00:00,107763.8,108100.0,106866.0,107631.9,512.50929545
2025-06-09 16:00:00+00:00,107632.0,108761.5,107631.9,108567.1,552.8426781
2025-06-09 20:00:00+00:00,108567.2,110577.4,108450.0,110270.0,530.92656505
2025-06-10 00:00:00+00:00,110270.0,110310.9,109379.2,109573.4,264.90459709
2025-06-10 04:00:00+00:00,109573.4,109734.3,109090.3,109213.9,192.39378942
2025-06-10 08:00:00+00:00,109213.9,109846.4,109061.4,109540.5,281.74204589
2025-06-10 12:00:00+00:00,109540.6,109882.4,108335.9,109009.6,541.68473845
2025-06-10 16:00:00+00:00,109012.6,110388.0,108509.0,109519.5,414.41774293
2025-06-10 20:00:00+00:00,109519.6,110304.0,109250.0,110276.0,332.16201147
2025-06-11 00:00:00+00:00,110276.1,110279.8,109554.0,109725.3,185.61822932
2025-06-11 04:00:00+00:00,109725.4,109740.0,109377.0,109442.8,119.77427434
2025-06-11 08:00:00+00:00,109442.8,109665.6,109190.4,109239.3,187.72784872
2025-06-11 12:00:00+00:00,109239.3,110356.1,109004.2,109718.5,718.04539193
2025-06-11 16:00:00+00:00,109729.3,109808.4,108400.0,108736.2,522.19566836
2025-06-11 20:00:00+00:00,108733.3,109213.8,108039.8,108656.4,369.07471538
2025-06-12 00:00:00+00:00,108644.6,108819.7,107726.0,107871.4,288.22389538
2025-06-12 04:00:00+00:00,107863.0,107992.3,107308.6,107619.4,252.37024265
2025-06-12 08:00:00+00:00,107619.4,107835.7,106875.8,106904.1,268.07192227
2025-06-12 12:00:00+00:00,106904.1,107814.0,106586.3,107017.4,531.45237511
2025-06-12 16:00:00+00:00,107017.3,108428.8,106670.5,106790.4,628.18113277
2025-06-12 20:00:00+00:00,106790.3,106965.1,105669.0,105676.3,747.87405681
2025-06-13 00:00:00+00:00,105669.0,105690.5,102656.1,104278.1,1886.19848252
2025-06-13 04:00:00+00:00,104292.1,104944.5,103784.5,104889.2,484.67688075
2025-06-13 08:00:00+00:00,104889.2,105454.5,104423.1,105037.9,467.66309664
2025-06-13 12:00:00+00:00,105037.9,105756.4,104118.9,105430.8,812.53629194
2025-06-13 16:00:00+00:00,105435.3,105950.0,104658.4,105102.8,608.68628409
2025-06-13 20:00:00+00:00,105102.8,106181.9,105006.6,106076.2,267.37957245
2025-06-14 00:00:00+00:00,106070.1,106214.3,105206.4,105237.2,218.79777952
2025-06-14 04:00:00+00:00,105237.1,105440.8,104792.5,105072.8,158.48883288
2025-06-14 08:00:00+00:00,105072.8,105126.0,104835.3,105090.1,171.11710479
2025-06-14 12:00:00+00:00,105087.8,105130.8,104627.1,104839.8,223.08620065
2025-06-14 16:00:00+00:00,104839.8,105039.5,104354.2,104631.6,320.91376396
2025-06-14 20:00:00+00:00,104639.7,105483.7,104300.6,105412.3,241.2154116
2025-06-15 00:00:00+00:00,105412.4,105679.1,105258.0,105468.4,105.50495855
2025-06-15 04:00:00+00:00,105468.4,106123.0,105206.4,105423.1,145.41941401
2025-06-15 08:00:00+00:00,105423.2,105481.7,104861.7,104959.5,163.66506621
2025-06-15 12:00:00+00:00,104965.0,105831.5,104948.8,105555.7,229.44825524
2025-06-15 16:00:00+00:00,105555.8,105781.2,105070.5,105294.5,184.5836614
2025-06-15 20:00:00+00:00,105294.6,105607.6,104458.6,105581.6,329.71275771
2025-06-16 00:00:00+00:00,105581.7,105973.1,104970.6,105924.6,265.06497065
2025-06-16 04:00:00+00:00,105915.8,107277.8,105872.2,107061.1,295.86350924
2025-06-16 08:00:00+00:00,107061.3,107248.1,106577.9,106892.5,198.50150668
2025-06-16 12:00:00+00:00,106892.6,107782.7,106499.6,107417.8,442.10956291
2025-06-16 16:00:00+00:00,107425.5,108884.4,107308.5,108662.4,327.74477549
2025-06-16 20:00:00+00:00,108656.2,108945.7,106700.1,106788.8,610.44493197
2025-06-17 00:00:00+00:00,106788.7,107749.4,106115.0,107577.3,625.44408076
2025-06-17 04:00:00+00:00,107591.7,107691.5,106475.2,106757.6,196.98039136
2025-06-17 08:00:00+00:00,106757.6,106821.1,105504.7,105639.6,306.84881123
2025-06-17 12:00:00+00:00,105636.6,105858.6,104128.8,104239.4,541.67943911
2025-06-17 16:00:00+00:00,104239.2,105340.1,103369.1,104670.9,698.75041031
2025-06-17 20:00:00+00:00,104670.8,104878.1,104204.4,104552.5,248.21224628
2025-06-18 00:00:00+00:00,104552.6,105246.2,104368.3,105184.0,154.1559956
2025-06-18 04:00:00+00:00,105184.1,105550.6,104710.4,104970.3,163.09418246
2025-06-18 08:00:00+00:00,104970.3,105318.5,104174.0,104833.5,245.74470356
2025-06-18 12:00:00+00:00,104832.0,105335.5,103807.5,104802.0,492.21686438
2025-06-18 16:00:00+00:00,104802.1,104838.8,103496.2,103803.0,581.70005459
2025-06-18 20:00:00+00:00,103811.8,105147.2,103649.9,104893.8,234.08400346
2025-06-19 00:00:00+00:00,104893.8,105235.2,104461.3,105099.7,145.36056113
2025-06-19 04:00:00+00:00,105105.3,105225.9,104625.0,104647.6,118.19304426
2025-06-19 08:00:00+00:00,104647.7,105074.2,104632.6,104773.3,175.2277814
2025-06-19 12:00:00+00:00,104773.2,104916.0,104074.0,104090.4,316.4703059
2025-06-19 16:00:00+00:00,104090.4,104821.3,103921.4,104245.6,337.0196989
2025-06-19 20:00:00+00:00,104245.5,104891.2,104139.1,104658.0,216.05952834
2025-06-20 00:00:00+00:00,104655.5,104810.3,104400.0,104605.5,148.51933377
2025-06-20 04:00:00+00:00,104599.5,105806.0,104230.4,105806.0,179.00606504
2025-06-20 08:00:00+00:00,105806.0,106521.6,105756.9,105980.9,341.90327812
2025-06-20 12:00:00+00:00,105980.9,106150.0,103889.2,104217.9,535.25531092
2025-06-20 16:00:00+00:00,104229.0,104274.0,102302.0,103340.3,752.36712729
2025-06-20 20:00:00+00:00,103318.9,103834.3,102975.0,103288.0,288.0868341
2025-06-21 00:00:00+00:00,103290.0,103690.1,103117.4,103491.8,135.49427071
2025-06-21 04:00:00+00:00,103491.9,103593.6,103320.4,103453.8,86.6438339
2025-06-21 08:00:00+00:00,103453.8,103987.2,103453.7,103870.0,134.37760076
2025-06-21 12:00:00+00:00,103870.0,103946.0,103284.7,103562.1,264.39626118
2025-06-21 16:00:00+00:00,103562.2,103644.2,102205.7,102248.0,465.71575587
2025-06-21 20:00:00+00:00,102242.9,102893.2,100883.8,102128.0,1164.57610861
2025-06-22 00:00:00+00:00,102128.2,103392.7,101840.0,102378.4,1171.94553657
2025-06-22 04:00:00+00:00,102378.4,102945.8,102260.6,102434.1,340.68079733
2025-06-22 08:00:00+00:00,102434.2,102811.1,102076.0,102730.0,326.73420085
2025-06-22 12:00:00+00:00,102730.0,102823.6,98893.4,98910.5,1568.40459231
2025-06-22 16:00:00+00:00,98910.5,100383.8,98682.5,98881.9,672.75273755
2025-06-22 20:00:00+00:00,98881.9,101035.4,98178.5,100980.2,1000.5522206
2025-06-23 00:00:00+00:00,100967.8,101611.3,100495.1,101156.2,551.21496994
2025-06-23 04:00:00+00:00,101161.0,102127.5,100980.2,101932.0,317.34517738
2025-06-23 08:00:00+00:00,101932.0,102100.2,101117.2,101297.1,277.83161468
2025-06-23 12:00:00+00:00,101297.1,102614.0,100805.4,101424.4,800.45353003
2025-06-23 16:00:00+00:00,101424.5,103303.2,99627.1,103168.2,1160.12981387
2025-06-23 20:00:00+00:00,103174.0,106072.2,102879.3,105345.3,964.23975935
2025-06-24 00:00:00+00:00,105332.4,105509.8,104733.6,104936.1,340.63817426
2025-06-24 04:00:00+00:00,104936.1,105825.7,104712.0,104953.1,380.28891657
2025-06-24 08:00:00+00:00,104944.1,105569.8,104629.6,105168.0,374.49205716
2025-06-24 12:00:00+00:00,105168.0,105730.1,104800.3,105247.2,635.2354477
2025-06-24 16:00:00+00:00,105247.2,106278.9,105184.1,105651.8,527.5596147
2025-06-24 20:00:00+00:00,105645.5,106129.2,105441.0,106091.3,266.6582614
2025-06-25 00:00:00+00:00,106091.3,106793.6,105811.4,106239.4,321.16221712
2025-06-25 04:00:00+00:00,106239.4,106706.9,106000.2,106602.1,241.17455148
2025-06-25 08:00:00+00:00,106602.1,107218.6,106334.4,107188.6,357.91825916
2025-06-25 12:00:00+00:00,107188.6,108131.5,106759.9,107027.6,715.05329999
2025-06-25 16:00:00+00:00,107027.5,107904.9,106920.6,107760.3,332.88751702
2025-06-25 20:00:00+00:00,107760.3,108011.0,107083.7,107338.0,226.35515224
2025-06-26 00:00:00+00:00,107338.0,108283.2,107106.0,107864.5,327.06919778
2025-06-26 04:00:00+00:00,107864.6,108086.3,107534.4,107817.3,262.69788299
2025-06-26 08:00:00+00:00,107817.4,108169.1,107112.2,107331.4,309.72992901
2025-06-26 12:00:00+00:00,107331.4,107761.6,106550.1,107309.5,514.03706678
2025-06-26 16:00:00+00:00,107309.6,107673.8,107014.0,107544.8,346.84998654
2025-06-26 20:00:00+00:00,107534.0,108000.0,106826.7,106953.2,296.05211851
2025-06-27 00:00:00+00:00,106963.6,107517.1,106440.3,107479.0,338.644551
2025-06-27 04:00:00+00:00,107479.0,107733.8,106861.9,106879.8,197.69747221
2025-06-27 08:00:00+00:00,106879.9,107171.7,106691.6,106989.6,311.01181806
2025-06-27 12:00:00+00:00,106989.7,107415.0,106382.6,107309.2,524.07630252
2025-06-27 16:00:00+00:00,107309.2,107716.3,106426.7,106801.7,522.42934616
2025-06-27 20:00:00+00:00,106801.6,107284.0,106797.8,107046.4,204.21601462
2025-06-28 00:00:00+00:00,107046.4,107346.3,106819.6,107307.0,128.70912858
2025-06-28 04:00:00+00:00,107307.0,107513.5,107181.1,107485.8,87.88746668
2025-06-28 08:00:00+00:00,107485.9,107490.0,107246.2,107366.3,110.60172079
2025-06-28 12:00:00+00:00,107366.3,107542.6,107087.0,107447.1,129.98009066
2025-06-28 16:00:00+00:00,107447.7,107531.6,107221.8,107221.8,134.8244011
2025-06-28 20:00:00+00:00,107220.9,107367.7,107151.9,107293.3,87.94690727
2025-06-29 00:00:00+00:00,107293.4,107500.0,107166.4,107206.5,89.24035792
2025-06-29 04:00:00+00:00,107206.5,107386.8,107206.4,107386.8,45.06443335
2025-06-29 08:00:00+00:00,107386.7,108466.7,107386.7,108453.9,282.04626035
2025-06-29 12:00:00+00:00,108464.9,108503.6,107652.8,107741.5,247.25617289
2025-06-29 16:00:00+00:00,107745.3,107782.5,107313.8,107407.3,219.26398878
2025-06-29 20:00:00+00:00,107407.4,108436.2,107248.9,108357.5,283.31446368
2025-06-30 00:00:00+00:00,108357.6,108778.3,108253.1,108509.1,286.38140529
2025-06-30 04:00:00+00:00,108509.2,108543.1,107477.9,107618.3,211.0227245
2025-06-30 08:00:00+00:00,107618.4,107967.9,107395.0,107661.1,234.06238092
2025-06-30 12:00:00+00:00,107661.1,107864.7,106692.5,107575.0,504.23604966
2025-06-30 16:00:00+00:00,107575.1,107823.1,107120.7,107748.5,324.10133895
2025-06-30 20:00:00+00:00,107763.1,107768.5,106916.6,107145.6,225.03860009
2025-07-01 00:00:00+00:00,107135.9,107535.1,107020.5,107199.3,168.18739187
2025-07-01 04:00:00+00:00,107199.4,107219.5,106621.1,107179.6,203.94472822
2025-07-01 08:00:00+00:00,107183.5,107183.5,106315.4,106605.5,244.7098305
2025-07-01 12:00:00+00:00,106609.9,107187.2,105635.5,105946.0,707.39418736
2025-07-01 16:00:00+00:00,105954.5,106292.0,105393.3,105393.3,444.36479057
2025-07-01 20:00:00+00:00,105397.8,106106.8,105256.4,105686.5,217.81272321
2025-07-02 00:00:00+00:00,105686.5,106216.8,105100.0,106193.7,295.7062651
2025-07-02 04:00:00+00:00,106194.1,107185.5,106138.1,107079.9,317.08446615
2025-07-02 08:00:00+00:00,107079.9,107843.5,107079.9,107479.3,442.13138422
2025-07-02 12:00:00+00:00,107479.3,108752.5,107186.8,108733.2,686.83302222
2025-07-02 16:00:00+00:00,108733.2,109727.7,108646.7,109675.5,937.63574287
2025-07-02 20:00:00+00:00,109675.4,109675.4,108723.0,108833.8,370.47527388
2025-07-03 00:00:00+00:00,108833.8,109111.9,108531.4,108625.5,336.35030975
2025-07-03 04:00:00+00:00,108625.6,109543.0,108558.0,109285.8,358.15329798
2025-07-03 08:00:00+00:00,109285.9,110250.0,109285.8,109601.8,404.32291683
2025-07-03 12:00:00+00:00,109601.7,110510.0,108753.6,109125.4,992.95548981
2025-07-03 16:00:00+00:00,109125.4,109914.3,109021.4,109808.3,505.757092
2025-07-03 20:00:00+00:00,109821.4,109998.7,109538.0,109593.2,294.21966869
2025-07-04 00:00:00+00:00,109593.3,109766.7,109110.5,109245.6,339.50321562
2025-07-04 04:00:00+00:00,109245.7,109328.6,108706.1,108706.1,207.77898693
2025-07-04 08:00:00+00:00,108706.2,109108.4,108519.0,108889.1,246.45333105
2025-07-04 12:00:00+00:00,108890.9,108974.4,107504.0,107598.3,613.57939358
2025-07-04 16:00:00+00:00,107598.3,107916.8,107258.5,107479.3,340.50725919
2025-07-04 20:00:00+00:00,107479.3,108259.8,107440.3,107984.7,291.68630326
2025-07-05 00:00:00+00:00,107984.7,108258.9,107752.3,108154.1,160.74782059
2025-07-05 04:00:00+00:00,108154.2,108410.0,108008.6,108054.4,150.00220281
2025-07-05 08:00:00+00:00,108054.4,108215.0,107882.2,108113.6,132.59780137
2025-07-05 12:00:00+00:00,108113.6,108231.5,107969.2,108061.9,109.02299799
2025-07-05 16:00:00+00:00,108062.0,108167.5,107851.9,108142.4,149.70233915
2025-07-05 20:00:00+00:00,108142.4,108226.0,107995.5,108200.4,95.8314926
2025-07-06 00:00:00+00:00,108200.5,108264.1,108030.7,108044.4,102.62083223
2025-07-06 04:00:00+00:00,108044.5,108219.9,107969.1,108047.0,83.78851297
2025-07-06 08:00:00+00:00,108046.9,108129.8,107814.0,108077.7,112.98430495
2025-07-06 12:00:00+00:00,108077.6,109128.1,108050.0,108899.7,420.82718579
2025-07-06 16:00:00+00:00,108900.7,108961.3,108293.1,108537.8,262.27221698
2025-07-06 20:00:00+00:00,108537.8,109695.4,108537.7,109203.7,510.61000571
2025-07-07 00:00:00+00:00,109203.8,109703.8,108680.4,109389.5,315.43286843
2025-07-07 04:00:00+00:00,109389.6,109446.7,108653.3,109060.4,214.42080841
2025-07-07 08:00:00+00:00,109060.3,109088.0,108580.3,108639.8,308.17320574
2025-07-07 12:00:00+00:00,108639.8,108658.9,107971.5,108300.7,672.51950064
2025-07-07 16:00:00+00:00,108300.7,108508.9,107516.7,108049.4,592.51755851
2025-07-07 20:00:00+00:00,108049.4,108298.6,107794.4,108269.9,259.85053903
2025-07-08 00:00:00+00:00,108269.8,108522.8,107443.3,107909.2,570.64599782
2025-07-08 04:00:00+00:00,107909.2,108495.0,107750.7,108480.2,277.20593004
2025-07-08 08:00:00+00:00,108483.9,109004.0,108229.8,108760.6,296.33315443
2025-07-08 12:00:00+00:00,108760.7,109214.5,108212.7,108258.4,506.56859417
2025-07-08 16:00:00+00:00,108258.5,109146.9,108095.5,108778.0,391.21287576
2025-07-08 20:00:00+00:00,108773.7,108972.8,108623.9,108922.7,172.08919634
2025-07-09 00:00:00+00:00,108922.7,109130.9,108345.6,108379.4,224.8082612
2025-07-09 04:00:00+00:00,108377.2,108928.8,108334.7,108701.0,261.56378733
2025-07-09 08:00:00+00:00,108701.1,109113.5,108558.4,109054.7,225.78785798
2025-07-09 12:00:00+00:00,109054.6,109758.6,108501.7,109069.1,822.17707956
2025-07-09 16:00:00+00:00,109069.2,112000.0,109033.0,111734.8,931.04755951
2025-07-09 20:00:00+00:00,111744.9,111926.8,110566.3,111233.8,720.89405286
2025-07-10 00:00:00+00:00,111233.9,111564.3,110885.1,111072.9,346.165486
2025-07-10 04:00:00+00:00,111073.0,111439.1,110921.7,111225.6,319.77807729
2025-07-10 08:00:00+00:00,111225.6,111398.4,110866.2,111018.6,269.01363984
2025-07-10 12:00:00+00:00,111018.6,111402.8,110506.8,111401.3,703.39204839
2025-07-10 16:00:00+00:00,111402.8,113776.9,111329.9,113307.1,1080.26297455
2025-07-10 20:00:00+00:00,113307.1,117396.2,113273.0,115998.3,1378.48012581
2025-07-11 00:00:00+00:00,115998.3,116973.4,115198.4,116887.6,701.68690128
2025-07-11 04:00:00+00:00,116887.6,118398.5,116470.0,117523.5,994.26088477
2025-07-11 08:00:00+00:00,117523.6,118844.1,117523.5,117797.7,793.30057614
2025-07-11 12:00:00+00:00,117797.7,118240.7,116722.5,116899.9,1129.8561073
2025-07-11 16:00:00+00:00,116900.0,118137.0,116603.8,118101.0,791.04225642
2025-07-11 20:00:00+00:00,118100.5,118100.5,117142.1,117524.6,621.92166444
2025-07-12 00:00:00+00:00,117524.6,117834.4,117126.9,117765.2,353.76090903
2025-07-12 04:00:00+00:00,117769.0,118058.7,117509.6,117723.8,437.9023673
2025-07-12 08:00:00+00:00,117723.7,118186.6,117609.5,117806.5,405.8604853
2025-07-12 12:00:00+00:00,117806.6,117856.4,116913.4,117094.4,837.65164828
2025-07-12 16:00:00+00:00,117094.4,117629.2,117044.2,117542.7,317.1584822
2025-07-12 20:00:00+00:00,117542.7,117554.6,117000.0,117414.1,276.80991833
2025-07-13 00:00:00+00:00,117414.1,117812.3,117212.0,117739.2,339.92249874
2025-07-13 04:00:00+00:00,117739.3,118055.8,117680.7,117981.8,231.56914851
2025-07-13 08:00:00+00:00,117981.8,118075.0,117685.1,118056.6,194.62305117
2025-07-13 12:00:00+00:00,118056.3,119400.0,117969.1,118670.7,949.29274841
2025-07-13 16:00:00+00:00,118670.7,119468.9,118383.5,118959.8,486.48389462
2025-07-13 20:00:00+00:00,118959.8,119362.9,118221.3,119073.7,531.42765823
2025-07-14 00:00:00+00:00,119073.8,121494.1,118895.5,120733.5,806.50115465
2025-07-14 04:00:00+00:00,120733.6,123288.0,120553.5,122695.6,1141.91783283
2025-07-14 08:00:00+00:00,122709.6,122740.4,121333.2,121446.7,704.57156091
2025-07-14 12:00:00+00:00,121446.6,122098.8,119597.6,119872.0,1004.71878836
2025-07-14 16:00:00+00:00,119872.1,120502.3,119206.0,119931.8,748.8572475
2025-07-14 20:00:00+00:00,119931.9,120432.0,119523.0,119830.9,341.84919103
2025-07-15 00:00:00+00:00,119830.9,119926.5,116840.8,117166.0,1096.29427174
2025-07-15 04:00:00+00:00,117164.2,117746.2,116274.1,116774.1,874.36354238
2025-07-15 08:00:00+00:00,116774.0,117214.0,116301.9,117111.8,462.71217947
2025-07-15 12:00:00+00:00,117111.8,118479.8,115603.9,116397.1,1615.5272622533828
2025-07-15 16:00:00+00:00,116397.1,117725.4,116015.0,116399.4,1054.77480561
2025-07-15 20:00:00+00:00,116399.4,117975.7,116184.3,117766.8,568.40166157
2025-07-16 00:00:00+00:00,117766.8,118200.0,117017.6,117483.4,399.60582927
2025-07-16 04:00:00+00:00,117483.5,118311.3,117275.8,118183.1,370.05027811
2025-07-16 08:00:00+00:00,118183.0,119301.4,118118.9,118754.6,357.73008979
2025-07-16 12:00:00+00:00,118766.3,119800.0,118163.3,119091.2,1189.99603315
2025-07-16 16:00:00+00:00,119094.7,119909.0,118456.0,119225.0,730.27154876
2025-07-16 20:00:00+00:00,119227.8,120065.5,118413.1,118641.9,596.60553827
2025-07-17 00:00:00+00:00,118642.0,119156.4,117679.9,118125.4,653.72398372
2025-07-17 04:00:00+00:00,118125.4,118775.1,117857.6,118307.5,425.84862857
2025-07-17 08:00:00+00:00,118307.5,119193.1,117969.2,117976.9,467.57535757
2025-07-17 12:00:00+00:00,117977.0,119071.4,117459.1,118872.8,988.94145178
2025-07-17 16:00:00+00:00,118872.9,119868.1,118334.8,118935.4,802.50272884
2025-07-17 20:00:00+00:00,118952.4,120963.1,118387.7,119176.7,1072.28633602
2025-07-18 00:00:00+00:00,119176.7,120772.4,119005.2,120218.8,668.93242959
2025-07-18 04:00:00+00:00,120218.8,120830.7,119300.0,119356.9,515.59392278
2025-07-18 08:00:00+00:00,119356.9,119466.2,118393.2,119177.1,660.96357501
2025-07-18 12:00:00+00:00,119177.2,119504.8,117300.0,117858.5,935.74072619
2025-07-18 16:00:00+00:00,117858.8,118052.2,117130.7,117369.0,557.1546636
2025-07-18 20:00:00+00:00,117368.9,117998.6,116813.3,117919.8,518.44747864
2025-07-19 00:00:00+00:00,117919.8,118372.7,117611.4,118323.8,290.75818389
2025-07-19 04:00:00+00:00,118323.8,118358.3,118050.0,118166.1,178.47882982
2025-07-19 08:00:00+00:00,118166.1,118493.2,117943.1,118322.6,178.70883788
2025-07-19 12:00:00+00:00,118322.6,118322.6,117640.5,118059.4,333.86691685
2025-07-19 16:00:00+00:00,118059.3,118155.7,117599.6,118008.6,299.32524296
2025-07-19 20:00:00+00:00,118008.6,118147.4,117278.1,117848.3,315.80088963
2025-07-20 00:00:00+00:00,117848.3,118160.0,117665.7,117959.9,275.44049679
2025-07-20 04:00:00+00:00,117960.0,118223.5,117766.8,118017.0,249.75362522
2025-07-20 08:00:00+00:00,118017.0,118269.8,117822.4,117873.1,273.42187511
2025-07-20 12:00:00+00:00,117873.1,118794.8,117720.9,118670.1,448.60137315
2025-07-20 16:00:00+00:00,118670.4,118850.0,117955.0,118155.3,477.46460957
2025-07-20 20:00:00+00:00,118155.4,118259.7,116467.7,117263.9,604.53770447
2025-07-21 00:00:00+00:00,117263.9,118605.6,116529.5,118393.3,744.47630415
2025-07-21 04:00:00+00:00,118393.2,119647.5,118184.8,119350.1,441.14668572
2025-07-21 08:00:00+00:00,119350.1,119495.0,118071.1,118071.1,427.01635086
2025-07-21 12:00:00+00:00,118071.1,119224.2,117770.8,118327.7,621.73069605
2025-07-21 16:00:00+00:00,118327.8,118398.4,116655.1,116751.3,647.84766232
2025-07-21 20:00:00+00:00,116760.4,117624.8,116653.9,117381.0,332.96980659
2025-07-22 00:00:00+00:00,117381.1,117948.3,116109.0,117202.9,615.01962623
2025-07-22 04:00:00+00:00,117209.2,118578.4,116555.0,117979.3,505.5499266
2025-07-22 08:00:00+00:00,117979.8,119177.0,117489.8,119140.8,441.48340621
2025-07-22 12:00:00+00:00,119140.9,119567.4,117550.0,118894.7,748.20996192
2025-07-22 16:00:00+00:00,118895.0,120206.5,118390.0,119281.4,646.91886902
2025-07-22 20:00:00+00:00,119281.5,120235.8,119206.2,119953.4,367.06881296
2025-07-23 00:00:00+00:00,119953.4,120099.6,118527.9,118599.9,323.05413311
2025-07-23 04:00:00+00:00,118600.0,118995.0,118300.3,118351.6,254.15178251
2025-07-23 08:00:00+00:00,118351.5,118615.0,117844.7,118532.7,390.75997693
2025-07-23 12:00:00+00:00,118532.8,118751.0,117314.2,118569.9,744.34956605
2025-07-23 16:00:00+00:00,118569.9,118569.9,117332.4,118385.0,628.21817459
2025-07-23 20:00:00+00:00,118386.5,118747.3,117380.6,118747.2,450.04316138
2025-07-24 00:00:00+00:00,118747.3,119261.4,118471.7,118490.0,299.22463907
2025-07-24 04:00:00+00:00,118490.1,118570.5,117110.2,118415.0,642.72469202
2025-07-24 08:00:00+00:00,118415.0,118802.9,117960.8,118597.1,414.63821051
2025-07-24 12:00:00+00:00,118597.1,119464.3,117824.9,119087.7,707.98649938
2025-07-24 16:00:00+00:00,119092.0,119397.5,118354.4,118918.6,491.45716698
2025-07-24 20:00:00+00:00,118936.0,119004.5,118150.0,118325.0,300.92250329
2025-07-25 00:00:00+00:00,118330.0,118445.0,115344.2,115430.8,990.69798465
2025-07-25 04:00:00+00:00,115420.5,116136.3,114735.0,115315.0,878.45547239
2025-07-25 08:00:00+00:00,115315.1,116770.2,115013.8,116540.0,1065.46867243
2025-07-25 12:00:00+00:00,116540.1,116650.0,114911.3,115720.8,1296.95592728
2025-07-25 16:00:00+00:00,115720.8,116999.9,115452.1,116701.6,730.47883416
2025-07-25 20:00:00+00:00,116695.0,117630.0,116582.2,117619.2,368.44689043
2025-07-26 00:00:00+00:00,117612.1,117745.2,117137.5,117492.1,341.25112788
2025-07-26 04:00:00+00:00,117490.4,117544.9,117316.3,117316.3,161.9706357
2025-07-26 08:00:00+00:00,117316.3,118200.0,117316.3,117775.9,237.19315074
2025-07-26 12:00:00+00:00,117775.9,118221.2,117766.4,118128.9,264.64613656
2025-07-26 16:00:00+00:00,118129.0,118291.8,117940.3,118227.4,197.81124143
2025-07-26 20:00:00+00:00,118227.3,118299.3,117880.4,117915.0,252.9352427
2025-07-27 00:00:00+00:00,117917.2,118378.9,117829.8,118185.9,234.4124538
2025-07-27 04:00:00+00:00,118185.9,118444.1,118067.7,118092.5,272.16786587
2025-07-27 08:00:00+00:00,118092.4,118285.6,117855.1,118066.2,187.76888948
2025-07-27 12:00:00+00:00,118066.3,118583.1,117889.9,118577.2,331.19125783
2025-07-27 16:00:00+00:00,118577.1,119535.0,118577.1,118960.8,730.33056973
2025-07-27 20:00:00+00:00,118960.8,119752.2,118717.4,119411.2,450.11914809
2025-07-28 00:00:00+00:00,119414.6,119795.0,118961.0,119274.9,383.8129783
2025-07-28 04:00:00+00:00,119274.9,119671.4,118761.1,118897.1,242.14368185
2025-07-28 08:00:00+00:00,118897.1,119105.0,118481.7,118818.1,264.98396595
2025-07-28 12:00:00+00:00,118820.0,119083.1,117914.1,118175.7,582.56034893
2025-07-28 16:00:00+00:00,118175.7,118369.6,117412.8,118075.8,413.95691313
2025-07-28 20:00:00+00:00,118075.0,118331.0,117491.7,118055.1,316.20390071
2025-07-29 00:00:00+00:00,118055.1,118788.2,117445.0,118750.0,450.61602112
2025-07-29 04:00:00+00:00,118751.1,119264.0,118417.0,118881.8,283.74970427
2025-07-29 08:00:00+00:00,118881.7,119049.2,118164.7,118580.6,279.3132664
2025-07-29 12:00:00+00:00,118580.6,119065.5,117268.0,117390.0,569.22466693
2025-07-29 16:00:00+00:00,117390.0,118048.0,116960.9,117528.4,464.17447853
2025-07-29 20:00:00+00:00,117528.4,117984.5,117091.6,117935.0,353.03691033
2025-07-30 00:00:00+00:00,117935.0,118247.5,117424.2,118165.1,259.07481331
2025-07-30 04:00:00+00:00,118165.1,118411.4,117668.7,118123.6,212.16518296
2025-07-30 08:00:00+00:00,118123.6,118470.3,117361.9,117566.2,373.23666188
2025-07-30 12:00:00+00:00,117567.0,118770.5,117358.7,117986.0,682.01616474
2025-07-30 16:00:00+00:00,117987.0,118036.9,115781.7,116929.5,746.86834747
2025-07-30 20:00:00+00:00,116925.6,117908.2,116891.8,117839.2,321.02850705
2025-07-31 00:00:00+00:00,117839.1,118595.1,117788.0,118448.2,251.34358473
2025-07-31 04:00:00+00:00,118460.0,118908.3,118283.8,118653.9,175.46299533
2025-07-31 08:00:00+00:00,118653.9,118750.0,118300.0,118350.9,180.89056036
2025-07-31 12:00:00+00:00,118351.0,118699.0,117821.8,118299.9,586.38052608
2025-07-31 16:00:00+00:00,118300.0,118871.4,116764.4,116787.3,591.62213661
2025-07-31 20:00:00+00:00,116786.6,116990.1,115486.9,115770.2,460.62541183
2025-08-01 00:00:00+00:00,115770.1,116057.0,114312.5,115657.9,771.69766937
2025-08-01 04:00:00+00:00,115657.9,115915.7,114633.1,115084.6,421.96612102
2025-08-01 08:00:00+00:00,115082.0,115339.3,114108.8,115305.8,626.82014262
2025-08-01 12:00:00+00:00,115305.7,116007.6,113961.8,115357.0,1020.41200284
2025-08-01 16:00:00+00:00,115356.0,115686.0,113224.6,113324.0,834.31473799
2025-08-01 20:00:00+00:00,113320.7,114095.5,112730.9,113298.7,632.69011847
2025-08-02 00:00:00+00:00,113298.7,113905.6,113198.5,113905.6,248.37501384
2025-08-02 04:00:00+00:00,113905.8,114050.4,113464.1,113981.4,191.8151991
2025-08-02 08:00:00+00:00,113981.4,114039.0,113444.9,113791.0,268.92807704
2025-08-02 12:00:00+00:00,113791.0,113791.0,112820.0,112831.2,251.74061278
2025-08-02 16:00:00+00:00,112831.3,113411.9,111988.6,112222.6,583.20598469
2025-08-02 20:00:00+00:00,112222.7,113049.1,112069.9,112547.1,353.96246965
2025-08-03 00:00:00+00:00,112555.6,113723.9,111918.6,113606.6,383.96582676
2025-08-03 04:00:00+00:00,113606.6,113719.3,113361.0,113697.9,185.58146885
2025-08-03 08:00:00+00:00,113697.9,114248.9,113555.0,113871.2,229.19603329
2025-08-03 12:00:00+00:00,113871.3,114097.6,113588.0,113945.9,255.88964573
2025-08-03 16:00:00+00:00,113946.0,114776.5,113774.9,114297.0,293.56480092
2025-08-03 20:00:00+00:00,114297.0,114611.5,114065.0,114204.1,245.44964957
2025-08-04 00:00:00+00:00,114204.1,114999.9,114109.2,114589.0,527.43300053
2025-08-04 04:00:00+00:00,114588.9,114782.6,114169.0,114673.3,219.8873744
2025-08-04 08:00:00+00:00,114673.3,114764.3,114220.1,114493.0,222.68045673
2025-08-04 12:00:00+00:00,114493.0,115465.7,114121.1,114825.4,513.88681639
2025-08-04 16:00:00+00:00,114826.0,115717.7,114734.1,114765.8,742.96895877135
2025-08-04 20:00:00+00:00,114765.7,115334.2,114624.3,115055.8,309.58337356
2025-08-05 00:00:00+00:00,115055.8,115109.1,114258.7,114258.8,597.96136114
2025-08-05 04:00:00+00:00,114258.8,114501.2,113724.0,113974.7,310.81311621
2025-08-05 08:00:00+00:00,113964.2,115087.1,113929.6,114827.6,354.03724405
2025-08-05 12:00:00+00:00,114827.7,114893.0,112653.8,112934.0,760.06772934
2025-08-05 16:00:00+00:00,112933.9,113756.3,112815.7,113611.0,701.02157451
2025-08-05 20:00:00+00:00,113611.0,114217.7,113279.0,114129.6,343.28726332
2025-08-06 00:00:00+00:00,114129.7,114132.8,113401.4,113521.1,342.29110876
2025-08-06 04:00:00+00:00,113521.0,114407.9,113355.0,114227.2,278.55530929
2025-08-06 08:00:00+00:00,114227.1,114399.6,113727.4,114220.9,299.88495334
2025-08-06 12:00:00+00:00,114221.0,115521.6,113580.1,115409.7,515.12433039
2025-08-06 16:00:00+00:00,115411.7,115698.3,114930.5,115250.9,324.31105808
2025-08-06 20:00:00+00:00,115250.9,115260.1,114787.7,114979.7,81.69968763
2025-08-07 00:00:00+00:00,114979.7,115181.2,114400.4,114549.9,157.28946122
2025-08-07 04:00:00+00:00,114549.9,114861.0,114262.3,114786.0,368.19777593
2025-08-07 08:00:00+00:00,114786.0,116800.0,114785.9,116501.7,461.20031738
2025-08-07 12:00:00+00:00,116501.7,116780.0,116023.9,116689.4,426.23020487
2025-08-07 16:00:00+00:00,116689.3,117513.5,115625.9,117460.7,357.82283687
2025-08-07 20:00:00+00:00,117460.7,117620.4,117000.0,117458.7,380.40708859
2025-08-08 00:00:00+00:00,117458.7,117631.2,116698.0,116748.3,646.88242917
2025-08-08 04:00:00+00:00,116748.3,116975.0,116401.5,116828.5,350.76041621
2025-08-08 08:00:00+00:00,116828.0,116923.9,116318.3,116897.9,291.88979519
2025-08-08 12:00:00+00:00,116898.0,117257.9,115890.9,116210.8,1144.26740991
2025-08-08 16:00:00+00:00,116210.0,116886.0,115999.8,116445.3,559.02779751
2025-08-08 20:00:00+00:00,116445.2,116979.9,116301.7,116667.3,261.15591839
2025-08-09 00:00:00+00:00,116667.3,116747.0,116344.3,116390.1,247.96625085
2025-08-09 04:00:00+00:00,116390.0,116976.2,116368.0,116755.9,534.77905178
2025-08-09 08:00:00+00:00,116755.9,117919.5,116746.8,117099.4,506.62952883
2025-08-09 12:00:00+00:00,117099.5,117223.0,116709.1,116882.5,388.73101269
2025-08-09 16:00:00+00:00,116885.9,116941.4,116511.7,116537.0,362.07859005
2025-08-09 20:00:00+00:00,116537.0,117019.9,116392.2,116464.2,384.4449101
2025-08-10 00:00:00+00:00,116464.2,118518.1,116462.1,118493.5,391.6490451
2025-08-10 04:00:00+00:00,118493.6,118726.9,117474.4,117804.2,455.12987369
2025-08-10 08:00:00+00:00,117804.2,118503.5,117608.4,118317.4,546.53804062
2025-08-10 12:00:00+00:00,118317.4,119100.0,118234.0,118811.0,713.02295795
2025-08-10 16:00:00+00:00,118810.9,118943.0,118400.0,118663.1,358.97296388
2025-08-10 20:00:00+00:00,118663.1,119310.1,118077.3,119291.0,567.10154774
2025-08-11 00:00:00+00:00,119291.0,122132.9,118985.1,121715.3,597.73095426
2025-08-11 04:00:00+00:00,121715.3,122298.7,121451.1,121518.4,428.367579
2025-08-11 08:00:00+00:00,121518.5,121796.5,120281.5,120558.1,710.83191981
2025-08-11 12:00:00+00:00,120558.0,120649.0,119367.1,120315.9,850.86873518
2025-08-11 16:00:00+00:00,120316.0,120786.9,118621.1,119088.1,843.96165745
2025-08-11 20:00:00+00:00,119088.2,119181.9,118083.0,118688.6,386.21265436
2025-08-12 00:00:00+00:00,118688.6,119282.4,118600.2,118855.7,492.84009623
2025-08-12 04:00:00+00:00,118855.7,119158.0,118441.7,118982.6,398.7388339
2025-08-12 08:00:00+00:00,118982.6,119048.7,118222.6,118521.1,736.01870298
2025-08-12 12:00:00+00:00,118521.1,119949.0,118285.7,119923.4,1251.28498479
2025-08-12 16:00:00+00:00,119923.4,120170.0,119178.1,119653.4,914.9284098
2025-08-12 20:00:00+00:00,119646.8,120308.5,119466.1,120119.1,457.2726235
2025-08-13 00:00:00+00:00,120119.1,120181.7,119093.0,119486.0,618.59460057
2025-08-13 04:00:00+00:00,119486.0,119826.0,118937.8,119580.4,577.36114214
2025-08-13 08:00:00+00:00,119580.4,120715.0,119451.9,120569.9,677.43789254
2025-08-13 12:00:00+00:00,120569.3,122192.7,120107.1,120920.5,1272.53160983
2025-08-13 16:00:00+00:00,120920.5,122833.9,120920.5,122738.0,793.38060647
2025-08-13 20:00:00+00:00,122738.0,123651.4,122293.9,123293.4,886.54425312
2025-08-14 00:00:00+00:00,123293.4,124447.7,123234.4,123360.4,789.50326608
2025-08-14 04:00:00+00:00,123355.9,123430.1,121303.0,121735.0,862.75622187
2025-08-14 08:00:00+00:00,121734.9,122023.7,120695.3,120943.0,786.0049189
2025-08-14 12:00:00+00:00,120943.0,121153.7,117500.0,118255.0,2284.66716249
2025-08-14 16:00:00+00:00,118255.1,118525.0,117110.6,117937.6,1066.099326
2025-08-14 20:00:00+00:00,117937.6,118525.4,117321.2,118293.4,676.86789056
2025-08-15 00:00:00+00:00,118293.5,119079.0,118041.2,118959.9,872.36126946
2025-08-15 04:00:00+00:00,118959.9,119210.5,118638.3,118956.0,480.94021967
2025-08-15 08:00:00+00:00,118956.0,119145.9,118606.3,119010.2,608.78193033
2025-08-15 12:00:00+00:00,119010.3,119099.9,116763.4,117281.2,1472.20893497
2025-08-15 16:00:00+00:00,117273.0,117883.1,116802.0,116922.4,891.20993452
2025-08-15 20:00:00+00:00,116922.9,117764.8,116870.4,117336.0,357.70780166
2025-08-16 00:00:00+00:00,117336.0,117894.4,117224.4,117431.5,369.58860222
2025-08-16 04:00:00+00:00,117431.5,117888.5,117286.9,117604.0,422.28355094
2025-08-16 08:00:00+00:00,117604.1,117705.6,117136.0,117373.2,536.54640335
2025-08-16 12:00:00+00:00,117373.3,117821.9,117330.6,117681.6,427.32908539
2025-08-16 16:00:00+00:00,117681.6,117814.5,117632.8,117678.2,260.76746724
2025-08-16 20:00:00+00:00,117678.2,117694.1,117217.7,117383.0,201.78544428
2025-08-17 00:00:00+00:00,117382.3,117750.4,117178.6,117687.5,256.46515329
2025-08-17 04:00:00+00:00,117687.4,118226.8,117687.4,118000.6,316.91773441
2025-08-17 08:00:00+00:00,118000.6,118472.2,117929.3,118309.4,321.8850583
2025-08-17 12:00:00+00:00,118309.5,118574.3,118088.5,118246.9,296.40461662
2025-08-17 16:00:00+00:00,118247.0,118310.5,117311.0,117561.2,354.46112407
2025-08-17 20:00:00+00:00,117561.3,117984.5,117374.8,117404.3,416.26730319
2025-08-18 00:00:00+00:00,117404.3,117535.9,115013.0,115331.2,1246.75063474
2025-08-18 04:00:00+00:00,115331.1,115716.3,114881.9,115211.1,780.62825137
2025-08-18 08:00:00+00:00,115211.1,115410.8,114658.9,114952.0,556.5183687
2025-08-18 12:00:00+00:00,114951.9,116169.6,114792.3,116144.4,866.28327842
2025-08-18 16:00:00+00:00,116144.5,116786.6,115844.3,116308.1,653.28594663
2025-08-18 20:00:00+00:00,116308.1,116970.7,115990.8,116228.4,434.88984986
2025-08-19 00:00:00+00:00,116228.5,116717.3,114799.3,114815.9,806.33387837
2025-08-19 04:00:00+00:00,114815.9,115463.5,114365.3,114977.2,558.70823498
2025-08-19 08:00:00+00:00,114977.3,115646.5,114806.1,115517.5,409.55686293
2025-08-19 12:00:00+00:00,115517.5,115875.7,113577.1,113769.1,1131.24145011
2025-08-19 16:00:00+00:00,113769.7,113879.9,112820.4,113133.7,1185.74834126
2025-08-19 20:00:00+00:00,113133.7,113585.0,112744.3,112880.0,559.01700878
2025-08-20 00:00:00+00:00,112879.9,113634.4,112580.0,113530.9,844.34386395
2025-08-20 04:00:00+00:00,113531.0,113836.4,113440.7,113479.7,550.80982162
2025-08-20 08:00:00+00:00,113479.8,114021.1,113060.9,113660.4,555.89859971
2025-08-20 12:00:00+00:00,113660.5,114420.4,112380.5,113351.2,1281.98091039
2025-08-20 16:00:00+00:00,113351.3,114443.7,113270.6,114267.3,956.08682344
2025-08-20 20:00:00+00:00,114267.3,114607.1,113999.9,114256.9,582.24850096
2025-08-21 00:00:00+00:00,114256.9,114803.0,113904.8,113963.0,876.37125093
2025-08-21 04:00:00+00:00,113963.0,114027.8,113583.0,113899.1,419.3776743
2025-08-21 08:00:00+00:00,113899.0,113985.0,113000.0,113152.0,400.00864135
2025-08-21 12:00:00+00:00,113151.3,113970.0,112606.7,112791.1,933.09117846
2025-08-21 16:00:00+00:00,112791.1,112961.6,112013.0,112186.4,892.68393154
2025-08-21 20:00:00+00:00,112186.5,112869.2,112067.4,112496.5,455.9198695
2025-08-22 00:00:00+00:00,112496.5,113504.0,112343.2,112918.7,613.09338383
2025-08-22 04:00:00+00:00,112918.7,113382.4,112717.2,113095.0,527.63094602
2025-08-22 08:00:00+00:00,113095.0,113318.1,112181.1,112318.2,466.23378651
2025-08-22 12:00:00+00:00,112318.3,117287.5,111687.0,116361.9,1914.76035065
2025-08-22 16:00:00+00:00,116362.0,117399.6,116116.0,116643.3,1107.69667717
2025-08-22 20:00:00+00:00,116645.9,117157.0,116558.8,116921.6,427.66265304
2025-08-23 00:00:00+00:00,116921.6,117014.4,115463.0,115571.0,655.98279056
2025-08-23 04:00:00+00:00,115571.0,116030.0,115558.9,115792.0,494.16059657
2025-08-23 08:00:00+00:00,115794.0,115861.3,115222.3,115285.7,320.85540622
2025-08-23 12:00:00+00:00,115285.7,115465.3,114569.6,114820.0,420.27085034
2025-08-23 16:00:00+00:00,114820.0,115174.8,114691.3,115123.0,361.1737337
2025-08-23 20:00:00+00:00,115123.0,115413.6,115016.1,115413.6,224.70579178
2025-08-24 00:00:00+00:00,115413.5,115662.4,114955.0,115032.8,480.22514489
2025-08-24 04:00:00+00:00,115032.8,115268.9,114848.4,114887.8,408.33202337
2025-08-24 08:00:00+00:00,114887.8,115044.6,114601.5,114728.8,420.72285828
2025-08-24 12:00:00+00:00,114728.8,114853.0,114359.7,114414.0,480.8089722
2025-08-24 16:00:00+00:00,114414.0,114895.0,110547.1,112594.3,1388.99832758
2025-08-24 20:00:00+00:00,112594.3,113688.0,111654.8,113463.6,1034.48247471
2025-08-25 00:00:00+00:00,113463.6,113662.0,112172.9,112922.1,1563.55929571
2025-08-25 04:00:00+00:00,112922.1,113057.9,111292.2,111516.2,1245.26514418
2025-08-25 08:00:00+00:00,111516.3,111833.2,110942.0,111211.7,1057.21675027
2025-08-25 12:00:00+00:00,111211.7,112569.9,110578.9,112191.7,1690.44971135
2025-08-25 16:00:00+00:00,112191.7,112936.4,110663.2,110696.4,2149.7821324
2025-08-25 20:00:00+00:00,110696.5,111092.6,109274.0,110112.8,1414.85236021
2025-08-26 00:00:00+00:00,110112.9,110112.9,108680.0,109875.3,1138.65125071
2025-08-26 04:00:00+00:00,109877.3,110534.9,109766.4,110299.7,600.23091685
2025-08-26 08:00:00+00:00,110299.8,110443.4,109573.0,109872.5,669.92192015
2025-08-26 12:00:00+00:00,109872.5,110820.3,109393.6,109667.9,1417.63939672
2025-08-26 16:00:00+00:00,109668.0,111156.9,109449.9,111116.6,1108.33241825
2025-08-26 20:00:00+00:00,111115.9,112376.9,110920.7,111764.6,870.60036867
2025-08-27 00:00:00+00:00,111764.6,111824.5,110928.7,111424.3,984.52216122
2025-08-27 04:00:00+00:00,111424.3,111735.3,110653.5,110722.5,530.21679814
2025-08-27 08:00:00+00:00,110722.5,111373.5,110363.9,111325.4,511.86230757
2025-08-27 12:00:00+00:00,111325.4,112618.8,111019.8,112013.5,1187.83292314
2025-08-27 16:00:00+00:00,112013.5,112590.2,111546.0,112082.7,888.45541531
2025-08-27 20:00:00+00:00,112082.7,112445.2,110937.9,111259.3,1143.45701574
2025-08-28 00:00:00+00:00,111259.2,112029.0,110877.9,112001.2,805.16817228
2025-08-28 04:00:00+00:00,112001.2,113358.0,111947.0,113133.0,363.26771278
2025-08-28 08:00:00+00:00,113126.7,113353.1,112830.7,112903.0,313.92553277
2025-08-28 12:00:00+00:00,112903.1,113466.8,112391.7,112623.6,1152.34567917
2025-08-28 16:00:00+00:00,112623.7,113162.0,111897.5,111897.6,854.73876172
2025-08-28 20:00:00+00:00,111897.6,112578.0,111872.9,112572.6,538.50080734
2025-08-29 00:00:00+00:00,112572.7,112635.1,111317.0,111710.2,707.73469235
2025-08-29 04:00:00+00:00,111710.3,111844.1,109912.4,110026.0,695.92422042
2025-08-29 08:00:00+00:00,110026.0,110268.0,109422.0,110082.8,627.66872523
2025-08-29 12:00:00+00:00,110082.9,111511.2,108105.3,108399.3,1344.43197266
2025-08-29 16:00:00+00:00,108389.3,108827.7,107937.1,108217.4,560.73016961
2025-08-29 20:00:00+00:00,108217.5,108544.8,107465.7,108366.0,439.2597577
2025-08-30 00:00:00+00:00,108366.1,108420.4,107342.4,108420.3,411.33851892
2025-08-30 04:00:00+00:00,108420.4,108665.8,108119.9,108509.0,257.72112742
2025-08-30 08:00:00+00:00,108508.9,108772.5,108406.0,108684.7,141.18350889
2025-08-30 12:00:00+00:00,108681.8,108918.8,108211.7,108876.7,249.51617415
2025-08-30 16:00:00+00:00,108869.9,108900.0,108627.9,108826.4,136.13689575
2025-08-30 20:00:00+00:00,108826.5,108831.9,108476.9,108806.2,116.57828614
2025-08-31 00:00:00+00:00,108806.2,109478.8,108805.0,109217.9,262.66210523
2025-08-31 04:00:00+00:00,109218.0,109231.5,108527.9,108703.1,146.11428695
2025-08-31 08:00:00+00:00,108703.1,109096.7,108314.1,108386.4,233.53997383
2025-08-31 12:00:00+00:00,108386.3,108841.3,108189.2,108806.6,370.22331179
2025-08-31 16:00:00+00:00,108806.6,109229.5,108552.5,108919.9,269.20965453
2025-08-31 20:00:00+00:00,108920.0,109233.4,108073.4,108244.9,313.50624535
2025-09-01 00:00:00+00:00,108244.9,108471.0,107393.5,107659.9,650.58874808
2025-09-01 04:00:00+00:00,107659.9,109421.6,107260.0,109421.6,535.52428201
2025-09-01 08:00:00+00:00,109421.7,109900.0,108186.3,108770.9,428.93237481
2025-09-01 12:00:00+00:00,108771.0,109512.8,108575.0,108779.0,454.10654518
2025-09-01 16:00:00+00:00,108779.0,109326.3,108402.0,109215.2,346.08247963
2025-09-01 20:00:00+00:00,109215.3,109434.9,107442.5,109237.4,540.2277110980419
2025-09-02 00:00:00+00:00,109237.4,110607.6,108887.9,110324.0,648.05774603
2025-09-02 04:00:00+00:00,110324.0,110606.6,109789.6,110211.0,444.16122068
2025-09-02 08:00:00+00:00,110212.0,110683.1,109560.9,109721.1,429.03472222
2025-09-02 12:00:00+00:00,109721.1,111766.5,108394.0,110828.9,964.1119659
2025-09-02 16:00:00+00:00,110828.9,111118.3,110193.2,110805.6,606.57649559
2025-09-02 20:00:00+00:00,110805.6,111528.0,110721.1,111228.1,373.39685818
2025-09-03 00:00:00+00:00,111228.1,111760.6,110900.0,111047.4,312.30042935
2025-09-03 04:00:00+00:00,111047.3,111141.0,110539.5,111099.7,365.05658643
2025-09-03 08:00:00+00:00,111099.7,111709.3,110889.9,111438.2,266.38384522
2025-09-03 12:00:00+00:00,111438.3,112526.3,111031.6,112224.2,825.55933099
2025-09-03 16:00:00+00:00,112224.1,112575.3,111687.7,112198.3,388.08199
2025-09-03 20:00:00+00:00,112197.4,112247.4,111619.2,111700.0,152.56262339
2025-09-04 00:00:00+00:00,111700.1,112180.1,111144.1,111144.1,480.98689381
2025-09-04 04:00:00+00:00,111145.1,111320.9,110291.8,110468.8,441.17578901
2025-09-04 08:00:00+00:00,110468.8,111137.4,110417.1,110806.8,247.15232231
2025-09-04 12:00:00+00:00,110806.8,111116.1,109329.8,109512.6,506.89963969
2025-09-04 16:00:00+00:00,109512.6,110187.0,109363.9,109794.2,256.01751646
2025-09-04 20:00:00+00:00,109794.3,111755.0,109752.0,110723.4,243.47239609
2025-09-05 00:00:00+00:00,110725.2,111480.9,110431.4,111308.1,260.76295791
2025-09-05 04:00:00+00:00,111308.1,112984.9,111148.9,112954.5,309.24856593
2025-09-05 08:00:00+00:00,112954.6,112989.5,112138.7,112352.7,278.39941941
2025-09-05 12:00:00+00:00,112352.7,113382.4,110279.0,110713.0,1370.6574516
2025-09-05 16:00:00+00:00,110713.0,111610.5,110219.5,111602.5,312.78725165
2025-09-05 20:00:00+00:00,111602.5,111693.7,110386.2,110654.1,315.24390156
2025-09-06 00:00:00+00:00,110660.1,111302.4,110561.2,111082.3,134.51677094
2025-09-06 04:00:00+00:00,111082.2,111082.3,110705.4,110824.3,70.43687077
2025-09-06 08:00:00+00:00,110824.3,110961.0,110673.3,110781.2,84.1547829
2025-09-06 12:00:00+00:00,110781.3,110996.3,110360.0,110382.7,136.44781848
2025-09-06 16:00:00+00:00,110382.7,110396.1,109970.8,110032.2,216.38285246
2025-09-06 20:00:00+00:00,110032.2,110271.8,110032.1,110181.2,69.62587443
2025-09-07 00:00:00+00:00,110181.2,110733.8,110181.2,110632.6,94.6444951
2025-09-07 04:00:00+00:00,110632.6,110910.0,110469.9,110744.9,102.89629719
2025-09-07 08:00:00+00:00,110745.0,111360.8,110720.2,111286.8,204.51258372
2025-09-07 12:00:00+00:00,111286.9,111412.1,111041.9,111327.8,150.07544995
2025-09-07 16:00:00+00:00,111327.8,111365.0,110863.1,111252.9,152.07639533
2025-09-07 20:00:00+00:00,111253.0,111591.7,111001.3,111137.9,203.53065025
2025-09-08 00:00:00+00:00,111137.7,111364.0,110626.0,111043.4,401.46958615
2025-09-08 04:00:00+00:00,111043.5,111603.3,110911.4,111274.8,214.04987041
2025-09-08 08:00:00+00:00,111274.8,112186.1,111250.5,112051.1,313.97135152
2025-09-08 12:00:00+00:00,112051.1,112909.4,111846.2,112620.0,389.88586577
2025-09-08 16:00:00+00:00,112620.1,112667.2,111981.0,112089.0,252.28448188
2025-09-08 20:00:00+00:00,112090.0,112500.0,111895.9,112069.4,150.28991481
2025-09-09 00:00:00+00:00,112069.4,112098.6,111122.0,111706.9,240.09298537
2025-09-09 04:00:00+00:00,111707.0,113274.4,111630.1,112989.9,472.06860528
2025-09-09 08:00:00+00:00,112989.9,113162.7,112408.9,112430.0,327.66204689
2025-09-09 12:00:00+00:00,112430.4,112939.0,110767.3,110879.6,748.0996269
2025-09-09 16:00:00+00:00,110876.6,111382.8,110784.6,111305.0,282.24894073
2025-09-09 20:00:00+00:00,111305.0,111726.0,111095.1,111531.4,292.30375394
2025-09-10 00:00:00+00:00,111539.0,111567.9,110925.9,111535.4,241.27747981
2025-09-10 04:00:00+00:00,111535.4,112590.1,111372.0,112532.5,204.67709289
2025-09-10 08:00:00+00:00,112532.6,112834.9,112105.2,112292.0,254.65640347
2025-09-10 12:00:00+00:00,112292.1,114274.3,112292.1,113827.3,757.36030993
2025-09-10 16:00:00+00:00,113827.2,114072.2,113143.5,113564.2,407.10053657
2025-09-10 20:00:00+00:00,113570.8,114030.3,113533.1,113954.9,258.73366678
2025-09-11 00:00:00+00:00,113955.0,114420.1,113675.7,114401.9,147.04098454
2025-09-11 04:00:00+00:00,114400.1,114456.9,113959.1,114089.5,172.50595381
2025-09-11 08:00:00+00:00,114089.6,114196.0,113778.4,113994.4,176.00011465
2025-09-11 12:00:00+00:00,113994.4,114702.4,113430.1,114182.1,613.75857323
2025-09-11 16:00:00+00:00,114182.0,114599.9,114089.8,114420.0,254.51439479
2025-09-11 20:00:00+00:00,114420.0,115469.1,114250.8,115469.0,210.60761997
2025-09-12 00:00:00+00:00,115469.0,116311.2,115050.0,115194.0,286.94843763
2025-09-12 04:00:00+00:00,115194.0,115646.4,115077.0,115082.0,272.98682291
2025-09-12 08:00:00+00:00,115082.1,115257.5,114873.0,114906.2,246.39294339
2025-09-12 12:00:00+00:00,114906.3,115486.3,114691.3,115110.0,325.77398473
2025-09-12 16:00:00+00:00,115110.0,116659.2,115030.9,116645.1,385.4324431
2025-09-12 20:00:00+00:00,116631.9,116632.0,115772.0,116026.0,266.18307911
2025-09-13 00:00:00+00:00,116026.0,116288.3,115599.8,115969.9,172.54859145
2025-09-13 04:00:00+00:00,115970.0,115970.0,115663.5,115786.0,79.1115286
2025-09-13 08:00:00+00:00,115786.0,116165.1,115780.1,115976.5,87.82222879
2025-09-13 12:00:00+00:00,115976.5,116047.5,115601.7,115765.9,200.00998569
2025-09-13 16:00:00+00:00,115766.0,115808.0,115104.6,115781.7,246.24420777
2025-09-13 20:00:00+00:00,115789.9,115983.9,115789.8,115909.9,69.73569965
2025-09-14 00:00:00+00:00,115909.9,116100.0,115650.9,115676.7,154.83904006
2025-09-14 04:00:00+00:00,115676.7,115936.0,115468.5,115806.7,128.428632
2025-09-14 08:00:00+00:00,115806.7,116165.3,115749.1,115791.8,99.90932946
2025-09-14 12:00:00+00:00,115791.8,115875.0,115164.5,115225.7,201.06708288
2025-09-14 16:00:00+00:00,115224.1,115655.5,115193.8,115620.0,85.91310092
2025-09-14 20:00:00+00:00,115630.0,116086.3,115140.6,115279.6,147.1969257
2025-09-15 00:00:00+00:00,115279.3,115574.0,114827.4,115447.1,235.33168597
2025-09-15 04:00:00+00:00,115447.1,116750.9,115407.1,115803.4,300.55312376
2025-09-15 08:00:00+00:00,115803.5,115806.7,114634.9,115066.7,268.38703729
2025-09-15 12:00:00+00:00,115063.6,115086.6,114392.0,114868.0,280.21011641
2025-09-15 16:00:00+00:00,114845.2,115563.2,114600.7,115295.4,244.22183688
2025-09-15 20:00:00+00:00,115303.0,115595.8,115201.8,115356.3,106.61958768
2025-09-16 00:00:00+00:00,115356.4,115519.9,114950.5,115307.3,101.0562126
2025-09-16 04:00:00+00:00,115307.3,115996.3,114945.1,115827.4,182.36348213
2025-09-16 08:00:00+00:00,115829.0,115979.9,115207.0,115288.0,156.46937255
2025-09-16 12:00:00+00:00,115288.0,115899.6,114717.5,115899.6,246.88860312
2025-09-16 16:00:00+00:00,115899.7,116857.1,115608.2,116794.5,310.78360615
2025-09-16 20:00:00+00:00,116796.8,116943.0,116590.0,116789.0,147.58766249
2025-09-17 00:00:00+00:00,116789.1,117069.8,116374.4,116374.4,154.05295536
2025-09-17 04:00:00+00:00,116374.5,117279.1,116166.3,117161.7,242.77514965
2025-09-17 08:00:00+00:00,117161.7,117185.7,116259.1,116261.2,188.30006742
2025-09-17 12:00:00+00:00,116261.2,116519.0,115449.5,115878.6,256.87595639
2025-09-17 16:00:00+00:00,115878.6,116315.3,114735.0,115644.9,663.33749881
2025-09-17 20:00:00+00:00,115645.0,116978.2,115317.9,116444.3,246.12707311
2025-09-18 00:00:00+00:00,116444.3,117886.1,116092.9,117572.5,280.33855999
2025-09-18 04:00:00+00:00,117581.7,117749.1,116896.0,117087.9,206.32755731
2025-09-18 08:00:00+00:00,117088.0,117400.0,117012.5,117053.1,166.59230614
2025-09-18 12:00:00+00:00,117053.2,117837.1,116977.4,117587.0,326.13207573
2025-09-18 16:00:00+00:00,117587.1,117900.8,117198.0,117464.5,208.10184433
2025-09-18 20:00:00+00:00,117464.5,117652.1,116635.3,117075.1,154.03946172
2025-09-19 00:00:00+00:00,117075.1,117458.6,116877.4,116978.4,157.10960723
2025-09-19 04:00:00+00:00,116978.5,117090.0,116635.3,116914.1,163.04157469
2025-09-19 08:00:00+00:00,116914.1,117089.6,116306.4,116390.6,149.42652426
2025-09-19 12:00:00+00:00,116390.6,116523.8,115467.7,115886.4,282.82670878
2025-09-19 16:00:00+00:00,115886.5,116137.4,115112.9,115121.6,157.50775221
2025-09-19 20:00:00+00:00,115121.6,115648.0,115100.0,115632.3,80.133075
2025-09-20 00:00:00+00:00,115632.3,115722.9,115411.3,115439.3,53.82445436
2025-09-20 04:00:00+00:00,115439.3,115980.9,115411.0,115973.9,53.27519882
2025-09-20 08:00:00+00:00,115974.0,115974.0,115676.0,115899.7,71.87470631
2025-09-20 12:00:00+00:00,115899.7,116118.4,115806.2,115984.3,74.92944076
2025-09-20 16:00:00+00:00,115984.3,116078.0,115703.0,115703.1,71.7943135
2025-09-20 20:00:00+00:00,115703.1,115940.0,115624.0,115678.2,51.47718516
2025-09-21 00:00:00+00:00,115678.3,115731.8,115453.0,115666.7,61.582759393713296
2025-09-21 04:00:00+00:00,115666.8,115820.5,115491.7,115820.5,55.11485918
2025-09-21 08:00:00+00:00,115820.5,115820.6,115338.0,115607.1,78.21316516
2025-09-21 12:00:00+00:00,115607.2,115747.2,115475.8,115536.3,67.11863414
2025-09-21 16:00:00+00:00,115536.4,115667.6,115212.4,115489.6,87.79583706
2025-09-21 20:00:00+00:00,115489.7,115545.5,115200.0,115235.0,97.0111436
2025-09-22 00:00:00+00:00,115245.3,115379.3,114148.9,114650.2,369.84457382
2025-09-22 04:00:00+00:00,114650.3,114650.3,111655.9,112519.9,827.29043653
2025-09-22 08:00:00+00:00,112519.9,112975.7,112180.0,112878.1,502.94722079
2025-09-22 12:00:00+00:00,112878.1,113421.1,112390.1,112824.6,511.87780706
2025-09-22 16:00:00+00:00,112824.7,112887.7,111947.0,112120.0,421.61973002
2025-09-22 20:00:00+00:00,112119.9,112976.9,111976.9,112659.0,302.34544866
2025-09-23 00:00:00+00:00,112659.1,112833.0,111479.8,112331.0,534.52727153
2025-09-23 04:00:00+00:00,112331.0,113112.0,111876.2,113095.3,742.98790559
2025-09-23 08:00:00+00:00,113095.2,113284.3,112690.1,112971.5,418.21238862
2025-09-23 12:00:00+00:00,112971.4,113290.3,112494.0,112878.5,663.39017012
2025-09-23 16:00:00+00:00,112878.5,112957.9,111540.7,111640.6,726.04312763
2025-09-23 20:00:00+00:00,111640.6,112221.9,111463.5,111998.8,362.74699052
2025-09-24 00:00:00+00:00,111998.9,112498.5,111688.0,111688.0,415.49949909
2025-09-24 04:00:00+00:00,111688.1,112772.4,111034.6,112582.9,626.97655994
2025-09-24 08:00:00+00:00,112583.0,113141.9,112411.7,113024.1,309.76209891
2025-09-24 12:00:00+00:00,113024.2,113888.1,112799.7,113341.0,481.39982897
2025-09-24 16:00:00+00:00,113341.0,113939.5,113164.0,113418.9,387.49739897
2025-09-24 20:00:00+00:00,113418.9,113638.5,113210.9,113302.7,265.04574195
2025-09-25 00:00:00+00:00,113304.0,113509.4,112234.0,112558.0,854.02887194
2025-09-25 04:00:00+00:00,112557.0,112612.4,111455.8,111763.1,740.68134859
2025-09-25 08:00:00+00:00,111763.0,112239.9,111283.2,111339.9,417.3774435
2025-09-25 12:00:00+00:00,111339.9,111723.9,110619.2,111580.0,937.8305429
2025-09-25 16:00:00+00:00,111580.0,111671.7,108621.9,109351.3,815.4356757738312
2025-09-25 20:00:00+00:00,109359.2,109685.0,108765.8,109006.8,458.94880296
2025-09-26 00:00:00+00:00,108994.4,109792.1,108811.8,109576.0,831.26429949
2025-09-26 04:00:00+00:00,109576.0,109622.5,108913.7,109316.1,560.95382264
2025-09-26 08:00:00+00:00,109319.2,109687.2,108626.4,109129.4,616.53325525
2025-09-26 12:00:00+00:00,109129.4,109773.3,108777.1,109022.4,1402.5483058
2025-09-26 16:00:00+00:00,109022.4,110294.9,109022.3,109177.8,658.78305799
2025-09-26 20:00:00+00:00,109177.9,109680.1,109094.1,109649.5,247.61078861
2025-09-27 00:00:00+00:00,109649.6,109718.1,109327.9,109566.1,206.40012783
2025-09-27 04:00:00+00:00,109566.2,109734.3,109336.8,109406.8,115.86048425
2025-09-27 08:00:00+00:00,109406.9,109482.8,109072.1,109307.5,126.55970046
2025-09-27 12:00:00+00:00,109307.6,109477.0,109194.9,109393.2,154.02333422
2025-09-27 16:00:00+00:00,109393.3,109439.0,109244.9,109415.1,147.58185661
2025-09-27 20:00:00+00:00,109415.1,109699.5,109365.0,109632.0,100.02866296
2025-09-28 00:00:00+00:00,109632.1,109784.7,109339.0,109438.7,191.22418084
2025-09-28 04:00:00+00:00,109438.7,109533.9,109266.1,109513.3,64.48420922
2025-09-28 08:00:00+00:00,109513.4,109579.5,109250.7,109386.0,171.43626178
2025-09-28 12:00:00+00:00,109386.1,110024.4,109201.0,110019.3,317.18043745
2025-09-28 16:00:00+00:00,110019.3,110387.5,110008.4,110331.2,267.81958419
2025-09-28 20:00:00+00:00,110331.2,112363.4,110295.5,112164.7,555.596793
2025-09-29 00:00:00+00:00,112164.7,112308.7,111588.1,111855.4,771.94854735
2025-09-29 04:00:00+00:00,111855.9,111893.0,111567.9,111862.6,542.94544658
2025-09-29 08:00:00+00:00,111862.5,112421.2,111862.5,112099.2,446.81968987
2025-09-29 12:00:00+00:00,112099.3,114220.5,111913.1,113806.9,752.21456953
2025-09-29 16:00:00+00:00,113807.0,114379.5,113448.0,114265.0,590.43488503
2025-09-29 20:00:00+00:00,114264.5,114400.0,114020.7,114312.8,284.40050653
2025-09-30 00:00:00+00:00,114312.8,114781.5,114041.0,114369.6,560.40590009
2025-09-30 04:00:00+00:00,114369.6,114369.6,113586.3,113701.0,402.02595393
2025-09-30 08:00:00+00:00,113701.0,113736.0,112668.8,113055.7,601.74317248
2025-09-30 12:00:00+00:00,113055.7,113663.2,112855.8,113097.9,830.08487848
2025-09-30 16:00:00+00:00,113098.0,114569.5,112800.3,114348.0,610.75880586
2025-09-30 20:00:00+00:00,114354.8,114752.2,113766.3,114052.4,569.23301105
2025-10-01 00:00:00+00:00,114052.4,114543.5,113967.0,114179.6,617.68604586
2025-10-01 04:00:00+00:00,114179.7,114734.0,114151.1,114550.3,677.55662691
2025-10-01 08:00:00+00:00,114550.3,116775.7,114490.6,116775.7,780.70358624
2025-10-01 12:00:00+00:00,116775.7,117648.2,116358.2,117413.2,835.64891087
2025-10-01 16:00:00+00:00,117413.2,118186.0,116726.3,117422.9,809.75065792
2025-10-01 20:00:00+00:00,117423.0,118628.2,117163.1,118579.9,514.93738761
2025-10-02 00:00:00+00:00,118579.9,119426.3,118380.9,118728.5,925.56331769
2025-10-02 04:00:00+00:00,118728.6,118915.0,118274.0,118492.2,554.20077877
2025-10-02 08:00:00+00:00,118492.2,118909.0,118352.1,118753.8,405.84188611
2025-10-02 12:00:00+00:00,118753.8,119900.0,118520.8,119899.9,844.87213314
2025-10-02 16:00:00+00:00,119900.0,121004.7,119363.0,120835.3,1156.6328348
2025-10-02 20:00:00+00:00,120835.2,120901.8,120073.8,120528.6,682.53908777
2025-10-03 00:00:00+00:00,120528.6,120550.1,119827.1,120234.0,817.75033688
2025-10-03 04:00:00+00:00,120234.0,120312.0,119607.7,119647.7,505.52923534
2025-10-03 08:00:00+00:00,119647.8,120499.2,119244.5,120330.0,608.86364888
2025-10-03 12:00:00+00:00,120330.0,122355.6,119888.4,122257.9,1189.35512559
2025-10-03 16:00:00+00:00,122258.0,123870.3,121485.1,122658.0,1864.70014067
2025-10-03 20:00:00+00:00,122658.1,122719.1,122012.5,122222.1,730.69992893
2025-10-04 00:00:00+00:00,122236.3,122309.0,121686.4,122227.8,559.80849321
2025-10-04 04:00:00+00:00,122227.8,122793.2,122218.0,122325.4,555.23292631
2025-10-04 08:00:00+00:00,122325.5,122529.5,121958.4,121981.4,503.88943699
2025-10-04 12:00:00+00:00,121981.5,122501.9,121717.8,121791.5,403.46887189
2025-10-04 16:00:00+00:00,121791.5,121966.5,121515.4,121943.0,222.41840707
2025-10-04 20:00:00+00:00,121944.0,122405.9,121871.4,122381.3,455.73040695
2025-10-05 00:00:00+00:00,122381.3,124348.9,122150.4,123769.9,707.26637446
2025-10-05 04:00:00+00:00,123769.6,125734.0,123730.6,124701.4,1491.68528705
2025-10-05 08:00:00+00:00,124701.5,124822.0,122523.5,123477.4,1227.88251075
2025-10-05 12:00:00+00:00,123477.4,123477.4,122690.4,122816.9,880.37170692
2025-10-05 16:00:00+00:00,122817.0,123455.5,122314.4,122593.5,558.7351479121659
2025-10-05 20:00:00+00:00,122593.5,123542.0,122479.6,123482.4,394.89024603
2025-10-06 00:00:00+00:00,123484.5,124359.7,123103.0,123843.3,1385.57609909
2025-10-06 04:00:00+00:00,123843.3,124162.2,123289.5,123396.5,837.68207357
2025-10-06 08:00:00+00:00,123396.6,124566.9,123396.5,124224.6,639.81730142
2025-10-06 12:00:00+00:00,124224.7,125410.5,124184.3,124910.0,1434.08657205
2025-10-06 16:00:00+00:00,124910.0,126185.4,124769.5,125410.8,768.39513264
2025-10-06 20:00:00+00:00,125410.7,125531.8,124514.7,124649.8,473.44827992
2025-10-07 00:00:00+00:00,124658.7,125081.0,124112.0,124318.8,614.64527922
2025-10-07 04:00:00+00:00,124318.8,124644.6,123562.6,123669.3,694.0114299
2025-10-07 08:00:00+00:00,123669.3,124505.1,123318.4,124443.0,755.30779586
2025-10-07 12:00:00+00:00,124443.0,125125.0,121181.2,121857.8,1797.6496198
2025-10-07 16:00:00+00:00,121850.0,122077.9,120591.8,121630.0,987.62351591
2025-10-07 20:00:00+00:00,121635.3,122292.7,121270.1,121343.4,489.78501976
2025-10-08 00:00:00+00:00,121343.4,122228.7,121225.8,121370.9,1502.66898236
2025-10-08 04:00:00+00:00,121371.0,121903.0,121072.3,121583.5,1158.48907251
2025-10-08 08:00:00+00:00,121583.9,123190.7,121525.2,122884.3,1005.33102664
2025-10-08 12:00:00+00:00,122884.3,123338.2,121665.6,122185.3,1670.36243798
2025-10-08 16:00:00+00:00,122185.3,124206.2,122126.8,123452.8,1153.98879044
2025-10-08 20:00:00+00:00,123450.0,123716.8,122800.1,123304.8,315.16009665
2025-10-09 00:00:00+00:00,123304.8,123339.6,121476.7,122037.9,904.22179274
2025-10-09 04:00:00+00:00,122038.0,122260.4,121721.9,121896.3,813.02383645
2025-10-09 08:00:00+00:00,121896.4,122817.9,121147.6,122748.4,1054.50288214
2025-10-09 12:00:00+00:00,122748.3,123749.9,120691.8,121158.4,2042.62250618
2025-10-09 16:00:00+00:00,121158.4,121478.0,119661.4,120951.9,837.03993032
2025-10-09 20:00:00+00:00,120952.2,121758.7,120849.1,121651.2,320.80333976
2025-10-10 00:00:00+00:00,121651.2,121873.6,120911.4,121042.1,919.11368335
2025-10-10 04:00:00+00:00,121042.1,121762.2,120883.0,120928.3,1041.30444995
2025-10-10 08:00:00+00:00,120928.8,121777.2,120928.7,121558.0,716.17713241
2025-10-10 12:00:00+00:00,121558.0,122515.7,118501.0,119019.9,2160.3466872
2025-10-10 16:00:00+00:00,119020.8,119471.0,115947.5,116667.7,2423.47057924
2025-10-10 20:00:00+00:00,116667.8,117195.7,102500.0,112778.9,5518.63677834
2025-10-11 00:00:00+00:00,112759.4,113315.7,111033.2,112301.6,2100.37405284
2025-10-11 04:00:00+00:00,112300.1,112950.0,110055.0,110393.9,1693.01847382
2025-10-11 08:00:00+00:00,110394.0,112369.6,110166.0,112299.9,1782.13897522
2025-10-11 12:00:00+00:00,112299.8,112520.1,111808.0,111812.5,942.10954847
2025-10-11 16:00:00+00:00,111809.2,112194.2,110874.1,111182.0,785.58217187
2025-10-11 20:00:00+00:00,111182.0,111369.9,109569.3,110649.7,1485.84840747
2025-10-12 00:00:00+00:00,110649.7,111359.3,109578.3,110677.9,1897.57648872
2025-10-12 04:00:00+00:00,110678.0,112123.8,110620.0,111520.0,874.98717489
2025-10-12 08:00:00+00:00,111520.0,112125.9,111145.4,111847.7,744.17445122
2025-10-12 12:00:00+00:00,111847.7,113754.8,111183.0,113214.4,1614.88958802
2025-10-12 16:00:00+00:00,113204.8,114702.5,113204.7,114345.6,1399.79719996
2025-10-12 20:00:00+00:00,114345.7,115751.6,114261.3,114956.2,1332.761375
2025-10-13 00:00:00+00:00,114956.3,115968.8,114630.1,114829.1,1614.09599683
2025-10-13 04:00:00+00:00,114829.2,115553.7,114420.0,115399.8,776.44299935
2025-10-13 08:00:00+00:00,115399.8,115434.1,113616.8,114184.1,684.23229891
2025-10-13 12:00:00+00:00,114184.1,115533.1,113808.3,114317.0,2032.82931946
2025-10-13 16:00:00+00:00,114317.0,115878.1,114217.8,115800.0,1352.77169729
2025-10-13 20:00:00+00:00,115795.5,115867.5,115011.5,115166.4,428.8028261
2025-10-14 00:00:00+00:00,115166.4,115409.9,113272.3,113484.9,796.30636983
2025-10-14 04:00:00+00:00,113487.4,113681.7,111371.7,111737.8,1891.0879576
2025-10-14 08:00:00+00:00,111737.7,112136.6,110024.1,111321.4,1406.11727285
2025-10-14 12:00:00+00:00,111320.7,112900.1,109868.0,112898.4,2408.83274883
2025-10-14 16:00:00+00:00,112900.0,113528.2,111705.7,112608.5,2149.32967237
2025-10-14 20:00:00+00:00,112609.8,113560.1,112231.9,113030.0,573.43475411
2025-10-15 00:00:00+00:00,113033.3,113601.2,111825.9,112016.2,1329.5412946
2025-10-15 04:00:00+00:00,112016.3,112679.4,111753.2,112579.9,765.328695
2025-10-15 08:00:00+00:00,112579.9,113519.0,111694.0,111901.8,869.53355242
2025-10-15 12:00:00+00:00,111901.8,112231.8,110387.8,110798.1,1960.05503723
2025-10-15 16:00:00+00:00,110798.1,111557.0,110170.9,111270.0,1058.08151526
2025-10-15 20:00:00+00:00,111270.0,111556.3,110501.8,110750.1,1099.65471369
2025-10-16 00:00:00+00:00,110754.7,111843.9,110362.4,111320.6,1264.63922315
2025-10-16 04:00:00+00:00,111325.8,111758.2,110564.4,110589.6,961.12331178
2025-10-16 08:00:00+00:00,110587.0,111710.9,109638.4,111404.6,1189.72295678
2025-10-16 12:00:00+00:00,111404.7,111993.2,108356.3,108555.2,2292.90895892
2025-10-16 16:00:00+00:00,108555.1,109265.9,107580.5,108190.0,2249.8825425659866
2025-10-16 20:00:00+00:00,108190.0,108500.0,107430.7,108200.9,874.90852327
2025-10-17 00:00:00+00:00,108196.3,109223.3,107934.8,109164.2,809.2929164
2025-10-17 04:00:00+00:00,109170.0,109233.0,105532.8,105618.8,1216.94710924
2025-10-17 08:00:00+00:00,105618.8,106597.5,103500.0,105696.7,2278.77690353
2025-10-17 12:00:00+00:00,105694.8,106839.5,104540.1,106803.4,2377.77537072
2025-10-17 16:00:00+00:00,106800.1,107551.8,106049.2,106450.9,1582.04158698
2025-10-17 20:00:00+00:00,106455.6,107440.1,106333.7,106445.1,528.51096055
2025-10-18 00:00:00+00:00,106445.2,107293.7,106326.1,107075.4,730.59494917
2025-10-18 04:00:00+00:00,107075.4,107491.4,106454.0,106700.0,664.48783537
2025-10-18 08:00:00+00:00,106693.4,107220.0,106630.0,107210.1,480.23721219
2025-10-18 12:00:00+00:00,107210.2,107297.7,106734.8,106939.2,372.12391833
2025-10-18 16:00:00+00:00,106939.2,107087.7,106476.5,107076.1,334.57394981
2025-10-18 20:00:00+00:00,107076.1,107334.6,106848.1,107185.7,259.82355087
2025-10-19 00:00:00+00:00,107185.6,107359.1,106750.1,107267.9,394.60046158
2025-10-19 04:00:00+00:00,107267.9,107286.6,106563.3,106777.6,256.7149919
2025-10-19 08:00:00+00:00,106777.7,108245.5,106119.5,107781.4,1416.2433488
2025-10-19 12:00:00+00:00,107790.9,108611.9,107369.4,108486.8,713.47587632
2025-10-19 16:00:00+00:00,108486.8,109445.9,108244.0,108911.8,496.79400732
2025-10-19 20:00:00+00:00,108911.8,109366.7,108475.1,108648.0,323.69073246824564
2025-10-20 00:00:00+00:00,108648.0,110420.0,107432.0,110153.8,1297.35526234
2025-10-20 04:00:00+00:00,110144.1,111400.0,109951.9,111186.4,856.02509773
2025-10-20 08:00:00+00:00,111172.1,111641.2,110618.5,111009.8,648.23147409
2025-10-20 12:00:00+00:00,111009.9,111695.3,110600.0,111133.2,719.33796163
2025-10-20 16:00:00+00:00,111137.7,111306.2,109867.1,110821.7,952.41859872
2025-10-20 20:00:00+00:00,110808.6,111259.0,110418.1,110535.9,326.95971348
2025-10-21 00:00:00+00:00,110535.9,110535.9,109078.9,109078.9,528.1733065
2025-10-21 04:00:00+00:00,109078.2,109078.2,107465.9,108086.4,934.33319751
2025-10-21 08:00:00+00:00,108086.4,108831.4,107500.0,108578.9,512.55263614
2025-10-21 12:00:00+00:00,108579.0,113552.9,107920.7,113427.6,1633.817864
2025-10-21 16:00:00+00:00,113423.2,113975.0,111345.0,111770.4,1258.21288881
2025-10-21 20:00:00+00:00,111781.7,111804.0,108071.8,108323.6,1176.71444774
2025-10-22 00:00:00+00:00,108312.5,108673.5,107856.7,108209.5,688.96553832
2025-10-22 04:00:00+00:00,108215.8,108642.5,107619.3,108319.5,468.88837631
2025-10-22 08:00:00+00:00,108319.6,108348.0,106709.8,107556.2,781.6091062
2025-10-22 12:00:00+00:00,107556.2,109158.5,107449.7,108411.8,1705.47431395
2025-10-22 16:00:00+00:00,108411.8,108800.0,107467.3,107884.6,1277.4796221
2025-10-22 20:00:00+00:00,107868.4,108061.1,106667.3,107586.5,964.25649523
2025-10-23 00:00:00+00:00,107579.2,108723.1,107503.6,108374.5,509.42731725
2025-10-23 04:00:00+00:00,108380.5,110310.6,108361.4,109264.3,492.3925667
2025-10-23 08:00:00+00:00,109264.2,109899.9,109116.0,109254.1,450.2323971
2025-10-23 12:00:00+00:00,109254.0,110121.7,108696.6,109909.1,1032.7734068
2025-10-23 16:00:00+00:00,109913.8,111304.0,109635.4,110202.8,693.07225416
2025-10-23 20:00:00+00:00,110202.8,110202.8,109349.9,110068.6,328.18437945
2025-10-24 00:00:00+00:00,110068.7,110826.2,109998.3,110456.4,371.21757185
2025-10-24 04:00:00+00:00,110456.4,111529.7,110351.8,111061.0,508.1684923
2025-10-24 08:00:00+00:00,111061.0,111477.1,110606.0,111066.3,461.71327549
2025-10-24 12:00:00+00:00,111068.9,112132.3,109703.5,110046.9,1233.1458177800469
2025-10-24 16:00:00+00:00,110047.0,110941.8,109802.2,110617.1,399.4602384
2025-10-24 20:00:00+00:00,110617.2,111137.9,110472.5,111000.4,228.41794123
2025-10-25 00:00:00+00:00,111000.4,111223.0,110673.5,111028.8,143.28800708
2025-10-25 04:00:00+00:00,111028.9,111810.0,111024.9,111494.8,211.85635921
2025-10-25 08:00:00+00:00,111494.8,111844.2,111384.5,111563.1,246.05388161
2025-10-25 12:00:00+00:00,111563.1,111929.7,111324.7,111387.0,224.41854597
2025-10-25 16:00:00+00:00,111387.0,111731.1,111165.1,111628.7,168.15204002
2025-10-25 20:00:00+00:00,111628.8,111683.0,111338.3,111652.7,154.05663313022814
2025-10-26 00:00:00+00:00,111652.8,111899.2,111269.2,111269.2,178.62592148
2025-10-26 04:00:00+00:00,111269.3,111725.9,111269.1,111725.8,115.06379711
2025-10-26 08:00:00+00:00,111725.8,113463.4,111717.0,113275.3,439.65671764
2025-10-26 12:00:00+00:00,113279.5,114028.2,113279.4,113692.2,488.32846456
2025-10-26 16:00:00+00:00,113692.2,113783.2,113286.1,113587.9,207.09794914
2025-10-26 20:00:00+00:00,113587.9,115523.3,112900.8,114551.4,529.2951138
2025-10-27 00:00:00+00:00,114551.5,115442.1,114363.1,114963.9,366.47123298
2025-10-27 04:00:00+00:00,114963.9,116395.7,114945.8,115551.0,425.5658854
2025-10-27 08:00:00+00:00,115551.0,115600.0,114815.5,115362.2,386.39929434
2025-10-27 12:00:00+00:00,115362.2,115436.9,114503.9,114960.4,504.16812701
2025-10-27 16:00:00+00:00,114962.2,115789.0,114797.6,114943.9,391.6518452
2025-10-27 20:00:00+00:00,114943.9,114943.9,113850.9,114107.7,317.63654366
2025-10-28 00:00:00+00:00,114107.7,114523.5,113590.3,113911.6,366.21702734
2025-10-28 04:00:00+00:00,113911.6,114360.1,113492.0,114193.3,340.97825211
2025-10-28 08:00:00+00:00,114193.4,114663.6,114116.7,114358.8,218.55696724
2025-10-28 12:00:00+00:00,114358.8,116104.5,114150.9,114642.4,810.28050766
2025-10-28 16:00:00+00:00,114642.4,115589.7,113524.1,113691.8,654.26807013
2025-10-28 20:00:00+00:00,113688.8,113699.9,112209.8,112900.6,754.25556137
2025-10-29 00:00:00+00:00,112900.6,112965.7,112111.0,112534.8,407.73405458
2025-10-29 04:00:00+00:00,112529.4,113571.2,112507.9,113567.5,371.64244665
2025-10-29 08:00:00+00:00,113567.9,113622.4,112736.4,113129.3,315.6108981844224
2025-10-29 12:00:00+00:00,113129.3,113625.5,111407.2,111511.5,570.06110699
2025-10-29 16:00:00+00:00,111511.5,112007.4,109228.4,110640.1,1560.94617794
2025-10-29 20:00:00+00:00,110640.1,111800.1,109738.7,110031.0,522.1100151
2025-10-30 00:00:00+00:00,110031.1,111004.9,109738.5,110765.4,511.56531405
2025-10-30 04:00:00+00:00,110762.9,111613.2,107889.8,111369.7,1103.701061
2025-10-30 08:00:00+00:00,111369.7,111439.7,109700.1,109721.0,435.30393001
2025-10-30 12:00:00+00:00,109720.5,109778.0,107333.3,107704.9,1141.86610386
2025-10-30 16:00:00+00:00,107705.0,108215.0,106314.3,106549.9,965.74894769
2025-10-30 20:00:00+00:00,106546.9,108337.5,106326.8,108314.4,514.95352261
2025-10-31 00:00:00+00:00,108314.5,110027.8,108284.0,109227.9,707.10756739
2025-10-31 04:00:00+00:00,109227.9,110200.0,109114.9,109439.4,495.56187082
2025-10-31 08:00:00+00:00,109439.4,110524.6,109213.0,110424.2,416.9571063
2025-10-31 12:00:00+00:00,110424.1,111159.1,109376.6,110213.0,1019.66451327
2025-10-31 16:00:00+00:00,110204.4,110299.9,108631.0,109811.1,923.95282267
2025-10-31 20:00:00+00:00,109819.0,109829.5,109307.4,109599.9,237.84455984
2025-11-01 00:00:00+00:00,109599.9,110312.1,109386.6,110219.5,210.8427312
2025-11-01 04:00:00+00:00,110227.0,110558.8,109944.2,110067.1,162.98313504
2025-11-01 08:00:00+00:00,110067.1,110267.4,109851.5,110126.0,171.92674951
2025-11-01 12:00:00+00:00,110126.0,110350.0,109705.5,110315.8,173.24725225
2025-11-01 16:00:00+00:00,110315.8,110517.9,110178.5,110303.3,142.92830487
2025-11-01 20:00:00+00:00,110303.4,110516.8,109862.2,110096.9,125.11713433
2025-11-02 00:00:00+00:00,110097.0,110264.4,109889.2,110052.2,130.10401983
2025-11-02 04:00:00+00:00,110052.2,111022.0,110029.5,110885.0,254.47357209967043
2025-11-02 08:00:00+00:00,110885.0,111221.1,110357.7,111187.6,270.9863102
2025-11-02 12:00:00+00:00,111187.7,111235.0,110098.3,110119.0,407.641221
2025-11-02 16:00:00+00:00,110119.0,110331.1,109727.5,110169.2,278.87905373
2025-11-02 20:00:00+00:00,110169.3,110743.6,109484.0,110548.2,284.93828967
2025-11-03 00:00:00+00:00,110548.2,110749.1,107896.7,107927.2,918.61237119
2025-11-03 04:00:00+00:00,107927.2,108058.4,107012.2,107469.7,737.61552905
2025-11-03 08:00:00+00:00,107469.8,107920.5,106738.5,107780.9,591.24567027
2025-11-03 12:00:00+00:00,107781.0,108383.6,105500.0,105745.5,1227.94147506
2025-11-03 16:00:00+00:00,105745.5,107919.7,105306.1,107086.7,1214.56597702
2025-11-03 20:00:00+00:00,107090.7,107168.5,105823.8,106580.8,882.75847668
2025-11-04 00:00:00+00:00,106580.8,107285.5,105852.9,107154.5,887.81783241
2025-11-04 04:00:00+00:00,107154.6,107288.5,104200.7,104499.5,1365.50782083
2025-11-04 08:00:00+00:00,104497.0,104693.7,103604.9,104588.8,981.3601577
2025-11-04 12:00:00+00:00,104588.9,104838.5,102934.4,103197.0,1377.61682822
2025-11-04 16:00:00+00:00,103197.0,103500.7,100001.6,100542.7,2478.6370405
2025-11-04 20:00:00+00:00,100542.7,101890.2,98935.0,101488.5,2482.40260373
2025-11-05 00:00:00+00:00,101493.7,102272.2,98965.5,102149.0,2061.9915688
2025-11-05 04:00:00+00:00,102149.0,102358.3,101500.1,101995.0,812.38391041
2025-11-05 08:00:00+00:00,101995.1,102199.0,101180.3,102075.8,995.38323609
2025-11-05 12:00:00+00:00,102066.8,103800.0,101919.6,103724.4,1515.80435727
2025-11-05 16:00:00+00:00,103729.3,104523.2,103057.7,104005.4,880.42143241
2025-11-05 20:00:00+00:00,104005.4,104557.0,103303.2,103895.8,589.69662304
2025-11-06 00:00:00+00:00,103889.7,103933.9,102730.7,103638.7,743.37663834
2025-11-06 04:00:00+00:00,103638.7,104203.0,102915.8,103189.1,799.46283121
2025-11-06 08:00:00+00:00,103187.8,103438.3,102654.3,103221.9,644.36810108
2025-11-06 12:00:00+00:00,103222.0,103624.7,101633.0,102015.5,1628.21605261
2025-11-06 16:00:00+00:00,102015.6,102386.3,100300.0,101389.8,1723.84544169
2025-11-06 20:00:00+00:00,101389.8,101646.4,100545.3,101348.6,903.14539942
2025-11-07 00:00:00+00:00,101348.6,102402.3,100750.1,101900.5,1380.79164503
2025-11-07 04:00:00+00:00,101901.0,102520.6,101590.5,102014.9,614.33608351
2025-11-07 08:00:00+00:00,102015.0,102050.0,99807.5,100410.4,886.10791356
2025-11-07 12:00:00+00:00,100410.4,101248.3,99264.6,100797.2,1974.02305765
2025-11-07 16:00:00+00:00,100797.3,103395.4,100518.4,103395.4,1339.902400266316
2025-11-07 20:00:00+00:00,103396.3,104082.1,102956.4,103342.3,588.33367174
2025-11-08 00:00:00+00:00,103342.3,103412.1,102484.1,102586.7,691.31146151
2025-11-08 04:00:00+00:00,102588.4,102836.2,101912.2,102357.4,502.04822433
2025-11-08 08:00:00+00:00,102357.5,102688.8,101703.9,101864.7,364.0105738
2025-11-08 12:00:00+00:00,101851.6,102202.2,101464.8,101719.2,406.74780943
2025-11-08 16:00:00+00:00,101719.3,102221.0,101512.1,101989.7,437.94032184
2025-11-08 20:00:00+00:00,101989.8,102496.6,101959.6,102319.5,209.88004442
2025-11-09 00:00:00+00:00,102319.4,102345.2,101400.0,101670.3,307.22809769
2025-11-09 04:00:00+00:00,101670.3,102131.7,101650.1,101943.6,192.96519707
2025-11-09 08:00:00+00:00,101943.6,102311.6,101506.1,102239.0,268.80240696
2025-11-09 12:00:00+00:00,102239.0,104198.4,102051.3,103763.2,548.67239899
2025-11-09 16:00:00+00:00,103763.3,104802.3,103327.1,104801.6,392.66725718
2025-11-09 20:00:00+00:00,104801.6,105487.1,104095.0,104730.7,400.7536602
2025-11-10 00:00:00+00:00,104719.0,106665.5,104264.9,106027.0,565.51644104
2025-11-10 04:00:00+00:00,106027.1,106537.1,105853.8,106462.3,410.27863502
2025-11-10 08:00:00+00:00,106462.3,106592.9,105838.0,106190.5,1034.84392342
2025-11-10 12:00:00+00:00,106190.5,106585.7,104678.9,105069.5,2335.09265404
2025-11-10 16:00:00+00:00,105072.5,106097.2,104783.0,105818.2,553.37324504
2025-11-10 20:00:00+00:00,105819.1,106296.5,105280.3,106004.5,291.06028087
2025-11-11 00:00:00+00:00,106004.5,107499.5,105511.9,106473.8,1552.2011328
2025-11-11 04:00:00+00:00,106473.9,106554.7,104758.3,104785.1,2810.87726648
2025-11-11 08:00:00+00:00,104785.1,105496.4,104772.6,105306.0,1478.51198689
2025-11-11 12:00:00+00:00,105306.0,105497.5,103193.3,103459.6,2782.53169653
2025-11-11 16:00:00+00:00,103459.7,103738.8,102800.0,103133.8,2761.97717026
2025-11-11 20:00:00+00:00,103133.7,103237.4,102483.2,103068.9,844.72578682
2025-11-12 00:00:00+00:00,103058.8,103443.5,102697.8,103315.2,2102.91330214
2025-11-12 04:00:00+00:00,103315.2,103648.9,103020.0,103124.1,1663.67459895
2025-11-12 08:00:00+00:00,103124.1,105204.4,103124.1,105029.6,2794.60290366
2025-11-12 12:00:00+00:00,105029.7,105325.9,101970.5,102179.4,3423.08150373
2025-11-12 16:00:00+00:00,102174.4,102288.5,100811.1,101296.3,1864.89869279
2025-11-12 20:00:00+00:00,101296.2,102000.2,101143.6,101651.0,483.80412207
2025-11-13 00:00:00+00:00,101659.7,102618.1,100933.8,102129.2,2816.22145043
2025-11-13 04:00:00+00:00,102129.2,104054.3,101661.0,103475.1,1881.02012434
2025-11-13 08:00:00+00:00,103475.1,103791.0,102553.9,102944.7,1828.95965203
2025-11-13 12:00:00+00:00,102944.7,103463.0,101197.9,101389.6,3952.75831939
2025-11-13 16:00:00+00:00,101389.6,101532.9,98143.1,98683.8,3433.51570533
2025-11-13 20:00:00+00:00,98670.7,100500.0,98000.9,99696.1,1196.03783695
2025-11-14 00:00:00+00:00,99696.2,99869.6,98718.8,99139.4,2153.60578792
2025-11-14 04:00:00+00:00,99139.4,99179.3,95939.4,97152.5,2044.27651286
2025-11-14 08:00:00+00:00,97152.5,97534.6,95700.2,96172.9,1475.18703155
2025-11-14 12:00:00+00:00,96169.2,97312.9,94500.0,96795.5,3163.32675947
2025-11-14 16:00:00+00:00,96795.5,97405.0,94805.2,95777.1,1767.15358334
2025-11-14 20:00:00+00:00,95777.8,95931.4,94018.6,94594.6,1746.60553022
2025-11-15 00:00:00+00:00,94594.6,96812.0,94581.5,96409.7,1968.73538099
2025-11-15 04:00:00+00:00,96409.7,96572.1,95917.1,96326.3,1337.15706008
2025-11-15 08:00:00+00:00,96326.4,96339.3,95635.7,95688.6,1581.07191332
2025-11-15 12:00:00+00:00,95692.2,96477.0,95578.0,96262.4,947.14431558
2025-11-15 16:00:00+00:00,96262.5,96383.4,95724.7,96008.7,742.14143506
2025-11-15 20:00:00+00:00,96008.7,96019.3,95126.6,95593.2,853.57105146
2025-11-16 00:00:00+00:00,95593.2,95967.3,94854.8,95823.9,1074.57382295
2025-11-16 04:00:00+00:00,95823.8,96178.9,95656.5,96089.5,608.17687345
2025-11-16 08:00:00+00:00,96089.6,96627.8,95512.8,95633.5,852.43611095
2025-11-16 12:00:00+00:00,95633.5,95901.0,94300.0,94572.8,1090.23576725
2025-11-16 16:00:00+00:00,94572.9,95572.8,93750.0,94020.9,2226.44606327
2025-11-16 20:00:00+00:00,94022.9,94736.2,92971.6,94256.6,1361.2633162
2025-11-17 00:00:00+00:00,94256.6,95544.0,93773.6,95494.0,1538.35121134
2025-11-17 04:00:00+00:00,95496.8,95875.0,94889.8,95648.6,1282.97690588
2025-11-17 08:00:00+00:00,95648.7,96019.6,95318.7,95568.9,1016.25284498
2025-11-17 12:00:00+00:00,95568.9,96033.1,93569.8,93962.6,2312.74363861
2025-11-17 16:00:00+00:00,93962.7,94410.6,91592.5,91678.9,2192.13827239
2025-11-17 20:00:00+00:00,91678.9,92390.4,91277.4,92207.6,1264.35184141
2025-11-18 00:00:00+00:00,92220.0,92352.1,89709.9,90850.2,2060.45895239
2025-11-18 04:00:00+00:00,90847.4,90860.0,89290.7,90509.6,1750.10766378
2025-11-18 08:00:00+00:00,90509.7,91601.9,90509.5,91523.5,1390.14840528
2025-11-18 12:00:00+00:00,91523.5,93034.1,90930.1,92911.4,2634.20359254
2025-11-18 16:00:00+00:00,92911.5,93846.2,92590.9,93187.0,1420.2177069
2025-11-18 20:00:00+00:00,93187.2,93417.4,92459.7,92962.9,817.96040799
2025-11-19 00:00:00+00:00,92962.9,92995.6,91672.5,91889.9,1377.20540651
2025-11-19 04:00:00+00:00,91889.9,92040.0,90037.2,91866.7,1476.57222371
2025-11-19 08:00:00+00:00,91866.7,91944.9,91084.1,91408.5,1184.08009799
2025-11-19 12:00:00+00:00,91408.6,92381.6,89887.3,89945.5,2143.77422066
2025-11-19 16:00:00+00:00,89951.1,90230.2,88630.7,88879.4,2046.91754107
2025-11-19 20:00:00+00:00,88879.5,91589.0,88611.4,91557.3,1590.05767742
2025-11-20 00:00:00+00:00,91557.4,92794.1,91199.9,92447.4,1320.96436138
2025-11-20 04:00:00+00:00,92447.0,93147.4,91697.6,92316.4,1458.72291678
2025-11-20 08:00:00+00:00,92316.4,92397.0,91443.7,91945.6,1005.19288325
2025-11-20 12:00:00+00:00,91945.6,92541.1,89839.2,89872.2,2219.67502195
2025-11-20 16:00:00+00:00,89870.4,89911.6,86106.2,86921.5,3215.35713608
2025-11-20 20:00:00+00:00,86921.4,88250.6,86335.8,86634.0,1314.49789428
2025-11-21 00:00:00+00:00,86629.0,87492.8,85353.7,85834.4,2321.27935606
2025-11-21 04:00:00+00:00,85834.3,86341.5,81500.0,84055.4,2609.34880046
2025-11-21 08:00:00+00:00,84055.4,84701.7,81648.4,82327.0,3140.04580149
2025-11-21 12:00:00+00:00,82319.1,85480.0,80646.7,82925.1,4036.27546192
2025-11-21 16:00:00+00:00,82925.0,85571.4,82336.2,84217.5,2525.47760179
2025-11-21 20:00:00+00:00,84210.7,85409.0,83462.6,85132.2,1774.78420416
2025-11-22 00:00:00+00:00,85133.2,85607.0,84221.6,84444.7,1558.26564194
2025-11-22 04:00:00+00:00,84444.7,84796.4,83842.3,84584.8,1425.90900579
2025-11-22 08:00:00+00:00,84584.8,84584.8,83503.6,84093.4,1803.96382534
2025-11-22 12:00:00+00:00,84093.5,84740.4,83626.9,84286.3,1696.50843409
2025-11-22 16:00:00+00:00,84286.3,84896.0,84229.0,84621.0,1309.67233543
2025-11-22 20:00:00+00:00,84621.0,85257.5,84252.2,84744.0,1246.24234518
2025-11-23 00:00:00+00:00,84744.1,86347.2,84682.1,86302.4,1579.49955495
2025-11-23 04:00:00+00:00,86302.7,86860.4,85425.0,85783.3,1221.2329644
2025-11-23 08:00:00+00:00,85780.5,86464.4,85776.2,86333.3,1102.50737449
2025-11-23 12:00:00+00:00,86333.3,87242.2,86280.6,87092.6,1509.53065078
2025-11-23 16:00:00+00:00,87092.7,87671.3,86519.0,87332.0,1510.23485316
2025-11-23 20:00:00+00:00,87332.1,88131.7,86756.4,86838.4,1624.23739157
2025-11-24 00:00:00+00:00,86838.4,88053.2,85954.5,87456.6,1978.21503588
2025-11-24 04:00:00+00:00,87456.6,87828.6,86458.3,87040.1,1667.32845283
2025-11-24 08:00:00+00:00,87040.3,87040.3,85711.7,86264.1,1580.44949465
2025-11-24 12:00:00+00:00,86264.0,86738.8,85276.4,86624.0,2492.583234221942
2025-11-24 16:00:00+00:00,86624.0,88837.0,86624.0,88327.4,2032.00780604
2025-11-24 20:00:00+00:00,88327.4,89218.9,88255.4,88302.4,1422.70572102
2025-11-25 00:00:00+00:00,88302.5,88302.5,87466.1,87821.8,1519.05066892
2025-11-25 04:00:00+00:00,87821.8,88512.2,87335.2,87386.7,1117.70444294
2025-11-25 08:00:00+00:00,87386.7,87604.6,86683.1,87364.1,1345.46018039
2025-11-25 12:00:00+00:00,87364.1,87764.7,86126.0,86984.0,1915.14445919
2025-11-25 16:00:00+00:00,86984.0,88137.0,86183.9,86883.4,1735.91577968
2025-11-25 20:00:00+00:00,86883.5,87875.3,86600.0,87370.8,1596.67322584
2025-11-26 00:00:00+00:00,87370.8,88215.0,87074.1,87116.8,1489.0484789
2025-11-26 04:00:00+00:00,87116.9,87965.0,86912.1,87929.4,1207.5716675
2025-11-26 08:00:00+00:00,87929.4,87933.7,86682.0,87092.1,780.21232566
2025-11-26 12:00:00+00:00,87092.1,87679.9,86310.1,86973.3,1492.74322698
2025-11-26 16:00:00+00:00,86974.0,90416.3,86966.9,89960.9,1738.64998415
2025-11-26 20:00:00+00:00,89961.0,90639.9,89520.2,90498.0,861.6061671
2025-11-27 00:00:00+00:00,90497.0,91897.0,90103.6,91088.9,1268.1246234
2025-11-27 04:00:00+00:00,91089.0,91543.9,90903.2,91410.8,884.39907811
2025-11-27 08:00:00+00:00,91410.8,91935.3,91233.0,91366.9,627.77312773
2025-11-27 12:00:00+00:00,91367.0,91447.0,90454.2,90954.0,1033.19926835
2025-11-27 16:00:00+00:00,90954.5,91840.0,90859.1,91527.0,840.50565171
2025-11-27 20:00:00+00:00,91527.0,91585.9,91114.8,91337.5,723.61263233
2025-11-28 00:00:00+00:00,91337.4,91412.3,90667.0,91211.0,869.1573678
2025-11-28 04:00:00+00:00,91211.1,91710.0,90875.0,90916.0,693.4018599
2025-11-28 08:00:00+00:00,90916.0,92014.3,90916.0,91443.0,1007.45253626
2025-11-28 12:00:00+00:00,91442.0,93105.6,91392.0,92368.0,1347.66085845
2025-11-28 16:00:00+00:00,92368.1,92375.4,90203.0,91156.9,1300.17592684
2025-11-28 20:00:00+00:00,91157.0,91244.0,90718.0,90895.6,598.11620581
2025-11-29 00:00:00+00:00,90895.7,91116.9,90547.0,90688.1,476.61296331
2025-11-29 04:00:00+00:00,90688.1,90927.0,90312.5,90563.0,490.20731703
2025-11-29 08:00:00+00:00,90563.1,90730.1,90387.0,90680.0,478.96489584
2025-11-29 12:00:00+00:00,90680.0,91109.5,90538.8,91066.4,452.69222571
2025-11-29 16:00:00+00:00,91066.5,91167.0,90170.9,90644.0,718.52579578
2025-11-29 20:00:00+00:00,90643.7,91046.9,90414.0,90805.1,452.60279193
2025-11-30 00:00:00+00:00,90805.1,91054.6,90478.0,90909.0,613.20646397
2025-11-30 04:00:00+00:00,90909.0,91037.8,90680.5,90965.1,332.16323386
2025-11-30 08:00:00+00:00,90965.1,91624.0,90932.1,91056.7,603.6880208
2025-11-30 12:00:00+00:00,91056.8,91967.4,91011.2,91438.0,574.65653927
2025-11-30 16:00:00+00:00,91438.0,91851.4,91163.5,91460.2,481.24775168
2025-11-30 20:00:00+00:00,91460.1,91623.0,90353.0,90365.0,625.17318312
2025-12-01 00:00:00+00:00,90360.6,90424.1,86172.8,86345.6,2755.97717192
2025-12-01 04:00:00+00:00,86345.6,86571.7,85615.0,86553.6,1409.88304823
2025-12-01 08:00:00+00:00,86551.2,86932.0,86135.6,86144.3,929.362179
2025-12-01 12:00:00+00:00,86144.3,86665.5,83827.0,84677.8,2552.78272383
2025-12-01 16:00:00+00:00,84677.8,85550.1,84048.0,85027.2,1983.6472200324768
2025-12-01 20:00:00+00:00,85027.1,86860.0,85008.3,86289.9,1581.22191169
2025-12-02 00:00:00+00:00,86289.5,87336.1,86192.9,86972.3,1668.38662269
2025-12-02 04:00:00+00:00,86972.3,87270.4,86834.1,87013.3,1335.769881
2025-12-02 08:00:00+00:00,87013.3,87605.5,86350.4,87362.6,1355.1172815
2025-12-02 12:00:00+00:00,87362.8,91182.5,87063.8,90857.0,2421.66499418
2025-12-02 16:00:00+00:00,90857.1,92296.7,90213.5,91892.0,1793.23603617
2025-12-02 20:00:00+00:00,91892.1,91997.9,90740.7,91277.8,1155.85889181
2025-12-03 00:00:00+00:00,91277.9,93076.5,91002.3,92643.3,1823.39512843
2025-12-03 04:00:00+00:00,92639.7,93955.2,92636.1,92996.3,1791.3734847
2025-12-03 08:00:00+00:00,92996.4,93379.8,92673.3,93001.7,1249.00110252
2025-12-03 12:00:00+00:00,93001.8,93682.0,91704.1,92373.3,2493.6712273
2025-12-03 16:00:00+00:00,92374.0,93499.4,91793.2,93022.3,2073.94389956
2025-12-03 20:00:00+00:00,93024.4,94152.7,92840.4,93435.9,1289.65533096
2025-12-04 00:00:00+00:00,93435.9,94072.2,92677.9,93537.4,1684.84214482
2025-12-04 04:00:00+00:00,93537.4,93583.7,92789.0,93399.2,1274.2332259
2025-12-04 08:00:00+00:00,93399.3,93615.5,92748.1,92942.8,1301.98993543
2025-12-04 12:00:00+00:00,92942.9,93249.3,91809.4,92979.0,1927.27622972
2025-12-04 16:00:00+00:00,92978.0,93167.9,90887.0,91976.5,1977.80954855
2025-12-04 20:00:00+00:00,91975.5,92709.2,91693.7,92077.9,1346.9260899
2025-12-05 00:00:00+00:00,92077.9,92688.2,91979.1,92155.3,1074.37768757
2025-12-05 04:00:00+00:00,92155.3,92484.5,91818.7,92258.1,727.20953094
2025-12-05 08:00:00+00:00,92258.0,92258.1,90988.9,91343.9,1258.83797991
2025-12-05 12:00:00+00:00,91344.6,91460.1,89895.8,90462.7,1951.88774164
2025-12-05 16:00:00+00:00,90462.6,90498.1,88088.9,89633.1,2163.92816611
2025-12-05 20:00:00+00:00,89633.1,89743.2,88916.0,89334.5,983.55619884
2025-12-06 00:00:00+00:00,89334.4,89793.3,89045.7,89676.8,1054.05094252
2025-12-06 04:00:00+00:00,89676.8,89762.1,89477.1,89592.6,795.78483492
2025-12-06 08:00:00+00:00,89592.6,89722.1,89223.7,89621.2,890.31849746
2025-12-06 12:00:00+00:00,89621.2,90280.4,89499.7,89756.2,623.32192892
2025-12-06 16:00:00+00:00,89757.2,89980.8,89264.0,89407.6,729.67126496
2025-12-06 20:00:00+00:00,89407.6,89603.2,88921.6,89227.5,910.89157867
2025-12-07 00:00:00+00:00,89232.9,89741.4,89187.7,89712.5,676.45647258
2025-12-07 04:00:00+00:00,89712.5,89783.0,89212.7,89379.1,650.18573175
2025-12-07 08:00:00+00:00,89379.1,89536.7,89057.9,89151.4,694.6161315
2025-12-07 12:00:00+00:00,89151.5,89701.9,87719.0,89548.3,1422.32711227
2025-12-07 16:00:00+00:00,89548.2,91753.3,89116.3,91414.5,1396.54163415
2025-12-07 20:00:00+00:00,91415.2,91509.6,88973.7,90395.3,1606.76440701
2025-12-08 00:00:00+00:00,90395.3,91690.9,89869.6,91079.2,1383.15594118
2025-12-08 04:00:00+00:00,91079.2,91872.5,91036.3,91564.9,922.0556702
2025-12-08 08:00:00+00:00,91564.9,92286.5,91487.9,91954.4,936.70933723
2025-12-08 12:00:00+00:00,91954.4,92118.2,89619.7,89961.6,1892.51319254
2025-12-08 16:00:00+00:00,89961.6,90513.5,89684.6,90121.0,1494.91821943
2025-12-08 20:00:00+00:00,90121.0,91373.7,90121.0,90634.4,939.8419634
2025-12-09 00:00:00+00:00,90634.4,90844.2,89821.9,90398.0,1031.82178238
2025-12-09 04:00:00+00:00,90398.1,90522.8,89529.3,90491.5,1000.66289273
2025-12-09 08:00:00+00:00,90491.7,90603.9,89916.3,90389.8,804.70462521
2025-12-09 12:00:00+00:00,90389.8,92874.4,90015.3,92700.9,1595.73203613
2025-12-09 16:00:00+00:00,92703.9,94586.1,92693.5,93800.1,1419.60452031
2025-12-09 20:00:00+00:00,93800.1,93849.5,92259.0,92691.1,1147.51424755
2025-12-10 00:00:00+00:00,92684.1,92778.8,91985.0,92415.9,733.37856574
2025-12-10 04:00:00+00:00,92415.9,92782.4,92388.9,92782.4,380.94657653
2025-12-10 08:00:00+00:00,92782.3,93258.1,91782.0,92120.4,669.85125198
2025-12-10 12:00:00+00:00,92120.5,92223.2,91568.5,92062.2,842.52639256
2025-12-10 16:00:00+00:00,92062.3,93250.0,91677.4,92954.3,1680.42661856
2025-12-10 20:00:00+00:00,92966.4,94476.5,91872.9,92019.6,1631.05875429
2025-12-11 00:00:00+00:00,92014.6,92083.0,89369.8,89879.2,1242.84381616
2025-12-11 04:00:00+00:00,89879.2,90480.0,89694.8,90273.7,594.05302599
2025-12-11 08:00:00+00:00,90273.6,90507.2,89972.8,90242.9,574.4333718699149
2025-12-11 12:00:00+00:00,90243.0,90642.9,89260.9,89877.1,1242.97610786
2025-12-11 16:00:00+00:00,89873.0,91539.0,89338.5,90839.8,1383.8918479
2025-12-11 20:00:00+00:00,90839.8,93558.1,90798.8,92512.8,1502.52876556
2025-12-12 00:00:00+00:00,92513.1,92747.3,91465.6,92283.6,1169.15648499
2025-12-12 04:00:00+00:00,92283.7,92713.9,92091.9,92427.9,527.81436349
2025-12-12 08:00:00+00:00,92428.0,92629.1,92089.5,92416.1,681.77324021
2025-12-12 12:00:00+00:00,92416.2,92654.1,89789.8,89933.6,1189.88046859
2025-12-12 16:00:00+00:00,89933.5,90665.5,89485.6,90198.8,1770.06067235
2025-12-12 20:00:00+00:00,90198.9,90392.2,89900.7,90266.0,780.75246085
2025-12-13 00:00:00+00:00,90266.1,90463.0,90123.4,90341.0,350.9770957
2025-12-13 04:00:00+00:00,90341.1,90405.6,90271.8,90330.1,213.98940539
2025-12-13 08:00:00+00:00,90330.1,90641.1,90306.4,90339.3,526.94653868
2025-12-13 12:00:00+00:00,90339.3,90474.0,89938.5,90092.7,496.24825217
2025-12-13 16:00:00+00:00,90092.7,90270.1,89922.0,90169.6,331.5144231
2025-12-13 20:00:00+00:00,90169.7,90273.6,89749.8,90238.8,376.93157746
2025-12-14 00:00:00+00:00,90238.7,90463.8,90126.7,90261.6,402.26780349
2025-12-14 04:00:00+00:00,90261.7,90328.7,90052.8,90243.4,284.77612069
2025-12-14 08:00:00+00:00,90243.4,90279.5,88672.4,89363.0,657.35941982
2025-12-14 12:00:00+00:00,89363.0,89660.0,88886.0,89023.2,998.90918878
2025-12-14 16:00:00+00:00,89023.2,89392.0,88496.2,88644.3,809.02631436
2025-12-14 20:00:00+00:00,88644.3,88813.7,87539.4,88163.0,1249.12643964
2025-12-15 00:00:00+00:00,88171.0,90025.4,88086.9,89274.4,1503.69662316
2025-12-15 04:00:00+00:00,89275.3,89909.5,89275.3,89754.0,731.81685284
2025-12-15 08:00:00+00:00,89754.1,89985.7,89574.1,89649.3,627.74126337
2025-12-15 12:00:00+00:00,89649.3,89865.4,86635.1,87038.4,1781.51431333
2025-12-15 16:00:00+00:00,87038.4,87219.4,85147.5,86150.5,1650.87612609
2025-12-15 20:00:00+00:00,86150.4,86468.3,85532.5,86430.0,854.4862654
2025-12-16 00:00:00+00:00,86430.0,86518.2,85388.6,85869.1,873.54189094
2025-12-16 04:00:00+00:00,85869.1,86608.4,85273.9,86012.1,903.1921127
2025-12-16 08:00:00+00:00,86012.1,87331.6,85935.6,87253.9,893.36838414
2025-12-16 12:00:00+00:00,87254.0,88175.0,86114.1,87982.2,2010.08682613
2025-12-16 16:00:00+00:00,87978.1,88044.9,87065.9,87586.3,1224.47015521
2025-12-16 20:00:00+00:00,87585.7,87930.9,87347.0,87861.0,575.1819851
2025-12-17 00:00:00+00:00,87861.0,87944.8,87152.6,87213.1,711.82843601
2025-12-17 04:00:00+00:00,87213.1,87384.5,86215.9,87050.1,545.62561443
2025-12-17 08:00:00+00:00,87050.1,87123.2,86236.8,86983.2,577.92120806
2025-12-17 12:00:00+00:00,86983.2,90358.5,86822.1,87228.4,1809.32266021
2025-12-17 16:00:00+00:00,87233.5,87766.2,85314.1,86018.0,1900.40462694
2025-12-17 20:00:00+00:00,86018.1,86426.4,85659.3,86243.3,702.37922651
2025-12-18 00:00:00+00:00,86243.3,86863.3,85872.2,86618.6,977.56337158
2025-12-18 04:00:00+00:00,86618.6,86896.4,86390.1,86830.2,466.1441237
2025-12-18 08:00:00+00:00,86830.3,87448.1,86696.4,87276.9,714.75124739
2025-12-18 12:00:00+00:00,87285.1,89477.0,87121.0,88515.9,2209.60734214
2025-12-18 16:00:00+00:00,88513.0,88522.4,84485.3,84487.8,1926.78055175
2025-12-18 20:00:00+00:00,84487.7,85830.9,84461.0,85514.6,1402.17360858
2025-12-19 00:00:00+00:00,85514.6,87560.8,85118.6,86887.0,1320.15160891
2025-12-19 04:00:00+00:00,86886.9,88393.0,86688.0,87950.5,1235.80215969
2025-12-19 08:00:00+00:00,87950.5,88387.4,87742.1,88190.3,841.5224029900561
2025-12-19 12:00:00+00:00,88194.7,89393.5,87520.1,87951.9,1329.00446563
2025-12-19 16:00:00+00:00,87951.8,88880.0,86846.7,87837.2,1195.95365715
2025-12-19 20:00:00+00:00,87837.2,88418.2,87610.1,88143.3,806.67601804
2025-12-20 00:00:00+00:00,88143.3,88333.1,87966.3,88223.6,359.37249944
2025-12-20 04:00:00+00:00,88222.5,88568.6,88129.1,88271.4,303.48510197
2025-12-20 08:00:00+00:00,88271.5,88427.5,88109.7,88277.5,222.74102685
2025-12-20 12:00:00+00:00,88277.5,88342.2,87803.3,88176.6,296.46369005
2025-12-20 16:00:00+00:00,88176.7,88406.3,88102.4,88226.8,155.11495437
2025-12-20 20:00:00+00:00,88226.8,88441.0,88154.5,88363.3,235.23640046
2025-12-21 00:00:00+00:00,88363.3,88423.0,87877.2,88070.6,247.08742951
2025-12-21 04:00:00+00:00,88070.7,88199.6,88054.7,88172.6,166.80754473
2025-12-21 08:00:00+00:00,88172.7,89076.4,88148.6,88606.1,850.21942096
2025-12-21 12:00:00+00:00,88606.2,88918.9,87608.0,88068.8,999.85093937
2025-12-21 16:00:00+00:00,88068.9,88600.5,87952.1,88484.1,331.72350686
2025-12-21 20:00:00+00:00,88484.1,88822.9,88098.6,88650.0,563.17835365
2025-12-22 00:00:00+00:00,88650.0,89621.8,87895.6,88776.3,1147.92583945
2025-12-22 04:00:00+00:00,88776.4,89200.0,88717.6,89174.2,652.47851088
2025-12-22 08:00:00+00:00,89174.2,90110.5,89100.6,89941.2,684.90497102
2025-12-22 12:00:00+00:00,89941.2,90585.7,89200.0,89730.4,1372.99612714
2025-12-22 16:00:00+00:00,89732.3,90118.6,87976.9,88057.4,890.3222883
2025-12-22 20:00:00+00:00,88057.4,88860.1,87929.0,88609.9,708.61250987
2025-12-23 00:00:00+00:00,88609.9,88936.7,87802.7,88177.3,763.6110215
2025-12-23 04:00:00+00:00,88177.4,88364.8,87040.9,87575.9,751.1147303
2025-12-23 08:00:00+00:00,87576.0,87880.8,87301.2,87855.8,448.52103417
2025-12-23 12:00:00+00:00,87855.8,87952.0,86602.5,87446.9,469.68336072
2025-12-23 16:00:00+00:00,87447.0,88269.9,87171.1,87759.2,423.77470658
2025-12-23 20:00:00+00:00,87753.5,88356.2,87185.7,87490.4,288.18911013
2025-12-24 00:00:00+00:00,87490.5,87835.1,86866.3,87339.6,216.4305923
2025-12-24 04:00:00+00:00,87339.6,87459.4,86800.0,86922.3,313.52279919
2025-12-24 08:00:00+00:00,86922.4,87353.7,86727.2,87209.6,422.07332556
2025-12-24 12:00:00+00:00,87209.6,87478.5,86420.1,87043.6,1230.3801484
2025-12-24 16:00:00+00:00,87043.6,87671.5,86922.8,87565.9,1037.42343843
2025-12-24 20:00:00+00:00,87566.0,88051.3,87519.5,87670.1,327.04421861
2025-12-25 00:00:00+00:00,87670.1,87963.3,87518.5,87851.9,647.77104253
2025-12-25 04:00:00+00:00,87851.9,87861.7,87667.4,87834.8,331.82892148
2025-12-25 08:00:00+00:00,87834.8,87887.5,87259.9,87518.5,369.83522886
2025-12-25 12:00:00+00:00,87518.5,88592.6,87398.8,88354.9,564.70215572
2025-12-25 16:00:00+00:00,88370.0,88470.0,87999.6,88155.5,370.6828107
2025-12-25 20:00:00+00:00,88155.6,88167.7,86962.5,87235.1,625.72506398
2025-12-26 00:00:00+00:00,87234.9,89427.7,86895.0,88840.7,1212.2253117
2025-12-26 04:00:00+00:00,88840.7,89557.9,88353.1,88463.8,335.37693925
2025-12-26 08:00:00+00:00,88463.8,88907.3,88422.9,88541.2,274.79109676
2025-12-26 12:00:00+00:00,88541.2,89052.3,86662.0,87129.1,774.07046409
2025-12-26 16:00:00+00:00,87135.2,87573.0,86825.5,87501.9,425.4627842
2025-12-26 20:00:00+00:00,87501.9,87792.1,87321.9,87368.7,180.4016224
2025-12-27 00:00:00+00:00,87368.8,87529.6,87253.0,87509.6,74.38262014
2025-12-27 04:00:00+00:00,87509.6,87697.2,87419.1,87543.6,55.98318097
2025-12-27 08:00:00+00:00,87543.6,87667.8,87371.3,87475.0,89.82959885
2025-12-27 12:00:00+00:00,87475.0,87587.5,87319.7,87545.9,81.55137012
2025-12-27 16:00:00+00:00,87550.3,87583.5,87445.7,87569.5,73.14397618
2025-12-27 20:00:00+00:00,87569.4,87982.1,87508.5,87883.5,138.39547305
2025-12-28 00:00:00+00:00,87877.6,87948.3,87715.9,87743.6,90.22706642
2025-12-28 04:00:00+00:00,87743.5,87832.4,87619.8,87729.7,75.46703033
2025-12-28 08:00:00+00:00,87729.7,88000.0,87725.3,87882.7,136.45224684
2025-12-28 12:00:00+00:00,87882.7,88082.3,87801.4,87836.9,115.81167283
2025-12-28 16:00:00+00:00,87836.9,87930.0,87447.3,87524.0,167.15278504
2025-12-28 20:00:00+00:00,87523.8,88044.6,87444.4,87949.2,183.82935721
2025-12-29 00:00:00+00:00,87949.2,90158.8,87817.2,90118.0,646.39604391
2025-12-29 04:00:00+00:00,90118.0,90397.9,89506.6,89606.1,348.83190311
2025-12-29 08:00:00+00:00,89606.1,89822.2,87572.6,87572.7,945.61453563
2025-12-29 12:00:00+00:00,87572.7,88209.8,86800.1,87684.4,373.82494084
2025-12-29 16:00:00+00:00,87681.3,87992.8,87316.8,87357.1,191.26158427
2025-12-29 20:00:00+00:00,87357.1,87592.7,87080.4,87240.0,116.51757092
2025-12-30 00:00:00+00:00,87237.2,87417.9,86829.2,87376.8,277.15488559
2025-12-30 04:00:00+00:00,87376.8,87611.4,87158.1,87496.6,387.74713719
2025-12-30 08:00:00+00:00,87496.7,88211.5,87496.7,87902.1,767.73645532
2025-12-30 12:00:00+00:00,87902.1,89151.0,87838.8,89008.7,923.58293334
2025-12-30 16:00:00+00:00,89008.8,89400.0,87974.0,88226.7,841.67292715
2025-12-30 20:00:00+00:00,88220.7,88575.0,87889.8,88497.2,243.58922012
2025-12-31 00:00:00+00:00,88497.1,88808.4,88183.4,88450.5,662.39565155
2025-12-31 04:00:00+00:00,88450.5,88635.1,88339.4,88613.5,241.32266076
2025-12-31 08:00:00+00:00,88613.5,89051.5,88386.8,89017.3,315.9871036
2025-12-31 12:00:00+00:00,89017.2,89199.5,87795.2,87943.6,711.92876659
2025-12-31 16:00:00+00:00,87947.0,88049.1,87406.5,87546.0,671.04076602
2025-12-31 20:00:00+00:00,87546.1,87872.4,87253.9,87638.5,302.0447844
2026-01-01 00:00:00+00:00,87638.6,88082.6,87633.0,87843.8,215.35610251
2026-01-01 04:00:00+00:00,87843.8,87848.9,87556.2,87627.7,174.79158379
2026-01-01 08:00:00+00:00,87627.8,88021.3,87627.7,88021.2,112.35463108
2026-01-01 12:00:00+00:00,88021.3,88120.6,87811.4,88038.2,177.5051706
2026-01-01 16:00:00+00:00,88038.2,88499.6,87888.5,88387.8,313.13332343
2026-01-01 20:00:00+00:00,88387.8,88918.4,88244.9,88832.6,280.30749326
2026-01-02 00:00:00+00:00,88832.6,89118.4,88387.6,88938.2,456.93763231
2026-01-02 04:00:00+00:00,88938.3,89082.7,88584.6,88860.4,322.14146254
2026-01-02 08:00:00+00:00,88860.5,89925.5,88798.5,89499.8,556.25869387
2026-01-02 12:00:00+00:00,89499.9,90138.6,88466.2,89412.8,1197.06545994
2026-01-02 16:00:00+00:00,89412.8,90957.6,89209.0,89904.4,2285.92655909
2026-01-02 20:00:00+00:00,89898.0,90397.9,89636.1,89995.0,796.11214271
2026-01-03 00:00:00+00:00,89995.1,90404.5,89970.5,90320.6,492.0440177401723
2026-01-03 04:00:00+00:00,90320.6,90477.7,89327.0,89582.6,1038.75531965
2026-01-03 08:00:00+00:00,89579.0,89970.5,89425.6,89753.5,710.10151297
2026-01-03 12:00:00+00:00,89753.5,90238.8,89667.1,89972.3,267.42739378
2026-01-03 16:00:00+00:00,89972.3,90213.4,89922.7,90121.8,200.30600757
2026-01-03 20:00:00+00:00,90121.8,90736.6,90013.1,90633.9,344.88851984
2026-01-04 00:00:00+00:00,90633.8,91591.5,90633.8,91240.6,568.54258731
2026-01-04 04:00:00+00:00,91240.6,91807.2,91189.3,91527.8,412.20117117
2026-01-04 08:00:00+00:00,91527.9,91617.8,91180.1,91307.5,346.21575855
2026-01-04 12:00:00+00:00,91307.4,91420.8,91031.0,91332.7,213.7448465
2026-01-04 16:00:00+00:00,91332.8,91446.6,90866.0,91141.0,282.00326473
2026-01-04 20:00:00+00:00,91141.0,91582.2,91128.1,91540.1,313.46338677
2026-01-05 00:00:00+00:00,91539.2,93384.0,91522.9,92886.1,962.98283842
2026-01-05 04:00:00+00:00,92886.1,92952.9,92164.9,92528.4,414.17351112
2026-01-05 08:00:00+00:00,92528.5,93155.3,92329.0,93125.8,683.6546915
2026-01-05 12:00:00+00:00,93125.8,94025.5,92423.3,93957.8,1688.18395762
2026-01-05 16:00:00+00:00,93957.8,94509.8,93263.7,94313.2,1913.28648356
2026-01-05 20:00:00+00:00,94313.2,94798.0,93820.7,93880.8,960.90841676
2026-01-06 00:00:00+00:00,93880.8,94161.1,93529.2,93768.5,988.92080044
2026-01-06 04:00:00+00:00,93768.5,93995.7,93146.1,93252.1,737.08125804
2026-01-06 08:00:00+00:00,93252.1,93895.1,93161.7,93840.7,728.4196993148807
2026-01-06 12:00:00+00:00,93840.8,94445.0,93356.0,93641.1,1756.0478220678096
2026-01-06 16:00:00+00:00,93641.2,93772.6,91275.8,92106.5,2052.1150729
2026-01-06 20:00:00+00:00,92104.6,93842.3,92098.5,93748.0,1381.6746382
2026-01-07 00:00:00+00:00,93748.0,93748.2,92243.0,92812.3,1358.17499963
2026-01-07 04:00:00+00:00,92812.4,92915.6,92511.5,92878.0,640.64711338
2026-01-07 08:00:00+00:00,92878.0,92956.6,91605.8,92094.3,935.8042295
2026-01-07 12:00:00+00:00,92094.4,92284.2,91025.2,91346.0,1368.241346065165
2026-01-07 16:00:00+00:00,91346.1,91788.3,90677.4,91186.8,1062.3710572018288
2026-01-07 20:00:00+00:00,91186.8,91482.0,90779.0,91368.3,719.12820155
2026-01-08 00:00:00+00:00,91368.4,91791.5,90623.1,90809.5,992.6221287385928
2026-01-08 04:00:00+00:00,90809.5,91180.2,89643.5,90551.0,1078.57327529
2026-01-08 08:00:00+00:00,90551.0,90767.8,89785.9,90224.4,1160.38590685
2026-01-08 12:00:00+00:00,90224.5,90827.3,89316.7,90789.2,1550.15058624
2026-01-08 16:00:00+00:00,90789.2,91469.6,90316.9,90938.1,1072.85270628
2026-01-08 20:00:00+00:00,90938.1,91489.3,90566.1,91105.2,929.2145801
2026-01-09 00:00:00+00:00,91105.3,91637.2,90859.1,91225.9,773.19712801
2026-01-09 04:00:00+00:00,91226.0,91239.4,90751.1,90751.2,534.04018156
2026-01-09 08:00:00+00:00,90751.1,90844.2,89700.4,90459.3,948.84362886
2026-01-09 12:00:00+00:00,90459.4,92023.5,89850.2,91176.0,1208.44620703
2026-01-09 16:00:00+00:00,91176.0,91779.5,90188.4,90331.6,850.84098307
2026-01-09 20:00:00+00:00,90331.5,90731.8,90128.5,90639.4,263.55617132
2026-01-10 00:00:00+00:00,90639.4,90785.4,90529.6,90637.5,227.09977062
2026-01-10 04:00:00+00:00,90637.5,90678.8,90409.4,90668.5,188.39933593
2026-01-10 08:00:00+00:00,90668.5,90831.4,90619.9,90720.2,222.09793824
2026-01-10 12:00:00+00:00,90720.2,90787.9,90543.3,90656.8,155.04353375
2026-01-10 16:00:00+00:00,90656.9,90737.4,90516.6,90627.4,139.07838359
2026-01-10 20:00:00+00:00,90627.4,90647.3,90406.2,90501.2,200.26305092
2026-01-11 00:00:00+00:00,90501.2,90730.7,90461.6,90730.4,158.80441918
2026-01-11 04:00:00+00:00,90730.5,90843.3,90584.6,90711.0,98.66555588
2026-01-11 08:00:00+00:00,90711.0,90807.5,90619.9,90744.1,107.46038251
2026-01-11 12:00:00+00:00,90744.1,91180.3,90713.5,90870.9,183.17605396
2026-01-11 16:00:00+00:00,90871.0,91281.1,90679.0,90693.3,178.79289423
2026-01-11 20:00:00+00:00,90693.3,91032.0,90236.3,91010.1,263.18760366
2026-01-12 00:00:00+00:00,91010.6,92519.4,90703.9,91810.4,1183.68267872
2026-01-12 04:00:00+00:00,91810.4,92278.6,91404.3,91425.5,825.61072755
2026-01-12 08:00:00+00:00,91425.5,91625.4,90372.1,90630.1,1107.66513539
2026-01-12 12:00:00+00:00,90630.2,91664.5,90128.8,91664.5,1179.27173135
2026-01-12 16:00:00+00:00,91664.5,92321.1,91006.8,91858.5,1084.80034433
2026-01-12 20:00:00+00:00,91858.4,92046.0,90940.0,91296.5,430.21227944
2026-01-13 00:00:00+00:00,91296.5,91547.1,91058.8,91409.7,276.65937464
2026-01-13 04:00:00+00:00,91409.7,92271.4,91363.4,91949.7,315.42134917
2026-01-13 08:00:00+00:00,91949.6,92663.9,91931.6,92001.9,441.52921648
2026-01-13 12:00:00+00:00,92002.0,93454.3,91782.9,93454.3,1386.97785525
2026-01-13 16:00:00+00:00,93454.4,94238.3,93082.0,94223.6,1089.27982567
2026-01-13 20:00:00+00:00,94228.3,96666.0,94076.6,95413.3,1281.82049007
2026-01-14 00:00:00+00:00,95414.0,95719.5,95152.7,95719.5,838.79755958
2026-01-14 04:00:00+00:00,95719.5,95797.2,94577.2,95214.6,726.26721313
2026-01-14 08:00:00+00:00,95214.7,95321.8,94750.2,94785.7,578.65009893
2026-01-14 12:00:00+00:00,94785.7,97100.1,94685.0,96764.6,1044.01094841
2026-01-14 16:00:00+00:00,96764.5,97778.2,96260.6,97259.8,1415.8951735995506
2026-01-14 20:00:00+00:00,97262.2,97958.2,96770.5,96945.7,659.94473706
2026-01-15 00:00:00+00:00,96945.8,96993.5,95777.5,95987.0,1073.54860922
2026-01-15 04:00:00+00:00,95987.0,96755.7,95965.8,96627.9,867.10087741
2026-01-15 08:00:00+00:00,96627.9,97191.0,96303.4,96595.5,667.03937828
2026-01-15 12:00:00+00:00,96595.5,97149.1,95453.5,96745.2,1363.02948416
2026-01-15 16:00:00+00:00,96745.2,97086.8,95189.4,95518.4,1385.82863083
2026-01-15 20:00:00+00:00,95518.4,95864.3,95136.7,95604.7,397.33335353
2026-01-16 00:00:00+00:00,95604.8,95843.6,95337.0,95354.7,474.21559945
2026-01-16 04:00:00+00:00,95354.8,95817.8,95151.4,95652.3,458.55282289
2026-01-16 08:00:00+00:00,95652.3,95860.9,95269.5,95426.4,270.705246225
2026-01-16 12:00:00+00:00,95426.5,95801.6,94287.9,94586.0,620.3043990787778
2026-01-16 16:00:00+00:00,94586.0,95241.9,94508.6,95007.0,598.01139909
2026-01-16 20:00:00+00:00,95007.0,95595.9,94686.1,95560.0,316.02176418
2026-01-17 00:00:00+00:00,95551.4,95577.9,95214.4,95374.5,179.25673074
2026-01-17 04:00:00+00:00,95374.6,95374.6,95056.1,95101.8,153.06014344
2026-01-17 08:00:00+00:00,95101.9,95316.8,95038.1,95316.8,167.75003263
2026-01-17 12:00:00+00:00,95316.8,95645.8,95206.8,95573.6,265.67346054
2026-01-17 16:00:00+00:00,95573.6,95573.6,95215.9,95295.7,185.71685771
2026-01-17 20:00:00+00:00,95295.7,95409.1,95052.1,95148.0,147.16248971
2026-01-18 00:00:00+00:00,95148.1,95247.1,94883.1,95185.6,191.0997127
2026-01-18 04:00:00+00:00,95185.6,95250.9,95018.8,95019.0,258.8348538
2026-01-18 08:00:00+00:00,95019.0,95283.5,95019.0,95179.2,225.22974971
2026-01-18 12:00:00+00:00,95179.2,95352.4,94909.0,95112.3,346.51871466
2026-01-18 16:00:00+00:00,95112.2,95514.7,95072.3,95380.5,221.68021209798664
2026-01-18 20:00:00+00:00,95380.5,95519.5,93617.4,93674.0,458.0125657
2026-01-19 00:00:00+00:00,93673.9,93673.9,91926.0,92690.2,1028.93415564
2026-01-19 04:00:00+00:00,92690.9,92849.8,92390.5,92841.7,473.32670862
2026-01-19 08:00:00+00:00,92841.6,93368.4,92706.0,93191.0,614.28467201
2026-01-19 12:00:00+00:00,93191.0,93227.3,92712.7,93069.3,513.99261308
2026-01-19 16:00:00+00:00,93069.3,93405.3,92931.5,93107.5,316.46802516
2026-01-19 20:00:00+00:00,93107.6,93342.7,92135.8,92626.9,468.33972955
2026-01-20 00:00:00+00:00,92626.8,92867.3,92266.8,92435.7,586.85016965
2026-01-20 04:00:00+00:00,92435.7,92470.8,90780.3,91178.8,1042.34310511
2026-01-20 08:00:00+00:00,91178.8,91442.6,90691.0,91217.4,555.18136275
2026-01-20 12:00:00+00:00,91217.5,91365.1,89866.1,90679.1,1540.62879441
2026-01-20 16:00:00+00:00,90679.1,90973.0,89283.9,89724.7,1192.27921869
2026-01-20 20:00:00+00:00,89724.7,89844.5,87900.0,88427.8,1147.91114354
2026-01-21 00:00:00+00:00,88427.8,89601.1,88256.4,89432.1,711.57170859
2026-01-21 04:00:00+00:00,89432.2,90119.4,89095.0,89225.1,347.0630859
2026-01-21 08:00:00+00:00,89223.1,89490.8,88698.0,88795.4,511.69643678
2026-01-21 12:00:00+00:00,88795.4,90590.0,88170.6,90290.8,1983.26075252
2026-01-21 16:00:00+00:00,90290.8,90449.8,87267.2,90348.9,2811.50181584
2026-01-21 20:00:00+00:00,90355.5,90381.0,89360.7,89457.3,880.14097756
2026-01-22 00:00:00+00:00,89457.4,90357.0,89452.0,89893.4,962.25113633
2026-01-22 04:00:00+00:00,89893.5,90215.1,89802.9,89820.1,405.51610839
2026-01-22 08:00:00+00:00,89820.2,90144.6,89767.1,89941.7,299.13614147
2026-01-22 12:00:00+00:00,89941.8,90332.1,88516.3,89008.3,1196.76514955
2026-01-22 16:00:00+00:00,89000.0,89917.7,88680.1,89781.7,1320.29741675
2026-01-22 20:00:00+00:00,89777.1,89944.7,89146.9,89563.1,457.31958382
2026-01-23 00:00:00+00:00,89554.1,89971.8,89447.3,89921.1,362.28697166
2026-01-23 04:00:00+00:00,89924.8,90082.1,89401.0,89549.4,409.66035763
2026-01-23 08:00:00+00:00,89549.4,89630.5,88868.0,89205.9,457.3744851
2026-01-23 12:00:00+00:00,89205.9,89860.9,88578.5,89753.9,1375.68990249
2026-01-23 16:00:00+00:00,89755.8,91226.8,89488.2,89983.6,1958.4726079567072
2026-01-23 20:00:00+00:00,89983.5,90155.9,89221.1,89604.7,704.10037565
2026-01-24 00:00:00+00:00,89604.8,89936.7,89429.2,89770.0,385.02560917
2026-01-24 04:00:00+00:00,89770.0,89849.0,89574.4,89620.4,127.33168625
2026-01-24 08:00:00+00:00,89620.5,89682.1,89575.7,89594.0,85.98882396
2026-01-24 12:00:00+00:00,89590.4,89590.5,89181.8,89272.8,141.16496861
2026-01-24 16:00:00+00:00,89273.0,89461.6,89171.0,89332.2,204.34628034
2026-01-24 20:00:00+00:00,89332.3,89490.6,89223.2,89234.1,183.05006794
2026-01-25 00:00:00+00:00,89234.1,89321.7,88847.1,88962.6,152.31898584
2026-01-25 04:00:00+00:00,88962.6,89090.2,88646.5,88660.0,211.79277002
2026-01-25 08:00:00+00:00,88660.1,88761.2,88135.2,88567.3,342.23276381
2026-01-25 12:00:00+00:00,88567.2,88975.5,88385.6,88453.8,396.98486631
2026-01-25 16:00:00+00:00,88453.9,88453.9,86196.3,86493.7,1866.57686836
2026-01-25 20:00:00+00:00,86493.8,87012.0,86081.8,86670.4,806.68817342
2026-01-26 00:00:00+00:00,86670.4,87958.0,86514.2,87272.1,1046.43755982
2026-01-26 04:00:00+00:00,87272.2,88074.7,87251.4,87999.9,723.90043832
2026-01-26 08:00:00+00:00,87999.9,88398.5,87608.1,87853.3,428.3353849
2026-01-26 12:00:00+00:00,87853.4,88865.6,87334.4,87644.0,1169.3898048037754
2026-01-26 16:00:00+00:00,87644.0,88538.4,87045.5,88015.5,1206.6205502182313
2026-01-26 20:00:00+00:00,88015.5,88660.2,87545.2,88347.1,539.19710752
2026-01-27 00:00:00+00:00,88347.2,88894.0,88204.1,88784.0,637.25688597
2026-01-27 04:00:00+00:00,88784.1,88999.9,88288.2,88327.2,513.2679549606765
2026-01-27 08:00:00+00:00,88327.2,88397.5,87746.9,87996.6,555.15939153
2026-01-27 12:00:00+00:00,87996.6,88460.9,87580.8,88040.6,1260.91797901
2026-01-27 16:00:00+00:00,88040.5,88818.5,87300.0,88403.2,2039.74168639
2026-01-27 20:00:00+00:00,88403.2,89522.6,88373.6,89250.1,774.23398546
2026-01-28 00:00:00+00:00,89250.1,89495.5,88994.1,89128.8,534.40165704
2026-01-28 04:00:00+00:00,89128.9,89386.4,88842.4,89142.9,411.87681628
2026-01-28 08:00:00+00:00,89142.9,90146.3,88860.4,90073.5,721.87238458
2026-01-28 12:00:00+00:00,90073.5,90484.1,88904.8,89482.5,1633.2062408888041
2026-01-28 16:00:00+00:00,89482.6,90600.9,89019.5,89409.0,1875.57587398
2026-01-28 20:00:00+00:00,89408.0,89892.2,88877.5,89288.4,900.44490057
2026-01-29 00:00:00+00:00,89300.0,89345.0,87707.1,88054.5,1159.90550126
2026-01-29 04:00:00+00:00,88054.5,88428.8,87906.0,88345.0,625.0648398
2026-01-29 08:00:00+00:00,88345.0,88497.5,87757.2,87846.4,655.40563812
2026-01-29 12:00:00+00:00,87846.5,88173.7,84378.7,84952.7,1979.4257951008938
2026-01-29 16:00:00+00:00,84952.7,85649.6,83383.2,84012.1,2498.4518735002757
2026-01-29 20:00:00+00:00,84012.2,84731.4,83833.9,84658.9,666.459436
2026-01-30 00:00:00+00:00,84658.8,85442.0,81133.4,82698.9,2011.8611853873551
2026-01-30 04:00:00+00:00,82698.9,83336.0,82066.5,82826.6,751.07135345
2026-01-30 08:00:00+00:00,82817.0,83308.5,82164.7,83152.0,698.09169343
2026-01-30 12:00:00+00:00,83152.0,83800.2,82383.2,82886.1,1580.78951432
2026-01-30 16:00:00+00:00,82881.1,84621.3,81880.3,84240.5,3604.00664518
2026-01-30 20:00:00+00:00,84240.6,84503.0,83540.6,84260.5,1902.86913812
2026-01-31 00:00:00+00:00,84260.5,84269.9,83816.7,84021.1,420.89511169
2026-01-31 04:00:00+00:00,84021.1,84146.9,83402.1,83538.3,302.4947185863265
2026-01-31 08:00:00+00:00,83538.3,83626.3,82570.1,83005.7,1255.7506041
2026-01-31 12:00:00+00:00,83005.8,83135.9,80823.7,81299.5,2035.53755616
2026-01-31 16:00:00+00:00,81299.6,82228.4,75702.8,77756.2,4998.39991331
2026-01-31 20:00:00+00:00,77756.3,79229.7,77094.7,78737.7,2753.46462232
2026-02-01 00:00:00+00:00,78737.7,79417.7,78266.8,78868.4,2349.47245896
2026-02-01 04:00:00+00:00,78868.3,79118.3,77978.1,78355.0,1828.40420215
2026-02-01 08:00:00+00:00,78355.1,79219.6,78153.7,78746.4,1461.15417386
2026-02-01 12:00:00+00:00,78746.4,78758.9,76789.3,77593.4,2729.27108068
2026-02-01 16:00:00+00:00,77594.2,78445.5,77000.1,77174.0,3053.01787283
2026-02-01 20:00:00+00:00,77173.9,77774.6,75718.4,76971.6,3992.1282729
2026-02-02 00:00:00+00:00,76971.6,78178.5,74610.5,76288.8,3985.49020883
2026-02-02 04:00:00+00:00,76306.5,76952.9,74914.2,76651.6,3690.16569024
2026-02-02 08:00:00+00:00,76653.9,77966.2,76630.9,77755.9,2486.17533484
2026-02-02 12:00:00+00:00,77756.0,79361.7,77571.9,78854.2,3078.81121349
2026-02-02 16:00:00+00:00,78854.1,79291.7,78289.4,78342.1,2379.67422237
2026-02-02 20:00:00+00:00,78342.1,78965.8,77899.1,78735.9,1389.71596289
2026-02-03 00:00:00+00:00,78735.9,79189.7,77655.5,78758.2,1767.33630327
2026-02-03 04:00:00+00:00,78758.2,78994.9,77954.9,78785.1,1309.55969305
2026-02-03 08:00:00+00:00,78788.7,79075.3,77942.2,78083.5,1410.33479964
2026-02-03 12:00:00+00:00,78083.5,78451.2,77054.9,78135.5,2588.90004668
2026-02-03 16:00:00+00:00,78134.0,78134.5,72944.8,74939.0,4309.64644331
2026-02-03 20:00:00+00:00,74938.9,76956.2,74585.9,75777.0,2708.46160771
2026-02-04 00:00:00+00:00,75776.9,76971.5,75459.0,76700.5,1696.73503511
2026-02-04 04:00:00+00:00,76700.5,76827.7,76105.1,76514.2,918.67624472
2026-02-04 08:00:00+00:00,76514.2,76598.8,75669.8,76015.8,1378.15385245
2026-02-04 12:00:00+00:00,76015.8,76261.1,73795.4,74135.8,3275.90690045
2026-02-04 16:00:00+00:00,74136.8,74238.0,72173.9,73915.4,3739.39680235
2026-02-04 20:00:00+00:00,73919.6,74138.4,71871.0,73165.8,2976.54177129
2026-02-05 00:00:00+00:00,73162.4,73333.4,71160.0,71225.9,3323.65164386
2026-02-05 04:00:00+00:00,71225.9,71619.3,70138.0,70744.6,3141.39248441
2026-02-05 08:00:00+00:00,70756.9,71970.0,69933.3,70326.5,2386.49092778
2026-02-05 12:00:00+00:00,70325.5,70865.0,66703.5,67488.4,4652.85846776
2026-02-05 16:00:00+00:00,67488.4,68690.8,65188.6,65270.1,5792.82221367
2026-02-05 20:00:00+00:00,65270.1,65698.8,62290.7,62909.9,6383.69935541
2026-02-06 00:00:00+00:00,62909.9,66016.3,60000.0,64182.4,5075.73333613
2026-02-06 04:00:00+00:00,64182.1,66821.8,63965.9,64856.7,3041.86761996
2026-02-06 08:00:00+00:00,64859.8,66760.3,64488.7,66633.8,2214.10234134
2026-02-06 12:00:00+00:00,66633.9,69195.3,66116.4,68627.1,3073.81009149
2026-02-06 16:00:00+00:00,68627.0,71500.0,68428.6,70732.0,2989.23373536
2026-02-06 20:00:00+00:00,70726.6,71750.0,69840.1,70580.3,1896.89880431
2026-02-07 00:00:00+00:00,70579.5,70922.7,69727.5,70914.3,1389.74322647
2026-02-07 04:00:00+00:00,70918.9,71690.9,67345.0,68097.7,2774.97164338
2026-02-07 08:00:00+00:00,68097.8,68795.8,67610.3,67973.3,2087.18543528
2026-02-07 12:00:00+00:00,67973.3,70040.4,67915.0,69154.5,2257.75058393
2026-02-07 16:00:00+00:00,69154.5,69905.3,68554.8,69373.7,1535.82886699
2026-02-07 20:00:00+00:00,69373.6,69734.4,68787.4,69289.4,873.92406489
2026-02-08 00:00:00+00:00,69289.4,69697.7,68889.6,69103.7,528.75031172
2026-02-08 04:00:00+00:00,69103.7,69709.2,68971.8,69706.8,307.80603391
2026-02-08 08:00:00+00:00,69706.7,71215.9,69520.1,70992.9,747.66659308
2026-02-08 12:00:00+00:00,70993.3,71554.4,70710.1,71189.0,880.10686949
2026-02-08 16:00:00+00:00,71188.9,71518.8,70256.9,71417.5,721.04853341
2026-02-08 20:00:00+00:00,71417.5,72272.8,69988.9,70330.4,901.07824277
2026-02-09 00:00:00+00:00,70329.7,71440.0,70068.1,71312.4,2039.26297645
2026-02-09 04:00:00+00:00,71312.4,71352.6,70311.9,70424.5,1379.02349581
2026-02-09 08:00:00+00:00,70424.4,70608.7,68420.6,68923.0,2105.22847802
2026-02-09 12:00:00+00:00,68923.1,69868.9,68302.6,69563.4,2581.87195968
2026-02-09 16:00:00+00:00,69563.5,71072.5,69100.3,70963.1,2130.16134215
2026-02-09 20:00:00+00:00,70956.5,71126.8,69829.2,70136.0,1330.63158312
2026-02-10 00:00:00+00:00,70136.1,70521.6,69214.2,69511.9,1251.13222257
2026-02-10 04:00:00+00:00,69511.9,69900.6,68684.1,68921.3,1295.81097184
2026-02-10 08:00:00+00:00,68921.3,69412.9,68457.8,68540.9,1009.3149761
2026-02-10 12:00:00+00:00,68535.1,69591.7,67917.1,69294.9,2402.643081679277
2026-02-10 16:00:00+00:00,69294.3,69992.0,68615.8,69064.5,2769.56828874
2026-02-10 20:00:00+00:00,69064.4,69136.9,68362.1,68841.9,1623.73518035
2026-02-11 00:00:00+00:00,68841.8,69291.3,68015.9,68189.3,1419.37818049
2026-02-11 04:00:00+00:00,68189.3,68323.8,66559.4,67032.7,1782.65568249
2026-02-11 08:00:00+00:00,67035.5,67125.1,66382.8,67053.6,1020.13583551
2026-02-11 12:00:00+00:00,67053.0,68830.4,65757.5,66519.1,2765.54468531
2026-02-11 16:00:00+00:00,66519.2,67858.4,65850.0,67588.9,2070.60481821
2026-02-11 20:00:00+00:00,67588.8,68347.4,66795.6,67076.3,1339.15764929
2026-02-12 00:00:00+00:00,67087.0,68045.0,67056.5,67582.3,882.59728985
2026-02-12 04:00:00+00:00,67582.4,67679.0,66674.4,67231.0,774.58622086
2026-02-12 08:00:00+00:00,67217.0,68302.1,66893.3,68082.4,797.53817901
2026-02-12 12:00:00+00:00,68076.0,68409.7,67011.0,67138.1,1556.0098899
2026-02-12 16:00:00+00:00,67134.8,67231.2,65117.5,65785.4,2654.14079338
2026-02-12 20:00:00+00:00,65788.4,66488.9,65218.4,66268.6,1059.01207918
2026-02-13 00:00:00+00:00,66271.5,66809.3,65874.2,66556.2,786.8702741
2026-02-13 04:00:00+00:00,66556.2,66672.2,66009.8,66207.4,579.0116294
2026-02-13 08:00:00+00:00,66209.2,67224.1,66192.1,67167.4,860.88462049
2026-02-13 12:00:00+00:00,67167.3,69305.4,66868.6,68698.6,2048.42579392
2026-02-13 16:00:00+00:00,68698.6,69476.9,68541.6,68938.9,1753.44704132
2026-02-13 20:00:00+00:00,68938.9,69079.9,68684.1,68854.0,727.46109041
2026-02-14 00:00:00+00:00,68854.0,69139.4,68769.1,68976.4,310.6493082238202
2026-02-14 04:00:00+00:00,68976.5,69342.0,68731.7,69213.8,181.94665727
2026-02-14 08:00:00+00:00,69213.7,70572.6,69213.7,70509.1,659.76142349
2026-02-14 12:00:00+00:00,70505.7,70534.8,69211.2,69782.0,959.43721044
2026-02-14 16:00:00+00:00,69782.0,69930.0,69290.0,69869.9,545.78946395
2026-02-14 20:00:00+00:00,69869.9,70250.5,69627.6,69823.0,497.18970164
2026-02-15 00:00:00+00:00,69823.0,69990.0,69255.7,69954.5,648.8274622159074
2026-02-15 04:00:00+00:00,69954.5,70926.3,69753.6,70825.9,839.20458598
2026-02-15 08:00:00+00:00,70826.0,70973.6,70186.1,70298.4,589.17610206
2026-02-15 12:00:00+00:00,70298.4,70412.2,68771.0,69099.7,1149.5259799
2026-02-15 16:00:00+00:00,69099.6,69099.7,68062.5,68290.4,1109.44678617
2026-02-15 20:00:00+00:00,68290.4,69079.1,68129.6,68820.1,716.038785366332
2026-02-16 00:00:00+00:00,68831.9,69061.7,68150.0,68424.8,703.9828839
2026-02-16 04:00:00+00:00,68424.8,68898.0,68234.1,68589.1,441.1728473991939
2026-02-16 08:00:00+00:00,68589.1,69055.7,68341.0,68812.9,562.243273295082
2026-02-16 12:00:00+00:00,68812.9,70117.9,67297.3,67535.2,1909.82489339
2026-02-16 16:00:00+00:00,67540.6,68244.0,67517.6,67913.4,825.86940696
2026-02-16 20:00:00+00:00,67913.4,68979.0,67827.1,68891.9,754.7359680618141
2026-02-17 00:00:00+00:00,68891.9,69240.3,68386.5,68475.0,841.55008615
2026-02-17 04:00:00+00:00,68475.0,68708.6,67900.2,68382.9,603.85523699
2026-02-17 08:00:00+00:00,68388.0,68479.5,67689.6,67851.8,520.16638132
2026-02-17 12:00:00+00:00,67851.8,68360.7,66620.0,67388.6,1653.74458225
2026-02-17 16:00:00+00:00,67392.1,68235.4,66889.0,67787.1,1828.12352659
2026-02-17 20:00:00+00:00,67787.7,67931.2,67391.1,67502.7,853.64700649
2026-02-18 00:00:00+00:00,67509.8,67705.5,66899.0,67629.2,596.11967288
2026-02-18 04:00:00+00:00,67629.2,68223.1,67502.6,68114.0,494.58410325
2026-02-18 08:00:00+00:00,68114.1,68469.7,67079.0,67368.2,741.16586004
2026-02-18 12:00:00+00:00,67368.3,68340.0,66718.1,67688.5,1278.19695837
2026-02-18 16:00:00+00:00,67694.0,67703.3,65857.9,66178.0,1625.04768733
2026-02-18 20:00:00+00:00,66178.0,66539.3,66049.0,66461.0,710.4150115
2026-02-19 00:00:00+00:00,66461.1,66992.1,66345.0,66981.3,592.0559461
2026-02-19 04:00:00+00:00,66981.3,67315.7,66688.1,67210.2,539.91095778
2026-02-19 08:00:00+00:00,67210.1,67210.1,66478.1,66501.6,629.9285064
2026-02-19 12:00:00+00:00,66501.5,66746.7,65636.5,66403.7,1623.58295732
2026-02-19 16:00:00+00:00,66403.6,67195.5,65900.1,67050.6,1486.14676392
2026-02-19 20:00:00+00:00,67050.5,67165.4,66652.5,66998.1,614.8894303
2026-02-20 00:00:00+00:00,67001.5,67487.7,66944.6,67365.4,559.49198576
2026-02-20 04:00:00+00:00,67365.5,68009.9,67117.8,67822.9,550.93367346
2026-02-20 08:00:00+00:00,67822.9,68313.3,67284.6,67324.0,579.59287798
2026-02-20 12:00:00+00:00,67324.0,68079.5,66453.1,67582.9,1833.84331894
2026-02-20 16:00:00+00:00,67582.9,68007.6,66950.0,67646.0,1678.14955904
2026-02-20 20:00:00+00:00,67645.9,68234.6,67520.1,68020.0,548.59732682
2026-02-21 00:00:00+00:00,68019.5,68090.6,67538.3,67664.5,308.19838449
2026-02-21 04:00:00+00:00,67664.5,67919.1,67600.0,67853.7,188.31048682
2026-02-21 08:00:00+00:00,67854.1,68314.5,67816.0,68092.4,222.59234052
2026-02-21 12:00:00+00:00,68092.4,68697.2,67921.9,68611.9,292.50352881
2026-02-21 16:00:00+00:00,68611.9,68658.2,68101.9,68540.5,264.62811731
2026-02-21 20:00:00+00:00,68541.7,68599.2,67900.0,67994.0,257.74539055
2026-02-22 00:00:00+00:00,67980.2,68220.9,67814.8,68041.3,255.59793139
2026-02-22 04:00:00+00:00,68041.4,68211.8,67888.8,68005.2,154.4270698
2026-02-22 08:00:00+00:00,68005.2,68245.0,67916.9,68214.4,115.65558487
2026-02-22 12:00:00+00:00,68214.4,68231.9,67302.9,67684.2,378.20123331
2026-02-22 16:00:00+00:00,67684.2,67702.1,67190.0,67427.8,313.50186926
2026-02-22 20:00:00+00:00,67427.8,67749.9,67346.6,67640.0,206.6624457
2026-02-23 00:00:00+00:00,67640.0,67682.4,64303.8,64938.1,1201.79465098
2026-02-23 04:00:00+00:00,64938.1,66007.0,64685.8,65959.7,579.35781602
2026-02-23 08:00:00+00:00,65959.7,66595.8,65569.1,66203.6,546.35148935
2026-02-23 12:00:00+00:00,66206.9,66503.7,65530.5,65661.2,856.33041468
2026-02-23 16:00:00+00:00,65661.0,65716.9,64085.8,64294.2,1301.84666221
2026-02-23 20:00:00+00:00,64290.4,65017.8,63877.1,64656.1,739.25935997
2026-02-24 00:00:00+00:00,64656.1,65010.1,63346.2,63591.9,1099.59003913
2026-02-24 04:00:00+00:00,63591.8,63625.6,62703.1,63197.5,1271.27855496
2026-02-24 08:00:00+00:00,63196.6,63445.6,62938.0,63228.7,747.80880308
2026-02-24 12:00:00+00:00,63228.7,64027.5,62505.6,63976.3,1380.57004444
2026-02-24 16:00:00+00:00,63974.0,64739.0,63699.5,64432.7,1157.59002062
2026-02-24 20:00:00+00:00,64432.6,64586.9,63832.1,64055.6,578.9548063794991
2026-02-25 00:00:00+00:00,64055.7,66306.8,63913.3,65391.0,1316.69953969
2026-02-25 04:00:00+00:00,65391.1,65648.1,64756.6,65027.7,743.54972962
2026-02-25 08:00:00+00:00,65027.7,65694.0,64957.5,65430.0,451.4258217
2026-02-25 12:00:00+00:00,65429.9,67569.9,65322.2,67407.3,1386.21066975
2026-02-25 16:00:00+00:00,67396.0,69549.9,67395.9,69032.9,1516.93857407
2026-02-25 20:00:00+00:00,69033.0,70000.0,67600.3,67986.9,1124.5995229346756
2026-02-26 00:00:00+00:00,67985.5,68698.0,67733.9,68222.6,770.10766897
2026-02-26 04:00:00+00:00,68222.7,68855.9,67827.2,67827.2,582.39350397
2026-02-26 08:00:00+00:00,67827.2,68712.5,67800.0,68046.3,578.92438499
2026-02-26 12:00:00+00:00,68046.3,68297.2,66766.8,67380.0,1310.95216407
2026-02-26 16:00:00+00:00,67381.5,67900.0,66503.0,67594.5,1399.64174634
2026-02-26 20:00:00+00:00,67588.7,67829.3,67150.3,67478.3,421.42077741
2026-02-27 00:00:00+00:00,67485.1,67705.6,66885.1,67609.2,635.66929111
2026-02-27 04:00:00+00:00,67609.2,68219.5,67460.6,67693.1,508.02218463
2026-02-27 08:00:00+00:00,67693.1,68145.0,65963.6,66123.5,963.29638307
2026-02-27 12:00:00+00:00,66119.6,66345.0,65664.7,66098.5,1198.08582493
2026-02-27 16:00:00+00:00,66098.5,66123.0,65116.3,65402.0,924.58185534
2026-02-27 20:00:00+00:00,65392.3,65949.2,64926.2,65876.4,482.00921327
2026-02-28 00:00:00+00:00,65872.3,66017.7,65729.1,65790.1,321.2096118
2026-02-28 04:00:00+00:00,65790.1,65815.2,63031.1,63829.2,1346.92264499
2026-02-28 08:00:00+00:00,63827.7,64305.0,63372.0,63844.2,1074.55665391
2026-02-28 12:00:00+00:00,63846.7,65359.2,63828.4,64838.4,1284.95668833
2026-02-28 16:00:00+00:00,64838.5,66651.5,64674.6,66367.6,1003.8309528336108
2026-02-28 20:00:00+00:00,66356.8,67746.5,66190.1,66972.5,1205.08337506
2026-03-01 00:00:00+00:00,66972.5,68190.9,66050.4,67501.1,1470.89507699
2026-03-01 04:00:00+00:00,67501.1,67624.4,66790.0,67138.0,767.58926636
2026-03-01 08:00:00+00:00,67138.0,67287.4,66209.1,66462.5,750.19814937
2026-03-01 12:00:00+00:00,66462.6,67354.0,66128.5,66837.9,928.63048785
2026-03-01 16:00:00+00:00,66842.4,67110.1,65730.4,65959.6,1166.38459593
2026-03-01 20:00:00+00:00,65959.5,66485.0,65035.5,65768.5,1565.01658796
2026-03-02 00:00:00+00:00,65773.9,67070.0,65758.8,66820.3,1304.35435103
2026-03-02 04:00:00+00:00,66820.4,66997.6,65550.8,66007.7,783.3920343687527
2026-03-02 08:00:00+00:00,66008.4,66721.3,65657.6,66363.1,979.91155313
2026-03-02 12:00:00+00:00,66363.0,69611.2,65273.3,69121.2,1926.52720586
2026-03-02 16:00:00+00:00,69125.2,70100.1,68574.1,68961.2,1490.8288683155122
2026-03-02 20:00:00+00:00,68961.2,69531.0,68584.0,68822.0,873.8920094
2026-03-03 00:00:00+00:00,68827.3,69254.9,68230.2,68373.2,743.76371008
2026-03-03 04:00:00+00:00,68377.6,68567.8,67803.9,68174.6,652.05778523
2026-03-03 08:00:00+00:00,68174.5,68312.2,66358.1,67031.4,1275.59831169
2026-03-03 12:00:00+00:00,67031.3,67962.0,66155.4,67724.3,2262.9689774366448
2026-03-03 16:00:00+00:00,67721.7,68997.0,67481.4,68430.0,2306.08528935
2026-03-03 20:00:00+00:00,68430.1,68891.4,67828.8,68338.7,983.080748476813
2026-03-04 00:00:00+00:00,68335.1,68899.1,67402.5,67735.6,1386.60345194
2026-03-04 04:00:00+00:00,67732.2,69633.6,67467.7,69495.4,1194.3012295232254
2026-03-04 08:00:00+00:00,69492.0,71891.6,69134.3,71109.6,1743.3456956162815
2026-03-04 12:00:00+00:00,71109.5,73467.3,70589.3,73384.6,2049.9456156354463
2026-03-04 16:00:00+00:00,73388.2,74053.9,72545.3,73610.4,1544.3641945634506
2026-03-04 20:00:00+00:00,73610.5,73714.1,72326.2,72669.2,625.90732334
2026-03-05 00:00:00+00:00,72669.2,73293.4,72337.4,72497.6,613.9468030824523
2026-03-05 04:00:00+00:00,72497.6,73081.1,71780.1,72053.6,651.5508496
2026-03-05 08:00:00+00:00,72056.7,73558.3,71768.7,72919.2,889.1959745079154
2026-03-05 12:00:00+00:00,72919.3,73059.2,71172.0,71646.9,1412.29413455
2026-03-05 16:00:00+00:00,71652.2,71652.2,70652.3,70911.6,1056.61956404
2026-03-05 20:00:00+00:00,70911.7,71554.0,70779.9,70880.9,623.06730017
2026-03-06 00:00:00+00:00,70881.2,71409.8,70382.3,71075.8,747.06600449
2026-03-06 04:00:00+00:00,71075.9,71185.5,70150.0,71059.4,622.6963131208544
2026-03-06 08:00:00+00:00,71059.5,71067.3,70200.0,70221.4,604.00695483
2026-03-06 12:00:00+00:00,70221.5,70338.7,68170.0,68508.1,1968.067781134158
2026-03-06 16:00:00+00:00,68508.1,68791.5,67749.1,68124.3,1163.7871470939085
2026-03-06 20:00:00+00:00,68124.4,68430.1,67775.0,68119.4,494.2358944
2026-03-07 00:00:00+00:00,68119.4,68543.8,68053.2,68104.1,249.05163482
2026-03-07 04:00:00+00:00,68104.1,68149.3,67449.9,67846.5,450.50794282
2026-03-07 08:00:00+00:00,67846.6,68230.3,67721.4,68009.0,272.22867202
2026-03-07 12:00:00+00:00,68008.9,68085.1,67617.4,67882.0,335.60137929
2026-03-07 16:00:00+00:00,67882.1,67942.0,66930.0,67085.7,453.38755460082444
2026-03-07 20:00:00+00:00,67085.7,67476.3,67069.2,67262.8,370.71119677
2026-03-08 00:00:00+00:00,67262.9,67484.3,66836.4,67004.2,529.02026012
2026-03-08 04:00:00+00:00,67004.2,67454.0,66535.7,67317.2,505.6279325474167
2026-03-08 08:00:00+00:00,67314.4,68191.5,67161.1,67520.8,551.4054920126002
2026-03-08 12:00:00+00:00,67520.9,67646.2,66819.7,67214.7,807.5965451868
2026-03-08 16:00:00+00:00,67214.7,67475.6,66754.5,67326.3,611.78623872
2026-03-08 20:00:00+00:00,67328.0,67517.0,65625.3,65979.2,1280.47819924
2026-03-09 00:00:00+00:00,65979.3,67663.0,65827.1,67212.1,1456.26041554
2026-03-09 04:00:00+00:00,67212.1,68064.2,66891.1,67543.8,914.13196466
2026-03-09 08:00:00+00:00,67543.8,68456.8,67347.7,67766.9,859.96291537
2026-03-09 12:00:00+00:00,67767.0,69479.7,67762.8,68868.9,1548.79888653
2026-03-09 16:00:00+00:00,68868.9,69527.3,68240.0,68992.7,1132.2858885
2026-03-09 20:00:00+00:00,68992.8,69141.7,68380.2,68438.6,540.48371598
2026-03-10 00:00:00+00:00,68438.1,70576.5,68394.1,69424.3,1001.79651127
2026-03-10 04:00:00+00:00,69424.4,70528.7,69424.4,70396.9,618.96542451
2026-03-10 08:00:00+00:00,70396.9,71296.1,70372.5,70593.9,735.22968781
2026-03-10 12:00:00+00:00,70593.8,71765.9,69202.7,71337.2,1765.7102187465953
2026-03-10 16:00:00+00:00,71343.4,71694.0,69738.7,70053.7,1341.91042745
2026-03-10 20:00:00+00:00,70047.8,70412.1,69454.5,69958.4,554.6513651
2026-03-11 00:00:00+00:00,69951.5,70174.1,69488.8,69552.1,497.3130364
2026-03-11 04:00:00+00:00,69552.1,70262.5,69419.8,69652.8,525.12600768
2026-03-11 08:00:00+00:00,69652.8,69779.9,69160.6,69176.3,507.01468536
2026-03-11 12:00:00+00:00,69176.4,71085.8,68982.0,70224.6,1672.44719164
2026-03-11 16:00:00+00:00,70231.2,71316.3,70168.6,70651.6,1062.4997027
2026-03-11 20:00:00+00:00,70644.6,70953.3,70133.0,70191.9,381.66374991
2026-03-12 00:00:00+00:00,70201.0,70354.2,69229.2,69440.7,527.1369666778764
2026-03-12 04:00:00+00:00,69440.7,69849.9,69214.0,69828.0,407.9551690328761
2026-03-12 08:00:00+00:00,69827.8,70792.6,69579.7,70429.9,752.05471808
2026-03-12 12:00:00+00:00,70433.5,70653.7,69358.1,70337.4,1243.68466944
2026-03-12 16:00:00+00:00,70337.4,70565.7,69780.7,70435.1,873.23128337
2026-03-12 20:00:00+00:00,70435.2,70730.0,70017.6,70522.8,394.77783487
2026-03-13 00:00:00+00:00,70522.8,72001.5,70389.1,71414.3,911.65894453
2026-03-13 04:00:00+00:00,71408.1,71667.0,71185.7,71616.2,450.58037825
2026-03-13 08:00:00+00:00,71616.3,72573.2,71390.9,72229.3,672.08462161
2026-03-13 12:00:00+00:00,72229.2,73900.1,71740.0,71832.8,1863.73800037
2026-03-13 16:00:00+00:00,71840.6,72239.8,70847.9,71176.0,1243.02077047
2026-03-13 20:00:00+00:00,71183.0,71480.0,70562.5,70936.2,546.38511774
2026-03-14 00:00:00+00:00,70932.0,71162.5,70480.7,71071.3,423.28039529
2026-03-14 04:00:00+00:00,71071.3,71295.1,70318.3,70594.8,389.0412919
2026-03-14 08:00:00+00:00,70594.9,70772.1,70391.4,70738.6,247.4662438
2026-03-14 12:00:00+00:00,70738.5,70935.9,70491.4,70591.0,290.99220983
2026-03-14 16:00:00+00:00,70589.9,70731.4,70498.4,70693.9,145.88164021
2026-03-14 20:00:00+00:00,70694.0,71245.1,70649.4,71208.3,216.06759541
2026-03-15 00:00:00+00:00,71208.4,71627.3,70861.0,71353.9,370.95158233
2026-03-15 04:00:00+00:00,71353.9,71794.1,71333.8,71443.8,328.7036509
2026-03-15 08:00:00+00:00,71443.8,71932.3,71443.8,71834.7,279.59563804
2026-03-15 12:00:00+00:00,71834.8,71834.8,71263.9,71483.6,417.0690363
2026-03-15 16:00:00+00:00,71483.6,71986.9,71317.1,71549.7,349.18907724
2026-03-15 20:00:00+00:00,71549.6,73194.5,71437.5,72815.3,922.45910323
2026-03-16 00:00:00+00:00,72815.2,74300.0,72285.3,73573.2,858.63946996
2026-03-16 04:00:00+00:00,73573.2,74446.6,73389.1,73453.1,932.92291267
2026-03-16 08:00:00+00:00,73455.1,73846.2,72890.0,73548.5,630.98199292
2026-03-16 12:00:00+00:00,73548.4,74499.9,72978.9,73279.9,1368.66203086
2026-03-16 16:00:00+00:00,73277.9,74424.3,73165.6,73973.9,1006.37819476
2026-03-16 20:00:00+00:00,73959.5,74914.3,73863.3,74883.8,678.96041007
2026-03-17 00:00:00+00:00,74883.8,75999.0,74268.8,74459.7,1261.6277839241645
2026-03-17 04:00:00+00:00,74459.7,74680.3,73772.6,74253.4,626.79313916
2026-03-17 08:00:00+00:00,74253.4,74450.0,73559.1,74035.6,594.80927236
2026-03-17 12:00:00+00:00,74035.7,74887.9,73398.9,73925.1,1016.40192433
2026-03-17 16:00:00+00:00,73925.2,74802.4,73873.5,74516.7,569.90001241
2026-03-17 20:00:00+00:00,74516.5,74802.5,73880.1,73899.8,325.00266188
2026-03-18 00:00:00+00:00,73909.4,74669.0,73537.6,74458.2,408.40697372
2026-03-18 04:00:00+00:00,74456.0,74489.4,73700.0,73885.4,271.54017353
2026-03-18 08:00:00+00:00,73885.5,74278.7,72804.6,72957.4,536.55325052
2026-03-18 12:00:00+00:00,72957.3,72981.8,70861.3,71472.2,1427.05506055
2026-03-18 16:00:00+00:00,71463.9,72003.4,70930.5,71064.7,936.03788769
2026-03-18 20:00:00+00:00,71067.8,71428.2,70500.0,71254.4,473.87216381
2026-03-19 00:00:00+00:00,71254.5,71606.0,70901.5,71214.9,422.60342169
2026-03-19 04:00:00+00:00,71215.0,71215.0,69479.1,70199.9,734.81350441
2026-03-19 08:00:00+00:00,70199.9,70554.6,69904.3,69947.3,470.02514476
2026-03-19 12:00:00+00:00,69947.3,70157.0,68782.1,69410.4,1142.49383216
2026-03-19 16:00:00+00:00,69403.8,70590.7,69122.0,70263.5,1004.45658246
2026-03-19 20:00:00+00:00,70267.2,70690.5,69722.1,69919.6,458.01909716
2026-03-20 00:00:00+00:00,69926.3,70805.9,69842.7,70730.8,460.41447981
2026-03-20 04:00:00+00:00,70730.8,70963.6,70212.9,70846.1,381.81442987
2026-03-20 08:00:00+00:00,70846.2,71361.6,70213.2,70477.7,587.58618026
2026-03-20 12:00:00+00:00,70478.7,70677.6,69480.0,69860.2,1070.24526695
2026-03-20 16:00:00+00:00,69860.2,70189.8,69396.1,70168.7,787.30039102
2026-03-20 20:00:00+00:00,70177.8,70919.8,69756.9,70510.8,498.38928582
2026-03-21 00:00:00+00:00,70510.8,70819.6,70444.6,70669.8,187.79418366
2026-03-21 04:00:00+00:00,70669.8,70877.7,70624.7,70716.3,180.95844245
2026-03-21 08:00:00+00:00,70717.7,70753.7,70493.0,70647.5,141.62626888221547
2026-03-21 12:00:00+00:00,70647.6,71099.9,70466.6,70633.7,200.11736369
2026-03-21 16:00:00+00:00,70633.8,70648.0,70212.6,70393.7,174.57939913
2026-03-21 20:00:00+00:00,70393.8,70513.7,68573.0,68919.5,421.53607244
2026-03-22 00:00:00+00:00,68924.8,69585.6,68232.9,69348.3,707.24803818
2026-03-22 04:00:00+00:00,69348.3,69523.8,68895.0,68918.7,295.16446986
2026-03-22 08:00:00+00:00,68918.7,68982.5,68117.5,68229.3,387.17610771
2026-03-22 12:00:00+00:00,68229.4,69001.8,68205.1,68849.2,357.5390741
2026-03-22 16:00:00+00:00,68849.2,68883.0,68151.3,68198.9,285.37868892
2026-03-22 20:00:00+00:00,68199.0,68495.7,67356.4,67865.2,759.20572509
2026-03-23 00:00:00+00:00,67865.2,68581.9,67445.8,68080.7,640.65500619
2026-03-23 04:00:00+00:00,68080.7,68900.2,67508.5,68333.2,710.68719605
2026-03-23 08:00:00+00:00,68333.2,71493.6,67920.1,70114.9,1651.09439282
2026-03-23 12:00:00+00:00,70122.2,71811.4,69671.9,70131.5,1751.42105442
2026-03-23 16:00:00+00:00,70135.8,71243.6,70135.7,70689.3,895.70389031
2026-03-23 20:00:00+00:00,70678.3,70995.9,70407.0,70903.0,335.09303004
2026-03-24 00:00:00+00:00,70903.0,71096.6,70280.0,70542.8,514.93003203
2026-03-24 04:00:00+00:00,70542.9,71400.6,70125.6,71295.3,474.78204049
2026-03-24 08:00:00+00:00,71295.4,71369.0,70851.0,71158.8,299.5427827837115
2026-03-24 12:00:00+00:00,71157.7,71187.3,69514.5,69874.0,493.3753691
2026-03-24 16:00:00+00:00,69867.5,70000.0,68901.0,69369.2,358.64723919
2026-03-24 20:00:00+00:00,69369.1,70824.3,69288.0,70556.4,322.47731466
2026-03-25 00:00:00+00:00,70556.5,71040.5,70413.8,70717.6,202.51968006638054
2026-03-25 04:00:00+00:00,70717.7,71341.9,70701.0,70923.6,189.12707868
2026-03-25 08:00:00+00:00,70927.1,72016.4,70789.9,71668.6,292.46452835
2026-03-25 12:00:00+00:00,71668.6,71958.6,70559.7,70834.0,609.92493184
2026-03-25 16:00:00+00:00,70826.9,71746.6,70688.4,70880.1,496.81710374
2026-03-25 20:00:00+00:00,70881.3,71593.9,70648.6,71333.1,190.65037596
2026-03-26 00:00:00+00:00,71329.1,71438.7,70683.4,70903.8,161.71817838
2026-03-26 04:00:00+00:00,70908.3,70908.3,69800.4,70086.0,247.24627963
2026-03-26 08:00:00+00:00,70086.0,70145.2,69192.1,69275.4,404.32905467
2026-03-26 12:00:00+00:00,69275.5,69879.9,68640.8,69082.4,528.90414704
2026-03-26 16:00:00+00:00,69082.5,69158.8,68157.2,68524.3,426.20601814
2026-03-26 20:00:00+00:00,68525.9,69472.0,68429.5,68816.7,454.32443965
2026-03-27 00:00:00+00:00,68820.6,69174.2,68532.3,68768.4,211.8800572
2026-03-27 04:00:00+00:00,68768.5,68957.3,68302.0,68528.7,235.10321603
2026-03-27 08:00:00+00:00,68537.7,68638.9,66238.8,66706.4,602.10475796
2026-03-27 12:00:00+00:00,66706.4,66778.4,65730.0,66107.1,786.92067067
2026-03-27 16:00:00+00:00,66107.1,66283.7,65554.1,66052.2,566.6206033790554
2026-03-27 20:00:00+00:00,66044.1,66419.6,65813.7,66409.4,198.87176011
2026-03-28 00:00:00+00:00,66409.4,66508.9,65928.2,66233.2,199.97315651
2026-03-28 04:00:00+00:00,66237.0,66568.6,66117.1,66563.6,150.99302825
2026-03-28 08:00:00+00:00,66563.5,66563.6,66133.1,66330.2,142.23292372
2026-03-28 12:00:00+00:00,66324.6,67291.4,66238.5,67016.5,414.70753883
2026-03-28 16:00:00+00:00,67016.5,67098.9,66700.6,66916.7,159.88656794
2026-03-28 20:00:00+00:00,66917.0,67016.0,66291.1,66391.1,214.04014268
2026-03-29 00:00:00+00:00,66384.4,67130.6,66290.7,66910.1,220.48068097
2026-03-29 04:00:00+00:00,66910.1,66940.7,66562.8,66670.5,154.8881805
2026-03-29 08:00:00+00:00,66670.6,66990.0,66415.4,66818.5,191.83524489703132
2026-03-29 12:00:00+00:00,66818.5,66874.7,66333.3,66528.6,267.41961083
2026-03-29 16:00:00+00:00,66528.6,66672.4,66156.5,66356.9,204.86488099
2026-03-29 20:00:00+00:00,66356.9,66798.8,64997.2,66015.1,610.93122185
2026-03-30 00:00:00+00:00,66017.1,67487.0,65801.5,67176.6,704.06384234
2026-03-30 04:00:00+00:00,67171.6,67800.4,67170.0,67628.0,358.02640682
2026-03-30 08:00:00+00:00,67628.0,68023.2,67368.9,67679.9,379.55252028
2026-03-30 12:00:00+00:00,67681.6,68180.0,67090.6,67627.6,627.77815518
2026-03-30 16:00:00+00:00,67627.7,67645.6,66237.7,66550.9,461.53672655
2026-03-30 20:00:00+00:00,66551.4,66999.9,66406.4,66798.4,313.99131426
2026-03-31 00:00:00+00:00,66798.8,68403.9,66549.8,67705.4,504.0922033
2026-03-31 04:00:00+00:00,67714.6,67877.7,67110.5,67366.4,428.71989138
2026-03-31 08:00:00+00:00,67366.4,67500.0,65987.0,66689.1,648.50812998
2026-03-31 12:00:00+00:00,66689.2,67770.1,66437.1,66732.2,830.76959137
2026-03-31 16:00:00+00:00,66736.9,68584.0,66736.8,67839.6,975.2539807
2026-03-31 20:00:00+00:00,67847.3,68413.0,67845.3,68282.4,316.34077433
2026-04-01 00:00:00+00:00,68280.1,68360.0,67593.7,68182.9,371.2872656949719
2026-04-01 04:00:00+00:00,68176.0,69323.5,68013.0,68695.2,460.68484423
2026-04-01 08:00:00+00:00,68695.2,68850.3,68399.0,68712.2,315.94420838
2026-04-01 12:00:00+00:00,68712.2,68955.3,67930.9,68923.6,561.37991945
2026-04-01 16:00:00+00:00,68920.6,69183.0,67948.4,68163.6,414.71945224
2026-04-01 20:00:00+00:00,68176.9,68532.7,67961.3,68118.0,225.66368185
2026-04-02 00:00:00+00:00,68118.0,68659.2,66500.0,66584.0,727.24421897
2026-04-02 04:00:00+00:00,66580.5,66934.7,66225.9,66927.8,250.81857207
2026-04-02 08:00:00+00:00,66927.7,66927.7,66160.7,66217.7,240.52018902
2026-04-02 12:00:00+00:00,66217.8,67103.0,65722.2,66857.0,698.47849638
2026-04-02 16:00:00+00:00,66857.0,67431.2,66601.0,66978.0,447.04154401
2026-04-02 20:00:00+00:00,66975.6,67106.2,66732.1,66906.7,217.5342596
2026-04-03 00:00:00+00:00,66906.8,67000.9,66279.1,66592.6,226.17712987
2026-04-03 04:00:00+00:00,66589.5,67270.1,66424.1,67047.8,177.35621396
2026-04-03 08:00:00+00:00,67047.8,67292.1,66686.2,67017.1,136.48106947
2026-04-03 12:00:00+00:00,67017.2,67380.5,66512.2,66849.0,209.56309902
2026-04-03 16:00:00+00:00,66842.8,67070.9,66758.8,66883.7,92.48876503
2026-04-03 20:00:00+00:00,66883.8,66979.7,66825.9,66963.9,73.03866242
2026-04-04 00:00:00+00:00,66964.6,66967.3,66812.8,66838.2,48.31891706
2026-04-04 04:00:00+00:00,66836.9,67052.8,66780.5,67012.7,71.37574333
2026-04-04 08:00:00+00:00,67012.8,67227.5,66914.2,67152.4,93.64408709
2026-04-04 12:00:00+00:00,67160.1,67551.6,67019.1,67378.6,116.66625869
2026-04-04 16:00:00+00:00,67378.6,67549.9,67266.1,67287.6,110.43644009322124
2026-04-04 20:00:00+00:00,67287.6,67472.9,67184.8,67302.4,84.55398748
2026-04-05 00:00:00+00:00,67302.5,67309.2,66962.0,67135.3,73.95083891
2026-04-05 04:00:00+00:00,67138.0,67188.6,66613.4,66818.5,112.19420932483493
2026-04-05 08:00:00+00:00,66818.6,67152.6,66818.5,66997.0,69.93177671
2026-04-05 12:00:00+00:00,66997.0,67841.0,66688.0,67305.0,241.28576089
2026-04-05 16:00:00+00:00,67305.0,67558.4,67174.4,67355.5,154.24709182
2026-04-05 20:00:00+00:00,67355.5,69128.6,67338.3,69018.3,322.68487817
2026-04-06 00:00:00+00:00,69023.6,69582.1,68772.7,69113.7,387.90137386
2026-04-06 04:00:00+00:00,69115.1,69356.5,68806.4,69107.5,144.82515702
2026-04-06 08:00:00+00:00,69108.7,70268.3,69080.4,69612.0,291.87937903
2026-04-06 12:00:00+00:00,69612.1,69971.8,69174.7,69965.9,480.67492511
2026-04-06 16:00:00+00:00,69965.9,70343.5,69284.9,69735.7,347.39101847
2026-04-06 20:00:00+00:00,69741.0,69973.1,68317.6,68851.0,292.04868393
2026-04-07 00:00:00+00:00,68850.9,69126.3,68283.6,68780.1,254.0476935
2026-04-07 04:00:00+00:00,68780.1,68980.0,68439.2,68622.5,151.54498061
2026-04-07 08:00:00+00:00,68622.5,69240.8,68071.8,68345.7,341.91556533
2026-04-07 12:00:00+00:00,68345.8,68632.6,67731.2,68162.4,461.14711471
2026-04-07 16:00:00+00:00,68162.5,69086.9,68084.5,69012.9,347.59905768
2026-04-07 20:00:00+00:00,69016.4,72753.8,69016.4,71924.5,1072.83321413
2026-04-08 00:00:00+00:00,71919.8,72109.0,71238.7,71292.3,333.96069181
2026-04-08 04:00:00+00:00,71292.3,71947.4,71290.6,71633.5,205.39987987074932
2026-04-08 08:00:00+00:00,71633.6,71955.1,71401.6,71681.4,178.36778671
2026-04-08 12:00:00+00:00,71687.4,72858.1,70709.0,71310.1,568.60383014
2026-04-08 16:00:00+00:00,71310.2,71959.1,71020.6,71335.2,301.53070304
2026-04-08 20:00:00+00:00,71320.4,71750.9,70908.0,71075.4,146.96610814
2026-04-09 00:00:00+00:00,71075.4,71195.8,70472.3,70986.5,168.58380958
2026-04-09 04:00:00+00:00,70993.6,71113.9,70701.5,70974.8,120.18527315
2026-04-09 08:00:00+00:00,70974.8,71583.6,70873.8,71149.3,239.56969116
2026-04-09 12:00:00+00:00,71149.4,72352.5,70524.1,72144.8,493.31774963
2026-04-09 16:00:00+00:00,72144.8,72550.7,71721.1,72116.2,465.74777228
2026-04-09 20:00:00+00:00,72102.6,73142.9,71589.0,71809.3,441.72717228
2026-04-10 00:00:00+00:00,71791.9,72393.2,71590.2,71879.5,302.60213194
2026-04-10 04:00:00+00:00,71879.6,72281.6,71432.0,71487.8,172.75278929
2026-04-10 08:00:00+00:00,71487.9,72265.3,71430.5,72129.6,205.33958245
2026-04-10 12:00:00+00:00,72129.7,73294.1,71910.6,72453.9,544.51554856
2026-04-10 16:00:00+00:00,72462.4,73266.9,72400.1,73254.0,252.77452922
2026-04-10 20:00:00+00:00,73244.1,73445.8,72735.0,72956.9,211.98846454
2026-04-11 00:00:00+00:00,72957.0,73106.0,72679.4,72869.9,122.74974966
2026-04-11 04:00:00+00:00,72871.8,72958.7,72623.5,72742.7,116.82089916
2026-04-11 08:00:00+00:00,72742.8,72917.3,72632.1,72911.0,92.80007406
2026-04-11 12:00:00+00:00,72911.0,72985.0,72519.1,72867.0,161.76702158
2026-04-11 16:00:00+00:00,72867.1,73801.1,72822.3,73676.9,348.2698079
2026-04-11 20:00:00+00:00,73677.0,73689.0,72915.2,73040.4,294.76898745
2026-04-12 00:00:00+00:00,73040.4,73131.9,71321.1,71611.4,574.7096311274988
2026-04-12 04:00:00+00:00,71602.5,71785.4,71424.2,71668.6,145.60529739
2026-04-12 08:00:00+00:00,71668.7,71780.7,71353.5,71474.3,115.92791358
2026-04-12 12:00:00+00:00,71474.3,71500.0,70609.5,70888.0,428.21429845
2026-04-12 16:00:00+00:00,70888.1,71219.1,70823.3,71085.6,171.52607124
2026-04-12 20:00:00+00:00,71079.2,71451.8,70505.3,70742.3,332.276544
2026-04-13 00:00:00+00:00,70742.4,71271.0,70617.0,70988.0,240.41241991
2026-04-13 04:00:00+00:00,70985.5,71148.6,70679.5,70825.5,167.95162085
2026-04-13 08:00:00+00:00,70825.5,70992.9,70571.2,70929.8,176.0055061
2026-04-13 12:00:00+00:00,70929.8,72468.0,70763.1,71876.8,726.3748616
2026-04-13 16:00:00+00:00,71874.0,73482.3,71693.3,73324.6,596.41219607
2026-04-13 20:00:00+00:00,73320.7,74883.2,73021.1,74410.8,734.57255597
2026-04-14 00:00:00+00:00,74410.8,74579.6,73983.2,74443.7,250.91191656
2026-04-14 04:00:00+00:00,74450.0,74927.5,74162.6,74548.3,214.11373761
2026-04-14 08:00:00+00:00,74550.9,74910.2,74311.2,74384.1,259.22619021514726
2026-04-14 12:00:00+00:00,74384.1,76040.9,74271.0,75332.4,808.9169949
2026-04-14 16:00:00+00:00,75332.4,75700.0,73849.6,74233.9,484.38136126
2026-04-14 20:00:00+00:00,74234.0,74436.9,73810.9,74141.5,281.48258443
2026-04-15 00:00:00+00:00,74141.5,74786.2,74122.2,74346.1,267.07583639
2026-04-15 04:00:00+00:00,74346.1,74443.3,73520.4,73734.2,239.05229257
2026-04-15 08:00:00+00:00,73736.3,74258.1,73680.0,74200.9,237.95503434
2026-04-15 12:00:00+00:00,74201.0,74505.0,73591.1,73844.9,446.44484105
2026-04-15 16:00:00+00:00,73839.1,75285.3,73761.6,75007.9,413.36750936
2026-04-15 20:00:00+00:00,75007.9,75426.7,74515.1,74810.8,319.10638901936693
2026-04-16 00:00:00+00:00,74817.2,75267.0,74454.6,74887.4,244.48711996
2026-04-16 04:00:00+00:00,74887.4,75172.9,74637.5,74717.2,228.18411186
2026-04-16 08:00:00+00:00,74717.2,74905.1,74284.6,74575.5,260.79865545
2026-04-16 12:00:00+00:00,74575.6,75023.9,73311.3,74692.1,627.42403257
2026-04-16 16:00:00+00:00,74692.1,75410.0,73902.4,75347.7,429.75222698
2026-04-16 20:00:00+00:00,75347.6,75516.0,74787.6,75146.4,283.52744733
2026-04-17 00:00:00+00:00,75146.5,75149.5,74541.7,74617.0,150.33125249
2026-04-17 04:00:00+00:00,74617.1,75091.4,74557.2,75081.1,149.48518062
2026-04-17 08:00:00+00:00,75075.3,76361.9,74993.5,75589.4,531.15372707
2026-04-17 12:00:00+00:00,75589.4,78061.1,75541.0,77774.0,1267.94628307
2026-04-17 16:00:00+00:00,77781.7,78353.3,77008.0,77396.8,502.35433125596114
2026-04-17 20:00:00+00:00,77404.6,77611.8,76920.0,77073.0,174.70484888
2026-04-18 00:00:00+00:00,77073.0,77414.9,76969.0,77007.3,124.84226851
2026-04-18 04:00:00+00:00,77011.2,77280.4,76896.1,77000.4,129.57191432
2026-04-18 08:00:00+00:00,77000.5,77045.3,75773.7,76048.0,349.60126957
2026-04-18 12:00:00+00:00,76048.1,76374.8,75803.1,76168.7,232.60459236
2026-04-18 16:00:00+00:00,76168.8,76213.9,75444.4,75652.0,262.15090727
2026-04-18 20:00:00+00:00,75652.1,75893.8,75602.7,75697.7,123.55347245
2026-04-19 00:00:00+00:00,75697.7,75843.0,75366.0,75516.3,120.67886018
2026-04-19 04:00:00+00:00,75516.4,75779.6,74887.7,75260.3,186.92871501
2026-04-19 08:00:00+00:00,75249.7,75632.1,74923.1,75604.7,181.04062375
2026-04-19 12:00:00+00:00,75604.8,76245.8,75414.0,75843.7,300.7698801
2026-04-19 16:00:00+00:00,75851.7,75861.0,74607.5,74984.3,359.00464452
2026-04-19 20:00:00+00:00,74970.2,74970.2,73774.1,73801.3,414.90508492
2026-04-20 00:00:00+00:00,73801.3,74746.0,73721.8,74634.5,249.18886163
2026-04-20 04:00:00+00:00,74634.5,75571.5,74108.2,74831.5,270.4750481
2026-04-20 08:00:00+00:00,74839.1,75411.7,74617.8,75197.8,276.67353816
2026-04-20 12:00:00+00:00,75195.4,75776.7,74712.3,75717.5,579.00130292
2026-04-20 16:00:00+00:00,75717.6,76475.5,75300.0,76297.3,379.95095301
2026-04-20 20:00:00+00:00,76297.3,76563.8,75628.9,75844.3,246.28670212
2026-04-21 00:00:00+00:00,75843.3,76278.8,75490.1,75718.3,201.67897891
2026-04-21 04:00:00+00:00,75718.3,76305.2,75608.7,76100.4,173.06984754
2026-04-21 08:00:00+00:00,76100.5,76916.0,76070.0,76451.1,305.0698747826104
2026-04-21 12:00:00+00:00,76451.1,76588.2,75422.0,75828.1,679.76591454
2026-04-21 16:00:00+00:00,75828.2,76183.0,74824.0,75020.8,578.85308039
2026-04-21 20:00:00+00:00,75020.9,76427.6,74985.4,76325.6,311.423084754659
2026-04-22 00:00:00+00:00,76336.3,77720.4,76128.8,77522.4,433.2822064531214
2026-04-22 04:00:00+00:00,77522.4,78436.9,77357.9,78006.7,404.037290708313
2026-04-22 08:00:00+00:00,78006.7,78400.0,77942.5,78298.5,228.36735088
2026-04-22 12:00:00+00:00,78298.6,79400.0,78116.2,79278.1,765.91982575
2026-04-22 16:00:00+00:00,79278.1,79467.4,78652.2,78849.4,432.37595020154515
2026-04-22 20:00:00+00:00,78847.8,78918.6,78159.9,78181.0,226.69861653
2026-04-23 00:00:00+00:00,78180.9,78577.2,77475.6,77751.2,352.10610038801786
2026-04-23 04:00:00+00:00,77751.2,78343.7,77678.5,78053.6,196.00032112
2026-04-23 08:00:00+00:00,78053.7,78176.7,77139.6,77697.3,301.0578391
2026-04-23 12:00:00+00:00,77697.3,78664.9,77400.0,78381.4,499.43739382
2026-04-23 16:00:00+00:00,78381.4,78513.6,76969.4,77708.1,526.28370379
2026-04-23 20:00:00+00:00,77718.1,78331.7,77646.8,78250.7,188.64661167
2026-04-24 00:00:00+00:00,78250.6,78568.5,77555.0,77733.0,333.75759765
2026-04-24 04:00:00+00:00,77733.1,78053.8,77457.6,77649.9,131.95307512
2026-04-24 08:00:00+00:00,77650.0,78371.2,77410.4,78225.7,296.54802301
2026-04-24 12:00:00+00:00,78225.7,78466.9,77574.1,78043.2,434.47080540263266
2026-04-24 16:00:00+00:00,78049.9,78070.1,77369.5,77628.9,290.20903105
2026-04-24 20:00:00+00:00,77629.0,77763.2,77272.1,77439.6,202.96250111
2026-04-25 00:00:00+00:00,77439.5,77711.5,77314.3,77671.0,71.88455338
2026-04-25 04:00:00+00:00,77671.0,77698.5,77451.1,77508.2,65.91509628
2026-04-25 08:00:00+00:00,77501.3,77883.9,77491.6,77678.4,108.03177634
2026-04-25 12:00:00+00:00,77678.4,77746.9,77319.1,77332.5,147.37769384
2026-04-25 16:00:00+00:00,77331.0,77451.9,77147.1,77320.8,137.79692257
2026-04-25 20:00:00+00:00,77320.8,77637.0,77307.2,77616.3,82.75378926
2026-04-26 00:00:00+00:00,77616.4,77626.5,77313.7,77397.7,66.70395108
2026-04-26 04:00:00+00:00,77386.3,78188.0,77373.9,78097.4,168.63972077
2026-04-26 08:00:00+00:00,78097.5,78198.5,77927.0,78089.3,104.24849964
2026-04-26 12:00:00+00:00,78089.3,78165.5,77768.5,78033.1,160.3164541
2026-04-26 16:00:00+00:00,78033.1,78488.0,77848.5,78218.9,179.62526844
2026-04-26 20:00:00+00:00,78218.9,78938.4,77847.0,78639.1,472.82863465
2026-04-27 00:00:00+00:00,78639.1,79468.9,78400.0,79103.9,307.8263123165415
2026-04-27 04:00:00+00:00,79103.9,79164.4,77472.0,77611.0,374.09290873
2026-04-27 08:00:00+00:00,77610.9,77982.8,77562.3,77845.8,145.22991174
2026-04-27 12:00:00+00:00,77845.1,78266.3,76576.4,76806.1,407.42915679
2026-04-27 16:00:00+00:00,76798.8,76934.9,76453.4,76875.0,283.28694178
2026-04-27 20:00:00+00:00,76867.5,77455.5,76755.2,77369.3,175.89668275
2026-04-28 00:00:00+00:00,77369.4,77474.9,76683.6,76815.0,174.13929219
2026-04-28 04:00:00+00:00,76813.6,77148.1,76432.4,76871.6,184.15492999
2026-04-28 08:00:00+00:00,76871.6,76994.5,76124.4,76224.9,162.48279476
2026-04-28 12:00:00+00:00,76238.4,76429.3,75666.4,76063.6,395.17421071
2026-04-28 16:00:00+00:00,76063.7,76377.3,75885.7,76321.5,188.78503588
2026-04-28 20:00:00+00:00,76321.6,76473.7,76187.5,76334.7,115.63796825
2026-04-29 00:00:00+00:00,76334.8,77119.8,76189.7,76999.9,148.96723617
2026-04-29 04:00:00+00:00,77000.0,77446.2,76885.1,77055.7,138.05119584
2026-04-29 08:00:00+00:00,77057.7,77894.6,76969.4,77591.6,198.60040058
2026-04-29 12:00:00+00:00,77589.1,77597.6,75712.5,75916.0,481.64144216
2026-04-29 16:00:00+00:00,75920.0,76263.0,74957.5,75561.9,521.60795559
2026-04-29 20:00:00+00:00,75562.0,76095.7,75490.1,75783.4,223.92766331
2026-04-30 00:00:00+00:00,75783.4,76469.2,75502.2,75937.4,189.84997095
2026-04-30 04:00:00+00:00,75937.4,76178.2,75330.6,76171.1,161.54890226
2026-04-30 08:00:00+00:00,76171.1,76345.0,75869.3,76062.1,156.91931099984365
2026-04-30 12:00:00+00:00,76062.2,76663.8,76040.2,76471.1,275.99337173476425
2026-04-30 16:00:00+00:00,76465.9,76510.3,76109.5,76413.4,140.47508796
2026-04-30 20:00:00+00:00,76406.4,76567.0,76205.0,76336.1,130.91360507
2026-05-01 00:00:00+00:00,76336.1,77448.2,76314.6,77123.2,188.01555215
2026-05-01 04:00:00+00:00,77123.2,77208.6,76882.0,77131.1,133.1619928
2026-05-01 08:00:00+00:00,77131.2,77599.9,77046.4,77461.0,149.30952802
2026-05-01 12:00:00+00:00,77461.0,78916.2,77399.5,78445.5,480.38796174282635
2026-05-01 16:00:00+00:00,78445.4,78689.0,78132.4,78364.0,222.6225496930074
2026-05-01 20:00:00+00:00,78364.1,78430.9,77759.0,78229.8,149.98549099
2026-05-02 00:00:00+00:00,78229.9,78520.0,78167.9,78413.8,96.53478302
2026-05-02 04:00:00+00:00,78413.9,78451.3,78038.0,78223.9,117.73100739098939
2026-05-02 08:00:00+00:00,78224.0,78396.5,78104.7,78149.6,87.73085955
2026-05-02 12:00:00+00:00,78149.7,78488.0,78112.5,78487.0,96.30091723
2026-05-02 16:00:00+00:00,78487.0,78588.0,78306.8,78477.9,103.013304935
2026-05-02 20:00:00+00:00,78481.7,79149.8,78410.1,78686.5,167.03870077
2026-05-03 00:00:00+00:00,78686.5,78762.6,78112.4,78199.3,128.72878866
2026-05-03 04:00:00+00:00,78199.4,78451.2,78082.4,78356.6,93.27427976
2026-05-03 08:00:00+00:00,78356.6,78850.0,78352.7,78655.6,130.72219401
2026-05-03 12:00:00+00:00,78655.6,78879.9,78586.1,78658.7,233.96634322863645
2026-05-03 16:00:00+00:00,78658.7,78844.0,78550.4,78761.6,88.00198896
2026-05-03 20:00:00+00:00,78761.5,79435.6,78494.9,78565.4,300.22582374
2026-05-04 00:00:00+00:00,78569.6,80443.5,78293.2,80309.4,553.6121275837605
2026-05-04 04:00:00+00:00,80309.5,80614.4,79497.8,79697.1,256.96570987
2026-05-04 08:00:00+00:00,79697.7,79925.5,78219.5,78799.4,475.91040403
2026-05-04 12:00:00+00:00,78799.4,80544.4,78502.5,80037.6,751.7977204298098
2026-05-04 16:00:00+00:00,80021.8,80764.6,79625.1,80055.5,441.35815303113156
2026-05-04 20:00:00+00:00,80049.1,80397.9,79759.4,79861.3,166.26759396
2026-05-05 00:00:00+00:00,79861.3,81077.0,79803.9,80883.5,235.45835386
2026-05-05 04:00:00+00:00,80882.5,81326.9,80725.9,80872.7,379.59542006376455
2026-05-05 08:00:00+00:00,80861.6,81100.0,80528.5,81030.7,160.4724403
2026-05-05 12:00:00+00:00,81022.6,81719.1,80929.3,81527.0,592.57715424
2026-05-05 16:00:00+00:00,81527.7,81684.9,81060.1,81607.9,216.69060468
2026-05-05 20:00:00+00:00,81607.8,81801.1,80800.0,80918.6,354.10100570884805
2026-05-06 00:00:00+00:00,80913.0,81754.6,80741.9,81584.3,289.25067591
2026-05-06 04:00:00+00:00,81584.3,81647.8,81059.6,81374.3,160.91648289
2026-05-06 08:00:00+00:00,81374.2,82839.8,81332.3,82517.0,429.87068962
2026-05-06 12:00:00+00:00,82517.0,82540.1,81143.4,81707.2,427.75714039
2026-05-06 16:00:00+00:00,81707.2,81895.5,81200.0,81470.3,271.3406004
2026-05-06 20:00:00+00:00,81466.7,81707.8,80997.7,81448.0,173.39230233
2026-05-07 00:00:00+00:00,81448.0,81488.7,80841.5,80844.6,178.26900197
2026-05-07 04:00:00+00:00,80844.6,81699.0,80746.3,81525.4,180.75175295
2026-05-07 08:00:00+00:00,81525.4,81596.1,80586.1,80865.1,206.90177844
2026-05-07 12:00:00+00:00,80870.4,81189.0,79707.3,79890.9,411.45615249
2026-05-07 16:00:00+00:00,79901.6,80269.9,79498.2,80143.8,301.39766978
2026-05-07 20:00:00+00:00,80143.8,80384.5,79582.6,80003.8,218.14554085
2026-05-08 00:00:00+00:00,80006.2,80138.0,79197.7,79572.7,191.75116521
2026-05-08 04:00:00+00:00,79572.8,79779.5,79252.1,79682.7,119.2431091
2026-05-08 08:00:00+00:00,79682.8,80324.0,79667.8,80222.6,191.14405354
2026-05-08 12:00:00+00:00,80222.6,80505.0,79554.4,80152.9,332.0771861
2026-05-08 16:00:00+00:00,80152.9,80298.2,79741.0,80171.1,225.89729876
2026-05-08 20:00:00+00:00,80183.1,80411.3,80086.7,80196.7,98.02761265
2026-05-09 00:00:00+00:00,80196.6,80549.7,80135.2,80386.5,82.73705913
2026-05-09 04:00:00+00:00,80386.7,80664.5,80135.6,80229.6,98.00488785
2026-05-09 08:00:00+00:00,80229.7,80450.6,80171.5,80345.4,71.87587361
2026-05-09 12:00:00+00:00,80344.4,80596.6,80230.3,80518.9,116.21917936
2026-05-09 16:00:00+00:00,80519.0,81080.4,80480.3,80923.5,177.39217814
2026-05-09 20:00:00+00:00,80926.6,80931.5,80615.9,80689.8,73.97702844
2026-05-10 00:00:00+00:00,80679.4,80877.2,80567.7,80770.2,84.61831133
2026-05-10 04:00:00+00:00,80770.2,80844.1,80655.7,80732.7,66.78950195
2026-05-10 08:00:00+00:00,80732.8,80969.0,80688.7,80826.3,90.68123568345105
2026-05-10 12:00:00+00:00,80826.1,81428.5,80783.6,81405.0,149.61625351
2026-05-10 16:00:00+00:00,81405.1,81578.3,81146.4,81427.5,187.98552943
2026-05-10 20:00:00+00:00,81427.5,82464.4,80285.5,82219.7,454.7050106336796
2026-05-11 00:00:00+00:00,82210.3,82378.0,80533.6,80739.1,250.06845682
2026-05-11 04:00:00+00:00,80739.1,81051.4,80642.8,80742.0,102.40421557
2026-05-11 08:00:00+00:00,80742.1,81204.0,80622.9,81197.9,133.00484137
2026-05-11 12:00:00+00:00,81198.2,81452.7,80461.2,81445.4,300.03766964
2026-05-11 16:00:00+00:00,81445.5,82135.5,81346.3,81965.9,318.12929182
2026-05-11 20:00:00+00:00,81965.4,82091.0,81596.7,81743.1,145.08142782
2026-05-12 00:00:00+00:00,81743.1,81791.6,80724.9,81055.9,217.85013866308623
2026-05-12 04:00:00+00:00,81055.8,81307.2,80813.8,80858.5,134.64394835
2026-05-12 08:00:00+00:00,80858.6,80969.4,80499.6,80783.5,153.15601275
2026-05-12 12:00:00+00:00,80784.1,81007.8,80191.9,80338.9,289.70386538
2026-05-12 16:00:00+00:00,80346.9,80867.4,79855.8,80822.4,236.58984961
2026-05-12 20:00:00+00:00,80822.4,80877.1,80439.1,80500.8,82.78938534
2026-05-13 00:00:00+00:00,80500.8,81288.0,80418.3,81257.1,103.01262639
2026-05-13 04:00:00+00:00,81257.2,81283.0,80885.9,81024.6,67.83430923034146
2026-05-13 08:00:00+00:00,81024.6,81313.9,80500.9,80507.1,120.0278574
2026-05-13 12:00:00+00:00,80507.2,80594.3,78817.5,78834.2,414.6748074881621
2026-05-13 16:00:00+00:00,78834.1,79799.9,78771.9,79641.9,262.82336355
2026-05-13 20:00:00+00:00,79642.0,79759.6,79234.5,79319.9,142.11072961
2026-05-14 00:00:00+00:00,79323.3,79685.8,78927.7,79049.9,159.10677859
2026-05-14 04:00:00+00:00,79053.0,79995.8,78985.2,79754.3,158.89483962
2026-05-14 08:00:00+00:00,79754.3,79939.2,79232.2,79256.1,161.91676783729338
2026-05-14 12:00:00+00:00,79250.4,81328.5,79234.7,81301.6,386.15315540282717
2026-05-14 16:00:00+00:00,81301.6,82045.3,81087.1,81430.5,441.30376245857565
2026-05-14 20:00:00+00:00,81431.2,81610.6,81065.4,81099.6,159.06873779
2026-05-15 00:00:00+00:00,81100.2,81663.5,80759.3,81061.2,229.05242731
2026-05-15 04:00:00+00:00,81064.9,81102.5,80320.9,80824.8,177.69562520223803
2026-05-15 08:00:00+00:00,80824.9,80829.8,80381.4,80630.3,227.76054988
2026-05-15 12:00:00+00:00,80630.3,80648.5,78651.6,79154.8,604.9343115
2026-05-15 16:00:00+00:00,79154.8,79563.9,79048.4,79146.7,208.71658593
2026-05-15 20:00:00+00:00,79142.5,79222.1,78910.0,79105.8,97.51835413
2026-05-16 00:00:00+00:00,79109.3,79228.0,79010.9,79090.0,61.52942006
2026-05-16 04:00:00+00:00,79090.0,79136.3,78070.4,78385.9,206.92769641179768
2026-05-16 08:00:00+00:00,78371.1,78536.4,77652.1,78088.0,213.44093874
2026-05-16 12:00:00+00:00,78088.1,78346.9,77837.6,78241.2,131.26396875
2026-05-16 16:00:00+00:00,78241.1,78376.4,78121.6,78257.5,135.29776065
2026-05-16 20:00:00+00:00,78257.6,78315.6,78127.2,78140.8,84.69136275
2026-05-17 00:00:00+00:00,78140.8,78245.0,77725.5,78030.1,126.84262562
2026-05-17 04:00:00+00:00,78030.2,78322.0,78000.0,78174.7,67.5679916
2026-05-17 08:00:00+00:00,78174.8,78599.1,78033.9,78414.6,95.91519865
2026-05-17 12:00:00+00:00,78414.6,78554.5,77837.5,78059.6,129.38748849
2026-05-17 16:00:00+00:00,78059.6,78480.0,77864.3,78426.6,146.68033597
2026-05-17 20:00:00+00:00,78426.7,78492.8,76719.5,77467.4,336.78840823
2026-05-18 00:00:00+00:00,77457.3,77477.7,76712.9,76930.9,344.50286919
2026-05-18 04:00:00+00:00,76930.9,77085.5,76591.3,77073.1,153.66711396
2026-05-18 08:00:00+00:00,77073.2,77398.4,76664.3,77281.8,250.1788859067585
2026-05-18 12:00:00+00:00,77281.9,77792.9,76055.5,76404.8,689.67901558
2026-05-18 16:00:00+00:00,76410.0,76987.9,76136.7,76925.4,351.27836342
2026-05-18 20:00:00+00:00,76925.4,77228.8,76794.1,77008.9,194.23851729
2026-05-19 00:00:00+00:00,77009.0,77411.0,76478.1,76782.0,248.62078067
2026-05-19 04:00:00+00:00,76782.0,77283.3,76644.3,77230.6,166.64015285
2026-05-19 08:00:00+00:00,77230.6,77313.2,76638.1,76713.1,172.80369265
2026-05-19 12:00:00+00:00,76713.1,77047.6,76146.3,76511.0,302.7061002157088
2026-05-19 16:00:00+00:00,76511.0,77070.2,76408.6,76821.1,231.08114109
2026-05-19 20:00:00+00:00,76821.0,77042.6,76649.9,76835.2,94.97163244
2026-05-20 00:00:00+00:00,76835.3,76933.7,76524.0,76725.2,143.03027761819362
2026-05-20 04:00:00+00:00,76725.2,77473.9,76684.6,77284.0,127.47542733
2026-05-20 08:00:00+00:00,77284.1,77664.2,77208.6,77387.8,111.69602906399648
2026-05-20 12:00:00+00:00,77387.8,77850.0,76885.8,77455.5,361.1803309
2026-05-20 16:00:00+00:00,77455.5,77707.0,77014.4,77670.7,229.0695849549191
2026-05-20 20:00:00+00:00,77670.7,77768.0,77235.9,77552.2,148.25411448
2026-05-21 00:00:00+00:00,77552.2,78176.6,77528.5,78089.6,147.7783872
2026-05-21 04:00:00+00:00,78087.6,78170.0,77531.5,77887.4,123.0648081
2026-05-21 08:00:00+00:00,77887.4,78201.9,77158.8,77200.2,174.23064208
2026-05-21 12:00:00+00:00,77200.3,77416.6,76726.9,77266.6,343.33033408
2026-05-21 16:00:00+00:00,77270.4,78089.3,77011.7,77701.3,436.9170275182378
2026-05-21 20:00:00+00:00,77701.4,77819.4,77549.5,77625.7,127.91426478
2026-05-22 00:00:00+00:00,77625.7,77816.7,77333.3,77779.1,129.07354517
2026-05-22 04:00:00+00:00,77779.2,77899.0,77285.2,77401.6,93.00400514
2026-05-22 08:00:00+00:00,77401.6,77544.6,77174.3,77426.8,124.08230142
2026-05-22 12:00:00+00:00,77426.9,77580.2,76577.3,76796.0,286.7576951
2026-05-22 16:00:00+00:00,76796.0,77095.0,75669.4,75858.9,296.76005569535914
2026-05-22 20:00:00+00:00,75861.0,76089.9,75371.2,75542.3,179.0121652319375
2026-05-23 00:00:00+00:00,75542.6,75671.2,75223.0,75636.0,166.32814132
2026-05-23 04:00:00+00:00,75636.0,75654.4,74268.6,74611.3,244.65344933806915
2026-05-23 08:00:00+00:00,74611.3,74871.0,74354.3,74800.2,151.51865207552754
2026-05-23 12:00:00+00:00,74800.1,75692.8,74663.0,75519.5,178.33553717
2026-05-23 16:00:00+00:00,75519.5,76008.6,75376.1,75987.7,150.23686121
2026-05-23 20:00:00+00:00,75987.8,77399.6,75953.7,76746.8,378.78406376
2026-05-24 00:00:00+00:00,76746.7,76999.0,76633.2,76741.8,93.25945632
2026-05-24 04:00:00+00:00,76741.8,77066.0,76646.8,76805.2,69.2542104
2026-05-24 08:00:00+00:00,76805.2,77530.3,76731.4,77324.0,120.36307951
2026-05-24 12:00:00+00:00,77324.1,77326.7,76197.4,76382.1,186.7127173644032
2026-05-24 16:00:00+00:00,76382.1,76793.8,76378.1,76774.0,120.40191628
2026-05-24 20:00:00+00:00,76777.8,77232.3,76112.0,77059.0,257.74220945
2026-05-25 00:00:00+00:00,77059.9,77480.6,76920.8,77030.1,144.16716658
2026-05-25 04:00:00+00:00,77030.2,77645.5,77000.0,77413.5,151.57648323
2026-05-25 08:00:00+00:00,77413.5,77696.3,77284.1,77363.6,126.1930168182682
2026-05-25 12:00:00+00:00,77363.6,77903.8,77287.9,77632.0,158.94833388
2026-05-25 16:00:00+00:00,77632.0,77815.1,77356.0,77453.9,151.05206925
2026-05-25 20:00:00+00:00,77450.6,77512.1,77049.4,77325.9,114.35618645
2026-05-26 00:00:00+00:00,77326.0,77348.5,76482.0,76668.8,126.94780374
2026-05-26 04:00:00+00:00,76668.9,77058.7,76609.8,76726.8,102.84488323
2026-05-26 08:00:00+00:00,76726.9,77626.9,76589.0,77188.3,170.15355374
2026-05-26 12:00:00+00:00,77188.3,78075.9,76269.4,76516.1,506.9316918
2026-05-26 16:00:00+00:00,76516.2,76720.1,75780.8,76039.2,338.2359990035439
2026-05-26 20:00:00+00:00,76043.4,76176.2,75671.2,75932.5,108.29261688
2026-05-27 00:00:00+00:00,75932.5,76107.6,75603.5,75667.4,129.26739807
2026-05-27 04:00:00+00:00,75661.9,75970.4,75310.3,75965.4,201.05818801
2026-05-27 08:00:00+00:00,75965.4,76062.3,75702.8,75765.9,214.38221765
2026-05-27 12:00:00+00:00,75768.4,76172.1,74773.7,75327.9,431.72893592
2026-05-27 16:00:00+00:00,75327.9,75405.9,74665.0,75063.6,245.30545447
2026-05-27 20:00:00+00:00,75063.6,75422.4,74246.0,74451.7,255.74271299
2026-05-28 00:00:00+00:00,74451.6,74586.3,73076.0,73263.9,380.39883815
2026-05-28 04:00:00+00:00,73263.8,73507.4,72739.2,73495.4,335.41234694
2026-05-28 08:00:00+00:00,73495.5,73617.6,73209.8,73501.1,162.51477487
2026-05-28 12:00:00+00:00,73501.2,73580.1,72594.9,72932.9,552.99434052
2026-05-28 16:00:00+00:00,72932.8,73741.0,72740.7,73416.0,307.05172586
2026-05-28 20:00:00+00:00,73415.9,73940.6,73242.9,73621.9,202.74317475
2026-05-29 00:00:00+00:00,73621.0,73865.1,73185.4,73295.5,130.10159836
2026-05-29 04:00:00+00:00,73299.1,73930.8,73204.9,73525.3,124.14091452
2026-05-29 08:00:00+00:00,73525.3,73900.0,73345.3,73481.1,135.73685293
2026-05-29 12:00:00+00:00,73481.1,74195.2,72514.1,73807.0,602.62217299
2026-05-29 16:00:00+00:00,73807.1,74328.2,73184.8,73522.6,490.41654463
2026-05-29 20:00:00+00:00,73522.5,73849.1,73322.9,73469.0,160.40226743
2026-05-30 00:00:00+00:00,73469.0,73805.8,73416.9,73532.1,138.0925291
2026-05-30 04:00:00+00:00,73532.0,73722.2,73216.6,73549.3,158.0270951
2026-05-30 08:00:00+00:00,73549.3,73689.7,73508.4,73604.1,100.52338838
2026-05-30 12:00:00+00:00,73604.1,74105.4,73603.1,73922.0,172.62841076
2026-05-30 16:00:00+00:00,73924.0,74148.6,73808.8,74019.3,192.36554521
2026-05-30 20:00:00+00:00,74019.3,74063.5,73790.5,73884.5,121.98250856
2026-05-31 00:00:00+00:00,73884.5,74272.2,73860.2,74155.9,134.0505931
2026-05-31 04:00:00+00:00,74156.0,74228.4,73836.7,73877.9,79.15623735
2026-05-31 08:00:00+00:00,73877.9,74038.6,73740.5,73950.3,120.8473532370694
2026-05-31 12:00:00+00:00,73950.4,74030.9,73506.2,73655.0,137.84778217
2026-05-31 16:00:00+00:00,73655.1,73740.5,73402.4,73556.6,116.24991406
2026-05-31 20:00:00+00:00,73556.7,74200.0,73503.0,73678.0,154.87412315
2026-06-01 00:00:00+00:00,73678.0,74087.6,73223.0,73769.1,162.5065605
2026-06-01 04:00:00+00:00,73769.1,73842.8,72707.6,72815.7,181.83961451
2026-06-01 08:00:00+00:00,72815.8,73104.9,72279.9,72483.3,319.55614023948283
2026-06-01 12:00:00+00:00,72483.3,72608.3,71067.4,71125.1,817.94690918
2026-06-01 16:00:00+00:00,71125.1,71790.7,70684.6,71593.9,446.43138186
2026-06-01 20:00:00+00:00,71594.0,71694.6,70828.9,71404.5,413.73939528
2026-06-02 00:00:00+00:00,71404.5,71411.2,70100.3,70957.1,327.47133483
2026-06-02 04:00:00+00:00,70953.7,71040.0,69751.4,70118.7,354.25537438
2026-06-02 08:00:00+00:00,70118.7,70180.0,69329.8,69462.5,407.5425100865811
2026-06-02 12:00:00+00:00,69457.6,69543.1,67060.0,67296.7,992.9456025
2026-06-02 16:00:00+00:00,67296.7,68129.9,66432.8,67312.6,638.70631895
2026-06-02 20:00:00+00:00,67319.0,67927.9,66202.8,66760.9,645.6855222471858
2026-06-03 00:00:00+00:00,66761.0,67196.0,65455.0,65847.7,629.77378278
2026-06-03 04:00:00+00:00,65850.0,67514.4,65831.7,67224.7,578.15381673
2026-06-03 08:00:00+00:00,67224.6,67471.5,66651.2,67069.5,311.93283662
2026-06-03 12:00:00+00:00,67069.5,67249.0,66079.5,66079.6,626.7314788879642
2026-06-03 16:00:00+00:00,66079.6,66367.8,65251.0,65462.7,557.1423775863092
2026-06-03 20:00:00+00:00,65462.7,65853.0,64092.2,64150.0,740.71081241
2026-06-04 00:00:00+00:00,64150.0,64534.2,61378.6,64365.1,1356.310239054313
2026-06-04 04:00:00+00:00,64365.1,64766.5,63487.5,63605.2,452.6504169245781
2026-06-04 08:00:00+00:00,63605.3,63901.0,62205.4,62547.3,833.7764958271886
2026-06-04 12:00:00+00:00,62553.3,64495.5,62395.5,63896.6,848.066917307456
2026-06-04 16:00:00+00:00,63896.6,64163.1,62950.2,63630.2,532.34911125
2026-06-04 20:00:00+00:00,63625.1,63919.8,63115.4,63887.0,378.80467619
2026-06-05 00:00:00+00:00,63886.9,63975.4,62342.5,62731.2,469.28721241
2026-06-05 04:00:00+00:00,62735.7,63694.0,61145.1,63109.8,1269.18241536
2026-06-05 08:00:00+00:00,63109.9,63268.6,61962.3,61962.3,405.33705563
2026-06-05 12:00:00+00:00,61962.4,62450.0,60058.3,60450.8,1188.75206672
2026-06-05 16:00:00+00:00,60430.4,61565.9,59136.7,60309.1,1519.34069555
2026-06-05 20:00:00+00:00,60303.9,62004.9,59948.1,61056.5,840.4198539091694
2026-06-06 00:00:00+00:00,61067.0,61525.8,60523.7,60693.3,307.86814827
2026-06-06 04:00:00+00:00,60693.3,61281.5,59499.7,60998.5,581.47290736
2026-06-06 08:00:00+00:00,61011.8,61497.8,60203.4,60803.8,280.28851756
2026-06-06 12:00:00+00:00,60803.9,61188.2,60397.4,60785.0,218.70733293
2026-06-06 16:00:00+00:00,60785.0,60971.4,60406.2,60598.8,192.8300289
2026-06-06 20:00:00+00:00,60598.8,61000.0,60434.4,60899.3,164.5322668024883
2026-06-07 00:00:00+00:00,60884.1,61773.4,60750.0,61706.2,206.8198338241079
2026-06-07 04:00:00+00:00,61698.9,62417.7,61486.9,62402.7,205.2514683457963
2026-06-07 08:00:00+00:00,62404.2,62955.9,62256.3,62623.2,206.14006285
2026-06-07 12:00:00+00:00,62630.0,62648.9,61583.2,62087.9,311.05873866
2026-06-07 16:00:00+00:00,62091.7,62328.5,61185.4,61329.9,266.35886204
2026-06-07 20:00:00+00:00,61326.8,64271.9,61225.5,63329.8,443.99969531
2026-06-08 00:00:00+00:00,63335.8,63862.6,62727.8,63126.5,226.18057865
2026-06-08 04:00:00+00:00,63128.5,63350.0,62414.0,63290.9,194.12128706
2026-06-08 08:00:00+00:00,63284.6,63880.5,62990.1,63480.0,235.38278702
2026-06-08 12:00:00+00:00,63492.8,64207.8,62712.5,63775.9,470.36052147
2026-06-08 16:00:00+00:00,63775.9,64045.5,63279.7,63374.7,241.16036209
2026-06-08 20:00:00+00:00,63381.0,63850.0,62988.5,63080.4,153.20764878
2026-06-09 00:00:00+00:00,63087.2,63180.8,62425.9,62873.3,257.70110647723106
2026-06-09 04:00:00+00:00,62874.8,63525.7,62750.2,63197.4,173.64024535
2026-06-09 08:00:00+00:00,63197.5,63205.3,62500.0,62715.4,238.70816843
2026-06-09 12:00:00+00:00,62715.5,62900.2,61040.0,61131.4,444.3893272
2026-06-09 16:00:00+00:00,61129.1,62103.7,60775.1,62102.7,448.63725544
2026-06-09 20:00:00+00:00,62101.7,62275.0,61558.6,61727.2,138.45419782
2026-06-10 00:00:00+00:00,61727.2,61972.0,61242.3,61547.2,169.00747554
2026-06-10 04:00:00+00:00,61547.1,61797.4,61084.3,61679.3,149.84586015
2026-06-10 08:00:00+00:00,61686.3,61736.4,60727.3,61039.7,306.9532534791887
2026-06-10 12:00:00+00:00,61039.8,62853.5,60965.3,62642.9,703.88082813
2026-06-10 16:00:00+00:00,62642.2,62647.8,61611.1,61941.4,482.18931885
2026-06-10 20:00:00+00:00,61943.7,61952.1,61108.1,61519.2,329.61482666
2026-06-11 00:00:00+00:00,61519.0,62863.0,61519.0,62695.4,426.43962476
2026-06-11 04:00:00+00:00,62689.2,63004.3,62549.2,62724.3,182.36813029841326
2026-06-11 08:00:00+00:00,62724.3,63259.4,62724.3,63104.3,246.42245695
2026-06-11 12:00:00+00:00,63103.3,63237.3,62505.7,62750.6,501.8071101536121
2026-06-11 16:00:00+00:00,62750.6,63929.2,62352.2,63611.0,609.6490547076559
2026-06-11 20:00:00+00:00,63609.7,63728.9,63276.9,63632.1,189.28952201
2026-06-12 00:00:00+00:00,63632.1,63790.0,63293.8,63525.9,213.31569095
2026-06-12 04:00:00+00:00,63527.6,63865.6,62845.8,63100.1,235.3480483
2026-06-12 08:00:00+00:00,63101.6,63951.9,63100.0,63760.9,281.40210561
2026-06-12 12:00:00+00:00,63756.3,64392.7,63059.7,63602.1,545.53333477
2026-06-12 16:00:00+00:00,63593.0,64114.7,63516.5,63591.9,396.71305097
2026-06-12 20:00:00+00:00,63592.0,63705.2,63401.8,63582.5,205.66340562
2026-06-13 00:00:00+00:00,63578.9,63845.2,63420.3,63534.7,150.94249143
2026-06-13 04:00:00+00:00,63534.8,63890.9,63489.8,63846.8,143.46731424
2026-06-13 08:00:00+00:00,63850.0,63974.0,63731.5,63970.0,163.55086512
2026-06-13 12:00:00+00:00,63970.0,64346.0,63921.1,64304.3,234.22417571
2026-06-13 16:00:00+00:00,64304.3,64350.3,63919.3,64301.5,200.80707228
2026-06-13 20:00:00+00:00,64304.0,64773.0,64228.8,64453.7,115.20066875
2026-06-14 00:00:00+00:00,64453.6,64715.2,64382.9,64546.1,116.51137003
2026-06-14 04:00:00+00:00,64546.2,64566.5,64230.2,64430.7,135.87992785
2026-06-14 08:00:00+00:00,64430.6,64667.4,64323.3,64546.9,122.69016678020809
2026-06-14 12:00:00+00:00,64546.9,64565.5,63869.0,64027.7,228.57241116
2026-06-14 16:00:00+00:00,64017.9,64208.5,63682.6,63799.9,201.93045879
2026-06-14 20:00:00+00:00,63804.7,65804.9,63793.0,65750.3,634.6846953963361
2026-06-15 00:00:00+00:00,65750.1,66014.7,65361.1,65926.3,256.61215921
2026-06-15 04:00:00+00:00,65932.8,66019.0,65619.5,65678.7,146.38179883
2026-06-15 08:00:00+00:00,65678.8,66390.2,65513.6,66245.5,325.50031403
2026-06-15 12:00:00+00:00,66245.5,67296.1,66114.7,67296.1,429.8499813773007
2026-06-15 16:00:00+00:00,67296.2,67298.4,66354.9,66606.9,281.57719511
2026-06-15 20:00:00+00:00,66605.5,66687.2,66097.3,66323.2,185.58717916094866
2026-06-16 00:00:00+00:00,66323.2,66460.2,65654.1,66159.6,179.69567197
2026-06-16 04:00:00+00:00,66159.5,66569.0,65803.2,66377.3,174.5444787
2026-06-16 08:00:00+00:00,66377.3,66991.0,66346.8,66479.0,265.19325761
2026-06-16 12:00:00+00:00,66489.3,66821.9,65356.2,65873.3,384.17674821
2026-06-16 16:00:00+00:00,65869.9,66250.0,65557.1,65663.9,340.12928107
2026-06-16 20:00:00+00:00,65663.9,65937.7,65589.6,65679.8,176.94306212
2026-06-17 00:00:00+00:00,65679.9,66133.4,65476.5,65850.1,131.8722835760216
2026-06-17 04:00:00+00:00,65850.2,66050.8,65256.0,65543.6,178.39120342
2026-06-17 08:00:00+00:00,65541.9,65578.2,64565.1,64815.7,288.1947597
2026-06-17 12:00:00+00:00,64815.7,65853.6,64595.1,65753.8,380.3365831064446
2026-06-17 16:00:00+00:00,65753.8,66436.2,64037.1,64307.8,926.79385724
2026-06-17 20:00:00+00:00,64300.1,64522.5,63922.8,64513.1,201.22989964847775
2026-06-18 00:00:00+00:00,64508.8,64813.0,64271.0,64286.9,254.96418609
2026-06-18 04:00:00+00:00,64286.9,64510.0,63700.8,64507.1,338.65972821
2026-06-18 08:00:00+00:00,64507.1,64650.4,63884.8,63971.6,190.77086214
2026-06-18 12:00:00+00:00,63971.7,64447.9,62301.3,62370.2,648.92789174
2026-06-18 16:00:00+00:00,62370.2,63007.9,62271.3,62945.6,503.17230177
2026-06-18 20:00:00+00:00,62950.9,63274.5,62744.4,62956.3,204.86213525
2026-06-19 00:00:00+00:00,62956.4,63114.7,62384.7,62774.9,210.73047577
2026-06-19 04:00:00+00:00,62776.7,62924.2,62416.5,62625.9,180.51254691
2026-06-19 08:00:00+00:00,62625.9,62775.9,62310.4,62637.9,281.40828205
2026-06-19 12:00:00+00:00,62637.9,63412.2,62355.5,63216.6,422.77829469
2026-06-19 16:00:00+00:00,63216.6,63395.7,62872.9,63029.4,265.52700672
2026-06-19 20:00:00+00:00,63031.4,63669.2,62961.7,63543.9,218.6754637
2026-06-20 00:00:00+00:00,63543.9,63779.9,63320.2,63480.4,153.46368342
2026-06-20 04:00:00+00:00,63479.7,63917.9,63402.6,63652.2,149.44962744
2026-06-20 08:00:00+00:00,63654.2,63796.4,63392.0,63686.3,164.51049186
2026-06-20 12:00:00+00:00,63686.3,64377.2,63191.0,64147.8,380.54933442
2026-06-20 16:00:00+00:00,64156.5,64169.3,63730.7,63941.5,156.07798971
2026-06-20 20:00:00+00:00,63941.5,64358.8,63856.7,64300.6,122.86426094582058
2026-06-21 00:00:00+00:00,64296.1,64473.6,64215.5,64423.8,112.18396515569127
2026-06-21 04:00:00+00:00,64419.8,64583.1,64168.9,64194.9,123.84019639
2026-06-21 08:00:00+00:00,64192.5,64481.7,63897.3,64170.4,192.79548964
2026-06-21 12:00:00+00:00,64178.1,64364.1,63958.9,64220.0,171.79858268
2026-06-21 16:00:00+00:00,64220.1,64291.5,63944.5,64196.9,138.6471274
2026-06-21 20:00:00+00:00,64199.9,64261.2,63273.2,63311.1,307.35053312
2026-06-22 00:00:00+00:00,63315.3,64813.6,63315.3,63971.1,340.91213298
2026-06-22 04:00:00+00:00,63983.2,64395.2,63874.5,64217.2,137.9032357045017
2026-06-22 08:00:00+00:00,64217.2,64773.1,64042.5,64654.7,262.36233955
2026-06-22 12:00:00+00:00,64654.8,65624.1,64575.9,64838.8,545.21192273
2026-06-22 16:00:00+00:00,64840.7,64861.8,64273.1,64472.3,322.14789387
2026-06-22 20:00:00+00:00,64474.2,64663.6,63806.7,64027.7,261.01930113
2026-06-23 00:00:00+00:00,64024.1,64278.4,63836.4,64067.0,165.24060023
2026-06-23 04:00:00+00:00,64067.1,64094.4,62579.1,62877.4,448.44829183
2026-06-23 08:00:00+00:00,62879.9,62946.7,61933.3,62514.5,422.60192063
2026-06-23 12:00:00+00:00,62519.1,62850.0,61964.4,62489.6,507.76382369
2026-06-23 16:00:00+00:00,62489.6,62830.4,62101.2,62394.1,333.0641846
2026-06-23 20:00:00+00:00,62390.7,62798.9,62378.9,62726.7,158.13703202
2026-06-24 00:00:00+00:00,62726.7,63110.8,62467.5,62725.4,204.71726359
2026-06-24 04:00:00+00:00,62734.9,63071.7,62533.5,62656.7,310.88845235
2026-06-24 08:00:00+00:00,62662.2,63237.7,62322.0,62922.7,268.6231702
2026-06-24 12:00:00+00:00,62922.8,62977.3,60263.2,60273.5,1060.71152301
2026-06-24 16:00:00+00:00,60273.5,60680.5,59116.1,59974.0,965.0099063078596
2026-06-24 20:00:00+00:00,59958.1,61269.0,59851.4,61079.1,447.95197666
2026-06-25 00:00:00+00:00,61081.6,61157.9,60686.1,60881.6,179.46865343
2026-06-25 04:00:00+00:00,60882.9,61956.3,60792.2,61908.3,275.1885523
2026-06-25 08:00:00+00:00,61914.2,61922.6,61060.5,61279.1,285.53822161
2026-06-25 12:00:00+00:00,61279.1,61740.9,58121.0,59554.2,1615.14545343
2026-06-25 16:00:00+00:00,59571.0,60061.9,59138.1,59314.9,486.30854686
2026-06-25 20:00:00+00:00,59318.7,60254.0,59318.7,59792.8,230.3974566951708
2026-06-26 00:00:00+00:00,59796.7,60118.5,58337.0,60041.1,506.80330565
2026-06-26 04:00:00+00:00,60037.5,60762.6,59703.1,60530.1,297.98858347
2026-06-26 08:00:00+00:00,60528.0,60571.8,59242.1,59416.8,288.2650643
2026-06-26 12:00:00+00:00,59416.7,60500.0,58500.0,60333.7,819.79295152
2026-06-26 16:00:00+00:00,60324.2,60587.1,59562.9,59750.7,311.38347475
2026-06-26 20:00:00+00:00,59753.8,60116.6,59577.1,60099.6,181.09699698
2026-06-27 00:00:00+00:00,60099.7,60410.1,59875.6,60309.7,142.85119701
2026-06-27 04:00:00+00:00,60304.8,60579.0,60119.5,60549.0,179.02076969
2026-06-27 08:00:00+00:00,60549.0,60549.0,60192.4,60364.2,149.68120902
2026-06-27 12:00:00+00:00,60364.3,60940.1,60253.2,60843.4,170.64104985
2026-06-27 16:00:00+00:00,60843.5,60854.5,60081.3,60176.0,169.89275235
2026-06-27 20:00:00+00:00,60176.1,60480.1,59858.2,60028.5,104.54505401037774
2026-06-28 00:00:00+00:00,60028.6,60335.0,59992.5,60202.0,79.71064724
2026-06-28 04:00:00+00:00,60202.1,60265.6,59753.2,60222.3,153.13159018
2026-06-28 08:00:00+00:00,60222.3,60549.5,60072.3,60338.6,147.88436231
2026-06-28 12:00:00+00:00,60338.6,60450.0,59818.8,59885.7,196.56525681
2026-06-28 16:00:00+00:00,59885.8,59937.8,59275.4,59481.3,256.30103074
2026-06-28 20:00:00+00:00,59481.2,59908.9,58902.1,59578.6,232.69676086
2026-06-29 00:00:00+00:00,59579.5,60225.9,58903.6,60047.2,232.87376828
2026-06-29 04:00:00+00:00,60045.4,60338.0,59386.3,60030.6,162.45069628
2026-06-29 08:00:00+00:00,60025.6,60311.6,59744.6,59972.0,281.99003327
2026-06-29 12:00:00+00:00,59962.3,60775.2,59005.8,59821.6,805.51350049
2026-06-29 16:00:00+00:00,59827.2,60674.1,59578.6,60424.8,395.10472509
2026-06-29 20:00:00+00:00,60430.6,60586.6,60198.0,60258.4,177.49735841
2026-06-30 00:00:00+00:00,60258.4,60275.8,59600.0,59627.5,155.19655297
2026-06-30 04:00:00+00:00,59620.5,59719.3,59365.2,59526.1,281.12008102
2026-06-30 08:00:00+00:00,59524.4,59553.5,59121.8,59186.5,346.64911151
2026-06-30 12:00:00+00:00,59186.5,59274.7,58196.6,58379.3,626.26523486
2026-06-30 16:00:00+00:00,58390.7,58834.2,58258.1,58821.2,258.7388638
2026-06-30 20:00:00+00:00,58801.0,58872.9,58507.3,58631.5,112.11588044
2026-07-01 00:00:00+00:00,58631.5,59324.5,57808.4,59196.3,461.26465178
2026-07-01 04:00:00+00:00,59196.4,59461.6,58542.3,58770.2,276.55412579
2026-07-01 08:00:00+00:00,58770.2,59089.5,58500.1,58622.1,269.43849421816805
2026-07-01 12:00:00+00:00,58622.1,60530.1,58328.8,60141.4,667.07789266
2026-07-01 16:00:00+00:00,60148.9,60353.8,59779.6,60030.9,242.29377834
2026-07-01 20:00:00+00:00,60031.0,61323.2,59871.3,60020.1,394.21143519773904
2026-07-02 00:00:00+00:00,60026.1,61119.6,59593.8,61062.3,248.29225084
2026-07-02 04:00:00+00:00,61055.3,61058.8,60111.0,60151.6,213.91426636
2026-07-02 08:00:00+00:00,60151.7,61430.2,60136.0,61357.6,497.37111648
2026-07-02 12:00:00+00:00,61355.1,62201.4,61153.2,61612.2,440.1759261300295
2026-07-02 16:00:00+00:00,61618.1,61959.0,61141.6,61475.8,281.04923090539916
2026-07-02 20:00:00+00:00,61470.1,61649.7,61339.6,61558.6,119.10452333
2026-07-03 00:00:00+00:00,61556.5,61726.0,61230.0,61432.0,144.10766928
2026-07-03 04:00:00+00:00,61432.1,61861.7,61331.7,61757.8,111.77105219074042
2026-07-03 08:00:00+00:00,61757.8,62106.2,61510.0,62022.8,200.15554535
2026-07-03 12:00:00+00:00,62023.2,62410.0,61707.8,61926.8,350.65370104
2026-07-03 16:00:00+00:00,61926.8,62321.4,61914.4,62206.8,169.59201038
2026-07-03 20:00:00+00:00,62206.8,62960.0,62186.0,62584.5,233.23239392
2026-07-04 00:00:00+00:00,62584.4,62950.0,62405.9,62625.6,143.12217278
2026-07-04 04:00:00+00:00,62625.7,62748.8,62327.5,62570.8,140.02464662
2026-07-04 08:00:00+00:00,62568.9,62665.7,62412.6,62482.5,136.52508151
2026-07-04 12:00:00+00:00,62482.6,63082.9,62482.5,62934.5,199.1604889
2026-07-04 16:00:00+00:00,62934.5,63462.7,62782.1,63295.4,186.89073848
2026-07-04 20:00:00+00:00,63292.5,63454.3,62928.5,63142.2,127.15851622
2026-07-05 00:00:00+00:00,63142.3,63142.3,62598.1,62769.1,104.68664593
2026-07-05 04:00:00+00:00,62769.1,63056.9,62651.1,63016.2,146.82477475
2026-07-05 08:00:00+00:00,63016.3,63105.2,62437.1,62651.6,133.38115119
2026-07-05 12:00:00+00:00,62651.5,62940.4,62559.7,62736.9,150.46995965
2026-07-05 16:00:00+00:00,62737.0,62878.4,62596.8,62776.5,129.50893816
2026-07-05 20:00:00+00:00,62774.1,63993.2,62610.2,63649.9,231.19867248
2026-07-06 00:00:00+00:00,63641.0,63916.7,63138.7,63298.9,136.0484822
2026-07-06 04:00:00+00:00,63299.0,63400.1,62892.0,63095.0,122.78120821469511
2026-07-06 08:00:00+00:00,63095.0,63248.9,62481.0,62488.0,226.47791164
2026-07-06 12:00:00+00:00,62480.9,63552.3,61314.1,63545.0,717.74549461
2026-07-06 16:00:00+00:00,63544.9,63973.9,63378.1,63741.9,249.622457
2026-07-06 20:00:00+00:00,63731.7,64701.0,63591.7,64039.1,212.30776838
2026-07-07 00:00:00+00:00,64041.4,64313.8,63157.3,63188.0,209.21863908
2026-07-07 04:00:00+00:00,63187.9,63447.5,62799.8,63087.1,147.83246764
2026-07-07 08:00:00+00:00,63087.2,63466.1,62983.1,63403.3,292.45030168840566
2026-07-07 12:00:00+00:00,63403.4,64108.6,62676.7,63938.2,364.52788082
2026-07-07 16:00:00+00:00,63935.5,64242.1,63385.3,63826.6,208.15307829
2026-07-07 20:00:00+00:00,63826.6,63907.4,63212.3,63361.9,121.27937682
2026-07-08 00:00:00+00:00,63361.0,63758.0,62541.7,62763.9,163.9625645
2026-07-08 04:00:00+00:00,62769.1,62908.7,62483.5,62885.9,117.05056937
2026-07-08 08:00:00+00:00,62885.8,62939.4,61746.0,62299.9,322.86783972
2026-07-08 12:00:00+00:00,62299.9,62425.0,61548.9,61707.2,401.24128537
2026-07-08 16:00:00+00:00,61701.8,62392.7,61693.6,62281.4,170.20185872
2026-07-08 20:00:00+00:00,62273.5,62353.9,61964.1,62290.4,144.56241271
2026-07-09 00:00:00+00:00,62290.4,62648.3,61701.9,61974.2,173.17876335
2026-07-09 04:00:00+00:00,61974.1,63270.6,61962.8,62995.0,304.35266241
2026-07-09 08:00:00+00:00,62995.1,63087.6,62613.8,62781.3,261.03753715
2026-07-09 12:00:00+00:00,62781.3,63252.8,62461.2,62864.9,455.39883249
2026-07-09 16:00:00+00:00,62865.0,63492.7,62559.2,63246.9,252.04031444
2026-07-09 20:00:00+00:00,63246.9,63409.6,63058.3,63229.6,161.88364593
2026-07-10 00:00:00+00:00,63229.6,64045.0,62915.0,63949.4,214.77607249
2026-07-10 04:00:00+00:00,63949.5,64197.5,63803.2,63974.2,154.79301887
2026-07-10 08:00:00+00:00,63974.2,64497.2,63969.6,64425.9,230.52522067
2026-07-10 12:00:00+00:00,64431.1,64695.9,63790.8,64030.3,284.17111142
2026-07-10 16:00:00+00:00,64035.3,64221.2,63738.8,63929.8,152.54860582
2026-07-10 20:00:00+00:00,63925.9,64206.4,63656.1,64160.0,168.42127923
2026-07-11 00:00:00+00:00,64161.3,64312.5,63985.2,64154.5,101.86382492
2026-07-11 04:00:00+00:00,64154.5,64280.7,64078.6,64161.5,79.88948173
2026-07-11 08:00:00+00:00,64161.6,64310.4,64144.6,64212.1,96.70794298
2026-07-11 12:00:00+00:00,64212.1,64511.9,63914.9,64176.5,162.85216707
2026-07-11 16:00:00+00:00,64176.6,64400.0,64090.4,64287.7,80.59521601
2026-07-11 20:00:00+00:00,64287.7,64463.9,63819.9,63822.0,102.71940754
2026-07-12 00:00:00+00:00,63821.0,64217.4,63706.5,64214.7,120.93021450881325
2026-07-12 04:00:00+00:00,64214.8,64244.4,63641.2,63883.6,94.11465256
2026-07-12 08:00:00+00:00,63883.6,64100.3,63757.0,64014.8,116.5098011
2026-07-12 12:00:00+00:00,64014.7,64293.0,63960.4,64174.1,124.63482452
2026-07-12 16:00:00+00:00,64175.5,64271.9,64009.6,64226.6,101.99843543
2026-07-12 20:00:00+00:00,64226.6,64252.7,63663.2,63781.7,105.47692649
2026-07-13 00:00:00+00:00,63781.6,64426.0,62733.2,62809.3,285.47552349
2026-07-13 04:00:00+00:00,62809.3,63058.0,62508.2,62987.3,209.89941764
2026-07-13 08:00:00+00:00,62987.3,63283.9,62862.8,62904.9,181.53619798
2026-07-13 12:00:00+00:00,62904.9,62992.0,62101.8,62614.3,338.38321177
2026-07-13 16:00:00+00:00,62614.3,62625.9,61830.0,62293.8,237.55455618
2026-07-13 20:00:00+00:00,62286.7,62349.7,61883.3,62336.8,162.69869536
2026-07-14 00:00:00+00:00,62336.8,62662.0,62272.3,62572.0,153.30633523
2026-07-14 04:00:00+00:00,62570.1,62870.8,62513.8,62551.2,119.53465761
2026-07-14 08:00:00+00:00,62551.1,62926.0,62500.0,62842.9,157.70767098
2026-07-14 12:00:00+00:00,62842.9,64953.0,62783.8,64745.3,559.1117658
2026-07-14 16:00:00+00:00,64745.4,64897.4,64275.7,64561.9,244.7868597
2026-07-14 20:00:00+00:00,64566.1,65100.0,64414.5,65030.3,200.60547954
2026-07-15 00:00:00+00:00,65038.0,65060.5,64484.3,64790.5,123.85139652625608
2026-07-15 04:00:00+00:00,64788.0,65279.9,64475.6,64547.3,189.13536341
2026-07-15 08:00:00+00:00,64547.2,64913.0,64547.2,64729.4,160.78982764
2026-07-15 12:00:00+00:00,64729.5,65597.3,64600.0,65420.9,428.65905543
2026-07-15 16:00:00+00:00,65424.1,65468.9,64736.2,64972.7,257.94209341
2026-07-15 20:00:00+00:00,64972.6,65061.9,64689.0,64749.2,164.14730615
2026-07-16 00:00:00+00:00,64749.1,64844.8,64399.6,64616.2,144.0665135
2026-07-16 04:00:00+00:00,64620.8,64998.5,64083.1,64233.0,152.47727622
2026-07-16 08:00:00+00:00,64233.0,64363.3,63888.1,64250.3,204.16786701
2026-07-16 12:00:00+00:00,64244.9,64900.0,63859.2,64703.0,251.95483506
2026-07-16 16:00:00+00:00,64708.2,64711.0,63989.5,64269.6,181.4159921
2026-07-16 20:00:00+00:00,64261.1,64275.6,63750.0,63833.5,165.94404882
2026-07-17 00:00:00+00:00,63833.5,64067.0,63393.0,63569.6,196.28005794
2026-07-17 04:00:00+00:00,63568.8,63579.3,62712.5,62830.8,207.383933
2026-07-17 08:00:00+00:00,62830.8,63356.6,62664.8,63292.4,183.36983969
2026-07-17 12:00:00+00:00,63292.4,63513.0,62538.3,63457.4,349.94431214
2026-07-17 16:00:00+00:00,63457.5,64390.1,63310.0,64166.0,224.78325395
2026-07-17 20:00:00+00:00,64155.0,64217.1,63883.7,63929.5,111.71171293
2026-07-18 00:00:00+00:00,63930.5,64031.7,63885.3,64014.7,77.62709648
2026-07-18 04:00:00+00:00,64014.8,64025.9,63926.1,64007.1,63.7333206
2026-07-18 08:00:00+00:00,64006.5,64092.1,63924.6,64058.9,65.71102973
2026-07-18 12:00:00+00:00,64059.0,64258.5,63963.8,64119.5,111.0247117406715
2026-07-18 16:00:00+00:00,64119.5,64663.0,64086.2,64561.0,179.3394364
2026-07-18 20:00:00+00:00,64557.7,64872.6,64514.3,64833.9,156.62848796
2026-07-19 00:00:00+00:00,64837.0,64966.6,64626.6,64706.9,100.75996605
2026-07-19 04:00:00+00:00,64707.0,64812.8,64615.0,64707.2,78.71384228
2026-07-19 08:00:00+00:00,64709.1,64744.9,64445.2,64466.9,93.40706501
2026-07-19 12:00:00+00:00,64466.9,64656.7,64279.3,64574.8,133.81374047
2026-07-19 16:00:00+00:00,64574.8,64754.0,64282.1,64457.7,154.03192184
2026-07-19 20:00:00+00:00,64457.8,64892.5,64341.3,64722.3,163.83443444
2026-07-20 00:00:00+00:00,64730.6,65099.9,64414.4,64865.9,213.10686116
2026-07-20 04:00:00+00:00,64865.9,64870.0,63766.4,64275.8,264.64153794
2026-07-20 08:00:00+00:00,64275.8,65072.7,63843.7,65003.3,324.71614437987296
2026-07-20 12:00:00+00:00,65003.2,65667.7,64082.6,65596.6,467.55791306
2026-07-20 16:00:00+00:00,65610.3,65795.1,65040.2,65145.1,242.52821405489226
2026-07-20 20:00:00+00:00,65145.2,65446.3,65061.7,65258.2,135.32801696
2026-07-21 00:00:00+00:00,65258.1,65660.3,65151.7,65575.9,198.86562485
2026-07-21 04:00:00+00:00,65570.2,66249.9,65482.4,66195.4,230.4070651
2026-07-21 08:00:00+00:00,66190.5,66420.8,66134.7,66345.3,232.82959643
2026-07-21 12:00:00+00:00,66345.3,66956.2,66267.3,66689.9,266.15885132
2026-07-21 16:00:00+00:00,66678.8,66761.4,66076.2,66447.7,273.8144203
2026-07-21 20:00:00+00:00,66443.2,66577.0,66203.2,66555.8,119.52876521
2026-07-22 00:00:00+00:00,66555.9,66734.0,66176.5,66209.4,158.38326648
2026-07-22 04:00:00+00:00,66200.9,66422.4,65701.8,65843.5,177.86277261
2026-07-22 08:00:00+00:00,65843.5,66161.4,65842.9,66011.6,184.95824383
2026-07-22 12:00:00+00:00,66011.7,66210.0,65551.0,66049.9,273.56509084
2026-07-22 16:00:00+00:00,66050.0,66393.0,65700.6,65925.4,193.12012916827624
2026-07-22 20:00:00+00:00,65925.7,66144.6,65792.2,66121.1,160.50116405
2026-07-23 00:00:00+00:00,66122.3,66313.0,65587.3,65663.7,122.91022098
2026-07-23 04:00:00+00:00,65663.7,65826.4,65360.0,65440.7,97.66488217
2026-07-23 08:00:00+00:00,65440.8,65785.7,65418.0,65557.0,160.0523685
2026-07-23 12:00:00+00:00,65557.0,65583.7,64716.7,64949.3,376.96724906
2026-07-23 16:00:00+00:00,64952.2,64952.3,64649.8,64852.0,177.22391694
2026-07-23 20:00:00+00:00,64849.1,65214.8,64831.8,65095.7,175.16630293742384
2026-07-24 00:00:00+00:00,65095.7,65459.9,64759.6,65451.6,139.1348407
2026-07-24 04:00:00+00:00,65451.7,65799.9,65246.1,65497.7,150.92110674
2026-07-24 08:00:00+00:00,65497.7,65507.2,64854.1,65082.8,183.21908339
2026-07-24 12:00:00+00:00,65079.0,65132.3,63738.0,64094.7,455.74248754
2026-07-24 16:00:00+00:00,64094.8,64282.9,63884.3,64218.1,200.68663063
2026-07-24 20:00:00+00:00,64218.2,64278.4,64123.1,64138.2,104.32025388
2026-07-25 00:00:00+00:00,64138.3,64172.3,64001.5,64077.1,83.39269391
2026-07-25 04:00:00+00:00,64075.6,64198.1,63955.3,63998.7,61.67822219
2026-07-25 08:00:00+00:00,63998.8,64105.2,63801.0,64056.2,72.38091464
2026-07-25 12:00:00+00:00,64056.3,64275.4,64032.7,64181.6,75.91034954
2026-07-25 16:00:00+00:00,64181.6,64443.4,64122.5,64388.3,86.74623186
2026-07-25 20:00:00+00:00,64388.3,64426.1,64258.6,64368.2,72.72339754
2026-07-26 00:00:00+00:00,64368.3,64573.6,64350.0,64540.4,46.94887546
2026-07-26 04:00:00+00:00,64553.4,64590.8,64285.7,64365.0,62.72634451
2026-07-26 08:00:00+00:00,64365.1,64573.5,64347.2,64503.1,53.1230396
2026-07-26 12:00:00+00:00,64503.1,64824.5,64409.2,64766.4,127.93466952111605
2026-07-26 16:00:00+00:00,64766.4,64935.4,64667.9,64694.2,71.73167167
2026-07-26 20:00:00+00:00,64694.3,65565.7,64633.8,65392.6,194.90184437639607
2026-07-27 00:00:00+00:00,65402.7,65418.0,64908.3,65286.3,116.24497812
2026-07-27 04:00:00+00:00,65286.4,65737.6,65220.0,65220.5,99.819408277475
2026-07-27 08:00:00+00:00,65220.6,65426.1,65090.8,65100.4,120.24683521
2026-07-27 12:00:00+00:00,65100.3,65712.1,64413.5,64553.3,246.29753682
2026-07-27 16:00:00+00:00,64553.4,65085.9,64514.0,64973.8,180.22531565
2026-07-27 20:00:00+00:00,64974.0,65051.2,63613.8,63763.8,228.72191694
2026-07-28 00:00:00+00:00,63763.9,63827.7,63064.4,63354.1,176.88846414
2026-07-28 04:00:00+00:00,63345.0,63661.4,63227.2,63501.9,132.08068362
2026-07-28 08:00:00+00:00,63501.9,63595.8,63291.7,63458.9,148.94577077
2026-07-28 12:00:00+00:00,63462.1,64023.8,62742.6,63925.5,294.33711275
2026-07-28 16:00:00+00:00,63925.5,64090.8,63500.1,63895.1,144.47805439
2026-07-28 20:00:00+00:00,63899.9,64071.7,63555.2,63933.1,140.20861476
2026-07-29 00:00:00+00:00,63922.7,64180.9,63658.8,63737.9,146.58696158
2026-07-29 04:00:00+00:00,63737.9,64566.1,63599.8,64555.1,151.35278831
2026-07-29 08:00:00+00:00,64555.2,64725.9,64279.3,64506.4,182.50075695
2026-07-29 12:00:00+00:00,64506.4,64715.5,63887.6,63974.5,248.12870312
2026-07-29 16:00:00+00:00,63967.0,64641.4,63503.4,63591.4,299.97610247
2026-07-29 20:00:00+00:00,63606.0,64127.2,63267.9,63979.7,227.44608671
2026-07-30 00:00:00+00:00,63979.8,64408.4,63602.5,64154.1,158.65539932
2026-07-30 04:00:00+00:00,64154.1,64178.4,63912.6,64010.6,91.26562778
2026-07-30 08:00:00+00:00,64010.6,64877.8,63975.0,64777.4,219.86159065
2026-07-30 12:00:00+00:00,64781.1,65166.7,64604.2,64727.0,221.67162093
2026-07-30 16:00:00+00:00,64727.0,64981.1,64681.9,64790.6,159.64226357
2026-07-30 20:00:00+00:00,64796.9,65080.8,64662.0,64775.6,139.44873742
2026-07-31 00:00:00+00:00,64777.4,65404.3,64183.1,64381.5,195.28294348
2026-07-31 04:00:00+00:00,64369.4,64490.1,63870.0,63949.3,105.45690088
2026-07-31 08:00:00+00:00,63949.3,64021.1,63619.1,63815.8,143.39266826
2026-07-31 12:00:00+00:00,63815.9,63834.0,62465.5,62714.6,398.949985
2026-07-31 16:00:00+00:00,62716.8,63295.6,62704.9,62965.5,149.54099649
2026-07-31 20:00:00+00:00,62973.7,63055.0,62846.5,62880.4,91.50082137
2026-08-01 00:00:00+00:00,62880.5,63103.6,62880.5,63004.1,74.13567696
2026-08-01 04:00:00+00:00,63004.1,63139.1,62996.1,63054.4,62.8644526
2026-08-01 08:00:00+00:00,63054.5,63154.2,62988.7,63071.5,61.44605236
2026-08-01 12:00:00+00:00,63071.5,63127.8,63001.2,63001.2,63.8585818
2026-08-01 16:00:00+00:00,63001.2,63035.4,62273.7,62525.9,181.39604437
2026-08-01 20:00:00+00:00,62525.9,62861.7,62485.5,62815.5,78.82856658
2026-08-02 00:00:00+00:00,62815.6,63548.9,62805.0,63456.4,166.66039326
2026-08-02 04:00:00+00:00,63460.1,63627.9,63416.1,63479.6,60.68610663
2026-08-02 08:00:00+00:00,63489.0,63522.9,62994.0,63027.9,89.63803041
2026-08-02 12:00:00+00:00,63027.9,63227.4,63006.0,63104.9,64.92952212978568
2026-08-02 16:00:00+00:00,63104.9,63600.0,63065.3,63448.8,67.51320826
2026-08-02 20:00:00+00:00,63452.1,63787.9,63337.0,63566.0,105.89478126814363
2026-08-03 00:00:00+00:00,63566.0,63590.2,62780.2,62866.1,104.71588985
2026-08-03 04:00:00+00:00,62863.4,63000.0,62550.1,62623.8,110.99521782
2026-08-03 08:00:00+00:00,62623.8,62864.2,62294.1,62555.4,132.34957439
2026-08-03 12:00:00+00:00,62555.4,63976.7,62444.1,63684.2,274.42804003
2026-08-03 16:00:00+00:00,63684.2,64077.1,63652.3,63861.9,198.07455483
2026-08-03 20:00:00+00:00,63865.3,64029.1,63388.6,63522.4,125.07665449
2026-08-04 00:00:00+00:00,63525.2,63964.0,63328.0,63796.7,108.74140081
2026-08-04 04:00:00+00:00,63795.7,64238.6,63505.7,63681.8,197.93401564
2026-08-04 08:00:00+00:00,63681.9,63948.0,63457.6,63924.8,261.74482802
2026-08-04 12:00:00+00:00,63924.6,64237.7,63615.3,64125.2,511.89428548
2026-08-04 16:00:00+00:00,64127.3,64415.9,63892.7,64225.6,200.54838871684564
2026-08-04 20:00:00+00:00,64227.9,64538.4,64009.2,64104.6,119.10083807
2026-08-05 00:00:00+00:00,64101.2,64508.8,63948.3,64198.6,221.6474723
2026-08-05 04:00:00+00:00,64198.7,64534.4,64022.0,64175.3,432.9093119384905
2026-08-05 08:00:00+00:00,64175.4,64325.9,64015.7,64074.0,174.04328884
2026-08-05 12:00:00+00:00,64073.9,64741.3,63879.0,64390.4,309.4262584
2026-08-05 16:00:00+00:00,64393.1,64935.0,64393.0,64840.4,153.33774349
2026-08-05 20:00:00+00:00,64853.4,65026.5,64571.6,64659.1,127.50312926
2026-08-06 00:00:00+00:00,64664.8,64717.1,64416.1,64537.5,75.74548521
2026-08-06 04:00:00+00:00,64530.9,64995.8,64500.7,64814.6,137.49982182
2026-08-06 08:00:00+00:00,64814.7,65011.7,64517.6,64631.1,361.12644178
2026-08-06 12:00:00+00:00,64631.2,64995.3,64127.4,64634.7,454.4393917
2026-08-06 16:00:00+00:00,64640.6,64840.8,64362.9,64451.4,115.93183706
2026-08-06 20:00:00+00:00,64448.6,64532.0,64201.0,64326.2,70.83904584
2026-08-07 00:00:00+00:00,64326.2,64545.1,64238.1,64311.5,223.75022288
2026-08-07 04:00:00+00:00,64315.6,64470.0,64180.6,64326.9,126.434838
2026-08-07 08:00:00+00:00,64326.9,65208.2,64308.1,65023.6,398.6282763385699
2026-08-07 12:00:00+00:00,65027.7,65384.9,64786.8,64907.3,238.0150875852942
2026-08-07 16:00:00+00:00,64914.3,65073.3,64528.3,64960.9,164.27291007
2026-08-07 20:00:00+00:00,64954.5,65097.7,64840.9,64919.1,84.41799622141075
2026-08-08 00:00:00+00:00,64919.2,65065.4,64825.6,65026.7,57.52524556
2026-08-08 04:00:00+00:00,65026.7,65062.9,64942.7,64959.1,52.49475262
2026-08-08 08:00:00+00:00,64959.2,65046.9,64942.9,64961.9,45.80398883
2026-08-08 12:00:00+00:00,64962.0,65187.0,64918.5,65077.1,59.20243236
2026-08-08 16:00:00+00:00,65077.1,65150.9,65014.5,65073.4,68.60626157
2026-08-08 20:00:00+00:00,65073.4,65086.8,64938.5,64956.3,82.76263363
2026-08-09 00:00:00+00:00,64956.4,64999.9,64728.6,64789.0,47.86072683
2026-08-09 04:00:00+00:00,64789.0,64865.9,64783.5,64829.3,45.45982976
2026-08-09 08:00:00+00:00,64829.4,65000.0,64792.0,64946.6,73.09041722
2026-08-09 12:00:00+00:00,64946.7,65296.2,64912.8,65230.8,109.62494289
2026-08-09 16:00:00+00:00,65230.8,65256.3,65175.3,65178.1,68.48656980764387
2026-08-09 20:00:00+00:00,65178.1,65465.0,64837.4,64900.9,114.18818865
2026-08-10 00:00:00+00:00,64900.9,65388.0,64824.0,64984.2,88.42683699
2026-08-10 04:00:00+00:00,64984.2,65369.0,64922.5,65204.7,98.26871941
2026-08-10 08:00:00+00:00,65204.6,65322.9,64961.3,65127.3,106.63818629
2026-08-10 12:00:00+00:00,65127.4,65229.6,64201.1,64301.0,267.55886976
2026-08-10 16:00:00+00:00,64298.6,64360.4,63813.7,64039.9,181.09488248
2026-08-10 20:00:00+00:00,64049.7,64200.0,63919.2,63976.0,69.49809304
2026-08-11 00:00:00+00:00,63976.1,64179.8,63900.0,64140.9,65.70222353
2026-08-11 04:00:00+00:00,64148.7,64156.7,63857.2,64064.8,61.78699766
2026-08-11 08:00:00+00:00,64067.5,64400.0,64041.5,64386.9,110.99489084967536
2026-08-11 12:00:00+00:00,64386.8,64494.3,63454.2,63614.2,202.58159579
2026-08-11 16:00:00+00:00,63614.1,63661.4,63237.4,63538.3,189.58078957
2026-08-11 20:00:00+00:00,63538.2,63769.0,63538.2,63599.7,95.6734397
2026-08-12 00:00:00+00:00,63594.6,63900.0,63536.0,63835.2,72.81173764
2026-08-12 04:00:00+00:00,63835.3,63892.4,63602.9,63835.9,153.10595107
2026-08-12 08:00:00+00:00,63835.9,64244.0,63764.3,64234.6,182.36206738
2026-08-12 12:00:00+00:00,64238.0,64473.3,63322.5,63443.3,335.5577173992665
2026-08-12 16:00:00+00:00,63443.3,63582.3,63310.1,63421.4,180.61068441
2026-08-12 20:00:00+00:00,63421.4,63658.0,63372.0,63486.9,100.6838898
2026-08-13 00:00:00+00:00,63488.1,63714.2,63375.7,63645.1,156.46296076
2026-08-13 04:00:00+00:00,63645.2,64004.3,63590.2,63862.2,191.41282631
2026-08-13 08:00:00+00:00,63862.3,63910.8,63352.0,63482.4,279.71079739
2026-08-13 12:00:00+00:00,63482.5,63999.5,63421.7,63421.7,169.02926486
2026-08-13 16:00:00+00:00,63421.7,63577.9,62851.0,63409.3,246.80942407274276
2026-08-13 20:00:00+00:00,63409.4,63643.4,63370.0,63482.7,113.50779154
2026-08-14 00:00:00+00:00,63487.0,63621.9,63311.1,63311.1,77.59089151
2026-08-14 04:00:00+00:00,63311.1,63472.6,62925.6,62925.7,98.68576658
2026-08-14 08:00:00+00:00,62925.7,62996.3,62700.2,62860.7,155.8186176
2026-08-14 12:00:00+00:00,62861.1,63089.7,62538.5,62993.3,185.64459663
2026-08-14 16:00:00+00:00,62990.0,63237.3,62830.8,62967.9,100.76779976
2026-08-14 20:00:00+00:00,62964.2,63064.0,62801.6,63044.1,91.75750297
2026-08-15 00:00:00+00:00,63044.1,63180.0,62991.9,63041.7,60.45094197
2026-08-15 04:00:00+00:00,63041.8,63148.2,63027.1,63068.7,50.791666829798
2026-08-15 08:00:00+00:00,63068.8,63077.1,62911.9,63018.1,48.21726674
2026-08-15 12:00:00+00:00,63018.2,63120.5,62943.8,63100.3,66.5755865
2026-08-15 16:00:00+00:00,63100.3,63122.0,63038.4,63113.1,74.96866415
2026-08-15 20:00:00+00:00,63114.0,63163.5,63059.8,63085.0,43.06758607
2026-08-16 00:00:00+00:00,63085.0,63150.4,63005.7,63125.8,25.56538805
2026-08-16 04:00:00+00:00,63125.8,63148.7,63035.4,63055.0,40.69159267
2026-08-16 08:00:00+00:00,63055.1,63063.9,62957.9,63004.4,70.4046385929111
2026-08-16 12:00:00+00:00,63005.8,63136.8,62990.1,63136.7,31.19051814
2026-08-16 16:00:00+00:00,63136.8,63380.4,63092.5,63106.2,80.35337633
2026-08-16 20:00:00+00:00,63106.3,63129.2,62715.9,62904.6,87.9217971
2026-08-17 00:00:00+00:00,62906.0,63516.4,62753.4,63428.0,122.75096325
2026-08-17 04:00:00+00:00,63425.5,63706.3,63425.5,63518.6,235.94308693
2026-08-17 08:00:00+00:00,63518.5,63777.5,63281.8,63623.5,120.66973124
2026-08-17 12:00:00+00:00,63623.5,64221.5,63437.4,64192.0,298.08435039
2026-08-17 16:00:00+00:00,64197.0,64612.5,63976.3,64307.6,265.71744544
2026-08-17 20:00:00+00:00,64317.3,64577.7,64268.0,64531.9,105.3135352
2026-08-18 00:00:00+00:00,64532.0,64567.7,64025.8,64184.9,98.19219987
2026-08-18 04:00:00+00:00,64182.4,64448.2,64085.6,64197.8,135.91014
2026-08-18 08:00:00+00:00,64197.9,64399.6,64085.0,64347.3,104.86005733
2026-08-18 12:00:00+00:00,64347.3,65050.0,64042.4,64844.6,205.1831926
2026-08-18 16:00:00+00:00,64851.2,64887.0,64650.0,64650.0,96.63802705
2026-08-18 20:00:00+00:00,64648.3,64779.9,64564.3,64725.3,64.98690581
2026-08-19 00:00:00+00:00,64725.4,64736.9,64288.5,64329.7,81.02842921925146
2026-08-19 04:00:00+00:00,64329.6,64409.9,64167.6,64300.0,112.10547374
2026-08-19 08:00:00+00:00,64300.1,64531.1,64251.8,64508.6,180.35691448528166
2026-08-19 12:00:00+00:00,64508.6,69600.0,64472.1,68545.6,936.96453639
2026-08-19 16:00:00+00:00,68536.6,68996.0,67824.0,68425.0,351.86937484
2026-08-19 20:00:00+00:00,68425.0,70059.9,68381.5,69339.1,478.2772047
2026-08-20 00:00:00+00:00,69333.5,69878.4,68906.1,69188.9,188.08749888112658
2026-08-20 04:00:00+00:00,69189.0,70013.0,69162.5,69821.8,171.47437716
2026-08-20 08:00:00+00:00,69821.7,72484.6,69784.8,71924.0,670.8232388464106
2026-08-20 12:00:00+00:00,71924.0,72834.7,71137.1,72469.0,558.306019538833
2026-08-20 16:00:00+00:00,72466.0,72969.8,72211.1,72687.7,280.321469056098
2026-08-20 20:00:00+00:00,72687.7,73400.0,72503.3,73022.7,259.82550905
2026-08-21 00:00:00+00:00,73023.1,75782.2,73023.1,74509.8,530.3494841803855
2026-08-21 04:00:00+00:00,74513.7,76899.9,74513.7,76330.0,383.63091741052506
2026-08-21 08:00:00+00:00,76326.0,79493.8,76270.6,76737.1,853.5412079807438
2026-08-21 12:00:00+00:00,76743.8,77851.0,76249.1,77220.8,416.76455232073897
2026-08-21 16:00:00+00:00,77217.0,77701.6,76616.3,77028.6,300.6397806244686
2026-08-21 20:00:00+00:00,77028.6,78756.0,76864.2,78334.2,321.2759660067343
2026-08-22 00:00:00+00:00,78334.3,78816.1,77692.7,78399.3,297.57759766714844
2026-08-22 04:00:00+00:00,78399.4,78805.2,76486.5,77278.2,574.8741745202324
2026-08-22 08:00:00+00:00,77279.1,77427.7,76527.1,77111.1,328.86484689
2026-08-22 12:00:00+00:00,77111.0,77367.3,76877.0,76974.8,289.5147465
2026-08-22 16:00:00+00:00,76974.8,77546.7,76958.6,77415.4,268.10621738
2026-08-22 20:00:00+00:00,77415.4,77452.0,76769.9,77067.6,224.4384607822105
2026-08-23 00:00:00+00:00,77067.6,77391.5,76847.4,76932.7,141.42599864
2026-08-23 04:00:00+00:00,76932.8,77026.3,75558.0,75993.7,295.72809267
2026-08-23 08:00:00+00:00,75993.9,77371.6,75939.2,77301.8,249.9722713
2026-08-23 12:00:00+00:00,77301.9,77752.6,76802.5,77161.8,227.2587139203154
2026-08-23 16:00:00+00:00,77161.9,77480.4,77112.0,77341.0,151.71391142
2026-08-23 20:00:00+00:00,77340.9,78054.6,77204.4,77729.5,190.78744033
2026-08-24 00:00:00+00:00,77730.5,77742.7,76882.8,76935.0,234.00862653
2026-08-24 04:00:00+00:00,76935.1,77788.4,76674.1,77302.5,212.36700436
2026-08-24 08:00:00+00:00,77302.6,78586.1,76840.5,78438.0,320.34183628250014
2026-08-24 12:00:00+00:00,78438.1,80000.0,77887.3,79089.7,606.62678025
2026-08-24 16:00:00+00:00,79085.1,79862.7,78462.2,78754.4,383.44161512
2026-08-24 20:00:00+00:00,78763.1,79035.2,78564.0,78982.9,130.6318451388259
2026-08-25 00:00:00+00:00,78981.9,81269.4,78725.6,80481.0,393.83237698
2026-08-25 04:00:00+00:00,80480.9,80906.2,79322.8,79706.9,281.60065197057224
2026-08-25 08:00:00+00:00,79706.9,80242.2,78891.4,79111.7,254.31766584
2026-08-25 12:00:00+00:00,79111.7,79520.4,78124.7,79509.3,426.4555140754857
2026-08-25 16:00:00+00:00,79509.3,79562.6,78732.0,78922.9,292.59465640989424
2026-08-25 20:00:00+00:00,78927.6,78994.3,77859.3,78521.7,336.31714055
2026-08-26 00:00:00+00:00,78542.0,79229.6,78314.0,79092.9,240.96550911
2026-08-26 04:00:00+00:00,79092.8,79193.3,78645.0,78929.2,215.23784095
2026-08-26 08:00:00+00:00,78929.3,79108.7,78248.0,78485.1,210.46916275
2026-08-26 12:00:00+00:00,78485.1,78698.9,77641.0,77996.7,562.72785015
2026-08-26 16:00:00+00:00,77996.9,78648.9,77859.6,78459.3,375.7714549088853
2026-08-26 20:00:00+00:00,78459.3,79163.1,78202.4,79012.1,208.30269941
2026-08-27 00:00:00+00:00,79012.1,79019.1,78567.8,78822.6,217.2705433
2026-08-27 04:00:00+00:00,78822.5,79084.8,78607.4,79082.9,124.72161652
2026-08-27 08:00:00+00:00,79082.8,80510.5,79043.2,79473.5,474.61439521342385
2026-08-27 12:00:00+00:00,79473.4,80791.0,78926.6,80311.8,528.3481523878162
2026-08-27 16:00:00+00:00,80311.8,80840.6,79761.9,79907.7,534.1229895900757
2026-08-27 20:00:00+00:00,79907.8,80429.3,79886.6,80248.5,296.88637446
2026-08-28 00:00:00+00:00,80248.5,81469.0,79724.3,79825.1,497.74111438
2026-08-28 04:00:00+00:00,79811.4,79981.9,79571.6,79662.0,255.93107565
2026-08-28 08:00:00+00:00,79662.1,79828.9,79010.1,79597.5,477.3656138922055
2026-08-28 12:00:00+00:00,79597.5,79799.7,78324.5,78328.9,945.5323118195698
2026-08-28 16:00:00+00:00,78328.8,78388.0,76880.9,77569.1,688.98235645
2026-08-28 20:00:00+00:00,77570.9,77836.5,77253.0,77836.5,219.06934441659442
2026-08-29 00:00:00+00:00,77836.5,77944.5,77515.5,77515.5,375.67691774
2026-08-29 04:00:00+00:00,77515.6,77702.4,77390.0,77626.1,330.23687279
2026-08-29 08:00:00+00:00,77626.0,77745.3,77483.6,77587.7,295.27324781
2026-08-29 12:00:00+00:00,77587.8,78148.3,77516.9,77852.5,143.790417369476
2026-08-29 16:00:00+00:00,77852.5,78331.1,77852.5,78180.2,189.34026337498824
2026-08-29 20:00:00+00:00,78180.2,78292.0,78066.1,78244.0,160.42193807
2026-08-30 00:00:00+00:00,78244.0,78315.2,77998.4,78144.4,196.0206599648134
2026-08-30 04:00:00+00:00,78144.4,78309.9,77993.1,78122.4,145.7291591943465
2026-08-30 08:00:00+00:00,78122.4,78224.8,77963.1,78155.4,181.7815344
2026-08-30 12:00:00+00:00,78155.5,78965.7,78155.5,78815.1,282.4716911937044
2026-08-30 16:00:00+00:00,78815.7,79393.5,78733.6,78857.5,285.93476913
2026-08-30 20:00:00+00:00,78857.6,78917.1,77019.1,77687.5,473.44736815
2026-08-31 00:00:00+00:00,77686.7,78164.7,77397.7,77748.3,659.62988135
2026-08-31 04:00:00+00:00,77748.3,78296.6,77471.3,78199.1,341.17326126
2026-08-31 08:00:00+00:00,78199.2,78796.1,77989.1,78305.9,358.30893644
2026-08-31 12:00:00+00:00,78305.8,78760.0,77703.4,78573.4,731.30055339
2026-08-31 16:00:00+00:00,78573.5,79246.9,78502.9,78892.9,380.18674090574586
2026-08-31 20:00:00+00:00,78893.0,79169.7,78406.7,78577.8,286.2200921
2026-09-01 00:00:00+00:00,78578.5,78892.8,78200.3,78678.3,348.55258193751297
2026-09-01 04:00:00+00:00,78678.3,79206.2,78508.5,78631.0,240.6411439694353
2026-09-01 08:00:00+00:00,78631.0,78651.6,77761.0,78090.7,444.46746333
2026-09-01 12:00:00+00:00,78090.7,78417.1,77520.0,77924.3,727.8454240729787
2026-09-01 16:00:00+00:00,77924.2,77966.0,76423.2,77301.6,406.88845856
2026-09-01 20:00:00+00:00,77301.6,77609.7,76920.6,77431.0,189.25429083
2026-09-02 00:00:00+00:00,77431.1,77757.6,76722.1,77541.0,565.65586982
2026-09-02 04:00:00+00:00,77541.0,77736.0,77297.9,77467.7,388.64119077
2026-09-02 08:00:00+00:00,77467.7,77525.6,76271.4,76828.6,348.7230887706076
2026-09-02 12:00:00+00:00,76828.6,77455.4,76615.0,77272.6,551.00602539
2026-09-02 16:00:00+00:00,77274.9,77554.2,76956.2,77323.8,356.36071575
2026-09-02 20:00:00+00:00,77323.8,77491.3,77010.4,77323.2,274.12641384596037
2026-09-03 00:00:00+00:00,77323.3,77878.5,76972.0,77709.3,490.414806248456
2026-09-03 04:00:00+00:00,77709.4,78172.2,77106.4,77655.2,331.7808739751978
2026-09-03 08:00:00+00:00,77655.3,78052.8,77494.3,77952.2,329.02835181
2026-09-03 12:00:00+00:00,77951.8,81360.9,77893.8,81343.2,582.6649395451709
2026-09-03 16:00:00+00:00,81343.3,81784.4,80634.0,81745.6,588.4049771366617
2026-09-03 20:00:00+00:00,81748.5,82271.5,80907.2,81273.6,644.4523238497467
2026-09-04 00:00:00+00:00,81272.7,81419.1,80679.4,80855.3,637.96704349
2026-09-04 04:00:00+00:00,80855.2,81271.2,80594.7,80651.2,457.4070701
2026-09-04 08:00:00+00:00,80651.2,81397.6,80513.9,81219.5,576.05359229
2026-09-04 12:00:00+00:00,81219.7,81335.4,78659.3,79415.4,1071.95962834
2026-09-04 16:00:00+00:00,79415.3,79862.9,79347.7,79780.2,347.57978791
2026-09-04 20:00:00+00:00,79791.0,79853.6,79519.9,79652.7,187.6234888
