ts,open,high,low,close,volume
2019-06-19 00:00:00+00:00,48.0,48.0,33.444,35.125,54149.85561964
2019-06-20 00:00:00+00:00,35.123,37.95,33.726,36.774,49298.45259147
2019-06-21 00:00:00+00:00,36.694,39.192,36.2,38.75,1638.37686696
2019-06-22 00:00:00+00:00,38.625,39.965,37.5,38.157,5512.06035486
2019-06-23 00:00:00+00:00,38.157,38.504,37.251,37.5,671.60319546
2019-06-24 00:00:00+00:00,37.5,38.2,36.001,37.2,483.07663294
2019-06-25 00:00:00+00:00,37.428,37.494,35.965,36.152,874.06546621
2019-06-26 00:00:00+00:00,36.206,38.099,34.251,35.965,1599.22465628
2019-06-27 00:00:00+00:00,35.877,36.206,33.313,34.337,1485.4722
2019-06-28 00:00:00+00:00,34.241,35.28,33.941,34.56,1859.08415056
2019-06-29 00:00:00+00:00,34.459,35.724,33.37,35.587,2116.55415874
2019-06-30 00:00:00+00:00,35.608,35.666,32.128,32.129,1960.51273202
2019-07-01 00:00:00+00:00,32.129,34.034,31.597,33.257,2035.84409578
2019-07-02 00:00:00+00:00,33.209,33.832,30.552,31.889,2401.2035108
2019-07-03 00:00:00+00:00,31.93,32.946,31.705,32.492,1891.5335869
2019-07-04 00:00:00+00:00,32.526,34.459,32.2,33.065,2013.64550127
2019-07-05 00:00:00+00:00,32.946,33.5,32.4,32.598,1422.99457406
2019-07-06 00:00:00+00:00,32.748,33.242,32.583,32.646,1045.26217094
2019-07-07 00:00:00+00:00,32.582,33.4,32.326,32.988,1204.99767945
2019-07-08 00:00:00+00:00,32.859,34.199,32.748,33.375,1552.42857116
2019-07-09 00:00:00+00:00,33.37,33.872,32.307,32.577,1471.74672222
2019-07-10 00:00:00+00:00,32.577,32.896,30.552,31.268,2713.67448818
2019-07-11 00:00:00+00:00,31.122,31.734,28.476,29.361,2740.36839509
2019-07-12 00:00:00+00:00,29.374,32.686,29.039,31.996,3729.66887549
2019-07-13 00:00:00+00:00,31.96,32.425,30.161,31.469,2789.40877425
2019-07-14 00:00:00+00:00,31.489,31.489,28.297,28.541,2106.81043833
2019-07-15 00:00:00+00:00,28.491,28.749,26.42,28.541,2887.33878298
2019-07-16 00:00:00+00:00,28.564,29.507,24.862,25.045,2193.92764218
2019-07-17 00:00:00+00:00,25.13,28.089,24.059,27.532,2170.26867093
2019-07-18 00:00:00+00:00,27.573,29.582,26.91,29.1,3010.04347589
2019-07-19 00:00:00+00:00,29.094,30.139,28.338,29.001,1174.19796983
2019-07-20 00:00:00+00:00,29.006,31.489,28.989,31.048,3149.31029916
2019-07-21 00:00:00+00:00,30.918,31.479,29.43,30.322,1672.96875259
2019-07-22 00:00:00+00:00,30.349,32.448,29.897,30.816,3536.04095674
2019-07-23 00:00:00+00:00,30.775,30.775,29.061,29.33,2750.86896935
2019-07-24 00:00:00+00:00,29.287,29.307,27.835,28.99,1058.8702
2019-07-25 00:00:00+00:00,28.99,31.001,28.453,28.868,1139.59242722
2019-07-26 00:00:00+00:00,28.823,29.241,28.245,28.877,800.3946114
2019-07-27 00:00:00+00:00,28.775,29.32,27.279,27.755,1522.13453184
2019-07-28 00:00:00+00:00,27.653,27.922,26.64,27.743,1263.40865878
2019-07-29 00:00:00+00:00,27.653,27.965,26.855,27.028,1559.5043
2019-07-30 00:00:00+00:00,26.938,27.159,26.249,26.767,1923.10501553
2019-07-31 00:00:00+00:00,26.782,27.899,26.721,27.652,1832.04036734
2019-08-01 00:00:00+00:00,27.589,28.8,27.41,28.64,2570.62834808
2019-08-02 00:00:00+00:00,28.616,28.67,27.619,28.061,2111.60515569
2019-08-03 00:00:00+00:00,27.986,28.295,27.37,27.74,1666.06478628
2019-08-04 00:00:00+00:00,27.74,27.916,26.7,27.363,1006.53870993
2019-08-05 00:00:00+00:00,27.357,28.247,27.296,27.866,1242.94465596
2019-08-06 00:00:00+00:00,27.935,28.4,27.313,27.58,1447.71068276
2019-08-07 00:00:00+00:00,27.551,30.0,27.321,29.702,3099.49487014
2019-08-08 00:00:00+00:00,29.702,31.79,29.284,31.336,2140.37651583
2019-08-09 00:00:00+00:00,31.336,31.45,29.547,29.85,2389.32221014
2019-08-10 00:00:00+00:00,29.876,29.979,29.081,29.576,1308.49802209
2019-08-11 00:00:00+00:00,29.57,30.347,29.337,30.191,1312.26643735
2019-08-12 00:00:00+00:00,30.193,30.499,29.81,30.228,810.10844341
2019-08-13 00:00:00+00:00,30.228,30.387,29.083,29.387,1169.84089288
2019-08-14 00:00:00+00:00,29.36,29.484,26.766,26.851,1471.2347122
2019-08-15 00:00:00+00:00,26.938,28.261,25.118,28.055,2318.45573067
2019-08-16 00:00:00+00:00,28.163,28.163,26.735,27.444,1603.1046
2019-08-17 00:00:00+00:00,27.438,27.872,26.929,27.38,932.6104437
2019-08-18 00:00:00+00:00,27.448,28.133,27.101,27.892,772.18669208
2019-08-19 00:00:00+00:00,27.887,29.246,27.767,28.834,1006.07730107
2019-08-20 00:00:00+00:00,28.737,28.748,27.434,28.041,1788.33047194
2019-08-21 00:00:00+00:00,28.053,28.053,26.346,26.873,1199.33199594
2019-08-22 00:00:00+00:00,26.943,27.3,26.301,26.938,681.74526653
2019-08-23 00:00:00+00:00,26.929,27.142,26.764,26.859,2390.22810612
2019-08-24 00:00:00+00:00,26.859,26.966,25.988,26.227,603.81455041
2019-08-25 00:00:00+00:00,26.227,26.33,25.659,26.041,2104.29171651
2019-08-26 00:00:00+00:00,26.075,27.142,25.8,26.206,2160.35028691
2019-08-27 00:00:00+00:00,26.1,26.1,24.786,25.611,1349.97414896
2019-08-28 00:00:00+00:00,25.611,26.075,23.383,23.409,2186.00732018
2019-08-29 00:00:00+00:00,23.408,23.408,21.271,21.746,1578.04621902
2019-08-30 00:00:00+00:00,21.741,22.515,21.463,22.206,973.7901
2019-08-31 00:00:00+00:00,22.143,22.44,20.944,21.15,665.8473462
2019-09-01 00:00:00+00:00,21.142,21.643,21.013,21.493,495.1758
2019-09-02 00:00:00+00:00,21.411,22.789,21.11,22.608,1176.11122773
2019-09-03 00:00:00+00:00,22.733,22.875,22.166,22.39,776.52897359
2019-09-04 00:00:00+00:00,22.4,22.53,21.513,21.722,1066.66746709
2019-09-05 00:00:00+00:00,21.59,23.503,21.331,22.66,1150.09303698
2019-09-06 00:00:00+00:00,22.645,23.422,21.766,22.105,3496.50414453
2019-09-07 00:00:00+00:00,22.105,22.63,21.983,22.413,830.90389645
2019-09-08 00:00:00+00:00,22.367,22.7,22.021,22.462,432.42204628
2019-09-09 00:00:00+00:00,22.341,22.4,21.83,22.125,1074.0905178
2019-09-10 00:00:00+00:00,22.107,22.27,21.559,21.765,292.73
2019-09-11 00:00:00+00:00,21.723,22.004,20.562,20.732,754.22851413
2019-09-12 00:00:00+00:00,20.603,20.923,18.0,20.812,3571.95208385
2019-09-13 00:00:00+00:00,20.84,21.15,20.431,20.785,1415.1077146
2019-09-14 00:00:00+00:00,20.823,21.115,20.697,20.938,896.4484
2019-09-15 00:00:00+00:00,20.945,21.044,20.35,20.35,933.2108941
2019-09-16 00:00:00+00:00,20.351,20.885,19.923,20.331,1368.06770553
2019-09-17 00:00:00+00:00,20.24,21.404,20.041,21.02,2095.70561776
2019-09-18 00:00:00+00:00,21.078,23.18,20.952,22.113,3885.01134275
2019-09-19 00:00:00+00:00,22.123,22.405,20.5,21.599,1876.05752492
2019-09-20 00:00:00+00:00,21.477,21.572,20.972,21.341,1388.43503677
2019-09-21 00:00:00+00:00,21.26,21.47,20.805,21.023,1511.33152581
2019-09-22 00:00:00+00:00,20.925,20.985,19.911,20.346,1572.46023172
2019-09-23 00:00:00+00:00,20.271,20.294,19.222,19.346,2088.89215954
2019-09-24 00:00:00+00:00,19.204,19.509,14.99,15.829,4496.17167129
2019-09-25 00:00:00+00:00,16.023,16.867,14.99,16.113,2762.94462984
2019-09-26 00:00:00+00:00,16.049,16.392,14.473,15.25,3620.41515235
2019-09-27 00:00:00+00:00,15.281,15.777,14.82,15.564,629.19222837
2019-09-28 00:00:00+00:00,15.675,28.6,15.341,15.769,2799.68995261
2019-09-29 00:00:00+00:00,15.739,15.77,14.916,15.249,1745.00367635
2019-09-30 00:00:00+00:00,15.213,15.79,14.65,15.79,959.27205249
2019-10-01 00:00:00+00:00,15.844,16.243,15.681,15.832,1319.21283602
2019-10-02 00:00:00+00:00,15.727,15.879,15.52,15.78,204.95967775
2019-10-03 00:00:00+00:00,15.869,15.88,15.279,15.7,529.5274
2019-10-04 00:00:00+00:00,15.61,15.827,15.212,15.69,333.9737
2019-10-05 00:00:00+00:00,15.626,15.758,15.409,15.633,197.00617328
2019-10-06 00:00:00+00:00,15.685,15.685,14.938,15.075,376.13785863
2019-10-07 00:00:00+00:00,15.06,16.123,14.9,16.123,1117.35900943
2019-10-08 00:00:00+00:00,16.107,16.448,15.812,16.001,483.2461139
2019-10-09 00:00:00+00:00,15.979,17.932,15.914,17.81,2506.81035084
2019-10-10 00:00:00+00:00,17.735,17.855,17.07,17.609,1060.64727275
2019-10-11 00:00:00+00:00,17.578,17.651,16.548,16.548,1010.48714007
2019-10-12 00:00:00+00:00,16.531,17.485,16.531,17.192,907.54652885
2019-10-13 00:00:00+00:00,17.192,18.751,17.151,18.232,2315.63988533
2019-10-14 00:00:00+00:00,18.212,18.565,17.9,18.434,2127.32277028
2019-10-15 00:00:00+00:00,18.501,19.1,18.1,18.53,1532.46934344
2019-10-16 00:00:00+00:00,18.576,18.64,17.352,17.735,3008.91414293
2019-10-17 00:00:00+00:00,17.736,18.814,17.443,18.5,1171.72546002
2019-10-18 00:00:00+00:00,18.43,18.691,17.71,18.141,1405.05161099
2019-10-19 00:00:00+00:00,18.128,18.421,17.765,18.128,1187.70641141
2019-10-20 00:00:00+00:00,18.055,18.554,17.764,18.447,524.14154938
2019-10-21 00:00:00+00:00,18.339,18.339,17.957,18.201,1206.50461741
2019-10-22 00:00:00+00:00,18.128,18.813,18.11,18.134,1125.52251506
2019-10-23 00:00:00+00:00,18.128,18.171,15.85,16.668,3949.15100185
2019-10-24 00:00:00+00:00,16.668,17.107,16.363,16.946,755.83759948
2019-10-25 00:00:00+00:00,16.942,19.083,16.747,18.61,2024.93797921
2019-10-26 00:00:00+00:00,18.61,19.709,18.055,18.894,3836.05358175
2019-10-27 00:00:00+00:00,18.836,19.555,18.502,19.197,955.06758492
2019-10-28 00:00:00+00:00,19.251,21.116,19.251,19.921,2127.31499565
2019-10-29 00:00:00+00:00,19.921,21.187,19.921,20.686,2743.17726258
2019-10-30 00:00:00+00:00,20.74,20.783,19.144,20.024,1558.45567627
2019-10-31 00:00:00+00:00,20.048,20.31,19.4,19.893,1332.3011201
2019-11-01 00:00:00+00:00,19.921,20.0,19.659,19.978,400.74328507
2019-11-02 00:00:00+00:00,20.0,20.262,19.98,20.115,581.87134822
2019-11-03 00:00:00+00:00,20.24,20.353,19.795,20.098,2585.91584231
2019-11-04 00:00:00+00:00,20.147,20.795,20.089,20.665,538.03253383
2019-11-05 00:00:00+00:00,20.603,20.869,20.316,20.709,788.10845025
2019-11-06 00:00:00+00:00,20.63,20.899,20.459,20.733,1940.41185925
2019-11-07 00:00:00+00:00,20.632,20.795,19.965,20.386,641.74098496
2019-11-08 00:00:00+00:00,20.393,20.486,19.305,19.643,1016.32787215
2019-11-09 00:00:00+00:00,19.643,19.96,19.5,19.789,418.33835246
2019-11-10 00:00:00+00:00,19.7,20.623,19.7,20.43,1099.41654749
2019-11-11 00:00:00+00:00,20.43,20.579,19.744,20.105,451.6123
2019-11-12 00:00:00+00:00,20.101,20.92,20.0,20.911,871.88353699
2019-11-13 00:00:00+00:00,20.959,21.825,20.66,21.371,1840.82134519
2019-11-14 00:00:00+00:00,21.361,21.624,20.77,21.308,1753.24926562
2019-11-15 00:00:00+00:00,21.242,21.306,20.002,20.343,1883.75646488
2019-11-16 00:00:00+00:00,20.245,20.565,19.933,20.114,908.86803395
2019-11-17 00:00:00+00:00,20.188,20.383,19.758,20.152,1441.61382375
2019-11-18 00:00:00+00:00,20.162,20.164,18.657,19.095,1610.47267961
2019-11-19 00:00:00+00:00,19.084,19.238,18.173,18.464,1767.93375557
2019-11-20 00:00:00+00:00,18.461,18.766,17.839,18.061,771.9465
2019-11-21 00:00:00+00:00,18.03,18.182,16.33,16.772,6256.16055329
2019-11-22 00:00:00+00:00,16.785,17.289,14.349,15.504,5352.86878584
2019-11-23 00:00:00+00:00,15.382,16.291,14.99,16.225,3630.40412696
2019-11-24 00:00:00+00:00,16.225,16.447,14.95,14.95,3720.04854902
2019-11-25 00:00:00+00:00,15.038,15.74,13.912,15.168,3719.66584068
2019-11-26 00:00:00+00:00,15.134,15.863,15.018,15.35,1446.14645656
2019-11-27 00:00:00+00:00,15.328,16.211,14.636,16.069,3669.182602
2019-11-28 00:00:00+00:00,16.051,16.14,15.48,15.512,1192.47384648
2019-11-29 00:00:00+00:00,15.48,16.304,15.48,16.2,1620.45707926
2019-11-30 00:00:00+00:00,16.215,16.264,15.48,15.706,813.32790374
2019-12-01 00:00:00+00:00,15.692,15.692,14.96,15.441,1221.26011022
2019-12-02 00:00:00+00:00,15.465,15.578,15.058,15.173,590.08045147
2019-12-03 00:00:00+00:00,15.177,15.397,15.06,15.27,446.2494
2019-12-04 00:00:00+00:00,15.222,15.892,14.795,15.164,2380.99571661
2019-12-05 00:00:00+00:00,15.062,15.704,14.83,15.637,1505.82639766
2019-12-06 00:00:00+00:00,15.573,15.675,15.3,15.661,1010.79455883
2019-12-07 00:00:00+00:00,15.663,15.785,15.525,15.577,725.77339892
2019-12-08 00:00:00+00:00,15.571,15.706,15.361,15.619,741.88861227
2019-12-09 00:00:00+00:00,15.66,15.894,15.166,15.307,1372.97860441
2019-12-10 00:00:00+00:00,15.326,15.329,14.601,14.833,1043.28844623
2019-12-11 00:00:00+00:00,14.825,14.971,14.622,14.736,1018.97809643
2019-12-12 00:00:00+00:00,14.775,14.8,14.377,14.72,2027.96074678
2019-12-13 00:00:00+00:00,14.723,14.96,14.679,14.831,1351.59827335
2019-12-14 00:00:00+00:00,14.82,14.949,14.234,14.392,1226.8565
2019-12-15 00:00:00+00:00,14.337,14.465,14.153,14.392,1087.87178003
2019-12-16 00:00:00+00:00,14.413,14.413,13.288,13.467,2073.3322
2019-12-17 00:00:00+00:00,13.455,13.474,12.15,12.33,3051.92726404
2019-12-18 00:00:00+00:00,12.349,13.701,12.216,13.602,4449.79752019
2019-12-19 00:00:00+00:00,13.602,13.761,12.982,13.335,2792.18255836
2019-12-20 00:00:00+00:00,13.344,13.517,13.103,13.508,1556.5352
2019-12-21 00:00:00+00:00,13.508,13.508,13.289,13.289,627.90396456
2019-12-22 00:00:00+00:00,13.274,13.761,13.274,13.761,668.88011322
2019-12-23 00:00:00+00:00,13.809,13.984,13.242,13.279,1843.1994332
2019-12-24 00:00:00+00:00,13.302,13.591,13.249,13.352,981.18358916
2019-12-25 00:00:00+00:00,13.343,13.361,12.939,13.02,1450.7223
2019-12-26 00:00:00+00:00,13.053,13.514,13.041,13.159,609.66629825
2019-12-27 00:00:00+00:00,13.16,13.264,12.948,13.241,910.43068017
2019-12-28 00:00:00+00:00,13.343,13.71,13.343,13.685,819.48809341
2019-12-29 00:00:00+00:00,13.67,14.175,13.588,14.086,1516.69338887
2019-12-30 00:00:00+00:00,14.071,14.347,13.793,13.845,782.193
2019-12-31 00:00:00+00:00,13.821,14.016,13.628,13.669,1167.75610142
2020-01-01 00:00:00+00:00,13.701,13.865,13.643,13.705,450.89020486
2020-01-02 00:00:00+00:00,13.669,13.696,12.97,13.012,1179.98636182
2020-01-03 00:00:00+00:00,13.012,13.741,13.0,13.643,1654.52375044
2020-01-04 00:00:00+00:00,13.64,13.842,13.5,13.773,2237.6594786
2020-01-05 00:00:00+00:00,13.806,14.316,13.804,13.975,2704.77510287
2020-01-06 00:00:00+00:00,14.023,15.076,14.023,14.906,3133.6794
2020-01-07 00:00:00+00:00,15.017,15.197,14.491,14.925,6166.64802946
2020-01-08 00:00:00+00:00,15.028,15.27,14.2,14.539,2437.37287432
2020-01-09 00:00:00+00:00,14.471,14.546,14.2,14.387,2743.1531
2020-01-10 00:00:00+00:00,14.443,15.068,14.132,15.025,2277.88091151
2020-01-11 00:00:00+00:00,15.005,15.301,14.75,14.909,2047.46980639
2020-01-12 00:00:00+00:00,14.901,15.441,14.84,15.29,925.65068128
2020-01-13 00:00:00+00:00,15.328,15.338,14.959,15.172,1874.23886518
2020-01-14 00:00:00+00:00,15.194,24.0,15.194,16.679,5860.53538872
2020-01-15 00:00:00+00:00,16.575,18.184,16.273,17.666,11217.75735918
2020-01-16 00:00:00+00:00,17.628,17.628,16.376,17.078,7525.68014297
2020-01-17 00:00:00+00:00,17.082,18.461,17.06,18.069,3121.4857348
2020-01-18 00:00:00+00:00,18.059,18.383,17.5,17.872,1994.77526757
2020-01-19 00:00:00+00:00,17.831,18.456,16.697,17.404,3417.89308401
2020-01-20 00:00:00+00:00,17.325,17.548,16.834,17.34,1853.44105945
2020-01-21 00:00:00+00:00,17.34,18.167,17.232,18.104,1313.06896616
2020-01-22 00:00:00+00:00,18.093,18.409,17.581,17.795,831.09687895
2020-01-23 00:00:00+00:00,17.818,17.832,16.789,17.052,1903.58986622
2020-01-24 00:00:00+00:00,16.984,17.421,16.477,17.071,1391.21966377
2020-01-25 00:00:00+00:00,17.063,17.103,16.615,16.931,649.9095207
2020-01-26 00:00:00+00:00,16.92,17.457,16.857,17.457,862.47417446
2020-01-27 00:00:00+00:00,17.487,17.879,17.249,17.653,1354.38914715
2020-01-28 00:00:00+00:00,17.65,18.116,17.486,18.116,1625.71789107
2020-01-29 00:00:00+00:00,18.063,18.396,17.83,17.876,2545.2279
2020-01-30 00:00:00+00:00,17.833,18.719,17.706,18.593,1863.61231165
2020-01-31 00:00:00+00:00,18.527,18.832,17.836,18.223,2637.21792544
2020-02-01 00:00:00+00:00,18.242,18.578,18.018,18.242,1525.51295711
2020-02-02 00:00:00+00:00,18.193,18.781,17.876,18.407,1991.0639604
2020-02-03 00:00:00+00:00,18.397,18.832,18.204,18.443,2562.89996808
2020-02-04 00:00:00+00:00,18.44,18.563,17.895,18.144,1666.59641712
2020-02-05 00:00:00+00:00,18.193,19.42,18.168,19.221,4596.95886566
2020-02-06 00:00:00+00:00,19.233,20.803,19.052,20.687,4484.00246745
2020-02-07 00:00:00+00:00,20.635,22.489,20.558,22.08,7572.93304901
2020-02-08 00:00:00+00:00,22.053,22.25,20.612,21.79,5030.90995176
2020-02-09 00:00:00+00:00,21.818,25.84,21.813,24.335,6338.64441901
2020-02-10 00:00:00+00:00,24.354,26.0,23.358,25.137,14088.04000884
2020-02-11 00:00:00+00:00,25.164,25.735,24.168,25.735,7595.77480289
2020-02-12 00:00:00+00:00,25.735,27.0,25.1,26.416,5163.67751557
2020-02-13 00:00:00+00:00,26.381,27.093,24.663,25.428,7074.1205413
2020-02-14 00:00:00+00:00,25.499,27.599,25.066,26.336,2139.48443933
2020-02-15 00:00:00+00:00,26.381,26.423,23.56,24.181,3628.28611892
2020-02-16 00:00:00+00:00,24.004,25.186,21.83,23.318,3176.93129582
2020-02-17 00:00:00+00:00,23.296,23.565,21.604,23.565,2536.16187742
2020-02-18 00:00:00+00:00,23.395,24.425,22.837,24.018,1484.34892232
2020-02-19 00:00:00+00:00,24.0,24.289,21.82,22.31,3577.82941627
2020-02-20 00:00:00+00:00,22.241,22.637,21.039,22.187,1906.21294496
2020-02-21 00:00:00+00:00,22.115,22.848,21.796,22.129,1550.63744768
2020-02-22 00:00:00+00:00,22.196,22.284,21.501,21.897,1111.47537029
2020-02-23 00:00:00+00:00,21.97,23.0,21.97,22.865,2193.522
2020-02-24 00:00:00+00:00,22.857,23.222,21.499,22.057,1594.02486282
2020-02-25 00:00:00+00:00,21.907,21.908,20.163,20.344,3055.0658295
2020-02-26 00:00:00+00:00,20.287,20.464,18.0,18.703,6442.57513224
2020-02-27 00:00:00+00:00,18.713,19.622,17.724,19.123,3454.47059481
2020-02-28 00:00:00+00:00,19.115,19.727,17.943,19.023,3096.63197934
2020-02-29 00:00:00+00:00,18.972,20.263,18.828,19.292,1965.60961235
2020-03-01 00:00:00+00:00,19.212,20.897,18.555,18.933,1451.947736
2020-03-02 00:00:00+00:00,18.835,20.07,18.823,19.918,2428.00956016
2020-03-03 00:00:00+00:00,19.741,20.308,19.341,19.624,3234.52788796
2020-03-04 00:00:00+00:00,19.686,20.239,19.548,19.982,3077.78954984
2020-03-05 00:00:00+00:00,19.958,21.408,19.958,20.752,2984.91625305
2020-03-06 00:00:00+00:00,20.752,21.689,20.713,21.321,3547.19361496
2020-03-07 00:00:00+00:00,21.379,21.393,19.741,20.239,1207.2367118
2020-03-08 00:00:00+00:00,20.111,21.32,16.77,16.911,4260.1965349
2020-03-09 00:00:00+00:00,17.01,17.443,15.659,16.569,3512.31764515
2020-03-10 00:00:00+00:00,16.571,17.422,16.363,16.857,3060.65251148
2020-03-11 00:00:00+00:00,16.826,17.115,15.469,16.571,2201.73113752
2020-03-12 00:00:00+00:00,16.594,16.594,8.893,9.239,16881.41504878
2020-03-13 00:00:00+00:00,9.27,11.482,6.475,10.902,20288.52152095
2020-03-14 00:00:00+00:00,10.847,11.252,9.938,10.24,4554.6695
2020-03-15 00:00:00+00:00,10.061,11.211,9.988,10.375,3702.53385095
2020-03-16 00:00:00+00:00,10.358,10.358,8.45,9.385,9094.55046622
2020-03-17 00:00:00+00:00,9.455,10.461,9.334,10.277,8655.37046621
2020-03-18 00:00:00+00:00,10.289,10.738,9.7,10.333,3453.23942359
2020-03-19 00:00:00+00:00,10.398,12.67,10.25,12.254,6630.33351582
2020-03-20 00:00:00+00:00,12.359,13.599,10.465,11.889,8449.3736
2020-03-21 00:00:00+00:00,11.911,12.361,11.29,12.044,3329.66834518
2020-03-22 00:00:00+00:00,12.058,12.454,11.033,11.141,2143.87605969
2020-03-23 00:00:00+00:00,11.033,12.378,10.885,12.17,3050.94087904
2020-03-24 00:00:00+00:00,12.257,12.567,11.914,12.436,6168.01851443
2020-03-25 00:00:00+00:00,12.395,12.709,12.077,12.338,1736.1360525
2020-03-26 00:00:00+00:00,12.359,13.25,12.079,13.25,2297.60086134
2020-03-27 00:00:00+00:00,13.188,13.321,12.154,12.292,3232.44780366
2020-03-28 00:00:00+00:00,12.246,12.358,11.638,12.179,2863.76823908
2020-03-29 00:00:00+00:00,12.21,12.21,11.28,11.305,2123.21652976
2020-03-30 00:00:00+00:00,11.285,12.426,11.264,12.134,3076.8109732
2020-03-31 00:00:00+00:00,12.113,12.701,12.113,12.549,2585.82043073
2020-04-01 00:00:00+00:00,12.525,12.734,11.995,12.693,1974.06085696
2020-04-02 00:00:00+00:00,12.738,13.702,12.562,13.057,9464.564971
2020-04-03 00:00:00+00:00,12.987,13.577,12.901,13.363,1679.46222334
2020-04-04 00:00:00+00:00,13.379,14.012,13.186,13.756,3780.29768475
2020-04-05 00:00:00+00:00,13.795,13.936,13.42,13.649,1749.54122154
2020-04-06 00:00:00+00:00,13.65,15.202,13.65,15.16,2841.0407401
2020-04-07 00:00:00+00:00,15.202,15.5,14.27,14.708,2813.63007722
2020-04-08 00:00:00+00:00,14.714,15.333,14.547,15.077,6560.7810874
2020-04-09 00:00:00+00:00,15.05,15.189,14.614,15.019,1990.859686
2020-04-10 00:00:00+00:00,14.907,15.061,13.496,13.712,6772.26866366
2020-04-11 00:00:00+00:00,13.712,14.064,13.555,13.767,2183.62707825
2020-04-12 00:00:00+00:00,13.828,14.831,13.653,14.244,3154.3682926
2020-04-13 00:00:00+00:00,14.244,15.026,13.622,15.026,13949.11939595
2020-04-14 00:00:00+00:00,15.026,15.972,14.795,15.561,6838.80594399
2020-04-15 00:00:00+00:00,15.504,15.878,14.499,14.592,5080.92316184
2020-04-16 00:00:00+00:00,14.546,15.718,14.122,15.703,3685.5720271
2020-04-17 00:00:00+00:00,15.721,15.921,15.258,15.602,4444.97568889
2020-04-18 00:00:00+00:00,15.675,16.835,15.675,16.601,1829.87505285
2020-04-19 00:00:00+00:00,16.572,16.623,15.871,16.011,1548.36202938
2020-04-20 00:00:00+00:00,16.014,16.414,14.857,14.976,3125.73563228
2020-04-21 00:00:00+00:00,14.941,15.419,14.734,15.085,2315.89901244
2020-04-22 00:00:00+00:00,15.088,15.784,14.94,15.69,1279.02331829
2020-04-23 00:00:00+00:00,15.692,16.435,15.422,16.01,1612.61400225
2020-04-24 00:00:00+00:00,16.077,16.255,15.708,15.885,1888.94051365
2020-04-25 00:00:00+00:00,15.839,16.387,15.796,16.218,1535.87609297
2020-04-26 00:00:00+00:00,16.22,16.424,16.06,16.377,1067.5465
2020-04-27 00:00:00+00:00,16.38,16.555,16.077,16.387,1343.87285003
2020-04-28 00:00:00+00:00,16.387,16.448,16.152,16.335,2008.76233595
2020-04-29 00:00:00+00:00,16.381,17.51,16.3,17.387,5755.06679038
2020-04-30 00:00:00+00:00,17.353,18.11,16.507,17.009,5923.876675
2020-05-01 00:00:00+00:00,17.0,19.142,16.977,17.427,6455.84923541
2020-05-02 00:00:00+00:00,17.429,17.58,17.297,17.512,786.02535362
2020-05-03 00:00:00+00:00,17.502,17.795,16.887,17.052,1943.87278022
2020-05-04 00:00:00+00:00,17.056,17.275,16.29,17.009,2527.35315318
2020-05-05 00:00:00+00:00,17.0,17.275,16.632,16.873,1545.03172335
2020-05-06 00:00:00+00:00,16.867,17.122,16.323,16.335,2507.58503224
2020-05-07 00:00:00+00:00,16.311,17.258,16.173,16.962,2882.99761749
2020-05-08 00:00:00+00:00,16.965,17.398,16.83,17.126,2799.41944727
2020-05-09 00:00:00+00:00,17.121,17.471,16.8,16.8,1356.53894374
2020-05-10 00:00:00+00:00,16.769,16.775,13.961,15.351,4114.58855686
2020-05-11 00:00:00+00:00,15.315,15.537,14.083,15.084,4499.59571353
2020-05-12 00:00:00+00:00,15.041,16.214,14.979,15.755,5244.77276884
2020-05-13 00:00:00+00:00,15.818,16.347,15.706,16.15,1503.48389635
2020-05-14 00:00:00+00:00,16.231,16.658,16.039,16.379,2972.95280787
2020-05-15 00:00:00+00:00,16.403,16.464,15.575,15.671,3518.77098395
2020-05-16 00:00:00+00:00,15.659,16.214,15.582,16.039,853.75878226
2020-05-17 00:00:00+00:00,16.031,16.5,16.031,16.271,2447.4886467
2020-05-18 00:00:00+00:00,16.268,16.85,16.256,16.629,1570.21201312
2020-05-19 00:00:00+00:00,16.601,17.237,16.317,17.213,2030.23820616
2020-05-20 00:00:00+00:00,17.193,17.326,16.517,16.853,2605.50513595
2020-05-21 00:00:00+00:00,16.861,17.036,15.753,16.065,2276.0019967
2020-05-22 00:00:00+00:00,16.037,16.844,15.941,16.571,1633.52455203
2020-05-23 00:00:00+00:00,16.579,16.835,16.337,16.466,599.03200292
2020-05-24 00:00:00+00:00,16.448,16.758,15.95,15.95,2239.84352891
2020-05-25 00:00:00+00:00,15.949,16.406,15.836,16.354,2976.67366838
2020-05-26 00:00:00+00:00,16.355,16.462,15.969,16.186,1111.88986116
2020-05-27 00:00:00+00:00,16.247,16.532,16.17,16.422,1066.15688757
2020-05-28 00:00:00+00:00,16.484,17.132,16.402,17.104,1098.70490987
2020-05-29 00:00:00+00:00,17.097,17.176,16.658,17.013,1101.38628508
2020-05-30 00:00:00+00:00,16.997,17.77,16.938,17.737,1989.6258222
2020-05-31 00:00:00+00:00,17.738,18.139,16.885,17.093,2337.93558595
2020-06-01 00:00:00+00:00,17.065,18.1,17.008,17.889,3092.77634065
2020-06-02 00:00:00+00:00,17.915,18.181,16.698,17.273,4986.10681854
2020-06-03 00:00:00+00:00,17.282,17.616,17.0,17.54,1057.27261462
2020-06-04 00:00:00+00:00,17.578,17.648,17.091,17.548,820.7818607
2020-06-05 00:00:00+00:00,17.51,17.879,17.454,17.621,1887.90113532
2020-06-06 00:00:00+00:00,17.655,17.778,17.5,17.544,1415.05559912
2020-06-07 00:00:00+00:00,17.526,17.625,16.86,17.376,1064.7971935
2020-06-08 00:00:00+00:00,17.407,17.527,17.276,17.416,688.69444404
2020-06-09 00:00:00+00:00,17.465,17.506,17.041,17.336,1156.54909851
2020-06-10 00:00:00+00:00,17.327,17.578,17.176,17.399,2005.03938575
2020-06-11 00:00:00+00:00,17.4,17.508,15.949,16.261,3276.39150845
2020-06-12 00:00:00+00:00,16.208,16.782,16.106,16.615,1490.44553764
2020-06-13 00:00:00+00:00,16.623,16.813,16.491,16.79,1490.65850585
2020-06-14 00:00:00+00:00,16.8,16.823,16.412,16.587,1441.55659929
2020-06-15 00:00:00+00:00,16.544,16.571,15.528,16.379,2683.58742959
2020-06-16 00:00:00+00:00,16.376,16.6,16.173,16.435,2904.51401957
2020-06-17 00:00:00+00:00,16.415,16.602,15.986,16.369,2168.57196121
2020-06-18 00:00:00+00:00,16.402,16.529,15.912,16.15,3493.78195316
2020-06-19 00:00:00+00:00,16.148,16.277,15.897,15.966,1682.99337784
2020-06-20 00:00:00+00:00,15.947,16.081,15.707,16.044,2634.35883544
2020-06-21 00:00:00+00:00,16.048,16.315,15.933,15.933,1924.70888088
2020-06-22 00:00:00+00:00,15.97,16.532,15.97,16.485,2564.84664251
2020-06-23 00:00:00+00:00,16.504,16.537,16.261,16.341,2018.32181103
2020-06-24 00:00:00+00:00,16.365,16.633,15.963,16.004,2704.71928921
2020-06-25 00:00:00+00:00,15.987,16.08,15.52,15.934,3078.18248531
2020-06-26 00:00:00+00:00,15.902,16.003,15.561,15.753,1533.52814783
2020-06-27 00:00:00+00:00,15.708,15.852,14.812,15.115,2229.40336469
2020-06-28 00:00:00+00:00,15.105,15.482,14.909,15.387,1982.91201284
2020-06-29 00:00:00+00:00,15.375,15.561,15.224,15.484,1377.90038245
2020-06-30 00:00:00+00:00,15.498,15.547,15.27,15.401,1849.02260164
2020-07-01 00:00:00+00:00,15.367,15.883,15.338,15.818,1728.30232223
2020-07-02 00:00:00+00:00,15.808,15.952,15.071,15.347,3350.83967918
2020-07-03 00:00:00+00:00,15.343,15.469,15.27,15.31,1707.56971959
2020-07-04 00:00:00+00:00,15.276,15.612,15.228,15.523,1623.80902406
2020-07-05 00:00:00+00:00,15.582,15.594,15.127,15.489,2541.62414298
2020-07-06 00:00:00+00:00,15.507,16.334,15.443,16.334,4209.60621278
2020-07-07 00:00:00+00:00,16.303,16.862,16.055,16.783,7951.03858314
2020-07-08 00:00:00+00:00,16.8,17.443,16.608,17.26,6435.43098738
2020-07-09 00:00:00+00:00,17.249,17.468,16.477,16.804,3691.03793044
2020-07-10 00:00:00+00:00,16.842,17.326,16.44,17.266,2267.18609639
2020-07-11 00:00:00+00:00,17.274,17.673,17.045,17.6,4217.62227667
2020-07-12 00:00:00+00:00,17.678,19.038,17.678,18.299,7334.40777459
2020-07-13 00:00:00+00:00,18.23,18.969,17.659,18.383,7155.77486888
2020-07-14 00:00:00+00:00,18.378,18.736,17.877,18.099,4172.73244529
2020-07-15 00:00:00+00:00,18.075,18.133,17.444,17.617,2810.21546339
2020-07-16 00:00:00+00:00,17.503,17.751,16.569,17.152,3214.06927934
2020-07-17 00:00:00+00:00,17.154,17.457,16.995,17.098,2905.28772028
2020-07-18 00:00:00+00:00,17.072,18.731,16.842,17.153,3585.64038006
2020-07-19 00:00:00+00:00,17.137,18.088,16.9,17.998,5524.94845734
2020-07-20 00:00:00+00:00,18.059,18.331,17.252,17.456,3503.37263638
2020-07-21 00:00:00+00:00,17.456,17.977,17.422,17.686,3515.67039089
2020-07-22 00:00:00+00:00,17.723,18.084,17.205,18.084,8704.93316009
2020-07-23 00:00:00+00:00,18.074,18.763,18.074,18.763,9292.48826456
2020-07-24 00:00:00+00:00,18.723,19.527,18.252,19.183,9078.61451546
2020-07-25 00:00:00+00:00,19.155,20.022,19.155,19.762,6334.9609227
2020-07-26 00:00:00+00:00,19.774,20.25,19.322,19.524,5789.42725702
2020-07-27 00:00:00+00:00,19.524,20.137,18.428,19.755,10259.65601917
2020-07-28 00:00:00+00:00,19.797,20.649,19.448,20.112,6761.74756554
2020-07-29 00:00:00+00:00,20.213,20.34,19.778,19.877,4753.8270437
2020-07-30 00:00:00+00:00,19.887,20.06,19.527,19.945,4974.68750283
2020-07-31 00:00:00+00:00,20.017,20.859,19.931,20.659,5936.63274301
2020-08-01 00:00:00+00:00,20.691,21.714,20.598,21.611,7913.61257725
2020-08-02 00:00:00+00:00,21.61,22.155,19.18,21.0,9229.33483613
2020-08-03 00:00:00+00:00,20.958,22.48,20.7,22.034,6123.16195797
2020-08-04 00:00:00+00:00,22.05,22.427,21.475,22.226,4424.47824736
2020-08-05 00:00:00+00:00,22.352,23.523,22.053,23.295,8169.67490172
2020-08-06 00:00:00+00:00,23.205,23.275,22.526,22.692,1896.92675926
2020-08-07 00:00:00+00:00,22.762,24.988,21.435,22.326,4061.50433863
2020-08-08 00:00:00+00:00,22.301,24.2,21.883,22.88,4128.32129505
2020-08-09 00:00:00+00:00,22.886,22.93,22.088,22.448,2544.54656991
2020-08-10 00:00:00+00:00,22.395,22.76,22.071,22.622,2955.84520991
2020-08-11 00:00:00+00:00,22.611,22.733,20.707,21.256,4569.10945323
2020-08-12 00:00:00+00:00,21.256,21.975,20.52,21.508,2707.11494357
2020-08-13 00:00:00+00:00,21.5,21.836,20.628,21.689,4855.69560046
2020-08-14 00:00:00+00:00,21.832,23.313,21.29,23.078,5980.10278379
2020-08-15 00:00:00+00:00,23.119,23.76,22.701,23.086,5216.84655985
2020-08-16 00:00:00+00:00,23.086,23.768,22.726,23.473,2511.48991195
2020-08-17 00:00:00+00:00,23.498,23.914,22.9,23.461,8345.4998307
2020-08-18 00:00:00+00:00,23.507,23.763,22.351,22.972,4677.19528648
2020-08-19 00:00:00+00:00,23.093,23.242,21.832,22.355,2760.59744455
2020-08-20 00:00:00+00:00,22.406,23.292,22.08,23.048,4002.05771849
2020-08-21 00:00:00+00:00,23.063,23.255,21.748,22.062,4530.25299926
2020-08-22 00:00:00+00:00,22.085,22.25,21.276,22.25,2142.64760347
2020-08-23 00:00:00+00:00,22.177,22.177,21.546,21.797,3597.61093359
2020-08-24 00:00:00+00:00,21.75,22.95,21.687,22.553,2061.19209071
2020-08-25 00:00:00+00:00,22.553,22.625,20.998,21.422,8811.56805097
2020-08-26 00:00:00+00:00,21.346,22.495,21.251,22.199,1572.71239881
2020-08-27 00:00:00+00:00,22.269,23.125,21.848,23.104,5032.42459141
2020-08-28 00:00:00+00:00,23.094,23.571,22.644,23.089,3115.29552369
2020-08-29 00:00:00+00:00,23.009,23.49,22.75,22.962,1839.61152091
2020-08-30 00:00:00+00:00,22.956,23.821,22.906,23.551,2407.45791782
2020-08-31 00:00:00+00:00,23.569,23.875,22.99,23.145,2186.51212115
2020-09-01 00:00:00+00:00,23.136,26.42,22.858,24.708,11128.5998955
2020-09-02 00:00:00+00:00,24.775,27.0,23.183,24.681,14807.92026138
2020-09-03 00:00:00+00:00,24.691,25.516,17.551,20.321,17265.7615426
2020-09-04 00:00:00+00:00,20.304,22.284,19.543,21.003,9785.8050738
2020-09-05 00:00:00+00:00,20.951,21.5,17.6,19.481,9273.42305779
2020-09-06 00:00:00+00:00,19.444,23.42,18.595,23.095,11628.99812192
2020-09-07 00:00:00+00:00,23.114,23.528,20.082,22.417,13265.4587989
2020-09-08 00:00:00+00:00,22.441,23.4,21.29,23.244,7547.12513928
2020-09-09 00:00:00+00:00,23.25,24.529,22.441,24.529,7262.84024439
2020-09-10 00:00:00+00:00,24.53,25.591,24.093,24.512,8682.57978313
2020-09-11 00:00:00+00:00,24.46,25.669,23.11,25.453,6530.71124599
2020-09-12 00:00:00+00:00,25.384,28.563,25.384,28.563,13670.25314417
2020-09-13 00:00:00+00:00,28.464,32.435,27.34,31.177,23876.48547496
2020-09-14 00:00:00+00:00,30.969,33.355,28.982,31.186,23476.06105695
2020-09-15 00:00:00+00:00,31.105,31.105,26.742,27.192,16178.65518497
2020-09-16 00:00:00+00:00,27.079,28.443,25.898,27.821,14723.26017963
2020-09-17 00:00:00+00:00,27.763,28.8,26.094,27.082,6635.05427678
2020-09-18 00:00:00+00:00,27.005,28.703,26.632,27.66,5887.63598432
2020-09-19 00:00:00+00:00,27.561,27.934,26.678,27.15,2399.78395189
2020-09-20 00:00:00+00:00,27.154,27.295,25.148,26.34,5499.27309629
2020-09-21 00:00:00+00:00,26.254,26.653,22.206,23.074,20402.23780871
2020-09-22 00:00:00+00:00,23.1,24.516,22.736,24.045,5032.49834061
2020-09-23 00:00:00+00:00,24.012,24.318,22.5,22.836,4825.49747777
2020-09-24 00:00:00+00:00,22.734,24.673,22.599,24.545,1867.31613547
2020-09-25 00:00:00+00:00,24.567,25.05,23.726,24.665,2667.48732832
2020-09-26 00:00:00+00:00,24.654,26.464,24.47,26.215,3039.28471001
2020-09-27 00:00:00+00:00,26.116,26.876,25.563,26.197,1886.4067545
2020-09-28 00:00:00+00:00,26.226,27.761,25.796,26.951,1774.92583936
2020-09-29 00:00:00+00:00,26.92,28.959,26.92,28.866,1918.56901283
2020-09-30 00:00:00+00:00,28.731,29.541,27.848,29.191,2887.66351606
2020-10-01 00:00:00+00:00,29.354,29.37,26.275,27.464,2590.58365777
2020-10-02 00:00:00+00:00,27.458,28.2,25.7,27.307,2655.82365938
2020-10-03 00:00:00+00:00,27.31,31.297,27.109,29.5,5518.84776922
2020-10-04 00:00:00+00:00,29.5,31.505,28.34,29.272,12923.51920899
2020-10-05 00:00:00+00:00,29.272,32.0,28.383,28.903,14160.92555888
2020-10-06 00:00:00+00:00,28.904,30.889,27.45,27.852,9682.38995419
2020-10-07 00:00:00+00:00,27.859,29.293,26.977,27.819,4807.38725795
2020-10-08 00:00:00+00:00,27.675,27.854,26.629,27.833,4119.07358441
2020-10-09 00:00:00+00:00,27.838,28.565,27.524,28.416,2228.68112684
2020-10-10 00:00:00+00:00,28.564,29.25,28.165,28.415,2472.22110748
2020-10-11 00:00:00+00:00,28.413,28.907,27.976,28.53,2148.85288156
2020-10-12 00:00:00+00:00,28.53,31.085,28.53,30.684,6026.33759203
2020-10-13 00:00:00+00:00,30.635,31.75,30.217,30.673,2477.267543
2020-10-14 00:00:00+00:00,30.62,31.296,30.421,30.848,1223.6988925
2020-10-15 00:00:00+00:00,30.823,31.625,30.428,31.296,1361.85509714
2020-10-16 00:00:00+00:00,31.2,31.943,29.57,29.97,2017.76009943
2020-10-17 00:00:00+00:00,30.045,30.572,29.693,30.183,1009.05221953
2020-10-18 00:00:00+00:00,30.223,31.005,30.218,30.628,1855.96493083
2020-10-19 00:00:00+00:00,30.661,30.661,29.735,29.92,1086.04726479
2020-10-20 00:00:00+00:00,29.872,30.096,28.494,28.784,1758.75785575
2020-10-21 00:00:00+00:00,28.739,30.378,28.662,29.67,3856.11455106
2020-10-22 00:00:00+00:00,29.766,31.275,29.751,30.62,2378.86465761
2020-10-23 00:00:00+00:00,30.619,31.144,30.081,30.639,982.41238233
2020-10-24 00:00:00+00:00,30.585,30.847,30.433,30.549,629.91468828
2020-10-25 00:00:00+00:00,30.555,30.936,29.892,30.064,1433.74563295
2020-10-26 00:00:00+00:00,30.041,31.365,29.965,31.058,1283.8132508
2020-10-27 00:00:00+00:00,31.079,32.33,30.936,31.504,1275.81883635
2020-10-28 00:00:00+00:00,31.467,31.956,29.727,30.384,773.53497867
2020-10-29 00:00:00+00:00,30.413,30.413,29.51,29.885,946.68685121
2020-10-30 00:00:00+00:00,29.756,30.229,27.54,28.475,1877.25392786
2020-10-31 00:00:00+00:00,28.475,28.875,28.146,28.5,1238.60968845
2020-11-01 00:00:00+00:00,28.384,28.667,28.072,28.513,723.84414521
2020-11-02 00:00:00+00:00,28.517,29.278,27.784,27.805,1901.34815006
2020-11-03 00:00:00+00:00,27.798,27.798,25.828,26.877,2455.53802084
2020-11-04 00:00:00+00:00,26.803,26.951,25.929,26.942,2355.93020939
2020-11-05 00:00:00+00:00,26.951,27.857,26.692,27.627,2098.1646336
2020-11-06 00:00:00+00:00,27.769,29.449,27.701,29.044,2735.97029242
2020-11-07 00:00:00+00:00,29.046,29.837,26.87,27.71,3084.28399381
2020-11-08 00:00:00+00:00,27.709,28.68,27.462,28.374,1242.54690666
2020-11-09 00:00:00+00:00,28.385,28.943,27.362,28.051,1994.39538619
2020-11-10 00:00:00+00:00,27.886,28.472,27.68,28.196,2760.22646219
2020-11-11 00:00:00+00:00,28.206,28.555,27.814,27.96,2502.37643091
2020-11-12 00:00:00+00:00,28.002,28.166,27.321,27.7,1642.65985037
2020-11-13 00:00:00+00:00,27.7,28.5,27.532,28.197,1495.35745237
2020-11-14 00:00:00+00:00,28.164,28.172,27.4,27.944,3859.36642724
2020-11-15 00:00:00+00:00,27.935,28.2,27.076,27.666,2997.8266332
2020-11-16 00:00:00+00:00,27.623,28.2,27.463,27.962,3612.58194192
2020-11-17 00:00:00+00:00,28.023,28.749,27.961,28.546,6173.73343154
2020-11-18 00:00:00+00:00,28.54,28.801,27.244,28.09,5247.55897636
2020-11-19 00:00:00+00:00,28.1,28.33,27.602,28.118,2562.41865147
2020-11-20 00:00:00+00:00,28.114,29.326,28.076,28.975,3684.00834077
2020-11-21 00:00:00+00:00,28.922,30.786,28.305,30.448,11589.3646785
2020-11-22 00:00:00+00:00,30.537,31.106,28.996,30.053,10182.60979316
2020-11-23 00:00:00+00:00,30.082,31.036,29.797,30.987,11451.36152712
2020-11-24 00:00:00+00:00,31.0,35.109,30.803,33.932,19070.46664473
2020-11-25 00:00:00+00:00,33.866,35.408,30.342,31.368,12021.14283846
2020-11-26 00:00:00+00:00,31.358,31.742,26.0,28.165,18989.24857174
2020-11-27 00:00:00+00:00,28.232,28.688,27.225,28.481,6240.89878666
2020-11-28 00:00:00+00:00,28.491,29.676,27.938,29.17,5461.03223311
2020-11-29 00:00:00+00:00,29.17,30.437,28.87,30.109,3292.78506158
2020-11-30 00:00:00+00:00,30.12,31.58,29.74,31.517,7033.46076052
2020-12-01 00:00:00+00:00,31.516,31.868,29.0,30.178,5231.84850182
2020-12-02 00:00:00+00:00,30.02,30.899,29.578,30.243,3009.51903903
2020-12-03 00:00:00+00:00,30.271,30.775,29.877,30.686,2013.92747905
2020-12-04 00:00:00+00:00,30.68,31.094,28.753,29.029,5081.69008524
2020-12-05 00:00:00+00:00,29.018,30.033,28.71,29.715,3198.60413747
2020-12-06 00:00:00+00:00,29.703,30.145,29.057,29.433,1414.09779019
2020-12-07 00:00:00+00:00,29.522,29.646,29.086,29.387,1411.75113938
2020-12-08 00:00:00+00:00,29.324,29.479,27.45,27.664,5290.04020309
2020-12-09 00:00:00+00:00,27.645,28.405,26.939,28.123,5153.31344474
2020-12-10 00:00:00+00:00,28.149,28.238,27.404,27.717,2858.64289497
2020-12-11 00:00:00+00:00,27.699,27.737,26.736,27.318,939.89388364
2020-12-12 00:00:00+00:00,27.275,28.205,27.265,28.112,1714.03682517
2020-12-13 00:00:00+00:00,28.149,29.262,28.043,29.14,2275.48022372
2020-12-14 00:00:00+00:00,29.05,30.15,28.653,30.039,3258.86351444
2020-12-15 00:00:00+00:00,30.039,30.305,29.334,29.538,1884.90551789
2020-12-16 00:00:00+00:00,29.431,30.615,29.036,30.533,3902.26685529
2020-12-17 00:00:00+00:00,30.536,31.526,29.701,30.205,11062.18991621
2020-12-18 00:00:00+00:00,30.237,31.207,29.503,30.92,4675.39320577
2020-12-19 00:00:00+00:00,30.997,34.241,30.918,33.254,10946.4715024
2020-12-20 00:00:00+00:00,33.253,35.632,32.613,34.244,10487.95876769
2020-12-21 00:00:00+00:00,34.132,35.599,31.549,32.073,23480.61446237
2020-12-22 00:00:00+00:00,32.073,33.778,30.51,33.528,6491.90554424
2020-12-23 00:00:00+00:00,33.548,34.492,29.939,31.175,14109.67150571
2020-12-24 00:00:00+00:00,31.157,32.74,30.437,32.482,5345.18252053
2020-12-25 00:00:00+00:00,32.525,33.511,31.738,33.211,11057.16015284
2020-12-26 00:00:00+00:00,33.232,34.043,32.565,33.632,6513.67227599
2020-12-27 00:00:00+00:00,33.635,34.971,31.899,33.653,8656.42819366
2020-12-28 00:00:00+00:00,33.665,36.117,33.335,35.914,12553.08105037
2020-12-29 00:00:00+00:00,35.927,39.741,35.381,39.035,14213.90123632
2020-12-30 00:00:00+00:00,38.988,39.253,36.676,38.135,8271.63536889
2020-12-31 00:00:00+00:00,38.161,38.304,36.703,37.319,7797.71252298
2021-01-01 00:00:00+00:00,37.336,38.952,37.0,37.726,7207.71064424
2021-01-02 00:00:00+00:00,37.745,38.836,36.813,38.2,9604.18477485
2021-01-03 00:00:00+00:00,38.198,41.6,37.778,41.217,10845.73314312
2021-01-04 00:00:00+00:00,41.222,43.183,38.072,41.102,15669.54332464
2021-01-05 00:00:00+00:00,41.141,41.73,38.82,41.73,8717.12717443
2021-01-06 00:00:00+00:00,41.73,42.199,40.484,42.199,10446.7873183
2021-01-07 00:00:00+00:00,42.207,44.53,40.708,43.666,20520.6836178
2021-01-08 00:00:00+00:00,43.666,44.0,40.263,42.445,12983.81111928
2021-01-09 00:00:00+00:00,42.382,44.034,41.563,43.735,5853.75946176
2021-01-10 00:00:00+00:00,43.855,45.093,39.681,42.399,10405.99629402
2021-01-11 00:00:00+00:00,42.405,42.405,35.11,38.16,15240.47648859
2021-01-12 00:00:00+00:00,38.182,40.0,37.11,38.16,5806.95603434
2021-01-13 00:00:00+00:00,38.218,40.459,37.045,40.149,9416.99423352
2021-01-14 00:00:00+00:00,40.125,41.957,39.565,41.86,11426.38679471
2021-01-15 00:00:00+00:00,41.834,42.552,38.755,40.935,9304.43842999
2021-01-16 00:00:00+00:00,41.0,44.086,40.739,43.139,11437.85147387
2021-01-17 00:00:00+00:00,43.066,46.751,40.909,45.914,21809.82297765
2021-01-18 00:00:00+00:00,45.99,46.876,44.031,45.349,16689.52470905
2021-01-19 00:00:00+00:00,45.348,47.129,41.742,42.5,17042.52518056
2021-01-20 00:00:00+00:00,42.489,42.823,40.319,42.623,10114.92876271
2021-01-21 00:00:00+00:00,42.621,42.621,38.238,38.522,10293.77249554
2021-01-22 00:00:00+00:00,38.678,41.457,36.865,40.886,10577.90447582
2021-01-23 00:00:00+00:00,40.865,41.825,39.462,40.94,6491.92449965
2021-01-24 00:00:00+00:00,40.73,42.2,40.36,41.834,9186.61955155
2021-01-25 00:00:00+00:00,41.792,43.379,40.569,41.84,12107.3406411
2021-01-26 00:00:00+00:00,41.736,42.536,39.832,41.827,8089.02362337
2021-01-27 00:00:00+00:00,41.863,42.05,39.5,41.001,10187.48886212
2021-01-28 00:00:00+00:00,40.808,46.385,40.339,42.511,11973.92747665
2021-01-29 00:00:00+00:00,42.502,43.997,41.84,42.89,10036.53345187
2021-01-30 00:00:00+00:00,42.873,45.085,42.61,44.718,6852.83541645
2021-01-31 00:00:00+00:00,44.815,45.799,43.305,44.354,16482.27713941
2021-02-01 00:00:00+00:00,44.257,52.341,43.458,51.425,43441.7909521
2021-02-02 00:00:00+00:00,51.381,53.0,49.292,51.043,22879.84751625
2021-02-03 00:00:00+00:00,50.98,52.73,49.83,52.167,20966.29117214
2021-02-04 00:00:00+00:00,52.104,57.058,51.332,55.839,29354.62102726
2021-02-05 00:00:00+00:00,56.026,68.657,56.026,67.678,31872.70064903
2021-02-06 00:00:00+00:00,67.68,75.458,61.74,72.843,52377.778976
2021-02-07 00:00:00+00:00,72.885,74.71,59.266,68.386,20946.58274056
2021-02-08 00:00:00+00:00,68.393,79.854,67.738,79.854,30355.2031969
2021-02-09 00:00:00+00:00,79.876,116.0,78.162,107.355,82247.21889136
2021-02-10 00:00:00+00:00,107.355,149.0,107.268,129.0,103666.55684034
2021-02-11 00:00:00+00:00,129.0,132.5,117.652,123.67,47693.74249613
2021-02-12 00:00:00+00:00,124.304,140.908,120.366,137.141,32797.22004651
2021-02-13 00:00:00+00:00,136.478,138.6,125.0,133.254,17727.68817722
2021-02-14 00:00:00+00:00,133.652,140.0,128.493,135.9,20221.17229974
2021-02-15 00:00:00+00:00,135.879,139.899,117.3,129.938,22528.31491496
2021-02-16 00:00:00+00:00,129.938,133.524,126.2,129.832,14626.24916209
2021-02-17 00:00:00+00:00,130.005,176.181,126.854,165.324,51234.60200457
2021-02-18 00:00:00+00:00,165.324,200.608,163.0,195.851,62742.63023356
2021-02-19 00:00:00+00:00,196.071,350.0,195.184,334.73,178356.64305488
2021-02-20 00:00:00+00:00,334.734,336.997,220.0,253.154,149066.36738386
2021-02-21 00:00:00+00:00,253.154,309.25,250.0,294.649,110975.09751029
2021-02-22 00:00:00+00:00,295.0,295.604,220.0,267.325,106801.4993379
2021-02-23 00:00:00+00:00,267.568,269.276,180.987,231.468,127278.94492199
2021-02-24 00:00:00+00:00,231.029,282.697,213.582,254.44,96391.34226147
2021-02-25 00:00:00+00:00,254.365,265.327,231.225,234.6,52583.62714368
2021-02-26 00:00:00+00:00,234.661,239.214,209.0,221.978,56174.07064475
2021-02-27 00:00:00+00:00,221.97,237.912,219.319,225.008,28742.53965055
2021-02-28 00:00:00+00:00,225.102,229.0,195.0,210.165,34194.43079698
2021-03-01 00:00:00+00:00,210.248,259.845,209.221,254.82,63394.24593672
2021-03-02 00:00:00+00:00,254.901,264.846,227.0,239.931,46283.45627955
2021-03-03 00:00:00+00:00,239.872,254.758,236.349,240.7,27770.41195347
2021-03-04 00:00:00+00:00,240.6,249.96,225.485,229.447,26245.4675013
2021-03-05 00:00:00+00:00,229.223,231.749,215.314,225.356,29585.59885046
2021-03-06 00:00:00+00:00,225.494,232.222,219.5,226.28,21219.21891482
2021-03-07 00:00:00+00:00,226.365,243.689,224.979,239.972,35488.54357971
2021-03-08 00:00:00+00:00,239.985,242.81,228.9,240.536,25496.88918368
2021-03-09 00:00:00+00:00,240.569,297.203,235.747,293.222,70599.56177502
2021-03-10 00:00:00+00:00,293.255,295.475,262.429,277.843,58458.42009311
2021-03-11 00:00:00+00:00,278.184,315.0,272.409,290.0,49495.04873847
2021-03-12 00:00:00+00:00,290.0,290.449,248.0,263.099,57305.65570842
2021-03-13 00:00:00+00:00,263.16,284.155,255.5,276.084,39387.5714758
2021-03-14 00:00:00+00:00,275.828,276.841,263.128,263.358,21476.2928045
2021-03-15 00:00:00+00:00,263.129,267.759,249.11,254.324,26231.65732842
2021-03-16 00:00:00+00:00,254.395,259.56,239.638,258.272,21754.45341061
2021-03-17 00:00:00+00:00,258.4,271.97,230.105,269.838,18888.85858524
2021-03-18 00:00:00+00:00,270.157,277.682,257.184,261.412,29228.21595383
2021-03-19 00:00:00+00:00,261.417,268.985,254.055,263.115,22413.77898451
2021-03-20 00:00:00+00:00,262.737,274.544,261.6,264.427,17888.65949585
2021-03-21 00:00:00+00:00,264.076,267.912,257.082,264.806,17799.13136309
2021-03-22 00:00:00+00:00,264.976,277.023,251.911,255.116,32533.02670364
2021-03-23 00:00:00+00:00,255.101,262.991,252.044,255.576,19580.39410092
2021-03-24 00:00:00+00:00,255.008,268.592,238.558,248.729,25253.49620782
2021-03-25 00:00:00+00:00,248.695,249.979,225.0,234.181,26210.40775772
2021-03-26 00:00:00+00:00,234.224,255.049,234.224,254.965,17135.4702407
2021-03-27 00:00:00+00:00,255.049,289.328,249.661,271.285,30384.84595796
2021-03-28 00:00:00+00:00,270.761,283.173,261.0,268.862,29654.75688447
2021-03-29 00:00:00+00:00,268.672,277.972,264.444,275.354,19173.34843281
2021-03-30 00:00:00+00:00,275.354,313.918,271.297,311.519,45751.7267988
2021-03-31 00:00:00+00:00,311.52,318.2,282.894,302.188,47788.3503074
2021-04-01 00:00:00+00:00,302.546,340.019,300.834,335.611,55447.155044
2021-04-02 00:00:00+00:00,335.428,359.0,324.644,338.348,62317.45941462
2021-04-03 00:00:00+00:00,338.516,349.2,315.4,321.852,52789.43636651
2021-04-04 00:00:00+00:00,321.852,354.562,316.301,349.805,40611.51364059
2021-04-05 00:00:00+00:00,349.805,380.5,335.956,368.216,49111.16626381
2021-04-06 00:00:00+00:00,368.229,420.0,364.361,405.509,57753.38399509
2021-04-07 00:00:00+00:00,405.7,414.18,352.326,375.275,88762.08228399
2021-04-08 00:00:00+00:00,375.327,422.206,372.0,418.366,59621.58804688
2021-04-09 00:00:00+00:00,418.613,453.975,404.708,453.975,57134.46862174
2021-04-10 00:00:00+00:00,453.975,487.252,450.098,471.001,88519.18316972
2021-04-11 00:00:00+00:00,471.469,532.389,456.964,525.87,70963.27242815
2021-04-12 00:00:00+00:00,525.871,638.043,515.252,597.235,211894.569066
2021-04-13 00:00:00+00:00,596.862,602.733,530.0,551.291,121126.63901097
2021-04-14 00:00:00+00:00,550.659,591.0,520.34,550.008,100279.44020697
2021-04-15 00:00:00+00:00,549.81,556.592,533.602,541.845,33872.56948791
2021-04-16 00:00:00+00:00,541.969,548.524,485.326,508.682,92158.50935059
2021-04-17 00:00:00+00:00,508.754,555.0,506.118,514.37,58008.41324424
2021-04-18 00:00:00+00:00,514.184,520.0,406.977,481.662,86822.97478455
2021-04-19 00:00:00+00:00,481.572,542.5,467.988,513.981,128749.85200866
2021-04-20 00:00:00+00:00,513.981,593.711,471.964,586.833,150415.43361809
2021-04-21 00:00:00+00:00,586.612,613.599,533.965,544.031,124220.38786248
2021-04-22 00:00:00+00:00,544.174,599.0,479.14,505.776,117557.90990913
2021-04-23 00:00:00+00:00,505.172,530.624,442.973,526.782,127753.25999926
2021-04-24 00:00:00+00:00,526.726,528.5,480.0,497.272,52363.1458098
2021-04-25 00:00:00+00:00,497.075,517.493,477.934,504.7,47342.66937917
2021-04-26 00:00:00+00:00,505.118,549.999,501.96,535.517,54437.16164044
2021-04-27 00:00:00+00:00,535.409,578.928,525.344,568.883,53188.0983311
2021-04-28 00:00:00+00:00,568.861,579.0,538.423,562.649,38527.00117838
2021-04-29 00:00:00+00:00,562.76,615.0,553.079,599.682,82123.40222564
2021-04-30 00:00:00+00:00,599.749,630.0,586.0,622.468,68271.50984822
2021-05-01 00:00:00+00:00,622.579,650.0,604.788,619.89,48588.78623887
2021-05-02 00:00:00+00:00,619.891,628.799,594.0,622.091,36957.63383588
2021-05-03 00:00:00+00:00,622.015,680.0,621.857,676.108,58921.8606778
2021-05-04 00:00:00+00:00,676.272,677.91,603.049,609.374,69364.08568462
2021-05-05 00:00:00+00:00,609.438,656.69,605.0,651.003,41908.93044079
2021-05-06 00:00:00+00:00,651.002,653.486,620.0,634.101,39213.2270998
2021-05-07 00:00:00+00:00,634.157,644.0,611.52,624.332,35743.54584442
2021-05-08 00:00:00+00:00,624.001,658.301,618.859,646.376,48346.37731551
2021-05-09 00:00:00+00:00,646.316,678.408,630.1,661.668,53420.65721321
2021-05-10 00:00:00+00:00,661.668,691.381,585.0,631.71,75655.92361452
2021-05-11 00:00:00+00:00,631.201,672.884,621.463,671.677,55055.59646966
2021-05-12 00:00:00+00:00,671.642,684.544,582.0,592.915,62759.20919308
2021-05-13 00:00:00+00:00,591.398,656.0,527.422,570.724,94514.89991787
2021-05-14 00:00:00+00:00,570.696,614.872,566.232,602.262,40101.16335994
2021-05-15 00:00:00+00:00,602.927,610.857,560.0,564.129,41543.20238113
2021-05-16 00:00:00+00:00,563.467,606.554,534.634,564.498,47694.72735811
2021-05-17 00:00:00+00:00,564.48,564.629,483.468,512.003,60934.13388607
2021-05-18 00:00:00+00:00,512.018,533.623,495.287,508.0,43408.99574248
2021-05-19 00:00:00+00:00,508.0,516.0,271.901,334.497,155557.32291115
2021-05-20 00:00:00+00:00,334.866,423.594,285.0,390.674,103497.1896885
2021-05-21 00:00:00+00:00,391.227,416.527,274.316,326.172,113624.25587148
2021-05-22 00:00:00+00:00,326.027,335.71,284.378,299.449,83141.22312295
2021-05-23 00:00:00+00:00,299.647,313.269,211.178,260.589,151903.32107391
2021-05-24 00:00:00+00:00,260.503,350.0,257.299,345.72,99017.32092132
2021-05-25 00:00:00+00:00,345.744,375.516,306.694,342.932,93164.93467047
2021-05-26 00:00:00+00:00,343.247,387.977,336.327,379.215,71440.46325934
2021-05-27 00:00:00+00:00,379.176,387.373,340.0,369.75,56509.72613423
2021-05-28 00:00:00+00:00,369.776,373.625,313.167,328.968,71412.57507325
2021-05-29 00:00:00+00:00,329.267,346.8,295.0,304.68,45164.73011722
2021-05-30 00:00:00+00:00,305.276,338.178,286.849,325.849,39715.70913352
2021-05-31 00:00:00+00:00,325.394,355.954,307.896,353.5,37534.84215454
2021-06-01 00:00:00+00:00,353.388,364.234,339.677,362.128,35664.91784822
2021-06-02 00:00:00+00:00,362.234,418.523,350.768,401.242,50496.36020575
2021-06-03 00:00:00+00:00,401.574,432.904,391.388,427.965,50363.13044065
2021-06-04 00:00:00+00:00,428.258,429.11,365.401,391.049,53740.68397775
2021-06-05 00:00:00+00:00,390.837,425.816,373.121,389.861,48253.29387045
2021-06-06 00:00:00+00:00,390.427,400.0,381.6,393.034,24962.89078376
2021-06-07 00:00:00+00:00,393.689,407.178,353.168,358.332,39386.80547953
2021-06-08 00:00:00+00:00,358.016,366.554,319.388,352.622,49251.80121797
2021-06-09 00:00:00+00:00,352.571,380.757,333.43,375.51,35327.81948296
2021-06-10 00:00:00+00:00,375.353,377.192,344.75,351.917,31283.88761939
2021-06-11 00:00:00+00:00,351.917,366.097,341.0,345.32,23532.38242147
2021-06-12 00:00:00+00:00,345.776,348.909,325.603,343.555,23105.03282728
2021-06-13 00:00:00+00:00,343.899,369.077,330.551,365.956,29355.62697227
2021-06-14 00:00:00+00:00,365.903,377.061,355.25,370.297,34586.88596275
2021-06-15 00:00:00+00:00,370.117,379.58,362.681,366.66,25966.89562463
2021-06-16 00:00:00+00:00,366.66,366.68,343.49,347.241,39060.66493852
2021-06-17 00:00:00+00:00,347.178,362.283,345.931,352.503,24309.14877644
2021-06-18 00:00:00+00:00,352.7,357.027,327.034,337.23,28001.74950567
2021-06-19 00:00:00+00:00,337.036,344.8,330.0,334.04,18611.7984378
2021-06-20 00:00:00+00:00,334.008,340.434,310.226,338.789,34111.31133026
2021-06-21 00:00:00+00:00,339.067,341.84,268.931,270.723,63875.08215494
2021-06-22 00:00:00+00:00,270.794,291.199,225.527,261.851,122620.21051045
2021-06-23 00:00:00+00:00,261.87,309.5,251.511,296.143,58568.66390243
2021-06-24 00:00:00+00:00,296.116,316.326,281.756,308.496,44925.357864
2021-06-25 00:00:00+00:00,308.75,314.686,275.402,280.848,45102.59395031
2021-06-26 00:00:00+00:00,280.84,290.167,264.401,279.665,35353.84770664
2021-06-27 00:00:00+00:00,279.66,291.499,269.739,290.86,25375.32144749
2021-06-28 00:00:00+00:00,291.008,299.179,283.75,289.623,28976.2274586
2021-06-29 00:00:00+00:00,289.989,315.479,289.262,300.568,32959.32038409
2021-06-30 00:00:00+00:00,300.654,304.7,281.565,303.62,32950.04147024
2021-07-01 00:00:00+00:00,303.62,303.848,280.97,287.85,23793.5193859
2021-07-02 00:00:00+00:00,287.579,290.694,276.491,287.241,21054.85417408
2021-07-03 00:00:00+00:00,287.241,303.07,282.88,298.2,20385.54340507
2021-07-04 00:00:00+00:00,297.8,314.878,292.672,307.71,23617.82475687
2021-07-05 00:00:00+00:00,307.548,307.784,292.38,302.037,25035.97096859
2021-07-06 00:00:00+00:00,302.087,322.341,301.926,320.011,42695.74864178
2021-07-07 00:00:00+00:00,320.0,339.68,318.45,327.701,41507.6278767
2021-07-08 00:00:00+00:00,327.52,328.039,304.612,310.148,38073.44176328
2021-07-09 00:00:00+00:00,310.22,319.7,301.788,317.086,21550.64661938
2021-07-10 00:00:00+00:00,317.072,321.25,310.806,316.084,19597.92329518
2021-07-11 00:00:00+00:00,316.175,326.811,312.255,322.074,18304.21815773
2021-07-12 00:00:00+00:00,322.134,334.179,307.597,316.126,30283.18505532
2021-07-13 00:00:00+00:00,316.035,318.16,304.604,308.837,23716.25109806
2021-07-14 00:00:00+00:00,308.837,313.317,290.32,309.311,34113.64100198
2021-07-15 00:00:00+00:00,309.312,324.143,301.541,315.953,36262.99518757
2021-07-16 00:00:00+00:00,315.96,323.571,301.701,303.02,33031.07181639
2021-07-17 00:00:00+00:00,302.869,306.65,294.472,300.464,23221.22462667
2021-07-18 00:00:00+00:00,300.63,309.135,299.001,302.177,17607.4389592
2021-07-19 00:00:00+00:00,302.113,303.67,279.0,280.445,31422.9714412
2021-07-20 00:00:00+00:00,280.529,283.519,254.555,264.321,44923.81661748
2021-07-21 00:00:00+00:00,264.384,298.829,261.085,293.117,37874.88425475
2021-07-22 00:00:00+00:00,293.316,298.431,287.44,293.404,25375.47713167
2021-07-23 00:00:00+00:00,293.229,301.361,281.336,299.271,32459.36071803
2021-07-24 00:00:00+00:00,299.272,307.76,295.465,301.509,25301.40821074
2021-07-25 00:00:00+00:00,301.518,304.254,292.521,302.776,20356.43021224
2021-07-26 00:00:00+00:00,302.744,328.0,301.111,304.02,52634.43378486
2021-07-27 00:00:00+00:00,304.001,318.294,298.0,313.561,30880.25926004
2021-07-28 00:00:00+00:00,313.61,318.732,307.96,313.796,28070.35751602
2021-07-29 00:00:00+00:00,313.515,320.14,308.56,317.091,28187.27565611
2021-07-30 00:00:00+00:00,317.195,325.64,306.32,322.666,31906.24168508
2021-07-31 00:00:00+00:00,322.58,338.339,317.325,332.449,36393.31969169
2021-08-01 00:00:00+00:00,332.408,347.96,328.68,332.631,46082.57839367
2021-08-02 00:00:00+00:00,332.754,338.13,326.25,330.654,32219.32664585
2021-08-03 00:00:00+00:00,330.52,334.68,316.999,323.432,33578.21680023
2021-08-04 00:00:00+00:00,323.352,337.28,319.822,334.9,28900.47921347
2021-08-05 00:00:00+00:00,334.745,341.137,323.521,337.941,39875.84232442
2021-08-06 00:00:00+00:00,337.982,347.306,331.127,342.216,34867.49685523
2021-08-07 00:00:00+00:00,342.308,359.63,340.33,356.075,45294.08417465
2021-08-08 00:00:00+00:00,356.087,359.814,336.881,341.762,40668.9762082
2021-08-09 00:00:00+00:00,341.757,357.646,333.342,354.429,40911.08715411
2021-08-10 00:00:00+00:00,354.313,376.5,349.0,372.032,48660.59439328
2021-08-11 00:00:00+00:00,372.006,408.559,371.261,390.96,58532.7557075
2021-08-12 00:00:00+00:00,390.94,406.278,371.627,385.571,56235.58739969
2021-08-13 00:00:00+00:00,385.745,411.237,383.0,410.967,46775.6214412
2021-08-14 00:00:00+00:00,410.877,418.73,400.074,408.539,49425.16705463
2021-08-15 00:00:00+00:00,408.638,414.825,396.181,414.159,34586.68592488
2021-08-16 00:00:00+00:00,414.127,436.797,410.794,415.78,56764.035788
2021-08-17 00:00:00+00:00,415.75,435.862,398.665,401.878,62527.27086703
2021-08-18 00:00:00+00:00,401.847,412.2,385.66,396.191,58871.1753437
2021-08-19 00:00:00+00:00,396.206,431.5,390.724,431.1,55779.71205289
2021-08-20 00:00:00+00:00,431.142,457.84,421.774,454.825,54643.56564494
2021-08-21 00:00:00+00:00,454.929,460.0,442.703,448.99,46342.87975845
2021-08-22 00:00:00+00:00,448.729,458.24,437.923,448.63,34377.52490929
2021-08-23 00:00:00+00:00,448.563,509.902,446.447,499.32,75388.20740737
2021-08-24 00:00:00+00:00,499.021,504.147,461.064,471.85,53610.93775076
2021-08-25 00:00:00+00:00,471.534,508.0,470.0,503.294,63089.89911077
2021-08-26 00:00:00+00:00,503.236,518.714,471.329,478.075,81036.66188592
2021-08-27 00:00:00+00:00,478.056,494.892,467.421,494.378,49385.86861209
2021-08-28 00:00:00+00:00,494.533,496.788,482.314,485.965,29807.27193164
2021-08-29 00:00:00+00:00,485.965,495.405,475.881,479.789,30217.34830605
2021-08-30 00:00:00+00:00,479.516,480.795,456.51,459.766,50336.97034623
2021-08-31 00:00:00+00:00,459.712,477.368,451.732,464.0,59999.26610134
2021-09-01 00:00:00+00:00,464.0,490.0,455.187,489.202,59963.81599258
2021-09-02 00:00:00+00:00,489.248,504.92,478.18,483.465,57147.21380877
2021-09-03 00:00:00+00:00,483.54,494.662,472.91,488.472,53016.46140948
2021-09-04 00:00:00+00:00,488.439,511.264,485.252,497.691,69039.30606616
2021-09-05 00:00:00+00:00,497.814,505.292,488.379,504.94,47274.19633369
2021-09-06 00:00:00+00:00,504.96,508.998,486.512,495.886,53357.83315505
2021-09-07 00:00:00+00:00,495.994,504.898,355.253,418.769,125178.39210397
2021-09-08 00:00:00+00:00,418.633,425.34,382.428,415.0,99034.63249868
2021-09-09 00:00:00+00:00,415.153,436.029,403.591,421.3,72381.39556945
2021-09-10 00:00:00+00:00,421.3,439.38,393.499,401.512,68163.31798163
2021-09-11 00:00:00+00:00,401.273,415.207,399.491,405.07,48062.01597379
2021-09-12 00:00:00+00:00,404.852,421.828,397.64,416.492,45221.02442529
2021-09-13 00:00:00+00:00,416.395,419.61,382.349,399.046,71693.54031685
2021-09-14 00:00:00+00:00,399.047,414.489,395.83,414.37,45790.52096832
2021-09-15 00:00:00+00:00,414.253,436.616,410.005,431.345,51275.72415873
2021-09-16 00:00:00+00:00,431.307,433.173,415.605,424.221,48066.75909671
2021-09-17 00:00:00+00:00,424.257,425.858,400.34,406.549,47983.83518618
2021-09-18 00:00:00+00:00,406.853,419.959,401.575,410.656,44550.64069594
2021-09-19 00:00:00+00:00,410.673,418.993,402.985,408.36,44099.60885398
2021-09-20 00:00:00+00:00,408.732,409.751,353.398,364.129,150227.48085709
2021-09-21 00:00:00+00:00,364.13,375.7,336.373,343.799,97167.18501042
2021-09-22 00:00:00+00:00,344.299,379.87,342.36,379.09,62975.26759413
2021-09-23 00:00:00+00:00,379.042,384.549,369.133,383.564,44441.33054187
2021-09-24 00:00:00+00:00,383.457,385.173,333.616,355.136,76833.02350011
2021-09-25 00:00:00+00:00,355.139,360.802,343.478,349.651,38430.83710123
2021-09-26 00:00:00+00:00,349.573,352.584,319.645,344.013,60839.18840217
2021-09-27 00:00:00+00:00,343.957,357.549,335.032,335.579,51551.74152324
2021-09-28 00:00:00+00:00,335.335,344.553,329.83,332.912,42158.15551212
2021-09-29 00:00:00+00:00,332.812,375.28,331.337,367.559,73715.39471579
2021-09-30 00:00:00+00:00,367.662,388.8,365.712,387.562,44213.66277039
2021-10-01 00:00:00+00:00,387.514,423.4,381.61,421.443,52086.19333421
2021-10-02 00:00:00+00:00,421.443,438.1,410.683,427.103,41643.10353697
2021-10-03 00:00:00+00:00,427.115,437.1,421.608,430.467,37806.72118925
2021-10-04 00:00:00+00:00,430.56,430.709,411.2,426.212,38734.63290609
2021-10-05 00:00:00+00:00,426.297,444.0,424.099,442.165,43783.62179134
2021-10-06 00:00:00+00:00,442.279,442.744,414.823,434.759,53378.16455227
2021-10-07 00:00:00+00:00,434.9,450.208,423.572,438.409,57737.37725351
2021-10-08 00:00:00+00:00,438.308,441.621,416.358,419.154,59094.53766801
2021-10-09 00:00:00+00:00,419.19,427.5,416.032,421.555,36622.95058491
2021-10-10 00:00:00+00:00,421.998,422.243,402.093,404.261,35769.12773491
2021-10-11 00:00:00+00:00,404.068,423.905,400.075,413.194,37794.23462312
2021-10-12 00:00:00+00:00,413.115,444.485,392.241,444.377,80593.8346797
2021-10-13 00:00:00+00:00,444.285,472.32,432.764,470.652,131958.45615765
2021-10-14 00:00:00+00:00,470.739,483.167,461.27,472.974,70563.86454871
2021-10-15 00:00:00+00:00,472.909,477.771,452.14,474.391,56570.56984787
2021-10-16 00:00:00+00:00,474.398,486.624,460.531,465.808,49238.18540573
2021-10-17 00:00:00+00:00,465.784,472.743,454.22,470.989,38497.13057767
2021-10-18 00:00:00+00:00,470.99,487.658,466.424,484.917,52376.88504146
2021-10-19 00:00:00+00:00,484.897,497.61,480.244,488.155,52582.24714109
2021-10-20 00:00:00+00:00,488.155,505.716,481.347,501.48,54886.49755979
2021-10-21 00:00:00+00:00,501.377,504.86,466.541,471.02,74104.64473262
2021-10-22 00:00:00+00:00,470.976,498.001,470.705,479.2,55846.14557762
2021-10-23 00:00:00+00:00,479.091,485.689,472.766,485.671,37819.32846683
2021-10-24 00:00:00+00:00,485.671,486.567,468.059,475.978,51445.68442478
2021-10-25 00:00:00+00:00,475.946,488.536,474.95,485.061,47873.32027
2021-10-26 00:00:00+00:00,485.062,489.629,473.145,477.947,58091.72776059
2021-10-27 00:00:00+00:00,478.144,486.196,435.88,448.66,88055.87275908
2021-10-28 00:00:00+00:00,448.688,494.834,446.308,492.219,100776.14810212
2021-10-29 00:00:00+00:00,492.174,539.0,488.0,533.036,113369.35830648
2021-10-30 00:00:00+00:00,533.035,540.999,511.0,529.198,103846.21998017
2021-10-31 00:00:00+00:00,529.044,535.629,509.63,525.096,84895.12071532
2021-11-01 00:00:00+00:00,525.333,552.0,511.04,551.333,99022.9647044
2021-11-02 00:00:00+00:00,551.133,563.736,537.676,554.401,94813.34725549
2021-11-03 00:00:00+00:00,554.444,570.0,537.555,568.124,99843.38274698
2021-11-04 00:00:00+00:00,568.371,568.681,544.021,559.241,86557.38834265
2021-11-05 00:00:00+00:00,559.24,616.0,554.659,607.124,100128.56851661
2021-11-06 00:00:00+00:00,607.058,637.648,595.272,637.574,81497.81679937
2021-11-07 00:00:00+00:00,637.556,669.26,630.48,649.675,94053.71563141
2021-11-08 00:00:00+00:00,649.676,655.81,631.485,653.553,78825.50511679
2021-11-09 00:00:00+00:00,653.562,656.72,632.1,635.153,70015.27150211
2021-11-10 00:00:00+00:00,635.239,662.821,572.38,614.269,108547.59516209
2021-11-11 00:00:00+00:00,614.369,635.635,605.45,628.546,67266.00225123
2021-11-12 00:00:00+00:00,628.547,634.576,603.8,626.852,60789.67917049
2021-11-13 00:00:00+00:00,626.853,655.509,620.023,649.798,59683.76507972
2021-11-14 00:00:00+00:00,649.769,660.54,634.98,651.204,59659.28400833
2021-11-15 00:00:00+00:00,651.278,660.0,630.516,634.006,73130.58797538
2021-11-16 00:00:00+00:00,634.0,634.979,568.002,588.613,112333.31098688
2021-11-17 00:00:00+00:00,588.7,592.954,554.08,578.099,88579.3142242
2021-11-18 00:00:00+00:00,578.205,588.248,516.32,532.015,98236.67605134
2021-11-19 00:00:00+00:00,531.713,585.974,524.105,581.024,85856.83547309
2021-11-20 00:00:00+00:00,581.157,605.369,572.959,604.541,74102.98337632
2021-11-21 00:00:00+00:00,604.474,605.59,580.341,584.034,68492.10313108
2021-11-22 00:00:00+00:00,584.034,585.3,554.0,559.725,74883.55921773
2021-11-23 00:00:00+00:00,559.647,606.668,558.23,591.071,78505.99291988
2021-11-24 00:00:00+00:00,590.936,594.239,577.02,590.643,76087.88396092
2021-11-25 00:00:00+00:00,590.556,646.779,587.515,638.867,89780.34886017
2021-11-26 00:00:00+00:00,639.0,658.0,564.458,587.384,129586.64386427
2021-11-27 00:00:00+00:00,587.383,621.257,584.01,599.963,74822.10569632
2021-11-28 00:00:00+00:00,599.697,613.009,571.5,611.532,81917.92887126
2021-11-29 00:00:00+00:00,611.313,629.495,601.75,623.64,81574.01437026
2021-11-30 00:00:00+00:00,623.492,634.999,603.68,622.242,79153.567269
2021-12-01 00:00:00+00:00,622.681,649.653,618.61,627.628,70145.58701395
2021-12-02 00:00:00+00:00,627.647,630.787,605.825,619.959,63358.67828405
2021-12-03 00:00:00+00:00,619.865,627.882,570.0,595.566,79813.85563188
2021-12-04 00:00:00+00:00,595.285,596.002,442.37,569.447,114380.47431386
2021-12-05 00:00:00+00:00,569.186,582.092,540.79,557.764,76861.52564974
2021-12-06 00:00:00+00:00,557.77,592.68,533.151,587.45,94070.74655357
2021-12-07 00:00:00+00:00,587.344,593.24,572.082,578.94,60421.33426733
2021-12-08 00:00:00+00:00,578.938,607.67,567.472,607.499,58963.73678643
2021-12-09 00:00:00+00:00,607.499,617.19,567.323,570.359,58648.92428743
2021-12-10 00:00:00+00:00,570.225,595.275,550.399,552.292,63495.97659391
2021-12-11 00:00:00+00:00,552.088,572.772,542.02,564.399,53950.5879501
2021-12-12 00:00:00+00:00,564.643,574.8,559.311,570.408,37655.34848573
2021-12-13 00:00:00+00:00,570.177,572.1,510.573,520.814,58459.81493023
2021-12-14 00:00:00+00:00,521.076,536.83,510.019,528.127,57731.56898868
2021-12-15 00:00:00+00:00,528.016,546.55,501.821,541.136,59749.38564387
2021-12-16 00:00:00+00:00,541.273,545.2,525.179,526.278,41812.6619525
2021-12-17 00:00:00+00:00,526.428,535.941,510.967,525.454,53154.01912488
2021-12-18 00:00:00+00:00,525.463,537.85,516.611,533.829,35552.33871574
2021-12-19 00:00:00+00:00,533.681,544.2,527.502,529.705,32965.48487567
2021-12-20 00:00:00+00:00,529.75,534.659,506.224,523.5,41840.59355736
2021-12-21 00:00:00+00:00,523.756,535.563,517.575,528.794,43166.07145898
2021-12-22 00:00:00+00:00,528.654,544.779,527.441,533.728,38869.46627792
2021-12-23 00:00:00+00:00,533.537,552.575,524.514,549.2,43663.8972006
2021-12-24 00:00:00+00:00,549.215,554.448,537.28,542.05,41484.32344563
2021-12-25 00:00:00+00:00,542.173,550.5,539.352,547.622,30874.19093946
2021-12-26 00:00:00+00:00,547.631,549.163,536.0,546.374,32118.81423796
2021-12-27 00:00:00+00:00,546.374,571.92,543.302,563.603,45933.26129528
2021-12-28 00:00:00+00:00,563.673,563.673,527.902,534.128,62050.58104261
2021-12-29 00:00:00+00:00,534.204,540.667,510.688,514.538,50846.1647788
2021-12-30 00:00:00+00:00,514.41,527.728,508.569,518.396,52701.25084378
2021-12-31 00:00:00+00:00,518.505,528.55,506.101,511.325,48119.68616333
2022-01-01 00:00:00+00:00,511.547,527.94,511.472,527.321,35051.04920083
2022-01-02 00:00:00+00:00,527.51,533.805,518.249,531.208,38955.48785835
2022-01-03 00:00:00+00:00,531.199,532.882,510.08,511.967,42854.87313621
2022-01-04 00:00:00+00:00,511.785,520.157,502.186,507.151,52968.80179222
2022-01-05 00:00:00+00:00,506.995,516.2,457.132,474.117,79383.79032203
2022-01-06 00:00:00+00:00,474.119,481.436,459.0,472.721,74287.76847586
2022-01-07 00:00:00+00:00,472.753,474.072,437.563,448.006,58979.34840495
2022-01-08 00:00:00+00:00,448.033,459.499,416.208,429.691,52355.19139988
2022-01-09 00:00:00+00:00,429.691,444.598,427.226,438.851,35724.50317198
2022-01-10 00:00:00+00:00,438.667,445.334,406.754,424.547,52697.35642498
2022-01-11 00:00:00+00:00,424.59,467.768,421.39,463.621,64849.40862168
2022-01-12 00:00:00+00:00,463.554,489.7,456.641,488.079,56963.95438326
2022-01-13 00:00:00+00:00,488.051,489.137,466.441,475.276,53209.25070395
2022-01-14 00:00:00+00:00,475.233,492.344,467.898,490.243,53451.85269583
2022-01-15 00:00:00+00:00,490.056,501.449,485.312,494.851,40047.5490978
2022-01-16 00:00:00+00:00,494.652,505.862,488.826,498.737,36675.954116
2022-01-17 00:00:00+00:00,498.71,499.28,467.202,475.258,50439.11703553
2022-01-18 00:00:00+00:00,475.121,479.707,457.306,471.496,56190.59056316
2022-01-19 00:00:00+00:00,471.607,473.082,453.827,461.87,54891.09966033
2022-01-20 00:00:00+00:00,462.016,478.895,438.236,440.101,69025.15433571
2022-01-21 00:00:00+00:00,440.141,444.814,373.787,383.856,95376.68504949
2022-01-22 00:00:00+00:00,383.701,389.271,320.0,358.375,112470.4902119
2022-01-23 00:00:00+00:00,358.561,389.387,356.421,384.046,68599.59656339
2022-01-24 00:00:00+00:00,383.954,384.003,336.322,371.146,89984.68100034
2022-01-25 00:00:00+00:00,371.305,388.429,357.289,385.183,56479.08794571
2022-01-26 00:00:00+00:00,385.35,402.3,366.377,375.088,67035.801519
2022-01-27 00:00:00+00:00,375.268,393.069,359.6,389.94,61026.38562886
2022-01-28 00:00:00+00:00,390.014,395.993,375.69,386.01,52066.40400082
2022-01-29 00:00:00+00:00,386.07,397.36,380.8,389.048,42879.05932965
2022-01-30 00:00:00+00:00,389.335,389.524,372.476,377.198,29309.97247974
2022-01-31 00:00:00+00:00,377.313,385.396,365.228,374.437,35068.47769935
2022-02-01 00:00:00+00:00,374.545,388.546,373.689,384.045,40540.30016067
2022-02-02 00:00:00+00:00,384.198,386.13,366.135,367.45,41933.27633756
2022-02-03 00:00:00+00:00,367.23,372.561,359.618,372.561,50268.04821531
2022-02-04 00:00:00+00:00,372.549,399.616,369.497,399.537,54368.25236848
2022-02-05 00:00:00+00:00,399.462,430.889,396.54,413.999,51720.84055074
2022-02-06 00:00:00+00:00,413.825,421.76,407.101,419.85,30195.45130763
2022-02-07 00:00:00+00:00,419.992,438.95,413.394,433.477,51694.6886888
2022-02-08 00:00:00+00:00,433.601,445.38,406.471,407.884,60095.50107404
2022-02-09 00:00:00+00:00,407.958,427.813,407.234,422.989,41412.6018813
2022-02-10 00:00:00+00:00,422.956,434.895,409.9,414.447,46163.24768842
2022-02-11 00:00:00+00:00,414.539,418.82,392.437,399.95,43564.08280159
2022-02-12 00:00:00+00:00,399.894,407.034,393.54,403.681,35492.87390783
2022-02-13 00:00:00+00:00,403.648,407.7,394.89,397.998,30865.26239175
2022-02-14 00:00:00+00:00,398.073,404.4,390.636,403.578,39363.0642291
2022-02-15 00:00:00+00:00,403.59,442.5,402.881,432.551,87808.89846975
2022-02-16 00:00:00+00:00,432.628,433.363,422.356,427.394,43934.23201545
2022-02-17 00:00:00+00:00,427.381,431.286,399.99,402.327,42281.62139052
2022-02-18 00:00:00+00:00,402.369,411.092,392.23,399.266,35148.46187813
2022-02-19 00:00:00+00:00,399.261,406.551,393.17,399.865,26681.65148531
2022-02-20 00:00:00+00:00,399.922,400.094,375.111,380.681,34963.68286282
2022-02-21 00:00:00+00:00,380.776,393.611,355.05,356.783,48748.96686104
2022-02-22 00:00:00+00:00,356.788,375.44,348.568,374.361,38368.67804775
2022-02-23 00:00:00+00:00,374.345,384.2,365.36,365.653,35831.93457877
2022-02-24 00:00:00+00:00,365.6,371.114,323.378,361.18,79476.5718186
2022-02-25 00:00:00+00:00,361.191,377.262,356.86,374.856,38295.07456177
2022-02-26 00:00:00+00:00,375.082,385.943,370.57,373.731,33857.83383185
2022-02-27 00:00:00+00:00,373.814,381.14,358.25,359.959,37525.35205835
2022-02-28 00:00:00+00:00,360.079,397.31,355.684,395.781,44569.9924973
2022-03-01 00:00:00+00:00,395.718,424.0,391.054,408.753,66474.17106626
2022-03-02 00:00:00+00:00,408.775,415.58,403.857,409.124,40721.93463522
2022-03-03 00:00:00+00:00,409.089,413.04,397.469,402.758,32859.1928933
2022-03-04 00:00:00+00:00,402.758,403.618,372.0,374.258,39457.93862961
2022-03-05 00:00:00+00:00,374.163,387.439,366.841,384.782,30702.71031586
2022-03-06 00:00:00+00:00,384.76,387.32,372.502,375.041,28785.95825796
2022-03-07 00:00:00+00:00,375.041,385.71,362.87,380.663,43834.15324891
2022-03-08 00:00:00+00:00,380.323,388.779,376.999,381.374,32045.4260151
2022-03-09 00:00:00+00:00,381.427,402.789,381.137,393.307,43621.85282112
2022-03-10 00:00:00+00:00,393.31,394.658,363.043,372.071,38212.25006997
2022-03-11 00:00:00+00:00,372.099,380.0,364.8,371.98,30728.88610096
2022-03-12 00:00:00+00:00,371.91,379.234,371.21,372.47,22711.83827842
2022-03-13 00:00:00+00:00,372.318,377.162,360.1,361.258,25206.8225484
2022-03-14 00:00:00+00:00,361.324,373.976,359.505,373.359,28617.92527918
2022-03-15 00:00:00+00:00,373.486,374.848,361.856,371.669,30462.0423565
2022-03-16 00:00:00+00:00,371.669,386.58,367.888,385.496,35109.47864262
2022-03-17 00:00:00+00:00,385.508,393.5,381.831,391.888,28608.87707886
2022-03-18 00:00:00+00:00,391.993,400.261,384.1,397.289,29328.54064434
2022-03-19 00:00:00+00:00,397.271,406.29,395.0,399.897,24793.75015786
2022-03-20 00:00:00+00:00,399.887,400.789,386.4,390.842,21153.93626967
2022-03-21 00:00:00+00:00,390.842,399.279,385.508,396.122,25097.36819325
2022-03-22 00:00:00+00:00,396.049,410.611,395.066,404.31,32116.15300639
2022-03-23 00:00:00+00:00,404.303,411.674,398.235,408.383,28438.24732593
2022-03-24 00:00:00+00:00,408.516,416.63,405.12,414.349,30412.2046693
2022-03-25 00:00:00+00:00,414.293,421.529,405.66,410.348,33255.87088979
2022-03-26 00:00:00+00:00,410.389,416.478,407.566,415.947,19263.68265215
2022-03-27 00:00:00+00:00,415.947,431.546,411.654,430.505,26454.57449092
2022-03-28 00:00:00+00:00,430.505,440.961,427.754,430.163,45527.76539214
2022-03-29 00:00:00+00:00,430.026,441.695,429.618,434.256,47908.29387652
2022-03-30 00:00:00+00:00,434.204,449.35,425.52,442.064,47943.51475362
2022-03-31 00:00:00+00:00,442.064,452.22,424.1,428.782,99317.6410875
2022-04-01 00:00:00+00:00,428.776,448.172,413.36,447.722,91412.32723884
2022-04-02 00:00:00+00:00,447.605,454.27,435.68,437.128,90039.92356302
2022-04-03 00:00:00+00:00,437.127,455.82,432.23,450.329,65594.26707698
2022-04-04 00:00:00+00:00,450.312,450.41,433.46,447.532,78306.25093594
2022-04-05 00:00:00+00:00,447.554,459.999,444.231,444.704,48859.04613335
2022-04-06 00:00:00+00:00,444.724,444.724,418.46,419.983,55232.47659909
2022-04-07 00:00:00+00:00,419.897,438.587,416.216,436.195,35593.0436058
2022-04-08 00:00:00+00:00,436.1,441.44,418.621,421.54,75538.47650586
2022-04-09 00:00:00+00:00,421.478,428.16,419.749,426.77,24891.4664913
2022-04-10 00:00:00+00:00,426.794,429.646,417.15,418.0,28224.5750235
2022-04-11 00:00:00+00:00,418.102,419.54,391.25,394.599,63109.64706743
2022-04-12 00:00:00+00:00,394.509,416.899,392.44,413.708,41994.02569825
2022-04-13 00:00:00+00:00,413.815,425.092,410.337,423.397,58401.50545113
2022-04-14 00:00:00+00:00,423.398,426.84,411.42,414.77,35054.96763071
2022-04-15 00:00:00+00:00,414.77,420.16,412.78,417.427,32955.77451309
2022-04-16 00:00:00+00:00,417.417,418.924,411.72,417.222,21264.15889426
2022-04-17 00:00:00+00:00,417.4,418.243,405.631,406.711,23468.07551149
2022-04-18 00:00:00+00:00,406.688,417.94,396.34,416.832,41503.74108509
2022-04-19 00:00:00+00:00,416.848,424.5,414.759,422.21,41076.34690222
2022-04-20 00:00:00+00:00,422.229,431.282,414.819,418.29,41236.63527211
2022-04-21 00:00:00+00:00,418.307,425.936,401.25,404.818,59157.63194839
2022-04-22 00:00:00+00:00,404.827,413.934,403.44,406.647,39273.63869105
2022-04-23 00:00:00+00:00,406.648,408.2,397.0,401.169,34965.77206999
2022-04-24 00:00:00+00:00,401.186,405.384,397.38,398.756,28102.59284867
2022-04-25 00:00:00+00:00,398.756,405.655,382.28,404.218,59039.93812537
2022-04-26 00:00:00+00:00,404.319,407.5,380.951,385.932,45877.20148333
2022-04-27 00:00:00+00:00,385.946,394.76,383.45,391.33,63856.53924235
2022-04-28 00:00:00+00:00,391.33,408.559,388.5,406.922,71229.32638787
2022-04-29 00:00:00+00:00,406.959,410.576,389.654,392.865,79792.35323026
2022-04-30 00:00:00+00:00,392.898,399.86,376.301,376.912,51682.07615063
2022-05-01 00:00:00+00:00,376.913,391.385,375.4,390.127,49338.64259071
2022-05-02 00:00:00+00:00,389.902,392.625,382.182,389.536,44121.52104897
2022-05-03 00:00:00+00:00,389.57,392.215,379.843,383.828,32972.48866696
2022-05-04 00:00:00+00:00,383.819,403.601,382.806,402.651,41231.61148992
2022-05-05 00:00:00+00:00,402.595,413.691,370.909,378.442,67748.71427784
2022-05-06 00:00:00+00:00,378.429,383.501,370.594,379.152,48100.47982475
2022-05-07 00:00:00+00:00,379.153,380.64,360.262,365.363,38661.07989969
2022-05-08 00:00:00+00:00,365.409,366.879,349.51,355.815,50748.81905633
2022-05-09 00:00:00+00:00,355.89,359.23,295.14,295.982,108802.37543582
2022-05-10 00:00:00+00:00,295.997,332.66,288.772,319.124,116054.12550813
2022-05-11 00:00:00+00:00,318.989,322.93,260.419,271.841,209149.0709516
2022-05-12 00:00:00+00:00,271.586,285.026,218.052,268.736,169356.72873128
2022-05-13 00:00:00+00:00,268.747,313.5,265.37,290.578,85423.00516945
2022-05-14 00:00:00+00:00,290.655,299.49,272.04,297.007,64720.87980857
2022-05-15 00:00:00+00:00,296.996,312.69,285.698,312.434,50616.56343703
2022-05-16 00:00:00+00:00,312.406,312.476,290.216,297.087,63029.18282582
2022-05-17 00:00:00+00:00,297.276,310.768,296.067,306.143,45584.64428785
2022-05-18 00:00:00+00:00,306.099,308.459,286.781,287.588,59264.90572104
2022-05-19 00:00:00+00:00,287.646,308.96,286.74,306.85,70646.93715589
2022-05-20 00:00:00+00:00,306.968,315.98,294.09,302.305,80569.37609971
2022-05-21 00:00:00+00:00,302.316,314.169,299.35,312.397,52726.71848877
2022-05-22 00:00:00+00:00,312.372,323.686,311.61,319.252,57806.27246987
2022-05-23 00:00:00+00:00,319.288,337.05,315.3,317.127,65671.56840132
2022-05-24 00:00:00+00:00,317.196,330.4,312.07,328.395,54624.89503669
2022-05-25 00:00:00+00:00,328.392,337.94,323.95,325.671,76984.75933676
2022-05-26 00:00:00+00:00,325.616,331.787,296.813,303.047,108610.73467305
2022-05-27 00:00:00+00:00,302.853,309.768,290.7,301.567,110417.06629918
2022-05-28 00:00:00+00:00,301.58,310.568,297.0,307.529,68707.99178269
2022-05-29 00:00:00+00:00,307.548,308.21,298.622,305.913,49851.35925131
2022-05-30 00:00:00+00:00,305.949,323.9,303.94,321.663,63570.01806398
2022-05-31 00:00:00+00:00,321.744,324.769,313.409,321.056,42135.74397419
2022-06-01 00:00:00+00:00,321.056,324.499,296.611,300.361,51857.69929546
2022-06-02 00:00:00+00:00,300.423,309.24,298.19,308.334,36625.40270414
2022-06-03 00:00:00+00:00,308.376,310.18,293.0,298.628,40666.35874281
2022-06-04 00:00:00+00:00,298.574,303.0,294.736,301.416,23044.19362564
2022-06-05 00:00:00+00:00,301.387,302.419,294.841,298.879,25466.27938927
2022-06-06 00:00:00+00:00,299.058,312.445,287.421,295.0,47231.58677484
2022-06-07 00:00:00+00:00,294.916,295.937,273.0,290.29,78183.28129744
2022-06-08 00:00:00+00:00,290.29,294.62,284.003,288.398,34310.14540843
2022-06-09 00:00:00+00:00,288.505,293.451,286.32,289.766,24707.86130698
2022-06-10 00:00:00+00:00,289.766,298.67,283.099,286.306,48614.13370784
2022-06-11 00:00:00+00:00,286.313,290.47,265.17,269.798,51258.41474842
2022-06-12 00:00:00+00:00,269.911,271.94,251.068,254.787,72231.48559904
2022-06-13 00:00:00+00:00,254.694,257.96,213.429,222.839,130803.99498812
2022-06-14 00:00:00+00:00,222.945,231.28,204.108,223.036,97574.63750158
2022-06-15 00:00:00+00:00,223.038,234.728,198.535,233.634,98116.99487814
2022-06-16 00:00:00+00:00,233.609,237.21,207.69,210.198,71003.95395578
2022-06-17 00:00:00+00:00,210.311,222.0,207.76,215.62,41621.15545859
2022-06-18 00:00:00+00:00,215.768,218.98,183.132,196.935,74347.5503245
2022-06-19 00:00:00+00:00,196.935,216.831,189.74,215.118,86223.37402971
2022-06-20 00:00:00+00:00,215.031,219.5,204.74,216.55,48281.71517916
2022-06-21 00:00:00+00:00,216.54,228.319,213.171,220.044,54626.5327799
2022-06-22 00:00:00+00:00,220.067,220.98,211.26,214.2,52751.01395089
2022-06-23 00:00:00+00:00,214.206,230.51,213.963,228.77,51273.51267528
2022-06-24 00:00:00+00:00,228.772,243.398,228.31,240.225,46428.47048537
2022-06-25 00:00:00+00:00,240.228,242.04,229.528,239.642,36123.58173617
2022-06-26 00:00:00+00:00,239.643,245.23,233.18,233.879,33795.53273362
2022-06-27 00:00:00+00:00,233.879,240.964,230.097,233.692,35503.30641859
2022-06-28 00:00:00+00:00,233.711,242.603,225.804,227.011,47480.61341389
2022-06-29 00:00:00+00:00,226.896,229.65,215.42,219.703,51161.36098539
2022-06-30 00:00:00+00:00,219.705,220.264,205.6,219.336,59731.29809721
2022-07-01 00:00:00+00:00,219.64,226.789,213.49,216.808,60767.83848323
2022-07-02 00:00:00+00:00,216.937,219.766,213.85,218.22,48680.43308197
2022-07-03 00:00:00+00:00,218.285,220.09,214.19,219.063,30791.03520494
2022-07-04 00:00:00+00:00,219.12,232.125,214.724,231.411,37371.52775417
2022-07-05 00:00:00+00:00,231.478,236.595,222.91,230.702,49845.3277517
2022-07-06 00:00:00+00:00,230.65,240.0,228.99,238.496,38789.56321364
2022-07-07 00:00:00+00:00,238.522,243.64,235.4,241.5,34115.47827484
2022-07-08 00:00:00+00:00,241.54,247.887,236.98,240.61,35429.04526726
2022-07-09 00:00:00+00:00,240.57,245.0,240.537,243.255,20137.41472931
2022-07-10 00:00:00+00:00,243.255,243.432,231.81,234.687,25624.70741127
2022-07-11 00:00:00+00:00,234.687,234.95,225.09,225.612,28467.60941506
2022-07-12 00:00:00+00:00,225.542,228.298,220.13,220.501,29085.1013719
2022-07-13 00:00:00+00:00,220.497,230.97,216.5,230.476,39636.62075854
2022-07-14 00:00:00+00:00,230.426,240.0,227.17,238.468,35571.01969299
2022-07-15 00:00:00+00:00,238.484,242.654,235.47,238.539,33924.91643763
2022-07-16 00:00:00+00:00,238.564,251.573,233.888,249.816,39378.82420257
2022-07-17 00:00:00+00:00,249.753,255.912,246.47,247.654,30082.22067597
2022-07-18 00:00:00+00:00,247.693,265.469,247.62,264.02,50368.78354548
2022-07-19 00:00:00+00:00,264.002,274.77,255.765,268.795,57995.81453559
2022-07-20 00:00:00+00:00,268.795,271.922,256.51,258.133,40590.45164523
2022-07-21 00:00:00+00:00,258.24,266.431,250.64,265.629,28666.19070237
2022-07-22 00:00:00+00:00,265.628,271.249,261.22,262.53,27469.18914145
2022-07-23 00:00:00+00:00,262.53,272.697,252.72,259.228,35656.13553399
2022-07-24 00:00:00+00:00,259.095,266.27,257.2,261.428,23215.75674473
2022-07-25 00:00:00+00:00,261.395,262.63,243.999,244.575,32722.606663
2022-07-26 00:00:00+00:00,244.65,249.507,239.64,249.414,24066.68531158
2022-07-27 00:00:00+00:00,249.417,271.964,247.522,271.514,45731.21160673
2022-07-28 00:00:00+00:00,271.535,280.712,263.593,277.12,50946.02026765
2022-07-29 00:00:00+00:00,277.151,302.02,274.874,293.609,70665.74517298
2022-07-30 00:00:00+00:00,293.656,300.099,285.07,287.671,48091.92523481
2022-07-31 00:00:00+00:00,287.672,297.07,282.201,283.443,33687.01596648
2022-08-01 00:00:00+00:00,283.367,290.389,277.94,283.262,35918.6344152
2022-08-02 00:00:00+00:00,283.302,291.24,274.28,283.722,37140.32149446
2022-08-03 00:00:00+00:00,283.756,305.779,278.218,297.476,40115.79538867
2022-08-04 00:00:00+00:00,297.518,313.44,297.181,311.859,52070.3561131
2022-08-05 00:00:00+00:00,311.827,321.359,308.063,315.823,42648.80581728
2022-08-06 00:00:00+00:00,315.823,322.916,312.685,315.208,30744.24753155
2022-08-07 00:00:00+00:00,315.193,325.92,308.22,322.748,32547.50909901
2022-08-08 00:00:00+00:00,322.78,333.764,321.115,324.878,36205.32339723
2022-08-09 00:00:00+00:00,324.754,328.4,312.374,324.501,30785.72853637
2022-08-10 00:00:00+00:00,324.413,336.757,313.676,328.81,51142.08825132
2022-08-11 00:00:00+00:00,328.825,334.829,321.992,323.505,30114.38964198
2022-08-12 00:00:00+00:00,323.526,328.04,317.74,327.836,23348.84316819
2022-08-13 00:00:00+00:00,327.955,332.793,322.78,324.042,24041.432837
2022-08-14 00:00:00+00:00,324.2,330.992,315.88,317.664,23730.31777506
2022-08-15 00:00:00+00:00,317.661,327.336,313.641,319.437,30226.95894192
2022-08-16 00:00:00+00:00,319.347,322.375,312.001,316.07,21017.71729418
2022-08-17 00:00:00+00:00,316.07,324.03,304.0,306.922,34283.95366284
2022-08-18 00:00:00+00:00,306.93,310.45,295.662,297.98,27538.36630913
2022-08-19 00:00:00+00:00,298.041,298.143,274.61,279.079,49199.28165936
2022-08-20 00:00:00+00:00,279.096,289.064,276.702,283.686,33170.93138854
2022-08-21 00:00:00+00:00,283.67,304.372,283.369,301.808,36186.99107884
2022-08-22 00:00:00+00:00,301.772,304.883,288.794,299.957,37773.64747618
2022-08-23 00:00:00+00:00,300.028,301.679,293.74,299.278,25017.26812564
2022-08-24 00:00:00+00:00,299.265,300.429,294.305,296.231,24267.27610784
2022-08-25 00:00:00+00:00,296.261,307.604,295.83,301.351,25980.59658844
2022-08-26 00:00:00+00:00,301.282,302.245,277.25,279.531,34291.36233394
2022-08-27 00:00:00+00:00,279.498,284.54,273.062,277.851,27320.31167132
2022-08-28 00:00:00+00:00,277.863,283.929,275.62,276.427,18640.0224814
2022-08-29 00:00:00+00:00,276.427,286.639,272.35,285.933,21756.17750477
2022-08-30 00:00:00+00:00,285.906,292.075,276.606,281.436,22532.7589238
2022-08-31 00:00:00+00:00,281.613,289.929,277.79,279.225,23025.21712994
2022-09-01 00:00:00+00:00,279.179,280.369,269.99,278.39,28107.73442038
2022-09-02 00:00:00+00:00,278.462,283.429,273.736,277.335,22204.13509721
2022-09-03 00:00:00+00:00,277.366,278.708,274.22,277.742,9265.44581397
2022-09-04 00:00:00+00:00,277.742,280.61,274.995,279.013,11962.6546681
2022-09-05 00:00:00+00:00,279.02,281.832,273.337,276.739,16211.76643464
2022-09-06 00:00:00+00:00,276.877,286.18,261.2,262.467,31817.32093558
2022-09-07 00:00:00+00:00,262.371,280.28,258.5,278.998,24698.58740289
2022-09-08 00:00:00+00:00,279.005,282.77,275.451,280.469,19314.57601531
2022-09-09 00:00:00+00:00,280.569,295.88,280.144,293.313,21987.33577542
2022-09-10 00:00:00+00:00,293.381,298.6,290.4,296.561,14988.36658326
2022-09-11 00:00:00+00:00,296.595,298.13,289.81,295.315,12222.2665421
2022-09-12 00:00:00+00:00,295.24,299.815,290.851,293.936,19492.54981039
2022-09-13 00:00:00+00:00,293.95,298.51,275.46,277.447,27070.5326986
2022-09-14 00:00:00+00:00,277.415,282.66,273.317,279.315,17220.51688845
2022-09-15 00:00:00+00:00,279.262,280.417,266.067,271.037,22181.91732436
2022-09-16 00:00:00+00:00,271.088,276.444,268.52,274.819,13173.79317424
2022-09-17 00:00:00+00:00,274.838,279.77,274.594,279.013,9661.43709136
2022-09-18 00:00:00+00:00,279.055,280.2,263.0,266.225,15329.28939194
2022-09-19 00:00:00+00:00,266.259,273.049,256.645,271.875,21039.10246283
2022-09-20 00:00:00+00:00,271.853,273.599,265.17,266.208,11045.58841157
2022-09-21 00:00:00+00:00,266.242,276.548,260.431,264.051,23323.83935991
2022-09-22 00:00:00+00:00,263.97,276.56,263.54,275.373,16451.6465
2022-09-23 00:00:00+00:00,275.424,277.7,268.521,276.691,15227.5643
2022-09-24 00:00:00+00:00,276.667,285.07,274.2,274.501,17386.56017858
2022-09-25 00:00:00+00:00,274.518,279.82,271.001,274.144,12836.67700895
2022-09-26 00:00:00+00:00,274.155,276.839,270.778,276.089,15215.868
2022-09-27 00:00:00+00:00,276.082,286.479,269.281,272.248,23024.28380562
2022-09-28 00:00:00+00:00,272.273,283.62,266.46,281.618,21451.7579
2022-09-29 00:00:00+00:00,281.611,285.439,277.07,284.07,24264.1835
2022-09-30 00:00:00+00:00,284.08,289.784,280.54,284.749,25437.10909798
2022-10-01 00:00:00+00:00,284.75,285.41,277.73,282.987,13241.58415242
2022-10-02 00:00:00+00:00,282.884,287.83,279.445,284.67,15332.7321
2022-10-03 00:00:00+00:00,284.7,289.04,283.169,287.065,17353.1482
2022-10-04 00:00:00+00:00,287.041,298.19,286.266,296.263,21335.15099922
2022-10-05 00:00:00+00:00,296.263,296.388,289.27,294.122,12011.5252
2022-10-06 00:00:00+00:00,294.121,297.883,278.52,287.131,26726.7723
2022-10-07 00:00:00+00:00,286.924,286.966,279.359,282.293,22143.3808
2022-10-08 00:00:00+00:00,282.235,282.58,275.466,276.33,15589.9237
2022-10-09 00:00:00+00:00,276.308,279.5,275.15,278.217,10822.862
2022-10-10 00:00:00+00:00,278.201,279.174,271.35,271.514,13760.01195517
2022-10-11 00:00:00+00:00,271.47,273.95,267.034,271.461,18161.57233753
2022-10-12 00:00:00+00:00,271.448,272.867,269.325,270.882,13604.0353
2022-10-13 00:00:00+00:00,270.873,273.78,256.7,271.615,43758.35967383
2022-10-14 00:00:00+00:00,271.521,276.816,267.566,269.557,24700.21480962
2022-10-15 00:00:00+00:00,269.557,271.398,267.367,268.164,11885.0244
2022-10-16 00:00:00+00:00,268.151,273.83,267.923,272.443,14526.2067
2022-10-17 00:00:00+00:00,272.443,275.939,269.781,275.617,13741.87010371
2022-10-18 00:00:00+00:00,275.676,275.99,270.18,273.165,15313.4943
2022-10-19 00:00:00+00:00,273.157,273.985,270.309,271.902,10617.5746
2022-10-20 00:00:00+00:00,271.909,273.4,267.27,268.959,21337.9358
2022-10-21 00:00:00+00:00,268.958,271.239,263.508,270.023,18936.5822
2022-10-22 00:00:00+00:00,270.041,271.123,268.361,270.427,8737.0751
2022-10-23 00:00:00+00:00,270.437,276.65,268.642,275.843,17875.60299376
2022-10-24 00:00:00+00:00,275.843,277.339,271.6,274.186,11308.6874081
2022-10-25 00:00:00+00:00,274.187,289.923,271.97,284.106,30428.80180938
2022-10-26 00:00:00+00:00,284.13,291.999,284.13,290.294,20238.9031
2022-10-27 00:00:00+00:00,290.237,293.299,284.613,286.802,22747.969
2022-10-28 00:00:00+00:00,286.835,301.088,285.69,297.82,27915.53481263
2022-10-29 00:00:00+00:00,297.886,308.358,295.661,304.443,33402.98604046
2022-10-30 00:00:00+00:00,304.45,319.064,302.287,313.583,38653.20644079
2022-10-31 00:00:00+00:00,313.54,337.939,306.44,325.651,76198.79583441
2022-11-01 00:00:00+00:00,325.745,334.479,317.514,323.9,30097.14390646
2022-11-02 00:00:00+00:00,323.9,329.633,315.275,320.167,31807.30658618
2022-11-03 00:00:00+00:00,320.167,338.77,318.16,329.58,35437.81516543
2022-11-04 00:00:00+00:00,329.576,358.951,328.318,354.532,47522.29777812
2022-11-05 00:00:00+00:00,354.55,361.237,346.28,349.333,24248.3252
2022-11-06 00:00:00+00:00,349.2,356.09,337.754,337.787,25942.739
2022-11-07 00:00:00+00:00,337.858,344.319,326.479,336.8,41588.51397667
2022-11-08 00:00:00+00:00,336.8,399.352,299.523,327.298,209794.81798878
2022-11-09 00:00:00+00:00,327.298,333.0,260.41,266.883,119511.22529745
2022-11-10 00:00:00+00:00,267.182,312.601,263.08,304.211,65733.4527
2022-11-11 00:00:00+00:00,304.198,306.0,278.967,289.988,28382.38156
2022-11-12 00:00:00+00:00,290.225,293.86,271.643,282.83,17552.93596309
2022-11-13 00:00:00+00:00,282.843,286.549,273.28,276.418,15178.183
2022-11-14 00:00:00+00:00,276.656,292.18,267.84,279.035,26308.90669403
2022-11-15 00:00:00+00:00,279.046,282.32,273.001,277.049,21797.99160397
2022-11-16 00:00:00+00:00,277.035,280.273,268.6,272.057,20434.5211
2022-11-17 00:00:00+00:00,271.865,273.36,263.31,268.084,17257.15537387
2022-11-18 00:00:00+00:00,268.061,274.77,267.666,273.957,8866.579
2022-11-19 00:00:00+00:00,274.123,278.16,269.059,272.434,9517.65379325
2022-11-20 00:00:00+00:00,272.508,273.85,261.688,264.22,9163.2794
2022-11-21 00:00:00+00:00,264.351,265.114,250.0,254.064,15816.73066634
2022-11-22 00:00:00+00:00,254.181,267.928,252.179,266.544,10065.72047764
2022-11-23 00:00:00+00:00,266.674,301.6,264.94,298.807,43441.82688987
2022-11-24 00:00:00+00:00,298.88,304.01,294.0,300.419,19263.5849
2022-11-25 00:00:00+00:00,300.422,306.361,294.222,300.399,12886.2898
2022-11-26 00:00:00+00:00,300.797,317.999,300.128,311.329,16550.6625
2022-11-27 00:00:00+00:00,311.414,316.726,306.178,307.67,13986.7257
2022-11-28 00:00:00+00:00,307.771,309.54,287.0,293.438,27072.37416497
2022-11-29 00:00:00+00:00,293.468,305.19,289.0,295.378,16376.8517
2022-11-30 00:00:00+00:00,295.49,305.701,292.419,300.772,19019.2377
2022-12-01 00:00:00+00:00,300.582,301.987,290.28,292.153,31519.8735
2022-12-02 00:00:00+00:00,292.214,293.85,285.36,293.533,14716.82429268
2022-12-03 00:00:00+00:00,293.506,294.389,289.031,290.293,8370.5406
2022-12-04 00:00:00+00:00,290.394,292.57,287.51,291.788,7697.8771
2022-12-05 00:00:00+00:00,291.783,297.113,286.07,288.523,13732.2716
2022-12-06 00:00:00+00:00,288.53,290.69,286.46,290.22,9175.4217
2022-12-07 00:00:00+00:00,290.189,290.952,281.2,284.038,10981.888
2022-12-08 00:00:00+00:00,284.143,292.06,282.503,290.469,9487.4601
2022-12-09 00:00:00+00:00,290.422,292.0,284.6,286.0,10092.442
2022-12-10 00:00:00+00:00,286.0,289.85,285.73,288.091,4629.26
2022-12-11 00:00:00+00:00,288.099,291.423,283.5,284.5,7664.0392
2022-12-12 00:00:00+00:00,284.571,285.599,271.92,276.147,23089.7108
2022-12-13 00:00:00+00:00,276.188,281.95,255.723,272.094,54492.6254
2022-12-14 00:00:00+00:00,272.149,278.28,265.655,267.668,20220.7638
2022-12-15 00:00:00+00:00,267.725,268.106,256.337,258.85,15581.72864006
2022-12-16 00:00:00+00:00,258.855,264.53,221.76,230.919,41865.82636155
2022-12-17 00:00:00+00:00,231.048,244.753,219.282,242.019,40989.6743022
2022-12-18 00:00:00+00:00,242.005,254.0,239.48,251.045,27350.11042866
2022-12-19 00:00:00+00:00,251.11,253.341,237.2,240.311,16562.95178646
2022-12-20 00:00:00+00:00,240.315,253.24,239.28,251.391,14766.9367
2022-12-21 00:00:00+00:00,251.389,251.609,245.48,246.155,7177.04546333
2022-12-22 00:00:00+00:00,246.221,248.2,240.301,245.794,10618.9366
2022-12-23 00:00:00+00:00,245.823,248.749,243.97,246.246,7197.33624789
2022-12-24 00:00:00+00:00,246.27,246.334,243.607,244.565,4087.3499
2022-12-25 00:00:00+00:00,244.566,245.83,241.08,243.053,5943.2876
2022-12-26 00:00:00+00:00,243.083,244.779,241.898,244.168,5275.58
2022-12-27 00:00:00+00:00,244.289,248.7,242.295,246.495,8993.4367
2022-12-28 00:00:00+00:00,246.612,247.229,241.72,244.417,9833.7378
2022-12-29 00:00:00+00:00,244.419,246.82,243.318,246.338,8274.3896
2022-12-30 00:00:00+00:00,246.279,246.724,242.75,245.84,9148.8961
2022-12-31 00:00:00+00:00,245.84,248.0,244.89,246.251,7152.9886
2023-01-01 00:00:00+00:00,246.285,246.62,243.439,244.4,5941.9619
2023-01-02 00:00:00+00:00,244.397,247.86,240.76,245.24,9496.8336
2023-01-03 00:00:00+00:00,245.25,246.96,244.57,246.0,6819.7442
2023-01-04 00:00:00+00:00,246.0,260.817,245.62,258.836,21488.35263505
2023-01-05 00:00:00+00:00,258.848,259.0,255.0,256.576,8729.996
2023-01-06 00:00:00+00:00,256.576,260.476,254.499,259.869,10043.13528299
2023-01-07 00:00:00+00:00,259.821,263.88,259.355,261.341,7299.6184
2023-01-08 00:00:00+00:00,261.331,276.195,260.093,274.953,13338.6863588
2023-01-09 00:00:00+00:00,274.925,283.313,271.269,272.507,23285.3891
2023-01-10 00:00:00+00:00,272.487,278.726,270.42,277.253,11197.90113389
2023-01-11 00:00:00+00:00,277.252,286.93,274.241,284.723,13245.4535
2023-01-12 00:00:00+00:00,284.769,288.59,278.913,287.723,21544.4531
2023-01-13 00:00:00+00:00,287.723,295.717,284.891,293.705,20933.5058
2023-01-14 00:00:00+00:00,293.705,314.368,293.287,305.196,42619.5401
2023-01-15 00:00:00+00:00,305.169,306.04,292.0,302.123,24983.1029
2023-01-16 00:00:00+00:00,302.1,307.97,293.26,299.053,30342.1205906
2023-01-17 00:00:00+00:00,299.085,305.67,295.17,299.279,21397.1639
2023-01-18 00:00:00+00:00,299.299,305.187,281.25,286.766,56054.7475
2023-01-19 00:00:00+00:00,286.699,295.47,285.776,294.63,16131.44619823
2023-01-20 00:00:00+00:00,294.609,305.401,286.681,305.135,32309.9336
2023-01-21 00:00:00+00:00,305.08,310.0,297.363,298.993,45931.0454
2023-01-22 00:00:00+00:00,299.063,311.271,298.452,303.027,32541.14795357
2023-01-23 00:00:00+00:00,303.027,307.747,300.677,305.132,27626.442
2023-01-24 00:00:00+00:00,305.151,323.612,299.17,300.308,44391.64142725
2023-01-25 00:00:00+00:00,300.322,313.919,293.453,306.807,32206.66466847
2023-01-26 00:00:00+00:00,306.909,309.499,301.512,304.793,21557.4273
2023-01-27 00:00:00+00:00,304.845,310.5,298.893,308.017,18826.5993
2023-01-28 00:00:00+00:00,308.016,313.588,303.537,306.061,17161.93844744
2023-01-29 00:00:00+00:00,306.061,320.473,304.859,317.21,30795.31362307
2023-01-30 00:00:00+00:00,317.135,320.942,301.956,307.169,23514.6051
2023-01-31 00:00:00+00:00,307.169,314.364,305.326,312.09,19347.24218759
2023-02-01 00:00:00+00:00,312.088,319.357,305.617,317.071,21769.765
2023-02-02 00:00:00+00:00,317.072,334.427,316.41,323.508,30522.08582708
2023-02-03 00:00:00+00:00,323.493,335.464,318.41,332.375,29350.1821
2023-02-04 00:00:00+00:00,332.446,334.111,327.0,330.517,14265.8916
2023-02-05 00:00:00+00:00,330.403,337.766,324.09,327.778,21126.56348272
2023-02-06 00:00:00+00:00,327.773,331.499,320.85,324.274,17894.6063
2023-02-07 00:00:00+00:00,324.353,333.709,323.195,333.081,22062.58779157
2023-02-08 00:00:00+00:00,333.01,335.867,323.59,328.276,16550.3916
2023-02-09 00:00:00+00:00,328.285,329.161,301.98,306.087,40620.9489
2023-02-10 00:00:00+00:00,306.152,309.14,302.44,305.81,18657.4608
2023-02-11 00:00:00+00:00,305.802,311.28,305.112,310.528,10471.1289
2023-02-12 00:00:00+00:00,310.528,320.9,306.021,312.491,20942.83157673
2023-02-13 00:00:00+00:00,312.541,315.56,282.781,294.266,66617.26758216
2023-02-14 00:00:00+00:00,294.224,301.66,289.88,296.158,35653.9419865
2023-02-15 00:00:00+00:00,296.25,317.655,294.016,317.402,25477.85334435
2023-02-16 00:00:00+00:00,317.432,327.662,304.06,304.283,60696.94960864
2023-02-17 00:00:00+00:00,304.367,317.189,302.967,313.13,39106.4931
2023-02-18 00:00:00+00:00,313.045,318.998,313.029,316.425,21210.2463
2023-02-19 00:00:00+00:00,316.434,318.735,310.35,311.46,24069.2708
2023-02-20 00:00:00+00:00,311.538,319.79,308.06,315.439,29988.6487
2023-02-21 00:00:00+00:00,315.432,317.39,308.0,311.541,28481.6524
2023-02-22 00:00:00+00:00,311.542,312.91,303.45,312.473,26891.8512
2023-02-23 00:00:00+00:00,312.476,315.139,305.83,308.232,19706.7531
2023-02-24 00:00:00+00:00,308.396,311.92,299.0,302.22,23222.7796
2023-02-25 00:00:00+00:00,302.24,302.978,295.373,302.367,13930.33687946
2023-02-26 00:00:00+00:00,302.367,309.77,300.736,308.616,10563.5469
2023-02-27 00:00:00+00:00,308.567,309.375,300.499,304.81,18206.4208
2023-02-28 00:00:00+00:00,304.784,305.69,300.0,301.336,14359.9143
2023-03-01 00:00:00+00:00,301.41,306.389,300.594,302.568,15756.1057
2023-03-02 00:00:00+00:00,302.56,303.78,295.91,299.9,14036.1347
2023-03-03 00:00:00+00:00,299.866,300.019,286.38,290.397,22818.8081
2023-03-04 00:00:00+00:00,290.398,291.389,285.55,289.5,11143.2579
2023-03-05 00:00:00+00:00,289.5,292.669,287.5,288.771,13019.5013
2023-03-06 00:00:00+00:00,288.788,289.743,283.3,287.878,17800.1298
2023-03-07 00:00:00+00:00,287.91,290.499,283.42,289.247,21180.073
2023-03-08 00:00:00+00:00,289.247,294.215,285.068,287.055,19626.7875
2023-03-09 00:00:00+00:00,286.949,291.309,271.25,277.12,33621.86333874
2023-03-10 00:00:00+00:00,277.18,278.147,265.001,277.486,26328.9788882
2023-03-11 00:00:00+00:00,277.439,281.7,270.401,275.985,28147.4645
2023-03-12 00:00:00+00:00,275.938,288.6,273.361,288.05,24442.28749921
2023-03-13 00:00:00+00:00,288.17,313.2,286.27,307.896,64210.01012036
2023-03-14 00:00:00+00:00,307.896,319.339,302.054,308.609,37045.4726
2023-03-15 00:00:00+00:00,308.413,312.64,300.304,306.328,23918.89170679
2023-03-16 00:00:00+00:00,306.297,332.635,302.969,329.416,67500.2791
2023-03-17 00:00:00+00:00,329.417,340.0,325.881,338.913,47225.2485
2023-03-18 00:00:00+00:00,338.943,346.191,327.148,330.965,35760.7153
2023-03-19 00:00:00+00:00,331.022,341.59,330.342,336.56,22486.1917
2023-03-20 00:00:00+00:00,336.587,339.509,331.454,332.37,21709.4561
2023-03-21 00:00:00+00:00,332.482,339.931,327.184,334.42,21390.4506
2023-03-22 00:00:00+00:00,334.509,339.28,316.18,321.219,41707.8308
2023-03-23 00:00:00+00:00,321.201,331.964,319.102,329.336,22759.9007
2023-03-24 00:00:00+00:00,329.325,330.001,316.16,322.011,22340.8836
2023-03-25 00:00:00+00:00,322.019,324.896,319.09,322.469,18559.1891
2023-03-26 00:00:00+00:00,322.357,329.359,321.656,328.535,11816.7609
2023-03-27 00:00:00+00:00,328.509,329.706,305.91,310.562,29274.3599
2023-03-28 00:00:00+00:00,310.562,315.969,306.923,313.259,18738.9802
2023-03-29 00:00:00+00:00,313.378,319.87,312.47,313.765,21415.2415
2023-03-30 00:00:00+00:00,313.765,322.36,309.191,316.293,24529.2032
2023-03-31 00:00:00+00:00,316.293,319.8,313.05,317.038,15808.5123
2023-04-01 00:00:00+00:00,317.039,318.499,313.072,314.775,10003.5234
2023-04-02 00:00:00+00:00,314.83,316.114,310.832,313.847,8208.2482
2023-04-03 00:00:00+00:00,313.863,314.059,299.6,308.713,29176.2525
2023-04-04 00:00:00+00:00,308.768,312.592,307.991,310.802,21137.691
2023-04-05 00:00:00+00:00,310.817,316.932,310.2,313.921,17564.1399
2023-04-06 00:00:00+00:00,313.936,315.275,310.578,312.108,13470.0688
2023-04-07 00:00:00+00:00,312.161,312.737,309.6,310.351,12107.768
2023-04-08 00:00:00+00:00,310.375,312.665,310.12,310.549,10351.7768
2023-04-09 00:00:00+00:00,310.549,313.786,309.492,312.719,8549.03903153
2023-04-10 00:00:00+00:00,312.702,318.59,311.67,318.583,14387.8404
2023-04-11 00:00:00+00:00,318.581,332.999,317.89,322.302,36813.2919
2023-04-12 00:00:00+00:00,322.302,323.373,316.72,319.804,19993.6512
2023-04-13 00:00:00+00:00,319.877,324.807,317.74,324.648,17808.4217
2023-04-14 00:00:00+00:00,324.667,335.398,323.221,328.778,35032.02563767
2023-04-15 00:00:00+00:00,328.779,335.959,326.951,332.955,25104.7987
2023-04-16 00:00:00+00:00,332.955,350.484,330.13,347.715,44772.13269534
2023-04-17 00:00:00+00:00,347.602,350.198,337.484,339.964,41573.12592873
2023-04-18 00:00:00+00:00,339.964,346.455,337.041,342.958,26258.3586
2023-04-19 00:00:00+00:00,343.052,343.641,320.002,322.516,36790.22504154
2023-04-20 00:00:00+00:00,322.37,326.739,315.301,318.075,19722.1514
2023-04-21 00:00:00+00:00,318.076,332.807,315.499,321.282,42152.6078
2023-04-22 00:00:00+00:00,321.226,333.46,319.73,332.068,23012.9095
2023-04-23 00:00:00+00:00,332.092,332.298,327.334,330.578,13114.384
2023-04-24 00:00:00+00:00,330.604,333.748,327.245,331.19,14834.60097915
2023-04-25 00:00:00+00:00,331.257,340.0,328.65,338.256,15200.7912
2023-04-26 00:00:00+00:00,338.293,345.0,323.049,330.479,23694.5743
2023-04-27 00:00:00+00:00,330.519,336.654,328.28,330.801,19131.9288
2023-04-28 00:00:00+00:00,330.863,330.999,318.684,324.014,32698.2961
2023-04-29 00:00:00+00:00,324.014,324.75,321.011,321.817,13294.992
2023-04-30 00:00:00+00:00,321.85,338.086,320.494,337.225,28822.48299906
2023-05-01 00:00:00+00:00,337.392,339.33,326.0,328.313,28205.7837
2023-05-02 00:00:00+00:00,328.346,328.426,321.433,321.485,18691.2243
2023-05-03 00:00:00+00:00,321.485,327.513,320.401,325.858,24957.0554
2023-05-04 00:00:00+00:00,325.893,327.434,323.26,323.857,13117.8656
2023-05-05 00:00:00+00:00,323.862,328.909,323.0,326.54,17881.7803
2023-05-06 00:00:00+00:00,326.544,328.394,319.182,321.934,15257.2273
2023-05-07 00:00:00+00:00,321.934,325.44,320.567,320.948,14325.9726
2023-05-08 00:00:00+00:00,320.992,322.136,311.127,313.734,18406.1605
2023-05-09 00:00:00+00:00,313.734,315.701,311.341,312.164,13677.6432
2023-05-10 00:00:00+00:00,312.168,316.674,308.0,314.282,20225.8227
2023-05-11 00:00:00+00:00,314.283,314.403,303.997,307.398,17046.6158
2023-05-12 00:00:00+00:00,307.398,309.019,301.151,308.541,14892.4571
2023-05-13 00:00:00+00:00,308.554,311.827,307.497,310.807,8549.8556
2023-05-14 00:00:00+00:00,310.705,314.758,309.57,312.091,8881.5695
2023-05-15 00:00:00+00:00,312.024,316.28,310.56,313.498,9397.5877
2023-05-16 00:00:00+00:00,313.395,313.963,309.386,311.287,9243.92409546
2023-05-17 00:00:00+00:00,311.385,314.436,307.0,314.278,10250.2406
2023-05-18 00:00:00+00:00,314.292,314.949,306.065,309.265,9966.5278
2023-05-19 00:00:00+00:00,309.266,311.496,307.55,308.871,8484.4738
2023-05-20 00:00:00+00:00,308.871,312.036,307.849,310.638,6484.3943
2023-05-21 00:00:00+00:00,310.691,311.568,305.556,306.42,8206.4437
2023-05-22 00:00:00+00:00,306.361,311.23,304.348,309.106,11031.4507
2023-05-23 00:00:00+00:00,309.222,315.23,309.108,313.387,11217.21113451
2023-05-24 00:00:00+00:00,313.388,313.695,303.712,305.932,11155.1218
2023-05-25 00:00:00+00:00,305.961,306.859,302.252,304.578,10040.2366
2023-05-26 00:00:00+00:00,304.576,308.465,301.48,306.868,14189.957
2023-05-27 00:00:00+00:00,306.872,307.73,303.957,307.443,7224.0066
2023-05-28 00:00:00+00:00,307.492,314.7,306.765,314.212,10884.23408905
2023-05-29 00:00:00+00:00,314.329,317.397,310.003,311.676,17625.1563
2023-05-30 00:00:00+00:00,311.675,314.2,310.646,311.366,14371.0203
2023-05-31 00:00:00+00:00,311.341,311.8,305.02,306.75,16442.6719
2023-06-01 00:00:00+00:00,306.75,307.745,303.04,304.925,9638.6257
2023-06-02 00:00:00+00:00,304.904,308.492,303.32,307.236,13778.1403
2023-06-03 00:00:00+00:00,307.236,308.189,304.261,306.651,8321.7049
2023-06-04 00:00:00+00:00,306.65,307.639,304.561,305.165,10679.6355
2023-06-05 00:00:00+00:00,305.08,305.08,272.06,276.941,55596.67127198
2023-06-06 00:00:00+00:00,276.967,285.76,273.222,281.129,47556.46909767
2023-06-07 00:00:00+00:00,281.128,281.835,253.612,259.228,62135.53631288
2023-06-08 00:00:00+00:00,259.225,267.566,257.07,261.966,38246.8005
2023-06-09 00:00:00+00:00,261.968,264.564,255.559,260.664,33480.0846
2023-06-10 00:00:00+00:00,260.664,260.761,225.32,238.806,60210.98179651
2023-06-11 00:00:00+00:00,238.806,239.223,233.34,235.323,26586.4269
2023-06-12 00:00:00+00:00,235.331,239.39,220.385,231.263,80905.0372
2023-06-13 00:00:00+00:00,231.263,247.72,228.625,244.11,69256.8916
2023-06-14 00:00:00+00:00,244.062,252.829,232.681,237.926,50148.17270056
2023-06-15 00:00:00+00:00,237.928,240.75,230.511,236.384,57487.10947864
2023-06-16 00:00:00+00:00,236.409,243.701,232.21,239.206,37536.5417662
2023-06-17 00:00:00+00:00,239.208,249.792,237.212,244.495,31102.11009501
2023-06-18 00:00:00+00:00,244.506,248.62,242.301,244.098,22513.8372
2023-06-19 00:00:00+00:00,244.063,245.0,238.312,243.045,23753.9745
2023-06-20 00:00:00+00:00,243.03,248.08,238.611,247.832,29821.2171
2023-06-21 00:00:00+00:00,247.832,254.847,245.059,248.852,54325.7516
2023-06-22 00:00:00+00:00,248.852,256.999,239.321,240.799,55885.648
2023-06-23 00:00:00+00:00,240.776,249.749,239.634,244.39,41828.90197947
2023-06-24 00:00:00+00:00,244.343,248.638,230.162,236.291,42833.7549
2023-06-25 00:00:00+00:00,236.311,242.152,235.064,238.831,36965.1109
2023-06-26 00:00:00+00:00,238.859,241.276,233.602,236.047,39410.8159
2023-06-27 00:00:00+00:00,236.073,240.863,234.432,237.394,24632.3193
2023-06-28 00:00:00+00:00,237.378,237.514,223.201,230.437,36978.0724523
2023-06-29 00:00:00+00:00,230.582,236.71,230.439,233.094,18973.0542
2023-06-30 00:00:00+00:00,233.131,241.801,230.939,240.251,35600.8489
2023-07-01 00:00:00+00:00,240.336,249.217,240.18,247.85,28813.3708
2023-07-02 00:00:00+00:00,247.868,248.536,242.902,246.504,24792.5257
2023-07-03 00:00:00+00:00,246.472,254.86,245.232,246.387,29370.9629
2023-07-04 00:00:00+00:00,246.457,246.843,240.37,242.377,23165.4099
2023-07-05 00:00:00+00:00,242.374,243.869,235.8,238.963,23135.6387
2023-07-06 00:00:00+00:00,238.87,244.358,231.621,232.211,30025.5618
2023-07-07 00:00:00+00:00,232.212,236.14,231.16,235.607,20831.91344
2023-07-08 00:00:00+00:00,235.538,237.5,234.199,236.245,14824.671
2023-07-09 00:00:00+00:00,236.247,237.04,233.062,234.027,13350.29441
2023-07-10 00:00:00+00:00,234.042,246.347,231.221,246.152,45561.3095
2023-07-11 00:00:00+00:00,246.151,249.461,244.549,248.616,15857.13133
2023-07-12 00:00:00+00:00,248.591,250.335,242.62,243.864,15417.1607
2023-07-13 00:00:00+00:00,243.861,257.655,242.677,256.161,21973.4839
2023-07-14 00:00:00+00:00,256.165,261.73,243.492,248.034,22738.2899
2023-07-15 00:00:00+00:00,248.073,252.454,246.94,250.973,9218.5394
2023-07-16 00:00:00+00:00,251.054,251.953,242.062,242.33,10149.3583
2023-07-17 00:00:00+00:00,242.248,244.829,239.622,244.134,18188.6096
2023-07-18 00:00:00+00:00,243.987,246.525,237.51,240.348,29958.3663
2023-07-19 00:00:00+00:00,240.348,244.053,239.712,240.9,19084.2887
2023-07-20 00:00:00+00:00,240.826,244.939,240.44,242.769,20491.0971
2023-07-21 00:00:00+00:00,242.768,245.311,242.06,243.635,14668.8433
2023-07-22 00:00:00+00:00,243.677,244.8,240.084,241.017,13425.0937
2023-07-23 00:00:00+00:00,241.077,243.949,240.512,242.481,12727.2429
2023-07-24 00:00:00+00:00,242.455,243.115,235.417,238.91,13536.023
2023-07-25 00:00:00+00:00,238.902,239.841,236.175,237.754,12258.9272
2023-07-26 00:00:00+00:00,237.764,240.535,236.392,238.978,13326.5115
2023-07-27 00:00:00+00:00,238.874,244.597,238.401,240.689,15285.6842628
2023-07-28 00:00:00+00:00,240.672,242.88,239.72,241.812,8820.0611
2023-07-29 00:00:00+00:00,241.809,242.945,241.112,242.511,4516.8244
2023-07-30 00:00:00+00:00,242.51,243.796,240.312,242.51,11875.1711
2023-07-31 00:00:00+00:00,242.497,244.482,240.531,240.851,9981.8339
2023-08-01 00:00:00+00:00,240.895,247.78,237.281,247.755,27194.2486
2023-08-02 00:00:00+00:00,247.755,248.68,235.58,240.609,22894.2874
2023-08-03 00:00:00+00:00,240.479,242.143,238.28,241.023,9317.4514
2023-08-04 00:00:00+00:00,241.012,243.397,240.15,241.701,7942.7595
2023-08-05 00:00:00+00:00,241.658,243.256,240.0,243.226,5610.6972
2023-08-06 00:00:00+00:00,243.26,245.425,242.781,243.173,6808.0084
2023-08-07 00:00:00+00:00,243.175,244.94,239.592,242.107,8085.1824
2023-08-08 00:00:00+00:00,242.042,248.0,241.499,245.112,10699.5089
2023-08-09 00:00:00+00:00,245.228,245.515,242.801,243.898,8790.4603
2023-08-10 00:00:00+00:00,243.917,243.998,240.521,241.458,7566.8692
2023-08-11 00:00:00+00:00,241.455,242.139,238.314,239.839,7434.1733
2023-08-12 00:00:00+00:00,239.904,241.371,239.433,240.326,3556.91531507
2023-08-13 00:00:00+00:00,240.392,241.818,239.831,240.042,3558.2747
2023-08-14 00:00:00+00:00,240.042,241.381,239.755,240.452,4802.1978
2023-08-15 00:00:00+00:00,240.474,240.748,233.77,236.841,7421.1027
2023-08-16 00:00:00+00:00,236.813,237.395,230.67,232.001,8051.223
2023-08-17 00:00:00+00:00,232.027,232.427,211.31,218.013,20769.0791
2023-08-18 00:00:00+00:00,218.041,220.31,213.6,216.082,15747.7182
2023-08-19 00:00:00+00:00,216.047,219.166,213.653,216.904,7492.07259811
2023-08-20 00:00:00+00:00,216.898,218.02,215.361,216.47,4986.9677
2023-08-21 00:00:00+00:00,216.481,216.83,206.17,210.375,14985.83817033
2023-08-22 00:00:00+00:00,210.422,212.789,203.373,210.973,13495.16385925
2023-08-23 00:00:00+00:00,211.001,218.836,210.845,216.598,16951.95472233
2023-08-24 00:00:00+00:00,216.599,221.14,215.58,219.032,10335.7509
2023-08-25 00:00:00+00:00,219.129,219.597,213.681,218.425,8989.2476
2023-08-26 00:00:00+00:00,218.525,219.238,216.105,216.438,4557.6566
2023-08-27 00:00:00+00:00,216.41,219.813,215.93,218.371,6048.9542
2023-08-28 00:00:00+00:00,218.399,219.433,215.188,218.759,8141.3927
2023-08-29 00:00:00+00:00,218.76,235.192,217.0,226.876,17653.5493
2023-08-30 00:00:00+00:00,226.878,227.138,221.717,223.72,7313.3828
2023-08-31 00:00:00+00:00,223.788,225.95,214.32,216.589,10824.0829
2023-09-01 00:00:00+00:00,216.54,218.28,211.093,213.651,11858.29409842
2023-09-02 00:00:00+00:00,213.573,215.77,213.052,214.417,4752.8074
2023-09-03 00:00:00+00:00,214.367,215.101,213.229,214.366,4318.4001
2023-09-04 00:00:00+00:00,214.363,216.535,213.067,215.29,6132.58868344
2023-09-05 00:00:00+00:00,215.233,216.03,213.6,214.536,6289.3996
2023-09-06 00:00:00+00:00,214.537,218.354,211.936,215.185,7986.13766853
2023-09-07 00:00:00+00:00,215.147,217.936,213.6,217.048,5639.744
2023-09-08 00:00:00+00:00,217.069,218.769,213.424,214.652,7361.9903
2023-09-09 00:00:00+00:00,214.654,215.484,214.162,214.162,3178.9556
2023-09-10 00:00:00+00:00,214.194,214.24,211.111,212.288,8128.60033931
2023-09-11 00:00:00+00:00,212.303,212.679,203.85,206.155,9855.9794
2023-09-12 00:00:00+00:00,206.148,214.528,205.021,210.631,9281.97649043
2023-09-13 00:00:00+00:00,210.676,213.29,209.34,212.602,6241.4661
2023-09-14 00:00:00+00:00,212.578,215.0,211.1,212.151,7985.17621063
2023-09-15 00:00:00+00:00,212.138,214.96,210.99,214.055,5661.7317
2023-09-16 00:00:00+00:00,214.253,215.789,213.323,214.859,5420.1799
2023-09-17 00:00:00+00:00,214.895,216.835,213.32,216.376,4416.8961
2023-09-18 00:00:00+00:00,216.382,221.287,214.97,216.008,12344.2548
2023-09-19 00:00:00+00:00,215.907,219.82,215.319,217.092,6509.31649232
2023-09-20 00:00:00+00:00,217.026,217.774,213.29,214.421,8829.7819
2023-09-21 00:00:00+00:00,214.361,215.134,209.232,210.866,8536.65879979
2023-09-22 00:00:00+00:00,210.817,212.244,209.7,211.076,4168.97
2023-09-23 00:00:00+00:00,211.084,211.609,209.941,210.462,2213.4692
2023-09-24 00:00:00+00:00,210.457,211.24,206.54,208.269,4656.8164
2023-09-25 00:00:00+00:00,208.127,210.499,206.51,209.94,6228.9939
2023-09-26 00:00:00+00:00,209.975,213.721,209.766,212.56,7605.1701
2023-09-27 00:00:00+00:00,212.56,215.949,210.551,212.073,8488.3666
2023-09-28 00:00:00+00:00,212.074,217.0,211.51,214.955,7043.8884
2023-09-29 00:00:00+00:00,214.955,217.465,214.401,215.091,6461.7264
2023-09-30 00:00:00+00:00,215.122,216.4,214.06,214.597,5785.3515
2023-10-01 00:00:00+00:00,214.582,219.402,213.068,218.061,9769.37203762
2023-10-02 00:00:00+00:00,218.141,221.52,213.2,214.547,12134.0587
2023-10-03 00:00:00+00:00,214.602,215.843,212.451,213.365,7231.7596
2023-10-04 00:00:00+00:00,213.357,213.712,210.712,213.306,6032.4878463
2023-10-05 00:00:00+00:00,213.285,213.895,210.25,210.602,4881.4507
2023-10-06 00:00:00+00:00,210.659,214.433,210.151,213.341,5494.53408504
2023-10-07 00:00:00+00:00,213.356,213.821,211.556,212.171,3534.0517
2023-10-08 00:00:00+00:00,212.225,212.736,208.711,211.335,9790.8983
2023-10-09 00:00:00+00:00,211.335,212.178,202.136,205.779,13748.4493
2023-10-10 00:00:00+00:00,205.755,213.25,205.502,208.483,13333.7592481
2023-10-11 00:00:00+00:00,208.617,208.766,204.25,206.585,9206.1238
2023-10-12 00:00:00+00:00,206.585,207.325,202.754,205.283,8965.3855
2023-10-13 00:00:00+00:00,205.283,208.286,204.35,205.981,7987.77079736
2023-10-14 00:00:00+00:00,206.0,207.01,205.724,206.552,3789.4345
2023-10-15 00:00:00+00:00,206.527,212.4,206.403,209.781,8719.7535
2023-10-16 00:00:00+00:00,209.628,218.93,209.627,214.625,14729.6064
2023-10-17 00:00:00+00:00,214.719,214.983,209.099,211.417,10319.2911
2023-10-18 00:00:00+00:00,211.427,213.77,209.901,210.251,5859.2447
2023-10-19 00:00:00+00:00,210.239,211.531,208.194,211.171,7742.2418
2023-10-20 00:00:00+00:00,211.147,216.612,210.512,212.032,11128.70076003
2023-10-21 00:00:00+00:00,212.054,215.779,211.4,214.183,4840.8080631
2023-10-22 00:00:00+00:00,214.18,218.35,213.6,217.622,9164.1228
2023-10-23 00:00:00+00:00,217.79,231.112,217.014,228.53,24440.4130513
2023-10-24 00:00:00+00:00,228.59,238.029,221.63,225.176,29928.3598032
2023-10-25 00:00:00+00:00,225.182,229.197,221.55,222.122,14720.9275
2023-10-26 00:00:00+00:00,222.012,228.129,219.3,223.225,16045.65356461
2023-10-27 00:00:00+00:00,223.225,231.424,219.889,224.064,23669.33073434
2023-10-28 00:00:00+00:00,224.061,228.5,224.052,225.659,8839.7719
2023-10-29 00:00:00+00:00,225.638,228.09,223.627,226.967,6125.61249947
2023-10-30 00:00:00+00:00,226.979,229.093,224.579,227.945,11416.6385
2023-10-31 00:00:00+00:00,227.925,229.299,223.855,226.182,12872.60859922
2023-11-01 00:00:00+00:00,226.169,229.643,222.368,227.978,12365.0093
2023-11-02 00:00:00+00:00,227.98,233.672,227.501,231.793,22828.3801
2023-11-03 00:00:00+00:00,231.862,232.44,225.677,230.288,14622.7759
2023-11-04 00:00:00+00:00,230.287,238.642,229.416,237.135,12478.0196
2023-11-05 00:00:00+00:00,237.279,245.466,236.161,243.877,19403.9514
2023-11-06 00:00:00+00:00,243.87,255.759,241.53,255.07,27621.19570341
2023-11-07 00:00:00+00:00,255.01,255.507,242.13,246.376,26513.3469
2023-11-08 00:00:00+00:00,246.198,248.251,244.048,246.646,14241.98826921
2023-11-09 00:00:00+00:00,246.629,255.779,240.191,251.696,28485.63586446
2023-11-10 00:00:00+00:00,251.7,258.0,247.971,250.938,23654.5444
2023-11-11 00:00:00+00:00,251.102,255.099,245.914,251.545,14907.024
2023-11-12 00:00:00+00:00,251.501,251.91,244.548,247.561,13363.4826
2023-11-13 00:00:00+00:00,247.467,250.0,240.24,241.058,18051.5428
2023-11-14 00:00:00+00:00,241.058,249.38,234.04,242.193,22408.6979
2023-11-15 00:00:00+00:00,242.249,254.475,242.102,253.807,18680.2266
2023-11-16 00:00:00+00:00,253.788,255.741,240.143,242.683,18262.4647
2023-11-17 00:00:00+00:00,242.683,245.844,238.381,244.869,14931.5142
2023-11-18 00:00:00+00:00,244.868,245.144,238.478,244.718,8354.8428
2023-11-19 00:00:00+00:00,244.715,246.879,241.891,246.464,11376.4376
2023-11-20 00:00:00+00:00,246.486,268.678,238.187,253.021,47543.0581838
2023-11-21 00:00:00+00:00,253.002,271.758,224.001,225.666,130254.34919779
2023-11-22 00:00:00+00:00,225.416,238.436,224.63,236.221,46571.117273
2023-11-23 00:00:00+00:00,236.287,239.179,230.27,233.68,21589.65830708
2023-11-24 00:00:00+00:00,233.807,236.73,231.581,232.811,18295.335
2023-11-25 00:00:00+00:00,232.816,235.691,230.828,234.326,13915.6144
2023-11-26 00:00:00+00:00,234.345,234.383,227.814,231.744,13937.58804986
2023-11-27 00:00:00+00:00,231.833,232.894,222.446,227.227,24984.59049985
2023-11-28 00:00:00+00:00,227.274,231.697,224.3,229.59,15592.4816
2023-11-29 00:00:00+00:00,229.743,231.17,226.173,227.255,12657.681
2023-11-30 00:00:00+00:00,227.223,229.179,225.992,227.541,13264.9656
2023-12-01 00:00:00+00:00,227.597,229.917,226.995,228.491,17755.256
2023-12-02 00:00:00+00:00,228.446,230.236,226.359,229.114,18597.05266816
2023-12-03 00:00:00+00:00,229.119,231.905,225.982,228.022,21801.4159
2023-12-04 00:00:00+00:00,228.024,237.254,224.605,233.391,59434.4921
2023-12-05 00:00:00+00:00,233.4,234.985,227.975,231.218,39413.15292852
2023-12-06 00:00:00+00:00,231.31,234.81,228.523,229.491,38609.2478992
2023-12-07 00:00:00+00:00,229.478,234.911,228.36,232.694,30371.3657
2023-12-08 00:00:00+00:00,232.722,239.949,232.241,238.903,40081.2791
2023-12-09 00:00:00+00:00,238.986,245.557,236.277,237.752,39242.2238
2023-12-10 00:00:00+00:00,237.766,241.31,236.787,239.817,25857.04609204
2023-12-11 00:00:00+00:00,239.848,248.2,227.32,246.501,78520.93969467
2023-12-12 00:00:00+00:00,246.483,257.229,245.707,254.452,52769.086
2023-12-13 00:00:00+00:00,254.452,255.896,244.176,252.1,28463.6831
2023-12-14 00:00:00+00:00,252.152,254.111,247.521,253.248,23824.93807859
2023-12-15 00:00:00+00:00,253.211,253.353,242.53,244.768,17090.559
2023-12-16 00:00:00+00:00,244.792,248.37,242.84,244.295,15073.1987
2023-12-17 00:00:00+00:00,244.332,244.477,238.91,238.993,16894.7429476
2023-12-18 00:00:00+00:00,239.016,241.68,231.969,241.666,26173.95143249
2023-12-19 00:00:00+00:00,241.68,254.569,241.364,252.77,46649.91639993
2023-12-20 00:00:00+00:00,252.77,261.606,250.276,260.231,36075.9638
2023-12-21 00:00:00+00:00,260.299,274.76,256.388,272.161,40430.7407
2023-12-22 00:00:00+00:00,272.085,276.349,265.0,271.098,33187.27359982
2023-12-23 00:00:00+00:00,271.125,272.075,265.581,270.989,12280.9862
2023-12-24 00:00:00+00:00,271.091,272.478,261.52,264.446,18159.92279522
2023-12-25 00:00:00+00:00,264.508,268.15,261.71,266.697,13324.1261
2023-12-26 00:00:00+00:00,266.704,302.983,264.109,297.8,80361.45969693
2023-12-27 00:00:00+00:00,297.74,324.189,285.315,323.926,55480.19981516
2023-12-28 00:00:00+00:00,323.989,338.099,320.034,322.541,51925.3662
2023-12-29 00:00:00+00:00,322.816,325.521,307.21,313.659,32978.64787042
2023-12-30 00:00:00+00:00,313.344,320.699,312.511,316.915,16011.29897474
2023-12-31 00:00:00+00:00,317.017,325.4,307.503,311.931,21280.8475
2024-01-01 00:00:00+00:00,311.75,315.87,307.17,313.524,17702.2339
2024-01-02 00:00:00+00:00,313.556,321.2,306.05,312.163,24413.139
2024-01-03 00:00:00+00:00,312.249,334.588,289.723,315.896,63923.3188579
2024-01-04 00:00:00+00:00,315.941,324.122,311.025,323.513,26290.09567527
2024-01-05 00:00:00+00:00,323.58,327.179,308.554,317.475,31621.90005341
2024-01-06 00:00:00+00:00,317.476,317.476,300.34,307.491,19378.70287996
2024-01-07 00:00:00+00:00,307.459,309.81,299.913,302.404,11087.80527891
2024-01-08 00:00:00+00:00,302.435,308.04,289.819,303.711,24070.5649
2024-01-09 00:00:00+00:00,303.711,306.7,295.829,301.212,35091.0403
2024-01-10 00:00:00+00:00,301.119,310.232,288.851,305.636,41718.5008
2024-01-11 00:00:00+00:00,305.679,316.741,301.458,308.33,43309.03413542
2024-01-12 00:00:00+00:00,308.511,313.071,288.854,296.653,28621.648
2024-01-13 00:00:00+00:00,296.734,302.993,290.9,302.1,14130.56772204
2024-01-14 00:00:00+00:00,302.196,306.64,298.77,299.518,12623.39139
2024-01-15 00:00:00+00:00,299.622,321.264,299.492,317.413,39015.6895
2024-01-16 00:00:00+00:00,317.362,319.229,313.071,315.187,26454.01865582
2024-01-17 00:00:00+00:00,315.188,316.248,306.644,309.326,22569.2866
2024-01-18 00:00:00+00:00,309.239,315.28,305.661,312.927,22510.4838921
2024-01-19 00:00:00+00:00,313.114,316.0,305.315,314.603,17253.73758285
2024-01-20 00:00:00+00:00,314.566,317.26,312.31,317.213,8674.0403
2024-01-21 00:00:00+00:00,317.214,321.791,316.286,318.479,9405.2658
2024-01-22 00:00:00+00:00,318.591,320.23,303.661,305.73,17280.62036656
2024-01-23 00:00:00+00:00,305.842,311.46,290.347,298.685,18738.2821
2024-01-24 00:00:00+00:00,298.715,300.61,290.301,292.989,15922.59287189
2024-01-25 00:00:00+00:00,293.002,296.54,287.501,291.98,16489.60359607
2024-01-26 00:00:00+00:00,292.012,304.0,290.758,302.21,13907.6847
2024-01-27 00:00:00+00:00,302.211,307.754,301.877,305.598,11006.23815169
2024-01-28 00:00:00+00:00,305.662,308.903,303.235,305.272,12310.2738997
2024-01-29 00:00:00+00:00,305.244,310.994,304.434,310.724,8475.88846146
2024-01-30 00:00:00+00:00,310.749,313.081,306.398,307.633,11756.0334
2024-01-31 00:00:00+00:00,307.578,308.081,298.518,300.429,15435.2161
2024-02-01 00:00:00+00:00,300.54,302.059,296.5,300.182,11671.4561
2024-02-02 00:00:00+00:00,300.152,305.299,299.791,301.372,7544.5207
2024-02-03 00:00:00+00:00,301.365,303.699,299.502,299.709,5022.405
2024-02-04 00:00:00+00:00,299.601,307.763,298.039,304.667,9734.6252
2024-02-05 00:00:00+00:00,304.743,306.938,299.6,301.227,12548.1353
2024-02-06 00:00:00+00:00,301.058,304.0,300.811,302.808,6746.2258
2024-02-07 00:00:00+00:00,302.807,308.689,300.781,307.419,10059.90191147
2024-02-08 00:00:00+00:00,307.389,320.36,307.389,318.841,22903.3311
2024-02-09 00:00:00+00:00,319.153,326.08,317.971,323.886,17702.3962989
2024-02-10 00:00:00+00:00,323.896,325.2,318.827,322.931,6546.6746
2024-02-11 00:00:00+00:00,322.967,324.578,320.153,320.644,6692.402
2024-02-12 00:00:00+00:00,320.637,331.901,315.709,328.02,13087.46446703
2024-02-13 00:00:00+00:00,327.937,329.296,318.65,324.682,10571.76055839
2024-02-14 00:00:00+00:00,324.751,334.55,323.426,333.939,11358.84647203
2024-02-15 00:00:00+00:00,334.043,366.989,333.18,354.219,34140.6594
2024-02-16 00:00:00+00:00,354.262,366.895,350.863,360.458,23289.0023
2024-02-17 00:00:00+00:00,360.377,363.68,348.4,352.8,12987.7957
2024-02-18 00:00:00+00:00,352.8,358.029,349.201,349.842,9195.1132
2024-02-19 00:00:00+00:00,349.946,356.221,349.475,351.713,15223.9226
2024-02-20 00:00:00+00:00,351.768,361.382,344.841,354.621,21093.2051342
2024-02-21 00:00:00+00:00,354.676,379.171,351.033,379.057,37010.16330127
2024-02-22 00:00:00+00:00,379.057,387.33,373.79,382.516,26978.70849957
2024-02-23 00:00:00+00:00,382.575,385.679,369.069,375.539,19033.8865
2024-02-24 00:00:00+00:00,375.548,383.25,371.711,381.711,10344.6132
2024-02-25 00:00:00+00:00,381.637,390.925,378.09,388.502,14099.5365
2024-02-26 00:00:00+00:00,388.491,404.743,382.0,401.689,23781.47580847
2024-02-27 00:00:00+00:00,401.637,403.634,389.64,394.586,16821.9577
2024-02-28 00:00:00+00:00,394.548,427.098,394.2,414.658,33423.57617093
2024-02-29 00:00:00+00:00,414.636,419.669,390.801,399.325,28300.35421531
2024-03-01 00:00:00+00:00,399.77,408.499,398.901,407.5,14460.50559769
2024-03-02 00:00:00+00:00,407.346,414.759,405.824,410.812,14037.3336
2024-03-03 00:00:00+00:00,410.785,416.839,402.291,414.563,19183.0639666
2024-03-04 00:00:00+00:00,414.519,423.74,410.419,418.548,24229.7439
2024-03-05 00:00:00+00:00,418.572,427.28,355.401,393.993,55507.0070436
2024-03-06 00:00:00+00:00,394.044,434.498,385.72,429.341,39296.2759
2024-03-07 00:00:00+00:00,429.304,476.789,423.244,474.314,34138.87310419
2024-03-08 00:00:00+00:00,474.557,489.363,463.831,485.838,30668.31549946
2024-03-09 00:00:00+00:00,485.828,493.818,480.76,488.282,15431.72579212
2024-03-10 00:00:00+00:00,488.265,537.552,485.061,528.685,37802.96912061
2024-03-11 00:00:00+00:00,528.805,533.569,505.77,522.843,26893.53375188
2024-03-12 00:00:00+00:00,522.749,548.03,519.035,537.442,40989.83822818
2024-03-13 00:00:00+00:00,537.576,633.4,531.861,630.409,49322.45242556
2024-03-14 00:00:00+00:00,630.345,631.31,565.373,603.302,54970.53015086
2024-03-15 00:00:00+00:00,603.305,635.019,542.032,632.556,60727.16247342
2024-03-16 00:00:00+00:00,632.463,645.0,567.392,576.291,46557.36214874
2024-03-17 00:00:00+00:00,576.404,590.446,548.5,571.695,36534.43246687
2024-03-18 00:00:00+00:00,571.523,587.279,540.131,555.223,31851.8431
2024-03-19 00:00:00+00:00,555.092,560.629,497.55,507.51,27407.2567
2024-03-20 00:00:00+00:00,507.388,559.107,500.0,556.902,22798.5778
2024-03-21 00:00:00+00:00,556.901,570.87,540.773,553.729,18873.34679876
2024-03-22 00:00:00+00:00,553.673,587.916,534.944,553.725,40853.5766
2024-03-23 00:00:00+00:00,553.922,567.619,543.219,551.82,19731.72879882
2024-03-24 00:00:00+00:00,551.848,572.937,548.821,567.694,13600.445
2024-03-25 00:00:00+00:00,567.694,598.248,564.804,587.013,21314.0693
2024-03-26 00:00:00+00:00,587.033,597.44,571.26,580.522,19680.9573
2024-03-27 00:00:00+00:00,580.514,585.7,561.574,574.22,9574.908
2024-03-28 00:00:00+00:00,574.121,592.0,574.086,583.382,10175.73759013
2024-03-29 00:00:00+00:00,583.348,620.429,582.335,612.257,14381.70017656
2024-03-30 00:00:00+00:00,612.384,612.7,596.821,600.843,8315.26439715
2024-03-31 00:00:00+00:00,600.717,608.695,600.245,606.699,4820.9636
2024-04-01 00:00:00+00:00,606.416,607.499,568.686,576.016,10594.43728073
2024-04-02 00:00:00+00:00,576.091,578.27,546.516,550.887,12580.2829
2024-04-03 00:00:00+00:00,551.279,567.873,539.056,561.652,9303.9369
2024-04-04 00:00:00+00:00,561.467,597.503,560.96,584.991,15973.8026
2024-04-05 00:00:00+00:00,585.139,591.08,564.55,577.9,10791.78489117
2024-04-06 00:00:00+00:00,577.788,590.95,575.143,585.372,5792.726
2024-04-07 00:00:00+00:00,585.625,590.9,577.981,583.879,5437.2844169
2024-04-08 00:00:00+00:00,583.575,601.325,577.73,586.441,12370.1771351
2024-04-09 00:00:00+00:00,586.441,590.24,571.63,580.527,10283.92033783
2024-04-10 00:00:00+00:00,580.314,610.828,573.35,609.702,18358.88199646
2024-04-11 00:00:00+00:00,609.965,617.868,592.091,604.413,16548.152289
2024-04-12 00:00:00+00:00,604.436,631.45,564.9,595.184,32599.6007
2024-04-13 00:00:00+00:00,595.183,600.286,502.6,553.392,36252.73001625
2024-04-14 00:00:00+00:00,553.143,570.234,536.1,566.419,21301.2529
2024-04-15 00:00:00+00:00,566.147,587.89,544.622,552.367,20731.063
2024-04-16 00:00:00+00:00,552.569,553.937,522.9,537.8,11664.1838
2024-04-17 00:00:00+00:00,537.507,547.586,512.719,534.055,10702.7226
2024-04-18 00:00:00+00:00,534.157,555.68,527.07,551.942,7971.38059925
2024-04-19 00:00:00+00:00,551.938,564.06,523.86,554.005,9986.9694
2024-04-20 00:00:00+00:00,554.312,574.088,548.874,570.524,4880.89029415
2024-04-21 00:00:00+00:00,570.466,582.347,566.398,579.443,6082.9633
2024-04-22 00:00:00+00:00,579.659,608.54,578.43,604.719,9311.78001042
2024-04-23 00:00:00+00:00,604.813,619.188,599.001,605.852,13190.9555
2024-04-24 00:00:00+00:00,605.821,618.5,592.78,608.91,13541.0479
2024-04-25 00:00:00+00:00,608.228,617.922,600.796,613.101,10247.5115
2024-04-26 00:00:00+00:00,613.351,614.974,596.94,597.702,6247.64355881
2024-04-27 00:00:00+00:00,597.892,599.5,584.858,596.128,6643.97115662
2024-04-28 00:00:00+00:00,596.204,608.202,596.016,600.173,6420.938
2024-04-29 00:00:00+00:00,600.086,602.645,580.79,592.801,8318.9471
2024-04-30 00:00:00+00:00,593.109,604.419,555.73,578.182,12760.5312
2024-05-01 00:00:00+00:00,578.001,580.2,536.563,561.794,12347.91252488
2024-05-02 00:00:00+00:00,561.7,565.792,540.62,560.304,7406.2769
2024-05-03 00:00:00+00:00,560.275,589.97,558.966,587.076,7187.83431086
2024-05-04 00:00:00+00:00,587.236,593.4,582.56,585.454,4178.0824
2024-05-05 00:00:00+00:00,585.568,594.96,579.552,591.967,3854.3611
2024-05-06 00:00:00+00:00,592.097,602.157,583.03,588.084,4967.1178
2024-05-07 00:00:00+00:00,588.294,600.31,576.0,576.559,5803.6513
2024-05-08 00:00:00+00:00,576.484,589.899,574.57,588.452,6480.4004
2024-05-09 00:00:00+00:00,588.294,609.0,586.79,596.633,8706.47864658
2024-05-10 00:00:00+00:00,596.652,596.833,581.6,585.444,5305.083
2024-05-11 00:00:00+00:00,585.438,594.43,581.002,592.172,3736.17778592
2024-05-12 00:00:00+00:00,592.215,599.129,587.535,594.486,4534.49171435
2024-05-13 00:00:00+00:00,594.715,598.263,585.083,591.691,5577.41833454
2024-05-14 00:00:00+00:00,591.598,592.884,561.6,566.942,9181.10720856
2024-05-15 00:00:00+00:00,566.962,587.0,561.39,581.024,6811.66467287
2024-05-16 00:00:00+00:00,581.003,586.383,565.489,569.229,4948.096
2024-05-17 00:00:00+00:00,569.131,584.319,568.848,580.648,4717.5113813
2024-05-18 00:00:00+00:00,580.78,582.001,574.237,580.43,3299.0532
2024-05-19 00:00:00+00:00,580.487,581.817,571.154,574.589,3286.33434356
2024-05-20 00:00:00+00:00,574.598,602.238,568.708,599.863,8433.2827
2024-05-21 00:00:00+00:00,599.92,631.649,593.321,618.58,16232.7285
2024-05-22 00:00:00+00:00,618.738,626.432,610.22,614.899,6301.07725061
2024-05-23 00:00:00+00:00,614.986,626.56,578.466,599.283,11474.34746259
2024-05-24 00:00:00+00:00,599.281,613.0,588.472,600.216,6299.7533
2024-05-25 00:00:00+00:00,600.087,606.449,599.406,602.346,2172.6346
2024-05-26 00:00:00+00:00,602.213,605.05,597.912,600.097,2321.81929948
2024-05-27 00:00:00+00:00,600.172,624.51,599.592,603.697,4464.03827552
2024-05-28 00:00:00+00:00,603.671,605.67,593.921,601.602,3324.81629959
2024-05-29 00:00:00+00:00,601.689,603.5,593.23,595.551,1916.5701
2024-05-30 00:00:00+00:00,595.413,602.38,586.351,594.933,2915.6017
2024-05-31 00:00:00+00:00,594.794,607.83,589.93,593.726,4631.92687667
2024-06-01 00:00:00+00:00,593.826,616.84,593.076,602.221,4282.71810525
2024-06-02 00:00:00+00:00,601.919,611.388,596.207,602.922,3731.9478
2024-06-03 00:00:00+00:00,603.0,640.28,601.513,626.423,12247.9499
2024-06-04 00:00:00+00:00,627.108,688.297,625.071,685.866,14967.444663
2024-06-05 00:00:00+00:00,685.775,716.642,685.054,699.039,15800.17351015
2024-06-06 00:00:00+00:00,698.856,722.099,692.271,710.666,11698.64018031
2024-06-07 00:00:00+00:00,710.825,720.3,655.054,683.73,11983.98647971
2024-06-08 00:00:00+00:00,683.672,695.297,677.05,682.619,5193.31238367
2024-06-09 00:00:00+00:00,682.62,684.439,670.5,672.989,3640.4168
2024-06-10 00:00:00+00:00,672.798,674.732,610.98,624.87,17479.23579902
2024-06-11 00:00:00+00:00,624.869,628.857,595.884,602.372,16949.1093983
2024-06-12 00:00:00+00:00,602.249,635.0,591.261,619.36,10448.448
2024-06-13 00:00:00+00:00,619.087,619.651,595.62,599.923,6306.4461
2024-06-14 00:00:00+00:00,600.145,612.149,590.15,603.261,5703.71489784
2024-06-15 00:00:00+00:00,603.168,618.047,601.511,608.054,3472.49455147
2024-06-16 00:00:00+00:00,608.108,611.73,601.464,610.879,2225.194
2024-06-17 00:00:00+00:00,610.878,612.504,591.503,604.322,5854.6685
2024-06-18 00:00:00+00:00,604.145,604.906,575.005,588.824,9444.9791
2024-06-19 00:00:00+00:00,588.615,608.4,586.787,599.315,5939.7973
2024-06-20 00:00:00+00:00,599.009,607.667,584.902,587.51,5843.8268
2024-06-21 00:00:00+00:00,587.473,589.2,577.76,586.331,3734.2446
2024-06-22 00:00:00+00:00,586.37,591.323,580.881,590.943,2799.6152
2024-06-23 00:00:00+00:00,591.105,592.927,576.172,577.521,3596.5192
2024-06-24 00:00:00+00:00,577.461,581.83,551.2,567.898,10594.1012
2024-06-25 00:00:00+00:00,568.15,579.877,566.662,578.225,4366.3569
2024-06-26 00:00:00+00:00,578.226,584.36,567.605,573.095,3549.7623
2024-06-27 00:00:00+00:00,573.16,584.664,566.492,581.73,4040.1912
2024-06-28 00:00:00+00:00,581.847,585.23,566.003,567.702,4135.2383
2024-06-29 00:00:00+00:00,567.509,574.12,567.128,570.338,2778.7944
2024-06-30 00:00:00+00:00,570.175,584.92,568.48,582.431,2692.6769
2024-07-01 00:00:00+00:00,582.65,588.24,576.4,577.07,3046.7712
2024-07-02 00:00:00+00:00,576.85,582.024,574.163,579.912,2662.09
2024-07-03 00:00:00+00:00,579.994,581.469,550.37,556.602,4319.8441
2024-07-04 00:00:00+00:00,556.956,558.24,511.65,512.83,6931.5734
2024-07-05 00:00:00+00:00,513.162,515.74,454.303,497.651,14107.62217483
2024-07-06 00:00:00+00:00,497.568,530.591,496.092,526.11,4991.126
2024-07-07 00:00:00+00:00,526.089,526.604,488.48,490.316,3420.7588
2024-07-08 00:00:00+00:00,490.7,524.132,471.2,510.371,9253.8651
2024-07-09 00:00:00+00:00,510.518,520.9,506.84,516.944,3465.7854
2024-07-10 00:00:00+00:00,516.991,529.229,511.633,524.592,4025.706
2024-07-11 00:00:00+00:00,524.503,545.305,520.257,524.815,4266.6064
2024-07-12 00:00:00+00:00,524.944,537.407,517.195,533.773,4152.37468676
2024-07-13 00:00:00+00:00,533.799,539.397,527.539,532.258,4536.3648
2024-07-14 00:00:00+00:00,532.517,547.604,531.549,544.804,3365.9558
2024-07-15 00:00:00+00:00,544.696,587.024,543.807,585.329,5413.0299
2024-07-16 00:00:00+00:00,585.66,587.53,554.145,575.994,6849.5428
2024-07-17 00:00:00+00:00,576.407,583.968,564.252,568.969,2471.4635
2024-07-18 00:00:00+00:00,569.172,579.337,561.469,572.019,2297.5439
2024-07-19 00:00:00+00:00,571.872,598.691,565.0,593.743,4838.7114
2024-07-20 00:00:00+00:00,593.804,597.89,586.756,592.789,4002.67198839
2024-07-21 00:00:00+00:00,593.067,603.456,581.454,602.338,2853.0151
2024-07-22 00:00:00+00:00,602.176,605.6,581.85,587.077,4069.86710202
2024-07-23 00:00:00+00:00,587.215,593.19,577.387,582.173,2633.4559
2024-07-24 00:00:00+00:00,581.929,588.825,570.364,574.733,2128.1372
2024-07-25 00:00:00+00:00,574.765,576.328,553.591,570.774,3137.2875
2024-07-26 00:00:00+00:00,570.641,582.638,570.394,580.901,2079.8799
2024-07-27 00:00:00+00:00,580.967,592.776,572.883,581.175,2776.7812
2024-07-28 00:00:00+00:00,581.13,584.768,574.77,583.862,1732.0004
2024-07-29 00:00:00+00:00,583.788,597.103,572.371,574.262,2646.6948
2024-07-30 00:00:00+00:00,574.422,588.199,566.83,587.914,2738.2492
2024-07-31 00:00:00+00:00,587.961,592.77,574.901,576.456,2217.28
2024-08-01 00:00:00+00:00,576.323,577.882,553.711,575.192,3691.6935
2024-08-02 00:00:00+00:00,575.113,577.53,540.601,543.123,3476.6675
2024-08-03 00:00:00+00:00,542.736,545.177,521.446,529.511,4744.1363
2024-08-04 00:00:00+00:00,529.43,532.04,487.0,496.741,6256.5335
2024-08-05 00:00:00+00:00,496.674,499.797,400.0,463.756,26778.34422419
2024-08-06 00:00:00+00:00,464.155,494.6,463.643,484.834,6537.1762
2024-08-07 00:00:00+00:00,484.666,497.313,468.41,474.495,4451.1594
2024-08-08 00:00:00+00:00,474.911,521.5,467.783,517.036,3607.616
2024-08-09 00:00:00+00:00,516.9,518.07,498.8,508.998,3051.13346237
2024-08-10 00:00:00+00:00,508.923,525.119,507.476,522.913,2446.0707
2024-08-11 00:00:00+00:00,523.1,535.822,502.437,503.283,2508.4559
2024-08-12 00:00:00+00:00,503.246,524.107,499.425,518.441,3911.16768058
2024-08-13 00:00:00+00:00,518.293,527.697,513.03,524.124,3269.8728
2024-08-14 00:00:00+00:00,524.199,539.121,515.456,523.4,5104.5638
2024-08-15 00:00:00+00:00,523.448,533.75,510.001,519.028,3717.58319941
2024-08-16 00:00:00+00:00,519.007,524.457,510.0,519.673,2244.2824
2024-08-17 00:00:00+00:00,519.878,547.4,518.439,541.624,2283.2148
2024-08-18 00:00:00+00:00,541.797,542.496,530.94,531.746,1805.6904
2024-08-19 00:00:00+00:00,531.14,560.708,529.18,558.731,3177.8924
2024-08-20 00:00:00+00:00,558.6,574.798,558.331,569.664,4953.23499887
2024-08-21 00:00:00+00:00,569.454,575.44,546.341,570.111,8112.4964
2024-08-22 00:00:00+00:00,570.125,589.683,559.822,583.064,9437.4278
2024-08-23 00:00:00+00:00,583.064,598.898,574.405,591.617,8762.5901
2024-08-24 00:00:00+00:00,591.679,592.244,575.269,580.68,5836.2123
2024-08-25 00:00:00+00:00,580.621,583.899,568.711,574.138,5086.788
2024-08-26 00:00:00+00:00,574.002,575.46,546.875,548.617,4541.26219626
2024-08-27 00:00:00+00:00,548.296,558.194,520.661,533.307,7500.69656618
2024-08-28 00:00:00+00:00,533.322,546.576,522.708,536.892,5624.4848
2024-08-29 00:00:00+00:00,536.673,545.31,531.224,536.724,3983.921
2024-08-30 00:00:00+00:00,536.441,543.139,522.127,535.145,4880.589
2024-08-31 00:00:00+00:00,535.135,541.306,531.223,532.966,1924.88497301
2024-09-01 00:00:00+00:00,532.653,533.117,507.489,512.358,4033.52696366
2024-09-02 00:00:00+00:00,512.029,530.284,501.773,526.396,4559.8665
2024-09-03 00:00:00+00:00,526.367,538.52,517.97,518.654,3915.6302
2024-09-04 00:00:00+00:00,518.846,523.618,496.01,507.955,6188.8457
2024-09-05 00:00:00+00:00,507.665,514.023,496.854,502.472,4014.6564
2024-09-06 00:00:00+00:00,502.409,509.8,471.509,487.2,6980.9529
2024-09-07 00:00:00+00:00,487.123,499.298,483.025,493.355,3538.2582
2024-09-08 00:00:00+00:00,493.672,506.83,490.857,503.134,3288.2819
2024-09-09 00:00:00+00:00,503.051,525.638,501.942,518.619,3910.54663835
2024-09-10 00:00:00+00:00,518.518,523.939,513.426,516.877,3158.22030376
2024-09-11 00:00:00+00:00,517.01,535.641,506.601,530.111,4367.46773448
2024-09-12 00:00:00+00:00,530.13,548.696,530.117,544.485,5030.45167215
2024-09-13 00:00:00+00:00,544.529,559.878,538.801,556.173,5549.35739134
2024-09-14 00:00:00+00:00,556.475,558.935,547.68,553.343,2366.5356
2024-09-15 00:00:00+00:00,553.546,561.803,549.757,553.604,4085.566
2024-09-16 00:00:00+00:00,553.062,555.064,527.054,533.583,5411.6666
2024-09-17 00:00:00+00:00,533.727,552.389,529.001,546.01,4922.928
2024-09-18 00:00:00+00:00,545.862,559.678,536.88,559.526,4139.1486
2024-09-19 00:00:00+00:00,559.651,572.136,553.0,566.95,5058.24699303
2024-09-20 00:00:00+00:00,566.95,578.028,557.941,568.997,5047.1032
2024-09-21 00:00:00+00:00,569.003,590.328,566.621,588.628,4007.34028715
2024-09-22 00:00:00+00:00,588.688,594.791,576.242,588.453,3734.47291672
2024-09-23 00:00:00+00:00,588.454,616.088,583.3,604.767,6331.2814
2024-09-24 00:00:00+00:00,604.76,613.388,598.812,605.993,5113.2979
2024-09-25 00:00:00+00:00,606.063,608.163,584.31,587.556,4637.71979617
2024-09-26 00:00:00+00:00,587.699,608.944,581.021,596.253,6219.93769557
2024-09-27 00:00:00+00:00,596.425,614.558,596.097,606.84,6983.58436778
2024-09-28 00:00:00+00:00,606.808,618.568,594.451,601.019,4871.66579542
2024-09-29 00:00:00+00:00,600.852,602.725,592.461,595.515,2804.1371
2024-09-30 00:00:00+00:00,595.603,595.604,563.093,567.495,8374.1916
2024-10-01 00:00:00+00:00,567.352,584.924,536.745,547.382,9627.0551
2024-10-02 00:00:00+00:00,547.245,567.84,532.313,542.55,8198.73354779
2024-10-03 00:00:00+00:00,542.5,550.695,534.496,544.781,4055.9665
2024-10-04 00:00:00+00:00,544.877,557.94,541.936,555.275,4061.4386
2024-10-05 00:00:00+00:00,555.365,565.148,551.9,563.081,2251.1327
2024-10-06 00:00:00+00:00,563.148,571.734,561.194,570.322,2196.7825
2024-10-07 00:00:00+00:00,570.584,581.691,563.63,564.316,4871.82429475
2024-10-08 00:00:00+00:00,564.458,586.584,558.882,580.646,6039.1488
2024-10-09 00:00:00+00:00,580.646,585.461,566.401,570.674,5604.3016
2024-10-10 00:00:00+00:00,570.611,572.889,551.535,563.784,3713.3932
2024-10-11 00:00:00+00:00,563.798,577.292,560.301,573.616,3502.6195
2024-10-12 00:00:00+00:00,573.681,578.84,573.486,576.339,2662.6678
2024-10-13 00:00:00+00:00,576.31,578.142,564.841,572.186,2283.0663
2024-10-14 00:00:00+00:00,572.244,592.03,569.702,589.031,5546.5998372
2024-10-15 00:00:00+00:00,589.031,599.76,577.756,594.57,4866.095
2024-10-16 00:00:00+00:00,594.541,605.371,589.8,600.833,3194.4789
2024-10-17 00:00:00+00:00,601.037,606.22,585.044,592.626,4544.4201
2024-10-18 00:00:00+00:00,592.653,602.29,591.67,599.075,2283.0683
2024-10-19 00:00:00+00:00,599.075,601.4,595.258,597.784,1840.1443
2024-10-20 00:00:00+00:00,597.785,607.0,593.5,605.825,2377.01389575
2024-10-21 00:00:00+00:00,605.974,611.632,591.555,598.723,4567.6409
2024-10-22 00:00:00+00:00,598.783,604.186,586.78,593.471,4029.4467
2024-10-23 00:00:00+00:00,593.741,594.968,573.0,585.097,2408.9573
2024-10-24 00:00:00+00:00,584.833,597.849,583.21,594.339,2969.57327522
2024-10-25 00:00:00+00:00,594.489,597.523,565.903,575.031,3594.2858
2024-10-26 00:00:00+00:00,574.906,587.01,571.517,583.228,3488.4578
2024-10-27 00:00:00+00:00,583.31,590.878,581.736,589.426,1234.3463
2024-10-28 00:00:00+00:00,589.354,604.5,585.52,600.762,2674.28545428
2024-10-29 00:00:00+00:00,601.234,612.441,599.941,606.252,4455.2904
2024-10-30 00:00:00+00:00,606.302,606.495,594.381,595.641,4928.0387
2024-10-31 00:00:00+00:00,595.64,596.464,571.19,576.716,3055.9578
2024-11-01 00:00:00+00:00,576.485,586.003,567.65,572.914,5194.8506
2024-11-02 00:00:00+00:00,572.743,576.731,562.442,568.493,2554.191323
2024-11-03 00:00:00+00:00,568.406,569.157,546.856,557.44,2697.9686
2024-11-04 00:00:00+00:00,557.472,564.52,543.438,552.563,2612.16980071
2024-11-05 00:00:00+00:00,552.572,572.016,551.223,563.234,5183.63783357
2024-11-06 00:00:00+00:00,563.245,594.771,562.86,592.094,6183.2546997
2024-11-07 00:00:00+00:00,592.095,611.146,587.181,598.345,4219.5563
2024-11-08 00:00:00+00:00,598.495,605.768,588.063,597.61,3151.8413
2024-11-09 00:00:00+00:00,597.61,637.995,597.502,624.554,6382.8642
2024-11-10 00:00:00+00:00,624.68,644.214,611.455,627.402,8445.1885
2024-11-11 00:00:00+00:00,627.285,665.461,613.066,659.65,8793.88260426
2024-11-12 00:00:00+00:00,659.746,667.459,611.84,625.911,11594.19035459
2024-11-13 00:00:00+00:00,625.648,638.285,598.951,621.025,9104.70239838
2024-11-14 00:00:00+00:00,620.933,660.159,610.87,622.262,9175.39679988
2024-11-15 00:00:00+00:00,622.261,628.504,603.259,618.894,6245.7531
2024-11-16 00:00:00+00:00,619.052,633.655,617.413,622.521,4905.023
2024-11-17 00:00:00+00:00,622.735,647.4,605.164,618.722,8649.449
2024-11-18 00:00:00+00:00,618.75,631.292,612.22,619.087,7418.59629884
2024-11-19 00:00:00+00:00,619.133,621.294,605.168,615.698,6181.9633
2024-11-20 00:00:00+00:00,615.435,620.43,600.23,605.503,5152.8781994
2024-11-21 00:00:00+00:00,605.217,630.133,593.333,621.983,5624.9202
2024-11-22 00:00:00+00:00,622.091,639.305,615.0,632.906,6757.59961154
2024-11-23 00:00:00+00:00,632.858,680.6,631.007,650.579,11202.7484
2024-11-24 00:00:00+00:00,650.781,687.734,637.141,659.619,10711.229
2024-11-25 00:00:00+00:00,659.783,676.493,626.76,636.006,7314.52967592
2024-11-26 00:00:00+00:00,636.19,645.433,599.571,613.55,8353.94366091
2024-11-27 00:00:00+00:00,613.501,646.85,608.039,644.096,7092.4235
2024-11-28 00:00:00+00:00,645.183,663.932,639.951,653.819,8201.9988
2024-11-29 00:00:00+00:00,653.863,663.664,648.713,654.628,4835.45259988
2024-11-30 00:00:00+00:00,654.719,677.053,647.718,653.621,6673.1391
2024-12-01 00:00:00+00:00,653.621,664.0,645.431,655.885,4195.36832946
2024-12-02 00:00:00+00:00,656.244,667.0,628.635,647.933,8050.9071
2024-12-03 00:00:00+00:00,647.712,749.011,623.0,735.352,25800.89395924
2024-12-04 00:00:00+00:00,735.877,793.589,721.07,739.59,29895.48349872
2024-12-05 00:00:00+00:00,739.6,739.622,689.777,717.312,16752.0393335
2024-12-06 00:00:00+00:00,717.283,745.878,705.5,730.538,9670.03089994
2024-12-07 00:00:00+00:00,730.38,761.171,729.79,749.868,6929.43119275
2024-12-08 00:00:00+00:00,750.186,757.267,727.716,741.901,4488.1609982
2024-12-09 00:00:00+00:00,742.052,742.488,636.0,689.542,15251.86439785
2024-12-10 00:00:00+00:00,689.047,704.605,649.28,676.842,9698.0467
2024-12-11 00:00:00+00:00,676.636,712.779,658.993,711.345,6284.5781
2024-12-12 00:00:00+00:00,711.356,725.856,699.65,705.682,5450.4695
2024-12-13 00:00:00+00:00,705.709,729.78,697.104,725.765,6558.71699929
2024-12-14 00:00:00+00:00,725.861,732.288,705.02,715.736,5583.2461
2024-12-15 00:00:00+00:00,715.415,724.081,702.844,718.625,3101.5767
2024-12-16 00:00:00+00:00,718.956,730.0,704.209,720.529,5363.7903
2024-12-17 00:00:00+00:00,720.545,737.02,712.26,717.354,4861.7442878
2024-12-18 00:00:00+00:00,717.5,721.97,680.433,686.119,8611.1467
2024-12-19 00:00:00+00:00,685.96,705.0,647.834,665.254,7149.12779932
2024-12-20 00:00:00+00:00,665.427,679.814,618.318,678.573,7276.1336
2024-12-21 00:00:00+00:00,678.369,693.439,650.961,663.001,4871.055
2024-12-22 00:00:00+00:00,663.663,669.532,639.625,649.8,2911.5199993
2024-12-23 00:00:00+00:00,649.789,698.358,638.29,694.005,6987.47605567
2024-12-24 00:00:00+00:00,694.193,698.887,682.738,696.832,4430.38061024
2024-12-25 00:00:00+00:00,696.81,713.633,696.0,702.627,3625.42382988
2024-12-26 00:00:00+00:00,703.2,720.38,682.441,689.387,5247.258
2024-12-27 00:00:00+00:00,689.298,711.37,685.625,691.621,4435.8703
2024-12-28 00:00:00+00:00,691.553,731.488,691.249,722.125,4225.93392363
2024-12-29 00:00:00+00:00,722.914,724.453,690.19,694.843,3331.9494
2024-12-30 00:00:00+00:00,694.424,712.164,687.669,705.247,3811.3601216
2024-12-31 00:00:00+00:00,705.629,714.779,698.74,702.342,3079.7473
2025-01-01 00:00:00+00:00,702.065,710.83,700.325,707.741,2266.61223805
2025-01-02 00:00:00+00:00,707.675,715.708,698.577,706.192,4884.8446
2025-01-03 00:00:00+00:00,706.194,715.66,697.55,714.963,3392.28216262
2025-01-04 00:00:00+00:00,715.079,721.5,708.09,713.304,3090.60459147
2025-01-05 00:00:00+00:00,713.34,713.894,702.415,709.133,2022.4
2025-01-06 00:00:00+00:00,709.301,745.1,706.068,729.478,4603.5908
2025-01-07 00:00:00+00:00,729.413,732.97,690.625,697.763,6454.9116
2025-01-08 00:00:00+00:00,697.869,707.028,674.698,695.889,5677.61229971
2025-01-09 00:00:00+00:00,695.555,701.51,674.74,685.189,3740.5286
2025-01-10 00:00:00+00:00,685.41,700.663,683.194,692.985,3850.90498444
2025-01-11 00:00:00+00:00,692.921,701.386,690.316,696.523,2206.1736
2025-01-12 00:00:00+00:00,696.626,698.516,689.881,693.345,1775.8811
2025-01-13 00:00:00+00:00,693.333,699.899,658.311,688.569,6238.83805204
2025-01-14 00:00:00+00:00,688.582,699.97,686.407,698.719,2272.3673
2025-01-15 00:00:00+00:00,699.577,714.66,688.557,714.492,4046.30389351
2025-01-16 00:00:00+00:00,714.68,717.36,700.621,708.098,3786.6525078
2025-01-17 00:00:00+00:00,708.067,729.869,708.067,722.171,4469.5847
2025-01-18 00:00:00+00:00,722.124,723.828,695.157,709.51,6602.75218805
2025-01-19 00:00:00+00:00,709.375,714.642,675.89,683.126,7784.3158
2025-01-20 00:00:00+00:00,683.01,709.131,670.403,682.468,7924.40608049
2025-01-21 00:00:00+00:00,682.36,697.296,675.0,691.635,4740.10989961
2025-01-22 00:00:00+00:00,692.158,703.62,689.808,695.398,4250.90609955
2025-01-23 00:00:00+00:00,695.457,697.555,680.144,689.743,6989.51099987
2025-01-24 00:00:00+00:00,689.62,691.406,678.881,680.367,3607.1312
2025-01-25 00:00:00+00:00,680.0,689.749,677.741,686.361,2914.77528517
2025-01-26 00:00:00+00:00,686.361,691.004,664.231,667.296,3940.2568
2025-01-27 00:00:00+00:00,667.09,680.506,636.957,679.879,7735.2767
2025-01-28 00:00:00+00:00,680.128,682.801,659.501,661.622,3432.38099856
2025-01-29 00:00:00+00:00,661.156,679.35,659.158,667.685,3701.5979977
2025-01-30 00:00:00+00:00,668.228,682.54,665.931,677.273,3877.97154918
2025-01-31 00:00:00+00:00,677.43,689.199,673.485,677.742,4209.6871
2025-02-01 00:00:00+00:00,677.624,681.548,650.561,652.997,3316.6837
2025-02-02 00:00:00+00:00,652.91,662.999,599.65,618.056,6592.64428447
2025-02-03 00:00:00+00:00,618.057,619.106,496.391,616.882,28305.7845
2025-02-04 00:00:00+00:00,617.12,618.903,558.01,572.745,9820.5599
2025-02-05 00:00:00+00:00,572.745,579.789,561.295,569.474,4531.19998963
2025-02-06 00:00:00+00:00,569.473,589.713,568.911,571.705,7374.89146369
2025-02-07 00:00:00+00:00,571.584,589.837,570.528,577.662,4843.22849766
2025-02-08 00:00:00+00:00,577.556,633.773,573.78,612.381,9311.80789127
2025-02-09 00:00:00+00:00,612.884,648.697,602.48,615.839,15061.40829931
2025-02-10 00:00:00+00:00,615.747,622.392,596.439,618.49,8294.3754
2025-02-11 00:00:00+00:00,618.64,646.588,615.165,642.211,8174.0656411
2025-02-12 00:00:00+00:00,641.918,705.853,626.911,696.87,17165.34442965
2025-02-13 00:00:00+00:00,696.923,746.92,658.241,664.715,41687.54653966
2025-02-14 00:00:00+00:00,664.92,684.577,651.73,659.73,13023.52885809
2025-02-15 00:00:00+00:00,659.396,671.335,653.511,661.897,5958.3257604
2025-02-16 00:00:00+00:00,661.263,685.396,653.451,673.213,5819.6906
2025-02-17 00:00:00+00:00,673.12,681.853,657.677,667.425,6022.3935
2025-02-18 00:00:00+00:00,667.512,668.272,629.817,648.113,6931.89164765
2025-02-19 00:00:00+00:00,648.146,664.188,637.6,653.795,7028.08995098
2025-02-20 00:00:00+00:00,653.236,658.82,645.768,656.051,6008.08090442
2025-02-21 00:00:00+00:00,656.159,667.949,635.001,647.39,5008.03555388
2025-02-22 00:00:00+00:00,647.428,680.604,645.182,668.298,6664.0977
2025-02-23 00:00:00+00:00,668.42,671.559,648.0,657.926,2651.5389
2025-02-24 00:00:00+00:00,658.298,659.199,611.0,614.018,6506.371
2025-02-25 00:00:00+00:00,613.967,627.999,586.003,623.364,9176.0275
2025-02-26 00:00:00+00:00,623.218,631.846,594.138,611.568,5936.58229014
2025-02-27 00:00:00+00:00,611.591,619.578,595.911,605.59,3210.2742
2025-02-28 00:00:00+00:00,605.209,606.299,559.781,587.9,7346.83360375
2025-03-01 00:00:00+00:00,587.956,609.347,586.301,607.923,3394.7161
2025-03-02 00:00:00+00:00,607.79,634.667,601.739,623.866,6754.145
2025-03-03 00:00:00+00:00,623.981,624.152,567.402,575.746,6092.57164325
2025-03-04 00:00:00+00:00,576.023,588.369,546.479,583.623,7840.68769976
2025-03-05 00:00:00+00:00,583.926,605.599,580.691,598.375,3129.6501
2025-03-06 00:00:00+00:00,598.253,612.389,589.497,596.363,3468.4055
2025-03-07 00:00:00+00:00,596.576,610.151,577.291,594.541,5131.73729702
2025-03-08 00:00:00+00:00,594.726,602.767,590.059,593.079,2152.0425997
2025-03-09 00:00:00+00:00,592.915,592.915,550.059,553.913,3824.33349947
2025-03-10 00:00:00+00:00,554.784,573.269,523.16,531.192,6987.5996
2025-03-11 00:00:00+00:00,531.812,565.919,507.416,551.717,10061.87893398
2025-03-12 00:00:00+00:00,551.611,574.825,544.56,569.73,6990.74469319
2025-03-13 00:00:00+00:00,570.05,613.107,568.0,579.914,12285.592718
2025-03-14 00:00:00+00:00,579.933,589.699,576.751,587.423,3370.7477
2025-03-15 00:00:00+00:00,587.908,619.78,587.908,619.518,2888.90969081
2025-03-16 00:00:00+00:00,619.575,622.769,593.1,602.412,3699.16055453
2025-03-17 00:00:00+00:00,602.188,643.729,602.052,631.591,9137.8556
2025-03-18 00:00:00+00:00,630.687,643.803,620.387,627.934,8349.5701
2025-03-19 00:00:00+00:00,627.797,627.986,604.304,618.67,7524.40113343
2025-03-20 00:00:00+00:00,618.707,637.394,616.424,630.705,7455.2852
2025-03-21 00:00:00+00:00,630.317,638.032,625.046,634.968,6022.3578
2025-03-22 00:00:00+00:00,635.127,636.017,623.945,627.011,3535.50689598
2025-03-23 00:00:00+00:00,627.018,629.259,619.443,623.61,3030.78737965
2025-03-24 00:00:00+00:00,623.613,639.431,617.83,637.186,4352.2475
2025-03-25 00:00:00+00:00,637.202,644.76,627.106,629.955,4743.0388528
2025-03-26 00:00:00+00:00,630.059,634.028,615.184,617.862,2666.9012
2025-03-27 00:00:00+00:00,617.923,642.134,617.327,637.152,6969.7908
2025-03-28 00:00:00+00:00,637.029,637.307,615.908,619.58,4018.7235
2025-03-29 00:00:00+00:00,619.684,623.45,597.02,602.724,4789.7151803
2025-03-30 00:00:00+00:00,603.029,613.232,593.697,601.612,2756.9923
2025-03-31 00:00:00+00:00,602.21,608.938,587.242,604.89,4714.9494278
2025-04-01 00:00:00+00:00,604.771,618.399,604.492,611.164,4450.6405
2025-04-02 00:00:00+00:00,611.242,612.323,585.0,590.386,5422.8642
2025-04-03 00:00:00+00:00,590.523,610.05,578.576,592.643,4520.02049502
2025-04-04 00:00:00+00:00,592.652,600.001,585.082,597.846,2783.2252
2025-04-05 00:00:00+00:00,597.679,598.879,588.931,593.182,2129.8178
2025-04-06 00:00:00+00:00,592.921,593.765,544.516,555.735,4347.91147556
2025-04-07 00:00:00+00:00,555.656,567.645,514.181,554.599,10441.15897735
2025-04-08 00:00:00+00:00,554.589,565.699,547.73,553.614,4053.5599
2025-04-09 00:00:00+00:00,553.736,585.969,534.516,582.447,5457.44616364
2025-04-10 00:00:00+00:00,582.43,583.459,566.189,577.998,5119.13729874
2025-04-11 00:00:00+00:00,577.976,590.191,575.828,586.059,4331.14442399
2025-04-12 00:00:00+00:00,585.943,600.324,584.116,597.328,2497.9246
2025-04-13 00:00:00+00:00,597.254,598.484,580.44,584.198,2581.4127
2025-04-14 00:00:00+00:00,584.278,593.084,583.168,584.523,3603.4412
2025-04-15 00:00:00+00:00,584.538,591.038,579.391,579.618,2359.2409
2025-04-16 00:00:00+00:00,579.42,586.709,576.148,582.999,2848.9058
2025-04-17 00:00:00+00:00,582.85,592.97,581.141,590.496,2475.6992
2025-04-18 00:00:00+00:00,590.443,595.848,587.2,591.906,1932.4563
2025-04-19 00:00:00+00:00,592.048,594.327,587.788,591.685,1778.8348
2025-04-20 00:00:00+00:00,591.872,595.335,587.46,592.753,3084.1203
2025-04-21 00:00:00+00:00,592.735,608.292,592.494,597.363,3549.03404457
2025-04-22 00:00:00+00:00,597.188,619.96,594.865,618.631,3099.4879
2025-04-23 00:00:00+00:00,619.081,619.974,601.62,605.876,4303.05306706
2025-04-24 00:00:00+00:00,606.044,606.866,592.85,601.478,2815.3349
2025-04-25 00:00:00+00:00,601.615,610.099,597.45,600.001,3019.11082968
2025-04-26 00:00:00+00:00,600.001,609.229,599.478,607.266,2330.7918
2025-04-27 00:00:00+00:00,607.281,608.757,597.166,603.676,1665.8625
2025-04-28 00:00:00+00:00,603.676,608.215,598.511,606.39,1852.3797
2025-04-29 00:00:00+00:00,606.428,610.703,598.25,601.047,2937.6133
2025-04-30 00:00:00+00:00,600.949,604.4,591.226,599.712,3390.7084
2025-05-01 00:00:00+00:00,599.506,605.201,598.22,599.683,3639.584
2025-05-02 00:00:00+00:00,599.63,603.526,595.5,600.69,2862.3608
2025-05-03 00:00:00+00:00,600.856,601.106,595.371,599.266,1119.21
2025-05-04 00:00:00+00:00,599.296,600.319,584.631,585.943,1686.1655
2025-05-05 00:00:00+00:00,585.96,599.921,583.752,597.442,3006.938
2025-05-06 00:00:00+00:00,597.552,603.159,593.298,602.616,3704.27477879
2025-05-07 00:00:00+00:00,602.733,609.026,597.745,602.828,3094.06071277
2025-05-08 00:00:00+00:00,602.641,629.29,601.0,629.29,5237.76299818
2025-05-09 00:00:00+00:00,629.201,670.6,623.241,666.355,7770.5512918
2025-05-10 00:00:00+00:00,666.195,678.937,648.671,663.856,7760.5916
2025-05-11 00:00:00+00:00,663.767,668.29,648.205,651.121,3880.95919919
2025-05-12 00:00:00+00:00,651.105,692.817,647.445,660.259,8390.6692
2025-05-13 00:00:00+00:00,660.201,671.545,640.8,664.347,6401.80550675
2025-05-14 00:00:00+00:00,664.372,666.526,647.36,652.649,6298.0155
2025-05-15 00:00:00+00:00,652.492,661.322,642.763,651.486,6872.7092
2025-05-16 00:00:00+00:00,651.898,659.928,643.775,646.574,3855.86868042
2025-05-17 00:00:00+00:00,646.477,646.746,634.718,639.503,2374.4637
2025-05-18 00:00:00+00:00,639.339,654.836,634.353,650.99,4502.8417
2025-05-19 00:00:00+00:00,651.469,653.285,633.485,649.663,2868.1784
2025-05-20 00:00:00+00:00,649.633,653.639,640.476,650.0,2537.9852
2025-05-21 00:00:00+00:00,650.043,678.208,648.767,673.417,6234.5232
2025-05-22 00:00:00+00:00,673.666,689.679,673.12,686.516,9198.5516
2025-05-23 00:00:00+00:00,686.491,691.185,653.801,656.687,10054.2711
2025-05-24 00:00:00+00:00,656.6,677.162,655.164,667.951,4782.0249
2025-05-25 00:00:00+00:00,667.822,671.568,657.136,669.403,3213.5434
2025-05-26 00:00:00+00:00,669.471,677.926,668.077,673.948,3227.2432
2025-05-27 00:00:00+00:00,673.986,697.569,666.161,686.955,6467.1007
2025-05-28 00:00:00+00:00,686.752,689.079,680.262,687.056,3623.8491
2025-05-29 00:00:00+00:00,687.0,691.419,673.38,675.122,5194.5682
2025-05-30 00:00:00+00:00,674.923,678.386,653.302,655.083,3954.1772
2025-05-31 00:00:00+00:00,655.36,661.269,645.7,657.791,2270.2904
2025-06-01 00:00:00+00:00,657.883,662.419,647.531,660.711,2815.7804
2025-06-02 00:00:00+00:00,660.778,666.965,649.854,665.773,2471.829
2025-06-03 00:00:00+00:00,665.881,673.318,657.15,661.465,3226.57416271
2025-06-04 00:00:00+00:00,661.465,671.792,660.861,663.161,2821.1305
2025-06-05 00:00:00+00:00,663.243,671.144,625.609,633.515,6438.9141
2025-06-06 00:00:00+00:00,633.564,651.39,629.501,642.869,4169.5987
2025-06-07 00:00:00+00:00,642.813,653.753,639.995,650.795,3093.5093
2025-06-08 00:00:00+00:00,650.795,656.25,646.363,651.973,2330.8007
2025-06-09 00:00:00+00:00,651.974,667.71,648.231,665.642,3102.7091
2025-06-10 00:00:00+00:00,665.665,674.226,656.989,673.639,3557.1271
2025-06-11 00:00:00+00:00,673.678,674.226,662.59,667.372,19298.945
2025-06-12 00:00:00+00:00,667.314,669.8,652.0,654.757,2676.3436
2025-06-13 00:00:00+00:00,654.781,659.441,639.3,655.169,3982.1159
2025-06-14 00:00:00+00:00,655.145,655.145,639.093,645.575,1676.6412
2025-06-15 00:00:00+00:00,645.576,652.097,642.86,648.157,1496.254
2025-06-16 00:00:00+00:00,648.136,659.12,646.337,650.284,3013.4815
2025-06-17 00:00:00+00:00,650.632,658.783,640.3,648.032,3936.1241
2025-06-18 00:00:00+00:00,648.403,653.89,637.61,644.69,2329.7179
2025-06-19 00:00:00+00:00,644.69,646.414,638.68,644.389,1670.5843
2025-06-20 00:00:00+00:00,644.59,652.71,638.225,641.721,2606.43910439
2025-06-21 00:00:00+00:00,641.722,644.865,621.953,629.248,2401.79248824
2025-06-22 00:00:00+00:00,629.192,635.33,601.36,615.774,4494.5605
2025-06-23 00:00:00+00:00,615.7,642.614,615.0,640.416,3811.6088
2025-06-24 00:00:00+00:00,640.523,644.0,636.134,643.399,3155.258
2025-06-25 00:00:00+00:00,643.469,652.499,641.901,646.263,29387.1242
2025-06-26 00:00:00+00:00,646.306,649.94,641.398,642.451,16778.2113
2025-06-27 00:00:00+00:00,642.452,648.315,639.325,645.979,12391.7691
2025-06-28 00:00:00+00:00,645.893,649.35,643.823,648.681,17914.8244
2025-06-29 00:00:00+00:00,648.646,655.961,647.096,654.934,11073.4898
2025-06-30 00:00:00+00:00,654.96,659.896,651.5,656.883,4428.6082
2025-07-01 00:00:00+00:00,656.888,659.242,644.14,646.36,5431.8069
2025-07-02 00:00:00+00:00,646.329,664.8,644.078,659.662,10706.3020142
2025-07-03 00:00:00+00:00,659.663,664.56,656.751,663.504,6058.1948
2025-07-04 00:00:00+00:00,663.561,664.121,650.244,653.58,5033.05916575
2025-07-05 00:00:00+00:00,653.587,656.88,652.104,656.294,1730.2149
2025-07-06 00:00:00+00:00,656.209,664.999,653.496,663.271,2607.6372
2025-07-07 00:00:00+00:00,663.293,663.398,656.84,661.049,2230.9328
2025-07-08 00:00:00+00:00,660.968,662.513,657.289,660.54,2658.073
2025-07-09 00:00:00+00:00,660.541,671.36,658.798,668.579,3149.1524
2025-07-10 00:00:00+00:00,668.576,687.74,667.529,685.552,4531.5878
2025-07-11 00:00:00+00:00,685.694,697.346,682.833,689.88,6549.4321
2025-07-12 00:00:00+00:00,689.966,696.771,679.492,685.63,4330.6018
2025-07-13 00:00:00+00:00,685.63,694.049,684.986,692.045,2915.7157
2025-07-14 00:00:00+00:00,692.015,725.0,685.961,689.264,5808.1254
2025-07-15 00:00:00+00:00,689.011,693.151,675.444,689.981,4675.6343
2025-07-16 00:00:00+00:00,690.105,715.475,685.239,708.85,9500.6954
2025-07-17 00:00:00+00:00,708.967,727.641,707.001,720.684,11346.64361654
2025-07-18 00:00:00+00:00,720.765,765.276,719.041,729.899,11745.3802
2025-07-19 00:00:00+00:00,730.005,742.303,718.765,732.971,6864.7245
2025-07-20 00:00:00+00:00,733.049,761.344,731.413,756.914,10214.605
2025-07-21 00:00:00+00:00,756.854,781.825,746.053,766.132,9098.5813
2025-07-22 00:00:00+00:00,766.231,788.098,744.964,786.452,11305.25215329
2025-07-23 00:00:00+00:00,786.798,809.779,752.971,776.709,22389.5629
2025-07-24 00:00:00+00:00,776.629,786.0,743.11,770.857,14419.1646
2025-07-25 00:00:00+00:00,770.994,785.69,752.391,785.32,12362.6819
2025-07-26 00:00:00+00:00,785.414,798.004,778.425,793.148,4433.62816827
2025-07-27 00:00:00+00:00,793.305,847.173,791.177,843.846,9458.0961
2025-07-28 00:00:00+00:00,843.997,860.844,820.399,823.875,11745.52910406
2025-07-29 00:00:00+00:00,823.948,834.91,800.431,805.349,13836.8643
2025-07-30 00:00:00+00:00,805.12,811.592,765.776,793.555,12722.516
2025-07-31 00:00:00+00:00,793.584,814.572,781.73,783.188,10025.8607
2025-08-01 00:00:00+00:00,783.189,795.483,744.832,757.142,10556.0148
2025-08-02 00:00:00+00:00,757.04,770.168,732.427,736.397,7303.321
2025-08-03 00:00:00+00:00,736.238,755.464,730.067,751.252,4293.63233887
2025-08-04 00:00:00+00:00,751.397,769.703,750.516,768.503,4997.1277
2025-08-05 00:00:00+00:00,768.348,769.596,745.303,755.134,6645.5193
2025-08-06 00:00:00+00:00,755.224,774.897,746.245,769.693,3641.9201658
2025-08-07 00:00:00+00:00,769.549,788.604,764.501,788.581,6099.2592
2025-08-08 00:00:00+00:00,788.663,798.439,780.672,793.505,5328.0016
2025-08-09 00:00:00+00:00,793.506,819.181,792.833,798.695,5446.34193732
2025-08-10 00:00:00+00:00,798.696,815.406,793.512,807.181,5753.4317447
2025-08-11 00:00:00+00:00,807.204,827.652,792.429,805.282,9701.1002
2025-08-12 00:00:00+00:00,805.282,839.873,797.699,832.467,6952.30974613
2025-08-13 00:00:00+00:00,832.34,858.796,795.5,847.747,11706.15046592
2025-08-14 00:00:00+00:00,847.803,869.616,820.729,840.644,13597.22039945
2025-08-15 00:00:00+00:00,840.763,853.701,812.734,828.25,13344.8115
2025-08-16 00:00:00+00:00,827.935,839.499,825.495,838.913,8616.25089188
2025-08-17 00:00:00+00:00,839.027,864.253,838.309,855.537,6893.8624
2025-08-18 00:00:00+00:00,855.572,858.778,824.864,846.931,8850.7795
2025-08-19 00:00:00+00:00,847.134,851.932,823.002,824.071,4992.1238
2025-08-20 00:00:00+00:00,824.043,881.137,818.61,869.124,9560.4496
2025-08-21 00:00:00+00:00,869.146,883.889,833.497,839.493,6125.147
2025-08-22 00:00:00+00:00,839.474,900.553,839.227,900.209,9987.03859989
2025-08-23 00:00:00+00:00,900.151,900.472,876.001,880.536,6480.41318271
2025-08-24 00:00:00+00:00,880.347,886.373,859.887,876.399,9498.5601
2025-08-25 00:00:00+00:00,876.526,880.641,833.0,839.432,9490.4481
2025-08-26 00:00:00+00:00,839.579,868.036,830.248,863.602,7389.8581
2025-08-27 00:00:00+00:00,863.677,867.064,852.637,855.674,4607.2898
2025-08-28 00:00:00+00:00,855.234,881.399,851.24,873.381,5079.2856
2025-08-29 00:00:00+00:00,873.479,877.901,850.392,862.217,5891.37576785
2025-08-30 00:00:00+00:00,862.298,863.988,851.616,861.98,2915.47136949
2025-08-31 00:00:00+00:00,861.995,867.824,857.1,857.416,2569.4581
2025-09-01 00:00:00+00:00,857.641,868.958,839.992,845.686,4937.2208
2025-09-02 00:00:00+00:00,845.687,856.61,840.817,851.808,3895.691
2025-09-03 00:00:00+00:00,851.941,863.869,849.012,854.733,3448.8539
2025-09-04 00:00:00+00:00,854.537,856.606,841.001,843.477,5964.1648
2025-09-05 00:00:00+00:00,843.501,857.754,842.304,849.972,4054.1411
2025-09-06 00:00:00+00:00,849.989,865.199,849.396,861.172,4094.3567
2025-09-07 00:00:00+00:00,861.204,884.0,860.893,880.154,3525.2936
2025-09-08 00:00:00+00:00,880.11,885.734,870.381,878.062,5305.025
2025-09-09 00:00:00+00:00,878.124,884.776,871.262,880.233,5006.18870182
2025-09-10 00:00:00+00:00,880.233,907.212,877.346,893.752,7068.95924284
2025-09-11 00:00:00+00:00,893.753,904.756,888.427,902.812,5499.80712187
2025-09-12 00:00:00+00:00,902.815,929.564,901.703,924.797,6687.93758858
2025-09-13 00:00:00+00:00,924.879,944.012,922.17,933.788,5556.95212246
2025-09-14 00:00:00+00:00,933.787,945.0,922.658,926.709,3922.02830648
2025-09-15 00:00:00+00:00,926.709,935.662,910.633,919.815,5491.2666
2025-09-16 00:00:00+00:00,919.597,959.177,916.619,956.051,7104.5862
2025-09-17 00:00:00+00:00,955.843,995.5,946.348,989.993,9832.68042553
2025-09-18 00:00:00+00:00,990.104,1007.018,979.624,981.191,7853.8396
2025-09-19 00:00:00+00:00,981.179,1003.059,973.99,983.838,10467.38549429
2025-09-20 00:00:00+00:00,983.84,1048.657,982.837,1043.472,10689.72308749
2025-09-21 00:00:00+00:00,1043.635,1083.206,1039.449,1047.917,13422.00100436
2025-09-22 00:00:00+00:00,1047.812,1050.583,977.0,992.862,18377.3518
2025-09-23 00:00:00+00:00,992.849,1027.12,962.486,1016.275,12560.4104
2025-09-24 00:00:00+00:00,1016.23,1034.456,991.651,1018.417,8988.65059429
2025-09-25 00:00:00+00:00,1018.322,1019.75,939.664,945.901,13212.6656
2025-09-26 00:00:00+00:00,945.858,966.048,932.286,960.86,6827.61930829
2025-09-27 00:00:00+00:00,960.889,985.74,955.636,968.542,4884.13271358
2025-09-28 00:00:00+00:00,968.541,993.273,962.738,993.037,4063.2603
2025-09-29 00:00:00+00:00,992.966,1035.686,991.242,1029.783,7196.39377128
2025-09-30 00:00:00+00:00,1029.715,1033.46,992.839,1008.458,7455.8265
2025-10-01 00:00:00+00:00,1008.459,1036.484,1003.317,1026.289,9240.50162071
2025-10-02 00:00:00+00:00,1026.365,1099.092,1022.071,1090.223,11363.62915751
2025-10-03 00:00:00+00:00,1090.099,1192.237,1084.322,1189.132,19789.60205496
2025-10-04 00:00:00+00:00,1189.504,1190.295,1136.385,1150.407,10080.60175303
2025-10-05 00:00:00+00:00,1150.833,1189.455,1143.393,1167.444,7301.87141081
2025-10-06 00:00:00+00:00,1167.499,1239.151,1162.406,1224.482,13481.3536
2025-10-07 00:00:00+00:00,1223.204,1357.115,1204.65,1304.785,30742.63990581
2025-10-08 00:00:00+00:00,1304.769,1334.366,1264.054,1307.333,19876.62339874
2025-10-09 00:00:00+00:00,1307.684,1320.67,1225.011,1255.375,20527.2139
2025-10-10 00:00:00+00:00,1255.703,1278.534,852.644,1102.49,38156.14906226
2025-10-11 00:00:00+00:00,1102.602,1182.661,1075.779,1135.202,17700.74781495
2025-10-12 00:00:00+00:00,1135.204,1320.0,1107.481,1302.806,25928.06523786
2025-10-13 00:00:00+00:00,1302.665,1376.037,1251.502,1295.05,22898.08088745
2025-10-14 00:00:00+00:00,1294.971,1318.057,1142.742,1208.259,24282.45815519
2025-10-15 00:00:00+00:00,1208.508,1222.5,1148.849,1162.64,14665.45299404
2025-10-16 00:00:00+00:00,1162.923,1195.423,1122.911,1145.097,17208.74118984
2025-10-17 00:00:00+00:00,1144.997,1156.571,1021.247,1071.635,19521.36937924
2025-10-18 00:00:00+00:00,1071.244,1130.949,1069.443,1092.786,11981.65568971
2025-10-19 00:00:00+00:00,1092.294,1133.64,1068.234,1110.03,12601.93681782
2025-10-20 00:00:00+00:00,1109.708,1143.109,1088.178,1100.311,13832.00023497
2025-10-21 00:00:00+00:00,1100.312,1114.618,1052.182,1057.252,12974.84254358
2025-10-22 00:00:00+00:00,1057.059,1083.82,1053.231,1071.822,9066.14152631
2025-10-23 00:00:00+00:00,1072.134,1173.412,1072.072,1126.885,16378.5765815
2025-10-24 00:00:00+00:00,1126.54,1144.299,1097.617,1108.842,9009.57734139
2025-10-25 00:00:00+00:00,1108.656,1121.093,1101.09,1116.679,8826.38219429
2025-10-26 00:00:00+00:00,1116.679,1143.016,1114.69,1138.268,8612.5758
2025-10-27 00:00:00+00:00,1138.356,1182.0,1131.304,1138.583,11278.1619
2025-10-28 00:00:00+00:00,1138.584,1148.999,1073.351,1103.458,11287.6641
2025-10-29 00:00:00+00:00,1103.424,1121.051,1082.31,1107.419,12731.89948348
2025-10-30 00:00:00+00:00,1107.751,1129.765,1042.618,1079.007,10144.5148
2025-10-31 00:00:00+00:00,1079.121,1105.067,1071.638,1088.754,11837.385
2025-11-01 00:00:00+00:00,1088.647,1096.8,1082.061,1094.502,9047.1849
2025-11-02 00:00:00+00:00,1094.468,1094.828,1072.151,1082.972,9433.6798
2025-11-03 00:00:00+00:00,1082.972,1087.16,960.93,993.389,16065.2039749
2025-11-04 00:00:00+00:00,993.928,1001.799,880.51,936.608,16965.0691
2025-11-05 00:00:00+00:00,936.985,967.804,900.48,959.703,10636.21629726
2025-11-06 00:00:00+00:00,959.196,965.175,925.171,949.862,9170.86414127
2025-11-07 00:00:00+00:00,950.208,995.689,925.456,991.284,11724.8865523
2025-11-08 00:00:00+00:00,991.106,1007.373,980.29,990.807,14269.99885431
2025-11-09 00:00:00+00:00,990.76,1007.288,975.95,996.476,11506.0184
2025-11-10 00:00:00+00:00,996.543,1019.2,975.967,991.92,13779.056527
2025-11-11 00:00:00+00:00,992.072,1008.421,956.13,958.201,11217.0257
2025-11-12 00:00:00+00:00,958.261,978.731,938.021,952.938,15601.80818332
2025-11-13 00:00:00+00:00,952.979,971.0,906.12,927.106,10523.3702188
2025-11-14 00:00:00+00:00,927.106,933.682,888.0,915.249,12394.7852
2025-11-15 00:00:00+00:00,915.112,945.12,914.821,932.086,9240.2546
2025-11-16 00:00:00+00:00,932.118,949.694,908.16,926.717,12649.0729
2025-11-17 00:00:00+00:00,926.739,939.42,891.424,907.381,9979.5791
2025-11-18 00:00:00+00:00,907.574,939.263,884.629,932.458,11180.92598084
2025-11-19 00:00:00+00:00,932.642,940.978,872.328,897.674,13072.3639
2025-11-20 00:00:00+00:00,897.696,915.861,865.723,866.739,11579.6285
2025-11-21 00:00:00+00:00,866.457,877.352,790.77,830.414,15848.67239287
2025-11-22 00:00:00+00:00,830.631,842.592,813.86,833.88,8241.81587141
2025-11-23 00:00:00+00:00,833.467,855.35,833.198,843.713,9636.9894
2025-11-24 00:00:00+00:00,843.539,876.318,830.232,865.139,11448.34864218
2025-11-25 00:00:00+00:00,864.69,867.899,837.496,862.705,10926.66978287
2025-11-26 00:00:00+00:00,862.69,897.211,851.851,891.525,13961.41551127
2025-11-27 00:00:00+00:00,891.455,904.48,883.657,896.013,10188.10648858
2025-11-28 00:00:00+00:00,895.81,906.43,876.189,887.188,9271.9008
2025-11-29 00:00:00+00:00,887.204,889.113,868.276,872.919,6923.1619
2025-11-30 00:00:00+00:00,872.873,899.794,869.61,875.524,4120.8316
2025-12-01 00:00:00+00:00,874.765,876.819,802.072,826.767,9517.9155
2025-12-02 00:00:00+00:00,826.526,884.995,820.56,876.349,7562.95735157
2025-12-03 00:00:00+00:00,876.625,922.589,873.485,920.612,7337.6156
2025-12-04 00:00:00+00:00,920.786,928.319,886.875,899.899,7878.1876
2025-12-05 00:00:00+00:00,899.894,907.871,870.56,883.62,6481.5357
2025-12-06 00:00:00+00:00,883.719,897.807,878.107,890.336,6775.149
2025-12-07 00:00:00+00:00,890.323,906.155,870.147,894.375,7686.6656
2025-12-08 00:00:00+00:00,894.388,912.975,889.147,897.151,5803.10557
2025-12-09 00:00:00+00:00,897.192,927.77,881.745,897.219,7398.28198092
2025-12-10 00:00:00+00:00,897.136,914.979,884.26,893.425,8031.1278
2025-12-11 00:00:00+00:00,893.39,894.644,859.75,885.669,7186.3121
2025-12-12 00:00:00+00:00,885.934,896.014,866.873,881.537,6867.6717
2025-12-13 00:00:00+00:00,881.56,904.049,880.527,896.875,5019.6523
2025-12-14 00:00:00+00:00,896.896,899.504,870.032,877.256,4609.3363
2025-12-15 00:00:00+00:00,877.435,895.3,840.809,858.947,9134.5938
2025-12-16 00:00:00+00:00,858.533,878.226,847.181,875.321,6646.6765
2025-12-17 00:00:00+00:00,875.699,876.088,833.61,843.269,6674.32147684
2025-12-18 00:00:00+00:00,843.033,853.325,818.525,830.1,7990.0599
2025-12-19 00:00:00+00:00,830.15,862.278,822.358,856.049,6074.9565
2025-12-20 00:00:00+00:00,856.083,859.518,850.761,853.995,3299.95628341
2025-12-21 00:00:00+00:00,854.134,859.707,845.524,858.576,4047.727
2025-12-22 00:00:00+00:00,858.556,871.065,851.112,858.331,6527.1152
2025-12-23 00:00:00+00:00,858.686,861.288,838.358,844.182,3147.5868
2025-12-24 00:00:00+00:00,844.261,850.009,835.382,846.599,2797.5071
2025-12-25 00:00:00+00:00,846.59,847.933,826.69,829.605,2358.8007
2025-12-26 00:00:00+00:00,829.374,847.327,821.21,834.725,3728.8203
2025-12-27 00:00:00+00:00,834.726,846.37,834.403,845.175,1842.5009
2025-12-28 00:00:00+00:00,845.151,867.026,839.19,859.207,2497.5963
2025-12-29 00:00:00+00:00,859.209,871.896,845.778,852.531,5806.9477
2025-12-30 00:00:00+00:00,852.464,863.895,848.831,861.713,3468.0761
2025-12-31 00:00:00+00:00,861.642,877.138,857.851,864.207,2733.1504
2026-01-01 00:00:00+00:00,864.208,874.241,856.329,864.229,2073.1671
2026-01-02 00:00:00+00:00,864.377,891.059,859.716,881.217,2682.1105
2026-01-03 00:00:00+00:00,881.128,884.267,868.759,878.624,2235.3628
2026-01-04 00:00:00+00:00,878.536,902.901,878.338,895.005,2535.2684
2026-01-05 00:00:00+00:00,895.378,916.616,890.528,910.352,3312.70024591
2026-01-06 00:00:00+00:00,910.281,923.911,891.739,917.741,3783.40962687
2026-01-07 00:00:00+00:00,917.85,920.143,892.788,900.14,2830.6904
2026-01-08 00:00:00+00:00,900.361,904.778,875.09,892.327,3273.0838
2026-01-09 00:00:00+00:00,892.255,900.982,885.454,896.702,2162.8232
2026-01-10 00:00:00+00:00,896.861,916.176,896.861,908.095,2594.2562
2026-01-11 00:00:00+00:00,908.096,917.343,898.748,904.199,2161.3378
2026-01-12 00:00:00+00:00,904.44,910.684,893.918,905.896,2714.18127674
2026-01-13 00:00:00+00:00,905.896,953.755,902.501,943.845,6269.2649
2026-01-14 00:00:00+00:00,943.803,954.56,928.669,948.704,5152.09749429
2026-01-15 00:00:00+00:00,948.704,948.965,924.0,931.0,3593.4731
2026-01-16 00:00:00+00:00,931.0,939.242,923.609,938.015,3517.3342
2026-01-17 00:00:00+00:00,938.126,959.536,935.455,947.207,2746.1404
2026-01-18 00:00:00+00:00,947.157,953.225,931.518,932.141,1846.1048
2026-01-19 00:00:00+00:00,932.098,932.098,901.25,923.57,6119.4464
2026-01-20 00:00:00+00:00,923.495,933.255,883.339,884.261,4961.312846
2026-01-21 00:00:00+00:00,884.106,893.598,864.49,883.264,7154.1348
2026-01-22 00:00:00+00:00,883.252,898.139,878.34,888.463,4032.6559
2026-01-23 00:00:00+00:00,888.407,904.924,882.911,891.567,5348.02375
2026-01-24 00:00:00+00:00,891.567,894.0,886.103,886.95,2499.30276118
2026-01-25 00:00:00+00:00,887.002,887.422,855.67,865.681,4423.9245
2026-01-26 00:00:00+00:00,865.681,881.215,864.734,879.193,4998.7277
2026-01-27 00:00:00+00:00,879.282,901.266,876.12,898.303,2861.0218
2026-01-28 00:00:00+00:00,898.304,909.492,894.594,902.879,3736.6508
2026-01-29 00:00:00+00:00,902.88,906.743,852.944,868.65,5444.6924
2026-01-30 00:00:00+00:00,868.635,869.5,831.841,858.627,8646.4539
2026-01-31 00:00:00+00:00,858.652,860.574,748.254,781.762,10270.5482
2026-02-01 00:00:00+00:00,781.567,789.572,739.874,757.892,7403.2666
2026-02-02 00:00:00+00:00,758.534,781.439,728.66,773.803,9796.7365
2026-02-03 00:00:00+00:00,773.801,783.506,736.314,754.752,7874.2615
2026-02-04 00:00:00+00:00,754.785,765.37,687.354,697.196,11325.05
2026-02-05 00:00:00+00:00,697.337,702.913,602.108,608.172,16932.9216
2026-02-06 00:00:00+00:00,608.154,669.404,570.217,657.188,16780.9627
2026-02-07 00:00:00+00:00,657.142,663.618,630.95,646.856,10438.0822
2026-02-08 00:00:00+00:00,647.213,652.919,632.26,639.988,6025.6317
2026-02-09 00:00:00+00:00,639.797,646.217,616.179,636.409,4855.7178
2026-02-10 00:00:00+00:00,636.449,641.8,613.777,619.652,5626.1496
2026-02-11 00:00:00+00:00,619.822,624.16,587.293,608.246,7717.52304495
2026-02-12 00:00:00+00:00,608.127,620.824,600.387,614.13,5266.6107
2026-02-13 00:00:00+00:00,614.169,622.73,592.423,618.746,6078.7266
2026-02-14 00:00:00+00:00,618.856,637.222,615.786,632.547,4775.8876
2026-02-15 00:00:00+00:00,632.416,642.354,608.819,614.975,6494.0152
2026-02-16 00:00:00+00:00,615.174,631.142,604.521,627.262,4422.8708
2026-02-17 00:00:00+00:00,627.269,631.807,609.311,617.761,4231.4069
2026-02-18 00:00:00+00:00,617.785,626.563,601.38,604.73,4010.7122
2026-02-19 00:00:00+00:00,604.81,614.64,596.061,607.726,3955.8155
2026-02-20 00:00:00+00:00,607.56,629.665,601.207,625.904,4729.4009
2026-02-21 00:00:00+00:00,625.823,634.631,623.856,625.847,3377.21484667
2026-02-22 00:00:00+00:00,625.606,626.924,610.043,614.9,4196.70748
2026-02-23 00:00:00+00:00,614.604,615.73,583.15,596.345,10206.4338
2026-02-24 00:00:00+00:00,596.334,602.713,577.09,583.568,6731.6021
2026-02-25 00:00:00+00:00,583.795,640.71,581.624,629.364,8846.959
2026-02-26 00:00:00+00:00,629.286,633.742,614.181,625.596,8223.6932
2026-02-27 00:00:00+00:00,625.683,633.527,605.402,613.95,9215.2835
2026-02-28 00:00:00+00:00,613.963,621.501,588.681,616.885,8470.37159489
2026-03-01 00:00:00+00:00,616.886,632.058,610.882,617.752,9590.9596
2026-03-02 00:00:00+00:00,617.927,652.973,613.0,637.451,8625.816
2026-03-03 00:00:00+00:00,637.706,642.227,620.767,633.386,7459.9302
2026-03-04 00:00:00+00:00,633.389,666.0,626.019,658.307,9497.48859786
2026-03-05 00:00:00+00:00,657.877,665.296,646.2,647.833,9164.0894
2026-03-06 00:00:00+00:00,648.014,651.758,624.823,627.271,8056.56337691
2026-03-07 00:00:00+00:00,627.165,630.11,617.77,620.342,8538.2388
2026-03-08 00:00:00+00:00,620.408,624.104,607.9,611.876,7443.0876
2026-03-09 00:00:00+00:00,612.05,643.11,611.0,634.424,10283.6778
2026-03-10 00:00:00+00:00,634.401,652.447,634.401,642.008,8468.284
2026-03-11 00:00:00+00:00,642.043,656.11,635.0,651.483,9083.9402
2026-03-12 00:00:00+00:00,651.838,657.75,641.8,651.949,8466.4629
2026-03-13 00:00:00+00:00,651.92,679.149,650.721,655.656,12473.4771
2026-03-14 00:00:00+00:00,655.655,658.06,650.097,657.711,7204.64617817
2026-03-15 00:00:00+00:00,657.712,678.998,654.307,673.851,8089.7147
2026-03-16 00:00:00+00:00,673.875,687.3,670.0,679.524,13476.3504
2026-03-17 00:00:00+00:00,679.152,686.489,663.549,668.619,16609.1463
2026-03-18 00:00:00+00:00,668.737,676.353,644.42,652.16,15633.12799281
2026-03-19 00:00:00+00:00,652.191,656.27,633.39,639.171,15799.3583
2026-03-20 00:00:00+00:00,639.2,647.64,636.38,642.28,9202.4136
2026-03-21 00:00:00+00:00,642.105,646.454,627.454,630.518,6790.6182
2026-03-22 00:00:00+00:00,630.543,637.711,622.012,626.191,23924.0543
2026-03-23 00:00:00+00:00,626.605,650.641,620.266,638.972,24894.8385
2026-03-24 00:00:00+00:00,639.061,640.085,626.88,638.35,19048.1499
2026-03-25 00:00:00+00:00,638.537,652.868,637.601,647.518,19661.42151309
2026-03-26 00:00:00+00:00,647.426,648.389,623.151,628.697,18206.6296
2026-03-27 00:00:00+00:00,628.69,631.81,605.807,613.858,14177.8408
2026-03-28 00:00:00+00:00,613.931,618.937,609.775,611.094,5174.8231
2026-03-29 00:00:00+00:00,611.095,615.298,596.433,606.0,3465.4528
2026-03-30 00:00:00+00:00,606.198,621.439,605.299,609.088,6323.8449
2026-03-31 00:00:00+00:00,609.29,619.932,598.741,617.331,16370.761
2026-04-01 00:00:00+00:00,617.262,622.0,609.991,610.77,10189.1766
2026-04-02 00:00:00+00:00,610.785,613.628,570.544,583.45,5121.2255
2026-04-03 00:00:00+00:00,583.726,590.206,581.881,587.935,3461.5086
2026-04-04 00:00:00+00:00,588.198,596.462,587.127,593.359,5182.2428
2026-04-05 00:00:00+00:00,593.398,604.008,587.022,601.509,3317.909
2026-04-06 00:00:00+00:00,601.63,610.363,596.415,600.142,3558.4232
2026-04-07 00:00:00+00:00,599.969,624.793,592.124,620.14,10688.4667
2026-04-08 00:00:00+00:00,620.203,621.516,599.68,601.088,8061.7918
2026-04-09 00:00:00+00:00,601.09,611.99,596.95,602.957,6310.2738
2026-04-10 00:00:00+00:00,602.961,610.148,588.68,605.281,11575.4095
2026-04-11 00:00:00+00:00,605.347,614.0,603.396,607.055,9925.5147
2026-04-12 00:00:00+00:00,606.962,607.558,588.859,592.036,10043.9943
2026-04-13 00:00:00+00:00,592.139,617.748,591.496,614.675,10201.7129
2026-04-14 00:00:00+00:00,615.084,625.101,610.834,613.597,8564.6785
2026-04-15 00:00:00+00:00,613.659,627.464,610.459,622.566,11344.9192
2026-04-16 00:00:00+00:00,622.556,637.281,614.665,635.637,14921.4176
2026-04-17 00:00:00+00:00,635.637,645.519,626.655,643.001,12895.7053
2026-04-18 00:00:00+00:00,642.967,648.802,627.973,629.724,5212.2305
2026-04-19 00:00:00+00:00,629.725,630.258,614.906,616.093,3777.598
2026-04-20 00:00:00+00:00,616.145,631.997,616.038,629.128,7241.3642
2026-04-21 00:00:00+00:00,629.128,640.51,624.844,631.61,16817.3218
2026-04-22 00:00:00+00:00,631.73,654.125,631.045,637.348,10172.3904
2026-04-23 00:00:00+00:00,637.473,640.329,631.1,638.388,9365.86034781
2026-04-24 00:00:00+00:00,638.517,640.317,632.021,636.119,5111.3669
2026-04-25 00:00:00+00:00,636.133,638.423,627.354,628.381,4466.5487
2026-04-26 00:00:00+00:00,628.381,638.072,626.931,635.722,5390.9958
2026-04-27 00:00:00+00:00,635.811,639.784,618.288,626.892,8888.3689
2026-04-28 00:00:00+00:00,626.778,627.454,619.058,624.805,11135.8608
2026-04-29 00:00:00+00:00,624.799,629.456,610.425,617.48,14106.1848
2026-04-30 00:00:00+00:00,617.48,620.663,613.436,615.3,12975.2675
2026-05-01 00:00:00+00:00,615.346,622.751,613.76,615.183,11218.7908
2026-05-02 00:00:00+00:00,615.164,621.784,613.989,617.879,11814.0506
2026-05-03 00:00:00+00:00,617.975,622.196,615.064,617.272,14973.03492781
2026-05-04 00:00:00+00:00,617.182,638.893,615.575,622.376,19055.78410793
2026-05-05 00:00:00+00:00,622.365,634.83,622.346,630.39,15480.3513
2026-05-06 00:00:00+00:00,630.331,664.088,629.001,647.49,18124.6723
2026-05-07 00:00:00+00:00,647.585,653.45,633.728,637.037,18600.9192
2026-05-08 00:00:00+00:00,637.098,651.567,634.703,649.323,15263.4397
2026-05-09 00:00:00+00:00,649.341,655.923,646.276,649.895,11747.1422
2026-05-10 00:00:00+00:00,649.85,666.571,644.919,663.441,11457.8468
2026-05-11 00:00:00+00:00,663.528,672.938,649.286,670.383,12418.86177297
2026-05-12 00:00:00+00:00,670.575,671.323,650.459,664.759,14762.86983882
2026-05-13 00:00:00+00:00,665.138,685.498,663.857,671.551,18021.4101
2026-05-14 00:00:00+00:00,671.502,698.86,665.333,678.231,22921.428
2026-05-15 00:00:00+00:00,678.142,690.185,669.114,672.208,18248.5603
2026-05-16 00:00:00+00:00,672.142,674.936,650.85,656.122,16545.622
2026-05-17 00:00:00+00:00,656.168,657.594,639.324,649.476,13450.3109
2026-05-18 00:00:00+00:00,649.596,649.604,634.284,643.345,10824.5501
2026-05-19 00:00:00+00:00,643.558,647.154,636.201,639.741,3677.9976
2026-05-20 00:00:00+00:00,639.853,651.597,629.92,649.249,4110.1364
2026-05-21 00:00:00+00:00,649.25,659.528,639.2,658.58,5806.2508
2026-05-22 00:00:00+00:00,658.321,663.991,648.445,650.443,7898.924598186293
2026-05-23 00:00:00+00:00,650.648,663.713,635.238,656.099,8200.4865
2026-05-24 00:00:00+00:00,656.099,663.299,649.68,656.709,6029.3913
2026-05-25 00:00:00+00:00,656.699,673.119,655.678,663.139,5285.2839
2026-05-26 00:00:00+00:00,663.439,667.947,653.405,656.302,4756.0249
2026-05-27 00:00:00+00:00,656.524,659.909,646.8,648.978,3719.09858234
2026-05-28 00:00:00+00:00,648.695,649.358,628.38,638.351,5914.25079928
2026-05-29 00:00:00+00:00,638.408,645.002,630.742,642.937,4438.8626
2026-05-30 00:00:00+00:00,642.907,729.0,642.544,718.679,14865.19965379
2026-05-31 00:00:00+00:00,718.62,745.619,703.195,710.162,12177.0813
2026-06-01 00:00:00+00:00,710.411,729.364,673.866,692.895,31561.8691
2026-06-02 00:00:00+00:00,692.755,695.48,642.485,650.68,30597.7836
2026-06-03 00:00:00+00:00,650.786,657.428,616.201,620.744,25762.3249
2026-06-04 00:00:00+00:00,620.614,624.505,588.098,604.406,22128.2916
2026-06-05 00:00:00+00:00,604.171,607.847,556.446,572.254,22750.3677
2026-06-06 00:00:00+00:00,572.077,584.303,559.817,574.361,14613.91800022
2026-06-07 00:00:00+00:00,574.426,610.642,573.453,604.561,13617.7826
2026-06-08 00:00:00+00:00,604.577,610.38,591.709,601.588,12514.9052
2026-06-09 00:00:00+00:00,601.921,605.5,583.801,593.318,13706.18649438
2026-06-10 00:00:00+00:00,593.298,598.411,580.65,586.67,12925.6692
2026-06-11 00:00:00+00:00,586.75,607.304,586.75,605.616,13808.4557
2026-06-12 00:00:00+00:00,605.746,613.171,596.38,603.45,12794.0482
2026-06-13 00:00:00+00:00,603.503,612.42,599.731,609.299,9522.208
2026-06-14 00:00:00+00:00,609.433,617.063,602.695,616.61,5428.9917
2026-06-15 00:00:00+00:00,616.658,632.906,612.725,617.834,8694.00907801471
2026-06-16 00:00:00+00:00,617.823,619.503,601.102,604.94,7036.1352
2026-06-17 00:00:00+00:00,605.031,612.511,595.362,601.538,7582.5439
2026-06-18 00:00:00+00:00,601.511,604.109,572.903,578.328,8435.8435
2026-06-19 00:00:00+00:00,578.212,583.101,570.805,581.267,5462.4839
2026-06-20 00:00:00+00:00,581.252,589.381,580.037,587.897,5079.9459
2026-06-21 00:00:00+00:00,587.985,592.348,583.67,584.195,4958.3615
2026-06-22 00:00:00+00:00,584.195,602.099,583.999,590.046,8233.3893
2026-06-23 00:00:00+00:00,589.901,592.642,570.434,577.948,7566.6971
2026-06-24 00:00:00+00:00,578.025,581.983,546.865,564.565,11900.2162
2026-06-25 00:00:00+00:00,564.904,572.6,540.556,560.555,11119.4516
2026-06-26 00:00:00+00:00,561.124,570.334,550.402,567.639,10210.5056
2026-06-27 00:00:00+00:00,567.641,568.581,554.559,557.171,5705.8133
2026-06-28 00:00:00+00:00,557.171,558.926,545.601,551.061,7690.0385
2026-06-29 00:00:00+00:00,550.966,562.663,546.23,559.601,10772.1277
2026-06-30 00:00:00+00:00,559.445,560.397,543.601,546.489,8876.4992
2026-07-01 00:00:00+00:00,546.398,559.595,537.276,550.408,10529.7843
2026-07-02 00:00:00+00:00,550.396,567.05,546.317,558.705,10656.5503
2026-07-03 00:00:00+00:00,558.877,575.062,557.06,573.781,8442.4983
2026-07-04 00:00:00+00:00,573.728,578.729,568.517,575.487,6356.8234
2026-07-05 00:00:00+00:00,575.48,593.4,568.275,589.89,5800.88909816
2026-07-06 00:00:00+00:00,589.889,593.112,570.18,585.833,7180.8572
2026-07-07 00:00:00+00:00,586.188,587.683,575.193,576.759,4419.6768
2026-07-08 00:00:00+00:00,576.76,579.021,560.212,568.48,6414.8754
2026-07-09 00:00:00+00:00,568.513,576.658,565.373,568.586,3906.905
2026-07-10 00:00:00+00:00,568.524,578.089,567.942,575.308,7064.1505
2026-07-11 00:00:00+00:00,575.365,582.981,572.912,574.491,4239.3485
2026-07-12 00:00:00+00:00,574.49,584.596,569.952,573.719,3767.8083
2026-07-13 00:00:00+00:00,573.73,579.659,562.211,567.293,4958.6924
2026-07-14 00:00:00+00:00,567.294,584.408,566.337,581.74,6005.6709
2026-07-15 00:00:00+00:00,581.773,585.175,575.641,580.434,8321.6177
2026-07-16 00:00:00+00:00,580.516,585.748,571.49,572.221,8870.8361
2026-07-17 00:00:00+00:00,572.317,574.623,555.479,567.857,7392.1721
2026-07-18 00:00:00+00:00,568.05,572.574,566.16,570.418,4316.7233
2026-07-19 00:00:00+00:00,570.828,572.512,566.413,570.922,4361.6784
2026-07-20 00:00:00+00:00,571.003,575.172,562.987,571.076,9026.0535
2026-07-21 00:00:00+00:00,570.926,579.738,569.718,573.734,8016.18188213
2026-07-22 00:00:00+00:00,573.614,575.468,566.943,570.869,7671.4075
2026-07-23 00:00:00+00:00,570.948,572.05,563.6,567.121,7048.282
2026-07-24 00:00:00+00:00,567.123,571.213,556.015,564.757,11472.9452
2026-07-25 00:00:00+00:00,564.924,569.969,563.809,568.949,4891.5896
2026-07-26 00:00:00+00:00,568.951,576.57,568.951,575.345,3528.3186
2026-07-27 00:00:00+00:00,575.606,577.033,565.655,566.387,6987.3491
2026-07-28 00:00:00+00:00,566.387,575.639,562.353,571.226,7732.4662
2026-07-29 00:00:00+00:00,571.184,573.787,565.331,572.056,9834.9451
2026-07-30 00:00:00+00:00,572.155,596.059,571.026,592.002,11555.4146
2026-07-31 00:00:00+00:00,592.045,595.505,584.047,587.138,12315.2379
2026-08-01 00:00:00+00:00,587.138,592.999,573.791,575.213,8205.5464
2026-08-02 00:00:00+00:00,575.238,591.05,573.766,588.511,8001.8709
2026-08-03 00:00:00+00:00,588.564,594.219,581.048,589.301,10279.9484
2026-08-04 00:00:00+00:00,589.17,594.967,587.972,593.226,6965.34383379
2026-08-05 00:00:00+00:00,593.071,605.593,591.875,593.783,10097.0316
2026-08-06 00:00:00+00:00,593.783,598.369,590.007,592.43,7431.6914
2026-08-07 00:00:00+00:00,592.44,594.749,585.256,592.413,8130.8817
2026-08-08 00:00:00+00:00,592.409,611.774,590.658,600.698,8596.5806
2026-08-09 00:00:00+00:00,600.704,611.265,600.266,602.011,7405.5875
2026-08-10 00:00:00+00:00,601.884,606.68,597.374,599.009,5421.0724
2026-08-11 00:00:00+00:00,599.143,617.69,598.425,616.743,6413.58139028
2026-08-12 00:00:00+00:00,616.7,620.305,608.804,610.352,7344.5113
2026-08-13 00:00:00+00:00,610.387,614.999,605.0,610.559,12386.835
2026-08-14 00:00:00+00:00,610.574,612.69,602.775,607.891,10156.8831
2026-08-15 00:00:00+00:00,607.891,612.867,606.937,607.767,6214.3093
2026-08-16 00:00:00+00:00,607.747,608.469,601.389,602.878,4805.330454245511
2026-08-17 00:00:00+00:00,602.88,607.92,601.059,605.759,6707.423
2026-08-18 00:00:00+00:00,605.88,605.967,599.879,603.861,2994.5168
2026-08-19 00:00:00+00:00,603.862,636.312,601.327,627.583,7562.0648
2026-08-20 00:00:00+00:00,627.603,658.256,622.52,654.811,13334.9336
2026-08-21 00:00:00+00:00,654.87,691.952,653.381,686.978,15908.15781356
2026-08-22 00:00:00+00:00,686.65,725.999,681.757,695.503,17818.5677
2026-08-23 00:00:00+00:00,695.56,707.09,677.071,702.208,12656.1301
2026-08-24 00:00:00+00:00,702.31,716.586,692.978,704.196,15175.55777822
2026-08-25 00:00:00+00:00,704.339,719.079,688.073,694.133,10579.06776801
2026-08-26 00:00:00+00:00,694.709,708.227,691.361,707.295,8460.1459
2026-08-27 00:00:00+00:00,707.295,715.38,700.976,711.806,5841.1471
2026-08-28 00:00:00+00:00,711.806,718.598,685.617,691.43,3890.3288
2026-08-29 00:00:00+00:00,691.382,694.195,686.952,692.493,2237.4447
2026-08-30 00:00:00+00:00,692.493,704.087,679.251,684.788,2374.22304991
2026-08-31 00:00:00+00:00,684.67,694.504,682.2,691.301,3353.6756
2026-09-01 00:00:00+00:00,691.19,694.675,674.701,683.033,3360.4666
2026-09-02 00:00:00+00:00,682.947,689.66,679.72,688.593,4225.6163
2026-09-03 00:00:00+00:00,688.68,728.229,686.263,725.093,4712.1542
2026-09-04 00:00:00+00:00,725.15,729.998,709.0,721.3,5863.99839514
