ts,open,high,low,close,volume
2025-04-23 04:00:00+00:00,1795.52,1818.09,1773.87,1791.77,16231.13060896
2025-04-23 08:00:00+00:00,1791.83,1812.37,1778.91,1797.25,13674.73532065
2025-04-23 12:00:00+00:00,1797.25,1835.51,1761.61,1794.59,26441.5827191
2025-04-23 16:00:00+00:00,1794.81,1809.95,1774.39,1786.25,15696.76757973
2025-04-23 20:00:00+00:00,1786.24,1806.79,1785.72,1795.22,8721.98876157
2025-04-24 00:00:00+00:00,1795.22,1802.79,1766.6,1768.33,9571.5315043
2025-04-24 04:00:00+00:00,1767.91,1776.28,1751.31,1756.3,10417.46261015
2025-04-24 08:00:00+00:00,1756.31,1760.49,1723.01,1755.01,15827.98266156
2025-04-24 12:00:00+00:00,1755.01,1777.68,1744.65,1764.65,13522.99309915
2025-04-24 16:00:00+00:00,1764.65,1777.59,1745.78,1763.05,13270.88365153
2025-04-24 20:00:00+00:00,1763.04,1774.65,1749.01,1769.49,8606.0695897
2025-04-25 00:00:00+00:00,1769.56,1790.17,1738.89,1760.77,11475.07243801
2025-04-25 04:00:00+00:00,1760.77,1782.12,1758.06,1777.45,6309.15219781
2025-04-25 08:00:00+00:00,1777.26,1793.3,1764.53,1790.32,9690.30429012
2025-04-25 12:00:00+00:00,1790.32,1827.0,1757.15,1806.28,21575.30755836
2025-04-25 16:00:00+00:00,1806.29,1810.61,1782.6,1802.47,12786.8610117
2025-04-25 20:00:00+00:00,1802.31,1809.24,1784.07,1784.56,9114.8412414
2025-04-26 00:00:00+00:00,1784.66,1815.79,1784.66,1797.57,9580.80260352
2025-04-26 04:00:00+00:00,1797.58,1810.61,1789.13,1800.52,6689.97015624
2025-04-26 08:00:00+00:00,1800.52,1841.16,1778.93,1785.64,15139.31436355
2025-04-26 12:00:00+00:00,1785.76,1803.91,1780.3,1800.0,9937.3708793
2025-04-26 16:00:00+00:00,1800.01,1814.35,1795.72,1813.13,6608.62774506
2025-04-26 20:00:00+00:00,1812.95,1831.3,1805.66,1820.82,8429.0260217
2025-04-27 00:00:00+00:00,1820.83,1857.37,1801.05,1810.02,14715.1159163
2025-04-27 04:00:00+00:00,1810.02,1811.69,1790.29,1803.66,14468.4213138
2025-04-27 08:00:00+00:00,1803.66,1815.47,1801.63,1806.03,13169.79622073
2025-04-27 12:00:00+00:00,1806.02,1808.32,1782.1,1793.92,18245.11185038
2025-04-27 16:00:00+00:00,1793.93,1808.8,1787.42,1808.05,12777.4233714
2025-04-27 20:00:00+00:00,1808.02,1808.02,1784.52,1791.32,14120.74618328
2025-04-28 00:00:00+00:00,1791.32,1793.87,1752.3,1784.27,28106.05312812
2025-04-28 04:00:00+00:00,1784.27,1812.12,1784.23,1804.7,22994.6339204
2025-04-28 08:00:00+00:00,1804.7,1827.75,1788.45,1815.93,25747.63149002
2025-04-28 12:00:00+00:00,1815.94,1816.9,1753.06,1763.17,26480.54765676
2025-04-28 16:00:00+00:00,1763.17,1804.95,1744.46,1797.48,27012.9416199
2025-04-28 20:00:00+00:00,1797.19,1806.62,1781.18,1799.77,17658.1877451
2025-04-29 00:00:00+00:00,1799.78,1811.53,1788.0,1801.95,20361.2494746
2025-04-29 04:00:00+00:00,1801.96,1824.75,1788.3,1821.49,18070.47307533
2025-04-29 08:00:00+00:00,1821.49,1842.88,1816.88,1829.72,22159.03668443
2025-04-29 12:00:00+00:00,1829.72,1833.18,1802.32,1814.98,26077.38446414
2025-04-29 16:00:00+00:00,1814.99,1832.29,1807.51,1821.5,20167.5589602
2025-04-29 20:00:00+00:00,1821.93,1825.75,1780.62,1798.09,21280.97286904
2025-04-30 00:00:00+00:00,1797.7,1812.9,1789.01,1808.89,13050.6317724
2025-04-30 04:00:00+00:00,1809.02,1812.95,1791.08,1796.42,17563.5388576
2025-04-30 08:00:00+00:00,1796.42,1816.54,1792.7,1815.64,17504.15570155
2025-04-30 12:00:00+00:00,1815.64,1816.31,1732.02,1764.8,26517.19934391
2025-04-30 16:00:00+00:00,1764.79,1792.89,1756.09,1786.64,23879.048939
2025-04-30 20:00:00+00:00,1787.13,1809.52,1784.69,1793.66,16187.66787136
2025-05-01 00:00:00+00:00,1793.66,1819.0,1792.53,1807.99,18524.65010376
2025-05-01 04:00:00+00:00,1808.0,1817.0,1802.27,1810.72,13156.80434639
2025-05-01 08:00:00+00:00,1810.62,1859.1,1808.74,1845.57,21213.00670857
2025-05-01 12:00:00+00:00,1845.59,1873.0,1825.0,1852.9,25720.19873122
2025-05-01 16:00:00+00:00,1852.79,1870.06,1839.16,1843.19,18902.60211792
2025-05-01 20:00:00+00:00,1843.05,1850.95,1833.71,1838.22,13298.10208041
2025-05-02 00:00:00+00:00,1838.22,1851.15,1835.02,1847.55,12249.0484795
2025-05-02 04:00:00+00:00,1847.56,1851.31,1816.17,1816.17,15868.4092447
2025-05-02 08:00:00+00:00,1816.13,1835.48,1812.53,1833.34,14794.08529838
2025-05-02 12:00:00+00:00,1833.34,1854.16,1823.39,1841.11,21377.873809
2025-05-02 16:00:00+00:00,1841.1,1870.74,1831.71,1839.9,23010.17893959
2025-05-02 20:00:00+00:00,1839.89,1847.88,1833.07,1842.25,12490.1195851
2025-05-03 00:00:00+00:00,1842.26,1843.11,1826.69,1834.92,11285.70679945
2025-05-03 04:00:00+00:00,1834.93,1839.31,1824.57,1826.34,5830.9054823
2025-05-03 08:00:00+00:00,1826.35,1830.5,1817.77,1824.23,9755.5847085
2025-05-03 12:00:00+00:00,1824.23,1840.0,1823.98,1834.3,6921.85772628
2025-05-03 16:00:00+00:00,1834.3,1838.98,1809.99,1838.2,10422.3846452
2025-05-03 20:00:00+00:00,1838.19,1848.43,1828.8,1833.49,8083.0319941
2025-05-04 00:00:00+00:00,1833.49,1849.66,1826.62,1831.94,10856.7060523
2025-05-04 04:00:00+00:00,1831.93,1849.76,1829.69,1840.91,8951.96386637
2025-05-04 08:00:00+00:00,1840.89,1841.23,1821.9,1827.91,10084.51674625
2025-05-04 12:00:00+00:00,1827.9,1833.76,1818.58,1830.75,8913.1124546
2025-05-04 16:00:00+00:00,1830.74,1833.21,1822.27,1828.34,6578.18794537
2025-05-04 20:00:00+00:00,1828.35,1842.23,1803.0,1808.74,8008.11516399
2025-05-05 00:00:00+00:00,1808.74,1818.47,1781.78,1794.71,10503.1105689
2025-05-05 04:00:00+00:00,1794.6,1829.69,1792.88,1826.47,11235.04331327
2025-05-05 08:00:00+00:00,1826.47,1831.54,1798.52,1804.82,10752.76905
2025-05-05 12:00:00+00:00,1804.71,1815.63,1794.54,1800.88,13199.71265367
2025-05-05 16:00:00+00:00,1800.87,1828.45,1800.87,1816.13,10325.26209883
2025-05-05 20:00:00+00:00,1816.46,1833.1,1799.27,1820.02,11929.80884436
2025-05-06 00:00:00+00:00,1820.02,1820.75,1793.0,1806.19,8761.6729571
2025-05-06 04:00:00+00:00,1806.36,1809.03,1798.35,1806.18,6475.6391323
2025-05-06 08:00:00+00:00,1805.91,1806.1,1757.2,1769.99,11974.4594436
2025-05-06 12:00:00+00:00,1769.98,1779.58,1751.81,1770.13,13026.5013269
2025-05-06 16:00:00+00:00,1770.12,1798.83,1762.26,1784.64,11907.66147633
2025-05-06 20:00:00+00:00,1784.87,1819.1,1765.44,1816.69,16688.1060006
2025-05-07 00:00:00+00:00,1816.92,1850.47,1814.6,1826.45,16167.21432115
2025-05-07 04:00:00+00:00,1826.45,1838.23,1824.57,1838.17,7280.9512647
2025-05-07 08:00:00+00:00,1838.16,1846.84,1830.61,1836.23,9943.5909346
2025-05-07 12:00:00+00:00,1836.23,1836.99,1814.86,1817.42,11858.3524385
2025-05-07 16:00:00+00:00,1817.42,1818.0,1787.01,1795.79,18120.84834749
2025-05-07 20:00:00+00:00,1795.79,1825.38,1789.16,1811.19,13087.69420279
2025-05-08 00:00:00+00:00,1811.2,1906.74,1808.71,1901.17,20097.5138645
2025-05-08 04:00:00+00:00,1901.18,1944.41,1892.34,1928.4,21613.9996925
2025-05-08 08:00:00+00:00,1928.39,1968.32,1926.13,1957.54,21478.5485267
2025-05-08 12:00:00+00:00,1957.55,2075.9,1953.92,2051.27,41177.00522349
2025-05-08 16:00:00+00:00,2051.27,2140.36,2036.86,2118.0,32077.266053
2025-05-08 20:00:00+00:00,2117.99,2225.6,2111.64,2207.46,31219.88068599
2025-05-09 00:00:00+00:00,2207.17,2245.06,2184.66,2204.64,21362.3162664
2025-05-09 04:00:00+00:00,2205.0,2393.26,2202.67,2364.21,42300.9342412
2025-05-09 08:00:00+00:00,2364.21,2490.49,2281.05,2351.31,72091.64388269
2025-05-09 12:00:00+00:00,2351.28,2388.19,2271.36,2301.66,21164.14407185
2025-05-09 16:00:00+00:00,2301.25,2355.2,2274.95,2331.8,13583.30674224
2025-05-09 20:00:00+00:00,2331.81,2351.86,2322.2,2344.74,7266.4606637
2025-05-10 00:00:00+00:00,2344.75,2380.13,2317.57,2339.83,8160.09267224
2025-05-10 04:00:00+00:00,2339.84,2416.6,2326.83,2399.56,11348.48820466
2025-05-10 08:00:00+00:00,2399.57,2435.29,2360.07,2384.41,21283.00443946
2025-05-10 12:00:00+00:00,2384.42,2449.24,2384.41,2433.8,15012.7863998
2025-05-10 16:00:00+00:00,2433.62,2512.23,2428.94,2499.06,25368.70579595
2025-05-10 20:00:00+00:00,2499.07,2601.56,2468.95,2583.97,20894.22548268
2025-05-11 00:00:00+00:00,2582.83,2608.64,2505.22,2537.53,28519.75505131
2025-05-11 04:00:00+00:00,2537.21,2561.98,2454.05,2473.3,42603.5817843
2025-05-11 08:00:00+00:00,2473.3,2535.53,2472.91,2530.74,35694.23020612
2025-05-11 12:00:00+00:00,2530.73,2531.65,2434.28,2462.07,28362.66938065
2025-05-11 16:00:00+00:00,2462.11,2525.74,2440.14,2508.1,16036.5909915
2025-05-11 20:00:00+00:00,2508.1,2528.54,2483.41,2514.69,9614.52419455
2025-05-12 00:00:00+00:00,2514.69,2548.63,2491.05,2519.89,11647.21424173
2025-05-12 04:00:00+00:00,2519.93,2624.57,2486.85,2554.13,23633.41738397
2025-05-12 08:00:00+00:00,2554.65,2585.0,2521.49,2530.63,22205.04357029
2025-05-12 12:00:00+00:00,2530.62,2576.72,2476.5,2487.09,55384.9184214
2025-05-12 16:00:00+00:00,2487.09,2512.42,2407.69,2460.49,46167.39064533
2025-05-12 20:00:00+00:00,2460.4,2500.19,2452.42,2495.37,26932.3665874
2025-05-13 00:00:00+00:00,2495.38,2495.61,2415.25,2425.0,32028.79954244
2025-05-13 04:00:00+00:00,2425.0,2480.02,2420.01,2461.01,27889.80743898
2025-05-13 08:00:00+00:00,2461.02,2525.0,2451.53,2513.37,28609.01985655
2025-05-13 12:00:00+00:00,2513.37,2573.24,2492.06,2565.4,44325.5798159
2025-05-13 16:00:00+00:00,2565.44,2738.48,2559.8,2691.49,45604.32751767
2025-05-13 20:00:00+00:00,2690.76,2707.45,2653.04,2679.77,26745.66645036
2025-05-14 00:00:00+00:00,2679.76,2726.39,2622.3,2646.9,32833.5709922
2025-05-14 04:00:00+00:00,2647.0,2687.3,2636.41,2640.68,18043.57572969
2025-05-14 08:00:00+00:00,2640.67,2645.72,2576.99,2624.98,22060.5275475
2025-05-14 12:00:00+00:00,2625.02,2635.76,2559.06,2597.3,19732.83001156
2025-05-14 16:00:00+00:00,2597.49,2617.19,2547.44,2605.23,14981.01074411
2025-05-14 20:00:00+00:00,2604.9,2614.58,2583.86,2609.5,6589.6224582
2025-05-15 00:00:00+00:00,2609.51,2646.36,2567.05,2575.02,12341.14059378
2025-05-15 04:00:00+00:00,2574.79,2596.38,2516.01,2530.97,15248.00696118
2025-05-15 08:00:00+00:00,2530.72,2567.5,2517.46,2554.83,15595.7938228
2025-05-15 12:00:00+00:00,2554.83,2579.33,2477.4,2564.01,27325.40119193
2025-05-15 16:00:00+00:00,2563.84,2603.64,2511.53,2531.13,21516.05379206
2025-05-15 20:00:00+00:00,2531.27,2563.87,2511.99,2548.41,13835.33866937
2025-05-16 00:00:00+00:00,2548.63,2584.22,2534.26,2581.07,11612.75463598
2025-05-16 04:00:00+00:00,2581.17,2619.29,2564.12,2601.37,10804.06035882
2025-05-16 08:00:00+00:00,2601.36,2648.26,2558.0,2620.88,15678.50721399
2025-05-16 12:00:00+00:00,2620.89,2623.11,2574.05,2595.04,13008.6292083
2025-05-16 16:00:00+00:00,2595.05,2601.85,2570.0,2592.24,9009.40081016
2025-05-16 20:00:00+00:00,2591.89,2592.54,2529.22,2537.01,12446.4619415
2025-05-17 00:00:00+00:00,2537.0,2538.09,2452.71,2496.78,18620.99656679
2025-05-17 04:00:00+00:00,2497.21,2513.18,2475.5,2492.65,8252.70689541
2025-05-17 08:00:00+00:00,2492.82,2496.19,2466.44,2481.8,9445.3215927
2025-05-17 12:00:00+00:00,2481.67,2486.59,2445.95,2474.3,10536.2208713
2025-05-17 16:00:00+00:00,2474.31,2488.75,2448.64,2469.9,12023.71763998
2025-05-17 20:00:00+00:00,2470.03,2495.8,2453.21,2475.06,9437.59953992
2025-05-18 00:00:00+00:00,2475.06,2487.46,2468.24,2477.16,6055.01427247
2025-05-18 04:00:00+00:00,2477.3,2515.12,2477.3,2509.42,6127.9081355
2025-05-18 08:00:00+00:00,2509.71,2528.26,2498.43,2501.95,7836.7088457
2025-05-18 12:00:00+00:00,2501.95,2587.22,2487.05,2578.89,18634.76087791
2025-05-18 16:00:00+00:00,2579.2,2583.91,2403.21,2408.38,32027.99581563
2025-05-18 20:00:00+00:00,2408.18,2511.21,2320.9,2497.77,29796.97826206
2025-05-19 00:00:00+00:00,2497.85,2513.79,2380.0,2385.4,18162.43491806
2025-05-19 04:00:00+00:00,2385.38,2413.24,2348.0,2403.67,20390.16560938
2025-05-19 08:00:00+00:00,2403.67,2422.5,2390.02,2417.5,13742.3231498
2025-05-19 12:00:00+00:00,2417.5,2473.38,2384.84,2466.27,20166.39333277
2025-05-19 16:00:00+00:00,2466.68,2547.0,2450.9,2519.0,31066.24917212
2025-05-19 20:00:00+00:00,2518.53,2534.15,2492.76,2527.58,13226.26298378
2025-05-20 00:00:00+00:00,2528.41,2587.55,2510.57,2552.84,19835.57687182
2025-05-20 04:00:00+00:00,2553.17,2577.95,2521.36,2532.75,12767.97608805
2025-05-20 08:00:00+00:00,2532.25,2539.65,2492.0,2514.23,12743.75633381
2025-05-20 12:00:00+00:00,2513.98,2515.09,2464.89,2482.48,16991.66230063
2025-05-20 16:00:00+00:00,2482.76,2511.51,2442.14,2501.21,16712.91741317
2025-05-20 20:00:00+00:00,2501.29,2540.81,2485.09,2523.74,16819.22827607
2025-05-21 00:00:00+00:00,2524.24,2554.08,2508.76,2544.74,10757.9986418
2025-05-21 04:00:00+00:00,2544.74,2616.66,2534.5,2551.77,20803.60589425
2025-05-21 08:00:00+00:00,2551.74,2562.17,2515.47,2536.92,12333.64463171
2025-05-21 12:00:00+00:00,2536.9,2581.94,2522.23,2567.07,19057.7930327
2025-05-21 16:00:00+00:00,2567.07,2614.99,2452.37,2512.76,45168.73666365
2025-05-21 20:00:00+00:00,2512.75,2598.0,2483.86,2550.56,21134.92753522
2025-05-22 00:00:00+00:00,2551.25,2647.83,2544.61,2628.93,23973.81473463
2025-05-22 04:00:00+00:00,2629.31,2647.3,2592.5,2633.96,24917.79899435
2025-05-22 08:00:00+00:00,2634.43,2692.38,2626.62,2650.75,18057.94146731
2025-05-22 12:00:00+00:00,2650.55,2679.5,2622.72,2663.77,18049.52599339
2025-05-22 16:00:00+00:00,2663.92,2676.21,2626.45,2633.21,11724.47006702
2025-05-22 20:00:00+00:00,2635.12,2665.78,2625.14,2664.64,11653.09225407
2025-05-23 00:00:00+00:00,2665.14,2734.2,2645.22,2722.01,16127.33671775
2025-05-23 04:00:00+00:00,2721.69,2725.69,2651.21,2655.11,18646.32311672
2025-05-23 08:00:00+00:00,2655.11,2688.54,2550.74,2566.24,19999.67965846
2025-05-23 12:00:00+00:00,2566.4,2591.96,2498.66,2568.53,27856.61821292
2025-05-23 16:00:00+00:00,2568.54,2587.01,2546.93,2560.75,17084.5751426
2025-05-23 20:00:00+00:00,2560.88,2562.61,2503.65,2526.67,18607.1930886
2025-05-24 00:00:00+00:00,2526.36,2556.08,2515.52,2549.93,11836.0307277
2025-05-24 04:00:00+00:00,2550.09,2563.19,2535.6,2547.08,7158.4076265
2025-05-24 08:00:00+00:00,2547.08,2575.62,2545.31,2562.58,7997.7823402
2025-05-24 12:00:00+00:00,2563.19,2565.26,2543.67,2555.62,7910.37998545
2025-05-24 16:00:00+00:00,2555.62,2567.19,2543.47,2554.37,5205.21441659
2025-05-24 20:00:00+00:00,2554.39,2556.44,2517.65,2530.25,8983.70076383
2025-05-25 00:00:00+00:00,2530.4,2539.35,2475.56,2513.16,14818.4184131
2025-05-25 04:00:00+00:00,2512.9,2518.64,2487.41,2493.99,6169.9455809
2025-05-25 08:00:00+00:00,2494.12,2501.98,2462.76,2497.78,12103.85162303
2025-05-25 12:00:00+00:00,2497.67,2524.68,2479.15,2511.44,13576.3253415
2025-05-25 16:00:00+00:00,2511.74,2535.66,2496.46,2526.85,7619.2873614
2025-05-25 20:00:00+00:00,2526.55,2554.02,2507.47,2551.23,11240.36836462
2025-05-26 00:00:00+00:00,2551.23,2577.02,2536.79,2560.35,11520.31681515
2025-05-26 04:00:00+00:00,2560.34,2599.0,2557.48,2580.82,7810.22519842
2025-05-26 08:00:00+00:00,2580.83,2583.0,2554.67,2567.77,6942.7680801
2025-05-26 12:00:00+00:00,2567.78,2574.0,2538.42,2565.55,11359.9712188
2025-05-26 16:00:00+00:00,2566.26,2573.41,2525.98,2541.27,10276.0396143
2025-05-26 20:00:00+00:00,2540.91,2584.56,2536.3,2563.91,7048.0086177
2025-05-27 00:00:00+00:00,2563.71,2573.59,2509.34,2548.57,10031.3678074
2025-05-27 04:00:00+00:00,2549.24,2618.81,2548.88,2607.19,14205.57759211
2025-05-27 08:00:00+00:00,2607.55,2654.88,2607.54,2652.63,16886.91084459
2025-05-27 12:00:00+00:00,2652.37,2683.99,2633.27,2668.09,20609.5702934
2025-05-27 16:00:00+00:00,2668.36,2712.0,2658.01,2686.66,15342.93862465
2025-05-27 20:00:00+00:00,2687.58,2694.01,2652.29,2661.09,10852.3578978
2025-05-28 00:00:00+00:00,2661.01,2661.34,2618.53,2645.4,10198.23222279
2025-05-28 04:00:00+00:00,2645.4,2652.47,2623.9,2636.03,6371.16137937
2025-05-28 08:00:00+00:00,2636.53,2659.03,2608.81,2656.76,8768.37140696
2025-05-28 12:00:00+00:00,2657.35,2688.77,2612.86,2626.88,18880.56970533
2025-05-28 16:00:00+00:00,2627.32,2664.49,2616.36,2617.95,10503.28215124
2025-05-28 20:00:00+00:00,2617.75,2685.99,2611.9,2681.6,11579.7142507
2025-05-29 00:00:00+00:00,2681.57,2788.49,2670.55,2762.74,23109.17015099
2025-05-29 04:00:00+00:00,2762.29,2766.75,2701.0,2731.14,16370.553551
2025-05-29 08:00:00+00:00,2731.56,2744.0,2707.5,2716.56,10992.90034033
2025-05-29 12:00:00+00:00,2715.75,2718.88,2621.65,2643.4,21999.97915636
2025-05-29 16:00:00+00:00,2643.66,2673.24,2629.27,2650.2,15072.95011564
2025-05-29 20:00:00+00:00,2650.15,2668.62,2618.23,2631.7,9334.2110215
2025-05-30 00:00:00+00:00,2631.41,2645.27,2552.0,2631.01,23166.7965361
2025-05-30 04:00:00+00:00,2631.17,2648.98,2606.9,2618.6,10016.93886593
2025-05-30 08:00:00+00:00,2618.62,2628.2,2588.16,2621.92,9955.2024187
2025-05-30 12:00:00+00:00,2621.92,2626.09,2572.75,2598.54,16568.4870933
2025-05-30 16:00:00+00:00,2598.62,2604.13,2532.46,2574.42,17036.49512479
2025-05-30 20:00:00+00:00,2574.11,2589.58,2507.46,2531.08,12738.32223677
2025-05-31 00:00:00+00:00,2531.09,2539.39,2475.72,2513.25,17965.62004985
2025-05-31 04:00:00+00:00,2513.95,2526.54,2504.61,2521.03,5321.91989993
2025-05-31 08:00:00+00:00,2521.04,2538.18,2508.12,2519.63,6101.75736066
2025-05-31 12:00:00+00:00,2519.63,2550.0,2516.37,2536.32,9231.10373417
2025-05-31 16:00:00+00:00,2536.3,2547.63,2523.48,2537.28,4807.41847243
2025-05-31 20:00:00+00:00,2537.28,2550.38,2524.77,2528.32,5840.94321509
2025-06-01 00:00:00+00:00,2528.17,2530.18,2491.72,2513.53,8118.2191734
2025-06-01 04:00:00+00:00,2513.38,2527.28,2505.9,2509.1,3604.5095259
2025-06-01 08:00:00+00:00,2509.03,2510.67,2477.77,2497.18,8539.58403349
2025-06-01 12:00:00+00:00,2497.18,2525.1,2468.61,2523.02,8690.59008326
2025-06-01 16:00:00+00:00,2523.09,2548.0,2494.15,2526.27,15354.84220374
2025-06-01 20:00:00+00:00,2526.28,2547.44,2519.53,2539.28,6566.41203005
2025-06-02 00:00:00+00:00,2539.13,2541.65,2485.72,2496.28,8330.5495323
2025-06-02 04:00:00+00:00,2496.05,2513.64,2483.52,2506.75,6513.3616936
2025-06-02 08:00:00+00:00,2506.75,2515.78,2474.84,2480.7,9607.9320611
2025-06-02 12:00:00+00:00,2480.61,2556.7,2478.0,2544.03,14963.3337392
2025-06-02 16:00:00+00:00,2544.52,2565.7,2524.75,2532.47,10280.36252854
2025-06-02 20:00:00+00:00,2532.47,2615.07,2531.84,2607.03,12624.3567779
2025-06-03 00:00:00+00:00,2607.7,2649.99,2586.0,2603.23,21059.45817434
2025-06-03 04:00:00+00:00,2603.3,2620.67,2590.19,2610.03,10610.6444942
2025-06-03 08:00:00+00:00,2610.2,2620.29,2594.74,2601.83,5927.1435328
2025-06-03 12:00:00+00:00,2601.63,2656.88,2598.1,2623.51,15870.47040319
2025-06-03 16:00:00+00:00,2623.52,2628.4,2603.17,2624.97,10055.7428406
2025-06-03 20:00:00+00:00,2624.98,2625.5,2572.98,2592.92,9926.7722392
2025-06-04 00:00:00+00:00,2593.17,2640.87,2583.6,2627.77,7281.610818
2025-06-04 04:00:00+00:00,2627.78,2644.5,2619.56,2627.4,6439.5514387
2025-06-04 08:00:00+00:00,2627.55,2649.97,2624.41,2624.41,7758.5350651
2025-06-04 12:00:00+00:00,2624.85,2679.57,2594.74,2667.65,19051.63720613
2025-06-04 16:00:00+00:00,2667.84,2669.18,2622.12,2623.5,11322.5503792
2025-06-04 20:00:00+00:00,2623.5,2624.86,2599.32,2607.36,9425.34545704
2025-06-05 00:00:00+00:00,2607.82,2631.93,2601.74,2624.92,6357.72066885
2025-06-05 04:00:00+00:00,2624.92,2634.71,2601.17,2603.86,7279.3325042
2025-06-05 08:00:00+00:00,2604.14,2613.45,2580.06,2607.95,6567.2514305
2025-06-05 12:00:00+00:00,2607.95,2640.7,2562.98,2589.24,18991.48510315
2025-06-05 16:00:00+00:00,2589.24,2591.62,2506.07,2528.91,20613.6314117
2025-06-05 20:00:00+00:00,2529.33,2534.99,2391.54,2414.17,34103.96044443
2025-06-06 00:00:00+00:00,2414.18,2456.62,2382.49,2455.84,12703.41009475
2025-06-06 04:00:00+00:00,2455.6,2468.6,2446.84,2455.29,8972.16520806
2025-06-06 08:00:00+00:00,2455.29,2493.3,2453.6,2475.99,9289.9022369
2025-06-06 12:00:00+00:00,2476.1,2530.61,2466.78,2509.65,17454.8637649
2025-06-06 16:00:00+00:00,2509.59,2518.3,2483.44,2483.88,9636.12086774
2025-06-06 20:00:00+00:00,2483.87,2506.6,2472.65,2476.24,6250.5386815
2025-06-07 00:00:00+00:00,2476.24,2493.65,2456.91,2488.68,7180.4190056
2025-06-07 04:00:00+00:00,2489.07,2501.43,2479.95,2491.17,6478.96367178
2025-06-07 08:00:00+00:00,2491.44,2501.2,2482.25,2495.64,4692.836307
2025-06-07 12:00:00+00:00,2495.64,2523.46,2492.76,2519.31,7502.0125599
2025-06-07 16:00:00+00:00,2519.55,2525.56,2506.77,2516.85,5794.8440409
2025-06-07 20:00:00+00:00,2516.85,2543.88,2516.85,2524.78,7501.39197754
2025-06-08 00:00:00+00:00,2524.51,2525.93,2508.43,2511.67,4191.5248324
2025-06-08 04:00:00+00:00,2511.67,2519.76,2508.39,2514.06,2922.4497774
2025-06-08 08:00:00+00:00,2514.05,2520.76,2490.17,2513.35,8127.84421259
2025-06-08 12:00:00+00:00,2513.35,2527.22,2500.21,2514.37,5544.62960049
2025-06-08 16:00:00+00:00,2514.37,2540.76,2512.52,2532.53,6625.26617761
2025-06-08 20:00:00+00:00,2532.54,2548.0,2500.02,2509.87,11220.69880225
2025-06-09 00:00:00+00:00,2509.88,2511.82,2482.17,2496.99,7268.52408218
2025-06-09 04:00:00+00:00,2496.71,2497.1,2477.93,2492.0,4231.8892769
2025-06-09 08:00:00+00:00,2492.01,2547.0,2484.6,2541.75,14150.80348195
2025-06-09 12:00:00+00:00,2541.92,2548.6,2509.98,2534.3,13350.1306675
2025-06-09 16:00:00+00:00,2534.29,2589.89,2534.28,2580.23,16500.94363063
2025-06-09 20:00:00+00:00,2580.48,2693.67,2575.77,2680.36,21613.91960269
2025-06-10 00:00:00+00:00,2680.1,2726.87,2675.25,2688.81,16766.90324037
2025-06-10 04:00:00+00:00,2688.81,2699.94,2655.7,2676.97,10320.05244859
2025-06-10 08:00:00+00:00,2677.26,2798.97,2669.85,2773.7,20038.40621024
2025-06-10 12:00:00+00:00,2773.23,2778.47,2687.47,2732.93,27981.36241202
2025-06-10 16:00:00+00:00,2732.94,2807.01,2728.62,2773.51,17982.12902348
2025-06-10 20:00:00+00:00,2773.72,2826.93,2735.61,2816.45,20634.68658719
2025-06-11 00:00:00+00:00,2816.28,2834.3,2772.17,2790.92,11540.88603634
2025-06-11 04:00:00+00:00,2791.06,2803.82,2780.54,2791.49,6665.83558928
2025-06-11 08:00:00+00:00,2791.49,2793.73,2754.2,2771.98,8637.2882125
2025-06-11 12:00:00+00:00,2772.3,2879.52,2763.87,2864.97,30179.16491244
2025-06-11 16:00:00+00:00,2864.87,2875.72,2801.69,2813.74,19279.57366267
2025-06-11 20:00:00+00:00,2813.21,2832.29,2732.0,2771.71,18811.71653007
2025-06-12 00:00:00+00:00,2771.71,2784.87,2746.66,2764.67,10301.28439556
2025-06-12 04:00:00+00:00,2764.72,2776.26,2733.56,2740.95,8637.10113675
2025-06-12 08:00:00+00:00,2740.49,2761.98,2720.0,2729.58,9815.1042376
2025-06-12 12:00:00+00:00,2729.97,2773.14,2711.98,2719.77,13123.69774966
2025-06-12 16:00:00+00:00,2719.9,2770.95,2691.54,2694.72,13260.0933176
2025-06-12 20:00:00+00:00,2694.48,2703.51,2615.89,2642.81,20788.53612152
2025-06-13 00:00:00+00:00,2642.61,2645.75,2436.78,2514.36,39076.16667039
2025-06-13 04:00:00+00:00,2514.36,2542.16,2492.05,2526.54,13384.53265978
2025-06-13 08:00:00+00:00,2526.59,2545.47,2507.15,2545.13,12527.42048346
2025-06-13 12:00:00+00:00,2545.13,2563.13,2503.87,2551.35,19725.08149242
2025-06-13 16:00:00+00:00,2551.36,2585.16,2509.69,2527.47,17650.58153256
2025-06-13 20:00:00+00:00,2527.74,2583.29,2524.01,2578.85,8037.31927987
2025-06-14 00:00:00+00:00,2579.27,2579.27,2546.24,2548.93,6350.22790023
2025-06-14 04:00:00+00:00,2548.93,2556.57,2526.17,2537.4,6544.871139
2025-06-14 08:00:00+00:00,2537.41,2539.71,2518.29,2538.63,5178.8589819
2025-06-14 12:00:00+00:00,2538.02,2546.49,2505.12,2519.46,6199.5153989
2025-06-14 16:00:00+00:00,2519.45,2526.07,2488.9,2506.96,9326.6864354
2025-06-14 20:00:00+00:00,2507.61,2539.8,2496.79,2530.59,5382.91351476
2025-06-15 00:00:00+00:00,2530.69,2540.75,2525.14,2530.48,3234.1039593
2025-06-15 04:00:00+00:00,2530.19,2553.29,2522.74,2528.66,6152.207728
2025-06-15 08:00:00+00:00,2528.66,2529.88,2508.39,2515.55,4631.9260085
2025-06-15 12:00:00+00:00,2515.87,2554.78,2515.87,2541.95,8169.2474228
2025-06-15 16:00:00+00:00,2541.6,2559.15,2531.01,2536.11,7061.96621497
2025-06-15 20:00:00+00:00,2536.68,2549.66,2492.0,2547.18,11047.7843128
2025-06-16 00:00:00+00:00,2547.47,2578.84,2514.69,2569.32,10596.60633821
2025-06-16 04:00:00+00:00,2568.51,2639.26,2566.71,2628.97,10412.04026584
2025-06-16 08:00:00+00:00,2628.96,2633.97,2592.8,2617.54,7861.0864975
2025-06-16 12:00:00+00:00,2617.07,2657.41,2604.99,2631.99,13920.66613557
2025-06-16 16:00:00+00:00,2632.2,2670.46,2627.65,2661.29,12329.60423846
2025-06-16 20:00:00+00:00,2660.62,2680.0,2535.27,2544.11,22819.2433404
2025-06-17 00:00:00+00:00,2544.14,2618.66,2524.49,2606.24,15977.96861436
2025-06-17 04:00:00+00:00,2607.14,2609.83,2570.17,2582.59,8391.0354418
2025-06-17 08:00:00+00:00,2582.02,2585.36,2541.63,2552.34,10847.28203189
2025-06-17 12:00:00+00:00,2552.19,2567.79,2481.74,2498.98,20423.17637006
2025-06-17 16:00:00+00:00,2498.99,2543.34,2453.76,2528.89,24046.3264119
2025-06-17 20:00:00+00:00,2527.99,2534.45,2492.1,2509.87,11439.0204413
2025-06-18 00:00:00+00:00,2510.01,2536.33,2506.29,2528.02,5671.2880015
2025-06-18 04:00:00+00:00,2527.85,2548.64,2517.73,2533.49,5009.91097765
2025-06-18 08:00:00+00:00,2533.49,2548.0,2488.75,2513.52,10258.40834901
2025-06-18 12:00:00+00:00,2513.53,2538.7,2465.74,2509.66,18486.98584983
2025-06-18 16:00:00+00:00,2508.96,2519.0,2466.72,2491.91,18958.6167931
2025-06-18 20:00:00+00:00,2492.68,2537.68,2483.0,2525.15,10379.0167652
2025-06-19 00:00:00+00:00,2524.89,2547.0,2506.9,2525.41,5407.7974631
2025-06-19 04:00:00+00:00,2525.47,2531.33,2514.52,2519.01,3725.64729331
2025-06-19 08:00:00+00:00,2519.01,2544.43,2519.0,2531.7,4646.5047434
2025-06-19 12:00:00+00:00,2531.7,2536.91,2490.0,2492.72,7201.10345898
2025-06-19 16:00:00+00:00,2492.73,2523.37,2485.08,2504.67,6960.25929643
2025-06-19 20:00:00+00:00,2504.71,2532.18,2502.28,2520.98,5555.0810236
2025-06-20 00:00:00+00:00,2520.99,2531.3,2512.59,2517.34,2832.00338091
2025-06-20 04:00:00+00:00,2517.33,2551.11,2503.83,2548.81,5247.040815
2025-06-20 08:00:00+00:00,2549.62,2568.93,2541.2,2549.6,7269.264137
2025-06-20 12:00:00+00:00,2549.59,2559.46,2487.87,2493.82,12581.1138533
2025-06-20 16:00:00+00:00,2494.2,2496.28,2362.0,2414.7,24509.92699086
2025-06-20 20:00:00+00:00,2414.69,2438.06,2382.22,2406.44,8590.9998738
2025-06-21 00:00:00+00:00,2406.45,2432.33,2396.01,2425.57,3919.8490059
2025-06-21 04:00:00+00:00,2425.56,2428.61,2419.1,2426.77,2500.77793963
2025-06-21 08:00:00+00:00,2426.77,2448.2,2423.57,2442.44,5383.6783862
2025-06-21 12:00:00+00:00,2442.67,2445.32,2412.29,2423.71,6309.2633987
2025-06-21 16:00:00+00:00,2423.4,2427.77,2382.11,2384.67,7375.73586709
2025-06-21 20:00:00+00:00,2384.67,2408.87,2215.96,2296.37,25213.17075996
2025-06-22 00:00:00+00:00,2296.11,2314.25,2247.02,2264.61,20014.47961286
2025-06-22 04:00:00+00:00,2264.88,2298.22,2262.01,2270.42,7467.5162933
2025-06-22 08:00:00+00:00,2270.93,2280.14,2236.1,2273.3,10535.1353158
2025-06-22 12:00:00+00:00,2273.29,2287.37,2156.0,2174.96,34198.96555189
2025-06-22 16:00:00+00:00,2174.82,2220.01,2170.88,2183.97,13846.37811073
2025-06-22 20:00:00+00:00,2183.97,2237.07,2111.6,2227.64,23462.65231212
2025-06-23 00:00:00+00:00,2227.55,2260.03,2222.17,2234.84,8036.15422406
2025-06-23 04:00:00+00:00,2234.93,2275.75,2228.16,2258.96,10661.23378031
2025-06-23 08:00:00+00:00,2258.96,2274.49,2238.89,2253.34,6697.28586853
2025-06-23 12:00:00+00:00,2253.34,2316.62,2232.71,2248.55,20993.0417119
2025-06-23 16:00:00+00:00,2248.46,2324.93,2187.5,2313.04,28954.74558432
2025-06-23 20:00:00+00:00,2313.02,2438.94,2303.63,2412.06,23297.70595971
2025-06-24 00:00:00+00:00,2412.06,2418.39,2388.75,2398.86,9632.8247034
2025-06-24 04:00:00+00:00,2398.63,2434.92,2391.41,2393.21,7887.66830232
2025-06-24 08:00:00+00:00,2393.2,2449.59,2376.41,2409.35,12245.01684765
2025-06-24 12:00:00+00:00,2409.34,2454.69,2402.84,2438.33,12912.96556528
2025-06-24 16:00:00+00:00,2438.34,2482.12,2416.66,2434.69,15537.14566054
2025-06-24 20:00:00+00:00,2433.89,2450.11,2430.67,2448.49,5591.2826746
2025-06-25 00:00:00+00:00,2448.49,2468.7,2436.79,2444.37,5898.21627456
2025-06-25 04:00:00+00:00,2444.38,2450.5,2423.86,2444.34,5416.3230065
2025-06-25 08:00:00+00:00,2444.35,2448.18,2407.69,2428.49,8717.2741968
2025-06-25 12:00:00+00:00,2429.03,2445.81,2389.49,2405.73,14893.49240546
2025-06-25 16:00:00+00:00,2405.68,2439.54,2401.51,2433.01,7681.5922431
2025-06-25 20:00:00+00:00,2433.01,2454.8,2407.93,2418.54,5965.9152949
2025-06-26 00:00:00+00:00,2418.55,2521.0,2417.13,2488.97,21513.2458088
2025-06-26 04:00:00+00:00,2488.97,2500.29,2467.15,2490.06,12770.6242937
2025-06-26 08:00:00+00:00,2489.85,2500.4,2440.0,2450.28,20713.64983105
2025-06-26 12:00:00+00:00,2450.63,2459.38,2409.2,2433.33,37387.3282848
2025-06-26 16:00:00+00:00,2433.04,2442.98,2418.0,2435.56,17001.1951687
2025-06-26 20:00:00+00:00,2435.72,2457.31,2394.69,2416.1,11177.5757398
2025-06-27 00:00:00+00:00,2415.94,2448.74,2382.37,2446.95,13308.9287566
2025-06-27 04:00:00+00:00,2446.98,2459.37,2435.06,2442.29,11752.98356492
2025-06-27 08:00:00+00:00,2442.29,2463.84,2435.92,2447.31,11425.3350303
2025-06-27 12:00:00+00:00,2447.32,2456.69,2414.07,2438.22,22086.0563245
2025-06-27 16:00:00+00:00,2438.46,2449.44,2388.21,2412.76,28052.4282229
2025-06-27 20:00:00+00:00,2412.75,2429.43,2411.4,2423.09,8634.23098068
2025-06-28 00:00:00+00:00,2423.4,2424.05,2405.71,2420.89,3345.34510225
2025-06-28 04:00:00+00:00,2420.9,2434.0,2417.81,2431.69,5406.0937172
2025-06-28 08:00:00+00:00,2431.93,2432.54,2419.86,2427.55,6101.4853109
2025-06-28 12:00:00+00:00,2427.56,2443.0,2420.34,2436.23,4746.0426795
2025-06-28 16:00:00+00:00,2436.24,2447.44,2431.51,2433.1,11326.1268406
2025-06-28 20:00:00+00:00,2433.09,2441.95,2427.31,2435.77,7815.5278877
2025-06-29 00:00:00+00:00,2435.77,2442.48,2424.69,2427.9,5389.1868036
2025-06-29 04:00:00+00:00,2427.9,2440.14,2426.66,2440.14,3283.22980391
2025-06-29 08:00:00+00:00,2440.19,2463.5,2437.78,2462.03,11222.2586642
2025-06-29 12:00:00+00:00,2462.09,2463.19,2433.2,2437.03,9515.489604
2025-06-29 16:00:00+00:00,2436.7,2442.55,2429.73,2438.19,6396.3374917
2025-06-29 20:00:00+00:00,2438.08,2524.69,2412.41,2500.8,24890.26542264
2025-06-30 00:00:00+00:00,2500.3,2523.88,2495.51,2499.47,16012.0631242
2025-06-30 04:00:00+00:00,2499.47,2505.33,2456.33,2480.59,11258.09086145
2025-06-30 08:00:00+00:00,2480.59,2486.28,2446.48,2458.62,12049.47995748
2025-06-30 12:00:00+00:00,2458.41,2488.02,2434.07,2474.57,25012.926076
2025-06-30 16:00:00+00:00,2474.58,2518.41,2461.95,2516.17,19082.8560497
2025-06-30 20:00:00+00:00,2516.14,2521.83,2482.84,2485.43,12593.40406221
2025-07-01 00:00:00+00:00,2485.15,2500.59,2477.58,2485.33,9403.1980486
2025-07-01 04:00:00+00:00,2485.59,2485.87,2445.31,2465.02,13527.93281592
2025-07-01 08:00:00+00:00,2465.18,2465.19,2442.65,2449.13,7412.30445066
2025-07-01 12:00:00+00:00,2449.48,2456.33,2406.92,2423.39,17006.2195875
2025-07-01 16:00:00+00:00,2423.39,2434.0,2399.24,2402.72,11510.8929928
2025-07-01 20:00:00+00:00,2403.14,2418.7,2386.41,2405.0,10028.9419374
2025-07-02 00:00:00+00:00,2405.01,2432.49,2373.74,2430.16,10295.13430862
2025-07-02 04:00:00+00:00,2430.36,2454.5,2425.7,2446.97,7726.3227103
2025-07-02 08:00:00+00:00,2446.97,2460.0,2442.03,2445.67,6482.1219878
2025-07-02 12:00:00+00:00,2445.58,2502.14,2431.73,2498.95,15186.6449461
2025-07-02 16:00:00+00:00,2498.69,2607.23,2494.86,2605.02,34226.3402305
2025-07-02 20:00:00+00:00,2604.46,2618.9,2568.88,2570.49,12296.930471
2025-07-03 00:00:00+00:00,2570.24,2587.75,2556.21,2561.18,9292.56636931
2025-07-03 04:00:00+00:00,2561.18,2605.25,2559.2,2599.95,9087.4904023
2025-07-03 08:00:00+00:00,2599.96,2616.92,2581.44,2597.43,12337.07811598
2025-07-03 12:00:00+00:00,2597.43,2635.01,2565.53,2570.54,30530.01796084
2025-07-03 16:00:00+00:00,2570.53,2592.37,2565.47,2585.78,7497.71960576
2025-07-03 20:00:00+00:00,2586.1,2603.65,2585.61,2590.87,4059.4328293
2025-07-04 00:00:00+00:00,2591.09,2602.96,2571.6,2578.12,4809.75043773
2025-07-04 04:00:00+00:00,2577.85,2584.6,2530.02,2534.89,10022.7436651
2025-07-04 08:00:00+00:00,2534.9,2558.57,2527.4,2549.3,8628.60550308
2025-07-04 12:00:00+00:00,2549.31,2556.23,2497.79,2500.74,19433.21555374
2025-07-04 16:00:00+00:00,2500.63,2503.51,2474.74,2482.69,14191.5470561
2025-07-04 20:00:00+00:00,2482.69,2520.82,2481.4,2507.9,6884.322865
2025-07-05 00:00:00+00:00,2507.91,2524.84,2498.0,2518.12,4946.6503495
2025-07-05 04:00:00+00:00,2518.13,2529.5,2512.41,2521.37,6769.2061333
2025-07-05 08:00:00+00:00,2521.37,2525.45,2508.55,2517.84,6822.8839662
2025-07-05 12:00:00+00:00,2517.84,2521.48,2505.43,2507.82,5721.7440472
2025-07-05 16:00:00+00:00,2507.97,2513.27,2487.95,2505.81,9443.5840157
2025-07-05 20:00:00+00:00,2505.57,2522.39,2498.37,2516.5,4144.53631088
2025-07-06 00:00:00+00:00,2516.51,2521.09,2509.66,2514.91,1027.7542723
2025-07-06 04:00:00+00:00,2514.92,2526.68,2508.61,2517.99,3102.0358343
2025-07-06 08:00:00+00:00,2518.0,2518.45,2503.78,2516.08,3089.97774591
2025-07-06 12:00:00+00:00,2516.08,2569.83,2511.94,2558.3,14988.1686196
2025-07-06 16:00:00+00:00,2558.59,2560.58,2524.45,2541.24,7431.7476287
2025-07-06 20:00:00+00:00,2540.99,2605.05,2540.27,2570.52,14930.17789689
2025-07-07 00:00:00+00:00,2570.53,2590.54,2550.4,2577.48,7391.7343885
2025-07-07 04:00:00+00:00,2577.48,2580.55,2560.0,2578.43,5078.05624425
2025-07-07 08:00:00+00:00,2578.36,2588.19,2552.67,2563.25,8304.3565442
2025-07-07 12:00:00+00:00,2563.1,2569.0,2527.77,2534.02,19572.2543391
2025-07-07 16:00:00+00:00,2534.02,2556.95,2512.09,2543.71,22907.3579141
2025-07-07 20:00:00+00:00,2543.45,2545.54,2523.27,2542.14,9739.6602955
2025-07-08 00:00:00+00:00,2542.28,2554.54,2523.52,2538.17,12496.5089131
2025-07-08 04:00:00+00:00,2538.17,2563.64,2532.04,2553.39,9124.70456832
2025-07-08 08:00:00+00:00,2553.48,2585.38,2543.51,2575.0,10281.4972085
2025-07-08 12:00:00+00:00,2575.0,2600.96,2557.66,2564.74,19173.07931579
2025-07-08 16:00:00+00:00,2564.86,2628.52,2559.76,2610.7,24821.5573141
2025-07-08 20:00:00+00:00,2610.48,2617.65,2596.79,2615.23,10592.5348398
2025-07-09 00:00:00+00:00,2615.32,2626.68,2590.11,2591.71,10361.4028265
2025-07-09 04:00:00+00:00,2591.69,2646.81,2590.81,2624.78,10949.27578806
2025-07-09 08:00:00+00:00,2624.78,2630.2,2604.7,2625.92,8024.12536764
2025-07-09 12:00:00+00:00,2625.93,2674.51,2623.77,2656.89,18423.2544348
2025-07-09 16:00:00+00:00,2656.89,2795.11,2652.56,2764.68,26757.69681977
2025-07-09 20:00:00+00:00,2764.68,2782.6,2731.29,2768.36,19659.9002504
2025-07-10 00:00:00+00:00,2768.71,2797.91,2755.25,2776.03,11212.62643476
2025-07-10 04:00:00+00:00,2775.98,2822.88,2765.84,2790.75,14217.14418624
2025-07-10 08:00:00+00:00,2790.74,2796.59,2772.1,2778.78,8826.9713342
2025-07-10 12:00:00+00:00,2778.78,2794.75,2758.13,2769.36,16445.98152952
2025-07-10 16:00:00+00:00,2769.49,2840.47,2768.92,2816.06,24904.34404741
2025-07-10 20:00:00+00:00,2816.06,3001.61,2812.89,2950.86,31193.78836226
2025-07-11 00:00:00+00:00,2950.87,2974.8,2914.02,2970.38,14477.74618131
2025-07-11 04:00:00+00:00,2969.67,3029.35,2945.5,2968.82,25273.49348326
2025-07-11 08:00:00+00:00,2968.78,3039.47,2963.83,2984.14,17511.3982084
2025-07-11 12:00:00+00:00,2984.13,3009.57,2939.04,2951.12,19930.61360021
2025-07-11 16:00:00+00:00,2951.13,3009.95,2936.36,3007.44,16917.95650805
2025-07-11 20:00:00+00:00,3007.15,3009.72,2922.95,2958.27,15442.90401926
2025-07-12 00:00:00+00:00,2957.71,2971.0,2932.55,2966.03,7743.2232273
2025-07-12 04:00:00+00:00,2966.02,2978.3,2941.78,2962.76,7055.56246682
2025-07-12 08:00:00+00:00,2962.77,2981.0,2957.38,2963.13,5583.47370413
2025-07-12 12:00:00+00:00,2963.42,2967.51,2903.79,2915.93,15051.13338283
2025-07-12 16:00:00+00:00,2915.93,2945.62,2910.49,2940.49,5275.3713311
2025-07-12 20:00:00+00:00,2940.57,2947.51,2914.97,2943.14,4741.63670411
2025-07-13 00:00:00+00:00,2943.14,2960.36,2936.37,2954.65,5398.15722847
2025-07-13 04:00:00+00:00,2955.04,2967.5,2949.61,2963.06,4607.5981707
2025-07-13 08:00:00+00:00,2963.07,2965.35,2944.32,2964.14,4609.3404331
2025-07-13 12:00:00+00:00,2964.14,3020.3,2958.71,2992.69,15890.82095404
2025-07-13 16:00:00+00:00,2992.39,3010.5,2962.67,2989.27,9220.38798223
2025-07-13 20:00:00+00:00,2989.2,2998.55,2940.7,2972.04,12251.60052609
2025-07-14 00:00:00+00:00,2972.05,3052.45,2963.24,3037.16,15150.05910573
2025-07-14 04:00:00+00:00,3037.16,3065.4,3016.67,3044.24,16759.46782789
2025-07-14 08:00:00+00:00,3044.69,3082.55,3023.17,3051.37,18656.5073023
2025-07-14 12:00:00+00:00,3051.37,3067.68,2993.6,3012.43,18616.83221253
2025-07-14 16:00:00+00:00,3012.1,3029.89,2983.27,2999.44,10647.23688091
2025-07-14 20:00:00+00:00,3000.42,3018.92,2981.69,3013.88,6954.8613784
2025-07-15 00:00:00+00:00,3013.89,3022.94,2932.57,2951.44,17044.48736356
2025-07-15 04:00:00+00:00,2951.53,2994.81,2934.75,2976.98,14084.72216357
2025-07-15 08:00:00+00:00,2977.45,2988.78,2958.68,2980.94,7510.59165324
2025-07-15 12:00:00+00:00,2981.04,3066.83,2966.82,3039.64,29619.7100954
2025-07-15 16:00:00+00:00,3039.99,3097.74,3033.48,3040.9,22699.28467109
2025-07-15 20:00:00+00:00,3040.44,3144.1,3029.29,3137.91,13830.7624373
2025-07-16 00:00:00+00:00,3138.02,3153.47,3102.97,3115.64,12367.68484467
2025-07-16 04:00:00+00:00,3115.76,3174.91,3100.82,3162.05,12265.6922466
2025-07-16 08:00:00+00:00,3162.05,3173.5,3144.17,3150.38,9375.23368182
2025-07-16 12:00:00+00:00,3150.74,3266.07,3147.45,3244.58,26137.70837355
2025-07-16 16:00:00+00:00,3244.49,3383.59,3235.03,3383.59,24893.34785734
2025-07-16 20:00:00+00:00,3383.59,3423.94,3342.14,3371.39,20634.38989221
2025-07-17 00:00:00+00:00,3370.76,3397.6,3310.62,3330.73,16725.68066801
2025-07-17 04:00:00+00:00,3329.9,3469.41,3317.12,3448.2,21052.45602349
2025-07-17 08:00:00+00:00,3448.22,3481.9,3425.13,3433.22,18129.10997485
2025-07-17 12:00:00+00:00,3433.22,3439.73,3362.92,3420.41,21245.7271723
2025-07-17 16:00:00+00:00,3420.4,3455.09,3365.73,3412.14,23241.75756821
2025-07-17 20:00:00+00:00,3411.95,3523.77,3372.65,3476.98,27578.4156682
2025-07-18 00:00:00+00:00,3476.98,3632.9,3458.49,3596.67,31497.93168261
2025-07-18 04:00:00+00:00,3596.66,3673.95,3576.9,3604.87,24674.31332993
2025-07-18 08:00:00+00:00,3604.88,3628.2,3582.6,3609.79,17233.13655573
2025-07-18 12:00:00+00:00,3610.0,3671.27,3520.04,3563.71,30425.01693047
2025-07-18 16:00:00+00:00,3563.86,3624.62,3538.06,3551.48,19729.98849517
2025-07-18 20:00:00+00:00,3551.72,3576.72,3477.99,3546.95,21160.4537459
2025-07-19 00:00:00+00:00,3546.94,3598.64,3506.91,3592.68,11138.6719388
2025-07-19 04:00:00+00:00,3592.68,3607.89,3567.03,3571.66,10788.724858
2025-07-19 08:00:00+00:00,3571.67,3578.49,3538.49,3552.67,9310.1694551
2025-07-19 12:00:00+00:00,3552.67,3571.94,3525.87,3551.86,11580.9094581
2025-07-19 16:00:00+00:00,3551.86,3581.7,3532.57,3577.75,10753.6546499
2025-07-19 20:00:00+00:00,3577.75,3600.0,3538.95,3592.18,11914.94635016
2025-07-20 00:00:00+00:00,3592.19,3693.77,3579.21,3657.42,15131.24436436
2025-07-20 04:00:00+00:00,3657.42,3689.45,3633.51,3668.06,11613.7605424
2025-07-20 08:00:00+00:00,3668.55,3767.6,3668.55,3756.48,18935.047455
2025-07-20 12:00:00+00:00,3756.48,3789.8,3724.56,3785.89,17493.99747781
2025-07-20 16:00:00+00:00,3785.9,3824.04,3730.95,3749.93,21848.4230083
2025-07-20 20:00:00+00:00,3749.83,3772.42,3681.75,3756.99,19403.07172726
2025-07-21 00:00:00+00:00,3756.88,3766.1,3701.36,3757.18,13897.00399677
2025-07-21 04:00:00+00:00,3757.19,3812.0,3747.56,3787.68,16840.7901103
2025-07-21 08:00:00+00:00,3787.69,3839.5,3755.87,3808.96,15719.9215088
2025-07-21 12:00:00+00:00,3808.96,3857.43,3776.05,3810.28,20150.94367889
2025-07-21 16:00:00+00:00,3810.28,3817.41,3719.41,3734.86,20547.44596227
2025-07-21 20:00:00+00:00,3736.27,3779.39,3719.65,3762.08,8314.72597109
2025-07-22 00:00:00+00:00,3762.23,3798.5,3695.9,3731.96,14624.66401765
2025-07-22 04:00:00+00:00,3731.62,3734.09,3651.37,3677.23,15108.13350886
2025-07-22 08:00:00+00:00,3676.8,3719.47,3616.7,3705.84,17692.28031666
2025-07-22 12:00:00+00:00,3705.76,3728.7,3625.21,3717.83,17148.64810298
2025-07-22 16:00:00+00:00,3717.83,3748.74,3655.38,3669.96,14185.9987542
2025-07-22 20:00:00+00:00,3669.81,3750.87,3661.72,3746.31,10052.58691309
2025-07-23 00:00:00+00:00,3746.32,3763.92,3712.65,3728.5,10566.9692809
2025-07-23 04:00:00+00:00,3728.24,3737.49,3663.84,3673.75,9079.8400911
2025-07-23 08:00:00+00:00,3673.74,3698.66,3640.6,3672.16,9474.1278531
2025-07-23 12:00:00+00:00,3672.16,3680.83,3567.04,3644.4,21913.59572601
2025-07-23 16:00:00+00:00,3644.4,3644.4,3552.44,3587.96,15118.15868232
2025-07-23 20:00:00+00:00,3587.34,3634.14,3526.58,3628.15,14432.77434054
2025-07-24 00:00:00+00:00,3628.16,3665.28,3612.16,3640.7,8118.96016854
2025-07-24 04:00:00+00:00,3640.97,3657.49,3505.1,3591.79,15355.59181033
2025-07-24 08:00:00+00:00,3591.78,3660.99,3580.77,3655.33,15462.8175214
2025-07-24 12:00:00+00:00,3655.25,3771.09,3612.13,3730.58,24474.23694701
2025-07-24 16:00:00+00:00,3730.77,3753.9,3666.81,3733.1,18679.0961737
2025-07-24 20:00:00+00:00,3732.66,3743.03,3695.23,3706.85,13874.68209426
2025-07-25 00:00:00+00:00,3707.15,3708.56,3574.28,3596.0,26364.30857074
2025-07-25 04:00:00+00:00,3595.72,3667.4,3579.65,3631.72,15068.7267536
2025-07-25 08:00:00+00:00,3631.73,3746.39,3629.18,3721.36,15037.8315701
2025-07-25 12:00:00+00:00,3721.36,3734.87,3602.05,3634.52,17337.5398533
2025-07-25 16:00:00+00:00,3634.52,3659.85,3617.07,3641.42,8157.23854
2025-07-25 20:00:00+00:00,3641.66,3730.0,3640.08,3724.81,10108.56355717
2025-07-26 00:00:00+00:00,3724.95,3766.54,3698.15,3738.96,8502.70500606
2025-07-26 04:00:00+00:00,3738.96,3756.58,3731.47,3741.99,4194.8681286
2025-07-26 08:00:00+00:00,3741.98,3782.75,3730.97,3739.39,9510.9358514
2025-07-26 12:00:00+00:00,3739.39,3754.36,3715.97,3735.6,7952.91460397
2025-07-26 16:00:00+00:00,3735.61,3756.2,3708.68,3750.78,7040.22414171
2025-07-26 20:00:00+00:00,3750.54,3793.75,3733.95,3741.19,7409.16951317
2025-07-27 00:00:00+00:00,3741.63,3787.63,3730.81,3773.98,5857.19791693
2025-07-27 04:00:00+00:00,3773.98,3810.54,3763.07,3767.94,8684.9697395
2025-07-27 08:00:00+00:00,3767.94,3840.68,3750.9,3815.11,10868.23509673
2025-07-27 12:00:00+00:00,3814.98,3836.26,3792.03,3818.72,9115.5342942
2025-07-27 16:00:00+00:00,3818.72,3868.35,3809.28,3828.02,11969.8036878
2025-07-27 20:00:00+00:00,3828.33,3879.24,3816.32,3872.45,9273.3150681
2025-07-28 00:00:00+00:00,3872.45,3907.3,3843.21,3879.82,10985.3683979
2025-07-28 04:00:00+00:00,3879.82,3940.76,3868.56,3893.24,12862.1144797
2025-07-28 08:00:00+00:00,3893.18,3902.4,3859.56,3879.49,12309.6157248
2025-07-28 12:00:00+00:00,3879.49,3889.61,3773.26,3807.95,30330.84613347
2025-07-28 16:00:00+00:00,3807.94,3822.64,3753.73,3797.0,14018.2947815
2025-07-28 20:00:00+00:00,3797.62,3803.48,3765.96,3797.94,7712.70270023
2025-07-29 00:00:00+00:00,3797.94,3821.21,3730.19,3791.9,10672.1592162
2025-07-29 04:00:00+00:00,3791.93,3880.0,3775.81,3877.23,10377.2807131
2025-07-29 08:00:00+00:00,3877.24,3885.68,3811.51,3825.3,8048.56670192
2025-07-29 12:00:00+00:00,3825.29,3874.0,3747.31,3761.43,16715.7528199
2025-07-29 16:00:00+00:00,3760.99,3796.19,3716.45,3765.9,14301.71995633
2025-07-29 20:00:00+00:00,3765.89,3801.68,3741.55,3793.97,8885.0628864
2025-07-30 00:00:00+00:00,3793.97,3828.09,3755.99,3817.11,7286.02154379
2025-07-30 04:00:00+00:00,3817.6,3833.7,3786.54,3811.05,5738.98283816
2025-07-30 08:00:00+00:00,3811.04,3825.24,3744.2,3758.0,9551.2789325
2025-07-30 12:00:00+00:00,3758.13,3831.38,3749.6,3796.98,11492.74699252
2025-07-30 16:00:00+00:00,3797.14,3821.97,3677.45,3760.91,19098.4440652
2025-07-30 20:00:00+00:00,3760.61,3811.51,3742.92,3810.43,7813.984429
2025-07-31 00:00:00+00:00,3810.43,3867.51,3801.53,3862.08,8511.7563628
2025-07-31 04:00:00+00:00,3862.98,3878.11,3854.32,3863.31,3786.2954164
2025-07-31 08:00:00+00:00,3863.32,3873.04,3826.12,3837.89,4450.0611957
2025-07-31 12:00:00+00:00,3837.88,3844.64,3762.9,3788.42,12806.1333252
2025-07-31 16:00:00+00:00,3788.42,3818.79,3735.15,3737.87,13251.70109039
2025-07-31 20:00:00+00:00,3737.65,3758.79,3685.0,3699.16,12141.47125598
2025-08-01 00:00:00+00:00,3698.8,3724.31,3616.55,3705.53,15643.00116465
2025-08-01 04:00:00+00:00,3705.52,3705.52,3624.86,3650.82,10584.61476055
2025-08-01 08:00:00+00:00,3650.73,3650.73,3585.58,3642.33,13646.66631026
2025-08-01 12:00:00+00:00,3642.33,3676.0,3564.71,3616.2,22076.3826818
2025-08-01 16:00:00+00:00,3616.11,3633.8,3515.0,3518.2,19818.3906544
2025-08-01 20:00:00+00:00,3518.42,3553.1,3431.0,3487.91,18759.29311242
2025-08-02 00:00:00+00:00,3487.91,3532.4,3478.3,3528.79,8383.9225389
2025-08-02 04:00:00+00:00,3528.79,3537.67,3455.53,3519.01,8516.33800101
2025-08-02 08:00:00+00:00,3519.4,3524.14,3474.32,3508.81,8403.22186782
2025-08-02 12:00:00+00:00,3508.67,3517.33,3451.07,3459.15,11139.38811689
2025-08-02 16:00:00+00:00,3459.05,3480.6,3369.8,3382.9,20173.4012014
2025-08-02 20:00:00+00:00,3383.01,3441.08,3368.36,3393.64,11552.64639052
2025-08-03 00:00:00+00:00,3394.09,3452.12,3353.3,3444.2,8581.90364722
2025-08-03 04:00:00+00:00,3443.71,3459.43,3433.92,3456.37,5198.58742853
2025-08-03 08:00:00+00:00,3456.38,3516.25,3453.69,3485.27,8300.49420686
2025-08-03 12:00:00+00:00,3485.26,3504.22,3454.79,3476.55,8544.6487691
2025-08-03 16:00:00+00:00,3476.54,3515.0,3467.81,3496.79,8454.5811426
2025-08-03 20:00:00+00:00,3496.78,3521.71,3478.56,3496.68,8390.99415752
2025-08-04 00:00:00+00:00,3496.67,3575.98,3491.05,3556.67,9280.3261495
2025-08-04 04:00:00+00:00,3556.68,3565.63,3520.59,3552.04,5943.76472607
2025-08-04 08:00:00+00:00,3552.2,3574.22,3542.69,3556.06,6221.1629474
2025-08-04 12:00:00+00:00,3556.29,3665.41,3550.99,3649.14,16081.89612978
2025-08-04 16:00:00+00:00,3649.14,3718.54,3648.78,3669.76,12966.64051283
2025-08-04 20:00:00+00:00,3669.76,3736.46,3661.38,3720.93,11769.9655303
2025-08-05 00:00:00+00:00,3720.93,3721.73,3648.49,3651.99,6440.7764659
2025-08-05 04:00:00+00:00,3651.66,3679.56,3600.0,3613.49,7197.24466315
2025-08-05 08:00:00+00:00,3613.5,3693.64,3608.44,3673.57,8125.62760206
2025-08-05 12:00:00+00:00,3674.0,3679.9,3557.01,3570.73,20887.36950239
2025-08-05 16:00:00+00:00,3570.49,3612.58,3559.74,3571.6,7697.8130665
2025-08-05 20:00:00+00:00,3571.62,3625.18,3546.11,3611.71,5445.55688512
2025-08-06 00:00:00+00:00,3612.19,3613.45,3564.2,3583.57,5301.52327901
2025-08-06 04:00:00+00:00,3583.39,3661.63,3569.69,3639.74,7160.89045376
2025-08-06 08:00:00+00:00,3639.82,3644.66,3609.98,3619.32,4903.3988864
2025-08-06 12:00:00+00:00,3619.23,3669.4,3574.18,3664.84,10064.23411603
2025-08-06 16:00:00+00:00,3664.81,3698.45,3638.88,3683.36,8076.44427325
2025-08-06 20:00:00+00:00,3683.36,3685.6,3653.57,3682.27,3404.8765235
2025-08-07 00:00:00+00:00,3682.28,3716.0,3648.0,3656.78,4460.2137371
2025-08-07 04:00:00+00:00,3656.78,3710.0,3655.26,3702.28,5213.446999
2025-08-07 08:00:00+00:00,3702.29,3841.86,3702.28,3826.4,12688.71270243
2025-08-07 12:00:00+00:00,3826.41,3864.43,3803.2,3836.47,10890.7039748
2025-08-07 16:00:00+00:00,3836.47,3876.86,3780.07,3867.68,7975.40845471
2025-08-07 20:00:00+00:00,3867.56,3927.17,3851.47,3910.16,8841.26396411
2025-08-08 00:00:00+00:00,3910.15,3968.19,3879.22,3939.01,9964.09208284
2025-08-08 04:00:00+00:00,3939.01,3939.01,3894.88,3915.68,6307.85279781
2025-08-08 08:00:00+00:00,3915.68,3926.95,3884.63,3918.0,4133.30878967
2025-08-08 12:00:00+00:00,3918.0,4010.0,3891.29,3954.22,14566.63653732
2025-08-08 16:00:00+00:00,3954.23,4066.2,3950.4,4060.61,15873.41203684
2025-08-08 20:00:00+00:00,4060.53,4071.39,4006.84,4008.95,6140.80638309
2025-08-09 00:00:00+00:00,4009.28,4051.45,4006.71,4050.51,4227.62475032
2025-08-09 04:00:00+00:00,4050.5,4209.0,4044.77,4170.3,17570.62574607
2025-08-09 08:00:00+00:00,4170.3,4247.84,4166.16,4189.98,15408.85702841
2025-08-09 12:00:00+00:00,4189.99,4226.17,4153.75,4209.13,11497.60227813
2025-08-09 16:00:00+00:00,4209.2,4271.25,4193.84,4258.63,10228.1169117
2025-08-09 20:00:00+00:00,4258.62,4326.39,4243.22,4261.15,14556.29779391
2025-08-10 00:00:00+00:00,4261.14,4332.19,4206.56,4242.76,15466.9790585
2025-08-10 04:00:00+00:00,4242.61,4264.8,4174.87,4184.99,9177.89408015
2025-08-10 08:00:00+00:00,4184.99,4232.27,4161.03,4180.64,8808.03707585
2025-08-10 12:00:00+00:00,4180.63,4238.99,4162.0,4218.8,8465.07665393
2025-08-10 16:00:00+00:00,4218.8,4259.82,4214.85,4249.42,5538.55550478
2025-08-10 20:00:00+00:00,4249.38,4254.53,4186.28,4250.54,8644.69446182
2025-08-11 00:00:00+00:00,4250.53,4342.33,4238.83,4308.95,12971.94751342
2025-08-11 04:00:00+00:00,4309.01,4349.61,4266.65,4274.25,8270.21911194
2025-08-11 08:00:00+00:00,4274.25,4284.9,4170.6,4185.17,10970.65267755
2025-08-11 12:00:00+00:00,4185.18,4331.65,4166.48,4329.53,20066.31047644
2025-08-11 16:00:00+00:00,4329.54,4366.65,4233.77,4259.21,14599.00815235
2025-08-11 20:00:00+00:00,4259.23,4259.23,4188.33,4223.89,10103.81015422
2025-08-12 00:00:00+00:00,4223.83,4311.29,4219.67,4285.88,8218.52185388
2025-08-12 04:00:00+00:00,4285.87,4321.49,4268.01,4315.52,8027.588185
2025-08-12 08:00:00+00:00,4315.52,4332.1,4258.17,4290.77,8206.5273789
2025-08-12 12:00:00+00:00,4290.54,4480.49,4277.65,4472.07,23189.68059298
2025-08-12 16:00:00+00:00,4472.17,4518.34,4440.27,4515.64,14865.24632799
2025-08-12 20:00:00+00:00,4516.4,4637.98,4503.45,4589.76,16215.53095911
2025-08-13 00:00:00+00:00,4589.76,4657.13,4564.31,4646.88,11168.51578796
2025-08-13 04:00:00+00:00,4647.13,4683.97,4608.44,4625.52,12237.19847963
2025-08-13 08:00:00+00:00,4625.52,4716.22,4608.78,4690.04,9896.52968402
2025-08-13 12:00:00+00:00,4690.05,4736.73,4615.92,4664.0,16260.12124232
2025-08-13 16:00:00+00:00,4664.09,4750.49,4661.31,4740.06,13172.33961249
2025-08-13 20:00:00+00:00,4739.7,4783.12,4697.6,4748.19,11166.76769607
2025-08-14 00:00:00+00:00,4748.49,4780.46,4705.1,4774.99,9849.75814477
2025-08-14 04:00:00+00:00,4774.97,4789.91,4717.41,4748.23,9521.2179106
2025-08-14 08:00:00+00:00,4748.25,4765.73,4674.12,4718.37,9834.29096769
2025-08-14 12:00:00+00:00,4718.37,4735.77,4451.89,4619.25,46415.06800432
2025-08-14 16:00:00+00:00,4619.09,4623.37,4480.45,4538.37,16737.9426733
2025-08-14 20:00:00+00:00,4538.22,4572.01,4454.21,4547.05,9542.14158096
2025-08-15 00:00:00+00:00,4547.05,4649.38,4537.66,4634.22,9323.93928083
2025-08-15 04:00:00+00:00,4634.46,4662.7,4605.12,4640.94,6371.55532166
2025-08-15 08:00:00+00:00,4640.95,4666.23,4612.99,4634.47,6575.33969465
2025-08-15 12:00:00+00:00,4634.48,4669.17,4395.01,4429.7,23768.5565501
2025-08-15 16:00:00+00:00,4429.71,4461.0,4372.81,4383.81,14530.00239945
2025-08-15 20:00:00+00:00,4383.45,4490.99,4368.0,4440.09,10287.87420052
2025-08-16 00:00:00+00:00,4439.84,4490.79,4425.67,4432.28,8121.43647363
2025-08-16 04:00:00+00:00,4432.45,4464.64,4408.87,4451.36,5511.03699621
2025-08-16 08:00:00+00:00,4451.5,4459.07,4373.75,4387.82,7096.30441944
2025-08-16 12:00:00+00:00,4387.83,4428.34,4375.92,4401.22,7927.42085737
2025-08-16 16:00:00+00:00,4400.91,4441.91,4391.3,4418.91,3913.95578189
2025-08-16 20:00:00+00:00,4418.91,4438.0,4403.0,4422.35,3895.48904156
2025-08-17 00:00:00+00:00,4422.36,4459.56,4395.33,4453.05,4922.4598116
2025-08-17 04:00:00+00:00,4453.05,4491.07,4445.3,4467.45,6144.72912717
2025-08-17 08:00:00+00:00,4467.44,4576.09,4460.0,4551.98,9669.6809799
2025-08-17 12:00:00+00:00,4552.13,4565.32,4518.83,4561.67,6369.73195506
2025-08-17 16:00:00+00:00,4561.67,4565.6,4427.68,4459.63,11839.11957781
2025-08-17 20:00:00+00:00,4459.87,4533.91,4457.46,4472.62,8546.7414593
2025-08-18 00:00:00+00:00,4472.62,4482.11,4278.46,4320.95,22921.54596423
2025-08-18 04:00:00+00:00,4320.93,4348.02,4230.0,4257.12,10893.86254149
2025-08-18 08:00:00+00:00,4257.12,4319.14,4225.87,4274.47,12012.26656012
2025-08-18 12:00:00+00:00,4274.46,4369.49,4270.94,4345.55,15257.77731539
2025-08-18 16:00:00+00:00,4345.56,4384.4,4299.63,4355.02,10826.36553484
2025-08-18 20:00:00+00:00,4354.96,4387.37,4304.7,4312.62,8496.42375245
2025-08-19 00:00:00+00:00,4312.63,4354.72,4213.33,4218.75,13701.22032507
2025-08-19 04:00:00+00:00,4218.76,4250.0,4193.64,4234.52,8463.05991556
2025-08-19 08:00:00+00:00,4234.59,4317.23,4218.59,4308.78,8304.32270229
2025-08-19 12:00:00+00:00,4308.78,4339.36,4168.75,4191.25,16021.78636232
2025-08-19 16:00:00+00:00,4191.28,4205.91,4114.0,4141.8,14853.77075636
2025-08-19 20:00:00+00:00,4141.8,4165.02,4067.55,4075.62,9767.50490426
2025-08-20 00:00:00+00:00,4075.62,4158.36,4062.96,4140.86,12961.87194516
2025-08-20 04:00:00+00:00,4140.91,4211.45,4139.73,4185.05,9464.46501892
2025-08-20 08:00:00+00:00,4185.05,4241.46,4150.1,4194.71,12893.48466847
2025-08-20 12:00:00+00:00,4194.72,4308.05,4106.26,4255.53,23844.90149651
2025-08-20 16:00:00+00:00,4255.53,4364.52,4254.9,4346.25,18108.5549636
2025-08-20 20:00:00+00:00,4346.66,4377.4,4315.0,4336.16,12348.43343259
2025-08-21 00:00:00+00:00,4336.16,4339.8,4278.36,4295.55,10452.09997694
2025-08-21 04:00:00+00:00,4295.55,4320.99,4271.66,4310.39,7611.8631123
2025-08-21 08:00:00+00:00,4310.4,4314.24,4255.65,4279.26,12886.91605588
2025-08-21 12:00:00+00:00,4278.95,4327.92,4227.23,4242.51,26088.44541171
2025-08-21 16:00:00+00:00,4242.55,4274.86,4209.02,4224.78,14732.917306
2025-08-21 20:00:00+00:00,4224.47,4260.97,4204.77,4225.28,8998.0852343
2025-08-22 00:00:00+00:00,4225.28,4314.4,4222.71,4278.78,12744.7548116
2025-08-22 04:00:00+00:00,4278.75,4345.3,4272.82,4328.45,11669.16591299
2025-08-22 08:00:00+00:00,4328.4,4353.99,4273.81,4274.09,9994.87769035
2025-08-22 12:00:00+00:00,4274.18,4667.75,4207.87,4614.99,55560.68762658
2025-08-22 16:00:00+00:00,4615.0,4857.41,4615.0,4831.83,31965.37460223
2025-08-22 20:00:00+00:00,4831.46,4885.09,4795.0,4829.64,19954.66703736
2025-08-23 00:00:00+00:00,4829.64,4829.99,4646.6,4693.24,16938.05442055
2025-08-23 04:00:00+00:00,4693.25,4764.72,4692.57,4713.26,12788.4687029
2025-08-23 08:00:00+00:00,4713.53,4745.27,4690.61,4704.13,11496.8690142
2025-08-23 12:00:00+00:00,4704.45,4768.71,4692.84,4751.03,10876.64080046
2025-08-23 16:00:00+00:00,4751.0,4761.49,4728.2,4758.71,5876.1961592
2025-08-23 20:00:00+00:00,4758.66,4799.29,4737.66,4778.64,6007.3500446
2025-08-24 00:00:00+00:00,4778.63,4816.9,4753.57,4788.89,10690.26136894
2025-08-24 04:00:00+00:00,4788.76,4799.99,4756.5,4758.67,6133.69356605
2025-08-24 08:00:00+00:00,4758.66,4786.3,4720.2,4747.84,8789.6476103
2025-08-24 12:00:00+00:00,4747.81,4829.55,4738.7,4798.22,11075.51046729
2025-08-24 16:00:00+00:00,4798.23,4958.75,4744.92,4813.0,45991.45112241
2025-08-24 20:00:00+00:00,4813.0,4823.99,4708.61,4780.14,28264.33725677
2025-08-25 00:00:00+00:00,4780.15,4797.81,4671.07,4727.4,18386.13692879
2025-08-25 04:00:00+00:00,4727.4,4739.26,4582.61,4591.67,21206.26717338
2025-08-25 08:00:00+00:00,4591.66,4615.06,4520.0,4600.35,18644.68397451
2025-08-25 12:00:00+00:00,4600.27,4685.0,4586.06,4612.74,21180.54995696
2025-08-25 16:00:00+00:00,4612.74,4646.06,4416.36,4419.61,22143.40317109
2025-08-25 20:00:00+00:00,4420.33,4445.98,4334.73,4376.93,31533.94588447
2025-08-26 00:00:00+00:00,4376.93,4451.0,4311.29,4402.96,22250.73563159
2025-08-26 04:00:00+00:00,4402.96,4453.92,4394.5,4429.9,13925.77535194
2025-08-26 08:00:00+00:00,4429.89,4465.56,4405.76,4427.38,13851.80417551
2025-08-26 12:00:00+00:00,4427.39,4578.66,4405.96,4519.46,31685.86236142
2025-08-26 16:00:00+00:00,4519.13,4598.18,4499.51,4596.78,16209.24937545
2025-08-26 20:00:00+00:00,4597.0,4633.69,4563.51,4601.03,14186.45771151
2025-08-27 00:00:00+00:00,4601.03,4626.07,4540.03,4603.33,12122.75391375
2025-08-27 04:00:00+00:00,4603.18,4645.24,4560.01,4580.41,11101.82686336
2025-08-27 08:00:00+00:00,4580.41,4619.67,4554.35,4608.25,9918.43562857
2025-08-27 12:00:00+00:00,4608.25,4664.0,4575.38,4657.33,20347.15577166
2025-08-27 16:00:00+00:00,4657.33,4657.67,4534.91,4566.01,14760.74151201
2025-08-27 20:00:00+00:00,4565.73,4613.96,4481.43,4507.17,21227.50771432
2025-08-28 00:00:00+00:00,4506.95,4548.55,4467.87,4541.66,10111.72543864
2025-08-28 04:00:00+00:00,4541.66,4600.0,4535.21,4596.48,8068.0553257
2025-08-28 08:00:00+00:00,4596.49,4633.77,4580.91,4594.01,8014.7390863
2025-08-28 12:00:00+00:00,4594.02,4615.0,4485.45,4504.44,20631.1863789
2025-08-28 16:00:00+00:00,4504.43,4530.45,4436.5,4438.35,13903.76848441
2025-08-28 20:00:00+00:00,4438.11,4515.6,4428.32,4511.94,9996.689703
2025-08-29 00:00:00+00:00,4511.93,4516.65,4434.32,4489.85,10942.4056856
2025-08-29 04:00:00+00:00,4489.86,4497.2,4367.81,4381.26,15689.7333322
2025-08-29 08:00:00+00:00,4381.2,4397.74,4318.66,4346.48,15155.0627506
2025-08-29 12:00:00+00:00,4346.52,4453.75,4264.89,4316.31,31067.13611724
2025-08-29 16:00:00+00:00,4316.31,4366.21,4296.4,4340.96,13672.45589291
2025-08-29 20:00:00+00:00,4341.09,4379.47,4306.02,4359.97,9260.0033846
2025-08-30 00:00:00+00:00,4360.17,4381.77,4256.9,4352.49,13994.07682682
2025-08-30 04:00:00+00:00,4352.5,4415.45,4347.83,4402.44,9038.6424528
2025-08-30 08:00:00+00:00,4402.44,4407.38,4379.05,4392.55,5689.3271827
2025-08-30 12:00:00+00:00,4392.5,4393.45,4332.26,4376.67,9688.88233754
2025-08-30 16:00:00+00:00,4376.66,4376.66,4335.5,4354.86,6325.9197575
2025-08-30 20:00:00+00:00,4354.86,4378.54,4334.68,4374.43,4945.2718343
2025-08-31 00:00:00+00:00,4374.43,4488.59,4373.43,4487.84,10169.54823428
2025-08-31 04:00:00+00:00,4487.89,4492.67,4433.3,4451.26,6832.3658532
2025-08-31 08:00:00+00:00,4450.95,4482.84,4440.47,4476.84,7400.5278809
2025-08-31 12:00:00+00:00,4476.6,4497.67,4451.0,4484.65,8193.5742404
2025-08-31 16:00:00+00:00,4484.65,4491.0,4455.05,4456.02,7075.42974803
2025-08-31 20:00:00+00:00,4456.03,4477.0,4378.98,4392.35,9856.99147498
2025-09-01 00:00:00+00:00,4392.18,4431.71,4360.57,4404.3,15768.02880542
2025-09-01 04:00:00+00:00,4404.3,4463.82,4359.14,4463.64,14357.5474318
2025-09-01 08:00:00+00:00,4463.29,4491.23,4383.04,4392.46,15216.67605525
2025-09-01 12:00:00+00:00,4392.73,4423.0,4346.3,4362.09,12297.813915
2025-09-01 16:00:00+00:00,4362.0,4371.12,4309.6,4368.12,12304.00207961
2025-09-01 20:00:00+00:00,4368.12,4368.12,4211.5,4314.33,22077.7313518
2025-09-02 00:00:00+00:00,4314.36,4394.07,4291.37,4366.71,15716.3834999
2025-09-02 04:00:00+00:00,4366.72,4415.77,4360.79,4377.22,13059.1110469
2025-09-02 08:00:00+00:00,4377.12,4407.46,4341.11,4347.98,9974.662921
2025-09-02 12:00:00+00:00,4347.94,4397.43,4271.63,4295.68,25793.42284971
2025-09-02 16:00:00+00:00,4295.33,4331.08,4258.13,4274.66,19572.75785768
2025-09-02 20:00:00+00:00,4274.4,4336.93,4266.71,4325.78,14526.7026085
2025-09-03 00:00:00+00:00,4325.79,4355.32,4284.0,4335.23,12005.4987375
2025-09-03 04:00:00+00:00,4335.22,4342.3,4286.73,4310.27,9505.7109711
2025-09-03 08:00:00+00:00,4310.26,4385.65,4303.17,4371.77,9320.85734835
2025-09-03 12:00:00+00:00,4371.77,4486.21,4341.5,4479.6,18947.8910863
2025-09-03 16:00:00+00:00,4479.6,4490.31,4453.95,4474.95,11307.76570332
2025-09-03 20:00:00+00:00,4475.01,4482.24,4434.76,4450.52,6457.96297454
2025-09-04 00:00:00+00:00,4450.52,4482.47,4389.8,4397.82,11443.6713574
2025-09-04 04:00:00+00:00,4398.25,4414.0,4355.96,4371.13,11535.978667
2025-09-04 08:00:00+00:00,4371.13,4433.28,4365.64,4407.12,8452.79168698
2025-09-04 12:00:00+00:00,4407.13,4428.46,4294.38,4305.55,19297.99987528
2025-09-04 16:00:00+00:00,4305.54,4323.06,4265.63,4276.06,13489.301865
2025-09-04 20:00:00+00:00,4276.05,4353.22,4272.59,4298.03,11013.82886191
2025-09-05 00:00:00+00:00,4297.92,4335.17,4289.48,4328.9,13333.7833391
2025-09-05 04:00:00+00:00,4328.9,4428.63,4316.76,4417.0,14128.54466846
2025-09-05 08:00:00+00:00,4417.0,4426.43,4373.41,4417.42,10746.13829631
2025-09-05 12:00:00+00:00,4417.42,4492.07,4255.06,4282.96,39096.76826918
2025-09-05 16:00:00+00:00,4283.12,4331.81,4273.0,4331.41,10219.23337613
2025-09-05 20:00:00+00:00,4331.41,4342.81,4286.61,4307.2,8353.3282692
2025-09-06 00:00:00+00:00,4307.21,4328.44,4303.09,4320.14,4291.23407655
2025-09-06 04:00:00+00:00,4320.15,4320.15,4291.01,4312.58,4540.37991082
2025-09-06 08:00:00+00:00,4312.59,4315.24,4286.1,4299.45,5013.16385242
2025-09-06 12:00:00+00:00,4299.45,4307.99,4263.49,4270.1,6326.6330625
2025-09-06 16:00:00+00:00,4270.11,4304.48,4236.39,4256.0,10882.02060511
2025-09-06 20:00:00+00:00,4256.07,4288.0,4253.67,4273.1,4033.49142946
2025-09-07 00:00:00+00:00,4273.15,4305.01,4271.21,4297.69,5160.64240712
2025-09-07 04:00:00+00:00,4297.48,4307.08,4278.83,4294.54,2639.96464714
2025-09-07 08:00:00+00:00,4294.55,4315.62,4292.08,4310.5,3981.0234151
2025-09-07 12:00:00+00:00,4310.51,4311.21,4289.75,4299.11,5027.0455999
2025-09-07 16:00:00+00:00,4299.11,4301.09,4271.01,4293.33,5451.28571828
2025-09-07 20:00:00+00:00,4293.37,4334.69,4281.45,4305.57,6832.25716141
2025-09-08 00:00:00+00:00,4305.58,4330.6,4278.84,4311.73,8032.04749473
2025-09-08 04:00:00+00:00,4311.73,4313.37,4287.77,4292.11,5427.9331712
2025-09-08 08:00:00+00:00,4292.11,4337.17,4288.34,4311.81,9867.95137011
2025-09-08 12:00:00+00:00,4312.03,4383.51,4305.84,4370.95,15329.76732653
2025-09-08 16:00:00+00:00,4370.98,4372.61,4284.1,4292.87,12114.4355462
2025-09-08 20:00:00+00:00,4292.91,4332.02,4282.2,4306.35,7731.550202
2025-09-09 00:00:00+00:00,4306.35,4315.26,4277.0,4307.15,8833.2409959
2025-09-09 04:00:00+00:00,4307.15,4381.01,4302.51,4360.88,10350.3500195
2025-09-09 08:00:00+00:00,4360.88,4366.31,4342.27,4346.66,6608.2941901
2025-09-09 12:00:00+00:00,4346.96,4367.25,4277.69,4285.12,21014.441299
2025-09-09 16:00:00+00:00,4285.12,4299.4,4278.13,4295.19,7151.7604209
2025-09-09 20:00:00+00:00,4295.12,4320.75,4281.18,4309.54,6965.09182198
2025-09-10 00:00:00+00:00,4309.54,4325.83,4284.99,4320.33,10569.8646264
2025-09-10 04:00:00+00:00,4320.45,4334.02,4294.77,4329.18,6779.7148009
2025-09-10 08:00:00+00:00,4329.18,4334.09,4308.08,4330.75,8134.71034004
2025-09-10 12:00:00+00:00,4330.74,4451.37,4329.65,4404.21,21770.92993169
2025-09-10 16:00:00+00:00,4404.37,4408.28,4300.02,4322.79,15357.05342572
2025-09-10 20:00:00+00:00,4322.9,4355.68,4321.29,4349.1,8274.324876
2025-09-11 00:00:00+00:00,4349.27,4407.97,4339.12,4404.29,7292.84665655
2025-09-11 04:00:00+00:00,4404.29,4450.0,4395.22,4440.4,9843.73502123
2025-09-11 08:00:00+00:00,4440.4,4442.3,4406.25,4429.36,5044.43247476
2025-09-11 12:00:00+00:00,4429.37,4480.0,4353.15,4412.4,32578.35011205
2025-09-11 16:00:00+00:00,4412.4,4441.32,4407.71,4423.79,9026.6944835
2025-09-11 20:00:00+00:00,4423.93,4468.83,4415.7,4458.88,8730.0001067
2025-09-12 00:00:00+00:00,4458.88,4538.47,4450.72,4505.39,11271.9426692
2025-09-12 04:00:00+00:00,4505.27,4562.48,4499.03,4525.28,6637.47380697
2025-09-12 08:00:00+00:00,4525.29,4535.56,4504.58,4520.2,6309.69110775
2025-09-12 12:00:00+00:00,4520.28,4570.02,4503.32,4541.41,9538.38107011
2025-09-12 16:00:00+00:00,4541.41,4660.37,4533.53,4657.65,13538.25771291
2025-09-12 20:00:00+00:00,4657.54,4749.88,4630.74,4712.22,18230.48174136
2025-09-13 00:00:00+00:00,4712.22,4766.01,4692.32,4756.31,10085.41073099
2025-09-13 04:00:00+00:00,4756.3,4756.3,4702.5,4711.72,6248.6664731
2025-09-13 08:00:00+00:00,4711.71,4738.75,4709.0,4719.54,3930.09584739
2025-09-13 12:00:00+00:00,4719.53,4729.55,4643.22,4653.85,9406.52809252
2025-09-13 16:00:00+00:00,4653.86,4667.38,4606.0,4638.33,13181.6422459
2025-09-13 20:00:00+00:00,4638.33,4672.83,4637.35,4666.84,5895.8504124
2025-09-14 00:00:00+00:00,4666.84,4691.74,4651.01,4663.32,7878.90055724
2025-09-14 04:00:00+00:00,4663.33,4681.18,4634.3,4650.65,7433.8037094
2025-09-14 08:00:00+00:00,4650.66,4673.62,4626.9,4634.8,7609.67616845
2025-09-14 12:00:00+00:00,4634.8,4644.4,4575.0,4582.35,18601.67378825
2025-09-14 16:00:00+00:00,4582.34,4629.52,4579.64,4615.74,9555.59505809
2025-09-14 20:00:00+00:00,4615.79,4636.39,4598.9,4604.49,9130.4723218
2025-09-15 00:00:00+00:00,4604.49,4643.0,4580.38,4636.31,10482.5943355
2025-09-15 04:00:00+00:00,4636.31,4669.61,4588.68,4597.69,12324.94866335
2025-09-15 08:00:00+00:00,4597.7,4597.7,4497.2,4530.75,21107.7475071
2025-09-15 12:00:00+00:00,4530.69,4541.63,4466.04,4500.35,20770.8303198
2025-09-15 16:00:00+00:00,4500.24,4514.02,4475.21,4493.97,13225.60186625
2025-09-15 20:00:00+00:00,4493.69,4529.86,4488.94,4523.71,7394.46535438
2025-09-16 00:00:00+00:00,4523.72,4538.6,4504.51,4520.85,11178.11284155
2025-09-16 04:00:00+00:00,4520.85,4536.17,4488.29,4512.53,9386.8003027
2025-09-16 08:00:00+00:00,4512.55,4531.54,4493.64,4500.95,9604.4812979
2025-09-16 12:00:00+00:00,4500.96,4512.01,4424.2,4467.36,18387.354869
2025-09-16 16:00:00+00:00,4467.37,4510.14,4446.38,4490.92,14194.62303889
2025-09-16 20:00:00+00:00,4490.93,4525.25,4483.65,4501.3,9065.3230791
2025-09-17 00:00:00+00:00,4501.3,4553.12,4492.99,4497.87,10839.84985462
2025-09-17 04:00:00+00:00,4497.87,4555.23,4463.95,4543.7,9055.48169409
2025-09-17 08:00:00+00:00,4543.7,4545.37,4479.14,4491.74,8662.73811068
2025-09-17 12:00:00+00:00,4491.75,4512.88,4467.4,4489.88,12318.47956906
2025-09-17 16:00:00+00:00,4489.87,4533.22,4416.61,4518.06,38473.27099468
2025-09-17 20:00:00+00:00,4517.78,4616.28,4487.1,4589.64,16405.69964128
2025-09-18 00:00:00+00:00,4590.04,4643.91,4580.49,4614.38,14959.53236669
2025-09-18 04:00:00+00:00,4614.31,4619.74,4553.77,4574.56,10386.06384691
2025-09-18 08:00:00+00:00,4574.56,4607.44,4569.07,4576.09,11588.68062868
2025-09-18 12:00:00+00:00,4576.1,4624.68,4559.23,4599.98,18098.2235375
2025-09-18 16:00:00+00:00,4599.98,4636.64,4581.0,4588.19,11808.04612751
2025-09-18 20:00:00+00:00,4588.22,4605.41,4570.79,4587.79,7460.00716787
2025-09-19 00:00:00+00:00,4587.79,4621.0,4543.7,4549.55,9717.1596661
2025-09-19 04:00:00+00:00,4549.56,4559.27,4518.39,4539.28,8941.65664903
2025-09-19 08:00:00+00:00,4539.24,4548.92,4508.12,4513.79,7110.1054546
2025-09-19 12:00:00+00:00,4513.77,4543.16,4444.97,4474.54,13369.34151874
2025-09-19 16:00:00+00:00,4474.57,4489.03,4436.09,4441.57,12862.59757484
2025-09-19 20:00:00+00:00,4441.49,4478.99,4439.01,4468.77,7659.80069962
2025-09-20 00:00:00+00:00,4468.78,4475.96,4454.86,4465.93,7237.4994881
2025-09-20 04:00:00+00:00,4465.94,4485.0,4463.35,4483.22,4165.15848626
2025-09-20 08:00:00+00:00,4483.23,4483.23,4457.11,4470.16,6153.6235513
2025-09-20 12:00:00+00:00,4470.16,4506.72,4463.82,4497.9,5998.23185577
2025-09-20 16:00:00+00:00,4497.91,4508.37,4470.72,4480.37,4233.84585336
2025-09-20 20:00:00+00:00,4480.37,4501.48,4478.74,4480.67,2880.9186314
2025-09-21 00:00:00+00:00,4480.68,4489.72,4457.66,4478.43,3833.4516455
2025-09-21 04:00:00+00:00,4478.43,4492.29,4467.21,4477.92,3188.93351798
2025-09-21 08:00:00+00:00,4477.92,4479.91,4444.36,4460.73,5527.01078471
2025-09-21 12:00:00+00:00,4460.74,4486.24,4460.73,4482.94,4154.9684157
2025-09-21 16:00:00+00:00,4482.95,4498.2,4464.83,4494.19,5317.3883871
2025-09-21 20:00:00+00:00,4494.19,4494.54,4443.51,4445.62,4162.24548463
2025-09-22 00:00:00+00:00,4445.58,4455.8,4263.56,4305.61,27494.31581808
2025-09-22 04:00:00+00:00,4305.62,4310.44,4051.81,4193.38,32125.98580979
2025-09-22 08:00:00+00:00,4193.38,4207.37,4136.37,4181.62,26176.47517103
2025-09-22 12:00:00+00:00,4181.63,4218.88,4159.31,4168.38,42273.53306504
2025-09-22 16:00:00+00:00,4168.38,4183.04,4122.0,4134.92,43455.40035442
2025-09-22 20:00:00+00:00,4134.99,4208.11,4134.66,4199.42,31145.9608051
2025-09-23 00:00:00+00:00,4199.42,4211.83,4114.8,4187.84,37677.6236269
2025-09-23 04:00:00+00:00,4187.85,4215.59,4154.54,4205.31,34529.3118498
2025-09-23 08:00:00+00:00,4205.32,4229.47,4178.85,4192.06,26788.6554193
2025-09-23 12:00:00+00:00,4192.06,4211.1,4162.57,4181.07,47189.6631025
2025-09-23 16:00:00+00:00,4181.06,4207.74,4137.76,4153.32,50607.55348526
2025-09-23 20:00:00+00:00,4153.37,4190.91,4139.74,4164.62,26792.90833268
2025-09-24 00:00:00+00:00,4164.62,4194.32,4129.78,4147.7,37852.63295389
2025-09-24 04:00:00+00:00,4147.71,4184.12,4072.76,4174.48,29049.8694139
2025-09-24 08:00:00+00:00,4174.49,4198.13,4164.96,4182.08,18388.56383957
2025-09-24 12:00:00+00:00,4182.09,4207.02,4146.99,4166.0,22393.52504435
2025-09-24 16:00:00+00:00,4166.19,4194.11,4154.92,4161.69,15325.71399303
2025-09-24 20:00:00+00:00,4161.5,4172.21,4131.22,4153.19,11655.0420043
2025-09-25 00:00:00+00:00,4152.81,4161.0,4022.45,4063.25,41808.4563817
2025-09-25 04:00:00+00:00,4063.08,4070.94,3964.81,4009.11,42115.14091043
2025-09-25 08:00:00+00:00,4009.09,4052.96,3990.85,4002.76,26700.38454472
2025-09-25 12:00:00+00:00,4002.52,4022.22,3925.6,4002.89,60000.91199518
2025-09-25 16:00:00+00:00,4002.89,4006.33,3823.87,3911.36,63975.56507467
2025-09-25 20:00:00+00:00,3911.37,3937.19,3850.35,3874.14,51923.74189751
2025-09-26 00:00:00+00:00,3874.31,3970.83,3867.67,3965.27,56192.57027882
2025-09-26 04:00:00+00:00,3965.28,3976.71,3907.52,3938.62,45834.46452315
2025-09-26 08:00:00+00:00,3938.61,3944.39,3873.12,3906.0,52769.60224318
2025-09-26 12:00:00+00:00,3905.99,3985.41,3875.8,3946.21,71635.51459739
2025-09-26 16:00:00+00:00,3946.17,4068.36,3942.72,4024.38,51069.50625323
2025-09-26 20:00:00+00:00,4024.39,4039.66,4005.14,4032.23,26711.29653561
2025-09-27 00:00:00+00:00,4032.24,4032.42,4006.52,4019.43,27603.3084297
2025-09-27 04:00:00+00:00,4019.38,4027.6,4005.5,4007.78,18248.3434479
2025-09-27 08:00:00+00:00,4007.79,4017.76,3973.04,4001.92,28176.2676635
2025-09-27 12:00:00+00:00,4001.93,4038.5,3994.89,4018.91,29470.56099611
2025-09-27 16:00:00+00:00,4018.91,4019.68,3981.4,4002.45,24719.63929107
2025-09-27 20:00:00+00:00,4002.53,4034.0,4000.64,4018.37,12890.4898973
2025-09-28 00:00:00+00:00,4018.38,4031.71,3994.42,4002.73,26212.9649938
2025-09-28 04:00:00+00:00,4002.63,4019.82,3996.8,4014.57,20819.4487069
2025-09-28 08:00:00+00:00,4014.48,4015.92,3984.72,3992.77,26239.9707467
2025-09-28 12:00:00+00:00,3992.78,4029.09,3966.35,4021.66,32077.3290821
2025-09-28 16:00:00+00:00,4021.66,4055.11,4021.66,4039.1,28935.1987555
2025-09-28 20:00:00+00:00,4039.1,4144.71,4035.62,4142.34,33779.22844305
2025-09-29 00:00:00+00:00,4142.27,4146.37,4103.83,4121.34,29581.42816713
2025-09-29 04:00:00+00:00,4121.35,4123.52,4088.36,4108.13,25566.27046839
2025-09-29 08:00:00+00:00,4108.13,4139.97,4093.94,4103.27,25535.2826164
2025-09-29 12:00:00+00:00,4103.26,4205.5,4082.69,4164.82,43797.679271
2025-09-29 16:00:00+00:00,4164.83,4193.17,4128.56,4188.04,30729.7579488
2025-09-29 20:00:00+00:00,4188.05,4235.79,4182.55,4215.19,24456.16315358
2025-09-30 00:00:00+00:00,4215.19,4245.0,4188.67,4199.02,32498.04709137
2025-09-30 04:00:00+00:00,4199.02,4206.98,4169.9,4182.22,17661.70782599
2025-09-30 08:00:00+00:00,4182.28,4183.08,4133.88,4165.4,26793.6909473
2025-09-30 12:00:00+00:00,4165.41,4175.7,4094.7,4119.49,45692.4207244
2025-09-30 16:00:00+00:00,4119.87,4170.82,4092.8,4160.64,36885.7297311
2025-09-30 20:00:00+00:00,4160.65,4201.26,4118.05,4145.17,31806.28358008
2025-10-01 00:00:00+00:00,4145.2,4174.78,4124.12,4128.66,19324.80780959
2025-10-01 04:00:00+00:00,4128.74,4156.75,4123.35,4146.16,25385.3121083
2025-10-01 08:00:00+00:00,4146.09,4328.47,4143.29,4297.88,50996.59805827
2025-10-01 12:00:00+00:00,4297.88,4344.39,4279.08,4327.03,43358.69338925
2025-10-01 16:00:00+00:00,4327.04,4340.32,4288.68,4334.18,28116.4093787
2025-10-01 20:00:00+00:00,4334.17,4355.78,4288.58,4347.62,24274.14814167
2025-10-02 00:00:00+00:00,4347.63,4399.55,4333.17,4376.68,36517.3803325
2025-10-02 04:00:00+00:00,4376.68,4423.22,4360.15,4375.7,18986.7764043
2025-10-02 08:00:00+00:00,4375.69,4395.75,4369.51,4379.3,13286.4168159
2025-10-02 12:00:00+00:00,4379.3,4442.71,4335.75,4437.6,41953.92161127
2025-10-02 16:00:00+00:00,4437.41,4516.66,4426.44,4495.42,40167.2138099
2025-10-02 20:00:00+00:00,4495.51,4497.48,4456.3,4484.26,23174.1558657
2025-10-03 00:00:00+00:00,4484.36,4559.45,4461.37,4500.89,27013.9421531
2025-10-03 04:00:00+00:00,4500.88,4509.92,4454.12,4461.94,26952.6545865
2025-10-03 08:00:00+00:00,4461.94,4495.39,4427.95,4478.21,30609.72838427
2025-10-03 12:00:00+00:00,4478.37,4541.65,4436.02,4534.81,47967.72633254
2025-10-03 16:00:00+00:00,4535.44,4591.36,4450.8,4519.15,53840.617134
2025-10-03 20:00:00+00:00,4519.99,4543.24,4493.81,4512.6,13642.78984697
2025-10-04 00:00:00+00:00,4512.85,4516.99,4464.09,4487.08,26400.890297
2025-10-04 04:00:00+00:00,4487.08,4517.99,4480.08,4499.18,16181.0445378
2025-10-04 08:00:00+00:00,4499.18,4504.77,4480.42,4483.69,18875.3706035
2025-10-04 12:00:00+00:00,4483.74,4511.05,4441.71,4454.69,28979.8525041
2025-10-04 16:00:00+00:00,4454.82,4476.52,4440.51,4466.97,23045.7883954
2025-10-04 20:00:00+00:00,4466.98,4494.27,4466.98,4487.51,12498.4839844
2025-10-05 00:00:00+00:00,4487.37,4574.05,4467.3,4531.74,34957.7792702
2025-10-05 04:00:00+00:00,4531.54,4613.99,4528.78,4605.26,44689.79252084
2025-10-05 08:00:00+00:00,4605.26,4618.0,4523.67,4551.04,38755.07170088
2025-10-05 12:00:00+00:00,4551.07,4551.07,4527.0,4532.23,29038.34311114
2025-10-05 16:00:00+00:00,4532.11,4540.66,4482.8,4486.8,35886.56161037
2025-10-05 20:00:00+00:00,4486.8,4523.16,4474.43,4514.04,22656.7870447
2025-10-06 00:00:00+00:00,4514.04,4552.49,4488.35,4537.04,46032.26818785
2025-10-06 04:00:00+00:00,4537.04,4577.19,4509.3,4532.99,29651.90478907
2025-10-06 08:00:00+00:00,4533.0,4593.37,4533.0,4571.75,27921.85626434
2025-10-06 12:00:00+00:00,4571.71,4693.64,4570.22,4673.23,50013.58109959
2025-10-06 16:00:00+00:00,4673.22,4733.77,4659.18,4722.37,35686.67470927
2025-10-06 20:00:00+00:00,4722.54,4735.82,4671.51,4684.0,28865.69119024
2025-10-07 00:00:00+00:00,4684.01,4698.84,4663.19,4690.65,28891.6859672
2025-10-07 04:00:00+00:00,4690.66,4731.08,4664.78,4677.96,28988.8730897
2025-10-07 08:00:00+00:00,4677.95,4712.78,4638.5,4708.81,26368.84388851
2025-10-07 12:00:00+00:00,4708.82,4755.04,4478.14,4512.23,64617.13847042
2025-10-07 16:00:00+00:00,4512.33,4523.72,4446.21,4479.5,52965.57166418
2025-10-07 20:00:00+00:00,4479.48,4516.92,4431.26,4447.72,40482.19201435
2025-10-08 00:00:00+00:00,4447.72,4498.21,4432.53,4443.88,50744.2034264
2025-10-08 04:00:00+00:00,4443.89,4465.49,4411.75,4463.63,40756.8362068
2025-10-08 08:00:00+00:00,4463.63,4506.71,4458.38,4487.4,32415.5007361
2025-10-08 12:00:00+00:00,4487.41,4522.29,4436.82,4447.18,64580.71490797
2025-10-08 16:00:00+00:00,4447.19,4558.9,4439.32,4515.41,47095.52259408
2025-10-08 20:00:00+00:00,4515.3,4539.31,4500.01,4525.94,26694.7673223
2025-10-09 00:00:00+00:00,4525.94,4531.04,4403.2,4450.53,38703.0908561
2025-10-09 04:00:00+00:00,4450.65,4460.34,4411.01,4425.96,26468.9129121
2025-10-09 08:00:00+00:00,4425.97,4426.34,4320.13,4373.51,55780.90197396
2025-10-09 12:00:00+00:00,4373.51,4413.02,4291.78,4315.0,61111.1126915
2025-10-09 16:00:00+00:00,4314.87,4344.2,4265.48,4337.85,49365.3979733
2025-10-09 20:00:00+00:00,4338.03,4382.97,4327.96,4368.13,30570.57002507
2025-10-10 00:00:00+00:00,4368.14,4393.54,4343.32,4347.33,37273.03660049
2025-10-10 04:00:00+00:00,4347.32,4377.19,4315.63,4323.29,40894.11869049
2025-10-10 08:00:00+00:00,4323.37,4351.81,4313.84,4343.1,35291.8734561
2025-10-10 12:00:00+00:00,4343.19,4390.62,4073.08,4103.42,83883.7458331
2025-10-10 16:00:00+00:00,4103.42,4138.69,3950.76,3997.24,87419.73485094
2025-10-10 20:00:00+00:00,3997.35,4024.68,3380.76,3829.61,126094.94101834
2025-10-11 00:00:00+00:00,3830.17,3878.04,3728.11,3793.09,67837.79677925
2025-10-11 04:00:00+00:00,3793.09,3833.44,3735.45,3760.53,41117.49774533
2025-10-11 08:00:00+00:00,3760.53,3858.85,3750.93,3841.27,30093.8477737
2025-10-11 12:00:00+00:00,3841.26,3854.73,3785.66,3825.21,36095.84974251
2025-10-11 16:00:00+00:00,3825.21,3847.48,3730.37,3760.62,41266.12775001
2025-10-11 20:00:00+00:00,3760.6,3766.53,3643.42,3746.4,58777.3563529
2025-10-12 00:00:00+00:00,3746.81,3818.89,3694.9,3781.61,55377.01508381
2025-10-12 04:00:00+00:00,3781.61,3844.56,3776.2,3828.0,30112.3048461
2025-10-12 08:00:00+00:00,3828.0,3867.15,3806.3,3820.35,26057.10962671
2025-10-12 12:00:00+00:00,3820.36,4079.76,3794.7,4034.59,57320.49287394
2025-10-12 16:00:00+00:00,4034.59,4172.39,4034.58,4136.01,58620.52144943
2025-10-12 20:00:00+00:00,4136.02,4197.79,4081.01,4151.86,43790.69919087
2025-10-13 00:00:00+00:00,4151.95,4220.0,4124.74,4140.09,40269.40137482
2025-10-13 04:00:00+00:00,4140.09,4197.96,4116.16,4178.46,34283.99868118
2025-10-13 08:00:00+00:00,4178.46,4195.0,4042.82,4080.04,35253.78860876
2025-10-13 12:00:00+00:00,4080.03,4180.0,4056.62,4135.12,58214.39063205
2025-10-13 16:00:00+00:00,4135.12,4271.09,4128.7,4251.71,45491.1721604
2025-10-13 20:00:00+00:00,4251.71,4291.99,4236.27,4241.27,29692.91792963
2025-10-14 00:00:00+00:00,4241.27,4263.06,4137.17,4153.25,40665.70259885
2025-10-14 04:00:00+00:00,4153.26,4160.29,3965.58,3981.43,74472.25573051
2025-10-14 08:00:00+00:00,3981.42,4014.39,3888.16,3971.67,65230.03782519
2025-10-14 12:00:00+00:00,3971.68,4089.08,3895.36,4085.81,71148.92414988
2025-10-14 16:00:00+00:00,4085.82,4164.28,4048.5,4102.68,63236.06295187
2025-10-14 20:00:00+00:00,4103.08,4144.23,4073.0,4125.01,34625.5178161
2025-10-15 00:00:00+00:00,4124.69,4145.35,4060.73,4081.27,44861.40863188
2025-10-15 04:00:00+00:00,4081.28,4129.36,4072.01,4122.31,42072.9590042
2025-10-15 08:00:00+00:00,4122.3,4216.48,4087.36,4100.24,40998.06994727
2025-10-15 12:00:00+00:00,4100.23,4107.12,3959.31,3981.2,63558.4436484
2025-10-15 16:00:00+00:00,3981.01,4013.12,3929.42,3983.0,50961.2211234
2025-10-15 20:00:00+00:00,3983.13,3996.14,3926.81,3985.7,41489.5662039
2025-10-16 00:00:00+00:00,3985.71,4037.07,3976.18,4014.84,33265.86429751
2025-10-16 04:00:00+00:00,4014.85,4050.12,3980.45,4004.35,30663.1681041
2025-10-16 08:00:00+00:00,4004.36,4079.07,3940.96,4061.69,39066.81611093
2025-10-16 12:00:00+00:00,4061.69,4085.21,3892.71,3907.84,61140.2666907
2025-10-16 16:00:00+00:00,3907.18,3967.71,3851.0,3866.87,63080.85840084
2025-10-16 20:00:00+00:00,3866.95,3898.24,3825.48,3894.68,37195.22247144
2025-10-17 00:00:00+00:00,3894.63,3950.79,3888.49,3932.65,39015.02746746
2025-10-17 04:00:00+00:00,3933.01,3935.79,3752.9,3756.48,57484.28767791
2025-10-17 08:00:00+00:00,3756.49,3817.47,3674.69,3778.69,72874.29420899
2025-10-17 12:00:00+00:00,3778.69,3811.25,3714.91,3797.75,57734.4346215
2025-10-17 16:00:00+00:00,3797.86,3850.31,3779.05,3827.5,46163.4244005
2025-10-17 20:00:00+00:00,3827.85,3883.61,3818.27,3831.42,25921.6887328
2025-10-18 00:00:00+00:00,3831.42,3882.38,3819.12,3869.51,30289.75361683
2025-10-18 04:00:00+00:00,3870.34,3927.44,3840.66,3892.75,29872.9831782
2025-10-18 08:00:00+00:00,3892.75,3905.66,3862.5,3882.5,23356.95561576
2025-10-18 12:00:00+00:00,3882.51,3893.39,3849.54,3878.14,26597.30205238
2025-10-18 16:00:00+00:00,3878.14,3898.85,3854.05,3893.28,24556.7577411
2025-10-18 20:00:00+00:00,3893.27,3907.99,3869.01,3888.88,17218.47127378
2025-10-19 00:00:00+00:00,3888.88,3906.56,3855.43,3905.44,19793.10922922
2025-10-19 04:00:00+00:00,3905.45,3920.2,3874.05,3888.47,18586.4685257
2025-10-19 08:00:00+00:00,3888.51,3968.37,3830.19,3924.21,41755.89752402
2025-10-19 12:00:00+00:00,3924.2,4002.79,3908.28,3979.25,28940.11161332
2025-10-19 16:00:00+00:00,3979.25,4026.8,3959.47,3985.91,22389.78675468
2025-10-19 20:00:00+00:00,3985.91,4030.88,3969.76,3982.54,22863.01417184
2025-10-20 00:00:00+00:00,3982.47,4039.45,3908.55,4026.9,43250.50657703
2025-10-20 04:00:00+00:00,4027.22,4084.0,4023.17,4054.51,33367.6383056
2025-10-20 08:00:00+00:00,4054.52,4072.14,4012.5,4034.99,32462.5874686
2025-10-20 12:00:00+00:00,4034.99,4049.87,4002.61,4004.33,37774.0863947
2025-10-20 16:00:00+00:00,4004.3,4004.3,3922.39,3981.36,38301.05288422
2025-10-20 20:00:00+00:00,3981.36,4003.47,3971.23,3979.84,19069.9243915
2025-10-21 00:00:00+00:00,3979.84,3985.75,3917.87,3922.46,31273.97824808
2025-10-21 04:00:00+00:00,3922.65,3922.65,3840.7,3892.54,50085.90003162
2025-10-21 08:00:00+00:00,3892.55,3899.18,3851.97,3890.33,32559.90935266
2025-10-21 12:00:00+00:00,3890.34,4085.18,3852.2,4081.4,79244.63118185
2025-10-21 16:00:00+00:00,4081.38,4109.96,3965.01,3995.69,62338.00349206
2025-10-21 20:00:00+00:00,3995.7,4000.97,3858.01,3873.33,41249.39220737
2025-10-22 00:00:00+00:00,3873.32,3889.4,3821.01,3859.58,32528.8246825
2025-10-22 04:00:00+00:00,3859.6,3885.06,3838.46,3868.75,23773.8165399
2025-10-22 08:00:00+00:00,3868.75,3869.03,3770.78,3829.4,31902.9901881
2025-10-22 12:00:00+00:00,3829.37,3876.96,3780.17,3841.42,52043.72063073
2025-10-22 16:00:00+00:00,3841.41,3861.89,3783.73,3803.85,47111.3061857
2025-10-22 20:00:00+00:00,3804.47,3816.88,3708.79,3805.53,42481.97714363
2025-10-23 00:00:00+00:00,3805.55,3835.71,3796.29,3826.61,20735.79205982
2025-10-23 04:00:00+00:00,3826.61,3897.21,3822.95,3880.83,21860.6012764
2025-10-23 08:00:00+00:00,3880.84,3905.07,3859.58,3863.28,22616.44537108
2025-10-23 12:00:00+00:00,3863.25,3887.51,3808.83,3876.42,43591.57312248
2025-10-23 16:00:00+00:00,3876.77,3935.2,3845.57,3859.85,36660.93816833
2025-10-23 20:00:00+00:00,3859.57,3860.41,3818.74,3857.03,21200.56308241
2025-10-24 00:00:00+00:00,3857.04,3896.01,3845.88,3891.09,22139.5970067
2025-10-24 04:00:00+00:00,3891.1,3988.22,3886.58,3948.7,27084.11474254
2025-10-24 08:00:00+00:00,3948.69,3969.1,3924.27,3946.41,25050.84826805
2025-10-24 12:00:00+00:00,3946.43,4029.61,3872.34,3888.82,58929.70251143
2025-10-24 16:00:00+00:00,3888.83,3938.33,3866.34,3926.17,31306.14096645
2025-10-24 20:00:00+00:00,3926.53,3946.1,3924.16,3934.83,16560.43286831
2025-10-25 00:00:00+00:00,3934.83,3938.91,3912.42,3921.68,17020.45130283
2025-10-25 04:00:00+00:00,3921.68,3959.63,3920.38,3928.87,15876.591232
2025-10-25 08:00:00+00:00,3928.87,3956.63,3927.79,3939.53,18043.7522028
2025-10-25 12:00:00+00:00,3939.53,3955.93,3924.13,3932.78,14472.10258968
2025-10-25 16:00:00+00:00,3932.79,3968.68,3927.84,3957.61,12247.8367035
2025-10-25 20:00:00+00:00,3957.61,3964.62,3935.88,3953.87,10902.0901931
2025-10-26 00:00:00+00:00,3953.87,3961.52,3919.22,3931.66,16914.3727583
2025-10-26 04:00:00+00:00,3931.68,3956.59,3929.23,3951.55,8523.5533155
2025-10-26 08:00:00+00:00,3951.55,4054.72,3951.08,4044.25,31666.25538815
2025-10-26 12:00:00+00:00,4044.28,4099.29,4040.21,4075.05,37331.15899799
2025-10-26 16:00:00+00:00,4075.06,4080.85,4046.35,4067.89,17379.456571
2025-10-26 20:00:00+00:00,4067.89,4178.77,4052.78,4158.53,31885.21816763
2025-10-27 00:00:00+00:00,4158.47,4225.49,4148.75,4204.74,34583.7706237
2025-10-27 04:00:00+00:00,4204.78,4252.97,4195.08,4201.11,28855.6922056
2025-10-27 08:00:00+00:00,4201.11,4201.12,4133.0,4162.25,33591.19999613
2025-10-27 12:00:00+00:00,4162.25,4187.66,4124.22,4172.82,42698.1433828
2025-10-27 16:00:00+00:00,4172.84,4233.35,4172.84,4193.53,34575.01801081
2025-10-27 20:00:00+00:00,4193.64,4195.34,4094.2,4120.6,35149.5507873
2025-10-28 00:00:00+00:00,4120.39,4142.18,4069.05,4093.92,32375.63225443
2025-10-28 04:00:00+00:00,4094.21,4126.8,4066.36,4117.24,28193.3746536
2025-10-28 08:00:00+00:00,4117.24,4136.12,4104.74,4112.59,22185.5583811
2025-10-28 12:00:00+00:00,4112.58,4175.34,4072.0,4096.68,47132.84746254
2025-10-28 16:00:00+00:00,4096.87,4151.32,4026.71,4039.71,43070.11313066
2025-10-28 20:00:00+00:00,4039.31,4042.32,3931.88,3979.72,47296.90497284
2025-10-29 00:00:00+00:00,3979.72,4008.78,3964.77,3997.82,28717.2838672
2025-10-29 04:00:00+00:00,3997.85,4037.28,3996.41,4024.58,24677.5384661
2025-10-29 08:00:00+00:00,4024.58,4026.78,3983.94,4011.13,26368.44675882
2025-10-29 12:00:00+00:00,4011.13,4029.54,3941.88,3951.69,41551.23721632
2025-10-29 16:00:00+00:00,3951.7,4018.56,3842.0,3904.73,70394.68695477
2025-10-29 20:00:00+00:00,3905.02,3963.68,3874.94,3903.31,30571.5145004
2025-10-30 00:00:00+00:00,3903.31,3948.64,3885.67,3935.04,34185.0154091
2025-10-30 04:00:00+00:00,3935.0,3944.67,3838.79,3940.2,50655.9337045
2025-10-30 08:00:00+00:00,3940.2,3940.23,3877.29,3881.07,29114.5702719
2025-10-30 12:00:00+00:00,3881.01,3884.41,3757.52,3773.59,62774.25140611
2025-10-30 16:00:00+00:00,3773.3,3802.1,3679.29,3686.94,54956.33719942
2025-10-30 20:00:00+00:00,3686.62,3806.85,3679.77,3804.37,32565.7121269
2025-10-31 00:00:00+00:00,3804.69,3860.61,3796.4,3829.0,32975.95167068
2025-10-31 04:00:00+00:00,3829.0,3873.25,3821.81,3831.76,28856.9082196
2025-10-31 08:00:00+00:00,3831.68,3883.32,3818.77,3874.26,27484.4584601
2025-10-31 12:00:00+00:00,3874.24,3887.38,3832.02,3861.3,46122.80572984
2025-10-31 16:00:00+00:00,3861.28,3905.28,3804.94,3885.28,45341.05182021
2025-10-31 20:00:00+00:00,3885.48,3892.29,3840.68,3848.0,22132.18446377
2025-11-01 00:00:00+00:00,3848.0,3864.1,3830.98,3861.34,18309.4941856
2025-11-01 04:00:00+00:00,3861.35,3869.15,3853.09,3860.81,14894.3080414
2025-11-01 08:00:00+00:00,3860.84,3882.84,3860.69,3877.69,14145.45908771
2025-11-01 12:00:00+00:00,3877.69,3902.12,3858.24,3894.7,20566.9498836
2025-11-01 16:00:00+00:00,3894.7,3908.98,3863.46,3880.0,18346.6752363
2025-11-01 20:00:00+00:00,3880.0,3891.24,3864.15,3873.71,12428.3769645
2025-11-02 00:00:00+00:00,3873.71,3886.8,3862.08,3880.57,13300.0585114
2025-11-02 04:00:00+00:00,3880.57,3918.0,3876.04,3906.73,20002.0758405
2025-11-02 08:00:00+00:00,3906.73,3910.61,3855.3,3891.22,25029.82608898
2025-11-02 12:00:00+00:00,3891.22,3895.76,3839.38,3852.94,29851.6965272
2025-11-02 16:00:00+00:00,3853.23,3867.1,3840.5,3855.89,19711.7209758
2025-11-02 20:00:00+00:00,3855.89,3916.24,3844.05,3906.57,17878.4773168
2025-11-03 00:00:00+00:00,3906.43,3914.26,3727.99,3736.04,53160.41290911
2025-11-03 04:00:00+00:00,3736.29,3765.65,3684.66,3714.78,44354.77551355
2025-11-03 08:00:00+00:00,3714.71,3740.61,3663.29,3711.88,41920.15067971
2025-11-03 12:00:00+00:00,3711.88,3748.64,3582.49,3589.09,50180.97112791
2025-11-03 16:00:00+00:00,3589.1,3681.97,3564.28,3631.38,54656.9519506
2025-11-03 20:00:00+00:00,3631.41,3636.5,3557.62,3603.79,49153.4470661
2025-11-04 00:00:00+00:00,3603.79,3654.29,3567.56,3642.37,44313.14232385
2025-11-04 04:00:00+00:00,3642.36,3647.96,3473.24,3493.76,62832.07658706
2025-11-04 08:00:00+00:00,3493.76,3535.15,3460.43,3529.47,49352.12052507
2025-11-04 12:00:00+00:00,3529.47,3587.38,3473.32,3507.24,62574.216854
2025-11-04 16:00:00+00:00,3507.4,3520.19,3226.91,3231.62,97781.23399612
2025-11-04 20:00:00+00:00,3231.35,3304.99,3056.74,3286.81,94948.26949465
2025-11-05 00:00:00+00:00,3286.83,3349.0,3166.58,3334.88,76805.69969843
2025-11-05 04:00:00+00:00,3334.89,3354.36,3304.03,3331.18,45927.1712904
2025-11-05 08:00:00+00:00,3331.17,3331.18,3274.67,3322.23,56587.31455323
2025-11-05 12:00:00+00:00,3322.55,3399.2,3313.01,3398.21,62071.06751869
2025-11-05 16:00:00+00:00,3398.21,3479.38,3359.19,3455.11,49426.74147048
2025-11-05 20:00:00+00:00,3455.1,3480.9,3415.43,3424.7,38978.42011865
2025-11-06 00:00:00+00:00,3424.68,3451.4,3374.9,3432.77,47090.24098161
2025-11-06 04:00:00+00:00,3432.78,3456.32,3363.41,3380.65,45143.532209
2025-11-06 08:00:00+00:00,3380.63,3414.81,3367.31,3399.46,40346.33404427
2025-11-06 12:00:00+00:00,3399.45,3404.69,3278.33,3300.88,62085.90930483
2025-11-06 16:00:00+00:00,3300.88,3352.4,3245.81,3325.85,65752.3299036
2025-11-06 20:00:00+00:00,3325.87,3336.48,3288.0,3315.08,45183.6584641
2025-11-07 00:00:00+00:00,3315.09,3365.3,3276.03,3345.15,63199.3172929
2025-11-07 04:00:00+00:00,3345.13,3370.03,3319.04,3358.22,39326.1829519
2025-11-07 08:00:00+00:00,3358.21,3360.32,3226.01,3260.3,51218.24244362
2025-11-07 12:00:00+00:00,3259.99,3318.07,3193.57,3297.5,72385.52252507
2025-11-07 16:00:00+00:00,3297.5,3450.35,3274.0,3443.58,62677.80365519
2025-11-07 20:00:00+00:00,3443.57,3473.06,3429.9,3435.7,41703.08247624
2025-11-08 00:00:00+00:00,3435.7,3467.63,3406.14,3454.06,47205.2650397
2025-11-08 04:00:00+00:00,3454.07,3486.96,3417.96,3447.68,48790.8932972
2025-11-08 08:00:00+00:00,3447.67,3470.44,3407.05,3413.31,39833.1436602
2025-11-08 12:00:00+00:00,3413.31,3417.98,3370.41,3376.91,62149.06803652
2025-11-08 16:00:00+00:00,3376.91,3407.88,3356.0,3389.5,49594.1174188
2025-11-08 20:00:00+00:00,3389.5,3415.69,3380.51,3401.66,24018.4785962
2025-11-09 00:00:00+00:00,3401.66,3404.15,3359.11,3375.78,35606.1838999
2025-11-09 04:00:00+00:00,3375.8,3427.37,3370.19,3422.75,20012.9091327
2025-11-09 08:00:00+00:00,3422.75,3435.33,3382.51,3428.2,7845.4706771
2025-11-09 12:00:00+00:00,3428.2,3563.22,3424.64,3515.64,13873.47919692
2025-11-09 16:00:00+00:00,3515.64,3580.0,3501.33,3580.0,9742.53794316
2025-11-09 20:00:00+00:00,3580.0,3624.04,3562.43,3583.8,11472.5055198
2025-11-10 00:00:00+00:00,3583.8,3658.8,3554.5,3627.15,12948.88123871
2025-11-10 04:00:00+00:00,3627.16,3631.68,3589.7,3609.4,6297.35827264
2025-11-10 08:00:00+00:00,3609.4,3631.08,3586.67,3610.75,6259.42806059
2025-11-10 12:00:00+00:00,3610.74,3621.96,3508.22,3519.46,10410.10232052
2025-11-10 16:00:00+00:00,3519.34,3576.68,3507.0,3558.5,10879.2560153
2025-11-10 20:00:00+00:00,3558.62,3583.96,3529.11,3568.01,19183.6051338
2025-11-11 00:00:00+00:00,3567.86,3648.1,3552.61,3606.53,28104.29354669
2025-11-11 04:00:00+00:00,3606.45,3610.17,3531.48,3544.36,43889.6655372
2025-11-11 08:00:00+00:00,3544.37,3586.66,3543.29,3574.06,38604.7185103
2025-11-11 12:00:00+00:00,3574.08,3594.09,3467.34,3481.5,84598.43243846
2025-11-11 16:00:00+00:00,3481.5,3500.9,3446.0,3456.87,53992.55078118
2025-11-11 20:00:00+00:00,3456.89,3461.89,3405.09,3417.44,54256.97791127
2025-11-12 00:00:00+00:00,3417.6,3455.83,3409.62,3438.9,45945.585507
2025-11-12 04:00:00+00:00,3438.94,3457.72,3424.69,3428.43,26660.5759105
2025-11-12 08:00:00+00:00,3428.44,3569.94,3428.44,3549.32,32695.71499795
2025-11-12 12:00:00+00:00,3549.4,3588.0,3418.62,3427.81,42202.61813539
2025-11-12 16:00:00+00:00,3427.81,3454.39,3371.62,3407.86,47949.3879013
2025-11-12 20:00:00+00:00,3407.85,3439.23,3392.0,3414.82,26102.93456661
2025-11-13 00:00:00+00:00,3414.82,3474.55,3377.75,3452.78,35066.634766
2025-11-13 04:00:00+00:00,3452.82,3565.17,3434.11,3538.18,34756.0440046
2025-11-13 08:00:00+00:00,3538.19,3549.76,3477.58,3501.49,26075.1439279
2025-11-13 12:00:00+00:00,3501.5,3511.23,3367.21,3387.25,49186.08119992
2025-11-13 16:00:00+00:00,3387.26,3398.49,3175.75,3197.86,68861.38306531
2025-11-13 20:00:00+00:00,3197.7,3272.48,3154.56,3232.08,46243.30677578
2025-11-14 00:00:00+00:00,3232.06,3251.62,3186.57,3227.89,40840.6389789
2025-11-14 04:00:00+00:00,3227.91,3240.47,3108.0,3215.34,35033.12856354
2025-11-14 08:00:00+00:00,3215.33,3219.19,3117.28,3144.42,25809.2545899
2025-11-14 12:00:00+00:00,3144.42,3234.35,3070.15,3196.75,43691.78649438
2025-11-14 16:00:00+00:00,3196.75,3256.64,3154.92,3207.64,29202.03634782
2025-11-14 20:00:00+00:00,3207.65,3213.25,3090.11,3112.75,25047.5779363
2025-11-15 00:00:00+00:00,3112.64,3193.83,3111.19,3179.22,19557.219782
2025-11-15 04:00:00+00:00,3179.22,3191.65,3157.29,3176.52,12146.60781951
2025-11-15 08:00:00+00:00,3176.51,3177.92,3134.64,3152.54,15639.7684387
2025-11-15 12:00:00+00:00,3152.54,3197.29,3147.34,3185.67,13638.7350721
2025-11-15 16:00:00+00:00,3185.68,3230.91,3162.35,3197.76,14968.72567699
2025-11-15 20:00:00+00:00,3197.75,3200.79,3152.74,3167.73,15244.4287291
2025-11-16 00:00:00+00:00,3167.73,3210.07,3132.0,3203.0,20295.56724281
2025-11-16 04:00:00+00:00,3202.92,3220.82,3187.1,3219.66,11433.2052127
2025-11-16 08:00:00+00:00,3219.67,3249.0,3160.28,3168.71,18279.76601527
2025-11-16 12:00:00+00:00,3168.71,3182.56,3098.72,3105.76,30165.1771494
2025-11-16 16:00:00+00:00,3105.77,3128.11,3026.32,3091.06,31976.39671528
2025-11-16 20:00:00+00:00,3091.07,3117.57,3003.78,3095.19,23427.47069313
2025-11-17 00:00:00+00:00,3094.87,3180.31,3069.14,3176.4,21212.84699066
2025-11-17 04:00:00+00:00,3176.44,3208.44,3166.4,3198.48,16107.123744
2025-11-17 08:00:00+00:00,3198.47,3223.23,3179.83,3204.07,13472.6342245
2025-11-17 12:00:00+00:00,3204.06,3211.21,3095.51,3120.78,30456.9828099
2025-11-17 16:00:00+00:00,3120.8,3142.87,2973.07,2982.32,35399.90780985
2025-11-17 20:00:00+00:00,2982.32,3031.69,2959.49,3031.35,27516.3836242
2025-11-18 00:00:00+00:00,3031.35,3049.91,2946.32,3024.36,33717.9426371
2025-11-18 04:00:00+00:00,3024.29,3034.12,2958.37,3024.42,28707.71702476
2025-11-18 08:00:00+00:00,3024.57,3074.29,3024.57,3058.01,23435.52941683
2025-11-18 12:00:00+00:00,3057.98,3123.66,3022.18,3106.81,35882.11596711
2025-11-18 16:00:00+00:00,3106.8,3170.02,3099.56,3146.07,24618.89651233
2025-11-18 20:00:00+00:00,3146.08,3150.1,3096.78,3123.74,14262.9327032
2025-11-19 00:00:00+00:00,3123.74,3125.48,3069.6,3073.35,20495.78065287
2025-11-19 04:00:00+00:00,3073.32,3087.67,2992.44,3085.18,26519.04890664
2025-11-19 08:00:00+00:00,3085.18,3112.71,3054.11,3083.73,21038.63293562
2025-11-19 12:00:00+00:00,3083.73,3108.81,2967.22,2973.32,42860.1101064
2025-11-19 16:00:00+00:00,2973.23,2986.98,2873.33,2881.84,37058.72493532
2025-11-19 20:00:00+00:00,2881.84,3027.63,2875.16,3025.44,31413.85921832
2025-11-20 00:00:00+00:00,3025.62,3058.06,3005.01,3039.3,20263.7589371
2025-11-20 04:00:00+00:00,3039.15,3063.3,3007.76,3039.27,14812.7704608
2025-11-20 08:00:00+00:00,3039.27,3044.75,2994.2,3023.97,12512.06313195
2025-11-20 12:00:00+00:00,3023.86,3049.85,2953.0,2955.79,28296.69095074
2025-11-20 16:00:00+00:00,2955.69,2961.21,2790.21,2848.05,47122.5179336
2025-11-20 20:00:00+00:00,2848.04,2905.92,2819.84,2834.4,20416.96432953
2025-11-21 00:00:00+00:00,2834.38,2886.29,2772.97,2809.1,24015.90141336
2025-11-21 04:00:00+00:00,2809.09,2832.41,2650.0,2720.62,32753.58169793
2025-11-21 08:00:00+00:00,2720.32,2754.84,2663.51,2688.31,30714.64664237
2025-11-21 12:00:00+00:00,2688.31,2781.59,2623.47,2705.42,43947.21953663
2025-11-21 16:00:00+00:00,2705.41,2806.76,2675.25,2752.39,32448.64750847
2025-11-21 20:00:00+00:00,2752.39,2776.26,2708.57,2765.9,23469.4921269
2025-11-22 00:00:00+00:00,2765.91,2784.01,2739.63,2752.85,17387.34012969
2025-11-22 04:00:00+00:00,2752.69,2771.36,2727.01,2756.2,18623.34743235
2025-11-22 08:00:00+00:00,2756.21,2756.56,2704.3,2735.18,18321.37527343
2025-11-22 12:00:00+00:00,2735.16,2754.4,2711.26,2738.92,18264.82086819
2025-11-22 16:00:00+00:00,2738.93,2758.98,2735.21,2750.5,14372.9855378
2025-11-22 20:00:00+00:00,2750.51,2799.01,2733.83,2770.29,15610.3234626
2025-11-23 00:00:00+00:00,2770.28,2833.93,2768.26,2824.32,17701.1520212
2025-11-23 04:00:00+00:00,2824.33,2852.08,2777.11,2793.77,16498.28325882
2025-11-23 08:00:00+00:00,2793.77,2823.88,2793.76,2815.22,13762.44021913
2025-11-23 12:00:00+00:00,2815.24,2857.95,2810.5,2836.62,18368.78999839
2025-11-23 16:00:00+00:00,2836.55,2846.92,2786.73,2822.71,18039.5396093
2025-11-23 20:00:00+00:00,2822.72,2844.99,2795.1,2802.3,19523.0941306
2025-11-24 00:00:00+00:00,2802.27,2867.23,2763.26,2856.5,32812.2558537
2025-11-24 04:00:00+00:00,2856.5,2885.27,2802.97,2829.67,21369.03211471
2025-11-24 08:00:00+00:00,2829.75,2842.67,2787.48,2803.12,17158.17937936
2025-11-24 12:00:00+00:00,2803.11,2860.19,2785.2,2846.69,24626.8221737
2025-11-24 16:00:00+00:00,2846.61,2980.16,2842.91,2959.14,26090.3747996
2025-11-24 20:00:00+00:00,2959.15,2986.13,2947.9,2953.5,14912.16003273
2025-11-25 00:00:00+00:00,2953.5,2953.5,2904.39,2912.08,16000.59765554
2025-11-25 04:00:00+00:00,2912.05,2942.67,2902.06,2902.61,11753.7934499
2025-11-25 08:00:00+00:00,2902.63,2909.18,2865.34,2891.02,13707.06852339
2025-11-25 12:00:00+00:00,2891.03,2933.98,2857.39,2895.52,23401.52953995
2025-11-25 16:00:00+00:00,2895.52,2958.29,2872.0,2922.78,18769.20520151
2025-11-25 20:00:00+00:00,2922.8,2980.23,2907.28,2959.77,15421.3213254
2025-11-26 00:00:00+00:00,2959.77,2983.88,2921.79,2927.14,13724.1555779
2025-11-26 04:00:00+00:00,2927.14,2954.58,2921.04,2944.38,10466.89182328
2025-11-26 08:00:00+00:00,2944.38,2948.87,2902.08,2914.28,11317.9413768
2025-11-26 12:00:00+00:00,2914.27,2947.51,2888.71,2927.52,20726.78168925
2025-11-26 16:00:00+00:00,2927.62,3044.9,2926.38,3032.69,24540.24722268
2025-11-26 20:00:00+00:00,3032.69,3036.32,3009.08,3027.05,12853.9599347
2025-11-27 00:00:00+00:00,3027.03,3071.12,3004.8,3033.53,15835.9246913
2025-11-27 04:00:00+00:00,3033.54,3053.96,3017.47,3033.89,9364.561853
2025-11-27 08:00:00+00:00,3033.89,3044.59,3017.81,3028.55,8715.1265363
2025-11-27 12:00:00+00:00,3028.55,3030.08,2985.78,3011.3,14228.79164484
2025-11-27 16:00:00+00:00,3011.29,3039.19,3004.83,3032.0,10953.6558575
2025-11-27 20:00:00+00:00,3032.01,3044.23,3004.38,3015.37,10379.47537916
2025-11-28 00:00:00+00:00,3015.37,3024.34,2994.36,3008.63,16612.4325983
2025-11-28 04:00:00+00:00,3008.64,3028.89,3000.02,3001.8,9862.71438969
2025-11-28 08:00:00+00:00,3001.79,3076.65,3001.59,3034.17,18787.19342411
2025-11-28 12:00:00+00:00,3034.15,3099.13,3026.15,3073.67,25595.14789553
2025-11-28 16:00:00+00:00,3073.78,3074.4,3011.7,3049.96,24588.23951387
2025-11-28 20:00:00+00:00,3049.9,3059.25,3021.15,3031.19,11376.11292286
2025-11-29 00:00:00+00:00,3031.19,3052.53,3017.76,3022.92,9505.3487836
2025-11-29 04:00:00+00:00,3022.92,3044.99,2993.22,3004.83,9676.33887156
2025-11-29 08:00:00+00:00,3004.83,3011.39,2986.0,3000.35,9405.5035631
2025-11-29 12:00:00+00:00,3000.35,3014.15,2986.89,3007.21,10917.7141735
2025-11-29 16:00:00+00:00,3007.21,3011.44,2962.04,2988.8,16911.23354122
2025-11-29 20:00:00+00:00,2988.78,2998.9,2982.69,2989.17,10778.6693767
2025-11-30 00:00:00+00:00,2989.17,3012.7,2975.84,3001.71,11049.358278
2025-11-30 04:00:00+00:00,3001.71,3008.84,2985.78,3005.07,10266.2747477
2025-11-30 08:00:00+00:00,3005.07,3018.95,2999.4,3003.28,14635.506484
2025-11-30 12:00:00+00:00,3003.28,3052.99,3000.4,3028.77,22337.86485463
2025-11-30 16:00:00+00:00,3028.93,3049.45,3028.29,3034.97,12489.99552883
2025-11-30 20:00:00+00:00,3034.97,3041.14,2989.69,2991.33,16277.55043943
2025-12-01 00:00:00+00:00,2991.58,2999.59,2813.71,2825.82,31852.2787966
2025-12-01 04:00:00+00:00,2825.57,2844.21,2806.69,2840.2,14126.1069972
2025-12-01 08:00:00+00:00,2840.2,2854.4,2829.15,2838.22,10127.05576195
2025-12-01 12:00:00+00:00,2838.22,2840.0,2719.52,2745.7,29930.13466302
2025-12-01 16:00:00+00:00,2745.7,2758.1,2719.9,2740.7,22007.81303421
2025-12-01 20:00:00+00:00,2740.7,2819.28,2739.72,2798.96,17078.20865073
2025-12-02 00:00:00+00:00,2798.72,2825.39,2783.21,2804.54,14252.42095137
2025-12-02 04:00:00+00:00,2804.32,2815.74,2797.53,2805.73,5040.4933607
2025-12-02 08:00:00+00:00,2805.71,2834.36,2782.3,2825.85,7038.4251743
2025-12-02 12:00:00+00:00,2826.16,3024.52,2816.87,3006.36,25481.47347866
2025-12-02 16:00:00+00:00,3006.78,3033.6,2986.8,3015.6,16006.46712841
2025-12-02 20:00:00+00:00,3015.57,3021.11,2972.91,2996.09,10492.72941011
2025-12-03 00:00:00+00:00,2996.09,3048.33,2985.71,3030.65,12093.1633864
2025-12-03 04:00:00+00:00,3030.65,3085.53,3029.8,3057.4,13803.1717313
2025-12-03 08:00:00+00:00,3057.41,3079.34,3044.05,3073.22,10516.29341842
2025-12-03 12:00:00+00:00,3073.22,3145.2,3030.71,3085.88,22821.47955247
2025-12-03 16:00:00+00:00,3086.28,3142.48,3064.43,3127.88,12247.29875326
2025-12-03 20:00:00+00:00,3128.43,3214.99,3117.61,3188.25,15669.7556368
2025-12-04 00:00:00+00:00,3188.94,3240.31,3174.39,3210.12,11080.2077414
2025-12-04 04:00:00+00:00,3210.13,3219.36,3170.71,3190.28,8441.77992574
2025-12-04 08:00:00+00:00,3190.27,3209.11,3175.63,3186.53,8127.57200125
2025-12-04 12:00:00+00:00,3186.52,3224.61,3139.6,3208.05,18718.1767351
2025-12-04 16:00:00+00:00,3207.52,3224.8,3066.7,3119.08,20173.5211317
2025-12-04 20:00:00+00:00,3119.23,3151.75,3105.71,3133.33,9319.30780879
2025-12-05 00:00:00+00:00,3133.33,3193.16,3132.76,3171.02,7412.9898009
2025-12-05 04:00:00+00:00,3171.03,3182.49,3152.0,3173.65,5479.78572723
2025-12-05 08:00:00+00:00,3173.95,3173.95,3108.0,3131.11,10323.08674705
2025-12-05 12:00:00+00:00,3131.53,3157.79,3082.25,3106.25,18961.62040802
2025-12-05 16:00:00+00:00,3106.25,3108.71,2983.57,3038.19,23690.76857329
2025-12-05 20:00:00+00:00,3038.49,3049.12,3006.89,3021.8,8438.3413858
2025-12-06 00:00:00+00:00,3021.8,3046.25,3012.67,3040.03,5112.68016422
2025-12-06 04:00:00+00:00,3040.31,3042.53,3024.33,3026.01,3654.43916565
2025-12-06 08:00:00+00:00,3026.25,3041.89,3013.4,3038.89,4692.94570681
2025-12-06 12:00:00+00:00,3038.89,3068.95,3026.83,3041.36,6768.41084827
2025-12-06 16:00:00+00:00,3041.61,3066.69,3025.3,3030.47,5999.6174391
2025-12-06 20:00:00+00:00,3030.47,3054.83,3026.65,3038.08,6050.9796639
2025-12-07 00:00:00+00:00,3038.08,3056.94,3032.48,3053.92,4079.85564185
2025-12-07 04:00:00+00:00,3053.92,3058.0,3031.46,3037.34,2949.8531549
2025-12-07 08:00:00+00:00,3037.61,3043.5,3024.7,3035.6,4434.5513586
2025-12-07 12:00:00+00:00,3035.6,3053.68,2910.95,3027.0,19557.72008144
2025-12-07 16:00:00+00:00,3027.02,3150.94,2999.9,3137.15,16206.14423295
2025-12-07 20:00:00+00:00,3137.9,3146.7,3014.11,3059.67,12273.59286428
2025-12-08 00:00:00+00:00,3060.08,3134.58,3040.8,3110.86,9921.02091186
2025-12-08 04:00:00+00:00,3110.86,3140.51,3108.54,3133.94,6518.2701322
2025-12-08 08:00:00+00:00,3134.25,3180.21,3125.13,3142.1,7389.6042694
2025-12-08 12:00:00+00:00,3142.34,3178.81,3088.86,3101.64,16282.70849856
2025-12-08 16:00:00+00:00,3101.56,3133.03,3075.62,3118.52,13738.3747818
2025-12-08 20:00:00+00:00,3118.86,3152.92,3112.93,3124.44,6786.5308596
2025-12-09 00:00:00+00:00,3124.44,3143.51,3090.91,3129.3,7429.9385916
2025-12-09 04:00:00+00:00,3129.3,3131.19,3095.53,3122.7,6055.11924685
2025-12-09 08:00:00+00:00,3123.0,3130.19,3092.98,3118.48,4635.0071682
2025-12-09 12:00:00+00:00,3118.48,3256.05,3098.73,3245.48,14162.26591476
2025-12-09 16:00:00+00:00,3245.86,3397.25,3245.38,3357.54,18912.07064061
2025-12-09 20:00:00+00:00,3357.55,3361.03,3285.01,3318.18,10698.71388989
2025-12-10 00:00:00+00:00,3318.07,3328.2,3288.4,3309.94,6331.2295685
2025-12-10 04:00:00+00:00,3309.73,3334.56,3306.92,3327.18,4649.3908275
2025-12-10 08:00:00+00:00,3327.18,3376.0,3296.64,3318.35,8570.1211773
2025-12-10 12:00:00+00:00,3318.36,3338.91,3304.33,3328.26,10506.99854544
2025-12-10 16:00:00+00:00,3328.26,3436.26,3320.75,3389.86,20409.54548205
2025-12-10 20:00:00+00:00,3391.04,3447.72,3318.33,3324.22,15866.35774293
2025-12-11 00:00:00+00:00,3324.22,3327.62,3167.47,3191.97,14566.4842401
2025-12-11 04:00:00+00:00,3191.59,3215.71,3180.77,3201.51,6368.2348008
2025-12-11 08:00:00+00:00,3201.5,3212.99,3178.35,3193.01,5119.3577861
2025-12-11 12:00:00+00:00,3193.01,3209.85,3145.06,3179.73,11624.5390272
2025-12-11 16:00:00+00:00,3179.28,3233.99,3155.43,3194.71,12373.4494591
2025-12-11 20:00:00+00:00,3194.31,3273.09,3192.83,3237.08,11741.17779858
2025-12-12 00:00:00+00:00,3237.24,3265.43,3185.16,3245.63,9766.4193456
2025-12-12 04:00:00+00:00,3245.63,3264.94,3232.84,3246.38,5049.194138
2025-12-12 08:00:00+00:00,3246.39,3256.17,3226.86,3242.75,6713.01085036
2025-12-12 12:00:00+00:00,3242.74,3251.33,3057.36,3071.26,18090.94866174
2025-12-12 16:00:00+00:00,3070.93,3099.77,3044.97,3073.77,18073.3035753
2025-12-12 20:00:00+00:00,3073.77,3096.1,3067.77,3084.66,4532.08548836
2025-12-13 00:00:00+00:00,3084.92,3095.21,3078.67,3089.88,2048.5048731
2025-12-13 04:00:00+00:00,3089.89,3095.86,3084.26,3094.58,1808.0810575
2025-12-13 08:00:00+00:00,3094.69,3135.81,3092.69,3119.59,4146.30730059
2025-12-13 12:00:00+00:00,3119.59,3127.45,3095.07,3110.05,3715.3189302
2025-12-13 16:00:00+00:00,3109.89,3116.42,3096.2,3108.23,2498.90401945
2025-12-13 20:00:00+00:00,3108.23,3119.55,3079.11,3114.57,3153.98090497
2025-12-14 00:00:00+00:00,3114.34,3129.55,3103.62,3119.07,2345.8814643
2025-12-14 04:00:00+00:00,3118.99,3122.08,3105.0,3115.36,1944.5717923
2025-12-14 08:00:00+00:00,3115.33,3119.68,3049.74,3084.26,5728.7296311
2025-12-14 12:00:00+00:00,3084.78,3108.22,3070.49,3084.55,7733.5494921
2025-12-14 16:00:00+00:00,3084.55,3107.79,3074.1,3093.83,6567.550361
2025-12-14 20:00:00+00:00,3093.79,3098.1,3026.14,3063.58,11573.8634949
2025-12-15 00:00:00+00:00,3063.57,3152.37,3056.89,3108.51,15695.4078503
2025-12-15 04:00:00+00:00,3108.66,3144.79,3104.19,3129.12,5265.20718376
2025-12-15 08:00:00+00:00,3129.11,3178.52,3125.89,3156.87,8379.59759447
2025-12-15 12:00:00+00:00,3156.87,3159.02,2986.11,3010.86,32735.0115832792
2025-12-15 16:00:00+00:00,3011.38,3017.72,2894.02,2940.23,26288.6128269
2025-12-15 20:00:00+00:00,2940.22,2969.56,2916.9,2964.95,13954.01854757
2025-12-16 00:00:00+00:00,2964.95,2978.17,2922.76,2936.92,12532.70208745
2025-12-16 04:00:00+00:00,2936.92,2951.04,2877.84,2924.28,12163.9294323
2025-12-16 08:00:00+00:00,2924.28,2964.14,2920.23,2957.8,9823.4686189
2025-12-16 12:00:00+00:00,2957.99,2982.79,2886.61,2963.56,23648.20836055
2025-12-16 16:00:00+00:00,2963.25,2967.85,2911.54,2945.97,15741.50416564
2025-12-16 20:00:00+00:00,2945.15,2965.6,2938.05,2962.26,8093.9475639
2025-12-17 00:00:00+00:00,2962.26,2974.07,2938.57,2947.71,7191.01573817
2025-12-17 04:00:00+00:00,2947.71,2954.0,2914.44,2948.15,8908.49246007
2025-12-17 08:00:00+00:00,2948.15,2948.15,2908.6,2928.29,7194.5044294
2025-12-17 12:00:00+00:00,2928.62,3030.71,2886.18,2904.84,29982.51698363
2025-12-17 16:00:00+00:00,2904.71,2925.51,2790.99,2820.54,31518.29186964
2025-12-17 20:00:00+00:00,2820.34,2837.57,2805.41,2833.44,9329.9473433
2025-12-18 00:00:00+00:00,2833.61,2847.89,2821.5,2832.11,7849.8638096
2025-12-18 04:00:00+00:00,2832.11,2841.85,2822.66,2836.47,5125.1703301
2025-12-18 08:00:00+00:00,2836.47,2864.61,2831.93,2859.38,5211.4948467
2025-12-18 12:00:00+00:00,2859.17,2997.45,2854.54,2965.14,29158.61526528
2025-12-18 16:00:00+00:00,2965.13,2967.55,2775.39,2782.05,32333.8489155
2025-12-18 20:00:00+00:00,2781.85,2838.68,2780.0,2828.53,14326.3449969
2025-12-19 00:00:00+00:00,2828.53,2935.06,2808.78,2909.03,19658.17598644
2025-12-19 04:00:00+00:00,2908.41,2984.36,2907.39,2951.87,13342.81724527
2025-12-19 08:00:00+00:00,2951.86,2970.97,2938.01,2964.76,9791.48607765
2025-12-19 12:00:00+00:00,2964.93,3018.73,2942.15,2964.52,28022.30496911
2025-12-19 16:00:00+00:00,2964.52,3007.3,2936.36,2985.35,19286.13910019
2025-12-19 20:00:00+00:00,2985.34,3003.15,2975.12,2979.52,6520.43670009
2025-12-20 00:00:00+00:00,2979.53,2993.96,2970.92,2989.25,4282.7824032
2025-12-20 04:00:00+00:00,2989.26,2990.91,2975.0,2981.67,3829.0274658
2025-12-20 08:00:00+00:00,2981.59,2990.52,2975.0,2987.16,3639.052723
2025-12-20 12:00:00+00:00,2987.16,2993.77,2967.2,2977.29,4769.4811282
2025-12-20 16:00:00+00:00,2977.29,2981.29,2974.22,2978.13,2379.5559682
2025-12-20 20:00:00+00:00,2978.13,2985.94,2972.8,2977.93,1670.74048638
2025-12-21 00:00:00+00:00,2977.93,2981.2,2961.57,2973.0,3458.0479257
2025-12-21 04:00:00+00:00,2973.01,2982.52,2971.81,2981.02,2147.1859808
2025-12-21 08:00:00+00:00,2981.02,3013.51,2977.51,2996.46,7415.4232233
2025-12-21 12:00:00+00:00,2996.47,3005.51,2944.34,2974.76,9858.5753168
2025-12-21 16:00:00+00:00,2974.87,2997.82,2967.7,2991.2,6041.70422779
2025-12-21 20:00:00+00:00,2991.2,3012.38,2971.05,3002.1,5100.2007578
2025-12-22 00:00:00+00:00,3002.11,3060.76,2973.18,3021.51,17666.602535
2025-12-22 04:00:00+00:00,3021.51,3042.74,3020.01,3030.14,7423.8858381
2025-12-22 08:00:00+00:00,3029.78,3058.0,3024.17,3048.69,9492.8794517
2025-12-22 12:00:00+00:00,3048.7,3076.87,3022.3,3052.49,16485.65250405
2025-12-22 16:00:00+00:00,3052.69,3059.35,2974.41,2981.17,13176.32202135
2025-12-22 20:00:00+00:00,2980.56,3015.3,2963.4,3009.29,9573.0412669
2025-12-23 00:00:00+00:00,3009.48,3035.78,2971.79,2992.03,8986.23948639
2025-12-23 04:00:00+00:00,2991.65,2999.69,2946.04,2964.88,7653.6365798
2025-12-23 08:00:00+00:00,2964.89,2975.16,2952.64,2973.32,4508.42951622
2025-12-23 12:00:00+00:00,2973.61,2974.34,2901.2,2928.73,15120.1305328
2025-12-23 16:00:00+00:00,2928.73,2966.43,2909.0,2944.15,10760.6907624
2025-12-23 20:00:00+00:00,2943.88,2988.29,2940.75,2964.69,6784.9384184
2025-12-24 00:00:00+00:00,2965.06,2977.93,2921.33,2946.33,6095.2950374
2025-12-24 04:00:00+00:00,2945.93,2958.88,2918.1,2932.6,4782.5536712
2025-12-24 08:00:00+00:00,2932.61,2939.83,2914.41,2925.29,5105.89432239
2025-12-24 12:00:00+00:00,2925.29,2938.67,2888.41,2925.53,9640.8602028
2025-12-24 16:00:00+00:00,2925.53,2954.32,2921.47,2945.72,6781.4064577
2025-12-24 20:00:00+00:00,2945.73,2962.93,2941.71,2946.95,4184.47011963
2025-12-25 00:00:00+00:00,2946.95,2956.99,2936.15,2947.21,3620.4203113
2025-12-25 04:00:00+00:00,2947.22,2948.2,2938.08,2941.88,3342.412104
2025-12-25 08:00:00+00:00,2941.88,2946.84,2911.71,2925.06,10385.35829992
2025-12-25 12:00:00+00:00,2924.91,2970.86,2920.02,2960.65,12129.67091645
2025-12-25 16:00:00+00:00,2960.93,2967.46,2943.54,2956.38,9166.4252867
2025-12-25 20:00:00+00:00,2956.39,2956.61,2890.99,2904.0,12344.48845556
2025-12-26 00:00:00+00:00,2903.78,2994.36,2894.34,2964.81,25458.17054348
2025-12-26 04:00:00+00:00,2964.81,2993.04,2952.62,2957.08,11776.7150924
2025-12-26 08:00:00+00:00,2957.09,2976.2,2954.9,2964.71,9196.21556537
2025-12-26 12:00:00+00:00,2964.71,2985.78,2894.79,2923.18,37772.4696881
2025-12-26 16:00:00+00:00,2923.45,2935.06,2907.24,2926.1,19462.45719557
2025-12-26 20:00:00+00:00,2926.1,2938.82,2921.75,2927.94,7512.1154404
2025-12-27 00:00:00+00:00,2927.94,2933.64,2921.46,2933.15,4303.5882085
2025-12-27 04:00:00+00:00,2933.16,2937.99,2927.96,2933.18,2470.9076688
2025-12-27 08:00:00+00:00,2933.18,2940.54,2918.21,2930.86,6198.3098997
2025-12-27 12:00:00+00:00,2930.86,2933.73,2925.27,2926.57,4013.2661093
2025-12-27 16:00:00+00:00,2926.57,2930.84,2917.31,2930.48,3659.5909805
2025-12-27 20:00:00+00:00,2930.48,2960.68,2928.4,2949.03,7643.1929423
2025-12-28 00:00:00+00:00,2949.02,2951.65,2941.04,2943.58,4454.98724404
2025-12-28 04:00:00+00:00,2943.57,2947.09,2929.47,2939.03,5629.9870994
2025-12-28 08:00:00+00:00,2939.15,2947.67,2931.45,2944.05,6452.1082982
2025-12-28 12:00:00+00:00,2944.05,2960.93,2937.52,2949.44,7950.84154085
2025-12-28 16:00:00+00:00,2949.44,2954.77,2925.06,2933.67,10331.086022
2025-12-28 20:00:00+00:00,2933.66,2955.33,2928.84,2950.57,8995.28581908
2025-12-29 00:00:00+00:00,2950.93,3048.27,2944.63,3043.63,32877.040369
2025-12-29 04:00:00+00:00,3043.63,3057.19,3009.73,3019.44,18523.99033413
2025-12-29 08:00:00+00:00,3019.43,3026.03,2956.94,2959.92,26604.8262103
2025-12-29 12:00:00+00:00,2959.64,2965.76,2910.29,2935.76,49473.2862899
2025-12-29 16:00:00+00:00,2935.19,2946.03,2913.37,2932.31,23739.4501645
2025-12-29 20:00:00+00:00,2932.31,2944.4,2926.1,2938.35,14145.84407685
2025-12-30 00:00:00+00:00,2938.09,2955.7,2919.61,2951.69,19451.6775157
2025-12-30 04:00:00+00:00,2951.81,2958.85,2937.51,2950.94,13730.29157581
2025-12-30 08:00:00+00:00,2950.94,3003.44,2950.22,2978.31,26801.393075
2025-12-30 12:00:00+00:00,2978.58,3009.5,2959.01,2989.3,37072.66250969
2025-12-30 16:00:00+00:00,2989.44,2994.63,2944.51,2971.73,28447.6017392
2025-12-30 20:00:00+00:00,2971.72,2975.73,2953.94,2973.72,12634.0105522
2025-12-31 00:00:00+00:00,2973.73,2984.78,2962.41,2970.49,15515.4207655
2025-12-31 04:00:00+00:00,2970.49,2980.19,2968.87,2976.85,9232.19078148
2025-12-31 08:00:00+00:00,2976.86,3003.63,2963.91,3002.37,13660.14385076
2025-12-31 12:00:00+00:00,3002.36,3027.89,2967.81,2985.55,36668.1465383
2025-12-31 16:00:00+00:00,2985.75,2997.59,2958.95,2971.22,25627.5498837
2025-12-31 20:00:00+00:00,2971.23,2984.79,2963.58,2971.62,11121.0199687
2026-01-01 00:00:00+00:00,2971.63,2988.88,2971.35,2979.9,7247.6046871
2026-01-01 04:00:00+00:00,2980.05,2983.76,2973.41,2978.39,5070.1525527
2026-01-01 08:00:00+00:00,2978.38,2992.96,2977.81,2989.69,4817.6737273
2026-01-01 12:00:00+00:00,2989.69,2994.77,2978.0,2989.7,8091.26063245
2026-01-01 16:00:00+00:00,2989.7,3006.09,2980.81,2995.23,11397.8313826
2026-01-01 20:00:00+00:00,2995.41,3009.8,2987.54,3003.88,9962.39637472
2026-01-02 00:00:00+00:00,3004.12,3035.11,2992.64,3022.46,18596.8083068
2026-01-02 04:00:00+00:00,3022.78,3039.35,3009.15,3018.08,15293.78099111
2026-01-02 08:00:00+00:00,3018.08,3069.15,3015.91,3047.91,30960.67366054
2026-01-02 12:00:00+00:00,3047.82,3109.33,3020.4,3086.61,56582.08482182
2026-01-02 16:00:00+00:00,3086.6,3150.04,3079.28,3123.7,64815.91406665
2026-01-02 20:00:00+00:00,3123.71,3146.08,3111.19,3125.22,20584.18508447
2026-01-03 00:00:00+00:00,3125.23,3136.4,3119.33,3125.6,8597.6129553
2026-01-03 04:00:00+00:00,3125.61,3127.84,3076.17,3090.49,17325.78491029
2026-01-03 08:00:00+00:00,3090.48,3110.34,3083.99,3098.82,13137.1187625
2026-01-03 12:00:00+00:00,3098.82,3114.5,3093.75,3101.49,10642.881031044973
2026-01-03 16:00:00+00:00,3101.34,3118.52,3098.28,3113.11,7051.18599971
2026-01-03 20:00:00+00:00,3113.1,3130.96,3107.51,3127.03,9115.1583706
2026-01-04 00:00:00+00:00,3127.03,3166.97,3126.29,3147.51,24419.5742468
2026-01-04 04:00:00+00:00,3147.51,3162.98,3134.31,3141.07,14094.30104421
2026-01-04 08:00:00+00:00,3141.08,3148.29,3125.93,3139.65,12834.46766853
2026-01-04 12:00:00+00:00,3139.66,3147.23,3117.88,3135.4,13427.1507488
2026-01-04 16:00:00+00:00,3135.4,3143.6,3119.0,3132.71,14607.87585786
2026-01-04 20:00:00+00:00,3132.71,3155.6,3130.8,3145.06,15332.7435889
2026-01-05 00:00:00+00:00,3144.85,3220.7,3143.78,3185.9,44799.9821098
2026-01-05 04:00:00+00:00,3185.9,3188.28,3135.4,3157.7,21375.49604285
2026-01-05 08:00:00+00:00,3157.71,3183.62,3153.52,3180.24,19786.0039985
2026-01-05 12:00:00+00:00,3180.24,3205.35,3135.27,3195.81,46294.7392979
2026-01-05 16:00:00+00:00,3195.73,3229.31,3159.42,3223.31,30977.5519623
2026-01-05 20:00:00+00:00,3223.31,3265.6,3219.95,3225.28,23871.62226009
2026-01-06 00:00:00+00:00,3225.29,3247.51,3203.35,3224.94,18141.3236693
2026-01-06 04:00:00+00:00,3224.95,3253.31,3211.01,3219.35,14564.29564626
2026-01-06 08:00:00+00:00,3219.36,3242.81,3214.68,3237.94,12215.7705049
2026-01-06 12:00:00+00:00,3237.95,3308.43,3229.56,3272.32,38813.3836296
2026-01-06 16:00:00+00:00,3272.31,3279.14,3183.02,3223.61,41297.6554415
2026-01-06 20:00:00+00:00,3223.62,3301.42,3223.3,3296.84,24785.0469781
2026-01-07 00:00:00+00:00,3296.84,3296.84,3239.28,3266.97,20128.114233
2026-01-07 04:00:00+00:00,3266.97,3272.02,3246.95,3255.09,11724.8413871
2026-01-07 08:00:00+00:00,3255.34,3263.4,3196.31,3220.79,21659.308603
2026-01-07 12:00:00+00:00,3220.52,3229.08,3144.44,3164.7,40008.6025483
2026-01-07 16:00:00+00:00,3164.71,3179.58,3125.32,3145.99,31435.1752078
2026-01-07 20:00:00+00:00,3145.99,3181.64,3127.88,3168.65,18659.9418401
2026-01-08 00:00:00+00:00,3168.78,3184.64,3133.28,3142.68,16233.1660065
2026-01-08 04:00:00+00:00,3142.69,3161.42,3090.0,3128.17,25670.7313444
2026-01-08 08:00:00+00:00,3128.18,3137.01,3096.9,3121.16,19612.4379611
2026-01-08 12:00:00+00:00,3121.16,3121.52,3054.93,3104.76,50177.71095857
2026-01-08 16:00:00+00:00,3104.51,3139.26,3090.15,3111.57,27306.97569537
2026-01-08 20:00:00+00:00,3111.56,3130.04,3089.08,3106.4,14972.1378481
2026-01-09 00:00:00+00:00,3106.69,3148.09,3081.43,3119.79,18145.2317415
2026-01-09 04:00:00+00:00,3119.79,3125.65,3110.47,3111.16,9962.8536378
2026-01-09 08:00:00+00:00,3111.16,3115.25,3067.45,3090.41,21723.9806302
2026-01-09 12:00:00+00:00,3090.42,3143.07,3058.65,3112.02,39274.08894964
2026-01-09 16:00:00+00:00,3112.11,3145.63,3069.0,3080.16,29942.2334221
2026-01-09 20:00:00+00:00,3080.16,3093.5,3065.54,3088.25,12143.0203435
2026-01-10 00:00:00+00:00,3088.26,3094.63,3080.03,3086.56,4299.9711379
2026-01-10 04:00:00+00:00,3086.56,3093.39,3078.52,3092.64,3761.0544792
2026-01-10 08:00:00+00:00,3092.64,3103.36,3087.4,3096.78,4166.6805891
2026-01-10 12:00:00+00:00,3096.78,3103.36,3088.9,3095.57,3597.4976812
2026-01-10 16:00:00+00:00,3095.57,3098.89,3090.27,3092.16,2067.57458693
2026-01-10 20:00:00+00:00,3092.16,3093.47,3078.71,3086.61,4773.97352862
2026-01-11 00:00:00+00:00,3086.61,3097.38,3084.71,3097.06,3494.18668864
2026-01-11 04:00:00+00:00,3097.06,3102.0,3089.71,3095.38,3235.5454428
2026-01-11 08:00:00+00:00,3095.38,3109.39,3092.81,3104.96,3451.0594832
2026-01-11 12:00:00+00:00,3105.25,3131.02,3104.91,3118.0,9009.6735102
2026-01-11 16:00:00+00:00,3118.01,3147.32,3115.46,3124.35,11769.26380863
2026-01-11 20:00:00+00:00,3124.36,3125.93,3092.53,3123.09,14816.0219891
2026-01-12 00:00:00+00:00,3123.49,3171.54,3097.36,3152.4,26231.2532977
2026-01-12 04:00:00+00:00,3152.4,3166.92,3133.51,3135.3,9303.14430044
2026-01-12 08:00:00+00:00,3135.3,3147.65,3101.53,3115.41,18329.5454726
2026-01-12 12:00:00+00:00,3115.41,3133.31,3066.0,3130.41,30366.1652024
2026-01-12 16:00:00+00:00,3130.27,3146.54,3084.01,3121.9,27466.70888056
2026-01-12 20:00:00+00:00,3121.77,3127.85,3084.46,3095.57,12472.0921988
2026-01-13 00:00:00+00:00,3095.58,3119.04,3091.93,3116.15,11773.5320565
2026-01-13 04:00:00+00:00,3116.16,3146.6,3112.43,3122.02,10680.3694252
2026-01-13 08:00:00+00:00,3122.02,3148.58,3122.02,3133.9,10914.1834474
2026-01-13 12:00:00+00:00,3133.9,3188.77,3129.93,3184.49,33884.7837545
2026-01-13 16:00:00+00:00,3184.39,3218.32,3171.98,3215.93,24510.9165074
2026-01-13 20:00:00+00:00,3215.94,3378.67,3190.6,3325.34,37414.341558
2026-01-14 00:00:00+00:00,3325.34,3357.07,3315.2,3351.87,14806.7085188
2026-01-14 04:00:00+00:00,3351.88,3364.62,3321.91,3335.84,8466.2229593
2026-01-14 08:00:00+00:00,3335.84,3342.67,3282.44,3286.17,7793.17426859
2026-01-14 12:00:00+00:00,3286.16,3362.67,3280.41,3345.86,23604.4222143
2026-01-14 16:00:00+00:00,3345.86,3403.59,3315.61,3367.31,26670.1858914
2026-01-14 20:00:00+00:00,3367.36,3392.84,3347.75,3354.52,12772.3950575
2026-01-15 00:00:00+00:00,3354.53,3355.77,3278.1,3286.59,13471.44875913
2026-01-15 04:00:00+00:00,3286.59,3335.37,3284.64,3330.28,8747.635193563116
2026-01-15 08:00:00+00:00,3330.29,3378.22,3320.47,3349.63,10406.0886375
2026-01-15 12:00:00+00:00,3349.49,3385.04,3285.29,3330.98,23902.9386127
2026-01-15 16:00:00+00:00,3330.94,3337.59,3273.72,3295.82,22966.8721422
2026-01-15 20:00:00+00:00,3295.68,3323.03,3276.84,3318.62,10557.1588271
2026-01-16 00:00:00+00:00,3318.62,3326.68,3291.74,3295.58,6814.14561815
2026-01-16 04:00:00+00:00,3295.58,3316.9,3276.62,3309.38,7792.1481918
2026-01-16 08:00:00+00:00,3309.48,3319.81,3293.61,3301.81,5480.07153257
2026-01-16 12:00:00+00:00,3301.92,3318.27,3253.0,3264.4,17276.7021371
2026-01-16 16:00:00+00:00,3264.15,3288.41,3259.89,3276.66,12779.2640088
2026-01-16 20:00:00+00:00,3276.78,3300.01,3264.32,3296.3,6695.4332891
2026-01-17 00:00:00+00:00,3296.29,3297.53,3283.99,3289.38,3163.5999251
2026-01-17 04:00:00+00:00,3289.3,3294.14,3286.3,3291.18,1686.6432427
2026-01-17 08:00:00+00:00,3291.18,3305.03,3289.08,3302.72,2574.114358
2026-01-17 12:00:00+00:00,3302.72,3329.74,3299.73,3329.74,4525.26868447
2026-01-17 16:00:00+00:00,3329.74,3329.94,3312.51,3316.34,4257.7479283
2026-01-17 20:00:00+00:00,3316.35,3320.22,3297.06,3310.47,3402.78664902
2026-01-18 00:00:00+00:00,3310.47,3319.38,3296.45,3316.1,3920.0763559
2026-01-18 04:00:00+00:00,3316.11,3318.13,3306.34,3307.19,2209.8144256
2026-01-18 08:00:00+00:00,3307.19,3325.9,3303.45,3322.03,2325.09480775
2026-01-18 12:00:00+00:00,3322.04,3347.59,3314.61,3333.9,5216.32602704
2026-01-18 16:00:00+00:00,3333.91,3368.85,3329.5,3346.43,6370.0768059
2026-01-18 20:00:00+00:00,3346.59,3356.25,3278.91,3283.98,12276.6328985
2026-01-19 00:00:00+00:00,3283.98,3284.56,3178.31,3212.0,36806.51919561
2026-01-19 04:00:00+00:00,3212.0,3217.51,3187.96,3207.14,8299.9693362
2026-01-19 08:00:00+00:00,3207.14,3231.44,3197.47,3224.16,8106.07623552
2026-01-19 12:00:00+00:00,3224.16,3235.96,3202.92,3216.25,7700.1113726
2026-01-19 16:00:00+00:00,3216.25,3227.1,3208.5,3219.6,5403.2197437
2026-01-19 20:00:00+00:00,3219.61,3225.4,3165.89,3189.51,9273.46995864
2026-01-20 00:00:00+00:00,3189.51,3200.84,3175.71,3188.12,11535.29643483
2026-01-20 04:00:00+00:00,3188.7,3189.26,3109.74,3123.21,20913.87488984
2026-01-20 08:00:00+00:00,3123.21,3123.59,3085.65,3109.54,16116.6399339
2026-01-20 12:00:00+00:00,3109.66,3114.85,2995.32,3033.04,34186.8994067
2026-01-20 16:00:00+00:00,3032.94,3042.71,2980.23,2996.78,29003.2601532
2026-01-20 20:00:00+00:00,2996.28,3007.24,2921.19,2939.92,22090.90067118
2026-01-21 00:00:00+00:00,2939.92,2984.11,2922.0,2981.62,18559.9290516
2026-01-21 04:00:00+00:00,2981.62,3002.24,2966.29,2971.24,11268.6805293
2026-01-21 08:00:00+00:00,2970.9,2974.93,2938.73,2943.69,11525.71832979
2026-01-21 12:00:00+00:00,2943.32,3026.31,2902.71,3002.74,42991.05571432
2026-01-21 16:00:00+00:00,3002.74,3069.02,2866.61,3055.16,56950.6391025
2026-01-21 20:00:00+00:00,3055.25,3057.75,2972.4,2982.55,24999.43634979
2026-01-22 00:00:00+00:00,2982.55,3038.21,2980.84,3013.72,18392.1304215
2026-01-22 04:00:00+00:00,3013.72,3027.58,3000.69,3001.2,12107.6619292
2026-01-22 08:00:00+00:00,3000.91,3016.22,2978.04,2986.49,12513.430409
2026-01-22 12:00:00+00:00,2986.5,3010.22,2905.96,2941.95,37011.0338836
2026-01-22 16:00:00+00:00,2942.05,2972.6,2924.1,2953.91,32119.172009
2026-01-22 20:00:00+00:00,2953.77,2959.36,2930.75,2952.15,14723.1731675
2026-01-23 00:00:00+00:00,2952.64,2972.11,2946.17,2964.03,10249.5614893
2026-01-23 04:00:00+00:00,2964.29,2984.55,2934.77,2948.55,14100.100233
2026-01-23 08:00:00+00:00,2948.56,2951.25,2915.06,2940.81,14643.6630439
2026-01-23 12:00:00+00:00,2940.81,2965.0,2892.28,2952.15,29934.0279265
2026-01-23 16:00:00+00:00,2952.66,3018.86,2938.41,2959.79,38347.01269874
2026-01-23 20:00:00+00:00,2959.8,2963.95,2930.35,2956.59,16053.6352175
2026-01-24 00:00:00+00:00,2956.59,2970.16,2949.15,2962.71,7348.2804355
2026-01-24 04:00:00+00:00,2962.71,2966.83,2954.28,2957.32,4200.2701461
2026-01-24 08:00:00+00:00,2957.31,2964.71,2955.25,2961.15,2047.78714
2026-01-24 12:00:00+00:00,2961.15,2968.07,2943.77,2957.2,5282.5914122
2026-01-24 16:00:00+00:00,2957.2,2968.48,2952.2,2954.32,4887.80315709
2026-01-24 20:00:00+00:00,2954.32,2964.55,2949.44,2953.36,3172.552189
2026-01-25 00:00:00+00:00,2953.36,2960.34,2937.62,2942.62,4584.453074
2026-01-25 04:00:00+00:00,2942.63,2949.35,2935.1,2939.63,4091.7638466
2026-01-25 08:00:00+00:00,2939.63,2947.8,2921.1,2937.5,7258.45316658
2026-01-25 12:00:00+00:00,2937.5,2945.73,2922.14,2926.81,9014.01029938
2026-01-25 16:00:00+00:00,2926.88,2927.82,2797.41,2813.27,44047.11992495
2026-01-25 20:00:00+00:00,2813.27,2825.81,2787.42,2817.29,27924.4441465
2026-01-26 00:00:00+00:00,2817.21,2898.38,2812.41,2850.69,30688.25737315
2026-01-26 04:00:00+00:00,2850.7,2911.09,2850.09,2904.03,17320.15563867
2026-01-26 08:00:00+00:00,2904.04,2934.03,2881.42,2892.1,14525.76670999
2026-01-26 12:00:00+00:00,2892.09,2951.2,2875.09,2899.06,36568.3561636
2026-01-26 16:00:00+00:00,2899.35,2936.12,2885.5,2922.84,29341.79037123
2026-01-26 20:00:00+00:00,2923.2,2946.15,2895.75,2929.92,16439.7774322
2026-01-27 00:00:00+00:00,2930.37,2948.79,2912.3,2941.4,13347.72561863
2026-01-27 04:00:00+00:00,2941.23,2957.41,2924.69,2929.0,10544.5648166
2026-01-27 08:00:00+00:00,2928.98,2932.6,2899.5,2916.96,10634.3034402
2026-01-27 12:00:00+00:00,2916.96,2943.49,2905.89,2937.47,27355.27400909
2026-01-27 16:00:00+00:00,2937.48,2998.25,2918.11,2980.22,49013.6380854
2026-01-27 20:00:00+00:00,2980.42,3035.1,2978.87,3026.23,28233.2418102
2026-01-28 00:00:00+00:00,3026.23,3029.61,2997.12,3004.74,14720.05412012
2026-01-28 04:00:00+00:00,3004.74,3018.08,2992.99,3004.81,11084.4734101
2026-01-28 08:00:00+00:00,3004.81,3045.37,2986.69,3039.9,15386.5040623
2026-01-28 12:00:00+00:00,3039.65,3045.66,2983.41,3007.15,26948.8025706
2026-01-28 16:00:00+00:00,3007.55,3031.72,2989.31,3016.66,34139.153527705974
2026-01-28 20:00:00+00:00,3016.65,3038.22,2996.6,3010.81,16953.6767292
2026-01-29 00:00:00+00:00,3010.81,3013.53,2944.48,2952.86,24357.5133901
2026-01-29 04:00:00+00:00,2952.85,2965.71,2937.52,2961.74,11273.4807183
2026-01-29 08:00:00+00:00,2961.74,2970.31,2923.76,2929.35,9446.36333972
2026-01-29 12:00:00+00:00,2929.36,2939.44,2796.89,2824.39,36302.5128295
2026-01-29 16:00:00+00:00,2824.25,2860.02,2754.82,2797.59,50623.79199091
2026-01-29 20:00:00+00:00,2797.72,2827.76,2788.96,2822.57,15814.4120825
2026-01-30 00:00:00+00:00,2822.57,2828.84,2684.38,2741.22,50297.27855566
2026-01-30 04:00:00+00:00,2741.13,2775.24,2696.8,2740.62,32338.95087602
2026-01-30 08:00:00+00:00,2740.3,2769.44,2710.39,2759.85,25089.4018201
2026-01-30 12:00:00+00:00,2759.85,2766.55,2693.75,2729.24,49179.0929441
2026-01-30 16:00:00+00:00,2729.23,2761.23,2636.4,2742.3,66776.966012
2026-01-30 20:00:00+00:00,2742.42,2742.85,2665.3,2707.26,40292.40365362
2026-01-31 00:00:00+00:00,2707.26,2714.57,2685.06,2695.84,15312.5315646
2026-01-31 04:00:00+00:00,2695.84,2704.99,2668.51,2680.11,13619.1073974
2026-01-31 08:00:00+00:00,2680.12,2683.45,2609.65,2640.71,34674.143573
2026-01-31 12:00:00+00:00,2640.72,2644.41,2509.27,2534.41,63659.51427102
2026-01-31 16:00:00+00:00,2534.36,2551.24,2241.38,2382.78,133081.88478708
2026-01-31 20:00:00+00:00,2382.93,2474.06,2355.02,2451.93,67909.48126646
2026-02-01 00:00:00+00:00,2451.81,2476.2,2429.65,2445.65,40335.5987796
2026-02-01 04:00:00+00:00,2445.54,2454.68,2393.64,2411.24,35030.0854902
2026-02-01 08:00:00+00:00,2411.24,2438.95,2376.38,2411.94,42976.95893447
2026-02-01 12:00:00+00:00,2411.95,2412.48,2286.73,2315.68,71018.6234562
2026-02-01 16:00:00+00:00,2315.92,2378.14,2284.76,2320.6,73642.8484826
2026-02-01 20:00:00+00:00,2320.6,2349.9,2220.81,2270.36,91317.86239703
2026-02-02 00:00:00+00:00,2270.36,2324.11,2166.14,2239.17,106379.4550843
2026-02-02 04:00:00+00:00,2239.27,2268.21,2157.86,2228.97,111794.9301546
2026-02-02 08:00:00+00:00,2228.95,2318.37,2228.95,2282.56,64485.5756894
2026-02-02 12:00:00+00:00,2282.56,2396.33,2282.22,2372.68,93811.4224938
2026-02-02 16:00:00+00:00,2372.67,2387.19,2327.81,2331.84,48256.4558652
2026-02-02 20:00:00+00:00,2331.46,2355.3,2313.25,2346.75,33901.9650378
2026-02-03 00:00:00+00:00,2346.81,2359.71,2284.1,2344.13,46606.8939659
2026-02-03 04:00:00+00:00,2343.89,2354.99,2298.66,2323.06,37447.4689983
2026-02-03 08:00:00+00:00,2323.15,2332.58,2262.7,2276.67,47971.38703308
2026-02-03 12:00:00+00:00,2276.7,2317.33,2251.79,2303.15,66618.7472446
2026-02-03 16:00:00+00:00,2303.16,2303.62,2108.47,2205.6,126211.95913374
2026-02-03 20:00:00+00:00,2205.39,2344.51,2188.2,2233.99,76071.33181666
2026-02-04 00:00:00+00:00,2233.86,2296.14,2223.97,2283.37,49974.98363319
2026-02-04 04:00:00+00:00,2283.37,2293.65,2256.11,2283.86,34506.7923232
2026-02-04 08:00:00+00:00,2283.87,2286.35,2226.35,2254.72,41358.31125656
2026-02-04 12:00:00+00:00,2255.03,2263.03,2136.71,2151.5,92736.1245755
2026-02-04 16:00:00+00:00,2152.02,2210.93,2076.74,2188.16,112949.3383175
2026-02-04 20:00:00+00:00,2188.26,2192.73,2088.04,2148.16,47306.5505234
2026-02-05 00:00:00+00:00,2147.87,2173.77,2098.88,2109.97,13946.04344759
2026-02-05 04:00:00+00:00,2109.96,2125.38,2068.1,2091.66,23862.9186129
2026-02-05 08:00:00+00:00,2091.7,2149.75,2062.32,2079.85,16061.03776416
2026-02-05 12:00:00+00:00,2079.72,2106.34,1927.41,1961.14,32897.9804673
2026-02-05 16:00:00+00:00,1961.15,2018.23,1913.8,1928.69,34010.5866742
2026-02-05 20:00:00+00:00,1928.93,1942.94,1817.15,1826.59,101508.87093064
2026-02-06 00:00:00+00:00,1826.77,1948.68,1746.08,1891.64,144675.7127696
2026-02-06 04:00:00+00:00,1892.03,1975.47,1886.17,1899.72,76661.7534894
2026-02-06 08:00:00+00:00,1899.73,1950.0,1866.56,1933.18,75237.5478572
2026-02-06 12:00:00+00:00,1932.52,2002.89,1915.18,1980.85,82487.14636888
2026-02-06 16:00:00+00:00,1980.64,2090.45,1971.2,2066.33,112817.8248603
2026-02-06 20:00:00+00:00,2065.7,2095.0,2039.76,2063.59,68345.744092
2026-02-07 00:00:00+00:00,2063.59,2085.89,2032.22,2080.86,50399.9845269
2026-02-07 04:00:00+00:00,2080.85,2119.23,1994.47,2026.93,72509.561458
2026-02-07 08:00:00+00:00,2027.01,2032.3,2000.0,2018.73,39927.25293877
2026-02-07 12:00:00+00:00,2018.72,2075.6,2009.68,2052.11,59689.80169558
2026-02-07 16:00:00+00:00,2052.59,2124.09,2008.69,2091.35,190702.0363266
2026-02-07 20:00:00+00:00,2091.35,2113.84,2073.2,2086.96,36388.00357116
2026-02-08 00:00:00+00:00,2087.12,2107.22,2076.79,2078.89,11577.9817356
2026-02-08 04:00:00+00:00,2078.89,2089.41,2065.68,2084.4,5282.2637071
2026-02-08 08:00:00+00:00,2084.39,2137.71,2078.17,2132.37,11783.6424841
2026-02-08 12:00:00+00:00,2132.77,2145.29,2097.86,2108.37,12636.10688347
2026-02-08 16:00:00+00:00,2108.62,2129.78,2072.85,2126.69,8550.8954048
2026-02-08 20:00:00+00:00,2127.07,2152.12,2071.75,2089.97,14726.6785934
2026-02-09 00:00:00+00:00,2089.73,2103.0,2055.09,2100.33,41178.7201494
2026-02-09 04:00:00+00:00,2100.32,2101.86,2064.78,2065.77,23223.4641304
2026-02-09 08:00:00+00:00,2065.77,2070.66,2013.5,2028.1,39983.3527548
2026-02-09 12:00:00+00:00,2028.4,2073.49,2008.68,2061.66,54836.7747619
2026-02-09 16:00:00+00:00,2061.6,2142.82,2047.76,2131.49,63773.6315724
2026-02-09 20:00:00+00:00,2131.4,2147.9,2086.34,2104.79,41889.4709633
2026-02-10 00:00:00+00:00,2105.02,2124.47,2052.37,2064.97,20960.8853125
2026-02-10 04:00:00+00:00,2064.94,2074.34,1998.23,2007.34,12444.9058529
2026-02-10 08:00:00+00:00,2007.51,2034.86,1995.84,2002.81,8667.6780303
2026-02-10 12:00:00+00:00,2003.19,2040.03,1989.26,2022.57,14207.45969074
2026-02-10 16:00:00+00:00,2022.7,2046.77,1996.16,2017.97,9021.2926904
2026-02-10 20:00:00+00:00,2017.95,2022.71,1996.94,2022.66,4980.5832652
2026-02-11 00:00:00+00:00,2022.66,2032.29,1998.09,2009.71,15625.1505362
2026-02-11 04:00:00+00:00,2009.57,2010.93,1939.0,1950.88,40896.0105175
2026-02-11 08:00:00+00:00,1950.89,1956.38,1931.98,1953.8,29631.5403749
2026-02-11 12:00:00+00:00,1953.8,2015.82,1902.66,1929.6,68526.3582878
2026-02-11 16:00:00+00:00,1929.39,1959.6,1909.0,1952.42,57809.87003017
2026-02-11 20:00:00+00:00,1952.26,1987.94,1932.42,1941.06,34792.3266539
2026-02-12 00:00:00+00:00,1941.35,1977.68,1941.35,1969.14,26672.5103348
2026-02-12 04:00:00+00:00,1968.66,1982.89,1953.37,1968.04,24790.9685936
2026-02-12 08:00:00+00:00,1968.05,2001.57,1957.36,1989.35,26489.289632
2026-02-12 12:00:00+00:00,1988.97,1996.29,1945.37,1948.7,46283.6674613
2026-02-12 16:00:00+00:00,1948.77,1950.04,1896.58,1925.35,72945.1621907
2026-02-12 20:00:00+00:00,1925.48,1952.62,1909.35,1947.76,31060.5016529
2026-02-13 00:00:00+00:00,1947.83,1958.21,1927.62,1953.44,30364.33014895
2026-02-13 04:00:00+00:00,1953.45,1955.57,1924.76,1935.85,21707.2062616
2026-02-13 08:00:00+00:00,1935.86,1969.38,1933.7,1960.04,24122.63850363
2026-02-13 12:00:00+00:00,1960.12,2050.5,1952.57,2035.01,48026.59616499
2026-02-13 16:00:00+00:00,2035.01,2072.85,2031.44,2057.65,41280.6639374
2026-02-13 20:00:00+00:00,2057.74,2059.55,2039.19,2048.64,18620.0519294
2026-02-14 00:00:00+00:00,2048.75,2057.39,2042.45,2054.07,10677.16674474
2026-02-14 04:00:00+00:00,2054.31,2061.41,2048.49,2057.31,7154.7072249
2026-02-14 08:00:00+00:00,2057.16,2108.27,2057.16,2099.61,21919.10624764
2026-02-14 12:00:00+00:00,2099.54,2100.17,2065.05,2087.42,23140.27958585
2026-02-14 16:00:00+00:00,2087.42,2090.36,2067.0,2088.11,17432.4294344
2026-02-14 20:00:00+00:00,2088.53,2098.71,2078.84,2086.34,12793.2041384
2026-02-15 00:00:00+00:00,2086.63,2090.95,2036.17,2058.98,33691.8610501
2026-02-15 04:00:00+00:00,2058.98,2103.29,2058.98,2091.17,26947.568881
2026-02-15 08:00:00+00:00,2091.37,2096.74,2054.37,2061.97,20333.1930944
2026-02-15 12:00:00+00:00,2061.97,2068.51,1993.57,2011.42,31046.41867779
2026-02-15 16:00:00+00:00,2011.43,2011.77,1929.13,1942.29,41656.68866174
2026-02-15 20:00:00+00:00,1942.3,1974.43,1934.25,1966.5,23682.33794886
2026-02-16 00:00:00+00:00,1966.55,1981.22,1948.7,1958.76,24086.0144068
2026-02-16 04:00:00+00:00,1958.77,1978.6,1953.01,1971.32,13930.6956109
2026-02-16 08:00:00+00:00,1971.31,1993.23,1957.27,1976.49,16898.4768501
2026-02-16 12:00:00+00:00,1976.2,2023.34,1937.64,1956.81,52296.7347453
2026-02-16 16:00:00+00:00,1956.67,1988.28,1956.34,1973.82,25086.4226399
2026-02-16 20:00:00+00:00,1974.08,2003.89,1971.33,1998.44,17286.1937427
2026-02-17 00:00:00+00:00,1998.44,2008.6,1979.74,1985.88,19732.1435319
2026-02-17 04:00:00+00:00,1985.88,1998.31,1964.57,1985.85,15642.7397762
2026-02-17 08:00:00+00:00,1985.84,1990.84,1961.6,1968.51,12197.5201435
2026-02-17 12:00:00+00:00,1968.51,2002.74,1941.77,1967.25,35499.49796264
2026-02-17 16:00:00+00:00,1968.86,2015.4,1953.87,1997.84,43375.466498
2026-02-17 20:00:00+00:00,1998.18,2003.84,1987.41,1991.42,15724.40469187
2026-02-18 00:00:00+00:00,1991.68,2000.31,1968.78,1997.07,12863.80030716
2026-02-18 04:00:00+00:00,1997.08,2023.47,1993.33,2018.04,10464.59113657
2026-02-18 08:00:00+00:00,2018.24,2038.99,1976.58,1981.45,16353.93337467
2026-02-18 12:00:00+00:00,1981.42,2010.15,1954.45,1985.53,33658.7585842
2026-02-18 16:00:00+00:00,1985.46,1987.76,1923.6,1940.84,38428.8228339
2026-02-18 20:00:00+00:00,1940.92,1956.72,1935.8,1956.09,15386.28027183
2026-02-19 00:00:00+00:00,1955.95,1974.8,1950.49,1972.29,13922.052094
2026-02-19 04:00:00+00:00,1972.35,1987.43,1964.41,1981.68,13719.5585941
2026-02-19 08:00:00+00:00,1981.67,1982.55,1947.53,1949.44,14535.5286758
2026-02-19 12:00:00+00:00,1949.52,1955.89,1911.41,1926.48,38798.6508738
2026-02-19 16:00:00+00:00,1926.28,1947.29,1907.07,1941.33,33629.6429785
2026-02-19 20:00:00+00:00,1941.23,1952.24,1934.76,1948.88,12985.0513812
2026-02-20 00:00:00+00:00,1948.88,1964.62,1947.47,1954.86,13267.06308534
2026-02-20 04:00:00+00:00,1954.86,1968.67,1931.05,1961.0,15446.4421808
2026-02-20 08:00:00+00:00,1960.91,1973.76,1940.54,1943.98,16133.64309325
2026-02-20 12:00:00+00:00,1944.01,1980.45,1923.24,1963.92,42852.5701808
2026-02-20 16:00:00+00:00,1964.01,1981.57,1939.12,1963.72,37263.2473294
2026-02-20 20:00:00+00:00,1963.72,1975.08,1961.91,1969.08,11719.4482667
2026-02-21 00:00:00+00:00,1968.93,1970.55,1955.79,1958.82,6663.5963225
2026-02-21 04:00:00+00:00,1959.05,1966.11,1956.27,1962.82,4098.1763251
2026-02-21 08:00:00+00:00,1962.81,1988.44,1962.0,1977.12,8007.38312058
2026-02-21 12:00:00+00:00,1977.13,1996.19,1969.33,1988.15,10267.0957966
2026-02-21 16:00:00+00:00,1988.12,1995.26,1976.4,1988.37,8289.7206807
2026-02-21 20:00:00+00:00,1988.38,1990.46,1970.11,1973.45,8627.90739057
2026-02-22 00:00:00+00:00,1973.36,1982.99,1967.54,1974.68,8683.2603271
2026-02-22 04:00:00+00:00,1974.69,1979.32,1970.9,1976.19,4724.160397
2026-02-22 08:00:00+00:00,1975.89,1983.04,1970.54,1980.73,4512.15317541
2026-02-22 12:00:00+00:00,1980.73,1981.49,1943.56,1954.02,15635.97949866
2026-02-22 16:00:00+00:00,1954.03,1955.52,1935.0,1943.66,7530.72595359
2026-02-22 20:00:00+00:00,1943.74,1960.94,1939.83,1958.15,9094.666874
2026-02-23 00:00:00+00:00,1957.9,1958.3,1847.02,1863.0,45581.2800286
2026-02-23 04:00:00+00:00,1863.0,1889.32,1853.9,1885.6,13541.48185955
2026-02-23 08:00:00+00:00,1885.59,1928.26,1877.37,1915.41,17176.92220871
2026-02-23 12:00:00+00:00,1915.31,1935.15,1892.65,1895.28,31236.56989821
2026-02-23 16:00:00+00:00,1895.29,1900.0,1837.21,1857.03,42356.8525473
2026-02-23 20:00:00+00:00,1857.17,1869.82,1846.75,1856.55,16299.9632486
2026-02-24 00:00:00+00:00,1856.4,1869.39,1811.58,1831.95,34088.7362699
2026-02-24 04:00:00+00:00,1832.09,1840.84,1813.93,1825.69,28978.0557242
2026-02-24 08:00:00+00:00,1825.69,1836.16,1815.28,1826.83,17243.78261359
2026-02-24 12:00:00+00:00,1826.69,1850.04,1800.0,1847.51,42039.23499922
2026-02-24 16:00:00+00:00,1847.51,1865.3,1838.46,1852.49,29085.62821761
2026-02-24 20:00:00+00:00,1852.49,1863.99,1845.49,1851.86,13588.54187931
2026-02-25 00:00:00+00:00,1851.87,1944.89,1846.73,1906.01,37025.5831494
2026-02-25 04:00:00+00:00,1906.15,1914.19,1877.98,1893.35,17617.38870908
2026-02-25 08:00:00+00:00,1893.34,1928.52,1890.36,1926.36,15138.29207605
2026-02-25 12:00:00+00:00,1926.36,2028.27,1922.03,2013.48,44008.89211661
2026-02-25 16:00:00+00:00,2013.57,2086.52,2013.43,2071.12,42398.50514439
2026-02-25 20:00:00+00:00,2071.07,2148.53,2034.48,2057.78,39747.88966008
2026-02-26 00:00:00+00:00,2057.41,2076.48,2039.1,2054.6,23381.4506976
2026-02-26 04:00:00+00:00,2054.6,2082.64,2051.99,2053.25,17277.5296687
2026-02-26 08:00:00+00:00,2053.29,2083.36,2045.0,2057.54,19112.4458968
2026-02-26 12:00:00+00:00,2057.53,2077.85,2011.55,2033.34,44642.4897519
2026-02-26 16:00:00+00:00,2033.46,2037.91,1975.4,2030.16,49055.378901
2026-02-26 20:00:00+00:00,2030.1,2042.34,2018.31,2027.62,13099.7020281
2026-02-27 00:00:00+00:00,2027.68,2049.46,2000.96,2045.42,22394.0630869
2026-02-27 04:00:00+00:00,2045.43,2063.66,2022.15,2032.82,18952.8585033
2026-02-27 08:00:00+00:00,2032.82,2045.75,1953.27,1962.09,31310.4758972
2026-02-27 12:00:00+00:00,1962.07,1968.94,1939.21,1948.57,39659.73713095
2026-02-27 16:00:00+00:00,1948.55,1948.82,1907.55,1920.94,28276.9390581
2026-02-27 20:00:00+00:00,1921.12,1933.46,1887.29,1929.84,18667.84833905
2026-02-28 00:00:00+00:00,1929.75,1937.1,1920.11,1924.49,11254.07010353
2026-02-28 04:00:00+00:00,1924.5,1931.48,1835.61,1866.76,42116.79624912
2026-02-28 08:00:00+00:00,1866.7,1880.79,1844.73,1862.98,27145.421836
2026-02-28 12:00:00+00:00,1863.36,1915.97,1862.51,1898.88,39725.0966669
2026-02-28 16:00:00+00:00,1898.88,1954.94,1886.54,1947.15,29039.5625938
2026-02-28 20:00:00+00:00,1946.88,1984.81,1938.5,1964.74,28479.093925
2026-03-01 00:00:00+00:00,1964.38,2054.68,1943.57,2022.88,20098.00755451
2026-03-01 04:00:00+00:00,2023.0,2029.97,1989.2,2007.13,7379.4415892
2026-03-01 08:00:00+00:00,2007.13,2010.11,1972.27,1983.12,6860.9788627
2026-03-01 12:00:00+00:00,1983.13,2027.99,1968.78,1993.15,12459.3719176
2026-03-01 16:00:00+00:00,1993.36,2009.34,1947.13,1953.91,18260.5826152
2026-03-01 20:00:00+00:00,1953.73,1971.06,1907.3,1939.16,16612.7660705
2026-03-02 00:00:00+00:00,1939.73,1989.18,1937.62,1972.15,23237.49068844
2026-03-02 04:00:00+00:00,1972.35,1983.32,1925.76,1941.15,25327.505686581782
2026-03-02 08:00:00+00:00,1941.54,1967.13,1919.48,1947.71,33203.015104433005
2026-03-02 12:00:00+00:00,1947.69,2065.31,1921.55,2047.25,57207.38834609
2026-03-02 16:00:00+00:00,2047.25,2090.27,2017.71,2043.82,50008.37524451
2026-03-02 20:00:00+00:00,2043.45,2058.49,2020.0,2027.31,28227.0199811
2026-03-03 00:00:00+00:00,2027.35,2041.84,1998.07,2008.77,27136.50005476
2026-03-03 04:00:00+00:00,2008.85,2019.31,1987.77,1996.36,18633.15114597
2026-03-03 08:00:00+00:00,1996.36,2000.45,1939.4,1961.24,36858.15155997
2026-03-03 12:00:00+00:00,1961.34,1990.25,1929.17,1969.29,64391.40965479
2026-03-03 16:00:00+00:00,1969.02,2013.88,1958.74,1986.07,62735.58900359
2026-03-03 20:00:00+00:00,1986.08,2001.61,1959.34,1982.6,27184.49558675
2026-03-04 00:00:00+00:00,1982.93,1998.87,1945.0,1961.18,38044.9097692
2026-03-04 04:00:00+00:00,1960.82,2010.18,1950.65,2006.72,31541.11234376
2026-03-04 08:00:00+00:00,2006.59,2092.85,2000.5,2054.77,52592.85641231
2026-03-04 12:00:00+00:00,2054.77,2157.58,2036.39,2149.99,66160.38566261
2026-03-04 16:00:00+00:00,2149.99,2198.94,2129.15,2177.41,55263.52191753
2026-03-04 20:00:00+00:00,2177.52,2179.78,2116.78,2127.79,24218.50473548
2026-03-05 00:00:00+00:00,2127.27,2142.36,2107.22,2119.58,25618.9550207
2026-03-05 04:00:00+00:00,2120.05,2144.32,2095.57,2105.14,24572.4049546
2026-03-05 08:00:00+00:00,2105.13,2163.52,2093.85,2137.79,31968.17547912
2026-03-05 12:00:00+00:00,2137.92,2142.75,2067.69,2086.05,49662.2761681
2026-03-05 16:00:00+00:00,2086.87,2093.92,2054.84,2074.51,40627.90838092
2026-03-05 20:00:00+00:00,2074.47,2099.27,2069.07,2072.81,18610.6827516
2026-03-06 00:00:00+00:00,2072.82,2093.22,2061.97,2084.02,19405.26959637
2026-03-06 04:00:00+00:00,2084.03,2087.48,2059.36,2082.79,17839.3982963
2026-03-06 08:00:00+00:00,2082.86,2082.86,2045.85,2051.16,21344.5209065
2026-03-06 12:00:00+00:00,2051.16,2062.12,1966.28,1978.02,56755.64705876
2026-03-06 16:00:00+00:00,1977.95,1993.05,1955.95,1983.77,30586.5849965
2026-03-06 20:00:00+00:00,1983.71,1990.34,1969.3,1978.77,13101.0753942
2026-03-07 00:00:00+00:00,1978.87,1996.06,1972.57,1980.3,9376.3772459
2026-03-07 04:00:00+00:00,1980.02,1984.49,1964.57,1983.05,9133.6234901
2026-03-07 08:00:00+00:00,1983.06,1994.63,1975.36,1988.89,8387.2417368
2026-03-07 12:00:00+00:00,1988.9,1991.05,1970.45,1981.1,10388.2704099
2026-03-07 16:00:00+00:00,1981.11,1983.51,1948.0,1955.38,12175.81734205
2026-03-07 20:00:00+00:00,1955.31,1974.15,1954.85,1969.58,10097.9269781
2026-03-08 00:00:00+00:00,1969.59,1977.26,1935.73,1947.66,14874.0580814
2026-03-08 04:00:00+00:00,1947.63,1960.29,1929.94,1955.49,12567.0013414
2026-03-08 08:00:00+00:00,1955.08,1979.9,1944.93,1951.32,16606.1861053
2026-03-08 12:00:00+00:00,1951.33,1954.8,1925.02,1943.24,26988.38915793
2026-03-08 16:00:00+00:00,1943.24,1970.21,1928.15,1964.52,21294.87191266
2026-03-08 20:00:00+00:00,1964.68,1971.58,1911.11,1937.07,36221.6563177
2026-03-09 00:00:00+00:00,1937.07,2005.21,1929.83,1977.49,46965.041607
2026-03-09 04:00:00+00:00,1977.48,2014.02,1963.44,1983.88,27903.66403908
2026-03-09 08:00:00+00:00,1984.07,2022.18,1979.1,1992.15,29242.03542782
2026-03-09 12:00:00+00:00,1992.16,2032.84,1992.16,2022.95,44634.1174067
2026-03-09 16:00:00+00:00,2022.53,2053.43,2005.97,2034.0,29584.28473949
2026-03-09 20:00:00+00:00,2033.89,2037.54,1989.2,1993.46,16176.83068257
2026-03-10 00:00:00+00:00,1993.08,2055.0,1990.92,2026.82,25274.85597133
2026-03-10 04:00:00+00:00,2026.83,2059.37,2026.41,2050.95,16581.9953104
2026-03-10 08:00:00+00:00,2050.98,2075.13,2050.98,2061.69,20818.0361854
2026-03-10 12:00:00+00:00,2061.8,2086.0,2008.9,2079.36,46637.74736521
2026-03-10 16:00:00+00:00,2079.37,2088.32,2027.23,2037.19,37508.14507913
2026-03-10 20:00:00+00:00,2036.99,2048.0,2018.85,2036.62,16142.0479218
2026-03-11 00:00:00+00:00,2036.62,2041.69,2018.17,2021.53,13935.6706548
2026-03-11 04:00:00+00:00,2021.17,2041.32,2007.08,2012.23,13873.89971501
2026-03-11 08:00:00+00:00,2012.56,2033.97,2009.49,2017.71,16886.3766878
2026-03-11 12:00:00+00:00,2017.79,2082.3,2012.89,2049.63,48623.85488379
2026-03-11 16:00:00+00:00,2049.74,2085.45,2046.47,2076.3,32685.48586
2026-03-11 20:00:00+00:00,2076.02,2084.46,2044.32,2051.99,12789.6522464
2026-03-12 00:00:00+00:00,2051.99,2057.86,2017.93,2023.22,15429.6005197
2026-03-12 04:00:00+00:00,2023.36,2042.5,2019.58,2040.78,9739.6773641
2026-03-12 08:00:00+00:00,2040.79,2076.72,2038.52,2063.19,18747.0293439
2026-03-12 12:00:00+00:00,2062.87,2094.75,2037.58,2072.47,39851.76881951
2026-03-12 16:00:00+00:00,2072.33,2078.17,2045.58,2069.69,26704.87975025
2026-03-12 20:00:00+00:00,2069.7,2093.27,2055.77,2073.44,12598.4217222
2026-03-13 00:00:00+00:00,2073.49,2148.55,2070.41,2118.85,29986.2500884
2026-03-13 04:00:00+00:00,2118.86,2119.99,2090.27,2099.33,14138.51427846
2026-03-13 08:00:00+00:00,2099.53,2133.18,2091.6,2121.03,21310.91588916
2026-03-13 12:00:00+00:00,2121.02,2209.45,2120.52,2128.27,53070.15771205
2026-03-13 16:00:00+00:00,2128.01,2143.59,2088.22,2102.38,31632.28570127
2026-03-13 20:00:00+00:00,2102.55,2116.64,2078.72,2092.61,16534.5165741
2026-03-14 00:00:00+00:00,2092.0,2103.54,2081.6,2101.05,9645.9705235
2026-03-14 04:00:00+00:00,2101.1,2105.83,2068.68,2077.29,9680.00164311
2026-03-14 08:00:00+00:00,2077.3,2081.93,2061.61,2073.64,7444.2899896
2026-03-14 12:00:00+00:00,2073.64,2080.38,2069.91,2074.72,7810.76747714
2026-03-14 16:00:00+00:00,2074.71,2079.28,2069.04,2077.31,4456.2627527
2026-03-14 20:00:00+00:00,2077.5,2099.68,2076.1,2096.04,7917.864784
2026-03-15 00:00:00+00:00,2096.19,2107.99,2083.52,2096.19,10245.9059727
2026-03-15 04:00:00+00:00,2096.2,2115.6,2096.2,2105.64,7983.8720517
2026-03-15 08:00:00+00:00,2105.64,2123.38,2105.64,2119.46,6936.46230197
2026-03-15 12:00:00+00:00,2119.61,2119.81,2086.71,2093.79,11940.210274
2026-03-15 16:00:00+00:00,2093.8,2118.35,2088.86,2113.4,10709.57809969
2026-03-15 20:00:00+00:00,2113.46,2202.55,2110.15,2178.19,33759.9027415
2026-03-16 00:00:00+00:00,2178.2,2253.71,2165.03,2235.85,31645.77196167
2026-03-16 04:00:00+00:00,2235.84,2288.77,2235.84,2248.82,27171.03349607
2026-03-16 08:00:00+00:00,2248.82,2279.97,2234.51,2269.95,15316.81681449
2026-03-16 12:00:00+00:00,2269.95,2308.28,2255.06,2273.46,43203.2613701
2026-03-16 16:00:00+00:00,2273.47,2347.99,2270.04,2330.93,33114.49921944
2026-03-16 20:00:00+00:00,2330.93,2385.96,2323.65,2352.87,23497.2317172
2026-03-17 00:00:00+00:00,2352.87,2376.3,2308.32,2320.18,36097.7964786
2026-03-17 04:00:00+00:00,2320.18,2338.31,2296.12,2327.96,19419.5210943
2026-03-17 08:00:00+00:00,2327.97,2335.11,2304.38,2327.03,18979.0829811
2026-03-17 12:00:00+00:00,2327.04,2357.81,2304.52,2316.19,34433.8756917
2026-03-17 16:00:00+00:00,2316.2,2342.72,2312.49,2320.49,17752.2776741
2026-03-17 20:00:00+00:00,2320.22,2344.62,2316.21,2317.31,10270.8342973
2026-03-18 00:00:00+00:00,2317.32,2350.02,2307.09,2340.46,13595.072775
2026-03-18 04:00:00+00:00,2340.78,2341.99,2312.02,2317.49,9405.229187
2026-03-18 08:00:00+00:00,2317.5,2333.51,2263.49,2269.43,17632.46336621
2026-03-18 12:00:00+00:00,2269.42,2270.57,2170.14,2187.77,43014.96391172
2026-03-18 16:00:00+00:00,2187.42,2220.38,2166.6,2185.87,35587.40605445
2026-03-18 20:00:00+00:00,2185.85,2206.94,2153.03,2203.52,21500.16923761
2026-03-19 00:00:00+00:00,2203.52,2233.55,2187.25,2212.65,19965.78747402
2026-03-19 04:00:00+00:00,2212.29,2213.17,2143.25,2166.81,21520.97786278
2026-03-19 08:00:00+00:00,2166.71,2192.22,2158.34,2166.79,20922.42970720511
2026-03-19 12:00:00+00:00,2166.8,2167.48,2099.02,2118.64,42723.1985197
2026-03-19 16:00:00+00:00,2118.64,2156.98,2104.96,2141.54,30360.0282582
2026-03-19 20:00:00+00:00,2141.21,2155.63,2130.99,2138.06,13475.7565808
2026-03-20 00:00:00+00:00,2138.07,2160.85,2132.57,2151.36,13788.0061461
2026-03-20 04:00:00+00:00,2151.35,2159.26,2121.36,2150.77,11862.66304106
2026-03-20 08:00:00+00:00,2150.77,2176.77,2131.69,2141.49,20364.3215277
2026-03-20 12:00:00+00:00,2141.6,2153.0,2116.6,2134.51,34852.0415594
2026-03-20 16:00:00+00:00,2134.13,2144.8,2117.38,2132.78,22566.8887779
2026-03-20 20:00:00+00:00,2132.78,2167.99,2124.0,2146.36,13891.9233041
2026-03-21 00:00:00+00:00,2146.22,2159.79,2144.25,2153.6,5684.09802769
2026-03-21 04:00:00+00:00,2153.45,2161.35,2150.49,2155.14,3816.3888302
2026-03-21 08:00:00+00:00,2155.36,2159.21,2149.66,2157.27,3068.720324
2026-03-21 12:00:00+00:00,2157.29,2168.17,2146.56,2155.27,5695.74973347
2026-03-21 16:00:00+00:00,2155.27,2155.63,2142.1,2152.46,4257.9294281
2026-03-21 20:00:00+00:00,2152.47,2156.98,2070.92,2084.58,14833.7480443
2026-03-22 00:00:00+00:00,2084.55,2127.42,2050.04,2113.92,26814.4440704
2026-03-22 04:00:00+00:00,2113.93,2122.86,2092.55,2093.58,11052.1669703
2026-03-22 08:00:00+00:00,2093.62,2096.51,2067.11,2070.06,15731.7679449
2026-03-22 12:00:00+00:00,2070.05,2092.6,2068.4,2082.96,13053.3879529
2026-03-22 16:00:00+00:00,2083.09,2084.82,2054.1,2063.06,11134.8116388
2026-03-22 20:00:00+00:00,2063.21,2074.27,2025.96,2053.88,26544.3280868
2026-03-23 00:00:00+00:00,2053.89,2072.17,2035.69,2052.35,22143.4921184
2026-03-23 04:00:00+00:00,2052.54,2072.11,2022.94,2044.87,20030.67848933
2026-03-23 08:00:00+00:00,2044.95,2197.93,2029.21,2134.64,56221.8809639
2026-03-23 12:00:00+00:00,2134.91,2192.41,2107.63,2128.45,50755.08313705
2026-03-23 16:00:00+00:00,2128.7,2178.61,2117.78,2154.73,30402.1369107
2026-03-23 20:00:00+00:00,2154.45,2166.63,2140.68,2152.53,8734.981591
2026-03-24 00:00:00+00:00,2152.18,2156.44,2124.33,2141.43,16765.5141426
2026-03-24 04:00:00+00:00,2141.69,2170.75,2129.01,2165.74,15823.22788077
2026-03-24 08:00:00+00:00,2165.62,2175.23,2147.42,2165.82,8427.5371102
2026-03-24 12:00:00+00:00,2165.92,2170.14,2119.25,2135.42,15702.52082057
2026-03-24 16:00:00+00:00,2134.84,2140.61,2103.0,2116.83,10297.6681121
2026-03-24 20:00:00+00:00,2116.83,2163.75,2115.63,2156.21,10229.1606658
2026-03-25 00:00:00+00:00,2156.42,2168.7,2146.2,2158.48,5119.40800533
2026-03-25 04:00:00+00:00,2158.49,2179.79,2156.89,2164.83,4650.980983074603
2026-03-25 08:00:00+00:00,2165.08,2198.97,2164.41,2186.52,8815.24433667
2026-03-25 12:00:00+00:00,2186.52,2198.06,2147.61,2162.54,16030.2673867
2026-03-25 16:00:00+00:00,2162.45,2186.48,2156.01,2172.63,8573.56149818
2026-03-25 20:00:00+00:00,2172.79,2183.35,2159.09,2168.99,4759.5485687
2026-03-26 00:00:00+00:00,2168.78,2172.29,2144.0,2153.13,4586.74952059
2026-03-26 04:00:00+00:00,2153.24,2154.17,2112.39,2123.42,8063.1203952
2026-03-26 08:00:00+00:00,2123.44,2128.23,2063.26,2068.6,11188.8862145
2026-03-26 12:00:00+00:00,2068.9,2093.69,2051.72,2070.11,16557.4426102
2026-03-26 16:00:00+00:00,2070.08,2070.72,2034.14,2048.82,12169.1829283
2026-03-26 20:00:00+00:00,2048.84,2080.64,2046.38,2060.25,14151.86908365
2026-03-27 00:00:00+00:00,2060.46,2076.99,2056.69,2061.51,5509.5019778
2026-03-27 04:00:00+00:00,2061.51,2072.1,2042.92,2066.11,5727.5273584
2026-03-27 08:00:00+00:00,2066.12,2069.71,1982.81,1991.68,19415.6378215
2026-03-27 12:00:00+00:00,1991.69,2010.12,1968.93,1990.92,20391.7787129
2026-03-27 16:00:00+00:00,1990.44,1998.13,1974.4,1991.74,10749.3080261
2026-03-27 20:00:00+00:00,1991.86,1995.72,1980.0,1992.91,4714.5669873
2026-03-28 00:00:00+00:00,1992.91,1995.35,1982.89,1988.91,2820.6790319
2026-03-28 04:00:00+00:00,1989.24,2008.17,1987.25,2007.19,3245.6140209
2026-03-28 08:00:00+00:00,2007.19,2008.27,1992.91,1998.2,2944.5950321
2026-03-28 12:00:00+00:00,1997.75,2046.52,1992.32,2026.84,12967.9123046
2026-03-28 16:00:00+00:00,2027.06,2029.99,2016.4,2020.49,3148.7601495
2026-03-28 20:00:00+00:00,2020.49,2026.43,1989.07,1994.76,7368.62920837
2026-03-29 00:00:00+00:00,1994.41,2019.45,1991.61,2011.19,5538.9820712
2026-03-29 04:00:00+00:00,2011.1,2012.45,1997.6,2006.09,3258.8799993
2026-03-29 08:00:00+00:00,2006.09,2008.03,1991.88,2003.83,2811.1478547
2026-03-29 12:00:00+00:00,2003.82,2004.81,1983.64,1992.7,6497.1493994
2026-03-29 16:00:00+00:00,1992.78,2003.78,1987.82,1995.66,4182.1581105
2026-03-29 20:00:00+00:00,1995.88,2009.3,1938.2,1984.37,16047.9247769
2026-03-30 00:00:00+00:00,1985.19,2043.84,1980.59,2036.01,16232.0511757
2026-03-30 04:00:00+00:00,2036.24,2067.5,2036.18,2059.55,9944.37173291
2026-03-30 08:00:00+00:00,2059.55,2081.74,2048.61,2070.79,10882.1200361
2026-03-30 12:00:00+00:00,2071.41,2085.07,2044.13,2074.73,21210.8684294
2026-03-30 16:00:00+00:00,2074.74,2075.1,2013.42,2024.03,13423.7679693
2026-03-30 20:00:00+00:00,2023.79,2049.0,2013.79,2026.24,12992.13043891
2026-03-31 00:00:00+00:00,2026.85,2092.1,2016.22,2066.51,18142.72690821
2026-03-31 04:00:00+00:00,2066.85,2072.2,2042.42,2055.84,11558.806149
2026-03-31 08:00:00+00:00,2055.88,2059.14,2012.55,2041.11,16589.9780025
2026-03-31 12:00:00+00:00,2041.17,2092.0,2035.36,2054.94,28467.18360484
2026-03-31 16:00:00+00:00,2054.67,2124.67,2054.45,2096.62,36066.43483773
2026-03-31 20:00:00+00:00,2096.23,2110.8,2087.58,2105.28,10095.3712296
2026-04-01 00:00:00+00:00,2105.18,2117.81,2082.22,2103.03,11815.4685047
2026-04-01 04:00:00+00:00,2103.04,2158.31,2100.32,2130.94,14870.7897524
2026-04-01 08:00:00+00:00,2130.94,2143.12,2125.4,2135.31,8297.7494024
2026-04-01 12:00:00+00:00,2135.01,2150.78,2108.81,2135.0,20329.6807931
2026-04-01 16:00:00+00:00,2135.07,2167.95,2123.77,2140.48,13605.47284609
2026-04-01 20:00:00+00:00,2141.66,2165.53,2130.65,2140.28,10381.40630859
2026-04-02 00:00:00+00:00,2140.12,2159.64,2046.17,2056.44,34188.29381032
2026-04-02 04:00:00+00:00,2056.06,2058.4,2038.61,2056.1,8128.48706219
2026-04-02 08:00:00+00:00,2056.09,2056.09,2023.5,2033.12,7873.926379
2026-04-02 12:00:00+00:00,2033.13,2072.02,2016.76,2059.76,25788.7233721
2026-04-02 16:00:00+00:00,2059.76,2076.97,2043.49,2065.0,11376.5594543
2026-04-02 20:00:00+00:00,2065.41,2074.25,2053.33,2057.18,7279.1201355
2026-04-03 00:00:00+00:00,2057.32,2062.7,2040.57,2054.3,7969.3093509
2026-04-03 04:00:00+00:00,2054.24,2075.33,2047.41,2065.92,6808.93563355
2026-04-03 08:00:00+00:00,2065.91,2072.24,2053.49,2063.04,2975.9849543697915
2026-04-03 12:00:00+00:00,2063.05,2082.0,2041.68,2051.38,6839.8603724
2026-04-03 16:00:00+00:00,2051.38,2056.76,2043.81,2052.79,2572.81409508
2026-04-03 20:00:00+00:00,2052.81,2060.89,2049.32,2053.75,2452.9403503
2026-04-04 00:00:00+00:00,2053.75,2053.87,2048.08,2050.32,1521.64543
2026-04-04 04:00:00+00:00,2050.32,2057.89,2048.66,2053.75,1305.7989446
2026-04-04 08:00:00+00:00,2053.75,2055.25,2047.78,2051.74,2009.8189982
2026-04-04 12:00:00+00:00,2051.75,2061.64,2044.33,2056.2,3295.2058680024893
2026-04-04 16:00:00+00:00,2056.21,2083.61,2052.68,2065.13,5823.79176003
2026-04-04 20:00:00+00:00,2064.59,2071.94,2059.84,2065.57,3231.5721637
2026-04-05 00:00:00+00:00,2065.42,2065.62,2053.83,2056.41,2218.8014477
2026-04-05 04:00:00+00:00,2056.41,2057.95,2027.5,2037.2,5054.05094941
2026-04-05 08:00:00+00:00,2036.95,2052.48,2035.76,2042.14,2598.60115835
2026-04-05 12:00:00+00:00,2042.14,2070.05,2022.11,2053.61,9743.6363964
2026-04-05 16:00:00+00:00,2053.81,2069.81,2048.74,2061.71,4056.1953585
2026-04-05 20:00:00+00:00,2062.02,2123.03,2050.0,2109.42,15869.0982628
2026-04-06 00:00:00+00:00,2110.38,2147.11,2110.38,2129.03,14036.0330943
2026-04-06 04:00:00+00:00,2129.23,2140.87,2120.0,2134.73,6150.1258158
2026-04-06 08:00:00+00:00,2134.76,2174.11,2133.49,2151.21,10491.37225803
2026-04-06 12:00:00+00:00,2151.22,2169.66,2137.78,2164.68,18673.36313384
2026-04-06 16:00:00+00:00,2164.69,2168.59,2124.0,2144.45,9864.9866496
2026-04-06 20:00:00+00:00,2144.58,2155.0,2088.06,2107.44,11658.5197641
2026-04-07 00:00:00+00:00,2106.51,2120.3,2093.47,2108.42,11182.39316469
2026-04-07 04:00:00+00:00,2108.44,2119.25,2096.93,2104.17,6615.0142922
2026-04-07 08:00:00+00:00,2104.17,2133.82,2082.27,2089.48,15865.45269975
2026-04-07 12:00:00+00:00,2089.49,2093.21,2060.22,2080.35,24133.261407
2026-04-07 16:00:00+00:00,2080.15,2116.98,2077.52,2113.63,17620.0274922
2026-04-07 20:00:00+00:00,2113.66,2273.24,2110.44,2240.24,54654.64149692715
2026-04-08 00:00:00+00:00,2240.01,2250.4,2227.84,2234.17,13337.75343799
2026-04-08 04:00:00+00:00,2234.17,2260.78,2234.17,2253.46,9411.08390844
2026-04-08 08:00:00+00:00,2253.46,2263.12,2237.81,2247.4,9074.79241456
2026-04-08 12:00:00+00:00,2247.7,2270.5,2187.29,2215.36,23911.23003645686
2026-04-08 16:00:00+00:00,2214.85,2239.19,2197.5,2210.94,12621.16806287
2026-04-08 20:00:00+00:00,2210.94,2222.45,2179.69,2189.87,8084.1858198
2026-04-09 00:00:00+00:00,2190.04,2193.72,2162.2,2182.68,7583.1120042
2026-04-09 04:00:00+00:00,2182.69,2189.0,2175.57,2180.97,3651.7191027
2026-04-09 08:00:00+00:00,2180.99,2197.21,2176.61,2180.07,6052.7892381
2026-04-09 12:00:00+00:00,2180.08,2225.0,2157.36,2217.95,18309.18438987
2026-04-09 16:00:00+00:00,2218.25,2229.62,2193.28,2216.51,18098.7736091
2026-04-09 20:00:00+00:00,2216.32,2245.88,2183.31,2190.42,15514.75690604
2026-04-10 00:00:00+00:00,2190.39,2204.14,2176.53,2186.12,9243.986655
2026-04-10 04:00:00+00:00,2186.13,2203.2,2176.42,2179.67,5635.02927664
2026-04-10 08:00:00+00:00,2179.83,2223.63,2177.43,2215.8,8782.334359048096
2026-04-10 12:00:00+00:00,2215.79,2257.31,2207.9,2224.25,19694.49838003
2026-04-10 16:00:00+00:00,2224.47,2255.7,2221.15,2253.59,6220.7299128
2026-04-10 20:00:00+00:00,2253.17,2257.4,2235.47,2245.3,5731.738606
2026-04-11 00:00:00+00:00,2245.31,2252.45,2235.06,2237.04,2966.3054653
2026-04-11 04:00:00+00:00,2237.44,2243.11,2229.26,2232.92,2917.6284247
2026-04-11 08:00:00+00:00,2232.93,2249.59,2232.32,2246.19,3014.0248271
2026-04-11 12:00:00+00:00,2246.28,2256.65,2233.92,2249.44,3365.6286978
2026-04-11 16:00:00+00:00,2249.45,2330.08,2246.64,2315.66,15985.8755045
2026-04-11 20:00:00+00:00,2315.83,2316.85,2276.7,2284.58,8184.2335403
2026-04-12 00:00:00+00:00,2284.58,2288.48,2207.09,2213.97,15916.7064803
2026-04-12 04:00:00+00:00,2213.75,2220.8,2208.58,2218.14,3745.5711339
2026-04-12 08:00:00+00:00,2218.15,2219.19,2194.03,2204.48,5035.57823
2026-04-12 12:00:00+00:00,2204.42,2208.0,2175.0,2186.42,10400.442562675507
2026-04-12 16:00:00+00:00,2186.41,2207.03,2182.81,2198.26,4055.5022307
2026-04-12 20:00:00+00:00,2198.25,2218.09,2183.95,2191.4,13108.075803
2026-04-13 00:00:00+00:00,2191.72,2208.79,2187.31,2194.25,6416.9238153
2026-04-13 04:00:00+00:00,2194.18,2201.73,2182.49,2186.69,5646.3605009
2026-04-13 08:00:00+00:00,2186.69,2195.71,2179.0,2187.39,6507.71408201
2026-04-13 12:00:00+00:00,2187.39,2236.12,2175.52,2209.11,20613.26052294
2026-04-13 16:00:00+00:00,2209.12,2268.83,2199.85,2261.99,16813.2817839
2026-04-13 20:00:00+00:00,2262.12,2394.45,2247.37,2368.89,35812.70399547
2026-04-14 00:00:00+00:00,2368.9,2378.0,2354.01,2365.13,10025.78959256
2026-04-14 04:00:00+00:00,2365.36,2389.59,2354.52,2377.6,5997.73160694
2026-04-14 08:00:00+00:00,2377.81,2395.87,2367.61,2374.33,8940.65211704
2026-04-14 12:00:00+00:00,2374.16,2415.7,2333.05,2364.68,30175.867666912425
2026-04-14 16:00:00+00:00,2364.28,2371.13,2303.36,2313.01,15605.822979435103
2026-04-14 20:00:00+00:00,2313.51,2332.05,2308.76,2322.4,8840.0744384
2026-04-15 00:00:00+00:00,2322.42,2342.47,2317.69,2328.61,8341.47516988
2026-04-15 04:00:00+00:00,2328.62,2338.37,2308.65,2316.35,7181.8491329
2026-04-15 08:00:00+00:00,2316.53,2339.34,2312.33,2337.2,6734.70626453
2026-04-15 12:00:00+00:00,2337.21,2349.36,2317.58,2332.27,16123.9938285
2026-04-15 16:00:00+00:00,2331.73,2385.59,2329.17,2374.79,13028.06018894
2026-04-15 20:00:00+00:00,2375.16,2380.6,2348.9,2360.07,10452.0103858
2026-04-16 00:00:00+00:00,2360.07,2369.55,2344.78,2357.81,8124.6667069
2026-04-16 04:00:00+00:00,2357.57,2364.22,2335.82,2341.67,6801.8546835
2026-04-16 08:00:00+00:00,2341.68,2348.42,2328.73,2335.92,5837.3182707
2026-04-16 12:00:00+00:00,2335.94,2352.39,2285.03,2339.13,21293.0046713
2026-04-16 16:00:00+00:00,2339.48,2361.94,2310.17,2359.82,16335.36001779
2026-04-16 20:00:00+00:00,2359.88,2364.2,2336.44,2348.23,12021.79555382135
2026-04-17 00:00:00+00:00,2348.22,2351.05,2323.9,2325.23,7378.15416688
2026-04-17 04:00:00+00:00,2325.65,2342.0,2316.92,2334.35,5109.86873825
2026-04-17 08:00:00+00:00,2334.27,2377.27,2333.02,2354.77,15345.881507639851
2026-04-17 12:00:00+00:00,2354.83,2457.21,2349.45,2442.01,42802.550654629486
2026-04-17 16:00:00+00:00,2442.01,2465.0,2415.31,2427.71,15840.64934616
2026-04-17 20:00:00+00:00,2427.72,2441.99,2415.59,2418.56,7554.0018892
2026-04-18 00:00:00+00:00,2418.98,2427.45,2399.45,2404.92,4605.0673031
2026-04-18 04:00:00+00:00,2405.39,2413.57,2399.74,2403.8,3201.2376583
2026-04-18 08:00:00+00:00,2403.8,2404.85,2343.73,2353.13,12400.462892174735
2026-04-18 12:00:00+00:00,2353.13,2370.0,2345.61,2363.51,5590.6402393
2026-04-18 16:00:00+00:00,2363.49,2375.16,2339.27,2348.6,9736.6166703
2026-04-18 20:00:00+00:00,2348.59,2359.58,2345.01,2350.09,5238.6034037
2026-04-19 00:00:00+00:00,2350.23,2355.11,2332.0,2339.86,3920.4875342
2026-04-19 04:00:00+00:00,2339.86,2345.91,2298.15,2315.82,10061.2284366
2026-04-19 08:00:00+00:00,2315.67,2330.97,2306.14,2329.04,5124.2423069
2026-04-19 12:00:00+00:00,2329.18,2350.37,2315.24,2331.33,9239.172455
2026-04-19 16:00:00+00:00,2330.95,2331.73,2287.9,2300.56,12001.46334602
2026-04-19 20:00:00+00:00,2299.67,2300.03,2252.31,2263.03,16007.4909562
2026-04-20 00:00:00+00:00,2263.58,2294.25,2259.92,2286.77,8355.05374522
2026-04-20 04:00:00+00:00,2286.77,2332.23,2263.37,2298.13,11403.81259334
2026-04-20 08:00:00+00:00,2298.16,2319.99,2289.58,2308.39,7719.16183599
2026-04-20 12:00:00+00:00,2308.21,2326.14,2278.21,2313.55,21270.65105031
2026-04-20 16:00:00+00:00,2313.83,2343.88,2297.7,2331.69,14198.6997421
2026-04-20 20:00:00+00:00,2331.69,2346.78,2307.5,2313.49,11106.6472317
2026-04-21 00:00:00+00:00,2313.74,2326.2,2299.67,2311.58,6955.2676896
2026-04-21 04:00:00+00:00,2311.79,2327.06,2304.13,2318.01,5763.34392357
2026-04-21 08:00:00+00:00,2318.01,2338.2,2313.56,2320.22,8686.8848726
2026-04-21 12:00:00+00:00,2320.44,2327.35,2290.25,2310.2,19654.11810212
2026-04-21 16:00:00+00:00,2310.21,2331.3,2284.59,2298.2,21186.5993182
2026-04-21 20:00:00+00:00,2298.36,2329.48,2295.89,2327.2,12548.68657127
2026-04-22 00:00:00+00:00,2327.21,2379.27,2313.23,2363.61,16992.8464728
2026-04-22 04:00:00+00:00,2363.62,2412.69,2358.17,2389.47,16727.25595834
2026-04-22 08:00:00+00:00,2389.47,2400.75,2382.87,2398.28,7795.01315733
2026-04-22 12:00:00+00:00,2398.75,2435.3,2390.51,2403.11,21202.41711893
2026-04-22 16:00:00+00:00,2403.82,2413.64,2384.0,2397.29,11656.05789218
2026-04-22 20:00:00+00:00,2397.76,2405.79,2374.04,2374.17,7250.60243592
2026-04-23 00:00:00+00:00,2374.31,2382.71,2331.35,2341.3,16032.592939
2026-04-23 04:00:00+00:00,2340.59,2358.69,2337.21,2344.19,6832.31340885
2026-04-23 08:00:00+00:00,2344.2,2345.08,2306.24,2329.34,11187.75194747
2026-04-23 12:00:00+00:00,2329.34,2344.2,2315.15,2333.42,15914.5867926
2026-04-23 16:00:00+00:00,2333.6,2335.94,2285.36,2312.92,22461.1260122
2026-04-23 20:00:00+00:00,2312.86,2338.59,2312.86,2330.2,7553.9623387
2026-04-24 00:00:00+00:00,2330.45,2337.57,2300.79,2308.64,7564.532583548647
2026-04-24 04:00:00+00:00,2308.47,2317.59,2300.21,2311.6,3616.48750065
2026-04-24 08:00:00+00:00,2311.6,2332.15,2303.59,2328.27,8741.1109567
2026-04-24 12:00:00+00:00,2328.28,2331.7,2301.84,2323.98,12024.0690826
2026-04-24 16:00:00+00:00,2323.97,2324.87,2308.56,2321.07,7253.82998266
2026-04-24 20:00:00+00:00,2321.31,2328.03,2307.27,2314.9,4178.8255395
2026-04-25 00:00:00+00:00,2314.86,2321.24,2311.31,2318.26,1923.1074642
2026-04-25 04:00:00+00:00,2318.4,2319.11,2313.12,2316.51,1563.1578163
2026-04-25 08:00:00+00:00,2316.29,2323.09,2311.35,2313.61,2107.260104
2026-04-25 12:00:00+00:00,2313.69,2318.93,2302.48,2308.12,2773.6453547
2026-04-25 16:00:00+00:00,2308.06,2313.7,2300.82,2309.9,3540.59964129
2026-04-25 20:00:00+00:00,2309.91,2320.47,2308.95,2319.34,2351.5766054
2026-04-26 00:00:00+00:00,2319.35,2321.5,2306.39,2309.81,2161.4052848
2026-04-26 04:00:00+00:00,2309.82,2336.72,2308.96,2331.1,4704.4063656
2026-04-26 08:00:00+00:00,2331.1,2337.61,2329.68,2336.01,3003.48602921
2026-04-26 12:00:00+00:00,2336.01,2352.25,2324.92,2347.78,6471.3022154
2026-04-26 16:00:00+00:00,2347.79,2376.76,2340.13,2367.51,8128.67555205
2026-04-26 20:00:00+00:00,2367.51,2380.25,2348.76,2369.52,12253.908894317698
2026-04-27 00:00:00+00:00,2369.63,2404.15,2358.74,2394.77,10843.38956016
2026-04-27 04:00:00+00:00,2394.63,2395.83,2312.75,2316.36,14211.0003021
2026-04-27 08:00:00+00:00,2316.27,2325.71,2309.25,2320.41,4232.53645967
2026-04-27 12:00:00+00:00,2320.41,2329.3,2266.19,2275.22,6297.04566027
2026-04-27 16:00:00+00:00,2275.01,2292.63,2270.05,2289.54,6632.8857787
2026-04-27 20:00:00+00:00,2289.41,2308.55,2284.59,2303.79,5280.76807949
2026-04-28 00:00:00+00:00,2303.81,2310.92,2280.7,2290.7,6917.1055497
2026-04-28 04:00:00+00:00,2290.71,2297.13,2270.0,2287.94,6514.5000136
2026-04-28 08:00:00+00:00,2287.93,2291.42,2270.5,2275.27,6042.5744975
2026-04-28 12:00:00+00:00,2275.4,2285.76,2258.01,2279.71,17098.68598397
2026-04-28 16:00:00+00:00,2279.68,2305.45,2274.32,2301.54,8236.52182298
2026-04-28 20:00:00+00:00,2301.78,2305.45,2284.11,2289.42,3633.892783
2026-04-29 00:00:00+00:00,2289.4,2316.19,2279.11,2311.46,6032.3243229
2026-04-29 04:00:00+00:00,2311.77,2342.0,2309.39,2323.62,4096.769892
2026-04-29 08:00:00+00:00,2323.63,2346.54,2321.11,2331.64,7033.71028341
2026-04-29 12:00:00+00:00,2331.59,2331.85,2263.09,2272.39,21192.5805071
2026-04-29 16:00:00+00:00,2272.48,2285.55,2220.29,2233.45,28092.06274968
2026-04-29 20:00:00+00:00,2233.67,2264.71,2230.26,2252.73,9241.7739981
2026-04-30 00:00:00+00:00,2253.09,2279.15,2235.97,2253.73,11316.6921893
2026-04-30 04:00:00+00:00,2253.34,2262.23,2231.64,2259.45,6888.0594227
2026-04-30 08:00:00+00:00,2260.5,2273.4,2252.25,2258.11,6298.5785848
2026-04-30 12:00:00+00:00,2258.11,2275.35,2246.71,2265.92,9988.0017982
2026-04-30 16:00:00+00:00,2265.93,2267.3,2251.59,2262.24,4717.0681271
2026-04-30 20:00:00+00:00,2261.97,2267.4,2252.27,2257.56,3088.1153558
2026-05-01 00:00:00+00:00,2257.61,2294.99,2257.14,2282.86,6125.4846867
2026-05-01 04:00:00+00:00,2282.87,2286.79,2272.22,2279.65,4358.0300892
2026-05-01 08:00:00+00:00,2279.7,2293.0,2277.3,2286.58,4190.08361657
2026-05-01 12:00:00+00:00,2286.58,2325.79,2284.07,2307.92,14921.1383523
2026-05-01 16:00:00+00:00,2307.83,2314.43,2298.26,2304.95,6063.6280581
2026-05-01 20:00:00+00:00,2305.07,2305.67,2279.39,2295.71,5262.5758202
2026-05-02 00:00:00+00:00,2295.72,2308.1,2293.04,2304.24,2617.5985013
2026-05-02 04:00:00+00:00,2304.23,2306.41,2296.67,2301.04,1698.77856082
2026-05-02 08:00:00+00:00,2301.06,2307.71,2299.02,2301.81,1826.4863213
2026-05-02 12:00:00+00:00,2301.81,2311.9,2301.04,2309.03,1950.7886404
2026-05-02 16:00:00+00:00,2309.11,2313.5,2303.68,2311.11,1833.45655371
2026-05-02 20:00:00+00:00,2311.13,2342.0,2309.68,2316.88,6507.4141412
2026-05-03 00:00:00+00:00,2316.89,2317.84,2299.35,2302.02,3523.59585275
2026-05-03 04:00:00+00:00,2301.91,2313.8,2297.48,2309.01,2183.5780555
2026-05-03 08:00:00+00:00,2309.01,2327.67,2307.34,2319.69,5091.9399365
2026-05-03 12:00:00+00:00,2319.93,2333.28,2319.93,2328.2,4343.60360842
2026-05-03 16:00:00+00:00,2328.21,2337.8,2322.25,2335.55,3847.1054528
2026-05-03 20:00:00+00:00,2335.55,2356.47,2315.15,2322.82,11947.6470541
2026-05-04 00:00:00+00:00,2322.58,2391.42,2309.31,2384.97,16563.639661893212
2026-05-04 04:00:00+00:00,2385.04,2399.18,2354.1,2363.0,9059.7157567
2026-05-04 08:00:00+00:00,2363.0,2370.71,2314.36,2337.49,15698.6600275
2026-05-04 12:00:00+00:00,2337.49,2382.12,2325.63,2350.19,17325.34714266
2026-05-04 16:00:00+00:00,2350.25,2379.77,2336.6,2356.58,12517.4202701
2026-05-04 20:00:00+00:00,2356.34,2365.97,2344.79,2346.9,4668.63787851
2026-05-05 00:00:00+00:00,2346.9,2389.13,2344.87,2382.67,6227.68394373
2026-05-05 04:00:00+00:00,2382.52,2390.5,2367.32,2381.0,6178.0124655
2026-05-05 08:00:00+00:00,2380.55,2384.29,2366.87,2379.82,4079.2495266
2026-05-05 12:00:00+00:00,2379.78,2399.96,2369.5,2381.29,12351.9756419
2026-05-05 16:00:00+00:00,2381.17,2383.22,2359.73,2371.97,5324.021509
2026-05-05 20:00:00+00:00,2371.96,2388.58,2354.35,2360.79,9531.87831655
2026-05-06 00:00:00+00:00,2360.78,2380.8,2354.2,2376.46,5980.5444984
2026-05-06 04:00:00+00:00,2376.67,2379.22,2354.48,2371.81,4595.02044112
2026-05-06 08:00:00+00:00,2371.67,2423.02,2369.46,2410.19,16727.7660948
2026-05-06 12:00:00+00:00,2410.24,2413.58,2345.88,2359.1,16436.20416843
2026-05-06 16:00:00+00:00,2359.0,2367.5,2337.48,2348.62,6598.67427572
2026-05-06 20:00:00+00:00,2348.28,2357.19,2338.67,2350.96,5384.03509697
2026-05-07 00:00:00+00:00,2350.9,2352.28,2312.86,2322.27,8265.9889688
2026-05-07 04:00:00+00:00,2322.1,2346.73,2317.51,2344.41,6643.3611535
2026-05-07 08:00:00+00:00,2344.4,2346.5,2317.5,2330.07,5195.5775271
2026-05-07 12:00:00+00:00,2330.02,2337.18,2286.0,2294.82,13031.260801
2026-05-07 16:00:00+00:00,2294.48,2304.1,2280.0,2295.83,7538.98111498
2026-05-07 20:00:00+00:00,2296.16,2303.36,2281.08,2291.03,6257.0248412
2026-05-08 00:00:00+00:00,2291.21,2294.29,2265.26,2278.97,5214.72360907
2026-05-08 04:00:00+00:00,2278.97,2284.66,2267.46,2281.61,3348.0627951
2026-05-08 08:00:00+00:00,2281.37,2298.0,2280.18,2295.36,4338.7688966
2026-05-08 12:00:00+00:00,2295.36,2301.83,2270.0,2293.19,11560.4039987
2026-05-08 16:00:00+00:00,2293.35,2321.46,2286.18,2315.99,9472.95037108
2026-05-08 20:00:00+00:00,2316.31,2318.76,2303.46,2307.37,4202.44577728
2026-05-09 00:00:00+00:00,2307.37,2320.75,2304.65,2315.41,3746.55890212
2026-05-09 04:00:00+00:00,2315.6,2325.34,2310.97,2314.51,3412.021977203155
2026-05-09 08:00:00+00:00,2314.51,2320.08,2310.11,2315.17,2699.68308227
2026-05-09 12:00:00+00:00,2314.74,2318.3,2299.46,2317.5,4657.6168747
2026-05-09 16:00:00+00:00,2317.5,2338.35,2315.22,2332.17,6338.03382152
2026-05-09 20:00:00+00:00,2332.31,2333.55,2324.67,2326.76,2255.8595621
2026-05-10 00:00:00+00:00,2326.53,2333.04,2318.35,2327.73,3248.4880489
2026-05-10 04:00:00+00:00,2327.66,2332.23,2326.01,2327.55,2006.1518764
2026-05-10 08:00:00+00:00,2327.56,2333.51,2318.81,2322.77,2682.31732323
2026-05-10 12:00:00+00:00,2322.3,2350.97,2320.85,2347.31,4951.5982079
2026-05-10 16:00:00+00:00,2347.73,2367.68,2340.11,2365.33,7235.55780593
2026-05-10 20:00:00+00:00,2365.34,2382.44,2311.8,2371.08,19742.391999
2026-05-11 00:00:00+00:00,2371.08,2374.28,2320.42,2330.56,11096.62151982
2026-05-11 04:00:00+00:00,2330.55,2342.37,2326.52,2330.67,3740.0398355
2026-05-11 08:00:00+00:00,2330.67,2339.87,2327.05,2335.64,3318.1800366
2026-05-11 12:00:00+00:00,2335.71,2338.91,2304.24,2333.54,12761.0084872
2026-05-11 16:00:00+00:00,2333.54,2344.43,2323.92,2340.49,7628.49136976
2026-05-11 20:00:00+00:00,2340.49,2345.75,2335.16,2339.84,5659.272843670989
2026-05-12 00:00:00+00:00,2339.84,2340.64,2295.54,2309.41,6799.8975017
2026-05-12 04:00:00+00:00,2309.41,2314.34,2291.79,2295.42,5642.39181633
2026-05-12 08:00:00+00:00,2295.5,2296.5,2278.1,2286.97,7912.6396225
2026-05-12 12:00:00+00:00,2286.79,2294.67,2257.05,2261.53,11937.52287551
2026-05-12 16:00:00+00:00,2261.73,2287.23,2256.59,2284.95,6321.2748885627125
2026-05-12 20:00:00+00:00,2285.17,2291.82,2274.08,2275.19,3501.9590811
2026-05-13 00:00:00+00:00,2275.2,2303.79,2273.3,2301.62,4501.96053948
2026-05-13 04:00:00+00:00,2301.81,2308.92,2295.57,2300.97,3685.4689203
2026-05-13 08:00:00+00:00,2301.02,2323.0,2298.91,2301.66,5852.93948125
2026-05-13 12:00:00+00:00,2301.66,2307.3,2234.11,2236.73,15441.0481176
2026-05-13 16:00:00+00:00,2236.51,2268.29,2235.65,2256.5,7128.9881647
2026-05-13 20:00:00+00:00,2256.47,2264.35,2250.8,2258.52,4982.41398561
2026-05-14 00:00:00+00:00,2258.64,2269.25,2238.47,2242.23,7650.3944438
2026-05-14 04:00:00+00:00,2242.29,2275.03,2239.27,2264.89,4920.90093072
2026-05-14 08:00:00+00:00,2265.16,2270.74,2252.64,2254.04,4155.28236412
2026-05-14 12:00:00+00:00,2253.73,2299.5,2246.66,2298.9,10667.56574688
2026-05-14 16:00:00+00:00,2298.66,2319.24,2294.01,2298.42,9963.560394991724
2026-05-14 20:00:00+00:00,2298.6,2301.52,2280.7,2283.31,4727.0323128
2026-05-15 00:00:00+00:00,2283.32,2299.99,2260.77,2273.47,7749.1979283
2026-05-15 04:00:00+00:00,2273.48,2273.94,2238.23,2265.29,6519.60417243
2026-05-15 08:00:00+00:00,2265.29,2265.5,2250.0,2257.43,8227.6527899
2026-05-15 12:00:00+00:00,2257.42,2260.48,2205.0,2222.23,29788.6696466
2026-05-15 16:00:00+00:00,2222.48,2232.6,2218.42,2222.92,5915.43443994
2026-05-15 20:00:00+00:00,2222.93,2225.93,2214.75,2224.1,4595.0349969
2026-05-16 00:00:00+00:00,2224.36,2231.29,2222.95,2227.67,2470.5566832
2026-05-16 04:00:00+00:00,2227.53,2228.51,2182.06,2194.69,7531.758188205676
2026-05-16 08:00:00+00:00,2194.34,2196.75,2162.61,2176.34,8021.7155455
2026-05-16 12:00:00+00:00,2176.34,2188.0,2172.57,2179.93,3968.7055245
2026-05-16 16:00:00+00:00,2179.93,2184.72,2170.6,2179.63,3166.8991122
2026-05-16 20:00:00+00:00,2179.64,2183.57,2179.24,2180.67,1783.04640596
2026-05-17 00:00:00+00:00,2180.67,2185.57,2167.63,2181.57,3510.2559331
2026-05-17 04:00:00+00:00,2181.57,2194.95,2181.18,2186.38,2363.4464346
2026-05-17 08:00:00+00:00,2186.38,2198.39,2183.16,2192.28,2657.0159345
2026-05-17 12:00:00+00:00,2192.28,2198.45,2178.12,2186.62,4184.9467047
2026-05-17 16:00:00+00:00,2186.53,2193.61,2176.41,2192.56,3348.559206
2026-05-17 20:00:00+00:00,2192.45,2195.0,2093.04,2131.05,15141.489168
2026-05-18 00:00:00+00:00,2130.86,2131.74,2104.95,2118.68,14839.225286
2026-05-18 04:00:00+00:00,2118.68,2125.65,2110.12,2121.01,5743.7892501
2026-05-18 08:00:00+00:00,2121.01,2139.75,2110.28,2133.58,9327.282233
2026-05-18 12:00:00+00:00,2133.58,2157.11,2093.5,2107.27,36798.30522793
2026-05-18 16:00:00+00:00,2107.56,2128.18,2078.02,2124.73,29078.5072068
2026-05-18 20:00:00+00:00,2124.74,2142.48,2114.39,2129.84,11801.1775605
2026-05-19 00:00:00+00:00,2129.85,2146.96,2119.51,2131.04,11091.2790139
2026-05-19 04:00:00+00:00,2131.31,2145.0,2123.81,2141.13,6788.0646001
2026-05-19 08:00:00+00:00,2141.13,2141.31,2107.06,2110.83,8859.2965226
2026-05-19 12:00:00+00:00,2110.48,2127.26,2094.81,2110.17,11369.7967837
2026-05-19 16:00:00+00:00,2110.33,2124.99,2107.16,2113.06,4074.5295208
2026-05-19 20:00:00+00:00,2113.06,2120.56,2102.35,2111.77,3087.6820562
2026-05-20 00:00:00+00:00,2111.79,2118.72,2103.27,2111.62,5571.1781404081175
2026-05-20 04:00:00+00:00,2111.66,2136.42,2107.0,2129.72,4146.22344189
2026-05-20 08:00:00+00:00,2129.73,2138.06,2123.84,2128.2,3044.5808205
2026-05-20 12:00:00+00:00,2127.97,2148.85,2113.93,2136.74,11256.617234647842
2026-05-20 16:00:00+00:00,2136.74,2149.11,2123.98,2139.16,6468.21258033
2026-05-20 20:00:00+00:00,2139.17,2140.72,2118.46,2129.48,4301.8738104
2026-05-21 00:00:00+00:00,2129.48,2157.42,2128.55,2145.71,5420.82987613
2026-05-21 04:00:00+00:00,2145.72,2148.76,2124.36,2135.08,3686.8895426
2026-05-21 08:00:00+00:00,2135.0,2148.27,2109.89,2114.96,6766.7368073
2026-05-21 12:00:00+00:00,2114.96,2138.15,2105.31,2132.37,9320.46144233
2026-05-21 16:00:00+00:00,2132.43,2153.66,2121.55,2142.76,8539.70414302
2026-05-21 20:00:00+00:00,2142.78,2143.48,2127.29,2133.96,2620.5014268
2026-05-22 00:00:00+00:00,2133.96,2141.3,2125.64,2137.94,3211.6288496608836
2026-05-22 04:00:00+00:00,2137.95,2141.51,2122.0,2128.57,2567.85481826
2026-05-22 08:00:00+00:00,2128.57,2133.22,2119.01,2130.58,2634.6102339
2026-05-22 12:00:00+00:00,2130.59,2138.06,2112.35,2119.48,6599.3829777
2026-05-22 16:00:00+00:00,2119.48,2129.96,2057.93,2065.68,10398.5943454
2026-05-22 20:00:00+00:00,2065.67,2079.6,2057.42,2065.88,6064.4335095
2026-05-23 00:00:00+00:00,2066.11,2071.77,2050.37,2070.65,4342.891964763703
2026-05-23 04:00:00+00:00,2070.65,2070.94,2009.16,2028.54,8660.0767269
2026-05-23 08:00:00+00:00,2028.53,2035.63,2021.28,2031.45,3306.18861986
2026-05-23 12:00:00+00:00,2031.45,2068.4,2027.01,2060.25,5624.1711117
2026-05-23 16:00:00+00:00,2060.26,2083.1,2057.18,2077.35,5785.1863907
2026-05-23 20:00:00+00:00,2077.35,2149.74,2074.5,2117.59,16203.33512974
2026-05-24 00:00:00+00:00,2117.62,2127.16,2113.16,2118.77,3597.32656042
2026-05-24 04:00:00+00:00,2118.77,2130.0,2113.68,2120.87,1838.4288186
2026-05-24 08:00:00+00:00,2120.87,2131.66,2119.01,2125.89,3099.6152507
2026-05-24 12:00:00+00:00,2125.89,2126.31,2079.13,2095.67,7359.30001081
2026-05-24 16:00:00+00:00,2095.74,2108.81,2095.04,2100.76,3235.7469909
2026-05-24 20:00:00+00:00,2100.76,2106.64,2062.78,2099.69,8751.0189617
2026-05-25 00:00:00+00:00,2099.69,2113.36,2092.46,2095.46,4737.6532772
2026-05-25 04:00:00+00:00,2095.47,2117.42,2092.28,2116.26,4710.558346
2026-05-25 08:00:00+00:00,2116.25,2123.96,2111.74,2115.02,2722.3365361
2026-05-25 12:00:00+00:00,2115.03,2138.32,2112.09,2127.08,4458.3243232
2026-05-25 16:00:00+00:00,2127.08,2141.7,2116.59,2121.38,3744.17210758
2026-05-25 20:00:00+00:00,2121.34,2123.13,2102.42,2113.02,4243.8977571
2026-05-26 00:00:00+00:00,2113.02,2113.94,2084.55,2093.35,6153.53106756
2026-05-26 04:00:00+00:00,2093.54,2104.54,2088.9,2095.49,3323.38216646
2026-05-26 08:00:00+00:00,2095.64,2137.16,2094.19,2121.04,6560.2966213
2026-05-26 12:00:00+00:00,2121.05,2140.49,2078.75,2087.33,13548.226408
2026-05-26 16:00:00+00:00,2087.55,2089.94,2055.06,2074.23,10180.7932445
2026-05-26 20:00:00+00:00,2074.45,2078.57,2065.79,2073.85,3571.490032425625
2026-05-27 00:00:00+00:00,2074.0,2084.0,2068.71,2070.01,3620.7077914
2026-05-27 04:00:00+00:00,2069.67,2084.13,2056.76,2083.62,4501.5451339
2026-05-27 08:00:00+00:00,2083.61,2096.4,2078.39,2080.44,4310.1463084
2026-05-27 12:00:00+00:00,2080.46,2097.1,2052.05,2071.45,13633.8000762
2026-05-27 16:00:00+00:00,2071.54,2074.35,2043.26,2057.39,6633.5212182
2026-05-27 20:00:00+00:00,2057.39,2065.84,2015.77,2025.07,11865.1973384
2026-05-28 00:00:00+00:00,2025.07,2029.17,1971.4,1981.8,14433.4596256
2026-05-28 04:00:00+00:00,1981.7,1996.39,1967.31,1995.24,8865.9807345
2026-05-28 08:00:00+00:00,1995.25,1998.6,1984.65,1989.75,3809.4840158
2026-05-28 12:00:00+00:00,1989.63,2002.37,1967.69,1990.44,14431.9502517
2026-05-28 16:00:00+00:00,1990.44,2029.85,1985.18,2014.39,8887.0774089
2026-05-28 20:00:00+00:00,2014.4,2024.09,2005.36,2009.89,4053.7454425686133
2026-05-29 00:00:00+00:00,2009.7,2017.01,1997.49,2002.72,3539.1211547
2026-05-29 04:00:00+00:00,2002.72,2021.0,1998.21,2007.53,3869.6965725
2026-05-29 08:00:00+00:00,2007.53,2016.01,2002.31,2007.53,3328.4178726
2026-05-29 12:00:00+00:00,2007.53,2046.1,1976.84,2031.37,16593.9833149
2026-05-29 16:00:00+00:00,2031.37,2044.04,2004.96,2017.01,10231.4559107
2026-05-29 20:00:00+00:00,2017.05,2023.83,2006.84,2014.36,4478.5086584
2026-05-30 00:00:00+00:00,2014.36,2023.35,2010.48,2016.74,2367.2163315
2026-05-30 04:00:00+00:00,2016.74,2020.5,2002.13,2016.26,3650.8799836
2026-05-30 08:00:00+00:00,2016.27,2021.89,2013.86,2017.37,1584.6134167
2026-05-30 12:00:00+00:00,2017.37,2032.23,2017.06,2026.6,3294.2138398
2026-05-30 16:00:00+00:00,2026.6,2030.17,2019.65,2028.68,2958.8635939
2026-05-30 20:00:00+00:00,2028.68,2031.1,2020.15,2022.54,2542.4176597
2026-05-31 00:00:00+00:00,2022.63,2037.75,2020.79,2033.46,3273.1098905
2026-05-31 04:00:00+00:00,2033.46,2034.81,2022.74,2023.96,1266.1297043
2026-05-31 08:00:00+00:00,2023.97,2028.95,2015.33,2023.13,2620.6811082
2026-05-31 12:00:00+00:00,2023.12,2026.23,2005.97,2010.71,4732.1530191
2026-05-31 16:00:00+00:00,2010.72,2012.53,1994.0,1999.62,3999.3859899
2026-05-31 20:00:00+00:00,1999.63,2023.25,1999.63,2007.16,4808.2335786
2026-06-01 00:00:00+00:00,2007.17,2021.49,1991.55,2009.11,7210.3154826
2026-06-01 04:00:00+00:00,2009.11,2011.87,1971.92,1976.43,7362.1856155
2026-06-01 08:00:00+00:00,1976.43,1990.1,1971.7,1981.42,6189.7840225
2026-06-01 12:00:00+00:00,1981.54,1994.04,1956.74,1968.59,18702.0210035
2026-06-01 16:00:00+00:00,1968.55,2008.48,1958.75,2004.26,9537.5850537
2026-06-01 20:00:00+00:00,2004.38,2009.08,1984.49,2006.64,7845.2962519
2026-06-02 00:00:00+00:00,2006.6,2006.73,1962.54,2003.86,10107.4653973
2026-06-02 04:00:00+00:00,2003.86,2006.31,1974.03,1981.92,8602.2509995
2026-06-02 08:00:00+00:00,1981.92,1988.94,1966.67,1978.76,7992.201881
2026-06-02 12:00:00+00:00,1978.76,1982.74,1884.42,1914.99,28135.6482483
2026-06-02 16:00:00+00:00,1914.95,1943.83,1881.5,1912.14,18602.5682701
2026-06-02 20:00:00+00:00,1912.32,1918.6,1839.85,1860.0,31372.8598895
2026-06-03 00:00:00+00:00,1859.94,1874.34,1817.14,1827.99,19847.5501395
2026-06-03 04:00:00+00:00,1828.0,1884.2,1827.54,1878.34,16400.050536214778
2026-06-03 08:00:00+00:00,1878.25,1892.92,1870.01,1877.99,9655.10545433
2026-06-03 12:00:00+00:00,1878.26,1879.99,1836.41,1837.03,16199.4158335
2026-06-03 16:00:00+00:00,1837.05,1844.0,1795.8,1803.71,19369.8526237
2026-06-03 20:00:00+00:00,1803.64,1851.98,1769.44,1813.27,32616.298068
2026-06-04 00:00:00+00:00,1813.26,1820.81,1717.38,1808.98,50152.9863078
2026-06-04 04:00:00+00:00,1809.37,1817.86,1773.48,1777.28,13030.7439613
2026-06-04 08:00:00+00:00,1777.27,1783.22,1730.55,1751.28,20802.1491394
2026-06-04 12:00:00+00:00,1751.28,1794.15,1744.28,1776.9,22656.1448663
2026-06-04 16:00:00+00:00,1776.91,1786.97,1754.21,1776.85,12632.196626
2026-06-04 20:00:00+00:00,1776.84,1783.1,1752.74,1770.76,12691.145000160468
2026-06-05 00:00:00+00:00,1770.63,1774.71,1722.64,1729.46,15593.2338751
2026-06-05 04:00:00+00:00,1729.73,1747.73,1625.12,1679.4,69616.17995349
2026-06-05 08:00:00+00:00,1679.44,1690.09,1659.88,1663.59,16751.66937429
2026-06-05 12:00:00+00:00,1663.44,1677.56,1572.41,1583.57,49835.41896314
2026-06-05 16:00:00+00:00,1583.31,1612.79,1540.4,1574.01,58242.0766538
2026-06-05 20:00:00+00:00,1574.01,1619.4,1557.51,1583.39,33734.91972021
2026-06-06 00:00:00+00:00,1583.39,1601.18,1555.51,1563.03,13266.7522232
2026-06-06 04:00:00+00:00,1563.46,1581.73,1505.5,1575.06,18690.23351897
2026-06-06 08:00:00+00:00,1575.51,1592.88,1535.65,1558.83,8390.7402901
2026-06-06 12:00:00+00:00,1558.76,1575.42,1544.64,1560.5,6509.4634231
2026-06-06 16:00:00+00:00,1560.42,1566.56,1547.32,1554.5,4836.1570981
2026-06-06 20:00:00+00:00,1554.1,1569.97,1551.24,1569.75,2821.0586352
2026-06-07 00:00:00+00:00,1569.53,1600.56,1564.19,1594.92,4829.66177299
2026-06-07 04:00:00+00:00,1594.89,1623.1,1585.21,1615.18,6312.5680979
2026-06-07 08:00:00+00:00,1615.38,1648.38,1608.8,1630.14,5983.8756504
2026-06-07 12:00:00+00:00,1630.33,1640.05,1607.01,1629.86,6048.1389981
2026-06-07 16:00:00+00:00,1630.03,1638.01,1604.3,1613.15,4627.0992471
2026-06-07 20:00:00+00:00,1613.15,1721.09,1609.65,1690.55,10865.752170076497
2026-06-08 00:00:00+00:00,1690.61,1711.76,1671.45,1680.03,5492.61066381
2026-06-08 04:00:00+00:00,1680.27,1681.09,1645.18,1673.43,4757.5671542
2026-06-08 08:00:00+00:00,1673.15,1696.71,1657.39,1683.55,5164.2362799
2026-06-08 12:00:00+00:00,1683.61,1706.02,1667.8,1691.65,8343.0908816
2026-06-08 16:00:00+00:00,1691.61,1703.81,1675.81,1684.9,4794.7645503
2026-06-08 20:00:00+00:00,1684.98,1714.4,1679.53,1690.43,4456.20165319
2026-06-09 00:00:00+00:00,1689.9,1696.88,1654.73,1669.91,5207.2522687
2026-06-09 04:00:00+00:00,1669.46,1696.39,1664.66,1680.27,4981.2879385
2026-06-09 08:00:00+00:00,1680.28,1680.94,1664.89,1672.01,4341.0241556
2026-06-09 12:00:00+00:00,1671.81,1683.38,1634.04,1636.52,10187.4216563
2026-06-09 16:00:00+00:00,1636.22,1658.57,1614.17,1657.65,9355.5543684
2026-06-09 20:00:00+00:00,1657.76,1663.64,1630.8,1639.44,3949.84670604
2026-06-10 00:00:00+00:00,1639.88,1646.89,1621.8,1630.61,4097.01517816
2026-06-10 04:00:00+00:00,1630.95,1643.59,1616.23,1639.9,4472.01502202
2026-06-10 08:00:00+00:00,1640.13,1640.89,1606.01,1620.02,7792.1807611
2026-06-10 12:00:00+00:00,1620.24,1668.09,1615.96,1658.03,24196.0745491
2026-06-10 16:00:00+00:00,1658.27,1658.59,1622.79,1630.25,15872.5098461
2026-06-10 20:00:00+00:00,1630.01,1636.29,1603.39,1621.82,14202.9674202
2026-06-11 00:00:00+00:00,1621.57,1662.15,1621.57,1653.87,10040.4115243
2026-06-11 04:00:00+00:00,1653.97,1663.0,1646.37,1654.51,6394.1522355
2026-06-11 08:00:00+00:00,1654.33,1673.25,1654.24,1666.72,8401.5762871
2026-06-11 12:00:00+00:00,1666.7,1666.92,1636.22,1645.61,20148.62102904
2026-06-11 16:00:00+00:00,1645.51,1693.39,1632.9,1682.06,25356.5906685
2026-06-11 20:00:00+00:00,1681.56,1683.49,1667.4,1673.31,5305.2501988
2026-06-12 00:00:00+00:00,1673.6,1678.38,1660.1,1673.31,5126.0979489
2026-06-12 04:00:00+00:00,1673.31,1681.94,1652.4,1661.95,5670.8864955
2026-06-12 08:00:00+00:00,1662.08,1685.48,1662.02,1673.94,5032.78588199
2026-06-12 12:00:00+00:00,1673.88,1691.22,1653.71,1659.92,15559.4702294
2026-06-12 16:00:00+00:00,1660.06,1678.1,1657.32,1666.18,8308.0698569
2026-06-12 20:00:00+00:00,1665.67,1667.95,1659.37,1666.25,3040.8240522
2026-06-13 00:00:00+00:00,1666.35,1675.67,1663.28,1665.29,2876.4500989
2026-06-13 04:00:00+00:00,1665.29,1677.8,1662.12,1676.52,4563.5833861
2026-06-13 08:00:00+00:00,1676.5,1679.64,1672.75,1678.05,4799.0468776
2026-06-13 12:00:00+00:00,1678.04,1686.3,1676.72,1682.12,4045.4807997
2026-06-13 16:00:00+00:00,1682.13,1682.72,1671.3,1678.55,5781.5416295
2026-06-13 20:00:00+00:00,1678.51,1697.1,1675.3,1680.66,3454.7107582
2026-06-14 00:00:00+00:00,1681.16,1690.43,1678.92,1681.81,2738.5009906
2026-06-14 04:00:00+00:00,1681.91,1682.84,1673.9,1675.78,3505.3585149
2026-06-14 08:00:00+00:00,1675.78,1679.01,1669.18,1673.54,3439.65072013
2026-06-14 12:00:00+00:00,1673.55,1674.49,1654.82,1662.96,6016.9263822
2026-06-14 16:00:00+00:00,1662.75,1668.4,1658.85,1665.19,4081.7786151
2026-06-14 20:00:00+00:00,1665.19,1732.19,1662.48,1726.05,20291.1106129
2026-06-15 00:00:00+00:00,1725.76,1732.45,1710.05,1720.98,7049.7363911
2026-06-15 04:00:00+00:00,1720.54,1723.85,1716.09,1716.68,2546.8195316
2026-06-15 08:00:00+00:00,1716.68,1769.41,1712.37,1764.51,10651.18867807
2026-06-15 12:00:00+00:00,1764.59,1849.37,1760.18,1845.21,21647.44659586815
2026-06-15 16:00:00+00:00,1845.16,1847.16,1811.75,1822.07,8398.2568887
2026-06-15 20:00:00+00:00,1822.07,1826.18,1783.1,1795.9,7599.41612
2026-06-16 00:00:00+00:00,1795.91,1802.24,1764.94,1779.36,8015.2156503
2026-06-16 04:00:00+00:00,1779.39,1783.27,1758.75,1774.29,5069.7525009
2026-06-16 08:00:00+00:00,1774.29,1807.91,1773.28,1799.44,10026.99806139
2026-06-16 12:00:00+00:00,1799.73,1839.35,1763.19,1782.73,25194.4671504
2026-06-16 16:00:00+00:00,1782.52,1808.41,1773.32,1795.15,9087.477042
2026-06-16 20:00:00+00:00,1795.28,1800.38,1789.58,1793.03,3715.0592999
2026-06-17 00:00:00+00:00,1793.49,1809.84,1779.8,1793.47,5750.6341546
2026-06-17 04:00:00+00:00,1794.0,1801.7,1779.06,1785.22,4516.94599779
2026-06-17 08:00:00+00:00,1785.12,1786.38,1759.68,1763.82,7562.85223952
2026-06-17 12:00:00+00:00,1763.83,1777.1,1741.46,1773.42,15242.17609134
2026-06-17 16:00:00+00:00,1773.45,1795.85,1729.42,1735.02,33851.3595371
2026-06-17 20:00:00+00:00,1735.03,1751.57,1725.71,1750.69,6213.8202483
2026-06-18 00:00:00+00:00,1750.82,1762.83,1741.43,1744.18,4823.3572789
2026-06-18 04:00:00+00:00,1744.26,1753.03,1722.27,1749.69,7966.3432499
2026-06-18 08:00:00+00:00,1749.7,1753.47,1739.02,1743.24,5872.0601982
2026-06-18 12:00:00+00:00,1743.63,1753.08,1679.06,1682.24,20756.04058347
2026-06-18 16:00:00+00:00,1682.24,1707.51,1671.76,1705.29,14366.59272952
2026-06-18 20:00:00+00:00,1705.3,1717.7,1699.83,1710.96,5463.9474734
2026-06-19 00:00:00+00:00,1711.23,1719.42,1682.68,1697.89,9102.6801293
2026-06-19 04:00:00+00:00,1697.9,1703.21,1686.26,1695.85,5987.5268543
2026-06-19 08:00:00+00:00,1695.85,1699.49,1687.22,1691.66,4285.6930556
2026-06-19 12:00:00+00:00,1692.02,1712.06,1678.97,1707.67,10818.9296686
2026-06-19 16:00:00+00:00,1707.59,1711.61,1693.8,1700.92,5414.1329067
2026-06-19 20:00:00+00:00,1701.39,1714.98,1698.98,1711.1,4081.5955771
2026-06-20 00:00:00+00:00,1711.09,1717.99,1704.18,1708.23,3437.6776167
2026-06-20 04:00:00+00:00,1708.23,1734.02,1706.63,1725.93,6150.2160392
2026-06-20 08:00:00+00:00,1726.04,1731.5,1721.4,1727.07,2417.99992414
2026-06-20 12:00:00+00:00,1727.06,1749.54,1708.26,1740.38,12303.7669589
2026-06-20 16:00:00+00:00,1740.83,1740.83,1721.26,1729.19,5493.3697226
2026-06-20 20:00:00+00:00,1729.2,1745.95,1726.43,1741.02,5114.2627644
2026-06-21 00:00:00+00:00,1740.88,1741.22,1733.46,1737.93,2535.9089366
2026-06-21 04:00:00+00:00,1737.92,1741.14,1729.81,1732.41,2543.72638709
2026-06-21 08:00:00+00:00,1732.42,1737.07,1718.99,1725.4,4839.4823476
2026-06-21 12:00:00+00:00,1725.48,1732.76,1717.48,1730.79,5605.918587
2026-06-21 16:00:00+00:00,1730.69,1739.27,1721.68,1734.33,4180.20305606
2026-06-21 20:00:00+00:00,1734.3,1735.36,1701.51,1707.76,10290.6721417
2026-06-22 00:00:00+00:00,1707.15,1759.85,1707.15,1730.21,12851.29628627
2026-06-22 04:00:00+00:00,1730.12,1751.27,1727.74,1746.36,4328.5025723
2026-06-22 08:00:00+00:00,1746.37,1774.42,1743.49,1767.56,6757.30025065
2026-06-22 12:00:00+00:00,1767.79,1779.65,1742.33,1744.83,13481.43698821
2026-06-22 16:00:00+00:00,1745.23,1747.65,1729.18,1734.38,9554.335031
2026-06-22 20:00:00+00:00,1734.52,1739.76,1717.12,1728.34,6221.9598149
2026-06-23 00:00:00+00:00,1727.8,1736.22,1720.43,1729.8,4023.72355544
2026-06-23 04:00:00+00:00,1729.8,1731.21,1680.9,1682.89,11511.9312221
2026-06-23 08:00:00+00:00,1682.95,1684.62,1633.96,1660.86,16221.1481794
2026-06-23 12:00:00+00:00,1660.86,1672.17,1645.34,1659.6,14321.0245698
2026-06-23 16:00:00+00:00,1659.6,1673.89,1649.84,1662.28,8531.087003
2026-06-23 20:00:00+00:00,1662.63,1672.77,1660.15,1667.27,4318.1002356
2026-06-24 00:00:00+00:00,1667.27,1680.28,1658.31,1666.56,6398.7055291
2026-06-24 04:00:00+00:00,1666.94,1679.26,1658.36,1672.9,5484.2272132
2026-06-24 08:00:00+00:00,1673.46,1692.46,1655.91,1679.4,7604.1448807
2026-06-24 12:00:00+00:00,1679.61,1681.25,1616.93,1618.46,31352.595331400847
2026-06-24 16:00:00+00:00,1618.04,1635.91,1552.81,1585.08,44050.4168022
2026-06-24 20:00:00+00:00,1584.7,1629.62,1579.98,1622.17,14731.32645652
2026-06-25 00:00:00+00:00,1622.5,1626.2,1614.56,1619.65,5082.999874
2026-06-25 04:00:00+00:00,1619.49,1660.39,1617.09,1657.26,10742.8727085
2026-06-25 08:00:00+00:00,1657.27,1658.93,1628.16,1632.96,6536.96361564
2026-06-25 12:00:00+00:00,1633.37,1649.94,1532.6,1570.05,62278.21912814
2026-06-25 16:00:00+00:00,1570.6,1587.5,1554.67,1559.38,14220.8025278
2026-06-25 20:00:00+00:00,1559.45,1583.45,1556.86,1567.51,7242.600293
2026-06-26 00:00:00+00:00,1567.96,1571.68,1512.41,1558.08,23296.144613
2026-06-26 04:00:00+00:00,1558.24,1586.17,1543.63,1580.77,9439.3336246
2026-06-26 08:00:00+00:00,1580.82,1582.21,1541.04,1545.12,8884.95599979
2026-06-26 12:00:00+00:00,1545.12,1588.0,1521.63,1580.18,28620.6059385
2026-06-26 16:00:00+00:00,1580.28,1594.36,1570.57,1574.37,6782.1607518
2026-06-26 20:00:00+00:00,1574.46,1583.32,1567.92,1578.73,3317.5494793
2026-06-27 00:00:00+00:00,1578.68,1586.96,1571.66,1580.79,2839.0718229
2026-06-27 04:00:00+00:00,1580.62,1586.4,1575.29,1585.63,2907.4447973
2026-06-27 08:00:00+00:00,1585.62,1585.89,1578.97,1583.86,2300.7627545
2026-06-27 12:00:00+00:00,1583.86,1610.73,1581.37,1605.35,5057.1681701
2026-06-27 16:00:00+00:00,1605.36,1607.63,1573.33,1578.75,5960.4163024
2026-06-27 20:00:00+00:00,1578.6,1585.29,1562.74,1573.99,3975.94136403
2026-06-28 00:00:00+00:00,1573.99,1579.96,1569.19,1575.15,2135.064213
2026-06-28 04:00:00+00:00,1575.16,1577.47,1562.74,1576.12,3290.5104744
2026-06-28 08:00:00+00:00,1575.96,1586.11,1572.14,1582.93,3522.7755193
2026-06-28 12:00:00+00:00,1582.93,1589.01,1574.98,1580.82,3502.19170953
2026-06-28 16:00:00+00:00,1581.11,1581.96,1556.88,1564.81,5348.9801439
2026-06-28 20:00:00+00:00,1564.65,1581.94,1548.34,1571.85,7768.9748253
2026-06-29 00:00:00+00:00,1572.03,1589.33,1550.47,1584.98,8106.0218307
2026-06-29 04:00:00+00:00,1584.67,1588.9,1562.51,1580.23,4842.07306074
2026-06-29 08:00:00+00:00,1580.08,1586.7,1570.31,1574.96,5643.1272182
2026-06-29 12:00:00+00:00,1574.98,1596.64,1557.6,1580.0,20229.2785613
2026-06-29 16:00:00+00:00,1580.09,1637.4,1574.1,1625.62,12450.22727409
2026-06-29 20:00:00+00:00,1626.0,1626.8,1607.99,1613.21,3542.8642372
2026-06-30 00:00:00+00:00,1612.87,1614.23,1586.67,1587.43,5717.0299169
2026-06-30 04:00:00+00:00,1587.37,1596.04,1580.0,1592.18,5001.54269673
2026-06-30 08:00:00+00:00,1592.19,1594.14,1576.25,1578.67,7198.806038768737
2026-06-30 12:00:00+00:00,1578.5,1578.51,1550.41,1565.04,14142.1613812
2026-06-30 16:00:00+00:00,1565.35,1581.93,1561.97,1580.73,4655.0703503
2026-06-30 20:00:00+00:00,1580.23,1582.91,1566.13,1571.92,4103.863730681742
2026-07-01 00:00:00+00:00,1572.38,1599.01,1553.17,1594.2,9353.9631104
2026-07-01 04:00:00+00:00,1594.49,1603.98,1571.62,1578.32,6486.4312351
2026-07-01 08:00:00+00:00,1578.32,1585.09,1566.97,1569.93,5213.7418707
2026-07-01 12:00:00+00:00,1570.11,1630.87,1565.26,1620.03,15153.843561
2026-07-01 16:00:00+00:00,1619.79,1629.29,1607.22,1617.71,6518.367387
2026-07-01 20:00:00+00:00,1618.03,1646.35,1608.61,1609.64,9238.8464561
2026-07-02 00:00:00+00:00,1609.64,1642.31,1597.13,1639.7,8681.75052721
2026-07-02 04:00:00+00:00,1639.7,1640.1,1614.58,1616.18,5449.94308981
2026-07-02 08:00:00+00:00,1616.03,1654.82,1615.35,1650.16,10155.9844045
2026-07-02 12:00:00+00:00,1649.84,1724.3,1647.56,1697.05,18211.2965185
2026-07-02 16:00:00+00:00,1697.09,1706.86,1686.62,1700.1,5523.6823841
2026-07-02 20:00:00+00:00,1700.0,1706.77,1692.2,1700.41,2431.0079109
2026-07-03 00:00:00+00:00,1700.55,1718.96,1694.61,1706.73,3879.9113067
2026-07-03 04:00:00+00:00,1706.73,1721.97,1702.39,1717.8,2790.09415593
2026-07-03 08:00:00+00:00,1717.8,1748.82,1715.59,1742.53,6226.54244322
2026-07-03 12:00:00+00:00,1742.67,1753.37,1729.11,1731.1,5212.24589449
2026-07-03 16:00:00+00:00,1731.16,1753.0,1727.85,1745.68,3778.5555331
2026-07-03 20:00:00+00:00,1745.24,1775.66,1743.7,1758.4,6343.11344607
2026-07-04 00:00:00+00:00,1758.07,1764.07,1744.24,1753.99,2039.1040142
2026-07-04 04:00:00+00:00,1753.92,1764.74,1751.62,1758.41,1999.6321239
2026-07-04 08:00:00+00:00,1758.28,1765.5,1755.0,1758.26,2155.4056078
2026-07-04 12:00:00+00:00,1758.27,1800.0,1758.26,1791.31,6709.73457839
2026-07-04 16:00:00+00:00,1791.22,1807.33,1779.16,1792.6,4605.09326069
2026-07-04 20:00:00+00:00,1792.37,1795.78,1772.67,1780.7,3556.84704495
2026-07-05 00:00:00+00:00,1780.7,1780.78,1757.16,1761.51,2579.63186404
2026-07-05 04:00:00+00:00,1761.51,1772.57,1759.96,1769.93,2166.82004901
2026-07-05 08:00:00+00:00,1769.9,1772.9,1748.57,1759.86,2648.0243348
2026-07-05 12:00:00+00:00,1760.14,1781.24,1756.16,1774.4,2846.6990272
2026-07-05 16:00:00+00:00,1774.56,1785.97,1770.44,1781.39,3545.8639085
2026-07-05 20:00:00+00:00,1781.4,1808.34,1769.48,1786.0,7427.8149622
2026-07-06 00:00:00+00:00,1785.88,1799.1,1772.35,1779.75,3519.69578368
2026-07-06 04:00:00+00:00,1779.76,1785.03,1764.92,1772.31,2972.2259282
2026-07-06 08:00:00+00:00,1772.31,1778.28,1755.88,1759.35,4619.17268347
2026-07-06 12:00:00+00:00,1759.31,1788.72,1728.61,1787.77,13321.45324283
2026-07-06 16:00:00+00:00,1788.73,1805.0,1782.18,1792.12,6738.53747435
2026-07-06 20:00:00+00:00,1792.34,1833.58,1787.37,1799.41,7002.2890571
2026-07-07 00:00:00+00:00,1799.64,1810.2,1768.99,1771.67,5585.2756006
2026-07-07 04:00:00+00:00,1771.48,1782.68,1757.92,1771.26,3240.7455001
2026-07-07 08:00:00+00:00,1771.27,1784.62,1768.24,1780.76,3612.0698723
2026-07-07 12:00:00+00:00,1780.77,1803.2,1761.31,1797.66,10547.2318457
2026-07-07 16:00:00+00:00,1797.52,1812.38,1773.52,1790.44,6164.4266747
2026-07-07 20:00:00+00:00,1790.69,1793.2,1765.55,1771.37,4450.43628503
2026-07-08 00:00:00+00:00,1771.49,1785.0,1741.68,1751.5,5921.1168081
2026-07-08 04:00:00+00:00,1751.66,1759.8,1745.2,1756.8,2653.3771628
2026-07-08 08:00:00+00:00,1756.63,1758.65,1725.26,1747.88,7321.4148613
2026-07-08 12:00:00+00:00,1747.88,1751.33,1713.55,1722.93,8330.6283472
2026-07-08 16:00:00+00:00,1722.79,1746.16,1722.79,1740.93,4797.177106
2026-07-08 20:00:00+00:00,1740.98,1744.84,1731.48,1743.47,2523.33645
2026-07-09 00:00:00+00:00,1743.33,1755.99,1721.67,1730.5,4756.6378961
2026-07-09 04:00:00+00:00,1730.67,1762.16,1730.18,1753.28,4097.7276942
2026-07-09 08:00:00+00:00,1753.19,1758.58,1741.16,1743.85,3462.21444
2026-07-09 12:00:00+00:00,1743.77,1752.17,1733.66,1739.24,7768.0899353
2026-07-09 16:00:00+00:00,1739.42,1759.67,1731.9,1748.34,4606.776534
2026-07-09 20:00:00+00:00,1748.49,1751.35,1741.67,1745.12,2947.2933509
2026-07-10 00:00:00+00:00,1745.19,1779.39,1737.65,1775.54,7286.2276886
2026-07-10 04:00:00+00:00,1775.87,1780.08,1768.77,1773.15,4077.0281467
2026-07-10 08:00:00+00:00,1773.16,1802.7,1772.42,1801.17,6076.52681406
2026-07-10 12:00:00+00:00,1801.26,1812.03,1775.67,1790.9,7234.70351678
2026-07-10 16:00:00+00:00,1791.01,1799.28,1781.61,1792.66,4953.9317226
2026-07-10 20:00:00+00:00,1792.49,1797.87,1789.26,1796.98,3694.2200371
2026-07-11 00:00:00+00:00,1796.89,1799.06,1786.72,1796.48,2825.0358264
2026-07-11 04:00:00+00:00,1796.48,1803.79,1794.69,1799.63,2243.9944503
2026-07-11 08:00:00+00:00,1799.63,1803.39,1795.31,1800.29,1735.4413345
2026-07-11 12:00:00+00:00,1800.28,1827.64,1798.28,1814.77,6804.6143739
2026-07-11 16:00:00+00:00,1814.77,1829.97,1810.97,1824.58,4317.2871566
2026-07-11 20:00:00+00:00,1824.58,1829.21,1786.95,1787.81,5551.70776865
2026-07-12 00:00:00+00:00,1787.81,1814.04,1780.0,1811.4,5293.9125202
2026-07-12 04:00:00+00:00,1811.61,1812.58,1789.49,1798.87,2471.3678233
2026-07-12 08:00:00+00:00,1798.75,1809.01,1796.61,1803.74,2486.5514734
2026-07-12 12:00:00+00:00,1803.73,1826.71,1803.09,1820.98,3384.7044515
2026-07-12 16:00:00+00:00,1820.99,1824.19,1814.91,1821.36,2558.09656081
2026-07-12 20:00:00+00:00,1821.36,1824.0,1797.53,1806.56,2833.5334525
2026-07-13 00:00:00+00:00,1806.52,1847.0,1775.07,1780.68,10754.9585046
2026-07-13 04:00:00+00:00,1780.26,1791.22,1773.94,1787.38,4954.7701584
2026-07-13 08:00:00+00:00,1787.38,1793.0,1777.12,1780.65,5769.8246731
2026-07-13 12:00:00+00:00,1780.66,1786.33,1762.4,1777.15,8106.3976527
2026-07-13 16:00:00+00:00,1777.15,1780.7,1750.47,1774.81,6564.0944874
2026-07-13 20:00:00+00:00,1774.81,1777.95,1752.33,1776.64,4205.7526861
2026-07-14 00:00:00+00:00,1776.65,1794.26,1773.46,1783.55,3688.87102514
2026-07-14 04:00:00+00:00,1783.56,1792.99,1779.32,1781.12,3322.9662372
2026-07-14 08:00:00+00:00,1781.12,1804.74,1778.75,1797.87,6245.5930978
2026-07-14 12:00:00+00:00,1797.87,1888.59,1794.23,1874.89,18466.6798993
2026-07-14 16:00:00+00:00,1875.11,1881.46,1860.62,1876.92,4076.6398336
2026-07-14 20:00:00+00:00,1876.9,1896.05,1872.04,1891.25,4613.09953388
2026-07-15 00:00:00+00:00,1892.1,1893.17,1864.52,1876.06,3630.3188665
2026-07-15 04:00:00+00:00,1876.05,1891.55,1864.96,1869.84,3985.6188934
2026-07-15 08:00:00+00:00,1869.84,1886.33,1869.84,1884.82,3896.1295661
2026-07-15 12:00:00+00:00,1884.54,1946.09,1879.16,1931.85,13722.497066
2026-07-15 16:00:00+00:00,1931.85,1936.48,1904.5,1923.5,6085.0312995
2026-07-15 20:00:00+00:00,1924.01,1930.43,1914.74,1917.72,3314.2244438
2026-07-16 00:00:00+00:00,1917.71,1928.99,1908.16,1918.63,3045.4733153
2026-07-16 04:00:00+00:00,1918.63,1929.19,1905.14,1910.79,2875.65003385
2026-07-16 08:00:00+00:00,1910.51,1912.82,1875.0,1885.09,6622.45816881
2026-07-16 12:00:00+00:00,1884.92,1894.29,1867.73,1881.72,6098.8836852
2026-07-16 16:00:00+00:00,1881.72,1887.72,1862.13,1875.81,3985.9484083
2026-07-16 20:00:00+00:00,1875.75,1881.5,1856.32,1864.56,3906.2105648
2026-07-17 00:00:00+00:00,1864.56,1871.03,1843.24,1852.53,5034.7873908
2026-07-17 04:00:00+00:00,1852.52,1852.8,1820.94,1828.25,4826.96722
2026-07-17 08:00:00+00:00,1828.25,1843.17,1821.5,1839.04,3719.9417466
2026-07-17 12:00:00+00:00,1839.14,1840.2,1803.97,1830.81,8531.9841119
2026-07-17 16:00:00+00:00,1830.46,1856.1,1826.7,1843.63,4718.95931817
2026-07-17 20:00:00+00:00,1844.03,1846.8,1835.09,1841.78,2012.4660688
2026-07-18 00:00:00+00:00,1841.95,1846.79,1839.41,1846.09,1486.9959316
2026-07-18 04:00:00+00:00,1846.09,1849.61,1842.55,1844.19,1036.8007781
2026-07-18 08:00:00+00:00,1844.19,1849.37,1842.17,1845.39,1911.0392116
2026-07-18 12:00:00+00:00,1845.4,1850.43,1837.36,1843.89,2250.7290072
2026-07-18 16:00:00+00:00,1843.9,1867.51,1841.51,1858.34,4139.61676519
2026-07-18 20:00:00+00:00,1858.34,1865.6,1855.85,1862.87,2789.3725926
2026-07-19 00:00:00+00:00,1862.66,1877.58,1858.5,1867.25,2568.3183753
2026-07-19 04:00:00+00:00,1867.31,1872.0,1864.57,1870.15,2006.1061886
2026-07-19 08:00:00+00:00,1870.25,1879.4,1864.17,1871.26,2381.7078634
2026-07-19 12:00:00+00:00,1871.26,1879.17,1864.61,1871.19,3301.5720322
2026-07-19 16:00:00+00:00,1871.0,1873.68,1852.38,1862.21,4107.9055948
2026-07-19 20:00:00+00:00,1862.21,1877.1,1857.03,1872.11,3804.93715411
2026-07-20 00:00:00+00:00,1872.11,1891.55,1862.6,1879.36,5338.5052381
2026-07-20 04:00:00+00:00,1879.57,1879.93,1842.9,1864.06,4829.5742908
2026-07-20 08:00:00+00:00,1864.06,1896.29,1854.41,1893.19,6364.8952089
2026-07-20 12:00:00+00:00,1893.18,1905.4,1853.67,1902.57,9031.39209909
2026-07-20 16:00:00+00:00,1902.29,1918.13,1890.0,1898.41,6959.1150238
2026-07-20 20:00:00+00:00,1898.8,1907.49,1894.24,1904.55,2408.541111
2026-07-21 00:00:00+00:00,1904.66,1928.49,1900.76,1926.82,4778.3552353
2026-07-21 04:00:00+00:00,1926.72,1940.27,1922.01,1934.28,3815.53644493
2026-07-21 08:00:00+00:00,1934.28,1952.93,1926.74,1935.69,6299.98321757
2026-07-21 12:00:00+00:00,1935.82,1945.24,1923.57,1932.1,5607.44331879
2026-07-21 16:00:00+00:00,1931.9,1935.46,1914.12,1923.41,5298.44966457
2026-07-21 20:00:00+00:00,1923.3,1931.76,1916.62,1929.86,2480.9712268
2026-07-22 00:00:00+00:00,1930.24,1944.04,1926.58,1928.78,3596.3044065
2026-07-22 04:00:00+00:00,1928.6,1939.38,1910.47,1914.15,3551.4961907
2026-07-22 08:00:00+00:00,1914.15,1933.27,1914.14,1927.13,4065.6961783
2026-07-22 12:00:00+00:00,1927.13,1955.69,1913.31,1942.72,8795.598998340838
2026-07-22 16:00:00+00:00,1942.73,1956.19,1921.06,1925.11,6075.80265749
2026-07-22 20:00:00+00:00,1924.96,1939.65,1922.77,1934.07,3262.087128
2026-07-23 00:00:00+00:00,1934.57,1941.6,1917.75,1920.56,3454.8195282
2026-07-23 04:00:00+00:00,1920.56,1928.73,1912.54,1915.54,3122.3105733
2026-07-23 08:00:00+00:00,1915.54,1931.16,1914.38,1925.77,3968.4738453
2026-07-23 12:00:00+00:00,1925.77,1927.8,1883.19,1895.3,9100.1207932
2026-07-23 16:00:00+00:00,1895.43,1895.61,1869.5,1876.19,4977.1770247
2026-07-23 20:00:00+00:00,1875.57,1888.86,1872.31,1878.34,3860.6582878
2026-07-24 00:00:00+00:00,1878.36,1881.24,1859.72,1880.82,5114.0613886
2026-07-24 04:00:00+00:00,1880.94,1909.69,1873.74,1895.82,5556.8676692
2026-07-24 08:00:00+00:00,1895.82,1895.83,1876.71,1883.76,4576.62745193
2026-07-24 12:00:00+00:00,1883.62,1885.86,1848.01,1861.94,9910.2320277
2026-07-24 16:00:00+00:00,1861.92,1866.34,1853.53,1863.74,3185.3298252
2026-07-24 20:00:00+00:00,1863.75,1865.37,1857.14,1861.75,2213.7256013
2026-07-25 00:00:00+00:00,1861.44,1864.48,1856.0,1858.91,2262.0721106
2026-07-25 04:00:00+00:00,1858.68,1862.95,1854.78,1856.34,1302.1010174
2026-07-25 08:00:00+00:00,1856.14,1859.96,1851.46,1857.84,1672.2638566
2026-07-25 12:00:00+00:00,1857.95,1871.63,1857.06,1867.71,3259.0538282
2026-07-25 16:00:00+00:00,1868.18,1877.0,1864.61,1874.66,2879.1249768
2026-07-25 20:00:00+00:00,1874.66,1876.77,1867.62,1875.04,1527.49840766
2026-07-26 00:00:00+00:00,1874.8,1883.72,1873.81,1881.73,1782.215292
2026-07-26 04:00:00+00:00,1882.61,1888.87,1878.44,1881.29,1764.5859137
2026-07-26 08:00:00+00:00,1881.53,1887.61,1879.28,1885.66,1751.9809421
2026-07-26 12:00:00+00:00,1885.67,1916.94,1881.86,1914.62,5881.0925399
2026-07-26 16:00:00+00:00,1914.41,1927.93,1908.62,1914.21,4158.39211432
2026-07-26 20:00:00+00:00,1914.41,1966.61,1911.26,1954.52,5749.9647002
2026-07-27 00:00:00+00:00,1954.89,1954.89,1936.53,1949.6,3909.7846967
2026-07-27 04:00:00+00:00,1949.61,1981.55,1948.68,1964.2,5596.6343508
2026-07-27 08:00:00+00:00,1964.42,1971.65,1956.84,1959.47,4124.3018879
2026-07-27 12:00:00+00:00,1959.0,1977.52,1919.59,1927.67,9659.7750636
2026-07-27 16:00:00+00:00,1927.63,1955.17,1922.52,1948.0,5522.3528708
2026-07-27 20:00:00+00:00,1948.27,1950.2,1882.36,1892.49,6509.8966476
2026-07-28 00:00:00+00:00,1892.48,1895.0,1866.76,1881.61,5053.7953494
2026-07-28 04:00:00+00:00,1881.52,1889.25,1876.69,1883.79,2814.97307192
2026-07-28 08:00:00+00:00,1883.79,1885.74,1872.01,1876.73,4985.6189782
2026-07-28 12:00:00+00:00,1876.68,1924.21,1857.03,1919.91,12467.7408943
2026-07-28 16:00:00+00:00,1919.71,1928.74,1893.26,1921.93,6687.8993481
2026-07-28 20:00:00+00:00,1922.0,1929.77,1904.21,1921.98,4477.5006325
2026-07-29 00:00:00+00:00,1921.97,1928.55,1891.16,1892.31,4275.0920437
2026-07-29 04:00:00+00:00,1892.64,1925.28,1884.61,1924.41,4594.7144395
2026-07-29 08:00:00+00:00,1924.79,1924.94,1909.86,1915.14,4256.267321
2026-07-29 12:00:00+00:00,1915.14,1915.3,1887.23,1892.07,6610.8358378
2026-07-29 16:00:00+00:00,1891.9,1934.7,1884.16,1888.74,9983.06373
2026-07-29 20:00:00+00:00,1889.0,1913.06,1874.02,1910.43,5232.7375298
2026-07-30 00:00:00+00:00,1910.58,1921.22,1894.11,1909.9,4047.4001904
2026-07-30 04:00:00+00:00,1910.1,1911.04,1899.8,1903.18,2722.7457846
2026-07-30 08:00:00+00:00,1903.6,1926.17,1900.59,1922.66,3258.9182829
2026-07-30 12:00:00+00:00,1923.24,1936.75,1913.63,1918.74,4979.36569827
2026-07-30 16:00:00+00:00,1919.33,1929.0,1914.7,1923.77,2477.11852193
2026-07-30 20:00:00+00:00,1923.72,1936.69,1916.02,1918.36,3848.73007863
2026-07-31 00:00:00+00:00,1918.36,1937.0,1899.19,1908.91,5598.17481856
2026-07-31 04:00:00+00:00,1908.76,1911.06,1884.7,1890.13,2715.1607061
2026-07-31 08:00:00+00:00,1890.13,1893.28,1877.8,1884.23,3402.7589609
2026-07-31 12:00:00+00:00,1884.31,1890.53,1848.9,1863.02,9690.6574075
2026-07-31 16:00:00+00:00,1862.75,1878.2,1861.11,1868.08,3061.1171605
2026-07-31 20:00:00+00:00,1868.57,1870.69,1858.65,1862.53,2547.4564845
2026-08-01 00:00:00+00:00,1862.76,1870.02,1862.5,1869.99,2374.2521177
2026-08-01 04:00:00+00:00,1869.99,1871.97,1865.49,1869.66,1280.0307132
2026-08-01 08:00:00+00:00,1869.81,1870.83,1862.7,1866.63,1751.8965971
2026-08-01 12:00:00+00:00,1866.64,1875.1,1866.64,1870.2,1093.6058086
2026-08-01 16:00:00+00:00,1870.11,1873.53,1822.11,1837.48,6163.331972
2026-08-01 20:00:00+00:00,1837.47,1849.01,1833.06,1845.09,2005.1363104
2026-08-02 00:00:00+00:00,1845.28,1884.22,1843.81,1877.4,4886.7933781
2026-08-02 04:00:00+00:00,1878.32,1882.58,1875.11,1876.04,1963.4864877
2026-08-02 08:00:00+00:00,1876.04,1878.82,1849.62,1852.3,2931.3660784
2026-08-02 12:00:00+00:00,1852.46,1862.8,1852.2,1858.67,2559.1216019
2026-08-02 16:00:00+00:00,1858.88,1887.15,1856.22,1882.23,3308.769678301374
2026-08-02 20:00:00+00:00,1882.23,1898.5,1876.21,1885.01,4754.7268643
2026-08-03 00:00:00+00:00,1885.19,1885.77,1851.4,1857.18,3533.1500541
2026-08-03 04:00:00+00:00,1856.91,1863.06,1840.06,1843.99,3923.5216252
2026-08-03 08:00:00+00:00,1843.99,1854.3,1828.81,1839.6,4822.5545879
2026-08-03 12:00:00+00:00,1839.77,1873.91,1836.92,1863.14,5564.66647409
2026-08-03 16:00:00+00:00,1863.32,1876.62,1861.32,1869.83,2920.914239
2026-08-03 20:00:00+00:00,1870.0,1875.74,1852.46,1860.47,2714.0220639
2026-08-04 00:00:00+00:00,1860.47,1871.79,1848.73,1864.09,3274.9672565
2026-08-04 04:00:00+00:00,1864.1,1874.7,1853.43,1863.92,3252.3549022
2026-08-04 08:00:00+00:00,1863.93,1874.5,1853.55,1873.0,3581.5231756
2026-08-04 12:00:00+00:00,1872.63,1881.94,1858.57,1872.79,4822.772453
2026-08-04 16:00:00+00:00,1873.02,1881.81,1865.32,1875.0,3566.6893181
2026-08-04 20:00:00+00:00,1875.38,1881.36,1866.33,1870.11,2424.2584072
2026-08-05 00:00:00+00:00,1869.83,1878.17,1861.37,1867.83,3117.0062182
2026-08-05 04:00:00+00:00,1867.71,1877.69,1863.71,1872.56,2394.0377564
2026-08-05 08:00:00+00:00,1872.52,1875.73,1866.15,1868.76,2702.7869019
2026-08-05 12:00:00+00:00,1868.75,1885.0,1855.6,1873.72,6396.332141765181
2026-08-05 16:00:00+00:00,1873.93,1927.93,1873.22,1916.74,6074.558886183082
2026-08-05 20:00:00+00:00,1916.84,1924.45,1904.38,1908.73,3779.4349943
2026-08-06 00:00:00+00:00,1908.73,1913.64,1895.0,1899.16,2905.340614
2026-08-06 04:00:00+00:00,1899.01,1918.71,1895.88,1909.52,2415.5041737
2026-08-06 08:00:00+00:00,1909.52,1920.66,1896.61,1907.27,4352.53690024
2026-08-06 12:00:00+00:00,1907.59,1919.63,1892.53,1910.72,4602.837498
2026-08-06 16:00:00+00:00,1910.72,1918.29,1903.91,1909.92,2854.21120152
2026-08-06 20:00:00+00:00,1909.77,1910.57,1898.97,1904.01,1539.4146642
2026-08-07 00:00:00+00:00,1904.0,1908.58,1896.17,1897.47,2566.9530597
2026-08-07 04:00:00+00:00,1897.47,1907.53,1894.36,1902.03,3323.032278
2026-08-07 08:00:00+00:00,1902.03,1920.95,1901.67,1916.3,3131.65384494
2026-08-07 12:00:00+00:00,1916.31,1943.0,1910.74,1917.96,5628.621686401457
2026-08-07 16:00:00+00:00,1918.25,1925.06,1905.17,1918.8,3688.2020539
2026-08-07 20:00:00+00:00,1918.78,1924.85,1912.69,1914.11,1479.7253841
2026-08-08 00:00:00+00:00,1914.11,1919.19,1912.31,1918.43,1154.63988442
2026-08-08 04:00:00+00:00,1918.07,1919.58,1913.97,1915.14,1022.1556017
2026-08-08 08:00:00+00:00,1915.14,1923.43,1914.81,1920.9,1523.5560986
2026-08-08 12:00:00+00:00,1920.89,1926.65,1918.48,1922.58,1483.49897032
2026-08-08 16:00:00+00:00,1922.58,1926.24,1919.83,1920.47,1235.2314426
2026-08-08 20:00:00+00:00,1920.47,1922.83,1914.73,1916.97,1986.2308536
2026-08-09 00:00:00+00:00,1916.98,1920.41,1912.76,1914.24,1348.309441
2026-08-09 04:00:00+00:00,1914.24,1919.34,1913.2,1918.91,749.1658414
2026-08-09 08:00:00+00:00,1919.14,1925.06,1913.84,1918.99,1922.00052907
2026-08-09 12:00:00+00:00,1919.0,1927.15,1916.32,1926.43,3116.7022219403607
2026-08-09 16:00:00+00:00,1926.42,1926.93,1920.19,1922.04,1324.53752248
2026-08-09 20:00:00+00:00,1921.98,1937.99,1907.64,1910.47,3742.2538222
2026-08-10 00:00:00+00:00,1910.61,1931.2,1905.31,1917.34,3751.1082852
2026-08-10 04:00:00+00:00,1917.33,1930.67,1912.79,1925.22,2286.9769946
2026-08-10 08:00:00+00:00,1925.23,1929.35,1914.78,1920.13,1972.67274049
2026-08-10 12:00:00+00:00,1920.14,1923.19,1871.73,1876.99,8034.17796354
2026-08-10 16:00:00+00:00,1876.74,1880.51,1868.01,1878.27,3722.2319047
2026-08-10 20:00:00+00:00,1878.53,1881.2,1870.02,1873.06,2411.3625482
2026-08-11 00:00:00+00:00,1873.11,1881.61,1871.04,1880.84,1905.5137829
2026-08-11 04:00:00+00:00,1880.84,1881.8,1870.9,1877.77,1668.8248531
2026-08-11 08:00:00+00:00,1877.77,1895.39,1875.84,1893.03,2945.837044703685
2026-08-11 12:00:00+00:00,1893.01,1897.71,1854.0,1862.95,6290.209893556092
2026-08-11 16:00:00+00:00,1862.94,1884.96,1860.01,1881.91,3227.6965698
2026-08-11 20:00:00+00:00,1881.9,1887.54,1878.92,1882.5,3458.6200111
2026-08-12 00:00:00+00:00,1882.38,1887.77,1880.77,1886.69,1129.9303552
2026-08-12 04:00:00+00:00,1886.7,1893.32,1885.34,1891.57,2039.5817365
2026-08-12 08:00:00+00:00,1891.58,1915.79,1889.76,1915.36,4132.2692185
2026-08-12 12:00:00+00:00,1915.55,1925.83,1884.43,1892.65,6725.44706447
2026-08-12 16:00:00+00:00,1892.43,1895.83,1878.0,1879.57,2270.38879193
2026-08-12 20:00:00+00:00,1879.21,1889.33,1873.25,1879.79,2440.3836978
2026-08-13 00:00:00+00:00,1879.83,1888.64,1873.2,1887.42,3014.1855947
2026-08-13 04:00:00+00:00,1887.42,1899.91,1885.5,1895.45,2132.8751943
2026-08-13 08:00:00+00:00,1895.55,1896.88,1875.47,1880.36,4726.4566962
2026-08-13 12:00:00+00:00,1880.36,1897.15,1879.23,1879.9,4119.2319412
2026-08-13 16:00:00+00:00,1880.37,1892.5,1863.54,1887.05,4507.4343151
2026-08-13 20:00:00+00:00,1887.47,1892.96,1884.63,1886.1,1638.7024268
2026-08-14 00:00:00+00:00,1886.11,1890.92,1882.65,1883.04,1339.9009289
2026-08-14 04:00:00+00:00,1882.92,1887.93,1872.23,1873.42,1621.311865
2026-08-14 08:00:00+00:00,1873.42,1881.05,1869.52,1878.07,2065.2203487
2026-08-14 12:00:00+00:00,1878.06,1884.43,1864.38,1881.94,3708.7640280356677
2026-08-14 16:00:00+00:00,1881.44,1888.18,1873.69,1880.97,2332.1705129
2026-08-14 20:00:00+00:00,1881.06,1882.73,1876.24,1882.2,1650.395209
2026-08-15 00:00:00+00:00,1882.21,1886.72,1881.19,1882.61,838.4186468
2026-08-15 04:00:00+00:00,1882.62,1885.36,1879.89,1880.26,725.66278997
2026-08-15 08:00:00+00:00,1880.26,1881.54,1875.9,1879.31,984.9995049
2026-08-15 12:00:00+00:00,1879.32,1885.78,1878.1,1884.94,991.48588481
2026-08-15 16:00:00+00:00,1884.94,1886.39,1882.46,1884.39,1099.3170676
2026-08-15 20:00:00+00:00,1884.39,1885.59,1882.0,1882.79,1422.018341
2026-08-16 00:00:00+00:00,1882.8,1885.19,1877.12,1882.94,1160.7968593
2026-08-16 04:00:00+00:00,1882.95,1884.54,1878.86,1881.33,823.155125
2026-08-16 08:00:00+00:00,1881.34,1882.29,1879.06,1880.62,719.9353018
2026-08-16 12:00:00+00:00,1880.63,1884.87,1878.99,1884.02,1042.3353819
2026-08-16 16:00:00+00:00,1884.02,1892.37,1882.6,1885.76,1603.3479799
2026-08-16 20:00:00+00:00,1885.77,1887.4,1869.4,1876.1,2603.59038532
2026-08-17 00:00:00+00:00,1876.1,1907.99,1872.73,1900.83,3490.8298368
2026-08-17 04:00:00+00:00,1900.84,1912.22,1897.82,1900.62,3039.18725557
2026-08-17 08:00:00+00:00,1900.63,1909.19,1891.46,1904.3,5151.4249866
2026-08-17 12:00:00+00:00,1904.3,1915.42,1896.04,1913.14,4101.977121402985
2026-08-17 16:00:00+00:00,1913.46,1914.27,1904.44,1907.35,2746.0711587
2026-08-17 20:00:00+00:00,1907.19,1918.74,1903.72,1913.54,2521.5997686
2026-08-18 00:00:00+00:00,1913.54,1914.4,1885.75,1894.69,2960.1501944
2026-08-18 04:00:00+00:00,1894.54,1906.58,1891.61,1898.48,2496.53838279
2026-08-18 08:00:00+00:00,1898.48,1905.65,1893.68,1903.1,3328.5611266
2026-08-18 12:00:00+00:00,1902.96,1922.71,1893.92,1917.59,5439.302470706471
2026-08-18 16:00:00+00:00,1917.6,1922.13,1903.0,1913.14,3289.109938
2026-08-18 20:00:00+00:00,1913.23,1920.04,1911.05,1917.8,2086.5300288
2026-08-19 00:00:00+00:00,1917.83,1919.23,1906.25,1912.18,3290.9592305
2026-08-19 04:00:00+00:00,1912.18,1921.2,1906.47,1916.08,2754.27740415
2026-08-19 08:00:00+00:00,1915.89,1929.78,1915.29,1923.11,2683.41416526
2026-08-19 12:00:00+00:00,1923.11,2114.36,1922.2,2085.6,23099.20692407634
2026-08-19 16:00:00+00:00,2085.79,2107.31,2067.47,2102.08,10646.413875678201
2026-08-19 20:00:00+00:00,2102.16,2334.57,2102.11,2253.27,28213.932551282072
2026-08-20 00:00:00+00:00,2252.53,2273.51,2223.37,2251.12,8073.096540517502
2026-08-20 04:00:00+00:00,2251.12,2266.92,2238.83,2251.25,4071.483503373865
2026-08-20 08:00:00+00:00,2251.85,2318.61,2249.17,2296.38,9550.534842054656
2026-08-20 12:00:00+00:00,2296.51,2338.03,2256.15,2327.04,12098.732897548649
2026-08-20 16:00:00+00:00,2326.8,2359.11,2310.65,2322.81,9602.793213933735
2026-08-20 20:00:00+00:00,2324.41,2339.77,2307.86,2327.02,5722.28862252308
2026-08-21 00:00:00+00:00,2326.88,2380.45,2324.9,2340.88,9354.78328187
2026-08-21 04:00:00+00:00,2340.88,2398.85,2340.88,2371.84,7522.241846013043
2026-08-21 08:00:00+00:00,2372.04,2448.39,2356.2,2370.43,14291.49289244
2026-08-21 12:00:00+00:00,2370.63,2408.22,2365.23,2393.39,9580.018817914268
2026-08-21 16:00:00+00:00,2393.39,2431.95,2383.94,2413.96,7759.63725735
2026-08-21 20:00:00+00:00,2413.97,2547.38,2409.13,2516.23,13728.84181031059
2026-08-22 00:00:00+00:00,2516.03,2528.54,2491.53,2514.96,6226.58086497
2026-08-22 04:00:00+00:00,2515.13,2530.16,2385.56,2433.07,18574.71997765
2026-08-22 08:00:00+00:00,2433.51,2440.64,2389.09,2423.73,7376.075656880944
2026-08-22 12:00:00+00:00,2423.97,2437.69,2405.9,2410.95,4225.8172836
2026-08-22 16:00:00+00:00,2411.0,2444.32,2408.92,2438.97,3272.3787288929343
2026-08-22 20:00:00+00:00,2439.41,2443.26,2403.56,2422.59,4905.81574308
2026-08-23 00:00:00+00:00,2422.6,2435.26,2407.9,2413.98,3255.19223931
2026-08-23 04:00:00+00:00,2413.69,2416.9,2356.33,2388.85,7358.556914236362
2026-08-23 08:00:00+00:00,2389.01,2438.21,2386.76,2433.53,5020.320785321694
2026-08-23 12:00:00+00:00,2433.53,2484.76,2388.51,2438.56,10816.613767903607
2026-08-23 16:00:00+00:00,2439.05,2459.25,2432.79,2445.01,4824.207625311541
2026-08-23 20:00:00+00:00,2445.0,2484.55,2436.43,2463.0,6749.587855730745
2026-08-24 00:00:00+00:00,2463.19,2466.85,2424.75,2430.42,6078.048985820768
2026-08-24 04:00:00+00:00,2430.93,2473.98,2428.74,2454.72,6148.998385255128
2026-08-24 08:00:00+00:00,2454.73,2508.53,2436.24,2494.45,7928.751344359405
2026-08-24 12:00:00+00:00,2494.24,2532.59,2474.58,2487.68,10900.58469878
2026-08-24 16:00:00+00:00,2488.07,2506.17,2455.05,2471.22,7187.337646377119
2026-08-24 20:00:00+00:00,2471.34,2490.0,2465.47,2482.25,3009.7776085
2026-08-25 00:00:00+00:00,2482.25,2532.0,2472.23,2499.04,7196.247712
2026-08-25 04:00:00+00:00,2498.68,2515.3,2464.14,2479.0,4536.254379879412
2026-08-25 08:00:00+00:00,2479.07,2497.92,2463.13,2477.97,4521.685469555518
2026-08-25 12:00:00+00:00,2477.98,2484.04,2439.65,2482.89,6924.3874742
2026-08-25 16:00:00+00:00,2482.98,2485.64,2454.9,2463.37,4143.350012938297
2026-08-25 20:00:00+00:00,2463.84,2464.39,2415.2,2442.61,4862.3526104
2026-08-26 00:00:00+00:00,2442.59,2469.54,2435.87,2465.49,2824.4264926
2026-08-26 04:00:00+00:00,2465.45,2472.46,2451.56,2461.51,2777.71016929
2026-08-26 08:00:00+00:00,2461.52,2475.1,2442.58,2462.76,4992.3901333
2026-08-26 12:00:00+00:00,2462.94,2471.59,2432.33,2449.71,5712.60653789
2026-08-26 16:00:00+00:00,2449.71,2483.59,2438.0,2470.79,4050.0655904785203
2026-08-26 20:00:00+00:00,2470.73,2514.78,2460.47,2506.7,5074.9113292
2026-08-27 00:00:00+00:00,2506.71,2510.47,2486.95,2492.74,3149.95944517424
2026-08-27 04:00:00+00:00,2492.75,2498.8,2482.0,2497.02,2498.5254035
2026-08-27 08:00:00+00:00,2497.02,2565.86,2486.95,2501.48,9277.91519882384
2026-08-27 12:00:00+00:00,2501.48,2531.92,2482.77,2521.7,5696.7031959
2026-08-27 16:00:00+00:00,2521.7,2533.7,2488.57,2498.19,6387.91594314
2026-08-27 20:00:00+00:00,2498.48,2517.22,2495.06,2510.69,2415.81173747
2026-08-28 00:00:00+00:00,2510.8,2534.49,2486.3,2489.89,4254.59018345
2026-08-28 04:00:00+00:00,2489.52,2505.15,2477.38,2495.9,2570.0835529
2026-08-28 08:00:00+00:00,2496.0,2511.85,2481.82,2505.28,2818.659041569787
2026-08-28 12:00:00+00:00,2505.28,2525.96,2469.29,2471.67,7932.038821724724
2026-08-28 16:00:00+00:00,2471.38,2474.01,2406.54,2435.48,8658.356474108594
2026-08-28 20:00:00+00:00,2435.63,2445.76,2422.52,2442.81,1938.62884858
2026-08-29 00:00:00+00:00,2442.82,2447.86,2434.73,2435.15,1076.03073628
2026-08-29 04:00:00+00:00,2435.15,2442.29,2430.77,2436.64,1269.8916123
2026-08-29 08:00:00+00:00,2436.64,2438.5,2431.24,2436.01,825.41110624
2026-08-29 12:00:00+00:00,2436.01,2452.43,2432.4,2444.69,1546.26169585
2026-08-29 16:00:00+00:00,2444.7,2458.63,2444.39,2453.46,1834.55161613
2026-08-29 20:00:00+00:00,2453.47,2459.63,2448.87,2457.42,1033.7771096
2026-08-30 00:00:00+00:00,2457.44,2467.69,2453.01,2457.1,1537.19833491
2026-08-30 04:00:00+00:00,2457.1,2461.29,2451.57,2455.23,977.4661669
2026-08-30 08:00:00+00:00,2455.23,2461.43,2451.99,2459.93,1519.0634513
2026-08-30 12:00:00+00:00,2459.93,2483.64,2458.41,2480.84,3921.34293854
2026-08-30 16:00:00+00:00,2481.33,2534.24,2479.03,2503.55,5976.635729371484
2026-08-30 20:00:00+00:00,2503.57,2508.28,2387.75,2416.95,8083.88042385
2026-08-31 00:00:00+00:00,2417.09,2440.0,2401.91,2421.46,4766.49625939
2026-08-31 04:00:00+00:00,2421.44,2446.39,2411.4,2440.37,3430.59448203
2026-08-31 08:00:00+00:00,2440.36,2457.64,2433.51,2446.13,3204.56057198
2026-08-31 12:00:00+00:00,2446.13,2477.91,2437.39,2467.62,5585.0495556
2026-08-31 16:00:00+00:00,2467.64,2490.0,2460.98,2481.84,4117.9059877
2026-08-31 20:00:00+00:00,2481.46,2486.67,2461.95,2467.52,2607.0038035
2026-09-01 00:00:00+00:00,2467.51,2482.5,2455.01,2472.13,2604.677529392933
2026-09-01 04:00:00+00:00,2472.14,2485.33,2466.75,2472.34,1695.554470495585
2026-09-01 08:00:00+00:00,2472.35,2473.52,2443.6,2459.18,3713.653782508886
2026-09-01 12:00:00+00:00,2459.18,2459.42,2425.97,2448.98,4744.2829128448775
2026-09-01 16:00:00+00:00,2448.99,2449.55,2383.17,2418.99,7053.555481486391
2026-09-01 20:00:00+00:00,2419.56,2426.83,2400.69,2418.41,2923.0699997
2026-09-02 00:00:00+00:00,2418.41,2424.08,2386.63,2414.37,3320.66109459
2026-09-02 04:00:00+00:00,2414.37,2428.7,2405.75,2417.66,2732.52519344
2026-09-02 08:00:00+00:00,2417.66,2420.38,2356.5,2381.73,5895.997623849633
2026-09-02 12:00:00+00:00,2381.72,2418.74,2377.11,2390.83,5311.5060538
2026-09-02 16:00:00+00:00,2390.86,2404.3,2372.64,2392.85,4070.3549856299364
2026-09-02 20:00:00+00:00,2393.13,2399.54,2377.08,2391.18,3472.12568221
2026-09-03 00:00:00+00:00,2391.18,2410.7,2370.0,2403.19,3878.5985576090206
2026-09-03 04:00:00+00:00,2403.2,2419.08,2379.25,2398.34,4156.2132693
2026-09-03 08:00:00+00:00,2398.34,2412.84,2390.08,2407.36,3593.28755825
2026-09-03 12:00:00+00:00,2407.37,2517.14,2405.43,2516.96,8422.89552733
2026-09-03 16:00:00+00:00,2516.97,2529.0,2488.54,2518.16,5457.528449076249
2026-09-03 20:00:00+00:00,2518.21,2526.48,2490.0,2507.47,3718.1993087446854
2026-09-04 00:00:00+00:00,2507.46,2517.14,2497.12,2505.18,3267.1897297
2026-09-04 04:00:00+00:00,2505.01,2524.62,2500.07,2504.29,4243.4916524
2026-09-04 08:00:00+00:00,2504.52,2546.6,2503.33,2523.04,7135.707796053329
2026-09-04 12:00:00+00:00,2523.03,2531.37,2432.19,2452.25,11587.18030062
2026-09-04 16:00:00+00:00,2451.75,2464.28,2443.31,2455.76,2661.10141744
2026-09-04 20:00:00+00:00,2455.66,2458.67,2449.78,2455.69,1996.13616109125
