ts,open,high,low,close,volume
2017-10-19 00:00:00+00:00,3812.00422456,5693.2105144,3806.38167633,5137.92726916,2.82469301
2017-10-20 00:00:00+00:00,5137.92726916,5998.20783053,5137.92726916,5698.29743879,3.45517171
2017-10-21 00:00:00+00:00,5698.29743879,6659.99999998,5691.99999971,5985.00000004,0.63803224
2017-10-22 00:00:00+00:00,5985.00000005,6659.99999999,5691.99999972,6500.0,1.87315265
2017-10-23 00:00:00+00:00,6229.65000043,6500.0,5691.99999971,6149.99999999,2.80964446
2017-10-24 00:00:00+00:00,6149.99999999,6149.99999999,5269.276017,5731.99999998,5.3596249
2017-10-25 00:00:00+00:00,5280.0,5779.99999999,5170.9931872,5779.99999999,6.82063157
2017-10-26 00:00:00+00:00,5779.99999999,6029.99999999,5450.0,6010.0,5.14549965
2017-10-27 00:00:00+00:00,5768.0,5999.0,5286.00001,5699.999999,8.92519132
2017-10-28 00:00:00+00:00,5774.22,5999.0,5420.000001,5701.0,11.81334225
2017-10-29 00:00:00+00:00,5701.0,6149.999999,5451.000001,6016.016017,11.27974578
2017-10-30 00:00:00+00:00,6016.016017,6474.999999,5799.0,6246.989999,13.21171606
2017-10-31 00:00:00+00:00,6132.0,6474.999999,6001.0,6310.200001,18.52782863
2017-11-01 00:00:00+00:00,6467.999999,6874.8,6310.10002,6874.8,10.55554485
2017-11-02 00:00:00+00:00,6873.999999,7300.0,6425.0,6988.0,11.73233803
2017-11-05 00:00:00+00:00,7305.0,7700.0,7006.000001,7305.000002,9.89491468
2017-11-06 00:00:00+00:00,7307.000001,7599.9,6902.0,7000.0,18.90451825
2017-11-09 00:00:00+00:00,7100.0,7450.0,7100.0,7115.0,12.56308722
2017-11-10 00:00:00+00:00,7115.0,7286.5,6188.000001,6290.000001,12.63744757
2017-11-11 00:00:00+00:00,6290.000001,6799.0,6227.0,6236.100001,28.10752851
2017-11-12 00:00:00+00:00,6236.100001,6850.0,5005.0,5600.0,14.84584356
2017-11-14 00:00:00+00:00,6700.0,6797.0,6050.000081,6271.000001,19.55912011
2017-11-15 00:00:00+00:00,6271.0,7300.0,6270.000003,6999.999999,27.06236843
2017-11-16 00:00:00+00:00,6999.999999,8599.0,6549.000001,7655.000001,28.79365284
2017-11-17 00:00:00+00:00,7700.0,8100.0,7501.000115,7700.000001,20.50247727
2017-11-18 00:00:00+00:00,7505.000004,7800.0,7505.000004,7661.0,6.46360155
2017-11-19 00:00:00+00:00,7661.000001,8100.0,7560.000001,7660.100007,2.57894847
2017-11-22 00:00:00+00:00,8183.765004,8497.999999,8121.000009,8287.499995,9.82938599
2017-11-23 00:00:00+00:00,8287.5,8385.749998,8000.000001,8090.49995,14.25697841
2017-11-24 00:00:00+00:00,8090.499948,8450.0,7835.388408,8271.0,13.68324442
2017-11-25 00:00:00+00:00,8271.0,8698.999999,8051.0,8456.0,20.24271438
2017-11-26 00:00:00+00:00,8456.0,9698.999998,8456.0,9180.5,18.52929156
2017-11-27 00:00:00+00:00,9225.499999,9953.999999,9209.499995,9739.499998,12.68101458
2017-11-28 00:00:00+00:00,9657.25,10000.0,9600.000001,9999.99,13.96611737
2017-11-29 00:00:00+00:00,9927.0,10000.0,8900.0,9700.0,8.28453909
2017-11-30 00:00:00+00:00,9999.999999,11192.999996,9010.0,9815.262385,9.50103957
2017-12-01 00:00:00+00:00,9815.262384,11000.0,9150.0,10524.999999,7.11949651
2017-12-02 00:00:00+00:00,10524.999999,11320.255256,10050.0,11124.999997,8.48656046
2017-12-03 00:00:00+00:00,11124.999998,11960.255255,10525.0,10768.018019,10.52418308
2017-12-04 00:00:00+00:00,10768.01802,11600.0,10752.027034,11462.5,6.7225771
2017-12-05 00:00:00+00:00,11462.5,11843.0,10000.0,11681.125501,10.59792198
2017-12-06 00:00:00+00:00,11681.1255,13875.0,11509.249999,13662.5,12.42213918
2017-12-07 00:00:00+00:00,13662.5,17999.999998,12001.0,16524.95,4.77103874
2017-12-08 00:00:00+00:00,16524.95,17895.499999,11848.88,16000.000001,10.11190906
2017-12-09 00:00:00+00:00,15646.345,16000.000001,13700.000001,15104.397541,12.85585414
2017-12-10 00:00:00+00:00,15104.397541,15900.0,12600.2,15350.0,13.44252997
2017-12-11 00:00:00+00:00,15030.0,17250.0,15015.015016,16499.900002,8.87326598
2017-12-12 00:00:00+00:00,16500.0,17350.0,16050.0,16425.0,8.9679707
2017-12-13 00:00:00+00:00,16375.0,16987.499993,14201.0,15420.990901,8.03062357
2017-12-14 00:00:00+00:00,15420.990901,16889.999999,15110.9909,15995.0,9.19073384
2017-12-15 00:00:00+00:00,15995.0,17900.0,15150.000002,17275.499987,9.23859792
2017-12-16 00:00:00+00:00,17275.499986,18990.0,16901.0,18789.25,8.44556912
2017-12-17 00:00:00+00:00,18686.0,19722.0,17888.0,18600.0,12.17424043
2017-12-18 00:00:00+00:00,18899.999999,19100.0,17888.0,18188.000001,12.91970832
2017-12-19 00:00:00+00:00,18188.000001,19104.0,14514.500003,17424.999996,16.61168383
2017-12-20 00:00:00+00:00,16514.500003,17424.999999,13200.0,15901.00002,4.57183526
2017-12-21 00:00:00+00:00,16000.000003,17200.0,13501.0,14500.0,10.50055063
2017-12-22 00:00:00+00:00,15015.015,15015.015,11500.000001,13700.0,21.57202736
2017-12-23 00:00:00+00:00,13700.0,15389.0,12607.000005,13802.183723,5.90744123
2017-12-24 00:00:00+00:00,14799.999999,14800.0,12000.000085,13200.000001,8.24220503
2017-12-25 00:00:00+00:00,13200.000004,14994.0,13000.0,13100.0,14.08172189
2017-12-26 00:00:00+00:00,13100.0,16434.54886,13011.0,15699.999999,9.47129536
2017-12-27 00:00:00+00:00,14464.363296,16300.0,14000.0,15898.989989,15.25555244
2017-12-28 00:00:00+00:00,15900.0,15900.0,11998.0,13250.0,30.16105481
2017-12-29 00:00:00+00:00,13250.0,15000.0,13100.0,14664.999996,33.16752986
2017-12-30 00:00:00+00:00,14250.000001,14599.999999,11249.999999,12360.000005,60.41473355
2017-12-31 00:00:00+00:00,12360.000007,13999.999,12200.0,12933.000002,33.90418222
2018-01-01 00:00:00+00:00,12933.000001,14150.0,12500.0,13586.89,29.88652676
2018-01-02 00:00:00+00:00,13586.89,15650.0,13000.0,14100.0,60.92228718
2018-01-03 00:00:00+00:00,14050.0,15980.0,13480.000002,15380.011104,57.43586306
2018-01-04 00:00:00+00:00,15131.011108,15450.000003,14000.1,15194.999997,59.16655119
2018-01-05 00:00:00+00:00,15194.999997,17350.0,14501.0,17266.663939,62.19273116
2018-01-06 00:00:00+00:00,16975.0,17390.0,15705.0,16850.000001,100.23578944
2018-01-07 00:00:00+00:00,16850.0,17000.0,15613.966099,16203.463017,142.41148896
2018-01-08 00:00:00+00:00,16203.463017,16347.999998,12001.0,15091.91025,302.91073628
2018-01-09 00:00:00+00:00,15077.7186,15850.0,13700.0,14628.930609,195.47815006
2018-01-10 00:00:00+00:00,14628.930609,15335.0,12751.279248,14680.000001,302.73932417
2018-01-11 00:00:00+00:00,14685.000001,14998.271076,9502.0,13000.000001,514.37683697
2018-01-12 00:00:00+00:00,13001.0,14167.1004,12400.0,13650.0,178.4516939
2018-01-13 00:00:00+00:00,13700.0,14900.0,13607.0,14010.03571,147.30408745
2018-01-14 00:00:00+00:00,14010.03571,14399.882802,11500.616338,13149.999999,371.78242113
2018-01-15 00:00:00+00:00,13144.999999,14499.0,12850.0,13448.998995,212.55487366
2018-01-16 00:00:00+00:00,13475.0,13524.886221,9554.0,11100.000002,774.6232858
2018-01-17 00:00:00+00:00,11100.000002,11889.999998,8600.0,10910.910914,817.96976666
2018-01-18 00:00:00+00:00,10910.910914,11911.000568,10200.000002,10900.0,528.60531594
2018-01-19 00:00:00+00:00,10900.0,11800.0,10500.0,11395.0,311.17280344
2018-01-20 00:00:00+00:00,11395.0,13100.0,11300.001473,12868.0,283.82462633
2018-01-21 00:00:00+00:00,12727.727732,12870.210946,10800.0004,11361.896042,464.73198213
2018-01-22 00:00:00+00:00,11361.896044,11999.999999,9841.359062,10797.876047,514.23784311
2018-01-23 00:00:00+00:00,10757.651804,11400.0,9939.000002,10878.000004,339.17996838
2018-01-24 00:00:00+00:00,10828.0,11600.0,10500.000011,11399.99,246.40502662
2018-01-25 00:00:00+00:00,11399.578999,11770.61334,10799.999998,11122.0,230.73727261
2018-01-26 00:00:00+00:00,11149.999997,11685.488629,10159.999398,11097.000002,427.66611484
2018-01-27 00:00:00+00:00,11097.000004,11700.0,10875.0,11600.003008,238.98154612
2018-01-28 00:00:00+00:00,11600.003008,12400.0,11462.000401,11896.999995,286.82559831
2018-01-29 00:00:00+00:00,11896.999995,12055.954339,11150.0,11257.999996,204.41020988
2018-01-30 00:00:00+00:00,11257.999996,11342.999998,9900.0,10288.448678,435.70624057
2018-01-31 00:00:00+00:00,10200.000003,10439.999987,9775.0,10233.0,239.68650084
2018-02-01 00:00:00+00:00,10233.0,10449.888887,8753.804313,9289.870332,397.35372285
2018-02-02 00:00:00+00:00,9289.870332,9390.283108,7863.304872,8849.999994,600.80342011
2018-02-03 00:00:00+00:00,8859.999995,9498.999721,8201.999,9199.999443,268.98009473
2018-02-04 00:00:00+00:00,9107.736677,9409.999999,7800.0,8117.000002,382.83719354
2018-02-05 00:00:00+00:00,8210.697671,8379.999999,6470.000001,6950.001,943.74007375
2018-02-06 00:00:00+00:00,6971.52,7930.0,5950.0,7676.000008,997.97560605
2018-02-07 00:00:00+00:00,7676.000008,8510.999998,7100.7,7572.421893,727.18102041
2018-02-08 00:00:00+00:00,7546.0,8634.0,7512.001722,8285.396547,587.5357467
2018-02-09 00:00:00+00:00,8285.396547,8750.0,7749.999998,8650.000002,539.57262806
2018-02-10 00:00:00+00:00,8650.000002,9096.999996,8055.0,8560.0,562.95426519
2018-02-11 00:00:00+00:00,8560.0,8560.0,7802.5,8023.998984,398.08754886
2018-02-12 00:00:00+00:00,8001.0,8989.0,8001.0,8919.999998,360.94890877
2018-02-13 00:00:00+00:00,8919.999996,8970.0,8350.0,8527.0,256.17976003
2018-02-14 00:00:00+00:00,8527.0,9495.998579,8527.0,9469.0,307.33998894
2018-02-15 00:00:00+00:00,9469.0,10230.0,9301.0,10003.000003,416.70087233
2018-02-16 00:00:00+00:00,10003.0,10298.084991,9675.555557,10159.0,193.71534872
2018-02-17 00:00:00+00:00,10159.0,11090.001094,10008.970441,11030.000765,201.26163306
2018-02-18 00:00:00+00:00,11032.99939,11268.0,9999.0,10390.220268,281.32536102
2018-02-19 00:00:00+00:00,10390.220268,11312.535142,10300.0,11136.5655,180.87260128
2018-02-20 00:00:00+00:00,11136.5655,11799.999998,11111.0,11177.0,235.28593532
2018-02-21 00:00:00+00:00,11177.0,11299.0,10120.5265,10411.634778,481.98659266
2018-02-22 00:00:00+00:00,10411.634043,10895.0,9629.292929,9772.1115,394.44716861
2018-02-23 00:00:00+00:00,9772.1115,10450.0,9555.0,10151.036292,333.30919364
2018-02-24 00:00:00+00:00,10151.036292,10500.0,9345.295935,9679.943842,279.38132183
2018-02-25 00:00:00+00:00,9679.943544,9849.999728,9300.0,9629.998582,188.99958455
2018-02-26 00:00:00+00:00,9629.998579,10463.169999,9333.000308,10290.0,270.04280365
2018-02-27 00:00:00+00:00,10315.000001,10924.0,10105.0,10589.0,284.57836455
2018-02-28 00:00:00+00:00,10572.000001,11110.0,10290.00002,10299.999999,208.34481014
2018-03-01 00:00:00+00:00,10299.999999,11079.999293,10250.0,10899.999998,162.92571371
2018-03-02 00:00:00+00:00,10904.534084,11199.0,10785.682606,11022.0,139.34883254
2018-03-03 00:00:00+00:00,11022.0,11598.99,11022.0,11467.279381,139.75381554
2018-03-04 00:00:00+00:00,11475.71358,11556.0,11063.0,11511.000093,126.62373453
2018-03-05 00:00:00+00:00,11511.000093,11745.007056,11416.081731,11496.356959,139.74219116
2018-03-06 00:00:00+00:00,11496.356959,11496.356959,10544.900002,10725.0,230.04243656
2018-03-07 00:00:00+00:00,10720.0,10903.300675,9345.0,9850.001445,409.22540961
2018-03-08 00:00:00+00:00,9850.00145,10095.272645,9050.0,9299.999997,277.68196779
2018-03-09 00:00:00+00:00,9279.998217,9395.230226,8311.0,9245.168678,624.6386359
2018-03-10 00:00:00+00:00,9240.120552,9573.888868,8640.000777,8760.0,301.01715796
2018-03-11 00:00:00+00:00,8759.0,9726.43048,8458.623052,9500.000002,261.87695086
2018-03-12 00:00:00+00:00,9528.0,9898.0,8783.0,9128.912031,222.25215601
2018-03-13 00:00:00+00:00,9100.000591,9450.0,8850.0,9188.7,181.24650219
2018-03-14 00:00:00+00:00,9187.859797,9320.780537,7910.0,8204.083065,388.15266911
2018-03-15 00:00:00+00:00,8177.863995,8426.676463,7650.0,8240.999363,326.74224908
2018-03-16 00:00:00+00:00,8241.0,8619.999999,7900.0,8280.244614,194.34196282
2018-03-17 00:00:00+00:00,8270.244614,8350.0,7695.0,7871.999999,182.39746499
2018-03-18 00:00:00+00:00,7845.137492,8321.613474,7302.0,8170.0,475.74473267
2018-03-19 00:00:00+00:00,8179.0,8750.0,8065.0,8599.0,397.6148733
2018-03-20 00:00:00+00:00,8550.0,9020.0,8280.0,8878.0,233.23453437
2018-03-21 00:00:00+00:00,8900.0,9181.0,8714.000003,8909.970172,238.43361788
2018-03-22 00:00:00+00:00,8905.0,9091.689571,8461.0,8690.969278,236.14129205
2018-03-23 00:00:00+00:00,8680.0,8900.0,8300.0,8900.0,290.20216265
2018-03-24 00:00:00+00:00,8899.999835,9000.0,8540.0,8540.0,206.37316295
2018-03-25 00:00:00+00:00,8540.0,8670.0,8405.0,8451.200001,269.87697139
2018-03-26 00:00:00+00:00,8477.000003,8569.999702,7802.0,8123.6701,462.4245109
2018-03-27 00:00:00+00:00,8123.6701,8254.999209,7705.0,7774.354431,228.18971696
2018-03-28 00:00:00+00:00,7776.17658,8120.0,7723.6717,7935.0,194.99952729
2018-03-29 00:00:00+00:00,7935.0,7970.0,6922.0,7079.862,407.82058007
2018-03-30 00:00:00+00:00,7099.999997,7295.0,6620.0,6854.1309,463.26105917
2018-03-31 00:00:00+00:00,6845.016133,7209.999998,6762.88832,6926.0,229.63006179
2018-04-01 00:00:00+00:00,6932.0581,7044.93833,6412.000001,6802.10862,236.33576826
2018-04-02 00:00:00+00:00,6802.10862,7117.0,6762.0,7050.0,207.36361883
2018-04-03 00:00:00+00:00,7044.000003,7517.0,7000.551829,7429.0,238.77870615
2018-04-04 00:00:00+00:00,7428.0,7449.999231,6690.980636,6770.0,281.04093528
2018-04-05 00:00:00+00:00,6797.467799,6907.846083,6545.166405,6784.25816,192.32092024
2018-04-06 00:00:00+00:00,6776.358164,6838.0,6510.0,6556.821972,134.00094499
2018-04-07 00:00:00+00:00,6556.821856,7093.333446,6556.821856,6880.0,154.74691504
2018-04-08 00:00:00+00:00,6863.0,7100.0,6848.51,7000.0,121.10681546
2018-04-09 00:00:00+00:00,6999.99,7199.0,6620.0,6767.883158,216.9252107
2018-04-10 00:00:00+00:00,6772.93698,6911.564621,6666.000001,6840.0,106.47789772
2018-04-11 00:00:00+00:00,6840.0,6995.0,6781.0,6965.178929,120.15439327
2018-04-12 00:00:00+00:00,6965.178929,7986.0,6752.906434,7933.915324,398.75561132
2018-04-13 00:00:00+00:00,7933.915324,8234.130556,7718.0,7863.1921,336.64454292
2018-04-14 00:00:00+00:00,7900.6197,8172.287263,7796.002588,7950.100306,169.22757191
2018-04-15 00:00:00+00:00,7995.0,8400.0,7995.0,8320.026456,159.10698874
2018-04-16 00:00:00+00:00,8335.026456,8414.999407,7863.74599,8080.0,196.60598847
2018-04-17 00:00:00+00:00,8046.03069,8223.795278,7851.0,7877.77787,169.94644187
2018-04-18 00:00:00+00:00,7889.92335,8223.7952,7882.66556,8160.0,171.07120634
2018-04-19 00:00:00+00:00,8164.999999,8320.0,8109.23,8287.041,183.28125678
2018-04-20 00:00:00+00:00,8287.045322,8883.999999,8169.988,8834.684098,267.30781896
2018-04-21 00:00:00+00:00,8834.684098,9008.4309,8550.142577,8895.360862,311.14811355
2018-04-22 00:00:00+00:00,8911.636368,9070.0,8725.825985,8772.488812,339.78189899
2018-04-23 00:00:00+00:00,8766.68835,8986.434981,8707.200345,8946.999999,265.38767639
2018-04-24 00:00:00+00:00,8946.999997,9649.128999,8917.85355,9629.2701,425.09885331
2018-04-25 00:00:00+00:00,9628.0,9717.999999,8627.618088,8834.88,702.27584058
2018-04-26 00:00:00+00:00,8834.88,9300.0,8638.000001,9274.10482,357.29744753
2018-04-27 00:00:00+00:00,9274.10482,9388.0,8888.89596,8908.04,239.01041845
2018-04-28 00:00:00+00:00,8908.04,9475.546618,8888.0,9352.999997,217.32476702
2018-04-29 00:00:00+00:00,9352.999997,9595.0,9177.030807,9449.999997,265.40497233
2018-04-30 00:00:00+00:00,9425.0,9480.0,9118.055238,9218.0,212.47038567
2018-05-01 00:00:00+00:00,9246.207477,9246.207477,8828.774031,9050.0,244.0439713
2018-05-02 00:00:00+00:00,9050.0,9291.133,8956.200261,9291.133,200.98773611
2018-05-03 00:00:00+00:00,9240.000684,9800.0,9175.132999,9765.99999,343.0519308
2018-05-04 00:00:00+00:00,9733.33,9800.0,9539.51774,9719.056,219.93036172
2018-05-05 00:00:00+00:00,9715.38699,10000.0,9688.584,9880.0,196.86505731
2018-05-06 00:00:00+00:00,9874.61481,9975.0,9432.0,9659.0,284.13459733
2018-05-07 00:00:00+00:00,9675.11661,9699.619799,9200.0,9405.0,289.63989373
2018-05-08 00:00:00+00:00,9364.110448,9486.989779,9100.0,9180.0,198.06967792
2018-05-09 00:00:00+00:00,9190.0,9392.060605,8950.0,9340.323104,195.62929469
2018-05-10 00:00:00+00:00,9340.323104,9480.0,9000.0,9029.6192,277.888589
2018-05-11 00:00:00+00:00,9029.6192,9072.210802,8350.561174,8367.263369,499.14485053
2018-05-12 00:00:00+00:00,8362.0,8683.263,8145.021413,8470.000002,380.33039112
2018-05-13 00:00:00+00:00,8470.000002,8882.51,8320.0,8690.636279,447.82098096
2018-05-14 00:00:00+00:00,8664.21684,8950.0,8289.410564,8649.0,419.94824899
2018-05-15 00:00:00+00:00,8656.0,8850.179575,8400.450421,8470.0,178.86349497
2018-05-16 00:00:00+00:00,8472.84186,8499.523,8095.570631,8334.0,250.44448231
2018-05-17 00:00:00+00:00,8346.419519,8449.05,7960.000008,8051.059368,234.90659076
2018-05-18 00:00:00+00:00,8030.0,8300.01,7920.011971,8248.139654,214.3252336
2018-05-19 00:00:00+00:00,8248.139654,8392.0,8135.0,8240.82284,169.30114666
2018-05-20 00:00:00+00:00,8220.82284,8590.275105,8177.014168,8510.0,128.83229328
2018-05-21 00:00:00+00:00,8510.0,8586.126906,8320.0,8399.999882,133.78939092
2018-05-22 00:00:00+00:00,8399.999881,8407.19999,7950.0,7975.0,206.58140646
2018-05-23 00:00:00+00:00,7975.0,8025.720924,7410.0,7494.785,360.72713245
2018-05-24 00:00:00+00:00,7494.785,7779.610708,7280.0,7569.99,315.88694119
2018-05-25 00:00:00+00:00,7569.99,7636.0,7320.00023,7431.115628,158.17556776
2018-05-26 00:00:00+00:00,7432.010419,7600.0,7300.0,7323.000001,97.85832899
2018-05-27 00:00:00+00:00,7337.43554,7394.999219,7200.0,7335.0,146.29321105
2018-05-28 00:00:00+00:00,7316.730251,7437.024298,7000.0,7088.617131,239.22758754
2018-05-29 00:00:00+00:00,7088.617131,7550.0,7021.000442,7449.95125,280.06281495
2018-05-30 00:00:00+00:00,7449.95125,7557.33823,7259.777298,7380.000001,191.79498513
2018-05-31 00:00:00+00:00,7380.000001,7633.378138,7327.374155,7476.65173,163.95133171
2018-06-01 00:00:00+00:00,7502.399999,7630.0,7369.0,7525.000001,144.30117632
2018-06-02 00:00:00+00:00,7525.000001,7693.288115,7443.414876,7671.918456,114.8317835
2018-06-03 00:00:00+00:00,7671.916957,7795.4406,7603.368351,7711.521558,137.78985387
2018-06-04 00:00:00+00:00,7711.521558,7750.0,7450.0,7495.012979,196.56734075
2018-06-05 00:00:00+00:00,7495.012979,7680.693636,7353.927796,7636.28,194.12541946
2018-06-06 00:00:00+00:00,7636.28,7684.51,7451.0,7662.221,129.18443457
2018-06-07 00:00:00+00:00,7662.221,7775.293786,7638.92,7680.0,89.81951646
2018-06-08 00:00:00+00:00,7682.416,7726.4544,7511.583787,7600.0,101.02250913
2018-06-09 00:00:00+00:00,7617.534659,7721.899725,7450.0,7493.999999,79.39305702
2018-06-10 00:00:00+00:00,7493.999999,7493.999999,6615.000656,6762.999999,434.35584857
2018-06-11 00:00:00+00:00,6762.999999,7001.289462,6615.000001,6850.329393,300.33863638
2018-06-12 00:00:00+00:00,6859.52845,6896.400444,6447.464224,6523.00784,204.37200116
2018-06-13 00:00:00+00:00,6524.451296,6612.0,6100.0,6299.999998,310.663263
2018-06-14 00:00:00+00:00,6289.45,6710.0,6260.0,6620.000001,241.20733826
2018-06-15 00:00:00+00:00,6641.907299,6658.648988,6361.133281,6377.0,131.54581515
2018-06-16 00:00:00+00:00,6377.1,6573.652706,6320.000506,6490.0,106.5802353
2018-06-17 00:00:00+00:00,6496.000004,6584.440013,6410.0,6420.464925,61.42824376
2018-06-18 00:00:00+00:00,6446.687639,6795.0,6370.951491,6722.0,132.93689678
2018-06-19 00:00:00+00:00,6702.01,6835.0,6660.0,6737.373251,110.66246056
2018-06-20 00:00:00+00:00,6750.0,6818.889492,6557.878534,6751.039936,150.87436601
2018-06-21 00:00:00+00:00,6764.640098,6830.635094,6668.627455,6715.648192,104.51147463
2018-06-22 00:00:00+00:00,6722.83128,6739.999999,5911.500001,6041.55532,332.91677185
2018-06-23 00:00:00+00:00,6041.55532,6258.624638,6005.596254,6150.0,144.91619462
2018-06-24 00:00:00+00:00,6157.672079,6241.320201,5736.812481,6137.370214,291.14375837
2018-06-25 00:00:00+00:00,6137.370214,6335.070427,6080.0,6236.480565,187.69463223
2018-06-26 00:00:00+00:00,6246.7458,6265.110355,6036.479738,6068.11,123.07849792
2018-06-27 00:00:00+00:00,6068.11,6188.897359,5992.334638,6139.692981,112.52129561
2018-06-28 00:00:00+00:00,6139.692989,6161.62624,5814.028081,5858.604311,161.15849122
2018-06-29 00:00:00+00:00,5847.750623,6290.0,5796.529994,6175.0,167.94850468
2018-06-30 00:00:00+00:00,6172.061845,6490.0,6172.061845,6396.825794,201.66145393
2018-07-01 00:00:00+00:00,6388.334698,6437.850394,6255.0,6361.084362,135.80249826
2018-07-02 00:00:00+00:00,6353.74,6676.707272,6271.947152,6610.0,241.67814297
2018-07-03 00:00:00+00:00,6610.0,6686.357176,6465.0,6499.677039,134.30365158
2018-07-04 00:00:00+00:00,6508.0,6774.983889,6414.057852,6585.127182,185.22224718
2018-07-05 00:00:00+00:00,6585.127182,6707.541995,6450.0,6532.833212,234.94566671
2018-07-06 00:00:00+00:00,6532.833212,6628.92,6439.259361,6603.5,273.04847692
2018-07-07 00:00:00+00:00,6603.5,6800.0,6510.246765,6761.389662,131.55710946
2018-07-08 00:00:00+00:00,6761.389662,6792.773818,6685.0,6705.0,124.06067421
2018-07-09 00:00:00+00:00,6705.0,6798.505625,6629.883958,6651.55703,142.43390747
2018-07-10 00:00:00+00:00,6651.670569,6681.862632,6273.193389,6290.5935,289.12534216
2018-07-11 00:00:00+00:00,6295.306765,6400.0,6271.815202,6367.91365,318.19698276
2018-07-12 00:00:00+00:00,6358.567472,6368.734996,6078.081903,6235.641993,233.60680227
2018-07-13 00:00:00+00:00,6239.6292,6342.8,6127.258272,6233.073104,114.7320178
2018-07-14 00:00:00+00:00,6216.542634,6321.20308,6180.0,6269.3855,63.29850068
2018-07-15 00:00:00+00:00,6263.211181,6395.0,6232.174422,6350.0,76.39498627
2018-07-16 00:00:00+00:00,6350.5,6747.153831,6332.029265,6729.447518,254.0502265
2018-07-17 00:00:00+00:00,6716.2953,7459.508491,6653.386469,7287.557777,270.48926951
2018-07-18 00:00:00+00:00,7287.55752,7581.063032,7236.133513,7376.429889,253.79955042
2018-07-19 00:00:00+00:00,7380.212535,7563.739999,7274.414343,7464.421246,178.3864836
2018-07-20 00:00:00+00:00,7468.623204,7683.0,7276.108628,7340.903638,196.32468772
2018-07-21 00:00:00+00:00,7336.652064,7449.99999,7222.772404,7399.466745,95.36647727
2018-07-22 00:00:00+00:00,7392.8214,7578.12,7341.610058,7408.1821,74.61458007
2018-07-23 00:00:00+00:00,7403.969152,7820.508955,7380.759217,7712.387556,120.10447942
2018-07-24 00:00:00+00:00,7734.230173,8485.0,7699.630472,8415.562953,300.33275469
2018-07-25 00:00:00+00:00,8409.687934,8487.888658,8059.06685,8160.000001,167.94681452
2018-07-26 00:00:00+00:00,8182.560574,8319.179352,7835.5668,7915.567995,166.79632156
2018-07-27 00:00:00+00:00,7915.907909,8280.885991,7810.0,8170.344,144.21712634
2018-07-28 00:00:00+00:00,8188.184257,8238.633309,8080.0,8234.152058,66.75948187
2018-07-29 00:00:00+00:00,8232.718871,8293.8016,8115.750395,8213.266686,67.25012815
2018-07-30 00:00:00+00:00,8229.416561,8275.569603,7861.4931,8168.716193,211.1160989
2018-07-31 00:00:00+00:00,8174.408082,8177.900525,7644.74493,7734.450328,215.39074199
2018-08-01 00:00:00+00:00,7741.745431,7749.4208,7442.750817,7596.858474,218.19722174
2018-08-02 00:00:00+00:00,7594.0,7700.0,7468.0,7538.383176,158.76480791
2018-08-03 00:00:00+00:00,7524.183244,7545.0,7287.0,7417.454641,149.54473685
2018-08-04 00:00:00+00:00,7392.267683,7498.089999,6930.000001,7000.0,134.23666871
2018-08-05 00:00:00+00:00,7012.516867,7083.942953,6890.0,7034.690185,129.68292536
2018-08-06 00:00:00+00:00,7029.999999,7155.222549,6853.0,6935.0,113.98423847
2018-08-07 00:00:00+00:00,6949.000001,7150.0,6676.11,6708.173709,191.59420154
2018-08-08 00:00:00+00:00,6709.434189,6714.347252,6126.75047,6283.758582,249.11402323
2018-08-09 00:00:00+00:00,6288.390838,6623.343457,6182.496444,6526.800002,134.82599974
2018-08-10 00:00:00+00:00,6546.817633,6580.046073,6034.105789,6137.063269,297.23678627
2018-08-11 00:00:00+00:00,6153.103858,6472.385556,5979.506239,6211.379093,261.07584178
2018-08-12 00:00:00+00:00,6235.515633,6450.821676,6153.817655,6300.038848,206.44141473
2018-08-13 00:00:00+00:00,6300.038847,6523.0,6153.820001,6242.848617,157.74423823
2018-08-14 00:00:00+00:00,6249.935468,6257.337863,5865.0,6190.433921,210.2042309
2018-08-15 00:00:00+00:00,6190.433921,6600.173563,6166.946455,6262.162827,208.28188413
2018-08-16 00:00:00+00:00,6262.162827,6477.681871,6218.819046,6309.20499,132.42450367
2018-08-17 00:00:00+00:00,6325.770051,6586.830815,6290.531513,6569.972726,268.31415985
2018-08-18 00:00:00+00:00,6568.52971,6608.323176,6300.0,6378.634391,169.1580287
2018-08-19 00:00:00+00:00,6390.0,6532.32,6307.927655,6479.977192,73.12641275
2018-08-20 00:00:00+00:00,6486.298747,6523.917042,6225.78,6245.328138,156.21708377
2018-08-21 00:00:00+00:00,6242.752783,6480.0,6229.905948,6472.067606,169.42220211
2018-08-22 00:00:00+00:00,6472.067606,6833.309717,6265.129117,6362.49116,260.55505059
2018-08-23 00:00:00+00:00,6350.710647,6568.475652,6343.460786,6533.243148,147.71217736
2018-08-24 00:00:00+00:00,6533.243142,6711.54,6455.547656,6675.766188,125.31341395
2018-08-25 00:00:00+00:00,6691.296069,6780.0,6648.082701,6730.79135,134.04253233
2018-08-26 00:00:00+00:00,6730.79135,6765.0,6564.848266,6711.005724,89.99523557
2018-08-27 00:00:00+00:00,6701.988375,6920.138337,6651.990013,6900.0,148.80576315
2018-08-28 00:00:00+00:00,6900.0,7120.0,6862.024693,7084.264267,374.05642115
2018-08-29 00:00:00+00:00,7070.12402,7127.426448,6920.122047,7028.244023,276.76997472
2018-08-30 00:00:00+00:00,7039.233493,7064.047056,6780.0,6986.652348,260.31212061
2018-08-31 00:00:00+00:00,6977.366127,7082.795592,6890.910667,7020.758088,228.74733742
2018-09-01 00:00:00+00:00,7018.474023,7273.434839,7018.474023,7198.473991,227.32737812
2018-09-02 00:00:00+00:00,7198.473991,7344.796153,7124.299503,7292.770894,215.60432335
2018-09-03 00:00:00+00:00,7296.100329,7330.0,7199.268531,7273.858614,155.47015792
2018-09-04 00:00:00+00:00,7261.0,7413.193136,7237.0,7360.0,143.11752137
2018-09-05 00:00:00+00:00,7360.0,7396.003236,6684.976342,6706.391184,467.39298508
2018-09-06 00:00:00+00:00,6706.391184,6724.38637,6301.586508,6512.453495,513.40472288
2018-09-07 00:00:00+00:00,6515.0,6539.259294,6320.000001,6386.436363,270.19577943
2018-09-08 00:00:00+00:00,6404.640112,6477.08066,6109.282084,6189.193029,174.27590884
2018-09-09 00:00:00+00:00,6189.193029,6441.604886,6149.464018,6241.341762,189.30829343
2018-09-10 00:00:00+00:00,6260.685749,6360.791088,6225.0,6307.271817,130.52261837
2018-09-11 00:00:00+00:00,6318.072567,6383.0,6180.0,6292.620885,243.19836977
2018-09-12 00:00:00+00:00,6297.082006,6358.181073,6194.660701,6339.508596,159.07624773
2018-09-13 00:00:00+00:00,6333.779185,6533.194602,6331.303192,6474.925169,174.20319876
2018-09-14 00:00:00+00:00,6484.490004,6584.440856,6400.0,6475.709411,126.95790974
2018-09-15 00:00:00+00:00,6475.709411,6563.566056,6464.088668,6511.175984,94.13942381
2018-09-16 00:00:00+00:00,6519.055395,6525.314525,6380.881846,6500.123456,69.47791652
2018-09-17 00:00:00+00:00,6495.53994,6542.440011,6212.0,6253.0,198.0105066
2018-09-18 00:00:00+00:00,6256.82671,6395.423199,6231.25348,6337.869937,236.68990667
2018-09-19 00:00:00+00:00,6337.869937,6517.833618,6120.796058,6390.888111,277.7879241
2018-09-20 00:00:00+00:00,6388.4545,6537.563093,6337.192846,6489.0,306.72692544
2018-09-21 00:00:00+00:00,6489.0,6775.0,6489.0,6760.1,310.71559862
2018-09-22 00:00:00+00:00,6760.1,6836.901942,6633.598391,6716.125419,161.73501377
2018-09-23 00:00:00+00:00,6725.000001,6777.777,6667.329601,6709.303601,170.33941066
2018-09-24 00:00:00+00:00,6702.18899,6730.350483,6558.817655,6585.546989,190.02315088
2018-09-25 00:00:00+00:00,6585.546989,6585.546989,6332.396522,6439.357569,177.96280113
2018-09-26 00:00:00+00:00,6439.357569,6560.298996,6385.817655,6461.254383,105.2327495
2018-09-27 00:00:00+00:00,6471.876057,6738.649999,6435.060427,6685.0,156.7429457
2018-09-28 00:00:00+00:00,6691.027503,6803.545607,6545.156057,6633.861171,225.41752407
2018-09-29 00:00:00+00:00,6637.03685,6637.03685,6470.373363,6605.788956,136.18753995
2018-09-30 00:00:00+00:00,6589.586498,6663.0,6537.34909,6615.100005,164.7850889
2018-10-01 00:00:00+00:00,6620.891627,6665.0,6514.594405,6614.945494,281.72002028
2018-10-02 00:00:00+00:00,6614.945494,6640.230367,6490.000001,6543.210844,164.27123762
2018-10-03 00:00:00+00:00,6528.538913,6550.378255,6435.0,6512.071911,178.15688752
2018-10-04 00:00:00+00:00,6512.071911,6642.0,6500.801473,6587.966561,122.59835966
2018-10-05 00:00:00+00:00,6587.966561,6691.0,6553.040708,6634.085162,97.78892481
2018-10-06 00:00:00+00:00,6631.398117,6648.649352,6564.17297,6596.59,102.99048595
2018-10-07 00:00:00+00:00,6596.59,6639.999999,6534.806094,6608.150662,93.03839454
2018-10-08 00:00:00+00:00,6615.612684,6701.839176,6588.235325,6666.226905,146.8963723
2018-10-09 00:00:00+00:00,6666.226905,6689.998998,6615.0,6661.968953,110.71942975
2018-10-10 00:00:00+00:00,6660.678087,6661.496898,6533.413645,6627.196539,149.51247711
2018-10-11 00:00:00+00:00,6625.622968,6625.623001,6210.000001,6258.893733,356.29780326
2018-10-12 00:00:00+00:00,6253.182086,6369.196566,6208.747108,6296.92069,159.3359395
2018-10-13 00:00:00+00:00,6293.606579,6338.475459,6288.886385,6333.540119,87.0943314
2018-10-14 00:00:00+00:00,6327.212905,6406.157089,6312.221386,6334.89975,121.30677866
2018-10-15 00:00:00+00:00,6336.362328,7550.0,6307.498708,6759.071365,789.12748886
2018-10-16 00:00:00+00:00,6756.446547,6892.162744,6678.75516,6762.161718,166.70076207
2018-10-17 00:00:00+00:00,6757.488985,6796.847224,6680.0,6741.34,152.01020523
2018-10-18 00:00:00+00:00,6736.262166,6800.0,6573.383122,6614.396878,168.88498966
2018-10-19 00:00:00+00:00,6615.945314,6646.853107,6523.000003,6532.428645,77.64394062
2018-10-20 00:00:00+00:00,6529.661824,6610.127943,6503.392705,6590.96878,62.63272472
2018-10-21 00:00:00+00:00,6582.592572,6658.774785,6579.813985,6588.311838,66.59684225
2018-10-22 00:00:00+00:00,6582.707307,6640.066769,6541.935271,6577.847411,187.32953661
2018-10-23 00:00:00+00:00,6576.716692,6593.746985,6525.234585,6548.191596,97.98305429
2018-10-24 00:00:00+00:00,6547.196353,6628.280885,6545.272941,6563.861545,92.81927237
2018-10-25 00:00:00+00:00,6563.861545,6575.14118,6507.347719,6532.58,86.71990811
2018-10-26 00:00:00+00:00,6532.579998,6618.0,6518.000003,6535.985141,200.18837708
2018-10-27 00:00:00+00:00,6535.985142,6555.8646,6481.098165,6502.320002,69.3482222
2018-10-28 00:00:00+00:00,6500.409739,6513.863499,6462.200336,6485.197264,68.15251933
2018-10-29 00:00:00+00:00,6492.509991,6503.983699,6314.167751,6348.49,114.64372921
2018-10-30 00:00:00+00:00,6350.75285,6386.753271,6320.278168,6336.268919,113.63345189
2018-10-31 00:00:00+00:00,6327.051425,6420.293262,6257.18216,6373.833345,120.21852995
2018-11-01 00:00:00+00:00,6372.363853,6433.096332,6355.747105,6412.941052,79.93333947
2018-11-02 00:00:00+00:00,6410.05337,6455.477388,6395.155537,6427.18777,53.99185589
2018-11-03 00:00:00+00:00,6432.889667,6436.868854,6340.018829,6389.014825,45.28506708
2018-11-04 00:00:00+00:00,6391.878532,6525.987584,6357.466492,6480.77771,74.43863914
2018-11-05 00:00:00+00:00,6483.840937,6499.955937,6434.743688,6473.020451,76.66449761
2018-11-06 00:00:00+00:00,6469.967695,6534.16,6440.95,6512.465201,91.42672059
2018-11-07 00:00:00+00:00,6518.01539,6614.141864,6511.44775,6579.349913,97.43087488
2018-11-08 00:00:00+00:00,6574.21825,6599.477929,6470.899015,6484.449998,151.92299325
2018-11-09 00:00:00+00:00,6481.119415,6508.525838,6400.0,6426.009058,192.20823535
2018-11-10 00:00:00+00:00,6426.009097,6484.215891,6421.17411,6432.876418,86.98287513
2018-11-11 00:00:00+00:00,6432.92671,6462.019878,6357.0,6459.048029,66.25881583
2018-11-12 00:00:00+00:00,6459.122592,6485.692508,6423.051572,6450.478741,67.263426
2018-11-13 00:00:00+00:00,6453.88202,6497.012048,6385.693956,6463.233662,102.3008065
2018-11-14 00:00:00+00:00,6458.574989,6494.073986,5675.383419,5918.396865,774.47871706
2018-11-15 00:00:00+00:00,5919.709302,5938.222271,5416.492988,5751.344809,572.5117887
2018-11-16 00:00:00+00:00,5748.541531,5780.14712,5555.338437,5652.545277,211.53309695
2018-11-17 00:00:00+00:00,5651.975873,5655.252431,5565.519895,5629.595303,134.02567847
2018-11-18 00:00:00+00:00,5628.333634,5759.52463,5618.382514,5664.350218,131.12284781
2018-11-19 00:00:00+00:00,5666.890516,5666.890516,4815.23999,4880.203405,583.53344493
2018-11-20 00:00:00+00:00,4877.582197,5007.866645,4324.582923,4558.541207,754.91884791
2018-11-21 00:00:00+00:00,4558.541207,4787.303672,4410.078938,4658.643083,450.26605054
2018-11-22 00:00:00+00:00,4662.788949,4719.822493,4339.545152,4352.83615,287.55469663
2018-11-23 00:00:00+00:00,4352.83615,4475.0,4221.099448,4409.085736,346.1250919
2018-11-24 00:00:00+00:00,4408.764768,4523.425671,3830.441973,3935.246356,411.87026184
2018-11-25 00:00:00+00:00,3935.246356,4228.0,3663.0,4095.51666,741.01328242
2018-11-26 00:00:00+00:00,4095.51666,4198.109465,3700.105081,3866.267683,566.43246951
2018-11-27 00:00:00+00:00,3849.366642,3938.163215,3693.478255,3873.461039,418.56645431
2018-11-28 00:00:00+00:00,3883.84956,4389.473635,3882.568961,4261.325036,550.27055363
2018-11-29 00:00:00+00:00,4267.557109,4441.528202,4120.0,4291.645671,401.4290627
2018-11-30 00:00:00+00:00,4295.25543,4337.303771,3947.204966,4039.636827,265.94082563
2018-12-01 00:00:00+00:00,4037.478902,4294.695288,3965.047122,4191.051895,182.03019849
2018-12-02 00:00:00+00:00,4191.044326,4309.999999,4104.456253,4162.727877,167.10324096
2018-12-03 00:00:00+00:00,4161.903114,4178.73441,3828.053303,3884.738765,244.09848332
2018-12-04 00:00:00+00:00,3888.058104,4077.470081,3790.000002,3956.33911,274.99698189
2018-12-05 00:00:00+00:00,3954.826154,3966.885264,3750.0,3778.535632,245.06906353
2018-12-06 00:00:00+00:00,3768.016171,3887.989999,3500.685036,3505.191632,466.47623459
2018-12-07 00:00:00+00:00,3513.04,3531.504019,3227.314267,3404.118444,718.87678657
2018-12-08 00:00:00+00:00,3397.92541,3499.999999,3283.589453,3411.82539,293.20383212
2018-12-09 00:00:00+00:00,3408.641687,3650.0,3394.366883,3552.282318,247.67660637
2018-12-10 00:00:00+00:00,3556.53642,3602.190251,3382.606495,3437.221688,305.66452715
2018-12-11 00:00:00+00:00,3432.28617,3466.056892,3320.37792,3380.786201,198.48494305
2018-12-12 00:00:00+00:00,3377.093925,3489.148542,3357.496783,3446.677769,180.19717823
2018-12-13 00:00:00+00:00,3445.316625,3454.14,3264.160217,3299.715403,231.50761315
2018-12-14 00:00:00+00:00,3300.136469,3333.96174,3180.0,3222.130004,280.3862293
2018-12-15 00:00:00+00:00,3219.3456,3261.407162,3160.000001,3214.246608,162.15210479
2018-12-16 00:00:00+00:00,3214.032737,3285.806038,3210.74545,3229.359252,223.99296051
2018-12-17 00:00:00+00:00,3226.444891,3581.9,3218.550073,3511.733273,494.87596436
2018-12-18 00:00:00+00:00,3509.804799,3669.542359,3438.437007,3651.644898,314.95464449
2018-12-19 00:00:00+00:00,3651.644898,3899.96524,3623.959411,3664.46778,534.19317877
2018-12-20 00:00:00+00:00,3664.630792,4112.689669,3638.783126,4051.523523,1086.73461161
2018-12-21 00:00:00+00:00,4048.108102,4134.635467,3768.073695,3835.830976,719.51056881
2018-12-22 00:00:00+00:00,3838.025476,3975.0,3783.462593,3948.277392,259.64027865
2018-12-23 00:00:00+00:00,3956.484595,4022.535202,3882.473524,3929.022725,277.4059007
2018-12-24 00:00:00+00:00,3932.605962,4197.345775,3930.529308,4014.390115,395.48047511
2018-12-25 00:00:00+00:00,4016.088972,4016.088972,3650.0,3742.898458,321.16141157
2018-12-26 00:00:00+00:00,3738.727426,3829.999999,3658.779659,3781.743044,189.88353589
2018-12-27 00:00:00+00:00,3781.743042,3810.492431,3535.039942,3564.227398,234.87473049
2018-12-28 00:00:00+00:00,3564.227398,3878.499144,3543.74115,3838.185871,335.29416
2018-12-29 00:00:00+00:00,3840.163051,3883.513062,3675.531638,3686.849971,159.43250267
2018-12-30 00:00:00+00:00,3692.12265,3824.974447,3660.490561,3801.738265,160.0645871
2018-12-31 00:00:00+00:00,3800.662726,3804.097846,3648.989633,3698.472219,139.30816693
2019-01-01 00:00:00+00:00,3700.170853,3805.841739,3645.525763,3799.644687,97.900396
2019-01-02 00:00:00+00:00,3799.644687,3880.257733,3750.000001,3856.504318,159.23256351
2019-01-03 00:00:00+00:00,3857.633097,3862.60083,3728.917225,3765.999334,110.16370216
2019-01-04 00:00:00+00:00,3767.8543,3821.195343,3706.0,3791.46126,92.25125402
2019-01-05 00:00:00+00:00,3789.0,3838.67454,3756.410862,3772.156039,93.87299278
2019-01-06 00:00:00+00:00,3775.703265,4023.0,3746.584563,3988.471816,102.20163906
2019-01-07 00:00:00+00:00,3984.865903,4017.71888,3927.799365,3972.264189,111.47636674
2019-01-08 00:00:00+00:00,3977.721738,4061.280555,3925.0,3956.635321,147.21892131
2019-01-09 00:00:00+00:00,3953.740659,3999.999999,3940.0,3967.16117,76.47467368
2019-01-10 00:00:00+00:00,3962.210833,3995.174297,3538.410921,3582.995912,325.97319435
2019-01-11 00:00:00+00:00,3582.670179,3647.694494,3532.298156,3601.765191,142.56370214
2019-01-12 00:00:00+00:00,3601.765191,3615.341123,3536.275592,3588.336328,71.12730735
2019-01-13 00:00:00+00:00,3586.944215,3620.330298,3446.953248,3470.442417,127.67676076
2019-01-14 00:00:00+00:00,3477.754986,3668.902955,3465.964471,3625.940976,98.76154032
2019-01-15 00:00:00+00:00,3621.054803,3644.873222,3523.408177,3558.825309,110.15239767
2019-01-16 00:00:00+00:00,3553.0,3637.545485,3544.18794,3585.539637,57.4263797
2019-01-17 00:00:00+00:00,3590.559117,3629.854475,3536.929827,3613.059078,79.12894776
2019-01-18 00:00:00+00:00,3621.231797,3621.231797,3569.950664,3598.563462,110.76901638
2019-01-19 00:00:00+00:00,3606.551267,3713.263735,3592.39684,3669.514623,99.39492728
2019-01-20 00:00:00+00:00,3666.0,3694.320724,3482.0,3541.961501,79.59586539
2019-01-21 00:00:00+00:00,3540.956207,3556.419913,3491.426433,3528.160647,82.00035521
2019-01-22 00:00:00+00:00,3525.618845,3602.428923,3448.0,3573.882315,127.27679104
2019-01-23 00:00:00+00:00,3570.777944,3605.0,3516.745198,3553.668236,103.03763155
2019-01-24 00:00:00+00:00,3548.001237,3585.98651,3526.756089,3565.610748,86.99094459
2019-01-25 00:00:00+00:00,3567.534218,3577.898931,3520.682464,3571.590258,120.11167899
2019-01-26 00:00:00+00:00,3566.918941,3653.931361,3549.796545,3564.413089,56.65772886
2019-01-27 00:00:00+00:00,3564.41309,3581.399326,3500.496895,3556.026201,100.42101639
2019-01-28 00:00:00+00:00,3548.928346,3559.997922,3385.98654,3439.084664,164.6689052
2019-01-29 00:00:00+00:00,3432.386812,3445.666304,3352.150773,3416.423082,101.34008369
2019-01-30 00:00:00+00:00,3407.693594,3479.461934,3380.00245,3465.360373,73.39707201
2019-01-31 00:00:00+00:00,3460.586454,3494.64171,3418.681646,3435.476794,78.54289437
2019-02-01 00:00:00+00:00,3435.406627,3482.323556,3400.0,3464.166444,144.62884507
2019-02-02 00:00:00+00:00,3464.166444,3518.937773,3436.516682,3505.695874,57.60891408
2019-02-03 00:00:00+00:00,3505.695874,3505.695874,3427.031206,3455.166043,70.29440496
2019-02-04 00:00:00+00:00,3457.256026,3485.0,3430.000256,3459.109573,65.62096784
2019-02-05 00:00:00+00:00,3457.280468,3479.991522,3445.000006,3466.120649,58.36216983
2019-02-06 00:00:00+00:00,3472.822004,3480.553146,3382.197503,3402.988749,94.95231473
2019-02-07 00:00:00+00:00,3402.988751,3426.221983,3390.001002,3395.393984,41.34217273
2019-02-08 00:00:00+00:00,3393.342918,3731.534384,3379.005494,3660.0,175.0507385
2019-02-09 00:00:00+00:00,3660.0,3675.98,3626.210808,3660.272053,63.4417397
2019-02-10 00:00:00+00:00,3668.137816,3687.704134,3613.567539,3682.697181,65.35794602
2019-02-11 00:00:00+00:00,3666.331161,3666.331161,3615.752931,3621.279969,64.16052368
2019-02-12 00:00:00+00:00,3644.976124,3660.0,3580.182806,3632.008858,100.49730954
2019-02-13 00:00:00+00:00,3632.924018,3663.82986,3592.000009,3609.000011,60.6001206
2019-02-14 00:00:00+00:00,3609.000003,3627.672075,3570.961155,3589.999998,86.21551654
2019-02-15 00:00:00+00:00,3589.999998,3650.0,3571.787184,3595.83462,111.68312816
2019-02-16 00:00:00+00:00,3596.969796,3649.206298,3595.603349,3615.410002,57.5309674
2019-02-17 00:00:00+00:00,3615.41,3698.059545,3605.5,3665.246462,107.45349707
2019-02-18 00:00:00+00:00,3674.999999,3900.0,3660.284026,3881.0,18.53674767
2019-02-19 00:00:00+00:00,3881.00000001,3992.148135,3802.00000001,3913.0,160.70048245
2019-02-20 00:00:00+00:00,3910.50002727,4050.0,3870.354929,3974.99139506,185.91487149
2019-02-21 00:00:00+00:00,3973.126369,4013.75503992,3900.55121299,3937.647732,186.2813744797393
2019-02-22 00:00:00+00:00,3939.999999,3985.52778809,3928.96279679,3971.746659,63.1567342806619
2019-02-23 00:00:00+00:00,3959.14205667,4158.08648551,3934.81928255,4112.900968,73.1595138209439
2019-02-24 00:00:00+00:00,4112.900968,4198.47174203,3714.32708055,3750.6507972,252.036005090225
2019-02-25 00:00:00+00:00,3748.211143,3870.0,3748.211143,3830.95429929,63.6283165710554
2019-02-26 00:00:00+00:00,3824.986869,3849.999992,3785.00000611,3810.2960346,61.1171429422563
2019-02-27 00:00:00+00:00,3810.79603462,3835.24660653,3690.0,3816.3,113.5907048159308
2019-02-28 00:00:00+00:00,3814.01549251,3885.0,3775.8066242,3816.1300759,88.3197211947235
2019-03-01 00:00:00+00:00,3816.1300759,3870.0,3810.05341961,3821.6,50.4573625562304
2019-03-02 00:00:00+00:00,3821.6,3841.5,3757.0,3824.1,46.3908530062309
2019-03-03 00:00:00+00:00,3822.3,3839.1,3781.1,3805.8,67.0354568312543
2019-03-04 00:00:00+00:00,3806.2,3826.7,3679.8,3714.4,167.7654552610709
2019-03-05 00:00:00+00:00,3723.2,3877.6,3702.9,3855.0,138.1106287389782
2019-03-06 00:00:00+00:00,3855.0,3889.0,3810.0,3861.2,91.2795971186747
2019-03-07 00:00:00+00:00,3862.7,3904.9,3845.0,3869.9,112.4756805825504
2019-03-08 00:00:00+00:00,3873.9,3932.3,3802.0,3864.7,123.5932018182245
2019-03-09 00:00:00+00:00,3863.5,3966.6,3856.2,3942.3,107.4417884852772
2019-03-10 00:00:00+00:00,3940.1,3940.3,3885.0,3915.6,71.7037611769049
2019-03-11 00:00:00+00:00,3915.1,3935.4,3840.2,3874.4,126.4429391725394
2019-03-12 00:00:00+00:00,3872.2,3909.2,3815.1,3882.4,154.3151208134484
2019-03-13 00:00:00+00:00,3885.8,3896.8,3840.7,3866.8,158.2304480907016
2019-03-14 00:00:00+00:00,3863.2,3920.0,3815.7,3878.7,127.6455999858406
2019-03-15 00:00:00+00:00,3878.7,3935.0,3874.5,3922.3,141.8983009253773
2019-03-16 00:00:00+00:00,3923.6,4050.0,3919.3,4002.0,137.3083395278006
2019-03-17 00:00:00+00:00,4002.1,4006.9,3953.4,3978.8,124.7975308191959
2019-03-18 00:00:00+00:00,3978.9,4035.0,3954.1,3986.7,153.3412740749903
2019-03-19 00:00:00+00:00,3987.1,4028.2,3968.7,4012.9,142.057552892705
2019-03-20 00:00:00+00:00,4014.8,4026.8,3982.0,4024.0,177.9390202157393
2019-03-21 00:00:00+00:00,4019.3,4063.2,3911.0,3983.1,365.0832460945292
2019-03-22 00:00:00+00:00,3981.4,4019.2,3969.6,3987.1,149.0109376163787
2019-03-23 00:00:00+00:00,3987.1,4018.8,3979.0,4005.0,184.9114068443379
2019-03-24 00:00:00+00:00,4005.0,4019.9,3962.5,3987.2,217.5443481612407
2019-03-25 00:00:00+00:00,3987.2,3999.0,3884.9,3922.2,231.370723601994
2019-03-26 00:00:00+00:00,3922.2,3948.0,3893.1,3937.9,277.08229072
2019-03-27 00:00:00+00:00,3937.9,4033.3,3923.4,4023.8,394.305160426641
2019-03-28 00:00:00+00:00,4018.1,6950.0,4000.0,4027.8,232.985960548783
2019-03-29 00:00:00+00:00,4027.8,4123.4,4022.7,4098.9,308.83198029
2019-03-30 00:00:00+00:00,4098.2,4141.0,4060.2,4108.1,243.13376335
2019-03-31 00:00:00+00:00,4103.5,4116.3,4086.0,4103.7,179.37592693
2019-04-01 00:00:00+00:00,4102.9,4148.5,4074.3,4142.0,361.20632282
2019-04-02 00:00:00+00:00,4135.9,4881.8,4131.8,4848.8,1382.90771306
2019-04-03 00:00:00+00:00,4848.8,5300.0,4795.2,4923.7,1760.67475021
2019-04-04 00:00:00+00:00,4923.7,5040.3,4800.0,4894.8,816.2821732
2019-04-05 00:00:00+00:00,4899.5,5032.2,4875.5,5000.4,283.97757203
2019-04-06 00:00:00+00:00,5000.0,5199.0,4935.3,5050.7,376.90757035
2019-04-07 00:00:00+00:00,5044.3,5225.4,5031.0,5164.9,287.36952758
2019-04-08 00:00:00+00:00,5166.0,5300.0,5039.9,5236.0,567.18077645
2019-04-09 00:00:00+00:00,5241.0,5241.0,5080.9,5143.5,533.91069255
2019-04-10 00:00:00+00:00,5143.5,5400.0,5130.9,5305.7,484.59675085
2019-04-11 00:00:00+00:00,5307.6,5332.4,4926.4,5016.0,466.73618209
2019-04-12 00:00:00+00:00,5018.0,5075.0,4873.8,5050.6,247.7584872
2019-04-13 00:00:00+00:00,5051.6,5091.6,5005.5,5041.7,167.25650395
2019-04-14 00:00:00+00:00,5045.8,5148.9,5002.5,5133.7,176.23239617
2019-04-15 00:00:00+00:00,5134.6,5167.2,4950.1,5030.7,259.77856913
2019-04-16 00:00:00+00:00,5027.4,5192.3,5004.7,5174.0,227.82812204
2019-04-17 00:00:00+00:00,5173.8,5227.5,5153.9,5199.8,189.68081018
2019-04-18 00:00:00+00:00,5200.0,5285.0,5194.4,5260.1,171.61935044
2019-04-19 00:00:00+00:00,5256.8,5324.2,5183.0,5260.6,178.82129074
2019-04-20 00:00:00+00:00,5258.7,5330.5,5235.5,5292.4,157.84802254
2019-04-21 00:00:00+00:00,5293.5,5310.4,5172.4,5258.5,213.07227103
2019-04-22 00:00:00+00:00,5257.8,5395.5,5207.6,5355.2,216.27675718
2019-04-23 00:00:00+00:00,5354.9,5599.9,5338.5,5494.3,400.73734774
2019-04-24 00:00:00+00:00,5494.4,5578.9,5346.0,5415.3,466.91265967
2019-04-25 00:00:00+00:00,5415.3,5485.2,5137.5,5221.9,435.68605653
2019-04-26 00:00:00+00:00,5221.9,5515.5,5169.0,5311.8,331.8194989
2019-04-27 00:00:00+00:00,5312.1,5339.4,5262.1,5296.0,214.48297699
2019-04-28 00:00:00+00:00,5295.0,5700.0,5271.9,5312.4,275.84516775
2019-04-29 00:00:00+00:00,5310.0,5334.5,5189.6,5238.5,277.88901975
2019-04-30 00:00:00+00:00,5239.1,5340.6,5194.3,5319.6,246.38834497
2019-05-01 00:00:00+00:00,5323.4,5398.5,5318.2,5386.2,222.22315336
2019-05-02 00:00:00+00:00,5382.5,5537.9,5372.1,5495.3,166.22035459
2019-05-03 00:00:00+00:00,5496.1,5842.6,5483.5,5769.4,406.41183313
2019-05-04 00:00:00+00:00,5769.5,5901.9,5598.8,5832.6,320.89809574
2019-05-05 00:00:00+00:00,5832.3,5833.3,5703.2,5773.6,175.57207415
2019-05-06 00:00:00+00:00,5771.8,5801.1,5619.6,5746.4,271.09179007
2019-05-07 00:00:00+00:00,5749.0,6027.7,5748.3,5844.3,297.88279219
2019-05-08 00:00:00+00:00,5846.9,6015.7,5800.0,5980.1,217.7003051
2019-05-09 00:00:00+00:00,5984.8,6244.9,5981.5,6208.4,313.00254893
2019-05-10 00:00:00+00:00,6208.4,6453.1,6144.3,6377.8,426.42230646
2019-05-11 00:00:00+00:00,6377.8,7385.0,6377.7,7190.8,750.67512035
2019-05-12 00:00:00+00:00,7187.9,7513.9,6785.0,6976.1,859.44816849
2019-05-13 00:00:00+00:00,6974.1,8102.1,6878.0,7804.9,1059.69143027
2019-05-14 00:00:00+00:00,7812.6,8344.2,7679.0,8001.4,836.25883176
2019-05-15 00:00:00+00:00,8000.0,8250.0,7830.0,8180.9,546.78058472
2019-05-16 00:00:00+00:00,8180.9,8319.9,7717.2,7859.0,725.9491345
2019-05-17 00:00:00+00:00,7860.1,7923.3,6927.7,7354.1,996.52357847
2019-05-18 00:00:00+00:00,7354.1,7460.2,7192.3,7258.4,481.94885489
2019-05-19 00:00:00+00:00,7254.6,8270.5,7247.8,8157.2,541.86531123
2019-05-20 00:00:00+00:00,8154.3,8156.2,7562.3,7936.2,564.16925171
2019-05-21 00:00:00+00:00,7935.6,8043.0,7780.0,7904.2,405.27339917
2019-05-22 00:00:00+00:00,7904.2,8009.5,7512.0,7622.8,433.04738981
2019-05-23 00:00:00+00:00,7625.8,7939.1,7470.5,7853.4,481.75034938
2019-05-24 00:00:00+00:00,7852.8,8111.1,7773.4,7962.6,504.62752126
2019-05-25 00:00:00+00:00,7962.6,8085.3,7910.5,8025.1,309.07478363
2019-05-26 00:00:00+00:00,8024.9,8727.9,7857.2,8615.7,475.84916249
2019-05-27 00:00:00+00:00,8616.9,8900.1,8594.9,8758.0,467.90292131
2019-05-28 00:00:00+00:00,8753.5,8793.0,8544.2,8718.0,383.25095399
2019-05-29 00:00:00+00:00,8718.0,8750.0,8415.4,8644.9,360.26494867
2019-05-30 00:00:00+00:00,8643.5,9068.9,8032.8,8262.2,605.83742276
2019-05-31 00:00:00+00:00,8262.4,8578.0,8111.5,8555.6,406.14757561
2019-06-01 00:00:00+00:00,8555.6,8624.0,8445.7,8545.5,302.59894669
2019-06-02 00:00:00+00:00,8545.4,8807.3,8527.5,8721.9,307.32224569
2019-06-03 00:00:00+00:00,8724.7,8730.4,8097.8,8134.2,589.13828062
2019-06-04 00:00:00+00:00,8134.1,8134.2,7500.0,7683.2,1051.77719814
2019-06-05 00:00:00+00:00,7685.1,7899.2,7577.4,7782.1,728.56843309
2019-06-06 00:00:00+00:00,7781.5,7855.0,7456.5,7782.8,477.08802979
2019-06-07 00:00:00+00:00,7785.0,8094.3,7747.7,7974.8,402.33844735
2019-06-08 00:00:00+00:00,7981.5,8041.1,7767.2,7893.6,305.1742102
2019-06-09 00:00:00+00:00,7898.1,7934.8,7501.0,7631.1,445.40181137
2019-06-10 00:00:00+00:00,7631.2,8013.5,7513.4,7985.8,585.23996652
2019-06-11 00:00:00+00:00,7986.4,8010.4,7700.3,7881.5,482.09976925
2019-06-12 00:00:00+00:00,7885.4,8199.0,7795.4,8127.6,555.04765024
2019-06-13 00:00:00+00:00,8132.0,8308.9,8017.8,8218.9,456.6180708
2019-06-14 00:00:00+00:00,8218.9,8678.3,8153.6,8648.2,478.47387312
2019-06-15 00:00:00+00:00,8648.2,8850.0,8578.6,8811.4,350.8084687
2019-06-16 00:00:00+00:00,8810.0,9328.3,8768.0,8956.9,613.36082316
2019-06-17 00:00:00+00:00,8954.2,9439.0,8954.1,9310.2,479.66582217
2019-06-18 00:00:00+00:00,9311.4,9338.3,8963.9,9082.3,462.44687393
2019-06-19 00:00:00+00:00,9082.4,9293.4,9043.2,9256.2,399.88799115
2019-06-20 00:00:00+00:00,9249.7,9586.6,9182.2,9513.2,398.83922026
2019-06-21 00:00:00+00:00,9513.2,10171.3,9513.2,10153.1,554.63678451
2019-06-22 00:00:00+00:00,10159.3,11148.4,9975.0,10739.7,1087.78140273
2019-06-23 00:00:00+00:00,10739.8,11374.5,10551.6,10890.6,472.47697182
2019-06-24 00:00:00+00:00,10890.8,11132.1,10628.1,11048.0,347.7160726
2019-06-25 00:00:00+00:00,11041.6,11842.2,11033.8,11815.4,525.20588576
2019-06-26 00:00:00+00:00,11820.0,13947.7,11743.1,13067.3,1236.10546506
2019-06-27 00:00:00+00:00,13067.4,13427.6,10542.7,11329.8,1657.21077634
2019-06-28 00:00:00+00:00,11317.4,12474.2,10996.0,12409.5,1523.22892017
2019-06-29 00:00:00+00:00,12412.7,12436.6,11479.6,11892.9,1915.34162676
2019-06-30 00:00:00+00:00,11891.8,12182.5,10770.4,10831.1,1412.6578905
2019-07-01 00:00:00+00:00,10831.1,11251.3,10042.2,10630.3,1680.61222516
2019-07-02 00:00:00+00:00,10619.5,10928.6,9750.0,10836.7,1890.02600968
2019-07-03 00:00:00+00:00,10828.9,11974.0,10828.9,11933.3,4626.64255405
2019-07-04 00:00:00+00:00,11924.3,11994.0,11083.1,11158.9,3338.27353433
2019-07-05 00:00:00+00:00,11161.3,11397.9,10808.2,10973.1,5512.71638394
2019-07-06 00:00:00+00:00,10971.0,11650.8,10965.1,11253.6,4155.13727164
2019-07-07 00:00:00+00:00,11253.5,11526.5,11107.6,11414.5,4178.78115701
2019-07-08 00:00:00+00:00,11413.7,12338.0,11296.4,12249.0,4924.22026074
2019-07-09 00:00:00+00:00,12242.8,12788.0,12097.6,12533.8,786.16081007
2019-07-10 00:00:00+00:00,12537.0,13139.0,11572.2,12101.0,3513.42199415
2019-07-11 00:00:00+00:00,12097.0,12101.2,11011.0,11335.6,2769.40248618
2019-07-12 00:00:00+00:00,11338.7,11880.4,11101.3,11760.0,4799.08815244
2019-07-13 00:00:00+00:00,11757.4,11795.0,10850.0,11356.6,5819.4900884
2019-07-14 00:00:00+00:00,11350.5,11444.0,10101.9,10185.8,6249.66602679
2019-07-15 00:00:00+00:00,10185.8,11071.4,9857.8,10854.0,10680.05397557
2019-07-16 00:00:00+00:00,10836.0,11028.0,9352.2,9430.6,5076.59274081
2019-07-17 00:00:00+00:00,9435.7,9950.0,9072.5,9669.1,7778.98534675
2019-07-18 00:00:00+00:00,9666.6,10771.0,9283.3,10621.8,9458.93435408
2019-07-19 00:00:00+00:00,10629.3,10752.1,10131.2,10502.9,8960.92780328
2019-07-20 00:00:00+00:00,10503.2,11053.3,10371.3,10732.1,9874.55575119
2019-07-21 00:00:00+00:00,10734.9,10808.0,10310.0,10579.3,1995.40479147
2019-07-22 00:00:00+00:00,10579.6,10670.5,10097.9,10338.8,10743.95658153
2019-07-23 00:00:00+00:00,10343.1,10344.3,9833.9,9871.9,11926.42576733
2019-07-24 00:00:00+00:00,9871.8,9926.0,9540.6,9759.1,12648.57810165
2019-07-25 00:00:00+00:00,9759.5,10180.0,9726.6,9879.9,13447.18586849
2019-07-26 00:00:00+00:00,9877.2,9880.7,9637.5,9832.0,14338.29976197
2019-07-27 00:00:00+00:00,9832.0,10179.4,9337.0,9485.5,14678.15745158
2019-07-28 00:00:00+00:00,9475.9,9587.1,9170.0,9535.7,15316.86571373
2019-07-29 00:00:00+00:00,9540.4,9726.0,9394.1,9503.4,15059.25683669
2019-07-30 00:00:00+00:00,9508.1,9705.5,9404.0,9579.0,14862.49779836
2019-07-31 00:00:00+00:00,9579.0,10102.0,9556.9,10076.6,14810.02631989
2019-08-01 00:00:00+00:00,10072.8,10450.0,9875.0,10353.3,12476.72034995
2019-08-02 00:00:00+00:00,10353.4,10675.6,10290.3,10521.1,11144.94275944
2019-08-03 00:00:00+00:00,10518.2,10899.1,10502.2,10815.7,11474.30806213
2019-08-04 00:00:00+00:00,10812.3,11028.7,10542.8,10933.1,10980.88461838
2019-08-05 00:00:00+00:00,10930.6,11931.1,10930.6,11821.7,11418.73373695
2019-08-06 00:00:00+00:00,11826.0,12309.3,11207.2,11480.6,10079.07497925
2019-08-07 00:00:00+00:00,11480.6,12158.0,11388.6,11965.7,12172.53369696
2019-08-08 00:00:00+00:00,11965.7,12059.6,11530.5,11997.6,11962.97738866
2019-08-09 00:00:00+00:00,11997.6,12041.8,11685.0,11877.8,10441.67910518
2019-08-10 00:00:00+00:00,11878.3,11972.0,11268.3,11314.0,8699.66970952
2019-08-11 00:00:00+00:00,11314.0,11591.5,11121.6,11539.0,8281.32506179
2019-08-12 00:00:00+00:00,11541.6,11560.2,11246.9,11396.5,7178.86140757
2019-08-13 00:00:00+00:00,11397.3,11442.4,10790.5,10894.4,7847.39551783
2019-08-14 00:00:00+00:00,10889.4,10893.8,9943.9,10049.7,11751.11805395
2019-08-15 00:00:00+00:00,10049.1,10458.4,9522.5,10293.7,16100.01840459
2019-08-16 00:00:00+00:00,10293.1,10520.1,9774.2,10328.3,13745.58343577
2019-08-17 00:00:00+00:00,10328.3,10460.6,10000.0,10215.6,12182.12707278
2019-08-18 00:00:00+00:00,10215.6,10499.0,10074.1,10308.0,10523.98685905
2019-08-19 00:00:00+00:00,10298.6,10948.2,10255.6,10912.2,9139.76013503
2019-08-20 00:00:00+00:00,10913.5,10950.6,10568.3,10755.6,8878.72845739
2019-08-21 00:00:00+00:00,10755.6,10800.7,9876.0,10140.8,10678.11614718
2019-08-22 00:00:00+00:00,10140.8,10234.0,9756.5,10103.1,11530.91701434
2019-08-23 00:00:00+00:00,10103.0,10443.6,10027.0,10363.8,8946.74665183
2019-08-24 00:00:00+00:00,10366.4,10399.9,9890.0,10133.7,9908.9052677
2019-08-25 00:00:00+00:00,10134.0,10329.9,9915.5,10136.2,11307.3725032
2019-08-26 00:00:00+00:00,10136.2,10600.0,10132.3,10368.8,11108.35647802
2019-08-27 00:00:00+00:00,10369.8,10387.6,10051.0,10184.2,8993.81910789
2019-08-28 00:00:00+00:00,10184.2,10288.1,9602.2,9724.5,8597.49649031
2019-08-29 00:00:00+00:00,9722.3,9725.1,9326.0,9493.5,9348.00635695
2019-08-30 00:00:00+00:00,9493.6,9689.6,9357.4,9578.6,8184.69294094
2019-08-31 00:00:00+00:00,9579.8,9681.6,9430.0,9584.4,3879.97106867
2019-09-01 00:00:00+00:00,9585.2,9809.0,9521.7,9728.7,4970.21900454
2019-09-02 00:00:00+00:00,9728.0,10434.8,9720.5,10339.3,5496.76567393
2019-09-03 00:00:00+00:00,10338.1,10762.0,10270.5,10606.9,6122.44825169
2019-09-04 00:00:00+00:00,10605.7,10792.3,10372.0,10560.7,5736.78259793
2019-09-05 00:00:00+00:00,10563.2,10692.6,10450.0,10564.6,4178.52451216
2019-09-06 00:00:00+00:00,10564.5,10900.0,10181.3,10295.9,4410.10230857
2019-09-07 00:00:00+00:00,10295.9,10550.0,10294.2,10455.3,2144.72989756
2019-09-08 00:00:00+00:00,10455.4,10582.0,10227.1,10384.3,1867.801124
2019-09-09 00:00:00+00:00,10384.3,10480.7,10069.5,10305.4,3661.64257911
2019-09-10 00:00:00+00:00,10304.8,10379.5,9960.0,10103.1,3155.53803244
2019-09-11 00:00:00+00:00,10102.3,10273.1,9930.4,10157.3,2183.07569165
2019-09-12 00:00:00+00:00,10157.3,10430.0,10038.9,10412.5,2300.59834252
2019-09-13 00:00:00+00:00,10412.0,10430.0,10152.5,10339.3,2151.31003844
2019-09-14 00:00:00+00:00,10339.3,10416.7,10225.7,10334.0,1448.0578191
2019-09-15 00:00:00+00:00,10334.0,10359.0,10245.1,10302.1,1280.10150115
2019-09-16 00:00:00+00:00,10301.8,10350.0,10082.5,10250.7,1002.29055624
2019-09-17 00:00:00+00:00,10250.9,10270.4,10144.4,10187.4,556.0539191
2019-09-18 00:00:00+00:00,10186.1,10255.0,10100.0,10155.5,459.98110801
2019-09-19 00:00:00+00:00,10155.9,10317.5,9685.0,10246.5,999.80864469
2019-09-20 00:00:00+00:00,10244.4,10278.1,10075.0,10169.9,447.94771803
2019-09-21 00:00:00+00:00,10170.0,10177.6,9910.0,9984.9,422.37636981
2019-09-22 00:00:00+00:00,9984.8,10086.5,9861.1,10026.6,508.20575214
2019-09-23 00:00:00+00:00,10026.5,10045.1,9631.7,9704.1,635.88886426
2019-09-24 00:00:00+00:00,9704.1,9790.8,7844.1,8503.8,2366.87681237
2019-09-25 00:00:00+00:00,8501.5,8725.8,8220.1,8435.3,1448.85142069
2019-09-26 00:00:00+00:00,8435.1,8460.7,7752.0,8062.3,1217.55223412
2019-09-27 00:00:00+00:00,8062.3,8260.9,7860.7,8178.5,815.61510988
2019-09-28 00:00:00+00:00,8178.2,8307.2,8008.9,8199.7,608.96304813
2019-09-29 00:00:00+00:00,8198.8,8229.1,7898.5,8041.8,556.88721288
2019-09-30 00:00:00+00:00,8042.6,8332.1,7722.3,8287.5,927.82789942
2019-10-01 00:00:00+00:00,8289.1,8496.1,8178.1,8288.3,939.8909865
2019-10-02 00:00:00+00:00,8287.5,8367.0,8149.1,8353.7,634.5316385
2019-10-03 00:00:00+00:00,8353.9,8388.3,8064.0,8221.0,632.85625975
2019-10-04 00:00:00+00:00,8223.6,8228.1,8015.0,8132.6,562.35211504
2019-10-05 00:00:00+00:00,8132.9,8175.9,8011.1,8126.6,362.37412663
2019-10-06 00:00:00+00:00,8127.2,8151.0,7800.0,7850.8,642.84771696
2019-10-07 00:00:00+00:00,7854.9,8293.0,7768.2,8185.1,923.15904384
2019-10-08 00:00:00+00:00,8187.2,8324.0,8100.7,8167.6,656.58859567
2019-10-09 00:00:00+00:00,8167.8,8695.9,8113.9,8561.6,833.62981225
2019-10-10 00:00:00+00:00,8561.6,8642.3,8424.1,8555.9,680.22427198
2019-10-11 00:00:00+00:00,8555.9,8777.0,8229.2,8256.4,831.43347375
2019-10-12 00:00:00+00:00,8255.8,8394.3,8248.7,8299.8,404.9698876
2019-10-13 00:00:00+00:00,8299.9,8448.6,8163.6,8273.9,503.95435551
2019-10-14 00:00:00+00:00,8273.9,8379.9,8208.0,8345.9,556.68174591
2019-10-15 00:00:00+00:00,8345.8,8399.1,8110.3,8160.7,554.99915318
2019-10-16 00:00:00+00:00,8159.3,8179.1,7918.1,7995.5,539.87987268
2019-10-17 00:00:00+00:00,7992.6,8118.4,7930.5,8069.9,572.48940632
2019-10-18 00:00:00+00:00,8069.9,8113.6,7812.6,7946.8,648.38416509
2019-10-19 00:00:00+00:00,7946.8,8081.1,7869.7,7951.7,471.99673397
2019-10-20 00:00:00+00:00,7951.7,8289.4,7870.2,8217.1,610.45890619
2019-10-21 00:00:00+00:00,8217.1,8323.0,8146.8,8195.0,428.994709
2019-10-22 00:00:00+00:00,8195.0,8292.9,7990.6,8023.0,467.49106858
2019-10-23 00:00:00+00:00,8020.1,8045.0,7310.0,7465.9,934.86238029
2019-10-24 00:00:00+00:00,7465.9,7497.0,7340.0,7412.9,540.11535078
2019-10-25 00:00:00+00:00,7412.9,8769.0,7382.1,8654.6,1404.75385321
2019-10-26 00:00:00+00:00,8654.7,10348.6,8637.5,9233.5,1936.85223563
2019-10-27 00:00:00+00:00,9233.4,9785.0,9043.7,9525.7,1121.60982976
2019-10-28 00:00:00+00:00,9527.1,9898.0,9200.0,9203.3,1185.00075098
2019-10-29 00:00:00+00:00,9207.6,9531.4,9101.0,9404.4,780.42666653
2019-10-30 00:00:00+00:00,9404.4,9406.2,9001.9,9154.3,881.90334525
2019-10-31 00:00:00+00:00,9154.1,9384.2,8946.6,9141.6,644.72773166
2019-11-01 00:00:00+00:00,9142.7,9272.5,9038.1,9226.1,684.91205247
2019-11-02 00:00:00+00:00,9226.0,9368.3,9190.0,9287.4,454.55368687
2019-11-03 00:00:00+00:00,9287.5,9357.5,9075.9,9194.1,474.63651345
2019-11-04 00:00:00+00:00,9194.6,9502.9,9118.6,9394.9,606.57407212
2019-11-05 00:00:00+00:00,9394.8,9453.0,9180.9,9308.9,783.19350288
2019-11-06 00:00:00+00:00,9308.7,9430.3,9253.6,9335.6,604.29063677
2019-11-07 00:00:00+00:00,9335.7,9370.0,9060.0,9214.2,554.51729663
2019-11-08 00:00:00+00:00,9214.3,9258.2,8650.0,8774.2,784.21228475
2019-11-09 00:00:00+00:00,8774.2,8875.0,8726.0,8808.4,508.15135114
2019-11-10 00:00:00+00:00,8808.9,9128.7,8750.0,9033.9,482.77355976
2019-11-11 00:00:00+00:00,9033.8,9065.6,8628.9,8734.7,731.8900783
2019-11-12 00:00:00+00:00,8733.9,8872.7,8550.0,8812.7,589.07995405
2019-11-13 00:00:00+00:00,8812.7,8834.8,8711.2,8776.6,475.60706489
2019-11-14 00:00:00+00:00,8776.7,8799.4,8596.4,8645.9,535.17107009
2019-11-15 00:00:00+00:00,8646.0,8780.0,8404.6,8470.9,668.31997223
2019-11-16 00:00:00+00:00,8470.9,8529.9,8432.4,8490.7,344.56386418
2019-11-17 00:00:00+00:00,8491.1,8618.7,8373.6,8500.7,391.94857078
2019-11-18 00:00:00+00:00,8500.7,8500.8,8070.0,8188.4,602.62828267
2019-11-19 00:00:00+00:00,8188.4,8212.6,8010.0,8131.6,569.69399221
2019-11-20 00:00:00+00:00,8131.9,8230.2,8042.1,8095.4,486.60094066
2019-11-21 00:00:00+00:00,8095.5,8132.3,7500.0,7626.3,827.19546719
2019-11-22 00:00:00+00:00,7626.3,7758.5,6801.0,7265.5,1745.48384183
2019-11-23 00:00:00+00:00,7265.2,7341.3,7078.9,7310.8,784.67654433
2019-11-24 00:00:00+00:00,7310.6,7329.7,6856.6,6898.9,1058.25071655
2019-11-25 00:00:00+00:00,6900.4,7548.0,6516.5,7109.5,1733.39476848
2019-11-26 00:00:00+00:00,7109.6,7334.6,7022.6,7155.6,994.38756228
2019-11-27 00:00:00+00:00,7155.5,7652.0,6850.2,7508.0,1491.046726
2019-11-28 00:00:00+00:00,7509.3,7634.5,7366.0,7419.7,904.24769975
2019-11-29 00:00:00+00:00,7419.0,7844.1,7397.7,7739.3,817.47715879
2019-11-30 00:00:00+00:00,7739.5,7796.4,7452.8,7544.8,708.63726628
2019-12-01 00:00:00+00:00,7544.9,7544.9,7233.9,7391.2,784.71488149
2019-12-02 00:00:00+00:00,7391.1,7418.9,7160.3,7294.7,765.52747465
2019-12-03 00:00:00+00:00,7294.6,7397.5,7240.6,7291.9,644.22637128
2019-12-04 00:00:00+00:00,7291.9,7765.3,7087.0,7197.2,1144.99550793
2019-12-05 00:00:00+00:00,7199.4,7475.0,7153.4,7387.9,956.18609239
2019-12-06 00:00:00+00:00,7387.4,7574.6,7303.7,7529.4,690.07667443
2019-12-07 00:00:00+00:00,7529.2,7610.0,7472.4,7488.2,463.9770731
2019-12-08 00:00:00+00:00,7488.3,7559.0,7372.9,7508.8,452.17379615
2019-12-09 00:00:00+00:00,7508.8,7643.9,7286.6,7342.4,741.314391
2019-12-10 00:00:00+00:00,7342.4,7397.0,7166.0,7226.4,587.15500764
2019-12-11 00:00:00+00:00,7226.5,7270.7,7141.3,7214.6,455.24307018
2019-12-12 00:00:00+00:00,7213.8,7284.7,7093.4,7199.7,581.49898513
2019-12-13 00:00:00+00:00,7199.7,7293.6,7196.3,7258.4,405.43924704
2019-12-14 00:00:00+00:00,7258.5,7266.6,7016.7,7066.1,510.29282764
2019-12-15 00:00:00+00:00,7066.2,7197.7,7013.0,7118.6,457.836204
2019-12-16 00:00:00+00:00,7118.5,7250.0,6831.0,6892.9,524.63258537
2019-12-17 00:00:00+00:00,6893.0,6937.6,6565.0,6622.9,702.67120721
2019-12-18 00:00:00+00:00,6623.1,7441.0,6437.0,7275.6,1139.47828532
2019-12-19 00:00:00+00:00,7277.4,7360.4,7049.0,7149.7,865.3773297
2019-12-20 00:00:00+00:00,7149.8,7212.8,7082.3,7186.4,606.19919468
2019-12-21 00:00:00+00:00,7186.5,7188.9,7107.9,7133.0,357.82442983
2019-12-22 00:00:00+00:00,7132.9,7503.1,7123.7,7499.5,590.71570733
2019-12-23 00:00:00+00:00,7500.2,7691.8,7268.3,7320.1,1257.30657288
2019-12-24 00:00:00+00:00,7320.2,7428.3,7164.0,7258.0,710.36009884
2019-12-25 00:00:00+00:00,7256.5,7268.7,7129.3,7202.2,552.55048173
2019-12-26 00:00:00+00:00,7202.3,7429.0,7157.0,7203.5,466.20616277
2019-12-27 00:00:00+00:00,7203.5,7272.6,7090.7,7254.2,522.92777595
2019-12-28 00:00:00+00:00,7254.8,7358.0,7242.1,7313.7,438.98720827
2019-12-29 00:00:00+00:00,7313.8,7523.5,7287.6,7391.0,564.40125214
2019-12-30 00:00:00+00:00,7391.0,7403.8,7216.3,7245.4,462.80512991
2019-12-31 00:00:00+00:00,7245.4,7320.9,7141.8,7196.1,482.75420332
2020-01-01 00:00:00+00:00,7196.2,7251.8,7176.1,7200.2,370.5940609
2020-01-02 00:00:00+00:00,7200.3,7210.6,6933.3,6964.8,834.20379871
2020-01-03 00:00:00+00:00,6964.8,7397.7,6867.0,7346.2,1325.68323596
2020-01-04 00:00:00+00:00,7344.6,7399.0,7271.5,7355.3,695.82029578
2020-01-05 00:00:00+00:00,7355.9,7490.0,7320.7,7359.9,948.49158211
2020-01-06 00:00:00+00:00,7359.7,7792.0,7348.8,7758.1,1305.75817505
2020-01-07 00:00:00+00:00,7758.5,8206.4,7727.9,8150.2,2019.63995381
2020-01-08 00:00:00+00:00,8150.0,8458.0,7878.4,8053.0,2573.43365421
2020-01-09 00:00:00+00:00,8053.6,8055.6,7746.4,7820.7,1492.70984161
2020-01-10 00:00:00+00:00,7820.8,8198.3,7682.0,8192.4,1996.10480514
2020-01-11 00:00:00+00:00,8193.8,8282.4,7992.4,8026.0,1625.92471765
2020-01-12 00:00:00+00:00,8026.2,8198.3,7962.6,8184.5,1009.80210019
2020-01-13 00:00:00+00:00,8184.6,8195.0,8061.0,8107.3,768.28038382
2020-01-14 00:00:00+00:00,8107.8,8878.4,8107.8,8819.4,3013.28253034
2020-01-15 00:00:00+00:00,8819.5,8916.8,8567.4,8823.3,2160.29002192
2020-01-16 00:00:00+00:00,8822.1,8855.0,8593.7,8723.0,1292.63179046
2020-01-17 00:00:00+00:00,8723.0,9030.2,8674.8,8913.5,1472.01358152
2020-01-18 00:00:00+00:00,8913.5,8988.3,8808.9,8916.3,1082.61905287
2020-01-19 00:00:00+00:00,8916.4,9197.8,8442.1,8704.5,1749.32554708
2020-01-20 00:00:00+00:00,8704.6,8750.5,8529.2,8642.9,1060.90580204
2020-01-21 00:00:00+00:00,8642.9,8775.8,8452.2,8734.6,1047.23441432
2020-01-22 00:00:00+00:00,8734.6,8811.6,8600.0,8680.4,791.8780451
2020-01-23 00:00:00+00:00,8680.4,8687.0,8306.6,8409.0,1405.07680315
2020-01-24 00:00:00+00:00,8408.9,8524.5,8242.0,8437.9,1210.26701842
2020-01-25 00:00:00+00:00,8438.0,8446.6,8275.8,8341.2,710.91727559
2020-01-26 00:00:00+00:00,8341.2,8619.6,8300.8,8614.0,959.17170668
2020-01-27 00:00:00+00:00,8614.0,8998.8,8577.8,8911.3,1521.43964073
2020-01-28 00:00:00+00:00,8911.0,9394.1,8888.8,9375.0,1880.77573275
2020-01-29 00:00:00+00:00,9375.5,9445.2,9236.7,9303.8,1542.5095619
2020-01-30 00:00:00+00:00,9304.7,9635.0,9212.6,9514.7,1685.77454439
2020-01-31 00:00:00+00:00,9514.7,9528.6,9212.0,9350.1,1068.90311386
2020-02-01 00:00:00+00:00,9350.8,9460.1,9300.0,9385.5,962.8014745
2020-02-02 00:00:00+00:00,9385.5,9471.9,9139.0,9332.8,1306.09879514
2020-02-03 00:00:00+00:00,9332.4,9600.0,9241.5,9297.2,1236.53085492
2020-02-04 00:00:00+00:00,9296.7,9348.1,9100.5,9195.4,1319.0983205
2020-02-05 00:00:00+00:00,9195.5,9731.1,9179.8,9611.3,1504.08392496
2020-02-06 00:00:00+00:00,9611.4,9863.2,9530.1,9773.9,1479.78287354
2020-02-07 00:00:00+00:00,9773.9,9880.2,9738.1,9819.5,1148.05232402
2020-02-08 00:00:00+00:00,9819.5,9934.4,9667.0,9895.3,1145.56049332
2020-02-09 00:00:00+00:00,9895.3,10172.0,9883.3,10155.9,1296.64915137
2020-02-10 00:00:00+00:00,10155.9,10192.9,9766.8,9853.2,1493.3443641
2020-02-11 00:00:00+00:00,9853.3,10317.0,9715.6,10222.5,1536.23683928
2020-02-12 00:00:00+00:00,10222.4,10445.0,10091.6,10330.0,1459.22112841
2020-02-13 00:00:00+00:00,10330.8,10496.5,10096.0,10234.0,1697.98660709
2020-02-14 00:00:00+00:00,10234.1,10375.0,10111.3,10343.8,1090.92395012
2020-02-15 00:00:00+00:00,10343.9,10371.7,9823.5,9906.3,1424.06668184
2020-02-16 00:00:00+00:00,9906.3,10048.7,9532.4,9924.1,1553.6571236
2020-02-17 00:00:00+00:00,9924.1,9959.0,9457.4,9702.6,1472.35279654
2020-02-18 00:00:00+00:00,9705.6,10246.5,9590.0,10163.9,1269.14800804
2020-02-19 00:00:00+00:00,10166.5,10251.2,9366.0,9597.2,1503.64605023
2020-02-20 00:00:00+00:00,9597.3,9690.2,9409.0,9596.1,1411.24482182
2020-02-21 00:00:00+00:00,9597.3,9754.9,9472.8,9678.6,787.39472965
2020-02-22 00:00:00+00:00,9678.7,9700.0,9557.0,9649.8,556.05033216
2020-02-23 00:00:00+00:00,9649.8,9983.3,9649.4,9939.8,883.88061563
2020-02-24 00:00:00+00:00,9939.9,9987.9,9460.0,9658.5,1140.75574912
2020-02-25 00:00:00+00:00,9658.5,9671.5,9257.0,9318.4,1593.63713086
2020-02-26 00:00:00+00:00,9318.6,9380.0,8625.0,8787.2,2536.27085227
2020-02-27 00:00:00+00:00,8787.8,8971.2,8531.0,8821.4,1934.0172443
2020-02-28 00:00:00+00:00,8820.6,8899.5,8443.0,8691.7,1704.66783213
2020-02-29 00:00:00+00:00,8691.9,8788.9,8516.0,8527.1,981.59259977
2020-03-01 00:00:00+00:00,8524.4,8746.2,8421.5,8530.9,1219.85982846
2020-03-02 00:00:00+00:00,8531.0,8963.4,8499.8,8910.2,1343.53030318
2020-03-03 00:00:00+00:00,8910.2,8915.0,8656.0,8761.2,1474.93620487
2020-03-04 00:00:00+00:00,8761.2,8847.1,8655.7,8750.7,1396.36280396
2020-03-05 00:00:00+00:00,8750.8,9153.1,8750.7,9056.9,1689.18485548
2020-03-06 00:00:00+00:00,9056.2,9168.7,8989.1,9134.3,972.88218808
2020-03-07 00:00:00+00:00,9133.9,9184.9,8789.8,8889.9,836.48591636
2020-03-08 00:00:00+00:00,8889.9,8889.9,8001.1,8036.5,1703.1688193
2020-03-09 00:00:00+00:00,8035.0,8175.2,7636.3,7931.3,2635.87274638
2020-03-10 00:00:00+00:00,7931.4,8147.1,7736.9,7895.3,1718.30904912
2020-03-11 00:00:00+00:00,7895.4,8000.0,7590.0,7933.2,1467.28926861
2020-03-12 00:00:00+00:00,7933.2,7960.4,4448.6,4802.9,8901.93085483
2020-03-13 00:00:00+00:00,4811.8,5950.0,3800.0,5576.3,12561.67730242
2020-03-14 00:00:00+00:00,5577.6,5636.0,5057.6,5175.8,3808.1681546
2020-03-15 00:00:00+00:00,5176.6,5915.0,5102.0,5359.7,2990.10573374
2020-03-16 00:00:00+00:00,5361.1,5365.4,4445.0,5027.3,5459.54705667
2020-03-17 00:00:00+00:00,5028.8,5532.0,4926.1,5316.7,3451.65990323
2020-03-18 00:00:00+00:00,5316.8,5434.6,5000.0,5394.8,3415.91132435
2020-03-19 00:00:00+00:00,5394.0,6397.7,5254.4,6162.2,4433.01528211
2020-03-20 00:00:00+00:00,6162.2,6901.7,5661.9,6204.4,5948.95444901
2020-03-21 00:00:00+00:00,6205.6,6450.9,5864.0,6191.1,4072.8410034
2020-03-22 00:00:00+00:00,6188.3,6402.0,5720.0,5815.8,3764.04790529
2020-03-23 00:00:00+00:00,5815.4,6589.7,5692.8,6469.0,4089.55773919
2020-03-24 00:00:00+00:00,6467.1,6827.2,6361.5,6746.4,3642.59287288
2020-03-25 00:00:00+00:00,6746.4,6950.3,6429.3,6673.0,3072.71947914
2020-03-26 00:00:00+00:00,6673.0,6776.5,6412.2,6733.2,2241.27102381
2020-03-27 00:00:00+00:00,6733.2,6843.7,6272.1,6358.0,2407.75149128
2020-03-28 00:00:00+00:00,6358.0,6358.0,6027.5,6242.4,3133.26968023
2020-03-29 00:00:00+00:00,6239.8,6266.0,5871.5,5881.2,1994.75867267
2020-03-30 00:00:00+00:00,5881.3,6600.0,5860.0,6394.9,2844.03376661
2020-03-31 00:00:00+00:00,6395.0,6520.0,6288.0,6409.7,2045.4639793
2020-04-01 00:00:00+00:00,6410.8,6678.0,6151.9,6642.7,3064.08826173
2020-04-02 00:00:00+00:00,6642.7,7203.0,6541.0,6794.6,4050.91954989
2020-04-03 00:00:00+00:00,6794.6,7040.0,6604.5,6736.2,3811.34417156
2020-04-04 00:00:00+00:00,6734.0,7013.3,6650.2,6856.4,2460.79371155
2020-04-05 00:00:00+00:00,6856.4,6892.1,6672.4,6772.2,1579.96635701
2020-04-06 00:00:00+00:00,6771.8,7350.0,6766.1,7329.5,2702.68211891
2020-04-07 00:00:00+00:00,7329.8,7459.9,7076.0,7197.9,3799.99334732
2020-04-08 00:00:00+00:00,7198.0,7419.9,7127.7,7359.7,2702.06833782
2020-04-09 00:00:00+00:00,7359.7,7371.6,6851.0,7284.9,2076.13186047
2020-04-10 00:00:00+00:00,7283.5,7293.4,6740.1,6859.0,3081.59910192
2020-04-11 00:00:00+00:00,6859.0,6940.1,6762.4,6878.1,1539.54064089
2020-04-12 00:00:00+00:00,6878.0,7180.4,6780.0,6901.6,1932.48627629
2020-04-13 00:00:00+00:00,6901.6,6901.6,6571.0,6838.1,2524.56769739
2020-04-14 00:00:00+00:00,6838.0,6974.2,6760.0,6869.5,1548.79355446
2020-04-15 00:00:00+00:00,6868.4,6931.3,6607.8,6621.9,1775.92421944
2020-04-16 00:00:00+00:00,6621.7,7186.5,6475.9,7101.0,2629.64127634
2020-04-17 00:00:00+00:00,7101.3,7144.9,6953.5,7026.3,1470.81685388
2020-04-18 00:00:00+00:00,7027.0,7291.0,7016.3,7248.8,1284.63615237
2020-04-19 00:00:00+00:00,7248.8,7262.9,7055.5,7120.7,1256.39664658
2020-04-20 00:00:00+00:00,7120.7,7210.9,6751.9,6828.6,2402.36229614
2020-04-21 00:00:00+00:00,6828.7,6940.5,6760.0,6843.1,1606.02637962
2020-04-22 00:00:00+00:00,6841.5,7152.8,6818.8,7125.5,1372.8794875
2020-04-23 00:00:00+00:00,7125.6,7743.4,7005.0,7484.0,3084.91452268
2020-04-24 00:00:00+00:00,7484.1,7610.0,7396.3,7503.9,1597.06357159
2020-04-25 00:00:00+00:00,7503.9,7700.0,7438.0,7543.0,1872.99387261
2020-04-26 00:00:00+00:00,7543.1,7700.0,7490.0,7692.8,1666.19131038
2020-04-27 00:00:00+00:00,7692.9,7793.0,7624.5,7771.8,1868.14951424
2020-04-28 00:00:00+00:00,7772.2,7776.3,7660.7,7740.3,1400.41213207
2020-04-29 00:00:00+00:00,7740.4,8964.0,7710.9,8777.6,6237.75443444
2020-04-30 00:00:00+00:00,8777.5,9455.9,8388.0,8624.3,8624.81918911
2020-05-01 00:00:00+00:00,8623.7,9055.6,8617.1,8826.3,3802.51904461
2020-05-02 00:00:00+00:00,8826.4,9010.1,8755.1,8971.1,2216.61074977
2020-05-03 00:00:00+00:00,8971.6,9195.1,8718.3,8892.1,3691.46739184
2020-05-04 00:00:00+00:00,8892.1,8948.7,8521.0,8870.5,3527.26424821
2020-05-05 00:00:00+00:00,8871.5,9107.7,8756.0,9021.1,2600.14035198
2020-05-06 00:00:00+00:00,9021.2,9397.8,8911.6,9145.9,4109.87151248
2020-05-07 00:00:00+00:00,9146.0,10049.8,9030.9,9983.5,5334.43932954
2020-05-08 00:00:00+00:00,9981.2,10031.1,9718.0,9797.8,3446.39735922
2020-05-09 00:00:00+00:00,9797.8,9910.1,9523.0,9538.2,3181.27165556
2020-05-10 00:00:00+00:00,9537.3,9566.4,8000.0,8725.6,8008.11377362
2020-05-11 00:00:00+00:00,8724.7,9161.1,8198.7,8560.9,10408.13387229
2020-05-12 00:00:00+00:00,8561.2,8973.2,8529.6,8810.5,3768.9337369
2020-05-13 00:00:00+00:00,8810.5,9397.3,8790.8,9307.2,3542.30189723
2020-05-14 00:00:00+00:00,9307.9,9931.8,9257.6,9790.7,5353.35706526
2020-05-15 00:00:00+00:00,9791.3,9843.4,9121.3,9318.4,5711.84027458
2020-05-16 00:00:00+00:00,9316.2,9582.8,9223.9,9382.4,2348.4399918
2020-05-17 00:00:00+00:00,9381.4,9880.7,9325.4,9679.3,2252.78548872
2020-05-18 00:00:00+00:00,9679.4,9946.3,9486.5,9731.2,3423.0116475
2020-05-19 00:00:00+00:00,9731.2,9895.1,9476.6,9777.2,3120.76719588
2020-05-20 00:00:00+00:00,9777.2,9837.7,9321.7,9512.5,2993.9891806
2020-05-21 00:00:00+00:00,9512.5,9573.2,8815.8,9064.8,5079.2825232
2020-05-22 00:00:00+00:00,9066.4,9271.5,8935.5,9168.0,2527.47254209
2020-05-23 00:00:00+00:00,9168.0,9307.1,9077.9,9177.3,1631.54670298
2020-05-24 00:00:00+00:00,9177.4,9295.0,8700.0,8716.0,3000.43671289
2020-05-25 00:00:00+00:00,8716.0,8978.1,8637.6,8899.2,3097.71088283
2020-05-26 00:00:00+00:00,8899.1,9008.6,8701.4,8840.0,2168.04988328
2020-05-27 00:00:00+00:00,8838.0,9224.3,8815.5,9201.9,2355.57636376
2020-05-28 00:00:00+00:00,9202.0,9622.3,9111.7,9577.2,3270.61351505
2020-05-29 00:00:00+00:00,9577.2,9603.0,9331.2,9426.1,2159.66125421
2020-05-30 00:00:00+00:00,9426.2,9736.4,9337.6,9696.1,2705.7435618
2020-05-31 00:00:00+00:00,9696.2,9700.0,9398.6,9450.0,2419.46081172
2020-06-01 00:00:00+00:00,9450.2,10369.7,9422.6,10201.0,3736.40993135
2020-06-02 00:00:00+00:00,10201.1,10220.7,9272.1,9518.3,4688.5140847
2020-06-03 00:00:00+00:00,9518.4,9686.6,9300.0,9667.5,1840.02834644
2020-06-04 00:00:00+00:00,9667.6,9880.0,9423.9,9790.2,2313.17292831
2020-06-05 00:00:00+00:00,9790.2,9850.0,9588.4,9622.4,2340.02568162
2020-06-06 00:00:00+00:00,9622.4,9733.1,9535.5,9668.6,1410.98356727
2020-06-07 00:00:00+00:00,9668.7,9802.4,9386.0,9745.1,2843.76935513
2020-06-08 00:00:00+00:00,9745.2,9796.0,9640.0,9775.8,1340.55274231
2020-06-09 00:00:00+00:00,9775.8,9870.7,9566.9,9772.4,2790.91665866
2020-06-10 00:00:00+00:00,9772.4,9987.5,9700.0,9881.9,2294.73294475
2020-06-11 00:00:00+00:00,9881.9,9966.2,9011.0,9280.6,4884.50525187
2020-06-12 00:00:00+00:00,9280.7,9554.7,9238.4,9466.6,1836.62859315
2020-06-13 00:00:00+00:00,9466.6,9492.6,9343.5,9473.1,1070.03567113
2020-06-14 00:00:00+00:00,9473.0,9479.4,9250.2,9340.6,1370.14206566
2020-06-15 00:00:00+00:00,9340.7,9494.7,8910.6,9425.3,4076.51121275
2020-06-16 00:00:00+00:00,9425.4,9587.6,9373.2,9524.6,2266.07589031
2020-06-17 00:00:00+00:00,9524.6,9563.0,9242.0,9464.5,2046.64560314
2020-06-18 00:00:00+00:00,9464.6,9484.6,9278.4,9387.4,1523.59270628
2020-06-19 00:00:00+00:00,9387.5,9436.5,9242.0,9309.9,1845.43422191
2020-06-20 00:00:00+00:00,9309.9,9394.4,9173.4,9358.0,1305.1663391
2020-06-21 00:00:00+00:00,9357.9,9418.8,9283.2,9295.0,932.6131302
2020-06-22 00:00:00+00:00,9295.0,9774.0,9278.6,9685.8,2169.80782576
2020-06-23 00:00:00+00:00,9685.9,9719.8,9580.1,9623.7,1609.00192911
2020-06-24 00:00:00+00:00,9623.6,9668.4,9207.0,9296.7,2809.58046048
2020-06-25 00:00:00+00:00,9296.7,9337.5,9010.4,9247.0,2964.47065371
2020-06-26 00:00:00+00:00,9247.1,9295.5,9045.4,9164.4,2536.34530613
2020-06-27 00:00:00+00:00,9164.3,9194.0,8836.3,9012.7,2444.57063062
2020-06-28 00:00:00+00:00,9012.8,9189.4,8933.2,9119.1,1781.15835612
2020-06-29 00:00:00+00:00,9119.1,9234.9,9027.4,9191.1,1991.97124968
2020-06-30 00:00:00+00:00,9191.1,9202.0,9067.9,9136.6,1443.94107615
2020-07-01 00:00:00+00:00,9136.6,9289.0,9091.0,9231.4,2100.08951805
2020-07-02 00:00:00+00:00,9231.4,9260.4,8944.1,9086.1,2413.43090427
2020-07-03 00:00:00+00:00,9087.1,9123.5,9038.1,9058.8,1320.29434055
2020-07-04 00:00:00+00:00,9059.0,9187.6,9044.3,9135.9,1247.61719155
2020-07-05 00:00:00+00:00,9135.4,9143.2,8912.0,9072.4,2436.3278776
2020-07-06 00:00:00+00:00,9072.4,9374.1,9060.0,9342.9,3702.90723856
2020-07-07 00:00:00+00:00,9342.9,9378.5,9186.7,9254.9,3247.94646932
2020-07-08 00:00:00+00:00,9255.0,9467.9,9230.0,9435.3,2660.48501828
2020-07-09 00:00:00+00:00,9435.4,9439.2,9164.8,9235.1,2662.33401164
2020-07-10 00:00:00+00:00,9235.2,9313.0,9128.4,9286.9,2010.99077375
2020-07-11 00:00:00+00:00,9287.0,9298.7,9180.2,9232.5,1380.50306896
2020-07-12 00:00:00+00:00,9232.6,9342.7,9159.9,9298.6,1424.02205528
2020-07-13 00:00:00+00:00,9299.6,9339.5,9204.6,9242.6,2099.93174165
2020-07-14 00:00:00+00:00,9242.5,9275.0,9117.4,9253.3,1709.96977519
2020-07-15 00:00:00+00:00,9253.4,9274.5,9161.0,9198.9,1564.88517513
2020-07-16 00:00:00+00:00,9199.0,9224.9,9046.4,9133.4,1858.37199899
2020-07-17 00:00:00+00:00,9133.4,9184.2,9088.6,9154.1,1214.3836412
2020-07-18 00:00:00+00:00,9154.2,9204.8,9122.4,9168.9,1357.51446555
2020-07-19 00:00:00+00:00,9168.9,9229.0,9103.9,9206.6,1528.52968247
2020-07-20 00:00:00+00:00,9206.6,9218.7,9132.3,9159.9,1770.6617005
2020-07-21 00:00:00+00:00,9160.1,9430.2,9153.1,9385.4,2944.05499825
2020-07-22 00:00:00+00:00,9385.5,9531.2,9277.7,9516.1,2672.7010378
2020-07-23 00:00:00+00:00,9516.1,9665.6,9444.5,9603.0,3093.60730693
2020-07-24 00:00:00+00:00,9603.1,9631.9,9466.5,9540.2,2253.2869288
2020-07-25 00:00:00+00:00,9540.2,9729.6,9525.7,9699.6,2517.55208247
2020-07-26 00:00:00+00:00,9699.7,10124.6,9648.2,9931.0,4299.24634905
2020-07-27 00:00:00+00:00,9931.0,11380.0,9922.0,11026.5,11492.57640914
2020-07-28 00:00:00+00:00,11026.7,11240.0,10561.8,10909.8,8563.57849231
2020-07-29 00:00:00+00:00,10909.8,11336.0,10450.0,11101.0,5459.14245836
2020-07-30 00:00:00+00:00,11100.9,11170.0,10833.5,11100.3,4487.33262338
2020-07-31 00:00:00+00:00,11100.4,11446.3,10963.4,11336.4,4457.56921885
2020-08-01 00:00:00+00:00,11336.3,11857.7,11206.6,11799.4,5897.10046722
2020-08-02 00:00:00+00:00,11799.8,12108.7,9998.0,11070.6,7892.63310726
2020-08-03 00:00:00+00:00,11070.6,11477.0,10890.0,11220.6,4469.02610772
2020-08-04 00:00:00+00:00,11220.7,11410.0,11020.3,11188.7,3817.96318964
2020-08-05 00:00:00+00:00,11188.6,11782.0,11097.8,11741.2,4569.74534666
2020-08-06 00:00:00+00:00,11741.1,11900.0,11566.3,11764.2,3711.41815891
2020-08-07 00:00:00+00:00,11764.4,11906.7,11325.0,11592.3,5160.45766121
2020-08-08 00:00:00+00:00,11592.3,11805.0,11518.0,11765.7,3712.55991915
2020-08-09 00:00:00+00:00,11765.7,11794.1,11524.6,11682.2,3160.32762424
2020-08-10 00:00:00+00:00,11682.2,12055.7,11500.1,11890.1,5342.23262017
2020-08-11 00:00:00+00:00,11890.3,11933.2,11127.3,11392.1,6360.97783694
2020-08-12 00:00:00+00:00,11392.1,11615.8,11152.4,11564.7,3634.25218513
2020-08-13 00:00:00+00:00,11565.0,11787.0,11272.8,11775.6,4156.27605326
2020-08-14 00:00:00+00:00,11775.7,11850.0,11635.6,11759.7,2906.7836547
2020-08-15 00:00:00+00:00,11759.8,11980.0,11668.6,11854.4,4069.58175049
2020-08-16 00:00:00+00:00,11854.5,11932.2,11685.0,11910.1,3726.66202642
2020-08-17 00:00:00+00:00,11910.2,12450.0,11770.3,12280.8,5443.04315438
2020-08-18 00:00:00+00:00,12280.8,12383.1,11250.0,11945.4,5191.99726781
2020-08-19 00:00:00+00:00,11945.4,12019.6,11563.5,11753.3,5696.51423367
2020-08-20 00:00:00+00:00,11753.4,11879.7,11667.4,11858.0,3045.36114031
2020-08-21 00:00:00+00:00,11858.0,11878.0,11492.8,11529.4,4107.07341878
2020-08-22 00:00:00+00:00,11529.3,11685.0,11379.0,11665.3,2767.71720714
2020-08-23 00:00:00+00:00,11665.4,11713.6,11514.8,11647.4,2214.22557473
2020-08-24 00:00:00+00:00,11647.4,11823.8,11588.3,11751.4,2250.0288632
2020-08-25 00:00:00+00:00,11751.4,11765.8,11080.5,11320.7,4400.57820135
2020-08-26 00:00:00+00:00,11320.7,11536.5,11243.6,11460.7,3754.66655695
2020-08-27 00:00:00+00:00,11460.8,11584.7,11127.0,11327.9,4773.82465598
2020-08-28 00:00:00+00:00,11329.0,11540.0,11279.1,11527.4,2829.93797101
2020-08-29 00:00:00+00:00,11527.4,11577.6,11423.1,11467.4,2218.82286928
2020-08-30 00:00:00+00:00,11467.3,11715.6,11460.7,11711.0,2833.24085284
2020-08-31 00:00:00+00:00,11710.9,11780.0,11572.1,11651.6,2849.94224514
2020-09-01 00:00:00+00:00,11651.6,12049.4,11530.1,11922.4,4430.53125008
2020-09-02 00:00:00+00:00,11922.5,11952.4,11155.0,11387.6,5319.0297894
2020-09-03 00:00:00+00:00,11387.6,11458.7,9900.0,10136.2,8753.75581105
2020-09-04 00:00:00+00:00,10134.6,10625.0,9825.0,10447.2,10253.79712846
2020-09-05 00:00:00+00:00,10447.1,10565.2,9836.9,10166.4,13167.1919902
2020-09-06 00:00:00+00:00,10168.1,10345.5,9996.9,10254.3,6372.5835542
2020-09-07 00:00:00+00:00,10255.8,10411.6,9877.0,10372.1,5101.2820699
2020-09-08 00:00:00+00:00,10372.1,10437.5,9851.8,10127.1,6037.49477764
2020-09-09 00:00:00+00:00,10127.1,10341.8,9983.7,10219.7,3004.00307099
2020-09-10 00:00:00+00:00,10219.6,10482.7,10211.4,10338.0,3789.32033793
2020-09-11 00:00:00+00:00,10337.9,10395.5,10196.6,10386.9,2377.07712515
2020-09-12 00:00:00+00:00,10387.0,10476.9,10270.1,10440.2,1666.94276005
2020-09-13 00:00:00+00:00,10440.2,10579.0,10214.1,10329.6,2789.48744619
2020-09-14 00:00:00+00:00,10329.6,10749.1,10244.6,10672.9,3732.98560507
2020-09-15 00:00:00+00:00,10672.3,10930.1,10606.5,10785.0,4378.23775425
2020-09-16 00:00:00+00:00,10784.9,11091.9,10665.1,10954.7,4229.84321714
2020-09-17 00:00:00+00:00,10954.7,11043.7,10746.5,10938.7,3121.63589363
2020-09-18 00:00:00+00:00,10938.8,11037.0,10815.1,10932.3,2104.08429366
2020-09-19 00:00:00+00:00,10932.4,11178.2,10890.0,11081.6,1888.93772481
2020-09-20 00:00:00+00:00,11081.6,11081.6,10754.6,10919.5,2205.61750318
2020-09-21 00:00:00+00:00,10919.6,10986.7,10297.3,10417.1,4845.62709756
2020-09-22 00:00:00+00:00,10417.1,10571.8,10357.6,10528.8,2495.44445648
2020-09-23 00:00:00+00:00,10528.8,10535.4,10137.6,10241.7,3055.10883414
2020-09-24 00:00:00+00:00,10241.7,10792.5,10194.2,10736.3,2843.34745818
2020-09-25 00:00:00+00:00,10736.2,10759.2,10554.8,10688.2,2122.74079415
2020-09-26 00:00:00+00:00,10688.2,10823.0,10646.9,10729.0,1368.71840622
2020-09-27 00:00:00+00:00,10728.9,10798.7,10589.4,10772.4,1182.99980084
2020-09-28 00:00:00+00:00,10772.5,10956.8,10636.9,10693.2,1701.83514954
2020-09-29 00:00:00+00:00,10693.1,10872.3,10630.0,10840.2,1119.5932882
2020-09-30 00:00:00+00:00,10840.2,10846.8,10658.2,10777.2,935.62176325
2020-10-01 00:00:00+00:00,10777.2,10917.5,10437.5,10620.1,2273.32448141
2020-10-02 00:00:00+00:00,10619.4,10663.7,10371.6,10566.5,2010.12370424
2020-10-03 00:00:00+00:00,10566.6,10599.6,10483.4,10539.0,617.07135365
2020-10-04 00:00:00+00:00,10539.0,10688.9,10516.3,10664.1,589.69900962
2020-10-05 00:00:00+00:00,10663.1,10798.0,10617.6,10792.4,946.93192161
2020-10-06 00:00:00+00:00,10792.5,10800.0,10525.0,10570.3,1811.5187879
2020-10-07 00:00:00+00:00,10570.1,10680.4,10532.9,10667.1,1419.94662291
2020-10-08 00:00:00+00:00,10666.7,10947.4,10532.4,10923.6,1919.82356714
2020-10-09 00:00:00+00:00,10923.6,11101.0,10833.3,11052.9,1127.66673597
2020-10-10 00:00:00+00:00,11052.8,11488.7,11051.5,11294.4,1515.47941721
2020-10-11 00:00:00+00:00,11294.5,11443.0,11269.9,11371.0,950.06535704
2020-10-12 00:00:00+00:00,11371.0,11718.0,11187.0,11530.7,1892.14328761
2020-10-13 00:00:00+00:00,11530.6,11554.5,11307.6,11419.4,1397.2409329
2020-10-14 00:00:00+00:00,11420.9,11544.3,11288.4,11416.4,1336.83313052
2020-10-15 00:00:00+00:00,11418.2,11610.0,11254.7,11503.9,1860.50806848
2020-10-16 00:00:00+00:00,11502.8,11538.9,11200.0,11317.9,1554.86226352
2020-10-17 00:00:00+00:00,11317.9,11402.8,11259.7,11361.3,664.50882251
2020-10-18 00:00:00+00:00,11361.4,11504.4,11345.4,11502.3,673.63560348
2020-10-19 00:00:00+00:00,11502.4,11825.2,11407.0,11750.0,1257.07306071
2020-10-20 00:00:00+00:00,11750.1,12032.3,11680.0,11909.6,2412.2180752
2020-10-21 00:00:00+00:00,11909.6,13243.8,11887.5,12785.1,5193.56775119
2020-10-22 00:00:00+00:00,12785.0,13183.0,12678.5,12967.7,3789.94848931
2020-10-23 00:00:00+00:00,12967.7,13040.9,12723.6,12924.6,2034.84721128
2020-10-24 00:00:00+00:00,12923.9,13163.9,12871.8,13110.6,1351.85608735
2020-10-25 00:00:00+00:00,13110.5,13350.0,12899.0,13031.3,1338.08546852
2020-10-26 00:00:00+00:00,13031.3,13232.4,12772.0,13055.3,1853.59561111
2020-10-27 00:00:00+00:00,13055.1,13785.8,13038.6,13636.9,2546.50539743
2020-10-28 00:00:00+00:00,13636.8,13853.7,12892.7,13270.8,3936.14923573
2020-10-29 00:00:00+00:00,13268.9,13638.3,12974.3,13455.0,2411.68085079
2020-10-30 00:00:00+00:00,13454.9,13666.9,13113.0,13556.7,2649.22723858
2020-10-31 00:00:00+00:00,13557.3,14100.0,13412.8,13792.1,2556.24212234
2020-11-01 00:00:00+00:00,13792.0,13891.0,13620.0,13758.7,1249.74802079
2020-11-02 00:00:00+00:00,13758.8,13829.2,13196.3,13550.9,2156.93846771
2020-11-03 00:00:00+00:00,13550.8,14060.6,13277.5,14019.8,2630.70110277
2020-11-04 00:00:00+00:00,14019.7,14256.4,13529.2,14141.3,3122.75651384
2020-11-05 00:00:00+00:00,14141.3,15746.2,14095.4,15589.8,4809.04202935
2020-11-06 00:00:00+00:00,15591.3,15959.6,15179.5,15578.3,5512.90554053
2020-11-07 00:00:00+00:00,15580.6,15751.9,14344.5,14814.6,4357.40480691
2020-11-08 00:00:00+00:00,14816.5,15650.0,14706.4,15478.3,2443.80984902
2020-11-09 00:00:00+00:00,15477.4,15840.0,14809.2,15326.8,3638.51854379
2020-11-10 00:00:00+00:00,15326.8,15458.1,15077.0,15299.4,1185.11508329
2020-11-11 00:00:00+00:00,15298.0,15972.9,15272.2,15688.4,1855.11283173
2020-11-12 00:00:00+00:00,15686.5,16338.3,15450.0,16297.1,2378.99407168
2020-11-13 00:00:00+00:00,16290.4,16472.3,15954.2,16320.9,1744.72060174
2020-11-14 00:00:00+00:00,16320.8,16325.8,15701.5,16064.7,1143.28365949
2020-11-15 00:00:00+00:00,16071.3,16158.5,15776.5,15954.0,977.47524027
2020-11-16 00:00:00+00:00,15957.4,16881.1,15868.8,16711.8,1742.5333912
2020-11-17 00:00:00+00:00,16711.8,17857.5,16527.0,17665.7,3091.13241231
2020-11-18 00:00:00+00:00,17657.1,18470.2,17112.2,17775.4,4258.20139296
2020-11-19 00:00:00+00:00,17779.2,18170.7,17339.5,17805.7,2153.85752161
2020-11-20 00:00:00+00:00,17802.8,18808.6,17747.4,18659.4,2195.47334822
2020-11-21 00:00:00+00:00,18659.4,18964.9,18322.3,18702.2,2063.26469505
2020-11-22 00:00:00+00:00,18702.2,18749.1,17622.2,18416.9,2373.60044413
2020-11-23 00:00:00+00:00,18415.1,18762.0,18009.0,18370.6,2338.73016754
2020-11-24 00:00:00+00:00,18370.3,19412.5,17999.9,19153.2,3392.94521173
2020-11-25 00:00:00+00:00,19160.0,19480.0,18479.7,18723.3,2559.63582582
2020-11-26 00:00:00+00:00,18722.2,18913.1,16203.3,17148.5,5594.26051216
2020-11-27 00:00:00+00:00,17148.8,17451.2,16446.1,17139.2,2721.94456076
2020-11-28 00:00:00+00:00,17139.2,17873.8,16866.1,17716.8,1841.96742642
2020-11-29 00:00:00+00:00,17716.8,18346.7,17517.5,18180.4,1639.9569172
2020-11-30 00:00:00+00:00,18182.7,19868.3,17229.8,19693.9,3639.06879152
2020-12-01 00:00:00+00:00,19693.8,19888.9,18011.0,18770.5,3564.56780269
2020-12-02 00:00:00+00:00,18770.5,19337.0,18325.0,19206.0,2575.27420669
2020-12-03 00:00:00+00:00,19202.9,19602.9,18872.6,19423.8,1633.73872106
2020-12-04 00:00:00+00:00,19425.4,19525.9,18548.6,18654.6,1794.75097912
2020-12-05 00:00:00+00:00,18652.5,19172.8,18505.7,19147.0,914.51552453
2020-12-06 00:00:00+00:00,19147.0,19425.1,18859.3,19362.6,1109.78287701
2020-12-07 00:00:00+00:00,19360.8,19419.1,18902.0,19168.9,1018.93226272
2020-12-08 00:00:00+00:00,19169.0,19293.4,18183.0,18327.3,1367.1061265
2020-12-09 00:00:00+00:00,18326.3,18635.5,17640.8,18540.1,1871.18861253
2020-12-10 00:00:00+00:00,18540.0,18552.2,17913.4,18251.2,1255.37068042
2020-12-11 00:00:00+00:00,18251.4,18288.9,17584.2,18027.0,1845.5977192
2020-12-12 00:00:00+00:00,18035.9,18942.1,18020.9,18806.8,968.56828459
2020-12-13 00:00:00+00:00,18809.8,19411.0,18715.0,19176.1,1285.87149129
2020-12-14 00:00:00+00:00,19176.1,19348.2,19002.2,19271.1,830.18279453
2020-12-15 00:00:00+00:00,19271.1,19568.3,19050.0,19425.4,1169.89543121
2020-12-16 00:00:00+00:00,19425.5,21550.0,19283.7,21340.8,2689.22303743
2020-12-17 00:00:00+00:00,21340.8,23842.1,21235.0,22805.7,5322.25955604
2020-12-18 00:00:00+00:00,22799.8,23279.0,22348.0,23110.8,1721.2589705
2020-12-19 00:00:00+00:00,23113.0,24166.8,22737.2,23828.0,1977.608544
2020-12-20 00:00:00+00:00,23827.1,24297.7,23085.0,23469.5,1688.07445198
2020-12-21 00:00:00+00:00,23469.5,24103.4,21576.9,22717.5,3075.11333526
2020-12-22 00:00:00+00:00,22725.5,23831.7,22371.7,23813.1,2196.04706422
2020-12-23 00:00:00+00:00,23813.1,24125.0,22615.8,23230.7,3045.96872549
2020-12-24 00:00:00+00:00,23232.5,23797.3,22705.7,23729.6,1787.55195955
2020-12-25 00:00:00+00:00,23728.9,24783.7,23429.5,24706.7,2201.05246771
2020-12-26 00:00:00+00:00,24709.9,26869.3,24502.7,26486.9,2781.26887939
2020-12-27 00:00:00+00:00,26487.5,28418.2,25700.0,26282.5,4915.61631982
2020-12-28 00:00:00+00:00,26279.8,27495.8,26104.4,27075.6,2223.68571799
2020-12-29 00:00:00+00:00,27075.5,27405.0,25892.9,27383.3,2486.08046405
2020-12-30 00:00:00+00:00,27385.3,28993.4,27300.0,28868.1,3097.20517931
2020-12-31 00:00:00+00:00,28868.2,29333.1,27891.4,28920.5,2557.10505958
2021-01-01 00:00:00+00:00,28924.9,29607.1,28633.0,29333.2,1672.60482834
2021-01-02 00:00:00+00:00,29333.2,33286.8,28949.2,32185.4,5165.02345878
2021-01-03 00:00:00+00:00,32181.3,34766.0,31500.0,33000.4,5674.96143676
2021-01-04 00:00:00+00:00,33005.9,33600.2,27500.0,31993.0,7405.23285327
2021-01-05 00:00:00+00:00,31993.1,34371.0,29806.1,33938.6,5222.37990469
2021-01-06 00:00:00+00:00,33946.6,36933.6,33310.9,36750.6,5514.16455318
2021-01-07 00:00:00+00:00,36750.5,40350.0,35700.0,39439.5,6417.76201806
2021-01-08 00:00:00+00:00,39439.5,41948.3,36232.0,40574.7,7040.21979864
2021-01-09 00:00:00+00:00,40578.8,41400.0,38734.2,40096.6,3405.50789894
2021-01-10 00:00:00+00:00,40096.6,41330.9,34329.0,38160.7,5343.46002775
2021-01-11 00:00:00+00:00,38160.7,38255.9,30425.1,35392.3,15510.10515384
2021-01-12 00:00:00+00:00,35395.0,36632.8,32542.9,34063.5,6938.01691122
2021-01-13 00:00:00+00:00,34050.0,37823.0,32361.8,37388.3,6127.99748073
2021-01-14 00:00:00+00:00,37364.5,40099.9,36747.1,39150.6,3997.60871964
2021-01-15 00:00:00+00:00,39150.6,39760.0,34364.1,36748.2,4823.48837879
2021-01-16 00:00:00+00:00,36745.1,37934.9,35378.0,35992.7,3963.06308779
2021-01-17 00:00:00+00:00,35992.7,36843.6,33804.9,35836.2,3449.09524186
2021-01-18 00:00:00+00:00,35824.4,37481.7,34783.1,36620.7,2997.11416823
2021-01-19 00:00:00+00:00,36630.2,37859.3,35866.8,35899.3,2610.72769277
2021-01-20 00:00:00+00:00,35899.3,36404.4,33396.2,35474.7,3158.62573567
2021-01-21 00:00:00+00:00,35469.6,35597.5,30064.7,30860.8,6943.04006563
2021-01-22 00:00:00+00:00,30860.8,33814.4,28856.0,32958.6,6338.79035017
2021-01-23 00:00:00+00:00,32951.6,33444.9,31398.0,32075.4,2873.25798454
2021-01-24 00:00:00+00:00,32073.6,33068.2,30920.4,32255.3,2200.25702584
2021-01-25 00:00:00+00:00,32255.2,34853.3,31677.6,32268.8,3202.24460866
2021-01-26 00:00:00+00:00,32253.6,32911.0,30824.1,32477.4,3789.87118949
2021-01-27 00:00:00+00:00,32475.3,32546.9,29254.1,30343.9,4476.70527692
2021-01-28 00:00:00+00:00,30353.9,33761.2,29847.5,33353.1,3410.01299647
2021-01-29 00:00:00+00:00,33351.6,38527.2,31924.6,34240.3,9461.05193595
2021-01-30 00:00:00+00:00,34240.7,34914.9,32810.0,34273.2,3407.8539956
2021-01-31 00:00:00+00:00,34274.3,34338.8,32120.9,33100.8,2427.4248601
2021-02-01 00:00:00+00:00,33100.7,34693.8,32300.0,33522.5,3637.97258506
2021-02-02 00:00:00+00:00,33523.0,35974.7,33411.4,35481.7,2920.85539599
2021-02-03 00:00:00+00:00,35480.2,37651.0,35377.6,37618.7,2741.60580921
2021-02-04 00:00:00+00:00,37612.1,38700.0,36155.4,36948.5,3597.00712134
2021-02-05 00:00:00+00:00,36936.4,38300.0,36575.7,38294.4,2292.11138339
2021-02-06 00:00:00+00:00,38294.4,40964.2,38217.5,39195.5,3882.29460938
2021-02-07 00:00:00+00:00,39195.4,39623.6,37341.4,38807.6,2389.96820017
2021-02-08 00:00:00+00:00,38807.6,46767.9,38010.0,46373.5,4971.54731481
2021-02-09 00:00:00+00:00,46374.6,48139.3,44961.0,46434.8,4330.72854712
2021-02-10 00:00:00+00:00,46430.0,47300.0,43687.5,44812.2,4351.84907778
2021-02-11 00:00:00+00:00,44806.1,48647.6,44005.8,47941.5,4045.91883504
2021-02-12 00:00:00+00:00,47963.1,48958.8,46181.2,47310.7,3356.01832119
2021-02-13 00:00:00+00:00,47305.4,48120.5,46225.5,47152.6,2740.99221759
2021-02-14 00:00:00+00:00,47152.5,49686.9,47026.3,48591.9,3359.4690565
2021-02-15 00:00:00+00:00,48587.2,49003.6,42841.6,47904.4,3974.98461358
2021-02-16 00:00:00+00:00,47913.1,50619.3,47023.9,49147.7,3599.85370182
2021-02-17 00:00:00+00:00,49147.7,52609.6,48931.1,52118.1,3356.85082847
2021-02-18 00:00:00+00:00,52114.3,52522.9,50906.4,51568.9,2183.18379408
2021-02-19 00:00:00+00:00,51561.1,56317.7,50727.0,55890.5,3749.6920105
2021-02-20 00:00:00+00:00,55893.6,57622.6,53463.3,55851.5,3394.87226216
2021-02-21 00:00:00+00:00,55851.4,58336.3,55489.6,57423.0,2514.02340013
2021-02-22 00:00:00+00:00,57420.6,57517.8,44160.0,54096.6,6125.32442907
2021-02-23 00:00:00+00:00,54085.9,54174.2,44900.0,48908.3,8048.96505298
2021-02-24 00:00:00+00:00,48902.9,51361.9,47003.2,49685.2,4816.75027676
2021-02-25 00:00:00+00:00,49676.5,52019.6,46624.4,47082.7,3701.80236678
2021-02-26 00:00:00+00:00,47082.0,48408.8,44135.0,46289.6,5329.77125908
2021-02-27 00:00:00+00:00,46290.2,48381.9,44836.5,46114.4,2872.64640734
2021-02-28 00:00:00+00:00,46111.3,46626.1,43004.3,45141.6,3940.17863714
2021-03-01 00:00:00+00:00,45136.5,49771.3,44958.9,49590.3,3548.51026561
2021-03-02 00:00:00+00:00,49590.3,50201.6,47052.8,48441.2,2936.94454126
2021-03-03 00:00:00+00:00,48440.6,52623.9,48100.0,50345.5,3177.38943911
2021-03-04 00:00:00+00:00,50347.6,51762.1,47505.7,48374.5,3624.17683614
2021-03-05 00:00:00+00:00,48374.5,49450.0,46189.8,48758.9,3697.34556922
2021-03-06 00:00:00+00:00,48746.9,49255.1,47001.0,48871.9,1949.15311354
2021-03-07 00:00:00+00:00,48885.0,51424.7,48885.0,50930.4,2444.3584982
2021-03-08 00:00:00+00:00,50956.6,52387.5,49287.5,52377.0,2710.99151191
2021-03-09 00:00:00+00:00,52376.9,54867.6,51833.8,54867.6,3070.93581512
2021-03-10 00:00:00+00:00,54867.5,57364.0,52911.4,55865.5,4049.50553851
2021-03-11 00:00:00+00:00,55863.7,58150.0,54238.0,57781.1,3403.69441456
2021-03-12 00:00:00+00:00,57781.0,58057.5,55013.7,57238.5,4031.0376629
2021-03-13 00:00:00+00:00,57220.7,61815.3,56059.3,61180.9,4394.62318443
2021-03-14 00:00:00+00:00,61174.3,61700.0,59000.0,59000.0,3084.33952274
2021-03-15 00:00:00+00:00,59000.0,60632.9,54525.6,55607.1,5910.33518227
2021-03-16 00:00:00+00:00,55607.1,56918.9,53240.3,56880.3,7410.49057723
2021-03-17 00:00:00+00:00,56880.3,58951.8,54147.5,58875.8,5828.79026943
2021-03-18 00:00:00+00:00,58882.9,60107.7,57000.0,57648.9,5073.7458698
2021-03-19 00:00:00+00:00,57648.9,59450.1,56071.0,58024.2,3727.09434161
2021-03-20 00:00:00+00:00,58024.3,59874.6,57825.6,58113.5,2746.52973805
2021-03-21 00:00:00+00:00,58113.5,58591.6,55501.0,57350.2,3265.35649781
2021-03-22 00:00:00+00:00,57345.3,58415.5,53667.0,54096.1,4219.99501831
2021-03-23 00:00:00+00:00,54086.8,55823.1,52986.3,54348.4,4374.34046303
2021-03-24 00:00:00+00:00,54348.4,57200.0,51499.6,52307.4,6416.76024581
2021-03-25 00:00:00+00:00,52307.1,53239.1,50455.0,51301.7,7242.6466396
2021-03-26 00:00:00+00:00,51301.7,55062.5,51225.3,55032.0,4609.48192944
2021-03-27 00:00:00+00:00,55031.9,56628.6,53967.5,55820.4,3634.73588532
2021-03-28 00:00:00+00:00,55820.3,56541.0,54666.6,55772.9,3158.20452681
2021-03-29 00:00:00+00:00,55772.8,58400.5,54926.5,57628.9,4413.63121553
2021-03-30 00:00:00+00:00,57630.8,59351.9,57072.8,58754.6,3563.87315049
2021-03-31 00:00:00+00:00,58753.2,59800.0,56357.5,58745.9,4921.45848213
2021-04-01 00:00:00+00:00,58745.5,59487.1,57879.0,58735.7,3163.98213108
2021-04-02 00:00:00+00:00,58735.7,60179.1,58460.7,58963.6,2553.76427314
2021-04-03 00:00:00+00:00,58963.6,59795.0,56721.2,57058.3,2512.19109578
2021-04-04 00:00:00+00:00,57052.5,58481.2,56432.6,58201.4,2069.14670128
2021-04-05 00:00:00+00:00,58201.4,59254.1,56501.0,59116.2,3003.76043377
2021-04-06 00:00:00+00:00,59116.2,59497.5,57304.8,57988.3,2964.86183859
2021-04-07 00:00:00+00:00,57988.3,58668.6,55439.0,55958.2,5277.04906389
2021-04-08 00:00:00+00:00,55958.2,58141.0,55700.6,58076.7,3175.60482079
2021-04-09 00:00:00+00:00,58076.7,58900.0,57666.9,58131.6,3516.19104669
2021-04-10 00:00:00+00:00,58138.2,61350.0,57902.1,59770.2,5533.50675561
2021-04-11 00:00:00+00:00,59770.2,60687.4,59247.6,60007.6,3896.37426019
2021-04-12 00:00:00+00:00,60007.6,61270.7,59417.4,59863.4,4611.409014
2021-04-13 00:00:00+00:00,59863.4,63759.7,59815.0,63578.7,6906.310253
2021-04-14 00:00:00+00:00,63578.7,64840.0,61000.0,62958.7,7696.509177
2021-04-15 00:00:00+00:00,62954.4,63772.1,62023.9,63152.6,4709.82427144
2021-04-16 00:00:00+00:00,63152.6,63509.7,59930.8,61342.6,8295.32523869
2021-04-17 00:00:00+00:00,61342.7,62497.8,59599.6,59995.2,5367.42979289
2021-04-18 00:00:00+00:00,59995.3,60409.5,49001.0,56150.6,11485.97101449
2021-04-19 00:00:00+00:00,56152.7,57583.4,54205.2,55618.8,7721.306905
2021-04-20 00:00:00+00:00,55618.7,57061.6,53328.0,56427.8,8677.75606016
2021-04-21 00:00:00+00:00,56426.1,56761.7,53602.0,53793.6,6240.82191836
2021-04-22 00:00:00+00:00,53793.5,55474.7,50400.0,51696.4,8879.16016304
2021-04-23 00:00:00+00:00,51691.2,52112.1,47502.1,51102.7,8885.07060366
2021-04-24 00:00:00+00:00,51109.8,51157.9,48676.5,50033.0,4833.41744745
2021-04-25 00:00:00+00:00,50041.5,50554.6,46966.2,49086.9,4805.34664069
2021-04-26 00:00:00+00:00,49069.0,54336.4,48775.8,54000.2,6695.12934907
2021-04-27 00:00:00+00:00,53997.1,55439.0,53240.8,55014.3,4344.22291318
2021-04-28 00:00:00+00:00,55014.2,56399.1,53808.3,54833.2,4801.04618634
2021-04-29 00:00:00+00:00,54833.1,55181.2,52340.1,53558.4,4356.05177188
2021-04-30 00:00:00+00:00,53558.5,57936.4,53042.6,57697.3,5000.47557303
2021-05-01 00:00:00+00:00,57697.3,58471.4,57006.3,57794.7,3639.78966647
2021-05-02 00:00:00+00:00,57794.7,57903.7,56044.3,56568.5,3508.52428767
2021-05-03 00:00:00+00:00,56568.5,58977.9,56451.3,57159.7,4780.43387226
2021-05-04 00:00:00+00:00,57159.7,57188.2,53083.3,53196.3,7079.55804728
2021-05-05 00:00:00+00:00,53196.3,57979.7,52888.0,57431.5,6154.55158495
2021-05-06 00:00:00+00:00,57431.5,58362.4,55242.0,56397.6,6418.75056143
2021-05-07 00:00:00+00:00,56397.7,58643.2,55244.6,57307.3,6550.0415782
2021-05-08 00:00:00+00:00,57307.2,59491.0,56910.4,58863.1,5872.02102552
2021-05-09 00:00:00+00:00,58863.1,59208.9,56227.1,58250.2,5830.15382373
2021-05-10 00:00:00+00:00,58250.3,59499.9,52538.0,55813.2,8151.25825773
2021-05-11 00:00:00+00:00,55813.2,56856.0,54428.1,56678.3,6867.99353936
2021-05-12 00:00:00+00:00,56678.4,57990.0,48352.8,49661.9,9545.09873417
2021-05-13 00:00:00+00:00,49627.6,51360.8,45800.0,49675.4,10032.9751252
2021-05-14 00:00:00+00:00,49675.4,51465.0,48813.0,49848.5,5450.84361176
2021-05-15 00:00:00+00:00,49848.4,50660.8,46556.7,46775.4,7795.08529432
2021-05-16 00:00:00+00:00,46775.5,49785.8,43877.8,46427.4,9409.63034288
2021-05-17 00:00:00+00:00,46426.1,46617.0,42112.5,43538.7,11722.79249275
2021-05-18 00:00:00+00:00,43531.1,45784.2,42267.2,42847.8,9551.68122428
2021-05-19 00:00:00+00:00,42850.7,43571.0,29000.0,36664.7,21800.57340109
2021-05-20 00:00:00+00:00,36670.8,42398.4,34875.4,40530.5,12863.45289698
2021-05-21 00:00:00+00:00,40522.7,42238.2,33433.3,37257.0,13365.87411688
2021-05-22 00:00:00+00:00,37252.7,38837.7,35210.0,37453.8,10179.56518335
2021-05-23 00:00:00+00:00,37446.3,38271.7,31088.0,34676.9,14558.40212191
2021-05-24 00:00:00+00:00,34687.8,39920.0,34370.3,38809.9,10412.74700432
2021-05-25 00:00:00+00:00,38803.2,39793.6,36444.6,38320.9,9520.13878761
2021-05-26 00:00:00+00:00,38320.9,40831.3,37803.6,39241.4,9233.46947077
2021-05-27 00:00:00+00:00,39241.3,40399.0,37134.7,38527.7,8469.64540474
2021-05-28 00:00:00+00:00,38529.4,38875.0,34683.0,35661.2,11531.34517002
2021-05-29 00:00:00+00:00,35661.3,37337.8,33621.0,34600.2,12290.41413565
2021-05-30 00:00:00+00:00,34605.6,36496.4,33393.1,35644.4,7624.55210582
2021-05-31 00:00:00+00:00,35644.5,37500.0,34127.8,37257.6,8288.36586648
2021-06-01 00:00:00+00:00,37257.6,37898.9,35698.1,36689.4,7683.09502812
2021-06-02 00:00:00+00:00,36694.6,38230.7,35926.8,37589.0,6046.54340783
2021-06-03 00:00:00+00:00,37589.0,39474.5,37176.2,39249.9,5991.13810668
2021-06-04 00:00:00+00:00,39249.9,39285.7,35555.8,36829.3,8194.77534541
2021-06-05 00:00:00+00:00,36829.3,37962.4,34800.0,35514.6,7313.70229337
2021-06-06 00:00:00+00:00,35514.6,36465.9,35230.4,35798.1,5183.52049311
2021-06-07 00:00:00+00:00,35798.0,36800.0,33301.3,33560.0,6693.22678492
2021-06-08 00:00:00+00:00,33560.0,34061.3,31000.0,33379.8,10968.25291235
2021-06-09 00:00:00+00:00,33379.8,37534.7,32393.9,37377.0,9786.86344386
2021-06-10 00:00:00+00:00,37386.3,38451.5,35800.0,36673.0,7953.00496074
2021-06-11 00:00:00+00:00,36673.0,37680.4,35926.2,37337.6,5668.35626872
2021-06-12 00:00:00+00:00,37332.6,37453.7,34625.5,35573.4,6153.43028558
2021-06-13 00:00:00+00:00,35553.3,39375.0,34761.7,39018.7,7947.76537761
2021-06-14 00:00:00+00:00,39015.3,41029.0,38737.2,40543.0,9828.01439756
2021-06-15 00:00:00+00:00,40543.1,41355.3,39525.0,40156.7,7466.72524707
2021-06-16 00:00:00+00:00,40154.6,40496.1,38105.2,38347.2,7972.12325903
2021-06-17 00:00:00+00:00,38356.0,39571.9,37366.3,38091.2,7793.90305612
2021-06-18 00:00:00+00:00,38094.7,38194.5,35117.3,35823.0,7211.36151168
2021-06-19 00:00:00+00:00,35822.9,36492.7,34811.0,35478.5,5600.90553303
2021-06-20 00:00:00+00:00,35479.6,36191.3,33335.0,35600.5,7100.3775531
2021-06-21 00:00:00+00:00,35603.2,35742.5,31251.6,31614.1,13620.6485917
2021-06-22 00:00:00+00:00,31614.0,33290.2,28801.8,32505.1,14492.17412516
2021-06-23 00:00:00+00:00,32505.0,34839.8,31709.0,33675.0,9779.35209084
2021-06-24 00:00:00+00:00,33676.1,35301.4,32306.2,34657.9,6292.05133514
2021-06-25 00:00:00+00:00,34658.0,35499.9,31276.1,31588.1,8644.09514911
2021-06-26 00:00:00+00:00,31588.1,32720.9,30153.0,32283.7,8232.10619727
2021-06-27 00:00:00+00:00,32283.7,34752.4,32001.2,34704.4,6201.73835382
2021-06-28 00:00:00+00:00,34703.8,35291.5,33857.4,34490.7,6438.36854468
2021-06-29 00:00:00+00:00,34490.8,36595.2,34234.4,35908.9,6179.9829238
2021-06-30 00:00:00+00:00,35906.6,36099.6,34022.7,35045.4,5743.848897
2021-07-01 00:00:00+00:00,35045.4,35056.5,32711.0,33500.1,5862.19733593
2021-07-02 00:00:00+00:00,33500.0,33988.2,32700.8,33791.4,4815.31796337
2021-07-03 00:00:00+00:00,33791.5,34942.6,33324.0,34675.2,3265.35647557
2021-07-04 00:00:00+00:00,34675.2,35966.8,34349.9,35273.7,2936.64620448
2021-07-05 00:00:00+00:00,35279.8,35283.7,33130.7,33683.7,4075.2545818
2021-07-06 00:00:00+00:00,33683.7,35100.0,33510.0,34228.5,4425.08052252
2021-07-07 00:00:00+00:00,34227.1,35057.3,33777.2,33862.8,3811.98736395
2021-07-08 00:00:00+00:00,33862.7,33922.7,32085.5,32875.7,4430.45908695
2021-07-09 00:00:00+00:00,32872.8,34100.0,32265.0,33816.4,3393.73863807
2021-07-10 00:00:00+00:00,33815.5,34260.9,33037.0,33510.0,3252.0101229
2021-07-11 00:00:00+00:00,33510.0,34611.3,33318.5,34263.5,2880.66303705
2021-07-12 00:00:00+00:00,34263.5,34702.9,32630.4,33089.4,4117.53539976
2021-07-13 00:00:00+00:00,33089.0,33341.0,32195.0,32725.2,3605.48200495
2021-07-14 00:00:00+00:00,32725.2,33170.0,31575.4,32819.3,4379.42305702
2021-07-15 00:00:00+00:00,32819.3,33184.0,31150.0,31868.5,4180.08632143
2021-07-16 00:00:00+00:00,31877.8,32246.9,31026.0,31389.1,3316.32314459
2021-07-17 00:00:00+00:00,31383.4,31950.9,31173.6,31520.2,2846.31356992
2021-07-18 00:00:00+00:00,31520.2,32447.0,31112.0,31778.1,3325.38259467
2021-07-19 00:00:00+00:00,31778.2,31893.0,30400.0,30833.3,3335.89495173
2021-07-20 00:00:00+00:00,30833.4,31056.4,29272.0,29782.5,5621.45293025
2021-07-21 00:00:00+00:00,29783.6,32844.8,29481.8,32144.0,6911.48800749
2021-07-22 00:00:00+00:00,32144.1,32600.0,31717.0,32289.7,3146.42471514
2021-07-23 00:00:00+00:00,32289.8,33640.0,31964.0,33634.7,3248.74036973
2021-07-24 00:00:00+00:00,33634.7,34494.6,33399.9,34256.7,3775.28197007
2021-07-25 00:00:00+00:00,34256.7,35400.0,33848.3,35388.4,4124.18296697
2021-07-26 00:00:00+00:00,35385.1,40569.7,35208.0,37242.9,14005.47588008
2021-07-27 00:00:00+00:00,37242.0,39554.0,36345.0,39465.5,5662.53372956
2021-07-28 00:00:00+00:00,39465.6,40893.0,38746.8,40015.5,10022.39273758
2021-07-29 00:00:00+00:00,40016.1,40648.9,39255.0,40022.4,7328.6256963
2021-07-30 00:00:00+00:00,40022.4,42308.9,38320.0,42217.2,7634.61483282
2021-07-31 00:00:00+00:00,42202.9,42423.4,41026.4,41464.0,5900.90723491
2021-08-01 00:00:00+00:00,41464.0,42581.7,39390.1,39852.1,6814.36379395
2021-08-02 00:00:00+00:00,39852.1,40468.6,38689.0,39147.8,7179.10065784
2021-08-03 00:00:00+00:00,39147.8,39774.0,37653.6,38201.7,9288.5027511
2021-08-04 00:00:00+00:00,38201.6,39959.4,37500.0,39719.8,8111.31285721
2021-08-05 00:00:00+00:00,39725.3,41350.0,37304.2,40864.4,10942.48820985
2021-08-06 00:00:00+00:00,40864.5,43376.7,39856.1,42839.6,8605.00430412
2021-08-07 00:00:00+00:00,42839.5,44707.3,42411.0,44574.4,8389.71456376
2021-08-08 00:00:00+00:00,44574.9,45317.9,43265.5,43792.8,8345.60050629
2021-08-09 00:00:00+00:00,43792.5,46457.0,42780.0,46269.0,7845.11311519
2021-08-10 00:00:00+00:00,46263.7,46707.6,44632.0,45581.3,6603.16986028
2021-08-11 00:00:00+00:00,45581.5,46740.0,45337.8,45520.8,7611.35984946
2021-08-12 00:00:00+00:00,45520.4,46209.0,43750.0,44415.2,9021.96448908
2021-08-13 00:00:00+00:00,44411.3,47891.0,44222.3,47807.7,8178.02534973
2021-08-14 00:00:00+00:00,47807.7,48151.3,45969.2,47071.4,6501.92478658
2021-08-15 00:00:00+00:00,47071.4,47377.6,45486.7,46980.4,7538.96655666
2021-08-16 00:00:00+00:00,46980.5,48045.0,45627.7,45887.0,8152.33972192
2021-08-17 00:00:00+00:00,45887.0,47172.9,44390.7,44684.3,10153.62758384
2021-08-18 00:00:00+00:00,44684.4,46015.3,44206.8,44708.3,9385.036469
2021-08-19 00:00:00+00:00,44708.3,47049.2,43925.6,46765.7,7253.81598237
2021-08-20 00:00:00+00:00,46765.6,49400.4,46632.5,49319.4,7915.8350641
2021-08-21 00:00:00+00:00,49319.9,49776.4,48195.9,48821.3,6635.9862635
2021-08-22 00:00:00+00:00,48821.3,49490.0,48034.0,49237.4,5705.20110463
2021-08-23 00:00:00+00:00,49232.9,50531.2,49002.8,49478.2,7078.66982677
2021-08-24 00:00:00+00:00,49481.7,49897.1,47567.0,47662.5,5769.06409098
2021-08-25 00:00:00+00:00,47662.5,49250.0,47130.0,48983.2,4955.54961864
2021-08-26 00:00:00+00:00,48983.3,49342.3,46275.0,46829.5,5422.08985861
2021-08-27 00:00:00+00:00,46829.4,49164.0,46344.1,49054.1,4508.67334764
2021-08-28 00:00:00+00:00,49053.7,49286.0,48350.0,48890.0,3254.33980409
2021-08-29 00:00:00+00:00,48892.0,49634.8,47750.0,48763.2,3663.59402625
2021-08-30 00:00:00+00:00,48763.2,48869.4,46833.1,46981.0,5164.10791857
2021-08-31 00:00:00+00:00,46981.0,48248.9,46688.9,47095.5,4456.80469762
2021-09-01 00:00:00+00:00,47095.5,49125.0,46503.8,48815.3,4693.04992712
2021-09-02 00:00:00+00:00,48815.3,50380.8,48595.0,49248.9,5074.7017701
2021-09-03 00:00:00+00:00,49248.8,51027.0,48322.5,50011.0,5689.38477589
2021-09-04 00:00:00+00:00,50010.9,50548.5,49368.0,49902.6,3290.90016352
2021-09-05 00:00:00+00:00,49902.8,51885.2,49460.9,51768.0,3909.50809089
2021-09-06 00:00:00+00:00,51768.0,52827.3,50969.3,52667.2,4595.47308147
2021-09-07 00:00:00+00:00,52667.2,52920.0,42478.9,46861.7,12542.16788427
2021-09-08 00:00:00+00:00,46864.0,47338.5,44408.0,46048.1,7277.52729618
2021-09-09 00:00:00+00:00,46047.6,47392.0,45488.6,46393.1,5773.34274763
2021-09-10 00:00:00+00:00,46393.0,47032.0,44119.1,44850.3,6238.14750095
2021-09-11 00:00:00+00:00,44850.4,45984.0,44728.0,45170.5,4077.01413921
2021-09-12 00:00:00+00:00,45170.5,46443.0,44738.1,46025.5,4130.89318869
2021-09-13 00:00:00+00:00,46025.5,46852.2,43375.0,44938.3,7349.33068202
2021-09-14 00:00:00+00:00,44938.3,47245.4,44645.0,47108.8,4812.62856794
2021-09-15 00:00:00+00:00,47108.1,48444.2,46693.0,48124.3,4581.98096023
2021-09-16 00:00:00+00:00,48124.3,48520.0,47012.4,47738.6,4513.31261248
2021-09-17 00:00:00+00:00,47738.6,48139.1,46750.6,47300.3,4304.23330468
2021-09-18 00:00:00+00:00,47300.3,48800.0,47030.0,48294.0,3567.69106924
2021-09-19 00:00:00+00:00,48294.0,48366.5,46816.2,47242.5,3934.78015558
2021-09-20 00:00:00+00:00,47242.4,47353.6,42470.5,43018.6,10832.50206904
2021-09-21 00:00:00+00:00,43010.4,43648.0,39571.0,40730.4,10034.90921846
2021-09-22 00:00:00+00:00,40730.3,44000.0,40568.0,43556.4,6328.61560322
2021-09-23 00:00:00+00:00,43550.7,44978.2,43064.1,44865.7,5371.73422624
2021-09-24 00:00:00+00:00,44865.6,45144.1,40683.0,42803.9,9621.77082743
2021-09-25 00:00:00+00:00,42803.8,42969.9,41631.2,42676.6,4355.13841987
2021-09-26 00:00:00+00:00,42676.5,43930.0,40751.0,43170.6,5337.89083769
2021-09-27 00:00:00+00:00,43170.6,44357.1,42090.6,42137.0,4664.1897218
2021-09-28 00:00:00+00:00,42137.1,42762.2,40875.0,41018.9,4930.35077988
2021-09-29 00:00:00+00:00,41018.9,42593.0,40752.1,41536.9,4430.32196559
2021-09-30 00:00:00+00:00,41529.8,44123.0,41413.0,43817.2,5523.72841445
2021-10-01 00:00:00+00:00,43819.1,48466.6,43293.6,48144.5,7803.05571118
2021-10-02 00:00:00+00:00,48148.8,48333.0,47436.1,47631.6,4410.7626061
2021-10-03 00:00:00+00:00,47631.6,49219.4,47099.9,48204.2,6402.40249901
2021-10-04 00:00:00+00:00,48204.2,49500.0,46909.0,49223.7,10547.59204229
2021-10-05 00:00:00+00:00,49223.7,51887.0,49034.7,51462.3,8635.52576385
2021-10-06 00:00:00+00:00,51462.3,55770.5,50386.1,55314.7,11486.42891407
2021-10-07 00:00:00+00:00,55314.7,55329.4,53376.8,53778.6,10752.3730524
2021-10-08 00:00:00+00:00,53778.6,56138.6,53613.0,53949.7,7651.65082346
2021-10-09 00:00:00+00:00,53949.7,55500.0,53650.0,54947.7,5550.55627868
2021-10-10 00:00:00+00:00,54948.5,56505.5,54095.0,54663.6,7530.77617975
2021-10-11 00:00:00+00:00,54663.6,57840.0,54414.4,57471.9,8509.49678506
2021-10-12 00:00:00+00:00,57471.9,57670.0,53889.0,56004.5,9377.44869964
2021-10-13 00:00:00+00:00,56001.1,57764.4,54222.5,57367.2,8390.88650677
2021-10-14 00:00:00+00:00,57367.2,58529.9,56795.0,57344.9,8171.99928721
2021-10-15 00:00:00+00:00,57344.8,62947.4,56861.8,61673.9,14303.10108925
2021-10-16 00:00:00+00:00,61673.4,62358.0,60154.4,60878.4,6574.03323818
2021-10-17 00:00:00+00:00,60878.5,61701.0,58977.0,61526.2,6360.1859356
2021-10-18 00:00:00+00:00,61526.2,62694.0,59868.3,62027.8,10122.65529179
2021-10-19 00:00:00+00:00,62027.7,64472.4,61324.6,64285.4,11177.27316502
2021-10-20 00:00:00+00:00,64285.4,66985.9,63500.0,66007.2,9866.21035018
2021-10-21 00:00:00+00:00,66007.2,66663.4,62015.3,62210.1,13446.64232873
2021-10-22 00:00:00+00:00,62210.0,63734.9,60011.0,60699.0,7920.7081848
2021-10-23 00:00:00+00:00,60698.6,61748.0,59611.0,61296.2,5726.7403579
2021-10-24 00:00:00+00:00,61296.2,61487.6,59517.2,60854.0,6347.26203678
2021-10-25 00:00:00+00:00,60853.9,63710.7,60658.1,63082.8,6855.90269929
2021-10-26 00:00:00+00:00,63082.9,63287.1,59850.0,60329.6,7083.21685898
2021-10-27 00:00:00+00:00,60330.2,61488.2,57963.0,58408.2,10951.76216266
2021-10-28 00:00:00+00:00,58408.2,62509.0,57820.0,60590.7,11497.5116225
2021-10-29 00:00:00+00:00,60590.7,62961.9,60193.0,62253.3,7686.96940269
2021-10-30 00:00:00+00:00,62253.2,62368.0,60644.0,61855.9,4843.74001393
2021-10-31 00:00:00+00:00,61855.9,62397.0,59964.0,61293.6,6690.53246045
2021-11-01 00:00:00+00:00,61293.9,62440.6,59381.2,60897.5,7994.8764235
2021-11-02 00:00:00+00:00,60898.0,64281.4,60635.0,63221.9,7904.42163069
2021-11-03 00:00:00+00:00,63221.9,63506.8,60400.0,62894.0,7189.0729254
2021-11-04 00:00:00+00:00,62893.9,63086.9,60700.0,61401.9,6264.95293998
2021-11-05 00:00:00+00:00,61401.9,62604.0,60730.0,60947.9,5158.7145403
2021-11-06 00:00:00+00:00,60947.7,61555.0,60050.0,61467.1,4279.71051737
2021-11-07 00:00:00+00:00,61467.1,63277.2,61326.7,63264.8,4848.40462337
2021-11-08 00:00:00+00:00,63267.9,67795.7,63267.9,67509.5,8888.36246772
2021-11-09 00:00:00+00:00,67509.4,68500.1,66171.6,66941.7,6584.72224006
2021-11-10 00:00:00+00:00,66943.0,69028.0,62540.0,64892.2,9142.52216948
2021-11-11 00:00:00+00:00,64892.2,65589.9,64109.1,64769.2,5477.97392122
2021-11-12 00:00:00+00:00,64770.9,65472.7,62263.9,64134.1,7482.04893344
2021-11-13 00:00:00+00:00,64134.1,64963.5,63369.3,64370.6,3122.4147716
2021-11-14 00:00:00+00:00,64370.6,65511.1,63569.8,65505.2,4154.61041457
2021-11-15 00:00:00+00:00,65505.1,66361.0,63368.0,63611.8,5905.16464088
2021-11-16 00:00:00+00:00,63610.4,63613.5,58557.5,60060.8,12811.67529256
2021-11-17 00:00:00+00:00,60060.8,60822.7,58358.6,60345.0,8818.93649377
2021-11-18 00:00:00+00:00,60345.0,60951.2,56473.3,56877.7,10628.04419424
2021-11-19 00:00:00+00:00,56877.8,58331.0,55600.0,58048.5,7300.18026852
2021-11-20 00:00:00+00:00,58049.2,59850.0,57355.0,59707.4,5298.84125541
2021-11-21 00:00:00+00:00,59707.4,60039.0,58500.1,58595.3,5219.27870896
2021-11-22 00:00:00+00:00,58595.6,59497.9,55630.0,56245.1,10321.50930412
2021-11-23 00:00:00+00:00,56245.0,57858.9,55320.0,57540.2,8213.71933915
2021-11-24 00:00:00+00:00,57540.2,57722.3,55868.0,57136.9,8073.10180735
2021-11-25 00:00:00+00:00,57136.9,59400.0,57000.0,58952.4,7071.33910299
2021-11-26 00:00:00+00:00,58956.3,59154.9,53500.0,53723.3,11686.737015
2021-11-27 00:00:00+00:00,53720.3,55288.0,53600.0,54714.7,5249.00161985
2021-11-28 00:00:00+00:00,54713.6,57443.9,53235.6,57275.5,6760.09876093
2021-11-29 00:00:00+00:00,57275.5,58882.3,56664.5,57777.4,7082.70991428
2021-11-30 00:00:00+00:00,57777.4,59200.0,55877.1,56928.1,8159.20676608
2021-12-01 00:00:00+00:00,56937.8,59038.7,56450.0,57187.5,7271.29380829
2021-12-02 00:00:00+00:00,57187.5,57372.8,55752.5,56484.6,5966.00951244
2021-12-03 00:00:00+00:00,56484.7,57600.0,51367.0,53630.4,7908.19557208
2021-12-04 00:00:00+00:00,53611.6,53855.0,40589.0,49166.5,16833.46632698
2021-12-05 00:00:00+00:00,49166.5,49691.2,47726.0,49398.1,9988.97117996
2021-12-06 00:00:00+00:00,49398.5,50900.0,47120.3,50442.4,12838.49072385
2021-12-07 00:00:00+00:00,50442.4,51930.7,50026.6,50582.3,8839.33799491
2021-12-08 00:00:00+00:00,50582.3,51203.6,48600.0,50467.3,8998.60231391
2021-12-09 00:00:00+00:00,50472.2,50800.0,47317.0,47548.6,9994.40061306
2021-12-10 00:00:00+00:00,47545.1,50100.0,46852.7,47135.7,10888.00158562
2021-12-11 00:00:00+00:00,47131.6,49485.0,46714.6,49391.6,6869.04319577
2021-12-12 00:00:00+00:00,49392.0,50774.9,48650.0,50055.1,5656.18439163
2021-12-13 00:00:00+00:00,50055.1,50210.1,45714.5,46695.8,10122.01979812
2021-12-14 00:00:00+00:00,46695.8,48665.4,46285.0,48355.2,7935.18014357
2021-12-15 00:00:00+00:00,48350.8,49540.0,46539.9,48873.4,9700.98425859
2021-12-16 00:00:00+00:00,48873.4,49435.1,47512.0,47624.6,8053.27219804
2021-12-17 00:00:00+00:00,47624.7,48001.0,45425.6,46146.3,9198.66539538
2021-12-18 00:00:00+00:00,46146.4,47350.0,45500.1,46825.3,5518.13231002
2021-12-19 00:00:00+00:00,46825.3,48280.0,46410.0,46678.5,7785.90514861
2021-12-20 00:00:00+00:00,46678.5,47525.7,45562.7,46898.1,9758.88339611
2021-12-21 00:00:00+00:00,46898.1,49322.0,46655.6,48891.4,7389.39809406
2021-12-22 00:00:00+00:00,48891.5,49564.0,48421.1,48582.3,7950.28049261
2021-12-23 00:00:00+00:00,48582.2,51369.3,48011.5,50836.6,9284.84203561
2021-12-24 00:00:00+00:00,50836.6,51821.0,50401.5,50806.2,7094.77788081
2021-12-25 00:00:00+00:00,50811.0,51139.9,50180.0,50405.9,4674.18393009
2021-12-26 00:00:00+00:00,50405.9,51279.7,49449.8,50771.5,5914.34971024
2021-12-27 00:00:00+00:00,50771.5,52072.2,50446.5,50715.7,6625.72237649
2021-12-28 00:00:00+00:00,50715.6,50715.6,47289.6,47543.8,11273.73203423
2021-12-29 00:00:00+00:00,47543.8,48139.5,46039.5,46466.4,8147.05651657
2021-12-30 00:00:00+00:00,46466.4,47906.9,45932.2,47122.4,7545.19621216
2021-12-31 00:00:00+00:00,47122.5,48563.6,45668.7,46216.4,8930.08569259
2022-01-01 00:00:00+00:00,46216.4,47936.7,46210.4,47728.6,5184.64208868
2022-01-02 00:00:00+00:00,47728.6,47990.0,46656.1,47291.8,4870.84983217
2022-01-03 00:00:00+00:00,47291.7,47577.0,45700.0,46443.4,6995.61863223
2022-01-04 00:00:00+00:00,46443.4,47529.0,45555.0,45833.0,8422.08327772
2022-01-05 00:00:00+00:00,45833.0,47052.4,42500.0,43456.8,14203.26491828
2022-01-06 00:00:00+00:00,43456.2,43817.3,42420.0,43086.1,9798.8018015
2022-01-07 00:00:00+00:00,43086.1,43149.3,40600.0,41561.4,13472.49853638
2022-01-08 00:00:00+00:00,41561.5,42319.7,40501.0,41680.5,9774.6692082
2022-01-09 00:00:00+00:00,41680.7,42791.3,41214.9,41877.6,7635.7430321
2022-01-10 00:00:00+00:00,41877.6,42262.6,39651.0,41816.3,10553.7434913
2022-01-11 00:00:00+00:00,41816.4,43101.5,41257.1,42734.6,9584.54281365
2022-01-12 00:00:00+00:00,42734.5,44330.1,42456.1,43916.9,8749.2852159
2022-01-13 00:00:00+00:00,43917.0,44421.0,42311.0,42569.6,8793.76179687
2022-01-14 00:00:00+00:00,42569.6,43459.9,41713.0,43067.3,7377.52104472
2022-01-15 00:00:00+00:00,43067.3,43800.9,42564.1,43074.0,4595.81666042
2022-01-16 00:00:00+00:00,43074.1,43477.0,42600.0,43072.6,4615.24284041
2022-01-17 00:00:00+00:00,43072.6,43176.9,41500.0,42202.2,5975.48872929
2022-01-18 00:00:00+00:00,42202.1,42675.2,41279.0,42349.2,8538.5624044
2022-01-19 00:00:00+00:00,42349.3,42559.4,41140.0,41666.0,9762.6089156
2022-01-20 00:00:00+00:00,41665.9,43498.3,40563.2,40686.0,10269.4558997
2022-01-21 00:00:00+00:00,40680.9,41103.4,35420.0,36454.9,20940.51485645
2022-01-22 00:00:00+00:00,36454.8,36828.0,34011.4,35064.3,18348.26764075
2022-01-23 00:00:00+00:00,35064.9,36663.0,34600.8,36253.6,10220.24395688
2022-01-24 00:00:00+00:00,36253.7,37557.3,32918.7,36675.4,17910.47546151
2022-01-25 00:00:00+00:00,36669.3,37549.0,35703.8,36956.9,10359.63052315
2022-01-26 00:00:00+00:00,36958.1,38936.0,36217.9,36811.8,14295.52514494
2022-01-27 00:00:00+00:00,36816.3,37259.0,35515.8,37166.8,11600.53320017
2022-01-28 00:00:00+00:00,37166.8,38006.0,36162.0,37715.6,11803.67246359
2022-01-29 00:00:00+00:00,37715.6,38723.1,37305.0,38179.6,7151.98227871
2022-01-30 00:00:00+00:00,38179.7,38366.0,37350.0,37884.9,5411.50162843
2022-01-31 00:00:00+00:00,37882.5,38739.0,36626.7,38467.3,8856.55180252
2022-02-01 00:00:00+00:00,38467.4,39286.0,38021.2,38693.4,8866.02568747
2022-02-02 00:00:00+00:00,38693.3,38860.0,36576.0,36883.9,7983.60838549
2022-02-03 00:00:00+00:00,36889.7,37381.9,36249.1,37320.9,7376.60193784
2022-02-04 00:00:00+00:00,37320.9,41756.4,37032.0,41579.7,11180.30348526
2022-02-05 00:00:00+00:00,41579.6,41920.0,40800.0,41386.8,6050.70203366
2022-02-06 00:00:00+00:00,41386.8,42655.0,41117.9,42394.8,5524.5382535
2022-02-07 00:00:00+00:00,42394.8,44500.0,41649.9,43845.7,12161.14313752
2022-02-08 00:00:00+00:00,43843.4,45500.0,42668.3,44042.7,12815.20180978
2022-02-09 00:00:00+00:00,44045.7,44801.8,43122.0,44374.8,8310.96379788
2022-02-10 00:00:00+00:00,44374.8,45831.9,43165.3,43495.4,11873.77765739
2022-02-11 00:00:00+00:00,43495.4,43964.9,41952.0,42370.1,10350.61905479
2022-02-12 00:00:00+00:00,42370.1,43033.0,41725.3,42222.4,5674.93523473
2022-02-13 00:00:00+00:00,42222.4,42767.7,41869.1,42056.4,4449.74137911
2022-02-14 00:00:00+00:00,42056.3,42861.8,41525.7,42534.3,9059.22201987
2022-02-15 00:00:00+00:00,42535.0,44800.8,42425.3,44563.5,7673.57159182
2022-02-16 00:00:00+00:00,44563.6,44565.3,43320.0,43868.5,6456.56004834
2022-02-17 00:00:00+00:00,43866.6,44169.3,40058.8,40507.2,10798.17542746
2022-02-18 00:00:00+00:00,40507.2,40959.6,39450.0,39976.5,8221.00542226
2022-02-19 00:00:00+00:00,39976.6,40454.0,39632.0,40086.7,3749.57044691
2022-02-20 00:00:00+00:00,40086.7,40125.2,37979.3,38380.0,6486.47539481
2022-02-21 00:00:00+00:00,38380.0,39500.0,36800.0,37025.7,10163.08486861
2022-02-22 00:00:00+00:00,37020.5,38448.4,36333.1,38229.6,8650.22753868
2022-02-23 00:00:00+00:00,38229.6,39285.2,37046.8,37248.1,8656.54872291
2022-02-24 00:00:00+00:00,37248.2,39823.3,34325.0,38320.9,18871.3906078
2022-02-25 00:00:00+00:00,38320.9,39695.0,38015.0,39219.6,9925.50251831
2022-02-26 00:00:00+00:00,39219.6,40300.0,38560.3,39119.1,7813.06117948
2022-02-27 00:00:00+00:00,39117.3,39864.0,36977.4,37706.7,10079.6383036
2022-02-28 00:00:00+00:00,37706.7,44210.4,37446.5,43179.8,14045.29059776
2022-03-01 00:00:00+00:00,43174.8,44966.0,42796.9,44428.2,10184.79478736
2022-03-02 00:00:00+00:00,44428.2,45367.5,43332.8,43896.9,7712.3714735
2022-03-03 00:00:00+00:00,43896.8,44088.0,41832.0,42456.3,7550.68608805
2022-03-04 00:00:00+00:00,42456.2,42533.3,38550.1,39143.6,9352.51376368
2022-03-05 00:00:00+00:00,39143.6,39612.4,38552.9,39397.0,4120.54031436
2022-03-06 00:00:00+00:00,39397.0,39690.4,38082.5,38419.2,6135.97056831
2022-03-07 00:00:00+00:00,38419.2,39537.8,37162.0,37994.5,10515.58437589
2022-03-08 00:00:00+00:00,37990.3,39361.2,37870.0,38736.6,8025.51183938
2022-03-09 00:00:00+00:00,38736.7,42581.2,38651.1,41948.2,11019.72709901
2022-03-10 00:00:00+00:00,41944.2,42036.7,38524.5,39421.0,8968.67549175
2022-03-11 00:00:00+00:00,39421.1,40257.2,38220.7,38725.9,7936.6193164
2022-03-12 00:00:00+00:00,38726.1,39464.0,38661.2,38803.9,2712.24163056
2022-03-13 00:00:00+00:00,38803.9,39301.0,37580.0,37775.6,3706.40606719
2022-03-14 00:00:00+00:00,37773.6,39912.0,37555.1,39677.8,6271.83978476
2022-03-15 00:00:00+00:00,39674.1,39878.0,38118.0,39281.3,5350.38621651
2022-03-16 00:00:00+00:00,39281.4,41725.7,38825.0,41123.7,10245.90658235
2022-03-17 00:00:00+00:00,41123.8,41480.9,40500.1,40924.0,4297.12421227
2022-03-18 00:00:00+00:00,40924.0,42333.0,40146.0,41757.6,5371.62827979
2022-03-19 00:00:00+00:00,41758.4,42386.2,41510.7,42206.7,3520.16739454
2022-03-20 00:00:00+00:00,42205.0,42287.0,40910.9,41257.8,4176.08301696
2022-03-21 00:00:00+00:00,41261.3,41540.5,40488.0,41005.2,4699.87882905
2022-03-22 00:00:00+00:00,41005.3,43343.0,40877.6,42358.1,8324.26027999
2022-03-23 00:00:00+00:00,42358.1,43012.0,41757.4,42879.8,7286.81684171
2022-03-24 00:00:00+00:00,42879.8,44217.8,42600.0,43997.4,7328.95612635
2022-03-25 00:00:00+00:00,43997.5,45100.0,43572.0,44315.7,7868.13424202
2022-03-26 00:00:00+00:00,44315.7,44807.3,44070.9,44517.1,3605.6760834
2022-03-27 00:00:00+00:00,44517.1,46953.2,44425.3,46836.9,6798.4401756
2022-03-28 00:00:00+00:00,46836.9,48195.2,46657.0,47124.2,10359.95941333
2022-03-29 00:00:00+00:00,47124.2,48107.3,46944.0,47432.7,9006.5910083
2022-03-30 00:00:00+00:00,47432.7,47695.7,46512.4,47067.1,9057.30599904
2022-03-31 00:00:00+00:00,47067.1,47600.1,45176.0,45516.6,19351.10639286
2022-04-01 00:00:00+00:00,45516.5,46703.0,44233.1,46283.9,29241.22848485
2022-04-02 00:00:00+00:00,46283.9,47198.0,45610.4,45806.6,30193.59439199
2022-04-03 00:00:00+00:00,45806.6,47476.0,45534.0,46414.5,24653.42246
2022-04-04 00:00:00+00:00,46414.6,46884.6,45080.4,46584.1,36537.81649675
2022-04-05 00:00:00+00:00,46584.1,47193.0,45358.0,45501.0,14414.36282133
2022-04-06 00:00:00+00:00,45501.0,45506.4,43113.7,43166.8,18658.86505927
2022-04-07 00:00:00+00:00,43163.6,43900.4,42721.8,43442.1,9970.62831755
2022-04-08 00:00:00+00:00,43441.1,43976.1,42108.0,42262.7,14012.93522934
2022-04-09 00:00:00+00:00,42262.7,42800.8,42123.0,42753.4,3451.56336534
2022-04-10 00:00:00+00:00,42753.5,43415.6,41821.0,42152.2,5185.38177268
2022-04-11 00:00:00+00:00,42152.1,42410.6,39108.9,39522.5,11557.23309398
2022-04-12 00:00:00+00:00,39521.3,40693.1,39267.2,40071.4,11659.18714531
2022-04-13 00:00:00+00:00,40071.4,41604.7,39588.5,41143.5,10403.6696136
2022-04-14 00:00:00+00:00,41143.5,41485.0,39600.0,39939.1,9602.91526872
2022-04-15 00:00:00+00:00,39939.1,40851.4,39769.8,40546.8,7049.13880421
2022-04-16 00:00:00+00:00,40546.9,40699.0,39989.6,40376.6,4438.77524093
2022-04-17 00:00:00+00:00,40376.6,40599.1,39546.1,39676.2,5417.76343561
2022-04-18 00:00:00+00:00,39676.3,41090.4,38534.1,40799.4,9385.44907518
2022-04-19 00:00:00+00:00,40799.5,41762.3,40572.1,41490.1,7835.27448
2022-04-20 00:00:00+00:00,41490.1,42218.9,40873.2,41349.7,12740.16611182
2022-04-21 00:00:00+00:00,41349.8,43020.0,39500.0,40470.6,15843.39816258
2022-04-22 00:00:00+00:00,40470.6,40790.0,39184.0,39708.3,13977.52353557
2022-04-23 00:00:00+00:00,39708.3,39982.0,39280.7,39439.0,5065.30706952
2022-04-24 00:00:00+00:00,39439.0,39945.0,38956.1,39451.4,5152.60661862
2022-04-25 00:00:00+00:00,39451.4,40609.0,38149.0,40428.4,18028.96399554
2022-04-26 00:00:00+00:00,40428.4,40800.0,37702.2,38114.1,14531.9718943
2022-04-27 00:00:00+00:00,38114.1,39468.0,37875.5,39228.0,10118.44278733
2022-04-28 00:00:00+00:00,39228.0,40370.0,38878.1,39745.0,12673.14879175
2022-04-29 00:00:00+00:00,39745.1,39917.9,38164.3,38593.5,9729.14072627
2022-04-30 00:00:00+00:00,38593.5,38794.5,37562.2,37629.8,7488.7910355
2022-05-01 00:00:00+00:00,37629.9,38672.3,37390.0,38469.3,9453.8489537
2022-05-02 00:00:00+00:00,38468.0,39187.9,38055.8,38518.3,11585.45910138
2022-05-03 00:00:00+00:00,38518.3,38651.2,37522.2,37726.6,11151.11711298
2022-05-04 00:00:00+00:00,37726.6,40039.0,37665.6,39694.8,14342.23653024
2022-05-05 00:00:00+00:00,39694.9,39849.5,35555.0,36554.6,14232.51051183
2022-05-06 00:00:00+00:00,36554.7,36676.9,35150.0,36014.7,13395.88666525
2022-05-07 00:00:00+00:00,36014.7,36142.6,34750.0,35466.9,7018.0208799
2022-05-08 00:00:00+00:00,35466.9,35506.2,33700.0,34039.2,11490.70646561
2022-05-09 00:00:00+00:00,34039.2,34252.4,30034.6,30089.1,18346.63651169
2022-05-10 00:00:00+00:00,30086.1,32660.0,29730.0,31015.5,20761.98908433
2022-05-11 00:00:00+00:00,31015.5,32256.0,27767.1,29101.5,40616.49638915
2022-05-12 00:00:00+00:00,29101.5,30230.8,26736.1,29023.7,29949.00061621
2022-05-13 00:00:00+00:00,29023.8,31080.0,28754.0,29278.8,13503.20418268
2022-05-14 00:00:00+00:00,29278.8,30343.1,28633.0,30089.0,17814.24464602
2022-05-15 00:00:00+00:00,30089.0,31494.9,29447.9,31334.6,13728.12690429
2022-05-16 00:00:00+00:00,31334.5,31334.9,29075.8,29868.3,13391.70957056
2022-05-17 00:00:00+00:00,29868.3,30776.0,29437.4,30445.2,13767.26232063
2022-05-18 00:00:00+00:00,30445.2,30711.1,28651.3,28717.3,16572.55228378
2022-05-19 00:00:00+00:00,28717.3,30546.2,28688.2,30308.7,19036.6498592
2022-05-20 00:00:00+00:00,30308.6,30791.9,28720.0,29202.0,17564.54115721
2022-05-21 00:00:00+00:00,29202.0,29656.7,28946.3,29446.0,7557.52715951
2022-05-22 00:00:00+00:00,29446.0,30491.6,29251.0,30290.9,9599.16151036
2022-05-23 00:00:00+00:00,30290.8,30668.9,28862.1,29110.3,19141.10799105
2022-05-24 00:00:00+00:00,29110.4,29853.1,28669.6,29660.3,17455.43238872
2022-05-25 00:00:00+00:00,29660.0,30220.6,29347.7,29543.7,15710.78329082
2022-05-26 00:00:00+00:00,29543.6,29890.8,28014.1,29199.3,20616.79052636
2022-05-27 00:00:00+00:00,29199.2,29388.5,28272.8,28630.9,18370.99741669
2022-05-28 00:00:00+00:00,28630.9,29252.4,28522.7,29032.8,6582.68630253
2022-05-29 00:00:00+00:00,29032.9,29621.7,28837.7,29464.3,7391.18902737
2022-05-30 00:00:00+00:00,29464.3,32250.0,29312.5,31741.7,19510.64470291
2022-05-31 00:00:00+00:00,31741.8,32406.7,31221.8,31794.7,16579.92850554
2022-06-01 00:00:00+00:00,31794.7,31988.5,29299.9,29804.6,21718.41825083
2022-06-02 00:00:00+00:00,29807.4,30702.4,29596.1,30453.9,11802.4140192
2022-06-03 00:00:00+00:00,30453.9,30702.0,29310.0,29702.3,12424.24337323
2022-06-04 00:00:00+00:00,29702.4,30060.0,29481.3,29867.2,5396.09178548
2022-06-05 00:00:00+00:00,29867.2,30192.9,29532.6,29922.5,5393.06210037
2022-06-06 00:00:00+00:00,29922.5,31767.0,29892.0,31370.8,17062.4910405
2022-06-07 00:00:00+00:00,31370.9,31589.9,29220.0,31126.6,20094.07274528
2022-06-08 00:00:00+00:00,31126.8,31350.1,29840.8,30205.0,11031.19020181
2022-06-09 00:00:00+00:00,30205.1,30698.0,29900.0,30107.5,7075.80570156
2022-06-10 00:00:00+00:00,30107.5,30367.7,28752.0,29089.5,11460.82126396
2022-06-11 00:00:00+00:00,29089.5,29433.0,28109.1,28422.8,8508.1580173
2022-06-12 00:00:00+00:00,28424.3,28543.7,26561.6,26577.2,10317.03947551
2022-06-13 00:00:00+00:00,26577.2,26906.9,21931.0,22483.9,34943.76791309
2022-06-14 00:00:00+00:00,22483.9,23354.9,20838.1,22140.3,26265.28151405
2022-06-15 00:00:00+00:00,22140.3,22800.3,20110.0,22585.1,35940.92452373
2022-06-16 00:00:00+00:00,22585.1,23000.0,20227.7,20398.6,21100.28108735
2022-06-17 00:00:00+00:00,20398.6,21368.4,20249.8,20469.8,17468.65595725
2022-06-18 00:00:00+00:00,20469.9,20780.0,17614.7,18979.5,28034.99440583
2022-06-19 00:00:00+00:00,18979.5,20821.2,17962.2,20570.1,21416.44659767
2022-06-20 00:00:00+00:00,20570.1,21080.0,19631.3,20573.0,19906.08190431
2022-06-21 00:00:00+00:00,20571.9,21729.9,20351.6,20722.0,17719.50751463
2022-06-22 00:00:00+00:00,20721.9,20899.1,19779.3,19988.6,18078.42871542
2022-06-23 00:00:00+00:00,19988.6,21257.4,19877.6,21111.0,17093.81961143
2022-06-24 00:00:00+00:00,21111.0,21566.0,20732.8,21236.1,18764.94689025
2022-06-25 00:00:00+00:00,21236.2,21607.8,20913.4,21492.3,11720.21926396
2022-06-26 00:00:00+00:00,21489.6,21888.0,20970.0,21037.9,11558.98991819
2022-06-27 00:00:00+00:00,21038.0,21540.2,20500.0,20743.6,16856.1182801
2022-06-28 00:00:00+00:00,20743.6,21206.0,20202.0,20280.0,18547.49802752
2022-06-29 00:00:00+00:00,20280.1,20428.5,19855.9,20126.4,19277.69432083
2022-06-30 00:00:00+00:00,20126.5,20174.5,18631.3,19937.8,23097.7958329
2022-07-01 00:00:00+00:00,19937.8,20914.3,18971.0,19281.8,20741.24138727
2022-07-02 00:00:00+00:00,19281.8,19454.7,18980.0,19254.4,8789.71565522
2022-07-03 00:00:00+00:00,19254.3,19645.0,18789.1,19316.4,9527.23167678
2022-07-04 00:00:00+00:00,19316.4,20354.0,19063.9,20235.9,12258.75224657
2022-07-05 00:00:00+00:00,20235.0,20757.9,19300.0,20172.9,17647.54775843
2022-07-06 00:00:00+00:00,20173.0,20666.5,19760.1,20562.8,14575.40972953
2022-07-07 00:00:00+00:00,20562.8,21836.2,20259.2,21621.4,12527.16110253
2022-07-08 00:00:00+00:00,21621.4,22500.0,21192.8,21590.1,21269.65082288
2022-07-09 00:00:00+00:00,21595.4,21979.9,21326.0,21590.0,9589.21980714
2022-07-10 00:00:00+00:00,21590.0,21605.2,20656.5,20861.9,9929.15073298
2022-07-11 00:00:00+00:00,20861.9,20864.1,19881.0,19961.8,10224.5351477
2022-07-12 00:00:00+00:00,19961.9,20056.8,19243.8,19327.9,10761.97651009
2022-07-13 00:00:00+00:00,19327.8,20387.9,18902.5,20239.8,17950.80095867
2022-07-14 00:00:00+00:00,20236.3,20896.4,19621.0,20592.4,13818.61712366
2022-07-15 00:00:00+00:00,20590.6,21199.0,20378.7,20834.0,12139.68802851
2022-07-16 00:00:00+00:00,20830.9,21580.0,20477.0,21192.3,7334.48578687
2022-07-17 00:00:00+00:00,21192.3,21666.0,20750.6,20798.6,7998.03082555
2022-07-18 00:00:00+00:00,20798.7,22774.3,20766.3,22436.7,15670.49503898
2022-07-19 00:00:00+00:00,22436.8,23795.0,21582.9,23398.3,18220.06595559
2022-07-20 00:00:00+00:00,23398.3,24270.0,22907.7,23219.4,13696.78170799
2022-07-21 00:00:00+00:00,23219.4,23432.9,22346.6,23149.1,8938.1081854
2022-07-22 00:00:00+00:00,23149.1,23754.0,22500.0,22684.1,8548.26296976
2022-07-23 00:00:00+00:00,22684.1,22993.9,21944.7,22448.2,6202.26740953
2022-07-24 00:00:00+00:00,22448.2,23010.2,22262.0,22577.9,6010.6013308
2022-07-25 00:00:00+00:00,22578.0,22662.0,21259.7,21309.0,9213.3953182
2022-07-26 00:00:00+00:00,21308.9,21342.7,20715.9,21253.8,8504.08111156
2022-07-27 00:00:00+00:00,21253.9,23200.0,21043.1,22954.3,11939.79950019
2022-07-28 00:00:00+00:00,22954.3,24194.4,22578.6,23845.1,10971.81258475
2022-07-29 00:00:00+00:00,23845.2,24435.0,23420.1,23772.6,10474.40260206
2022-07-30 00:00:00+00:00,23772.7,24721.0,23510.1,23638.1,7759.84400159
2022-07-31 00:00:00+00:00,23638.1,24192.3,23230.0,23295.6,6158.25748425
2022-08-01 00:00:00+00:00,23295.6,23501.0,22849.7,23264.0,8807.81979562
2022-08-02 00:00:00+00:00,23263.9,23450.0,22654.2,22980.5,8356.348564
2022-08-03 00:00:00+00:00,22980.5,23638.7,22687.6,22821.8,9290.5551962
2022-08-04 00:00:00+00:00,22821.8,23218.8,22382.7,22619.6,7581.19457078
2022-08-05 00:00:00+00:00,22619.5,23467.0,22589.7,23307.5,8729.37682175
2022-08-06 00:00:00+00:00,23307.6,23346.0,22912.1,22953.8,4218.42737582
2022-08-07 00:00:00+00:00,22953.9,23400.0,22848.0,23172.1,4418.21498878
2022-08-08 00:00:00+00:00,23172.1,24244.4,23156.2,23810.6,9295.4556873
2022-08-09 00:00:00+00:00,23810.6,23923.4,22868.7,23148.3,7706.84198244
2022-08-10 00:00:00+00:00,23148.3,24277.0,22630.0,23952.0,12248.19044907
2022-08-11 00:00:00+00:00,23952.0,24904.8,23855.1,23935.1,10722.35513454
2022-08-12 00:00:00+00:00,23935.1,24447.7,23586.4,24397.5,6542.96048926
2022-08-13 00:00:00+00:00,24397.6,24881.2,24292.2,24443.4,5682.6833232
2022-08-14 00:00:00+00:00,24443.5,25041.5,24145.5,24307.0,5298.60341117
2022-08-15 00:00:00+00:00,24307.0,25206.7,23778.1,24096.8,9590.60471753
2022-08-16 00:00:00+00:00,24093.9,24244.5,23677.3,23852.5,5386.2939012
2022-08-17 00:00:00+00:00,23852.5,24440.3,23170.0,23334.6,9629.70101426
2022-08-18 00:00:00+00:00,23336.0,23598.5,23111.0,23190.6,6204.04726852
2022-08-19 00:00:00+00:00,23190.6,23200.9,20788.0,20835.9,11087.13649435
2022-08-20 00:00:00+00:00,20836.5,21367.6,20761.0,21141.4,6775.76143066
2022-08-21 00:00:00+00:00,21141.4,21781.6,21070.1,21517.3,7459.02261645
2022-08-22 00:00:00+00:00,21517.3,21543.3,20900.0,21400.2,11165.46812723
2022-08-23 00:00:00+00:00,21400.2,21676.9,20895.9,21522.9,8561.87604795
2022-08-24 00:00:00+00:00,21528.4,21894.6,21151.4,21366.7,7573.22846402
2022-08-25 00:00:00+00:00,21366.6,21815.1,21308.7,21557.5,5675.16015366
2022-08-26 00:00:00+00:00,21557.5,21874.9,20107.3,20239.8,13639.08272277
2022-08-27 00:00:00+00:00,20239.8,20380.2,19800.0,20033.7,6537.81720434
2022-08-28 00:00:00+00:00,20033.7,20172.3,19519.9,19557.1,5690.70750446
2022-08-29 00:00:00+00:00,19557.1,20427.9,19549.4,20291.4,9503.18979119
2022-08-30 00:00:00+00:00,20290.1,20577.4,19540.0,19809.6,10943.65184032
2022-08-31 00:00:00+00:00,19809.5,20489.1,19797.8,20055.9,9692.36473438
2022-09-01 00:00:00+00:00,20052.0,20205.0,19569.0,20131.1,8205.2476829
2022-09-02 00:00:00+00:00,20134.1,20436.3,19754.1,19951.0,6731.57113919
2022-09-03 00:00:00+00:00,19951.1,20050.0,19654.6,19833.5,2891.94707918
2022-09-04 00:00:00+00:00,19833.5,20037.6,19585.5,20003.0,3987.73506652
2022-09-05 00:00:00+00:00,20002.9,20053.9,19636.1,19794.1,5058.87129837
2022-09-06 00:00:00+00:00,19794.1,20176.0,18652.0,18791.9,12046.16477395
2022-09-07 00:00:00+00:00,18791.8,19489.0,18538.6,19293.7,9314.47265567
2022-09-08 00:00:00+00:00,19293.7,19460.8,19016.1,19320.0,8917.06293538
2022-09-09 00:00:00+00:00,19320.0,21628.2,19294.5,21360.8,14162.08263914
2022-09-10 00:00:00+00:00,21360.8,21810.2,21119.1,21647.8,6698.51935231
2022-09-11 00:00:00+00:00,21647.8,21865.0,21345.0,21824.4,5144.8078146
2022-09-12 00:00:00+00:00,21824.5,22480.9,21506.0,22398.1,11604.62503742
2022-09-13 00:00:00+00:00,22398.1,22800.0,19850.0,20174.0,16013.42329077
2022-09-14 00:00:00+00:00,20176.7,20533.7,19622.9,20228.4,8974.72625502
2022-09-15 00:00:00+00:00,20228.4,20329.7,19494.5,19700.6,8959.2973526
2022-09-16 00:00:00+00:00,19701.8,19888.0,19335.3,19803.0,6487.14462911
2022-09-17 00:00:00+00:00,19802.9,20181.9,19750.0,20112.5,4503.03486071
2022-09-18 00:00:00+00:00,20112.5,20114.1,19329.6,19415.9,6418.00024665
2022-09-19 00:00:00+00:00,19416.0,19688.0,18255.5,19534.8,11025.49825851
2022-09-20 00:00:00+00:00,19534.8,19634.7,18725.1,18872.6,4922.47532571
2022-09-21 00:00:00+00:00,18872.6,19949.0,18135.8,18457.8,24360.07206688
2022-09-22 00:00:00+00:00,18456.3,19520.0,18349.7,19401.2,14993.35441367
2022-09-23 00:00:00+00:00,19401.2,19494.4,18538.0,19289.2,11936.34050277
2022-09-24 00:00:00+00:00,19289.2,19312.8,18806.4,18920.6,12005.95991234
2022-09-25 00:00:00+00:00,18920.6,19182.0,18631.0,18809.6,11347.95106945
2022-09-26 00:00:00+00:00,18809.6,19319.2,18684.1,19228.4,67085.3656438
2022-09-27 00:00:00+00:00,19228.5,20380.0,18817.2,19079.5,130881.27302818
2022-09-28 00:00:00+00:00,19078.8,19782.0,18467.9,19413.9,129202.10314538
2022-09-29 00:00:00+00:00,19414.0,19643.5,18850.0,19588.6,16679.2432236
2022-09-30 00:00:00+00:00,19588.7,20177.9,19155.0,19422.0,15365.24461783
2022-10-01 00:00:00+00:00,19422.0,19483.6,19155.8,19311.5,3412.58529984
2022-10-02 00:00:00+00:00,19311.6,19392.2,18925.0,19056.8,7201.96919275
2022-10-03 00:00:00+00:00,19056.9,19717.6,18960.3,19628.8,11522.06249603
2022-10-04 00:00:00+00:00,19627.1,20461.4,19489.5,20339.3,12988.01081134
2022-10-05 00:00:00+00:00,20339.3,20364.0,19739.0,20158.2,9107.78557693
2022-10-06 00:00:00+00:00,20158.2,20447.8,19858.0,19960.2,13089.30012463
2022-10-07 00:00:00+00:00,19960.3,20065.0,19330.2,19532.5,9130.82758837
2022-10-08 00:00:00+00:00,19532.5,19624.6,19248.0,19414.8,3145.82748035
2022-10-09 00:00:00+00:00,19414.8,19551.0,19324.0,19442.8,3170.65843178
2022-10-10 00:00:00+00:00,19442.8,19523.0,19027.0,19132.4,6370.08353827
2022-10-11 00:00:00+00:00,19132.3,19265.0,18863.0,19061.0,8083.50678772
2022-10-12 00:00:00+00:00,19060.9,19244.2,18936.0,19155.5,42266.96880152
2022-10-13 00:00:00+00:00,19155.5,19510.2,18121.4,19375.3,42564.77720266
2022-10-14 00:00:00+00:00,19375.1,19952.2,19077.0,19176.8,29828.77001033
2022-10-15 00:00:00+00:00,19174.6,19229.3,18970.0,19068.0,9636.8448206
2022-10-16 00:00:00+00:00,19067.8,19427.8,19063.3,19262.0,11160.97607782
2022-10-17 00:00:00+00:00,19261.8,19676.0,19154.7,19546.0,19464.44499365
2022-10-18 00:00:00+00:00,19546.4,19714.0,19091.5,19327.9,16905.78295746
2022-10-19 00:00:00+00:00,19328.0,19360.0,19071.9,19124.4,12822.06161218
2022-10-20 00:00:00+00:00,19124.4,19350.0,18900.0,19042.8,21208.54103215
2022-10-21 00:00:00+00:00,19042.8,19250.0,18650.7,19161.9,13489.88578674
2022-10-22 00:00:00+00:00,19162.2,19254.0,19111.5,19203.1,5027.91427638
2022-10-23 00:00:00+00:00,19203.4,19695.0,19069.6,19568.9,9966.507372
2022-10-24 00:00:00+00:00,19567.9,19605.9,19157.0,19328.6,13656.10983396
2022-10-25 00:00:00+00:00,19328.9,20414.0,19237.5,20078.7,18579.42492666
2022-10-26 00:00:00+00:00,20078.5,21016.2,20049.3,20770.0,21950.86003438
2022-10-27 00:00:00+00:00,20769.1,20873.3,20183.9,20294.3,19471.41067716
2022-10-28 00:00:00+00:00,20294.4,20750.0,19999.9,20590.3,16416.20815877
2022-10-29 00:00:00+00:00,20591.6,21093.6,20554.2,20810.5,13742.53062384
2022-10-30 00:00:00+00:00,20810.5,20932.1,20512.7,20626.9,9421.50067273
2022-10-31 00:00:00+00:00,20627.1,20841.1,20235.0,20492.0,14093.62062548
2022-11-01 00:00:00+00:00,20491.5,20695.5,20330.8,20481.3,12181.1333626
2022-11-02 00:00:00+00:00,20482.2,20801.0,20059.2,20151.8,20996.19878004
2022-11-03 00:00:00+00:00,20151.0,20398.0,20029.0,20208.7,12731.44390436
2022-11-04 00:00:00+00:00,20207.5,21301.0,20180.0,21144.0,24261.95703362
2022-11-05 00:00:00+00:00,21144.0,21480.0,21077.7,21297.8,11527.05114751
2022-11-06 00:00:00+00:00,21297.3,21363.9,20886.9,20905.7,8200.84225796
2022-11-07 00:00:00+00:00,20906.0,21069.9,20385.4,20589.1,16379.52352851
2022-11-08 00:00:00+00:00,20589.5,20681.3,17082.0,18548.4,49315.25531404
2022-11-09 00:00:00+00:00,18548.4,18596.7,15596.0,15922.3,51354.49326634
2022-11-10 00:00:00+00:00,15920.2,18174.6,15750.0,17604.1,30441.68273422
2022-11-11 00:00:00+00:00,17603.0,17692.6,16375.0,17068.0,19362.58366107
2022-11-12 00:00:00+00:00,17068.0,17115.9,16634.1,16813.9,7726.00267395
2022-11-13 00:00:00+00:00,16813.9,16956.9,16250.0,16336.0,9184.03621771
2022-11-14 00:00:00+00:00,16338.2,17186.1,15815.1,16618.2,16284.0116809
2022-11-15 00:00:00+00:00,16617.7,17125.0,16526.9,16897.8,12280.21544269
2022-11-16 00:00:00+00:00,16897.8,17020.5,16377.1,16659.2,77415.97252177
2022-11-17 00:00:00+00:00,16659.2,16754.8,16412.1,16685.8,7526.71377601
2022-11-18 00:00:00+00:00,16685.8,16997.1,16552.4,16700.3,7972.68335933
2022-11-19 00:00:00+00:00,16700.3,16818.9,16554.6,16700.6,5386.14418681
2022-11-20 00:00:00+00:00,16700.5,16749.1,16183.1,16283.6,6940.79039536
2022-11-21 00:00:00+00:00,16283.7,16308.5,15473.6,15779.0,11754.17593909
2022-11-22 00:00:00+00:00,15779.0,16297.0,15626.2,16222.8,11024.71951803
2022-11-23 00:00:00+00:00,16223.2,16713.3,16165.1,16605.8,8543.26117905
2022-11-24 00:00:00+00:00,16604.7,16803.0,16460.0,16601.8,5891.39848336
2022-11-25 00:00:00+00:00,16601.7,16618.9,16339.9,16519.9,6211.07637292
2022-11-26 00:00:00+00:00,16520.0,16698.1,16386.1,16456.4,5827.81484029
2022-11-27 00:00:00+00:00,16457.1,16597.1,16403.2,16432.1,4042.71915541
2022-11-28 00:00:00+00:00,16432.1,16483.2,16000.0,16213.5,9138.21665818
2022-11-29 00:00:00+00:00,16213.6,16543.0,16102.4,16439.2,6362.38891581
2022-11-30 00:00:00+00:00,16439.2,17243.5,16429.5,17163.5,8972.34164822
2022-12-01 00:00:00+00:00,17163.6,17316.9,16865.6,16977.1,6127.09834117
2022-12-02 00:00:00+00:00,16977.1,17099.0,16789.1,17093.4,4549.36768862
2022-12-03 00:00:00+00:00,17093.4,17150.0,16862.1,16885.1,2764.64000864
2022-12-04 00:00:00+00:00,16885.1,17200.0,16881.4,17108.5,3313.63754584
2022-12-05 00:00:00+00:00,17108.5,17421.8,16875.9,16966.1,6135.05055579
2022-12-06 00:00:00+00:00,16966.2,17106.0,16907.9,17087.1,4191.50659305
2022-12-07 00:00:00+00:00,17087.1,17142.0,16680.0,16834.5,4098.46326665
2022-12-08 00:00:00+00:00,16834.6,17295.6,16739.6,17225.8,4359.92873839
2022-12-09 00:00:00+00:00,17225.7,17338.7,17060.0,17127.1,2910.38862461
2022-12-10 00:00:00+00:00,17127.1,17225.9,17100.6,17128.3,2382.82445323
2022-12-11 00:00:00+00:00,17128.3,17266.7,17074.1,17088.3,2660.4588778
2022-12-12 00:00:00+00:00,17085.4,17235.5,16874.1,17203.7,3261.26259772
2022-12-13 00:00:00+00:00,17203.6,17969.0,17085.0,17781.2,5992.05021853
2022-12-14 00:00:00+00:00,17779.3,18377.4,17661.9,17803.7,8445.96764868
2022-12-15 00:00:00+00:00,17803.7,17848.9,17270.1,17359.4,5332.88240125
2022-12-16 00:00:00+00:00,17359.4,17532.3,16533.0,16631.0,5265.23484957
2022-12-17 00:00:00+00:00,16631.0,16792.8,16582.9,16778.1,3924.48485379
2022-12-18 00:00:00+00:00,16778.1,16836.8,16667.8,16739.2,4398.97045091
2022-12-19 00:00:00+00:00,16739.2,16813.5,16264.9,16440.4,6733.34787932
2022-12-20 00:00:00+00:00,16440.5,17040.0,16397.3,16892.9,5158.66031581
2022-12-21 00:00:00+00:00,16893.0,16918.5,16728.0,16825.6,4204.89044461
2022-12-22 00:00:00+00:00,16825.6,16859.4,16559.5,16820.7,5222.122357
2022-12-23 00:00:00+00:00,16820.7,16943.7,16756.2,16780.7,2814.05987974
2022-12-24 00:00:00+00:00,16780.6,16858.7,16780.6,16836.1,2472.04090251
2022-12-25 00:00:00+00:00,16836.1,16852.0,16727.1,16832.8,3247.22326234
2022-12-26 00:00:00+00:00,16832.9,16968.1,16790.4,16918.7,3408.39019546
2022-12-27 00:00:00+00:00,16918.7,16968.7,16600.2,16708.4,5331.45514747
2022-12-28 00:00:00+00:00,16708.4,16780.0,16465.0,16548.1,7416.27181075
2022-12-29 00:00:00+00:00,16548.2,16658.1,16491.4,16637.8,12743.82328981
2022-12-30 00:00:00+00:00,16635.7,16689.0,16341.4,16603.9,4011.01707268
2022-12-31 00:00:00+00:00,16603.9,16642.4,16473.0,16540.0,2394.39674444
2023-01-01 00:00:00+00:00,16540.1,16624.6,16502.3,16616.5,2446.83536114
2023-01-02 00:00:00+00:00,16616.5,16792.0,16551.0,16672.5,3970.81074172
2023-01-03 00:00:00+00:00,16672.6,16773.6,16606.9,16674.9,3145.97583655
2023-01-04 00:00:00+00:00,16675.0,16989.0,16654.0,16854.1,4438.01749535
2023-01-05 00:00:00+00:00,16853.9,16877.3,16760.0,16830.6,2701.63759755
2023-01-06 00:00:00+00:00,16830.7,17027.1,16681.6,16952.3,4183.20885926
2023-01-07 00:00:00+00:00,16952.3,16978.6,16908.7,16943.1,1338.01064624
2023-01-08 00:00:00+00:00,16943.0,17163.1,16912.5,17127.4,2720.67466254
2023-01-09 00:00:00+00:00,17127.5,17394.6,17106.3,17181.4,5577.37314231
2023-01-10 00:00:00+00:00,17181.4,17495.2,17147.3,17436.5,3933.07007805
2023-01-11 00:00:00+00:00,17436.5,17999.0,17319.3,17943.2,4559.96523889
2023-01-12 00:00:00+00:00,17943.2,19102.1,17907.6,18845.6,10886.19514717
2023-01-13 00:00:00+00:00,18845.7,19994.0,18719.1,19924.9,9375.409916
2023-01-14 00:00:00+00:00,19924.9,21325.0,19887.4,20948.0,11540.92755961
2023-01-15 00:00:00+00:00,20948.0,21046.8,20541.5,20874.3,4761.43073717
2023-01-16 00:00:00+00:00,20874.3,21444.8,20619.0,21184.3,8718.19687709
2023-01-17 00:00:00+00:00,21184.3,21584.7,20808.0,21131.7,7188.03381777
2023-01-18 00:00:00+00:00,21131.8,21639.2,20404.0,20676.7,9782.34821184
2023-01-19 00:00:00+00:00,20676.7,21199.2,20659.6,21073.5,6165.23950007
2023-01-20 00:00:00+00:00,21073.6,22748.2,20866.0,22668.7,9876.52776132
2023-01-21 00:00:00+00:00,22668.8,23369.9,22417.0,22780.9,10272.7313677
2023-01-22 00:00:00+00:00,22780.9,23071.8,22295.0,22707.9,8708.52071542
2023-01-23 00:00:00+00:00,22707.9,23175.0,22504.1,22913.5,8095.72763301
2023-01-24 00:00:00+00:00,22913.5,23152.9,22434.2,22629.0,7131.83445908
2023-01-25 00:00:00+00:00,22629.0,23819.8,22325.0,23058.3,9884.66226592
2023-01-26 00:00:00+00:00,23059.2,23283.0,22855.0,23006.3,7568.89043955
2023-01-27 00:00:00+00:00,23006.3,23500.0,22531.9,23071.9,7276.3599995
2023-01-28 00:00:00+00:00,23071.8,23182.6,22880.0,23026.5,4728.12124133
2023-01-29 00:00:00+00:00,23026.4,23954.9,22971.5,23741.8,9073.03616523
2023-01-30 00:00:00+00:00,23741.8,23796.4,22500.0,22827.4,7311.2778679
2023-01-31 00:00:00+00:00,22827.5,23326.9,22719.3,23130.1,4911.95156255
2023-02-01 00:00:00+00:00,23130.1,23818.0,22730.0,23725.4,7036.67883225
2023-02-02 00:00:00+00:00,23725.5,24264.0,23366.2,23491.2,7799.78714543
2023-02-03 00:00:00+00:00,23491.1,23714.2,23210.2,23434.0,4880.31977011
2023-02-04 00:00:00+00:00,23434.0,23585.9,23246.0,23324.5,3079.07538607
2023-02-05 00:00:00+00:00,23324.5,23433.5,22751.0,22928.3,4029.93765652
2023-02-06 00:00:00+00:00,22928.4,23158.4,22628.4,22759.9,5084.68323722
2023-02-07 00:00:00+00:00,22760.0,23345.7,22750.0,23244.8,6094.40729774
2023-02-08 00:00:00+00:00,23244.9,23454.7,22672.0,22959.8,5395.20607181
2023-02-09 00:00:00+00:00,22959.8,23009.4,21683.0,21797.1,8235.20120604
2023-02-10 00:00:00+00:00,21797.1,21934.9,21441.2,21625.1,5651.26964724
2023-02-11 00:00:00+00:00,21625.2,21899.4,21601.4,21861.8,2716.7320605
2023-02-12 00:00:00+00:00,21861.8,22085.0,21626.1,21779.6,3517.21197056
2023-02-13 00:00:00+00:00,21779.7,21894.0,21352.3,21773.1,6719.85300213
2023-02-14 00:00:00+00:00,21773.1,22315.0,21520.4,22199.1,6668.41362574
2023-02-15 00:00:00+00:00,22199.1,24377.4,22050.1,24327.7,8420.14857172
2023-02-16 00:00:00+00:00,24327.6,25253.0,23506.4,23515.5,9597.46260414
2023-02-17 00:00:00+00:00,23516.6,25016.5,23343.6,24573.0,9020.42911583
2023-02-18 00:00:00+00:00,24571.1,24875.3,24411.0,24633.4,2716.55771529
2023-02-19 00:00:00+00:00,24633.4,25182.7,24200.0,24270.0,4847.93848026
2023-02-20 00:00:00+00:00,24270.0,25111.0,23827.3,24839.9,5727.5814929
2023-02-21 00:00:00+00:00,24840.0,25248.0,24152.5,24448.8,5893.44965236
2023-02-22 00:00:00+00:00,24448.9,24474.9,23580.0,24182.8,5762.57908186
2023-02-23 00:00:00+00:00,24182.8,24594.0,23609.8,23936.3,5593.85607032
2023-02-24 00:00:00+00:00,23936.3,24133.2,22844.0,23187.0,5478.77011755
2023-02-25 00:00:00+00:00,23187.1,23215.0,22751.1,23160.3,2726.05393288
2023-02-26 00:00:00+00:00,23160.3,23684.3,23062.6,23558.3,2864.94703539
2023-02-27 00:00:00+00:00,23556.0,23897.8,23100.7,23491.0,3968.31517112
2023-02-28 00:00:00+00:00,23491.1,23595.0,23020.9,23138.1,3243.9841625
2023-03-01 00:00:00+00:00,23141.9,24000.0,23024.0,23630.5,6742.29615801
2023-03-02 00:00:00+00:00,23629.9,23796.7,23200.0,23460.7,2832.91178931
2023-03-03 00:00:00+00:00,23460.8,23471.7,21962.4,22352.4,5237.80086238
2023-03-04 00:00:00+00:00,22352.5,22406.4,22158.3,22346.5,1678.52025067
2023-03-05 00:00:00+00:00,22346.5,22658.0,22184.0,22427.5,2055.99310011
2023-03-06 00:00:00+00:00,22427.5,22599.9,22261.1,22406.0,2138.59714633
2023-03-07 00:00:00+00:00,22406.0,22561.4,21931.8,22199.3,4114.96945254
2023-03-08 00:00:00+00:00,22199.3,22282.0,21577.0,21702.4,3435.25230345
2023-03-09 00:00:00+00:00,21702.4,21831.1,20025.9,20361.1,7220.48641367
2023-03-10 00:00:00+00:00,20361.2,20361.2,19558.1,20151.9,10816.77944875
2023-03-11 00:00:00+00:00,20151.9,20679.9,19769.2,20465.2,12266.40641976
2023-03-12 00:00:00+00:00,20465.2,22100.0,20275.1,22001.4,8623.61920642
2023-03-13 00:00:00+00:00,22001.6,24520.0,21813.0,24099.9,14774.8770521
2023-03-14 00:00:00+00:00,24100.0,26389.6,23958.8,24676.6,15054.08630018
2023-03-15 00:00:00+00:00,24676.5,25162.0,23881.0,24281.8,7355.1996117
2023-03-16 00:00:00+00:00,24281.7,25162.0,24121.8,25001.0,7283.6264434
2023-03-17 00:00:00+00:00,25000.9,27750.2,24889.6,27390.8,14306.35537905
2023-03-18 00:00:00+00:00,27391.4,27720.9,26560.0,26907.7,7265.50969141
2023-03-19 00:00:00+00:00,26907.9,28387.7,26824.3,27967.4,7630.62727859
2023-03-20 00:00:00+00:00,27969.7,28480.8,27133.8,27722.4,8059.48421443
2023-03-21 00:00:00+00:00,27722.4,28434.6,27300.1,28107.9,6398.5701542
2023-03-22 00:00:00+00:00,28106.2,28861.7,26610.0,27253.9,11058.53983512
2023-03-23 00:00:00+00:00,27253.8,28765.9,27118.1,28293.4,8034.6506623
2023-03-24 00:00:00+00:00,28293.4,28499.0,26983.1,27452.2,7360.1731366
2023-03-25 00:00:00+00:00,27452.2,27789.9,27158.4,27462.8,3294.1347522
2023-03-26 00:00:00+00:00,27462.8,28199.9,27416.7,27970.1,3719.73830257
2023-03-27 00:00:00+00:00,27970.1,28023.5,26510.0,27125.5,6974.60534626
2023-03-28 00:00:00+00:00,27125.5,27500.0,26631.2,27261.8,7152.45035548
2023-03-29 00:00:00+00:00,27261.9,28648.0,27239.5,28348.2,9812.25960177
2023-03-30 00:00:00+00:00,28348.1,29185.1,27673.6,28027.5,8799.67253105
2023-03-31 00:00:00+00:00,28027.5,28657.4,27515.9,28467.2,5636.6599042
2023-04-01 00:00:00+00:00,28467.2,28824.7,28216.1,28453.9,3011.99041361
2023-04-02 00:00:00+00:00,28453.9,28526.0,27852.0,28173.5,3953.49199964
2023-04-03 00:00:00+00:00,28173.5,28498.0,27241.6,27800.9,6897.89091155
2023-04-04 00:00:00+00:00,27800.2,28445.5,27669.8,28163.7,4411.6508619
2023-04-05 00:00:00+00:00,28163.7,28772.0,27801.7,28171.5,6280.60482955
2023-04-06 00:00:00+00:00,28171.6,28180.0,27704.4,28030.3,3919.45240156
2023-04-07 00:00:00+00:00,28030.3,28101.8,27767.5,27906.0,2237.50843994
2023-04-08 00:00:00+00:00,27906.0,28152.6,27860.1,27939.2,1652.10663847
2023-04-09 00:00:00+00:00,27939.2,28531.4,27784.9,28320.8,2472.2720633
2023-04-10 00:00:00+00:00,28320.8,29764.0,28166.1,29636.6,5455.3186622
2023-04-11 00:00:00+00:00,29636.6,30554.8,29591.0,30200.3,6494.06822767
2023-04-12 00:00:00+00:00,30200.3,30480.0,29651.0,29889.4,4372.80083153
2023-04-13 00:00:00+00:00,29889.5,30580.0,29856.1,30372.7,3285.93020761
2023-04-14 00:00:00+00:00,30372.6,31020.0,29975.2,30463.2,5266.38107213
2023-04-15 00:00:00+00:00,30463.2,30594.9,30205.1,30298.2,2075.34490463
2023-04-16 00:00:00+00:00,30298.2,30548.0,30123.6,30304.1,1978.64974965
2023-04-17 00:00:00+00:00,30304.0,30315.1,29239.6,29426.7,4352.10970022
2023-04-18 00:00:00+00:00,29426.8,30482.7,29100.0,30380.1,5394.40960597
2023-04-19 00:00:00+00:00,30380.2,30413.8,28571.0,28803.8,8906.98220881
2023-04-20 00:00:00+00:00,28803.8,29091.4,28000.0,28237.1,7090.79591546
2023-04-21 00:00:00+00:00,28238.6,28372.9,27125.0,27260.6,6687.44322705
2023-04-22 00:00:00+00:00,27260.6,27879.2,27141.1,27813.8,3371.84749517
2023-04-23 00:00:00+00:00,27813.9,27813.9,27318.0,27587.4,3341.08069886
2023-04-24 00:00:00+00:00,27587.4,28000.0,26960.0,27506.0,4616.00150315
2023-04-25 00:00:00+00:00,27506.0,28390.4,27194.0,28297.0,4577.0103341
2023-04-26 00:00:00+00:00,28297.0,30020.9,27220.9,28415.1,9392.80877913
2023-04-27 00:00:00+00:00,28415.1,29892.0,28377.3,29473.9,7447.57504327
2023-04-28 00:00:00+00:00,29473.9,29594.0,28887.6,29309.9,4842.03465847
2023-04-29 00:00:00+00:00,29309.9,29443.3,29026.3,29226.0,2349.27535077
2023-04-30 00:00:00+00:00,29225.9,29967.7,29084.9,29232.0,3631.58859161
2023-05-01 00:00:00+00:00,29232.0,29337.0,27662.1,28066.3,5269.14553213
2023-05-02 00:00:00+00:00,28066.4,28881.3,27869.9,28668.0,3860.21846961
2023-05-03 00:00:00+00:00,28668.0,29260.0,28116.9,29026.6,5948.43998574
2023-05-04 00:00:00+00:00,29026.6,29380.0,28668.5,28837.9,3818.08059571
2023-05-05 00:00:00+00:00,28837.9,29671.8,28789.4,29504.6,4431.18838546
2023-05-06 00:00:00+00:00,29504.5,29821.7,28339.3,28845.9,4032.21975452
2023-05-07 00:00:00+00:00,28845.9,29139.3,28400.0,28429.3,2481.73554078
2023-05-08 00:00:00+00:00,28429.2,28631.3,27266.7,27666.9,5872.67980326
2023-05-09 00:00:00+00:00,27666.9,27816.5,27353.0,27629.5,2790.32025898
2023-05-10 00:00:00+00:00,27629.5,28310.1,26781.0,27593.0,5916.9210593
2023-05-11 00:00:00+00:00,27593.0,27628.7,26709.1,26969.8,3737.96684988
2023-05-12 00:00:00+00:00,26969.8,27091.5,25802.4,26796.0,4702.65321005
2023-05-13 00:00:00+00:00,26796.8,27062.4,26692.5,26774.9,1765.26213142
2023-05-14 00:00:00+00:00,26774.9,27197.0,26578.0,26918.7,1562.65562111
2023-05-15 00:00:00+00:00,26918.7,27659.0,26726.8,27167.2,2857.43944282
2023-05-16 00:00:00+00:00,27163.5,27296.2,26856.5,27035.9,2691.78781498
2023-05-17 00:00:00+00:00,27035.9,27500.0,26551.0,27403.5,3404.79852947
2023-05-18 00:00:00+00:00,27403.5,27484.0,26366.6,26819.0,3803.83167689
2023-05-19 00:00:00+00:00,26819.0,27172.8,26634.7,26881.4,2343.14436085
2023-05-20 00:00:00+00:00,26881.4,27146.8,26830.9,27104.8,995.76262902
2023-05-21 00:00:00+00:00,27104.8,27279.4,26655.2,26744.7,1550.88502985
2023-05-22 00:00:00+00:00,26744.7,27095.1,26539.5,26846.1,2117.44143932
2023-05-23 00:00:00+00:00,26846.1,27480.0,26800.0,27219.4,3295.82154698
2023-05-24 00:00:00+00:00,27219.4,27219.4,26086.0,26328.2,3329.01610318
2023-05-25 00:00:00+00:00,26328.3,26626.1,25871.2,26474.7,3211.7582387
2023-05-26 00:00:00+00:00,26474.8,26930.8,26328.3,26707.3,2806.33583899
2023-05-27 00:00:00+00:00,26704.9,26885.7,26554.9,26855.4,1324.60650021
2023-05-28 00:00:00+00:00,26855.4,28250.0,26766.6,28067.3,3333.3415823
2023-05-29 00:00:00+00:00,28067.2,28449.0,27529.0,27736.3,3657.14472644
2023-05-30 00:00:00+00:00,27736.3,28037.9,27558.4,27693.9,3153.27559215
2023-05-31 00:00:00+00:00,27693.8,27834.0,26840.9,27211.6,4199.79766897
2023-06-01 00:00:00+00:00,27211.7,27352.7,26615.0,26814.1,3770.51205417
2023-06-02 00:00:00+00:00,26814.0,27296.9,26505.0,27243.5,3423.02338778
2023-06-03 00:00:00+00:00,27243.4,27328.8,26908.3,27069.9,1808.10976161
2023-06-04 00:00:00+00:00,27069.9,27465.0,26953.3,27121.3,2014.54480249
2023-06-05 00:00:00+00:00,27119.0,27126.4,25399.0,25725.7,7155.0024288
2023-06-06 00:00:00+00:00,25725.7,27356.0,25350.0,27229.8,6564.5373128
2023-06-07 00:00:00+00:00,27229.8,27387.8,26124.2,26342.3,5729.90806583
2023-06-08 00:00:00+00:00,26342.3,26812.3,26214.2,26498.9,3415.00576937
2023-06-09 00:00:00+00:00,26498.9,26777.8,26275.1,26478.1,2854.19636058
2023-06-10 00:00:00+00:00,26478.1,26532.3,25365.0,25841.0,6342.7797515
2023-06-11 00:00:00+00:00,25841.0,26200.0,25635.1,25925.3,2807.76499948
2023-06-12 00:00:00+00:00,25925.4,26100.0,25604.8,25906.4,3344.9379089
2023-06-13 00:00:00+00:00,25906.4,26426.4,25724.4,25936.0,4264.22011041
2023-06-14 00:00:00+00:00,25935.9,26096.2,24821.0,25128.7,5023.04104615
2023-06-15 00:00:00+00:00,25128.6,25760.3,24807.5,25597.4,5841.03598501
2023-06-16 00:00:00+00:00,25597.4,26515.2,25169.4,26348.0,5428.93598098
2023-06-17 00:00:00+00:00,26348.1,26832.9,26181.1,26518.0,3325.99914351
2023-06-18 00:00:00+00:00,26518.1,26700.0,26258.0,26339.9,2683.4321852
2023-06-19 00:00:00+00:00,26340.0,27070.0,26257.3,26843.1,4507.177792
2023-06-20 00:00:00+00:00,26843.1,28400.0,26654.0,28305.3,8106.96076616
2023-06-21 00:00:00+00:00,28305.3,30800.0,28262.0,29991.1,14357.79630985
2023-06-22 00:00:00+00:00,29991.1,30500.0,29477.0,29886.9,7234.72773282
2023-06-23 00:00:00+00:00,29886.8,31424.5,29802.3,30690.6,9359.38976398
2023-06-24 00:00:00+00:00,30690.1,30795.6,30251.1,30532.0,4032.82413225
2023-06-25 00:00:00+00:00,30531.9,31042.6,30280.0,30464.3,4415.8231125
2023-06-26 00:00:00+00:00,30464.4,30663.8,29920.0,30271.4,5516.39374699
2023-06-27 00:00:00+00:00,30271.4,31000.0,30225.2,30692.4,5510.94208629
2023-06-28 00:00:00+00:00,30692.4,30707.8,29843.9,30079.0,4912.4756006
2023-06-29 00:00:00+00:00,30079.0,30839.4,30051.7,30448.8,3798.49990164
2023-06-30 00:00:00+00:00,30448.9,31282.4,29500.0,30475.1,10123.1274787
2023-07-01 00:00:00+00:00,30475.1,30663.9,30325.0,30585.5,1614.73916755
2023-07-02 00:00:00+00:00,30585.5,30788.0,30168.0,30615.1,2313.99500329
2023-07-03 00:00:00+00:00,30615.2,31378.3,30566.9,31156.5,3659.01677323
2023-07-04 00:00:00+00:00,31156.6,31327.6,30621.5,30765.9,3093.29995525
2023-07-05 00:00:00+00:00,30765.9,30880.0,30199.8,30504.3,3414.16373084
2023-07-06 00:00:00+00:00,30503.9,31519.9,29855.4,29895.0,6453.7667167
2023-07-07 00:00:00+00:00,29895.0,30448.0,29701.0,30343.4,3284.12537218
2023-07-08 00:00:00+00:00,30343.4,30386.2,30050.1,30288.3,1410.1111331
2023-07-09 00:00:00+00:00,30288.3,30450.0,30071.6,30163.3,1817.48926481
2023-07-10 00:00:00+00:00,30163.3,31044.5,29949.6,30413.8,4449.45543334
2023-07-11 00:00:00+00:00,30413.9,30813.3,30304.1,30621.2,2600.99798664
2023-07-12 00:00:00+00:00,30621.3,30988.5,30214.4,30380.4,3939.26042591
2023-07-13 00:00:00+00:00,30380.4,31819.9,30253.1,31451.9,6284.27539067
2023-07-14 00:00:00+00:00,31452.0,31629.0,29906.6,30313.3,4941.67239287
2023-07-15 00:00:00+00:00,30313.3,30390.4,30235.5,30288.2,1186.20453353
2023-07-16 00:00:00+00:00,30288.3,30433.8,30062.2,30231.0,1508.29442404
2023-07-17 00:00:00+00:00,30231.1,30337.1,29656.0,30141.2,2655.50948358
2023-07-18 00:00:00+00:00,30141.2,30237.6,29541.0,29859.0,2631.35279239
2023-07-19 00:00:00+00:00,29859.1,30184.0,29762.0,29908.6,2149.22327443
2023-07-20 00:00:00+00:00,29908.6,30415.1,29571.2,29800.7,3156.2000641
2023-07-21 00:00:00+00:00,29800.7,30059.6,29727.1,29898.9,1989.21242292
2023-07-22 00:00:00+00:00,29898.9,29997.5,29630.0,29789.4,1249.62379225
2023-07-23 00:00:00+00:00,29789.4,30349.8,29729.1,30083.1,1828.59401227
2023-07-24 00:00:00+00:00,30083.1,30096.6,28872.4,29180.1,3382.34453552
2023-07-25 00:00:00+00:00,29180.1,29372.7,29050.5,29227.8,1598.69803272
2023-07-26 00:00:00+00:00,29227.8,29678.2,29098.1,29352.3,2934.79009271
2023-07-27 00:00:00+00:00,29352.3,29568.9,29088.0,29221.3,1902.08028055
2023-07-28 00:00:00+00:00,29221.3,29539.0,29131.0,29314.8,1709.81371365
2023-07-29 00:00:00+00:00,29314.8,29390.0,29254.2,29354.7,714.7554433
2023-07-30 00:00:00+00:00,29354.6,29449.4,29026.7,29278.3,1542.26358932
2023-07-31 00:00:00+00:00,29278.3,29531.0,29112.2,29234.2,1699.99843213
2023-08-01 00:00:00+00:00,29234.3,29736.6,28584.0,29708.9,4218.59792883
2023-08-02 00:00:00+00:00,29708.9,30042.6,28928.0,29182.5,3550.84226755
2023-08-03 00:00:00+00:00,29182.5,29426.2,28970.0,29194.1,1923.08193434
2023-08-04 00:00:00+00:00,29194.1,29328.3,28800.5,29113.9,1887.83986548
2023-08-05 00:00:00+00:00,29113.9,29151.0,28983.4,29074.0,826.58075016
2023-08-06 00:00:00+00:00,29073.9,29204.8,28992.4,29091.3,794.43653033
2023-08-07 00:00:00+00:00,29091.3,29278.2,28701.5,29214.3,1928.45052717
2023-08-08 00:00:00+00:00,29214.2,30228.7,29143.9,29772.7,3065.5390671
2023-08-09 00:00:00+00:00,29772.7,30135.8,29380.5,29581.7,2467.89331972
2023-08-10 00:00:00+00:00,29581.7,29737.8,29339.7,29453.4,1580.92460795
2023-08-11 00:00:00+00:00,29453.4,29565.4,29252.3,29426.6,1290.89503267
2023-08-12 00:00:00+00:00,29426.7,29480.4,29379.7,29430.8,589.7713592
2023-08-13 00:00:00+00:00,29430.8,29472.5,29272.0,29307.1,689.99226576
2023-08-14 00:00:00+00:00,29307.0,29692.6,29100.5,29433.0,2025.73187583
2023-08-15 00:00:00+00:00,29433.1,29500.0,29079.7,29202.2,1658.51266953
2023-08-16 00:00:00+00:00,29202.2,29257.0,28720.0,28727.3,1859.59797001
2023-08-17 00:00:00+00:00,28727.3,28786.0,25000.0,26624.3,7541.54757643
2023-08-18 00:00:00+00:00,26624.2,26830.8,25620.9,26053.4,4300.25415131
2023-08-19 00:00:00+00:00,26053.5,26275.9,25802.1,26101.0,1578.38343161
2023-08-20 00:00:00+00:00,26101.0,26298.0,25978.9,26188.8,1350.09402507
2023-08-21 00:00:00+00:00,26188.7,26261.3,25812.5,26124.7,1894.48754597
2023-08-22 00:00:00+00:00,26124.7,26138.4,25350.0,26054.4,2591.10930302
2023-08-23 00:00:00+00:00,26054.4,26813.9,25816.3,26431.6,3565.96651605
2023-08-24 00:00:00+00:00,26431.5,26580.9,25867.0,26180.0,2053.71323334
2023-08-25 00:00:00+00:00,26179.9,26307.7,25780.2,26058.2,2111.76703617
2023-08-26 00:00:00+00:00,26060.1,26120.2,25984.9,26019.7,660.88149507
2023-08-27 00:00:00+00:00,26019.6,26179.6,25963.7,26101.4,1140.90602154
2023-08-28 00:00:00+00:00,26101.4,26250.5,25865.7,26120.4,2057.83018872
2023-08-29 00:00:00+00:00,26119.6,28148.8,25923.7,27715.8,7250.9622651
2023-08-30 00:00:00+00:00,27715.7,27763.3,27018.0,27301.0,2290.64884375
2023-08-31 00:00:00+00:00,27301.1,27578.8,25668.2,25940.4,3849.96098429
2023-09-01 00:00:00+00:00,25940.4,26155.8,25334.8,25803.7,3400.85284329
2023-09-02 00:00:00+00:00,25803.7,25985.7,25752.9,25869.2,1897.0186248
2023-09-03 00:00:00+00:00,25869.2,26130.6,25802.1,25972.5,1624.98364861
2023-09-04 00:00:00+00:00,25972.5,26102.0,25628.2,25826.7,2170.3771509
2023-09-05 00:00:00+00:00,25826.8,25908.6,25562.5,25792.4,1832.56203419
2023-09-06 00:00:00+00:00,25792.4,26035.8,25400.0,25759.5,2189.08422148
2023-09-07 00:00:00+00:00,25759.6,26438.0,25615.3,26253.2,2088.17446791
2023-09-08 00:00:00+00:00,26253.3,26446.8,25645.3,25910.5,2231.18901096
2023-09-09 00:00:00+00:00,25910.5,25942.9,25802.0,25901.1,943.71965365
2023-09-10 00:00:00+00:00,25901.1,26032.3,25566.8,25841.1,1331.9631548
2023-09-11 00:00:00+00:00,25841.1,25902.8,24901.7,25162.6,3620.20472205
2023-09-12 00:00:00+00:00,25162.6,26532.0,25131.4,25838.3,4292.36145257
2023-09-13 00:00:00+00:00,25838.3,26406.3,25764.6,26220.8,2876.6515178
2023-09-14 00:00:00+00:00,26220.8,26855.7,26125.8,26521.7,2916.37181227
2023-09-15 00:00:00+00:00,26521.7,26885.9,26219.4,26601.2,2162.03312228
2023-09-16 00:00:00+00:00,26601.2,26776.8,26441.8,26558.2,1367.83868033
2023-09-17 00:00:00+00:00,26558.3,26619.3,26389.1,26525.8,1243.60784707
2023-09-18 00:00:00+00:00,26525.9,27408.1,26372.1,26764.1,3299.24603806
2023-09-19 00:00:00+00:00,26764.2,27484.9,26666.0,27204.2,3083.83723317
2023-09-20 00:00:00+00:00,27208.3,27391.0,26787.8,27120.2,2540.66683298
2023-09-21 00:00:00+00:00,27120.3,27158.9,26374.9,26567.1,2106.18398818
2023-09-22 00:00:00+00:00,26567.2,26745.8,26470.3,26577.1,1133.36102972
2023-09-23 00:00:00+00:00,26577.1,26633.7,26510.4,26574.9,546.80715174
2023-09-24 00:00:00+00:00,26575.0,26738.2,26123.0,26253.7,1214.65375967
2023-09-25 00:00:00+00:00,26248.8,26448.3,26000.0,26300.9,1638.32301728
2023-09-26 00:00:00+00:00,26301.0,26395.0,26092.3,26221.3,1487.5069236
2023-09-27 00:00:00+00:00,26221.4,26849.0,26114.0,26368.8,2799.76360324
2023-09-28 00:00:00+00:00,26368.9,27305.9,26343.0,27019.2,3215.92005899
2023-09-29 00:00:00+00:00,27019.2,27243.1,26672.5,26909.8,2372.91781312148
2023-09-30 00:00:00+00:00,26909.9,27092.0,26889.1,26962.8,1009.06616531
2023-10-01 00:00:00+00:00,26962.8,28100.0,26956.1,27992.5,2318.24361713
2023-10-02 00:00:00+00:00,27992.7,28574.0,27275.9,27490.8,4786.12842824
2023-10-03 00:00:00+00:00,27493.8,27671.7,27164.7,27428.0,2695.15224684
2023-10-04 00:00:00+00:00,27428.1,27836.9,27209.3,27782.6,2387.42240867
2023-10-05 00:00:00+00:00,27781.5,28116.8,27355.0,27408.2,2660.09119054
2023-10-06 00:00:00+00:00,27408.2,28286.1,27176.1,27928.6,2586.56708862
2023-10-07 00:00:00+00:00,27928.6,28029.0,27846.0,27954.0,1192.58756633
2023-10-08 00:00:00+00:00,27954.1,28088.7,27690.0,27917.8,1159.92080177
2023-10-09 00:00:00+00:00,27917.9,27984.0,27263.8,27589.6,2213.86419197
2023-10-10 00:00:00+00:00,27589.3,27732.3,27293.9,27387.0,1530.39502346
2023-10-11 00:00:00+00:00,27387.0,27473.7,26538.4,26878.6,3002.75663375
2023-10-12 00:00:00+00:00,26878.7,26941.7,26556.3,26760.6,1917.37099285
2023-10-13 00:00:00+00:00,26760.6,27126.9,26685.9,26862.5,1927.08941941
2023-10-14 00:00:00+00:00,26862.5,26988.9,26801.0,26856.2,755.64138038
2023-10-15 00:00:00+00:00,26856.2,27291.9,26807.6,27153.9,1084.70429275
2023-10-16 00:00:00+00:00,27153.9,30100.0,27114.9,28501.0,5454.67445435
2023-10-17 00:00:00+00:00,28501.1,28614.4,28072.2,28396.2,2236.73696446
2023-10-18 00:00:00+00:00,28396.3,28975.4,28147.5,28321.0,2413.82624354
2023-10-19 00:00:00+00:00,28321.1,28949.0,28109.8,28715.1,3053.15649278
2023-10-20 00:00:00+00:00,28715.1,30243.4,28579.2,29667.9,4696.94808389
2023-10-21 00:00:00+00:00,29668.0,30372.3,29464.2,29907.5,2770.84132655
2023-10-22 00:00:00+00:00,29907.6,30269.6,29645.0,29989.5,1549.51321243
2023-10-23 00:00:00+00:00,29989.5,34900.0,29885.0,33071.9,6561.66757467
2023-10-24 00:00:00+00:00,33071.8,35263.5,32821.2,33927.0,7373.11165134
2023-10-25 00:00:00+00:00,33924.0,35111.0,33680.5,34494.0,3602.19464543
2023-10-26 00:00:00+00:00,34494.9,34821.0,33752.0,34148.9,2914.64008145
2023-10-27 00:00:00+00:00,34149.0,34242.0,33401.0,33891.3,2381.73828363
2023-10-28 00:00:00+00:00,33891.3,34497.9,33860.5,34083.5,1489.76244471
2023-10-29 00:00:00+00:00,34083.6,34748.8,33930.7,34523.5,1606.00374338
2023-10-30 00:00:00+00:00,34523.5,34856.0,34064.0,34473.5,2416.75649837
2023-10-31 00:00:00+00:00,34473.5,34722.9,34031.0,34639.5,2113.92403885
2023-11-01 00:00:00+00:00,34639.0,35578.7,34100.0,35421.7,4408.11921329
2023-11-02 00:00:00+00:00,35421.8,35976.0,34301.1,34935.9,3425.06458984
2023-11-03 00:00:00+00:00,34936.0,34939.0,34120.0,34716.1,2882.65136764
2023-11-04 00:00:00+00:00,34716.1,35253.4,34585.3,35062.2,1163.57467203
2023-11-05 00:00:00+00:00,35062.3,35385.3,34451.4,35013.0,1833.44476605
2023-11-06 00:00:00+00:00,35013.0,35275.0,34731.0,35040.0,1887.26776778
2023-11-07 00:00:00+00:00,35041.4,35892.6,34521.1,35396.3,4165.36166036
2023-11-08 00:00:00+00:00,35396.3,36118.0,35095.8,35626.3,3398.16756776
2023-11-09 00:00:00+00:00,35620.7,37977.4,35537.7,36700.3,7448.21939268
2023-11-10 00:00:00+00:00,36701.3,37535.0,36324.4,37302.9,2802.39523123
2023-11-11 00:00:00+00:00,37303.0,37398.0,36649.2,37133.7,2090.73686
2023-11-12 00:00:00+00:00,37136.4,37217.0,36728.1,37063.5,1804.83735904
2023-11-13 00:00:00+00:00,37063.5,37400.0,36333.0,36462.7,2621.63827293
2023-11-14 00:00:00+00:00,36462.7,36746.5,34740.0,35551.4,3132.57700486
2023-11-15 00:00:00+00:00,35551.4,37954.9,35359.4,37854.6,3880.21453631
2023-11-16 00:00:00+00:00,37854.6,37925.4,35499.5,36164.1,3409.59389815
2023-11-17 00:00:00+00:00,36164.2,36789.7,35859.4,36609.2,2502.22489609
2023-11-18 00:00:00+00:00,36609.2,36851.7,36188.6,36568.1,1107.02115018
2023-11-19 00:00:00+00:00,36568.2,37500.0,36384.0,37351.5,1257.26177901
2023-11-20 00:00:00+00:00,37356.9,37750.0,36700.0,37447.1,2813.80816715
2023-11-21 00:00:00+00:00,37447.1,37643.9,35733.5,35744.0,3440.91789596
2023-11-22 00:00:00+00:00,35736.8,37860.0,35620.0,37406.7,2914.83244942
2023-11-23 00:00:00+00:00,37407.1,37638.9,36868.0,37290.5,1551.33472101
2023-11-24 00:00:00+00:00,37290.5,38400.0,37255.5,37710.4,3116.37383652
2023-11-25 00:00:00+00:00,37710.4,37888.0,37583.8,37775.6,848.75271184
2023-11-26 00:00:00+00:00,37775.6,37809.5,37120.4,37448.7,1350.88875963
2023-11-27 00:00:00+00:00,37447.4,37561.0,36713.0,37242.6,1763.76108187
2023-11-28 00:00:00+00:00,37243.2,38366.0,36874.1,37818.9,2466.80430241
2023-11-29 00:00:00+00:00,37819.0,38447.7,37570.0,37852.9,2162.50528984
2023-11-30 00:00:00+00:00,37852.9,38137.8,37495.2,37719.7,1364.3759336
2023-12-01 00:00:00+00:00,37723.2,38990.0,37616.4,38680.8,2872.00051911
2023-12-02 00:00:00+00:00,38680.8,39750.0,38641.0,39453.0,2601.1318185
2023-12-03 00:00:00+00:00,39449.4,40205.0,39270.8,39972.5,1760.39928444
2023-12-04 00:00:00+00:00,39972.5,42413.0,39972.4,41985.1,4838.76167857
2023-12-05 00:00:00+00:00,41985.1,44484.0,41400.0,44071.2,4804.00851521
2023-12-06 00:00:00+00:00,44075.0,44284.7,43362.2,43763.4,3005.80473848
2023-12-07 00:00:00+00:00,43763.5,44043.9,42829.2,43277.7,2933.14221401
2023-12-08 00:00:00+00:00,43273.3,44699.2,43075.8,44167.9,2888.40008533
2023-12-09 00:00:00+00:00,44171.4,44358.2,43567.9,43712.7,1996.21882619
2023-12-10 00:00:00+00:00,43712.8,44058.3,43560.6,43784.0,1404.71202031
2023-12-11 00:00:00+00:00,43784.0,43802.6,40222.4,41250.3,7769.12457118
2023-12-12 00:00:00+00:00,41249.0,42097.8,40683.3,41490.0,3499.01869232
2023-12-13 00:00:00+00:00,41490.7,43486.0,40567.0,42868.7,4141.5752979
2023-12-14 00:00:00+00:00,42868.8,43412.0,41459.2,43022.8,4111.6118418
2023-12-15 00:00:00+00:00,43027.2,43081.9,41660.6,41938.3,2259.0687904
2023-12-16 00:00:00+00:00,41938.4,42714.9,41625.0,42274.7,1420.28327201
2023-12-17 00:00:00+00:00,42273.5,42428.5,41250.0,41373.8,2224.80804608
2023-12-18 00:00:00+00:00,41374.3,42757.0,40551.3,42655.8,4198.76719424
2023-12-19 00:00:00+00:00,42655.9,43486.9,41811.0,42268.6,3608.45105005
2023-12-20 00:00:00+00:00,42268.8,44291.0,42210.1,43666.0,5252.68427547
2023-12-21 00:00:00+00:00,43666.9,44238.7,43300.1,43858.2,3717.40386623
2023-12-22 00:00:00+00:00,43858.2,44396.5,43411.0,43970.0,3406.39057235
2023-12-23 00:00:00+00:00,43970.0,43986.3,43289.0,43702.1,1523.26658533
2023-12-24 00:00:00+00:00,43702.1,43945.0,42500.0,42999.1,2276.25611831
2023-12-25 00:00:00+00:00,42994.8,43794.0,42736.4,43572.6,2109.49299387
2023-12-26 00:00:00+00:00,43572.6,43590.3,41618.7,42517.7,4210.15453205
2023-12-27 00:00:00+00:00,42511.9,43669.8,42115.0,43433.6,2222.17966442
2023-12-28 00:00:00+00:00,43433.6,43780.9,42275.3,42564.0,2205.46407899
2023-12-29 00:00:00+00:00,42564.1,43100.8,41304.1,42068.8,3923.32101692
2023-12-30 00:00:00+00:00,42068.7,42613.7,41520.0,42145.4,2306.18109272
2023-12-31 00:00:00+00:00,42145.4,42888.8,41965.7,42277.2,2085.72862024
2024-01-01 00:00:00+00:00,42278.8,44187.1,42177.3,44175.2,1892.79191838
2024-01-02 00:00:00+00:00,44175.3,45879.9,44148.1,44940.6,4784.80911812
2024-01-03 00:00:00+00:00,44945.2,45505.0,40620.0,42840.9,8523.78796028
2024-01-04 00:00:00+00:00,42840.9,44741.5,42624.1,44149.2,3771.78793466
2024-01-05 00:00:00+00:00,44153.6,44310.0,42372.0,44147.9,5297.87640522
2024-01-06 00:00:00+00:00,44148.0,44216.7,43399.0,43970.8,1746.87565493
2024-01-07 00:00:00+00:00,43966.6,44480.0,43600.0,43926.6,2168.59905564
2024-01-08 00:00:00+00:00,43926.7,47245.4,43183.5,46949.2,7880.67983574
2024-01-09 00:00:00+00:00,46949.2,47968.0,44620.8,46116.8,6930.29094155
2024-01-10 00:00:00+00:00,46112.6,47686.3,44316.7,46644.8,12564.68340175
2024-01-11 00:00:00+00:00,46649.3,48989.0,45578.3,46340.1,8154.09494671
2024-01-12 00:00:00+00:00,46340.1,46518.9,41440.0,42780.2,7114.33128022
2024-01-13 00:00:00+00:00,42785.2,43253.5,42433.1,42842.7,2933.66783188
2024-01-14 00:00:00+00:00,42842.7,43084.5,41723.0,41727.2,2189.32855213
2024-01-15 00:00:00+00:00,41727.2,43373.0,41715.7,42523.6,2509.41868395
2024-01-16 00:00:00+00:00,42513.5,43573.0,42034.6,43136.8,2748.23553601
2024-01-17 00:00:00+00:00,43132.4,43195.9,42211.0,42773.1,2518.57171324386
2024-01-18 00:00:00+00:00,42773.1,42925.0,40680.0,41321.5,4026.7934952002947
2024-01-19 00:00:00+00:00,41324.1,42185.3,40276.2,41655.5,3877.7643312511323
2024-01-20 00:00:00+00:00,41658.8,41867.0,41457.6,41693.4,1142.75808678
2024-01-21 00:00:00+00:00,41693.4,41876.0,41502.4,41579.8,876.16075734
2024-01-22 00:00:00+00:00,41579.9,41684.0,39417.8,39573.0,4871.10638111
2024-01-23 00:00:00+00:00,39573.0,40172.0,38559.0,39896.4,4597.19041779
2024-01-24 00:00:00+00:00,39900.6,40553.3,39493.5,40082.1,3172.38419242
2024-01-25 00:00:00+00:00,40082.1,40300.0,39554.1,39966.0,2124.96978349
2024-01-26 00:00:00+00:00,39959.8,42243.3,39822.0,41815.8,3686.37859642
2024-01-27 00:00:00+00:00,41820.5,42195.8,41390.3,42119.0,997.29131343
2024-01-28 00:00:00+00:00,42119.1,42839.0,41623.1,42037.9,1841.64990093
2024-01-29 00:00:00+00:00,42037.9,43317.9,41802.9,43299.8,2033.77454193
2024-01-30 00:00:00+00:00,43299.8,43861.9,42700.0,42943.3,3180.53511032
2024-01-31 00:00:00+00:00,42943.3,43742.3,42280.7,42585.1,4292.76147901
2024-02-01 00:00:00+00:00,42580.3,43295.0,41886.8,43082.2,2962.91381021
2024-02-02 00:00:00+00:00,43082.3,43481.9,42555.0,43199.1,2866.70223437
2024-02-03 00:00:00+00:00,43199.2,43379.4,42880.1,43006.1,1268.95919396
2024-02-04 00:00:00+00:00,43011.1,43119.4,42215.0,42582.9,1823.17955298
2024-02-05 00:00:00+00:00,42583.0,43578.9,42260.2,42706.1,2031.0447866
2024-02-06 00:00:00+00:00,42706.2,43386.0,42573.2,43096.0,2240.23797023
2024-02-07 00:00:00+00:00,43098.0,44393.0,42786.7,44344.0,5395.62394859
2024-02-08 00:00:00+00:00,44341.4,45603.0,44330.0,45288.6,4713.41041885
2024-02-09 00:00:00+00:00,45288.6,48192.0,45247.1,47135.7,10059.91581783
2024-02-10 00:00:00+00:00,47135.7,48167.0,46845.1,47750.0,2937.17010829
2024-02-11 00:00:00+00:00,47750.1,48591.9,47571.9,48297.7,5967.8784747
2024-02-12 00:00:00+00:00,48297.7,50336.8,47716.8,49923.9,10053.97102806
2024-02-13 00:00:00+00:00,49924.0,50364.0,48300.0,49694.4,8008.86746275
2024-02-14 00:00:00+00:00,49694.4,52040.0,49228.5,51792.0,5563.78635887
2024-02-15 00:00:00+00:00,51796.0,52809.6,51315.4,51880.4,5366.65636773
2024-02-16 00:00:00+00:00,51880.4,52591.8,51578.6,52121.1,4514.31374799
2024-02-17 00:00:00+00:00,52121.1,52166.8,50625.7,51644.1,3800.62655278
2024-02-18 00:00:00+00:00,51644.2,52384.3,51153.7,52133.0,3136.39201806
2024-02-19 00:00:00+00:00,52133.0,52487.3,51681.1,51777.1,3613.17874869
2024-02-20 00:00:00+00:00,51781.8,52994.1,50750.5,52263.8,6916.97203019
2024-02-21 00:00:00+00:00,52263.9,52370.0,50622.0,51854.3,7941.18681833
2024-02-22 00:00:00+00:00,51854.3,52063.9,50943.1,51289.6,7027.8597217
2024-02-23 00:00:00+00:00,51289.7,51543.1,50518.3,50746.2,4745.44999833
2024-02-24 00:00:00+00:00,50753.6,51699.8,50589.0,51562.1,2514.24241956
2024-02-25 00:00:00+00:00,51562.2,51963.3,51278.0,51725.9,3000.57673582
2024-02-26 00:00:00+00:00,51727.9,54908.2,50901.9,54472.1,7157.66591597
2024-02-27 00:00:00+00:00,54472.2,57587.0,54447.0,57031.8,6214.98702793
2024-02-28 00:00:00+00:00,57040.2,64021.0,56694.0,62429.7,14969.5980731
2024-02-29 00:00:00+00:00,62429.8,63663.0,60371.7,61143.2,11604.89721266
2024-03-01 00:00:00+00:00,61143.3,63066.1,60781.4,62381.7,5344.17983219
2024-03-02 00:00:00+00:00,62381.8,62437.9,61558.3,61982.0,2940.78029056
2024-03-03 00:00:00+00:00,61981.9,63233.4,61320.6,63106.1,4098.64655223
2024-03-04 00:00:00+00:00,63112.9,68510.6,62301.6,68248.5,12031.23553014
2024-03-05 00:00:00+00:00,68248.5,69000.0,59000.0,63714.1,20497.39904626
2024-03-06 00:00:00+00:00,63714.1,67645.3,62786.0,66074.1,12316.68214296
2024-03-07 00:00:00+00:00,66074.1,67978.8,65562.0,66820.2,7747.05189807
2024-03-08 00:00:00+00:00,66820.3,69941.0,66112.0,68124.1,10895.90499336
2024-03-09 00:00:00+00:00,68124.0,68551.5,67866.5,68313.0,1833.83814816
2024-03-10 00:00:00+00:00,68313.0,69870.0,68100.0,68953.9,6117.15494828
2024-03-11 00:00:00+00:00,68953.9,72800.0,67092.3,72085.5,8929.13813863
2024-03-12 00:00:00+00:00,72090.5,73065.2,68653.1,71450.0,8288.83809422
2024-03-13 00:00:00+00:00,71450.0,73634.9,71333.0,73078.1,5045.80904203
2024-03-14 00:00:00+00:00,73078.2,73773.6,68586.0,71387.9,11502.32052744
2024-03-15 00:00:00+00:00,71388.0,72419.2,65619.4,69492.1,12683.75544991
2024-03-16 00:00:00+00:00,69504.0,70047.3,64777.0,65308.2,9498.61393654
2024-03-17 00:00:00+00:00,65308.3,68921.9,64547.2,68395.8,10220.16228153
2024-03-18 00:00:00+00:00,68395.9,68966.0,66560.9,67615.9,7931.3943281
2024-03-19 00:00:00+00:00,67615.9,68134.6,61523.0,61931.8,13537.29957809
2024-03-20 00:00:00+00:00,61931.8,68100.0,60749.6,67841.1,12393.10346852
2024-03-21 00:00:00+00:00,67832.6,68236.8,64515.6,65504.1,7299.82953302
2024-03-22 00:00:00+00:00,65504.2,66640.7,62254.3,63790.0,8325.93378795
2024-03-23 00:00:00+00:00,63793.9,65998.0,63000.1,63990.7,5043.95410974
2024-03-24 00:00:00+00:00,63990.8,67620.0,63783.0,67215.7,5441.63047908
2024-03-25 00:00:00+00:00,67206.7,71145.3,66383.3,69868.9,8453.77794314
2024-03-26 00:00:00+00:00,69869.0,71574.0,69224.1,69989.7,6708.69604785
2024-03-27 00:00:00+00:00,69989.7,71739.5,68410.8,69468.0,5476.99508528
2024-03-28 00:00:00+00:00,69468.1,71544.0,68843.8,70794.3,4201.27834596
2024-03-29 00:00:00+00:00,70794.3,70913.8,68957.0,69846.1,1792.71827178
2024-03-30 00:00:00+00:00,69846.2,70331.0,69528.1,69570.9,1012.86044795
2024-03-31 00:00:00+00:00,69578.4,71349.0,69553.4,71264.5,1171.48622633
2024-04-01 00:00:00+00:00,71257.7,71274.8,68039.1,69653.0,3362.17964514
2024-04-02 00:00:00+00:00,69653.0,69677.5,64597.5,65482.9,5617.67420237
2024-04-03 00:00:00+00:00,65473.1,66890.9,64455.7,65959.2,3870.98618484
2024-04-04 00:00:00+00:00,65960.0,69317.1,65048.8,68485.2,3768.50331924
2024-04-05 00:00:00+00:00,68485.2,68740.6,65957.7,67822.4,3976.13839317
2024-04-06 00:00:00+00:00,67822.5,69659.0,67453.0,68886.0,1774.49422201
2024-04-07 00:00:00+00:00,68886.0,70345.0,68824.1,69350.0,2644.14713027
2024-04-08 00:00:00+00:00,69350.0,72780.5,69049.1,71626.4,3092.76991831
2024-04-09 00:00:00+00:00,71626.4,71751.5,68208.2,69150.1,2611.95587215
2024-04-10 00:00:00+00:00,69150.0,71167.9,67521.2,70631.8,3035.72664575
2024-04-11 00:00:00+00:00,70631.8,71299.8,69562.2,70005.6,2617.11377201
2024-04-12 00:00:00+00:00,70005.6,71220.0,64939.8,67115.6,4498.49633934
2024-04-13 00:00:00+00:00,67113.7,67935.6,59900.0,63916.5,7277.3820658
2024-04-14 00:00:00+00:00,63917.9,65822.0,62142.9,65661.1,5448.62364582
2024-04-15 00:00:00+00:00,65660.2,66844.2,62269.3,63416.7,4413.81567296
2024-04-16 00:00:00+00:00,63424.4,64385.0,61592.1,63793.2,4486.67251252
2024-04-17 00:00:00+00:00,63793.3,64497.5,59669.9,61273.8,5006.97916065
2024-04-18 00:00:00+00:00,61273.8,64114.0,60803.1,63468.3,3858.35651234
2024-04-19 00:00:00+00:00,63473.3,65432.3,59600.0,63813.8,5920.39115617
2024-04-20 00:00:00+00:00,63816.4,65415.5,63085.1,64939.3,2464.92532132
2024-04-21 00:00:00+00:00,64934.2,65700.0,64241.0,64941.3,1964.31339547
2024-04-22 00:00:00+00:00,64941.3,67245.8,64504.2,66810.1,2795.01025647
2024-04-23 00:00:00+00:00,66810.2,67184.0,65807.2,66415.6,1684.38889818
2024-04-24 00:00:00+00:00,66415.6,67070.0,63600.9,64290.6,2665.90148049
2024-04-25 00:00:00+00:00,64281.5,65276.7,62800.0,64501.2,2321.78420967
2024-04-26 00:00:00+00:00,64501.2,64807.0,63318.3,63768.2,2040.89555325
2024-04-27 00:00:00+00:00,63768.3,63920.9,62391.6,63452.6,1807.83968959
2024-04-28 00:00:00+00:00,63452.6,64369.9,62780.0,63122.9,1438.14384556
2024-04-29 00:00:00+00:00,63123.0,64213.5,61781.4,63859.8,2216.94894045
2024-04-30 00:00:00+00:00,63860.2,64734.0,59174.1,60670.4,4233.04481146
2024-05-01 00:00:00+00:00,60666.8,60847.1,56560.0,58346.5,5736.72192013
2024-05-02 00:00:00+00:00,58346.6,59624.8,56938.0,59057.0,3435.76290424
2024-05-03 00:00:00+00:00,59057.1,63325.0,58814.8,62878.1,3712.86752817
2024-05-04 00:00:00+00:00,62878.1,64551.8,62542.7,63890.6,2382.6451937
2024-05-05 00:00:00+00:00,63890.7,64629.0,62870.4,64014.5,1842.62101739
2024-05-06 00:00:00+00:00,64015.5,65518.7,62704.1,63165.3,2891.09412079
2024-05-07 00:00:00+00:00,63165.3,64415.6,62250.0,62314.5,2215.17090185
2024-05-08 00:00:00+00:00,62312.5,63018.2,60881.0,61187.2,2245.33945498
2024-05-09 00:00:00+00:00,61190.7,63422.4,60636.1,63076.6,2532.45561122
2024-05-10 00:00:00+00:00,63076.7,63466.3,60179.6,60799.5,2816.26821503
2024-05-11 00:00:00+00:00,60799.6,61522.5,60483.4,60827.1,1117.11702525
2024-05-12 00:00:00+00:00,60827.2,61863.9,60605.0,61484.1,984.5624771
2024-05-13 00:00:00+00:00,61484.1,63449.0,60764.1,62938.2,2567.15133903
2024-05-14 00:00:00+00:00,62938.1,63108.0,61137.1,61577.2,2626.22921631
2024-05-15 00:00:00+00:00,61577.3,66460.5,61339.4,66210.8,3572.49832826
2024-05-16 00:00:00+00:00,66210.8,66799.0,64602.9,65237.7,2652.25397591
2024-05-17 00:00:00+00:00,65237.8,67528.0,65097.6,67019.1,2259.39608827
2024-05-18 00:00:00+00:00,67019.1,67375.4,66587.0,66914.0,1110.54315313
2024-05-19 00:00:00+00:00,66914.0,67708.0,65880.0,66269.4,1543.20524664
2024-05-20 00:00:00+00:00,66269.5,71589.1,66066.8,71401.2,3317.54771593
2024-05-21 00:00:00+00:00,71428.3,71975.9,69165.0,70144.9,2600.99145415
2024-05-22 00:00:00+00:00,70151.5,70659.7,68910.4,69168.0,1846.95134202
2024-05-23 00:00:00+00:00,69168.0,70068.9,66301.4,67971.1,3235.81072349
2024-05-24 00:00:00+00:00,67964.4,69247.6,66621.1,68566.0,1651.22760279
2024-05-25 00:00:00+00:00,68565.9,69609.2,68507.7,69294.6,656.74589435
2024-05-26 00:00:00+00:00,69294.7,69552.7,68178.1,68503.5,760.67642265
2024-05-27 00:00:00+00:00,68503.5,70678.6,68260.0,69429.5,1352.29386529
2024-05-28 00:00:00+00:00,69429.5,69594.5,67277.0,68405.1,1919.64801653
2024-05-29 00:00:00+00:00,68407.5,68931.4,67144.1,67654.0,1679.60573104
2024-05-30 00:00:00+00:00,67654.1,69511.9,67132.0,68353.0,1825.6392262
2024-05-31 00:00:00+00:00,68353.1,69039.0,66666.7,67536.4,1750.86247531
2024-06-01 00:00:00+00:00,67539.5,67879.3,67441.9,67761.7,565.3364225
2024-06-02 00:00:00+00:00,67761.8,68472.9,67273.4,67768.4,976.94404404
2024-06-03 00:00:00+00:00,67768.4,70277.0,67619.1,68808.7,2261.23841921
2024-06-04 00:00:00+00:00,68808.8,71063.0,68567.2,70537.5,2045.7564722
2024-06-05 00:00:00+00:00,70537.5,71751.9,70385.4,71105.2,1883.57505474
2024-06-06 00:00:00+00:00,71102.4,71650.0,70115.2,70798.4,1485.79829188
2024-06-07 00:00:00+00:00,70798.4,71993.5,68361.3,69342.0,2470.64636062
2024-06-08 00:00:00+00:00,69342.1,69576.2,69175.0,69308.5,580.29913968
2024-06-09 00:00:00+00:00,69308.6,69847.1,69129.0,69640.3,610.75461478
2024-06-10 00:00:00+00:00,69640.3,70180.0,69186.2,69537.2,1042.35081464
2024-06-11 00:00:00+00:00,69530.5,69579.4,66035.0,67308.4,3161.78693028
2024-06-12 00:00:00+00:00,67308.4,70000.0,66903.2,68268.1,2774.37071117
2024-06-13 00:00:00+00:00,68268.1,68406.0,66271.0,66769.6,1975.52970546
2024-06-14 00:00:00+00:00,66775.4,67370.5,65073.4,66042.5,2420.00606135
2024-06-15 00:00:00+00:00,66042.6,66475.4,65816.0,66226.7,710.40585693
2024-06-16 00:00:00+00:00,66226.8,67009.8,66042.4,66679.0,608.79569155
2024-06-17 00:00:00+00:00,66679.0,67306.4,65132.0,66494.5,2341.9398495
2024-06-18 00:00:00+00:00,66494.6,66587.6,64061.8,65179.1,3052.75896792
2024-06-19 00:00:00+00:00,65179.1,65726.1,64677.6,64970.3,1278.93123035
2024-06-20 00:00:00+00:00,64970.3,66479.4,64568.0,64878.8,1625.70886648
2024-06-21 00:00:00+00:00,64878.8,65066.5,63400.0,64150.9,1941.90474689
2024-06-22 00:00:00+00:00,64151.0,64531.2,63951.6,64265.7,584.43828265
2024-06-23 00:00:00+00:00,64265.8,64518.0,63176.3,63208.0,703.64982483
2024-06-24 00:00:00+00:00,63208.1,63380.4,58416.2,60292.5,4410.78628595
2024-06-25 00:00:00+00:00,60295.5,62405.6,60253.8,61803.2,2327.49267837
2024-06-26 00:00:00+00:00,61803.2,62478.9,60713.9,60856.8,1513.43469894
2024-06-27 00:00:00+00:00,60861.3,62388.7,60612.0,61702.0,1688.78971802
2024-06-28 00:00:00+00:00,61702.0,62215.6,60054.5,60439.2,2097.89367693
2024-06-29 00:00:00+00:00,60439.2,61220.1,60403.3,60984.1,1003.60031082
2024-06-30 00:00:00+00:00,60984.1,63137.0,60714.2,62769.4,1654.90257636
2024-07-01 00:00:00+00:00,62769.5,63850.0,62520.6,62899.8,2039.52153081
2024-07-02 00:00:00+00:00,62899.7,63290.1,61815.1,62136.8,1510.37182096
2024-07-03 00:00:00+00:00,62136.8,62285.5,59408.7,60213.3,2642.87711808
2024-07-04 00:00:00+00:00,60213.7,60499.9,56759.6,57055.6,3713.06767643
2024-07-05 00:00:00+00:00,57055.6,57538.2,53339.7,56629.6,5131.59463009
2024-07-06 00:00:00+00:00,56629.7,58475.4,56025.2,58237.3,1618.72594078
2024-07-07 00:00:00+00:00,58237.4,58442.0,55721.0,55853.2,1743.32010156
2024-07-08 00:00:00+00:00,55856.9,58219.9,54281.0,56710.6,3385.88544401
2024-07-09 00:00:00+00:00,56710.7,58313.9,56291.3,58036.0,2301.02555905
2024-07-10 00:00:00+00:00,58040.8,59032.2,57169.9,57723.0,1529.75859703
2024-07-11 00:00:00+00:00,57723.0,59598.9,57048.2,57331.2,2453.956772211234
2024-07-12 00:00:00+00:00,57340.1,58528.0,56536.5,57889.5,2232.05440922
2024-07-13 00:00:00+00:00,57893.0,59838.4,57757.2,59206.2,1732.06281445
2024-07-14 00:00:00+00:00,59201.8,61441.7,59190.7,60789.2,2237.92474686
2024-07-15 00:00:00+00:00,60789.2,64899.9,60651.9,64718.6,2706.2657691691084
2024-07-16 00:00:00+00:00,64719.7,65373.4,62381.3,65048.6,3352.14018244
2024-07-17 00:00:00+00:00,65042.9,66120.0,63853.0,64082.9,2291.27215361
2024-07-18 00:00:00+00:00,64082.9,65120.0,63234.7,63988.1,1621.57861122
2024-07-19 00:00:00+00:00,63988.1,67412.0,63300.5,66653.4,2734.99003262
2024-07-20 00:00:00+00:00,66656.1,67595.2,66218.4,67122.4,1287.96171803
2024-07-21 00:00:00+00:00,67122.4,68366.0,65763.1,68171.0,2322.99771221
2024-07-22 00:00:00+00:00,68171.1,68476.0,66579.0,67536.9,2097.01006265
2024-07-23 00:00:00+00:00,67528.5,67753.5,65438.1,65935.8,2134.3110909
2024-07-24 00:00:00+00:00,65931.1,67100.9,65105.0,65386.1,1604.41062855
2024-07-25 00:00:00+00:00,65376.8,66154.0,63466.3,65796.0,2552.7064301668306
2024-07-26 00:00:00+00:00,65796.1,68213.5,65722.3,67912.3,2190.78683074
2024-07-27 00:00:00+00:00,67912.3,69492.2,66641.0,67915.7,3064.53706261
2024-07-28 00:00:00+00:00,67898.2,68314.8,67063.1,68246.9,897.39286842
2024-07-29 00:00:00+00:00,68247.0,70066.0,66411.0,66782.6,3102.9108508
2024-07-30 00:00:00+00:00,66782.6,66998.2,65296.2,66189.8,1988.70106047
2024-07-31 00:00:00+00:00,66189.8,66850.0,64523.8,64633.5,2441.61264442
2024-08-01 00:00:00+00:00,64627.4,65652.0,62279.4,65350.3,3389.08391018
2024-08-02 00:00:00+00:00,65350.3,65602.4,61227.1,61493.8,3678.44474195
2024-08-03 00:00:00+00:00,61493.8,62194.3,59857.6,60716.3,3241.28917638
2024-08-04 00:00:00+00:00,60709.2,61108.0,57200.0,58157.9,3024.99636335
2024-08-05 00:00:00+00:00,58164.3,58305.0,48705.8,54009.6,11783.25740299679
2024-08-06 00:00:00+00:00,54031.9,57126.2,53944.3,56039.6,4468.7045675
2024-08-07 00:00:00+00:00,56016.1,57722.9,54562.0,55127.6,4033.07074522
2024-08-08 00:00:00+00:00,55132.6,62714.9,54737.4,61691.7,4301.42280838
2024-08-09 00:00:00+00:00,61685.6,61742.5,59531.6,60831.4,3177.16429263
2024-08-10 00:00:00+00:00,60844.6,61466.9,60248.2,60922.9,1334.90231724
2024-08-11 00:00:00+00:00,60923.0,61874.9,58301.8,58710.9,2561.04928921
2024-08-12 00:00:00+00:00,58717.1,60786.1,57649.2,59347.4,4602.78407909
2024-08-13 00:00:00+00:00,59351.7,61594.6,58421.0,60586.7,2954.50466679
2024-08-14 00:00:00+00:00,60586.7,61820.1,58444.5,58679.0,2882.01960837
2024-08-15 00:00:00+00:00,58678.9,59843.0,56111.2,57540.1,3799.21196423
2024-08-16 00:00:00+00:00,57540.1,59808.9,57101.2,58874.9,2358.05984951
2024-08-17 00:00:00+00:00,58874.9,59706.5,58800.7,59495.9,658.00417072
2024-08-18 00:00:00+00:00,59496.0,60270.0,58420.0,58428.1,1372.42269974
2024-08-19 00:00:00+00:00,58428.1,59599.0,57814.6,59432.3,1891.50189249
2024-08-20 00:00:00+00:00,59432.3,61480.0,58556.2,59012.1,3169.05980514
2024-08-21 00:00:00+00:00,59012.0,61815.9,58786.8,61148.0,2626.58971815
2024-08-22 00:00:00+00:00,61148.1,61399.8,59729.1,60381.1,2334.75857046
2024-08-23 00:00:00+00:00,60381.6,64957.6,60340.6,64040.9,4488.54077091
2024-08-24 00:00:00+00:00,64041.0,64500.0,63539.2,64151.3,1564.95341888
2024-08-25 00:00:00+00:00,64150.9,65000.0,63776.0,64220.6,1213.39077026
2024-08-26 00:00:00+00:00,64220.6,64479.4,62816.3,62830.1,2144.72807256
2024-08-27 00:00:00+00:00,62836.4,63218.9,58000.0,59413.9,3042.18328456
2024-08-28 00:00:00+00:00,59410.9,60230.5,57862.0,59030.3,2751.86370049
2024-08-29 00:00:00+00:00,59033.1,61160.3,58708.5,59352.0,2135.25493415
2024-08-30 00:00:00+00:00,59350.7,59950.5,57679.6,59115.0,2647.76565687
2024-08-31 00:00:00+00:00,59123.5,59454.0,58745.5,58972.6,891.08050682
2024-09-01 00:00:00+00:00,58972.6,59074.6,57200.3,57305.7,2532.44984641
2024-09-02 00:00:00+00:00,57305.7,59424.6,57133.8,59134.6,1834.20028682
2024-09-03 00:00:00+00:00,59139.3,59811.0,57415.0,57486.0,1754.40835428
2024-09-04 00:00:00+00:00,57484.7,58520.0,55602.5,57974.6,2561.80713247
2024-09-05 00:00:00+00:00,57974.7,58328.6,55636.3,56179.5,1959.73361963
2024-09-06 00:00:00+00:00,56179.5,57007.2,52550.0,53960.3,3537.30686715
2024-09-07 00:00:00+00:00,53960.4,54842.4,53756.0,54156.0,1278.56939618
2024-09-08 00:00:00+00:00,54156.1,55307.5,53630.0,54873.1,1472.5997729
2024-09-09 00:00:00+00:00,54873.1,58091.3,54596.2,57042.0,2150.29177325
2024-09-10 00:00:00+00:00,57040.7,58044.7,56387.1,57632.5,1463.44932234
2024-09-11 00:00:00+00:00,57638.8,57980.0,55564.9,57335.9,2422.15233551
2024-09-12 00:00:00+00:00,57335.9,58566.6,57316.4,58127.9,1876.42213078
2024-09-13 00:00:00+00:00,58127.9,60624.3,57638.4,60493.9,2144.78820263
2024-09-14 00:00:00+00:00,60494.0,60609.5,59397.7,59988.0,1371.32488107
2024-09-15 00:00:00+00:00,59988.1,60385.0,58680.2,59132.0,1439.95021927
2024-09-16 00:00:00+00:00,59132.0,59203.4,57489.7,58215.0,2175.34753549
2024-09-17 00:00:00+00:00,58215.0,61328.2,57622.0,60307.7,3139.54679058
2024-09-18 00:00:00+00:00,60307.8,61777.0,59187.4,61753.5,3378.91287941
2024-09-19 00:00:00+00:00,61754.9,63850.5,61566.5,62950.4,3360.70442878
2024-09-20 00:00:00+00:00,62950.5,64130.6,62348.4,63205.5,2273.5804573574055
2024-09-21 00:00:00+00:00,63205.6,63550.0,62757.7,63343.5,662.70280371
2024-09-22 00:00:00+00:00,63343.6,64000.0,62362.1,63575.9,1300.50601641
2024-09-23 00:00:00+00:00,63576.0,64753.9,62566.7,63331.4,2240.94765705
2024-09-24 00:00:00+00:00,63333.0,64691.5,62711.5,64269.7,2218.64824819
2024-09-25 00:00:00+00:00,64269.7,64817.4,62948.9,63154.4,1902.68635504
2024-09-26 00:00:00+00:00,63154.5,65819.9,62666.5,65165.5,2641.93386375
2024-09-27 00:00:00+00:00,65165.5,66575.6,64814.9,65770.8,1878.99480986
2024-09-28 00:00:00+00:00,65771.9,66257.6,65422.1,65841.0,715.66999092
2024-09-29 00:00:00+00:00,65842.5,66074.7,65431.9,65598.0,652.78116953
2024-09-30 00:00:00+00:00,65599.5,65608.5,62850.0,63330.0,1977.65676078
2024-10-01 00:00:00+00:00,63328.6,64118.7,60158.9,60816.0,3174.90589645
2024-10-02 00:00:00+00:00,60814.6,62388.5,59989.0,60651.4,2459.12490127
2024-10-03 00:00:00+00:00,60651.0,61475.5,59869.0,60750.0,2567.1761608990028
2024-10-04 00:00:00+00:00,60750.0,62477.0,60468.1,62086.5,1940.33678745
2024-10-05 00:00:00+00:00,62086.6,62367.9,61689.0,62064.1,549.95199894
2024-10-06 00:00:00+00:00,62064.1,62978.7,61818.0,62819.4,759.6656176
2024-10-07 00:00:00+00:00,62819.4,64460.3,62136.1,62223.2,2115.86826628
2024-10-08 00:00:00+00:00,62223.1,63197.5,61870.2,62163.4,1828.85538234
2024-10-09 00:00:00+00:00,62163.4,62545.3,60306.1,60638.5,1735.494132872293
2024-10-10 00:00:00+00:00,60637.6,61318.1,58932.1,60319.5,2254.63996348
2024-10-11 00:00:00+00:00,60319.5,63418.3,60086.3,62533.9,2034.69158618
2024-10-12 00:00:00+00:00,62533.9,63485.8,62487.4,63204.1,1302.02116729
2024-10-13 00:00:00+00:00,63204.1,63287.9,62054.8,62872.3,937.65536151
2024-10-14 00:00:00+00:00,62872.4,66525.5,62465.5,66087.0,3301.71187381
2024-10-15 00:00:00+00:00,66087.0,67950.9,64800.0,67071.6,3124.21397526
2024-10-16 00:00:00+00:00,67071.7,68418.8,66751.5,67618.2,2457.97427062
2024-10-17 00:00:00+00:00,67618.2,67940.0,66683.3,67424.5,1563.69007917
2024-10-18 00:00:00+00:00,67424.4,69000.0,67191.5,68426.7,1690.56591756
2024-10-19 00:00:00+00:00,68427.0,68697.0,68010.0,68378.0,677.19371805
2024-10-20 00:00:00+00:00,68378.8,69388.0,68096.4,69034.5,937.28911871
2024-10-21 00:00:00+00:00,69034.6,69537.1,66849.6,67375.5,2039.15492341
2024-10-22 00:00:00+00:00,67375.5,67832.9,66564.0,67419.8,1931.55958067
2024-10-23 00:00:00+00:00,67423.3,67464.5,65257.1,66665.0,2092.97307853
2024-10-24 00:00:00+00:00,66665.0,68850.7,66508.2,68200.0,1867.3945362
2024-10-25 00:00:00+00:00,68200.0,68765.5,65596.4,66696.8,2808.51980765
2024-10-26 00:00:00+00:00,66696.2,67456.6,66441.4,67094.7,1144.16722821
2024-10-27 00:00:00+00:00,67094.7,68333.0,66934.3,68021.8,751.55237879
2024-10-28 00:00:00+00:00,68021.8,70282.9,67620.8,69961.4,2169.8211202
2024-10-29 00:00:00+00:00,69961.5,73640.5,69762.3,72735.5,4240.70186541
2024-10-30 00:00:00+00:00,72735.6,72953.7,71430.4,72345.6,2404.59346725
2024-10-31 00:00:00+00:00,72345.7,72683.5,69674.9,70298.2,2120.18392914
2024-11-01 00:00:00+00:00,70298.2,71626.9,68823.5,69495.2,2856.05732419
2024-11-02 00:00:00+00:00,69495.1,69909.0,69020.0,69376.8,712.2535889
2024-11-03 00:00:00+00:00,69376.8,69391.7,67474.7,68771.5,2129.65362456
2024-11-04 00:00:00+00:00,68776.1,69494.9,66835.1,67857.2,2054.6678421
2024-11-05 00:00:00+00:00,67857.1,70540.1,67478.6,69374.9,2572.65799285
2024-11-06 00:00:00+00:00,69374.9,76407.1,69295.0,75581.7,7318.79255071
2024-11-07 00:00:00+00:00,75581.8,76830.0,74427.1,75865.4,3490.15405243
2024-11-08 00:00:00+00:00,75865.4,77175.2,75591.5,76506.9,2481.01990652
2024-11-09 00:00:00+00:00,76506.9,76913.0,75715.7,76684.1,1456.29035261
2024-11-10 00:00:00+00:00,76684.1,81498.1,76362.3,80359.5,5178.5835042
2024-11-11 00:00:00+00:00,80359.5,89526.3,80208.3,88637.1,8099.05313818675
2024-11-12 00:00:00+00:00,88637.2,89922.2,85068.0,87936.9,6985.08769905
2024-11-13 00:00:00+00:00,87936.9,93242.1,86129.9,90375.4,5991.05495066
2024-11-14 00:00:00+00:00,90375.4,91779.2,86677.3,87322.4,3915.90881199
2024-11-15 00:00:00+00:00,87326.9,91848.8,87077.8,91042.3,3678.50967596
2024-11-16 00:00:00+00:00,91028.1,91918.7,90074.8,90573.2,1870.27661623
2024-11-17 00:00:00+00:00,90583.2,91455.2,88650.0,89854.2,2090.24125309
2024-11-18 00:00:00+00:00,89854.3,92600.0,89369.4,90465.7,4051.68325073
2024-11-19 00:00:00+00:00,90465.7,93912.0,90351.8,92292.1,3841.98985756
2024-11-20 00:00:00+00:00,92292.2,94819.5,91474.8,94285.0,3066.07029848
2024-11-21 00:00:00+00:00,94289.0,98924.7,94038.1,98317.0,4781.4668224
2024-11-22 00:00:00+00:00,98317.0,99595.0,97017.5,98891.4,3196.21611008
2024-11-23 00:00:00+00:00,98891.5,98909.8,97130.0,97684.1,2007.50868141
2024-11-24 00:00:00+00:00,97684.1,98570.5,95747.0,97891.9,2026.06456539
2024-11-25 00:00:00+00:00,97903.7,98896.2,92573.9,92999.0,3562.951213593935
2024-11-26 00:00:00+00:00,92999.1,94981.4,90801.9,91958.3,3628.3881666
2024-11-27 00:00:00+00:00,91958.3,97192.1,91797.5,95854.3,2807.4794357
2024-11-28 00:00:00+00:00,95854.3,96564.7,94535.8,95642.3,1569.51565758
2024-11-29 00:00:00+00:00,95642.3,98609.0,95352.9,97458.0,1636.28650747
2024-11-30 00:00:00+00:00,97458.1,97466.2,96088.0,96395.3,1104.94877088
2024-12-01 00:00:00+00:00,96395.2,97897.9,95700.0,97185.7,1548.39619322
2024-12-02 00:00:00+00:00,97185.7,98157.0,94379.2,95826.8,2408.51825737
2024-12-03 00:00:00+00:00,95826.8,96300.0,93575.0,95845.3,1894.86019151
2024-12-04 00:00:00+00:00,95845.2,99008.9,94580.7,98618.3,2794.50017711
2024-12-05 00:00:00+00:00,98602.4,104087.7,90606.3,96927.3,6217.865642314455
2024-12-06 00:00:00+00:00,96927.4,101900.0,96228.6,99729.4,3117.80275044
2024-12-07 00:00:00+00:00,99729.4,100582.4,98823.6,99832.6,1223.51252624
2024-12-08 00:00:00+00:00,99832.6,101359.3,98669.6,101106.5,1208.70476619
2024-12-09 00:00:00+00:00,101106.6,101211.1,93867.2,97272.9,3540.73345447
2024-12-10 00:00:00+00:00,97273.0,98266.3,94250.1,96582.1,3353.82414311
2024-12-11 00:00:00+00:00,96582.2,101876.3,95634.2,101110.4,2519.20795584
2024-12-12 00:00:00+00:00,101116.9,102525.0,99307.1,100002.9,2262.16330387
2024-12-13 00:00:00+00:00,100002.9,101900.0,99202.7,101413.2,1454.85943621
2024-12-14 00:00:00+00:00,101413.2,102648.2,100606.2,101418.8,1303.70030479
2024-12-15 00:00:00+00:00,101418.8,105216.6,101232.6,104469.1,1874.6111198
2024-12-16 00:00:00+00:00,104469.1,107803.7,103332.5,106060.3,2800.58884526
2024-12-17 00:00:00+00:00,106060.3,108384.6,105210.9,106149.9,2321.68524217
2024-12-18 00:00:00+00:00,106130.4,106499.9,99970.2,100202.9,4175.33043343
2024-12-19 00:00:00+00:00,100202.9,102832.0,95680.1,97456.6,4671.52456828
2024-12-20 00:00:00+00:00,97456.7,98252.2,92277.9,97799.9,4340.41871573
2024-12-21 00:00:00+00:00,97800.0,99623.4,96403.4,97280.2,1922.8031224
2024-12-22 00:00:00+00:00,97280.7,97451.5,94238.4,95186.2,2037.90516649
2024-12-23 00:00:00+00:00,95186.2,96530.3,92519.5,94885.9,2677.88251516
2024-12-24 00:00:00+00:00,94885.9,99476.5,93576.5,98661.7,1882.60187889
2024-12-25 00:00:00+00:00,98661.6,99587.8,97622.7,99434.8,1417.63565576
2024-12-26 00:00:00+00:00,99434.9,99970.8,95156.0,95785.8,1833.1939058959317
2024-12-27 00:00:00+00:00,95785.9,97515.9,93490.0,94286.1,1982.39266028
2024-12-28 00:00:00+00:00,94286.1,95745.0,94134.4,95306.7,935.96459352
2024-12-29 00:00:00+00:00,95305.0,95343.1,93036.7,93739.7,1235.39387006
2024-12-30 00:00:00+00:00,93739.8,95025.6,91552.0,92796.2,2227.81926793
2024-12-31 00:00:00+00:00,92792.0,96287.7,92046.6,93574.3,2205.31911212
2025-01-01 00:00:00+00:00,93574.4,95150.0,92900.8,94584.1,872.78706301
2025-01-02 00:00:00+00:00,94584.2,97839.1,94380.5,96983.8,2052.77214083
2025-01-03 00:00:00+00:00,96983.9,98976.9,96105.4,98173.9,1265.36534804
2025-01-04 00:00:00+00:00,98173.9,98782.5,97537.4,98215.4,788.52110743
2025-01-05 00:00:00+00:00,98215.4,98800.0,97275.9,98360.8,970.12240826
2025-01-06 00:00:00+00:00,98360.9,102486.3,97915.6,102224.3,2206.93069096
2025-01-07 00:00:00+00:00,102224.4,102709.9,96142.6,96959.2,2272.78851455
2025-01-08 00:00:00+00:00,96959.2,97269.9,92540.8,95056.8,3461.04829101
2025-01-09 00:00:00+00:00,95048.8,95380.8,91188.3,92548.5,4039.2272138
2025-01-10 00:00:00+00:00,92548.4,95861.2,92219.0,94721.4,2796.59816315
2025-01-11 00:00:00+00:00,94717.6,95031.9,93854.4,94606.5,858.06358301
2025-01-12 00:00:00+00:00,94606.5,95446.7,93711.7,94539.8,837.6029347100537
2025-01-13 00:00:00+00:00,94539.7,95937.9,89221.0,94525.7,4033.26406134
2025-01-14 00:00:00+00:00,94525.8,97378.5,94341.3,96565.3,2467.60373955
2025-01-15 00:00:00+00:00,96565.4,100688.5,96495.2,100495.6,2385.57340184
2025-01-16 00:00:00+00:00,100495.6,100864.5,97347.0,99986.3,2122.53244251
2025-01-17 00:00:00+00:00,99986.3,105835.4,99944.8,104076.3,2691.79727512
2025-01-18 00:00:00+00:00,104076.4,104990.0,102275.0,104550.6,1927.50202896
2025-01-19 00:00:00+00:00,104550.6,106443.4,99599.9,101317.1,3495.00205225
2025-01-20 00:00:00+00:00,101327.2,109699.6,99541.0,102265.0,6392.33912214
2025-01-21 00:00:00+00:00,102259.4,107275.7,100100.0,106140.2,3428.4690276
2025-01-22 00:00:00+00:00,106140.2,106382.9,103337.1,103704.0,1857.59810567
2025-01-23 00:00:00+00:00,103710.2,106845.6,101261.4,103907.0,5567.50458795
2025-01-24 00:00:00+00:00,103907.1,107113.6,102751.3,104857.2,2229.52320575
2025-01-25 00:00:00+00:00,104857.2,105287.2,104116.8,104740.1,1067.48652921
2025-01-26 00:00:00+00:00,104741.7,105511.9,102511.8,102617.4,876.70195799
2025-01-27 00:00:00+00:00,102606.7,103272.8,97778.8,102083.3,4766.84840827
2025-01-28 00:00:00+00:00,102071.6,103789.3,100277.7,101336.8,2133.94324915
2025-01-29 00:00:00+00:00,101335.3,104791.7,101322.6,103736.1,2298.73691235
2025-01-30 00:00:00+00:00,103742.0,106447.3,103266.6,104719.2,1714.9244639855967
2025-01-31 00:00:00+00:00,104719.3,106031.2,101566.5,102436.3,1830.9636608944988
2025-02-01 00:00:00+00:00,102438.4,102787.1,100277.1,100632.5,1422.4940270969264
2025-02-02 00:00:00+00:00,100632.6,101458.5,96136.3,97693.9,3520.10174101
2025-02-03 00:00:00+00:00,97686.0,102473.1,90200.0,101351.0,7118.51150018
2025-02-04 00:00:00+00:00,101351.0,101719.8,96142.6,97774.5,3446.22639797
2025-02-05 00:00:00+00:00,97768.5,99208.4,96152.8,96616.6,1829.40765657
2025-02-06 00:00:00+00:00,96606.9,99119.7,95700.0,96555.7,2008.6694399
2025-02-07 00:00:00+00:00,96555.8,100132.5,95609.8,96511.4,2382.1199234028563
2025-02-08 00:00:00+00:00,96511.4,96877.8,95670.7,96447.2,783.9095977
2025-02-09 00:00:00+00:00,96447.2,97317.0,94720.3,96467.7,1234.83324985
2025-02-10 00:00:00+00:00,96467.7,98334.3,95269.5,97433.3,1590.85209884
2025-02-11 00:00:00+00:00,97433.4,98475.0,94867.8,95780.0,1848.1421812
2025-02-12 00:00:00+00:00,95780.1,98101.0,94073.7,97861.7,2108.21713458
2025-02-13 00:00:00+00:00,97861.7,98082.1,95208.4,96611.4,1452.96506066
2025-02-14 00:00:00+00:00,96611.4,98829.0,96274.5,97491.2,1691.37360435
2025-02-15 00:00:00+00:00,97491.1,97977.2,97220.1,97576.0,808.73877047
2025-02-16 00:00:00+00:00,97576.0,97710.8,96048.7,96123.4,768.96907433
2025-02-17 00:00:00+00:00,96123.3,97026.9,95203.2,95770.2,1374.93358416
2025-02-18 00:00:00+00:00,95770.2,96748.5,93383.2,95656.7,1923.38882848
2025-02-19 00:00:00+00:00,95650.0,96893.1,95043.2,96643.8,1384.37545503
2025-02-20 00:00:00+00:00,96643.7,98725.8,96412.7,98300.1,1571.27395669
2025-02-21 00:00:00+00:00,98300.0,99477.7,94881.4,96179.1,2613.1413414
2025-02-22 00:00:00+00:00,96179.1,96998.9,95775.6,96551.1,794.7064832
2025-02-23 00:00:00+00:00,96551.2,96650.0,95250.0,96257.7,751.46152186
2025-02-24 00:00:00+00:00,96257.8,96500.1,91347.5,91565.0,2351.39755092
2025-02-25 00:00:00+00:00,91548.9,92548.3,86053.9,88679.8,6353.98654618
2025-02-26 00:00:00+00:00,88679.9,89404.5,82204.1,84242.6,4685.92091907
2025-02-27 00:00:00+00:00,84242.7,87079.7,82714.5,84713.6,3923.220917
2025-02-28 00:00:00+00:00,84713.7,85113.6,78252.1,84337.8,6725.46469611
2025-03-01 00:00:00+00:00,84347.5,86549.9,83823.6,86061.6,1543.28537069
2025-03-02 00:00:00+00:00,86061.6,95000.0,85059.4,94265.1,3603.20544448
2025-03-03 00:00:00+00:00,94265.1,94414.6,85118.3,86215.2,3892.31873501
2025-03-04 00:00:00+00:00,86220.7,88950.0,81505.0,87279.5,4379.33772084
2025-03-05 00:00:00+00:00,87278.7,91047.3,86368.9,90610.9,2738.57685636
2025-03-06 00:00:00+00:00,90610.9,92811.0,87838.3,89913.1,2954.98552402
2025-03-07 00:00:00+00:00,89913.0,91285.1,84666.8,86793.9,4395.15294781
2025-03-08 00:00:00+00:00,86793.9,86897.1,85200.1,86222.8,945.69006032
2025-03-09 00:00:00+00:00,86222.9,86500.0,79980.3,80730.5,2123.10438637
2025-03-10 00:00:00+00:00,80730.7,84069.6,77460.0,78596.3,3841.31120591
2025-03-11 00:00:00+00:00,78601.2,83622.7,76604.0,82933.7,3097.95072492
2025-03-12 00:00:00+00:00,82933.7,84515.2,80616.6,83674.8,2839.0022261
2025-03-13 00:00:00+00:00,83667.0,84332.7,79940.1,81112.5,1876.90083033
2025-03-14 00:00:00+00:00,81123.7,85313.3,80824.1,83977.7,1522.87701955
2025-03-15 00:00:00+00:00,83977.7,84666.4,83625.0,84337.3,619.973298
2025-03-16 00:00:00+00:00,84337.4,85165.9,81957.0,82579.1,1475.55746036
2025-03-17 00:00:00+00:00,82582.8,84758.7,82443.2,84009.8,1893.02429944
2025-03-18 00:00:00+00:00,84009.8,84012.5,80933.4,82711.9,2050.88903784
2025-03-19 00:00:00+00:00,82711.9,87006.4,82551.6,86842.4,2675.75008772
2025-03-20 00:00:00+00:00,86844.5,87450.4,83648.7,84208.5,2327.7753716
2025-03-21 00:00:00+00:00,84208.5,84840.1,83168.2,84077.8,1308.68075533
2025-03-22 00:00:00+00:00,84089.4,84533.8,83650.1,83845.8,470.59338127
2025-03-23 00:00:00+00:00,83845.9,86133.3,83805.0,86087.7,683.50478751
2025-03-24 00:00:00+00:00,86087.6,88765.7,85521.0,87497.9,1940.5248798
2025-03-25 00:00:00+00:00,87500.1,88548.9,86301.5,87408.1,2121.25582882
2025-03-26 00:00:00+00:00,87408.0,88282.8,85851.3,86901.0,1611.66722036
2025-03-27 00:00:00+00:00,86910.2,87751.5,85799.6,87228.3,1545.89231622
2025-03-28 00:00:00+00:00,87228.3,87508.8,83585.4,84418.3,2237.33229607
2025-03-29 00:00:00+00:00,84418.4,84617.0,81651.5,82647.7,1597.63001415
2025-03-30 00:00:00+00:00,82647.6,83532.0,81553.5,82379.7,1406.95780174
2025-03-31 00:00:00+00:00,82392.8,83920.0,81285.8,82544.8,2201.6551291
2025-04-01 00:00:00+00:00,82544.9,85558.3,82427.8,85152.1,1860.3855275988649
2025-04-02 00:00:00+00:00,85152.2,88500.0,82329.8,82513.4,3979.04974442
2025-04-03 00:00:00+00:00,82513.5,83927.4,81203.2,83194.0,2552.62840212
2025-04-04 00:00:00+00:00,83204.4,84720.6,81655.3,83887.5,2986.54344142
2025-04-05 00:00:00+00:00,83887.6,84262.0,82388.1,83522.6,853.93529108
2025-04-06 00:00:00+00:00,83529.6,83793.3,77152.0,78419.6,2763.40127916
2025-04-07 00:00:00+00:00,78447.9,81218.1,74505.1,79169.3,7408.52090788
2025-04-08 00:00:00+00:00,79163.1,80870.6,76235.9,76315.1,3404.27143896
2025-04-09 00:00:00+00:00,76324.2,83581.7,74625.2,82603.3,6934.69543567
2025-04-10 00:00:00+00:00,82603.4,82735.5,78471.7,79602.9,3299.30983389
2025-04-11 00:00:00+00:00,79602.8,84304.9,78954.4,83415.8,4347.4051626
2025-04-12 00:00:00+00:00,83415.8,85906.4,82800.0,85269.8,2105.14910127
2025-04-13 00:00:00+00:00,85269.8,86113.7,83041.1,83756.8,2886.75715577
2025-04-14 00:00:00+00:00,83762.1,85795.6,83670.2,84590.8,2947.1413536
2025-04-15 00:00:00+00:00,84590.9,86459.9,83602.3,83642.8,2672.20132165
2025-04-16 00:00:00+00:00,83642.8,85547.0,83111.2,84029.0,2498.14111981
2025-04-17 00:00:00+00:00,84029.0,85470.1,83729.4,84952.6,1558.80882939
2025-04-18 00:00:00+00:00,84952.6,85139.6,84311.0,84465.5,571.64003184
2025-04-19 00:00:00+00:00,84465.2,85670.6,84359.7,85079.3,760.29661717
2025-04-20 00:00:00+00:00,85079.3,85320.0,83950.5,85188.9,696.34214843
2025-04-21 00:00:00+00:00,85189.0,88469.0,85140.6,87518.5,2304.63585726
2025-04-22 00:00:00+00:00,87518.6,93982.2,87071.6,93443.6,2805.9745318
2025-04-23 00:00:00+00:00,93443.5,94713.4,91946.9,93690.3,2656.28952214
2025-04-24 00:00:00+00:00,93690.3,93999.0,91675.8,93976.8,1538.06852821
2025-04-25 00:00:00+00:00,93976.9,95790.0,92851.2,94638.2,1871.91029805
2025-04-26 00:00:00+00:00,94638.2,95190.6,93877.3,94623.8,765.48409786
2025-04-27 00:00:00+00:00,94624.1,95316.5,93608.7,93744.0,1014.33339572
2025-04-28 00:00:00+00:00,93743.9,95592.4,92800.1,95013.2,2789.46608486
2025-04-29 00:00:00+00:00,95013.3,95456.7,93736.7,94256.3,1771.49005232
2025-04-30 00:00:00+00:00,94256.2,95220.0,92911.9,94181.8,1527.88381032
2025-05-01 00:00:00+00:00,94177.4,97434.3,94136.9,96485.4,1687.84908257
2025-05-02 00:00:00+00:00,96485.5,97889.0,96348.2,96888.1,1176.98701772
2025-05-03 00:00:00+00:00,96888.2,96926.9,95752.0,95854.5,640.33257572
2025-05-04 00:00:00+00:00,95854.4,96306.4,94159.4,94280.5,807.74232395
2025-05-05 00:00:00+00:00,94280.6,95200.0,93513.1,94733.8,1368.00043824
2025-05-06 00:00:00+00:00,94733.7,96923.4,93377.8,96830.3,1520.43960425
2025-05-07 00:00:00+00:00,96838.1,97726.2,95771.5,97022.2,1600.33889484
2025-05-08 00:00:00+00:00,97022.3,104154.0,96882.9,103259.2,2948.44187477
2025-05-09 00:00:00+00:00,103259.2,104352.0,102326.0,102974.0,2742.70138093
2025-05-10 00:00:00+00:00,102973.9,104999.1,102814.7,104810.8,1746.19049303
2025-05-11 00:00:00+00:00,104810.7,104968.8,103339.2,104100.4,2002.04903061
2025-05-12 00:00:00+00:00,104107.1,105800.0,100739.3,102787.8,3540.52126805
2025-05-13 00:00:00+00:00,102787.7,104972.6,101440.1,104124.7,2362.16146783
2025-05-14 00:00:00+00:00,104112.3,104346.0,102605.2,103505.6,1577.14909163
2025-05-15 00:00:00+00:00,103505.7,104196.4,101384.9,103764.4,2096.94299092
2025-05-16 00:00:00+00:00,103764.5,104551.8,103109.7,103462.0,1242.05848023
2025-05-17 00:00:00+00:00,103462.1,103699.9,102602.1,103126.0,1128.6963312
2025-05-18 00:00:00+00:00,103126.0,106648.1,103097.5,106440.7,1690.37960455
2025-05-19 00:00:00+00:00,106442.9,107105.7,102072.3,105578.9,2620.5098910854745
2025-05-20 00:00:00+00:00,105578.9,107300.0,104177.7,106848.1,2158.42074796
2025-05-21 00:00:00+00:00,106848.2,110752.6,106084.0,109649.5,3795.92338983
2025-05-22 00:00:00+00:00,109641.0,111972.4,109193.7,111697.0,4487.84193815
2025-05-23 00:00:00+00:00,111697.1,111792.0,106799.8,107327.3,3461.40288433
2025-05-24 00:00:00+00:00,107327.2,109485.3,106877.3,107754.6,1552.02621543
2025-05-25 00:00:00+00:00,107754.6,109304.0,106599.1,109011.1,1979.97210487
2025-05-26 00:00:00+00:00,108999.1,110420.8,108666.7,109454.9,1640.90994761
2025-05-27 00:00:00+00:00,109435.3,110716.1,107500.0,108934.8,2267.86616932
2025-05-28 00:00:00+00:00,108934.8,109275.5,106800.0,107775.6,1568.46326314
2025-05-29 00:00:00+00:00,107775.7,108884.4,105320.3,105579.3,2496.56563571
2025-05-30 00:00:00+00:00,105588.8,106306.6,103620.1,103994.5,2712.37407936
2025-05-31 00:00:00+00:00,103994.3,104899.9,103080.0,104593.4,1268.63555477
2025-06-01 00:00:00+00:00,104593.4,105860.0,103762.4,105644.2,1024.37713541
2025-06-02 00:00:00+00:00,105644.3,105938.2,103670.3,105841.8,1735.22106503
2025-06-03 00:00:00+00:00,105861.7,106790.0,104873.7,105365.6,1530.07096043
2025-06-04 00:00:00+00:00,105376.0,105992.9,104179.7,104689.1,1430.85308941
2025-06-05 00:00:00+00:00,104689.2,105911.7,100386.6,101509.1,2753.79885314
2025-06-06 00:00:00+00:00,101509.2,105330.7,101082.2,104301.6,1716.95566706
2025-06-07 00:00:00+00:00,104301.7,105912.2,103876.0,105553.1,869.30425816
2025-06-08 00:00:00+00:00,105553.1,106491.7,104980.1,105735.7,754.79013359
2025-06-09 00:00:00+00:00,105735.7,110577.4,105335.6,110270.0,2360.18969704
2025-06-10 00:00:00+00:00,110270.0,110388.0,108335.9,110276.0,2027.30492525
2025-06-11 00:00:00+00:00,110276.1,110356.1,108039.8,108656.4,2102.43612805
2025-06-12 00:00:00+00:00,108644.6,108819.7,105669.0,105676.3,2716.17362499
2025-06-13 00:00:00+00:00,105669.0,106181.9,102656.1,106076.2,4527.14060839
2025-06-14 00:00:00+00:00,106070.1,106214.3,104300.6,105412.3,1333.6190934
2025-06-15 00:00:00+00:00,105412.4,106123.0,104458.6,105581.6,1158.33411312
2025-06-16 00:00:00+00:00,105581.7,108945.7,104970.6,106788.8,2101.60382288
2025-06-17 00:00:00+00:00,106788.7,107749.4,103369.1,104552.5,2617.91537905
2025-06-18 00:00:00+00:00,104552.6,105550.6,103496.2,104893.8,1870.99580405
2025-06-19 00:00:00+00:00,104893.8,105235.2,103921.4,104658.0,1308.33091993
2025-06-20 00:00:00+00:00,104655.5,106521.6,102302.0,103288.0,2245.13794924
2025-06-21 00:00:00+00:00,103290.0,103987.2,100883.8,102128.0,2251.20383103
2025-06-22 00:00:00+00:00,102128.2,103392.7,98178.5,100980.2,5081.07008521
2025-06-23 00:00:00+00:00,100967.8,106072.2,99627.1,105345.3,4071.21486525
2025-06-24 00:00:00+00:00,105332.4,106278.9,104629.6,106091.3,2524.87247179
2025-06-25 00:00:00+00:00,106091.3,108131.5,105811.4,107338.0,2194.55099701
2025-06-26 00:00:00+00:00,107338.0,108283.2,106550.1,106953.2,2056.43618161
2025-06-27 00:00:00+00:00,106963.6,107733.8,106382.6,107046.4,2098.07550457
2025-06-28 00:00:00+00:00,107046.4,107542.6,106819.6,107293.3,679.94971508
2025-06-29 00:00:00+00:00,107293.4,108503.6,107166.4,108357.5,1166.18567697
2025-06-30 00:00:00+00:00,108357.6,108778.3,106692.5,107145.6,1784.84249941
2025-07-01 00:00:00+00:00,107135.9,107535.1,105256.4,105686.5,1986.41365173
2025-07-02 00:00:00+00:00,105686.5,109727.7,105100.0,108833.8,3049.86615444
2025-07-03 00:00:00+00:00,108833.8,110510.0,108531.4,109593.2,2891.75877506
2025-07-04 00:00:00+00:00,109593.3,109766.7,107258.5,107984.7,2039.50848963
2025-07-05 00:00:00+00:00,107984.7,108410.0,107752.3,108200.4,797.90465451
2025-07-06 00:00:00+00:00,108200.5,109695.4,107814.0,109203.7,1493.10305863
2025-07-07 00:00:00+00:00,109203.8,109703.8,107516.7,108269.9,2362.91448076
2025-07-08 00:00:00+00:00,108269.8,109214.5,107443.3,108922.7,2214.05574856
2025-07-09 00:00:00+00:00,108922.7,112000.0,108334.7,111233.8,3186.27859844
2025-07-10 00:00:00+00:00,111233.9,117396.2,110506.8,115998.3,4097.09235188
2025-07-11 00:00:00+00:00,115998.3,118844.1,115198.4,117524.6,5032.06839035
2025-07-12 00:00:00+00:00,117524.6,118186.6,116913.4,117414.1,2629.14381044
2025-07-13 00:00:00+00:00,117414.1,119468.9,117212.0,119073.7,2733.31899968
2025-07-14 00:00:00+00:00,119073.8,123288.0,118895.5,119830.9,4748.41577528
2025-07-15 00:00:00+00:00,119830.9,119926.5,115603.9,117766.8,5672.073723023383
2025-07-16 00:00:00+00:00,117766.8,120065.5,117017.6,118641.9,3644.25931735
2025-07-17 00:00:00+00:00,118642.0,120963.1,117459.1,119176.7,4410.8784865
2025-07-18 00:00:00+00:00,119176.7,120830.7,116813.3,117919.8,3856.83279581
2025-07-19 00:00:00+00:00,117919.8,118493.2,117278.1,117848.3,1596.93890103
2025-07-20 00:00:00+00:00,117848.3,118850.0,116467.7,117263.9,2329.21968431
2025-07-21 00:00:00+00:00,117263.9,119647.5,116529.5,117381.0,3215.18750569
2025-07-22 00:00:00+00:00,117381.1,120235.8,116109.0,119953.4,3324.25060294
2025-07-23 00:00:00+00:00,119953.4,120099.6,117314.2,118747.2,2790.57679457
2025-07-24 00:00:00+00:00,118747.3,119464.3,117110.2,118325.0,2856.95371125
2025-07-25 00:00:00+00:00,118330.0,118445.0,114735.0,117619.2,5330.50378134
2025-07-26 00:00:00+00:00,117612.1,118299.3,117137.5,117915.0,1455.80753501
2025-07-27 00:00:00+00:00,117917.2,119752.2,117829.8,119411.2,2205.9901848
2025-07-28 00:00:00+00:00,119414.6,119795.0,117412.8,118055.1,2203.66178887
2025-07-29 00:00:00+00:00,118055.1,119264.0,116960.9,117935.0,2400.11504758
2025-07-30 00:00:00+00:00,117935.0,118770.5,115781.7,117839.2,2594.38967741
2025-07-31 00:00:00+00:00,117839.1,118908.3,115486.9,115770.2,2246.32521494
2025-08-01 00:00:00+00:00,115770.1,116057.0,112730.9,113298.7,4307.90079231
2025-08-02 00:00:00+00:00,113298.7,114050.4,111988.6,112547.1,1898.0273571
2025-08-03 00:00:00+00:00,112555.6,114776.5,111918.6,114204.1,1593.64742512
2025-08-04 00:00:00+00:00,114204.1,115717.7,114109.2,115055.8,2536.43998038135
2025-08-05 00:00:00+00:00,115055.8,115109.1,112653.8,114129.6,3067.18828857
2025-08-06 00:00:00+00:00,114129.7,115698.3,113355.0,114979.7,1841.86644749
2025-08-07 00:00:00+00:00,114979.7,117620.4,114262.3,117458.7,2151.14768486
2025-08-08 00:00:00+00:00,117458.7,117631.2,115890.9,116667.3,3253.98376638
2025-08-09 00:00:00+00:00,116667.3,117919.5,116344.3,116464.2,2424.6293443
2025-08-10 00:00:00+00:00,116464.2,119310.1,116462.1,119291.0,3032.41442898
2025-08-11 00:00:00+00:00,119291.0,122298.7,118083.0,118688.6,3817.97350006
2025-08-12 00:00:00+00:00,118688.6,120308.5,118222.6,120119.1,4251.0836512
2025-08-13 00:00:00+00:00,120119.1,123651.4,118937.8,123293.4,4825.85010467
2025-08-14 00:00:00+00:00,123293.4,124447.7,117110.6,118293.4,6465.8987859
2025-08-15 00:00:00+00:00,118293.5,119210.5,116763.4,117336.0,4683.21009061
2025-08-16 00:00:00+00:00,117336.0,117894.4,117136.0,117383.0,2218.30055342
2025-08-17 00:00:00+00:00,117382.3,118574.3,117178.6,117404.3,1962.40098988
2025-08-18 00:00:00+00:00,117404.3,117535.9,114658.9,116228.4,4538.35632972
2025-08-19 00:00:00+00:00,116228.5,116717.3,112744.3,112880.0,4650.60577643
2025-08-20 00:00:00+00:00,112879.9,114607.1,112380.5,114256.9,4771.36852007
2025-08-21 00:00:00+00:00,114256.9,114803.0,112013.0,112496.5,3977.45254608
2025-08-22 00:00:00+00:00,112496.5,117399.6,111687.0,116921.6,5057.07779722
2025-08-23 00:00:00+00:00,116921.6,117014.4,114569.6,115413.6,2477.14916917
2025-08-24 00:00:00+00:00,115413.5,115662.4,110547.1,113463.6,4213.56980103
2025-08-25 00:00:00+00:00,113463.6,113662.0,109274.0,110112.8,9121.12539412
2025-08-26 00:00:00+00:00,110112.9,112376.9,108680.0,111764.6,5805.37627135
2025-08-27 00:00:00+00:00,111764.6,112618.8,110363.9,111259.3,5246.34662112
2025-08-28 00:00:00+00:00,111259.2,113466.8,110877.9,112572.6,4027.94666606
2025-08-29 00:00:00+00:00,112572.7,112635.1,107465.7,108366.0,4375.74953797
2025-08-30 00:00:00+00:00,108366.1,108918.8,107342.4,108806.2,1312.47451127
2025-08-31 00:00:00+00:00,108806.2,109478.8,108073.4,108244.9,1595.25557768
2025-09-01 00:00:00+00:00,108244.9,109900.0,107260.0,109237.4,2955.462140808042
2025-09-02 00:00:00+00:00,109237.4,111766.5,108394.0,111228.1,3465.3390086
2025-09-03 00:00:00+00:00,111228.1,112575.3,110539.5,111700.0,2309.94480538
2025-09-04 00:00:00+00:00,111700.1,112180.1,109329.8,110723.4,2175.70455737
2025-09-05 00:00:00+00:00,110725.2,113382.4,110219.5,110654.1,2847.09954806
2025-09-06 00:00:00+00:00,110660.1,111302.4,109970.8,110181.2,711.56496998
2025-09-07 00:00:00+00:00,110181.2,111591.7,110181.2,111137.9,907.73587154
2025-09-08 00:00:00+00:00,111137.7,112909.4,110626.0,112069.4,1721.95107054
2025-09-09 00:00:00+00:00,112069.4,113274.4,110767.3,111531.4,2362.47595911
2025-09-10 00:00:00+00:00,111539.0,114274.3,110925.9,113954.9,2123.80548945
2025-09-11 00:00:00+00:00,113955.0,115469.1,113430.1,115469.0,1574.42764099
2025-09-12 00:00:00+00:00,115469.0,116659.2,114691.3,116026.0,1783.71771087
2025-09-13 00:00:00+00:00,116026.0,116288.3,115104.6,115909.9,855.47224195
2025-09-14 00:00:00+00:00,115909.9,116165.3,115140.6,115279.6,817.35411102
2025-09-15 00:00:00+00:00,115279.3,116750.9,114392.0,115356.3,1435.32338799
2025-09-16 00:00:00+00:00,115356.4,116943.0,114717.5,116789.0,1145.14893904
2025-09-17 00:00:00+00:00,116789.1,117279.1,114735.0,116444.3,1751.46870074
2025-09-18 00:00:00+00:00,116444.3,117900.8,116092.9,117075.1,1341.53180522
2025-09-19 00:00:00+00:00,117075.1,117458.6,115100.0,115632.3,990.04524217
2025-09-20 00:00:00+00:00,115632.3,116118.4,115411.0,115678.2,377.17529891
2025-09-21 00:00:00+00:00,115678.3,115820.6,115200.0,115235.0,446.8363985337133
2025-09-22 00:00:00+00:00,115245.3,115379.3,111655.9,112659.0,2935.92521688
2025-09-23 00:00:00+00:00,112659.1,113290.3,111463.5,111998.8,3447.90785401
2025-09-24 00:00:00+00:00,111998.9,113939.5,111034.6,113302.7,2486.18112783
2025-09-25 00:00:00+00:00,113304.0,113509.4,108621.9,109006.8,4224.302685663832
2025-09-26 00:00:00+00:00,108994.4,110294.9,108626.4,109649.5,4317.69352978
2025-09-27 00:00:00+00:00,109649.6,109734.3,109072.1,109632.0,850.45416633
2025-09-28 00:00:00+00:00,109632.1,112363.4,109201.0,112164.7,1567.74146648
2025-09-29 00:00:00+00:00,112164.7,114400.0,111567.9,114312.8,3388.76364489
2025-09-30 00:00:00+00:00,114312.8,114781.5,112668.8,114052.4,3574.25172189
2025-10-01 00:00:00+00:00,114052.4,118628.2,113967.0,118579.9,4236.28321541
2025-10-02 00:00:00+00:00,118579.9,121004.7,118274.0,120528.6,4569.65003828
2025-10-03 00:00:00+00:00,120528.6,123870.3,119244.5,122222.1,5716.89841629
2025-10-04 00:00:00+00:00,122236.3,122793.2,121515.4,122381.3,2700.54854242
2025-10-05 00:00:00+00:00,122381.3,125734.0,122150.4,123482.4,5260.831273122166
2025-10-06 00:00:00+00:00,123484.5,126185.4,123103.0,124649.8,5539.00545869
2025-10-07 00:00:00+00:00,124658.7,125125.0,120591.8,121343.4,5339.02266045
2025-10-08 00:00:00+00:00,121343.4,124206.2,121072.3,123304.8,6806.00040658
2025-10-09 00:00:00+00:00,123304.8,123749.9,119661.4,121651.2,5972.21428759
2025-10-10 00:00:00+00:00,121651.2,122515.7,102500.0,112778.9,12779.04931049
2025-10-11 00:00:00+00:00,112759.4,113315.7,109569.3,110649.7,8789.07162969
2025-10-12 00:00:00+00:00,110649.7,115751.6,109578.3,114956.2,7864.18627781
2025-10-13 00:00:00+00:00,114956.3,115968.8,113616.8,115166.4,6889.17513794
2025-10-14 00:00:00+00:00,115166.4,115409.9,109868.0,113030.0,9225.10877559
2025-10-15 00:00:00+00:00,113033.3,113601.2,110170.9,110750.1,7082.1948082
2025-10-16 00:00:00+00:00,110754.7,111993.2,107430.7,108200.9,8833.185516465986
2025-10-17 00:00:00+00:00,108196.3,109233.0,103500.0,106445.1,8793.34484742
2025-10-18 00:00:00+00:00,106445.2,107491.4,106326.1,107185.7,2841.84141574
2025-10-19 00:00:00+00:00,107185.6,109445.9,106119.5,108648.0,3601.5194183882454
2025-10-20 00:00:00+00:00,108648.0,111695.3,107432.0,110535.9,4800.32810799
2025-10-21 00:00:00+00:00,110535.9,113975.0,107465.9,108323.6,6043.8043407
2025-10-22 00:00:00+00:00,108312.5,109158.5,106667.3,107586.5,5886.67345211
2025-10-23 00:00:00+00:00,107579.2,111304.0,107503.6,110068.6,3506.08232146
2025-10-24 00:00:00+00:00,110068.7,112132.3,109703.5,111000.4,3202.1233370500468
2025-10-25 00:00:00+00:00,111000.4,111929.7,110673.5,111652.7,1147.8254670202282
2025-10-26 00:00:00+00:00,111652.8,115523.3,111269.1,114551.4,1958.06796373
2025-10-27 00:00:00+00:00,114551.5,116395.7,113850.9,114107.7,2391.89292859
2025-10-28 00:00:00+00:00,114107.7,116104.5,112209.8,112900.6,3144.55638585
2025-10-29 00:00:00+00:00,112900.6,113625.5,109228.4,110031.0,3748.1046994444223
2025-10-30 00:00:00+00:00,110031.1,111613.2,106314.3,108314.4,4673.13887922
2025-10-31 00:00:00+00:00,108314.5,111159.1,108284.0,109599.9,3801.08844029
2025-11-01 00:00:00+00:00,109599.9,110558.8,109386.6,110096.9,987.0453072
2025-11-02 00:00:00+00:00,110097.0,111235.0,109484.0,110548.2,1627.0224665296705
2025-11-03 00:00:00+00:00,110548.2,110749.1,105306.1,106580.8,5572.73949927
2025-11-04 00:00:00+00:00,106580.8,107288.5,98935.0,101488.5,9573.34228339
2025-11-05 00:00:00+00:00,101493.7,104557.0,98965.5,103895.8,6855.68112802
2025-11-06 00:00:00+00:00,103889.7,104203.0,100300.0,101348.6,6442.41446435
2025-11-07 00:00:00+00:00,101348.6,104082.1,99264.6,103342.3,6783.494771756316
2025-11-08 00:00:00+00:00,103342.3,103412.1,101464.8,102319.5,2611.93843533
2025-11-09 00:00:00+00:00,102319.4,105487.1,101400.0,104730.7,2111.08901809
2025-11-10 00:00:00+00:00,104719.0,106665.5,104264.9,106004.5,5190.16517943
2025-11-11 00:00:00+00:00,106004.5,107499.5,102483.2,103068.9,12230.82503978
2025-11-12 00:00:00+00:00,103058.8,105325.9,100811.1,101651.0,12332.97512334
2025-11-13 00:00:00+00:00,101659.7,104054.3,98000.9,99696.1,15108.51308847
2025-11-14 00:00:00+00:00,99696.2,99869.6,94018.6,94594.6,12350.15520536
2025-11-15 00:00:00+00:00,94594.6,96812.0,94581.5,95593.2,7429.82115649
2025-11-16 00:00:00+00:00,95593.2,96627.8,92971.6,94256.6,7213.13195407
2025-11-17 00:00:00+00:00,94256.6,96033.1,91277.4,92207.6,9606.81471461
2025-11-18 00:00:00+00:00,92220.0,93846.2,89290.7,92962.9,10073.09672888
2025-11-19 00:00:00+00:00,92962.9,92995.6,88611.4,91557.3,9818.60716736
2025-11-20 00:00:00+00:00,91557.4,93147.4,86106.2,86634.0,10534.41021372
2025-11-21 00:00:00+00:00,86629.0,87492.8,80646.7,85132.2,16407.21122588
2025-11-22 00:00:00+00:00,85133.2,85607.0,83503.6,84744.0,9040.56158777
2025-11-23 00:00:00+00:00,84744.1,88131.7,84682.1,86838.4,8547.24278935
2025-11-24 00:00:00+00:00,86838.4,89218.9,85276.4,88302.4,11173.289744641941
2025-11-25 00:00:00+00:00,88302.5,88512.2,86126.0,87370.8,9229.94875696
2025-11-26 00:00:00+00:00,87370.8,90639.9,86310.1,90498.0,7569.83185029
2025-11-27 00:00:00+00:00,90497.0,91935.3,90103.6,91337.5,5377.61438163
2025-11-28 00:00:00+00:00,91337.4,93105.6,90203.0,90895.6,5815.96475506
2025-11-29 00:00:00+00:00,90895.7,91167.0,90170.9,90805.1,3069.6059896
2025-11-30 00:00:00+00:00,90805.1,91967.4,90353.0,90365.0,3230.1351927
2025-12-01 00:00:00+00:00,90360.6,90424.1,83827.0,86289.9,11212.874254702476
2025-12-02 00:00:00+00:00,86289.5,92296.7,86192.9,91277.8,9730.03370735
2025-12-03 00:00:00+00:00,91277.9,94152.7,91002.3,93435.9,10721.04017347
2025-12-04 00:00:00+00:00,93435.9,94072.2,90887.0,92077.9,9513.07717432
2025-12-05 00:00:00+00:00,92077.9,92688.2,88088.9,89334.5,8159.79730501
2025-12-06 00:00:00+00:00,89334.4,90280.4,88921.6,89227.5,5004.03904745
2025-12-07 00:00:00+00:00,89232.9,91753.3,87719.0,90395.3,6446.89148926
2025-12-08 00:00:00+00:00,90395.3,92286.5,89619.7,90634.4,7569.19432398
2025-12-09 00:00:00+00:00,90634.4,94586.1,89529.3,92691.1,7000.04010431
2025-12-10 00:00:00+00:00,92684.1,94476.5,91568.5,92019.6,5938.18815966
2025-12-11 00:00:00+00:00,92014.6,93558.1,89260.9,92512.8,6540.726935339915
2025-12-12 00:00:00+00:00,92513.1,92747.3,89485.6,90266.0,6119.43769048
2025-12-13 00:00:00+00:00,90266.1,90641.1,89749.8,90238.8,2296.6072925
2025-12-14 00:00:00+00:00,90238.7,90463.8,87539.4,88163.0,4401.46528678
2025-12-15 00:00:00+00:00,88171.0,90025.4,85147.5,86430.0,7150.13144419
2025-12-16 00:00:00+00:00,86430.0,88175.0,85273.9,87861.0,6479.84135422
2025-12-17 00:00:00+00:00,87861.0,90358.5,85314.1,86243.3,6247.48177216
2025-12-18 00:00:00+00:00,86243.3,89477.0,84461.0,85514.6,7697.02024514
2025-12-19 00:00:00+00:00,85514.6,89393.5,85118.6,88143.3,6729.110312410056
2025-12-20 00:00:00+00:00,88143.3,88568.6,87803.3,88363.3,1572.41367314
2025-12-21 00:00:00+00:00,88363.3,89076.4,87608.0,88650.0,3158.86719508
2025-12-22 00:00:00+00:00,88650.0,90585.7,87895.6,88609.9,5457.24024666
2025-12-23 00:00:00+00:00,88609.9,88936.7,86602.5,87490.4,3144.8939634
2025-12-24 00:00:00+00:00,87490.5,88051.3,86420.1,87670.1,3546.87452249
2025-12-25 00:00:00+00:00,87670.1,88592.6,86962.5,87235.1,2910.54522327
2025-12-26 00:00:00+00:00,87234.9,89557.9,86662.0,87368.7,3202.3282184
2025-12-27 00:00:00+00:00,87368.8,87982.1,87253.0,87883.5,513.28621931
2025-12-28 00:00:00+00:00,87877.6,88082.3,87444.4,87949.2,768.94015867
2025-12-29 00:00:00+00:00,87949.2,90397.9,86800.1,87240.0,2622.44657868
2025-12-30 00:00:00+00:00,87237.2,89400.0,86829.2,88497.2,3441.48355871
2025-12-31 00:00:00+00:00,88497.1,89199.5,87253.9,87638.5,2904.71973292
2026-01-01 00:00:00+00:00,87638.6,88918.4,87556.2,88832.6,1273.44830467
2026-01-02 00:00:00+00:00,88832.6,90957.6,88387.6,89995.0,5614.44195046
2026-01-03 00:00:00+00:00,89995.1,90736.6,89327.0,90633.9,3053.5227715501724
2026-01-04 00:00:00+00:00,90633.8,91807.2,90633.8,91540.1,2136.17101503
2026-01-05 00:00:00+00:00,91539.2,94798.0,91522.9,93880.8,6623.18989898
2026-01-06 00:00:00+00:00,93880.8,94445.0,91275.8,93748.0,7644.25929096269
2026-01-07 00:00:00+00:00,93748.0,93748.2,90677.4,91368.3,6084.366947326994
2026-01-08 00:00:00+00:00,91368.4,91791.5,89316.7,91105.2,6783.799183498592
2026-01-09 00:00:00+00:00,91105.3,92023.5,89700.4,90639.4,4578.92429985
2026-01-10 00:00:00+00:00,90639.4,90831.4,90406.2,90501.2,1131.98201305
2026-01-11 00:00:00+00:00,90501.2,91281.1,90236.3,91010.1,990.08690942
2026-01-12 00:00:00+00:00,91010.6,92519.4,90128.8,91296.5,5811.24289678
2026-01-13 00:00:00+00:00,91296.5,96666.0,91058.8,95413.3,4791.68811128
2026-01-14 00:00:00+00:00,95414.0,97958.2,94577.2,96945.7,5263.565730709551
2026-01-15 00:00:00+00:00,96945.8,97191.0,95136.7,95604.7,5753.88033343
2026-01-16 00:00:00+00:00,95604.8,95860.9,94287.9,95560.0,2737.8112309137778
2026-01-17 00:00:00+00:00,95551.4,95645.8,95038.1,95148.0,1098.61971477
2026-01-18 00:00:00+00:00,95148.1,95519.5,93617.4,93674.0,1701.3758086679866
2026-01-19 00:00:00+00:00,93673.9,93673.9,91926.0,92626.9,3415.34590406
2026-01-20 00:00:00+00:00,92626.8,92867.3,87900.0,88427.8,6065.19379415
2026-01-21 00:00:00+00:00,88427.8,90590.0,87267.2,89457.3,7245.23477719
2026-01-22 00:00:00+00:00,89457.4,90357.0,88516.3,89563.1,4641.28553631
2026-01-23 00:00:00+00:00,89554.1,91226.8,88578.5,89604.7,5267.584700486707
2026-01-24 00:00:00+00:00,89604.8,89936.7,89171.0,89234.1,1126.90743627
2026-01-25 00:00:00+00:00,89234.1,89321.7,86081.8,86670.4,3776.59442776
2026-01-26 00:00:00+00:00,86670.4,88865.6,86514.2,88347.1,5113.880845582007
2026-01-27 00:00:00+00:00,88347.2,89522.6,87300.0,89250.1,5780.577883320677
2026-01-28 00:00:00+00:00,89250.1,90600.9,88842.4,89288.4,6077.377873338804
2026-01-29 00:00:00+00:00,89300.0,89345.0,83383.2,84658.9,7584.713083781169
2026-01-30 00:00:00+00:00,84658.8,85442.0,81133.4,84260.5,10548.689529887355
2026-01-31 00:00:00+00:00,84260.5,84269.9,75702.8,78737.7,11766.542526166326
2026-02-01 00:00:00+00:00,78737.7,79417.7,75718.4,76971.6,15413.44806138
2026-02-02 00:00:00+00:00,76971.6,79361.7,74610.5,78735.9,17010.03263266
2026-02-03 00:00:00+00:00,78735.9,79189.7,72944.8,75777.0,14094.23889366
2026-02-04 00:00:00+00:00,75776.9,76971.5,71871.0,73165.8,13985.41060637
2026-02-05 00:00:00+00:00,73162.4,73333.4,62290.7,62909.9,25680.91509289
2026-02-06 00:00:00+00:00,62909.9,71750.0,60000.0,70580.3,18291.64592859
2026-02-07 00:00:00+00:00,70579.5,71690.9,67345.0,69289.4,10919.40382094
2026-02-08 00:00:00+00:00,69289.4,72272.8,68889.6,70330.4,4086.45658438
2026-02-09 00:00:00+00:00,70329.7,71440.0,68302.6,70136.0,11566.17983523
2026-02-10 00:00:00+00:00,70136.1,70521.6,67917.1,68841.9,10352.204721279277
2026-02-11 00:00:00+00:00,68841.8,69291.3,65757.5,67076.3,10397.4768513
2026-02-12 00:00:00+00:00,67087.0,68409.7,65117.5,66268.6,7723.88445218
2026-02-13 00:00:00+00:00,66271.5,69476.9,65874.2,68854.0,6756.10044964
2026-02-14 00:00:00+00:00,68854.0,70572.6,68731.7,69823.0,3154.77376501382
2026-02-15 00:00:00+00:00,69823.0,70973.6,68062.5,68820.1,5052.219701692239
2026-02-16 00:00:00+00:00,68831.9,70117.9,67297.3,68891.9,5197.82927300609
2026-02-17 00:00:00+00:00,68891.9,69240.3,66620.0,67502.7,6301.08681979
2026-02-18 00:00:00+00:00,67509.8,68469.7,65857.9,66461.0,5445.52929337
2026-02-19 00:00:00+00:00,66461.1,67315.7,65636.5,66998.1,5486.51456182
2026-02-20 00:00:00+00:00,67001.5,68313.3,66453.1,68020.0,5750.608742
2026-02-21 00:00:00+00:00,68019.5,68697.2,67538.3,67994.0,1533.9782485
2026-02-22 00:00:00+00:00,67980.2,68245.0,67190.0,67640.0,1424.04613433
2026-02-23 00:00:00+00:00,67640.0,67682.4,63877.1,64656.1,5224.94039321
2026-02-24 00:00:00+00:00,64656.1,65010.1,62505.6,64055.6,6235.792268609499
2026-02-25 00:00:00+00:00,64055.7,70000.0,63913.3,67986.9,6539.423857764676
2026-02-26 00:00:00+00:00,67985.5,68855.9,66503.0,67478.3,5063.44024575
2026-02-27 00:00:00+00:00,67485.1,68219.5,64926.2,65876.4,4711.66475235
2026-02-28 00:00:00+00:00,65872.3,67746.5,63031.1,66972.5,6236.559926923611
2026-03-01 00:00:00+00:00,66972.5,68190.9,65035.5,65768.5,6648.71416446
2026-03-02 00:00:00+00:00,65773.9,70100.1,65273.3,68822.0,7358.906022104265
2026-03-03 00:00:00+00:00,68827.3,69254.9,66155.4,68338.7,8223.554822263457
2026-03-04 00:00:00+00:00,68335.1,74053.9,67402.5,72669.2,8544.467510618404
2026-03-05 00:00:00+00:00,72669.2,73558.3,70652.3,70880.9,5246.674625950368
2026-03-06 00:00:00+00:00,70881.2,71409.8,67749.1,68119.4,5599.860095068921
2026-03-07 00:00:00+00:00,68119.4,68543.8,66930.0,67262.8,2131.4883803208245
2026-03-08 00:00:00+00:00,67262.9,68191.5,65625.3,65979.2,4285.914667826817
2026-03-09 00:00:00+00:00,65979.3,69527.3,65827.1,68438.6,6451.92378658
2026-03-10 00:00:00+00:00,68438.1,71765.9,68394.1,69958.4,6018.263634886595
2026-03-11 00:00:00+00:00,69951.5,71316.3,68982.0,70191.9,4646.06437369
2026-03-12 00:00:00+00:00,70201.0,70792.6,69214.0,70522.8,4198.840641470752
2026-03-13 00:00:00+00:00,70522.8,73900.1,70389.1,70936.2,5687.46783297
2026-03-14 00:00:00+00:00,70932.0,71295.1,70318.3,71208.3,1712.72937644
2026-03-15 00:00:00+00:00,71208.4,73194.5,70861.0,72815.3,2667.96808804
2026-03-16 00:00:00+00:00,72815.2,74914.3,72285.3,74883.8,5476.54501124
2026-03-17 00:00:00+00:00,74883.8,75999.0,73398.9,73899.8,4394.534794064164
2026-03-18 00:00:00+00:00,73909.4,74669.0,70500.0,71254.4,4053.46550982
2026-03-19 00:00:00+00:00,71254.5,71606.0,68782.1,69919.6,4232.41158264
2026-03-20 00:00:00+00:00,69926.3,71361.6,69396.1,70510.8,3785.75003373
2026-03-21 00:00:00+00:00,70510.8,71099.9,68573.0,68919.5,1306.6117302522155
2026-03-22 00:00:00+00:00,68924.8,69585.6,67356.4,67865.2,2791.71210386
2026-03-23 00:00:00+00:00,67865.2,71811.4,67445.8,70903.0,5984.65456983
2026-03-24 00:00:00+00:00,70903.0,71400.6,68901.0,70556.4,2463.7547782537113
2026-03-25 00:00:00+00:00,70556.5,72016.4,70413.8,71333.1,1981.5036986363805
2026-03-26 00:00:00+00:00,71329.1,71438.7,68157.2,68816.7,2222.72811751
2026-03-27 00:00:00+00:00,68820.6,69174.2,65554.1,66409.4,2601.5010653490554
2026-03-28 00:00:00+00:00,66409.4,67291.4,65928.2,66391.1,1281.83335793
2026-03-29 00:00:00+00:00,66384.4,67130.6,64997.2,66015.1,1650.4198200370313
2026-03-30 00:00:00+00:00,66017.1,68180.0,65801.5,66798.4,2844.94896543
2026-03-31 00:00:00+00:00,66798.8,68584.0,65987.0,68282.4,3703.68457106
2026-04-01 00:00:00+00:00,68280.1,69323.5,67593.7,68118.0,2349.6793718449717
2026-04-02 00:00:00+00:00,68118.0,68659.2,65722.2,66906.7,2581.63728005
2026-04-03 00:00:00+00:00,66906.8,67380.5,66279.1,66963.9,915.10493977
2026-04-04 00:00:00+00:00,66964.6,67551.6,66780.5,67302.4,524.9954337432213
2026-04-05 00:00:00+00:00,67302.5,69128.6,66613.4,69018.3,974.2945558248349
2026-04-06 00:00:00+00:00,69023.6,70343.5,68317.6,68851.0,1944.72053742
2026-04-07 00:00:00+00:00,68850.9,72753.8,67731.2,71924.5,2629.08762596
2026-04-08 00:00:00+00:00,71919.8,72858.1,70709.0,71075.4,1734.8289997107493
2026-04-09 00:00:00+00:00,71075.4,73142.9,70472.3,71809.3,1929.13146808
2026-04-10 00:00:00+00:00,71791.9,73445.8,71430.5,72956.9,1689.973046
2026-04-11 00:00:00+00:00,72957.0,73801.1,72519.1,73040.4,1137.17653981
2026-04-12 00:00:00+00:00,73040.4,73131.9,70505.3,70742.3,1768.2597557874988
2026-04-13 00:00:00+00:00,70742.4,74883.2,70571.2,74410.8,2641.7291605
2026-04-14 00:00:00+00:00,74410.8,76040.9,73810.9,74141.5,2299.032784975147
2026-04-15 00:00:00+00:00,74141.5,75426.7,73520.4,74810.8,1923.001902729367
2026-04-16 00:00:00+00:00,74817.2,75516.0,73311.3,75146.4,2074.17359415
2026-04-17 00:00:00+00:00,75146.5,78353.3,74541.7,77073.0,2775.975623385961
2026-04-18 00:00:00+00:00,77073.0,77414.9,75444.4,75697.7,1222.32442448
2026-04-19 00:00:00+00:00,75697.7,76245.8,73774.1,73801.3,1563.32780848
2026-04-20 00:00:00+00:00,73801.3,76563.8,73721.8,75844.3,2001.57640594
2026-04-21 00:00:00+00:00,75843.3,76916.0,74824.0,76325.6,2249.8607809172695
2026-04-22 00:00:00+00:00,76336.3,79467.4,76128.8,78181.0,2490.6812405229794
2026-04-23 00:00:00+00:00,78180.9,78664.9,76969.4,78250.7,2063.531969888018
2026-04-24 00:00:00+00:00,78250.6,78568.5,77272.1,77439.6,1689.9010333426327
2026-04-25 00:00:00+00:00,77439.5,77883.9,77147.1,77616.3,613.75983167
2026-04-26 00:00:00+00:00,77616.4,78938.4,77313.7,78639.1,1152.36252868
2026-04-27 00:00:00+00:00,78639.1,79468.9,76453.4,77369.3,1693.7619141065416
2026-04-28 00:00:00+00:00,77369.4,77474.9,75666.4,76334.7,1220.37423178
2026-04-29 00:00:00+00:00,76334.8,77894.6,74957.5,75783.4,1712.79589365
2026-04-30 00:00:00+00:00,75783.4,76663.8,75330.6,76336.1,1055.7002489746078
2026-05-01 00:00:00+00:00,76336.1,78916.2,76314.6,78229.8,1323.4830753958338
2026-05-02 00:00:00+00:00,78229.9,79149.8,78038.0,78686.5,668.3495728959894
2026-05-03 00:00:00+00:00,78686.5,79435.6,78082.4,78565.4,974.9194183586364
2026-05-04 00:00:00+00:00,78569.6,80764.6,78219.5,79861.3,2645.9117089047018
2026-05-05 00:00:00+00:00,79861.3,81801.1,79803.9,80918.6,1938.8949788526127
2026-05-06 00:00:00+00:00,80913.0,82839.8,80741.9,81448.0,1752.52789154
2026-05-07 00:00:00+00:00,81448.0,81699.0,79498.2,80003.8,1496.92189648
2026-05-08 00:00:00+00:00,80006.2,80505.0,79197.7,80196.7,1158.14042536
2026-05-09 00:00:00+00:00,80196.6,81080.4,80135.2,80689.8,620.20620653
2026-05-10 00:00:00+00:00,80679.4,82464.4,80285.5,82219.7,1034.3958425371306
2026-05-11 00:00:00+00:00,82210.3,82378.0,80461.2,81743.1,1248.72590304
2026-05-12 00:00:00+00:00,81743.1,81791.6,79855.8,80500.8,1114.7332000930862
2026-05-13 00:00:00+00:00,80500.8,81313.9,78771.9,79319.9,1110.4836936685035
2026-05-14 00:00:00+00:00,79323.3,82045.3,78927.7,81099.6,1466.444041698696
2026-05-15 00:00:00+00:00,81100.2,81663.5,78651.6,79105.8,1545.6778539522381
2026-05-16 00:00:00+00:00,79109.3,79228.0,77652.1,78140.8,833.1511473617977
2026-05-17 00:00:00+00:00,78140.8,78599.1,76719.5,77467.4,903.18204856
2026-05-18 00:00:00+00:00,77457.3,77792.9,76055.5,77008.9,1983.5447653467586
2026-05-19 00:00:00+00:00,77009.0,77411.0,76146.3,76835.2,1216.8234999157087
2026-05-20 00:00:00+00:00,76835.3,77850.0,76524.0,77552.2,1120.7057643471092
2026-05-21 00:00:00+00:00,77552.2,78201.9,76726.9,77625.7,1353.2354637582378
2026-05-22 00:00:00+00:00,77625.7,77899.0,75371.2,75542.3,1108.6897677572965
2026-05-23 00:00:00+00:00,75542.6,77399.6,74268.6,76746.8,1269.8567048735968
2026-05-24 00:00:00+00:00,76746.7,77530.3,76112.0,77059.0,847.7335893244032
2026-05-25 00:00:00+00:00,77059.9,77903.8,76920.8,77325.9,846.2932562082682
2026-05-26 00:00:00+00:00,77326.0,78075.9,75671.2,75932.5,1353.406548393544
2026-05-27 00:00:00+00:00,75932.5,76172.1,74246.0,74451.7,1477.48490711
2026-05-28 00:00:00+00:00,74451.6,74586.3,72594.9,73621.9,1941.11520109
2026-05-29 00:00:00+00:00,73621.0,74328.2,72514.1,73469.0,1643.42035086
2026-05-30 00:00:00+00:00,73469.0,74148.6,73216.6,73884.5,883.61947711
2026-05-31 00:00:00+00:00,73884.5,74272.2,73402.4,73678.0,743.0260030670694
2026-06-01 00:00:00+00:00,73678.0,74087.6,70684.6,71404.5,2342.0200015694827
2026-06-02 00:00:00+00:00,71404.5,71411.2,66202.8,66760.9,3366.606662993767
2026-06-03 00:00:00+00:00,66761.0,67514.4,64092.2,64150.0,3444.4451050142734
2026-06-04 00:00:00+00:00,64150.0,64766.5,61378.6,63887.0,4401.957856553536
2026-06-05 00:00:00+00:00,63886.9,63975.4,59136.7,61056.5,5692.31929957917
2026-06-06 00:00:00+00:00,61067.0,61525.8,59499.7,60899.3,1745.6992018224882
2026-06-07 00:00:00+00:00,60884.1,64271.9,60750.0,63329.8,1639.6286610299042
2026-06-08 00:00:00+00:00,63335.8,64207.8,62414.0,63080.4,1520.41318507
2026-06-09 00:00:00+00:00,63087.2,63525.7,60775.1,61727.2,1701.530300717231
2026-06-10 00:00:00+00:00,61727.2,62853.5,60727.3,61519.2,2141.4915628091885
2026-06-11 00:00:00+00:00,61519.0,63929.2,61519.0,63632.1,2155.975898879681
2026-06-12 00:00:00+00:00,63632.1,64392.7,62845.8,63582.5,1877.97563622
2026-06-13 00:00:00+00:00,63578.9,64773.0,63420.3,64453.7,1008.19258753
2026-06-14 00:00:00+00:00,64453.6,65804.9,63682.6,65750.3,1440.2690300065442
2026-06-15 00:00:00+00:00,65750.1,67298.4,65361.1,66323.2,1625.5086277182495
2026-06-16 00:00:00+00:00,66323.2,66991.0,65356.2,65679.8,1520.68249968
2026-06-17 00:00:00+00:00,65679.9,66436.2,63922.8,64513.1,2106.818586690944
2026-06-18 00:00:00+00:00,64508.8,64813.0,62271.3,62956.3,2141.3571052
2026-06-19 00:00:00+00:00,62956.4,63669.2,62310.4,63543.9,1579.63206984
2026-06-20 00:00:00+00:00,63543.9,64377.2,63191.0,64300.6,1126.9153877958206
2026-06-21 00:00:00+00:00,64296.1,64583.1,63273.2,63311.1,1046.6158943856913
2026-06-22 00:00:00+00:00,63315.3,65624.1,63315.3,64027.7,1869.5568259645017
2026-06-23 00:00:00+00:00,64024.1,64278.4,61933.3,62726.7,2035.255853
2026-06-24 00:00:00+00:00,62726.7,63237.7,59116.1,61079.1,3257.90229211786
2026-06-25 00:00:00+00:00,61081.6,61956.3,58121.0,59792.8,3072.0468843251706
2026-06-26 00:00:00+00:00,59796.7,60762.6,58337.0,60099.6,2405.33037667
2026-06-27 00:00:00+00:00,60099.7,60940.1,59858.2,60028.5,916.6320319303777
2026-06-28 00:00:00+00:00,60028.6,60549.5,58902.1,59578.6,1066.28964814
2026-06-29 00:00:00+00:00,59579.5,60775.2,58903.6,60258.4,2055.43008182
2026-06-30 00:00:00+00:00,60258.4,60275.8,58196.6,58631.5,1780.0857246
2026-07-01 00:00:00+00:00,58631.5,61323.2,57808.4,60020.1,2310.8403779859073
2026-07-02 00:00:00+00:00,60026.1,62201.4,59593.8,61558.6,1799.9073140454286
2026-07-03 00:00:00+00:00,61556.5,62960.0,61230.0,62584.5,1209.5123721607404
2026-07-04 00:00:00+00:00,62584.4,63462.7,62327.5,63142.2,932.88164451
2026-07-05 00:00:00+00:00,63142.3,63993.2,62437.1,63649.9,896.07014216
2026-07-06 00:00:00+00:00,63641.0,64701.0,61314.1,64039.1,1664.9833220446951
2026-07-07 00:00:00+00:00,64041.4,64313.8,62676.7,63361.9,1343.4617443384057
2026-07-08 00:00:00+00:00,63361.0,63758.0,61548.9,62290.4,1319.88653039
2026-07-09 00:00:00+00:00,62290.4,63492.7,61701.9,63229.6,1607.89175577
2026-07-10 00:00:00+00:00,63229.6,64695.9,62915.0,64160.0,1205.2353085
2026-07-11 00:00:00+00:00,64161.3,64511.9,63819.9,63822.0,624.62804025
2026-07-12 00:00:00+00:00,63821.0,64293.0,63641.2,63781.7,663.6648546088132
2026-07-13 00:00:00+00:00,63781.6,64426.0,61830.0,62336.8,1415.54760242
2026-07-14 00:00:00+00:00,62336.8,65100.0,62272.3,65030.3,1435.05276886
2026-07-15 00:00:00+00:00,65038.0,65597.3,64475.6,64749.2,1324.5250425662562
2026-07-16 00:00:00+00:00,64749.1,64998.5,63750.0,63833.5,1100.02653271
2026-07-17 00:00:00+00:00,63833.5,64390.1,62538.3,63929.5,1273.47310965
2026-07-18 00:00:00+00:00,63930.5,64872.6,63885.3,64833.9,654.0640829106715
2026-07-19 00:00:00+00:00,64837.0,64966.6,64279.3,64722.3,724.56097009
2026-07-20 00:00:00+00:00,64730.6,65795.1,63766.4,65258.2,1647.8786875547653
2026-07-21 00:00:00+00:00,65258.1,66956.2,65151.7,66555.8,1321.60432321
2026-07-22 00:00:00+00:00,66555.9,66734.0,65551.0,66121.1,1148.3906669782762
2026-07-23 00:00:00+00:00,66122.3,66313.0,64649.8,65095.7,1109.9849405874238
2026-07-24 00:00:00+00:00,65095.7,65799.9,63738.0,64138.2,1234.02440288
2026-07-25 00:00:00+00:00,64138.3,64443.4,63801.0,64368.2,452.83180968
2026-07-26 00:00:00+00:00,64368.3,65565.7,64285.7,65392.6,557.3664451375121
2026-07-27 00:00:00+00:00,65402.7,65737.6,63613.8,63763.8,991.555991017475
2026-07-28 00:00:00+00:00,63763.9,64090.8,62742.6,63933.1,1036.93870043
2026-07-29 00:00:00+00:00,63922.7,64725.9,63267.9,63979.7,1255.99139914
2026-07-30 00:00:00+00:00,63979.8,65166.7,63602.5,64775.6,990.54523967
2026-07-31 00:00:00+00:00,64777.4,65404.3,62465.5,62880.4,1084.12431548
2026-08-01 00:00:00+00:00,62880.5,63154.2,62273.7,62815.5,522.52937467
2026-08-02 00:00:00+00:00,62815.6,63787.9,62805.0,63566.0,555.3220419579293
2026-08-03 00:00:00+00:00,63566.0,64077.1,62294.1,63522.4,945.63993141
2026-08-04 00:00:00+00:00,63525.2,64538.4,63328.0,64104.6,1399.9637567368457
2026-08-05 00:00:00+00:00,64101.2,65026.5,63879.0,64659.1,1418.8672042284904
2026-08-06 00:00:00+00:00,64664.8,65011.7,64127.4,64326.2,1215.58202341
2026-08-07 00:00:00+00:00,64326.2,65384.9,64180.6,64919.1,1235.5193310952748
2026-08-08 00:00:00+00:00,64919.2,65187.0,64825.6,64956.3,366.39531457
2026-08-09 00:00:00+00:00,64956.4,65465.0,64728.6,64900.9,458.7106751576439
2026-08-10 00:00:00+00:00,64900.9,65388.0,63813.7,63976.0,811.48558797
2026-08-11 00:00:00+00:00,63976.1,64494.3,63237.4,63599.7,726.3199370996754
2026-08-12 00:00:00+00:00,63594.6,64473.3,63310.1,63486.9,1025.1320476992664
2026-08-13 00:00:00+00:00,63488.1,64004.3,62851.0,63482.7,1156.9330649327428
2026-08-14 00:00:00+00:00,63487.0,63621.9,62538.5,63044.1,710.26517505
2026-08-15 00:00:00+00:00,63044.1,63180.0,62911.9,63085.0,344.071712259798
2026-08-16 00:00:00+00:00,63085.0,63380.4,62715.9,62904.6,336.1273108829111
2026-08-17 00:00:00+00:00,62906.0,64612.5,62753.4,64531.9,1148.47911245
2026-08-18 00:00:00+00:00,64532.0,65050.0,64025.8,64725.3,705.77052266
2026-08-19 00:00:00+00:00,64725.4,70059.9,64167.6,69339.1,2140.601933374533
2026-08-20 00:00:00+00:00,69333.5,73400.0,68906.1,73022.7,2128.838112532468
2026-08-21 00:00:00+00:00,73023.1,79493.8,73023.1,78334.2,2806.201908523596
2026-08-22 00:00:00+00:00,78334.3,78816.1,76486.5,77067.6,1983.3760437395913
2026-08-23 00:00:00+00:00,77067.6,78054.6,75558.0,77729.5,1256.8864282803154
2026-08-24 00:00:00+00:00,77730.5,80000.0,76674.1,78982.9,1887.417707681326
2026-08-25 00:00:00+00:00,78981.9,81269.4,77859.3,78521.7,1985.1180058259522
2026-08-26 00:00:00+00:00,78542.0,79229.6,77641.0,79012.1,1813.4745172788853
2026-08-27 00:00:00+00:00,79012.1,80840.6,78567.8,80248.5,2175.964071471316
2026-08-28 00:00:00+00:00,80248.5,81469.0,76880.9,77836.5,3084.6218166083695
2026-08-29 00:00:00+00:00,77836.5,78331.1,77390.0,78244.0,1494.7396571544643
2026-08-30 00:00:00+00:00,78244.0,79393.5,77019.1,77687.5,1565.3851820328643
2026-08-31 00:00:00+00:00,77686.7,79246.9,77397.7,78577.8,2756.8194654457457
2026-09-01 00:00:00+00:00,78578.5,79206.2,76423.2,77431.0,2357.6493626999268
2026-09-02 00:00:00+00:00,77431.1,77757.6,76271.4,77323.2,2484.513304346568
2026-09-03 00:00:00+00:00,77323.3,82271.5,76972.0,81273.6,2966.746272565233
2026-09-04 00:00:00+00:00,81272.7,81419.1,78659.3,79652.7,3278.59061093
