ts,open,high,low,close,volume
2021-03-15 04:00:00+00:00,266.406,267.759,249.64,255.28,8131.64524949
2021-03-15 08:00:00+00:00,255.559,259.452,249.11,255.214,4420.29054538
2021-03-15 12:00:00+00:00,254.545,261.5,251.001,255.267,3096.24767611
2021-03-15 16:00:00+00:00,254.943,258.5,252.088,257.537,2950.30270162
2021-03-15 20:00:00+00:00,257.665,258.935,253.247,254.324,2850.19362522
2021-03-16 00:00:00+00:00,254.395,256.064,239.638,246.48,5154.71735229
2021-03-16 04:00:00+00:00,246.617,253.23,243.213,252.955,2647.36246518
2021-03-16 08:00:00+00:00,253.102,259.56,252.156,254.03,3036.77676393
2021-03-16 12:00:00+00:00,254.215,258.093,252.029,258.0,2583.18547463
2021-03-16 16:00:00+00:00,258.1,258.207,250.073,254.0,4225.25313063
2021-03-16 20:00:00+00:00,253.902,258.397,253.569,258.272,4107.15822395
2021-03-17 00:00:00+00:00,258.4,259.998,251.46,252.846,1456.77592538
2021-03-17 04:00:00+00:00,252.754,255.607,230.105,254.493,4100.20491487
2021-03-17 08:00:00+00:00,254.389,255.022,248.316,251.049,2325.73171844
2021-03-17 12:00:00+00:00,251.172,252.8,248.856,252.069,2680.82961689
2021-03-17 16:00:00+00:00,252.23,266.26,251.086,263.404,4656.73459331
2021-03-17 20:00:00+00:00,263.404,271.97,259.912,269.838,3668.58181635
2021-03-18 00:00:00+00:00,270.157,276.54,269.316,271.978,6584.13426802
2021-03-18 04:00:00+00:00,271.978,276.58,271.783,274.563,3131.9127311
2021-03-18 08:00:00+00:00,274.418,277.682,265.786,266.516,7792.48965608
2021-03-18 12:00:00+00:00,266.419,270.4,262.611,269.444,5090.17841872
2021-03-18 16:00:00+00:00,269.335,270.56,257.233,258.602,4753.43396845
2021-03-18 20:00:00+00:00,258.468,264.506,257.184,261.412,1876.06691146
2021-03-19 00:00:00+00:00,261.417,264.529,254.055,263.589,4100.44289463
2021-03-19 04:00:00+00:00,263.6,267.314,261.392,261.746,3594.57914213
2021-03-19 08:00:00+00:00,261.959,268.985,260.706,266.889,4482.18667779
2021-03-19 12:00:00+00:00,266.889,268.211,263.032,266.787,3285.69995702
2021-03-19 16:00:00+00:00,266.676,267.379,264.568,265.701,2742.59636158
2021-03-19 20:00:00+00:00,265.912,267.454,261.138,263.115,4208.27395136
2021-03-20 00:00:00+00:00,262.737,267.197,261.6,265.0,3514.8772574
2021-03-20 04:00:00+00:00,264.585,270.4,263.312,270.247,1634.93794875
2021-03-20 08:00:00+00:00,270.06,272.112,266.825,269.238,2812.67596499
2021-03-20 12:00:00+00:00,269.448,274.544,267.75,271.3,4090.46392245
2021-03-20 16:00:00+00:00,271.5,271.874,269.15,270.7,2760.63529479
2021-03-20 20:00:00+00:00,270.845,270.875,263.272,264.427,3075.06910747
2021-03-21 00:00:00+00:00,264.076,267.912,261.601,266.932,2338.2070821
2021-03-21 04:00:00+00:00,266.935,266.97,261.071,263.658,2474.90178997
2021-03-21 08:00:00+00:00,263.449,265.075,258.35,259.839,1387.07491193
2021-03-21 12:00:00+00:00,259.9,264.385,257.082,263.301,2703.43893844
2021-03-21 16:00:00+00:00,262.927,266.845,262.17,264.833,3045.15934263
2021-03-21 20:00:00+00:00,264.998,267.444,263.266,264.806,5850.34929802
2021-03-22 00:00:00+00:00,264.976,268.664,259.977,268.153,4226.35612497
2021-03-22 04:00:00+00:00,268.273,269.203,265.042,265.508,3371.10935093
2021-03-22 08:00:00+00:00,265.483,269.052,263.291,267.037,2584.93685334
2021-03-22 12:00:00+00:00,266.967,268.212,264.194,267.507,2354.08887237
2021-03-22 16:00:00+00:00,267.336,277.023,263.158,266.074,8686.23967024
2021-03-22 20:00:00+00:00,266.036,268.233,251.911,255.116,11310.29583179
2021-03-23 00:00:00+00:00,255.101,262.035,252.648,259.171,4798.65659867
2021-03-23 04:00:00+00:00,259.234,259.898,252.044,257.257,2417.90424286
2021-03-23 08:00:00+00:00,257.402,259.9,254.329,255.902,2186.35360397
2021-03-23 12:00:00+00:00,255.914,262.991,255.914,260.055,3385.55806802
2021-03-23 16:00:00+00:00,260.243,261.42,256.0,257.128,4262.73332522
2021-03-23 20:00:00+00:00,257.259,257.351,252.67,255.576,2529.18826218
2021-03-24 00:00:00+00:00,255.008,257.09,251.004,256.381,3809.47932931
2021-03-24 04:00:00+00:00,255.999,259.8,253.198,259.8,2484.15367425
2021-03-24 08:00:00+00:00,259.536,264.902,259.354,263.284,2090.94686895
2021-03-24 12:00:00+00:00,263.525,268.592,260.85,263.021,4686.4398837
2021-03-24 16:00:00+00:00,263.032,263.62,254.03,255.343,3555.84297811
2021-03-24 20:00:00+00:00,254.934,258.7,238.558,248.729,8626.6334735
2021-03-25 00:00:00+00:00,248.695,249.979,238.33,241.019,5601.11666028
2021-03-25 04:00:00+00:00,240.735,249.063,238.902,241.796,2083.58761631
2021-03-25 08:00:00+00:00,241.827,247.504,241.405,242.442,2188.56015538
2021-03-25 12:00:00+00:00,242.262,243.365,225.0,231.204,8917.97252402
2021-03-25 16:00:00+00:00,230.862,238.594,228.665,236.078,4088.82998342
2021-03-25 20:00:00+00:00,236.232,239.786,233.166,234.181,3330.34081831
2021-03-26 00:00:00+00:00,234.224,243.56,234.224,241.72,3455.17252132
2021-03-26 04:00:00+00:00,241.7,246.422,240.0,246.055,2197.73954767
2021-03-26 08:00:00+00:00,246.0,248.895,244.147,247.099,2726.10720778
2021-03-26 12:00:00+00:00,247.348,251.495,245.969,247.832,2459.41264039
2021-03-26 16:00:00+00:00,247.718,251.892,246.125,250.4,2826.84485217
2021-03-26 20:00:00+00:00,250.341,255.049,250.341,254.965,3470.19347137
2021-03-27 00:00:00+00:00,255.049,256.842,249.661,252.337,4962.03199863
2021-03-27 04:00:00+00:00,252.187,254.523,251.452,252.188,1442.3836307
2021-03-27 08:00:00+00:00,252.286,261.5,251.982,256.18,2019.99992596
2021-03-27 12:00:00+00:00,256.0,262.802,252.69,260.833,3978.5252059
2021-03-27 16:00:00+00:00,261.071,269.234,261.071,265.973,5036.60176772
2021-03-27 20:00:00+00:00,265.974,289.328,265.974,271.285,12945.30342905
2021-03-28 00:00:00+00:00,270.761,280.0,266.917,279.874,5843.96241576
2021-03-28 04:00:00+00:00,279.874,283.173,272.5,277.188,8433.31949065
2021-03-28 08:00:00+00:00,277.298,277.75,268.283,269.295,3466.98663605
2021-03-28 12:00:00+00:00,269.295,273.656,266.19,271.808,3066.99408281
2021-03-28 16:00:00+00:00,272.342,272.958,261.0,266.159,4114.34012893
2021-03-28 20:00:00+00:00,265.686,269.492,262.581,268.862,4729.15413027
2021-03-29 00:00:00+00:00,268.672,271.27,264.444,269.151,2311.59955547
2021-03-29 04:00:00+00:00,269.657,275.686,267.272,273.467,3780.31918566
2021-03-29 08:00:00+00:00,273.87,277.972,271.773,275.449,4078.43830103
2021-03-29 12:00:00+00:00,275.451,277.209,269.163,272.49,3778.38676293
2021-03-29 16:00:00+00:00,272.533,275.6,270.3,273.086,2894.42825585
2021-03-29 20:00:00+00:00,273.086,275.551,271.772,275.354,2330.17637187
2021-03-30 00:00:00+00:00,275.354,276.276,271.297,272.58,3021.91740026
2021-03-30 04:00:00+00:00,272.44,279.5,271.418,278.965,2695.22805343
2021-03-30 08:00:00+00:00,278.966,299.584,278.966,296.823,12299.97157262
2021-03-30 12:00:00+00:00,297.417,305.0,294.874,296.388,9751.04003843
2021-03-30 16:00:00+00:00,296.801,311.395,293.2,311.378,8545.51443111
2021-03-30 20:00:00+00:00,311.395,313.918,301.171,311.519,9438.05530295
2021-03-31 00:00:00+00:00,311.52,318.2,299.2,301.349,10941.53909387
2021-03-31 04:00:00+00:00,301.349,312.0,298.4,302.257,6906.88230015
2021-03-31 08:00:00+00:00,302.261,302.37,282.894,298.786,10300.60543809
2021-03-31 12:00:00+00:00,298.494,309.056,295.748,306.271,8148.52730582
2021-03-31 16:00:00+00:00,306.807,308.32,300.865,301.249,6001.81169736
2021-03-31 20:00:00+00:00,301.215,303.4,296.713,302.188,5488.98447211
2021-04-01 00:00:00+00:00,302.546,308.57,300.834,306.282,4863.41606754
2021-04-01 04:00:00+00:00,306.433,314.909,304.381,313.086,6989.72951118
2021-04-01 08:00:00+00:00,313.376,320.4,310.629,314.141,12954.19382374
2021-04-01 12:00:00+00:00,313.598,331.253,312.822,327.601,11640.69544006
2021-04-01 16:00:00+00:00,327.94,330.743,315.0,327.852,10542.17136544
2021-04-01 20:00:00+00:00,328.039,340.019,326.738,335.611,8456.94883604
2021-04-02 00:00:00+00:00,335.428,359.0,334.697,343.718,17346.5882929
2021-04-02 04:00:00+00:00,343.991,356.848,341.061,351.864,9762.55684125
2021-04-02 08:00:00+00:00,351.713,355.199,345.899,347.097,4891.50077462
2021-04-02 12:00:00+00:00,347.004,352.707,336.934,346.989,10234.19971464
2021-04-02 16:00:00+00:00,347.097,347.79,324.644,337.622,11594.91245284
2021-04-02 20:00:00+00:00,337.612,341.565,331.409,338.348,8487.70133837
2021-04-03 00:00:00+00:00,338.516,347.428,334.049,339.119,9843.38462899
2021-04-03 04:00:00+00:00,339.415,345.0,338.886,342.696,3735.42840855
2021-04-03 08:00:00+00:00,342.665,347.661,336.517,346.39,5038.26260172
2021-04-03 12:00:00+00:00,346.39,349.2,338.467,338.467,7871.74859989
2021-04-03 16:00:00+00:00,338.885,343.365,322.188,336.747,12316.16769766
2021-04-03 20:00:00+00:00,336.475,336.603,315.4,321.852,13984.4444297
2021-04-04 00:00:00+00:00,321.852,334.765,316.301,334.045,7186.63806302
2021-04-04 04:00:00+00:00,334.407,337.599,329.24,336.414,3518.24390525
2021-04-04 08:00:00+00:00,337.094,346.513,336.323,337.718,5611.6663996
2021-04-04 12:00:00+00:00,337.857,348.705,335.493,345.517,5512.84655807
2021-04-04 16:00:00+00:00,345.851,353.0,343.238,347.439,7596.9292733
2021-04-04 20:00:00+00:00,346.992,354.562,344.967,349.805,11185.18944135
2021-04-05 00:00:00+00:00,349.805,350.999,341.634,344.978,5419.78501364
2021-04-05 04:00:00+00:00,344.636,346.698,335.956,340.793,4635.31908816
2021-04-05 08:00:00+00:00,340.696,368.172,337.401,362.837,8689.27949706
2021-04-05 12:00:00+00:00,363.071,380.5,358.638,377.34,10829.05033239
2021-04-05 16:00:00+00:00,377.341,379.37,366.566,373.86,7612.12352365
2021-04-05 20:00:00+00:00,374.029,378.0,363.9,368.216,11925.60880891
2021-04-06 00:00:00+00:00,368.229,375.018,364.361,371.0,7960.93002284
2021-04-06 04:00:00+00:00,370.999,389.0,370.999,377.089,6304.3972437
2021-04-06 08:00:00+00:00,376.915,398.68,376.802,397.374,7463.97148324
2021-04-06 12:00:00+00:00,396.877,400.997,374.18,387.212,11499.46192754
2021-04-06 16:00:00+00:00,386.387,401.272,385.722,400.817,8771.71660303
2021-04-06 20:00:00+00:00,400.815,420.0,395.925,405.509,15752.90671474
2021-04-07 00:00:00+00:00,405.7,409.0,394.5,401.846,11285.51125755
2021-04-07 04:00:00+00:00,401.999,414.18,394.173,404.0,13237.47644742
2021-04-07 08:00:00+00:00,403.96,404.011,352.326,370.915,22223.57992442
2021-04-07 12:00:00+00:00,371.117,395.4,355.907,374.123,19375.64713764
2021-04-07 16:00:00+00:00,374.181,386.62,362.503,375.807,13448.04074143
2021-04-07 20:00:00+00:00,376.004,385.584,369.403,375.275,9191.82677553
2021-04-08 00:00:00+00:00,375.327,396.968,372.0,396.647,9258.74335374
2021-04-08 04:00:00+00:00,396.761,406.152,394.0,397.966,9871.20785416
2021-04-08 08:00:00+00:00,397.945,404.0,390.95,394.602,6434.24855909
2021-04-08 12:00:00+00:00,394.482,420.386,394.0,418.4,15950.38569215
2021-04-08 16:00:00+00:00,418.658,422.206,412.195,420.151,8619.34227226
2021-04-08 20:00:00+00:00,420.025,420.499,410.0,418.366,9487.66031548
2021-04-09 00:00:00+00:00,418.613,419.294,404.708,407.722,6056.12910116
2021-04-09 04:00:00+00:00,407.568,421.5,407.278,421.5,8441.01357261
2021-04-09 08:00:00+00:00,421.216,439.995,416.978,437.563,7996.50822264
2021-04-09 12:00:00+00:00,437.563,448.656,432.531,437.656,17441.27011589
2021-04-09 16:00:00+00:00,437.62,446.528,432.0,438.56,8435.43152488
2021-04-09 20:00:00+00:00,438.559,453.975,436.036,453.975,8764.11608456
2021-04-10 00:00:00+00:00,453.975,485.15,450.098,474.635,24718.949872
2021-04-10 04:00:00+00:00,474.305,483.094,458.102,473.839,15017.83574511
2021-04-10 08:00:00+00:00,473.713,487.252,470.618,484.482,7980.46517295
2021-04-10 12:00:00+00:00,484.829,486.868,470.001,474.799,12423.39491335
2021-04-10 16:00:00+00:00,474.631,477.7,452.506,471.007,15671.31412301
2021-04-10 20:00:00+00:00,471.007,481.043,462.619,471.001,12707.2233433
2021-04-11 00:00:00+00:00,471.469,472.253,456.964,463.403,8203.87096036
2021-04-11 04:00:00+00:00,463.554,479.97,461.874,473.63,12930.48569834
2021-04-11 08:00:00+00:00,473.612,477.237,466.0,471.158,5619.16353682
2021-04-11 12:00:00+00:00,471.186,496.214,467.001,492.27,10942.05419589
2021-04-11 16:00:00+00:00,492.962,508.72,488.68,500.102,15165.67335387
2021-04-11 20:00:00+00:00,500.068,532.389,499.52,525.87,18102.02468287
2021-04-12 00:00:00+00:00,525.871,555.843,515.252,552.324,25552.58855866
2021-04-12 04:00:00+00:00,552.304,583.551,548.0,581.098,33317.17098694
2021-04-12 08:00:00+00:00,581.342,638.043,533.276,595.189,77566.33319402
2021-04-12 12:00:00+00:00,595.376,596.199,557.311,570.815,28266.82515352
2021-04-12 16:00:00+00:00,571.052,588.592,565.786,588.514,17040.61273309
2021-04-12 20:00:00+00:00,588.514,617.0,584.76,597.235,30151.03843977
2021-04-13 00:00:00+00:00,596.862,602.733,568.122,570.733,22438.17191838
2021-04-13 04:00:00+00:00,570.719,576.96,535.0,550.666,28999.14219795
2021-04-13 08:00:00+00:00,550.346,563.609,530.0,549.87,22155.52501564
2021-04-13 12:00:00+00:00,549.941,581.555,548.901,560.465,18054.16722389
2021-04-13 16:00:00+00:00,560.534,566.246,540.0,560.698,20460.92545516
2021-04-13 20:00:00+00:00,560.701,564.591,548.626,551.291,9018.70719995
2021-04-14 00:00:00+00:00,550.659,571.631,550.225,568.707,12065.50858779
2021-04-14 04:00:00+00:00,568.74,591.0,566.37,576.069,17630.93189935
2021-04-14 08:00:00+00:00,576.558,589.392,559.327,574.685,14373.67101002
2021-04-14 12:00:00+00:00,574.955,575.482,520.34,546.149,24432.57954106
2021-04-14 16:00:00+00:00,546.159,570.374,525.073,536.451,22859.01020676
2021-04-14 20:00:00+00:00,536.448,550.215,532.58,550.008,8917.73896199
2021-04-15 00:00:00+00:00,549.81,551.2,533.602,545.149,7202.61643867
2021-04-15 04:00:00+00:00,545.617,554.359,542.001,549.897,5046.12848489
2021-04-15 08:00:00+00:00,550.193,556.592,539.018,542.425,4989.7989
2021-04-15 12:00:00+00:00,542.539,552.654,541.748,550.863,5765.91742347
2021-04-15 16:00:00+00:00,550.917,555.0,546.9,550.543,5646.34101143
2021-04-15 20:00:00+00:00,550.814,552.888,540.845,541.845,5221.76722945
2021-04-16 00:00:00+00:00,541.969,544.656,519.184,530.826,13129.24230458
2021-04-16 04:00:00+00:00,530.826,545.0,498.563,540.592,21423.4890758
2021-04-16 08:00:00+00:00,540.688,548.524,504.087,522.332,16982.38788658
2021-04-16 12:00:00+00:00,522.072,522.072,485.326,517.501,21202.44324941
2021-04-16 16:00:00+00:00,517.377,527.2,509.545,514.461,11809.69577152
2021-04-16 20:00:00+00:00,514.564,523.495,508.681,508.682,7611.2510627
2021-04-17 00:00:00+00:00,508.754,535.286,508.289,532.923,11078.81634794
2021-04-17 04:00:00+00:00,533.006,549.9,532.25,538.0,14745.6776876
2021-04-17 08:00:00+00:00,538.0,555.0,512.26,515.916,9480.95746934
2021-04-17 12:00:00+00:00,515.597,525.719,508.2,511.282,6617.87352538
2021-04-17 16:00:00+00:00,511.177,519.82,506.118,517.815,7739.95417089
2021-04-17 20:00:00+00:00,518.359,531.875,513.539,514.37,8345.13404309
2021-04-18 00:00:00+00:00,514.184,520.0,406.977,472.17,26768.40766671
2021-04-18 04:00:00+00:00,473.18,484.716,447.028,481.46,18254.39302611
2021-04-18 08:00:00+00:00,481.462,484.199,427.137,432.0,15585.32897597
2021-04-18 12:00:00+00:00,431.999,469.76,431.155,467.553,8805.0389728
2021-04-18 16:00:00+00:00,467.564,480.184,461.0,474.043,8263.08696696
2021-04-18 20:00:00+00:00,474.311,484.38,465.946,481.662,9146.719176
2021-04-19 00:00:00+00:00,481.572,542.5,467.988,532.253,24546.01491191
2021-04-19 04:00:00+00:00,532.253,539.977,520.27,534.273,12508.15951422
2021-04-19 08:00:00+00:00,534.273,536.573,503.164,530.492,15974.99665124
2021-04-19 12:00:00+00:00,530.493,530.727,477.428,483.823,28149.47443643
2021-04-19 16:00:00+00:00,483.828,522.773,480.666,509.449,25282.29875513
2021-04-19 20:00:00+00:00,508.392,528.8,500.858,513.981,22288.90773973
2021-04-20 00:00:00+00:00,513.981,514.0,471.964,487.027,22283.31499076
2021-04-20 04:00:00+00:00,488.654,513.961,478.035,493.513,14195.6250617
2021-04-20 08:00:00+00:00,493.868,545.839,493.308,531.531,15331.7511036
2021-04-20 12:00:00+00:00,531.995,545.81,517.0,534.444,30617.6385442
2021-04-20 16:00:00+00:00,534.869,591.687,528.3,591.217,37694.24746108
2021-04-20 20:00:00+00:00,591.215,593.711,550.0,586.833,30292.85645675
2021-04-21 00:00:00+00:00,586.612,605.0,575.866,581.34,25289.66794079
2021-04-21 04:00:00+00:00,581.365,613.599,576.036,593.61,25270.53584325
2021-04-21 08:00:00+00:00,593.536,596.712,555.047,564.286,19231.92577643
2021-04-21 12:00:00+00:00,564.286,592.305,557.54,582.287,18208.34139463
2021-04-21 16:00:00+00:00,582.287,589.932,566.635,576.799,14227.21491908
2021-04-21 20:00:00+00:00,577.078,577.078,533.965,544.031,21992.7019883
2021-04-22 00:00:00+00:00,544.174,599.0,532.001,542.561,28467.29331931
2021-04-22 04:00:00+00:00,542.707,568.287,541.451,555.491,9076.23387844
2021-04-22 08:00:00+00:00,555.826,572.3,538.0,569.877,10593.61132677
2021-04-22 12:00:00+00:00,569.878,579.487,563.75,577.214,13154.18544028
2021-04-22 16:00:00+00:00,577.244,582.366,511.508,526.551,26404.13312524
2021-04-22 20:00:00+00:00,526.455,526.455,479.14,505.776,29862.45281909
2021-04-23 00:00:00+00:00,505.172,518.667,442.973,506.215,36777.02412875
2021-04-23 04:00:00+00:00,505.994,511.0,463.07,466.554,25411.97100243
2021-04-23 08:00:00+00:00,466.646,521.048,459.0,517.894,19496.86060845
2021-04-23 12:00:00+00:00,518.052,525.633,483.153,505.167,19253.58484639
2021-04-23 16:00:00+00:00,505.297,521.208,497.582,519.707,11650.05990036
2021-04-23 20:00:00+00:00,519.707,530.624,505.618,526.782,15163.75951288
2021-04-24 00:00:00+00:00,526.726,528.5,480.0,522.815,14177.90139725
2021-04-24 04:00:00+00:00,523.264,526.525,510.002,514.671,7992.99034022
2021-04-24 08:00:00+00:00,514.457,520.761,483.034,490.225,9368.01803056
2021-04-24 12:00:00+00:00,490.193,508.132,487.18,506.525,9210.58266871
2021-04-24 16:00:00+00:00,506.276,509.782,495.679,505.352,6160.67456911
2021-04-24 20:00:00+00:00,505.457,510.868,494.532,497.272,5452.97880395
2021-04-25 00:00:00+00:00,497.075,504.145,486.038,486.411,6184.03592721
2021-04-25 04:00:00+00:00,486.411,494.54,486.0,493.494,8098.92820225
2021-04-25 08:00:00+00:00,493.494,501.869,491.0,501.094,5690.95116984
2021-04-25 12:00:00+00:00,501.261,517.493,501.094,512.118,7149.05820856
2021-04-25 16:00:00+00:00,512.117,514.507,494.63,495.5,6778.86780004
2021-04-25 20:00:00+00:00,495.626,508.751,477.934,504.7,13440.82807127
2021-04-26 00:00:00+00:00,505.118,534.797,501.96,533.0,14437.59513697
2021-04-26 04:00:00+00:00,533.0,549.999,523.651,539.021,9430.58142789
2021-04-26 08:00:00+00:00,539.02,544.855,530.856,541.469,6536.71465476
2021-04-26 12:00:00+00:00,541.705,543.506,530.6,537.773,6002.27844847
2021-04-26 16:00:00+00:00,537.773,542.734,526.385,537.944,6214.82676865
2021-04-26 20:00:00+00:00,537.904,537.904,514.731,535.517,11815.1652037
2021-04-27 00:00:00+00:00,535.409,536.023,525.344,530.454,6107.01049988
2021-04-27 04:00:00+00:00,530.393,544.621,526.05,540.186,7248.54123771
2021-04-27 08:00:00+00:00,540.185,575.786,539.02,575.276,11412.52269675
2021-04-27 12:00:00+00:00,575.342,578.928,552.676,566.881,15882.23845779
2021-04-27 16:00:00+00:00,566.954,568.889,555.436,562.051,6096.32421285
2021-04-27 20:00:00+00:00,562.078,575.208,559.879,568.883,6441.46122612
2021-04-28 00:00:00+00:00,568.861,579.0,559.5,559.918,7872.65960622
2021-04-28 04:00:00+00:00,559.917,565.263,538.423,554.705,8637.16690069
2021-04-28 08:00:00+00:00,554.701,564.0,543.96,560.304,4806.57887691
2021-04-28 12:00:00+00:00,560.414,565.774,548.558,555.34,5328.02702126
2021-04-28 16:00:00+00:00,555.34,564.093,552.346,563.17,4991.98967172
2021-04-28 20:00:00+00:00,563.437,566.963,553.747,562.649,6890.57910158
2021-04-29 00:00:00+00:00,562.76,574.777,559.0,569.151,13403.35200296
2021-04-29 04:00:00+00:00,569.158,577.467,553.079,577.013,7913.23710614
2021-04-29 08:00:00+00:00,577.468,607.0,570.131,595.789,13478.12045779
2021-04-29 12:00:00+00:00,596.147,615.0,585.57,589.818,19761.68754196
2021-04-29 16:00:00+00:00,589.608,590.936,566.744,579.789,16263.40285247
2021-04-29 20:00:00+00:00,580.212,602.0,570.999,599.682,11303.60226432
2021-04-30 00:00:00+00:00,599.749,611.448,586.0,605.029,14401.56742031
2021-04-30 04:00:00+00:00,605.081,620.27,601.66,617.366,13399.5979178
2021-04-30 08:00:00+00:00,617.369,630.0,600.001,603.212,12209.61405101
2021-04-30 12:00:00+00:00,603.185,612.224,596.439,606.416,9037.61888947
2021-04-30 16:00:00+00:00,606.555,627.999,603.721,625.35,11526.3887858
2021-04-30 20:00:00+00:00,625.932,625.932,615.942,622.468,7696.72278383
2021-05-01 00:00:00+00:00,622.579,645.903,616.72,636.017,14302.77858568
2021-05-01 04:00:00+00:00,636.154,638.23,616.72,625.895,7577.28561999
2021-05-01 08:00:00+00:00,625.874,650.0,604.788,626.728,10619.04917562
2021-05-01 12:00:00+00:00,626.911,629.673,612.481,618.876,6011.93160876
2021-05-01 16:00:00+00:00,619.367,626.955,618.777,621.843,5911.81993028
2021-05-01 20:00:00+00:00,621.784,623.396,615.55,619.89,4165.92131854
2021-05-02 00:00:00+00:00,619.891,626.739,600.214,603.565,7892.71257214
2021-05-02 04:00:00+00:00,602.963,616.168,594.0,609.847,7440.08562674
2021-05-02 08:00:00+00:00,609.802,619.576,598.767,619.576,4784.86480721
2021-05-02 12:00:00+00:00,619.577,628.799,615.501,622.545,7245.95147996
2021-05-02 16:00:00+00:00,622.866,627.339,620.116,627.132,3697.69694731
2021-05-02 20:00:00+00:00,627.34,628.528,616.132,622.091,5896.32240252
2021-05-03 00:00:00+00:00,622.015,631.845,621.857,624.999,6312.4732937
2021-05-03 04:00:00+00:00,624.999,638.655,623.761,636.07,5301.51208949
2021-05-03 08:00:00+00:00,636.07,654.176,629.483,647.241,9025.39639398
2021-05-03 12:00:00+00:00,647.96,666.288,644.358,660.595,13389.79945361
2021-05-03 16:00:00+00:00,661.0,680.0,655.32,676.214,14237.77726041
2021-05-03 20:00:00+00:00,676.216,677.52,658.072,676.108,10654.90218661
2021-05-04 00:00:00+00:00,676.272,677.91,625.572,638.881,21799.48315226
2021-05-04 04:00:00+00:00,638.526,666.0,635.515,654.39,7783.42607161
2021-05-04 08:00:00+00:00,654.405,659.017,641.22,652.248,5840.78852759
2021-05-04 12:00:00+00:00,652.966,653.149,603.049,612.772,16919.52342978
2021-05-04 16:00:00+00:00,613.0,633.909,605.218,630.86,9177.10405651
2021-05-04 20:00:00+00:00,630.878,633.069,608.305,609.374,7843.76044687
2021-05-05 00:00:00+00:00,609.438,637.98,605.0,627.592,7126.50068629
2021-05-05 04:00:00+00:00,627.733,643.0,620.701,642.412,5511.01651103
2021-05-05 08:00:00+00:00,642.983,654.159,637.7,642.105,5972.21330049
2021-05-05 12:00:00+00:00,642.571,656.69,641.277,646.443,7366.06360454
2021-05-05 16:00:00+00:00,647.142,650.0,640.834,649.488,8911.16246353
2021-05-05 20:00:00+00:00,649.717,654.352,640.245,651.003,7021.97387491
2021-05-06 00:00:00+00:00,651.002,653.486,630.954,641.407,7474.46072241
2021-05-06 04:00:00+00:00,641.477,647.046,633.262,640.225,4736.86538168
2021-05-06 08:00:00+00:00,640.499,652.361,639.803,647.8,3860.80252068
2021-05-06 12:00:00+00:00,648.071,648.889,636.026,639.5,5345.51219286
2021-05-06 16:00:00+00:00,639.5,641.607,620.0,631.998,11311.90629926
2021-05-06 20:00:00+00:00,632.227,638.562,624.031,634.101,6483.67998291
2021-05-07 00:00:00+00:00,634.157,636.567,613.061,619.267,6886.19997541
2021-05-07 04:00:00+00:00,619.0,626.15,611.52,621.552,5365.12155648
2021-05-07 08:00:00+00:00,621.279,630.1,618.914,625.412,2988.26404653
2021-05-07 12:00:00+00:00,625.412,644.0,622.479,636.091,7281.0347167
2021-05-07 16:00:00+00:00,636.091,644.0,625.0,626.631,7714.25663781
2021-05-07 20:00:00+00:00,626.109,631.305,613.5,624.332,5508.66891149
2021-05-08 00:00:00+00:00,624.001,635.096,618.859,632.343,7265.50679022
2021-05-08 04:00:00+00:00,632.821,635.72,624.0,628.883,4330.65055
2021-05-08 08:00:00+00:00,629.346,636.743,628.844,631.069,4350.66612918
2021-05-08 12:00:00+00:00,631.07,653.486,628.237,639.346,9624.66507627
2021-05-08 16:00:00+00:00,639.666,658.301,639.131,654.316,13844.03998156
2021-05-08 20:00:00+00:00,654.266,655.323,640.883,646.376,8930.84878828
2021-05-09 00:00:00+00:00,646.316,651.0,639.101,641.861,6688.29006588
2021-05-09 04:00:00+00:00,641.709,650.307,630.1,645.001,5771.55026016
2021-05-09 08:00:00+00:00,644.962,678.408,643.082,669.451,12598.20295982
2021-05-09 12:00:00+00:00,669.317,669.799,650.176,665.795,9448.10353318
2021-05-09 16:00:00+00:00,665.636,667.057,634.181,658.973,12278.39881514
2021-05-09 20:00:00+00:00,658.972,666.351,657.421,661.668,6636.11157903
2021-05-10 00:00:00+00:00,661.668,685.0,661.299,677.709,11557.93417747
2021-05-10 04:00:00+00:00,678.039,691.381,671.131,678.007,11052.51679624
2021-05-10 08:00:00+00:00,677.501,679.52,654.13,664.826,10052.93919236
2021-05-10 12:00:00+00:00,664.795,669.0,651.493,665.688,9331.41520669
2021-05-10 16:00:00+00:00,665.514,668.711,632.0,639.049,11672.02346075
2021-05-10 20:00:00+00:00,638.79,644.775,585.0,631.71,21989.09478101
2021-05-11 00:00:00+00:00,631.201,649.1,621.463,633.318,10352.68296808
2021-05-11 04:00:00+00:00,633.159,655.987,630.896,654.799,7770.75412038
2021-05-11 08:00:00+00:00,654.912,667.486,642.637,654.556,8577.37023865
2021-05-11 12:00:00+00:00,654.788,668.0,643.328,667.436,8373.07899143
2021-05-11 16:00:00+00:00,667.5,672.0,656.096,668.999,9196.81310786
2021-05-11 20:00:00+00:00,669.0,672.884,658.283,671.677,10784.89704326
2021-05-12 00:00:00+00:00,671.642,684.544,667.505,683.54,9987.10527275
2021-05-12 04:00:00+00:00,683.763,684.274,667.741,670.715,6699.37322105
2021-05-12 08:00:00+00:00,670.877,672.465,657.822,663.674,6887.3452257
2021-05-12 12:00:00+00:00,663.673,669.522,649.842,649.842,9599.3664591
2021-05-12 16:00:00+00:00,649.841,650.482,624.715,642.632,13714.06964483
2021-05-12 20:00:00+00:00,642.251,650.9,582.0,592.915,15871.94936965
2021-05-13 00:00:00+00:00,591.398,622.752,545.0,607.428,22008.65868715
2021-05-13 04:00:00+00:00,607.544,656.0,604.042,622.757,8126.67404812
2021-05-13 08:00:00+00:00,622.857,626.469,566.0,590.981,14028.48641449
2021-05-13 12:00:00+00:00,591.749,617.491,584.512,593.93,8168.55847231
2021-05-13 16:00:00+00:00,593.7,607.473,527.422,550.5,32312.91369087
2021-05-13 20:00:00+00:00,550.951,574.158,546.079,570.724,9869.60860493
2021-05-14 00:00:00+00:00,570.696,595.0,566.232,574.896,9502.321384
2021-05-14 04:00:00+00:00,574.909,598.864,570.668,597.551,6536.98883641
2021-05-14 08:00:00+00:00,597.715,612.0,594.772,607.0,4102.04421005
2021-05-14 12:00:00+00:00,607.441,614.872,597.0,611.67,8250.99272918
2021-05-14 16:00:00+00:00,611.414,614.597,597.676,598.724,5374.10222664
2021-05-14 20:00:00+00:00,598.894,604.853,585.47,602.262,6334.71397366
2021-05-15 00:00:00+00:00,602.927,610.857,595.37,602.542,6471.72479153
2021-05-15 04:00:00+00:00,602.501,604.325,579.35,582.052,5221.41770182
2021-05-15 08:00:00+00:00,581.884,590.997,574.4,587.434,5194.93057444
2021-05-15 12:00:00+00:00,587.197,593.926,582.125,585.868,4774.75608367
2021-05-15 16:00:00+00:00,586.169,586.29,560.0,574.284,14105.49993138
2021-05-15 20:00:00+00:00,574.285,584.251,562.291,564.129,5774.87329829
2021-05-16 00:00:00+00:00,563.467,583.844,561.848,579.4,4236.71264721
2021-05-16 04:00:00+00:00,579.353,592.384,572.391,592.384,3377.73508375
2021-05-16 08:00:00+00:00,592.4,606.554,585.994,598.901,4863.63525694
2021-05-16 12:00:00+00:00,598.601,600.5,571.729,571.886,6700.49589961
2021-05-16 16:00:00+00:00,571.879,578.0,539.698,550.091,14923.70355941
2021-05-16 20:00:00+00:00,550.035,564.767,534.634,564.498,13592.44491119
2021-05-17 00:00:00+00:00,564.48,564.629,501.0,507.216,11227.98031631
2021-05-17 04:00:00+00:00,507.466,538.993,483.468,537.507,11745.31095149
2021-05-17 08:00:00+00:00,538.26,542.329,522.427,538.976,5765.30136182
2021-05-17 12:00:00+00:00,539.309,540.0,502.0,504.938,6484.63315367
2021-05-17 16:00:00+00:00,504.986,519.883,492.0,518.51,14769.80685555
2021-05-17 20:00:00+00:00,518.835,527.848,501.136,512.003,10941.10124723
2021-05-18 00:00:00+00:00,512.018,527.381,507.525,523.697,9736.9360124
2021-05-18 04:00:00+00:00,523.686,533.38,522.018,525.229,6479.5743171
2021-05-18 08:00:00+00:00,525.165,533.623,517.392,529.45,4527.63882444
2021-05-18 12:00:00+00:00,530.054,530.568,495.287,503.499,8010.67222722
2021-05-18 16:00:00+00:00,503.385,522.0,500.0,512.694,8654.88867547
2021-05-18 20:00:00+00:00,512.263,515.433,500.448,508.0,5999.28568585
2021-05-19 00:00:00+00:00,508.0,516.0,450.533,453.072,16819.38662186
2021-05-19 04:00:00+00:00,453.349,460.424,407.062,438.5,27310.5904267
2021-05-19 08:00:00+00:00,438.603,460.7,359.2,394.326,22081.46202697
2021-05-19 12:00:00+00:00,394.552,402.4,271.901,378.248,47678.33123217
2021-05-19 16:00:00+00:00,378.316,413.213,355.268,384.152,25067.11808764
2021-05-19 20:00:00+00:00,384.158,393.943,334.3,334.497,16600.43451581
2021-05-20 00:00:00+00:00,334.866,356.527,285.0,341.101,32910.82136938
2021-05-20 04:00:00+00:00,341.11,380.799,339.019,370.919,10673.37051613
2021-05-20 08:00:00+00:00,371.033,376.0,351.842,373.505,9578.595057
2021-05-20 12:00:00+00:00,373.503,423.594,366.232,400.989,21711.56899989
2021-05-20 16:00:00+00:00,401.43,401.43,364.63,390.174,18968.45481086
2021-05-20 20:00:00+00:00,390.268,399.0,381.5,390.674,9654.37893524
2021-05-21 00:00:00+00:00,391.227,416.527,390.194,391.996,10316.34946832
2021-05-21 04:00:00+00:00,391.996,393.804,376.1,383.337,7925.10843312
2021-05-21 08:00:00+00:00,383.955,396.157,369.52,381.516,9175.51914592
2021-05-21 12:00:00+00:00,380.998,387.353,316.35,327.702,30792.07838776
2021-05-21 16:00:00+00:00,327.644,344.648,304.5,315.838,25649.24113568
2021-05-21 20:00:00+00:00,316.001,326.474,274.316,326.172,29765.95930068
2021-05-22 00:00:00+00:00,326.027,335.71,308.917,314.574,11076.76226317
2021-05-22 04:00:00+00:00,314.215,317.3,284.378,300.13,17283.61448654
2021-05-22 08:00:00+00:00,300.323,328.069,299.895,321.964,10269.20295664
2021-05-22 12:00:00+00:00,321.999,332.003,307.911,316.851,12034.24964954
2021-05-22 16:00:00+00:00,317.017,319.159,298.242,299.233,19665.39711339
2021-05-22 20:00:00+00:00,298.991,311.77,298.549,299.449,12811.99665367
2021-05-23 00:00:00+00:00,299.647,313.269,293.359,299.718,8484.95367148
2021-05-23 04:00:00+00:00,299.626,299.626,275.249,278.99,11388.11959886
2021-05-23 08:00:00+00:00,279.122,279.122,249.19,257.756,36931.7834209
2021-05-23 12:00:00+00:00,257.699,260.748,230.0,236.499,38458.39913621
2021-05-23 16:00:00+00:00,236.475,239.538,211.178,236.037,37780.93787623
2021-05-23 20:00:00+00:00,236.256,264.549,236.256,260.589,18859.12737023
2021-05-24 00:00:00+00:00,260.503,282.258,257.299,273.148,16109.3615846
2021-05-24 04:00:00+00:00,273.408,297.239,264.948,296.128,11895.04241572
2021-05-24 08:00:00+00:00,296.116,312.905,286.0,306.636,13630.18600479
2021-05-24 12:00:00+00:00,306.35,324.921,302.379,318.446,17062.76452289
2021-05-24 16:00:00+00:00,318.66,346.37,306.053,344.034,23098.16822032
2021-05-24 20:00:00+00:00,344.628,350.0,328.392,345.72,17221.798173
2021-05-25 00:00:00+00:00,345.744,375.516,333.94,345.506,21190.38212359
2021-05-25 04:00:00+00:00,345.478,360.558,329.173,356.279,12623.69467087
2021-05-25 08:00:00+00:00,356.504,357.586,306.694,309.764,19020.28826059
2021-05-25 12:00:00+00:00,309.718,339.0,308.099,337.806,17354.17684223
2021-05-25 16:00:00+00:00,337.738,338.363,319.6,321.863,10865.1129717
2021-05-25 20:00:00+00:00,322.264,349.78,320.765,342.932,12111.27980149
2021-05-26 00:00:00+00:00,343.247,364.604,336.327,364.181,15478.1029068
2021-05-26 04:00:00+00:00,364.29,384.904,355.031,383.704,9754.03127179
2021-05-26 08:00:00+00:00,383.381,387.977,366.372,377.902,13088.55364837
2021-05-26 12:00:00+00:00,377.499,380.9,356.136,365.356,15143.61273873
2021-05-26 16:00:00+00:00,365.974,377.354,358.802,366.677,10111.57694434
2021-05-26 20:00:00+00:00,366.622,380.612,363.729,379.215,7864.58574931
2021-05-27 00:00:00+00:00,379.176,379.858,340.0,347.78,14477.45704261
2021-05-27 04:00:00+00:00,347.478,363.54,343.4,361.45,8567.692367
2021-05-27 08:00:00+00:00,361.88,377.824,355.839,377.068,6828.90867921
2021-05-27 12:00:00+00:00,377.068,387.373,371.157,379.143,11198.09653887
2021-05-27 16:00:00+00:00,379.528,381.254,368.322,373.169,8864.40563769
2021-05-27 20:00:00+00:00,372.952,375.56,362.428,369.75,6573.16586885
2021-05-28 00:00:00+00:00,369.776,373.625,357.565,365.082,9454.53532309
2021-05-28 04:00:00+00:00,364.734,364.734,333.262,343.193,14067.22483026
2021-05-28 08:00:00+00:00,343.163,343.8,313.167,317.056,16259.99895242
2021-05-28 12:00:00+00:00,316.14,346.3,314.775,337.528,12730.37059457
2021-05-28 16:00:00+00:00,337.67,338.333,324.57,333.238,9879.04932121
2021-05-28 20:00:00+00:00,333.297,336.893,316.558,328.968,9021.3960517
2021-05-29 00:00:00+00:00,329.267,346.8,328.942,345.354,8109.62274904
2021-05-29 04:00:00+00:00,345.089,346.55,334.44,335.749,5717.95690099
2021-05-29 08:00:00+00:00,335.796,336.896,320.13,329.018,6465.82504608
2021-05-29 12:00:00+00:00,329.262,329.262,303.324,309.497,8873.44597363
2021-05-29 16:00:00+00:00,309.497,315.15,295.863,300.162,7991.3441858
2021-05-29 20:00:00+00:00,300.163,310.824,295.0,304.68,8006.53526168
2021-05-30 00:00:00+00:00,305.276,311.499,286.849,309.495,9261.67775234
2021-05-30 04:00:00+00:00,309.9,333.589,307.106,331.314,7997.59413985
2021-05-30 08:00:00+00:00,331.629,338.041,326.525,337.949,4424.9170258
2021-05-30 12:00:00+00:00,337.929,338.178,318.768,323.094,7014.55885224
2021-05-30 16:00:00+00:00,322.983,333.606,320.821,331.738,5498.4384072
2021-05-30 20:00:00+00:00,331.618,335.125,324.293,325.849,5518.52295609
2021-05-31 00:00:00+00:00,325.394,329.714,307.896,310.752,6716.23311463
2021-05-31 04:00:00+00:00,310.73,329.974,308.882,327.993,6103.13225488
2021-05-31 08:00:00+00:00,328.435,352.64,325.181,346.413,6529.01376848
2021-05-31 12:00:00+00:00,346.568,353.191,336.252,346.788,6808.28692734
2021-05-31 16:00:00+00:00,346.683,353.313,339.0,344.638,6660.43195158
2021-05-31 20:00:00+00:00,345.0,355.954,342.168,353.5,4717.74413763
2021-06-01 00:00:00+00:00,353.388,364.234,343.8,345.584,8574.09637111
2021-06-01 04:00:00+00:00,345.706,359.905,342.46,349.321,5358.89361408
2021-06-01 08:00:00+00:00,348.981,356.839,339.677,353.954,5571.71403884
2021-06-01 12:00:00+00:00,353.8,357.4,342.249,348.554,6521.43448914
2021-06-01 16:00:00+00:00,348.864,355.0,345.877,349.691,4715.30179514
2021-06-01 20:00:00+00:00,349.691,363.822,349.025,362.128,4923.47753991
2021-06-02 00:00:00+00:00,362.234,365.882,350.768,359.174,4503.16701003
2021-06-02 04:00:00+00:00,359.616,376.223,358.772,375.296,4726.23672743
2021-06-02 08:00:00+00:00,375.764,389.593,373.899,387.803,7517.90268647
2021-06-02 12:00:00+00:00,388.64,418.523,388.531,413.665,14993.60512264
2021-06-02 16:00:00+00:00,414.148,415.485,403.679,411.41,9601.15214509
2021-06-02 20:00:00+00:00,411.037,411.037,396.051,401.242,9154.29651409
2021-06-03 00:00:00+00:00,401.574,407.755,391.388,407.751,9521.3266199
2021-06-03 04:00:00+00:00,407.756,421.182,404.45,411.987,9550.81768297
2021-06-03 08:00:00+00:00,411.844,432.904,410.003,422.0,10576.23157612
2021-06-03 12:00:00+00:00,422.408,426.629,409.439,414.321,8863.9640606
2021-06-03 16:00:00+00:00,414.248,421.302,410.177,414.115,6767.08070367
2021-06-03 20:00:00+00:00,413.721,430.4,413.523,427.965,5083.70979739
2021-06-04 00:00:00+00:00,428.258,429.11,394.0,408.535,13791.64860131
2021-06-04 04:00:00+00:00,408.437,409.158,365.401,376.226,13139.03966494
2021-06-04 08:00:00+00:00,376.144,391.727,370.142,379.223,6370.47108009
2021-06-04 12:00:00+00:00,378.376,390.884,367.39,389.102,8737.96091473
2021-06-04 16:00:00+00:00,389.037,400.0,385.198,391.206,6701.8814051
2021-06-04 20:00:00+00:00,391.495,398.778,385.5,391.049,4999.68231158
2021-06-05 00:00:00+00:00,390.837,415.26,387.855,410.267,6406.83563528
2021-06-05 04:00:00+00:00,410.353,425.816,410.267,418.36,6619.2919302
2021-06-05 08:00:00+00:00,418.313,423.357,386.5,390.913,10248.66267581
2021-06-05 12:00:00+00:00,390.898,402.662,383.109,401.71,10073.41905567
2021-06-05 16:00:00+00:00,402.326,402.326,386.67,387.313,6183.40600714
2021-06-05 20:00:00+00:00,387.234,392.653,373.121,389.861,8721.67856635
2021-06-06 00:00:00+00:00,390.427,400.0,387.069,392.818,4619.53219689
2021-06-06 04:00:00+00:00,393.119,399.722,387.776,394.196,4165.18664702
2021-06-06 08:00:00+00:00,394.451,396.35,386.4,389.097,2478.46579203
2021-06-06 12:00:00+00:00,388.812,395.0,381.6,392.464,4786.4332219
2021-06-06 16:00:00+00:00,392.495,396.817,385.5,386.75,4402.51043795
2021-06-06 20:00:00+00:00,386.562,394.551,385.323,393.034,4510.76248797
2021-06-07 00:00:00+00:00,393.689,407.178,389.91,398.828,6019.54229195
2021-06-07 04:00:00+00:00,399.09,402.733,390.503,395.421,4078.25339648
2021-06-07 08:00:00+00:00,395.484,404.479,392.56,398.995,3113.15227098
2021-06-07 12:00:00+00:00,398.894,404.958,393.679,394.925,3645.16376605
2021-06-07 16:00:00+00:00,394.76,394.939,381.777,388.92,6062.82356735
2021-06-07 20:00:00+00:00,389.175,390.011,353.168,358.332,16467.87018672
2021-06-08 00:00:00+00:00,358.016,366.554,331.553,346.145,11963.05970178
2021-06-08 04:00:00+00:00,346.363,353.743,336.692,349.866,6102.99389715
2021-06-08 08:00:00+00:00,350.031,359.76,345.883,354.501,4898.89988031
2021-06-08 12:00:00+00:00,354.833,355.913,319.388,331.149,12727.45254485
2021-06-08 16:00:00+00:00,331.149,349.023,328.955,347.869,7671.57223161
2021-06-08 20:00:00+00:00,348.178,355.866,345.399,352.622,5887.82296227
2021-06-09 00:00:00+00:00,352.571,354.199,333.43,341.769,6816.02958438
2021-06-09 04:00:00+00:00,341.755,361.487,336.244,352.934,4986.6264262
2021-06-09 08:00:00+00:00,352.883,360.07,347.91,358.659,4282.38529825
2021-06-09 12:00:00+00:00,358.981,369.887,350.968,368.127,7148.84341542
2021-06-09 16:00:00+00:00,368.237,380.757,362.65,366.563,7120.1693169
2021-06-09 20:00:00+00:00,366.883,378.038,364.5,375.51,4973.76544181
2021-06-10 00:00:00+00:00,375.353,377.192,367.196,369.69,4342.65274081
2021-06-10 04:00:00+00:00,369.69,372.098,359.886,365.643,3914.53073616
2021-06-10 08:00:00+00:00,365.26,371.875,353.52,366.424,4424.202884
2021-06-10 12:00:00+00:00,366.3,366.455,353.548,356.947,6613.49656327
2021-06-10 16:00:00+00:00,356.975,358.778,348.0,350.44,7305.64664157
2021-06-10 20:00:00+00:00,350.783,356.385,344.75,351.917,4683.35805358
2021-06-11 00:00:00+00:00,351.917,355.916,341.25,355.497,3321.59625543
2021-06-11 04:00:00+00:00,355.283,362.13,350.4,354.308,4137.76427898
2021-06-11 08:00:00+00:00,354.399,366.097,353.426,360.232,3343.12590161
2021-06-11 12:00:00+00:00,360.36,365.0,354.2,355.287,3672.27865314
2021-06-11 16:00:00+00:00,355.382,357.589,351.63,354.672,3072.28859795
2021-06-11 20:00:00+00:00,354.716,356.669,341.0,345.32,5985.32873436
2021-06-12 00:00:00+00:00,345.776,346.235,326.967,332.344,7315.37290155
2021-06-12 04:00:00+00:00,332.462,336.86,325.603,334.918,3237.91722816
2021-06-12 08:00:00+00:00,334.917,339.86,327.901,337.873,2093.70634278
2021-06-12 12:00:00+00:00,338.131,347.095,336.971,341.004,3970.70980215
2021-06-12 16:00:00+00:00,341.004,348.909,339.689,345.688,3407.13199838
2021-06-12 20:00:00+00:00,346.185,348.23,342.69,343.555,3080.19455426
2021-06-13 00:00:00+00:00,343.899,348.381,337.685,338.545,3783.73605186
2021-06-13 04:00:00+00:00,338.215,340.933,335.565,336.054,2490.63815655
2021-06-13 08:00:00+00:00,335.78,339.766,334.728,336.959,2566.13803914
2021-06-13 12:00:00+00:00,336.721,338.68,330.551,334.377,2036.17517197
2021-06-13 16:00:00+00:00,334.69,354.4,333.606,353.275,8834.73031797
2021-06-13 20:00:00+00:00,353.376,369.077,353.376,365.956,9644.20923478
2021-06-14 00:00:00+00:00,365.903,368.568,356.899,359.36,7545.32971307
2021-06-14 04:00:00+00:00,359.201,364.892,357.215,360.84,4382.77030091
2021-06-14 08:00:00+00:00,360.84,361.293,356.152,357.457,2641.96578093
2021-06-14 12:00:00+00:00,357.294,377.061,355.25,375.15,7685.74428719
2021-06-14 16:00:00+00:00,375.16,375.9,362.459,365.614,7776.50965155
2021-06-14 20:00:00+00:00,365.608,370.847,363.915,370.297,4554.5662291
2021-06-15 00:00:00+00:00,370.117,374.44,366.943,372.999,3638.24421366
2021-06-15 04:00:00+00:00,372.768,379.58,372.768,376.217,3973.78314338
2021-06-15 08:00:00+00:00,376.41,378.89,367.0,368.988,3853.05639146
2021-06-15 12:00:00+00:00,368.987,371.663,364.088,366.159,4275.01111321
2021-06-15 16:00:00+00:00,366.139,374.56,365.24,366.037,5235.70660573
2021-06-15 20:00:00+00:00,365.866,368.96,362.681,366.66,4991.09415719
2021-06-16 00:00:00+00:00,366.66,366.68,357.193,361.2,4823.39113157
2021-06-16 04:00:00+00:00,361.197,366.664,360.728,364.314,2911.6619615
2021-06-16 08:00:00+00:00,364.452,365.959,350.451,352.876,6076.9348902
2021-06-16 12:00:00+00:00,352.841,356.519,346.36,349.654,7433.286228
2021-06-16 16:00:00+00:00,349.654,354.577,343.49,351.42,11413.7270662
2021-06-16 20:00:00+00:00,351.485,354.089,345.187,347.241,6401.66366105
2021-06-17 00:00:00+00:00,347.178,357.24,345.931,356.982,4820.89511143
2021-06-17 04:00:00+00:00,357.104,362.283,355.5,360.448,3581.370763
2021-06-17 08:00:00+00:00,360.328,361.971,357.995,358.573,2878.75801721
2021-06-17 12:00:00+00:00,358.572,358.785,352.02,357.067,4413.3782615
2021-06-17 16:00:00+00:00,357.068,357.95,346.56,348.997,6037.67510626
2021-06-17 20:00:00+00:00,348.224,352.924,346.42,352.503,2577.07151704
2021-06-18 00:00:00+00:00,352.7,354.489,346.19,353.466,2298.10653728
2021-06-18 04:00:00+00:00,353.356,357.027,350.814,353.494,2583.2257085
2021-06-18 08:00:00+00:00,353.747,356.328,347.5,352.313,4027.25393944
2021-06-18 12:00:00+00:00,352.417,353.341,333.303,334.188,7768.4256314
2021-06-18 16:00:00+00:00,334.187,339.015,327.034,328.995,6878.43352083
2021-06-18 20:00:00+00:00,328.72,338.31,328.501,337.23,4446.30416822
2021-06-19 00:00:00+00:00,337.036,342.784,330.0,333.148,4855.2823995
2021-06-19 04:00:00+00:00,333.172,340.117,331.865,340.117,2192.4679419
2021-06-19 08:00:00+00:00,340.125,342.17,337.38,340.452,1433.76963507
2021-06-19 12:00:00+00:00,340.473,344.8,337.701,340.619,3295.86265507
2021-06-19 16:00:00+00:00,340.756,341.379,334.256,339.981,4176.68506481
2021-06-19 20:00:00+00:00,339.982,341.0,333.733,334.04,2657.73074145
2021-06-20 00:00:00+00:00,334.008,336.089,330.8,334.143,2922.30276748
2021-06-20 04:00:00+00:00,333.973,337.715,332.684,336.636,1917.33373662
2021-06-20 08:00:00+00:00,336.617,337.049,316.485,317.411,5505.04836007
2021-06-20 12:00:00+00:00,317.239,326.125,310.226,323.689,7568.73597041
2021-06-20 16:00:00+00:00,323.997,336.117,323.148,335.364,12429.29053036
2021-06-20 20:00:00+00:00,335.364,340.434,334.788,338.789,3768.59996532
2021-06-21 00:00:00+00:00,339.067,341.84,328.424,328.507,3817.67211316
2021-06-21 04:00:00+00:00,328.412,330.416,310.121,317.796,10037.37569632
2021-06-21 08:00:00+00:00,317.131,321.72,291.301,303.793,12743.0059146
2021-06-21 12:00:00+00:00,303.951,311.659,294.598,304.655,9827.62073914
2021-06-21 16:00:00+00:00,304.886,307.022,292.668,298.892,7736.79603729
2021-06-21 20:00:00+00:00,298.796,301.785,268.931,270.723,19712.61165443
2021-06-22 00:00:00+00:00,270.794,291.199,260.68,287.501,15996.67530069
2021-06-22 04:00:00+00:00,288.128,289.939,279.375,281.187,5473.29677693
2021-06-22 08:00:00+00:00,281.391,282.117,254.2,255.334,15324.293804
2021-06-22 12:00:00+00:00,255.317,264.84,225.527,260.137,51245.45627605
2021-06-22 16:00:00+00:00,260.119,275.791,258.251,265.525,22716.41559209
2021-06-22 20:00:00+00:00,265.364,274.676,257.414,261.851,11864.07276069
2021-06-23 00:00:00+00:00,261.87,292.3,251.511,286.845,16193.75075341
2021-06-23 04:00:00+00:00,286.826,293.236,284.25,289.767,7297.87763661
2021-06-23 08:00:00+00:00,290.536,297.247,285.057,290.0,5284.90202801
2021-06-23 12:00:00+00:00,289.835,309.5,288.795,291.709,12702.91567125
2021-06-23 16:00:00+00:00,291.738,298.63,282.278,282.523,8512.5995564
2021-06-23 20:00:00+00:00,282.259,297.051,281.538,296.143,8576.61825675
2021-06-24 00:00:00+00:00,296.116,299.828,281.756,283.669,5884.47760358
2021-06-24 04:00:00+00:00,283.236,302.599,282.15,296.153,8951.30080427
2021-06-24 08:00:00+00:00,296.367,306.779,295.836,306.19,10222.46705972
2021-06-24 12:00:00+00:00,306.331,311.93,301.642,305.649,7696.18875646
2021-06-24 16:00:00+00:00,305.134,316.326,303.089,312.116,7384.22491673
2021-06-24 20:00:00+00:00,312.611,314.124,307.25,308.496,4786.69872324
2021-06-25 00:00:00+00:00,308.75,314.686,303.266,308.056,5489.87999514
2021-06-25 04:00:00+00:00,308.193,308.193,293.19,296.53,7341.32285583
2021-06-25 08:00:00+00:00,296.343,297.67,286.661,289.431,7659.22971306
2021-06-25 12:00:00+00:00,289.145,294.367,284.67,286.843,8985.19538304
2021-06-25 16:00:00+00:00,286.849,289.01,275.402,286.061,10329.84881002
2021-06-25 20:00:00+00:00,286.177,287.6,278.24,280.848,5297.11719322
2021-06-26 00:00:00+00:00,280.84,286.7,278.683,282.916,4916.09955563
2021-06-26 04:00:00+00:00,283.078,290.167,267.536,269.367,4974.36654834
2021-06-26 08:00:00+00:00,269.327,280.769,264.401,279.281,8485.65959039
2021-06-26 12:00:00+00:00,279.185,280.8,266.671,273.314,7312.18943478
2021-06-26 16:00:00+00:00,273.383,274.974,265.54,272.011,6401.04150103
2021-06-26 20:00:00+00:00,272.299,279.75,268.531,279.665,3264.49107647
2021-06-27 00:00:00+00:00,279.66,286.829,277.941,286.225,4858.72833144
2021-06-27 04:00:00+00:00,286.247,287.2,277.48,281.903,3450.38747746
2021-06-27 08:00:00+00:00,281.7,284.139,275.582,278.995,3014.96265713
2021-06-27 12:00:00+00:00,279.731,281.44,273.87,277.134,3684.14696203
2021-06-27 16:00:00+00:00,277.122,277.812,269.739,272.098,3983.28058773
2021-06-27 20:00:00+00:00,271.869,291.499,270.51,290.86,6383.8154317
2021-06-28 00:00:00+00:00,291.008,291.912,284.641,285.076,4322.0635275
2021-06-28 04:00:00+00:00,285.133,295.974,284.004,294.415,3354.28351939
2021-06-28 08:00:00+00:00,294.559,296.76,283.75,285.161,4700.09952308
2021-06-28 12:00:00+00:00,285.433,298.877,284.15,298.877,5067.7598826
2021-06-28 16:00:00+00:00,298.856,299.179,291.92,294.02,5875.37468747
2021-06-28 20:00:00+00:00,294.268,296.889,286.929,289.623,5656.64631856
2021-06-29 00:00:00+00:00,289.989,298.06,289.262,294.016,3691.19047309
2021-06-29 04:00:00+00:00,294.12,301.684,292.153,296.49,4050.58443588
2021-06-29 08:00:00+00:00,296.511,308.634,294.5,307.693,4741.17846695
2021-06-29 12:00:00+00:00,307.492,315.479,304.475,309.428,9449.25417094
2021-06-29 16:00:00+00:00,309.607,310.7,304.254,307.211,5536.3481536
2021-06-29 20:00:00+00:00,307.142,307.85,298.456,300.568,5490.76468363
2021-06-30 00:00:00+00:00,300.654,302.898,293.118,293.863,4670.62294276
2021-06-30 04:00:00+00:00,294.092,301.019,291.6,300.462,5240.99542563
2021-06-30 08:00:00+00:00,300.594,300.594,289.4,293.431,3708.24051587
2021-06-30 12:00:00+00:00,293.492,294.272,281.7,283.33,5899.51847072
2021-06-30 16:00:00+00:00,283.597,297.8,281.565,297.167,5649.71754242
2021-06-30 20:00:00+00:00,297.1,304.7,294.0,303.62,7780.94657284
2021-07-01 00:00:00+00:00,303.62,303.848,291.599,291.599,4543.8602898
2021-07-01 04:00:00+00:00,291.586,295.9,284.36,284.425,4607.17087548
2021-07-01 08:00:00+00:00,284.488,290.551,283.81,290.343,3633.34959734
2021-07-01 12:00:00+00:00,290.258,291.646,284.976,288.7,4350.50632474
2021-07-01 16:00:00+00:00,288.741,289.996,280.97,283.556,3894.22320862
2021-07-01 20:00:00+00:00,283.65,289.275,283.65,287.85,2764.40908992
2021-07-02 00:00:00+00:00,287.579,290.694,277.221,278.221,3671.2510199
2021-07-02 04:00:00+00:00,277.955,284.566,277.257,283.2,4257.72174355
2021-07-02 08:00:00+00:00,283.097,283.999,277.069,278.43,3068.52632392
2021-07-02 12:00:00+00:00,278.43,284.88,276.491,284.67,3432.32937769
2021-07-02 16:00:00+00:00,284.67,284.799,281.282,283.381,2171.5127003
2021-07-02 20:00:00+00:00,283.43,287.755,280.851,287.241,4453.51300872
2021-07-03 00:00:00+00:00,287.241,288.274,282.88,284.704,2960.38004799
2021-07-03 04:00:00+00:00,284.643,295.219,284.023,293.949,3543.48524503
2021-07-03 08:00:00+00:00,293.949,296.14,292.61,294.325,2916.95888449
2021-07-03 12:00:00+00:00,294.125,299.28,292.995,297.328,3756.82393488
2021-07-03 16:00:00+00:00,297.581,303.07,296.876,299.165,4062.1563551
2021-07-03 20:00:00+00:00,299.266,301.697,294.439,298.2,3145.73893758
2021-07-04 00:00:00+00:00,297.8,298.02,292.672,295.851,3013.234385
2021-07-04 04:00:00+00:00,295.847,308.888,295.506,308.086,4160.62018195
2021-07-04 08:00:00+00:00,308.478,309.0,304.082,306.007,2319.02966137
2021-07-04 12:00:00+00:00,306.256,309.74,301.811,309.56,4765.32951796
2021-07-04 16:00:00+00:00,309.627,313.662,307.38,312.4,6242.62681464
2021-07-04 20:00:00+00:00,312.426,314.878,305.815,307.71,3116.98419595
2021-07-05 00:00:00+00:00,307.548,307.784,297.672,300.013,5552.89777956
2021-07-05 04:00:00+00:00,299.767,301.479,297.19,300.227,2368.24844565
2021-07-05 08:00:00+00:00,300.138,306.032,292.38,293.574,4661.80062937
2021-07-05 12:00:00+00:00,293.45,298.445,292.41,296.115,3514.16420218
2021-07-05 16:00:00+00:00,296.134,303.653,293.1,302.806,4309.53106347
2021-07-05 20:00:00+00:00,302.761,307.267,300.39,302.037,4629.32884836
2021-07-06 00:00:00+00:00,302.087,306.837,301.926,305.111,4614.17960325
2021-07-06 04:00:00+00:00,305.314,322.341,305.314,320.3,8626.42299173
2021-07-06 08:00:00+00:00,320.176,320.878,306.39,311.726,8753.9725189
2021-07-06 12:00:00+00:00,311.665,318.8,309.147,315.95,6346.34516715
2021-07-06 16:00:00+00:00,316.053,320.719,312.645,319.41,7424.5292206
2021-07-06 20:00:00+00:00,319.46,321.309,313.612,320.011,6930.29914015
2021-07-07 00:00:00+00:00,320.0,329.949,318.45,328.505,9412.01122548
2021-07-07 04:00:00+00:00,328.485,336.524,326.915,331.68,8509.79419181
2021-07-07 08:00:00+00:00,331.796,335.33,328.158,333.401,4412.79309247
2021-07-07 12:00:00+00:00,333.444,339.68,333.04,334.525,6753.79527036
2021-07-07 16:00:00+00:00,334.416,339.0,331.76,337.827,4669.83664313
2021-07-07 20:00:00+00:00,337.827,337.827,326.132,327.701,7749.39745345
2021-07-08 00:00:00+00:00,327.52,328.039,317.129,322.1,10276.78446067
2021-07-08 04:00:00+00:00,322.1,322.72,310.107,312.973,7560.81442576
2021-07-08 08:00:00+00:00,312.803,317.4,310.101,317.129,4315.17136318
2021-07-08 12:00:00+00:00,317.19,318.29,311.698,316.301,4736.13833795
2021-07-08 16:00:00+00:00,316.321,317.6,312.78,317.013,3820.24139403
2021-07-08 20:00:00+00:00,317.161,317.599,304.612,310.148,7364.29178169
2021-07-09 00:00:00+00:00,310.22,310.573,301.788,308.849,4748.41393934
2021-07-09 04:00:00+00:00,308.852,313.422,308.21,310.313,2192.63494739
2021-07-09 08:00:00+00:00,310.421,310.6,306.024,307.403,2727.23128009
2021-07-09 12:00:00+00:00,307.399,316.979,305.409,316.007,5481.94023798
2021-07-09 16:00:00+00:00,316.094,317.71,311.7,313.528,3127.04128197
2021-07-09 20:00:00+00:00,313.528,319.7,312.544,317.086,3273.38493261
2021-07-10 00:00:00+00:00,317.072,321.25,314.394,315.221,4565.21153309
2021-07-10 04:00:00+00:00,315.056,315.714,311.0,313.592,2776.97003325
2021-07-10 08:00:00+00:00,313.631,315.349,310.806,313.709,2293.25641298
2021-07-10 12:00:00+00:00,313.608,317.463,312.453,317.01,2559.17586811
2021-07-10 16:00:00+00:00,316.979,320.077,312.001,314.017,4345.63964256
2021-07-10 20:00:00+00:00,313.972,318.0,311.662,316.084,3057.66980519
2021-07-11 00:00:00+00:00,316.175,318.479,313.341,313.874,2501.4592863
2021-07-11 04:00:00+00:00,313.918,316.557,312.255,315.55,2087.51157085
2021-07-11 08:00:00+00:00,315.95,321.324,315.0,321.175,2538.5851954
2021-07-11 12:00:00+00:00,321.33,325.799,319.4,325.337,3465.19666896
2021-07-11 16:00:00+00:00,325.338,325.649,319.714,322.727,4747.98992632
2021-07-11 20:00:00+00:00,322.785,326.811,320.118,322.074,2963.4755099
2021-07-12 00:00:00+00:00,322.134,329.976,320.47,328.663,3066.82941234
2021-07-12 04:00:00+00:00,328.904,334.0,326.144,331.342,4330.03502008
2021-07-12 08:00:00+00:00,331.294,334.179,320.822,320.822,4297.58208577
2021-07-12 12:00:00+00:00,320.82,324.524,320.035,320.875,6086.40874668
2021-07-12 16:00:00+00:00,320.964,322.009,309.53,311.771,8952.41241265
2021-07-12 20:00:00+00:00,311.232,317.459,307.597,316.126,3549.9173778
2021-07-13 00:00:00+00:00,316.035,318.16,313.965,315.974,2841.29834936
2021-07-13 04:00:00+00:00,315.995,316.62,308.151,314.655,4803.42183301
2021-07-13 08:00:00+00:00,314.636,316.215,310.58,311.777,2661.02768227
2021-07-13 12:00:00+00:00,311.801,313.186,304.604,311.65,6830.1963922
2021-07-13 16:00:00+00:00,311.792,312.616,305.38,306.017,3766.75894621
2021-07-13 20:00:00+00:00,305.918,309.553,305.17,308.837,2813.54789501
2021-07-14 00:00:00+00:00,308.837,309.297,291.72,294.495,9178.84924241
2021-07-14 04:00:00+00:00,294.492,296.92,291.77,295.221,4278.93484809
2021-07-14 08:00:00+00:00,295.063,306.67,290.32,303.34,6828.11735229
2021-07-14 12:00:00+00:00,303.618,313.317,300.94,309.511,7794.07807741
2021-07-14 16:00:00+00:00,309.517,312.57,307.12,308.541,3401.39304747
2021-07-14 20:00:00+00:00,308.436,311.33,307.616,309.311,2632.26843431
2021-07-15 00:00:00+00:00,309.312,314.6,305.773,306.105,3809.72154031
2021-07-15 04:00:00+00:00,306.128,306.617,301.541,303.299,2302.20494366
2021-07-15 08:00:00+00:00,303.118,324.143,302.882,312.011,11044.65413933
2021-07-15 12:00:00+00:00,312.175,315.716,305.76,312.641,7126.45326577
2021-07-15 16:00:00+00:00,312.833,316.873,305.025,315.808,5484.40239871
2021-07-15 20:00:00+00:00,315.922,322.0,312.537,315.953,6495.55889979
2021-07-16 00:00:00+00:00,315.96,323.571,311.49,320.299,5918.46630497
2021-07-16 04:00:00+00:00,320.679,322.0,309.697,313.0,4095.428028
2021-07-16 08:00:00+00:00,313.023,314.878,301.701,302.78,7099.89705187
2021-07-16 12:00:00+00:00,302.78,312.4,302.59,311.929,7012.50626374
2021-07-16 16:00:00+00:00,311.93,312.2,306.214,307.5,4444.87963318
2021-07-16 20:00:00+00:00,307.55,308.399,302.508,303.02,4459.89453463
2021-07-17 00:00:00+00:00,302.869,306.65,294.472,297.254,6648.38413294
2021-07-17 04:00:00+00:00,297.27,302.7,296.585,299.393,2506.38830932
2021-07-17 08:00:00+00:00,299.524,305.689,296.92,299.366,4352.01501352
2021-07-17 12:00:00+00:00,299.247,303.109,298.401,300.327,3874.59254138
2021-07-17 16:00:00+00:00,300.343,304.12,299.25,303.538,3361.10946792
2021-07-17 20:00:00+00:00,303.588,304.166,299.51,300.464,2478.73516159
2021-07-18 00:00:00+00:00,300.63,309.135,299.999,305.846,3371.2172792
2021-07-18 04:00:00+00:00,305.95,306.544,302.334,303.531,1965.42385291
2021-07-18 08:00:00+00:00,303.414,306.41,303.192,305.95,2238.84606517
2021-07-18 12:00:00+00:00,306.091,306.943,299.001,302.122,3577.10916034
2021-07-18 16:00:00+00:00,302.036,306.123,300.851,304.041,2542.17690043
2021-07-18 20:00:00+00:00,304.034,308.058,300.816,302.177,3912.66570115
2021-07-19 00:00:00+00:00,302.113,303.67,297.556,299.079,3329.89041955
2021-07-19 04:00:00+00:00,298.991,302.936,298.08,299.958,3190.67932967
2021-07-19 08:00:00+00:00,299.939,300.657,295.221,295.343,2772.9320175
2021-07-19 12:00:00+00:00,295.305,295.417,279.0,283.965,13552.89302741
2021-07-19 16:00:00+00:00,283.879,286.62,280.76,283.089,5337.88401578
2021-07-19 20:00:00+00:00,283.257,283.888,279.45,280.445,3238.69263129
2021-07-20 00:00:00+00:00,280.529,283.519,258.315,259.515,12545.27161377
2021-07-20 04:00:00+00:00,259.563,267.598,259.315,266.731,5858.85169601
2021-07-20 08:00:00+00:00,266.81,267.336,254.555,263.607,8296.98462765
2021-07-20 12:00:00+00:00,263.712,271.377,259.471,269.336,7691.63087891
2021-07-20 16:00:00+00:00,269.232,271.309,264.841,268.527,4362.28273519
2021-07-20 20:00:00+00:00,268.553,270.956,261.33,264.321,6168.79506595
2021-07-21 00:00:00+00:00,264.384,270.83,261.085,269.82,5017.22903569
2021-07-21 04:00:00+00:00,269.842,284.375,269.842,280.639,8577.83291994
2021-07-21 08:00:00+00:00,280.551,288.5,278.78,287.355,3843.29170059
2021-07-21 12:00:00+00:00,287.373,291.51,283.838,290.949,4453.8906616
2021-07-21 16:00:00+00:00,291.201,298.829,284.403,285.347,10358.47182358
2021-07-21 20:00:00+00:00,285.351,293.586,284.471,293.117,5624.16811335
2021-07-22 00:00:00+00:00,293.316,297.2,287.44,290.761,4299.83729028
2021-07-22 04:00:00+00:00,290.655,297.3,289.327,295.564,4447.76417968
2021-07-22 08:00:00+00:00,295.587,297.5,289.898,293.741,4986.28207171
2021-07-22 12:00:00+00:00,293.517,297.48,289.68,296.731,4788.09957303
2021-07-22 16:00:00+00:00,296.8,298.431,293.052,295.095,3719.76603533
2021-07-22 20:00:00+00:00,295.111,295.44,288.537,293.404,3133.72798164
2021-07-23 00:00:00+00:00,293.229,297.873,291.943,295.226,4066.41358764
2021-07-23 04:00:00+00:00,295.372,301.361,295.215,297.872,4910.6659457
2021-07-23 08:00:00+00:00,297.9,298.049,289.136,289.147,5279.56757296
2021-07-23 12:00:00+00:00,289.135,292.126,286.253,287.176,6156.35635918
2021-07-23 16:00:00+00:00,287.287,287.313,281.336,284.347,4801.06930029
2021-07-23 20:00:00+00:00,284.369,299.271,283.814,299.271,7245.28795226
2021-07-24 00:00:00+00:00,299.272,300.171,295.866,299.727,4759.22205216
2021-07-24 04:00:00+00:00,299.877,305.396,299.648,302.543,4162.61740695
2021-07-24 08:00:00+00:00,302.87,303.92,300.19,302.875,3009.08365132
2021-07-24 12:00:00+00:00,302.785,304.534,301.0,302.38,2972.02110792
2021-07-24 16:00:00+00:00,302.279,307.76,297.22,297.955,6662.53885262
2021-07-24 20:00:00+00:00,297.955,301.81,295.465,301.509,3735.92513977
2021-07-25 00:00:00+00:00,301.518,303.459,295.921,298.251,3919.64978055
2021-07-25 04:00:00+00:00,298.25,304.254,297.889,302.261,3532.49087455
2021-07-25 08:00:00+00:00,302.293,303.658,298.878,300.123,2286.40450849
2021-07-25 12:00:00+00:00,300.212,300.212,292.521,296.433,4023.16394953
2021-07-25 16:00:00+00:00,296.275,299.3,294.9,298.465,3328.64746045
2021-07-25 20:00:00+00:00,298.333,302.776,297.238,302.776,3266.07363867
2021-07-26 00:00:00+00:00,302.744,328.0,302.094,322.24,15912.73472483
2021-07-26 04:00:00+00:00,322.246,325.93,313.67,317.534,6874.1466321
2021-07-26 08:00:00+00:00,317.538,320.44,314.48,318.956,4181.80140343
2021-07-26 12:00:00+00:00,318.842,321.09,314.5,318.662,4767.87543589
2021-07-26 16:00:00+00:00,318.379,325.0,316.367,317.775,8569.9436778
2021-07-26 20:00:00+00:00,317.823,318.263,301.111,304.02,12327.93191081
2021-07-27 00:00:00+00:00,304.001,307.74,298.0,301.233,6550.73228008
2021-07-27 04:00:00+00:00,301.39,304.31,300.44,304.287,1097.52780038
2021-07-27 08:00:00+00:00,304.29,315.999,302.901,315.247,3794.51576987
2021-07-27 12:00:00+00:00,315.509,318.294,310.53,312.644,6087.67781389
2021-07-27 16:00:00+00:00,312.597,313.813,303.57,305.985,6352.11419965
2021-07-27 20:00:00+00:00,306.076,314.5,306.061,313.561,6997.69139617
2021-07-28 00:00:00+00:00,313.61,316.599,308.69,311.358,6188.91980155
2021-07-28 04:00:00+00:00,311.415,315.57,308.31,314.256,3246.58440045
2021-07-28 08:00:00+00:00,314.294,318.732,311.79,317.292,3534.76639191
2021-07-28 12:00:00+00:00,317.306,317.547,311.603,314.213,3364.98636677
2021-07-28 16:00:00+00:00,314.306,317.2,307.96,314.478,7818.01972124
2021-07-28 20:00:00+00:00,314.421,314.693,311.427,313.796,3917.0808341
2021-07-29 00:00:00+00:00,313.515,314.11,308.56,310.181,6063.91086665
2021-07-29 04:00:00+00:00,310.233,315.7,309.431,313.457,4647.28945317
2021-07-29 08:00:00+00:00,313.458,316.0,310.57,311.542,4067.34208609
2021-07-29 12:00:00+00:00,311.667,315.299,310.701,314.224,3764.41682105
2021-07-29 16:00:00+00:00,314.343,315.411,312.332,313.278,4699.06814373
2021-07-29 20:00:00+00:00,313.247,320.14,312.697,317.091,4945.24828542
2021-07-30 00:00:00+00:00,317.195,325.64,315.01,321.733,6898.92996411
2021-07-30 04:00:00+00:00,321.769,322.37,318.341,319.117,3100.12663326
2021-07-30 08:00:00+00:00,319.088,319.206,306.32,309.273,6554.44017256
2021-07-30 12:00:00+00:00,309.273,312.093,308.167,311.897,3616.93470869
2021-07-30 16:00:00+00:00,311.957,314.37,310.48,314.339,3628.81962031
2021-07-30 20:00:00+00:00,314.38,323.0,313.851,322.666,8106.99058615
2021-07-31 00:00:00+00:00,322.58,324.347,320.54,322.561,4758.34045763
2021-07-31 04:00:00+00:00,322.562,323.507,317.325,319.91,4711.49203031
2021-07-31 08:00:00+00:00,319.987,337.58,319.665,331.614,6677.77737664
2021-07-31 12:00:00+00:00,331.825,332.394,326.343,329.521,7467.5386358
2021-07-31 16:00:00+00:00,329.668,332.471,326.821,330.983,4791.48960654
2021-07-31 20:00:00+00:00,330.891,338.339,329.95,332.449,7986.68158477
2021-08-01 00:00:00+00:00,332.408,347.96,330.479,346.729,8433.10909534
2021-08-01 04:00:00+00:00,346.715,347.248,340.47,341.597,6724.33016507
2021-08-01 08:00:00+00:00,341.62,344.653,336.701,340.175,4200.61057999
2021-08-01 12:00:00+00:00,340.123,342.215,337.098,338.805,6624.37085151
2021-08-01 16:00:00+00:00,338.752,340.448,331.98,339.14,8636.60494966
2021-08-01 20:00:00+00:00,339.449,344.032,328.68,332.631,11463.5527521
2021-08-02 00:00:00+00:00,332.754,334.485,326.25,329.917,7058.86322966
2021-08-02 04:00:00+00:00,330.002,338.13,328.533,336.065,3755.82330118
2021-08-02 08:00:00+00:00,336.216,336.999,330.09,332.67,4268.59769592
2021-08-02 12:00:00+00:00,332.846,335.672,327.501,334.093,6728.10681072
2021-08-02 16:00:00+00:00,334.279,336.967,330.49,331.576,5631.37041142
2021-08-02 20:00:00+00:00,331.372,333.678,328.051,330.654,4776.56519695
2021-08-03 00:00:00+00:00,330.52,334.68,325.2,326.135,5477.18903008
2021-08-03 04:00:00+00:00,326.065,327.862,318.077,323.16,5813.44297151
2021-08-03 08:00:00+00:00,323.22,324.546,321.114,321.114,3153.18709178
2021-08-03 12:00:00+00:00,321.1,324.735,316.999,321.352,6985.90940812
2021-08-03 16:00:00+00:00,321.57,324.006,319.411,321.352,6722.63783218
2021-08-03 20:00:00+00:00,321.351,324.898,319.894,323.432,5425.85046656
2021-08-04 00:00:00+00:00,323.352,325.312,320.625,321.206,4534.58610163
2021-08-04 04:00:00+00:00,321.206,324.259,320.433,321.727,3687.43681756
2021-08-04 08:00:00+00:00,321.886,324.07,319.822,323.499,3031.90360511
2021-08-04 12:00:00+00:00,323.499,333.973,323.499,332.216,8212.51153365
2021-08-04 16:00:00+00:00,332.398,335.42,331.28,334.497,4914.61374757
2021-08-04 20:00:00+00:00,334.293,337.28,333.13,334.9,4519.42740795
2021-08-05 00:00:00+00:00,334.745,336.461,331.261,334.419,4523.72216188
2021-08-05 04:00:00+00:00,334.218,335.041,328.29,329.775,3453.67414837
2021-08-05 08:00:00+00:00,329.579,331.298,323.575,327.221,5979.5548685
2021-08-05 12:00:00+00:00,327.0,333.039,323.521,330.295,9268.85150228
2021-08-05 16:00:00+00:00,330.185,340.0,329.994,336.946,8285.94123057
2021-08-05 20:00:00+00:00,336.994,341.137,335.268,337.941,8364.09841282
2021-08-06 00:00:00+00:00,337.982,339.459,333.342,333.558,4830.42883979
2021-08-06 04:00:00+00:00,333.556,337.629,332.28,335.477,3381.76342188
2021-08-06 08:00:00+00:00,335.148,336.516,332.561,332.859,3868.20362234
2021-08-06 12:00:00+00:00,332.797,343.5,331.127,343.151,8495.55689052
2021-08-06 16:00:00+00:00,343.24,347.306,340.393,342.206,8855.14036418
2021-08-06 20:00:00+00:00,342.386,343.569,338.36,342.216,5436.40371652
2021-08-07 00:00:00+00:00,342.308,351.159,340.33,350.318,8483.95339654
2021-08-07 04:00:00+00:00,350.369,353.49,346.249,347.772,5642.3461161
2021-08-07 08:00:00+00:00,347.754,357.504,347.0,356.201,6680.7528653
2021-08-07 12:00:00+00:00,356.198,359.63,348.415,351.7,9312.52127167
2021-08-07 16:00:00+00:00,351.796,352.258,344.318,351.377,8986.24202362
2021-08-07 20:00:00+00:00,351.361,356.721,348.726,356.075,6188.26850142
2021-08-08 00:00:00+00:00,356.087,358.279,347.883,353.716,8118.31728082
2021-08-08 04:00:00+00:00,353.895,359.814,350.596,355.544,6071.63933632
2021-08-08 08:00:00+00:00,355.723,357.29,349.66,350.48,5675.07375569
2021-08-08 12:00:00+00:00,350.43,355.6,344.721,346.268,6537.46860289
2021-08-08 16:00:00+00:00,346.449,348.02,336.881,339.914,9010.74061039
2021-08-08 20:00:00+00:00,339.905,345.439,338.15,341.762,5255.73662209
2021-08-09 00:00:00+00:00,341.757,343.558,333.342,339.215,6373.56868292
2021-08-09 04:00:00+00:00,339.322,344.0,338.404,343.589,4627.0626058
2021-08-09 08:00:00+00:00,343.449,357.369,342.21,357.258,7174.72275815
2021-08-09 12:00:00+00:00,357.325,357.646,351.24,355.962,7876.62502535
2021-08-09 16:00:00+00:00,355.855,357.0,352.52,353.612,6695.91049192
2021-08-09 20:00:00+00:00,353.612,355.588,347.28,354.429,8163.19758997
2021-08-10 00:00:00+00:00,354.313,356.0,350.024,350.84,4450.5960168
2021-08-10 04:00:00+00:00,350.709,355.32,349.0,354.838,4909.32152881
2021-08-10 08:00:00+00:00,354.812,359.0,353.321,355.514,6767.56948867
2021-08-10 12:00:00+00:00,355.456,376.5,355.0,369.372,16867.93701071
2021-08-10 16:00:00+00:00,369.427,371.696,361.921,370.956,8347.30119004
2021-08-10 20:00:00+00:00,371.144,374.93,369.1,372.032,7317.86915825
2021-08-11 00:00:00+00:00,372.006,382.61,371.261,378.976,8781.67082345
2021-08-11 04:00:00+00:00,379.017,390.494,377.646,387.728,8498.1476219
2021-08-11 08:00:00+00:00,387.787,389.64,384.42,386.268,5634.70837017
2021-08-11 12:00:00+00:00,386.156,401.7,384.057,396.822,13081.48777814
2021-08-11 16:00:00+00:00,396.822,402.329,394.78,401.412,6816.32806319
2021-08-11 20:00:00+00:00,401.313,408.559,387.35,390.96,15720.41305065
2021-08-12 00:00:00+00:00,390.94,406.278,388.88,399.591,9155.28139456
2021-08-12 04:00:00+00:00,399.581,401.449,377.5,387.472,14345.02511901
2021-08-12 08:00:00+00:00,387.259,392.5,381.44,383.078,7958.52728886
2021-08-12 12:00:00+00:00,383.103,386.219,371.657,376.356,9371.71491838
2021-08-12 16:00:00+00:00,376.384,385.45,371.627,383.742,8211.03100923
2021-08-12 20:00:00+00:00,383.666,387.41,376.211,385.571,7194.00766965
2021-08-13 00:00:00+00:00,385.745,396.32,383.0,394.777,11387.76760327
2021-08-13 04:00:00+00:00,394.881,404.755,390.042,402.852,9408.65523603
2021-08-13 08:00:00+00:00,403.152,406.278,397.571,398.713,6220.6300338
2021-08-13 12:00:00+00:00,398.857,402.796,392.39,395.996,6904.99998493
2021-08-13 16:00:00+00:00,395.927,399.5,393.541,396.037,4530.10707166
2021-08-13 20:00:00+00:00,396.024,411.237,395.15,410.967,8323.46151151
2021-08-14 00:00:00+00:00,410.877,411.075,404.584,407.229,7245.61892926
2021-08-14 04:00:00+00:00,407.298,417.738,404.348,415.74,7073.08731868
2021-08-14 08:00:00+00:00,416.032,418.73,400.074,406.805,10487.77921095
2021-08-14 12:00:00+00:00,406.597,411.731,401.001,409.405,9518.06634667
2021-08-14 16:00:00+00:00,409.392,410.0,404.17,407.983,7889.09349752
2021-08-14 20:00:00+00:00,407.771,411.223,400.1,408.539,7211.52175155
2021-08-15 00:00:00+00:00,408.638,411.0,404.6,404.819,6746.99861939
2021-08-15 04:00:00+00:00,404.846,405.672,396.181,398.144,5498.63919109
2021-08-15 08:00:00+00:00,397.905,404.933,396.285,403.486,4887.80723084
2021-08-15 12:00:00+00:00,403.188,407.056,398.03,403.515,4835.96306626
2021-08-15 16:00:00+00:00,403.668,406.299,399.218,406.299,5553.76331998
2021-08-15 20:00:00+00:00,406.3,414.825,406.133,414.159,7063.51449732
2021-08-16 00:00:00+00:00,414.127,418.439,410.794,410.948,7770.67561752
2021-08-16 04:00:00+00:00,411.069,424.352,411.069,420.411,8180.22379929
2021-08-16 08:00:00+00:00,420.381,432.764,419.7,430.281,9744.26893704
2021-08-16 12:00:00+00:00,430.28,436.797,420.67,426.25,14759.36573072
2021-08-16 16:00:00+00:00,426.32,429.192,419.998,420.51,7122.996588
2021-08-16 20:00:00+00:00,420.52,423.071,412.881,415.78,9186.50511543
2021-08-17 00:00:00+00:00,415.75,429.464,408.454,426.76,8733.54338204
2021-08-17 04:00:00+00:00,427.084,429.559,416.1,418.781,8449.76071088
2021-08-17 08:00:00+00:00,418.781,434.763,418.737,432.835,10169.01647278
2021-08-17 12:00:00+00:00,432.755,435.862,418.531,418.97,9178.32164712
2021-08-17 16:00:00+00:00,419.057,426.391,413.432,415.262,11571.68388822
2021-08-17 20:00:00+00:00,415.182,416.095,398.665,401.878,14424.94476599
2021-08-18 00:00:00+00:00,401.847,406.56,385.66,396.649,16131.3716934
2021-08-18 04:00:00+00:00,396.65,405.322,395.101,397.822,8779.83470405
2021-08-18 08:00:00+00:00,397.428,402.987,389.49,390.498,6945.3116931
2021-08-18 12:00:00+00:00,390.69,408.615,390.62,408.419,8743.43853929
2021-08-18 16:00:00+00:00,408.498,412.2,395.311,396.449,11880.67420851
2021-08-18 20:00:00+00:00,396.44,403.462,390.12,396.191,6390.54450535
2021-08-19 00:00:00+00:00,396.206,405.26,392.373,393.1,9101.79217748
2021-08-19 04:00:00+00:00,393.065,399.12,390.724,397.38,7314.05578801
2021-08-19 08:00:00+00:00,397.38,407.3,397.38,400.129,7916.65570966
2021-08-19 12:00:00+00:00,400.197,423.895,399.932,422.955,11996.92346237
2021-08-19 16:00:00+00:00,422.679,429.997,416.656,429.0,12267.62539686
2021-08-19 20:00:00+00:00,429.196,431.5,425.001,431.1,7182.65951851
2021-08-20 00:00:00+00:00,431.142,436.3,427.54,430.262,10242.99161794
2021-08-20 04:00:00+00:00,430.386,430.957,423.774,425.447,7063.12208857
2021-08-20 08:00:00+00:00,425.447,431.49,421.774,427.349,6185.9697349
2021-08-20 12:00:00+00:00,427.239,449.425,427.069,447.658,12353.38523845
2021-08-20 16:00:00+00:00,447.658,453.729,442.32,448.65,12293.31377976
2021-08-20 20:00:00+00:00,448.813,457.84,447.98,454.825,6504.78318532
2021-08-21 00:00:00+00:00,454.929,455.39,444.7,455.247,5996.74970255
2021-08-21 04:00:00+00:00,455.395,459.233,451.7,459.143,8395.22152886
2021-08-21 08:00:00+00:00,459.095,460.0,442.703,448.195,8791.47695777
2021-08-21 12:00:00+00:00,448.017,459.722,447.41,454.365,9351.3469122
2021-08-21 16:00:00+00:00,454.417,457.271,445.57,447.577,6853.40596441
2021-08-21 20:00:00+00:00,447.443,454.38,444.837,448.99,6954.67869266
2021-08-22 00:00:00+00:00,448.729,454.25,447.401,448.383,5512.57953557
2021-08-22 04:00:00+00:00,448.189,457.214,448.189,455.675,4057.74282784
2021-08-22 08:00:00+00:00,455.672,458.24,452.137,455.628,5229.17035475
2021-08-22 12:00:00+00:00,455.586,456.27,439.0,444.0,7321.09631144
2021-08-22 16:00:00+00:00,444.148,446.95,437.923,443.486,7127.50776767
2021-08-22 20:00:00+00:00,443.433,450.032,438.576,448.63,5129.42811202
2021-08-23 00:00:00+00:00,448.563,463.2,446.447,463.2,8591.30623107
2021-08-23 04:00:00+00:00,463.199,487.4,462.783,484.941,14187.60701734
2021-08-23 08:00:00+00:00,485.097,505.874,483.8,498.756,14082.9812481
2021-08-23 12:00:00+00:00,499.111,505.44,489.352,497.146,14154.98884309
2021-08-23 16:00:00+00:00,497.36,509.902,495.617,499.413,15898.09617995
2021-08-23 20:00:00+00:00,499.0,508.542,495.609,499.32,8473.22788782
2021-08-24 00:00:00+00:00,499.021,504.147,490.773,494.667,10034.23324261
2021-08-24 04:00:00+00:00,494.704,499.153,491.25,496.235,6687.10591713
2021-08-24 08:00:00+00:00,496.188,498.369,484.864,493.8,7461.80469184
2021-08-24 12:00:00+00:00,493.83,493.879,470.016,472.6,11530.70114282
2021-08-24 16:00:00+00:00,472.75,480.228,461.064,477.887,10883.45267844
2021-08-24 20:00:00+00:00,478.141,483.308,470.48,471.85,7013.64007792
2021-08-25 00:00:00+00:00,471.534,484.4,471.456,476.955,8336.9787979
2021-08-25 04:00:00+00:00,476.649,496.04,476.1,487.924,7876.64412218
2021-08-25 08:00:00+00:00,487.767,488.487,470.0,479.788,8219.73538131
2021-08-25 12:00:00+00:00,479.9,508.0,477.521,502.328,18898.48897553
2021-08-25 16:00:00+00:00,502.328,507.0,498.199,499.484,12351.84608921
2021-08-25 20:00:00+00:00,499.509,504.764,496.68,503.294,7406.20574464
2021-08-26 00:00:00+00:00,503.236,518.714,490.118,493.048,15537.47234253
2021-08-26 04:00:00+00:00,492.544,495.1,471.93,483.119,17721.32063502
2021-08-26 08:00:00+00:00,482.804,490.459,478.25,483.442,13131.03782976
2021-08-26 12:00:00+00:00,483.4,492.996,475.227,481.019,16604.85879555
2021-08-26 16:00:00+00:00,481.37,484.6,471.329,479.32,10791.48575663
2021-08-26 20:00:00+00:00,479.165,487.7,477.43,478.075,7250.48652643
2021-08-27 00:00:00+00:00,478.056,489.079,467.421,473.987,11137.20312768
2021-08-27 04:00:00+00:00,474.324,481.098,468.333,480.999,7611.18181935
2021-08-27 08:00:00+00:00,480.963,487.617,474.525,482.108,6886.75774476
2021-08-27 12:00:00+00:00,482.108,494.6,477.962,488.991,9708.88677041
2021-08-27 16:00:00+00:00,488.99,490.439,484.851,487.128,6330.65609856
2021-08-27 20:00:00+00:00,487.032,494.892,485.133,494.378,7711.18305133
2021-08-28 00:00:00+00:00,494.533,496.788,486.299,487.452,7139.17778715
2021-08-28 04:00:00+00:00,487.46,489.731,483.18,486.702,4255.01150583
2021-08-28 08:00:00+00:00,486.612,489.029,483.149,484.394,4703.50634212
2021-08-28 12:00:00+00:00,484.07,489.719,482.314,486.072,5380.92078989
2021-08-28 16:00:00+00:00,486.188,490.019,483.71,485.417,4872.01979834
2021-08-28 20:00:00+00:00,485.223,488.8,483.591,485.965,3456.63570831
2021-08-29 00:00:00+00:00,485.965,495.405,480.17,481.598,5895.67195512
2021-08-29 04:00:00+00:00,481.597,487.969,478.74,487.613,3755.09519432
2021-08-29 08:00:00+00:00,487.472,489.644,483.552,484.274,4293.55201856
2021-08-29 12:00:00+00:00,484.171,487.329,480.1,483.076,4396.24412443
2021-08-29 16:00:00+00:00,483.321,484.43,475.881,481.986,6151.94939959
2021-08-29 20:00:00+00:00,482.077,483.989,478.0,479.789,5724.83561403
2021-08-30 00:00:00+00:00,479.516,480.609,471.0,473.48,7576.97143359
2021-08-30 04:00:00+00:00,473.418,478.565,472.043,478.418,6279.42960132
2021-08-30 08:00:00+00:00,478.323,479.606,472.15,474.042,5176.18949628
2021-08-30 12:00:00+00:00,474.253,474.253,461.9,472.306,12153.7230788
2021-08-30 16:00:00+00:00,472.513,478.637,470.897,478.069,9427.57312011
2021-08-30 20:00:00+00:00,478.148,480.795,456.51,459.766,9723.08361613
2021-08-31 00:00:00+00:00,459.712,462.644,451.732,461.497,11522.14802758
2021-08-31 04:00:00+00:00,461.298,468.831,455.46,468.079,9094.606722
2021-08-31 08:00:00+00:00,468.013,472.36,458.647,470.279,10830.75948918
2021-08-31 12:00:00+00:00,470.6,477.368,467.094,472.047,11309.37657756
2021-08-31 16:00:00+00:00,472.064,474.42,463.53,468.531,8167.94124453
2021-08-31 20:00:00+00:00,468.581,468.89,457.565,464.0,9074.43404049
2021-09-01 00:00:00+00:00,464.0,465.871,455.187,463.144,10085.15638317
2021-09-01 04:00:00+00:00,463.002,470.238,462.186,468.536,6860.42750767
2021-09-01 08:00:00+00:00,468.581,481.706,467.831,481.5,8995.10110733
2021-09-01 12:00:00+00:00,481.51,484.586,477.229,479.523,11165.45731754
2021-09-01 16:00:00+00:00,479.672,489.14,478.1,484.462,14402.54179176
2021-09-01 20:00:00+00:00,484.409,490.0,482.38,489.202,8455.13188511
2021-09-02 00:00:00+00:00,489.248,504.92,486.172,492.947,13884.46436775
2021-09-02 04:00:00+00:00,493.226,495.916,487.001,489.517,7720.29372006
2021-09-02 08:00:00+00:00,489.516,493.285,488.26,492.217,5222.30458071
2021-09-02 12:00:00+00:00,492.218,494.798,478.18,482.253,13612.45572305
2021-09-02 16:00:00+00:00,482.35,487.06,481.875,486.241,8745.2664722
2021-09-02 20:00:00+00:00,486.261,491.014,483.411,483.465,7962.428945
2021-09-03 00:00:00+00:00,483.54,487.365,472.91,486.953,9546.37485912
2021-09-03 04:00:00+00:00,486.981,489.249,482.214,484.205,6973.13084014
2021-09-03 08:00:00+00:00,484.215,493.38,483.315,489.675,10654.70602547
2021-09-03 12:00:00+00:00,489.454,494.662,487.774,492.966,9895.92760873
2021-09-03 16:00:00+00:00,492.965,493.73,488.4,489.952,8592.85502482
2021-09-03 20:00:00+00:00,489.816,490.37,483.631,488.472,7353.4670512
2021-09-04 00:00:00+00:00,488.439,492.897,485.252,489.629,6736.13716526
2021-09-04 04:00:00+00:00,489.602,493.585,487.686,489.954,6606.87548877
2021-09-04 08:00:00+00:00,489.934,495.0,487.323,490.05,10766.31744409
2021-09-04 12:00:00+00:00,489.882,511.264,489.673,500.183,24754.82673299
2021-09-04 16:00:00+00:00,500.071,501.767,489.67,494.528,11751.96164727
2021-09-04 20:00:00+00:00,494.328,503.115,494.059,497.691,8423.18758778
2021-09-05 00:00:00+00:00,497.814,500.557,491.297,492.88,7467.20132588
2021-09-05 04:00:00+00:00,492.866,495.189,488.379,494.234,6215.02978796
2021-09-05 08:00:00+00:00,494.156,497.715,491.602,493.366,6275.63836744
2021-09-05 12:00:00+00:00,493.486,499.435,492.695,495.214,7046.4334298
2021-09-05 16:00:00+00:00,495.173,500.0,494.998,497.872,9680.51455211
2021-09-05 20:00:00+00:00,497.94,505.292,497.94,504.94,10589.3788705
2021-09-06 00:00:00+00:00,504.96,508.998,496.946,498.905,9402.00421661
2021-09-06 04:00:00+00:00,498.906,505.686,497.272,504.284,5354.56817275
2021-09-06 08:00:00+00:00,504.125,507.084,496.397,497.796,9850.8031574
2021-09-06 12:00:00+00:00,497.807,499.119,486.512,497.79,12450.15129277
2021-09-06 16:00:00+00:00,497.662,499.599,495.57,497.202,7762.72559001
2021-09-06 20:00:00+00:00,497.239,500.129,493.541,495.886,8537.58072551
2021-09-07 00:00:00+00:00,495.994,504.898,494.5,495.598,11934.36886511
2021-09-07 04:00:00+00:00,495.6,498.0,489.281,491.626,7524.32511108
2021-09-07 08:00:00+00:00,491.078,491.148,458.351,469.247,20162.31024095
2021-09-07 12:00:00+00:00,469.031,473.5,355.253,414.634,38280.25941304
2021-09-07 16:00:00+00:00,415.652,436.419,405.824,413.529,31016.40380981
2021-09-07 20:00:00+00:00,413.426,421.933,405.019,418.769,16260.72466398
2021-09-08 00:00:00+00:00,418.633,425.34,411.076,413.187,15956.50698183
2021-09-08 04:00:00+00:00,413.486,420.079,390.004,390.465,21206.82115832
2021-09-08 08:00:00+00:00,390.565,413.0,382.428,408.728,21791.09203039
2021-09-08 12:00:00+00:00,408.67,417.541,406.201,413.65,14614.09170321
2021-09-08 16:00:00+00:00,413.67,420.0,410.567,419.668,12814.61101474
2021-09-08 20:00:00+00:00,419.67,423.212,411.315,415.0,12651.50961019
2021-09-09 00:00:00+00:00,415.153,418.529,403.591,409.303,14387.96166989
2021-09-09 04:00:00+00:00,409.375,418.54,407.905,416.62,8726.684387
2021-09-09 08:00:00+00:00,416.655,420.299,411.561,415.984,10053.4497552
2021-09-09 12:00:00+00:00,415.985,423.5,404.865,419.953,15322.09948326
2021-09-09 16:00:00+00:00,420.11,436.029,417.093,420.254,15163.40968827
2021-09-09 20:00:00+00:00,420.205,425.391,416.521,421.3,8727.79058583
2021-09-10 00:00:00+00:00,421.3,439.38,419.52,432.336,10789.39661259
2021-09-10 04:00:00+00:00,432.352,433.749,415.5,417.805,9091.80832655
2021-09-10 08:00:00+00:00,417.655,420.196,408.215,415.806,8869.30755608
2021-09-10 12:00:00+00:00,415.856,416.905,393.499,405.416,18632.27071967
2021-09-10 16:00:00+00:00,405.571,409.452,402.04,407.747,9735.49223807
2021-09-10 20:00:00+00:00,407.684,409.519,393.6,401.512,11045.04252867
2021-09-11 00:00:00+00:00,401.273,408.86,399.491,402.576,8848.04733457
2021-09-11 04:00:00+00:00,402.459,408.324,400.5,406.34,7467.52119345
2021-09-11 08:00:00+00:00,406.311,415.207,402.786,410.2,9717.54719158
2021-09-11 12:00:00+00:00,410.295,415.01,408.67,410.923,7457.5039199
2021-09-11 16:00:00+00:00,411.0,414.51,408.28,408.518,7484.1049757
2021-09-11 20:00:00+00:00,408.523,410.828,401.654,405.07,7087.29135859
2021-09-12 00:00:00+00:00,404.852,406.248,397.64,406.248,6478.93486391
2021-09-12 04:00:00+00:00,406.25,408.555,404.117,406.964,5376.37994611
2021-09-12 08:00:00+00:00,406.802,417.266,406.5,417.218,8939.74693495
2021-09-12 12:00:00+00:00,417.266,421.828,415.799,418.219,7873.03156772
2021-09-12 16:00:00+00:00,418.227,419.577,414.205,417.347,6478.97171116
2021-09-12 20:00:00+00:00,417.282,420.257,405.51,416.492,10073.95940144
2021-09-13 00:00:00+00:00,416.395,419.61,396.785,397.488,11337.83494049
2021-09-13 04:00:00+00:00,397.407,402.76,390.641,393.44,11513.74615026
2021-09-13 08:00:00+00:00,393.361,399.23,388.989,398.419,9789.23765044
2021-09-13 12:00:00+00:00,398.482,411.535,382.349,395.064,24358.61389229
2021-09-13 16:00:00+00:00,395.064,399.0,392.751,398.56,8142.57261483
2021-09-13 20:00:00+00:00,398.693,403.399,396.815,399.046,6551.53506854
2021-09-14 00:00:00+00:00,399.047,402.598,395.83,400.839,8057.76978404
2021-09-14 04:00:00+00:00,400.839,404.64,398.457,402.044,5730.61381259
2021-09-14 08:00:00+00:00,402.073,406.88,400.72,401.486,5010.32498843
2021-09-14 12:00:00+00:00,401.489,412.24,397.928,408.78,11839.11893386
2021-09-14 16:00:00+00:00,408.871,409.743,403.886,405.181,8153.88529919
2021-09-14 20:00:00+00:00,405.242,414.489,402.554,414.37,6998.80815021
2021-09-15 00:00:00+00:00,414.253,415.193,410.005,413.093,6566.30106875
2021-09-15 04:00:00+00:00,413.003,424.16,412.14,422.108,8229.5965268
2021-09-15 08:00:00+00:00,422.069,427.96,420.842,425.602,7511.32684698
2021-09-15 12:00:00+00:00,425.535,436.616,423.813,435.059,12367.93166584
2021-09-15 16:00:00+00:00,435.102,436.021,427.727,429.619,8807.05217401
2021-09-15 20:00:00+00:00,429.572,431.697,426.246,431.345,7793.51587635
2021-09-16 00:00:00+00:00,431.307,432.968,422.072,424.549,7460.12014112
2021-09-16 04:00:00+00:00,424.523,433.019,424.385,429.876,5562.90340814
2021-09-16 08:00:00+00:00,429.876,430.975,422.345,426.641,7276.18058689
2021-09-16 12:00:00+00:00,426.5,433.173,419.0,425.789,13041.5803553
2021-09-16 16:00:00+00:00,425.789,428.6,421.905,423.286,7132.16780815
2021-09-16 20:00:00+00:00,423.5,424.995,415.605,424.221,7593.80679711
2021-09-17 00:00:00+00:00,424.257,425.858,418.417,421.409,6119.69457161
2021-09-17 04:00:00+00:00,421.409,423.74,416.561,417.237,5124.63052059
2021-09-17 08:00:00+00:00,417.499,421.979,405.842,407.966,9538.55429558
2021-09-17 12:00:00+00:00,407.509,413.096,404.759,411.892,8256.6803429
2021-09-17 16:00:00+00:00,411.895,413.829,405.824,411.407,8899.38294901
2021-09-17 20:00:00+00:00,411.434,411.8,400.34,406.549,10044.89250649
2021-09-18 00:00:00+00:00,406.853,412.957,401.575,412.63,6914.78245103
2021-09-18 04:00:00+00:00,412.83,419.959,412.83,417.757,8542.74886683
2021-09-18 08:00:00+00:00,417.757,419.241,415.006,415.513,5492.25334702
2021-09-18 12:00:00+00:00,415.658,417.876,414.0,415.52,8762.63125861
2021-09-18 16:00:00+00:00,415.519,416.06,410.02,411.788,6920.67117941
2021-09-18 20:00:00+00:00,411.646,411.999,407.58,410.656,7917.55359304
2021-09-19 00:00:00+00:00,410.673,411.134,406.153,408.336,5535.02700816
2021-09-19 04:00:00+00:00,408.566,411.529,407.416,410.857,4110.55082194
2021-09-19 08:00:00+00:00,410.782,413.632,402.985,404.628,6561.23168838
2021-09-19 12:00:00+00:00,404.33,416.072,403.314,413.436,7679.10780202
2021-09-19 16:00:00+00:00,413.429,418.993,412.235,412.567,9482.00955354
2021-09-19 20:00:00+00:00,412.247,414.957,405.0,408.36,10731.68197994
2021-09-20 00:00:00+00:00,408.732,409.751,385.501,391.114,21573.76831362
2021-09-20 04:00:00+00:00,391.072,394.382,376.968,382.354,17006.86473688
2021-09-20 08:00:00+00:00,382.181,386.96,362.45,369.211,31433.73459304
2021-09-20 12:00:00+00:00,369.059,374.612,353.398,371.053,39119.83252393
2021-09-20 16:00:00+00:00,371.153,374.8,361.24,368.658,23005.14104802
2021-09-20 20:00:00+00:00,368.54,371.577,358.881,364.129,18088.1396416
2021-09-21 00:00:00+00:00,364.13,367.199,343.036,363.648,21106.75240718
2021-09-21 04:00:00+00:00,363.816,369.973,356.461,369.677,8738.30162574
2021-09-21 08:00:00+00:00,369.978,375.7,368.018,372.416,9873.70843463
2021-09-21 12:00:00+00:00,372.516,375.289,362.061,370.019,11440.75554432
2021-09-21 16:00:00+00:00,369.869,370.57,355.138,356.979,16246.68196398
2021-09-21 20:00:00+00:00,356.991,358.53,336.373,343.799,29760.98503457
2021-09-22 00:00:00+00:00,344.299,356.279,342.36,353.288,16747.87183226
2021-09-22 04:00:00+00:00,353.186,362.326,350.039,361.608,6654.07974954
2021-09-22 08:00:00+00:00,361.49,363.433,356.689,357.398,6514.47291639
2021-09-22 12:00:00+00:00,357.327,370.149,356.492,369.677,9430.74088294
2021-09-22 16:00:00+00:00,369.76,379.4,368.481,376.09,16773.05217235
2021-09-22 20:00:00+00:00,376.036,379.87,374.403,379.09,6855.05004065
2021-09-23 00:00:00+00:00,379.042,379.942,371.351,379.738,7865.15936261
2021-09-23 04:00:00+00:00,379.887,384.0,376.416,382.875,6014.86968925
2021-09-23 08:00:00+00:00,382.974,383.449,369.133,371.4,7890.10051854
2021-09-23 12:00:00+00:00,371.434,378.926,369.525,373.544,6778.88633118
2021-09-23 16:00:00+00:00,373.543,383.607,372.966,382.662,8459.09027061
2021-09-23 20:00:00+00:00,382.564,384.549,379.2,383.564,7433.22436968
2021-09-24 00:00:00+00:00,383.457,385.173,374.251,374.808,9825.21639175
2021-09-24 04:00:00+00:00,374.664,379.439,370.45,376.88,9068.99983849
2021-09-24 08:00:00+00:00,376.611,380.282,333.616,345.166,29291.98790618
2021-09-24 12:00:00+00:00,345.001,354.6,336.55,347.909,15131.0874175
2021-09-24 16:00:00+00:00,347.8,353.901,346.642,351.98,7850.69901183
2021-09-24 20:00:00+00:00,352.095,358.936,351.584,355.136,5665.03293436
2021-09-25 00:00:00+00:00,355.139,358.665,350.701,357.31,5813.19510933
2021-09-25 04:00:00+00:00,357.31,360.802,351.38,351.913,5908.00457008
2021-09-25 08:00:00+00:00,351.91,356.31,343.478,350.592,8737.8600969
2021-09-25 12:00:00+00:00,350.666,353.119,346.06,350.676,7611.96096367
2021-09-25 16:00:00+00:00,350.842,351.9,346.765,349.91,5447.82714564
2021-09-25 20:00:00+00:00,350.02,351.219,346.435,349.651,4911.98921561
2021-09-26 00:00:00+00:00,349.573,350.57,337.308,341.503,8343.30542881
2021-09-26 04:00:00+00:00,341.597,343.346,322.67,324.891,11406.99450823
2021-09-26 08:00:00+00:00,324.787,348.089,319.645,342.417,18549.29858497
2021-09-26 12:00:00+00:00,342.675,349.9,342.651,349.763,7580.54945721
2021-09-26 16:00:00+00:00,349.718,352.352,345.751,349.346,6527.50493572
2021-09-26 20:00:00+00:00,349.505,352.584,340.211,344.013,8431.53548723
2021-09-27 00:00:00+00:00,343.957,357.549,340.741,352.39,8792.06359194
2021-09-27 04:00:00+00:00,352.305,356.597,348.5,349.451,8597.54134469
2021-09-27 08:00:00+00:00,349.311,354.189,346.768,349.596,9596.70572334
2021-09-27 12:00:00+00:00,349.579,350.99,342.992,345.629,7485.56111905
2021-09-27 16:00:00+00:00,345.788,345.95,339.13,340.434,7614.36825264
2021-09-27 20:00:00+00:00,340.334,343.332,335.032,335.579,9465.50149158
2021-09-28 00:00:00+00:00,335.335,341.162,334.0,339.74,5323.11978815
2021-09-28 04:00:00+00:00,339.862,341.651,333.65,334.217,4842.37790327
2021-09-28 08:00:00+00:00,334.346,340.489,332.793,340.015,6358.88729711
2021-09-28 12:00:00+00:00,340.09,344.553,335.091,335.5,7759.10171946
2021-09-28 16:00:00+00:00,335.535,338.105,329.83,335.984,10531.36168994
2021-09-28 20:00:00+00:00,336.07,339.011,330.0,332.912,7343.30711419
2021-09-29 00:00:00+00:00,332.812,340.619,331.337,340.381,8776.33327514
2021-09-29 04:00:00+00:00,340.593,345.105,340.393,344.838,6612.28777539
2021-09-29 08:00:00+00:00,344.838,372.316,343.092,369.818,21684.13038497
2021-09-29 12:00:00+00:00,369.818,375.28,365.724,367.918,16942.94322593
2021-09-29 16:00:00+00:00,367.751,369.63,363.41,364.411,11313.78749277
2021-09-29 20:00:00+00:00,364.411,367.918,360.187,367.559,8385.91256159
2021-09-30 00:00:00+00:00,367.662,380.2,365.712,380.149,12175.33834604
2021-09-30 04:00:00+00:00,380.191,383.369,373.675,375.18,5252.12339545
2021-09-30 08:00:00+00:00,375.019,376.681,370.646,373.033,5893.55744441
2021-09-30 12:00:00+00:00,373.033,381.07,372.553,379.119,6955.46630012
2021-09-30 16:00:00+00:00,379.305,387.41,376.772,382.617,9182.94917787
2021-09-30 20:00:00+00:00,382.6,388.8,381.14,387.562,4754.2281065
2021-10-01 00:00:00+00:00,387.514,391.66,381.61,385.212,7007.43006175
2021-10-01 04:00:00+00:00,385.448,399.21,383.7,398.773,7230.32076889
2021-10-01 08:00:00+00:00,398.946,415.912,398.0,415.34,14139.28502642
2021-10-01 12:00:00+00:00,415.341,417.158,407.272,413.464,9257.15753808
2021-10-01 16:00:00+00:00,413.464,420.699,412.096,420.45,7337.04792543
2021-10-01 20:00:00+00:00,420.46,423.4,413.731,421.443,7114.95201364
2021-10-02 00:00:00+00:00,421.443,423.172,414.5,415.4,7444.0245588
2021-10-02 04:00:00+00:00,414.822,419.039,410.683,418.516,5405.58324713
2021-10-02 08:00:00+00:00,418.545,426.076,416.901,425.29,6945.94381611
2021-10-02 12:00:00+00:00,425.29,434.0,422.194,431.8,7701.80393853
2021-10-02 16:00:00+00:00,431.747,438.1,430.281,437.935,6914.64951906
2021-10-02 20:00:00+00:00,437.92,438.081,424.535,427.103,7231.09845734
2021-10-03 00:00:00+00:00,427.115,433.184,421.608,429.776,7936.67450506
2021-10-03 04:00:00+00:00,429.552,434.079,428.162,429.22,4949.98752521
2021-10-03 08:00:00+00:00,429.197,431.55,422.696,429.174,5468.21851581
2021-10-03 12:00:00+00:00,428.809,431.64,425.615,426.756,5077.52685941
2021-10-03 16:00:00+00:00,426.861,437.1,426.024,433.46,8754.5907122
2021-10-03 20:00:00+00:00,433.46,434.543,425.871,430.467,5619.72307156
2021-10-04 00:00:00+00:00,430.56,430.709,412.67,413.767,8100.0874398
2021-10-04 04:00:00+00:00,413.838,422.509,411.61,422.509,5265.2551707
2021-10-04 08:00:00+00:00,422.509,422.853,414.373,418.296,4731.86282702
2021-10-04 12:00:00+00:00,418.302,428.519,411.2,420.621,7540.69954454
2021-10-04 16:00:00+00:00,420.711,429.44,419.527,427.179,6766.65543144
2021-10-04 20:00:00+00:00,427.411,427.99,421.003,426.212,6330.07249259
2021-10-05 00:00:00+00:00,426.297,429.758,424.099,428.764,5705.37190558
2021-10-05 04:00:00+00:00,428.721,434.356,425.209,433.957,6433.73370804
2021-10-05 08:00:00+00:00,433.948,444.0,431.349,440.656,9923.56229299
2021-10-05 12:00:00+00:00,440.752,441.338,431.935,434.825,6719.65128605
2021-10-05 16:00:00+00:00,434.743,440.258,432.701,440.258,8250.92403887
2021-10-05 20:00:00+00:00,440.259,443.883,439.798,442.165,6750.37855981
2021-10-06 00:00:00+00:00,442.279,442.744,434.32,435.906,4584.23304923
2021-10-06 04:00:00+00:00,435.9,437.18,428.4,432.357,5993.53103117
2021-10-06 08:00:00+00:00,432.365,433.204,414.823,420.422,10878.66992875
2021-10-06 12:00:00+00:00,420.608,442.603,420.099,439.707,12725.76039928
2021-10-06 16:00:00+00:00,439.674,440.463,435.0,436.403,9054.93028445
2021-10-06 20:00:00+00:00,436.457,438.5,429.003,434.759,10141.03985939
2021-10-07 00:00:00+00:00,434.9,435.145,423.572,428.743,6756.04084524
2021-10-07 04:00:00+00:00,428.655,446.48,427.531,445.0,10566.43927134
2021-10-07 08:00:00+00:00,445.056,450.208,439.208,445.045,18318.18395265
2021-10-07 12:00:00+00:00,444.935,446.6,435.0,439.306,10611.06093074
2021-10-07 16:00:00+00:00,439.528,442.66,435.49,442.114,5879.17984166
2021-10-07 20:00:00+00:00,442.093,445.198,436.878,438.409,5606.47241188
2021-10-08 00:00:00+00:00,438.308,441.621,428.907,433.46,6815.70880503
2021-10-08 04:00:00+00:00,433.273,440.371,431.019,437.163,6164.69310572
2021-10-08 08:00:00+00:00,437.23,440.902,424.074,425.105,10238.96171267
2021-10-08 12:00:00+00:00,425.106,426.321,419.191,423.497,20920.67055449
2021-10-08 16:00:00+00:00,423.645,425.268,421.062,423.461,7143.37715551
2021-10-08 20:00:00+00:00,423.46,423.558,416.358,419.154,7811.12633459
2021-10-09 00:00:00+00:00,419.19,424.78,416.032,424.183,5193.82133568
2021-10-09 04:00:00+00:00,424.036,425.89,421.105,422.871,4772.71120316
2021-10-09 08:00:00+00:00,422.958,424.964,420.27,422.453,4259.45819199
2021-10-09 12:00:00+00:00,422.572,424.561,422.24,422.763,5101.69329845
2021-10-09 16:00:00+00:00,422.766,423.498,419.104,419.971,7238.22909943
2021-10-09 20:00:00+00:00,419.937,427.5,417.41,421.555,10057.0374562
2021-10-10 00:00:00+00:00,421.998,422.243,411.4,416.905,6220.91473716
2021-10-10 04:00:00+00:00,416.755,421.87,416.081,420.585,4705.97400067
2021-10-10 08:00:00+00:00,420.566,421.98,417.001,419.153,5347.63651238
2021-10-10 12:00:00+00:00,419.103,420.629,416.512,419.741,4588.27994532
2021-10-10 16:00:00+00:00,419.657,420.19,413.448,415.123,5195.3602415
2021-10-10 20:00:00+00:00,415.006,419.0,402.093,404.261,9710.96229788
2021-10-11 00:00:00+00:00,404.068,415.97,400.075,415.909,5076.74851998
2021-10-11 04:00:00+00:00,415.97,419.962,414.601,419.817,5097.54454403
2021-10-11 08:00:00+00:00,419.818,423.905,413.206,415.14,6499.99767251
2021-10-11 12:00:00+00:00,415.342,419.799,415.197,417.41,5845.404803
2021-10-11 16:00:00+00:00,417.47,418.589,409.37,409.442,8017.70457381
2021-10-11 20:00:00+00:00,409.363,413.42,403.679,413.194,7256.83450979
2021-10-12 00:00:00+00:00,413.115,413.254,402.728,406.216,5480.37635624
2021-10-12 04:00:00+00:00,406.523,409.974,403.207,403.923,5480.5398441
2021-10-12 08:00:00+00:00,404.074,406.9,392.241,398.0,8892.3115476
2021-10-12 12:00:00+00:00,397.994,434.696,392.52,434.023,29873.43750984
2021-10-12 16:00:00+00:00,433.928,440.171,431.122,434.066,19348.98464454
2021-10-12 20:00:00+00:00,434.134,444.485,430.0,444.377,11518.18477738
2021-10-13 00:00:00+00:00,444.285,465.382,441.081,460.979,22264.63376559
2021-10-13 04:00:00+00:00,461.08,467.733,432.764,441.658,34663.77681824
2021-10-13 08:00:00+00:00,441.44,467.12,440.545,461.076,30755.0898982
2021-10-13 12:00:00+00:00,461.255,465.399,447.917,454.163,16794.67129891
2021-10-13 16:00:00+00:00,454.243,461.139,453.289,460.522,12183.74965066
2021-10-13 20:00:00+00:00,460.858,472.32,458.431,470.652,15296.53472605
2021-10-14 00:00:00+00:00,470.739,473.335,461.27,467.652,9781.61206129
2021-10-14 04:00:00+00:00,467.562,479.818,465.98,475.22,18426.89751637
2021-10-14 08:00:00+00:00,475.046,483.167,474.585,481.529,10753.87057306
2021-10-14 12:00:00+00:00,481.629,482.75,467.36,474.23,13413.39253301
2021-10-14 16:00:00+00:00,474.23,474.316,466.002,469.272,9307.12405623
2021-10-14 20:00:00+00:00,469.273,473.0,466.4,472.974,8880.96780875
2021-10-15 00:00:00+00:00,472.909,474.988,461.749,465.913,10875.1378302
2021-10-15 04:00:00+00:00,465.914,469.89,461.451,466.387,9097.15071323
2021-10-15 08:00:00+00:00,466.593,467.311,452.14,461.826,9759.5385528
2021-10-15 12:00:00+00:00,461.616,467.07,459.172,464.472,8765.72950512
2021-10-15 16:00:00+00:00,464.534,476.504,462.13,474.789,9326.39395009
2021-10-15 20:00:00+00:00,474.762,477.771,470.982,474.391,8746.61929643
2021-10-16 00:00:00+00:00,474.398,477.461,470.608,473.8,6394.31099769
2021-10-16 04:00:00+00:00,473.799,481.201,468.219,478.968,10072.34102885
2021-10-16 08:00:00+00:00,479.054,486.624,477.035,479.359,7792.18434063
2021-10-16 12:00:00+00:00,479.265,479.639,460.531,467.502,11247.3783798
2021-10-16 16:00:00+00:00,467.502,469.934,463.33,465.275,7695.38206657
2021-10-16 20:00:00+00:00,465.15,467.64,463.2,465.808,6036.58859219
2021-10-17 00:00:00+00:00,465.784,466.479,459.553,465.025,6036.94443303
2021-10-17 04:00:00+00:00,464.765,468.48,463.85,465.37,4364.39220267
2021-10-17 08:00:00+00:00,465.369,472.743,465.369,469.24,5608.83022808
2021-10-17 12:00:00+00:00,469.24,471.126,462.831,465.667,6465.5023687
2021-10-17 16:00:00+00:00,465.409,467.67,460.0,461.862,6235.08082011
2021-10-17 20:00:00+00:00,461.841,470.989,454.22,470.989,9786.38052508
2021-10-18 00:00:00+00:00,470.99,475.462,469.461,471.708,6409.63920701
2021-10-18 04:00:00+00:00,471.7,474.929,469.532,471.107,4183.79656868
2021-10-18 08:00:00+00:00,471.003,473.685,466.424,470.047,7252.850788
2021-10-18 12:00:00+00:00,469.654,483.269,467.688,478.391,15364.67994777
2021-10-18 16:00:00+00:00,478.427,481.02,475.09,479.493,10651.36296625
2021-10-18 20:00:00+00:00,479.655,487.658,478.025,484.917,8514.55556375
2021-10-19 00:00:00+00:00,484.897,495.04,482.241,494.417,13117.11282827
2021-10-19 04:00:00+00:00,494.614,497.61,488.87,493.22,7720.96298108
2021-10-19 08:00:00+00:00,493.166,493.2,485.932,489.652,6502.09763372
2021-10-19 12:00:00+00:00,489.666,492.349,480.244,483.791,8987.63773311
2021-10-19 16:00:00+00:00,483.983,486.08,481.44,483.424,9043.97705497
2021-10-19 20:00:00+00:00,483.275,488.443,481.813,488.155,7210.45890994
2021-10-20 00:00:00+00:00,488.155,488.346,481.347,483.854,5762.90792146
2021-10-20 04:00:00+00:00,483.838,487.156,483.794,486.15,5291.97032213
2021-10-20 08:00:00+00:00,486.15,486.69,484.794,485.919,3969.19878735
2021-10-20 12:00:00+00:00,485.86,500.973,485.762,499.517,14603.94242259
2021-10-20 16:00:00+00:00,499.636,505.716,497.391,503.336,16230.07989699
2021-10-20 20:00:00+00:00,503.372,504.175,499.461,501.48,9028.39820927
2021-10-21 00:00:00+00:00,501.377,504.86,494.606,498.014,9604.60302492
2021-10-21 04:00:00+00:00,498.155,498.273,485.309,492.057,9044.09720873
2021-10-21 08:00:00+00:00,492.017,497.96,486.1,488.749,15408.10981534
2021-10-21 12:00:00+00:00,488.629,492.98,466.541,473.651,22427.51753948
2021-10-21 16:00:00+00:00,473.472,477.719,470.045,474.929,10712.19352518
2021-10-21 20:00:00+00:00,474.926,477.687,470.864,471.02,6908.12361897
2021-10-22 00:00:00+00:00,470.976,480.8,470.705,480.495,8759.14989832
2021-10-22 04:00:00+00:00,480.523,490.56,477.193,489.064,7551.8403701
2021-10-22 08:00:00+00:00,489.161,498.001,487.869,492.628,8916.40008847
2021-10-22 12:00:00+00:00,492.615,494.394,478.177,480.653,12225.5469067
2021-10-22 16:00:00+00:00,480.6,483.83,474.13,479.679,11573.2616513
2021-10-22 20:00:00+00:00,479.73,481.228,473.022,479.2,6819.94666273
2021-10-23 00:00:00+00:00,479.091,482.046,475.641,482.046,5705.85216967
2021-10-23 04:00:00+00:00,481.995,484.22,479.513,480.483,5738.03733028
2021-10-23 08:00:00+00:00,480.279,482.186,472.766,481.127,7706.60399988
2021-10-23 12:00:00+00:00,481.127,483.173,479.223,482.271,6002.96039812
2021-10-23 16:00:00+00:00,482.361,484.672,479.835,481.433,7061.70635143
2021-10-23 20:00:00+00:00,481.433,485.689,480.536,485.671,5604.16821745
2021-10-24 00:00:00+00:00,485.671,486.567,483.1,484.437,8747.77153532
2021-10-24 04:00:00+00:00,484.581,484.84,479.666,480.565,8413.16895452
2021-10-24 08:00:00+00:00,480.557,480.693,473.818,474.729,11521.32322785
2021-10-24 12:00:00+00:00,474.697,477.666,470.841,472.005,8160.19138351
2021-10-24 16:00:00+00:00,472.005,475.545,468.059,474.108,8405.7935593
2021-10-24 20:00:00+00:00,474.071,477.597,472.839,475.978,6197.43576428
2021-10-25 00:00:00+00:00,475.946,482.423,474.95,480.194,7462.94418303
2021-10-25 04:00:00+00:00,480.232,484.549,479.901,483.464,6401.29508206
2021-10-25 08:00:00+00:00,483.432,484.971,481.45,484.202,5908.85383729
2021-10-25 12:00:00+00:00,484.134,488.0,482.276,487.921,9012.8858202
2021-10-25 16:00:00+00:00,487.851,488.536,483.04,483.576,11119.12725888
2021-10-25 20:00:00+00:00,483.587,485.748,483.336,485.061,7968.21408854
2021-10-26 00:00:00+00:00,485.062,487.225,483.751,486.424,8501.3445035
2021-10-26 04:00:00+00:00,486.49,487.015,482.147,485.186,6525.45478759
2021-10-26 08:00:00+00:00,485.194,489.629,485.167,486.194,8230.01032087
2021-10-26 12:00:00+00:00,486.3,487.799,480.0,483.245,11919.15998292
2021-10-26 16:00:00+00:00,483.303,485.58,480.357,484.072,11170.31022703
2021-10-26 20:00:00+00:00,484.075,486.841,473.145,477.947,11745.44793868
2021-10-27 00:00:00+00:00,478.144,483.519,476.339,482.704,7665.32713481
2021-10-27 04:00:00+00:00,482.705,486.196,473.64,474.209,9704.77814498
2021-10-27 08:00:00+00:00,474.193,474.271,435.88,451.332,31942.50727524
2021-10-27 12:00:00+00:00,451.102,458.622,450.0,454.661,11473.03627067
2021-10-27 16:00:00+00:00,454.681,458.15,446.59,452.791,14244.77627942
2021-10-27 20:00:00+00:00,452.826,455.903,448.359,448.66,13025.44765396
2021-10-28 00:00:00+00:00,448.688,457.368,446.308,455.336,12407.01230544
2021-10-28 04:00:00+00:00,455.495,459.635,452.055,455.686,13901.86735569
2021-10-28 08:00:00+00:00,455.688,481.533,455.687,478.308,18933.24204392
2021-10-28 12:00:00+00:00,478.388,487.73,477.823,487.218,14442.44460597
2021-10-28 16:00:00+00:00,487.218,492.461,480.001,491.197,25578.37438229
2021-10-28 20:00:00+00:00,491.332,494.834,486.059,492.219,15513.20740881
2021-10-29 00:00:00+00:00,492.174,499.999,488.509,496.839,11746.65242783
2021-10-29 04:00:00+00:00,496.839,497.198,488.0,492.2,10606.07234606
2021-10-29 08:00:00+00:00,492.369,501.97,491.202,499.46,14802.29684779
2021-10-29 12:00:00+00:00,499.453,521.86,497.365,518.735,23767.49261505
2021-10-29 16:00:00+00:00,518.305,533.889,518.296,530.877,29835.66391084
2021-10-29 20:00:00+00:00,530.953,539.0,528.757,533.036,22611.18015891
2021-10-30 00:00:00+00:00,533.035,540.999,520.196,524.068,21852.12858701
2021-10-30 04:00:00+00:00,524.093,535.5,523.872,531.953,10994.03785453
2021-10-30 08:00:00+00:00,531.953,533.229,520.398,524.63,11612.9636917
2021-10-30 12:00:00+00:00,524.629,525.82,511.0,520.976,18992.51786553
2021-10-30 16:00:00+00:00,520.971,529.3,518.075,528.541,20593.98047793
2021-10-30 20:00:00+00:00,528.523,529.747,519.441,529.198,19800.59150347
2021-10-31 00:00:00+00:00,529.044,535.0,526.082,529.592,17823.59436986
2021-10-31 04:00:00+00:00,529.6,535.629,524.948,530.628,10032.21170667
2021-10-31 08:00:00+00:00,530.567,532.22,516.0,518.301,11891.09114052
2021-10-31 12:00:00+00:00,518.172,521.78,509.63,512.617,15046.95970426
2021-10-31 16:00:00+00:00,512.583,518.936,511.0,518.575,14976.75658592
2021-10-31 20:00:00+00:00,518.74,526.619,516.252,525.096,15124.50720809
2021-11-01 00:00:00+00:00,525.333,529.98,513.021,514.268,15282.94768829
2021-11-01 04:00:00+00:00,513.652,527.872,511.04,527.368,10696.55149823
2021-11-01 08:00:00+00:00,527.368,540.503,527.029,532.309,13994.94458826
2021-11-01 12:00:00+00:00,532.309,538.198,529.955,538.131,19164.72166573
2021-11-01 16:00:00+00:00,538.13,549.084,532.92,548.001,23280.65681544
2021-11-01 20:00:00+00:00,548.238,552.0,540.518,551.333,16603.14244845
2021-11-02 00:00:00+00:00,551.133,551.189,542.451,549.659,12255.1165532
2021-11-02 04:00:00+00:00,549.682,549.87,540.733,541.017,10948.2430672
2021-11-02 08:00:00+00:00,541.039,547.464,537.676,544.143,14916.77925235
2021-11-02 12:00:00+00:00,544.136,562.0,544.085,560.3,20207.13012939
2021-11-02 16:00:00+00:00,560.3,563.736,557.394,562.557,19431.50358693
2021-11-02 20:00:00+00:00,562.798,562.941,553.0,554.401,17054.57466642
2021-11-03 00:00:00+00:00,554.444,555.351,547.092,552.206,15339.19453305
2021-11-03 04:00:00+00:00,552.242,554.79,544.326,554.301,12319.90987591
2021-11-03 08:00:00+00:00,554.397,555.614,548.266,552.509,12449.22091637
2021-11-03 12:00:00+00:00,552.501,553.013,537.555,549.859,20368.83919838
2021-11-03 16:00:00+00:00,549.874,563.5,547.4,560.914,21922.34297309
2021-11-03 20:00:00+00:00,560.913,570.0,560.878,568.124,17443.87525018
2021-11-04 00:00:00+00:00,568.371,568.681,556.001,558.732,12997.50048229
2021-11-04 04:00:00+00:00,558.617,561.682,552.746,552.85,11087.88231318
2021-11-04 08:00:00+00:00,553.25,559.439,550.38,557.169,13870.81416957
2021-11-04 12:00:00+00:00,557.17,559.963,544.55,547.321,18542.80420813
2021-11-04 16:00:00+00:00,547.321,553.233,544.021,553.01,18454.96546363
2021-11-04 20:00:00+00:00,553.01,559.813,551.515,559.241,11603.42170585
2021-11-05 00:00:00+00:00,559.24,581.05,554.659,580.45,13670.96480797
2021-11-05 04:00:00+00:00,580.526,594.96,580.072,594.735,13491.12817534
2021-11-05 08:00:00+00:00,594.594,616.0,587.21,608.204,22137.78845991
2021-11-05 12:00:00+00:00,608.23,610.946,595.611,600.341,19379.57095137
2021-11-05 16:00:00+00:00,600.448,614.871,600.373,606.921,17241.85151198
2021-11-05 20:00:00+00:00,606.869,609.829,601.0,607.124,14207.26461004
2021-11-06 00:00:00+00:00,607.058,615.758,601.433,608.295,14189.42590795
2021-11-06 04:00:00+00:00,608.18,623.628,605.734,618.0,11140.74383081
2021-11-06 08:00:00+00:00,618.01,621.435,600.511,603.918,12560.97646329
2021-11-06 12:00:00+00:00,603.826,613.91,595.272,610.863,15440.13421831
2021-11-06 16:00:00+00:00,610.883,625.234,609.63,624.433,12183.64574502
2021-11-06 20:00:00+00:00,624.481,637.648,622.931,637.574,15982.89063399
2021-11-07 00:00:00+00:00,637.556,648.998,630.48,646.154,14970.19926518
2021-11-07 04:00:00+00:00,646.155,668.49,646.118,658.692,19686.28962933
2021-11-07 08:00:00+00:00,658.583,669.26,658.376,662.748,14115.50855659
2021-11-07 12:00:00+00:00,662.748,667.874,654.181,660.01,17423.45342422
2021-11-07 16:00:00+00:00,660.01,662.056,650.075,655.479,13937.1773334
2021-11-07 20:00:00+00:00,655.478,656.626,643.461,649.675,13921.08742269
2021-11-08 00:00:00+00:00,649.676,649.785,631.485,638.0,17274.3590274
2021-11-08 04:00:00+00:00,637.999,648.389,635.234,641.407,12877.82585822
2021-11-08 08:00:00+00:00,641.391,646.066,633.331,643.991,10548.97551495
2021-11-08 12:00:00+00:00,644.101,654.58,640.671,648.817,14521.22197451
2021-11-08 16:00:00+00:00,648.993,651.511,644.21,645.377,11310.11924302
2021-11-08 20:00:00+00:00,645.324,655.81,642.693,653.553,12293.00349869
2021-11-09 00:00:00+00:00,653.562,656.72,646.49,649.208,13095.17903315
2021-11-09 04:00:00+00:00,649.206,649.431,642.413,645.645,8958.60511185
2021-11-09 08:00:00+00:00,645.538,649.478,640.565,643.306,10606.34892651
2021-11-09 12:00:00+00:00,643.209,649.491,637.316,641.877,15469.4076474
2021-11-09 16:00:00+00:00,642.05,644.21,632.87,634.919,11945.8785289
2021-11-09 20:00:00+00:00,634.918,637.96,632.1,635.153,9939.8522543
2021-11-10 00:00:00+00:00,635.239,636.839,625.411,628.644,11348.79426979
2021-11-10 04:00:00+00:00,628.533,646.435,624.1,644.344,11143.45895371
2021-11-10 08:00:00+00:00,644.391,655.667,642.443,655.375,13251.74987684
2021-11-10 12:00:00+00:00,655.215,662.821,646.21,651.27,18917.97243761
2021-11-10 16:00:00+00:00,651.27,651.775,631.194,632.156,17226.35751122
2021-11-10 20:00:00+00:00,632.18,639.948,572.38,614.269,36659.26211292
2021-11-11 00:00:00+00:00,614.369,620.632,605.45,616.925,13464.70218658
2021-11-11 04:00:00+00:00,616.749,631.97,613.538,630.441,8768.28890337
2021-11-11 08:00:00+00:00,630.442,635.28,622.756,630.155,10723.95051908
2021-11-11 12:00:00+00:00,630.167,632.284,618.87,624.811,11608.1582477
2021-11-11 16:00:00+00:00,624.802,630.013,622.516,628.952,12689.66857346
2021-11-11 20:00:00+00:00,629.076,635.635,626.529,628.546,10011.23382104
2021-11-12 00:00:00+00:00,628.547,634.576,623.431,633.04,8743.75962582
2021-11-12 04:00:00+00:00,633.158,633.723,620.64,622.836,8461.15455964
2021-11-12 08:00:00+00:00,622.816,627.739,610.36,612.871,8272.73195759
2021-11-12 12:00:00+00:00,613.14,619.499,608.75,613.398,12677.57135067
2021-11-12 16:00:00+00:00,613.398,624.574,603.8,620.647,14149.79290076
2021-11-12 20:00:00+00:00,620.627,628.687,620.541,626.852,8484.66877601
2021-11-13 00:00:00+00:00,626.853,630.169,623.974,625.804,6943.94910667
2021-11-13 04:00:00+00:00,626.032,627.339,620.023,626.996,5881.44749955
2021-11-13 08:00:00+00:00,626.985,633.895,623.241,632.8,7760.56104432
2021-11-13 12:00:00+00:00,632.799,649.73,627.931,649.284,14655.55384567
2021-11-13 16:00:00+00:00,649.284,655.509,643.111,646.735,15680.85238701
2021-11-13 20:00:00+00:00,646.511,653.847,646.497,649.798,8761.4011965
2021-11-14 00:00:00+00:00,649.769,655.642,645.5,646.42,8423.991759
2021-11-14 04:00:00+00:00,646.29,648.055,641.905,645.502,6960.72686948
2021-11-14 08:00:00+00:00,645.586,646.38,634.98,646.217,8427.30058275
2021-11-14 12:00:00+00:00,646.307,660.54,643.59,653.692,13571.33626623
2021-11-14 16:00:00+00:00,653.598,659.66,641.004,646.978,12120.39700927
2021-11-14 20:00:00+00:00,646.839,651.998,645.965,651.204,10155.5315216
2021-11-15 00:00:00+00:00,651.278,660.0,651.278,652.911,14443.33933831
2021-11-15 04:00:00+00:00,652.789,655.297,650.126,653.661,8410.16984919
2021-11-15 08:00:00+00:00,653.688,656.731,644.0,646.35,9583.31036325
2021-11-15 12:00:00+00:00,646.372,646.713,634.447,637.211,14819.63265532
2021-11-15 16:00:00+00:00,637.205,641.682,632.566,639.043,14036.34844321
2021-11-15 20:00:00+00:00,639.035,639.12,630.516,634.006,11837.7873261
2021-11-16 00:00:00+00:00,634.0,634.979,603.426,608.718,21916.6965247
2021-11-16 04:00:00+00:00,608.63,613.37,596.88,608.221,16875.70877549
2021-11-16 08:00:00+00:00,608.153,618.742,568.002,586.326,21045.6684978
2021-11-16 12:00:00+00:00,586.326,596.999,574.38,586.23,19892.82235219
2021-11-16 16:00:00+00:00,586.34,593.515,579.79,585.385,14492.59990467
2021-11-16 20:00:00+00:00,585.161,593.1,572.81,588.613,18109.81493203
2021-11-17 00:00:00+00:00,588.7,592.954,566.294,569.966,15856.13820131
2021-11-17 04:00:00+00:00,570.423,573.46,561.741,568.336,13853.53041011
2021-11-17 08:00:00+00:00,568.31,586.157,554.08,585.8,14779.08171539
2021-11-17 12:00:00+00:00,585.789,586.359,564.521,570.918,16125.27581798
2021-11-17 16:00:00+00:00,571.264,582.47,565.148,576.978,15004.20926988
2021-11-17 20:00:00+00:00,577.0,581.195,571.583,578.099,12961.07880953
2021-11-18 00:00:00+00:00,578.205,588.248,576.839,580.001,12819.79965965
2021-11-18 04:00:00+00:00,580.0,582.115,569.64,573.799,11107.21771132
2021-11-18 08:00:00+00:00,573.914,574.797,565.117,567.0,9701.47842772
2021-11-18 12:00:00+00:00,567.179,572.893,541.0,544.836,22622.07507667
2021-11-18 16:00:00+00:00,545.581,548.225,516.32,540.249,27502.50356262
2021-11-18 20:00:00+00:00,540.335,542.645,525.536,532.015,14483.60161336
2021-11-19 00:00:00+00:00,531.713,541.723,524.105,527.95,13939.83134655
2021-11-19 04:00:00+00:00,527.899,555.322,527.351,545.832,13018.65952431
2021-11-19 08:00:00+00:00,545.696,565.871,545.599,561.763,12176.39794108
2021-11-19 12:00:00+00:00,561.889,581.526,560.563,576.7,20346.25357733
2021-11-19 16:00:00+00:00,576.666,584.866,576.0,584.658,14997.78442774
2021-11-19 20:00:00+00:00,584.634,585.974,578.504,581.024,11377.90865608
2021-11-20 00:00:00+00:00,581.157,592.738,580.141,582.767,12792.17493048
2021-11-20 04:00:00+00:00,582.748,584.894,579.411,581.405,10608.16772666
2021-11-20 08:00:00+00:00,581.661,591.197,580.105,590.199,10120.78611678
2021-11-20 12:00:00+00:00,590.173,593.92,572.959,574.547,13655.16000909
2021-11-20 16:00:00+00:00,574.51,598.61,573.619,597.214,15416.11207898
2021-11-20 20:00:00+00:00,597.215,605.369,595.898,604.541,11510.58251433
2021-11-21 00:00:00+00:00,604.474,605.59,589.001,590.028,11090.15752705
2021-11-21 04:00:00+00:00,590.027,595.78,586.493,587.045,8138.09874775
2021-11-21 08:00:00+00:00,587.042,588.07,580.341,582.426,10413.6317397
2021-11-21 12:00:00+00:00,582.249,592.393,581.0,592.272,12417.67289376
2021-11-21 16:00:00+00:00,592.269,594.5,586.729,588.163,13634.1479515
2021-11-21 20:00:00+00:00,588.163,595.52,583.04,584.034,12798.39427132
2021-11-22 00:00:00+00:00,584.034,585.3,564.2,569.136,15700.0019374
2021-11-22 04:00:00+00:00,569.122,572.349,561.185,568.167,8661.13645415
2021-11-22 08:00:00+00:00,568.128,574.933,567.761,570.999,8769.88142124
2021-11-22 12:00:00+00:00,571.0,583.999,565.266,575.9,14653.68503194
2021-11-22 16:00:00+00:00,576.147,577.146,554.291,555.513,14136.34334408
2021-11-22 20:00:00+00:00,555.724,563.87,554.0,559.725,12962.51102892
2021-11-23 00:00:00+00:00,559.647,568.973,558.23,567.459,11332.49654146
2021-11-23 04:00:00+00:00,567.374,568.438,561.461,563.622,7101.83364232
2021-11-23 08:00:00+00:00,563.516,586.068,560.0,576.862,13102.63726302
2021-11-23 12:00:00+00:00,576.941,606.668,576.0,592.734,19512.11534351
2021-11-23 16:00:00+00:00,592.524,604.998,592.368,604.304,14349.86599985
2021-11-23 20:00:00+00:00,604.228,604.969,590.881,591.071,13107.04412972
2021-11-24 00:00:00+00:00,590.936,593.832,580.283,580.958,11769.8126713
2021-11-24 04:00:00+00:00,580.855,590.19,579.059,586.344,9939.18430558
2021-11-24 08:00:00+00:00,586.193,592.495,584.89,590.408,10504.85911828
2021-11-24 12:00:00+00:00,590.408,594.239,577.02,591.675,13511.32012009
2021-11-24 16:00:00+00:00,591.363,593.076,581.051,582.214,16689.13219688
2021-11-24 20:00:00+00:00,582.133,591.667,579.322,590.643,13673.57554879
2021-11-25 00:00:00+00:00,590.556,614.701,587.515,612.583,15203.25271806
2021-11-25 04:00:00+00:00,612.583,613.713,600.489,609.081,12141.29075875
2021-11-25 08:00:00+00:00,608.969,640.0,608.656,639.55,18665.17124264
2021-11-25 12:00:00+00:00,639.425,644.5,630.05,643.129,17921.80738999
2021-11-25 16:00:00+00:00,643.19,646.779,634.39,636.749,14437.37530135
2021-11-25 20:00:00+00:00,636.7,644.556,631.248,638.867,11411.45144938
2021-11-26 00:00:00+00:00,639.0,658.0,623.213,626.942,19758.43282065
2021-11-26 04:00:00+00:00,626.687,630.785,597.702,609.183,16241.92846782
2021-11-26 08:00:00+00:00,609.304,610.278,565.76,569.506,32852.73934579
2021-11-26 12:00:00+00:00,569.729,596.0,564.458,586.249,24569.04266734
2021-11-26 16:00:00+00:00,586.4,595.927,582.142,591.863,15111.31807422
2021-11-26 20:00:00+00:00,591.86,595.638,583.591,587.384,21053.18248845
2021-11-27 00:00:00+00:00,587.383,595.567,584.378,591.605,10094.11095711
2021-11-27 04:00:00+00:00,591.584,594.567,584.01,591.077,8583.31350385
2021-11-27 08:00:00+00:00,590.942,608.242,590.93,599.04,13196.73801657
2021-11-27 12:00:00+00:00,599.156,613.77,597.684,606.937,12837.35486818
2021-11-27 16:00:00+00:00,606.937,621.257,606.447,608.745,14291.43501714
2021-11-27 20:00:00+00:00,608.6,615.586,593.83,599.963,15819.15333347
2021-11-28 00:00:00+00:00,599.697,603.97,572.596,579.387,17998.08730517
2021-11-28 04:00:00+00:00,579.495,593.66,575.335,590.804,11134.75040019
2021-11-28 08:00:00+00:00,590.673,602.55,582.03,596.547,11403.48237675
2021-11-28 12:00:00+00:00,596.548,599.573,589.2,593.299,9615.11612378
2021-11-28 16:00:00+00:00,593.289,594.743,571.5,589.019,17379.9840448
2021-11-28 20:00:00+00:00,589.372,613.009,589.363,611.532,14386.50862057
2021-11-29 00:00:00+00:00,611.313,619.176,601.75,608.75,15180.26983729
2021-11-29 04:00:00+00:00,608.645,619.401,607.106,617.721,9300.92762634
2021-11-29 08:00:00+00:00,617.72,619.141,604.27,611.342,10537.87438845
2021-11-29 12:00:00+00:00,611.441,626.98,611.312,619.302,15769.96038615
2021-11-29 16:00:00+00:00,619.302,629.495,616.45,616.906,16934.89096163
2021-11-29 20:00:00+00:00,616.913,627.33,616.057,623.64,13850.0911704
2021-11-30 00:00:00+00:00,623.492,634.324,612.64,617.711,12840.08778834
2021-11-30 04:00:00+00:00,617.901,619.134,603.68,613.782,12793.46303721
2021-11-30 08:00:00+00:00,614.001,627.319,608.74,626.223,12700.4078537
2021-11-30 12:00:00+00:00,626.476,634.999,618.424,618.425,14356.17282059
2021-11-30 16:00:00+00:00,618.42,626.74,612.252,623.508,16053.61263486
2021-11-30 20:00:00+00:00,623.509,628.735,617.826,622.242,10409.8231343
2021-12-01 00:00:00+00:00,622.681,635.589,620.313,632.222,9815.56260307
2021-12-01 04:00:00+00:00,632.222,636.62,626.652,636.3,8588.30989269
2021-12-01 08:00:00+00:00,636.584,649.653,633.27,638.583,12535.66917844
2021-12-01 12:00:00+00:00,638.785,649.082,636.05,647.334,13408.58014474
2021-12-01 16:00:00+00:00,647.516,648.229,630.849,635.987,11667.56353603
2021-12-01 20:00:00+00:00,636.096,636.096,618.61,627.628,14129.90165898
2021-12-02 00:00:00+00:00,627.647,628.75,605.825,611.646,12000.97335936
2021-12-02 04:00:00+00:00,611.751,627.73,610.9,627.683,5611.76590289
2021-12-02 08:00:00+00:00,627.64,630.787,615.4,621.941,11565.7239965
2021-12-02 12:00:00+00:00,621.963,630.067,617.259,622.792,12559.06428877
2021-12-02 16:00:00+00:00,622.959,623.913,614.991,619.0,12332.25833932
2021-12-02 20:00:00+00:00,619.0,624.985,618.222,619.959,9288.89239721
2021-12-03 00:00:00+00:00,619.865,620.384,609.511,612.811,9234.05631192
2021-12-03 04:00:00+00:00,612.681,622.146,611.21,621.928,8557.95966885
2021-12-03 08:00:00+00:00,621.976,625.511,618.32,624.837,8562.08746895
2021-12-03 12:00:00+00:00,624.772,627.882,606.31,607.876,12894.13771203
2021-12-03 16:00:00+00:00,607.789,607.869,589.98,591.151,19931.48215513
2021-12-03 20:00:00+00:00,591.084,601.175,570.0,595.566,20634.132315
2021-12-04 00:00:00+00:00,595.285,596.002,570.547,570.547,14371.28256912
2021-12-04 04:00:00+00:00,570.831,578.968,442.37,535.734,34349.84541712
2021-12-04 08:00:00+00:00,535.68,545.126,524.002,531.997,17846.64978292
2021-12-04 12:00:00+00:00,531.948,568.48,531.948,562.817,18038.42099549
2021-12-04 16:00:00+00:00,562.251,569.757,554.24,567.997,14488.16576301
2021-12-04 20:00:00+00:00,568.232,571.003,559.482,569.447,15286.1097862
2021-12-05 00:00:00+00:00,569.186,575.0,555.358,565.883,15438.23817383
2021-12-05 04:00:00+00:00,565.762,575.315,561.8,574.258,9239.31758668
2021-12-05 08:00:00+00:00,574.293,582.092,570.05,572.975,10151.11703992
2021-12-05 12:00:00+00:00,572.926,578.408,540.79,547.421,17244.1384452
2021-12-05 16:00:00+00:00,547.526,561.057,546.199,553.3,14125.91493046
2021-12-05 20:00:00+00:00,553.3,559.01,547.187,557.764,10662.79947365
2021-12-06 00:00:00+00:00,557.77,558.3,536.49,548.815,13854.60409706
2021-12-06 04:00:00+00:00,548.813,560.304,533.151,541.836,12631.50697825
2021-12-06 08:00:00+00:00,541.835,564.0,538.0,555.696,23962.48503134
2021-12-06 12:00:00+00:00,555.734,571.245,550.55,571.245,15025.71683417
2021-12-06 16:00:00+00:00,571.241,574.474,563.877,570.509,13579.58238434
2021-12-06 20:00:00+00:00,570.512,592.68,569.587,587.45,15016.85122841
2021-12-07 00:00:00+00:00,587.344,593.24,581.766,587.333,13081.36843949
2021-12-07 04:00:00+00:00,587.612,591.407,583.926,584.6,7016.34495226
2021-12-07 08:00:00+00:00,584.534,592.24,581.8,588.369,8622.79073435
2021-12-07 12:00:00+00:00,588.4,590.5,575.333,586.872,10266.35755305
2021-12-07 16:00:00+00:00,586.973,588.726,576.667,581.727,10526.12265315
2021-12-07 20:00:00+00:00,581.535,583.325,572.082,578.94,10908.34993503
2021-12-08 00:00:00+00:00,578.938,579.607,567.472,568.353,7831.15227865
2021-12-08 04:00:00+00:00,568.26,581.998,568.2,581.281,6843.76160346
2021-12-08 08:00:00+00:00,581.157,589.5,567.5,574.659,9879.29546091
2021-12-08 12:00:00+00:00,574.978,596.717,570.13,591.975,12164.90333562
2021-12-08 16:00:00+00:00,591.876,595.876,586.553,594.317,10306.83416888
2021-12-08 20:00:00+00:00,594.317,607.67,593.351,607.499,11937.78993891
2021-12-09 00:00:00+00:00,607.499,617.19,599.68,601.412,10791.48430344
2021-12-09 04:00:00+00:00,601.178,606.182,596.4,604.394,6031.48233191
2021-12-09 08:00:00+00:00,604.271,604.33,590.0,592.143,8566.89921889
2021-12-09 12:00:00+00:00,591.974,595.75,573.62,580.016,12539.97338608
2021-12-09 16:00:00+00:00,580.009,582.389,570.14,573.61,10431.25662357
2021-12-09 20:00:00+00:00,573.6,580.597,567.323,570.359,10287.82842354
2021-12-10 00:00:00+00:00,570.225,582.799,569.667,577.148,8197.45308478
2021-12-10 04:00:00+00:00,577.255,581.784,568.881,571.195,7547.18341958
2021-12-10 08:00:00+00:00,571.219,582.727,569.928,581.499,7814.29435877
2021-12-10 12:00:00+00:00,581.5,595.275,568.0,570.658,14074.7764398
2021-12-10 16:00:00+00:00,570.266,570.594,554.654,569.079,15885.27495019
2021-12-10 20:00:00+00:00,569.0,571.655,550.399,552.292,9976.99434079
2021-12-11 00:00:00+00:00,552.088,568.121,546.05,564.457,11206.12211022
2021-12-11 04:00:00+00:00,564.4,572.772,544.428,545.184,8227.41129841
2021-12-11 08:00:00+00:00,545.003,556.972,542.02,551.027,9896.95561796
2021-12-11 12:00:00+00:00,551.199,559.703,549.782,559.637,7513.94772666
2021-12-11 16:00:00+00:00,559.544,566.969,557.22,557.785,9857.44969598
2021-12-11 20:00:00+00:00,557.734,566.16,554.24,564.399,7248.70150087
2021-12-12 00:00:00+00:00,564.643,566.94,559.311,561.962,4725.1381206
2021-12-12 04:00:00+00:00,561.966,566.829,559.562,566.36,3891.08658134
2021-12-12 08:00:00+00:00,566.332,568.349,559.715,564.897,6058.43068214
2021-12-12 12:00:00+00:00,564.888,569.0,561.448,562.374,7445.73603738
2021-12-12 16:00:00+00:00,562.464,573.287,560.504,570.249,8495.08735201
2021-12-12 20:00:00+00:00,570.159,574.8,568.06,570.408,7039.86971226
2021-12-13 00:00:00+00:00,570.177,572.1,554.4,558.435,7195.12152114
2021-12-13 04:00:00+00:00,558.369,561.282,550.32,551.246,5318.08365404
2021-12-13 08:00:00+00:00,551.253,556.43,544.384,549.96,7380.9067345
2021-12-13 12:00:00+00:00,549.844,553.118,522.359,527.02,12434.12165027
2021-12-13 16:00:00+00:00,526.259,536.59,510.573,523.498,15376.79113837
2021-12-13 20:00:00+00:00,523.454,530.623,518.841,520.814,10754.79023191
2021-12-14 00:00:00+00:00,521.076,528.053,517.327,525.924,6620.58430788
2021-12-14 04:00:00+00:00,525.82,530.14,518.003,530.14,7000.89938708
2021-12-14 08:00:00+00:00,530.148,536.83,518.111,523.701,11756.92757102
2021-12-14 12:00:00+00:00,523.751,529.63,515.2,517.739,12902.94215797
2021-12-14 16:00:00+00:00,517.715,522.496,510.019,512.895,7688.63549722
2021-12-14 20:00:00+00:00,512.703,529.23,512.424,528.127,11761.58006751
2021-12-15 00:00:00+00:00,528.016,532.07,524.123,528.288,6375.31797728
2021-12-15 04:00:00+00:00,528.439,533.12,525.436,532.192,6029.00244791
2021-12-15 08:00:00+00:00,532.356,535.701,525.681,526.82,6791.52648701
2021-12-15 12:00:00+00:00,526.651,528.344,502.522,502.758,11282.19509338
2021-12-15 16:00:00+00:00,502.593,539.0,501.821,537.465,17775.42858595
2021-12-15 20:00:00+00:00,537.848,546.55,535.9,541.136,11495.91505234
2021-12-16 00:00:00+00:00,541.273,544.714,532.544,534.754,6351.58026715
2021-12-16 04:00:00+00:00,534.671,536.62,528.793,532.049,5184.06401577
2021-12-16 08:00:00+00:00,532.06,545.2,531.522,544.077,5553.41642114
2021-12-16 12:00:00+00:00,544.211,545.0,533.85,539.603,8419.13625845
2021-12-16 16:00:00+00:00,539.951,543.322,529.8,531.096,7507.92198748
2021-12-16 20:00:00+00:00,530.83,536.469,525.179,526.278,8796.54300251
2021-12-17 00:00:00+00:00,526.428,532.584,524.36,531.528,6816.17428359
2021-12-17 04:00:00+00:00,531.253,534.272,521.07,525.562,6941.80848284
2021-12-17 08:00:00+00:00,525.551,531.079,524.41,526.019,7453.223627
2021-12-17 12:00:00+00:00,525.986,535.941,510.967,524.946,13257.88251313
2021-12-17 16:00:00+00:00,525.143,534.24,521.35,526.751,9635.72220861
2021-12-17 20:00:00+00:00,526.749,530.0,518.649,525.454,9049.20800971
2021-12-18 00:00:00+00:00,525.463,528.929,516.611,524.61,7487.22426959
2021-12-18 04:00:00+00:00,524.762,529.378,522.613,525.931,4813.2602032
2021-12-18 08:00:00+00:00,525.747,534.612,524.768,531.805,5503.59672116
2021-12-18 12:00:00+00:00,531.899,533.974,527.483,530.514,5420.77699398
2021-12-18 16:00:00+00:00,530.494,536.741,529.35,534.383,6552.94390248
2021-12-18 20:00:00+00:00,534.326,537.85,532.483,533.829,5774.53662533
2021-12-19 00:00:00+00:00,533.681,544.2,528.911,539.342,6839.19761788
2021-12-19 04:00:00+00:00,539.088,542.462,537.69,538.698,4812.43576862
2021-12-19 08:00:00+00:00,538.526,540.187,533.08,535.018,4875.68883672
2021-12-19 12:00:00+00:00,534.887,541.0,531.25,534.086,5673.96893905
2021-12-19 16:00:00+00:00,534.052,536.32,527.504,529.026,5448.35176478
2021-12-19 20:00:00+00:00,528.956,534.382,527.502,529.705,5315.84194862
2021-12-20 00:00:00+00:00,529.75,534.659,525.329,527.098,5934.1549101
2021-12-20 04:00:00+00:00,527.042,528.627,517.817,520.75,5322.61816077
2021-12-20 08:00:00+00:00,520.698,521.835,510.643,515.025,6175.23650712
2021-12-20 12:00:00+00:00,515.025,516.598,506.224,511.672,8081.76247035
2021-12-20 16:00:00+00:00,511.776,519.484,510.843,518.839,6251.51398353
2021-12-20 20:00:00+00:00,518.839,527.59,518.839,523.5,10075.30752549
2021-12-21 00:00:00+00:00,523.756,528.446,517.575,527.8,8347.96760241
2021-12-21 04:00:00+00:00,527.889,532.318,526.629,528.0,6140.59118869
2021-12-21 08:00:00+00:00,528.0,535.563,527.294,531.561,6888.14485452
2021-12-21 12:00:00+00:00,531.437,534.938,522.914,525.312,7296.42289348
2021-12-21 16:00:00+00:00,525.366,529.08,524.935,527.559,7059.32201982
2021-12-21 20:00:00+00:00,527.519,531.372,525.907,528.794,7433.62290006
2021-12-22 00:00:00+00:00,528.654,534.4,527.441,533.969,6326.5797073
2021-12-22 04:00:00+00:00,534.198,535.892,531.81,535.295,5592.73346728
2021-12-22 08:00:00+00:00,535.008,537.5,531.27,535.278,4226.06804215
2021-12-22 12:00:00+00:00,535.55,542.86,528.33,540.908,9480.96957126
2021-12-22 16:00:00+00:00,540.806,544.779,535.237,538.861,7392.24329556
2021-12-22 20:00:00+00:00,538.86,540.477,531.021,533.728,5850.87219437
2021-12-23 00:00:00+00:00,533.537,537.275,528.761,533.861,6896.34448383
2021-12-23 04:00:00+00:00,533.786,533.786,524.514,526.56,3713.46123602
2021-12-23 08:00:00+00:00,526.492,529.469,524.694,527.198,4951.58963855
2021-12-23 12:00:00+00:00,527.198,531.53,527.032,529.699,7390.52614419
2021-12-23 16:00:00+00:00,529.722,552.575,529.664,550.41,12655.01418376
2021-12-23 20:00:00+00:00,550.568,551.089,546.321,549.2,8056.96151425
2021-12-24 00:00:00+00:00,549.215,550.694,543.774,545.1,6521.69798048
2021-12-24 04:00:00+00:00,544.986,546.375,541.239,545.841,5012.92297907
2021-12-24 08:00:00+00:00,545.737,551.321,545.015,547.145,4570.56502858
2021-12-24 12:00:00+00:00,547.034,554.448,541.552,547.973,8404.1941099
2021-12-24 16:00:00+00:00,548.045,551.131,543.611,543.928,9148.0936266
2021-12-24 20:00:00+00:00,543.852,545.873,537.28,542.05,7826.849721
2021-12-25 00:00:00+00:00,542.173,546.636,539.352,542.154,4110.78744838
2021-12-25 04:00:00+00:00,542.144,548.015,541.75,545.855,4345.89673444
2021-12-25 08:00:00+00:00,545.947,547.29,542.528,544.155,3865.00372401
2021-12-25 12:00:00+00:00,544.265,548.96,543.693,545.511,6131.36892919
2021-12-25 16:00:00+00:00,545.566,547.748,541.75,546.792,6398.81144899
2021-12-25 20:00:00+00:00,546.816,550.5,545.724,547.622,6022.32265445
2021-12-26 00:00:00+00:00,547.631,547.673,536.0,538.534,6259.56738102
2021-12-26 04:00:00+00:00,538.559,541.56,536.572,541.158,4090.68455245
2021-12-26 08:00:00+00:00,541.259,545.093,539.985,542.634,3936.9633922
2021-12-26 12:00:00+00:00,542.447,544.805,540.89,543.4,4622.40322171
2021-12-26 16:00:00+00:00,543.399,548.62,543.399,547.894,6719.77281196
2021-12-26 20:00:00+00:00,547.732,549.163,544.04,546.374,6489.42287862
2021-12-27 00:00:00+00:00,546.374,549.651,544.191,548.651,6387.21125699
2021-12-27 04:00:00+00:00,548.605,549.15,544.578,545.4,4206.56908945
2021-12-27 08:00:00+00:00,545.542,547.984,543.302,547.808,4521.51903556
2021-12-27 12:00:00+00:00,547.791,558.789,545.159,558.234,8005.90646779
2021-12-27 16:00:00+00:00,558.234,571.92,557.853,568.767,13560.52985246
2021-12-27 20:00:00+00:00,568.767,571.625,563.2,563.603,9251.52559303
2021-12-28 00:00:00+00:00,563.673,563.673,546.63,552.293,14094.12924861
2021-12-28 04:00:00+00:00,552.271,552.271,542.39,547.956,8379.59832955
2021-12-28 08:00:00+00:00,547.899,553.4,545.34,553.355,7173.74116198
2021-12-28 12:00:00+00:00,553.241,555.261,540.488,547.859,9532.32506132
2021-12-28 16:00:00+00:00,547.675,548.442,527.902,534.912,15670.36578001
2021-12-28 20:00:00+00:00,534.922,539.18,531.918,534.128,7200.42146114
2021-12-29 00:00:00+00:00,534.204,540.667,532.877,538.872,6367.98587794
2021-12-29 04:00:00+00:00,538.946,540.0,534.56,535.686,5068.99943602
2021-12-29 08:00:00+00:00,535.761,539.839,533.556,536.751,6099.26783113
2021-12-29 12:00:00+00:00,536.66,537.045,518.801,529.707,13626.83125906
2021-12-29 16:00:00+00:00,529.743,530.218,520.091,520.727,7447.9907933
2021-12-29 20:00:00+00:00,520.621,524.765,510.688,514.538,12235.08958135
2021-12-30 00:00:00+00:00,514.41,518.349,508.569,514.058,11731.73663295
2021-12-30 04:00:00+00:00,514.055,521.87,513.768,520.282,7512.19023238
2021-12-30 08:00:00+00:00,520.21,525.46,517.481,524.868,6634.05408485
2021-12-30 12:00:00+00:00,525.0,527.728,518.36,518.531,7876.43710793
2021-12-30 16:00:00+00:00,518.646,524.307,518.571,520.052,9319.35821311
2021-12-30 20:00:00+00:00,520.157,521.629,514.034,518.396,9627.47457256
2021-12-31 00:00:00+00:00,518.505,520.57,507.085,513.937,9602.84058108
2021-12-31 04:00:00+00:00,513.91,517.275,509.57,513.57,5719.7308235
2021-12-31 08:00:00+00:00,513.58,528.55,512.285,521.935,9837.73845869
2021-12-31 12:00:00+00:00,522.0,523.38,520.501,521.841,5923.0061048
2021-12-31 16:00:00+00:00,521.96,522.936,507.283,507.573,8424.00887361
2021-12-31 20:00:00+00:00,507.459,514.549,506.101,511.325,8612.36132165
2022-01-01 00:00:00+00:00,511.547,520.208,511.472,518.169,5308.38755611
2022-01-01 04:00:00+00:00,518.191,521.808,512.9,515.892,5877.94219744
2022-01-01 08:00:00+00:00,515.884,517.286,512.204,513.738,3616.27158101
2022-01-01 12:00:00+00:00,513.802,520.909,513.656,518.755,4287.19195708
2022-01-01 16:00:00+00:00,518.65,524.97,517.57,524.413,8503.43013937
2022-01-01 20:00:00+00:00,524.445,527.94,524.36,527.321,7457.82576982
2022-01-02 00:00:00+00:00,527.51,527.842,522.5,523.192,5269.63719613
2022-01-02 04:00:00+00:00,523.19,523.201,518.249,522.025,6482.53771538
2022-01-02 08:00:00+00:00,522.081,524.669,519.694,523.155,4593.49243276
2022-01-02 12:00:00+00:00,523.046,526.881,521.761,526.126,5202.08639163
2022-01-02 16:00:00+00:00,526.082,533.805,523.512,529.068,8458.5791575
2022-01-02 20:00:00+00:00,529.188,532.325,528.191,531.208,8949.15496495
2022-01-03 00:00:00+00:00,531.199,531.199,523.34,524.458,5777.99330433
2022-01-03 04:00:00+00:00,524.43,526.849,522.921,525.631,5732.07044225
2022-01-03 08:00:00+00:00,525.632,532.04,524.083,531.215,4973.34516775
2022-01-03 12:00:00+00:00,531.256,532.882,526.571,527.291,7699.56094374
2022-01-03 16:00:00+00:00,527.176,528.384,514.375,514.387,9157.52019573
2022-01-03 20:00:00+00:00,514.36,515.852,510.08,511.967,9514.38308241
2022-01-04 00:00:00+00:00,511.785,512.836,502.186,509.381,12463.4813573
2022-01-04 04:00:00+00:00,509.378,512.489,506.611,512.283,5433.5893538
2022-01-04 08:00:00+00:00,512.388,515.79,510.033,515.445,5699.757225
2022-01-04 12:00:00+00:00,515.488,520.157,512.5,515.363,8629.46289648
2022-01-04 16:00:00+00:00,515.544,517.018,505.837,509.994,11786.91652027
2022-01-04 20:00:00+00:00,510.036,514.5,506.445,507.151,8955.59443937
2022-01-05 00:00:00+00:00,506.995,513.432,505.788,512.246,6335.47871984
2022-01-05 04:00:00+00:00,512.255,514.461,509.999,513.307,5572.1282606
2022-01-05 08:00:00+00:00,513.45,516.2,509.842,511.64,5756.54246893
2022-01-05 12:00:00+00:00,511.633,513.618,508.853,512.477,8013.29825393
2022-01-05 16:00:00+00:00,512.494,512.835,491.0,492.744,15782.61529778
2022-01-05 20:00:00+00:00,492.564,494.73,457.132,474.117,37923.72732095
2022-01-06 00:00:00+00:00,474.119,475.916,464.575,465.23,19387.54850981
2022-01-06 04:00:00+00:00,465.231,472.234,461.819,472.096,15198.9414616
2022-01-06 08:00:00+00:00,472.083,472.386,459.0,462.679,14578.97507989
2022-01-06 12:00:00+00:00,462.59,473.0,459.406,472.433,8648.54265455
2022-01-06 16:00:00+00:00,472.45,481.436,470.291,477.537,8803.41554003
2022-01-06 20:00:00+00:00,477.607,478.951,472.34,472.721,7670.34522998
2022-01-07 00:00:00+00:00,472.753,474.072,453.415,453.56,9335.78960324
2022-01-07 04:00:00+00:00,453.775,455.015,437.563,447.344,15364.21711085
2022-01-07 08:00:00+00:00,447.168,457.64,445.949,453.401,9732.5493588
2022-01-07 12:00:00+00:00,453.289,457.017,437.86,445.079,9421.28349938
2022-01-07 16:00:00+00:00,444.88,454.515,440.87,450.996,9329.5420712
2022-01-07 20:00:00+00:00,451.035,452.93,445.554,448.006,5795.96676148
2022-01-08 00:00:00+00:00,448.033,454.68,446.249,451.486,5741.11380197
2022-01-08 04:00:00+00:00,451.705,456.8,451.045,456.442,3777.26008791
2022-01-08 08:00:00+00:00,456.49,459.499,453.754,456.201,4534.83103803
2022-01-08 12:00:00+00:00,456.201,457.121,446.028,447.945,8043.88081531
2022-01-08 16:00:00+00:00,448.006,450.4,416.208,421.559,20787.51211442
2022-01-08 20:00:00+00:00,421.167,437.43,418.416,429.691,9470.59354224
2022-01-09 00:00:00+00:00,429.691,435.968,427.226,432.699,5814.7988246
2022-01-09 04:00:00+00:00,432.646,438.205,432.645,433.753,4063.08439878
2022-01-09 08:00:00+00:00,433.731,435.748,428.491,435.171,4799.19409683
2022-01-09 12:00:00+00:00,435.202,436.64,427.329,429.826,5899.81382849
2022-01-09 16:00:00+00:00,429.936,444.2,429.525,443.655,8183.64944714
2022-01-09 20:00:00+00:00,443.9,444.598,437.287,438.851,6963.96257614
2022-01-10 00:00:00+00:00,438.667,440.969,435.841,439.108,5104.0519364
2022-01-10 04:00:00+00:00,439.066,445.334,439.004,441.953,4217.11580375
2022-01-10 08:00:00+00:00,441.93,442.161,432.662,433.956,6116.8488205
2022-01-10 12:00:00+00:00,434.12,434.475,406.754,416.22,15830.81523434
2022-01-10 16:00:00+00:00,416.108,428.099,411.652,419.224,15346.77431352
2022-01-10 20:00:00+00:00,419.299,425.42,417.597,424.547,6081.75031647
2022-01-11 00:00:00+00:00,424.59,433.944,421.39,433.658,5465.49983952
2022-01-11 04:00:00+00:00,433.764,442.48,430.547,441.953,6793.03087841
2022-01-11 08:00:00+00:00,442.206,455.706,442.206,448.268,17598.07002074
2022-01-11 12:00:00+00:00,448.257,454.82,445.91,452.459,9532.80307714
2022-01-11 16:00:00+00:00,452.446,467.768,452.21,459.809,16530.8788216
2022-01-11 20:00:00+00:00,459.781,464.513,459.171,463.621,8929.12598427
2022-01-12 00:00:00+00:00,463.554,465.791,457.317,459.47,8660.5940633
2022-01-12 04:00:00+00:00,459.452,462.032,456.641,459.008,6098.48029495
2022-01-12 08:00:00+00:00,458.969,470.879,458.384,468.011,10058.24923645
2022-01-12 12:00:00+00:00,467.907,484.366,467.503,482.312,13710.32176931
2022-01-12 16:00:00+00:00,482.317,487.63,480.353,487.269,10606.26031309
2022-01-12 20:00:00+00:00,487.313,489.7,484.681,488.079,7830.04870616
2022-01-13 00:00:00+00:00,488.051,489.137,476.57,478.801,10131.12738985
2022-01-13 04:00:00+00:00,478.718,485.321,477.95,483.25,5011.43043803
2022-01-13 08:00:00+00:00,483.25,487.092,477.72,478.157,5562.89414088
2022-01-13 12:00:00+00:00,478.15,488.0,470.341,473.884,10863.12758893
2022-01-13 16:00:00+00:00,473.916,478.579,466.441,475.045,13291.40888494
2022-01-13 20:00:00+00:00,474.897,479.781,470.72,475.276,8349.26226132
2022-01-14 00:00:00+00:00,475.233,481.835,472.709,480.207,6892.03075549
2022-01-14 04:00:00+00:00,480.185,489.95,480.185,484.426,7306.38077281
2022-01-14 08:00:00+00:00,484.507,484.527,468.583,472.029,9207.54329554
2022-01-14 12:00:00+00:00,471.937,482.89,467.898,481.632,11012.81363385
2022-01-14 16:00:00+00:00,481.633,486.8,479.221,485.917,10812.91874156
2022-01-14 20:00:00+00:00,485.919,492.344,485.919,490.243,8220.16549658
2022-01-15 00:00:00+00:00,490.056,493.508,485.312,488.01,6118.47656825
2022-01-15 04:00:00+00:00,487.906,494.756,486.495,494.336,6037.95418221
2022-01-15 08:00:00+00:00,494.315,496.289,489.199,492.353,5792.59011274
2022-01-15 12:00:00+00:00,492.221,501.261,487.613,500.375,7635.24877944
2022-01-15 16:00:00+00:00,500.38,501.449,495.15,498.118,7635.87458865
2022-01-15 20:00:00+00:00,498.32,500.115,494.12,494.851,6827.40486651
2022-01-16 00:00:00+00:00,494.652,495.849,488.826,491.977,5213.19601833
2022-01-16 04:00:00+00:00,491.972,497.803,490.914,496.183,4600.75376807
2022-01-16 08:00:00+00:00,496.174,497.5,491.22,494.2,4207.73417585
2022-01-16 12:00:00+00:00,494.202,503.296,490.949,501.288,7867.10424977
2022-01-16 16:00:00+00:00,501.357,505.862,498.041,498.61,8003.87795863
2022-01-16 20:00:00+00:00,498.605,501.208,497.681,498.737,6783.28794535
2022-01-17 00:00:00+00:00,498.71,499.28,484.0,484.234,8264.77425554
2022-01-17 04:00:00+00:00,484.246,486.674,481.07,485.625,7095.170002
2022-01-17 08:00:00+00:00,485.625,486.018,480.1,481.124,5251.46230455
2022-01-17 12:00:00+00:00,481.124,481.944,470.521,471.501,9723.20023872
2022-01-17 16:00:00+00:00,471.52,478.633,468.64,477.719,10932.02956498
2022-01-17 20:00:00+00:00,477.745,478.34,467.202,475.258,9172.48066974
2022-01-18 00:00:00+00:00,475.121,479.707,470.32,472.766,8388.17710147
2022-01-18 04:00:00+00:00,472.67,476.168,467.65,474.102,5594.23920952
2022-01-18 08:00:00+00:00,474.208,474.294,460.61,466.631,7923.6640195
2022-01-18 12:00:00+00:00,466.296,467.44,459.813,460.92,11881.05500703
2022-01-18 16:00:00+00:00,460.919,463.788,457.306,462.628,12576.79856299
2022-01-18 20:00:00+00:00,462.644,474.398,460.157,471.496,9826.65666265
2022-01-19 00:00:00+00:00,471.607,472.448,461.6,463.429,7993.43318117
2022-01-19 04:00:00+00:00,463.738,465.241,453.827,456.012,7650.63170507
2022-01-19 08:00:00+00:00,456.074,464.8,454.15,462.709,9117.26872412
2022-01-19 12:00:00+00:00,462.524,471.503,461.582,466.213,9687.98065258
2022-01-19 16:00:00+00:00,466.2,473.082,463.87,471.4,10666.36941184
2022-01-19 20:00:00+00:00,471.298,471.668,461.87,461.87,9775.41598555
2022-01-20 00:00:00+00:00,462.016,469.519,462.016,468.749,7707.09996999
2022-01-20 04:00:00+00:00,468.833,478.895,468.58,477.317,11199.27239413
2022-01-20 08:00:00+00:00,477.361,477.529,462.37,464.53,10746.24739148
2022-01-20 12:00:00+00:00,464.632,476.324,459.121,473.281,12565.09245258
2022-01-20 16:00:00+00:00,473.538,474.84,463.084,464.846,12038.34510734
2022-01-20 20:00:00+00:00,464.808,465.321,438.236,440.101,14769.09702019
2022-01-21 00:00:00+00:00,440.141,444.814,418.573,422.339,21105.28115186
2022-01-21 04:00:00+00:00,422.26,431.692,422.201,431.103,8836.14836885
2022-01-21 08:00:00+00:00,431.103,433.019,425.419,426.558,9195.84914884
2022-01-21 12:00:00+00:00,426.704,427.188,409.68,422.872,16751.40720702
2022-01-21 16:00:00+00:00,422.83,425.513,413.201,413.701,10884.36498448
2022-01-21 20:00:00+00:00,413.874,416.357,373.787,383.856,28603.63418844
2022-01-22 00:00:00+00:00,383.701,389.271,379.83,382.827,14414.12774589
2022-01-22 04:00:00+00:00,382.841,384.729,344.3,350.094,21563.43010655
2022-01-22 08:00:00+00:00,350.286,364.54,320.0,361.364,24614.65667297
2022-01-22 12:00:00+00:00,361.363,376.642,356.392,356.558,16073.9260839
2022-01-22 16:00:00+00:00,356.382,368.495,346.188,349.057,23112.87046218
2022-01-22 20:00:00+00:00,349.587,366.484,347.661,358.375,12691.47914041
2022-01-23 00:00:00+00:00,358.561,370.91,356.421,366.491,10375.41879204
2022-01-23 04:00:00+00:00,366.585,380.359,365.077,379.818,10718.29968979
2022-01-23 08:00:00+00:00,379.819,388.82,378.557,382.549,10275.3135267
2022-01-23 12:00:00+00:00,382.383,389.387,368.1,370.966,15093.09757604
2022-01-23 16:00:00+00:00,370.937,378.189,363.31,365.02,11116.9395601
2022-01-23 20:00:00+00:00,364.968,386.24,363.512,384.046,11020.52741872
2022-01-24 00:00:00+00:00,383.954,384.003,369.287,372.507,9465.94254239
2022-01-24 04:00:00+00:00,372.494,373.566,361.075,361.507,11767.20027287
2022-01-24 08:00:00+00:00,361.523,368.5,337.5,344.484,22305.11836445
2022-01-24 12:00:00+00:00,344.698,352.98,336.322,351.645,18350.28176122
2022-01-24 16:00:00+00:00,351.499,367.03,344.403,364.715,17243.35004443
2022-01-24 20:00:00+00:00,364.633,376.556,363.129,371.146,10852.78801498
2022-01-25 00:00:00+00:00,371.305,371.464,361.554,364.998,8734.4035205
2022-01-25 04:00:00+00:00,365.033,365.772,357.289,362.659,6006.07198651
2022-01-25 08:00:00+00:00,362.581,376.0,361.702,371.514,11500.943195
2022-01-25 12:00:00+00:00,371.512,375.561,364.896,371.317,9997.22642026
2022-01-25 16:00:00+00:00,371.491,388.429,370.81,384.178,11461.43421758
2022-01-25 20:00:00+00:00,384.341,386.106,377.131,385.183,8779.00860586
2022-01-26 00:00:00+00:00,385.35,385.548,377.236,379.71,8708.87858007
2022-01-26 04:00:00+00:00,379.71,384.0,376.505,380.458,7019.1486447
2022-01-26 08:00:00+00:00,380.461,389.827,380.355,389.038,6918.72734761
2022-01-26 12:00:00+00:00,389.06,399.229,385.554,392.166,11686.19867219
2022-01-26 16:00:00+00:00,392.085,402.3,382.057,388.618,17982.22797196
2022-01-26 20:00:00+00:00,388.392,388.625,366.377,375.088,14720.62030247
2022-01-27 00:00:00+00:00,375.268,378.539,359.6,362.395,10013.65164243
2022-01-27 04:00:00+00:00,362.143,368.941,360.795,366.779,7923.93163917
2022-01-27 08:00:00+00:00,367.01,371.71,365.33,371.414,8267.15895461
2022-01-27 12:00:00+00:00,371.496,377.94,369.353,373.906,8791.31769213
2022-01-27 16:00:00+00:00,374.197,374.92,364.668,366.821,10489.25515203
2022-01-27 20:00:00+00:00,367.022,393.069,360.001,389.94,15541.07054849
2022-01-28 00:00:00+00:00,390.014,393.2,382.36,389.585,9501.22564327
2022-01-28 04:00:00+00:00,389.702,395.993,384.6,384.778,8413.71348568
2022-01-28 08:00:00+00:00,384.886,387.322,379.273,380.935,7116.79451323
2022-01-28 12:00:00+00:00,381.112,384.945,375.69,384.217,9149.41486902
2022-01-28 16:00:00+00:00,384.383,389.729,382.659,389.043,9625.26917814
2022-01-28 20:00:00+00:00,389.082,392.247,381.364,386.01,8259.98631148
2022-01-29 00:00:00+00:00,386.07,389.636,384.484,388.122,5864.45511597
2022-01-29 04:00:00+00:00,388.219,392.487,386.738,392.044,3188.52650782
2022-01-29 08:00:00+00:00,392.045,393.0,388.954,390.735,5513.59206634
2022-01-29 12:00:00+00:00,390.655,397.36,380.8,383.454,9892.01802652
2022-01-29 16:00:00+00:00,383.266,387.76,380.839,386.182,9365.66126349
2022-01-29 20:00:00+00:00,386.187,392.6,384.666,389.048,9054.80634951
2022-01-30 00:00:00+00:00,389.335,389.524,382.71,382.76,5471.63886383
2022-01-30 04:00:00+00:00,382.768,387.03,382.12,386.428,5223.53814017
2022-01-30 08:00:00+00:00,386.505,387.283,383.523,385.09,3142.46786799
2022-01-30 12:00:00+00:00,385.094,386.845,379.475,380.746,4701.60529655
2022-01-30 16:00:00+00:00,381.057,382.071,372.75,373.767,6146.28905058
2022-01-30 20:00:00+00:00,373.617,380.5,372.476,377.198,4624.43326062
2022-01-31 00:00:00+00:00,377.313,377.781,365.228,369.958,6126.0062353
2022-01-31 04:00:00+00:00,369.875,371.758,367.709,371.607,4832.07869844
2022-01-31 08:00:00+00:00,371.57,373.03,368.63,372.079,3655.79159413
2022-01-31 12:00:00+00:00,372.14,380.33,369.0,378.58,6099.47645819
2022-01-31 16:00:00+00:00,378.721,385.396,378.16,383.271,7576.05933752
2022-01-31 20:00:00+00:00,383.266,384.479,373.692,374.437,6779.06537577
2022-02-01 00:00:00+00:00,374.545,384.53,373.689,383.739,6458.27212038
2022-02-01 04:00:00+00:00,383.758,385.039,379.585,381.964,4413.47453554
2022-02-01 08:00:00+00:00,382.018,387.63,378.933,382.91,7756.73024287
2022-02-01 12:00:00+00:00,382.827,386.498,379.58,383.18,7807.87324511
2022-02-01 16:00:00+00:00,383.143,388.546,382.573,382.801,7909.63413429
2022-02-01 20:00:00+00:00,382.834,387.4,382.617,384.045,6194.31588248
2022-02-02 00:00:00+00:00,384.198,386.13,380.716,384.31,6884.13823443
2022-02-02 04:00:00+00:00,384.285,384.285,379.486,379.789,5040.92052299
2022-02-02 08:00:00+00:00,379.989,383.33,378.02,382.861,3051.64633171
2022-02-02 12:00:00+00:00,382.807,385.481,370.65,371.326,10329.11982776
2022-02-02 16:00:00+00:00,371.201,377.732,368.469,376.282,8182.56627078
2022-02-02 20:00:00+00:00,376.283,376.91,366.135,367.45,8444.88514989
2022-02-03 00:00:00+00:00,367.23,370.0,363.27,365.766,7208.0429517
2022-02-03 04:00:00+00:00,365.744,369.386,364.992,369.072,5978.56583438
2022-02-03 08:00:00+00:00,369.076,370.544,359.618,364.344,7460.45810526
2022-02-03 12:00:00+00:00,364.523,368.997,360.35,368.465,11508.42139444
2022-02-03 16:00:00+00:00,368.452,369.998,362.01,363.461,9984.68882264
2022-02-03 20:00:00+00:00,363.337,372.561,362.28,372.561,8127.87110689
2022-02-04 00:00:00+00:00,372.549,372.626,369.497,370.752,5641.03039862
2022-02-04 04:00:00+00:00,370.794,379.165,370.303,377.462,6108.95939772
2022-02-04 08:00:00+00:00,377.548,380.425,376.46,377.371,6626.87525777
2022-02-04 12:00:00+00:00,377.351,385.3,372.381,382.381,11519.56160876
2022-02-04 16:00:00+00:00,382.284,396.705,382.045,396.195,13529.94970999
2022-02-04 20:00:00+00:00,396.126,399.616,393.545,399.537,10941.87599562
2022-02-05 00:00:00+00:00,399.462,406.681,396.54,406.681,8047.31380288
2022-02-05 04:00:00+00:00,406.681,430.889,405.131,423.247,12588.21646046
2022-02-05 08:00:00+00:00,423.245,426.65,420.204,422.561,6617.63770893
2022-02-05 12:00:00+00:00,422.477,423.5,417.184,421.868,8586.92393116
2022-02-05 16:00:00+00:00,421.631,422.478,407.122,412.104,10996.03787992
2022-02-05 20:00:00+00:00,412.177,416.049,410.216,413.999,4884.71076739
2022-02-06 00:00:00+00:00,413.825,421.462,413.431,417.276,4203.6029481
2022-02-06 04:00:00+00:00,417.294,418.322,412.79,416.606,4067.62253226
2022-02-06 08:00:00+00:00,416.593,419.92,415.044,416.391,3550.12979573
2022-02-06 12:00:00+00:00,416.499,421.76,407.101,411.016,6530.28013945
2022-02-06 16:00:00+00:00,411.15,415.15,409.329,413.893,5878.10366947
2022-02-06 20:00:00+00:00,413.785,420.123,410.511,419.85,5965.71222262
2022-02-07 00:00:00+00:00,419.992,427.844,413.394,427.073,8186.71367652
2022-02-07 04:00:00+00:00,427.012,429.48,424.681,426.441,6517.69532173
2022-02-07 08:00:00+00:00,426.45,427.215,421.51,426.384,5081.03793865
2022-02-07 12:00:00+00:00,426.388,438.55,425.554,437.982,11522.41726285
2022-02-07 16:00:00+00:00,437.976,438.95,431.351,435.889,12258.99012965
2022-02-07 20:00:00+00:00,435.87,437.975,432.331,433.477,8127.8343594
2022-02-08 00:00:00+00:00,433.601,435.55,428.501,434.589,6122.05549082
2022-02-08 04:00:00+00:00,434.599,445.38,434.177,438.952,9093.15284591
2022-02-08 08:00:00+00:00,438.953,439.579,421.04,426.654,8462.54727607
2022-02-08 12:00:00+00:00,426.559,426.559,413.546,417.938,12278.02661025
2022-02-08 16:00:00+00:00,417.958,419.5,406.471,407.739,10840.32857074
2022-02-08 20:00:00+00:00,407.669,417.32,407.035,407.884,13299.39028025
2022-02-09 00:00:00+00:00,407.958,415.079,407.234,409.895,7333.33960152
2022-02-09 04:00:00+00:00,409.842,416.349,408.125,415.651,5069.83127299
2022-02-09 08:00:00+00:00,415.744,419.811,411.947,419.115,5969.75580075
2022-02-09 12:00:00+00:00,419.139,425.8,417.98,421.148,8236.60456692
2022-02-09 16:00:00+00:00,421.081,427.328,419.23,426.285,6797.14193742
2022-02-09 20:00:00+00:00,426.304,427.813,420.33,422.989,8005.9287017
2022-02-10 00:00:00+00:00,422.956,423.022,415.0,416.262,6713.26903003
2022-02-10 04:00:00+00:00,416.223,421.386,415.487,421.352,3986.48091109
2022-02-10 08:00:00+00:00,421.371,429.88,420.531,426.942,6763.02077152
2022-02-10 12:00:00+00:00,426.91,434.895,409.9,424.818,13406.41240898
2022-02-10 16:00:00+00:00,424.83,432.076,420.35,420.489,8214.13949176
2022-02-10 20:00:00+00:00,420.408,422.444,413.163,414.447,7079.92507504
2022-02-11 00:00:00+00:00,414.539,416.14,407.5,415.597,6774.23790823
2022-02-11 04:00:00+00:00,415.551,418.55,411.006,417.907,3762.58428157
2022-02-11 08:00:00+00:00,417.948,418.82,412.088,414.479,5841.26028732
2022-02-11 12:00:00+00:00,414.5,417.687,413.444,415.38,6563.85874279
2022-02-11 16:00:00+00:00,415.378,415.965,401.376,404.849,9801.67150911
2022-02-11 20:00:00+00:00,404.705,405.372,392.437,399.95,10820.47007257
2022-02-12 00:00:00+00:00,399.894,403.9,397.257,399.74,5899.57457306
2022-02-12 04:00:00+00:00,399.79,401.957,393.54,397.769,4525.39193175
2022-02-12 08:00:00+00:00,397.782,403.23,396.432,402.399,5952.53129115
2022-02-12 12:00:00+00:00,402.409,402.729,395.34,397.814,5864.60603143
2022-02-12 16:00:00+00:00,397.677,407.034,396.255,403.555,7784.02499766
2022-02-12 20:00:00+00:00,403.689,406.16,397.842,403.681,5466.74508278
2022-02-13 00:00:00+00:00,403.648,406.859,401.843,403.397,4981.98026
2022-02-13 04:00:00+00:00,403.442,404.833,401.762,403.855,3456.5351229
2022-02-13 08:00:00+00:00,403.799,404.909,401.401,403.709,3881.852697
2022-02-13 12:00:00+00:00,403.71,407.7,402.5,404.09,5515.68219466
2022-02-13 16:00:00+00:00,404.186,404.347,394.89,396.419,7778.28899112
2022-02-13 20:00:00+00:00,396.367,401.187,395.341,397.998,5250.92312607
2022-02-14 00:00:00+00:00,398.073,399.2,390.636,394.033,6423.81825246
2022-02-14 04:00:00+00:00,394.078,396.212,391.14,395.796,6317.90081849
2022-02-14 08:00:00+00:00,395.84,397.787,393.151,396.248,4807.65727664
2022-02-14 12:00:00+00:00,396.497,404.4,395.337,401.341,8340.7959533
2022-02-14 16:00:00+00:00,401.484,404.398,396.091,398.016,8497.01928022
2022-02-14 20:00:00+00:00,397.979,404.079,396.941,403.578,4975.87264799
2022-02-15 00:00:00+00:00,403.59,417.08,402.881,412.899,9031.53894559
2022-02-15 04:00:00+00:00,412.899,428.031,412.895,427.709,12467.30102758
2022-02-15 08:00:00+00:00,427.791,442.5,424.283,428.247,31782.262709
2022-02-15 12:00:00+00:00,428.23,434.0,426.03,432.208,15571.87859275
2022-02-15 16:00:00+00:00,432.232,432.727,422.5,429.275,12583.86221922
2022-02-15 20:00:00+00:00,429.257,433.99,426.402,432.551,6372.05497561
2022-02-16 00:00:00+00:00,432.628,433.363,428.867,431.079,8012.81506141
2022-02-16 04:00:00+00:00,431.081,431.76,427.802,430.7,4177.9570342
2022-02-16 08:00:00+00:00,430.7,433.219,428.0,430.733,5461.29143628
2022-02-16 12:00:00+00:00,430.725,431.669,422.356,425.267,9473.68281333
2022-02-16 16:00:00+00:00,425.313,432.1,422.769,430.985,9637.10939511
2022-02-16 20:00:00+00:00,431.189,432.149,425.525,427.394,7171.37627512
2022-02-17 00:00:00+00:00,427.381,431.286,425.201,425.237,4997.54325926
2022-02-17 04:00:00+00:00,425.216,427.954,421.068,427.568,3597.9849436
2022-02-17 08:00:00+00:00,427.535,428.331,419.799,424.257,6580.17482381
2022-02-17 12:00:00+00:00,424.207,425.47,411.29,413.748,9143.88087207
2022-02-17 16:00:00+00:00,413.748,414.872,403.194,408.163,9318.07121582
2022-02-17 20:00:00+00:00,408.203,408.203,399.99,402.327,8643.96627596
2022-02-18 00:00:00+00:00,402.369,405.07,398.507,404.795,5628.95876901
2022-02-18 04:00:00+00:00,404.795,408.539,402.09,407.254,4176.11090349
2022-02-18 08:00:00+00:00,407.249,411.092,402.628,403.226,5243.0653487
2022-02-18 12:00:00+00:00,403.347,406.498,394.12,395.27,6649.51173915
2022-02-18 16:00:00+00:00,395.211,399.999,392.23,399.377,7950.63073632
2022-02-18 20:00:00+00:00,399.394,400.177,395.129,399.266,5500.18438146
2022-02-19 00:00:00+00:00,399.261,404.682,397.898,401.737,4209.98743364
2022-02-19 04:00:00+00:00,401.737,406.551,401.737,405.176,3115.71647744
2022-02-19 08:00:00+00:00,405.147,405.984,395.05,396.63,4020.02468854
2022-02-19 12:00:00+00:00,396.63,400.588,393.17,400.047,4950.50962313
2022-02-19 16:00:00+00:00,399.752,404.006,396.19,396.514,6592.85725257
2022-02-19 20:00:00+00:00,396.561,400.667,395.99,399.865,3792.55600999
2022-02-20 00:00:00+00:00,399.922,400.094,388.49,389.641,6582.32031613
2022-02-20 04:00:00+00:00,389.636,389.829,377.436,381.527,7019.80747728
2022-02-20 08:00:00+00:00,381.56,382.063,375.44,381.793,5495.30903967
2022-02-20 12:00:00+00:00,381.924,384.72,375.111,380.047,6016.28955955
2022-02-20 16:00:00+00:00,379.989,384.4,379.394,381.814,4509.1069674
2022-02-20 20:00:00+00:00,381.846,386.041,377.64,380.681,5340.84950279
2022-02-21 00:00:00+00:00,380.776,392.553,378.695,388.031,6926.87861072
2022-02-21 04:00:00+00:00,388.021,393.611,387.948,392.594,4817.51108497
2022-02-21 08:00:00+00:00,392.521,393.45,368.56,370.212,8059.18534197
2022-02-21 12:00:00+00:00,370.102,383.92,365.002,379.102,11146.23943907
2022-02-21 16:00:00+00:00,379.097,381.951,367.31,371.602,8642.64451765
2022-02-21 20:00:00+00:00,371.602,372.6,355.05,356.783,9156.50786666
2022-02-22 00:00:00+00:00,356.788,361.34,348.568,352.393,10213.00589792
2022-02-22 04:00:00+00:00,352.549,359.118,351.95,355.92,4815.41448013
2022-02-22 08:00:00+00:00,355.929,366.786,355.929,364.658,6095.85432707
2022-02-22 12:00:00+00:00,364.621,370.899,361.814,367.06,6412.53465506
2022-02-22 16:00:00+00:00,366.984,373.499,362.22,371.539,5827.0804609
2022-02-22 20:00:00+00:00,371.589,375.44,366.241,374.361,5004.78822667
2022-02-23 00:00:00+00:00,374.345,380.399,370.999,372.663,5516.082143
2022-02-23 04:00:00+00:00,372.701,378.029,371.78,377.881,3976.49036268
2022-02-23 08:00:00+00:00,377.882,382.8,375.536,379.629,5727.16900492
2022-02-23 12:00:00+00:00,379.768,384.2,376.001,378.879,6801.58568304
2022-02-23 16:00:00+00:00,378.887,383.154,370.09,371.014,7731.80886891
2022-02-23 20:00:00+00:00,371.013,371.746,365.36,365.653,6078.79851622
2022-02-24 00:00:00+00:00,365.6,368.65,339.16,341.677,13137.46297846
2022-02-24 04:00:00+00:00,341.972,344.066,323.378,335.989,21433.81417008
2022-02-24 08:00:00+00:00,336.198,342.859,330.191,335.6,12506.111253
2022-02-24 12:00:00+00:00,335.74,345.842,332.159,345.229,9462.52231085
2022-02-24 16:00:00+00:00,345.229,358.726,342.48,358.726,12265.90434854
2022-02-24 20:00:00+00:00,358.722,371.114,353.233,361.18,10670.75675767
2022-02-25 00:00:00+00:00,361.191,367.184,359.84,366.214,6342.4876297
2022-02-25 04:00:00+00:00,366.214,366.232,359.05,363.693,5166.92940249
2022-02-25 08:00:00+00:00,363.696,364.606,356.86,361.899,4395.58663537
2022-02-25 12:00:00+00:00,361.973,372.116,361.886,370.043,8612.52057834
2022-02-25 16:00:00+00:00,369.796,371.04,363.241,364.819,6902.39593959
2022-02-25 20:00:00+00:00,364.753,377.262,363.641,374.856,6875.15437628
2022-02-26 00:00:00+00:00,375.082,385.943,373.841,379.677,8325.30645797
2022-02-26 04:00:00+00:00,379.659,381.23,373.022,376.319,3799.94624231
2022-02-26 08:00:00+00:00,376.32,378.59,371.102,373.615,5516.89413593
2022-02-26 12:00:00+00:00,373.508,377.455,370.771,375.259,6131.09851504
2022-02-26 16:00:00+00:00,375.318,376.369,370.57,374.859,5256.23637457
2022-02-26 20:00:00+00:00,374.843,378.27,371.375,373.731,4828.35210603
2022-02-27 00:00:00+00:00,373.814,374.732,363.161,366.267,6613.06711495
2022-02-27 04:00:00+00:00,366.267,372.86,364.51,371.878,4213.72438208
2022-02-27 08:00:00+00:00,371.847,379.545,370.001,378.922,6293.07590646
2022-02-27 12:00:00+00:00,379.083,381.14,369.0,375.714,6350.16555265
2022-02-27 16:00:00+00:00,375.662,376.192,360.002,360.812,6582.57540015
2022-02-27 20:00:00+00:00,360.591,366.45,358.25,359.959,7472.74370206
2022-02-28 00:00:00+00:00,360.079,365.068,355.684,363.689,6582.38296451
2022-02-28 04:00:00+00:00,363.703,366.779,358.271,366.563,4919.39332839
2022-02-28 08:00:00+00:00,366.588,369.34,365.23,367.231,4872.73743832
2022-02-28 12:00:00+00:00,367.324,383.2,363.3,382.785,10044.86305225
2022-02-28 16:00:00+00:00,382.784,385.732,379.88,384.349,10133.76555087
2022-02-28 20:00:00+00:00,384.45,397.31,383.95,395.781,8016.85016296
2022-03-01 00:00:00+00:00,395.718,400.1,391.054,393.506,7875.1827972
2022-03-01 04:00:00+00:00,393.494,413.758,392.722,413.216,12043.25031104
2022-03-01 08:00:00+00:00,413.272,424.0,401.83,406.103,17728.40570747
2022-03-01 12:00:00+00:00,406.11,413.94,400.6,404.72,10654.00691702
2022-03-01 16:00:00+00:00,404.687,409.66,400.295,406.98,10366.12606291
2022-03-01 20:00:00+00:00,406.986,409.199,403.234,408.753,7807.19927062
2022-03-02 00:00:00+00:00,408.775,414.569,403.88,413.462,6767.5987261
2022-03-02 04:00:00+00:00,413.554,415.58,407.68,410.1,6536.53195951
2022-03-02 08:00:00+00:00,410.119,415.126,407.92,412.805,7039.88641853
2022-03-02 12:00:00+00:00,412.883,414.896,403.857,408.788,9731.75663649
2022-03-02 16:00:00+00:00,408.886,411.94,405.13,407.374,6236.02614764
2022-03-02 20:00:00+00:00,407.321,411.168,407.011,409.124,4410.13474695
2022-03-03 00:00:00+00:00,409.089,411.146,402.827,404.907,6005.1052574
2022-03-03 04:00:00+00:00,404.806,408.838,403.58,407.142,3489.25186019
2022-03-03 08:00:00+00:00,407.126,408.921,405.222,407.594,2852.93608626
2022-03-03 12:00:00+00:00,407.64,413.04,400.512,402.261,7069.18102586
2022-03-03 16:00:00+00:00,402.144,404.939,397.469,401.129,8065.12419757
2022-03-03 20:00:00+00:00,401.029,404.169,397.524,402.758,5377.59446602
2022-03-04 00:00:00+00:00,402.758,403.618,389.04,394.0,7097.59026197
2022-03-04 04:00:00+00:00,393.972,395.511,392.335,394.408,4839.69134012
2022-03-04 08:00:00+00:00,394.438,398.19,390.85,396.853,5510.95385738
2022-03-04 12:00:00+00:00,396.948,398.244,387.159,387.283,8171.62354054
2022-03-04 16:00:00+00:00,387.296,390.542,380.075,380.633,6881.95310759
2022-03-04 20:00:00+00:00,380.758,381.901,372.0,374.258,6956.12652201
2022-03-05 00:00:00+00:00,374.163,374.663,366.841,373.764,7057.18316618
2022-03-05 04:00:00+00:00,373.774,378.56,369.188,378.053,5439.38682087
2022-03-05 08:00:00+00:00,378.05,380.684,376.11,380.374,3843.06842
2022-03-05 12:00:00+00:00,380.371,382.83,377.839,380.099,4644.59433158
2022-03-05 16:00:00+00:00,380.145,384.377,377.58,383.427,4547.85696664
2022-03-05 20:00:00+00:00,383.438,387.439,382.938,384.782,5170.62061059
2022-03-06 00:00:00+00:00,384.76,387.32,382.2,382.541,3005.64473658
2022-03-06 04:00:00+00:00,382.535,385.663,378.731,382.589,3632.17318701
2022-03-06 08:00:00+00:00,382.596,382.604,372.502,375.691,4893.02448364
2022-03-06 12:00:00+00:00,375.71,381.419,374.352,380.949,4874.94539976
2022-03-06 16:00:00+00:00,380.997,384.999,376.74,377.415,6950.25013256
2022-03-06 20:00:00+00:00,377.462,382.16,373.072,375.041,5429.92031841
2022-03-07 00:00:00+00:00,375.041,375.244,365.5,368.045,6939.99267736
2022-03-07 04:00:00+00:00,368.027,373.959,367.052,370.383,5025.98914371
2022-03-07 08:00:00+00:00,370.4,377.92,369.333,375.544,5695.93477075
2022-03-07 12:00:00+00:00,375.667,384.739,375.667,381.944,6001.66710608
2022-03-07 16:00:00+00:00,381.93,384.37,362.87,365.618,9479.98485407
2022-03-07 20:00:00+00:00,365.683,385.71,363.63,380.663,10690.58469694
2022-03-08 00:00:00+00:00,380.323,385.494,379.021,382.504,4922.30559574
2022-03-08 04:00:00+00:00,382.697,384.689,376.999,381.494,4381.51681776
2022-03-08 08:00:00+00:00,381.501,388.779,380.61,385.982,5065.12872829
2022-03-08 12:00:00+00:00,386.083,388.098,378.185,383.03,5678.11235372
2022-03-08 16:00:00+00:00,383.178,388.0,378.682,384.198,7711.11776983
2022-03-08 20:00:00+00:00,384.135,384.649,379.267,381.374,4287.24474976
2022-03-09 00:00:00+00:00,381.427,401.44,381.137,398.828,8499.51831997
2022-03-09 04:00:00+00:00,398.89,402.789,393.826,396.19,9293.79860371
2022-03-09 08:00:00+00:00,396.127,398.159,392.191,395.343,7142.28059035
2022-03-09 12:00:00+00:00,395.316,398.269,392.284,397.317,7459.01678966
2022-03-09 16:00:00+00:00,397.204,397.511,390.896,394.063,6674.81313794
2022-03-09 20:00:00+00:00,394.063,394.737,390.5,393.307,4552.42537949
2022-03-10 00:00:00+00:00,393.31,394.658,386.006,386.403,6763.51095658
2022-03-10 04:00:00+00:00,386.409,387.139,373.44,377.876,6456.07798528
2022-03-10 08:00:00+00:00,377.874,378.442,375.03,376.065,3855.15094603
2022-03-10 12:00:00+00:00,376.034,377.741,365.072,365.492,8670.97473596
2022-03-10 16:00:00+00:00,365.468,370.796,363.043,370.581,7808.52884308
2022-03-10 20:00:00+00:00,370.497,373.077,368.5,372.071,4658.00660304
2022-03-11 00:00:00+00:00,372.099,372.86,364.8,368.968,4800.62264845
2022-03-11 04:00:00+00:00,368.97,374.473,365.904,373.018,6462.2261247
2022-03-11 08:00:00+00:00,373.018,379.148,370.67,377.529,4046.62430142
2022-03-11 12:00:00+00:00,377.391,380.0,370.67,372.715,6149.39981239
2022-03-11 16:00:00+00:00,372.834,372.85,369.697,370.988,4868.89219373
2022-03-11 20:00:00+00:00,370.88,374.854,368.601,371.98,4401.12102027
2022-03-12 00:00:00+00:00,371.91,377.614,371.425,373.589,3654.79408493
2022-03-12 04:00:00+00:00,373.679,376.219,371.21,375.496,2857.15638557
2022-03-12 08:00:00+00:00,375.499,378.63,374.182,376.092,3496.44301613
2022-03-12 12:00:00+00:00,376.205,378.98,374.57,377.115,3754.38936816
2022-03-12 16:00:00+00:00,377.131,379.234,375.96,376.513,4987.50025138
2022-03-12 20:00:00+00:00,376.483,376.99,372.0,372.47,3961.55517225
2022-03-13 00:00:00+00:00,372.318,377.05,371.57,376.285,3875.1140021
2022-03-13 04:00:00+00:00,376.284,377.162,374.537,374.858,2724.83231086
2022-03-13 08:00:00+00:00,374.866,374.951,370.314,371.001,3896.66480344
2022-03-13 12:00:00+00:00,370.95,372.84,368.209,371.009,4820.79192916
2022-03-13 16:00:00+00:00,371.008,373.589,370.642,371.3,4277.73675328
2022-03-13 20:00:00+00:00,371.3,371.418,360.1,361.258,5611.68274956
2022-03-14 00:00:00+00:00,361.324,365.25,359.505,365.026,5378.87005754
2022-03-14 04:00:00+00:00,365.01,371.697,364.766,369.659,4578.86656341
2022-03-14 08:00:00+00:00,369.72,371.547,368.251,368.412,3584.30416768
2022-03-14 12:00:00+00:00,368.435,370.372,366.62,368.242,5546.15297179
2022-03-14 16:00:00+00:00,368.218,369.074,363.604,365.735,4561.10454745
2022-03-14 20:00:00+00:00,365.832,373.976,364.706,373.359,4968.62697131
2022-03-15 00:00:00+00:00,373.486,374.848,366.637,367.271,5572.7954469
2022-03-15 04:00:00+00:00,367.223,368.09,361.856,364.283,3198.31428518
2022-03-15 08:00:00+00:00,364.31,366.29,362.28,365.299,3775.579623
2022-03-15 12:00:00+00:00,365.274,370.456,363.631,368.651,5206.83941867
2022-03-15 16:00:00+00:00,368.643,374.289,367.729,373.444,7833.01225904
2022-03-15 20:00:00+00:00,373.407,374.71,370.34,371.669,4875.50132371
2022-03-16 00:00:00+00:00,371.669,383.285,369.53,370.558,6581.43813751
2022-03-16 04:00:00+00:00,370.512,373.25,367.888,372.398,4642.2748749
2022-03-16 08:00:00+00:00,372.539,379.621,372.233,377.588,4554.78293409
2022-03-16 12:00:00+00:00,377.589,381.005,375.13,378.403,6226.64361468
2022-03-16 16:00:00+00:00,378.506,383.94,372.12,383.273,7505.84454209
2022-03-16 20:00:00+00:00,383.366,386.58,382.351,385.496,5598.49453935
2022-03-17 00:00:00+00:00,385.508,386.366,381.831,383.324,4869.96714635
2022-03-17 04:00:00+00:00,383.508,388.5,382.801,384.702,3419.29302882
2022-03-17 08:00:00+00:00,384.634,385.809,382.793,384.903,3641.47172752
2022-03-17 12:00:00+00:00,384.899,393.5,384.644,387.339,7932.96403629
2022-03-17 16:00:00+00:00,387.722,389.987,386.052,389.646,5152.87778083
2022-03-17 20:00:00+00:00,389.656,392.199,387.102,391.888,3592.30335905
2022-03-18 00:00:00+00:00,391.993,392.576,384.1,385.115,4801.37054742
2022-03-18 04:00:00+00:00,385.029,389.084,384.309,387.053,3765.50705874
2022-03-18 08:00:00+00:00,387.034,389.615,384.32,385.827,4348.66135573
2022-03-18 12:00:00+00:00,385.889,394.54,385.251,393.286,5228.28736304
2022-03-18 16:00:00+00:00,393.34,399.368,393.34,399.178,6662.82722261
2022-03-18 20:00:00+00:00,399.132,400.261,395.726,397.289,4521.8870968
2022-03-19 00:00:00+00:00,397.271,400.655,396.0,398.193,4403.3925611
2022-03-19 04:00:00+00:00,398.286,398.88,395.173,395.45,2237.55698144
2022-03-19 08:00:00+00:00,395.697,402.756,395.0,401.146,3370.65437452
2022-03-19 12:00:00+00:00,401.205,406.18,400.52,403.268,4803.78506854
2022-03-19 16:00:00+00:00,403.268,406.29,398.805,399.169,5246.57317303
2022-03-19 20:00:00+00:00,399.169,402.74,396.16,399.897,4731.78799923
2022-03-20 00:00:00+00:00,399.887,400.789,393.285,396.538,4201.85980379
2022-03-20 04:00:00+00:00,396.552,398.428,395.23,397.295,2194.52777735
2022-03-20 08:00:00+00:00,397.324,398.506,392.882,393.07,2591.5190512
2022-03-20 12:00:00+00:00,393.093,393.896,390.1,390.274,3941.17896017
2022-03-20 16:00:00+00:00,390.202,392.846,386.4,391.699,4911.30661552
2022-03-20 20:00:00+00:00,391.68,394.295,390.0,390.842,3313.54406164
2022-03-21 00:00:00+00:00,390.842,392.019,385.508,389.014,4489.70114631
2022-03-21 04:00:00+00:00,388.952,392.53,388.063,392.468,3161.18746563
2022-03-21 08:00:00+00:00,392.391,396.18,390.96,394.336,3876.41626877
2022-03-21 12:00:00+00:00,394.386,399.279,391.706,399.006,5358.81034115
2022-03-21 16:00:00+00:00,398.987,399.109,394.141,398.04,4919.92201554
2022-03-21 20:00:00+00:00,398.04,398.089,395.041,396.122,3291.33095585
2022-03-22 00:00:00+00:00,396.049,407.489,395.066,404.978,6168.15792901
2022-03-22 04:00:00+00:00,404.98,409.73,402.6,405.022,6777.86946601
2022-03-22 08:00:00+00:00,405.049,407.729,403.09,407.557,5375.84867148
2022-03-22 12:00:00+00:00,407.521,410.611,405.41,406.175,5573.39022237
2022-03-22 16:00:00+00:00,406.174,407.002,402.613,402.623,3878.90427761
2022-03-22 20:00:00+00:00,402.611,407.286,402.392,404.31,4341.98243991
2022-03-23 00:00:00+00:00,404.303,406.419,401.158,401.822,4029.87912933
2022-03-23 04:00:00+00:00,401.86,404.2,398.235,401.57,3384.96015574
2022-03-23 08:00:00+00:00,401.564,402.98,400.101,401.283,3540.96679603
2022-03-23 12:00:00+00:00,401.28,411.674,399.921,409.47,6254.45072798
2022-03-23 16:00:00+00:00,409.482,410.673,402.008,403.507,6295.07711931
2022-03-23 20:00:00+00:00,403.537,408.821,403.366,408.383,4932.91339754
2022-03-24 00:00:00+00:00,408.516,412.365,406.434,406.572,4108.5357613
2022-03-24 04:00:00+00:00,406.697,413.316,406.336,410.533,3113.02752116
2022-03-24 08:00:00+00:00,410.506,412.774,409.002,409.633,4292.23611567
2022-03-24 12:00:00+00:00,409.708,415.715,405.12,414.382,8734.67440602
2022-03-24 16:00:00+00:00,414.366,416.63,413.5,414.457,5688.56807845
2022-03-24 20:00:00+00:00,414.46,415.387,412.681,414.349,4475.1627867
2022-03-25 00:00:00+00:00,414.293,415.7,411.333,413.558,3568.10948817
2022-03-25 04:00:00+00:00,413.526,415.62,412.372,412.491,4130.46063809
2022-03-25 08:00:00+00:00,412.479,419.647,409.57,419.1,6445.18875808
2022-03-25 12:00:00+00:00,419.047,421.529,411.907,413.0,8606.81270147
2022-03-25 16:00:00+00:00,413.021,415.299,405.66,410.829,6873.92580605
2022-03-25 20:00:00+00:00,410.817,412.899,410.037,410.348,3631.37349793
2022-03-26 00:00:00+00:00,410.389,411.886,407.566,410.131,3392.94528831
2022-03-26 04:00:00+00:00,410.096,413.496,410.059,413.195,2547.71274826
2022-03-26 08:00:00+00:00,413.088,415.815,412.946,414.117,2964.18823352
2022-03-26 12:00:00+00:00,414.192,414.994,410.534,413.229,3768.27094505
2022-03-26 16:00:00+00:00,413.201,414.771,412.493,414.299,3313.39995531
2022-03-26 20:00:00+00:00,414.357,416.478,413.693,415.947,3277.1654817
2022-03-27 00:00:00+00:00,415.947,418.373,415.712,416.171,3671.56234092
2022-03-27 04:00:00+00:00,416.154,417.49,415.044,417.37,2259.03805754
2022-03-27 08:00:00+00:00,417.399,417.434,414.277,415.321,1737.54061285
2022-03-27 12:00:00+00:00,415.321,419.86,411.654,416.971,4323.56819252
2022-03-27 16:00:00+00:00,417.026,418.999,416.561,417.945,4275.56458411
2022-03-27 20:00:00+00:00,417.865,431.546,416.138,430.505,10187.30070298
2022-03-28 00:00:00+00:00,430.505,433.531,428.027,431.843,7169.24937983
2022-03-28 04:00:00+00:00,431.831,437.114,430.144,431.099,6230.41745639
2022-03-28 08:00:00+00:00,431.1,436.564,429.45,435.421,6123.50106168
2022-03-28 12:00:00+00:00,435.493,440.961,434.144,436.388,9097.10522041
2022-03-28 16:00:00+00:00,436.389,440.578,433.722,438.38,8537.85552189
2022-03-28 20:00:00+00:00,438.368,439.18,427.754,430.163,8369.63675194
2022-03-29 00:00:00+00:00,430.026,436.0,429.618,432.567,5680.34961141
2022-03-29 04:00:00+00:00,432.562,437.01,431.735,434.579,6122.05682589
2022-03-29 08:00:00+00:00,434.581,440.648,434.296,440.296,8615.30349262
2022-03-29 12:00:00+00:00,440.363,441.695,433.64,434.566,11790.75991872
2022-03-29 16:00:00+00:00,434.567,437.706,429.655,436.52,9619.76475354
2022-03-29 20:00:00+00:00,436.637,437.28,429.667,434.256,6080.05927434
2022-03-30 00:00:00+00:00,434.204,434.225,425.52,433.511,7218.69957229
2022-03-30 04:00:00+00:00,433.511,438.17,430.54,436.861,5050.74575385
2022-03-30 08:00:00+00:00,436.85,440.253,434.852,439.375,5604.61303926
2022-03-30 12:00:00+00:00,439.403,439.8,433.727,438.964,10098.68971301
2022-03-30 16:00:00+00:00,438.909,449.35,438.719,444.84,12198.65568556
2022-03-30 20:00:00+00:00,444.89,446.54,441.133,442.064,7772.11098965
2022-03-31 00:00:00+00:00,442.064,452.22,440.288,445.056,13621.85487073
2022-03-31 04:00:00+00:00,445.057,445.355,441.44,445.005,11035.71959077
2022-03-31 08:00:00+00:00,445.003,449.155,443.73,444.916,12184.95135125
2022-03-31 12:00:00+00:00,444.914,449.24,430.924,434.319,20504.72268216
2022-03-31 16:00:00+00:00,434.251,434.728,424.1,427.089,30245.18541923
2022-03-31 20:00:00+00:00,427.089,431.793,425.68,428.782,11725.20717336
2022-04-01 00:00:00+00:00,428.776,430.09,413.36,418.868,18186.81480538
2022-04-01 04:00:00+00:00,418.862,428.009,418.475,427.713,10767.0760655
2022-04-01 08:00:00+00:00,427.711,433.01,426.847,430.968,13971.85437992
2022-04-01 12:00:00+00:00,430.822,442.647,427.55,441.2,19793.62807419
2022-04-01 16:00:00+00:00,441.245,446.43,440.813,446.399,19293.60821549
2022-04-01 20:00:00+00:00,446.439,448.172,442.801,447.722,9399.34569836
2022-04-02 00:00:00+00:00,447.605,454.27,444.4,449.58,13607.04585094
2022-04-02 04:00:00+00:00,449.58,451.23,447.411,450.534,9422.61548898
2022-04-02 08:00:00+00:00,450.54,450.54,447.75,448.24,9286.90313934
2022-04-02 12:00:00+00:00,448.223,451.43,440.62,442.364,21195.25954224
2022-04-02 16:00:00+00:00,442.382,446.159,438.423,442.663,19153.4812197
2022-04-02 20:00:00+00:00,442.705,443.887,435.68,437.128,17374.61832182
2022-04-03 00:00:00+00:00,437.127,440.12,432.23,437.253,15921.65570685
2022-04-03 04:00:00+00:00,437.353,444.485,437.092,444.142,8286.12152003
2022-04-03 08:00:00+00:00,444.142,445.641,441.066,444.341,8678.19660269
2022-04-03 12:00:00+00:00,444.341,449.789,443.551,447.309,10819.43108255
2022-04-03 16:00:00+00:00,447.384,449.17,445.697,448.12,10315.55306634
2022-04-03 20:00:00+00:00,448.121,455.82,447.101,450.329,11573.30909852
2022-04-04 00:00:00+00:00,450.312,450.41,442.381,443.522,9435.02161726
2022-04-04 04:00:00+00:00,443.491,448.942,441.751,446.966,9440.69890132
2022-04-04 08:00:00+00:00,446.967,448.492,441.38,446.761,12695.67710405
2022-04-04 12:00:00+00:00,446.736,447.374,437.873,438.152,16434.1134491
2022-04-04 16:00:00+00:00,438.237,443.48,433.46,443.042,20101.75062938
2022-04-04 20:00:00+00:00,443.111,449.809,441.569,447.532,10198.98923483
2022-04-05 00:00:00+00:00,447.554,457.12,446.511,455.084,9815.70361461
2022-04-05 04:00:00+00:00,455.296,458.487,451.28,454.886,7006.43921051
2022-04-05 08:00:00+00:00,454.887,457.964,453.451,457.905,5743.22073025
2022-04-05 12:00:00+00:00,457.92,459.999,448.56,449.243,13074.10468998
2022-04-05 16:00:00+00:00,449.227,452.77,446.14,450.583,8054.27556818
2022-04-05 20:00:00+00:00,450.535,451.258,444.231,444.704,5165.30231982
2022-04-06 00:00:00+00:00,444.724,444.724,432.57,440.154,8924.57575293
2022-04-06 04:00:00+00:00,440.086,444.4,438.366,441.252,3821.64553319
2022-04-06 08:00:00+00:00,441.153,442.21,432.08,435.472,6319.51882577
2022-04-06 12:00:00+00:00,435.466,439.0,421.4,426.901,14113.19479427
2022-04-06 16:00:00+00:00,426.792,428.029,418.46,426.496,15659.94400354
2022-04-06 20:00:00+00:00,426.574,428.04,419.08,419.983,6393.59768939
2022-04-07 00:00:00+00:00,419.897,428.0,416.216,424.625,8746.21418319
2022-04-07 04:00:00+00:00,424.78,432.815,424.709,430.896,4066.47837451
2022-04-07 08:00:00+00:00,430.917,436.25,426.63,435.19,5442.41077769
2022-04-07 12:00:00+00:00,435.2,436.885,426.745,431.971,6148.02133094
2022-04-07 16:00:00+00:00,431.868,438.587,429.969,434.871,6357.66957364
2022-04-07 20:00:00+00:00,434.883,437.968,434.023,436.195,4832.24936583
2022-04-08 00:00:00+00:00,436.1,441.44,435.278,438.237,5118.40681408
2022-04-08 04:00:00+00:00,438.342,438.44,429.845,433.437,6221.05598637
2022-04-08 08:00:00+00:00,433.421,435.639,427.448,427.878,16040.36323908
2022-04-08 12:00:00+00:00,427.904,434.496,422.575,430.855,25622.64948268
2022-04-08 16:00:00+00:00,430.792,432.19,423.124,427.013,16270.18778327
2022-04-08 20:00:00+00:00,427.088,428.779,418.621,421.54,6265.81320038
2022-04-09 00:00:00+00:00,421.478,425.255,419.749,422.886,4359.17518165
2022-04-09 04:00:00+00:00,422.945,425.309,421.663,424.452,3774.95444245
2022-04-09 08:00:00+00:00,424.403,428.16,423.186,426.466,4062.24380715
2022-04-09 12:00:00+00:00,426.674,428.065,420.79,421.102,5068.65748953
2022-04-09 16:00:00+00:00,421.149,424.533,420.787,421.817,3941.08622777
2022-04-09 20:00:00+00:00,421.796,427.349,420.64,426.77,3685.34934275
2022-04-10 00:00:00+00:00,426.794,427.689,424.561,426.8,3113.01356379
2022-04-10 04:00:00+00:00,426.762,427.7,424.681,425.837,2660.04194965
2022-04-10 08:00:00+00:00,425.837,425.996,421.375,424.287,3294.93453364
2022-04-10 12:00:00+00:00,424.328,425.7,420.701,422.198,5383.30054424
2022-04-10 16:00:00+00:00,422.276,429.602,421.401,427.946,6655.46479048
2022-04-10 20:00:00+00:00,428.072,429.646,417.15,418.0,7117.8196417
2022-04-11 00:00:00+00:00,418.102,419.54,410.826,414.097,7457.75577407
2022-04-11 04:00:00+00:00,414.12,418.0,413.182,417.444,4761.85928781
2022-04-11 08:00:00+00:00,417.395,418.07,402.66,404.108,14037.98241057
2022-04-11 12:00:00+00:00,404.207,405.223,398.87,398.936,13112.91776104
2022-04-11 16:00:00+00:00,398.973,403.61,396.6,398.676,13368.67256817
2022-04-11 20:00:00+00:00,398.711,399.741,391.25,394.599,10370.45926577
2022-04-12 00:00:00+00:00,394.509,398.543,392.44,398.365,5462.54187067
2022-04-12 04:00:00+00:00,398.365,408.386,397.925,407.214,6428.87573574
2022-04-12 08:00:00+00:00,407.332,411.92,406.052,411.338,6319.93695831
2022-04-12 12:00:00+00:00,411.53,416.899,408.437,412.724,9502.19534628
2022-04-12 16:00:00+00:00,412.76,415.603,406.6,407.23,8094.05206075
2022-04-12 20:00:00+00:00,407.167,415.121,406.794,413.708,6186.4237265
2022-04-13 00:00:00+00:00,413.815,421.0,410.337,418.311,11086.49159386
2022-04-13 04:00:00+00:00,418.228,420.269,416.68,418.042,7298.16178062
2022-04-13 08:00:00+00:00,418.055,420.714,413.496,413.546,9876.32570168
2022-04-13 12:00:00+00:00,413.526,421.838,411.198,417.77,14398.12801178
2022-04-13 16:00:00+00:00,417.824,423.049,415.614,419.64,9137.34713543
2022-04-13 20:00:00+00:00,419.669,425.092,419.142,423.397,6605.05122776
2022-04-14 00:00:00+00:00,423.398,426.84,421.35,422.084,4550.07241988
2022-04-14 04:00:00+00:00,422.118,422.989,419.891,422.038,4986.57041905
2022-04-14 08:00:00+00:00,422.023,423.48,416.901,417.556,7019.42436855
2022-04-14 12:00:00+00:00,417.547,421.39,411.891,412.424,9585.95270628
2022-04-14 16:00:00+00:00,412.38,416.89,411.42,414.044,5359.35461383
2022-04-14 20:00:00+00:00,414.013,416.379,412.657,414.77,3553.59310312
2022-04-15 00:00:00+00:00,414.77,418.5,412.78,418.139,4746.57286133
2022-04-15 04:00:00+00:00,418.139,418.87,414.644,416.865,4787.79085393
2022-04-15 08:00:00+00:00,416.925,418.409,415.285,417.491,6055.68828623
2022-04-15 12:00:00+00:00,417.499,418.998,413.921,417.977,7168.34002836
2022-04-15 16:00:00+00:00,417.986,420.16,416.6,417.913,5420.19525242
2022-04-15 20:00:00+00:00,417.913,418.78,415.491,417.427,4777.18723082
2022-04-16 00:00:00+00:00,417.417,418.924,416.073,416.1,3497.63974712
2022-04-16 04:00:00+00:00,416.125,416.737,414.52,415.071,2930.30153257
2022-04-16 08:00:00+00:00,415.043,416.78,414.253,416.007,2630.95192914
2022-04-16 12:00:00+00:00,416.007,416.945,411.72,412.735,4641.47820418
2022-04-16 16:00:00+00:00,412.601,414.45,412.257,413.88,3683.70498811
2022-04-16 20:00:00+00:00,413.879,418.791,413.731,417.222,3880.08249314
2022-04-17 00:00:00+00:00,417.4,418.243,414.358,415.416,3300.84242724
2022-04-17 04:00:00+00:00,415.251,416.175,413.621,414.643,2390.16392028
2022-04-17 08:00:00+00:00,414.581,415.988,413.697,415.351,4401.5113948
2022-04-17 12:00:00+00:00,415.45,417.139,414.525,416.701,3781.15557648
2022-04-17 16:00:00+00:00,416.677,417.28,412.361,414.497,4824.11850159
2022-04-17 20:00:00+00:00,414.47,416.36,405.631,406.711,4770.2836911
2022-04-18 00:00:00+00:00,406.688,410.389,404.96,407.95,4215.76416155
2022-04-18 04:00:00+00:00,407.984,408.33,396.34,397.663,8190.91805664
2022-04-18 08:00:00+00:00,397.766,403.78,397.516,401.92,5104.16668546
2022-04-18 12:00:00+00:00,402.015,407.357,402.015,405.856,8543.02165799
2022-04-18 16:00:00+00:00,405.948,417.009,402.971,415.191,9614.97180375
2022-04-18 20:00:00+00:00,415.129,417.94,414.72,416.832,5834.8987197
2022-04-19 00:00:00+00:00,416.848,419.902,414.759,416.702,6111.16828011
2022-04-19 04:00:00+00:00,416.727,422.119,415.88,421.73,5955.64379619
2022-04-19 08:00:00+00:00,421.905,424.5,418.721,419.045,7346.14862126
2022-04-19 12:00:00+00:00,418.968,423.35,416.68,419.818,10215.4608324
2022-04-19 16:00:00+00:00,419.813,421.777,417.591,419.953,7071.54397159
2022-04-19 20:00:00+00:00,419.863,422.547,417.77,422.21,4376.38140067
2022-04-20 00:00:00+00:00,422.229,422.42,417.85,421.408,3730.86745986
2022-04-20 04:00:00+00:00,421.409,423.75,420.161,420.948,4217.66327524
2022-04-20 08:00:00+00:00,421.0,431.282,420.449,428.29,8082.32148041
2022-04-20 12:00:00+00:00,428.201,429.836,419.452,421.78,10741.48511033
2022-04-20 16:00:00+00:00,421.69,422.099,414.819,417.453,9039.79279007
2022-04-20 20:00:00+00:00,417.453,420.578,416.831,418.29,5424.5051562
2022-04-21 00:00:00+00:00,418.307,422.74,418.04,421.558,5717.00265949
2022-04-21 04:00:00+00:00,421.657,423.214,417.64,420.812,5444.99324524
2022-04-21 08:00:00+00:00,420.727,425.936,419.235,424.285,11677.34788503
2022-04-21 12:00:00+00:00,424.337,425.715,420.424,420.609,12841.68639508
2022-04-21 16:00:00+00:00,420.552,421.062,411.267,411.865,13623.24082193
2022-04-21 20:00:00+00:00,411.836,412.325,401.25,404.818,9853.36094162
2022-04-22 00:00:00+00:00,404.827,410.65,403.44,409.45,6666.91592183
2022-04-22 04:00:00+00:00,409.471,411.652,406.822,410.214,4644.48366436
2022-04-22 08:00:00+00:00,410.214,412.099,406.386,412.013,5349.90202021
2022-04-22 12:00:00+00:00,412.067,413.934,405.456,406.281,9579.78113477
2022-04-22 16:00:00+00:00,406.286,409.83,404.841,407.699,6766.44997487
2022-04-22 20:00:00+00:00,407.699,409.096,405.111,406.647,6266.10597501
2022-04-23 00:00:00+00:00,406.648,408.2,401.962,403.223,6966.22430169
2022-04-23 04:00:00+00:00,403.188,404.341,397.0,404.124,7838.32425301
2022-04-23 08:00:00+00:00,404.119,406.199,402.984,405.249,5518.9934149
2022-04-23 12:00:00+00:00,405.249,406.422,403.556,406.329,5311.11253409
2022-04-23 16:00:00+00:00,406.429,407.97,405.671,406.861,5523.09698831
2022-04-23 20:00:00+00:00,406.912,407.5,400.35,401.169,3808.02057799
2022-04-24 00:00:00+00:00,401.186,405.312,400.889,405.082,4415.52103407
2022-04-24 04:00:00+00:00,405.076,405.384,403.556,404.277,2256.68382578
2022-04-24 08:00:00+00:00,404.305,404.625,400.951,401.529,2988.20174329
2022-04-24 12:00:00+00:00,401.536,403.87,400.52,401.779,5516.43025932
2022-04-24 16:00:00+00:00,401.78,403.314,397.38,402.582,7883.61998629
2022-04-24 20:00:00+00:00,402.582,402.819,398.372,398.756,5042.13599992
2022-04-25 00:00:00+00:00,398.756,399.3,390.721,395.927,11040.41931212
2022-04-25 04:00:00+00:00,395.943,395.946,382.28,383.898,11578.09455191
2022-04-25 08:00:00+00:00,383.882,392.593,382.37,392.593,9132.70119486
2022-04-25 12:00:00+00:00,392.6,396.649,390.25,394.082,11945.62197044
2022-04-25 16:00:00+00:00,394.075,402.59,393.739,402.237,9792.36227973
2022-04-25 20:00:00+00:00,402.225,405.655,401.27,404.218,5550.73881631
2022-04-26 00:00:00+00:00,404.319,407.5,402.697,404.093,5211.8066876
2022-04-26 04:00:00+00:00,404.109,405.48,401.321,402.938,3221.57636903
2022-04-26 08:00:00+00:00,402.961,404.09,398.64,400.304,4636.12069451
2022-04-26 12:00:00+00:00,400.399,401.149,387.561,387.929,9424.98126765
2022-04-26 16:00:00+00:00,387.91,391.264,383.246,386.351,14132.66809084
2022-04-26 20:00:00+00:00,386.341,388.251,380.951,385.932,9250.0483737
2022-04-27 00:00:00+00:00,385.946,389.807,383.45,388.192,5894.5077238
2022-04-27 04:00:00+00:00,388.252,394.2,387.966,394.2,4192.7442346
2022-04-27 08:00:00+00:00,394.283,394.76,388.474,390.735,7026.59117589
2022-04-27 12:00:00+00:00,390.877,394.61,385.1,388.818,16190.36907249
2022-04-27 16:00:00+00:00,388.957,392.474,386.87,387.93,20047.19638246
2022-04-27 20:00:00+00:00,387.982,391.775,387.766,391.33,10505.13065311
2022-04-28 00:00:00+00:00,391.33,393.195,389.463,389.781,11528.85383219
2022-04-28 04:00:00+00:00,389.872,393.73,388.5,392.7,9211.51612336
2022-04-28 08:00:00+00:00,392.548,405.78,392.548,404.018,13013.53423813
2022-04-28 12:00:00+00:00,404.023,406.55,397.163,402.326,14269.05535516
2022-04-28 16:00:00+00:00,402.328,407.509,400.771,405.152,10316.45384328
2022-04-28 20:00:00+00:00,405.243,408.559,403.213,406.922,12889.91299575
2022-04-29 00:00:00+00:00,406.959,410.576,402.301,404.599,11851.50684837
2022-04-29 04:00:00+00:00,404.602,407.701,402.51,405.776,8268.18376578
2022-04-29 08:00:00+00:00,405.776,406.29,393.315,394.644,14164.35965947
2022-04-29 12:00:00+00:00,394.644,401.079,393.828,398.506,19637.70090403
2022-04-29 16:00:00+00:00,398.506,398.628,389.654,391.494,12673.03845847
2022-04-29 20:00:00+00:00,391.478,394.152,390.787,392.865,13197.56359414
2022-04-30 00:00:00+00:00,392.898,397.82,392.54,396.78,11555.4857791
2022-04-30 04:00:00+00:00,396.807,399.86,396.5,398.479,7101.02960514
2022-04-30 08:00:00+00:00,398.48,398.867,396.135,397.08,5102.24732943
2022-04-30 12:00:00+00:00,397.081,397.876,390.3,393.843,7950.47441383
2022-04-30 16:00:00+00:00,393.684,394.44,388.561,391.2,8883.51047276
2022-04-30 20:00:00+00:00,391.073,391.073,376.301,376.912,11089.32855037
2022-05-01 00:00:00+00:00,376.913,383.64,375.4,383.022,10036.38912138
2022-05-01 04:00:00+00:00,383.101,385.805,380.881,382.227,7925.86387215
2022-05-01 08:00:00+00:00,382.277,385.67,381.52,383.674,6196.45107728
2022-05-01 12:00:00+00:00,383.646,390.13,382.282,389.502,7695.6931394
2022-05-01 16:00:00+00:00,389.523,390.999,382.76,384.388,8970.69179325
2022-05-01 20:00:00+00:00,384.427,391.385,383.565,390.127,8513.55358725
2022-05-02 00:00:00+00:00,389.902,392.455,387.101,389.501,5576.03258254
2022-05-02 04:00:00+00:00,389.529,392.625,388.09,389.797,4955.97312886
2022-05-02 08:00:00+00:00,389.851,390.938,385.125,385.614,6482.78265235
2022-05-02 12:00:00+00:00,385.613,391.12,383.871,388.019,13511.54257939
2022-05-02 16:00:00+00:00,388.032,389.66,382.182,387.669,8988.98491433
2022-05-02 20:00:00+00:00,387.747,390.759,385.404,389.536,4606.2051915
2022-05-03 00:00:00+00:00,389.57,392.215,388.832,391.317,5253.66180953
2022-05-03 04:00:00+00:00,391.299,391.776,388.325,389.755,3499.941605
2022-05-03 08:00:00+00:00,389.755,390.462,385.86,388.992,3626.50799544
2022-05-03 12:00:00+00:00,388.987,389.093,384.51,386.767,7460.50307415
2022-05-03 16:00:00+00:00,386.768,387.477,380.03,381.47,6786.83535929
2022-05-03 20:00:00+00:00,381.444,384.087,379.843,383.828,6345.03882355
2022-05-04 00:00:00+00:00,383.819,386.099,382.806,385.527,3398.14078608
2022-05-04 04:00:00+00:00,385.547,390.291,384.3,389.605,5169.42096826
2022-05-04 08:00:00+00:00,389.637,391.7,388.696,391.0,6475.92709257
2022-05-04 12:00:00+00:00,391.02,394.282,387.36,393.778,7416.288318
2022-05-04 16:00:00+00:00,393.778,402.86,390.738,401.456,12795.64936602
2022-05-04 20:00:00+00:00,401.477,403.601,401.388,402.651,5976.18495899
2022-05-05 00:00:00+00:00,402.595,406.2,401.514,403.228,6815.58428991
2022-05-05 04:00:00+00:00,403.207,403.66,399.816,400.946,3454.76627208
2022-05-05 08:00:00+00:00,400.946,413.691,398.431,404.434,13248.34670422
2022-05-05 12:00:00+00:00,404.392,407.849,378.478,381.011,21281.15816533
2022-05-05 16:00:00+00:00,381.061,382.889,370.909,376.676,16821.14903713
2022-05-05 20:00:00+00:00,376.56,379.066,373.309,378.442,6127.70980917
2022-05-06 00:00:00+00:00,378.429,379.303,374.705,378.873,5478.46162234
2022-05-06 04:00:00+00:00,378.881,380.423,372.86,377.262,4746.86030853
2022-05-06 08:00:00+00:00,377.2,381.081,374.03,374.981,8056.03648835
2022-05-06 12:00:00+00:00,374.961,383.501,370.594,379.261,17040.22405722
2022-05-06 16:00:00+00:00,379.247,382.602,378.037,381.103,8471.49079862
2022-05-06 20:00:00+00:00,381.104,381.731,378.49,379.152,4307.40654969
2022-05-07 00:00:00+00:00,379.153,380.64,376.14,376.486,4465.00179966
2022-05-07 04:00:00+00:00,376.488,379.011,373.989,379.011,4753.58320062
2022-05-07 08:00:00+00:00,378.9,380.22,373.311,374.96,7089.27093994
2022-05-07 12:00:00+00:00,374.96,376.44,372.23,376.048,6240.91050165
2022-05-07 16:00:00+00:00,376.075,378.187,375.41,376.593,4299.19726966
2022-05-07 20:00:00+00:00,376.569,376.638,360.262,365.363,11813.11618816
2022-05-08 00:00:00+00:00,365.409,366.879,355.47,359.133,11740.47871892
2022-05-08 04:00:00+00:00,359.133,362.056,357.856,359.423,7114.80351694
2022-05-08 08:00:00+00:00,359.422,360.641,353.521,357.371,6662.72071171
2022-05-08 12:00:00+00:00,357.334,359.258,352.576,356.05,8539.17916235
2022-05-08 16:00:00+00:00,356.075,359.688,349.51,359.006,10882.96665968
2022-05-08 20:00:00+00:00,359.048,359.52,354.531,355.815,5808.67028673
2022-05-09 00:00:00+00:00,355.89,359.23,346.712,349.369,9381.95852195
2022-05-09 04:00:00+00:00,349.365,352.13,343.396,343.442,8828.56931534
2022-05-09 08:00:00+00:00,343.444,344.859,327.19,333.015,17812.35681465
2022-05-09 12:00:00+00:00,332.997,337.679,321.103,324.49,22914.13621972
2022-05-09 16:00:00+00:00,324.477,326.577,301.15,305.902,30024.57818598
2022-05-09 20:00:00+00:00,305.874,316.54,295.14,295.982,19840.77637818
2022-05-10 00:00:00+00:00,295.997,313.04,288.772,306.847,22196.67100239
2022-05-10 04:00:00+00:00,306.889,332.66,306.53,321.865,17095.65361623
2022-05-10 08:00:00+00:00,321.771,327.456,318.675,325.635,21751.83717019
2022-05-10 12:00:00+00:00,325.528,331.116,314.461,320.842,23070.49713882
2022-05-10 16:00:00+00:00,320.928,327.71,317.01,324.116,14509.61496482
2022-05-10 20:00:00+00:00,324.124,324.124,308.339,319.124,17429.85161568
2022-05-11 00:00:00+00:00,318.989,322.93,314.278,318.256,19755.64825443
2022-05-11 04:00:00+00:00,318.138,319.578,296.1,300.0,26015.08704818
2022-05-11 08:00:00+00:00,299.986,316.293,298.898,305.366,43421.86333452
2022-05-11 12:00:00+00:00,305.55,309.014,271.81,288.317,48796.64208782
2022-05-11 16:00:00+00:00,288.319,290.43,270.36,271.193,37970.8060677
2022-05-11 20:00:00+00:00,271.405,274.25,260.419,271.841,33189.02415895
2022-05-12 00:00:00+00:00,271.586,280.699,254.269,254.877,28832.82311955
2022-05-12 04:00:00+00:00,254.76,256.14,218.052,247.033,46963.24081678
2022-05-12 08:00:00+00:00,247.149,279.9,245.275,272.969,38311.9674606
2022-05-12 12:00:00+00:00,273.134,285.026,263.781,272.52,25361.16495678
2022-05-12 16:00:00+00:00,272.605,282.68,266.004,269.668,17983.42635903
2022-05-12 20:00:00+00:00,269.529,272.038,262.04,268.736,11904.10601854
2022-05-13 00:00:00+00:00,268.747,309.618,265.37,307.292,19221.1024306
2022-05-13 04:00:00+00:00,307.292,310.175,296.0,296.0,18747.73799025
2022-05-13 08:00:00+00:00,296.001,310.1,295.792,309.094,9824.23772645
2022-05-13 12:00:00+00:00,309.316,313.5,300.332,301.906,14935.48401653
2022-05-13 16:00:00+00:00,301.978,304.027,289.328,296.207,13360.67237768
2022-05-13 20:00:00+00:00,296.341,300.301,289.845,290.578,9333.77062794
2022-05-14 00:00:00+00:00,290.655,299.49,288.665,293.599,11197.90596013
2022-05-14 04:00:00+00:00,293.527,293.528,284.44,286.934,8382.93636121
2022-05-14 08:00:00+00:00,286.935,290.044,276.32,281.358,10930.02695748
2022-05-14 12:00:00+00:00,281.37,282.407,272.04,277.929,12525.02269415
2022-05-14 16:00:00+00:00,277.878,290.819,275.87,286.833,12169.68628067
2022-05-14 20:00:00+00:00,286.944,298.66,286.352,297.007,9515.30155493
2022-05-15 00:00:00+00:00,296.996,299.429,285.698,289.667,10768.54739969
2022-05-15 04:00:00+00:00,289.618,295.6,288.22,294.648,6120.54714459
2022-05-15 08:00:00+00:00,294.627,303.349,290.661,302.475,6133.79181045
2022-05-15 12:00:00+00:00,302.503,305.772,296.15,297.91,7420.42006343
2022-05-15 16:00:00+00:00,297.735,303.95,296.881,303.884,8405.37784012
2022-05-15 20:00:00+00:00,303.813,312.69,302.173,312.434,11767.87917875
2022-05-16 00:00:00+00:00,312.406,312.476,300.0,301.217,10789.62158792
2022-05-16 04:00:00+00:00,301.313,303.093,290.216,293.978,11817.84724996
2022-05-16 08:00:00+00:00,293.976,301.539,291.44,297.997,10544.83158357
2022-05-16 12:00:00+00:00,298.028,303.128,292.578,295.715,11714.55819553
2022-05-16 16:00:00+00:00,295.779,300.976,291.955,297.819,10092.45839277
2022-05-16 20:00:00+00:00,297.607,301.969,294.558,297.087,8069.86581607
2022-05-17 00:00:00+00:00,297.276,307.757,296.067,306.307,7019.17752573
2022-05-17 04:00:00+00:00,306.306,307.651,303.781,304.3,4419.30702877
2022-05-17 08:00:00+00:00,304.323,308.65,304.17,306.415,4900.65723675
2022-05-17 12:00:00+00:00,306.415,310.768,299.84,303.313,8648.63280776
2022-05-17 16:00:00+00:00,303.312,303.933,296.591,301.089,12426.73251602
2022-05-17 20:00:00+00:00,301.138,308.05,300.673,306.143,8170.13717282
2022-05-18 00:00:00+00:00,306.099,308.459,299.232,300.718,8564.40671444
2022-05-18 04:00:00+00:00,300.501,301.47,298.076,300.26,7202.8152269
2022-05-18 08:00:00+00:00,300.254,304.104,298.53,301.65,6629.37750103
2022-05-18 12:00:00+00:00,301.664,301.933,290.29,291.418,13617.85125517
2022-05-18 16:00:00+00:00,291.408,297.729,288.841,296.6,12988.37161004
2022-05-18 20:00:00+00:00,296.58,296.678,286.781,287.588,10262.08341346
2022-05-19 00:00:00+00:00,287.646,296.751,286.74,295.23,12003.1702833
2022-05-19 04:00:00+00:00,295.259,301.88,294.504,298.849,9551.03153388
2022-05-19 08:00:00+00:00,298.806,302.501,293.503,301.497,12120.1969774
2022-05-19 12:00:00+00:00,301.462,308.96,299.251,306.791,16798.07049226
2022-05-19 16:00:00+00:00,306.791,307.732,303.589,303.666,11560.30516552
2022-05-19 20:00:00+00:00,303.649,307.668,302.989,306.85,8614.16270353
2022-05-20 00:00:00+00:00,306.968,311.986,305.07,307.981,11055.29318685
2022-05-20 04:00:00+00:00,307.957,309.887,305.771,307.454,9496.81317892
2022-05-20 08:00:00+00:00,307.232,315.98,306.565,315.553,12246.24578478
2022-05-20 12:00:00+00:00,315.348,315.968,297.51,299.097,21211.32482191
2022-05-20 16:00:00+00:00,299.117,302.574,294.09,302.192,15621.87668259
2022-05-20 20:00:00+00:00,302.305,305.2,301.303,302.305,10937.82244466
2022-05-21 00:00:00+00:00,302.316,303.959,299.35,303.062,11328.81625289
2022-05-21 04:00:00+00:00,303.088,307.0,301.718,306.236,7917.63016568
2022-05-21 08:00:00+00:00,306.236,307.425,305.041,306.941,5939.01771885
2022-05-21 12:00:00+00:00,306.948,311.941,306.0,311.765,8902.41743047
2022-05-21 16:00:00+00:00,311.685,314.169,310.572,312.647,11479.16484874
2022-05-21 20:00:00+00:00,312.67,313.799,311.443,312.397,7159.67207214
2022-05-22 00:00:00+00:00,312.372,319.279,311.61,316.461,9676.06741122
2022-05-22 04:00:00+00:00,316.449,316.618,312.697,314.922,7469.3255396
2022-05-22 08:00:00+00:00,314.956,323.686,314.827,317.68,13437.31835607
2022-05-22 12:00:00+00:00,317.682,320.628,314.464,316.791,10756.50107904
2022-05-22 16:00:00+00:00,316.91,319.54,314.801,317.291,9027.80295542
2022-05-22 20:00:00+00:00,317.28,320.84,316.227,319.252,7439.25712852
2022-05-23 00:00:00+00:00,319.288,321.469,317.211,320.707,4072.47270845
2022-05-23 04:00:00+00:00,320.659,330.448,320.41,328.47,8557.8176278
2022-05-23 08:00:00+00:00,328.488,333.0,326.021,332.645,8521.68999648
2022-05-23 12:00:00+00:00,332.708,335.95,326.0,333.632,13732.12481336
2022-05-23 16:00:00+00:00,333.65,337.05,323.108,323.476,12154.20516815
2022-05-23 20:00:00+00:00,323.468,328.379,315.3,317.127,18633.25808708
2022-05-24 00:00:00+00:00,317.196,327.1,315.501,326.821,6803.87308316
2022-05-24 04:00:00+00:00,326.864,329.95,323.568,328.27,7402.39363723
2022-05-24 08:00:00+00:00,328.21,328.573,317.57,323.273,7195.69636625
2022-05-24 12:00:00+00:00,323.42,324.58,312.07,321.411,14713.70120945
2022-05-24 16:00:00+00:00,321.465,325.838,319.19,322.847,10077.81855792
2022-05-24 20:00:00+00:00,322.819,330.4,321.39,328.395,8431.41218268
2022-05-25 00:00:00+00:00,328.392,337.94,327.584,335.899,13508.97968269
2022-05-25 04:00:00+00:00,335.9,336.025,329.11,330.069,12050.45959048
2022-05-25 08:00:00+00:00,330.109,333.559,324.34,325.209,11983.09408685
2022-05-25 12:00:00+00:00,325.157,331.46,323.95,327.461,15346.45286834
2022-05-25 16:00:00+00:00,327.404,329.852,324.448,326.159,15460.41505546
2022-05-25 20:00:00+00:00,326.122,329.507,325.28,325.671,8635.35805294
2022-05-26 00:00:00+00:00,325.616,331.787,325.432,327.906,9854.63965586
2022-05-26 04:00:00+00:00,327.949,328.642,316.038,321.371,13655.56242755
2022-05-26 08:00:00+00:00,321.364,321.465,307.0,310.726,26254.54281815
2022-05-26 12:00:00+00:00,310.695,315.769,296.813,312.901,27780.38291819
2022-05-26 16:00:00+00:00,312.904,317.723,308.609,308.818,18440.11236117
2022-05-26 20:00:00+00:00,308.813,313.665,302.507,303.047,12625.49449213
2022-05-27 00:00:00+00:00,302.853,307.59,297.042,302.144,21840.29919285
2022-05-27 04:00:00+00:00,302.127,303.6,290.7,298.563,22679.57573219
2022-05-27 08:00:00+00:00,298.45,302.648,295.9,301.273,20075.51205172
2022-05-27 12:00:00+00:00,301.173,309.768,299.921,302.196,18057.95362731
2022-05-27 16:00:00+00:00,302.062,303.65,295.82,301.455,18127.16169758
2022-05-27 20:00:00+00:00,301.32,304.74,299.506,301.567,9636.56399753
2022-05-28 00:00:00+00:00,301.58,305.032,297.0,301.009,12203.62363018
2022-05-28 04:00:00+00:00,300.977,304.213,299.713,302.158,10280.37387964
2022-05-28 08:00:00+00:00,302.159,303.499,299.67,302.062,8015.47998864
2022-05-28 12:00:00+00:00,301.87,308.008,301.4,307.288,13664.25812012
2022-05-28 16:00:00+00:00,307.304,309.46,304.777,308.844,19691.97071037
2022-05-28 20:00:00+00:00,308.802,310.568,307.152,307.529,4852.28545374
2022-05-29 00:00:00+00:00,307.548,308.21,299.464,300.88,11813.3565335
2022-05-29 04:00:00+00:00,300.923,301.409,298.622,301.001,6453.153609
2022-05-29 08:00:00+00:00,301.001,303.388,299.912,302.794,7029.09567375
2022-05-29 12:00:00+00:00,302.896,307.249,301.926,303.247,10188.62189658
2022-05-29 16:00:00+00:00,303.248,304.96,301.781,302.408,7698.93696435
2022-05-29 20:00:00+00:00,302.395,307.84,301.832,305.913,6668.19457413
2022-05-30 00:00:00+00:00,305.949,318.589,303.94,317.234,12305.48697531
2022-05-30 04:00:00+00:00,317.307,321.69,316.133,319.661,10542.00655666
2022-05-30 08:00:00+00:00,319.661,320.339,314.95,317.265,7356.35251184
2022-05-30 12:00:00+00:00,317.234,319.309,311.881,313.917,9451.45881941
2022-05-30 16:00:00+00:00,313.714,315.7,312.238,313.357,9422.40235224
2022-05-30 20:00:00+00:00,313.357,323.9,312.051,321.663,14492.31084852
2022-05-31 00:00:00+00:00,321.744,324.769,317.709,320.748,6469.46810438
2022-05-31 04:00:00+00:00,320.748,320.87,316.0,318.329,7277.48223245
2022-05-31 08:00:00+00:00,318.246,321.624,317.8,320.618,4912.86509992
2022-05-31 12:00:00+00:00,320.618,322.579,313.409,321.366,9839.14061939
2022-05-31 16:00:00+00:00,321.358,324.294,318.324,318.923,8452.06845891
2022-05-31 20:00:00+00:00,318.871,322.849,318.526,321.056,5184.71945914
2022-06-01 00:00:00+00:00,321.056,324.499,318.6,319.157,7689.55083642
2022-06-01 04:00:00+00:00,319.232,320.93,316.53,317.1,5330.75960476
2022-06-01 08:00:00+00:00,317.259,321.0,314.352,316.49,5773.59810217
2022-06-01 12:00:00+00:00,316.49,320.07,305.07,305.45,10235.88424992
2022-06-01 16:00:00+00:00,305.408,305.466,300.299,303.343,12782.6176903
2022-06-01 20:00:00+00:00,303.333,303.739,296.611,300.361,10045.28881189
2022-06-02 00:00:00+00:00,300.423,304.169,298.19,300.367,6768.23899596
2022-06-02 04:00:00+00:00,300.499,304.61,299.17,303.219,4160.57201096
2022-06-02 08:00:00+00:00,303.45,305.386,302.4,304.935,4286.16471258
2022-06-02 12:00:00+00:00,304.989,305.44,299.283,303.403,7746.47657173
2022-06-02 16:00:00+00:00,303.431,305.934,301.937,305.292,8381.37558887
2022-06-02 20:00:00+00:00,305.351,309.24,304.707,308.334,5282.57482404
2022-06-03 00:00:00+00:00,308.376,310.18,306.327,308.387,4130.54196978
2022-06-03 04:00:00+00:00,308.339,308.445,304.48,305.365,3207.36005733
2022-06-03 08:00:00+00:00,305.241,305.862,295.66,296.095,5754.1852515
2022-06-03 12:00:00+00:00,296.11,298.911,293.0,295.439,11126.96763949
2022-06-03 16:00:00+00:00,295.425,297.8,294.153,296.135,11911.36460952
2022-06-03 20:00:00+00:00,296.127,299.611,295.968,298.628,4535.93921519
2022-06-04 00:00:00+00:00,298.574,299.372,294.736,295.448,6895.24048134
2022-06-04 04:00:00+00:00,295.437,299.0,295.28,298.268,2682.55441946
2022-06-04 08:00:00+00:00,298.211,301.95,298.008,298.964,2812.72729465
2022-06-04 12:00:00+00:00,298.979,301.39,297.271,301.297,4251.54686657
2022-06-04 16:00:00+00:00,301.299,302.02,299.77,300.121,3404.13001588
2022-06-04 20:00:00+00:00,300.111,303.0,299.34,301.416,2997.99454774
2022-06-05 00:00:00+00:00,301.387,301.667,295.853,297.47,3299.34274215
2022-06-05 04:00:00+00:00,297.328,298.725,296.4,297.55,2725.27946881
2022-06-05 08:00:00+00:00,297.509,298.351,295.751,297.473,2929.17548716
2022-06-05 12:00:00+00:00,297.359,299.01,294.841,299.01,4004.84645465
2022-06-05 16:00:00+00:00,299.039,302.419,296.348,301.209,9081.35781949
2022-06-05 20:00:00+00:00,301.218,302.366,298.251,298.879,3426.27741701
2022-06-06 00:00:00+00:00,299.058,307.83,298.955,307.292,6259.79100376
2022-06-06 04:00:00+00:00,307.323,311.819,305.704,310.01,4015.99505195
2022-06-06 08:00:00+00:00,310.174,312.445,307.06,307.435,4116.42499286
2022-06-06 12:00:00+00:00,307.546,308.96,302.381,303.424,6354.34323486
2022-06-06 16:00:00+00:00,303.424,303.453,298.95,302.048,4960.64886684
2022-06-06 20:00:00+00:00,302.089,302.157,287.421,295.0,21524.38362457
2022-06-07 00:00:00+00:00,294.916,295.37,282.36,284.503,21309.53579903
2022-06-07 04:00:00+00:00,284.485,285.497,276.493,284.646,10427.66086956
2022-06-07 08:00:00+00:00,284.646,285.155,273.0,276.602,10408.03566228
2022-06-07 12:00:00+00:00,276.804,284.57,275.736,282.737,12184.3096111
2022-06-07 16:00:00+00:00,282.763,295.937,281.475,292.899,9698.9355825
2022-06-07 20:00:00+00:00,292.76,295.747,283.816,290.29,14154.80377297
2022-06-08 00:00:00+00:00,290.29,293.57,284.003,285.094,10467.1383755
2022-06-08 04:00:00+00:00,285.132,290.65,284.56,290.304,5479.61324471
2022-06-08 08:00:00+00:00,290.296,292.943,289.506,290.671,4287.70663749
2022-06-08 12:00:00+00:00,290.642,294.62,288.2,292.459,5607.26905125
2022-06-08 16:00:00+00:00,292.476,293.39,286.24,288.611,4796.46699689
2022-06-08 20:00:00+00:00,288.691,290.8,288.293,288.398,3671.95110259
2022-06-09 00:00:00+00:00,288.505,289.042,286.32,288.607,4526.28698797
2022-06-09 04:00:00+00:00,288.794,290.435,287.191,290.324,3077.68450909
2022-06-09 08:00:00+00:00,290.303,293.451,290.302,290.695,4242.6215187
2022-06-09 12:00:00+00:00,290.702,291.08,288.33,290.661,5649.20416018
2022-06-09 16:00:00+00:00,290.661,292.61,288.14,288.389,4451.62398665
2022-06-09 20:00:00+00:00,288.42,290.17,286.842,289.766,2760.44014439
2022-06-10 00:00:00+00:00,289.766,292.0,284.43,290.978,6850.15191641
2022-06-10 04:00:00+00:00,290.982,293.06,289.749,290.056,4174.97489947
2022-06-10 08:00:00+00:00,290.035,290.687,285.678,289.376,4741.68645382
2022-06-10 12:00:00+00:00,289.374,298.67,284.668,290.645,18399.41748198
2022-06-10 16:00:00+00:00,290.507,290.789,283.099,284.825,10400.46312915
2022-06-10 20:00:00+00:00,284.851,288.32,284.61,286.306,4047.43982701
2022-06-11 00:00:00+00:00,286.313,289.244,286.306,288.445,4938.16431685
2022-06-11 04:00:00+00:00,288.494,290.47,287.364,289.465,4879.36599712
2022-06-11 08:00:00+00:00,289.376,289.71,277.75,278.8,10064.16212335
2022-06-11 12:00:00+00:00,278.75,280.27,265.17,268.479,13667.38840427
2022-06-11 16:00:00+00:00,268.582,273.98,265.75,271.653,11636.43468494
2022-06-11 20:00:00+00:00,271.653,273.74,268.376,269.798,6072.89922189
2022-06-12 00:00:00+00:00,269.911,271.94,254.89,257.731,16872.03394692
2022-06-12 04:00:00+00:00,257.597,259.616,251.068,258.621,18463.44086424
2022-06-12 08:00:00+00:00,258.596,259.7,255.851,258.308,8981.17128975
2022-06-12 12:00:00+00:00,258.504,267.5,252.75,264.028,12208.05113321
2022-06-12 16:00:00+00:00,264.029,268.39,261.825,262.227,7933.54826406
2022-06-12 20:00:00+00:00,262.117,263.64,254.541,254.787,7773.24010086
2022-06-13 00:00:00+00:00,254.694,257.96,234.525,240.219,29375.65590857
2022-06-13 04:00:00+00:00,240.068,246.759,230.298,232.631,18520.81823758
2022-06-13 08:00:00+00:00,232.676,233.82,217.878,221.179,26887.3004743
2022-06-13 12:00:00+00:00,221.194,228.13,213.429,224.216,26876.17414866
2022-06-13 16:00:00+00:00,224.144,232.446,222.59,224.898,16354.08398975
2022-06-13 20:00:00+00:00,224.898,231.98,218.13,222.839,12789.96222926
2022-06-14 00:00:00+00:00,222.945,226.23,204.108,221.579,22290.10141569
2022-06-14 04:00:00+00:00,221.506,231.28,216.422,229.797,23403.56387985
2022-06-14 08:00:00+00:00,229.919,230.312,218.14,220.243,16197.77857261
2022-06-14 12:00:00+00:00,220.427,228.5,218.142,227.517,16310.93552472
2022-06-14 16:00:00+00:00,227.313,228.37,219.87,221.944,9962.07767637
2022-06-14 20:00:00+00:00,221.882,224.14,214.54,223.036,9410.18043234
2022-06-15 00:00:00+00:00,223.038,224.61,215.759,216.704,8180.71983892
2022-06-15 04:00:00+00:00,216.672,216.82,206.55,207.249,19091.39227031
2022-06-15 08:00:00+00:00,207.262,213.709,198.535,212.643,22098.60523486
2022-06-15 12:00:00+00:00,212.612,218.379,210.55,212.745,14484.57618306
2022-06-15 16:00:00+00:00,212.676,226.066,202.524,221.151,22789.5431644
2022-06-15 20:00:00+00:00,221.328,234.728,218.946,233.634,11472.15818659
2022-06-16 00:00:00+00:00,233.609,237.21,229.53,230.111,11311.12951568
2022-06-16 04:00:00+00:00,230.11,232.104,221.75,222.524,9018.8273081
2022-06-16 08:00:00+00:00,222.525,224.0,213.484,215.94,11836.26480863
2022-06-16 12:00:00+00:00,215.859,220.573,211.755,215.506,18872.70246945
2022-06-16 16:00:00+00:00,215.541,218.959,212.219,214.218,10885.41355956
2022-06-16 20:00:00+00:00,214.294,216.626,207.69,210.198,9079.61629436
2022-06-17 00:00:00+00:00,210.311,217.8,207.76,212.306,8442.52343914
2022-06-17 04:00:00+00:00,212.33,222.0,211.745,219.594,7427.7914781
2022-06-17 08:00:00+00:00,219.669,221.6,217.251,217.74,7098.06799627
2022-06-17 12:00:00+00:00,217.673,219.624,212.856,215.861,7953.46704247
2022-06-17 16:00:00+00:00,215.806,216.92,213.684,214.901,5915.02086211
2022-06-17 20:00:00+00:00,214.789,217.341,214.59,215.62,4784.2846405
2022-06-18 00:00:00+00:00,215.768,218.98,210.5,212.375,7589.31449555
2022-06-18 04:00:00+00:00,212.41,213.51,197.467,201.26,11711.0001804
2022-06-18 08:00:00+00:00,201.277,206.094,195.48,202.898,15182.62740044
2022-06-18 12:00:00+00:00,202.949,203.636,197.97,198.474,8824.7514446
2022-06-18 16:00:00+00:00,198.526,200.759,188.103,188.284,11978.59013278
2022-06-18 20:00:00+00:00,188.227,200.92,183.132,196.935,19061.26667073
2022-06-19 00:00:00+00:00,196.935,199.69,191.7,192.4,13611.08289543
2022-06-19 04:00:00+00:00,192.417,196.2,189.74,193.091,13729.50418985
2022-06-19 08:00:00+00:00,193.111,209.0,192.57,207.159,19604.63681512
2022-06-19 12:00:00+00:00,207.211,210.114,204.63,209.305,17519.10101512
2022-06-19 16:00:00+00:00,209.318,215.05,205.141,211.85,11421.94641242
2022-06-19 20:00:00+00:00,211.884,216.831,211.53,215.118,10337.10270177
2022-06-20 00:00:00+00:00,215.031,216.26,205.575,208.769,7656.97488648
2022-06-20 04:00:00+00:00,208.79,209.6,204.74,207.04,6738.81640154
2022-06-20 08:00:00+00:00,207.088,217.41,206.728,216.046,10302.23632827
2022-06-20 12:00:00+00:00,216.096,219.5,211.663,217.768,9462.53149123
2022-06-20 16:00:00+00:00,217.765,218.0,211.184,213.76,8777.95010885
2022-06-20 20:00:00+00:00,213.778,218.044,212.76,216.55,5343.20596279
2022-06-21 00:00:00+00:00,216.54,219.287,213.171,218.087,8043.07850933
2022-06-21 04:00:00+00:00,218.165,225.818,216.25,221.0,10464.68651241
2022-06-21 08:00:00+00:00,220.966,224.154,218.58,219.2,9383.52586354
2022-06-21 12:00:00+00:00,219.113,228.319,219.065,225.163,12165.8127266
2022-06-21 16:00:00+00:00,225.208,227.41,219.58,220.16,8558.00492347
2022-06-21 20:00:00+00:00,220.135,222.268,217.23,220.044,6011.42424455
2022-06-22 00:00:00+00:00,220.067,220.47,214.72,215.448,11187.95027814
2022-06-22 04:00:00+00:00,215.417,217.871,211.69,211.988,9475.12711555
2022-06-22 08:00:00+00:00,211.957,217.39,211.26,215.835,8244.10325533
2022-06-22 12:00:00+00:00,215.929,220.98,212.991,215.178,10253.60537247
2022-06-22 16:00:00+00:00,215.196,218.26,212.993,216.263,7323.30764028
2022-06-22 20:00:00+00:00,216.127,216.98,212.981,214.2,6266.92028912
2022-06-23 00:00:00+00:00,214.206,221.732,213.963,217.8,7984.01178102
2022-06-23 04:00:00+00:00,217.749,224.148,217.39,222.124,5872.43570709
2022-06-23 08:00:00+00:00,222.061,229.515,221.38,225.239,10428.11222123
2022-06-23 12:00:00+00:00,225.234,228.475,221.0,222.669,11630.07663369
2022-06-23 16:00:00+00:00,222.757,229.539,221.0,229.251,8481.89935525
2022-06-23 20:00:00+00:00,229.275,230.51,226.279,228.77,6876.976977
2022-06-24 00:00:00+00:00,228.772,234.57,228.31,231.776,8203.43564268
2022-06-24 04:00:00+00:00,231.787,232.69,229.57,231.102,6029.4453937
2022-06-24 08:00:00+00:00,231.091,238.39,230.818,236.902,7479.36329602
2022-06-24 12:00:00+00:00,236.902,242.28,234.809,235.147,9864.66736916
2022-06-24 16:00:00+00:00,235.116,239.228,233.3,238.787,7071.0325506
2022-06-24 20:00:00+00:00,238.859,243.398,237.551,240.225,7780.52623321
2022-06-25 00:00:00+00:00,240.228,241.753,235.58,238.598,7616.3696839
2022-06-25 04:00:00+00:00,238.66,242.04,237.203,241.267,5098.11256332
2022-06-25 08:00:00+00:00,241.285,241.91,237.0,237.52,4794.04037115
2022-06-25 12:00:00+00:00,237.52,238.295,229.528,230.661,7913.66131417
2022-06-25 16:00:00+00:00,230.661,237.07,230.425,235.718,5675.93660995
2022-06-25 20:00:00+00:00,235.718,240.424,235.335,239.642,5025.46119368
2022-06-26 00:00:00+00:00,239.643,240.549,236.34,238.088,5392.24041527
2022-06-26 04:00:00+00:00,238.098,240.35,237.472,239.066,3909.46420515
2022-06-26 08:00:00+00:00,239.066,244.0,238.26,243.537,5629.102335
2022-06-26 12:00:00+00:00,243.721,245.23,237.8,239.653,7770.21550428
2022-06-26 16:00:00+00:00,239.659,240.284,235.73,237.553,5258.80120418
2022-06-26 20:00:00+00:00,237.553,240.159,233.18,233.879,5835.70906974
2022-06-27 00:00:00+00:00,233.879,238.045,233.14,237.822,6885.11112416
2022-06-27 04:00:00+00:00,237.823,240.37,236.964,239.263,4766.72010536
2022-06-27 08:00:00+00:00,239.37,240.964,237.989,238.065,3946.0085972
2022-06-27 12:00:00+00:00,238.097,238.441,230.097,234.114,8150.96855626
2022-06-27 16:00:00+00:00,234.067,236.855,231.37,233.302,6317.31980748
2022-06-27 20:00:00+00:00,233.385,236.109,232.89,233.692,5437.17822813
2022-06-28 00:00:00+00:00,233.711,235.57,230.492,234.405,7351.74286807
2022-06-28 04:00:00+00:00,234.407,238.229,233.35,237.622,4495.50013468
2022-06-28 08:00:00+00:00,237.608,240.55,237.16,239.17,7291.32727838
2022-06-28 12:00:00+00:00,239.1,242.603,234.42,234.772,12533.94186025
2022-06-28 16:00:00+00:00,234.825,236.5,231.88,232.657,9069.03082996
2022-06-28 20:00:00+00:00,232.633,233.687,225.804,227.011,6739.07044255
2022-06-29 00:00:00+00:00,226.896,229.65,223.101,224.891,7532.10859653
2022-06-29 04:00:00+00:00,224.589,225.8,217.228,220.586,11638.2334062
2022-06-29 08:00:00+00:00,220.61,222.19,217.398,220.175,8564.24200433
2022-06-29 12:00:00+00:00,220.218,220.87,215.42,218.633,10173.46811609
2022-06-29 16:00:00+00:00,218.638,221.12,215.79,220.953,8165.84724296
2022-06-29 20:00:00+00:00,221.005,222.47,218.5,219.703,5087.46161928
2022-06-30 00:00:00+00:00,219.705,220.264,216.317,219.209,6318.16862547
2022-06-30 04:00:00+00:00,219.226,219.87,210.142,211.483,10898.26860973
2022-06-30 08:00:00+00:00,211.411,211.411,205.6,208.669,12792.73148127
2022-06-30 12:00:00+00:00,208.504,213.27,206.964,212.407,12302.63696079
2022-06-30 16:00:00+00:00,212.421,215.42,210.65,212.481,9311.96747081
2022-06-30 20:00:00+00:00,212.488,219.998,210.0,219.336,8107.52494914
2022-07-01 00:00:00+00:00,219.64,226.789,217.65,221.091,15140.54211768
2022-07-01 04:00:00+00:00,221.088,223.283,217.745,223.001,8875.7055363
2022-07-01 08:00:00+00:00,223.002,224.937,217.12,218.614,8879.21423239
2022-07-01 12:00:00+00:00,218.543,219.199,213.49,214.93,10103.60479898
2022-07-01 16:00:00+00:00,214.93,218.749,214.531,217.724,7438.23226068
2022-07-01 20:00:00+00:00,217.799,220.729,215.582,216.808,10330.5395372
2022-07-02 00:00:00+00:00,216.937,218.862,213.85,214.896,15307.19130056
2022-07-02 04:00:00+00:00,214.866,217.085,214.717,215.342,7413.4720141
2022-07-02 08:00:00+00:00,215.343,218.57,214.544,216.805,5840.91755144
2022-07-02 12:00:00+00:00,216.805,217.677,214.446,216.124,7925.5750838
2022-07-02 16:00:00+00:00,216.105,219.282,215.3,218.2,7986.24922221
2022-07-02 20:00:00+00:00,218.225,219.766,217.451,218.22,4207.02790986
2022-07-03 00:00:00+00:00,218.285,219.329,216.5,218.967,4542.28983886
2022-07-03 04:00:00+00:00,218.965,219.759,214.19,218.377,7701.83797829
2022-07-03 08:00:00+00:00,218.391,218.573,216.29,218.121,4184.95186877
2022-07-03 12:00:00+00:00,218.135,218.626,214.29,214.59,5975.10506756
2022-07-03 16:00:00+00:00,214.564,219.41,214.402,218.861,4351.44616453
2022-07-03 20:00:00+00:00,218.862,220.09,218.32,219.063,4035.40428693
2022-07-04 00:00:00+00:00,219.12,219.797,214.724,215.684,4392.91970348
2022-07-04 04:00:00+00:00,215.657,217.742,215.215,216.782,3446.37813161
2022-07-04 08:00:00+00:00,216.743,224.179,216.498,223.943,7454.28884642
2022-07-04 12:00:00+00:00,224.0,227.2,222.131,225.902,10329.17663153
2022-07-04 16:00:00+00:00,225.972,228.741,225.23,227.363,6277.46389934
2022-07-04 20:00:00+00:00,227.397,232.125,226.741,231.411,5471.30054179
2022-07-05 00:00:00+00:00,231.478,233.95,229.871,233.635,6759.81202456
2022-07-05 04:00:00+00:00,233.677,236.595,232.14,233.905,7003.76533886
2022-07-05 08:00:00+00:00,233.911,233.967,226.197,227.138,7525.36926349
2022-07-05 12:00:00+00:00,227.095,227.119,222.91,225.087,8513.41222222
2022-07-05 16:00:00+00:00,225.11,233.6,224.13,231.637,10653.37864437
2022-07-05 20:00:00+00:00,231.827,233.79,229.531,230.702,9389.5902582
2022-07-06 00:00:00+00:00,230.65,234.77,228.99,232.075,6749.7646355
2022-07-06 04:00:00+00:00,232.088,235.56,231.697,234.544,6388.84311566
2022-07-06 08:00:00+00:00,234.481,238.996,233.557,236.557,6624.15550074
2022-07-06 12:00:00+00:00,236.567,239.09,235.13,236.525,6909.62842906
2022-07-06 16:00:00+00:00,236.55,239.526,236.184,237.707,8208.10892573
2022-07-06 20:00:00+00:00,237.741,240.0,237.07,238.496,3909.06260695
2022-07-07 00:00:00+00:00,238.522,239.25,236.506,236.871,3880.56470028
2022-07-07 04:00:00+00:00,236.905,237.25,235.601,237.0,3342.50571831
2022-07-07 08:00:00+00:00,237.073,238.5,236.582,237.609,2695.21028142
2022-07-07 12:00:00+00:00,237.6,242.9,235.4,240.612,10379.07521931
2022-07-07 16:00:00+00:00,240.619,243.64,239.513,243.183,7550.50785467
2022-07-07 20:00:00+00:00,243.193,243.406,240.546,241.5,6267.61450085
2022-07-08 00:00:00+00:00,241.54,247.887,240.391,245.0,6783.1964308
2022-07-08 04:00:00+00:00,245.007,245.21,239.5,241.52,4398.26809647
2022-07-08 08:00:00+00:00,241.472,242.33,236.98,239.398,5487.68222702
2022-07-08 12:00:00+00:00,239.359,242.841,237.11,242.331,8550.18898865
2022-07-08 16:00:00+00:00,242.305,242.775,239.16,242.035,5885.50972097
2022-07-08 20:00:00+00:00,242.076,243.589,239.907,240.61,4324.19980335
2022-07-09 00:00:00+00:00,240.57,242.771,240.537,242.269,4988.87361847
2022-07-09 04:00:00+00:00,242.281,245.0,241.55,244.379,3636.30959488
2022-07-09 08:00:00+00:00,244.38,244.882,241.27,242.022,3135.62176204
2022-07-09 12:00:00+00:00,241.818,243.45,241.453,242.382,3207.36225418
2022-07-09 16:00:00+00:00,242.349,244.988,241.611,243.099,3260.15982316
2022-07-09 20:00:00+00:00,243.022,244.264,242.423,243.255,1909.08767658
2022-07-10 00:00:00+00:00,243.255,243.432,235.58,235.67,7664.50766125
2022-07-10 04:00:00+00:00,235.621,237.123,234.741,237.003,2968.97332638
2022-07-10 08:00:00+00:00,237.086,237.51,235.321,236.168,3165.58417914
2022-07-10 12:00:00+00:00,236.168,236.9,232.019,233.063,4613.5120513
2022-07-10 16:00:00+00:00,233.087,234.47,231.81,234.47,3693.90929207
2022-07-10 20:00:00+00:00,234.407,235.832,232.733,234.687,3518.22090113
2022-07-11 00:00:00+00:00,234.687,234.95,229.877,231.77,5538.11598738
2022-07-11 04:00:00+00:00,231.679,232.12,228.044,229.805,3529.81535638
2022-07-11 08:00:00+00:00,229.804,233.38,229.603,231.694,2909.27545822
2022-07-11 12:00:00+00:00,231.694,233.98,229.507,231.608,5812.19448077
2022-07-11 16:00:00+00:00,231.659,233.74,231.061,231.78,4384.44640858
2022-07-11 20:00:00+00:00,231.885,232.362,225.09,225.612,6293.76172373
2022-07-12 00:00:00+00:00,225.542,225.903,223.3,224.913,5067.6863778
2022-07-12 04:00:00+00:00,224.871,226.33,222.569,223.281,3879.30527868
2022-07-12 08:00:00+00:00,223.229,224.35,220.959,224.106,4644.0462294
2022-07-12 12:00:00+00:00,224.056,227.545,223.928,226.326,5166.02835022
2022-07-12 16:00:00+00:00,226.431,228.298,221.234,222.402,5906.26770694
2022-07-12 20:00:00+00:00,222.359,223.098,220.13,220.501,4421.76742886
2022-07-13 00:00:00+00:00,220.497,224.669,219.291,222.948,5591.53761492
2022-07-13 04:00:00+00:00,222.942,226.008,222.73,225.895,3226.0561367
2022-07-13 08:00:00+00:00,225.889,227.6,225.609,226.545,4095.66737797
2022-07-13 12:00:00+00:00,226.491,229.084,216.5,222.652,15936.59523786
2022-07-13 16:00:00+00:00,222.593,226.5,221.06,224.846,5705.86073938
2022-07-13 20:00:00+00:00,224.765,230.97,224.4,230.476,5080.90365171
2022-07-14 00:00:00+00:00,230.426,234.4,230.001,232.229,7336.0027926
2022-07-14 04:00:00+00:00,232.259,232.959,229.816,230.456,3698.03644556
2022-07-14 08:00:00+00:00,230.462,230.88,227.17,228.55,4431.59945185
2022-07-14 12:00:00+00:00,228.506,236.8,227.287,236.26,8230.26935803
2022-07-14 16:00:00+00:00,236.324,240.0,234.69,237.426,8603.18333313
2022-07-14 20:00:00+00:00,237.455,239.009,236.87,238.468,3271.92831182
2022-07-15 00:00:00+00:00,238.484,239.68,235.47,237.915,4630.36431849
2022-07-15 04:00:00+00:00,237.95,239.489,236.11,238.548,4362.42084338
2022-07-15 08:00:00+00:00,238.549,240.6,236.888,237.01,4424.30165596
2022-07-15 12:00:00+00:00,236.933,239.82,236.204,237.912,8515.42533752
2022-07-15 16:00:00+00:00,237.923,241.964,236.2,241.776,6651.96830686
2022-07-15 20:00:00+00:00,241.797,242.654,237.806,238.539,5340.43597542
2022-07-16 00:00:00+00:00,238.564,239.161,235.645,237.428,10588.50061522
2022-07-16 04:00:00+00:00,237.345,237.491,233.888,234.515,4827.16696567
2022-07-16 08:00:00+00:00,234.459,236.545,234.433,235.566,2211.00636057
2022-07-16 12:00:00+00:00,235.528,240.093,235.337,239.95,3652.06774255
2022-07-16 16:00:00+00:00,239.928,250.7,239.928,248.28,13481.12721655
2022-07-16 20:00:00+00:00,248.255,251.573,246.483,249.816,4618.95530201
2022-07-17 00:00:00+00:00,249.753,254.824,246.47,253.945,4708.15895348
2022-07-17 04:00:00+00:00,253.945,255.912,252.11,252.11,7041.20853096
2022-07-17 08:00:00+00:00,252.103,254.519,249.551,254.257,4683.86312884
2022-07-17 12:00:00+00:00,254.194,254.541,249.556,251.2,4138.07935004
2022-07-17 16:00:00+00:00,251.187,253.663,246.932,249.871,5771.0972317
2022-07-17 20:00:00+00:00,249.896,251.02,247.52,247.654,3739.81348095
2022-07-18 00:00:00+00:00,247.693,255.26,247.62,254.245,5581.3212788
2022-07-18 04:00:00+00:00,254.17,262.36,252.79,261.711,10943.19020918
2022-07-18 08:00:00+00:00,261.54,263.561,259.28,260.961,7324.72589377
2022-07-18 12:00:00+00:00,261.055,264.75,258.288,264.028,8327.22413534
2022-07-18 16:00:00+00:00,264.018,264.202,254.821,256.661,9663.91562391
2022-07-18 20:00:00+00:00,256.708,265.469,255.958,264.02,8528.40640448
2022-07-19 00:00:00+00:00,264.002,267.45,257.88,258.235,10547.79768029
2022-07-19 04:00:00+00:00,258.223,261.11,255.765,258.134,6364.99285146
2022-07-19 08:00:00+00:00,258.124,262.629,257.27,260.678,5887.21669745
2022-07-19 12:00:00+00:00,260.725,265.331,260.324,263.8,11769.65665891
2022-07-19 16:00:00+00:00,263.875,274.77,263.547,270.958,15876.05718685
2022-07-19 20:00:00+00:00,271.064,272.608,267.68,268.795,7550.09346063
2022-07-20 00:00:00+00:00,268.795,269.099,265.872,267.999,6778.93692071
2022-07-20 04:00:00+00:00,267.923,271.123,266.697,266.998,4889.31390923
2022-07-20 08:00:00+00:00,266.979,270.36,263.74,269.113,7389.90173539
2022-07-20 12:00:00+00:00,269.122,271.922,266.599,269.869,8286.47800602
2022-07-20 16:00:00+00:00,269.879,270.78,262.8,263.667,6412.72480501
2022-07-20 20:00:00+00:00,263.72,264.94,256.51,258.133,6833.09626887
2022-07-21 00:00:00+00:00,258.24,259.93,251.22,252.743,5558.44656902
2022-07-21 04:00:00+00:00,252.68,256.569,250.64,255.609,5140.66425756
2022-07-21 08:00:00+00:00,255.654,257.507,254.4,256.179,3051.83647325
2022-07-21 12:00:00+00:00,256.179,261.069,255.877,258.925,5317.03665207
2022-07-21 16:00:00+00:00,258.929,264.37,258.861,264.37,4783.10242295
2022-07-21 20:00:00+00:00,264.362,266.431,263.36,265.629,4815.10432752
2022-07-22 00:00:00+00:00,265.628,267.5,263.03,264.003,3296.80581321
2022-07-22 04:00:00+00:00,264.033,268.83,263.001,267.262,3479.59607552
2022-07-22 08:00:00+00:00,267.291,271.249,266.529,269.499,6013.14408591
2022-07-22 12:00:00+00:00,269.474,270.509,265.08,265.801,5089.29923183
2022-07-22 16:00:00+00:00,265.802,267.835,261.22,261.73,5496.56223144
2022-07-22 20:00:00+00:00,261.586,264.371,261.402,262.53,4093.78170354
2022-07-23 00:00:00+00:00,262.53,268.239,261.27,266.062,5462.32400633
2022-07-23 04:00:00+00:00,266.046,268.169,265.62,267.241,2964.94362049
2022-07-23 08:00:00+00:00,267.24,272.697,255.601,255.754,11960.17800693
2022-07-23 12:00:00+00:00,255.707,257.412,254.251,256.716,6067.37406425
2022-07-23 16:00:00+00:00,256.706,257.74,252.72,255.617,5777.74807719
2022-07-23 20:00:00+00:00,255.62,260.334,255.131,259.228,3423.5677588
2022-07-24 00:00:00+00:00,259.095,261.339,257.2,258.062,3599.77914748
2022-07-24 04:00:00+00:00,258.119,263.961,257.77,262.574,3370.17985968
2022-07-24 08:00:00+00:00,262.56,265.468,262.08,263.711,3183.05004501
2022-07-24 12:00:00+00:00,263.711,265.503,260.77,264.934,4535.80706061
2022-07-24 16:00:00+00:00,264.892,265.108,261.748,262.073,3912.98652449
2022-07-24 20:00:00+00:00,262.038,266.27,260.43,261.428,4613.95410746
2022-07-25 00:00:00+00:00,261.395,262.63,254.24,255.147,5174.8180847
2022-07-25 04:00:00+00:00,255.212,255.997,253.07,255.19,4595.17349724
2022-07-25 08:00:00+00:00,255.19,257.57,254.559,255.773,2909.94539216
2022-07-25 12:00:00+00:00,255.893,256.434,253.38,256.138,5418.63915536
2022-07-25 16:00:00+00:00,256.17,257.36,249.44,252.676,6386.2760275
2022-07-25 20:00:00+00:00,252.653,254.94,243.999,244.575,8237.75450604
2022-07-26 00:00:00+00:00,244.65,245.103,240.71,244.004,6186.99374885
2022-07-26 04:00:00+00:00,243.994,245.11,242.477,242.796,2882.78640706
2022-07-26 08:00:00+00:00,242.768,244.25,241.49,243.233,2300.80834614
2022-07-26 12:00:00+00:00,243.254,244.29,239.64,239.983,5582.84995898
2022-07-26 16:00:00+00:00,240.018,243.62,239.945,242.909,3120.70524488
2022-07-26 20:00:00+00:00,242.928,249.507,241.93,249.414,3992.54160567
2022-07-27 00:00:00+00:00,249.417,252.929,247.522,251.313,3903.00878342
2022-07-27 04:00:00+00:00,251.348,254.935,251.348,252.503,3370.63035862
2022-07-27 08:00:00+00:00,252.503,254.04,251.4,252.482,3430.285032
2022-07-27 12:00:00+00:00,252.51,260.16,251.998,258.535,7601.25377791
2022-07-27 16:00:00+00:00,258.532,269.478,254.752,268.41,18479.82755338
2022-07-27 20:00:00+00:00,268.446,271.964,267.278,271.514,8946.2061014
2022-07-28 00:00:00+00:00,271.535,273.759,266.714,269.227,6258.33593435
2022-07-28 04:00:00+00:00,269.352,269.97,267.05,267.695,3894.48548487
2022-07-28 08:00:00+00:00,267.765,269.789,265.181,269.416,5458.36012464
2022-07-28 12:00:00+00:00,269.417,278.67,263.593,276.474,17837.77364511
2022-07-28 16:00:00+00:00,276.523,278.775,274.508,276.41,9167.43555387
2022-07-28 20:00:00+00:00,276.409,280.712,275.531,277.12,8329.62952481
2022-07-29 00:00:00+00:00,277.151,279.8,274.874,278.522,5383.49826984
2022-07-29 04:00:00+00:00,278.541,282.281,276.59,277.826,7190.58016099
2022-07-29 08:00:00+00:00,277.855,293.0,275.85,284.511,16718.82874717
2022-07-29 12:00:00+00:00,284.606,298.999,281.3,298.675,18976.89346763
2022-07-29 16:00:00+00:00,298.663,302.02,293.21,296.795,14795.93007415
2022-07-29 20:00:00+00:00,296.833,298.943,292.518,293.609,7600.0144532
2022-07-30 00:00:00+00:00,293.656,300.099,291.425,295.088,10557.38623333
2022-07-30 04:00:00+00:00,295.072,295.092,288.96,290.767,9067.65395587
2022-07-30 08:00:00+00:00,290.761,292.59,285.73,288.654,8250.4269748
2022-07-30 12:00:00+00:00,288.666,299.7,287.52,299.055,9063.40967276
2022-07-30 16:00:00+00:00,299.048,299.806,290.102,291.149,6327.92000164
2022-07-30 20:00:00+00:00,290.982,292.186,285.07,287.671,4825.12839641
2022-07-31 00:00:00+00:00,287.672,293.53,286.515,292.868,5207.60152586
2022-07-31 04:00:00+00:00,292.868,295.626,290.43,291.589,4367.65990335
2022-07-31 08:00:00+00:00,291.557,294.417,289.615,292.764,5157.55507399
2022-07-31 12:00:00+00:00,292.857,293.62,288.859,291.021,4171.28409288
2022-07-31 16:00:00+00:00,291.083,297.07,288.201,289.117,9317.79390367
2022-07-31 20:00:00+00:00,289.091,289.654,282.201,283.443,5465.12146673
2022-08-01 00:00:00+00:00,283.367,290.389,282.786,287.325,4246.98356195
2022-08-01 04:00:00+00:00,287.446,288.545,283.19,288.025,4001.27934029
2022-08-01 08:00:00+00:00,288.04,288.508,282.89,285.968,5504.6748534
2022-08-01 12:00:00+00:00,285.969,289.247,281.559,286.233,9175.68390306
2022-08-01 16:00:00+00:00,286.118,286.373,277.94,279.951,8910.05594057
2022-08-01 20:00:00+00:00,280.046,284.449,279.679,283.262,4079.95681593
2022-08-02 00:00:00+00:00,283.302,284.997,275.07,275.941,7219.52458832
2022-08-02 04:00:00+00:00,275.879,279.649,274.28,279.537,4146.38451063
2022-08-02 08:00:00+00:00,279.537,281.719,275.45,279.868,4720.08840298
2022-08-02 12:00:00+00:00,279.808,286.0,276.779,284.807,9288.59670692
2022-08-02 16:00:00+00:00,285.027,291.24,284.486,285.807,6960.18953668
2022-08-02 20:00:00+00:00,285.957,287.171,283.12,283.722,4805.53774893
2022-08-03 00:00:00+00:00,283.756,284.702,278.218,282.816,5209.18597319
2022-08-03 04:00:00+00:00,283.185,289.821,282.38,288.0,4690.9833601
2022-08-03 08:00:00+00:00,288.049,293.19,287.666,291.009,4517.35977537
2022-08-03 12:00:00+00:00,290.991,299.34,289.383,298.104,8468.27221648
2022-08-03 16:00:00+00:00,298.108,305.779,297.926,302.712,9407.40280214
2022-08-03 20:00:00+00:00,302.517,304.049,295.538,297.476,7822.59126139
2022-08-04 00:00:00+00:00,297.518,307.44,297.181,306.5,6069.37879899
2022-08-04 04:00:00+00:00,306.512,308.54,300.23,303.252,7344.94548234
2022-08-04 08:00:00+00:00,303.347,303.907,298.69,300.705,6988.17428324
2022-08-04 12:00:00+00:00,300.591,307.747,299.241,303.147,11461.84292622
2022-08-04 16:00:00+00:00,303.167,311.341,299.462,310.644,12386.40039216
2022-08-04 20:00:00+00:00,310.645,313.44,308.19,311.859,7819.61423015
2022-08-05 00:00:00+00:00,311.827,315.702,308.063,313.3,7325.38470157
2022-08-05 04:00:00+00:00,313.274,319.004,312.2,316.936,5969.73262977
2022-08-05 08:00:00+00:00,316.873,321.359,316.71,317.806,8129.16325386
2022-08-05 12:00:00+00:00,317.847,319.23,312.35,313.158,10492.78391813
2022-08-05 16:00:00+00:00,312.999,314.94,310.733,314.482,6165.82529112
2022-08-05 20:00:00+00:00,314.339,316.959,312.209,315.823,4565.91602283
2022-08-06 00:00:00+00:00,315.823,319.585,314.606,315.125,5464.20907725
2022-08-06 04:00:00+00:00,315.152,316.679,312.685,315.169,4254.94548437
2022-08-06 08:00:00+00:00,315.221,315.896,313.37,314.444,3027.53849852
2022-08-06 12:00:00+00:00,314.334,318.287,313.59,315.999,4402.42702014
2022-08-06 16:00:00+00:00,315.983,322.916,314.361,318.674,8833.41553833
2022-08-06 20:00:00+00:00,318.751,320.06,314.266,315.208,4761.71191294
2022-08-07 00:00:00+00:00,315.193,316.043,308.22,310.871,6131.5537845
2022-08-07 04:00:00+00:00,310.86,312.39,310.172,312.26,2284.58832814
2022-08-07 08:00:00+00:00,312.229,315.44,310.638,315.381,4163.04402037
2022-08-07 12:00:00+00:00,315.382,324.72,315.337,322.471,9349.241429
2022-08-07 16:00:00+00:00,322.471,325.92,322.018,322.559,6302.61481506
2022-08-07 20:00:00+00:00,322.69,325.544,321.6,322.748,4316.46672194
2022-08-08 00:00:00+00:00,322.78,329.578,322.005,325.646,7261.61763687
2022-08-08 04:00:00+00:00,325.662,329.76,324.94,328.708,3858.14905577
2022-08-08 08:00:00+00:00,328.695,332.03,326.43,330.5,5959.32571272
2022-08-08 12:00:00+00:00,330.394,333.764,324.134,325.079,9127.20208438
2022-08-08 16:00:00+00:00,325.029,327.939,323.096,327.589,5650.84030829
2022-08-08 20:00:00+00:00,327.531,329.735,321.115,324.878,4348.1885992
2022-08-09 00:00:00+00:00,324.754,326.554,322.481,324.503,2919.14604418
2022-08-09 04:00:00+00:00,324.487,326.568,323.826,325.58,4962.71561258
2022-08-09 08:00:00+00:00,325.638,325.687,316.61,317.666,7698.41265546
2022-08-09 12:00:00+00:00,317.64,319.5,312.374,315.857,5633.79168192
2022-08-09 16:00:00+00:00,315.879,321.619,315.4,320.505,5246.55172025
2022-08-09 20:00:00+00:00,320.458,328.4,320.296,324.501,4325.11082198
2022-08-10 00:00:00+00:00,324.413,326.402,313.676,315.015,7270.63672314
2022-08-10 04:00:00+00:00,315.061,323.4,314.159,321.929,3881.47608076
2022-08-10 08:00:00+00:00,321.931,323.596,316.401,317.449,8427.94286056
2022-08-10 12:00:00+00:00,317.59,336.757,315.432,333.35,17035.7507974
2022-08-10 16:00:00+00:00,333.425,334.8,326.13,327.039,8836.04270597
2022-08-10 20:00:00+00:00,327.07,330.419,326.05,328.81,5690.23908349
2022-08-11 00:00:00+00:00,328.825,334.829,328.421,331.815,5663.00649223
2022-08-11 04:00:00+00:00,331.841,333.98,329.188,330.537,4189.30615957
2022-08-11 08:00:00+00:00,330.578,331.669,328.509,330.131,3584.54278909
2022-08-11 12:00:00+00:00,330.087,334.392,323.1,325.002,9146.11137013
2022-08-11 16:00:00+00:00,325.002,327.95,324.218,326.006,4220.81241498
2022-08-11 20:00:00+00:00,326.248,327.499,321.992,323.505,3310.61041598
2022-08-12 00:00:00+00:00,323.526,326.03,319.872,323.702,3998.77180692
2022-08-12 04:00:00+00:00,323.722,324.718,322.32,323.419,2415.03227656
2022-08-12 08:00:00+00:00,323.393,327.58,317.74,319.077,5441.5609516
2022-08-12 12:00:00+00:00,319.052,323.851,318.803,323.324,5116.05911356
2022-08-12 16:00:00+00:00,323.318,325.852,321.46,325.278,3441.88592443
2022-08-12 20:00:00+00:00,325.306,328.04,323.24,327.836,2935.53309512
2022-08-13 00:00:00+00:00,327.955,329.199,325.0,328.658,4193.83573139
2022-08-13 04:00:00+00:00,328.729,331.29,327.242,327.518,4713.67995141
2022-08-13 08:00:00+00:00,327.526,332.793,325.052,331.246,5324.07467061
2022-08-13 12:00:00+00:00,331.244,331.397,327.61,328.016,3342.51088159
2022-08-13 16:00:00+00:00,327.995,328.918,324.0,324.21,4486.28994286
2022-08-13 20:00:00+00:00,324.21,326.935,322.78,324.042,1981.04165914
2022-08-14 00:00:00+00:00,324.2,328.049,323.124,326.801,3303.10454856
2022-08-14 04:00:00+00:00,326.853,330.992,326.125,329.648,3982.03314006
2022-08-14 08:00:00+00:00,329.649,329.965,326.36,327.367,2854.27526145
2022-08-14 12:00:00+00:00,327.318,327.54,320.2,322.643,5276.24403281
2022-08-14 16:00:00+00:00,322.684,323.055,315.88,319.307,5537.47443171
2022-08-14 20:00:00+00:00,319.259,320.601,316.6,317.664,2777.18636047
2022-08-15 00:00:00+00:00,317.661,327.336,315.364,323.821,5346.18217248
2022-08-15 04:00:00+00:00,323.863,324.792,315.63,316.698,7259.10512132
2022-08-15 08:00:00+00:00,316.731,318.713,313.641,316.0,5188.38281617
2022-08-15 12:00:00+00:00,315.965,319.87,313.98,319.599,5380.97727057
2022-08-15 16:00:00+00:00,319.598,320.637,316.881,317.15,4274.94110282
2022-08-15 20:00:00+00:00,317.187,320.22,315.769,319.437,2777.37045856
2022-08-16 00:00:00+00:00,319.347,322.375,314.6,318.298,4305.18999069
2022-08-16 04:00:00+00:00,318.456,318.98,315.21,317.074,2026.68910206
2022-08-16 08:00:00+00:00,317.056,318.86,316.468,317.301,2460.78246573
2022-08-16 12:00:00+00:00,317.301,317.691,313.28,315.77,5074.4061197
2022-08-16 16:00:00+00:00,315.771,316.52,312.001,315.497,4008.34067144
2022-08-16 20:00:00+00:00,315.45,317.742,315.27,316.07,3142.30894456
2022-08-17 00:00:00+00:00,316.07,318.652,315.62,317.85,3556.507688
2022-08-17 04:00:00+00:00,317.849,324.03,315.45,315.788,6680.56943976
2022-08-17 08:00:00+00:00,315.845,317.176,312.331,313.547,4662.37039501
2022-08-17 12:00:00+00:00,313.528,313.528,305.29,307.348,9472.63616353
2022-08-17 16:00:00+00:00,307.235,311.602,306.172,307.852,4995.15448372
2022-08-17 20:00:00+00:00,307.893,309.799,304.0,306.922,4916.71549282
2022-08-18 00:00:00+00:00,306.93,307.6,301.61,306.425,5595.64918558
2022-08-18 04:00:00+00:00,306.482,307.936,305.532,307.683,3376.06541054
2022-08-18 08:00:00+00:00,307.683,309.65,305.69,308.891,4228.03854068
2022-08-18 12:00:00+00:00,308.969,310.45,302.111,305.368,5673.03938602
2022-08-18 16:00:00+00:00,305.389,305.85,301.63,303.626,3347.33050504
2022-08-18 20:00:00+00:00,303.423,304.74,295.662,297.98,5318.24328127
2022-08-19 00:00:00+00:00,298.041,298.143,290.152,291.757,9174.68272588
2022-08-19 04:00:00+00:00,291.757,292.339,274.61,282.629,10212.24239696
2022-08-19 08:00:00+00:00,282.663,285.453,278.284,282.047,7681.0638881
2022-08-19 12:00:00+00:00,281.951,284.709,279.34,283.924,5905.07200811
2022-08-19 16:00:00+00:00,283.909,287.986,283.669,286.325,7133.30087368
2022-08-19 20:00:00+00:00,286.334,287.216,277.511,279.079,9092.91976663
2022-08-20 00:00:00+00:00,279.096,287.053,278.883,285.944,7435.54629434
2022-08-20 04:00:00+00:00,285.873,289.064,284.16,287.759,5577.18137886
2022-08-20 08:00:00+00:00,287.744,288.369,285.664,287.031,3266.0668665
2022-08-20 12:00:00+00:00,287.03,287.879,285.355,286.997,3138.56877917
2022-08-20 16:00:00+00:00,286.853,287.6,278.445,279.435,6734.55710857
2022-08-20 20:00:00+00:00,279.432,284.71,276.702,283.686,7019.0109611
2022-08-21 00:00:00+00:00,283.67,288.212,283.369,286.906,5040.66784417
2022-08-21 04:00:00+00:00,286.936,296.8,286.19,296.526,5750.59568821
2022-08-21 08:00:00+00:00,296.544,300.31,293.97,295.931,7892.23472477
2022-08-21 12:00:00+00:00,295.889,299.22,294.523,298.455,4835.42808936
2022-08-21 16:00:00+00:00,298.441,300.159,296.619,299.06,4973.42438656
2022-08-21 20:00:00+00:00,299.06,304.372,296.782,301.808,7694.64034577
2022-08-22 00:00:00+00:00,301.772,304.883,295.0,296.773,7108.01246536
2022-08-22 04:00:00+00:00,296.682,298.875,291.26,291.555,3929.93124547
2022-08-22 08:00:00+00:00,291.558,297.406,288.794,295.906,9930.73373487
2022-08-22 12:00:00+00:00,295.933,299.52,292.603,298.918,9045.91601442
2022-08-22 16:00:00+00:00,298.722,299.87,293.073,296.04,3482.89352517
2022-08-22 20:00:00+00:00,296.05,301.74,296.05,299.957,4276.16049089
2022-08-23 00:00:00+00:00,300.028,301.679,295.347,298.668,3372.14782745
2022-08-23 04:00:00+00:00,298.679,299.744,293.74,298.67,4361.91209332
2022-08-23 08:00:00+00:00,298.687,300.891,296.002,298.633,4721.77914687
2022-08-23 12:00:00+00:00,298.677,300.458,295.843,298.178,4278.35676188
2022-08-23 16:00:00+00:00,298.145,299.262,296.051,298.288,3022.05033938
2022-08-23 20:00:00+00:00,298.34,301.27,297.29,299.278,5261.02195674
2022-08-24 00:00:00+00:00,299.265,299.999,294.305,297.517,5188.37770271
2022-08-24 04:00:00+00:00,297.433,299.641,294.482,295.225,4022.67700801
2022-08-24 08:00:00+00:00,295.336,297.495,294.39,297.361,3734.97222663
2022-08-24 12:00:00+00:00,297.357,298.849,295.156,298.087,3723.52026209
2022-08-24 16:00:00+00:00,298.128,300.429,297.935,298.61,4204.41163856
2022-08-24 20:00:00+00:00,298.743,300.159,295.628,296.231,3393.31726984
2022-08-25 00:00:00+00:00,296.261,298.988,295.935,296.152,2949.69538015
2022-08-25 04:00:00+00:00,296.031,307.604,295.83,305.157,5873.18309132
2022-08-25 08:00:00+00:00,305.151,305.805,301.316,304.114,5215.82344429
2022-08-25 12:00:00+00:00,304.071,305.555,299.1,301.371,6235.37058154
2022-08-25 16:00:00+00:00,301.381,302.48,299.795,302.42,3108.13946868
2022-08-25 20:00:00+00:00,302.392,303.82,300.42,301.351,2598.38462246
2022-08-26 00:00:00+00:00,301.282,301.57,297.74,299.463,2705.17190312
2022-08-26 04:00:00+00:00,299.479,299.825,294.78,296.439,3812.80672799
2022-08-26 08:00:00+00:00,296.392,296.829,291.0,293.798,2766.22836495
2022-08-26 12:00:00+00:00,293.527,302.245,286.866,287.983,12042.95993734
2022-08-26 16:00:00+00:00,287.997,288.38,282.76,285.271,6314.36422755
2022-08-26 20:00:00+00:00,285.219,286.42,277.25,279.531,6649.83117299
2022-08-27 00:00:00+00:00,279.498,281.799,278.46,280.811,4699.27806478
2022-08-27 04:00:00+00:00,280.784,282.75,276.002,282.556,2871.58437371
2022-08-27 08:00:00+00:00,282.71,284.54,280.27,282.77,3818.58092657
2022-08-27 12:00:00+00:00,282.79,284.276,278.19,280.307,7422.86519222
2022-08-27 16:00:00+00:00,280.36,281.05,276.185,277.965,5165.71505118
2022-08-27 20:00:00+00:00,277.948,278.413,273.062,277.851,3342.28806286
2022-08-28 00:00:00+00:00,277.863,280.06,275.97,277.194,2364.16420345
2022-08-28 04:00:00+00:00,277.195,280.59,276.26,279.769,2775.11616618
2022-08-28 08:00:00+00:00,279.792,281.01,277.83,279.69,2380.77254365
2022-08-28 12:00:00+00:00,279.715,281.37,276.8,281.257,4018.42578563
2022-08-28 16:00:00+00:00,281.257,283.929,280.223,281.481,3282.9637632
2022-08-28 20:00:00+00:00,281.47,283.132,275.62,276.427,3818.58001929
2022-08-29 00:00:00+00:00,276.427,280.243,274.36,278.678,3420.01400364
2022-08-29 04:00:00+00:00,278.719,280.207,277.04,277.88,1610.01136414
2022-08-29 08:00:00+00:00,277.925,278.02,272.35,273.464,2739.96902696
2022-08-29 12:00:00+00:00,273.328,284.774,273.051,284.306,7497.792686
2022-08-29 16:00:00+00:00,284.374,286.337,280.095,281.038,4204.88420442
2022-08-29 20:00:00+00:00,281.076,286.639,281.032,285.933,2283.50621961
2022-08-30 00:00:00+00:00,285.906,288.736,284.71,287.3,2186.19698006
2022-08-30 04:00:00+00:00,287.3,291.2,287.13,290.645,3192.39674961
2022-08-30 08:00:00+00:00,290.631,292.075,288.5,289.667,2383.11603993
2022-08-30 12:00:00+00:00,289.667,290.16,279.98,281.59,4756.4392872
2022-08-30 16:00:00+00:00,281.559,284.629,276.606,282.362,7026.48117732
2022-08-30 20:00:00+00:00,282.425,284.25,280.751,281.436,2988.12868968
2022-08-31 00:00:00+00:00,281.613,289.71,281.43,288.951,3629.35829906
2022-08-31 04:00:00+00:00,288.892,289.929,286.19,286.213,3983.9840879
2022-08-31 08:00:00+00:00,286.241,288.909,283.924,286.447,2651.79070386
2022-08-31 12:00:00+00:00,286.52,287.9,280.5,282.419,4518.34815542
2022-08-31 16:00:00+00:00,282.351,283.547,278.59,282.326,5887.54198232
2022-08-31 20:00:00+00:00,282.369,283.015,277.79,279.225,2354.19390138
2022-09-01 00:00:00+00:00,279.179,280.369,275.44,277.563,3369.35437388
2022-09-01 04:00:00+00:00,277.564,279.512,274.728,275.315,3416.16002853
2022-09-01 08:00:00+00:00,275.3,279.05,274.386,278.31,4400.76731114
2022-09-01 12:00:00+00:00,278.33,278.729,269.99,272.471,8927.78322754
2022-09-01 16:00:00+00:00,272.515,276.887,271.258,275.766,4310.8273998
2022-09-01 20:00:00+00:00,275.758,278.821,275.632,278.39,3682.84207949
2022-09-02 00:00:00+00:00,278.462,282.198,275.16,279.074,4312.64670496
2022-09-02 04:00:00+00:00,279.127,280.6,276.97,278.98,1806.43764302
2022-09-02 08:00:00+00:00,278.966,280.0,277.33,278.94,2271.13844671
2022-09-02 12:00:00+00:00,278.942,283.429,278.238,282.173,6265.57553481
2022-09-02 16:00:00+00:00,282.127,282.921,273.89,275.323,4814.11155275
2022-09-02 20:00:00+00:00,275.311,277.89,273.736,277.335,2734.22521496
2022-09-03 00:00:00+00:00,277.366,278.708,275.762,276.463,1500.29830285
2022-09-03 04:00:00+00:00,276.49,277.589,274.22,275.476,1587.72970719
2022-09-03 08:00:00+00:00,275.442,276.741,275.137,275.941,1132.19789443
2022-09-03 12:00:00+00:00,275.964,277.613,275.794,276.268,2268.54118399
2022-09-03 16:00:00+00:00,276.28,277.957,275.59,276.555,1674.06934614
2022-09-03 20:00:00+00:00,276.453,277.95,276.395,277.742,1102.60937937
2022-09-04 00:00:00+00:00,277.742,280.599,276.98,277.612,1679.34903503
2022-09-04 04:00:00+00:00,277.649,279.126,275.513,275.941,1594.79250318
2022-09-04 08:00:00+00:00,275.914,279.06,274.995,279.06,1770.01395023
2022-09-04 12:00:00+00:00,279.066,280.61,276.467,277.941,2672.16103228
2022-09-04 16:00:00+00:00,277.89,279.562,277.136,277.7,2339.70110665
2022-09-04 20:00:00+00:00,277.7,279.013,277.1,279.013,1906.63704073
2022-09-05 00:00:00+00:00,279.02,281.832,277.593,278.575,2266.78295279
2022-09-05 04:00:00+00:00,278.547,279.05,273.631,275.202,2776.79293771
2022-09-05 08:00:00+00:00,275.229,275.773,273.337,274.657,1900.48653131
2022-09-05 12:00:00+00:00,274.709,277.432,273.918,276.748,3957.75749526
2022-09-05 16:00:00+00:00,276.708,277.154,273.619,274.16,3272.73632253
2022-09-05 20:00:00+00:00,274.176,277.39,274.165,276.739,2037.21019504
2022-09-06 00:00:00+00:00,276.877,286.18,276.594,279.501,7316.06366634
2022-09-06 04:00:00+00:00,279.586,282.701,279.572,280.508,2816.81515568
2022-09-06 08:00:00+00:00,280.509,282.879,279.423,281.619,3490.12061428
2022-09-06 12:00:00+00:00,281.628,282.832,277.205,281.344,3372.92359485
2022-09-06 16:00:00+00:00,281.336,281.464,264.112,265.788,10153.70268914
2022-09-06 20:00:00+00:00,265.884,266.83,261.2,262.467,4667.69521529
2022-09-07 00:00:00+00:00,262.371,264.3,258.5,262.941,5085.71578118
2022-09-07 04:00:00+00:00,262.906,264.94,262.262,264.224,1866.43870978
2022-09-07 08:00:00+00:00,264.239,265.384,262.753,263.517,2552.30201567
2022-09-07 12:00:00+00:00,263.516,267.927,262.16,267.029,4322.22705009
2022-09-07 16:00:00+00:00,267.036,271.408,266.825,270.592,4463.130401
2022-09-07 20:00:00+00:00,270.575,280.28,270.529,278.998,6408.77344517
2022-09-08 00:00:00+00:00,279.005,280.84,277.92,279.462,2394.94802544
2022-09-08 04:00:00+00:00,279.464,280.127,275.609,276.8,2508.73025349
2022-09-08 08:00:00+00:00,276.761,279.78,276.543,278.6,2467.79301505
2022-09-08 12:00:00+00:00,278.598,282.77,275.451,280.029,7287.59350066
2022-09-08 16:00:00+00:00,279.996,281.22,277.608,281.22,2697.24242659
2022-09-08 20:00:00+00:00,281.216,281.96,279.7,280.469,1958.26879408
2022-09-09 00:00:00+00:00,280.569,286.98,280.144,285.557,3353.68491057
2022-09-09 04:00:00+00:00,285.643,291.173,285.258,291.049,4997.613111
2022-09-09 08:00:00+00:00,291.008,294.299,288.148,291.919,4507.07389281
2022-09-09 12:00:00+00:00,291.866,295.88,290.0,292.316,3582.57285976
2022-09-09 16:00:00+00:00,292.409,293.179,289.584,291.826,2768.70176904
2022-09-09 20:00:00+00:00,291.64,295.163,289.622,293.313,2777.68923224
2022-09-10 00:00:00+00:00,293.381,294.94,291.29,293.699,1867.35699262
2022-09-10 04:00:00+00:00,293.625,297.149,292.08,292.487,2582.01498561
2022-09-10 08:00:00+00:00,292.547,295.54,292.333,293.919,1947.1043692
2022-09-10 12:00:00+00:00,293.963,295.37,290.4,293.014,3486.22454724
2022-09-10 16:00:00+00:00,293.024,295.01,292.084,294.894,2603.07724393
2022-09-10 20:00:00+00:00,294.894,298.6,292.685,296.561,2502.58844466
2022-09-11 00:00:00+00:00,296.595,298.13,293.48,294.325,1588.66913383
2022-09-11 04:00:00+00:00,294.335,295.399,291.714,295.197,1862.40551041
2022-09-11 08:00:00+00:00,295.2,296.779,294.607,296.271,1662.40510781
2022-09-11 12:00:00+00:00,296.292,296.79,292.661,294.5,1782.22713529
2022-09-11 16:00:00+00:00,294.506,296.56,293.665,294.767,1962.64227205
2022-09-11 20:00:00+00:00,294.749,295.48,289.81,295.315,3363.91738271
2022-09-12 00:00:00+00:00,295.24,298.366,290.851,292.971,4008.26986446
2022-09-12 04:00:00+00:00,292.9,296.319,292.505,296.141,2281.03658024
2022-09-12 08:00:00+00:00,296.135,299.815,295.74,298.798,3221.33589506
2022-09-12 12:00:00+00:00,298.799,299.52,292.891,293.772,3953.60555892
2022-09-12 16:00:00+00:00,293.474,294.82,291.343,294.379,3644.46946109
2022-09-12 20:00:00+00:00,294.481,294.506,291.451,293.936,2383.83245062
2022-09-13 00:00:00+00:00,293.95,293.967,288.568,293.051,3357.17271194
2022-09-13 04:00:00+00:00,293.037,294.89,291.96,293.694,1946.97294993
2022-09-13 08:00:00+00:00,293.79,296.948,292.308,295.406,3070.65269825
2022-09-13 12:00:00+00:00,295.425,298.51,280.909,283.024,11277.78534177
2022-09-13 16:00:00+00:00,283.097,284.556,278.22,279.545,4142.94610841
2022-09-13 20:00:00+00:00,279.589,281.008,275.46,277.447,3275.0028883
2022-09-14 00:00:00+00:00,277.415,280.661,276.101,280.027,2272.42184337
2022-09-14 04:00:00+00:00,280.063,281.966,277.133,279.088,2259.17360536
2022-09-14 08:00:00+00:00,279.15,280.629,277.358,279.498,2260.48851632
2022-09-14 12:00:00+00:00,279.58,282.66,277.613,279.59,3683.96442026
2022-09-14 16:00:00+00:00,279.612,279.688,273.317,277.554,3979.90502926
2022-09-14 20:00:00+00:00,277.523,280.35,276.881,279.315,2764.56347388
2022-09-15 00:00:00+00:00,279.262,280.417,273.461,276.121,3551.18158173
2022-09-15 04:00:00+00:00,276.102,278.6,271.26,276.95,6143.40046097
2022-09-15 08:00:00+00:00,276.916,277.012,273.412,275.639,2328.61139101
2022-09-15 12:00:00+00:00,275.673,277.184,266.067,269.779,5837.82958036
2022-09-15 16:00:00+00:00,269.702,272.662,269.3,271.75,2072.69506144
2022-09-15 20:00:00+00:00,271.765,272.77,268.58,271.037,2248.19924885
2022-09-16 00:00:00+00:00,271.088,273.95,268.52,273.156,1797.31947375
2022-09-16 04:00:00+00:00,273.157,275.6,272.3,273.417,1671.56412048
2022-09-16 08:00:00+00:00,273.403,276.444,271.831,275.997,2413.0147167
2022-09-16 12:00:00+00:00,276.31,276.317,271.5,275.02,2784.19381983
2022-09-16 16:00:00+00:00,274.977,274.977,270.948,273.079,3042.91756052
2022-09-16 20:00:00+00:00,273.064,274.84,272.779,274.819,1464.78348296
2022-09-17 00:00:00+00:00,274.838,278.419,274.594,276.281,1893.47432875
2022-09-17 04:00:00+00:00,276.341,278.013,275.46,276.48,1215.84458588
2022-09-17 08:00:00+00:00,276.473,277.482,275.95,276.845,1229.57700945
2022-09-17 12:00:00+00:00,276.857,278.184,275.638,277.44,1390.04762496
2022-09-17 16:00:00+00:00,277.609,279.77,277.397,278.694,2761.50084727
2022-09-17 20:00:00+00:00,278.705,279.597,277.567,279.013,1170.99269505
2022-09-18 00:00:00+00:00,279.055,279.1,276.567,277.423,1030.18692308
2022-09-18 04:00:00+00:00,277.409,278.66,277.165,278.099,1063.26773361
2022-09-18 08:00:00+00:00,278.1,278.671,274.167,276.595,1952.42812683
2022-09-18 12:00:00+00:00,276.595,280.2,274.61,275.371,3101.32701241
2022-09-18 16:00:00+00:00,275.369,275.833,271.177,272.742,3854.3487138
2022-09-18 20:00:00+00:00,272.742,272.9,263.0,266.225,4327.73088221
2022-09-19 00:00:00+00:00,266.259,269.69,260.821,261.805,3852.21063641
2022-09-19 04:00:00+00:00,261.726,263.158,256.645,259.507,3608.38735428
2022-09-19 08:00:00+00:00,259.514,262.56,257.59,261.949,2405.21483681
2022-09-19 12:00:00+00:00,262.041,270.53,261.979,266.132,4497.95523266
2022-09-19 16:00:00+00:00,266.141,269.687,264.41,268.857,2645.71182586
2022-09-19 20:00:00+00:00,268.896,273.049,268.381,271.875,4029.62257681
2022-09-20 00:00:00+00:00,271.853,273.599,267.45,269.389,2257.99468884
2022-09-20 04:00:00+00:00,269.341,271.08,268.943,270.077,841.31642273
2022-09-20 08:00:00+00:00,270.25,270.993,268.154,270.227,2436.9012
2022-09-20 12:00:00+00:00,270.157,270.61,265.92,270.212,3122.3328
2022-09-20 16:00:00+00:00,270.26,271.34,265.17,268.329,2964.3683
2022-09-20 20:00:00+00:00,268.526,268.909,265.4,266.208,1706.1452
2022-09-21 00:00:00+00:00,266.242,268.2,265.48,267.191,1250.1006
2022-09-21 04:00:00+00:00,267.173,268.41,264.145,265.861,1824.2521
2022-09-21 08:00:00+00:00,265.892,269.77,264.28,269.342,2126.9694
2022-09-21 12:00:00+00:00,269.453,270.829,266.321,267.23,2439.1861
2022-09-21 16:00:00+00:00,267.2,276.548,262.0,268.982,10510.63407524
2022-09-21 20:00:00+00:00,268.904,269.561,260.431,264.051,5172.69708467
2022-09-22 00:00:00+00:00,263.97,266.037,263.54,265.158,2471.32
2022-09-22 04:00:00+00:00,265.158,266.87,264.511,266.78,2083.8462
2022-09-22 08:00:00+00:00,266.775,270.387,266.374,270.223,2782.2827
2022-09-22 12:00:00+00:00,270.224,271.173,266.689,268.462,3348.2112
2022-09-22 16:00:00+00:00,268.354,275.465,266.91,274.201,3182.3501
2022-09-22 20:00:00+00:00,274.316,276.56,273.346,275.373,2583.6363
2022-09-23 00:00:00+00:00,275.424,275.861,272.77,274.805,1807.8903
2022-09-23 04:00:00+00:00,274.85,277.7,273.869,274.892,2118.543
2022-09-23 08:00:00+00:00,274.901,275.682,272.306,272.94,2364.1509
2022-09-23 12:00:00+00:00,272.785,274.389,269.149,271.19,3391.3127
2022-09-23 16:00:00+00:00,271.174,272.629,268.521,271.68,2873.0981
2022-09-23 20:00:00+00:00,271.651,277.096,271.526,276.691,2672.5693
2022-09-24 00:00:00+00:00,276.667,279.599,275.462,278.814,2038.737
2022-09-24 04:00:00+00:00,278.839,285.07,278.839,280.763,4801.06767858
2022-09-24 08:00:00+00:00,280.812,283.201,279.35,280.203,2489.5342
2022-09-24 12:00:00+00:00,280.202,282.988,279.32,279.716,2741.7477
2022-09-24 16:00:00+00:00,279.76,280.005,275.868,278.188,2456.4476
2022-09-24 20:00:00+00:00,278.181,278.181,274.2,274.501,2859.026
2022-09-25 00:00:00+00:00,274.518,276.43,272.977,276.43,2343.0878
2022-09-25 04:00:00+00:00,276.315,278.01,274.46,277.95,1064.1032
2022-09-25 08:00:00+00:00,278.0,279.82,276.411,278.297,1816.33210895
2022-09-25 12:00:00+00:00,278.351,279.222,273.988,275.343,2414.1236
2022-09-25 16:00:00+00:00,275.359,276.36,272.23,274.892,2488.2011
2022-09-25 20:00:00+00:00,274.844,274.99,271.001,274.144,2710.8292
2022-09-26 00:00:00+00:00,274.155,276.61,272.407,272.776,2001.4454
2022-09-26 04:00:00+00:00,272.924,274.4,270.778,273.462,2332.1044
2022-09-26 08:00:00+00:00,273.47,276.839,271.374,272.469,3330.2139
2022-09-26 12:00:00+00:00,272.454,275.808,271.872,274.361,2885.8379
2022-09-26 16:00:00+00:00,274.336,275.85,272.316,274.771,2933.3057
2022-09-26 20:00:00+00:00,274.82,276.289,273.83,276.089,1732.9607
2022-09-27 00:00:00+00:00,276.082,283.981,275.972,283.529,4818.9254
2022-09-27 04:00:00+00:00,283.528,286.479,282.701,285.171,3067.3834
2022-09-27 08:00:00+00:00,285.172,285.74,283.48,283.701,2590.3103
2022-09-27 12:00:00+00:00,283.671,284.68,280.77,280.834,2860.3611
2022-09-27 16:00:00+00:00,280.892,281.546,269.281,271.781,7644.91160562
2022-09-27 20:00:00+00:00,271.665,273.08,270.577,272.248,2042.392
2022-09-28 00:00:00+00:00,272.273,273.68,266.46,270.175,3569.4747
2022-09-28 04:00:00+00:00,270.174,270.91,267.747,270.405,2689.3735
2022-09-28 08:00:00+00:00,270.405,273.759,268.168,272.5,3794.9882
2022-09-28 12:00:00+00:00,272.644,278.75,272.208,278.453,3508.0547
2022-09-28 16:00:00+00:00,278.489,280.847,277.446,280.139,5066.7661
2022-09-28 20:00:00+00:00,280.138,283.62,280.138,281.618,2823.1007
2022-09-29 00:00:00+00:00,281.611,284.31,281.206,283.778,3031.3844
2022-09-29 04:00:00+00:00,283.81,285.439,279.905,281.078,4696.9448
2022-09-29 08:00:00+00:00,281.078,282.53,279.321,280.875,2758.5178
2022-09-29 12:00:00+00:00,280.95,282.881,277.07,281.484,6981.7708
2022-09-29 16:00:00+00:00,281.518,284.184,280.32,282.683,4753.744
2022-09-29 20:00:00+00:00,282.796,284.07,281.732,284.07,2041.8217
2022-09-30 00:00:00+00:00,284.08,285.367,282.62,284.385,4150.1669
2022-09-30 04:00:00+00:00,284.385,287.951,283.401,286.74,2449.1593
2022-09-30 08:00:00+00:00,286.817,287.95,282.4,283.351,3945.0429
2022-09-30 12:00:00+00:00,283.284,289.784,282.2,287.028,7416.3335
2022-09-30 16:00:00+00:00,286.702,288.28,283.802,284.028,3803.16619798
2022-09-30 20:00:00+00:00,284.007,284.843,280.54,284.749,3673.2403
2022-10-01 00:00:00+00:00,284.75,285.41,282.99,283.51,1127.0393
2022-10-01 04:00:00+00:00,283.606,283.606,281.858,282.577,996.9139
2022-10-01 08:00:00+00:00,282.577,283.842,282.164,283.13,1075.4498
2022-10-01 12:00:00+00:00,283.134,283.4,281.231,281.455,1690.3906
2022-10-01 16:00:00+00:00,281.486,284.53,277.73,281.761,5984.90445242
2022-10-01 20:00:00+00:00,281.761,283.549,280.634,282.987,2366.8861
2022-10-02 00:00:00+00:00,282.884,283.417,281.92,282.454,1114.8437
2022-10-02 04:00:00+00:00,282.455,282.818,280.93,281.426,1489.4638
2022-10-02 08:00:00+00:00,281.536,283.69,279.445,282.968,2725.5261
2022-10-02 12:00:00+00:00,282.897,283.514,281.552,282.44,1439.065
2022-10-02 16:00:00+00:00,282.44,287.129,282.261,286.551,4289.08
2022-10-02 20:00:00+00:00,286.552,287.83,283.09,284.67,4274.7535
2022-10-03 00:00:00+00:00,284.7,287.419,283.169,285.405,2706.2125
2022-10-03 04:00:00+00:00,285.405,287.365,284.035,285.517,1588.0569
2022-10-03 08:00:00+00:00,285.518,286.363,284.41,286.363,1860.8175
2022-10-03 12:00:00+00:00,286.38,288.43,285.175,286.529,4827.0237
2022-10-03 16:00:00+00:00,286.5,289.04,285.573,285.922,3798.2482
2022-10-03 20:00:00+00:00,286.006,287.68,285.399,287.065,2572.7894
2022-10-04 00:00:00+00:00,287.041,287.924,286.266,287.483,1589.523
2022-10-04 04:00:00+00:00,287.501,291.209,286.323,290.836,3214.1836
2022-10-04 08:00:00+00:00,290.842,292.773,289.451,291.951,2873.5884
2022-10-04 12:00:00+00:00,291.932,297.271,291.088,294.0,6046.04619922
2022-10-04 16:00:00+00:00,294.005,296.927,292.66,296.649,3285.7516
2022-10-04 20:00:00+00:00,296.629,298.19,294.564,296.263,4326.0582
2022-10-05 00:00:00+00:00,296.263,296.388,294.241,294.737,1619.7898
2022-10-05 04:00:00+00:00,294.731,295.87,293.835,294.086,1433.5584
2022-10-05 08:00:00+00:00,294.125,294.245,290.85,291.968,2733.505
2022-10-05 12:00:00+00:00,291.967,293.229,289.27,292.548,3087.9763
2022-10-05 16:00:00+00:00,292.628,294.879,292.563,293.128,1753.173
2022-10-05 20:00:00+00:00,293.183,294.365,292.181,294.122,1383.5227
2022-10-06 00:00:00+00:00,294.121,297.883,293.883,296.308,2152.6637
2022-10-06 04:00:00+00:00,296.322,296.716,293.941,295.601,1900.3836
2022-10-06 08:00:00+00:00,295.6,296.1,293.68,295.029,1297.9645
2022-10-06 12:00:00+00:00,295.069,295.68,291.93,293.838,3214.3128
2022-10-06 16:00:00+00:00,293.779,294.819,292.44,292.93,1933.3456
2022-10-06 20:00:00+00:00,292.96,293.211,278.52,287.131,16228.1021
2022-10-07 00:00:00+00:00,286.924,286.966,283.526,284.296,4694.5837
2022-10-07 04:00:00+00:00,284.282,285.748,282.441,284.714,2998.035
2022-10-07 08:00:00+00:00,284.714,286.144,283.34,284.199,2840.7617
2022-10-07 12:00:00+00:00,284.2,285.058,279.359,282.662,6476.5664
2022-10-07 16:00:00+00:00,282.707,283.06,280.28,282.783,2990.5042
2022-10-07 20:00:00+00:00,282.807,283.647,282.122,282.293,2142.9298
2022-10-08 00:00:00+00:00,282.235,282.58,280.614,280.954,1857.8113
2022-10-08 04:00:00+00:00,281.029,281.872,280.67,281.291,1632.5336
2022-10-08 08:00:00+00:00,281.328,281.655,280.46,281.603,1407.632
2022-10-08 12:00:00+00:00,281.579,281.65,280.156,280.836,2016.7202
2022-10-08 16:00:00+00:00,280.853,282.25,280.552,280.638,2975.1455
2022-10-08 20:00:00+00:00,280.64,280.968,275.466,276.33,5700.0811
2022-10-09 00:00:00+00:00,276.308,277.458,275.154,275.563,1998.1892
2022-10-09 04:00:00+00:00,275.535,277.677,275.15,277.445,1013.2689
2022-10-09 08:00:00+00:00,277.445,278.77,276.947,278.031,1445.031
2022-10-09 12:00:00+00:00,278.032,279.5,277.519,279.099,2396.9088
2022-10-09 16:00:00+00:00,279.072,279.458,276.951,278.354,2555.1312
2022-10-09 20:00:00+00:00,278.414,278.414,276.98,278.217,1414.3329
2022-10-10 00:00:00+00:00,278.201,279.174,276.931,278.064,1363.0704
2022-10-10 04:00:00+00:00,278.064,278.29,276.351,276.566,1380.6275
2022-10-10 08:00:00+00:00,276.567,276.567,271.68,275.13,3498.32575517
2022-10-10 12:00:00+00:00,275.076,276.249,273.847,274.899,2634.6024
2022-10-10 16:00:00+00:00,274.898,275.216,273.011,274.64,2534.1658
2022-10-10 20:00:00+00:00,274.639,275.447,271.35,271.514,2349.2201
2022-10-11 00:00:00+00:00,271.47,271.484,267.034,269.98,3679.30093753
2022-10-11 04:00:00+00:00,269.968,271.517,269.42,271.056,2360.8073
2022-10-11 08:00:00+00:00,271.054,272.4,270.67,272.168,2307.0275
2022-10-11 12:00:00+00:00,272.22,273.95,269.74,273.109,3671.7211
2022-10-11 16:00:00+00:00,273.108,273.7,269.151,270.148,3429.633
2022-10-11 20:00:00+00:00,270.195,271.533,269.956,271.461,2713.0825
2022-10-12 00:00:00+00:00,271.448,272.824,271.08,271.258,1607.6957
2022-10-12 04:00:00+00:00,271.258,272.867,271.177,271.398,1778.7025
2022-10-12 08:00:00+00:00,271.384,272.819,271.16,271.16,2836.3353
2022-10-12 12:00:00+00:00,271.175,271.844,269.72,271.027,3878.1468
2022-10-12 16:00:00+00:00,271.027,271.4,269.325,271.065,2308.3339
2022-10-12 20:00:00+00:00,271.038,271.9,270.723,270.882,1194.8211
2022-10-13 00:00:00+00:00,270.873,272.21,268.02,269.697,3086.6936
2022-10-13 04:00:00+00:00,269.697,269.944,262.07,264.242,5819.9302339
2022-10-13 08:00:00+00:00,264.206,266.239,257.7,262.4,10447.0304
2022-10-13 12:00:00+00:00,262.401,267.78,256.7,266.852,15444.36100673
2022-10-13 16:00:00+00:00,266.862,273.78,266.683,271.613,6002.9506332
2022-10-13 20:00:00+00:00,271.647,273.698,271.216,271.615,2957.3938
2022-10-14 00:00:00+00:00,271.521,276.816,271.445,275.076,5742.3088
2022-10-14 04:00:00+00:00,275.076,275.399,272.511,273.593,3526.1131
2022-10-14 08:00:00+00:00,273.604,274.999,272.97,273.312,2195.7441
2022-10-14 12:00:00+00:00,273.307,275.41,270.695,271.333,5662.8172
2022-10-14 16:00:00+00:00,271.267,271.524,268.399,269.925,4721.06630962
2022-10-14 20:00:00+00:00,269.943,270.333,267.566,269.557,2852.1653
2022-10-15 00:00:00+00:00,269.557,270.78,268.845,270.779,1791.1119
2022-10-15 04:00:00+00:00,270.652,270.829,269.86,270.673,1389.1119
2022-10-15 08:00:00+00:00,270.674,271.199,268.77,271.003,1906.9087
2022-10-15 12:00:00+00:00,271.004,271.398,269.8,271.121,2065.7871
2022-10-15 16:00:00+00:00,271.121,271.335,269.446,270.014,2179.0489
2022-10-15 20:00:00+00:00,270.001,270.001,267.367,268.164,2553.0559
2022-10-16 00:00:00+00:00,268.151,269.987,267.923,269.482,2520.1845
2022-10-16 04:00:00+00:00,269.482,270.291,269.412,269.946,1524.2349
2022-10-16 08:00:00+00:00,269.946,271.011,269.387,270.07,2139.7644
2022-10-16 12:00:00+00:00,270.075,270.593,269.37,270.556,1678.0798
2022-10-16 16:00:00+00:00,270.57,273.45,270.101,273.413,3367.285
2022-10-16 20:00:00+00:00,273.46,273.83,271.16,272.443,3296.6581
2022-10-17 00:00:00+00:00,272.443,273.027,271.128,271.583,1194.7826
2022-10-17 04:00:00+00:00,271.584,272.44,269.781,272.232,2121.0378
2022-10-17 08:00:00+00:00,272.188,274.38,271.072,273.258,2611.15170371
2022-10-17 12:00:00+00:00,273.211,275.1,272.842,274.002,2731.7794
2022-10-17 16:00:00+00:00,273.982,275.46,273.973,274.858,3269.7237
2022-10-17 20:00:00+00:00,274.764,275.939,274.662,275.617,1813.3949
2022-10-18 00:00:00+00:00,275.676,275.99,273.93,274.719,2479.7339
2022-10-18 04:00:00+00:00,274.734,275.113,273.896,274.797,1920.2282
2022-10-18 08:00:00+00:00,274.8,274.827,271.953,273.627,2300.1819
2022-10-18 12:00:00+00:00,273.586,274.55,271.22,272.2,3903.3838
2022-10-18 16:00:00+00:00,272.183,273.377,270.18,272.232,3067.556
2022-10-18 20:00:00+00:00,272.177,274.091,271.839,273.165,1642.4105
2022-10-19 00:00:00+00:00,273.157,273.782,271.143,272.582,1837.4056
2022-10-19 04:00:00+00:00,272.545,272.666,270.442,271.592,1073.6231
2022-10-19 08:00:00+00:00,271.578,272.09,270.309,271.262,1367.4784
2022-10-19 12:00:00+00:00,271.242,273.291,270.656,273.149,1898.3744
2022-10-19 16:00:00+00:00,273.165,273.749,271.994,273.4,2517.8851
2022-10-19 20:00:00+00:00,273.438,273.985,271.02,271.902,1922.808
2022-10-20 00:00:00+00:00,271.909,272.848,269.0,270.654,7001.5875
2022-10-20 04:00:00+00:00,270.662,272.439,270.435,271.604,2657.2338
2022-10-20 08:00:00+00:00,271.604,273.08,271.378,272.811,1689.0868
2022-10-20 12:00:00+00:00,272.825,273.4,271.34,272.396,3066.3793
2022-10-20 16:00:00+00:00,272.386,272.389,268.16,269.108,4823.7885
2022-10-20 20:00:00+00:00,269.052,269.523,267.27,268.959,2099.8599
2022-10-21 00:00:00+00:00,268.958,269.47,265.526,268.35,3666.2997
2022-10-21 04:00:00+00:00,268.416,268.91,266.721,267.124,2001.0269
2022-10-21 08:00:00+00:00,266.962,267.526,265.38,266.386,2235.634
2022-10-21 12:00:00+00:00,266.386,269.907,263.508,269.787,6898.7695
2022-10-21 16:00:00+00:00,269.88,271.239,269.271,270.449,2586.0872
2022-10-21 20:00:00+00:00,270.491,270.934,268.98,270.023,1548.7649
2022-10-22 00:00:00+00:00,270.041,270.156,268.361,268.833,1331.809
2022-10-22 04:00:00+00:00,268.862,269.967,268.505,269.854,1128.8817
2022-10-22 08:00:00+00:00,269.854,270.018,269.151,269.83,1329.3865
2022-10-22 12:00:00+00:00,269.821,270.968,269.236,269.576,1848.6452
2022-10-22 16:00:00+00:00,269.576,270.129,268.981,269.946,1688.5068
2022-10-22 20:00:00+00:00,269.979,271.123,269.974,270.427,1409.8459
2022-10-23 00:00:00+00:00,270.437,270.999,269.673,270.229,1316.0708
2022-10-23 04:00:00+00:00,270.268,270.643,269.383,269.671,1302.6182
2022-10-23 08:00:00+00:00,269.671,270.353,268.72,269.621,1875.27779376
2022-10-23 12:00:00+00:00,269.622,270.908,268.642,270.475,1949.3157
2022-10-23 16:00:00+00:00,270.476,274.0,270.476,273.872,6594.9844
2022-10-23 20:00:00+00:00,273.872,276.65,272.85,275.843,4837.3361
2022-10-24 00:00:00+00:00,275.843,277.339,273.822,274.33,2109.5812
2022-10-24 04:00:00+00:00,274.286,274.406,272.831,273.446,1530.7823
2022-10-24 08:00:00+00:00,273.436,274.878,273.187,274.377,1473.6839
2022-10-24 12:00:00+00:00,274.337,274.503,271.6,273.153,3144.5410081
2022-10-24 16:00:00+00:00,273.153,274.26,272.131,273.368,1524.3161
2022-10-24 20:00:00+00:00,273.389,274.312,272.662,274.186,1525.7829
2022-10-25 00:00:00+00:00,274.187,274.87,273.223,274.276,2102.4217
2022-10-25 04:00:00+00:00,274.34,274.8,273.01,273.314,1513.6942
2022-10-25 08:00:00+00:00,273.314,273.735,271.97,273.103,2306.8946
2022-10-25 12:00:00+00:00,273.069,282.29,272.756,280.752,7193.4843
2022-10-25 16:00:00+00:00,280.834,289.923,280.834,288.858,12046.0205
2022-10-25 20:00:00+00:00,288.793,288.986,283.3,284.106,5266.28650938
2022-10-26 00:00:00+00:00,284.13,286.68,284.13,286.233,1704.0376
2022-10-26 04:00:00+00:00,286.183,287.225,284.9,286.643,3366.5573
2022-10-26 08:00:00+00:00,286.66,290.516,286.028,288.823,4983.4861
2022-10-26 12:00:00+00:00,288.8,290.68,284.98,289.504,4522.2442
2022-10-26 16:00:00+00:00,289.549,290.93,288.096,290.461,3287.8642
2022-10-26 20:00:00+00:00,290.479,291.999,289.551,290.294,2374.7137
2022-10-27 00:00:00+00:00,290.237,292.047,288.003,290.258,2814.2735
2022-10-27 04:00:00+00:00,290.326,293.299,289.008,289.332,4094.9381
2022-10-27 08:00:00+00:00,289.351,290.619,286.935,288.004,3764.2089
2022-10-27 12:00:00+00:00,288.023,289.739,285.936,287.718,6064.6013
2022-10-27 16:00:00+00:00,287.718,289.15,286.749,288.874,2273.8477
2022-10-27 20:00:00+00:00,288.894,288.932,284.613,286.802,3736.0995
2022-10-28 00:00:00+00:00,286.835,288.265,285.69,287.029,2639.8623
2022-10-28 04:00:00+00:00,287.029,287.921,285.828,286.205,1605.0119
2022-10-28 08:00:00+00:00,286.197,287.748,285.85,287.708,2531.8677
2022-10-28 12:00:00+00:00,287.708,296.85,286.688,296.849,8481.32731263
2022-10-28 16:00:00+00:00,296.85,300.929,296.43,299.045,8887.1299
2022-10-28 20:00:00+00:00,299.132,301.088,297.29,297.82,3770.3357
2022-10-29 00:00:00+00:00,297.886,304.835,295.661,304.729,5596.528
2022-10-29 04:00:00+00:00,304.756,306.23,301.271,302.358,5199.04444046
2022-10-29 08:00:00+00:00,302.353,307.367,300.94,301.702,5809.9166
2022-10-29 12:00:00+00:00,301.837,303.283,299.48,303.151,4595.8789
2022-10-29 16:00:00+00:00,303.16,308.358,302.438,304.136,7839.3536
2022-10-29 20:00:00+00:00,304.194,305.819,301.351,304.443,4362.2645
2022-10-30 00:00:00+00:00,304.45,307.72,302.287,307.72,3187.2441
2022-10-30 04:00:00+00:00,307.73,315.0,304.61,313.718,7896.07619691
2022-10-30 08:00:00+00:00,313.702,319.064,308.421,311.91,9017.34924388
2022-10-30 12:00:00+00:00,311.911,313.67,306.682,309.998,6763.3029
2022-10-30 16:00:00+00:00,309.998,317.472,309.302,315.135,7965.7369
2022-10-30 20:00:00+00:00,315.173,315.455,310.0,313.583,3823.4971
2022-10-31 00:00:00+00:00,313.54,315.023,306.44,311.621,3152.1229
2022-10-31 04:00:00+00:00,311.629,311.989,307.6,310.304,2917.6365
2022-10-31 08:00:00+00:00,310.299,331.98,308.11,330.754,35031.27644608
2022-10-31 12:00:00+00:00,330.754,337.939,322.12,323.638,21412.9839
2022-10-31 16:00:00+00:00,323.724,330.1,322.462,327.872,9116.42758833
2022-10-31 20:00:00+00:00,327.931,329.03,325.621,325.651,4568.3485
2022-11-01 00:00:00+00:00,325.745,334.479,323.661,329.73,8601.6674
2022-11-01 04:00:00+00:00,329.727,330.029,325.826,327.039,3706.8722
2022-11-01 08:00:00+00:00,326.973,328.146,322.848,323.692,4635.4797
2022-11-01 12:00:00+00:00,323.601,323.883,317.514,319.356,6612.64730646
2022-11-01 16:00:00+00:00,319.314,325.27,318.581,324.787,4187.9817
2022-11-01 20:00:00+00:00,324.759,326.404,323.031,323.9,2352.4956
2022-11-02 00:00:00+00:00,323.9,327.616,322.731,326.299,2837.3933
2022-11-02 04:00:00+00:00,326.369,328.002,319.311,322.676,3529.8245
2022-11-02 08:00:00+00:00,322.62,323.223,315.275,320.43,3527.5358
2022-11-02 12:00:00+00:00,320.399,321.035,318.088,318.647,3686.41988618
2022-11-02 16:00:00+00:00,318.641,329.633,316.813,319.914,14263.6205
2022-11-02 20:00:00+00:00,319.73,321.507,315.641,320.167,3962.5126
2022-11-03 00:00:00+00:00,320.167,323.604,318.16,321.948,2624.17
2022-11-03 04:00:00+00:00,321.966,338.77,321.905,333.643,10329.0869
2022-11-03 08:00:00+00:00,333.712,338.534,327.6,329.213,6253.0201
2022-11-03 12:00:00+00:00,329.231,330.37,322.71,327.947,7151.07386543
2022-11-03 16:00:00+00:00,327.914,331.959,327.511,331.295,4131.0714
2022-11-03 20:00:00+00:00,331.35,334.72,327.568,329.58,4949.3929
2022-11-04 00:00:00+00:00,329.576,342.51,328.318,340.444,9890.7356
2022-11-04 04:00:00+00:00,340.46,347.499,338.661,344.087,8861.50879196
2022-11-04 08:00:00+00:00,344.158,354.46,344.158,345.588,7735.36098616
2022-11-04 12:00:00+00:00,345.598,358.951,343.289,349.13,14244.5838
2022-11-04 16:00:00+00:00,349.13,354.63,348.25,354.63,3927.0093
2022-11-04 20:00:00+00:00,354.58,355.0,351.738,354.532,2863.0993
2022-11-05 00:00:00+00:00,354.55,358.165,352.191,356.059,4183.13
2022-11-05 04:00:00+00:00,356.059,361.237,355.22,360.312,2861.0621
2022-11-05 08:00:00+00:00,360.315,360.407,352.951,355.727,3958.9762
2022-11-05 12:00:00+00:00,355.726,356.12,347.861,351.137,7515.5328
2022-11-05 16:00:00+00:00,351.092,352.225,348.33,349.784,3268.7948
2022-11-05 20:00:00+00:00,349.787,351.71,346.28,349.333,2460.8293
2022-11-06 00:00:00+00:00,349.2,350.599,346.88,349.704,3108.5645
2022-11-06 04:00:00+00:00,349.711,353.8,347.725,351.934,4694.3104
2022-11-06 08:00:00+00:00,351.919,353.953,349.603,351.096,3150.7392
2022-11-06 12:00:00+00:00,351.207,352.87,348.622,350.507,4699.3712
2022-11-06 16:00:00+00:00,350.471,356.09,347.961,352.81,4658.9759
2022-11-06 20:00:00+00:00,352.873,353.46,337.754,337.787,5630.7778
2022-11-07 00:00:00+00:00,337.858,342.409,331.484,339.384,6780.6575
2022-11-07 04:00:00+00:00,339.233,339.948,327.33,328.177,5457.6641
2022-11-07 08:00:00+00:00,328.114,333.946,327.607,332.124,3801.5332
2022-11-07 12:00:00+00:00,332.142,334.917,326.479,334.839,9041.4105
2022-11-07 16:00:00+00:00,334.885,344.319,333.6,342.239,8903.963
2022-11-07 20:00:00+00:00,342.364,343.397,329.285,336.8,7603.28567667
2022-11-08 00:00:00+00:00,336.8,348.823,333.68,335.08,14460.1395
2022-11-08 04:00:00+00:00,334.726,337.609,311.768,325.76,26530.1299
2022-11-08 08:00:00+00:00,325.799,336.777,324.571,324.704,11579.1841
2022-11-08 12:00:00+00:00,324.57,327.221,319.92,327.221,8544.77852695
2022-11-08 16:00:00+00:00,327.228,399.352,299.523,315.246,113258.10306183
2022-11-08 20:00:00+00:00,315.438,335.19,310.0,327.298,35422.4829
2022-11-09 00:00:00+00:00,327.298,333.0,316.29,321.741,25661.2173
2022-11-09 04:00:00+00:00,321.759,322.726,311.11,315.247,12204.9906
2022-11-09 08:00:00+00:00,315.344,316.215,284.613,304.341,19444.3836
2022-11-09 12:00:00+00:00,304.392,309.72,287.331,290.264,28281.5336
2022-11-09 16:00:00+00:00,290.254,294.28,273.737,281.734,17372.68549745
2022-11-09 20:00:00+00:00,281.56,282.716,260.41,266.883,16546.4147
2022-11-10 00:00:00+00:00,267.182,287.566,263.08,283.495,15654.5015
2022-11-10 04:00:00+00:00,283.492,286.969,279.71,282.285,10294.2755
2022-11-10 08:00:00+00:00,282.265,284.321,271.588,275.829,8344.5202
2022-11-10 12:00:00+00:00,275.58,312.506,275.3,307.585,18884.7576
2022-11-10 16:00:00+00:00,307.707,312.601,296.509,301.261,8836.1484
2022-11-10 20:00:00+00:00,300.978,308.6,298.827,304.211,3719.2495
2022-11-11 00:00:00+00:00,304.198,306.0,288.611,292.454,7215.1748
2022-11-11 04:00:00+00:00,292.327,299.481,289.73,297.875,4695.7539
2022-11-11 08:00:00+00:00,297.825,300.718,293.661,295.9,3060.5364
2022-11-11 12:00:00+00:00,295.645,297.64,278.967,286.288,6970.77726
2022-11-11 16:00:00+00:00,286.269,289.46,280.55,288.133,3551.4117
2022-11-11 20:00:00+00:00,288.13,290.47,283.403,289.988,2888.7275
2022-11-12 00:00:00+00:00,290.225,290.92,283.451,283.755,2486.9778
2022-11-12 04:00:00+00:00,284.205,293.86,271.643,285.904,7637.49676309
2022-11-12 08:00:00+00:00,286.115,288.56,281.741,282.699,2248.2005
2022-11-12 12:00:00+00:00,282.759,285.592,280.22,284.234,1773.878
2022-11-12 16:00:00+00:00,284.234,286.512,280.671,282.82,1912.2243
2022-11-12 20:00:00+00:00,282.744,283.333,280.935,282.83,1494.1586
2022-11-13 00:00:00+00:00,282.843,285.999,281.05,285.329,1643.4417
2022-11-13 04:00:00+00:00,285.392,286.549,278.5,281.848,1919.1498
2022-11-13 08:00:00+00:00,281.89,282.6,276.103,280.896,2672.5909
2022-11-13 12:00:00+00:00,280.796,282.38,275.54,279.949,2948.1577
2022-11-13 16:00:00+00:00,280.241,280.292,276.4,278.99,2844.4674
2022-11-13 20:00:00+00:00,278.99,279.156,273.28,276.418,3150.3755
2022-11-14 00:00:00+00:00,276.656,277.824,267.97,270.983,5711.80796571
2022-11-14 04:00:00+00:00,271.038,281.974,267.84,281.15,5501.5527
2022-11-14 08:00:00+00:00,281.227,288.814,280.436,284.623,3672.0066
2022-11-14 12:00:00+00:00,284.591,292.18,277.243,279.393,4513.58372832
2022-11-14 16:00:00+00:00,279.387,279.387,272.16,272.679,4446.8701
2022-11-14 20:00:00+00:00,272.745,279.89,271.93,279.035,2463.0856
2022-11-15 00:00:00+00:00,279.046,282.3,277.378,280.057,3149.14380397
2022-11-15 04:00:00+00:00,279.971,280.4,276.12,278.993,2789.9114
2022-11-15 08:00:00+00:00,279.066,280.99,273.834,275.887,4382.0396
2022-11-15 12:00:00+00:00,275.964,282.32,275.272,280.456,4620.8358
2022-11-15 16:00:00+00:00,280.616,281.409,273.001,276.056,4545.2452
2022-11-15 20:00:00+00:00,276.035,277.529,274.25,277.049,2310.8158
2022-11-16 00:00:00+00:00,277.035,279.889,275.849,279.832,2202.9523
2022-11-16 04:00:00+00:00,279.859,280.273,277.522,277.853,1924.6379
2022-11-16 08:00:00+00:00,277.842,277.842,271.684,272.47,4466.4248
2022-11-16 12:00:00+00:00,272.494,274.283,268.6,270.239,4673.2128
2022-11-16 16:00:00+00:00,270.241,273.647,269.09,270.727,5378.2447
2022-11-16 20:00:00+00:00,270.641,272.78,269.771,272.057,1789.0486
2022-11-17 00:00:00+00:00,271.865,273.36,269.901,270.197,2524.9093
2022-11-17 04:00:00+00:00,270.044,271.192,265.841,269.875,3452.41567387
2022-11-17 08:00:00+00:00,269.92,270.138,263.31,267.324,3282.1475
2022-11-17 12:00:00+00:00,267.393,269.412,264.542,266.342,4172.7822
2022-11-17 16:00:00+00:00,266.318,269.6,265.933,267.97,2184.3684
2022-11-17 20:00:00+00:00,267.871,268.88,266.843,268.084,1640.5323
2022-11-18 00:00:00+00:00,268.061,273.671,267.666,271.803,2039.7381
2022-11-18 04:00:00+00:00,271.801,273.09,270.715,271.803,1190.5015
2022-11-18 08:00:00+00:00,271.803,273.83,270.241,273.545,1319.8337
2022-11-18 12:00:00+00:00,273.545,274.511,271.026,271.889,1647.998
2022-11-18 16:00:00+00:00,271.889,273.36,270.482,273.238,1385.845
2022-11-18 20:00:00+00:00,273.261,274.77,272.73,273.957,1282.6627
2022-11-19 00:00:00+00:00,274.123,278.16,271.952,272.66,3972.08769325
2022-11-19 04:00:00+00:00,272.734,273.309,269.059,270.094,1617.8583
2022-11-19 08:00:00+00:00,270.095,271.562,269.412,271.48,828.5971
2022-11-19 12:00:00+00:00,271.481,271.85,270.014,271.784,881.7373
2022-11-19 16:00:00+00:00,271.828,271.91,270.551,271.264,1180.526
2022-11-19 20:00:00+00:00,271.297,273.947,271.171,272.434,1036.8474
2022-11-20 00:00:00+00:00,272.508,273.708,271.87,273.169,764.2284
2022-11-20 04:00:00+00:00,273.164,273.85,272.706,273.442,525.9752
2022-11-20 08:00:00+00:00,273.473,273.574,266.121,267.572,2147.8916
2022-11-20 12:00:00+00:00,267.493,270.98,266.17,270.59,1649.0878
2022-11-20 16:00:00+00:00,270.627,271.127,268.51,269.654,1301.3778
2022-11-20 20:00:00+00:00,269.697,269.776,261.688,264.22,2774.7186
2022-11-21 00:00:00+00:00,264.351,265.114,255.557,259.291,3693.8002
2022-11-21 04:00:00+00:00,259.248,262.357,256.855,258.249,1581.1459
2022-11-21 08:00:00+00:00,258.27,259.249,255.632,258.381,2636.1596
2022-11-21 12:00:00+00:00,258.418,262.588,257.665,260.195,1873.2085
2022-11-21 16:00:00+00:00,260.303,260.422,250.0,252.112,3825.31796634
2022-11-21 20:00:00+00:00,252.139,256.05,251.29,254.064,2207.0985
2022-11-22 00:00:00+00:00,254.181,257.499,253.5,256.647,1608.6545
2022-11-22 04:00:00+00:00,256.754,257.422,252.4,254.263,1067.3809
2022-11-22 08:00:00+00:00,254.475,255.37,252.179,254.588,872.8918
2022-11-22 12:00:00+00:00,254.653,266.0,253.824,264.34,3995.2391
2022-11-22 16:00:00+00:00,264.649,265.4,261.81,263.547,1444.8276
2022-11-22 20:00:00+00:00,263.618,267.928,263.178,266.544,1076.72657764
2022-11-23 00:00:00+00:00,266.674,275.0,264.94,274.119,3524.0049
2022-11-23 04:00:00+00:00,274.119,275.32,272.017,275.132,2750.153
2022-11-23 08:00:00+00:00,275.319,299.0,275.182,297.037,19827.80039125
2022-11-23 12:00:00+00:00,297.145,301.249,292.773,295.035,6760.00489862
2022-11-23 16:00:00+00:00,295.161,301.6,291.611,296.352,7057.597
2022-11-23 20:00:00+00:00,296.35,299.15,294.001,298.807,3522.2667
2022-11-24 00:00:00+00:00,298.88,304.01,294.5,299.847,4491.2016
2022-11-24 04:00:00+00:00,299.639,300.396,295.738,296.055,1688.0393
2022-11-24 08:00:00+00:00,296.137,299.591,294.0,297.403,3755.7411
2022-11-24 12:00:00+00:00,297.404,299.863,295.48,298.309,3367.2472
2022-11-24 16:00:00+00:00,298.425,302.09,296.886,299.255,2788.4055
2022-11-24 20:00:00+00:00,299.255,301.579,297.97,300.419,3172.9502
2022-11-25 00:00:00+00:00,300.422,301.782,296.25,299.068,2288.318
2022-11-25 04:00:00+00:00,298.884,299.318,294.24,296.074,1328.6464
2022-11-25 08:00:00+00:00,296.14,300.0,294.222,299.097,1692.1291
2022-11-25 12:00:00+00:00,299.049,306.361,298.686,300.125,3962.044
2022-11-25 16:00:00+00:00,300.148,301.714,298.871,301.361,2447.7656
2022-11-25 20:00:00+00:00,301.359,302.818,299.791,300.399,1167.3867
2022-11-26 00:00:00+00:00,300.797,311.316,300.128,309.584,3337.83
2022-11-26 04:00:00+00:00,309.717,313.588,308.641,312.103,2923.572
2022-11-26 08:00:00+00:00,312.349,317.464,312.21,314.288,3704.1176
2022-11-26 12:00:00+00:00,314.252,317.999,310.36,312.989,2981.221
2022-11-26 16:00:00+00:00,312.954,315.086,311.48,313.042,1784.0599
2022-11-26 20:00:00+00:00,313.043,313.809,308.001,311.329,1819.862
2022-11-27 00:00:00+00:00,311.414,316.726,311.099,315.06,2887.3765
2022-11-27 04:00:00+00:00,315.24,316.226,311.868,313.776,1244.9271
2022-11-27 08:00:00+00:00,313.699,314.95,310.314,312.903,1748.5968
2022-11-27 12:00:00+00:00,312.984,315.08,311.06,313.661,1503.0937
2022-11-27 16:00:00+00:00,313.691,314.069,309.689,312.155,2150.3455
2022-11-27 20:00:00+00:00,312.094,314.695,306.178,307.67,4452.3861
2022-11-28 00:00:00+00:00,307.771,309.54,287.0,297.266,10641.90986497
2022-11-28 04:00:00+00:00,297.074,297.6,292.777,295.766,2700.9686
2022-11-28 08:00:00+00:00,295.64,296.929,293.501,295.083,1703.3433
2022-11-28 12:00:00+00:00,295.059,297.856,290.6,291.84,4305.2398
2022-11-28 16:00:00+00:00,292.0,299.229,288.86,293.209,6189.3871
2022-11-28 20:00:00+00:00,293.222,294.28,291.901,293.438,1531.5255
2022-11-29 00:00:00+00:00,293.468,297.658,289.0,296.445,3239.0192
2022-11-29 04:00:00+00:00,296.618,304.21,296.511,302.311,2857.6655
2022-11-29 08:00:00+00:00,302.408,305.19,301.551,302.998,2310.5529
2022-11-29 12:00:00+00:00,302.999,303.835,298.163,300.163,2794.1728
2022-11-29 16:00:00+00:00,300.164,300.214,293.93,295.594,3181.1629
2022-11-29 20:00:00+00:00,295.601,297.355,295.01,295.378,1994.2784
2022-11-30 00:00:00+00:00,295.49,305.701,294.92,295.643,5672.4439
2022-11-30 04:00:00+00:00,295.869,301.038,295.869,301.038,2302.1782
2022-11-30 08:00:00+00:00,301.039,303.841,298.751,300.502,1694.9758
2022-11-30 12:00:00+00:00,300.629,300.819,297.263,297.92,2441.928
2022-11-30 16:00:00+00:00,298.069,300.998,292.419,298.43,4302.8287
2022-11-30 20:00:00+00:00,298.5,302.36,298.381,300.772,2604.8831
2022-12-01 00:00:00+00:00,300.582,301.987,295.801,297.329,2358.5855
2022-12-01 04:00:00+00:00,297.499,300.357,294.806,297.853,2462.5871
2022-12-01 08:00:00+00:00,297.974,301.672,297.12,299.549,8474.4398
2022-12-01 12:00:00+00:00,299.55,301.709,290.487,291.832,12794.4353
2022-12-01 16:00:00+00:00,291.808,292.844,290.28,291.262,3504.4127
2022-12-01 20:00:00+00:00,291.346,293.2,290.89,292.153,1925.4131
2022-12-02 00:00:00+00:00,292.214,293.774,286.515,288.174,3861.60919268
2022-12-02 04:00:00+00:00,288.102,290.5,285.36,289.804,2655.5725
2022-12-02 08:00:00+00:00,289.8,292.047,289.003,291.232,1457.5792
2022-12-02 12:00:00+00:00,291.382,292.219,286.77,290.158,3204.436
2022-12-02 16:00:00+00:00,290.123,290.836,288.767,290.627,1275.1984
2022-12-02 20:00:00+00:00,290.704,293.85,290.12,293.533,2262.429
2022-12-03 00:00:00+00:00,293.506,294.389,290.905,291.873,2032.2787
2022-12-03 04:00:00+00:00,291.976,292.692,289.892,290.607,1095.5755
2022-12-03 08:00:00+00:00,290.437,291.065,289.031,290.22,1272.5906
2022-12-03 12:00:00+00:00,290.211,292.704,290.051,291.715,1207.0361
2022-12-03 16:00:00+00:00,291.724,292.56,290.688,291.701,1348.1092
2022-12-03 20:00:00+00:00,291.701,292.4,289.194,290.293,1414.9505
2022-12-04 00:00:00+00:00,290.394,292.444,289.95,291.982,1069.6082
2022-12-04 04:00:00+00:00,291.982,292.529,291.14,291.14,545.2826
2022-12-04 08:00:00+00:00,291.133,291.667,289.1,289.58,1428.4818
2022-12-04 12:00:00+00:00,289.608,290.749,287.51,290.03,2238.5102
2022-12-04 16:00:00+00:00,290.025,291.565,289.144,291.135,1575.9495
2022-12-04 20:00:00+00:00,291.135,292.57,291.108,291.788,840.0448
2022-12-05 00:00:00+00:00,291.783,296.999,291.346,294.653,2777.7461
2022-12-05 04:00:00+00:00,294.696,297.05,294.585,295.794,1903.2357
2022-12-05 08:00:00+00:00,295.829,297.113,294.405,295.756,1472.718
2022-12-05 12:00:00+00:00,295.765,295.784,289.33,290.25,3472.1519
2022-12-05 16:00:00+00:00,290.253,290.43,286.11,286.656,2340.2197
2022-12-05 20:00:00+00:00,286.64,289.001,286.07,288.523,1766.2002
2022-12-06 00:00:00+00:00,288.53,290.43,288.304,289.535,929.5267
2022-12-06 04:00:00+00:00,289.561,290.349,288.358,289.645,1375.6077
2022-12-06 08:00:00+00:00,289.664,290.069,287.122,288.736,1460.757
2022-12-06 12:00:00+00:00,288.735,289.319,287.026,288.682,1352.9058
2022-12-06 16:00:00+00:00,288.705,289.06,286.46,288.452,1937.0009
2022-12-06 20:00:00+00:00,288.452,290.69,288.182,290.22,2119.6236
2022-12-07 00:00:00+00:00,290.189,290.952,288.203,288.727,1132.2018
2022-12-07 04:00:00+00:00,288.571,289.32,281.654,282.573,3303.0034
2022-12-07 08:00:00+00:00,282.46,284.409,281.2,283.649,2174.0004
2022-12-07 12:00:00+00:00,283.624,285.159,282.517,283.5,1867.5368
2022-12-07 16:00:00+00:00,283.483,283.993,282.333,283.563,1396.5956
2022-12-07 20:00:00+00:00,283.629,284.9,282.851,284.038,1108.55
2022-12-08 00:00:00+00:00,284.143,284.927,282.503,284.212,1055.3293
2022-12-08 04:00:00+00:00,284.204,285.789,283.034,285.589,824.1032
2022-12-08 08:00:00+00:00,285.6,286.24,282.901,285.179,1225.4086
2022-12-08 12:00:00+00:00,285.179,288.334,284.549,287.49,2060.2014
2022-12-08 16:00:00+00:00,287.491,292.06,287.211,290.031,2680.8852
2022-12-08 20:00:00+00:00,290.069,291.732,288.57,290.469,1641.5324
2022-12-09 00:00:00+00:00,290.422,291.343,288.846,289.459,1233.7551
2022-12-09 04:00:00+00:00,289.499,290.693,289.101,290.501,568.1034
2022-12-09 08:00:00+00:00,290.5,291.9,289.529,290.85,1024.9536
2022-12-09 12:00:00+00:00,290.869,292.0,285.07,289.984,3409.9096
2022-12-09 16:00:00+00:00,289.984,290.133,286.49,287.941,1848.0936
2022-12-09 20:00:00+00:00,288.0,288.031,284.6,286.0,2007.6267
2022-12-10 00:00:00+00:00,286.0,287.38,285.834,287.044,696.2092
2022-12-10 04:00:00+00:00,287.044,287.571,286.401,287.38,544.8095
2022-12-10 08:00:00+00:00,287.341,287.889,285.73,287.679,711.4762
2022-12-10 12:00:00+00:00,287.698,289.548,287.053,289.291,752.1052
2022-12-10 16:00:00+00:00,289.3,289.85,287.526,288.044,896.6021
2022-12-10 20:00:00+00:00,288.0,289.114,287.6,288.091,1028.0578
2022-12-11 00:00:00+00:00,288.099,290.863,287.613,290.568,942.5381
2022-12-11 04:00:00+00:00,290.582,291.074,289.753,290.442,736.025
2022-12-11 08:00:00+00:00,290.499,290.547,289.702,290.357,545.3641
2022-12-11 12:00:00+00:00,290.377,290.445,289.032,289.661,1078.6333
2022-12-11 16:00:00+00:00,289.691,291.423,289.05,289.9,1728.7196
2022-12-11 20:00:00+00:00,289.863,289.864,283.5,284.5,2632.7591
2022-12-12 00:00:00+00:00,284.571,285.599,281.872,282.7,2834.2764
2022-12-12 04:00:00+00:00,282.7,282.7,280.182,281.079,1691.5186
2022-12-12 08:00:00+00:00,281.1,283.9,280.405,283.7,1119.1029
2022-12-12 12:00:00+00:00,283.748,283.828,271.92,276.068,10469.3365
2022-12-12 16:00:00+00:00,276.003,277.19,273.06,274.415,3652.32
2022-12-12 20:00:00+00:00,274.414,277.499,273.121,276.147,3323.1564
2022-12-13 00:00:00+00:00,276.188,277.19,265.791,267.117,5378.6279
2022-12-13 04:00:00+00:00,267.074,269.39,255.723,263.858,15417.5469
2022-12-13 08:00:00+00:00,263.861,271.52,262.58,268.544,10309.751
2022-12-13 12:00:00+00:00,268.599,281.95,264.0,273.262,15315.7396
2022-12-13 16:00:00+00:00,273.275,275.379,266.391,268.968,5430.4084
2022-12-13 20:00:00+00:00,269.017,273.385,268.05,272.094,2640.5516
2022-12-14 00:00:00+00:00,272.149,278.28,271.301,275.573,2840.0958
2022-12-14 04:00:00+00:00,275.573,276.416,273.46,274.376,1878.7916
2022-12-14 08:00:00+00:00,274.465,276.56,271.127,272.965,1865.771
2022-12-14 12:00:00+00:00,273.14,274.18,268.99,272.158,2977.6345
2022-12-14 16:00:00+00:00,272.095,273.72,265.7,267.76,8462.1646
2022-12-14 20:00:00+00:00,267.723,269.181,265.655,267.668,2196.3063
2022-12-15 00:00:00+00:00,267.725,268.106,261.63,265.375,2229.315
2022-12-15 04:00:00+00:00,265.429,265.981,264.132,264.797,1386.7047
2022-12-15 08:00:00+00:00,264.82,267.2,263.96,265.498,1109.2581
2022-12-15 12:00:00+00:00,265.498,265.797,262.22,263.161,1975.836
2022-12-15 16:00:00+00:00,263.329,263.805,258.85,261.505,4126.402
2022-12-15 20:00:00+00:00,261.497,261.872,256.337,258.85,4754.21284006
2022-12-16 00:00:00+00:00,258.855,262.75,257.647,262.377,2190.5016
2022-12-16 04:00:00+00:00,262.363,264.53,260.511,263.742,1286.6141
2022-12-16 08:00:00+00:00,263.688,263.839,246.229,251.338,7762.4935
2022-12-16 12:00:00+00:00,251.34,251.726,245.26,247.291,6524.15575079
2022-12-16 16:00:00+00:00,247.303,247.335,240.55,244.249,11428.93141076
2022-12-16 20:00:00+00:00,244.195,246.44,221.76,230.919,12673.13
2022-12-17 00:00:00+00:00,231.048,234.25,219.282,228.987,13327.3507
2022-12-17 04:00:00+00:00,229.155,239.598,227.628,236.192,8306.2443022
2022-12-17 08:00:00+00:00,236.296,241.484,234.35,237.074,5573.9487
2022-12-17 12:00:00+00:00,237.064,240.09,236.353,236.521,4886.7079
2022-12-17 16:00:00+00:00,236.515,237.86,234.703,235.609,2563.2073
2022-12-17 20:00:00+00:00,235.593,244.753,235.05,242.019,6332.2154
2022-12-18 00:00:00+00:00,242.005,250.436,239.48,246.423,4310.0165
2022-12-18 04:00:00+00:00,246.304,253.887,245.161,247.391,9496.81442866
2022-12-18 08:00:00+00:00,247.41,248.73,243.796,246.835,3707.7094
2022-12-18 12:00:00+00:00,246.87,247.799,244.819,245.097,1413.878
2022-12-18 16:00:00+00:00,245.098,251.533,244.67,249.654,4664.2591
2022-12-18 20:00:00+00:00,249.66,254.0,247.8,251.045,3757.433
2022-12-19 00:00:00+00:00,251.11,253.341,245.926,247.208,4365.80780387
2022-12-19 04:00:00+00:00,247.098,248.34,245.391,246.178,1578.5002
2022-12-19 08:00:00+00:00,245.921,248.97,245.781,247.727,1320.9062
2022-12-19 12:00:00+00:00,247.834,251.77,246.336,246.759,2705.14798259
2022-12-19 16:00:00+00:00,246.778,247.233,240.749,242.076,3904.5929
2022-12-19 20:00:00+00:00,242.108,244.848,237.2,240.311,2687.9967
2022-12-20 00:00:00+00:00,240.315,248.55,239.28,247.583,2992.8567
2022-12-20 04:00:00+00:00,247.799,251.028,247.043,248.245,3853.4115
2022-12-20 08:00:00+00:00,248.335,249.5,246.673,249.117,1655.781
2022-12-20 12:00:00+00:00,249.297,253.24,247.68,251.253,2452.6403
2022-12-20 16:00:00+00:00,251.177,251.5,248.34,250.673,1798.649
2022-12-20 20:00:00+00:00,250.663,252.733,249.409,251.391,2013.5982
2022-12-21 00:00:00+00:00,251.389,251.609,248.1,248.611,1769.6954
2022-12-21 04:00:00+00:00,248.612,249.279,247.092,248.096,937.2529
2022-12-21 08:00:00+00:00,248.0,250.021,247.306,249.534,990.37406333
2022-12-21 12:00:00+00:00,249.554,249.8,247.58,248.947,929.0774
2022-12-21 16:00:00+00:00,249.025,249.132,245.545,246.302,1276.1039
2022-12-21 20:00:00+00:00,246.176,247.487,245.48,246.155,1274.5418
2022-12-22 00:00:00+00:00,246.221,248.2,245.969,248.055,2025.1614
2022-12-22 04:00:00+00:00,248.026,248.2,244.86,246.5,943.0909
2022-12-22 08:00:00+00:00,246.353,247.25,245.022,245.837,1003.1853
2022-12-22 12:00:00+00:00,245.827,246.128,240.301,240.749,3024.7532
2022-12-22 16:00:00+00:00,240.843,243.145,240.377,243.025,1994.3656
2022-12-22 20:00:00+00:00,243.072,246.513,242.553,245.794,1628.3802
2022-12-23 00:00:00+00:00,245.823,248.749,244.8,247.159,1683.2831
2022-12-23 04:00:00+00:00,247.109,247.493,245.811,246.666,604.361
2022-12-23 08:00:00+00:00,246.691,246.834,245.245,245.908,899.2794
2022-12-23 12:00:00+00:00,245.923,247.94,243.97,245.328,1756.21594789
2022-12-23 16:00:00+00:00,245.32,246.399,245.048,246.151,882.9099
2022-12-23 20:00:00+00:00,246.173,246.478,245.545,246.246,1371.2869
2022-12-24 00:00:00+00:00,246.27,246.334,245.034,245.869,684.4859
2022-12-24 04:00:00+00:00,245.875,245.985,244.79,245.422,533.1625
2022-12-24 08:00:00+00:00,245.422,245.422,243.607,243.999,891.2398
2022-12-24 12:00:00+00:00,244.0,244.805,243.679,244.285,581.4364
2022-12-24 16:00:00+00:00,244.297,245.038,244.01,244.476,759.7849
2022-12-24 20:00:00+00:00,244.477,244.843,243.953,244.565,637.2404
2022-12-25 00:00:00+00:00,244.566,245.83,244.459,245.295,711.1828
2022-12-25 04:00:00+00:00,245.36,245.36,244.549,245.078,372.5544
2022-12-25 08:00:00+00:00,245.073,245.121,244.361,244.769,570.4357
2022-12-25 12:00:00+00:00,244.796,245.2,241.08,243.329,1992.7744
2022-12-25 16:00:00+00:00,243.329,243.557,241.395,242.515,1611.304
2022-12-25 20:00:00+00:00,242.56,243.74,241.364,243.053,685.0363
2022-12-26 00:00:00+00:00,243.083,244.779,242.441,244.628,900.9953
2022-12-26 04:00:00+00:00,244.628,244.66,243.125,243.38,797.1529
2022-12-26 08:00:00+00:00,243.294,243.829,242.6,243.32,654.7346
2022-12-26 12:00:00+00:00,243.36,243.514,242.06,242.48,670.968
2022-12-26 16:00:00+00:00,242.463,243.121,241.898,242.75,1458.3713
2022-12-26 20:00:00+00:00,242.749,244.632,242.231,244.168,793.3579
2022-12-27 00:00:00+00:00,244.289,245.905,242.92,243.374,1800.6104
2022-12-27 04:00:00+00:00,243.379,243.92,242.966,243.353,903.543
2022-12-27 08:00:00+00:00,243.35,243.95,242.33,243.743,683.9673
2022-12-27 12:00:00+00:00,243.744,248.7,242.295,245.253,2740.7581
2022-12-27 16:00:00+00:00,245.218,246.193,243.82,246.1,1990.0831
2022-12-27 20:00:00+00:00,246.1,246.77,245.001,246.495,874.4748
2022-12-28 00:00:00+00:00,246.612,247.229,244.372,244.744,1869.3286
2022-12-28 04:00:00+00:00,244.744,245.154,241.72,243.303,1466.7089
2022-12-28 08:00:00+00:00,243.257,244.057,242.8,243.629,1052.0331
2022-12-28 12:00:00+00:00,243.671,245.333,242.257,242.431,2158.31
2022-12-28 16:00:00+00:00,242.453,244.8,242.12,243.144,1494.4407
2022-12-28 20:00:00+00:00,243.132,244.417,242.021,244.417,1792.9165
2022-12-29 00:00:00+00:00,244.419,245.85,243.318,245.15,1663.9725
2022-12-29 04:00:00+00:00,245.247,245.962,244.401,244.716,665.2683
2022-12-29 08:00:00+00:00,244.716,246.82,244.202,245.834,1265.9056
2022-12-29 12:00:00+00:00,245.834,246.346,245.28,246.037,1827.9349
2022-12-29 16:00:00+00:00,246.037,246.609,245.392,246.065,1397.8556
2022-12-29 20:00:00+00:00,246.065,246.729,244.721,246.338,1453.4527
2022-12-30 00:00:00+00:00,246.279,246.724,245.03,245.549,1006.9182
2022-12-30 04:00:00+00:00,245.55,245.792,242.75,243.351,1111.8383
2022-12-30 08:00:00+00:00,243.382,244.405,243.29,243.374,1074.9762
2022-12-30 12:00:00+00:00,243.374,245.921,243.041,245.271,2277.7974
2022-12-30 16:00:00+00:00,245.279,245.585,244.439,244.791,1578.9149
2022-12-30 20:00:00+00:00,244.756,246.557,244.666,245.84,2098.4511
2022-12-31 00:00:00+00:00,245.84,245.992,245.247,245.415,686.3078
2022-12-31 04:00:00+00:00,245.416,245.706,244.89,245.595,740.9131
2022-12-31 08:00:00+00:00,245.569,246.249,245.234,245.615,922.2408
2022-12-31 12:00:00+00:00,245.602,248.0,245.196,247.12,2389.0691
2022-12-31 16:00:00+00:00,247.118,247.27,246.17,246.931,1315.1437
2022-12-31 20:00:00+00:00,246.896,247.452,245.931,246.251,1099.3141
2023-01-01 00:00:00+00:00,246.285,246.62,245.241,245.373,1006.1284
2023-01-01 04:00:00+00:00,245.386,245.387,243.612,244.1,1672.6486
2023-01-01 08:00:00+00:00,244.084,244.553,243.439,244.443,648.2526
2023-01-01 12:00:00+00:00,244.443,244.736,243.855,244.59,877.3642
2023-01-01 16:00:00+00:00,244.588,245.56,244.427,245.244,951.2383
2023-01-01 20:00:00+00:00,245.244,245.921,243.701,244.4,786.3298
2023-01-02 00:00:00+00:00,244.397,244.501,240.76,243.713,1941.3273
2023-01-02 04:00:00+00:00,243.751,246.923,243.059,246.303,1720.3187
2023-01-02 08:00:00+00:00,246.322,247.86,246.31,246.855,2048.4111
2023-01-02 12:00:00+00:00,246.856,247.534,246.121,246.971,1039.7203
2023-01-02 16:00:00+00:00,246.968,247.164,246.171,246.53,1126.684
2023-01-02 20:00:00+00:00,246.531,247.769,245.24,245.24,1620.3722
2023-01-03 00:00:00+00:00,245.25,246.053,244.851,245.859,1491.24
2023-01-03 04:00:00+00:00,245.805,246.96,245.275,246.314,620.317
2023-01-03 08:00:00+00:00,246.311,246.501,245.351,245.674,1175.7467
2023-01-03 12:00:00+00:00,245.665,246.395,244.57,245.408,1795.2245
2023-01-03 16:00:00+00:00,245.401,245.897,244.621,245.353,930.5195
2023-01-03 20:00:00+00:00,245.352,246.258,245.255,246.0,806.6965
2023-01-04 00:00:00+00:00,246.0,258.705,245.62,257.048,5637.45993505
2023-01-04 04:00:00+00:00,257.126,257.343,253.784,255.203,1940.2546
2023-01-04 08:00:00+00:00,255.16,256.062,254.048,254.813,1604.0615
2023-01-04 12:00:00+00:00,254.813,257.289,253.958,257.04,1957.9688
2023-01-04 16:00:00+00:00,257.077,260.817,256.06,257.696,8202.1778
2023-01-04 20:00:00+00:00,257.695,259.34,255.21,258.836,2146.43
2023-01-05 00:00:00+00:00,258.848,258.982,256.881,257.818,1566.4181
2023-01-05 04:00:00+00:00,257.823,259.0,256.64,257.514,1388.6475
2023-01-05 08:00:00+00:00,257.55,257.744,255.71,257.136,1445.1864
2023-01-05 12:00:00+00:00,257.15,258.08,255.0,256.789,1643.1015
2023-01-05 16:00:00+00:00,256.787,258.312,256.227,257.742,1472.3279
2023-01-05 20:00:00+00:00,257.74,258.016,255.903,256.576,1214.3146
2023-01-06 00:00:00+00:00,256.576,258.609,256.178,257.785,1202.3158
2023-01-06 04:00:00+00:00,257.737,258.0,255.38,256.278,969.5313
2023-01-06 08:00:00+00:00,256.274,257.2,255.474,256.392,1664.5498
2023-01-06 12:00:00+00:00,256.34,259.84,254.499,259.038,2273.32508299
2023-01-06 16:00:00+00:00,259.029,260.319,258.075,259.988,2849.1799
2023-01-06 20:00:00+00:00,260.184,260.476,258.691,259.869,1084.2334
2023-01-07 00:00:00+00:00,259.821,263.88,259.355,262.122,2167.8309
2023-01-07 04:00:00+00:00,262.123,262.239,260.624,260.966,867.3424
2023-01-07 08:00:00+00:00,260.992,261.332,260.609,260.781,760.4218
2023-01-07 12:00:00+00:00,260.782,260.998,259.922,260.964,1006.0573
2023-01-07 16:00:00+00:00,260.965,261.828,260.607,261.661,1240.6198
2023-01-07 20:00:00+00:00,261.663,261.839,260.78,261.341,1257.3462
2023-01-08 00:00:00+00:00,261.331,261.76,260.093,260.91,954.0102
2023-01-08 04:00:00+00:00,260.968,261.1,260.569,260.86,680.3333
2023-01-08 08:00:00+00:00,260.859,261.598,260.707,260.839,796.1475
2023-01-08 12:00:00+00:00,260.922,267.708,260.759,267.054,2775.6926
2023-01-08 16:00:00+00:00,267.032,268.619,263.482,267.432,3248.414
2023-01-08 20:00:00+00:00,267.383,276.195,267.099,274.953,4884.0887588
2023-01-09 00:00:00+00:00,274.925,280.881,273.784,278.65,5489.2962
2023-01-09 04:00:00+00:00,278.65,280.272,277.481,277.631,2667.0302
2023-01-09 08:00:00+00:00,277.617,280.28,276.492,278.199,2344.8144
2023-01-09 12:00:00+00:00,278.333,282.758,276.49,280.262,4839.9297
2023-01-09 16:00:00+00:00,280.262,283.313,276.801,276.821,4319.7273
2023-01-09 20:00:00+00:00,276.8,277.1,271.269,272.507,3624.5913
2023-01-10 00:00:00+00:00,272.487,276.12,270.42,273.769,1584.6474
2023-01-10 04:00:00+00:00,273.733,275.0,272.995,274.453,1532.2624
2023-01-10 08:00:00+00:00,274.453,276.7,274.125,274.992,1600.4397
2023-01-10 12:00:00+00:00,274.987,276.42,273.511,275.799,2769.7531
2023-01-10 16:00:00+00:00,275.799,276.506,274.397,276.071,1716.4211
2023-01-10 20:00:00+00:00,276.221,278.726,275.951,277.253,1994.37743389
2023-01-11 00:00:00+00:00,277.252,277.997,274.256,275.061,1296.5589
2023-01-11 04:00:00+00:00,275.049,277.859,274.241,277.837,1024.4593
2023-01-11 08:00:00+00:00,277.804,278.5,276.964,277.847,1177.1938
2023-01-11 12:00:00+00:00,277.874,278.96,276.341,276.686,3267.5367
2023-01-11 16:00:00+00:00,276.655,280.0,275.652,279.74,3220.8559
2023-01-11 20:00:00+00:00,279.749,286.93,278.88,284.723,3258.8489
2023-01-12 00:00:00+00:00,284.769,288.044,283.923,286.826,3765.8005
2023-01-12 04:00:00+00:00,286.849,287.208,284.38,285.078,1604.613
2023-01-12 08:00:00+00:00,285.104,285.14,281.905,283.311,1773.7865
2023-01-12 12:00:00+00:00,283.311,286.2,278.913,281.56,6091.1813
2023-01-12 16:00:00+00:00,281.487,287.73,280.906,286.243,5577.9307
2023-01-12 20:00:00+00:00,286.244,288.59,285.643,287.723,2731.1411
2023-01-13 00:00:00+00:00,287.723,290.0,285.8,289.084,2059.0595
2023-01-13 04:00:00+00:00,289.086,291.525,287.48,288.01,3379.7099
2023-01-13 08:00:00+00:00,288.02,288.449,285.835,287.185,2138.0918
2023-01-13 12:00:00+00:00,287.165,289.119,284.891,288.714,3223.7528
2023-01-13 16:00:00+00:00,288.762,289.0,286.15,288.714,2792.7331
2023-01-13 20:00:00+00:00,288.715,295.717,288.158,293.705,7340.1587
2023-01-14 00:00:00+00:00,293.705,308.67,293.287,307.591,14518.8865
2023-01-14 04:00:00+00:00,307.678,314.271,305.364,310.772,5984.8491
2023-01-14 08:00:00+00:00,310.807,314.368,299.234,303.872,10014.1769
2023-01-14 12:00:00+00:00,303.921,308.0,301.59,304.285,5505.2305
2023-01-14 16:00:00+00:00,304.324,305.149,302.298,303.53,4400.9229
2023-01-14 20:00:00+00:00,303.557,306.31,303.107,305.196,2195.4742
2023-01-15 00:00:00+00:00,305.169,306.04,295.27,298.783,7439.8862
2023-01-15 04:00:00+00:00,298.711,299.184,294.8,297.424,2709.8709
2023-01-15 08:00:00+00:00,297.459,297.929,292.0,297.842,3824.2196
2023-01-15 12:00:00+00:00,297.843,303.492,296.321,302.754,4390.7433
2023-01-15 16:00:00+00:00,302.791,303.679,298.37,301.148,4691.6287
2023-01-15 20:00:00+00:00,301.187,303.084,300.221,302.123,1926.7542
2023-01-16 00:00:00+00:00,302.1,307.97,300.199,304.267,5158.5677
2023-01-16 04:00:00+00:00,304.307,306.539,302.58,303.178,3266.631
2023-01-16 08:00:00+00:00,303.16,303.348,296.101,298.231,5327.6821
2023-01-16 12:00:00+00:00,298.232,301.0,293.26,298.075,5754.4695906
2023-01-16 16:00:00+00:00,298.055,302.496,296.881,300.93,7017.6518
2023-01-16 20:00:00+00:00,300.884,301.938,298.462,299.053,3817.1184
2023-01-17 00:00:00+00:00,299.085,301.33,295.17,300.199,4011.4378
2023-01-17 04:00:00+00:00,300.198,301.26,298.04,301.055,2163.348
2023-01-17 08:00:00+00:00,301.041,302.907,299.843,302.84,3443.5039
2023-01-17 12:00:00+00:00,302.75,305.67,300.17,302.582,5950.0577
2023-01-17 16:00:00+00:00,302.508,303.542,301.26,302.985,3342.1851
2023-01-17 20:00:00+00:00,302.978,303.431,299.1,299.279,2486.6314
2023-01-18 00:00:00+00:00,299.299,305.187,298.56,302.947,3318.8515
2023-01-18 04:00:00+00:00,303.017,303.67,301.173,301.605,1659.4176
2023-01-18 08:00:00+00:00,301.583,301.652,299.163,301.055,2172.8672
2023-01-18 12:00:00+00:00,301.02,304.979,288.691,294.525,11000.1296
2023-01-18 16:00:00+00:00,294.58,296.469,281.25,292.962,30465.7266
2023-01-18 20:00:00+00:00,293.021,293.347,286.351,286.766,7437.755
2023-01-19 00:00:00+00:00,286.699,290.739,286.389,289.897,2992.1273
2023-01-19 04:00:00+00:00,289.876,291.59,289.538,290.447,1907.6099
2023-01-19 08:00:00+00:00,290.447,291.999,288.916,289.457,2582.266
2023-01-19 12:00:00+00:00,289.458,291.089,285.776,290.06,3549.29319823
2023-01-19 16:00:00+00:00,290.005,294.137,289.521,293.949,3014.6256
2023-01-19 20:00:00+00:00,294.065,295.47,292.964,294.63,2085.5242
2023-01-20 00:00:00+00:00,294.609,296.494,293.41,294.759,2413.9748
2023-01-20 04:00:00+00:00,294.778,295.702,286.681,288.042,4639.1239
2023-01-20 08:00:00+00:00,287.991,288.838,287.122,287.122,2455.2455
2023-01-20 12:00:00+00:00,287.121,290.169,286.82,289.478,3883.987
2023-01-20 16:00:00+00:00,289.512,294.727,289.002,294.456,5451.9607
2023-01-20 20:00:00+00:00,294.582,305.401,294.582,305.135,13465.6417
2023-01-21 00:00:00+00:00,305.08,306.396,300.04,302.234,8342.731
2023-01-21 04:00:00+00:00,302.28,305.73,301.761,304.575,4034.6929
2023-01-21 08:00:00+00:00,304.594,310.0,299.85,303.248,13079.1122
2023-01-21 12:00:00+00:00,303.227,305.789,301.371,301.914,5777.3601
2023-01-21 16:00:00+00:00,301.963,304.976,301.89,304.267,5390.5945
2023-01-21 20:00:00+00:00,304.319,304.615,297.363,298.993,9306.5547
2023-01-22 00:00:00+00:00,299.063,301.86,298.452,300.466,3241.1901
2023-01-22 04:00:00+00:00,300.466,302.53,300.117,302.231,2945.2822
2023-01-22 08:00:00+00:00,302.247,303.44,301.384,302.551,2452.146
2023-01-22 12:00:00+00:00,302.622,307.358,301.212,303.409,7559.233
2023-01-22 16:00:00+00:00,303.446,311.271,302.189,303.706,10258.5937
2023-01-22 20:00:00+00:00,303.751,303.877,298.664,303.027,6084.70295357
2023-01-23 00:00:00+00:00,303.027,307.747,302.908,303.877,3895.7867
2023-01-23 04:00:00+00:00,303.973,306.405,302.856,303.576,3070.1856
2023-01-23 08:00:00+00:00,303.576,306.646,302.963,306.606,3526.1083
2023-01-23 12:00:00+00:00,306.55,306.868,300.677,303.709,6940.3184
2023-01-23 16:00:00+00:00,303.727,306.4,302.751,304.697,6493.4673
2023-01-23 20:00:00+00:00,304.637,306.634,304.527,305.132,3700.5757
2023-01-24 00:00:00+00:00,305.151,323.612,303.2,321.901,13926.55242725
2023-01-24 04:00:00+00:00,322.023,322.513,317.668,318.388,4101.9073
2023-01-24 08:00:00+00:00,318.255,318.271,312.38,314.219,6246.1478
2023-01-24 12:00:00+00:00,314.287,316.319,310.51,316.062,5632.2328
2023-01-24 16:00:00+00:00,316.08,316.32,308.06,310.967,5423.7322
2023-01-24 20:00:00+00:00,310.936,311.001,299.17,300.308,9061.0689
2023-01-25 00:00:00+00:00,300.322,302.21,293.453,300.219,7321.2311
2023-01-25 04:00:00+00:00,300.247,303.838,299.918,303.245,3731.5421
2023-01-25 08:00:00+00:00,303.319,304.19,299.03,300.469,3548.8762
2023-01-25 12:00:00+00:00,300.469,304.117,296.618,300.303,5855.29996847
2023-01-25 16:00:00+00:00,300.325,302.459,299.454,302.366,3005.0227
2023-01-25 20:00:00+00:00,302.367,313.919,302.367,306.807,8744.6926
2023-01-26 00:00:00+00:00,306.909,309.499,305.63,305.812,4224.4547
2023-01-26 04:00:00+00:00,305.833,309.121,304.91,306.01,2925.3338
2023-01-26 08:00:00+00:00,305.991,306.693,302.658,304.273,4143.4875
2023-01-26 12:00:00+00:00,304.3,309.239,303.411,303.907,4491.4203
2023-01-26 16:00:00+00:00,303.89,305.859,301.512,305.604,3330.3377
2023-01-26 20:00:00+00:00,305.592,307.122,303.577,304.793,2442.3933
2023-01-27 00:00:00+00:00,304.845,305.55,298.893,302.718,5316.2095
2023-01-27 04:00:00+00:00,302.717,306.0,302.221,305.874,2359.1207
2023-01-27 08:00:00+00:00,305.933,306.239,304.22,304.969,1585.1403
2023-01-27 12:00:00+00:00,304.968,305.751,301.821,303.992,3317.1929
2023-01-27 16:00:00+00:00,303.858,309.079,303.842,308.946,2830.9704
2023-01-27 20:00:00+00:00,308.948,310.5,305.38,308.017,3417.9655
2023-01-28 00:00:00+00:00,308.016,310.429,306.727,308.28,2275.5722
2023-01-28 04:00:00+00:00,308.28,313.588,307.17,308.378,3620.45884744
2023-01-28 08:00:00+00:00,308.438,309.19,306.291,307.445,2865.2879
2023-01-28 12:00:00+00:00,307.461,307.561,303.537,306.216,4205.5718
2023-01-28 16:00:00+00:00,306.202,307.509,305.33,306.584,1786.6787
2023-01-28 20:00:00+00:00,306.594,306.754,304.2,306.061,2408.369
2023-01-29 00:00:00+00:00,306.061,311.131,304.859,307.801,5178.36542307
2023-01-29 04:00:00+00:00,307.919,308.79,307.338,308.706,1627.4881
2023-01-29 08:00:00+00:00,308.623,318.148,308.623,316.894,8398.3967
2023-01-29 12:00:00+00:00,316.819,320.2,313.71,318.402,7083.323
2023-01-29 16:00:00+00:00,318.319,320.473,315.993,319.182,5025.5851
2023-01-29 20:00:00+00:00,319.189,319.25,316.0,317.21,3482.1553
2023-01-30 00:00:00+00:00,317.135,320.942,314.343,315.694,3702.9695
2023-01-30 04:00:00+00:00,315.695,316.279,312.2,312.683,2337.0668
2023-01-30 08:00:00+00:00,312.573,313.424,304.4,306.882,5598.5424
2023-01-30 12:00:00+00:00,306.934,311.268,305.46,308.749,3691.9735
2023-01-30 16:00:00+00:00,308.733,310.398,301.956,305.209,4988.8175
2023-01-30 20:00:00+00:00,305.21,307.175,302.52,307.169,3195.2354
2023-01-31 00:00:00+00:00,307.169,311.857,305.326,311.857,3658.1462
2023-01-31 04:00:00+00:00,311.858,314.364,309.75,311.903,3434.3462
2023-01-31 08:00:00+00:00,311.932,312.72,308.2,309.705,2580.9733
2023-01-31 12:00:00+00:00,309.741,313.62,309.698,312.632,3051.06568759
2023-01-31 16:00:00+00:00,312.633,314.005,311.481,313.924,2771.4759
2023-01-31 20:00:00+00:00,313.855,313.856,308.677,312.09,3851.2349
2023-02-01 00:00:00+00:00,312.088,314.678,311.578,312.452,2270.6911
2023-02-01 04:00:00+00:00,312.45,312.792,306.406,307.805,2416.679
2023-02-01 08:00:00+00:00,307.816,308.554,305.617,308.123,2185.1915
2023-02-01 12:00:00+00:00,308.188,310.699,306.501,307.051,2718.5193
2023-02-01 16:00:00+00:00,306.968,315.0,306.6,314.42,4971.7805
2023-02-01 20:00:00+00:00,314.5,319.357,313.29,317.071,7206.9036
2023-02-02 00:00:00+00:00,317.072,327.782,316.41,327.481,6987.63692708
2023-02-02 04:00:00+00:00,327.523,334.427,326.273,328.636,7400.1911
2023-02-02 08:00:00+00:00,328.568,330.633,327.84,329.954,2671.2592
2023-02-02 12:00:00+00:00,329.933,332.0,325.04,328.323,4782.9366
2023-02-02 16:00:00+00:00,328.215,332.699,327.321,328.154,4351.0979
2023-02-02 20:00:00+00:00,328.203,330.996,321.7,323.508,4328.9641
2023-02-03 00:00:00+00:00,323.493,327.197,318.41,321.151,5477.414
2023-02-03 04:00:00+00:00,321.245,324.439,320.714,322.604,2202.7008
2023-02-03 08:00:00+00:00,322.684,329.312,321.025,329.285,3284.1682
2023-02-03 12:00:00+00:00,329.219,335.464,328.155,331.6,10934.6983
2023-02-03 16:00:00+00:00,331.698,334.039,329.938,329.938,3919.4317
2023-02-03 20:00:00+00:00,329.93,332.583,328.335,332.375,3531.7691
2023-02-04 00:00:00+00:00,332.446,334.111,329.011,329.248,2679.5446
2023-02-04 04:00:00+00:00,329.21,329.75,327.0,328.414,2631.0424
2023-02-04 08:00:00+00:00,328.419,330.313,327.612,329.127,1670.7094
2023-02-04 12:00:00+00:00,329.281,332.589,328.454,331.133,2458.9693
2023-02-04 16:00:00+00:00,331.146,333.2,330.1,330.311,2705.8445
2023-02-04 20:00:00+00:00,330.312,331.926,329.413,330.517,2119.7814
2023-02-05 00:00:00+00:00,330.403,334.36,328.651,329.498,3211.6745
2023-02-05 04:00:00+00:00,329.498,333.182,328.696,331.893,2069.7415
2023-02-05 08:00:00+00:00,331.947,337.766,331.947,332.55,5307.9019
2023-02-05 12:00:00+00:00,332.582,333.328,324.343,326.954,5342.68168272
2023-02-05 16:00:00+00:00,326.761,328.13,324.09,326.877,3199.7066
2023-02-05 20:00:00+00:00,326.831,328.46,324.737,327.778,1994.8573
2023-02-06 00:00:00+00:00,327.773,330.1,324.322,325.409,2672.6597
2023-02-06 04:00:00+00:00,325.358,326.869,320.85,326.869,2193.7017
2023-02-06 08:00:00+00:00,326.866,327.99,324.79,327.516,1627.9364
2023-02-06 12:00:00+00:00,327.535,330.0,325.913,330.0,2834.7106
2023-02-06 16:00:00+00:00,330.007,331.499,327.719,328.96,3603.324
2023-02-06 20:00:00+00:00,328.959,329.518,323.946,324.274,4962.2739
2023-02-07 00:00:00+00:00,324.353,327.55,323.195,326.643,1789.8665
2023-02-07 04:00:00+00:00,326.768,329.001,326.347,328.992,4065.5368
2023-02-07 08:00:00+00:00,329.0,331.754,327.919,329.987,4002.2264
2023-02-07 12:00:00+00:00,329.994,330.541,327.329,327.717,5606.59319157
2023-02-07 16:00:00+00:00,327.714,332.686,326.1,330.645,3768.5527
2023-02-07 20:00:00+00:00,330.729,333.709,329.788,333.081,2829.8122
2023-02-08 00:00:00+00:00,333.01,335.867,331.432,331.781,2189.0601
2023-02-08 04:00:00+00:00,331.81,332.275,330.666,331.819,1822.3133
2023-02-08 08:00:00+00:00,331.803,331.82,329.18,331.624,2546.0816
2023-02-08 12:00:00+00:00,331.663,332.589,326.822,327.316,4011.0269
2023-02-08 16:00:00+00:00,327.293,329.226,323.59,326.626,4056.887
2023-02-08 20:00:00+00:00,326.477,328.619,325.171,328.276,1925.0227
2023-02-09 00:00:00+00:00,328.285,329.161,316.0,319.846,9098.1728
2023-02-09 04:00:00+00:00,319.768,322.558,317.24,322.098,3100.4509
2023-02-09 08:00:00+00:00,322.086,323.758,320.065,320.659,3409.802
2023-02-09 12:00:00+00:00,320.627,322.648,318.26,318.837,3553.4431
2023-02-09 16:00:00+00:00,318.856,319.377,308.008,311.42,10820.9314
2023-02-09 20:00:00+00:00,311.368,311.368,301.98,306.087,10638.1487
2023-02-10 00:00:00+00:00,306.152,308.091,305.01,306.646,4091.3349
2023-02-10 04:00:00+00:00,306.651,307.916,302.44,307.761,3102.1863
2023-02-10 08:00:00+00:00,307.835,309.14,305.56,306.464,2705.2525
2023-02-10 12:00:00+00:00,306.478,308.344,304.01,305.939,3708.0825
2023-02-10 16:00:00+00:00,305.939,308.698,304.94,308.543,2489.8191
2023-02-10 20:00:00+00:00,308.599,308.819,304.414,305.81,2560.7855
2023-02-11 00:00:00+00:00,305.802,308.604,305.112,308.122,1885.4604
2023-02-11 04:00:00+00:00,308.122,308.591,306.739,308.166,2079.2073
2023-02-11 08:00:00+00:00,308.274,308.84,307.191,308.472,1398.3095
2023-02-11 12:00:00+00:00,308.514,310.13,308.305,308.982,1336.4272
2023-02-11 16:00:00+00:00,309.056,309.336,307.05,308.583,1697.9485
2023-02-11 20:00:00+00:00,308.599,311.28,308.139,310.528,2073.776
2023-02-12 00:00:00+00:00,310.528,310.708,307.64,307.667,1494.7973
2023-02-12 04:00:00+00:00,307.631,307.631,306.021,306.924,1995.862
2023-02-12 08:00:00+00:00,306.927,309.378,306.845,308.686,1733.3629
2023-02-12 12:00:00+00:00,308.686,313.0,307.681,312.793,2949.5312
2023-02-12 16:00:00+00:00,312.856,320.9,312.85,319.253,6774.05198568
2023-02-12 20:00:00+00:00,319.27,320.315,311.435,312.491,5995.22619105
2023-02-13 00:00:00+00:00,312.541,313.509,306.7,312.04,4998.3421
2023-02-13 04:00:00+00:00,312.07,315.56,304.88,307.112,6753.6125
2023-02-13 08:00:00+00:00,307.192,307.345,288.285,292.521,26620.39328216
2023-02-13 12:00:00+00:00,292.533,294.841,286.335,286.887,10522.5733
2023-02-13 16:00:00+00:00,286.96,289.649,282.781,288.866,13129.6927
2023-02-13 20:00:00+00:00,288.758,294.647,288.199,294.266,4592.6537
2023-02-14 00:00:00+00:00,294.224,294.257,289.88,290.953,3903.3748
2023-02-14 04:00:00+00:00,290.954,293.88,290.481,293.879,3170.8726
2023-02-14 08:00:00+00:00,293.871,294.8,290.73,292.64,3073.4700865
2023-02-14 12:00:00+00:00,292.729,301.66,290.628,297.565,15683.9665
2023-02-14 16:00:00+00:00,297.612,298.572,295.269,298.131,7381.7613
2023-02-14 20:00:00+00:00,298.137,298.311,295.572,296.158,2440.4967
2023-02-15 00:00:00+00:00,296.25,297.3,294.016,296.847,2603.1189
2023-02-15 04:00:00+00:00,296.84,298.279,296.24,297.012,2195.10894435
2023-02-15 08:00:00+00:00,297.039,301.581,296.462,301.565,3247.5208
2023-02-15 12:00:00+00:00,301.581,305.469,301.58,303.217,4391.4482
2023-02-15 16:00:00+00:00,303.251,307.823,301.169,307.285,4598.7866
2023-02-15 20:00:00+00:00,307.426,317.655,306.813,317.402,8441.8699
2023-02-16 00:00:00+00:00,317.432,327.662,316.353,321.661,13898.3541
2023-02-16 04:00:00+00:00,321.591,325.439,318.81,319.842,7460.8052
2023-02-16 08:00:00+00:00,319.83,323.272,318.416,319.291,4778.9727
2023-02-16 12:00:00+00:00,319.271,324.7,314.838,324.674,9346.3409
2023-02-16 16:00:00+00:00,324.679,326.4,318.351,319.546,11804.7756
2023-02-16 20:00:00+00:00,319.525,319.699,304.06,304.283,13407.70110864
2023-02-17 00:00:00+00:00,304.367,309.96,302.967,309.581,8771.3897
2023-02-17 04:00:00+00:00,309.624,310.499,306.168,308.24,3724.7656
2023-02-17 08:00:00+00:00,308.309,311.019,307.85,309.714,3011.1634
2023-02-17 12:00:00+00:00,309.715,313.42,307.942,310.148,7360.2973
2023-02-17 16:00:00+00:00,310.126,315.5,307.14,314.773,6384.7988
2023-02-17 20:00:00+00:00,314.87,317.189,308.778,313.13,9854.0783
2023-02-18 00:00:00+00:00,313.045,315.822,313.029,315.135,3179.6504
2023-02-18 04:00:00+00:00,315.061,318.998,314.637,316.748,4893.4864
2023-02-18 08:00:00+00:00,316.747,316.984,313.233,314.839,3476.4538
2023-02-18 12:00:00+00:00,314.814,317.36,314.335,316.532,3351.0095
2023-02-18 16:00:00+00:00,316.533,317.102,314.017,315.079,4255.0671
2023-02-18 20:00:00+00:00,315.079,316.949,314.04,316.425,2054.5791
2023-02-19 00:00:00+00:00,316.434,318.735,314.551,315.282,3903.3883
2023-02-19 04:00:00+00:00,315.291,316.529,314.041,314.402,2860.4254
2023-02-19 08:00:00+00:00,314.445,315.809,314.041,315.743,2250.7329
2023-02-19 12:00:00+00:00,315.743,318.38,315.5,316.801,4492.2029
2023-02-19 16:00:00+00:00,316.843,318.373,310.93,312.7,6796.5624
2023-02-19 20:00:00+00:00,312.707,313.789,310.35,311.46,3765.9589
2023-02-20 00:00:00+00:00,311.538,316.7,308.06,316.465,4939.6466
2023-02-20 04:00:00+00:00,316.46,317.162,315.263,316.874,3875.2541
2023-02-20 08:00:00+00:00,316.831,319.79,315.356,318.124,7840.6851
2023-02-20 12:00:00+00:00,318.123,318.513,316.292,317.174,5430.288
2023-02-20 16:00:00+00:00,317.173,317.342,313.12,314.685,5140.3919
2023-02-20 20:00:00+00:00,314.685,315.539,313.176,315.439,2762.383
2023-02-21 00:00:00+00:00,315.432,317.199,314.301,315.486,3345.0579
2023-02-21 04:00:00+00:00,315.565,317.124,314.42,316.182,4456.7918
2023-02-21 08:00:00+00:00,316.229,317.39,308.0,311.719,8850.4174
2023-02-21 12:00:00+00:00,311.701,314.663,310.96,312.928,4887.9172
2023-02-21 16:00:00+00:00,312.944,314.109,311.0,313.319,2940.3517
2023-02-21 20:00:00+00:00,313.261,314.249,309.354,311.541,4001.1164
2023-02-22 00:00:00+00:00,311.542,311.843,305.257,308.85,6179.1995
2023-02-22 04:00:00+00:00,308.871,309.004,305.56,307.555,3159.4002
2023-02-22 08:00:00+00:00,307.555,308.246,303.904,308.021,4217.4176
2023-02-22 12:00:00+00:00,308.02,309.359,303.45,304.68,5593.7954
2023-02-22 16:00:00+00:00,304.634,308.694,303.711,307.829,4355.8511
2023-02-22 20:00:00+00:00,307.894,312.91,306.8,312.473,3386.1874
2023-02-23 00:00:00+00:00,312.476,315.139,310.628,313.286,2718.3636
2023-02-23 04:00:00+00:00,313.286,314.424,312.041,312.869,2049.0009
2023-02-23 08:00:00+00:00,312.837,313.282,306.0,306.935,4216.585
2023-02-23 12:00:00+00:00,306.949,311.26,305.83,309.268,3388.9365
2023-02-23 16:00:00+00:00,309.204,309.468,306.645,309.054,4272.0666
2023-02-23 20:00:00+00:00,309.139,310.046,306.561,308.232,3061.8005
2023-02-24 00:00:00+00:00,308.396,310.9,307.647,309.502,2593.0415
2023-02-24 04:00:00+00:00,309.539,311.248,308.804,310.802,2005.0201
2023-02-24 08:00:00+00:00,310.823,311.92,308.252,310.297,2838.7815
2023-02-24 12:00:00+00:00,310.297,311.34,303.747,303.809,5422.1396
2023-02-24 16:00:00+00:00,303.79,304.221,299.0,302.412,7086.3857
2023-02-24 20:00:00+00:00,302.419,304.089,299.39,302.22,3277.4112
2023-02-25 00:00:00+00:00,302.24,302.978,300.147,300.585,2637.932
2023-02-25 04:00:00+00:00,300.627,301.89,299.9,301.737,1337.4463
2023-02-25 08:00:00+00:00,301.721,302.436,299.94,300.498,1745.4362
2023-02-25 12:00:00+00:00,300.499,301.938,298.636,301.45,2141.2458
2023-02-25 16:00:00+00:00,301.451,302.7,299.07,300.392,2372.4719
2023-02-25 20:00:00+00:00,300.388,302.487,295.373,302.367,3695.80467946
2023-02-26 00:00:00+00:00,302.367,303.634,300.736,303.219,1364.8592
2023-02-26 04:00:00+00:00,303.31,303.534,302.085,303.127,910.4329
2023-02-26 08:00:00+00:00,303.115,303.741,302.419,303.388,1611.6686
2023-02-26 12:00:00+00:00,303.388,304.403,302.551,304.333,1877.4841
2023-02-26 16:00:00+00:00,304.345,308.75,303.928,308.688,2428.1862
2023-02-26 20:00:00+00:00,308.62,309.77,307.0,308.616,2370.9159
2023-02-27 00:00:00+00:00,308.567,309.375,307.441,308.034,1680.8318
2023-02-27 04:00:00+00:00,308.065,308.283,304.942,305.332,2208.5708
2023-02-27 08:00:00+00:00,305.233,305.419,303.631,305.054,3136.4476
2023-02-27 12:00:00+00:00,305.069,307.98,303.88,304.965,4635.7261
2023-02-27 16:00:00+00:00,305.081,305.119,300.499,303.093,4741.6178
2023-02-27 20:00:00+00:00,303.017,305.0,301.59,304.81,1803.2267
2023-02-28 00:00:00+00:00,304.784,305.69,303.531,305.136,1393.7812
2023-02-28 04:00:00+00:00,305.189,305.391,301.78,301.781,2591.8368
2023-02-28 08:00:00+00:00,301.835,302.653,301.195,302.248,1929.5198
2023-02-28 12:00:00+00:00,302.249,304.798,302.173,304.473,2722.9377
2023-02-28 16:00:00+00:00,304.474,304.929,301.461,302.073,2669.9709
2023-02-28 20:00:00+00:00,302.116,302.984,300.0,301.336,3051.8679
2023-03-01 00:00:00+00:00,301.41,304.147,300.63,304.147,3096.0035
2023-03-01 04:00:00+00:00,304.147,306.389,303.435,303.575,2685.2487
2023-03-01 08:00:00+00:00,303.56,305.439,303.0,303.412,2372.8715
2023-03-01 12:00:00+00:00,303.416,304.49,302.163,303.414,2724.1081
2023-03-01 16:00:00+00:00,303.413,303.413,300.621,300.834,3025.8785
2023-03-01 20:00:00+00:00,300.858,302.89,300.594,302.568,1851.9954
2023-03-02 00:00:00+00:00,302.56,303.78,298.04,299.843,3193.7616
2023-03-02 04:00:00+00:00,299.844,300.485,298.265,299.082,1426.4122
2023-03-02 08:00:00+00:00,299.081,299.151,296.726,298.905,2012.2608
2023-03-02 12:00:00+00:00,298.967,299.886,295.91,297.888,3202.7027
2023-03-02 16:00:00+00:00,297.858,300.629,296.471,300.561,2259.0132
2023-03-02 20:00:00+00:00,300.624,300.76,299.401,299.9,1941.9842
2023-03-03 00:00:00+00:00,299.866,300.019,286.38,290.084,9545.5225
2023-03-03 04:00:00+00:00,290.073,291.822,289.382,290.84,2643.0996
2023-03-03 08:00:00+00:00,290.876,291.799,289.307,289.62,2500.6893
2023-03-03 12:00:00+00:00,289.587,290.249,287.615,288.904,3512.8659
2023-03-03 16:00:00+00:00,288.919,290.14,288.364,289.595,2611.1344
2023-03-03 20:00:00+00:00,289.652,290.397,287.451,290.397,2005.4964
2023-03-04 00:00:00+00:00,290.398,291.389,289.844,290.182,1207.7412
2023-03-04 04:00:00+00:00,290.182,290.598,289.091,290.174,1191.5461
2023-03-04 08:00:00+00:00,290.139,291.139,289.346,291.079,1323.3732
2023-03-04 12:00:00+00:00,291.14,291.271,290.12,290.123,1563.3804
2023-03-04 16:00:00+00:00,290.124,290.782,288.585,288.585,1940.6805
2023-03-04 20:00:00+00:00,288.665,289.5,285.55,289.5,3916.5365
2023-03-05 00:00:00+00:00,289.5,292.669,288.051,290.53,4192.4007
2023-03-05 04:00:00+00:00,290.543,291.414,289.954,290.403,1940.3923
2023-03-05 08:00:00+00:00,290.426,291.394,289.9,291.179,1486.04
2023-03-05 12:00:00+00:00,291.125,291.9,290.766,290.994,1915.9762
2023-03-05 16:00:00+00:00,290.972,291.281,289.281,289.506,1662.4367
2023-03-05 20:00:00+00:00,289.493,290.68,287.5,288.771,1822.2554
2023-03-06 00:00:00+00:00,288.788,289.743,285.01,286.936,4014.7151
2023-03-06 04:00:00+00:00,286.917,287.156,285.01,285.346,2209.8856
2023-03-06 08:00:00+00:00,285.216,285.503,283.716,284.096,3958.1584
2023-03-06 12:00:00+00:00,284.096,288.16,283.3,287.943,2491.3793
2023-03-06 16:00:00+00:00,287.981,288.986,286.96,287.552,2594.7057
2023-03-06 20:00:00+00:00,287.621,288.44,286.681,287.878,2531.2857
2023-03-07 00:00:00+00:00,287.91,289.65,287.027,288.411,2417.4574
2023-03-07 04:00:00+00:00,288.404,288.667,286.871,287.062,1235.3131
2023-03-07 08:00:00+00:00,287.135,287.668,285.337,285.499,1993.571
2023-03-07 12:00:00+00:00,285.534,288.504,283.42,287.417,5650.1922
2023-03-07 16:00:00+00:00,287.389,290.499,285.82,287.359,4961.483
2023-03-07 20:00:00+00:00,287.27,289.319,285.49,289.247,4922.0563
2023-03-08 00:00:00+00:00,289.247,290.656,288.709,289.56,2633.7484
2023-03-08 04:00:00+00:00,289.583,289.866,285.16,285.715,2227.7077
2023-03-08 08:00:00+00:00,285.71,287.99,285.504,287.825,1949.0408
2023-03-08 12:00:00+00:00,287.825,293.268,285.068,292.72,5929.522
2023-03-08 16:00:00+00:00,292.72,294.215,289.021,289.657,3460.8375
2023-03-08 20:00:00+00:00,289.641,291.96,286.103,287.055,3425.9311
2023-03-09 00:00:00+00:00,286.949,291.309,286.156,289.622,4166.5493
2023-03-09 04:00:00+00:00,289.622,290.399,288.816,288.999,3235.5776
2023-03-09 08:00:00+00:00,289.107,289.485,287.254,289.422,3677.2103
2023-03-09 12:00:00+00:00,289.422,291.049,288.175,289.305,4049.5206
2023-03-09 16:00:00+00:00,289.32,289.883,277.76,279.9,9102.05943874
2023-03-09 20:00:00+00:00,279.904,279.931,271.25,277.12,9390.9461
2023-03-10 00:00:00+00:00,277.18,277.18,271.789,273.804,3657.1494
2023-03-10 04:00:00+00:00,273.805,274.199,270.6,273.327,4078.397
2023-03-10 08:00:00+00:00,273.337,273.483,265.001,267.497,5596.3878
2023-03-10 12:00:00+00:00,267.466,275.126,266.694,274.695,6462.0972
2023-03-10 16:00:00+00:00,274.626,277.24,273.708,276.998,2874.6386
2023-03-10 20:00:00+00:00,276.984,278.147,274.872,277.486,3660.3088882
2023-03-11 00:00:00+00:00,277.439,281.7,276.956,278.855,7210.0328
2023-03-11 04:00:00+00:00,278.868,279.834,271.983,272.262,6146.4983
2023-03-11 08:00:00+00:00,272.042,276.893,271.287,274.813,5587.339
2023-03-11 12:00:00+00:00,274.859,276.09,271.88,272.191,2440.1522
2023-03-11 16:00:00+00:00,272.18,273.727,270.401,272.544,3446.5099
2023-03-11 20:00:00+00:00,272.581,276.047,272.384,275.985,3316.9323
2023-03-12 00:00:00+00:00,275.938,278.0,274.2,276.477,3505.0421
2023-03-12 04:00:00+00:00,276.477,278.196,275.37,275.767,2176.0875
2023-03-12 08:00:00+00:00,275.777,276.536,274.99,276.357,1644.7119
2023-03-12 12:00:00+00:00,276.357,276.457,273.501,273.753,2296.0068
2023-03-12 16:00:00+00:00,273.753,282.501,273.361,277.729,7098.93119921
2023-03-12 20:00:00+00:00,277.767,288.6,277.55,288.05,7721.508
2023-03-13 00:00:00+00:00,288.17,291.91,286.27,286.601,5829.6775
2023-03-13 04:00:00+00:00,286.683,309.0,286.27,304.681,20610.36542036
2023-03-13 08:00:00+00:00,304.851,306.478,293.224,296.835,8901.4484
2023-03-13 12:00:00+00:00,296.824,313.2,294.24,308.777,18872.1318
2023-03-13 16:00:00+00:00,308.917,310.36,305.983,306.821,7177.7646
2023-03-13 20:00:00+00:00,306.955,309.588,305.41,307.896,2818.6224
2023-03-14 00:00:00+00:00,307.896,308.319,305.191,306.247,2940.2393
2023-03-14 04:00:00+00:00,306.167,308.1,303.71,304.098,2379.6048
2023-03-14 08:00:00+00:00,304.155,307.5,302.054,306.14,2882.3187
2023-03-14 12:00:00+00:00,306.14,319.339,304.007,317.552,14454.5532
2023-03-14 16:00:00+00:00,317.529,317.969,302.242,311.088,9961.6506
2023-03-14 20:00:00+00:00,311.2,311.948,304.44,308.609,4427.106
2023-03-15 00:00:00+00:00,308.413,311.32,306.29,309.764,3040.3574
2023-03-15 04:00:00+00:00,309.805,312.64,309.021,312.514,2746.8235
2023-03-15 08:00:00+00:00,312.39,312.44,303.77,308.062,3503.3385
2023-03-15 12:00:00+00:00,308.035,311.594,304.294,305.213,5711.1183
2023-03-15 16:00:00+00:00,305.278,306.65,300.304,305.62,6553.92420679
2023-03-15 20:00:00+00:00,305.687,307.935,304.965,306.328,2363.3298
2023-03-16 00:00:00+00:00,306.297,313.397,302.969,309.809,5054.2817
2023-03-16 04:00:00+00:00,309.744,321.985,308.261,321.376,8957.7128
2023-03-16 08:00:00+00:00,321.281,321.762,314.36,315.706,8921.9645
2023-03-16 12:00:00+00:00,315.681,328.4,307.862,326.658,26708.0654
2023-03-16 16:00:00+00:00,326.727,330.694,325.28,329.69,10792.304
2023-03-16 20:00:00+00:00,329.562,332.635,326.78,329.416,7065.9507
2023-03-17 00:00:00+00:00,329.417,333.2,325.881,331.365,6389.4239
2023-03-17 04:00:00+00:00,331.428,333.33,329.395,329.704,4105.9331
2023-03-17 08:00:00+00:00,329.681,336.587,329.12,334.479,14803.6414
2023-03-17 12:00:00+00:00,334.479,335.141,328.77,331.0,7525.6498
2023-03-17 16:00:00+00:00,331.0,335.478,330.33,335.145,5325.0502
2023-03-17 20:00:00+00:00,335.313,340.0,333.29,338.913,9075.5501
2023-03-18 00:00:00+00:00,338.943,344.999,338.019,343.509,7036.4554
2023-03-18 04:00:00+00:00,343.655,346.191,342.29,344.301,4212.1317
2023-03-18 08:00:00+00:00,344.321,344.379,340.45,343.309,2940.2549
2023-03-18 12:00:00+00:00,343.309,344.263,329.921,332.672,9413.7088
2023-03-18 16:00:00+00:00,332.627,337.698,327.148,336.208,6407.7012
2023-03-18 20:00:00+00:00,336.226,338.994,327.81,330.965,5750.4633
2023-03-19 00:00:00+00:00,331.022,336.126,330.342,333.794,3306.7602
2023-03-19 04:00:00+00:00,333.698,335.7,331.736,335.7,2393.3693
2023-03-19 08:00:00+00:00,335.71,337.61,333.34,337.057,3617.8458
2023-03-19 12:00:00+00:00,337.058,341.59,337.058,339.539,3585.5934
2023-03-19 16:00:00+00:00,339.488,341.0,335.563,339.848,5185.0927
2023-03-19 20:00:00+00:00,339.859,340.731,335.17,336.56,4397.5303
2023-03-20 00:00:00+00:00,336.587,339.206,332.397,333.275,4784.6522
2023-03-20 04:00:00+00:00,333.181,335.679,331.638,334.653,3031.4246
2023-03-20 08:00:00+00:00,334.636,338.82,334.105,337.315,4763.8806
2023-03-20 12:00:00+00:00,337.243,338.844,335.179,337.7,3037.2034
2023-03-20 16:00:00+00:00,337.696,339.509,334.43,336.105,3613.603
2023-03-20 20:00:00+00:00,336.024,336.956,331.454,332.37,2478.6923
2023-03-21 00:00:00+00:00,332.482,336.059,331.728,334.884,2743.0109
2023-03-21 04:00:00+00:00,334.868,336.866,327.184,328.684,4554.0185
2023-03-21 08:00:00+00:00,328.674,334.979,327.757,334.769,2646.4092
2023-03-21 12:00:00+00:00,334.769,338.109,334.25,337.779,4179.4543
2023-03-21 16:00:00+00:00,337.742,339.931,335.14,337.856,5250.6552
2023-03-21 20:00:00+00:00,337.953,338.656,334.42,334.42,2016.9025
2023-03-22 00:00:00+00:00,334.509,337.041,331.411,335.246,4349.7713
2023-03-22 04:00:00+00:00,335.226,339.28,334.999,336.612,6205.6689
2023-03-22 08:00:00+00:00,336.703,337.939,323.701,324.225,8890.994
2023-03-22 12:00:00+00:00,324.2,330.862,322.001,327.961,9187.9047
2023-03-22 16:00:00+00:00,327.82,330.67,316.18,316.835,9503.7665
2023-03-22 20:00:00+00:00,316.862,322.979,316.18,321.219,3569.7254
2023-03-23 00:00:00+00:00,321.201,322.221,319.102,320.571,2051.5472
2023-03-23 04:00:00+00:00,320.626,324.197,319.68,323.914,2133.2209
2023-03-23 08:00:00+00:00,323.984,326.119,323.293,325.268,2356.1134
2023-03-23 12:00:00+00:00,325.268,331.364,321.547,330.506,7064.6456
2023-03-23 16:00:00+00:00,330.533,331.964,325.52,329.852,6724.3427
2023-03-23 20:00:00+00:00,329.675,329.88,327.809,329.336,2430.0309
2023-03-24 00:00:00+00:00,329.325,330.001,326.98,327.344,1638.0178
2023-03-24 04:00:00+00:00,327.419,327.645,324.739,324.829,2036.0736
2023-03-24 08:00:00+00:00,324.797,327.07,316.16,321.239,4955.6358
2023-03-24 12:00:00+00:00,321.429,324.278,319.417,320.874,6383.545
2023-03-24 16:00:00+00:00,320.866,322.348,316.861,322.135,4451.7143
2023-03-24 20:00:00+00:00,322.21,322.91,318.491,322.011,2875.8971
2023-03-25 00:00:00+00:00,322.019,324.758,321.478,323.793,2458.7369
2023-03-25 04:00:00+00:00,323.784,324.39,322.299,323.54,1792.5653
2023-03-25 08:00:00+00:00,323.536,324.339,322.324,324.025,1169.102
2023-03-25 12:00:00+00:00,323.993,324.896,322.76,324.067,4815.2933
2023-03-25 16:00:00+00:00,324.022,324.35,319.09,319.623,6369.7524
2023-03-25 20:00:00+00:00,319.598,322.859,319.29,322.469,1953.7392
2023-03-26 00:00:00+00:00,322.357,323.998,321.656,323.332,1017.8494
2023-03-26 04:00:00+00:00,323.36,324.279,323.207,324.015,970.839
2023-03-26 08:00:00+00:00,323.992,327.39,323.779,327.223,2289.5346
2023-03-26 12:00:00+00:00,327.278,328.425,325.38,326.864,2539.3412
2023-03-26 16:00:00+00:00,326.794,328.309,325.68,327.976,1920.5595
2023-03-26 20:00:00+00:00,327.852,329.359,326.208,328.535,3078.6372
2023-03-27 00:00:00+00:00,328.509,329.098,327.131,327.976,1058.5515
2023-03-27 04:00:00+00:00,327.979,328.479,325.705,326.056,1102.4791
2023-03-27 08:00:00+00:00,326.145,328.742,325.856,328.469,1837.381
2023-03-27 12:00:00+00:00,328.517,329.706,312.2,313.999,10575.9108
2023-03-27 16:00:00+00:00,313.999,315.602,306.11,306.204,10057.0965
2023-03-27 20:00:00+00:00,306.252,312.005,305.91,310.562,4642.941
2023-03-28 00:00:00+00:00,310.562,312.519,307.649,307.719,3557.1874
2023-03-28 04:00:00+00:00,307.753,311.779,306.923,309.058,2452.2084
2023-03-28 08:00:00+00:00,309.025,311.84,307.52,311.282,2656.7154
2023-03-28 12:00:00+00:00,311.362,312.612,308.871,311.367,3865.2367
2023-03-28 16:00:00+00:00,311.4,315.969,309.881,314.558,4348.9121
2023-03-28 20:00:00+00:00,314.684,314.847,311.711,313.259,1858.7202
2023-03-29 00:00:00+00:00,313.378,315.319,312.786,313.554,1647.9821
2023-03-29 04:00:00+00:00,313.545,316.997,312.47,316.442,4370.4525
2023-03-29 08:00:00+00:00,316.465,319.87,316.287,317.786,4885.386
2023-03-29 12:00:00+00:00,317.782,317.949,314.16,316.476,5722.6608
2023-03-29 16:00:00+00:00,316.474,316.586,315.081,316.185,2781.9287
2023-03-29 20:00:00+00:00,316.185,316.555,312.841,313.765,2006.8314
2023-03-30 00:00:00+00:00,313.765,318.36,309.191,313.18,5880.5332
2023-03-30 04:00:00+00:00,313.179,322.36,312.259,315.29,5452.281
2023-03-30 08:00:00+00:00,315.36,317.767,313.901,317.329,3903.0574
2023-03-30 12:00:00+00:00,317.329,317.819,315.087,315.904,3174.7048
2023-03-30 16:00:00+00:00,315.9,316.358,313.291,316.027,3992.5822
2023-03-30 20:00:00+00:00,316.147,317.359,315.424,316.293,2126.0446
2023-03-31 00:00:00+00:00,316.293,318.131,315.696,316.605,1354.4911
2023-03-31 04:00:00+00:00,316.553,316.753,313.05,313.848,2556.1633
2023-03-31 08:00:00+00:00,313.753,317.297,313.748,316.036,2419.4304
2023-03-31 12:00:00+00:00,316.037,319.8,314.792,316.474,4736.6622
2023-03-31 16:00:00+00:00,316.474,317.89,316.393,316.621,2257.4512
2023-03-31 20:00:00+00:00,316.604,317.819,315.419,317.038,2484.3141
2023-04-01 00:00:00+00:00,317.039,318.499,315.184,315.186,1518.5923
2023-04-01 04:00:00+00:00,315.18,316.359,313.926,314.32,2208.0977
2023-04-01 08:00:00+00:00,314.32,315.134,314.253,314.389,1186.4485
2023-04-01 12:00:00+00:00,314.389,314.842,313.571,313.719,1464.0058
2023-04-01 16:00:00+00:00,313.729,314.908,313.072,314.417,1539.1594
2023-04-01 20:00:00+00:00,314.418,315.61,314.308,314.775,2087.2197
2023-04-02 00:00:00+00:00,314.83,315.689,313.957,315.675,1285.5881
2023-04-02 04:00:00+00:00,315.675,316.114,315.301,315.334,748.9799
2023-04-02 08:00:00+00:00,315.382,315.465,314.48,314.809,1112.2527
2023-04-02 12:00:00+00:00,314.81,314.995,312.06,313.297,1825.177
2023-04-02 16:00:00+00:00,313.264,314.149,310.832,311.738,1650.7774
2023-04-02 20:00:00+00:00,311.677,313.865,311.38,313.847,1585.4731
2023-04-03 00:00:00+00:00,313.863,314.059,309.267,309.674,2596.1278
2023-04-03 04:00:00+00:00,309.696,311.062,308.948,311.062,1340.1795
2023-04-03 08:00:00+00:00,311.058,313.859,311.013,312.011,2927.9601
2023-04-03 12:00:00+00:00,312.011,312.859,309.121,310.579,2812.7092
2023-04-03 16:00:00+00:00,310.578,312.343,308.316,311.77,4531.8653
2023-04-03 20:00:00+00:00,311.793,311.838,299.6,308.713,14967.4106
2023-04-04 00:00:00+00:00,308.768,310.296,307.991,309.779,4812.8337
2023-04-04 04:00:00+00:00,309.737,311.15,309.148,309.717,2306.969
2023-04-04 08:00:00+00:00,309.747,311.809,309.716,310.96,4761.7046
2023-04-04 12:00:00+00:00,310.96,312.592,310.475,311.102,5798.6184
2023-04-04 16:00:00+00:00,311.079,311.405,310.451,311.355,1651.4639
2023-04-04 20:00:00+00:00,311.383,311.756,310.518,310.802,1806.1014
2023-04-05 00:00:00+00:00,310.817,314.943,310.2,314.523,3872.2465
2023-04-05 04:00:00+00:00,314.523,315.878,313.789,314.649,2159.9015
2023-04-05 08:00:00+00:00,314.648,315.735,313.896,315.674,1932.5394
2023-04-05 12:00:00+00:00,315.702,316.932,310.703,312.185,5632.4823
2023-04-05 16:00:00+00:00,312.191,313.986,311.162,313.719,2389.7829
2023-04-05 20:00:00+00:00,313.681,314.72,313.568,313.921,1577.1873
2023-04-06 00:00:00+00:00,313.936,315.275,311.3,314.078,1886.3107
2023-04-06 04:00:00+00:00,314.054,314.486,311.741,312.013,1651.6753
2023-04-06 08:00:00+00:00,311.935,312.808,310.578,312.064,1969.3898
2023-04-06 12:00:00+00:00,312.1,313.193,311.506,312.943,4375.5442
2023-04-06 16:00:00+00:00,312.934,313.512,312.224,312.632,1856.7499
2023-04-06 20:00:00+00:00,312.634,312.964,311.95,312.108,1730.3989
2023-04-07 00:00:00+00:00,312.161,312.737,310.99,311.853,1356.5002
2023-04-07 04:00:00+00:00,311.865,311.999,309.607,310.15,2554.8343
2023-04-07 08:00:00+00:00,310.107,310.741,309.6,310.407,2606.8539
2023-04-07 12:00:00+00:00,310.409,311.23,309.839,311.067,2545.3147
2023-04-07 16:00:00+00:00,311.056,311.797,310.423,310.749,1576.0686
2023-04-07 20:00:00+00:00,310.74,311.434,310.091,310.351,1468.1963
2023-04-08 00:00:00+00:00,310.375,311.951,310.12,311.647,1498.5008
2023-04-08 04:00:00+00:00,311.648,312.408,311.455,311.957,1129.1571
2023-04-08 08:00:00+00:00,311.957,312.335,311.534,311.747,3551.4355
2023-04-08 12:00:00+00:00,311.741,312.218,311.438,312.179,1139.3657
2023-04-08 16:00:00+00:00,312.179,312.665,310.24,310.755,2234.2649
2023-04-08 20:00:00+00:00,310.755,311.064,310.151,310.549,799.0528
2023-04-09 00:00:00+00:00,310.549,312.029,310.434,311.195,806.3667
2023-04-09 04:00:00+00:00,311.194,311.394,309.611,309.887,1722.365
2023-04-09 08:00:00+00:00,309.935,310.452,309.492,310.434,1144.1155
2023-04-09 12:00:00+00:00,310.434,310.948,309.934,310.432,1375.7916
2023-04-09 16:00:00+00:00,310.432,312.368,310.172,311.939,1775.36603153
2023-04-09 20:00:00+00:00,312.017,313.786,311.821,312.719,1725.0342
2023-04-10 00:00:00+00:00,312.702,312.897,311.896,312.797,1491.1942
2023-04-10 04:00:00+00:00,312.8,313.236,312.404,312.93,1638.1441
2023-04-10 08:00:00+00:00,312.93,313.271,312.538,312.627,1136.8436
2023-04-10 12:00:00+00:00,312.628,312.669,311.67,312.125,2398.0759
2023-04-10 16:00:00+00:00,312.125,315.156,311.931,313.868,2989.2824
2023-04-10 20:00:00+00:00,313.796,318.59,312.913,318.583,4734.3002
2023-04-11 00:00:00+00:00,318.581,328.097,317.89,327.56,10304.9025
2023-04-11 04:00:00+00:00,327.494,332.999,325.81,331.379,10023.9447
2023-04-11 08:00:00+00:00,331.329,331.61,329.051,329.401,4433.9934
2023-04-11 12:00:00+00:00,329.362,331.05,328.232,328.97,4067.4046
2023-04-11 16:00:00+00:00,328.985,329.131,324.345,324.93,4920.4987
2023-04-11 20:00:00+00:00,324.929,325.432,322.08,322.302,3062.548
2023-04-12 00:00:00+00:00,322.302,323.373,316.72,317.217,4973.0281
2023-04-12 04:00:00+00:00,317.218,319.67,317.08,319.041,2181.6838
2023-04-12 08:00:00+00:00,319.092,319.215,317.823,318.239,2267.7052
2023-04-12 12:00:00+00:00,318.24,321.675,317.69,319.272,5551.6633
2023-04-12 16:00:00+00:00,319.315,320.409,317.934,318.717,3279.7636
2023-04-12 20:00:00+00:00,318.751,320.555,318.726,319.804,1739.8072
2023-04-13 00:00:00+00:00,319.877,320.256,318.69,319.808,1678.0052
2023-04-13 04:00:00+00:00,319.807,320.118,317.74,319.273,2064.9653
2023-04-13 08:00:00+00:00,319.3,324.75,319.3,323.7,4442.094
2023-04-13 12:00:00+00:00,323.702,324.725,321.899,323.524,4345.3995
2023-04-13 16:00:00+00:00,323.524,324.649,323.067,324.538,3567.8009
2023-04-13 20:00:00+00:00,324.529,324.807,323.584,324.648,1710.1568
2023-04-14 00:00:00+00:00,324.667,332.276,324.113,331.2,9444.5023
2023-04-14 04:00:00+00:00,331.21,335.398,331.21,333.829,6498.3564
2023-04-14 08:00:00+00:00,333.88,334.364,332.149,333.394,4416.8269
2023-04-14 12:00:00+00:00,333.394,334.34,325.11,325.877,6829.4663
2023-04-14 16:00:00+00:00,325.836,329.039,323.221,329.039,3626.05553767
2023-04-14 20:00:00+00:00,329.039,330.493,328.066,328.778,4216.8182
2023-04-15 00:00:00+00:00,328.779,329.65,326.951,328.864,3765.5546
2023-04-15 04:00:00+00:00,328.864,330.848,328.241,330.623,2788.1592
2023-04-15 08:00:00+00:00,330.624,334.703,330.3,333.463,5598.6682
2023-04-15 12:00:00+00:00,333.487,335.959,331.171,334.109,6830.3476
2023-04-15 16:00:00+00:00,334.108,334.23,331.25,332.428,3615.2075
2023-04-15 20:00:00+00:00,332.429,334.56,331.768,332.955,2506.8616
2023-04-16 00:00:00+00:00,332.955,333.878,330.13,332.152,2827.931
2023-04-16 04:00:00+00:00,332.153,334.198,332.018,333.804,1356.0401
2023-04-16 08:00:00+00:00,333.805,336.0,332.67,334.518,4396.75879534
2023-04-16 12:00:00+00:00,334.518,347.88,334.518,346.0,20918.9829
2023-04-16 16:00:00+00:00,345.948,350.484,345.37,347.575,11323.2149
2023-04-16 20:00:00+00:00,347.593,349.78,346.188,347.715,3949.205
2023-04-17 00:00:00+00:00,347.602,350.198,342.229,348.727,9255.1208
2023-04-17 04:00:00+00:00,348.728,348.901,343.7,344.75,5472.2801
2023-04-17 08:00:00+00:00,344.763,345.719,339.21,342.042,13209.96772873
2023-04-17 12:00:00+00:00,342.0,342.92,337.484,338.919,6103.711
2023-04-17 16:00:00+00:00,338.862,342.758,338.212,341.856,4993.4728
2023-04-17 20:00:00+00:00,341.857,342.496,339.472,339.964,2538.5735
2023-04-18 00:00:00+00:00,339.964,340.69,337.041,339.854,3722.7674
2023-04-18 04:00:00+00:00,339.908,345.66,339.504,344.359,5176.8894
2023-04-18 08:00:00+00:00,344.36,346.379,342.951,345.967,3828.9943
2023-04-18 12:00:00+00:00,345.968,346.455,341.421,342.508,5635.4657
2023-04-18 16:00:00+00:00,342.508,343.0,340.284,341.256,5220.0613
2023-04-18 20:00:00+00:00,341.27,343.385,340.705,342.958,2674.1805
2023-04-19 00:00:00+00:00,343.052,343.641,341.012,341.488,1976.4542
2023-04-19 04:00:00+00:00,341.489,341.489,335.191,336.882,5086.8553
2023-04-19 08:00:00+00:00,336.833,336.833,324.92,326.8,14121.10144154
2023-04-19 12:00:00+00:00,326.814,329.99,325.451,326.603,5058.6647
2023-04-19 16:00:00+00:00,326.659,328.156,324.587,325.11,4227.2311
2023-04-19 20:00:00+00:00,325.161,325.948,320.002,322.516,6319.9183
2023-04-20 00:00:00+00:00,322.37,325.86,321.026,324.154,2900.637
2023-04-20 04:00:00+00:00,324.16,326.429,324.139,324.754,1961.4896
2023-04-20 08:00:00+00:00,324.685,326.454,323.331,323.348,2167.6853
2023-04-20 12:00:00+00:00,323.352,326.739,322.626,322.935,3126.9675
2023-04-20 16:00:00+00:00,322.817,323.097,315.301,316.952,7255.3185
2023-04-20 20:00:00+00:00,316.953,319.37,316.003,318.075,2310.0535
2023-04-21 00:00:00+00:00,318.076,319.789,317.36,319.651,2557.7004
2023-04-21 04:00:00+00:00,319.716,332.807,315.499,329.72,9900.6836
2023-04-21 08:00:00+00:00,329.654,332.109,325.29,326.79,11407.3968
2023-04-21 12:00:00+00:00,326.79,328.84,325.161,327.571,4393.1257
2023-04-21 16:00:00+00:00,327.571,327.783,317.621,318.166,9002.8716
2023-04-21 20:00:00+00:00,318.082,322.62,316.75,321.282,4890.8297
2023-04-22 00:00:00+00:00,321.226,322.57,319.73,322.512,4147.1626
2023-04-22 04:00:00+00:00,322.529,323.885,321.886,322.202,2380.4034
2023-04-22 08:00:00+00:00,322.202,326.019,322.172,325.834,4188.5813
2023-04-22 12:00:00+00:00,325.852,330.1,325.852,327.796,5162.2855
2023-04-22 16:00:00+00:00,327.922,331.301,327.834,329.495,4180.9414
2023-04-22 20:00:00+00:00,329.62,333.46,329.62,332.068,2953.5353
2023-04-23 00:00:00+00:00,332.092,332.298,328.939,330.491,2868.9352
2023-04-23 04:00:00+00:00,330.492,331.321,329.23,330.649,1284.5668
2023-04-23 08:00:00+00:00,330.649,331.659,329.77,331.055,1857.6945
2023-04-23 12:00:00+00:00,331.094,332.03,327.334,328.681,3631.6545
2023-04-23 16:00:00+00:00,328.627,330.679,327.4,328.481,2005.6301
2023-04-23 20:00:00+00:00,328.351,330.72,327.435,330.578,1465.9029
2023-04-24 00:00:00+00:00,330.604,333.617,329.4,331.882,1876.0679
2023-04-24 04:00:00+00:00,331.935,332.659,328.2,329.274,1989.1772
2023-04-24 08:00:00+00:00,329.274,331.2,327.851,331.129,2870.1214
2023-04-24 12:00:00+00:00,331.21,333.748,329.5,329.621,3309.06327915
2023-04-24 16:00:00+00:00,329.707,331.98,327.245,331.828,2930.9778
2023-04-24 20:00:00+00:00,331.82,332.42,330.939,331.19,1859.1934
2023-04-25 00:00:00+00:00,331.257,332.3,330.129,330.701,2036.512
2023-04-25 04:00:00+00:00,330.701,331.969,328.66,329.072,1544.3519
2023-04-25 08:00:00+00:00,329.072,331.199,328.652,330.738,2405.3035
2023-04-25 12:00:00+00:00,330.781,332.669,328.65,332.51,2445.5971
2023-04-25 16:00:00+00:00,332.511,333.66,331.528,332.851,3216.5853
2023-04-25 20:00:00+00:00,332.874,340.0,332.839,338.256,3552.4414
2023-04-26 00:00:00+00:00,338.293,339.71,337.34,338.342,2007.3837
2023-04-26 04:00:00+00:00,338.342,339.547,335.981,336.493,1968.8232
2023-04-26 08:00:00+00:00,336.489,339.569,336.481,338.139,3449.6947
2023-04-26 12:00:00+00:00,338.099,345.0,338.043,342.214,5819.9079
2023-04-26 16:00:00+00:00,342.206,342.839,327.864,328.115,4937.7292
2023-04-26 20:00:00+00:00,328.05,331.52,323.049,330.479,5511.0356
2023-04-27 00:00:00+00:00,330.519,336.654,329.849,331.934,3841.5802
2023-04-27 04:00:00+00:00,331.934,334.621,329.98,330.887,2438.5745
2023-04-27 08:00:00+00:00,330.802,331.689,330.0,330.173,2088.4452
2023-04-27 12:00:00+00:00,330.161,333.63,328.28,331.774,3608.6812
2023-04-27 16:00:00+00:00,331.757,336.063,331.031,334.853,4922.9334
2023-04-27 20:00:00+00:00,334.933,335.679,330.67,330.801,2231.7143
2023-04-28 00:00:00+00:00,330.863,330.999,325.8,327.0,5055.624
2023-04-28 04:00:00+00:00,327.061,327.971,324.036,325.74,3849.2818
2023-04-28 08:00:00+00:00,325.775,326.63,318.684,322.055,9237.4452
2023-04-28 12:00:00+00:00,322.095,324.726,320.062,321.355,6821.2254
2023-04-28 16:00:00+00:00,321.373,323.887,321.311,323.334,5332.5713
2023-04-28 20:00:00+00:00,323.334,324.881,323.334,324.014,2402.1484
2023-04-29 00:00:00+00:00,324.014,324.33,321.7,324.076,2741.504
2023-04-29 04:00:00+00:00,324.028,324.75,322.351,323.38,2088.7329
2023-04-29 08:00:00+00:00,323.379,323.727,322.032,322.584,2247.7952
2023-04-29 12:00:00+00:00,322.605,323.89,322.134,322.767,1964.5461
2023-04-29 16:00:00+00:00,322.766,323.441,321.011,322.77,2503.7801
2023-04-29 20:00:00+00:00,322.789,322.789,321.47,321.817,1748.6337
2023-04-30 00:00:00+00:00,321.85,321.85,320.494,320.725,1263.4656
2023-04-30 04:00:00+00:00,320.724,322.5,320.511,321.552,1578.1585
2023-04-30 08:00:00+00:00,321.552,322.68,321.552,321.705,1663.9683
2023-04-30 12:00:00+00:00,321.661,325.44,321.329,324.082,2713.11979906
2023-04-30 16:00:00+00:00,324.081,336.549,324.081,335.841,14866.3143
2023-04-30 20:00:00+00:00,335.844,338.086,332.68,337.225,6737.4565
2023-05-01 00:00:00+00:00,337.392,339.33,332.57,334.331,7271.1698
2023-05-01 04:00:00+00:00,334.29,336.39,331.39,333.819,4824.9687
2023-05-01 08:00:00+00:00,333.797,335.899,333.393,334.888,3025.0785
2023-05-01 12:00:00+00:00,334.888,336.0,329.917,330.461,4663.7697
2023-05-01 16:00:00+00:00,330.443,331.36,326.0,326.698,4806.8611
2023-05-01 20:00:00+00:00,326.576,329.2,326.28,328.313,3613.9359
2023-05-02 00:00:00+00:00,328.346,328.426,325.219,325.733,2878.9223
2023-05-02 04:00:00+00:00,325.732,325.775,323.01,323.751,2239.7066
2023-05-02 08:00:00+00:00,323.752,325.098,323.454,324.782,1984.512
2023-05-02 12:00:00+00:00,324.801,325.79,322.075,324.844,4425.1119
2023-05-02 16:00:00+00:00,324.768,326.345,323.923,325.394,3619.047
2023-05-02 20:00:00+00:00,325.446,325.578,321.433,321.485,3543.9245
2023-05-03 00:00:00+00:00,321.485,324.974,321.431,324.314,4718.1625
2023-05-03 04:00:00+00:00,324.266,324.388,322.4,323.114,2544.4068
2023-05-03 08:00:00+00:00,323.108,323.944,321.81,322.011,3082.3017
2023-05-03 12:00:00+00:00,321.984,323.301,320.401,322.897,5670.4092
2023-05-03 16:00:00+00:00,322.898,325.419,321.879,323.299,4953.8487
2023-05-03 20:00:00+00:00,323.303,327.513,322.8,325.858,3987.9265
2023-05-04 00:00:00+00:00,325.893,327.434,325.001,326.253,2356.3998
2023-05-04 04:00:00+00:00,326.209,326.946,325.421,325.454,1576.9286
2023-05-04 08:00:00+00:00,325.422,327.415,325.301,325.922,2162.9905
2023-05-04 12:00:00+00:00,325.926,326.632,324.109,324.63,3558.9531
2023-05-04 16:00:00+00:00,324.627,325.469,323.41,324.225,2071.6842
2023-05-04 20:00:00+00:00,324.212,324.56,323.26,323.857,1390.9094
2023-05-05 00:00:00+00:00,323.862,326.586,323.732,325.111,1949.6829
2023-05-05 04:00:00+00:00,325.126,326.113,324.301,324.395,1577.9244
2023-05-05 08:00:00+00:00,324.4,325.68,324.22,325.507,1735.7669
2023-05-05 12:00:00+00:00,325.542,327.256,323.0,326.874,4648.7523
2023-05-05 16:00:00+00:00,326.874,328.909,326.651,327.928,4496.2385
2023-05-05 20:00:00+00:00,327.957,328.01,324.462,326.54,3473.4153
2023-05-06 00:00:00+00:00,326.544,328.394,325.06,325.602,1920.4386
2023-05-06 04:00:00+00:00,325.564,326.105,324.515,324.995,1826.8736
2023-05-06 08:00:00+00:00,324.988,325.17,323.38,325.136,3577.116
2023-05-06 12:00:00+00:00,325.136,325.171,319.182,320.454,3895.1661
2023-05-06 16:00:00+00:00,320.405,323.81,319.989,323.163,2589.1137
2023-05-06 20:00:00+00:00,323.123,323.586,321.72,321.934,1448.5193
2023-05-07 00:00:00+00:00,321.934,323.72,321.443,322.701,1824.744
2023-05-07 04:00:00+00:00,322.702,323.969,322.688,323.833,1784.2543
2023-05-07 08:00:00+00:00,323.891,324.27,322.895,323.37,2147.9675
2023-05-07 12:00:00+00:00,323.371,325.44,323.371,324.463,2698.7936
2023-05-07 16:00:00+00:00,324.464,324.765,322.861,323.646,3155.3398
2023-05-07 20:00:00+00:00,323.66,324.086,320.567,320.948,2714.8734
2023-05-08 00:00:00+00:00,320.992,322.136,316.26,318.458,3732.2803
2023-05-08 04:00:00+00:00,318.459,318.699,315.47,316.542,2172.6081
2023-05-08 08:00:00+00:00,316.537,317.939,314.26,317.725,3032.2018
2023-05-08 12:00:00+00:00,317.726,318.053,315.835,317.937,3061.609
2023-05-08 16:00:00+00:00,317.937,318.311,311.127,311.818,4078.1721
2023-05-08 20:00:00+00:00,311.669,313.758,311.285,313.734,2329.2892
2023-05-09 00:00:00+00:00,313.734,315.313,313.208,314.065,2178.5288
2023-05-09 04:00:00+00:00,314.066,315.479,312.682,315.456,1465.0003
2023-05-09 08:00:00+00:00,315.459,315.701,313.549,314.613,2903.4573
2023-05-09 12:00:00+00:00,314.613,315.162,312.211,312.398,2082.5407
2023-05-09 16:00:00+00:00,312.366,314.667,311.67,312.797,3352.733
2023-05-09 20:00:00+00:00,312.796,313.303,311.341,312.164,1695.3831
2023-05-10 00:00:00+00:00,312.168,313.869,312.111,312.513,1544.2988
2023-05-10 04:00:00+00:00,312.529,313.647,311.38,311.655,2784.6846
2023-05-10 08:00:00+00:00,311.678,311.93,310.509,311.677,2698.9865
2023-05-10 12:00:00+00:00,311.725,316.593,311.101,314.859,3993.9711
2023-05-10 16:00:00+00:00,314.886,315.788,308.0,314.556,6506.4282
2023-05-10 20:00:00+00:00,314.449,316.674,313.26,314.282,2697.4535
2023-05-11 00:00:00+00:00,314.283,314.403,312.14,312.184,1831.0187
2023-05-11 04:00:00+00:00,312.151,312.483,310.75,310.998,1549.5643
2023-05-11 08:00:00+00:00,310.998,312.458,309.43,312.004,2191.424
2023-05-11 12:00:00+00:00,312.073,313.63,308.102,309.349,4537.4499
2023-05-11 16:00:00+00:00,309.371,310.03,303.997,306.073,4901.9136
2023-05-11 20:00:00+00:00,306.084,308.121,305.644,307.398,2035.2453
2023-05-12 00:00:00+00:00,307.398,309.019,304.0,304.405,2042.8082
2023-05-12 04:00:00+00:00,304.384,306.45,301.151,303.862,3169.2906
2023-05-12 08:00:00+00:00,303.862,305.969,303.175,305.289,2088.9408
2023-05-12 12:00:00+00:00,305.311,306.949,304.772,305.297,2468.3466
2023-05-12 16:00:00+00:00,305.297,306.475,301.52,306.351,2622.5206
2023-05-12 20:00:00+00:00,306.282,308.692,305.193,308.541,2500.5503
2023-05-13 00:00:00+00:00,308.554,310.328,307.497,309.805,1736.1428
2023-05-13 04:00:00+00:00,309.805,310.459,309.43,310.164,816.0042
2023-05-13 08:00:00+00:00,310.141,310.73,309.609,310.643,1404.1282
2023-05-13 12:00:00+00:00,310.695,311.179,308.506,309.751,1698.7449
2023-05-13 16:00:00+00:00,309.752,310.74,308.999,309.878,1540.9261
2023-05-13 20:00:00+00:00,309.847,311.827,309.847,310.807,1353.9094
2023-05-14 00:00:00+00:00,310.705,311.48,309.57,311.308,1048.2429
2023-05-14 04:00:00+00:00,311.308,313.223,311.26,312.857,1395.2753
2023-05-14 08:00:00+00:00,312.937,313.022,311.65,311.861,928.7673
2023-05-14 12:00:00+00:00,311.88,314.758,311.64,313.778,2242.7857
2023-05-14 16:00:00+00:00,313.818,314.378,310.871,311.142,2208.7583
2023-05-14 20:00:00+00:00,311.135,312.091,310.8,312.091,1057.74
2023-05-15 00:00:00+00:00,312.024,314.765,310.56,313.968,1608.6354
2023-05-15 04:00:00+00:00,313.944,315.853,313.558,315.527,1493.094
2023-05-15 08:00:00+00:00,315.592,316.01,314.931,314.938,1234.9527
2023-05-15 12:00:00+00:00,314.944,316.027,313.71,315.052,2257.9568
2023-05-15 16:00:00+00:00,315.032,316.28,313.161,313.846,1879.2186
2023-05-15 20:00:00+00:00,313.869,314.304,313.267,313.498,923.7302
2023-05-16 00:00:00+00:00,313.395,313.963,310.794,312.656,1169.4138
2023-05-16 04:00:00+00:00,312.683,313.218,311.697,313.059,1095.7013
2023-05-16 08:00:00+00:00,313.01,313.452,310.474,310.532,2072.12689546
2023-05-16 12:00:00+00:00,310.566,310.928,309.386,310.802,1696.7109
2023-05-16 16:00:00+00:00,310.802,311.536,309.98,310.153,1971.2023
2023-05-16 20:00:00+00:00,310.148,311.87,309.879,311.287,1238.7689
2023-05-17 00:00:00+00:00,311.385,312.958,310.889,312.2,1067.4018
2023-05-17 04:00:00+00:00,312.199,312.625,309.031,309.612,1011.7935
2023-05-17 08:00:00+00:00,309.598,310.049,307.719,308.067,1934.5922
2023-05-17 12:00:00+00:00,308.032,309.386,307.0,308.909,1543.8481
2023-05-17 16:00:00+00:00,308.926,314.18,308.465,313.692,2366.9264
2023-05-17 20:00:00+00:00,313.733,314.436,312.967,314.278,2325.6786
2023-05-18 00:00:00+00:00,314.292,314.74,313.347,314.522,781.4552
2023-05-18 04:00:00+00:00,314.517,314.595,312.105,313.139,1062.9946
2023-05-18 08:00:00+00:00,313.073,314.949,312.677,314.083,2413.8926
2023-05-18 12:00:00+00:00,314.083,314.213,311.066,311.293,2045.6548
2023-05-18 16:00:00+00:00,311.293,311.481,306.065,308.01,2393.7812
2023-05-18 20:00:00+00:00,307.826,310.652,307.606,309.265,1268.7494
2023-05-19 00:00:00+00:00,309.266,309.354,307.55,309.27,1332.9657
2023-05-19 04:00:00+00:00,309.298,310.39,308.695,309.875,800.5433
2023-05-19 08:00:00+00:00,309.832,310.379,308.822,309.061,1548.729
2023-05-19 12:00:00+00:00,309.073,311.496,308.408,309.689,2079.1925
2023-05-19 16:00:00+00:00,309.689,309.963,307.933,308.198,1635.1422
2023-05-19 20:00:00+00:00,308.145,309.053,307.84,308.871,1087.9011
2023-05-20 00:00:00+00:00,308.871,308.954,307.857,308.552,1154.939
2023-05-20 04:00:00+00:00,308.562,308.608,307.849,308.134,680.6861
2023-05-20 08:00:00+00:00,308.134,309.42,308.134,309.197,975.8399
2023-05-20 12:00:00+00:00,309.197,310.193,309.033,310.092,1432.6408
2023-05-20 16:00:00+00:00,310.1,312.036,309.863,311.067,1328.4436
2023-05-20 20:00:00+00:00,311.061,311.382,310.0,310.638,911.8449
2023-05-21 00:00:00+00:00,310.691,311.561,309.966,310.503,1131.2652
2023-05-21 04:00:00+00:00,310.503,311.455,310.184,311.367,608.1912
2023-05-21 08:00:00+00:00,311.367,311.568,309.2,309.267,1306.9097
2023-05-21 12:00:00+00:00,309.272,310.257,308.728,309.232,1376.1483
2023-05-21 16:00:00+00:00,309.295,309.588,308.3,308.58,2145.03
2023-05-21 20:00:00+00:00,308.6,308.725,305.556,306.42,1638.8993
2023-05-22 00:00:00+00:00,306.361,307.116,304.348,305.72,1542.1843
2023-05-22 04:00:00+00:00,305.713,307.63,305.658,307.425,1302.5454
2023-05-22 08:00:00+00:00,307.453,309.17,307.34,308.765,1288.7871
2023-05-22 12:00:00+00:00,308.764,311.23,308.045,309.454,2287.6931
2023-05-22 16:00:00+00:00,309.454,311.117,309.454,310.094,2192.1988
2023-05-22 20:00:00+00:00,310.121,310.593,309.036,309.106,2418.042
2023-05-23 00:00:00+00:00,309.222,315.166,309.108,314.582,2027.4576
2023-05-23 04:00:00+00:00,314.867,315.23,312.532,313.502,1320.7861
2023-05-23 08:00:00+00:00,313.466,314.08,312.887,313.806,1594.2389
2023-05-23 12:00:00+00:00,313.82,314.748,312.68,314.458,2179.5591
2023-05-23 16:00:00+00:00,314.473,314.697,312.157,312.694,2184.13493451
2023-05-23 20:00:00+00:00,312.683,313.734,312.583,313.387,1911.0345
2023-05-24 00:00:00+00:00,313.388,313.695,308.0,308.88,1954.568
2023-05-24 04:00:00+00:00,308.805,309.2,307.446,307.688,1475.6387
2023-05-24 08:00:00+00:00,307.712,309.098,307.665,308.747,1848.7381
2023-05-24 12:00:00+00:00,308.772,309.104,303.712,306.097,3446.4576
2023-05-24 16:00:00+00:00,306.137,306.138,304.894,305.428,1494.0073
2023-05-24 20:00:00+00:00,305.423,306.57,305.105,305.932,935.7121
2023-05-25 00:00:00+00:00,305.961,306.322,302.252,304.403,2006.9885
2023-05-25 04:00:00+00:00,304.364,306.386,303.905,304.556,1702.4626
2023-05-25 08:00:00+00:00,304.556,305.826,304.39,305.632,1256.0904
2023-05-25 12:00:00+00:00,305.75,306.859,303.401,303.956,2114.3919
2023-05-25 16:00:00+00:00,303.956,305.72,303.361,305.039,1639.2533
2023-05-25 20:00:00+00:00,305.038,305.56,304.128,304.578,1321.0499
2023-05-26 00:00:00+00:00,304.576,304.773,302.211,303.299,1671.2344
2023-05-26 04:00:00+00:00,303.298,307.069,301.48,305.654,4261.4492
2023-05-26 08:00:00+00:00,305.732,307.136,305.091,306.45,2318.1548
2023-05-26 12:00:00+00:00,306.45,308.465,305.46,307.539,2978.9217
2023-05-26 16:00:00+00:00,307.541,307.58,305.604,306.969,1672.7832
2023-05-26 20:00:00+00:00,307.014,307.579,306.73,306.868,1287.4137
2023-05-27 00:00:00+00:00,306.872,307.431,306.261,307.079,792.0302
2023-05-27 04:00:00+00:00,307.102,307.523,306.175,306.274,1084.4542
2023-05-27 08:00:00+00:00,306.183,306.269,305.001,305.165,1239.7824
2023-05-27 12:00:00+00:00,305.157,305.492,303.957,304.882,1340.8006
2023-05-27 16:00:00+00:00,304.882,305.206,304.162,305.165,1571.9209
2023-05-27 20:00:00+00:00,305.164,307.73,305.164,307.443,1195.0183
2023-05-28 00:00:00+00:00,307.492,309.592,306.765,308.769,2066.83263029
2023-05-28 04:00:00+00:00,308.769,309.151,307.67,307.982,932.2392
2023-05-28 08:00:00+00:00,308.107,308.557,307.1,307.7,1160.5068
2023-05-28 12:00:00+00:00,307.699,308.224,307.215,308.12,1875.7064
2023-05-28 16:00:00+00:00,308.121,310.087,307.788,309.223,2201.8471
2023-05-28 20:00:00+00:00,309.275,314.7,308.951,314.212,2647.10195876
2023-05-29 00:00:00+00:00,314.329,316.299,314.329,314.821,3079.9883
2023-05-29 04:00:00+00:00,314.821,315.87,313.608,314.462,1725.2609
2023-05-29 08:00:00+00:00,314.461,317.397,313.27,315.246,2729.9652
2023-05-29 12:00:00+00:00,315.13,316.904,313.03,313.104,3652.7629
2023-05-29 16:00:00+00:00,313.069,313.572,311.508,311.528,3967.8583
2023-05-29 20:00:00+00:00,311.582,312.209,310.003,311.676,2469.3207
2023-05-30 00:00:00+00:00,311.675,313.182,310.867,312.558,1744.1188
2023-05-30 04:00:00+00:00,312.612,313.033,311.4,312.007,1257.2864
2023-05-30 08:00:00+00:00,311.997,314.2,311.697,313.773,3548.9965
2023-05-30 12:00:00+00:00,313.76,313.79,311.007,311.69,3131.0475
2023-05-30 16:00:00+00:00,311.686,313.079,310.646,312.789,2780.6715
2023-05-30 20:00:00+00:00,312.695,313.072,311.345,311.366,1908.8996
2023-05-31 00:00:00+00:00,311.341,311.8,310.04,310.567,2289.2044
2023-05-31 04:00:00+00:00,310.568,310.599,305.46,306.88,5437.7207
2023-05-31 08:00:00+00:00,306.877,307.558,306.451,306.66,2800.3499
2023-05-31 12:00:00+00:00,306.696,307.476,305.02,305.394,2953.1191
2023-05-31 16:00:00+00:00,305.385,306.598,305.187,305.715,1797.7793
2023-05-31 20:00:00+00:00,305.744,307.06,305.23,306.75,1164.4985
2023-06-01 00:00:00+00:00,306.75,307.745,303.04,304.738,2236.0182
2023-06-01 04:00:00+00:00,304.737,304.83,303.433,304.035,1023.9361
2023-06-01 08:00:00+00:00,304.035,305.09,303.624,304.719,1615.0712
2023-06-01 12:00:00+00:00,304.682,305.167,304.203,304.799,1306.1497
2023-06-01 16:00:00+00:00,304.917,306.475,303.564,304.748,2177.9559
2023-06-01 20:00:00+00:00,304.748,305.849,304.232,304.925,1279.4946
2023-06-02 00:00:00+00:00,304.904,307.0,303.32,306.71,1710.8929
2023-06-02 04:00:00+00:00,306.71,308.47,306.589,307.011,2054.1333
2023-06-02 08:00:00+00:00,307.019,307.923,306.901,307.271,1829.0863
2023-06-02 12:00:00+00:00,307.272,307.377,304.76,306.152,4011.5195
2023-06-02 16:00:00+00:00,306.152,308.492,305.896,308.017,2294.7703
2023-06-02 20:00:00+00:00,308.015,308.249,306.793,307.236,1877.738
2023-06-03 00:00:00+00:00,307.236,307.317,305.793,306.239,1102.295
2023-06-03 04:00:00+00:00,306.241,306.688,304.261,305.966,1365.0324
2023-06-03 08:00:00+00:00,305.966,306.529,305.515,306.302,1149.0303
2023-06-03 12:00:00+00:00,306.303,307.92,306.271,307.919,1682.4669
2023-06-03 16:00:00+00:00,307.92,308.189,305.713,306.15,1903.953
2023-06-03 20:00:00+00:00,306.096,306.652,305.47,306.651,1118.9273
2023-06-04 00:00:00+00:00,306.65,306.753,305.601,305.92,1355.1537
2023-06-04 04:00:00+00:00,305.954,306.835,305.556,306.764,1254.2738
2023-06-04 08:00:00+00:00,306.764,307.569,306.677,306.784,1512.093
2023-06-04 12:00:00+00:00,306.784,307.57,306.567,306.568,2325.0157
2023-06-04 16:00:00+00:00,306.567,306.568,305.718,306.19,1754.2893
2023-06-04 20:00:00+00:00,306.189,307.639,304.561,305.165,2478.81
2023-06-05 00:00:00+00:00,305.08,305.08,300.591,301.152,4106.9851
2023-06-05 04:00:00+00:00,301.152,301.28,298.77,300.89,3453.7381031
2023-06-05 08:00:00+00:00,300.86,301.12,300.151,300.753,2355.1103
2023-06-05 12:00:00+00:00,300.752,300.753,276.4,276.4,16734.85726888
2023-06-05 16:00:00+00:00,276.674,282.876,273.02,276.549,22164.1578
2023-06-05 20:00:00+00:00,276.548,277.178,272.06,276.941,6781.8227
2023-06-06 00:00:00+00:00,276.967,279.399,273.608,276.214,6367.9412
2023-06-06 04:00:00+00:00,276.197,277.998,275.924,277.438,4112.3331
2023-06-06 08:00:00+00:00,277.426,279.898,276.672,277.954,3961.4456
2023-06-06 12:00:00+00:00,277.954,280.774,273.222,278.931,13082.2617
2023-06-06 16:00:00+00:00,278.985,285.76,278.754,285.238,8701.56149767
2023-06-06 20:00:00+00:00,285.237,285.514,279.34,281.129,11330.926
2023-06-07 00:00:00+00:00,281.128,281.835,277.613,278.891,5916.0731
2023-06-07 04:00:00+00:00,279.04,279.228,276.628,276.816,3132.35321288
2023-06-07 08:00:00+00:00,276.816,277.565,268.318,274.578,10022.6461
2023-06-07 12:00:00+00:00,274.578,274.778,253.612,258.828,23518.9239
2023-06-07 16:00:00+00:00,258.805,264.002,255.26,260.941,12225.8403
2023-06-07 20:00:00+00:00,260.928,261.162,257.3,259.228,7319.6997
2023-06-08 00:00:00+00:00,259.225,262.779,257.07,258.739,6288.7003
2023-06-08 04:00:00+00:00,258.74,262.344,258.448,260.752,4653.1582
2023-06-08 08:00:00+00:00,260.752,266.92,260.312,264.893,7836.4591
2023-06-08 12:00:00+00:00,264.899,267.566,263.497,265.193,9710.9013
2023-06-08 16:00:00+00:00,265.193,265.394,261.3,264.285,6144.7228
2023-06-08 20:00:00+00:00,264.285,265.17,261.567,261.966,3612.8588
2023-06-09 00:00:00+00:00,261.968,262.927,257.526,260.172,7336.3869
2023-06-09 04:00:00+00:00,260.164,261.229,255.559,258.28,4718.6727
2023-06-09 08:00:00+00:00,258.192,261.419,257.498,260.67,5459.1802
2023-06-09 12:00:00+00:00,260.694,264.564,260.646,261.172,7293.6833
2023-06-09 16:00:00+00:00,261.089,262.763,259.114,259.114,5198.9915
2023-06-09 20:00:00+00:00,259.11,262.279,259.047,260.664,3473.17
2023-06-10 00:00:00+00:00,260.664,260.761,249.005,249.857,13534.15979651
2023-06-10 04:00:00+00:00,249.793,249.817,225.32,234.864,22860.1018
2023-06-10 08:00:00+00:00,234.892,239.7,234.727,238.889,6336.4988
2023-06-10 12:00:00+00:00,238.888,238.888,234.825,235.324,4749.3923
2023-06-10 16:00:00+00:00,235.325,242.106,233.284,238.597,9343.7177
2023-06-10 20:00:00+00:00,238.713,240.379,236.73,238.806,3387.1114
2023-06-11 00:00:00+00:00,238.806,239.223,236.177,236.554,4700.1476
2023-06-11 04:00:00+00:00,236.578,237.37,234.461,236.726,3483.6304
2023-06-11 08:00:00+00:00,236.764,237.519,234.878,236.605,4408.0688
2023-06-11 12:00:00+00:00,236.502,236.746,233.34,234.904,3873.3712
2023-06-11 16:00:00+00:00,234.92,238.368,234.702,237.118,3755.1836
2023-06-11 20:00:00+00:00,237.119,238.484,233.799,235.323,6366.0253
2023-06-12 00:00:00+00:00,235.331,235.729,222.68,226.392,14465.3261
2023-06-12 04:00:00+00:00,226.293,229.395,222.596,223.974,10842.3784
2023-06-12 08:00:00+00:00,224.001,239.39,220.385,233.471,23367.7728
2023-06-12 12:00:00+00:00,233.524,233.758,229.288,231.004,10457.3168
2023-06-12 16:00:00+00:00,231.059,234.434,227.35,228.309,14481.2566
2023-06-12 20:00:00+00:00,228.3,233.0,228.2,231.263,7290.9865
2023-06-13 00:00:00+00:00,231.263,235.83,228.625,233.503,12731.8736
2023-06-13 04:00:00+00:00,233.478,235.889,231.804,235.29,4628.9495
2023-06-13 08:00:00+00:00,235.255,247.72,234.536,243.337,14194.8752
2023-06-13 12:00:00+00:00,243.375,246.845,234.521,234.812,17354.179
2023-06-13 16:00:00+00:00,234.895,239.605,234.298,237.866,7639.413
2023-06-13 20:00:00+00:00,237.767,244.23,236.821,244.11,12707.6013
2023-06-14 00:00:00+00:00,244.062,251.967,243.486,250.655,11263.5428
2023-06-14 04:00:00+00:00,250.692,252.829,245.515,246.757,9755.612
2023-06-14 08:00:00+00:00,246.841,249.936,246.378,248.412,3193.6335
2023-06-14 12:00:00+00:00,248.41,249.624,244.59,246.127,7072.9592
2023-06-14 16:00:00+00:00,246.125,248.08,243.5,244.321,9824.2444
2023-06-14 20:00:00+00:00,244.238,244.439,232.681,237.926,9038.18080056
2023-06-15 00:00:00+00:00,237.928,240.75,237.04,237.569,8125.5153832
2023-06-15 04:00:00+00:00,237.571,237.626,234.494,236.471,6479.8934
2023-06-15 08:00:00+00:00,236.472,237.882,230.511,234.125,11745.9535
2023-06-15 12:00:00+00:00,234.209,235.09,231.544,232.554,9083.4811
2023-06-15 16:00:00+00:00,232.632,237.749,231.281,236.663,12461.83699544
2023-06-15 20:00:00+00:00,236.67,238.93,234.419,236.384,9590.4291
2023-06-16 00:00:00+00:00,236.409,238.541,234.891,238.009,5126.92797429
2023-06-16 04:00:00+00:00,237.994,239.71,237.566,239.399,5330.4723
2023-06-16 08:00:00+00:00,239.4,240.77,232.21,233.949,6370.0538
2023-06-16 12:00:00+00:00,233.949,239.077,233.456,238.602,8198.56019191
2023-06-16 16:00:00+00:00,238.556,243.701,237.155,239.761,8922.0225
2023-06-16 20:00:00+00:00,239.761,240.599,238.546,239.206,3588.505
2023-06-17 00:00:00+00:00,239.208,240.553,237.212,239.584,3362.1044
2023-06-17 04:00:00+00:00,239.573,249.792,239.402,246.578,11645.8353
2023-06-17 08:00:00+00:00,246.578,247.502,244.85,244.989,4450.0538
2023-06-17 12:00:00+00:00,244.851,246.309,242.7,243.134,5238.0715
2023-06-17 16:00:00+00:00,243.122,246.48,242.36,244.89,4308.53439501
2023-06-17 20:00:00+00:00,244.944,246.153,244.321,244.495,2097.5107
2023-06-18 00:00:00+00:00,244.506,245.61,242.301,244.566,3499.2918
2023-06-18 04:00:00+00:00,244.566,247.53,244.209,245.735,3234.7019
2023-06-18 08:00:00+00:00,245.77,248.62,245.57,246.569,5014.0724
2023-06-18 12:00:00+00:00,246.608,247.528,245.621,247.031,3960.565
2023-06-18 16:00:00+00:00,247.035,247.719,245.621,246.485,2785.4672
2023-06-18 20:00:00+00:00,246.482,246.651,242.712,244.098,4019.7389
2023-06-19 00:00:00+00:00,244.063,244.62,241.211,243.054,3549.7647
2023-06-19 04:00:00+00:00,243.101,244.199,242.471,243.499,1739.6734
2023-06-19 08:00:00+00:00,243.406,243.6,241.819,242.985,3491.0683
2023-06-19 12:00:00+00:00,242.986,243.879,240.414,241.368,4376.9831
2023-06-19 16:00:00+00:00,241.349,245.0,238.312,241.537,6421.4823
2023-06-19 20:00:00+00:00,241.537,243.39,241.416,243.045,4175.0027
2023-06-20 00:00:00+00:00,243.03,245.03,241.99,241.99,4204.5146
2023-06-20 04:00:00+00:00,241.991,243.27,240.596,241.34,2621.1173
2023-06-20 08:00:00+00:00,241.34,241.899,239.87,241.79,3733.0675
2023-06-20 12:00:00+00:00,241.732,241.97,238.611,240.321,7287.3774
2023-06-20 16:00:00+00:00,240.332,244.697,239.902,243.736,7587.3517
2023-06-20 20:00:00+00:00,243.736,248.08,243.08,247.832,4387.7886
2023-06-21 00:00:00+00:00,247.832,254.847,246.933,251.595,8486.6217
2023-06-21 04:00:00+00:00,251.569,252.428,248.856,249.398,7396.2979
2023-06-21 08:00:00+00:00,249.384,249.433,245.275,247.712,7835.8822
2023-06-21 12:00:00+00:00,247.613,250.81,245.059,249.37,13836.9233
2023-06-21 16:00:00+00:00,249.4,253.56,247.916,248.869,10908.4157
2023-06-21 20:00:00+00:00,248.869,250.86,247.31,248.852,5861.6108
2023-06-22 00:00:00+00:00,248.852,256.999,248.69,254.478,11038.7191
2023-06-22 04:00:00+00:00,254.449,254.648,250.079,252.379,7012.7489
2023-06-22 08:00:00+00:00,252.38,253.648,245.494,246.946,9615.8342
2023-06-22 12:00:00+00:00,246.946,248.63,241.162,243.619,15337.7876
2023-06-22 16:00:00+00:00,243.596,245.353,242.732,244.873,5726.0346
2023-06-22 20:00:00+00:00,244.897,245.047,239.321,240.799,7154.5236
2023-06-23 00:00:00+00:00,240.776,242.466,239.634,241.761,4639.0568
2023-06-23 04:00:00+00:00,241.762,244.272,241.762,243.603,4823.8541
2023-06-23 08:00:00+00:00,243.544,244.444,242.43,243.762,3685.5639
2023-06-23 12:00:00+00:00,243.793,248.34,241.018,247.665,13236.79397947
2023-06-23 16:00:00+00:00,247.606,249.749,244.448,245.927,11818.8951
2023-06-23 20:00:00+00:00,245.926,247.253,243.249,244.39,3624.7381
2023-06-24 00:00:00+00:00,244.343,246.499,243.27,246.187,3995.8264
2023-06-24 04:00:00+00:00,246.199,248.638,245.265,245.415,4641.1547
2023-06-24 08:00:00+00:00,245.429,246.584,244.53,244.762,2901.0988
2023-06-24 12:00:00+00:00,244.806,246.055,230.6,232.812,17348.2832
2023-06-24 16:00:00+00:00,232.819,237.441,230.162,236.808,9322.3465
2023-06-24 20:00:00+00:00,236.72,237.138,233.852,236.291,4625.0453
2023-06-25 00:00:00+00:00,236.311,239.228,235.064,239.026,7071.9212
2023-06-25 04:00:00+00:00,239.035,241.364,237.281,240.899,8683.5301
2023-06-25 08:00:00+00:00,240.8,242.152,238.776,240.221,7437.4752
2023-06-25 12:00:00+00:00,240.17,240.352,237.291,239.426,5291.8102
2023-06-25 16:00:00+00:00,239.401,240.11,236.562,238.062,5145.2508
2023-06-25 20:00:00+00:00,238.044,239.349,236.76,238.831,3335.1234
2023-06-26 00:00:00+00:00,238.859,239.393,233.675,236.451,7551.3924
2023-06-26 04:00:00+00:00,236.436,238.673,234.88,237.716,4893.547
2023-06-26 08:00:00+00:00,237.717,238.792,235.652,237.954,5421.2611
2023-06-26 12:00:00+00:00,237.955,241.276,237.271,238.509,10202.4445
2023-06-26 16:00:00+00:00,238.482,238.799,233.755,236.383,8344.168
2023-06-26 20:00:00+00:00,236.365,236.497,233.602,236.047,2998.0029
2023-06-27 00:00:00+00:00,236.073,238.278,234.432,237.703,4484.3675
2023-06-27 04:00:00+00:00,237.704,238.99,236.54,238.672,3926.4669
2023-06-27 08:00:00+00:00,238.645,240.009,237.803,239.189,3616.589
2023-06-27 12:00:00+00:00,239.225,240.863,237.407,237.94,6124.7908
2023-06-27 16:00:00+00:00,237.961,239.661,237.711,238.721,3365.7191
2023-06-27 20:00:00+00:00,238.656,239.153,236.789,237.394,3114.386
2023-06-28 00:00:00+00:00,237.378,237.514,234.124,235.514,7141.3525
2023-06-28 04:00:00+00:00,235.465,236.35,230.573,232.674,5118.9612
2023-06-28 08:00:00+00:00,232.664,234.348,231.651,233.34,5943.5213
2023-06-28 12:00:00+00:00,233.389,236.458,231.271,235.0,6370.6277
2023-06-28 16:00:00+00:00,235.001,235.366,223.201,228.385,7487.5354523
2023-06-28 20:00:00+00:00,228.356,232.544,227.428,230.437,4916.0743
2023-06-29 00:00:00+00:00,230.582,233.782,230.439,233.09,2812.9959
2023-06-29 04:00:00+00:00,233.102,234.159,232.16,233.431,2273.6284
2023-06-29 08:00:00+00:00,233.395,235.585,233.008,235.333,3103.6554
2023-06-29 12:00:00+00:00,235.372,236.71,232.48,233.357,3989.6067
2023-06-29 16:00:00+00:00,233.376,234.428,232.68,233.77,4027.4335
2023-06-29 20:00:00+00:00,233.899,234.027,232.35,233.094,2765.7343
2023-06-30 00:00:00+00:00,233.131,238.176,231.73,236.613,4313.1883
2023-06-30 04:00:00+00:00,236.74,240.632,236.29,238.665,4075.2779
2023-06-30 08:00:00+00:00,238.655,240.828,237.96,240.664,4966.4257
2023-06-30 12:00:00+00:00,240.683,241.739,230.939,235.539,13497.7732
2023-06-30 16:00:00+00:00,235.541,241.801,234.834,240.503,6355.4811
2023-06-30 20:00:00+00:00,240.641,241.306,240.024,240.251,2392.7027
2023-07-01 00:00:00+00:00,240.336,245.953,240.248,241.368,5587.4082
2023-07-01 04:00:00+00:00,241.488,242.364,240.18,242.114,2997.7166
2023-07-01 08:00:00+00:00,242.086,244.415,241.908,243.445,4179.9025
2023-07-01 12:00:00+00:00,243.485,248.799,242.873,247.372,6758.71
2023-07-01 16:00:00+00:00,247.372,248.273,245.399,246.41,7221.903
2023-07-01 20:00:00+00:00,246.438,249.217,246.438,247.85,2067.7305
2023-07-02 00:00:00+00:00,247.868,248.536,243.033,243.113,5053.973
2023-07-02 04:00:00+00:00,243.137,245.804,242.902,245.602,3130.9707
2023-07-02 08:00:00+00:00,245.649,246.249,244.591,245.745,2269.6756
2023-07-02 12:00:00+00:00,245.744,246.419,243.0,246.085,4890.0313
2023-07-02 16:00:00+00:00,245.966,246.138,243.1,244.705,3819.1242
2023-07-02 20:00:00+00:00,244.705,247.75,244.461,246.504,5628.7509
2023-07-03 00:00:00+00:00,246.472,248.714,245.791,248.04,2671.2415
2023-07-03 04:00:00+00:00,248.041,250.14,246.338,249.409,3639.1084
2023-07-03 08:00:00+00:00,249.48,254.86,247.93,248.58,6634.8981
2023-07-03 12:00:00+00:00,248.551,249.879,247.321,249.481,4305.78
2023-07-03 16:00:00+00:00,249.446,249.477,246.0,247.869,5480.3505
2023-07-03 20:00:00+00:00,247.898,248.191,245.232,246.387,6639.5844
2023-07-04 00:00:00+00:00,246.457,246.843,244.517,245.802,3880.7589
2023-07-04 04:00:00+00:00,245.828,246.213,244.8,244.92,2981.4803
2023-07-04 08:00:00+00:00,244.835,245.87,244.08,245.815,4783.8293
2023-07-04 12:00:00+00:00,245.816,245.862,242.99,243.89,3419.0311
2023-07-04 16:00:00+00:00,243.839,244.673,240.37,241.135,5013.135
2023-07-04 20:00:00+00:00,241.174,243.127,241.03,242.377,3087.1753
2023-07-05 00:00:00+00:00,242.374,243.78,241.719,243.761,1875.9485
2023-07-05 04:00:00+00:00,243.79,243.869,243.032,243.14,2473.8941
2023-07-05 08:00:00+00:00,243.141,243.227,235.8,238.019,7941.2151
2023-07-05 12:00:00+00:00,237.991,238.861,236.756,237.7,4266.0289
2023-07-05 16:00:00+00:00,237.719,240.338,237.412,238.49,3310.6331
2023-07-05 20:00:00+00:00,238.49,239.592,237.854,238.963,3267.919
2023-07-06 00:00:00+00:00,238.87,240.143,237.418,240.129,2703.6782
2023-07-06 04:00:00+00:00,240.073,241.982,239.396,241.508,3580.0197
2023-07-06 08:00:00+00:00,241.508,244.358,239.716,240.533,5140.587
2023-07-06 12:00:00+00:00,240.538,240.705,234.586,238.38,8314.8696
2023-07-06 16:00:00+00:00,238.376,239.66,236.88,237.786,4395.4022
2023-07-06 20:00:00+00:00,237.731,238.187,231.621,232.211,5891.0051
2023-07-07 00:00:00+00:00,232.212,234.431,231.16,234.186,4221.7609
2023-07-07 04:00:00+00:00,234.166,235.245,232.508,233.139,3506.34644
2023-07-07 08:00:00+00:00,233.139,234.26,232.473,233.305,3302.0975
2023-07-07 12:00:00+00:00,233.3,236.14,232.711,235.75,5120.3191
2023-07-07 16:00:00+00:00,235.75,236.085,233.781,235.233,2958.3969
2023-07-07 20:00:00+00:00,235.233,235.953,234.599,235.607,1722.9926
2023-07-08 00:00:00+00:00,235.538,237.399,235.023,235.176,3750.3203
2023-07-08 04:00:00+00:00,235.144,236.237,234.857,235.924,1603.2985
2023-07-08 08:00:00+00:00,235.968,237.5,235.785,236.292,2293.843
2023-07-08 12:00:00+00:00,236.241,237.027,235.79,236.63,2093.9733
2023-07-08 16:00:00+00:00,236.706,236.989,234.199,234.853,3139.7772
2023-07-08 20:00:00+00:00,234.926,236.31,234.464,236.245,1943.4587
2023-07-09 00:00:00+00:00,236.247,237.04,235.674,236.147,2212.6775
2023-07-09 04:00:00+00:00,236.128,236.305,234.256,234.516,2068.911
2023-07-09 08:00:00+00:00,234.557,235.073,234.361,234.806,1964.0516
2023-07-09 12:00:00+00:00,234.805,235.482,233.062,234.3,3129.1548
2023-07-09 16:00:00+00:00,234.322,235.014,234.029,234.805,2279.73971
2023-07-09 20:00:00+00:00,234.806,234.892,233.49,234.027,1695.7598
2023-07-10 00:00:00+00:00,234.042,234.61,231.221,233.56,3698.3466
2023-07-10 04:00:00+00:00,233.572,234.113,232.294,232.578,3155.7511
2023-07-10 08:00:00+00:00,232.572,244.229,231.332,242.039,19780.4834
2023-07-10 12:00:00+00:00,242.159,246.078,241.191,245.617,7444.6346
2023-07-10 16:00:00+00:00,245.578,246.17,244.005,245.979,5584.9039
2023-07-10 20:00:00+00:00,246.0,246.347,243.0,246.152,5897.1899
2023-07-11 00:00:00+00:00,246.151,247.87,244.549,246.783,2595.826
2023-07-11 04:00:00+00:00,246.651,247.792,245.82,247.1,3295.9706
2023-07-11 08:00:00+00:00,247.111,248.754,245.39,245.625,3291.4132
2023-07-11 12:00:00+00:00,245.701,247.655,245.373,247.314,1974.0532
2023-07-11 16:00:00+00:00,247.321,248.503,246.825,247.333,2298.32013
2023-07-11 20:00:00+00:00,247.405,249.461,246.991,248.616,2401.5482
2023-07-12 00:00:00+00:00,248.591,250.335,248.27,249.454,3303.9897
2023-07-12 04:00:00+00:00,249.506,249.992,248.921,249.506,1874.6888
2023-07-12 08:00:00+00:00,249.531,249.608,247.461,248.083,1884.2925
2023-07-12 12:00:00+00:00,248.084,248.891,243.77,244.18,4102.6191
2023-07-12 16:00:00+00:00,244.168,244.524,242.62,243.314,3287.1434
2023-07-12 20:00:00+00:00,243.302,244.284,243.127,243.864,964.4272
2023-07-13 00:00:00+00:00,243.861,244.366,242.691,243.22,1899.2628
2023-07-13 04:00:00+00:00,243.202,245.031,242.677,244.181,1088.847
2023-07-13 08:00:00+00:00,244.229,246.843,244.228,245.949,2223.3029
2023-07-13 12:00:00+00:00,245.998,253.487,245.046,251.0,3881.1812
2023-07-13 16:00:00+00:00,251.076,257.655,250.355,253.921,9243.6504
2023-07-13 20:00:00+00:00,253.996,256.54,250.774,256.161,3637.2396
2023-07-14 00:00:00+00:00,256.165,260.38,255.508,260.331,5133.3349
2023-07-14 04:00:00+00:00,260.294,261.73,255.4,255.7,3368.8726
2023-07-14 08:00:00+00:00,255.624,257.94,253.508,255.292,2683.9696
2023-07-14 12:00:00+00:00,255.32,257.05,252.833,256.565,3384.121
2023-07-14 16:00:00+00:00,256.479,257.4,243.492,244.809,5794.9611
2023-07-14 20:00:00+00:00,244.81,248.279,243.96,248.034,2373.0307
2023-07-15 00:00:00+00:00,248.073,249.464,246.94,248.357,2273.9774
2023-07-15 04:00:00+00:00,248.439,250.159,247.901,250.004,971.3063
2023-07-15 08:00:00+00:00,250.047,252.454,249.439,250.819,1290.2227
2023-07-15 12:00:00+00:00,250.819,251.272,249.21,250.375,974.1468
2023-07-15 16:00:00+00:00,250.437,252.091,249.51,251.903,2436.7546
2023-07-15 20:00:00+00:00,251.9,251.9,250.004,250.973,1272.1316
2023-07-16 00:00:00+00:00,251.054,251.953,248.008,248.226,1439.6597
2023-07-16 04:00:00+00:00,248.028,249.151,247.767,248.595,926.6955
2023-07-16 08:00:00+00:00,248.516,250.469,248.516,250.182,1271.2085
2023-07-16 12:00:00+00:00,250.183,250.434,248.202,248.63,1540.3759
2023-07-16 16:00:00+00:00,248.63,248.9,243.933,244.375,2920.1232
2023-07-16 20:00:00+00:00,244.3,245.136,242.062,242.33,2051.2955
2023-07-17 00:00:00+00:00,242.248,244.0,240.788,243.821,2758.169
2023-07-17 04:00:00+00:00,243.782,243.782,241.695,242.789,2687.1754
2023-07-17 08:00:00+00:00,242.809,244.01,239.622,243.062,4536.7519
2023-07-17 12:00:00+00:00,243.035,244.829,242.326,243.784,3601.4221
2023-07-17 16:00:00+00:00,243.778,244.314,240.382,242.679,2182.6758
2023-07-17 20:00:00+00:00,242.586,244.778,242.127,244.134,2422.4154
2023-07-18 00:00:00+00:00,243.987,246.525,243.987,244.358,2182.1606
2023-07-18 04:00:00+00:00,244.321,245.115,240.621,241.248,4644.0687
2023-07-18 08:00:00+00:00,241.215,242.5,239.475,239.483,9542.5966
2023-07-18 12:00:00+00:00,239.484,241.212,238.416,240.163,5435.8634
2023-07-18 16:00:00+00:00,240.163,241.195,237.51,240.122,4880.534
2023-07-18 20:00:00+00:00,240.134,240.648,239.2,240.348,3273.143
2023-07-19 00:00:00+00:00,240.348,243.519,239.712,243.474,3934.3386
2023-07-19 04:00:00+00:00,243.49,244.053,241.942,242.462,3634.8333
2023-07-19 08:00:00+00:00,242.473,242.606,240.544,242.129,3173.7402
2023-07-19 12:00:00+00:00,242.145,242.94,240.0,240.985,4220.1802
2023-07-19 16:00:00+00:00,240.998,242.767,239.907,241.781,2612.2483
2023-07-19 20:00:00+00:00,241.755,242.088,240.161,240.9,1508.9481
2023-07-20 00:00:00+00:00,240.826,242.845,240.669,241.376,2743.4751
2023-07-20 04:00:00+00:00,241.39,244.045,241.152,243.787,3104.8558
2023-07-20 08:00:00+00:00,243.877,244.939,243.563,243.958,3333.5452
2023-07-20 12:00:00+00:00,243.987,244.485,240.851,241.676,5345.1307
2023-07-20 16:00:00+00:00,241.645,242.16,240.44,241.529,3943.884
2023-07-20 20:00:00+00:00,241.538,243.297,240.632,242.769,2020.2063
2023-07-21 00:00:00+00:00,242.768,244.717,242.06,243.938,2467.3475
2023-07-21 04:00:00+00:00,243.995,244.262,242.808,243.438,2165.8003
2023-07-21 08:00:00+00:00,243.466,244.715,243.365,244.514,3901.6943
2023-07-21 12:00:00+00:00,244.607,245.311,243.913,244.034,2442.7402
2023-07-21 16:00:00+00:00,244.014,244.876,242.701,243.605,2209.6477
2023-07-21 20:00:00+00:00,243.545,244.143,243.182,243.635,1481.6133
2023-07-22 00:00:00+00:00,243.677,244.8,243.516,244.439,751.2374
2023-07-22 04:00:00+00:00,244.494,244.728,243.081,243.549,2975.9522
2023-07-22 08:00:00+00:00,243.614,244.132,242.007,242.717,5689.7423
2023-07-22 12:00:00+00:00,242.692,242.804,242.039,242.74,1040.1947
2023-07-22 16:00:00+00:00,242.696,242.88,241.565,242.376,1083.2861
2023-07-22 20:00:00+00:00,242.316,242.521,240.084,241.017,1884.681
2023-07-23 00:00:00+00:00,241.077,242.176,240.512,241.784,611.2442
2023-07-23 04:00:00+00:00,241.83,242.67,241.83,242.519,1025.575
2023-07-23 08:00:00+00:00,242.502,243.198,242.0,242.076,5448.0807
2023-07-23 12:00:00+00:00,242.095,242.669,242.052,242.136,926.2816
2023-07-23 16:00:00+00:00,242.194,243.949,241.805,242.444,3678.402
2023-07-23 20:00:00+00:00,242.456,243.039,241.596,242.481,1037.6594
2023-07-24 00:00:00+00:00,242.455,243.115,240.558,240.737,1115.3337
2023-07-24 04:00:00+00:00,240.681,242.028,239.174,241.855,1686.3103
2023-07-24 08:00:00+00:00,241.887,242.05,235.502,238.577,4499.9136
2023-07-24 12:00:00+00:00,238.519,238.961,235.417,236.931,2712.4663
2023-07-24 16:00:00+00:00,236.908,238.454,236.025,237.796,2310.6156
2023-07-24 20:00:00+00:00,237.888,239.094,237.604,238.91,1211.3835
2023-07-25 00:00:00+00:00,238.902,239.841,238.013,238.487,1833.0871
2023-07-25 04:00:00+00:00,238.478,238.488,236.78,237.167,1469.1931
2023-07-25 08:00:00+00:00,237.167,238.797,237.077,237.943,2144.3126
2023-07-25 12:00:00+00:00,238.013,238.226,236.175,237.331,2392.5822
2023-07-25 16:00:00+00:00,237.285,238.369,236.794,237.151,2606.2122
2023-07-25 20:00:00+00:00,237.209,237.984,236.887,237.754,1813.54
2023-07-26 00:00:00+00:00,237.764,238.648,236.392,238.374,2003.5
2023-07-26 04:00:00+00:00,238.28,238.629,237.452,237.603,1557.6035
2023-07-26 08:00:00+00:00,237.606,238.026,236.621,236.859,2898.269
2023-07-26 12:00:00+00:00,236.805,238.547,236.623,238.182,1986.4848
2023-07-26 16:00:00+00:00,238.145,239.228,236.701,238.872,2389.5789
2023-07-26 20:00:00+00:00,238.91,240.535,238.453,238.978,2491.0753
2023-07-27 00:00:00+00:00,238.874,240.34,238.401,239.8,789.2306
2023-07-27 04:00:00+00:00,239.921,244.597,239.898,242.258,4260.0662628
2023-07-27 08:00:00+00:00,242.181,242.97,241.281,241.888,2704.4148
2023-07-27 12:00:00+00:00,241.869,242.072,240.368,240.691,3291.3083
2023-07-27 16:00:00+00:00,240.643,241.211,239.368,240.04,2424.9123
2023-07-27 20:00:00+00:00,240.1,240.75,240.008,240.689,1815.752
2023-07-28 00:00:00+00:00,240.672,241.19,240.047,240.77,1212.0039
2023-07-28 04:00:00+00:00,240.815,241.12,239.72,240.89,1444.2694
2023-07-28 08:00:00+00:00,240.857,242.006,240.462,240.934,1878.8565
2023-07-28 12:00:00+00:00,240.934,242.639,240.904,241.618,2069.9247
2023-07-28 16:00:00+00:00,241.623,242.88,240.971,242.585,1232.2983
2023-07-28 20:00:00+00:00,242.558,242.759,241.77,241.812,982.7083
2023-07-29 00:00:00+00:00,241.809,242.406,241.644,241.84,451.1556
2023-07-29 04:00:00+00:00,241.84,241.845,241.387,241.472,206.5329
2023-07-29 08:00:00+00:00,241.472,241.844,241.112,241.441,1184.639
2023-07-29 12:00:00+00:00,241.44,242.109,241.381,241.801,788.5593
2023-07-29 16:00:00+00:00,241.806,242.265,241.596,242.086,806.3883
2023-07-29 20:00:00+00:00,242.087,242.945,241.986,242.511,1079.5493
2023-07-30 00:00:00+00:00,242.51,242.842,241.953,242.31,746.9324
2023-07-30 04:00:00+00:00,242.308,242.7,241.64,242.657,2918.2689
2023-07-30 08:00:00+00:00,242.685,242.934,242.018,242.227,1741.781
2023-07-30 12:00:00+00:00,242.227,243.761,242.073,242.952,2789.9131
2023-07-30 16:00:00+00:00,243.004,243.796,241.2,241.497,1964.9561
2023-07-30 20:00:00+00:00,241.497,242.689,240.312,242.51,1713.3196
2023-07-31 00:00:00+00:00,242.497,244.482,242.21,243.516,1704.0736
2023-07-31 04:00:00+00:00,243.606,243.844,242.71,243.343,1269.4185
2023-07-31 08:00:00+00:00,243.395,244.057,243.152,243.313,780.8073
2023-07-31 12:00:00+00:00,243.313,244.0,241.733,242.103,2602.9992
2023-07-31 16:00:00+00:00,242.15,242.735,240.761,241.257,2274.7533
2023-07-31 20:00:00+00:00,241.266,241.694,240.531,240.851,1349.782
2023-08-01 00:00:00+00:00,240.895,242.137,237.281,239.236,4149.3981
2023-08-01 04:00:00+00:00,239.211,246.212,238.666,245.398,9121.0504
2023-08-01 08:00:00+00:00,245.407,246.499,244.305,244.615,5567.2705
2023-08-01 12:00:00+00:00,244.599,245.692,242.506,245.142,3380.4576
2023-08-01 16:00:00+00:00,245.143,246.906,244.4,246.85,2514.6966
2023-08-01 20:00:00+00:00,246.851,247.78,245.339,247.755,2461.3754
2023-08-02 00:00:00+00:00,247.755,248.68,245.315,245.7,3360.664
2023-08-02 04:00:00+00:00,245.654,246.028,244.324,244.667,1196.643
2023-08-02 08:00:00+00:00,244.657,245.868,244.344,245.846,2287.5042
2023-08-02 12:00:00+00:00,245.844,246.139,242.279,243.148,3211.6757
2023-08-02 16:00:00+00:00,243.15,243.799,235.58,241.529,11278.4114
2023-08-02 20:00:00+00:00,241.458,242.148,240.378,240.609,1559.3891
2023-08-03 00:00:00+00:00,240.479,241.232,239.76,240.301,931.1109
2023-08-03 04:00:00+00:00,240.345,241.157,239.23,239.23,1848.701
2023-08-03 08:00:00+00:00,239.219,240.788,238.28,240.781,2150.8247
2023-08-03 12:00:00+00:00,240.736,242.143,240.053,241.286,2104.7034
2023-08-03 16:00:00+00:00,241.286,241.88,240.472,241.106,1515.1684
2023-08-03 20:00:00+00:00,241.025,241.676,240.052,241.023,766.943
2023-08-04 00:00:00+00:00,241.012,241.83,240.822,241.544,889.7371
2023-08-04 04:00:00+00:00,241.54,243.397,241.062,242.03,1548.4679
2023-08-04 08:00:00+00:00,241.993,242.62,241.42,241.83,1296.1294
2023-08-04 12:00:00+00:00,241.809,243.275,241.648,243.132,1563.3189
2023-08-04 16:00:00+00:00,243.131,243.31,240.841,241.488,1547.0673
2023-08-04 20:00:00+00:00,241.455,241.933,240.15,241.701,1098.0389
2023-08-05 00:00:00+00:00,241.658,242.221,240.0,241.004,910.921
2023-08-05 04:00:00+00:00,241.054,241.705,240.473,241.202,819.5454
2023-08-05 08:00:00+00:00,241.201,242.092,241.148,241.579,638.3557
2023-08-05 12:00:00+00:00,241.562,242.209,241.246,242.172,1197.2106
2023-08-05 16:00:00+00:00,242.166,242.856,241.797,242.72,892.0646
2023-08-05 20:00:00+00:00,242.72,243.256,242.542,243.226,1152.5999
2023-08-06 00:00:00+00:00,243.26,245.179,243.049,244.76,1398.4666
2023-08-06 04:00:00+00:00,244.792,245.117,244.153,245.094,783.6863
2023-08-06 08:00:00+00:00,245.054,245.425,244.018,244.33,906.574
2023-08-06 12:00:00+00:00,244.319,244.548,242.847,243.149,1464.9034
2023-08-06 16:00:00+00:00,243.071,244.478,242.964,243.21,1332.702
2023-08-06 20:00:00+00:00,243.211,243.919,242.781,243.173,921.6761
2023-08-07 00:00:00+00:00,243.175,244.94,242.831,243.662,1549.8421
2023-08-07 04:00:00+00:00,243.718,244.372,242.49,242.683,1002.8226
2023-08-07 08:00:00+00:00,242.721,243.15,241.532,242.606,1808.629
2023-08-07 12:00:00+00:00,242.57,242.712,240.723,240.977,1315.6248
2023-08-07 16:00:00+00:00,240.968,242.044,239.592,241.766,1514.3472
2023-08-07 20:00:00+00:00,241.794,242.206,241.418,242.107,893.9167
2023-08-08 00:00:00+00:00,242.042,242.489,241.499,242.484,579.3591
2023-08-08 04:00:00+00:00,242.49,243.918,242.276,242.829,1593.3592
2023-08-08 08:00:00+00:00,242.854,243.979,242.677,243.967,990.8782
2023-08-08 12:00:00+00:00,243.967,245.22,243.07,244.808,1992.8247
2023-08-08 16:00:00+00:00,244.808,248.0,244.642,246.443,3582.9665
2023-08-08 20:00:00+00:00,246.443,247.154,245.052,245.112,1960.1212
2023-08-09 00:00:00+00:00,245.228,245.515,243.91,244.28,2300.7085
2023-08-09 04:00:00+00:00,244.236,244.939,243.999,244.883,978.7952
2023-08-09 08:00:00+00:00,244.882,245.418,243.648,244.046,1701.7678
2023-08-09 12:00:00+00:00,244.037,245.33,243.492,243.871,1906.5273
2023-08-09 16:00:00+00:00,243.871,243.901,242.811,243.059,1204.4941
2023-08-09 20:00:00+00:00,243.099,244.225,242.801,243.898,698.1674
2023-08-10 00:00:00+00:00,243.917,243.998,243.103,243.209,502.0401
2023-08-10 04:00:00+00:00,243.199,243.559,241.778,242.001,1402.8078
2023-08-10 08:00:00+00:00,242.021,242.358,241.708,241.945,1619.5865
2023-08-10 12:00:00+00:00,241.946,243.536,241.83,242.13,2188.2977
2023-08-10 16:00:00+00:00,242.13,242.518,240.521,240.938,1327.9599
2023-08-10 20:00:00+00:00,240.939,241.508,240.759,241.458,526.1772
2023-08-11 00:00:00+00:00,241.455,242.139,239.788,240.558,741.7468
2023-08-11 04:00:00+00:00,240.554,240.975,240.295,240.665,792.8788
2023-08-11 08:00:00+00:00,240.664,240.905,240.189,240.905,1566.8129
2023-08-11 12:00:00+00:00,240.939,241.14,238.411,238.931,2322.6546
2023-08-11 16:00:00+00:00,238.896,239.758,238.314,239.223,1289.1596
2023-08-11 20:00:00+00:00,239.224,240.64,238.965,239.839,720.9206
2023-08-12 00:00:00+00:00,239.904,240.664,239.433,240.283,456.245
2023-08-12 04:00:00+00:00,240.29,240.667,239.793,240.577,394.4247
2023-08-12 08:00:00+00:00,240.506,241.371,240.147,240.816,810.3522
2023-08-12 12:00:00+00:00,240.906,241.19,240.456,240.619,763.74021507
2023-08-12 16:00:00+00:00,240.61,240.946,240.453,240.497,594.565
2023-08-12 20:00:00+00:00,240.47,240.803,239.853,240.326,537.5882
2023-08-13 00:00:00+00:00,240.392,240.583,239.831,240.312,431.7968
2023-08-13 04:00:00+00:00,240.311,240.596,240.076,240.399,238.9857
2023-08-13 08:00:00+00:00,240.331,240.947,240.27,240.758,534.8097
2023-08-13 12:00:00+00:00,240.795,240.849,240.188,240.412,616.4475
2023-08-13 16:00:00+00:00,240.377,241.61,240.228,241.564,772.8636
2023-08-13 20:00:00+00:00,241.579,241.818,239.844,240.042,963.3714
2023-08-14 00:00:00+00:00,240.042,241.2,239.755,240.883,702.5918
2023-08-14 04:00:00+00:00,240.923,241.381,240.472,240.6,393.1526
2023-08-14 08:00:00+00:00,240.602,241.0,240.225,240.504,830.0429
2023-08-14 12:00:00+00:00,240.504,241.35,240.187,240.934,921.7535
2023-08-14 16:00:00+00:00,240.947,241.302,239.869,240.181,1335.4102
2023-08-14 20:00:00+00:00,240.191,240.86,240.097,240.452,619.2468
2023-08-15 00:00:00+00:00,240.474,240.748,239.71,239.848,719.009
2023-08-15 04:00:00+00:00,239.785,239.906,238.99,239.576,714.1809
2023-08-15 08:00:00+00:00,239.602,239.98,238.491,238.812,1211.0931
2023-08-15 12:00:00+00:00,238.799,239.717,238.597,239.021,1306.4072
2023-08-15 16:00:00+00:00,239.0,239.51,233.77,236.42,2474.2471
2023-08-15 20:00:00+00:00,236.421,238.713,235.83,236.841,996.1654
2023-08-16 00:00:00+00:00,236.813,237.395,236.352,236.433,960.97
2023-08-16 04:00:00+00:00,236.45,236.683,234.531,234.991,953.9002
2023-08-16 08:00:00+00:00,234.901,234.959,233.53,234.784,1077.5794
2023-08-16 12:00:00+00:00,234.71,234.946,232.63,233.272,1310.0337
2023-08-16 16:00:00+00:00,233.269,235.26,233.008,234.158,1509.5402
2023-08-16 20:00:00+00:00,234.154,234.447,230.67,232.001,2239.1995
2023-08-17 00:00:00+00:00,232.027,232.427,228.116,231.086,2552.5591
2023-08-17 04:00:00+00:00,231.129,231.868,230.577,231.109,1135.0551
2023-08-17 08:00:00+00:00,231.11,231.44,230.2,230.822,1627.2026
2023-08-17 12:00:00+00:00,230.782,231.7,224.555,225.177,2811.7382
2023-08-17 16:00:00+00:00,225.185,226.741,223.475,226.395,2240.485
2023-08-17 20:00:00+00:00,226.371,226.561,211.31,218.013,10402.0391
2023-08-18 00:00:00+00:00,218.041,220.31,213.6,215.406,1879.6033
2023-08-18 04:00:00+00:00,215.455,219.486,214.346,219.273,2381.8762
2023-08-18 08:00:00+00:00,219.294,219.738,217.51,219.6,3744.014
2023-08-18 12:00:00+00:00,219.606,219.691,216.38,216.871,3461.1817
2023-08-18 16:00:00+00:00,216.87,217.897,215.16,216.197,3015.2259
2023-08-18 20:00:00+00:00,216.14,217.229,215.764,216.082,1265.8171
2023-08-19 00:00:00+00:00,216.047,217.136,215.066,215.553,915.3945
2023-08-19 04:00:00+00:00,215.556,215.9,213.653,215.84,976.9154
2023-08-19 08:00:00+00:00,215.87,216.535,215.232,215.241,1195.3752
2023-08-19 12:00:00+00:00,215.232,217.39,214.615,217.39,1442.415
2023-08-19 16:00:00+00:00,217.352,219.166,216.72,216.801,1829.97929811
2023-08-19 20:00:00+00:00,216.797,217.222,215.8,216.904,1131.9932
2023-08-20 00:00:00+00:00,216.898,217.616,216.439,216.594,601.5909
2023-08-20 04:00:00+00:00,216.593,216.746,215.361,215.975,666.8254
2023-08-20 08:00:00+00:00,215.984,217.099,215.746,216.837,962.3596
2023-08-20 12:00:00+00:00,216.882,217.151,215.561,216.281,1036.8146
2023-08-20 16:00:00+00:00,216.268,217.114,215.539,217.065,705.9592
2023-08-20 20:00:00+00:00,217.083,218.02,216.283,216.47,1013.418
2023-08-21 00:00:00+00:00,216.481,216.75,215.91,215.995,613.7821
2023-08-21 04:00:00+00:00,215.966,216.83,213.991,214.722,961.0025
2023-08-21 08:00:00+00:00,214.646,215.223,207.832,210.604,2916.4532
2023-08-21 12:00:00+00:00,210.703,212.936,206.17,208.415,6097.6707
2023-08-21 16:00:00+00:00,208.47,211.144,207.645,210.641,2490.1674
2023-08-21 20:00:00+00:00,210.814,212.157,210.191,210.375,1906.76227033
2023-08-22 00:00:00+00:00,210.422,210.767,209.65,210.107,654.67565925
2023-08-22 04:00:00+00:00,210.082,210.083,208.324,209.72,1523.5273
2023-08-22 08:00:00+00:00,209.84,210.779,208.846,209.131,1505.245
2023-08-22 12:00:00+00:00,209.095,209.933,204.274,205.564,3476.5078
2023-08-22 16:00:00+00:00,205.527,210.295,203.373,208.301,4576.2011
2023-08-22 20:00:00+00:00,208.33,212.789,204.791,210.973,1759.007
2023-08-23 00:00:00+00:00,211.001,215.593,210.845,212.537,3991.3511
2023-08-23 04:00:00+00:00,212.537,216.579,212.36,216.26,2400.8312
2023-08-23 08:00:00+00:00,216.303,216.618,214.231,214.764,2770.5346
2023-08-23 12:00:00+00:00,214.771,215.723,212.532,215.411,3434.353
2023-08-23 16:00:00+00:00,215.444,218.836,215.116,217.777,3300.08844161
2023-08-23 20:00:00+00:00,217.777,218.069,214.86,216.598,1054.79638072
2023-08-24 00:00:00+00:00,216.599,217.28,215.64,217.28,1080.1464
2023-08-24 04:00:00+00:00,217.3,221.14,216.691,219.335,2297.0603
2023-08-24 08:00:00+00:00,219.544,220.54,218.7,219.532,1937.9582
2023-08-24 12:00:00+00:00,219.519,219.987,216.51,216.705,2674.1237
2023-08-24 16:00:00+00:00,216.721,218.829,216.599,216.982,1348.0635
2023-08-24 20:00:00+00:00,217.088,219.268,215.58,219.032,998.3988
2023-08-25 00:00:00+00:00,219.129,219.597,215.991,217.119,1573.3285
2023-08-25 04:00:00+00:00,217.093,217.19,213.681,215.27,1916.6016
2023-08-25 08:00:00+00:00,215.202,216.687,215.194,216.272,1190.9187
2023-08-25 12:00:00+00:00,216.304,218.69,215.172,216.885,2134.3611
2023-08-25 16:00:00+00:00,216.831,218.38,216.45,217.34,1479.7053
2023-08-25 20:00:00+00:00,217.318,218.669,217.102,218.425,694.3324
2023-08-26 00:00:00+00:00,218.525,219.238,217.45,217.782,656.0561
2023-08-26 04:00:00+00:00,217.802,217.869,216.907,217.091,997.6452
2023-08-26 08:00:00+00:00,217.038,217.345,216.592,217.338,745.0428
2023-08-26 12:00:00+00:00,217.299,217.449,216.653,217.245,577.8817
2023-08-26 16:00:00+00:00,217.244,217.244,216.25,216.571,800.7235
2023-08-26 20:00:00+00:00,216.55,216.753,216.105,216.438,780.3073
2023-08-27 00:00:00+00:00,216.41,216.752,216.019,216.181,684.0349
2023-08-27 04:00:00+00:00,216.112,217.062,215.93,216.736,942.9808
2023-08-27 08:00:00+00:00,216.694,217.623,216.474,216.881,958.9024
2023-08-27 12:00:00+00:00,216.934,219.236,216.718,218.492,1599.9894
2023-08-27 16:00:00+00:00,218.523,219.813,218.197,218.738,1293.6038
2023-08-27 20:00:00+00:00,218.672,218.865,217.566,218.371,569.4429
2023-08-28 00:00:00+00:00,218.399,218.432,217.2,218.01,821.9448
2023-08-28 04:00:00+00:00,217.939,218.116,215.663,216.079,928.2324
2023-08-28 08:00:00+00:00,216.031,216.764,215.188,216.686,1232.2202
2023-08-28 12:00:00+00:00,216.725,218.939,216.516,218.358,2397.2015
2023-08-28 16:00:00+00:00,218.358,219.433,217.358,217.843,1835.5764
2023-08-28 20:00:00+00:00,217.793,219.15,217.431,218.759,926.2174
2023-08-29 00:00:00+00:00,218.76,219.47,217.863,218.199,961.3751
2023-08-29 04:00:00+00:00,218.201,218.407,217.434,217.527,934.7301
2023-08-29 08:00:00+00:00,217.516,217.851,217.0,217.407,1101.2545
2023-08-29 12:00:00+00:00,217.413,235.192,217.158,228.19,7845.3837
2023-08-29 16:00:00+00:00,228.182,230.853,227.115,227.115,5397.8932
2023-08-29 20:00:00+00:00,227.319,227.747,225.84,226.876,1412.9127
2023-08-30 00:00:00+00:00,226.878,227.138,224.331,225.442,1234.9742
2023-08-30 04:00:00+00:00,225.271,225.657,224.4,225.174,894.8656
2023-08-30 08:00:00+00:00,225.186,225.478,224.18,224.24,1156.2817
2023-08-30 12:00:00+00:00,224.184,224.938,222.044,223.029,1891.9907
2023-08-30 16:00:00+00:00,223.029,223.161,221.717,222.896,1192.8798
2023-08-30 20:00:00+00:00,222.767,224.037,222.767,223.72,942.3908
2023-08-31 00:00:00+00:00,223.788,223.788,222.593,222.754,571.4256
2023-08-31 04:00:00+00:00,222.867,223.965,222.666,223.491,677.0636
2023-08-31 08:00:00+00:00,223.577,225.95,223.032,224.66,1614.3962
2023-08-31 12:00:00+00:00,224.669,224.709,220.6,221.418,1953.8596
2023-08-31 16:00:00+00:00,221.436,221.454,215.83,216.998,4417.6016
2023-08-31 20:00:00+00:00,217.11,217.181,214.32,216.589,1589.7363
2023-09-01 00:00:00+00:00,216.54,218.28,216.386,216.875,1508.7224
2023-09-01 04:00:00+00:00,216.808,216.809,213.569,214.251,1442.916
2023-09-01 08:00:00+00:00,214.29,215.225,213.871,214.911,1634.1272
2023-09-01 12:00:00+00:00,214.863,215.8,212.064,213.533,2940.2326
2023-09-01 16:00:00+00:00,213.381,214.359,211.093,213.153,3085.02619842
2023-09-01 20:00:00+00:00,213.06,215.034,212.924,213.651,1247.2697
2023-09-02 00:00:00+00:00,213.573,215.534,213.403,214.746,756.1427
2023-09-02 04:00:00+00:00,214.83,215.424,214.072,214.266,519.5684
2023-09-02 08:00:00+00:00,214.266,215.114,213.633,214.79,1228.2165
2023-09-02 12:00:00+00:00,214.847,215.77,214.206,214.597,1068.6624
2023-09-02 16:00:00+00:00,214.608,214.862,213.052,213.743,683.9078
2023-09-02 20:00:00+00:00,213.719,214.418,213.532,214.417,496.3096
2023-09-03 00:00:00+00:00,214.367,214.521,213.422,214.065,458.036
2023-09-03 04:00:00+00:00,214.064,214.702,213.579,214.643,568.1566
2023-09-03 08:00:00+00:00,214.614,214.669,213.967,214.56,1142.7975
2023-09-03 12:00:00+00:00,214.601,215.101,213.715,213.799,674.5893
2023-09-03 16:00:00+00:00,213.794,214.857,213.229,214.288,807.0807
2023-09-03 20:00:00+00:00,214.305,214.761,213.883,214.366,667.74
2023-09-04 00:00:00+00:00,214.363,216.535,213.939,215.42,823.0799
2023-09-04 04:00:00+00:00,215.404,215.625,214.14,214.577,516.5563
2023-09-04 08:00:00+00:00,214.576,215.055,213.508,213.585,930.8878
2023-09-04 12:00:00+00:00,213.5,216.492,213.067,215.102,1495.66388344
2023-09-04 16:00:00+00:00,215.093,215.983,215.026,215.934,1476.7003
2023-09-04 20:00:00+00:00,215.924,215.936,213.73,215.29,889.7005
2023-09-05 00:00:00+00:00,215.233,215.233,213.6,214.34,739.7731
2023-09-05 04:00:00+00:00,214.365,215.022,214.262,214.743,414.4016
2023-09-05 08:00:00+00:00,214.777,215.747,214.58,215.049,1919.0905
2023-09-05 12:00:00+00:00,215.135,216.03,214.201,215.141,1091.8972
2023-09-05 16:00:00+00:00,215.282,215.578,214.517,214.517,929.2453
2023-09-05 20:00:00+00:00,214.581,214.831,214.132,214.536,1194.9919
2023-09-06 00:00:00+00:00,214.537,215.58,214.416,214.944,557.9568
2023-09-06 04:00:00+00:00,215.009,215.043,214.111,214.312,993.002
2023-09-06 08:00:00+00:00,214.309,215.095,214.18,214.93,966.7907
2023-09-06 12:00:00+00:00,214.905,215.195,213.219,213.558,1046.8688
2023-09-06 16:00:00+00:00,213.563,218.354,211.936,214.85,3730.80456853
2023-09-06 20:00:00+00:00,214.901,215.313,214.34,215.185,690.7148
2023-09-07 00:00:00+00:00,215.147,215.8,214.768,215.8,411.861
2023-09-07 04:00:00+00:00,215.806,216.091,215.178,215.373,549.0614
2023-09-07 08:00:00+00:00,215.373,215.758,213.614,213.813,1117.6672
2023-09-07 12:00:00+00:00,213.783,214.872,213.6,214.651,869.1857
2023-09-07 16:00:00+00:00,214.687,215.73,214.4,214.989,906.8081
2023-09-07 20:00:00+00:00,214.859,217.936,214.723,217.048,1785.1606
2023-09-08 00:00:00+00:00,217.069,218.769,216.67,217.422,1135.6243
2023-09-08 04:00:00+00:00,217.523,218.077,216.585,217.021,674.3079
2023-09-08 08:00:00+00:00,217.021,217.211,213.5,214.382,2210.2697
2023-09-08 12:00:00+00:00,214.366,214.926,214.022,214.096,1357.4241
2023-09-08 16:00:00+00:00,214.103,214.428,213.424,214.428,1234.3453
2023-09-08 20:00:00+00:00,214.417,214.665,213.884,214.652,750.019
2023-09-09 00:00:00+00:00,214.654,215.001,214.361,214.907,536.3618
2023-09-09 04:00:00+00:00,214.95,215.259,214.649,215.169,272.8159
2023-09-09 08:00:00+00:00,215.169,215.484,214.796,215.26,605.0928
2023-09-09 12:00:00+00:00,215.239,215.297,214.58,215.145,824.6749
2023-09-09 16:00:00+00:00,215.146,215.322,214.466,214.799,566.827
2023-09-09 20:00:00+00:00,214.778,214.811,214.162,214.162,373.1832
2023-09-10 00:00:00+00:00,214.194,214.24,213.75,213.932,491.1184
2023-09-10 04:00:00+00:00,213.921,213.921,211.544,213.234,1244.1205
2023-09-10 08:00:00+00:00,213.234,213.234,212.329,212.825,983.117
2023-09-10 12:00:00+00:00,212.783,213.489,211.84,212.8,970.4159
2023-09-10 16:00:00+00:00,212.776,212.882,211.111,212.414,2441.60893931
2023-09-10 20:00:00+00:00,212.416,213.814,212.182,212.288,1998.2196
2023-09-11 00:00:00+00:00,212.303,212.638,211.112,211.842,632.1892
2023-09-11 04:00:00+00:00,211.787,212.679,211.265,211.297,526.4467
2023-09-11 08:00:00+00:00,211.299,211.475,206.45,207.042,2034.2112
2023-09-11 12:00:00+00:00,206.997,208.43,204.44,206.513,4040.6062
2023-09-11 16:00:00+00:00,206.445,207.229,203.85,204.845,1583.2892
2023-09-11 20:00:00+00:00,204.782,206.599,204.103,206.155,1039.2369
2023-09-12 00:00:00+00:00,206.148,210.88,205.021,209.28,1643.59579557
2023-09-12 04:00:00+00:00,209.397,210.308,207.901,209.594,1394.87149486
2023-09-12 08:00:00+00:00,209.677,214.528,208.905,212.413,2043.8332
2023-09-12 12:00:00+00:00,212.461,213.319,211.1,212.733,1410.9554
2023-09-12 16:00:00+00:00,212.744,214.3,210.52,212.272,1721.1635
2023-09-12 20:00:00+00:00,212.223,213.03,210.296,210.631,1067.5571
2023-09-13 00:00:00+00:00,210.676,211.877,209.409,209.838,895.6997
2023-09-13 04:00:00+00:00,209.864,211.958,209.34,210.152,913.5818
2023-09-13 08:00:00+00:00,210.226,212.259,210.017,212.165,1429.9806
2023-09-13 12:00:00+00:00,212.169,213.133,210.92,212.566,1261.9601
2023-09-13 16:00:00+00:00,212.469,213.29,211.19,212.052,954.988
2023-09-13 20:00:00+00:00,212.125,212.97,212.063,212.602,785.2559
2023-09-14 00:00:00+00:00,212.578,215.0,211.22,211.885,1664.0062
2023-09-14 04:00:00+00:00,211.938,212.36,211.1,211.969,522.3301
2023-09-14 08:00:00+00:00,212.014,212.801,211.512,212.602,822.4548
2023-09-14 12:00:00+00:00,212.621,214.29,211.641,213.058,2121.65081063
2023-09-14 16:00:00+00:00,213.104,213.251,211.763,212.854,2062.0124
2023-09-14 20:00:00+00:00,212.908,213.059,211.809,212.151,792.7219
2023-09-15 00:00:00+00:00,212.138,213.04,211.631,212.698,763.8407
2023-09-15 04:00:00+00:00,212.727,213.269,211.82,211.861,528.7174
2023-09-15 08:00:00+00:00,211.906,213.322,211.707,211.951,822.4418
2023-09-15 12:00:00+00:00,212.083,212.589,210.99,212.159,1122.5568
2023-09-15 16:00:00+00:00,212.117,212.51,211.581,212.18,880.5322
2023-09-15 20:00:00+00:00,212.128,214.96,212.014,214.055,1543.6428
2023-09-16 00:00:00+00:00,214.253,215.789,214.146,214.605,785.2602
2023-09-16 04:00:00+00:00,214.573,215.397,214.3,214.926,1350.6143
2023-09-16 08:00:00+00:00,214.934,214.946,213.34,214.179,1192.1571
2023-09-16 12:00:00+00:00,214.087,214.39,213.323,214.046,709.9159
2023-09-16 16:00:00+00:00,214.044,214.813,213.876,214.275,630.1743
2023-09-16 20:00:00+00:00,214.301,215.081,214.214,214.859,752.0581
2023-09-17 00:00:00+00:00,214.895,215.089,213.32,214.85,604.0834
2023-09-17 04:00:00+00:00,214.87,214.968,214.267,214.393,323.9966
2023-09-17 08:00:00+00:00,214.401,215.177,214.375,214.663,517.6312
2023-09-17 12:00:00+00:00,214.596,216.835,214.596,216.22,1267.9435
2023-09-17 16:00:00+00:00,216.183,216.482,215.092,216.449,606.833
2023-09-17 20:00:00+00:00,216.449,216.449,215.0,216.376,1096.4084
2023-09-18 00:00:00+00:00,216.382,218.785,214.97,217.754,2849.5212
2023-09-18 04:00:00+00:00,217.798,217.981,216.66,216.771,898.9182
2023-09-18 08:00:00+00:00,216.799,220.0,216.37,219.675,1920.1821
2023-09-18 12:00:00+00:00,219.759,221.287,218.418,219.435,1865.9132
2023-09-18 16:00:00+00:00,219.41,219.706,215.346,216.499,3057.8097
2023-09-18 20:00:00+00:00,216.565,216.778,215.071,216.008,1751.9104
2023-09-19 00:00:00+00:00,215.907,216.85,215.319,216.376,738.4722
2023-09-19 04:00:00+00:00,216.35,217.0,216.072,216.959,463.9449
2023-09-19 08:00:00+00:00,216.958,219.82,216.954,218.294,1406.2332
2023-09-19 12:00:00+00:00,218.353,218.72,216.51,218.267,2149.54539232
2023-09-19 16:00:00+00:00,218.223,218.546,216.411,216.969,1083.9976
2023-09-19 20:00:00+00:00,216.968,217.435,216.117,217.092,667.1232
2023-09-20 00:00:00+00:00,217.026,217.774,216.18,216.375,640.8425
2023-09-20 04:00:00+00:00,216.237,216.672,215.62,216.234,1255.7872
2023-09-20 08:00:00+00:00,216.258,216.953,214.658,215.841,2054.3743
2023-09-20 12:00:00+00:00,215.951,216.689,215.244,215.889,937.25
2023-09-20 16:00:00+00:00,215.845,216.74,213.29,214.306,2064.4219
2023-09-20 20:00:00+00:00,214.321,215.44,213.481,214.421,1877.106
2023-09-21 00:00:00+00:00,214.361,215.134,213.667,215.06,1821.3317
2023-09-21 04:00:00+00:00,215.082,215.133,213.059,213.197,497.642
2023-09-21 08:00:00+00:00,213.092,213.522,209.232,210.621,2222.88989979
2023-09-21 12:00:00+00:00,210.613,212.063,209.32,210.613,1988.8649
2023-09-21 16:00:00+00:00,210.553,211.2,210.438,210.666,1071.7941
2023-09-21 20:00:00+00:00,210.552,210.974,209.86,210.866,934.1362
2023-09-22 00:00:00+00:00,210.817,212.244,209.7,211.866,1020.3261
2023-09-22 04:00:00+00:00,211.858,211.909,210.394,211.489,529.4065
2023-09-22 08:00:00+00:00,211.501,211.816,210.704,211.066,677.1631
2023-09-22 12:00:00+00:00,211.12,211.249,210.253,210.637,697.3851
2023-09-22 16:00:00+00:00,210.637,211.162,209.704,210.506,908.365
2023-09-22 20:00:00+00:00,210.493,211.283,210.106,211.076,336.3242
2023-09-23 00:00:00+00:00,211.084,211.609,210.078,210.078,300.4402
2023-09-23 04:00:00+00:00,210.091,210.926,209.941,210.918,414.6897
2023-09-23 08:00:00+00:00,210.903,211.089,210.53,210.792,398.4687
2023-09-23 12:00:00+00:00,210.791,210.928,210.2,210.566,340.2496
2023-09-23 16:00:00+00:00,210.516,210.737,210.229,210.725,411.9313
2023-09-23 20:00:00+00:00,210.724,210.803,210.158,210.462,347.6897
2023-09-24 00:00:00+00:00,210.457,210.652,209.846,210.03,538.431
2023-09-24 04:00:00+00:00,210.028,210.533,209.833,210.407,379.9442
2023-09-24 08:00:00+00:00,210.442,210.886,210.335,210.818,612.9968
2023-09-24 12:00:00+00:00,210.819,210.861,210.453,210.668,489.1949
2023-09-24 16:00:00+00:00,210.678,211.24,209.271,209.499,1564.5438
2023-09-24 20:00:00+00:00,209.471,209.786,206.54,208.269,1071.7057
2023-09-25 00:00:00+00:00,208.127,209.34,206.51,208.867,807.838
2023-09-25 04:00:00+00:00,208.889,209.97,208.288,209.408,783.0898
2023-09-25 08:00:00+00:00,209.435,209.627,207.671,208.142,863.4238
2023-09-25 12:00:00+00:00,208.286,209.529,207.786,208.945,1206.1381
2023-09-25 16:00:00+00:00,208.967,210.431,208.967,209.93,1859.7755
2023-09-25 20:00:00+00:00,210.006,210.499,209.647,209.94,708.7287
2023-09-26 00:00:00+00:00,209.975,212.264,209.766,211.51,1010.9099
2023-09-26 04:00:00+00:00,211.523,212.558,211.069,212.525,748.551
2023-09-26 08:00:00+00:00,212.525,213.721,211.768,212.52,2363.1809
2023-09-26 12:00:00+00:00,212.53,212.816,210.792,210.999,1358.0459
2023-09-26 16:00:00+00:00,210.943,212.337,210.81,212.101,985.3032
2023-09-26 20:00:00+00:00,212.076,212.608,210.678,212.56,1139.1792
2023-09-27 00:00:00+00:00,212.56,213.2,212.202,213.168,582.6799
2023-09-27 04:00:00+00:00,213.208,213.472,212.681,213.164,756.5314
2023-09-27 08:00:00+00:00,213.147,215.949,212.409,215.312,2121.123
2023-09-27 12:00:00+00:00,215.408,215.778,211.711,212.296,1939.7262
2023-09-27 16:00:00+00:00,212.295,212.837,210.551,211.59,1863.9636
2023-09-27 20:00:00+00:00,211.59,212.168,211.086,212.073,1224.3425
2023-09-28 00:00:00+00:00,212.074,213.04,211.771,212.018,680.7679
2023-09-28 04:00:00+00:00,212.054,213.284,211.51,213.122,739.8149
2023-09-28 08:00:00+00:00,213.087,214.027,212.686,213.558,986.9486
2023-09-28 12:00:00+00:00,213.557,215.716,213.39,215.593,1261.3632
2023-09-28 16:00:00+00:00,215.599,217.0,214.226,215.158,2079.0671
2023-09-28 20:00:00+00:00,215.241,215.6,214.5,214.955,1295.9267
2023-09-29 00:00:00+00:00,214.955,215.601,214.501,214.883,861.1845
2023-09-29 04:00:00+00:00,214.863,217.465,214.401,216.809,859.239
2023-09-29 08:00:00+00:00,216.877,216.905,215.651,215.931,1524.3594
2023-09-29 12:00:00+00:00,215.931,216.604,214.51,215.898,1657.1676
2023-09-29 16:00:00+00:00,215.992,216.043,214.78,215.629,776.9317
2023-09-29 20:00:00+00:00,215.646,215.96,214.878,215.091,782.8442
2023-09-30 00:00:00+00:00,215.122,215.672,214.06,214.556,1145.8626
2023-09-30 04:00:00+00:00,214.529,215.089,214.426,214.523,403.6629
2023-09-30 08:00:00+00:00,214.521,215.134,214.303,214.653,617.6293
2023-09-30 12:00:00+00:00,214.654,216.4,214.499,215.851,1663.023
2023-09-30 16:00:00+00:00,215.819,216.17,215.414,215.746,922.2247
2023-09-30 20:00:00+00:00,215.777,215.891,214.57,214.597,1032.949
2023-10-01 00:00:00+00:00,214.582,215.318,214.467,215.318,438.0627
2023-10-01 04:00:00+00:00,215.29,215.298,214.768,215.004,736.69159013
2023-10-01 08:00:00+00:00,215.028,216.531,214.607,216.149,1195.7341
2023-10-01 12:00:00+00:00,216.165,216.224,214.939,215.639,1702.63034749
2023-10-01 16:00:00+00:00,215.657,215.744,213.068,214.133,1793.6783
2023-10-01 20:00:00+00:00,214.135,219.402,213.578,218.061,3902.575
2023-10-02 00:00:00+00:00,218.141,220.1,217.121,219.107,2147.741
2023-10-02 04:00:00+00:00,219.107,220.0,218.022,219.736,1070.0817
2023-10-02 08:00:00+00:00,219.816,221.52,218.702,218.882,1395.0147
2023-10-02 12:00:00+00:00,218.878,219.492,215.706,216.325,3025.7389
2023-10-02 16:00:00+00:00,216.255,216.988,213.2,215.013,2954.2792
2023-10-02 20:00:00+00:00,215.057,215.057,213.2,214.547,1541.2032
2023-10-03 00:00:00+00:00,214.602,215.616,214.384,215.402,1053.6167
2023-10-03 04:00:00+00:00,215.415,215.843,214.651,215.305,779.8052
2023-10-03 08:00:00+00:00,215.249,215.749,213.481,213.869,1326.5188
2023-10-03 12:00:00+00:00,213.937,214.79,212.795,213.586,1131.2214
2023-10-03 16:00:00+00:00,213.508,213.966,212.867,213.072,1325.5189
2023-10-03 20:00:00+00:00,213.007,213.674,212.451,213.365,1615.0786
2023-10-04 00:00:00+00:00,213.357,213.364,210.869,211.923,1553.1098
2023-10-04 04:00:00+00:00,211.813,212.27,210.712,212.175,534.8332
2023-10-04 08:00:00+00:00,212.166,212.852,212.166,212.5,862.8455
2023-10-04 12:00:00+00:00,212.473,213.433,211.49,211.868,939.9989
2023-10-04 16:00:00+00:00,211.869,213.546,211.738,212.775,1376.8052463
2023-10-04 20:00:00+00:00,212.733,213.712,212.476,213.306,764.8952
2023-10-05 00:00:00+00:00,213.285,213.895,212.731,212.731,343.418
2023-10-05 04:00:00+00:00,212.75,213.016,212.0,212.302,367.2104
2023-10-05 08:00:00+00:00,212.267,212.895,212.16,212.322,815.8053
2023-10-05 12:00:00+00:00,212.332,213.267,210.411,211.121,1851.4569
2023-10-05 16:00:00+00:00,211.009,211.492,210.25,211.065,791.742
2023-10-05 20:00:00+00:00,211.128,211.268,210.438,210.602,711.8181
2023-10-06 00:00:00+00:00,210.659,211.715,210.579,211.596,423.0365
2023-10-06 04:00:00+00:00,211.595,212.54,211.142,212.405,463.6466
2023-10-06 08:00:00+00:00,212.467,212.535,211.766,212.0,1295.1325
2023-10-06 12:00:00+00:00,212.005,212.786,210.151,212.571,1250.28698504
2023-10-06 16:00:00+00:00,212.607,214.135,211.945,213.367,1129.1715
2023-10-06 20:00:00+00:00,213.302,214.433,213.092,213.341,933.26
2023-10-07 00:00:00+00:00,213.356,213.821,213.223,213.27,750.8001
2023-10-07 04:00:00+00:00,213.288,213.759,213.288,213.39,630.4499
2023-10-07 08:00:00+00:00,213.364,213.678,212.47,212.555,848.1382
2023-10-07 12:00:00+00:00,212.517,213.057,212.311,212.582,505.3383
2023-10-07 16:00:00+00:00,212.549,212.549,211.556,211.557,442.0333
2023-10-07 20:00:00+00:00,211.568,212.244,211.568,212.171,357.2919
2023-10-08 00:00:00+00:00,212.225,212.659,211.895,212.634,744.4805
2023-10-08 04:00:00+00:00,212.707,212.736,211.37,211.689,988.4943
2023-10-08 08:00:00+00:00,211.688,211.702,208.711,210.143,3341.6615
2023-10-08 12:00:00+00:00,210.144,212.733,209.84,211.548,2634.0329
2023-10-08 16:00:00+00:00,211.547,211.89,211.031,211.698,1305.9399
2023-10-08 20:00:00+00:00,211.677,212.061,210.913,211.335,776.2892
2023-10-09 00:00:00+00:00,211.335,212.178,210.559,211.98,827.3283
2023-10-09 04:00:00+00:00,212.014,212.071,210.744,211.096,538.3655
2023-10-09 08:00:00+00:00,210.991,211.271,206.032,207.003,3042.3037
2023-10-09 12:00:00+00:00,206.954,208.23,206.166,206.816,2205.9609
2023-10-09 16:00:00+00:00,206.821,207.4,202.136,205.971,5085.1895
2023-10-09 20:00:00+00:00,205.98,206.591,204.748,205.779,2049.3014
2023-10-10 00:00:00+00:00,205.755,207.575,205.502,206.628,860.1817
2023-10-10 04:00:00+00:00,206.707,209.267,206.368,208.519,1343.1084
2023-10-10 08:00:00+00:00,208.519,213.25,206.811,207.003,6514.031
2023-10-10 12:00:00+00:00,207.006,208.761,206.284,207.271,2038.7034
2023-10-10 16:00:00+00:00,207.267,209.236,206.773,208.746,1440.5145
2023-10-10 20:00:00+00:00,208.748,208.866,207.121,208.483,1137.2202481
2023-10-11 00:00:00+00:00,208.617,208.766,204.25,205.359,2046.4064
2023-10-11 04:00:00+00:00,205.336,206.619,205.283,206.099,1373.1
2023-10-11 08:00:00+00:00,206.074,208.345,205.437,207.596,1343.0158
2023-10-11 12:00:00+00:00,207.666,207.892,204.761,205.291,2364.9009
2023-10-11 16:00:00+00:00,205.269,206.349,204.429,206.044,1556.9237
2023-10-11 20:00:00+00:00,206.044,206.675,205.663,206.585,521.777
2023-10-12 00:00:00+00:00,206.585,206.759,204.901,205.851,1109.2541
2023-10-12 04:00:00+00:00,205.81,206.26,205.211,205.348,720.4559
2023-10-12 08:00:00+00:00,205.398,207.325,202.754,205.886,1865.0583
2023-10-12 12:00:00+00:00,205.871,206.441,205.06,205.536,2912.1586
2023-10-12 16:00:00+00:00,205.51,206.024,204.0,205.291,1386.0617
2023-10-12 20:00:00+00:00,205.265,205.759,204.796,205.283,972.3969
2023-10-13 00:00:00+00:00,205.283,206.715,204.806,205.149,1549.2893
2023-10-13 04:00:00+00:00,205.141,206.269,204.35,206.263,729.3981
2023-10-13 08:00:00+00:00,206.264,206.318,205.0,205.555,642.52209736
2023-10-13 12:00:00+00:00,205.695,206.65,205.19,205.688,1398.0787
2023-10-13 16:00:00+00:00,205.624,206.309,205.205,205.534,1278.6633
2023-10-13 20:00:00+00:00,205.543,208.286,205.505,205.981,2389.8193
2023-10-14 00:00:00+00:00,206.0,206.9,205.913,206.594,877.2626
2023-10-14 04:00:00+00:00,206.641,207.01,206.063,206.292,388.1808
2023-10-14 08:00:00+00:00,206.302,206.464,205.724,205.854,656.9965
2023-10-14 12:00:00+00:00,205.861,206.733,205.774,206.729,862.6633
2023-10-14 16:00:00+00:00,206.732,206.829,206.287,206.378,597.5978
2023-10-14 20:00:00+00:00,206.365,206.879,206.09,206.552,406.7335
2023-10-15 00:00:00+00:00,206.527,208.306,206.403,207.07,649.3602
2023-10-15 04:00:00+00:00,207.094,207.425,206.952,207.367,325.8093
2023-10-15 08:00:00+00:00,207.423,207.734,207.003,207.175,540.6819
2023-10-15 12:00:00+00:00,207.083,212.4,206.46,209.321,4888.2726
2023-10-15 16:00:00+00:00,209.322,210.176,208.703,209.66,1585.6826
2023-10-15 20:00:00+00:00,209.681,210.479,209.12,209.781,729.9469
2023-10-16 00:00:00+00:00,209.628,211.262,209.627,210.504,707.9934
2023-10-16 04:00:00+00:00,210.536,214.433,210.392,212.857,2338.6654
2023-10-16 08:00:00+00:00,212.864,213.505,212.281,212.754,1148.2841
2023-10-16 12:00:00+00:00,212.755,218.93,211.44,212.82,7325.2842
2023-10-16 16:00:00+00:00,212.711,215.251,212.711,214.428,2355.962
2023-10-16 20:00:00+00:00,214.533,215.359,213.503,214.625,853.4173
2023-10-17 00:00:00+00:00,214.719,214.983,213.52,213.554,586.3469
2023-10-17 04:00:00+00:00,213.503,213.844,212.621,213.599,818.2828
2023-10-17 08:00:00+00:00,213.611,213.901,211.967,212.48,1246.4077
2023-10-17 12:00:00+00:00,212.472,214.516,209.099,212.026,5250.2918
2023-10-17 16:00:00+00:00,212.004,212.51,210.685,211.542,1121.4707
2023-10-17 20:00:00+00:00,211.543,211.688,210.872,211.417,1296.4912
2023-10-18 00:00:00+00:00,211.427,212.555,211.012,212.434,598.6838
2023-10-18 04:00:00+00:00,212.469,213.77,212.335,212.564,1015.113
2023-10-18 08:00:00+00:00,212.528,213.375,212.18,212.714,1009.5139
2023-10-18 12:00:00+00:00,212.715,213.046,211.244,211.623,1178.5114
2023-10-18 16:00:00+00:00,211.623,212.168,210.15,210.6,1128.9449
2023-10-18 20:00:00+00:00,210.6,210.727,209.901,210.251,928.4777
2023-10-19 00:00:00+00:00,210.239,210.782,208.194,208.997,1592.1199
2023-10-19 04:00:00+00:00,209.132,210.168,208.84,210.041,400.5299
2023-10-19 08:00:00+00:00,210.03,211.0,209.525,210.519,926.0756
2023-10-19 12:00:00+00:00,210.52,211.531,210.21,210.353,2740.9592
2023-10-19 16:00:00+00:00,210.281,210.852,210.147,210.622,1336.4259
2023-10-19 20:00:00+00:00,210.637,211.197,210.021,211.171,746.1313
2023-10-20 00:00:00+00:00,211.147,213.399,210.512,212.742,1993.1017
2023-10-20 04:00:00+00:00,212.835,213.949,212.254,212.364,2148.2087
2023-10-20 08:00:00+00:00,212.366,216.612,212.365,214.023,3346.90469074
2023-10-20 12:00:00+00:00,214.075,214.155,212.662,212.844,1788.0005
2023-10-20 16:00:00+00:00,212.844,213.154,211.94,212.833,1241.779
2023-10-20 20:00:00+00:00,212.764,213.012,211.938,212.032,610.70616929
2023-10-21 00:00:00+00:00,212.054,212.442,211.4,212.108,610.0706
2023-10-21 04:00:00+00:00,212.107,212.949,211.899,212.751,463.5898
2023-10-21 08:00:00+00:00,212.759,213.336,212.404,213.219,801.8555
2023-10-21 12:00:00+00:00,213.263,214.349,212.286,214.31,1019.643
2023-10-21 16:00:00+00:00,214.323,215.779,213.484,215.136,1120.5361631
2023-10-21 20:00:00+00:00,215.113,215.448,213.871,214.183,825.113
2023-10-22 00:00:00+00:00,214.18,215.124,213.871,214.204,696.188
2023-10-22 04:00:00+00:00,214.197,216.72,213.662,214.173,2293.8169
2023-10-22 08:00:00+00:00,214.134,214.691,213.6,213.962,559.787
2023-10-22 12:00:00+00:00,213.945,214.999,213.936,214.174,1152.7992
2023-10-22 16:00:00+00:00,214.175,215.686,214.004,215.097,772.794
2023-10-22 20:00:00+00:00,215.107,218.35,214.824,217.622,3688.7377
2023-10-23 00:00:00+00:00,217.79,222.7,217.014,222.087,5434.2516513
2023-10-23 04:00:00+00:00,222.21,222.799,218.699,219.467,2185.4652
2023-10-23 08:00:00+00:00,219.419,220.9,218.164,220.163,3319.7758
2023-10-23 12:00:00+00:00,220.174,220.46,218.164,219.241,3221.1477
2023-10-23 16:00:00+00:00,219.196,222.197,218.975,222.159,3715.9238
2023-10-23 20:00:00+00:00,222.155,231.112,221.616,228.53,6563.8489
2023-10-24 00:00:00+00:00,228.59,238.029,228.01,230.566,7805.8579
2023-10-24 04:00:00+00:00,230.442,231.99,226.734,227.538,5408.2323032
2023-10-24 08:00:00+00:00,227.553,232.125,226.459,231.685,4476.7461
2023-10-24 12:00:00+00:00,231.677,233.318,221.63,223.946,4851.3658
2023-10-24 16:00:00+00:00,223.932,226.526,222.7,225.67,5281.2914
2023-10-24 20:00:00+00:00,225.669,227.159,223.504,225.176,2104.8663
2023-10-25 00:00:00+00:00,225.182,229.197,225.058,227.16,1901.5423
2023-10-25 04:00:00+00:00,227.227,228.056,223.977,225.0,1889.5615
2023-10-25 08:00:00+00:00,224.875,226.23,223.751,224.485,1516.1351
2023-10-25 12:00:00+00:00,224.666,227.698,224.3,227.307,3097.2519
2023-10-25 16:00:00+00:00,227.306,227.699,222.676,223.287,4543.6566
2023-10-25 20:00:00+00:00,223.27,223.778,221.55,222.122,1772.7801
2023-10-26 00:00:00+00:00,222.012,225.924,221.612,225.924,2209.4082
2023-10-26 04:00:00+00:00,225.934,228.01,222.89,226.5,1813.3643
2023-10-26 08:00:00+00:00,226.444,228.129,223.16,224.818,2477.7381
2023-10-26 12:00:00+00:00,224.717,226.21,219.3,221.063,4847.18506461
2023-10-26 16:00:00+00:00,221.117,222.591,219.94,222.477,2303.0236
2023-10-26 20:00:00+00:00,222.427,223.77,222.301,223.225,2394.9343
2023-10-27 00:00:00+00:00,223.225,223.232,219.889,223.15,1292.06935421
2023-10-27 04:00:00+00:00,223.16,226.641,222.446,223.17,1747.2211
2023-10-27 08:00:00+00:00,223.21,228.042,223.21,227.634,2689.6735
2023-10-27 12:00:00+00:00,227.569,231.424,224.051,225.876,9954.80568013
2023-10-27 16:00:00+00:00,225.763,226.525,221.2,224.308,5503.7936
2023-10-27 20:00:00+00:00,224.359,224.796,223.585,224.064,2481.7675
2023-10-28 00:00:00+00:00,224.061,227.281,224.052,227.088,1038.8468
2023-10-28 04:00:00+00:00,227.125,227.696,226.054,227.235,1357.273
2023-10-28 08:00:00+00:00,227.271,228.5,226.321,226.776,1961.4063
2023-10-28 12:00:00+00:00,226.796,226.992,224.858,226.739,2197.9083
2023-10-28 16:00:00+00:00,226.739,226.739,225.254,225.356,934.8125
2023-10-28 20:00:00+00:00,225.318,226.358,225.063,225.659,1349.525
2023-10-29 00:00:00+00:00,225.638,226.0,223.627,224.476,902.15239947
2023-10-29 04:00:00+00:00,224.386,225.748,224.301,225.711,785.6207
2023-10-29 08:00:00+00:00,225.711,226.278,225.341,226.06,969.3039
2023-10-29 12:00:00+00:00,226.095,227.254,226.015,226.423,1137.7043
2023-10-29 16:00:00+00:00,226.503,227.467,225.746,226.782,1524.7105
2023-10-29 20:00:00+00:00,226.759,228.09,226.528,226.967,806.1207
2023-10-30 00:00:00+00:00,226.979,227.759,225.501,225.59,1617.8796
2023-10-30 04:00:00+00:00,225.573,226.176,224.579,226.135,2312.6794
2023-10-30 08:00:00+00:00,226.097,228.509,225.785,228.276,2230.3703
2023-10-30 12:00:00+00:00,228.275,229.0,227.5,228.532,1866.0232
2023-10-30 16:00:00+00:00,228.524,228.764,225.52,228.167,1921.3459
2023-10-30 20:00:00+00:00,228.206,229.093,227.638,227.945,1468.3401
2023-10-31 00:00:00+00:00,227.925,229.299,226.331,226.352,4340.9225
2023-10-31 04:00:00+00:00,226.332,227.596,225.7,225.906,1493.2232
2023-10-31 08:00:00+00:00,225.907,228.466,224.974,228.153,1636.02359948
2023-10-31 12:00:00+00:00,228.191,228.627,223.855,224.595,2620.2847
2023-10-31 16:00:00+00:00,224.503,226.16,223.935,225.751,1598.8028
2023-10-31 20:00:00+00:00,225.711,226.5,225.264,226.182,1183.35179974
2023-11-01 00:00:00+00:00,226.169,226.993,225.094,225.362,757.3432
2023-11-01 04:00:00+00:00,225.43,225.52,224.063,224.582,962.1746
2023-11-01 08:00:00+00:00,224.531,224.979,223.4,224.45,1929.4256
2023-11-01 12:00:00+00:00,224.517,226.741,222.368,223.305,2538.0844
2023-11-01 16:00:00+00:00,223.266,227.79,223.1,226.576,3094.4405
2023-11-01 20:00:00+00:00,226.631,229.643,226.631,227.978,3083.541
2023-11-02 00:00:00+00:00,227.98,232.538,227.501,230.635,4446.565
2023-11-02 04:00:00+00:00,230.665,230.943,227.661,229.864,2204.67
2023-11-02 08:00:00+00:00,229.831,232.0,228.333,231.869,2893.8256
2023-11-02 12:00:00+00:00,231.847,233.672,228.158,229.528,5333.2895
2023-11-02 16:00:00+00:00,229.501,232.57,227.821,232.521,6027.0868
2023-11-02 20:00:00+00:00,232.572,232.958,230.406,231.793,1922.9432
2023-11-03 00:00:00+00:00,231.862,232.44,227.259,230.001,4128.8978
2023-11-03 04:00:00+00:00,229.869,231.295,227.882,229.784,1610.8056
2023-11-03 08:00:00+00:00,229.696,230.15,225.677,227.663,3561.2859
2023-11-03 12:00:00+00:00,227.551,229.601,226.492,229.531,2208.7374
2023-11-03 16:00:00+00:00,229.423,229.685,227.534,229.31,1559.859
2023-11-03 20:00:00+00:00,229.299,230.728,229.101,230.288,1553.1902
2023-11-04 00:00:00+00:00,230.287,231.416,229.416,231.279,1957.038
2023-11-04 04:00:00+00:00,231.33,232.079,229.829,231.866,1388.0558
2023-11-04 08:00:00+00:00,231.662,236.646,231.48,234.447,3733.908
2023-11-04 12:00:00+00:00,234.41,236.659,233.908,234.826,2258.8954
2023-11-04 16:00:00+00:00,234.802,237.319,234.491,236.101,1674.9408
2023-11-04 20:00:00+00:00,236.031,238.642,235.765,237.135,1465.1816
2023-11-05 00:00:00+00:00,237.279,243.351,236.161,242.915,3627.6447
2023-11-05 04:00:00+00:00,242.874,244.97,241.081,244.457,2706.2456
2023-11-05 08:00:00+00:00,244.467,244.7,241.076,243.691,3157.5879
2023-11-05 12:00:00+00:00,243.669,244.236,238.851,240.656,4436.3538
2023-11-05 16:00:00+00:00,240.706,244.113,240.376,243.529,2860.2402
2023-11-05 20:00:00+00:00,243.518,245.466,240.752,243.877,2615.8792
2023-11-06 00:00:00+00:00,243.87,246.026,242.62,243.655,1586.8155
2023-11-06 04:00:00+00:00,243.719,244.349,241.53,244.349,1379.5056
2023-11-06 08:00:00+00:00,244.321,245.211,242.922,245.21,1792.6902
2023-11-06 12:00:00+00:00,245.22,254.359,245.003,251.628,15303.33750341
2023-11-06 16:00:00+00:00,251.765,253.858,249.571,253.441,3450.8563
2023-11-06 20:00:00+00:00,253.504,255.759,252.562,255.07,4107.9906
2023-11-07 00:00:00+00:00,255.01,255.507,249.845,251.482,2791.1581
2023-11-07 04:00:00+00:00,251.423,252.719,250.617,251.172,1972.0905
2023-11-07 08:00:00+00:00,251.175,252.34,246.143,247.803,6223.2725
2023-11-07 12:00:00+00:00,247.747,248.366,242.988,244.488,4230.0264
2023-11-07 16:00:00+00:00,244.515,248.179,242.13,247.865,7229.0337
2023-11-07 20:00:00+00:00,247.981,249.659,245.447,246.376,4067.7657
2023-11-08 00:00:00+00:00,246.198,247.089,245.316,245.692,1067.1807
2023-11-08 04:00:00+00:00,245.656,247.87,244.048,245.921,1847.3062
2023-11-08 08:00:00+00:00,245.921,246.889,244.08,246.412,2425.3396
2023-11-08 12:00:00+00:00,246.463,246.818,244.278,245.8,2893.0916
2023-11-08 16:00:00+00:00,245.776,248.251,245.461,246.914,2927.67136921
2023-11-08 20:00:00+00:00,247.031,247.879,245.08,246.646,3081.3988
2023-11-09 00:00:00+00:00,246.629,250.189,245.671,249.97,2631.7621
2023-11-09 04:00:00+00:00,249.993,251.96,248.171,248.466,3185.2879
2023-11-09 08:00:00+00:00,248.582,251.23,248.242,249.419,4233.5056
2023-11-09 12:00:00+00:00,249.397,255.779,247.129,251.711,6066.87206446
2023-11-09 16:00:00+00:00,251.772,253.015,240.191,244.836,8636.5605
2023-11-09 20:00:00+00:00,244.83,251.76,242.86,251.696,3731.6477
2023-11-10 00:00:00+00:00,251.7,258.0,251.156,255.453,6673.9802
2023-11-10 04:00:00+00:00,255.546,256.944,251.33,251.466,2929.6315
2023-11-10 08:00:00+00:00,251.403,253.56,249.45,252.976,4001.6249
2023-11-10 12:00:00+00:00,252.977,253.107,247.971,249.863,4293.4809
2023-11-10 16:00:00+00:00,249.836,251.6,249.603,250.65,3795.9103
2023-11-10 20:00:00+00:00,250.624,252.337,249.934,250.938,1959.9166
2023-11-11 00:00:00+00:00,251.102,252.49,246.956,248.133,3017.5223
2023-11-11 04:00:00+00:00,248.0,249.36,245.914,248.847,3134.3457
2023-11-11 08:00:00+00:00,248.889,249.83,248.242,248.735,1779.3949
2023-11-11 12:00:00+00:00,248.734,254.44,247.942,253.005,3099.8594
2023-11-11 16:00:00+00:00,253.056,255.099,252.331,253.854,2394.5467
2023-11-11 20:00:00+00:00,253.872,253.872,249.441,251.545,1481.355
2023-11-12 00:00:00+00:00,251.501,251.91,244.548,248.627,3394.8964
2023-11-12 04:00:00+00:00,248.611,251.056,247.254,250.675,1471.9206
2023-11-12 08:00:00+00:00,250.675,250.753,248.39,249.071,2092.3668
2023-11-12 12:00:00+00:00,249.071,249.497,247.171,248.591,2558.9585
2023-11-12 16:00:00+00:00,248.599,248.982,247.361,247.885,2388.2296
2023-11-12 20:00:00+00:00,247.893,249.122,246.643,247.561,1457.1107
2023-11-13 00:00:00+00:00,247.467,250.0,245.147,245.438,2350.5042
2023-11-13 04:00:00+00:00,245.46,246.689,243.817,245.659,2209.2309
2023-11-13 08:00:00+00:00,245.694,247.193,243.849,244.846,2368.474
2023-11-13 12:00:00+00:00,244.841,247.059,243.085,247.059,2817.4508
2023-11-13 16:00:00+00:00,246.959,247.453,243.671,245.966,3090.717
2023-11-13 20:00:00+00:00,245.966,246.041,240.24,241.058,5215.1659
2023-11-14 00:00:00+00:00,241.058,242.515,238.0,242.45,3332.9391
2023-11-14 04:00:00+00:00,242.358,244.747,241.482,244.505,2025.7173
2023-11-14 08:00:00+00:00,244.417,249.38,243.81,244.537,4852.0578
2023-11-14 12:00:00+00:00,244.53,246.89,242.45,244.141,4378.2449
2023-11-14 16:00:00+00:00,244.169,245.599,234.04,239.97,5731.5921
2023-11-14 20:00:00+00:00,240.071,242.889,239.121,242.193,2088.1467
2023-11-15 00:00:00+00:00,242.249,245.33,242.102,243.865,3360.2073
2023-11-15 04:00:00+00:00,243.871,246.6,243.858,245.288,1906.1493
2023-11-15 08:00:00+00:00,245.239,246.999,244.667,246.915,2092.4984
2023-11-15 12:00:00+00:00,246.999,254.475,246.998,252.342,5677.198
2023-11-15 16:00:00+00:00,252.335,254.39,250.944,252.941,3750.1198
2023-11-15 20:00:00+00:00,252.964,253.84,250.731,253.807,1894.0538
2023-11-16 00:00:00+00:00,253.788,254.589,252.013,253.205,1648.1628
2023-11-16 04:00:00+00:00,253.208,255.57,251.787,254.794,2492.3196
2023-11-16 08:00:00+00:00,254.839,255.741,250.601,251.537,2929.5678
2023-11-16 12:00:00+00:00,251.618,251.807,244.725,246.384,4064.6818
2023-11-16 16:00:00+00:00,246.384,247.815,240.143,243.079,4683.8348
2023-11-16 20:00:00+00:00,243.092,243.452,240.36,242.683,2443.8979
2023-11-17 00:00:00+00:00,242.683,245.844,242.364,244.537,1734.0564
2023-11-17 04:00:00+00:00,244.631,245.71,243.537,244.455,1531.5419
2023-11-17 08:00:00+00:00,244.499,245.797,242.46,244.201,2286.247
2023-11-17 12:00:00+00:00,244.173,245.086,238.381,238.852,4818.1644
2023-11-17 16:00:00+00:00,238.922,244.324,238.522,243.213,3378.3898
2023-11-17 20:00:00+00:00,243.221,245.328,242.72,244.869,1183.1147
2023-11-18 00:00:00+00:00,244.868,244.868,241.442,241.498,1888.2542
2023-11-18 04:00:00+00:00,241.519,242.937,238.478,241.801,1314.7773
2023-11-18 08:00:00+00:00,241.729,243.62,241.298,242.941,1282.053
2023-11-18 12:00:00+00:00,242.944,244.48,241.251,244.418,1280.5615
2023-11-18 16:00:00+00:00,244.416,245.144,243.54,244.984,1655.3259
2023-11-18 20:00:00+00:00,245.042,245.114,243.441,244.718,933.8709
2023-11-19 00:00:00+00:00,244.715,244.764,241.891,244.203,1414.2526
2023-11-19 04:00:00+00:00,244.236,244.683,243.685,244.299,1228.9067
2023-11-19 08:00:00+00:00,244.399,244.94,242.424,243.161,1272.5992
2023-11-19 12:00:00+00:00,243.164,243.679,242.05,243.538,1889.1999
2023-11-19 16:00:00+00:00,243.515,245.899,243.445,245.666,2517.0282
2023-11-19 20:00:00+00:00,245.793,246.879,244.272,246.464,3054.451
2023-11-20 00:00:00+00:00,246.486,247.797,245.326,246.578,2160.5305
2023-11-20 04:00:00+00:00,246.496,247.415,245.587,247.291,920.1175
2023-11-20 08:00:00+00:00,247.288,249.148,246.923,247.538,1872.4317
2023-11-20 12:00:00+00:00,247.524,248.32,244.311,248.152,3204.8176838
2023-11-20 16:00:00+00:00,248.125,268.678,238.187,257.518,33138.4973
2023-11-20 20:00:00+00:00,257.56,258.859,250.771,253.021,6246.6635
2023-11-21 00:00:00+00:00,253.002,268.031,252.481,262.722,13868.77613124
2023-11-21 04:00:00+00:00,262.659,264.317,256.984,257.18,7977.7108
2023-11-21 08:00:00+00:00,257.514,261.168,257.153,258.757,3958.4259
2023-11-21 12:00:00+00:00,258.764,271.758,247.826,264.364,25747.4801
2023-11-21 16:00:00+00:00,264.579,266.68,236.602,239.976,48294.59222853
2023-11-21 20:00:00+00:00,240.092,248.03,224.001,225.666,30407.36403802
2023-11-22 00:00:00+00:00,225.416,235.028,224.63,234.191,12033.88807476
2023-11-22 04:00:00+00:00,234.233,238.436,232.223,232.86,7472.5016
2023-11-22 08:00:00+00:00,232.977,237.619,232.556,234.051,6720.6546
2023-11-22 12:00:00+00:00,234.046,234.822,230.192,231.645,7106.21419824
2023-11-22 16:00:00+00:00,231.63,236.52,229.88,235.246,7586.4726
2023-11-22 20:00:00+00:00,235.268,238.274,234.297,236.221,5651.3862
2023-11-23 00:00:00+00:00,236.287,239.179,235.413,235.415,4836.046
2023-11-23 04:00:00+00:00,235.44,236.358,233.794,235.177,3582.7107
2023-11-23 08:00:00+00:00,235.12,236.848,232.189,232.879,4033.07763721
2023-11-23 12:00:00+00:00,232.771,233.668,230.27,230.822,3585.755
2023-11-23 16:00:00+00:00,230.847,234.199,230.527,233.533,4046.7167
2023-11-23 20:00:00+00:00,233.562,234.43,233.205,233.68,1505.35226987
2023-11-24 00:00:00+00:00,233.807,235.72,233.448,234.769,1702.7562
2023-11-24 04:00:00+00:00,234.77,235.8,234.409,235.418,1702.5365
2023-11-24 08:00:00+00:00,235.478,236.73,233.601,235.154,4174.6788
2023-11-24 12:00:00+00:00,235.154,236.352,233.74,235.09,4323.0544
2023-11-24 16:00:00+00:00,235.114,236.142,231.922,232.722,4232.27
2023-11-24 20:00:00+00:00,232.735,233.488,231.581,232.811,2160.0391
2023-11-25 00:00:00+00:00,232.816,235.35,232.234,234.464,1555.7807
2023-11-25 04:00:00+00:00,234.464,235.421,233.92,235.42,1431.3404
2023-11-25 08:00:00+00:00,235.429,235.691,232.329,233.145,3204.237
2023-11-25 12:00:00+00:00,233.146,233.92,232.624,233.609,2036.4685
2023-11-25 16:00:00+00:00,233.609,233.839,230.828,233.218,4628.9318
2023-11-25 20:00:00+00:00,233.224,234.39,233.0,234.326,1058.856
2023-11-26 00:00:00+00:00,234.345,234.383,232.592,232.769,1990.6377
2023-11-26 04:00:00+00:00,232.75,234.144,232.61,233.851,1159.7627
2023-11-26 08:00:00+00:00,233.862,234.229,233.386,233.418,2139.0656
2023-11-26 12:00:00+00:00,233.421,234.03,231.221,231.493,2023.4477
2023-11-26 16:00:00+00:00,231.371,231.928,227.814,231.375,5230.291
2023-11-26 20:00:00+00:00,231.351,232.8,231.157,231.744,1394.38334986
2023-11-27 00:00:00+00:00,231.833,232.894,228.037,229.006,2802.3891
2023-11-27 04:00:00+00:00,228.936,231.434,227.381,228.809,3891.3065
2023-11-27 08:00:00+00:00,228.809,229.47,224.7,225.763,7183.25489985
2023-11-27 12:00:00+00:00,225.788,227.43,222.446,222.69,5112.5263
2023-11-27 16:00:00+00:00,222.802,227.532,222.64,224.739,3764.0028
2023-11-27 20:00:00+00:00,224.653,227.64,223.282,227.227,2231.1109
2023-11-28 00:00:00+00:00,227.274,228.52,225.461,226.649,1578.5047
2023-11-28 04:00:00+00:00,226.751,227.078,224.3,225.812,1710.8477
2023-11-28 08:00:00+00:00,225.776,229.196,225.184,228.894,2658.772
2023-11-28 12:00:00+00:00,228.965,230.589,228.018,229.713,3520.5949
2023-11-28 16:00:00+00:00,229.742,231.697,229.373,230.333,4150.6991
2023-11-28 20:00:00+00:00,230.335,231.156,229.101,229.59,1973.0632
2023-11-29 00:00:00+00:00,229.743,230.434,228.69,229.36,1513.0948
2023-11-29 04:00:00+00:00,229.529,230.539,229.163,229.861,1567.9053
2023-11-29 08:00:00+00:00,229.831,231.17,228.151,229.255,2828.0095
2023-11-29 12:00:00+00:00,229.25,229.646,226.247,227.553,3216.0848
2023-11-29 16:00:00+00:00,227.554,227.966,226.173,227.498,1997.7804
2023-11-29 20:00:00+00:00,227.498,227.58,226.573,227.255,1534.8062
2023-11-30 00:00:00+00:00,227.223,228.91,226.42,228.762,1462.1879
2023-11-30 04:00:00+00:00,228.692,229.179,227.535,227.718,2707.36
2023-11-30 08:00:00+00:00,227.719,228.8,226.831,228.789,2137.486
2023-11-30 12:00:00+00:00,228.789,228.98,226.251,226.68,3620.8004
2023-11-30 16:00:00+00:00,226.701,227.582,225.992,227.243,1963.9306
2023-11-30 20:00:00+00:00,227.303,227.95,227.018,227.541,1373.2007
2023-12-01 00:00:00+00:00,227.597,229.217,226.995,229.105,2698.8876
2023-12-01 04:00:00+00:00,229.135,229.88,228.422,228.592,2180.542
2023-12-01 08:00:00+00:00,228.647,229.917,228.4,228.908,4025.5934
2023-12-01 12:00:00+00:00,228.904,229.097,227.42,228.354,3242.0491
2023-12-01 16:00:00+00:00,228.337,229.403,227.961,228.788,3174.2498
2023-12-01 20:00:00+00:00,228.791,228.976,228.1,228.491,2433.9341
2023-12-02 00:00:00+00:00,228.446,229.729,228.107,229.276,1322.4782
2023-12-02 04:00:00+00:00,229.261,229.554,228.365,228.374,1735.8284
2023-12-02 08:00:00+00:00,228.377,228.769,227.007,227.083,2910.348
2023-12-02 12:00:00+00:00,227.063,227.921,226.359,227.185,3239.7103
2023-12-02 16:00:00+00:00,227.169,230.236,226.959,228.844,6123.8616
2023-12-02 20:00:00+00:00,228.921,230.1,228.516,229.114,3264.82616816
2023-12-03 00:00:00+00:00,229.119,231.905,227.892,228.433,3308.6364
2023-12-03 04:00:00+00:00,228.476,228.661,227.061,228.044,2168.1947
2023-12-03 08:00:00+00:00,228.081,229.1,227.725,227.965,2586.3464
2023-12-03 12:00:00+00:00,227.977,228.153,226.427,226.871,4715.0721
2023-12-03 16:00:00+00:00,226.946,227.352,225.982,227.004,5475.2797
2023-12-03 20:00:00+00:00,226.912,229.0,226.404,228.022,3547.8866
2023-12-04 00:00:00+00:00,228.024,229.865,227.895,228.716,4664.2965
2023-12-04 04:00:00+00:00,228.742,234.705,228.05,231.8,11109.1878
2023-12-04 08:00:00+00:00,231.8,237.254,224.605,229.654,22159.1033
2023-12-04 12:00:00+00:00,229.704,231.644,227.141,229.913,10235.6316
2023-12-04 16:00:00+00:00,229.878,231.999,229.436,231.955,6580.8228
2023-12-04 20:00:00+00:00,231.947,233.391,230.9,233.391,4685.4501
2023-12-05 00:00:00+00:00,233.4,234.985,230.51,232.786,5412.9568
2023-12-05 04:00:00+00:00,232.794,233.109,227.975,229.393,6785.0591
2023-12-05 08:00:00+00:00,229.388,230.409,228.381,230.107,5628.8726
2023-12-05 12:00:00+00:00,230.087,231.65,229.68,231.143,5617.67412852
2023-12-05 16:00:00+00:00,231.126,233.139,230.509,231.218,11183.5796
2023-12-05 20:00:00+00:00,231.217,231.742,230.123,231.218,4785.0107
2023-12-06 00:00:00+00:00,231.31,232.767,230.657,231.709,5293.8689
2023-12-06 04:00:00+00:00,231.717,233.539,228.523,233.254,6787.4832
2023-12-06 08:00:00+00:00,233.257,234.81,228.792,230.249,9476.0056992
2023-12-06 12:00:00+00:00,230.188,231.132,229.158,230.07,4676.0971
2023-12-06 16:00:00+00:00,230.041,231.843,229.526,230.909,5272.286
2023-12-06 20:00:00+00:00,230.903,232.499,228.995,229.491,7103.507
2023-12-07 00:00:00+00:00,229.478,232.818,229.222,232.806,4257.083
2023-12-07 04:00:00+00:00,232.761,234.911,232.247,232.543,3515.7946
2023-12-07 08:00:00+00:00,232.591,232.932,228.36,230.107,5614.8053
2023-12-07 12:00:00+00:00,230.107,233.355,230.087,232.578,4875.5939
2023-12-07 16:00:00+00:00,232.674,234.246,230.0,230.802,8707.4335
2023-12-07 20:00:00+00:00,230.791,233.143,230.485,232.694,3400.6554
2023-12-08 00:00:00+00:00,232.722,236.523,232.46,235.491,9356.4737
2023-12-08 04:00:00+00:00,235.527,237.137,232.353,232.938,5376.5696
2023-12-08 08:00:00+00:00,232.948,235.676,232.241,234.672,7083.5021
2023-12-08 12:00:00+00:00,234.709,236.235,233.676,234.974,7676.0621
2023-12-08 16:00:00+00:00,235.034,238.309,234.573,237.885,6075.3873
2023-12-08 20:00:00+00:00,237.892,239.949,237.851,238.903,4513.2843
2023-12-09 00:00:00+00:00,238.986,244.679,238.89,243.709,7340.0539
2023-12-09 04:00:00+00:00,243.7,245.557,242.806,244.003,3905.5708
2023-12-09 08:00:00+00:00,243.967,245.28,238.437,242.343,9280.5799
2023-12-09 12:00:00+00:00,242.33,242.841,238.536,240.706,7436.6914
2023-12-09 16:00:00+00:00,240.727,240.829,237.469,239.731,6006.4707
2023-12-09 20:00:00+00:00,239.718,240.116,236.277,237.752,5272.8571
2023-12-10 00:00:00+00:00,237.766,240.702,237.414,240.462,3359.8923
2023-12-10 04:00:00+00:00,240.462,241.31,239.34,240.647,2684.5996
2023-12-10 08:00:00+00:00,240.759,240.852,236.787,238.395,6048.0333
2023-12-10 12:00:00+00:00,238.416,241.16,238.19,239.973,4463.4012921
2023-12-10 16:00:00+00:00,239.965,240.408,238.71,240.07,4481.1132
2023-12-10 20:00:00+00:00,240.062,240.88,238.9,239.817,4820.00639994
2023-12-11 00:00:00+00:00,239.848,241.389,227.32,233.183,19923.22539467
2023-12-11 04:00:00+00:00,233.183,234.258,230.959,232.435,7342.5217
2023-12-11 08:00:00+00:00,232.49,237.869,231.571,236.024,6509.051
2023-12-11 12:00:00+00:00,236.06,248.2,235.268,244.31,22488.0377
2023-12-11 16:00:00+00:00,244.276,246.875,236.841,239.979,14093.1822
2023-12-11 20:00:00+00:00,239.981,247.04,239.883,246.501,8164.9217
2023-12-12 00:00:00+00:00,246.483,253.659,245.707,253.241,15758.8133
2023-12-12 04:00:00+00:00,253.241,254.21,248.371,250.429,10154.9289
2023-12-12 08:00:00+00:00,250.472,251.327,248.545,250.133,4148.4067
2023-12-12 12:00:00+00:00,250.18,256.149,249.41,254.01,10552.0846
2023-12-12 16:00:00+00:00,254.005,257.229,248.96,255.343,8342.1271
2023-12-12 20:00:00+00:00,255.367,256.801,253.525,254.452,3812.7254
2023-12-13 00:00:00+00:00,254.452,254.928,245.25,246.336,9157.636
2023-12-13 04:00:00+00:00,246.336,248.729,244.176,247.831,5048.1436
2023-12-13 08:00:00+00:00,247.832,251.915,247.832,249.55,4212.3435
2023-12-13 12:00:00+00:00,249.534,251.693,248.751,251.525,3675.472
2023-12-13 16:00:00+00:00,251.572,253.72,250.12,253.465,2997.3025
2023-12-13 20:00:00+00:00,253.553,255.896,251.58,252.1,3372.7855
2023-12-14 00:00:00+00:00,252.152,253.239,248.34,248.562,3254.1159
2023-12-14 04:00:00+00:00,248.611,250.88,248.345,250.875,2387.3782
2023-12-14 08:00:00+00:00,250.875,253.19,250.494,251.963,5818.8617
2023-12-14 12:00:00+00:00,251.963,252.62,247.521,251.156,5026.07347859
2023-12-14 16:00:00+00:00,251.13,253.985,250.848,251.931,4489.8395
2023-12-14 20:00:00+00:00,251.947,254.111,251.33,253.248,2848.6693
2023-12-15 00:00:00+00:00,253.211,253.353,251.1,251.143,2639.5196
2023-12-15 04:00:00+00:00,251.133,251.418,249.0,249.053,1853.7786
2023-12-15 08:00:00+00:00,249.062,250.786,248.321,249.84,2870.8225
2023-12-15 12:00:00+00:00,249.821,249.947,245.06,246.011,5258.8765
2023-12-15 16:00:00+00:00,246.021,248.034,245.531,246.574,2227.0168
2023-12-15 20:00:00+00:00,246.566,247.593,242.53,244.768,2240.545
2023-12-16 00:00:00+00:00,244.792,248.37,242.84,247.812,1438.2686
2023-12-16 04:00:00+00:00,247.973,247.974,245.99,246.641,2469.9729
2023-12-16 08:00:00+00:00,246.641,247.385,246.0,246.969,3200.8282
2023-12-16 12:00:00+00:00,246.998,247.1,245.521,246.277,2689.7505
2023-12-16 16:00:00+00:00,246.33,247.218,243.96,245.288,3454.5512
2023-12-16 20:00:00+00:00,245.318,245.77,243.75,244.295,1819.8273
2023-12-17 00:00:00+00:00,244.332,244.477,242.476,243.124,2309.5869476
2023-12-17 04:00:00+00:00,243.05,243.499,239.531,240.457,3866.8834
2023-12-17 08:00:00+00:00,240.439,242.2,240.001,241.615,3195.2527
2023-12-17 12:00:00+00:00,241.614,242.199,239.911,242.19,2810.275
2023-12-17 16:00:00+00:00,242.19,243.988,241.749,242.68,2508.0246
2023-12-17 20:00:00+00:00,242.699,243.457,238.91,238.993,2204.7203
2023-12-18 00:00:00+00:00,239.016,240.188,235.591,237.279,4973.7883
2023-12-18 04:00:00+00:00,237.32,238.344,235.8,236.71,3933.51242796
2023-12-18 08:00:00+00:00,236.651,238.12,231.969,235.531,7206.41820453
2023-12-18 12:00:00+00:00,235.53,239.226,234.35,236.994,4213.9476
2023-12-18 16:00:00+00:00,236.977,238.979,236.461,238.326,2715.1159
2023-12-18 20:00:00+00:00,238.436,241.68,237.579,241.666,3131.169
2023-12-19 00:00:00+00:00,241.68,247.016,241.364,245.158,6204.0115
2023-12-19 04:00:00+00:00,245.164,247.538,244.83,244.845,4139.0278
2023-12-19 08:00:00+00:00,244.898,253.0,244.566,251.983,15174.4833
2023-12-19 12:00:00+00:00,251.983,253.689,249.337,251.345,9393.2005
2023-12-19 16:00:00+00:00,251.358,254.12,250.43,253.602,7365.69579993
2023-12-19 20:00:00+00:00,253.583,254.569,251.334,252.77,4373.4975
2023-12-20 00:00:00+00:00,252.77,254.32,250.276,252.181,4509.416
2023-12-20 04:00:00+00:00,252.18,256.5,251.692,256.34,6933.6206
2023-12-20 08:00:00+00:00,256.333,257.8,255.247,255.523,6631.2939
2023-12-20 12:00:00+00:00,255.599,259.449,255.365,258.015,8924.9734
2023-12-20 16:00:00+00:00,258.166,261.606,257.711,259.689,5649.7586
2023-12-20 20:00:00+00:00,259.697,260.322,255.713,260.231,3426.9013
2023-12-21 00:00:00+00:00,260.299,260.53,256.388,258.424,3724.986
2023-12-21 04:00:00+00:00,258.41,261.74,256.697,260.837,3472.3685
2023-12-21 08:00:00+00:00,260.938,271.792,260.938,271.74,11858.1316
2023-12-21 12:00:00+00:00,271.746,274.76,270.021,271.589,10578.6359
2023-12-21 16:00:00+00:00,271.501,273.24,268.61,269.995,7311.9125
2023-12-21 20:00:00+00:00,270.011,272.161,269.347,272.161,3484.7062
2023-12-22 00:00:00+00:00,272.085,273.01,269.951,271.687,2935.135
2023-12-22 04:00:00+00:00,271.644,276.349,265.0,265.153,9964.7054
2023-12-22 08:00:00+00:00,265.121,271.529,265.121,270.201,8527.0372
2023-12-22 12:00:00+00:00,270.202,272.62,266.58,271.638,4804.2177
2023-12-22 16:00:00+00:00,271.493,272.109,268.077,269.912,4159.5347
2023-12-22 20:00:00+00:00,269.925,272.95,269.925,271.098,2796.64359982
2023-12-23 00:00:00+00:00,271.125,272.075,265.869,266.2,3582.0545
2023-12-23 04:00:00+00:00,266.329,268.383,265.581,266.375,1767.637
2023-12-23 08:00:00+00:00,266.387,268.489,266.27,268.122,1507.4068
2023-12-23 12:00:00+00:00,268.119,270.03,267.963,269.782,1777.0506
2023-12-23 16:00:00+00:00,269.782,271.469,269.171,270.257,1813.1132
2023-12-23 20:00:00+00:00,270.354,271.928,270.088,270.989,1833.7241
2023-12-24 00:00:00+00:00,271.091,272.478,269.821,269.895,2990.0918
2023-12-24 04:00:00+00:00,269.931,270.918,266.39,269.155,3221.9105
2023-12-24 08:00:00+00:00,269.199,269.254,266.115,268.054,2449.4802
2023-12-24 12:00:00+00:00,268.079,271.14,267.441,269.406,2852.6544
2023-12-24 16:00:00+00:00,269.446,269.633,268.004,268.573,1913.14099522
2023-12-24 20:00:00+00:00,268.615,268.615,261.52,264.446,4732.6449
2023-12-25 00:00:00+00:00,264.508,265.17,261.71,264.734,2730.9695
2023-12-25 04:00:00+00:00,264.73,267.1,264.643,265.098,1267.4377
2023-12-25 08:00:00+00:00,265.025,266.25,262.921,264.728,1840.8148
2023-12-25 12:00:00+00:00,264.844,268.15,263.735,267.053,3385.9504
2023-12-25 16:00:00+00:00,267.04,267.332,264.387,265.946,2522.5149
2023-12-25 20:00:00+00:00,266.01,267.531,263.971,266.697,1576.4388
2023-12-26 00:00:00+00:00,266.704,271.099,264.57,271.075,2515.7775
2023-12-26 04:00:00+00:00,271.079,273.72,264.109,272.873,7123.5842
2023-12-26 08:00:00+00:00,272.968,290.049,272.612,290.042,22113.23199693
2023-12-26 12:00:00+00:00,289.95,302.983,287.581,296.105,24730.8947
2023-12-26 16:00:00+00:00,296.136,298.658,284.88,295.407,17540.1442
2023-12-26 20:00:00+00:00,295.527,298.338,293.39,297.8,6337.8271
2023-12-27 00:00:00+00:00,297.74,298.339,285.315,289.99,10532.56705558
2023-12-27 04:00:00+00:00,289.926,296.016,288.941,293.11,5288.8081
2023-12-27 08:00:00+00:00,293.038,310.789,292.029,310.789,12100.88905958
2023-12-27 12:00:00+00:00,310.79,314.339,306.606,311.402,13832.6824
2023-12-27 16:00:00+00:00,311.579,315.736,305.876,312.554,6997.63
2023-12-27 20:00:00+00:00,312.47,324.189,311.01,323.926,6727.6232
2023-12-28 00:00:00+00:00,323.989,328.49,320.034,325.795,8234.9895
2023-12-28 04:00:00+00:00,325.849,330.149,320.25,323.649,7621.2513
2023-12-28 08:00:00+00:00,323.814,336.345,323.437,336.117,9869.01
2023-12-28 12:00:00+00:00,336.31,338.099,324.26,329.28,12885.9546
2023-12-28 16:00:00+00:00,328.989,334.479,327.43,330.318,6515.8947
2023-12-28 20:00:00+00:00,330.26,330.26,321.375,322.541,6798.2661
2023-12-29 00:00:00+00:00,322.816,325.521,315.294,321.037,6821.10347042
2023-12-29 04:00:00+00:00,321.064,322.089,312.262,313.25,5596.3089
2023-12-29 08:00:00+00:00,312.78,319.82,312.638,317.807,5402.9605
2023-12-29 12:00:00+00:00,317.75,321.738,309.4,311.712,8258.2425
2023-12-29 16:00:00+00:00,311.824,314.265,308.235,314.264,3978.7825
2023-12-29 20:00:00+00:00,314.114,314.235,307.21,313.659,2921.25
2023-12-30 00:00:00+00:00,313.344,317.195,312.511,315.833,2928.97037474
2023-12-30 04:00:00+00:00,315.95,319.548,314.967,318.147,3108.7615
2023-12-30 08:00:00+00:00,318.021,319.32,313.124,316.748,2432.2082
2023-12-30 12:00:00+00:00,316.781,320.699,315.101,318.707,3282.0873
2023-12-30 16:00:00+00:00,318.696,320.198,315.688,316.353,2560.4804
2023-12-30 20:00:00+00:00,316.331,318.245,313.694,316.915,1698.7912
2023-12-31 00:00:00+00:00,317.017,319.97,315.724,319.411,4214.5293
2023-12-31 04:00:00+00:00,319.41,325.4,318.87,322.639,6065.1949
2023-12-31 08:00:00+00:00,322.759,323.671,317.77,317.889,3570.1296
2023-12-31 12:00:00+00:00,317.957,318.691,315.43,315.797,2238.6965
2023-12-31 16:00:00+00:00,315.786,318.552,315.481,316.3,2383.2523
2023-12-31 20:00:00+00:00,316.24,316.24,307.503,311.931,2809.0449
2024-01-01 00:00:00+00:00,311.75,315.87,308.92,309.477,2914.3177
2024-01-01 04:00:00+00:00,309.29,311.165,307.17,310.628,2882.6617
2024-01-01 08:00:00+00:00,310.697,312.29,309.106,309.443,2775.6036
2024-01-01 12:00:00+00:00,309.507,312.517,308.853,312.383,3031.4758
2024-01-01 16:00:00+00:00,312.334,313.242,310.75,311.791,3141.4925
2024-01-01 20:00:00+00:00,311.902,315.419,311.2,313.524,2956.6826
2024-01-02 00:00:00+00:00,313.556,320.192,312.27,319.053,5691.4532
2024-01-02 04:00:00+00:00,319.142,319.178,316.93,317.471,2438.9741
2024-01-02 08:00:00+00:00,317.405,320.415,317.373,319.62,2751.3383
2024-01-02 12:00:00+00:00,319.619,321.2,306.05,308.414,7518.7115
2024-01-02 16:00:00+00:00,308.534,311.276,307.541,311.077,3782.8912
2024-01-02 20:00:00+00:00,310.937,312.36,309.33,312.163,2229.7707
2024-01-03 00:00:00+00:00,312.249,314.65,311.576,312.5,1067.9676
2024-01-03 04:00:00+00:00,312.682,321.577,312.681,316.687,3010.6999
2024-01-03 08:00:00+00:00,316.76,334.588,316.76,323.282,19373.0315
2024-01-03 12:00:00+00:00,323.081,323.502,289.723,316.91,29141.3185579
2024-01-03 16:00:00+00:00,316.908,321.682,310.521,313.954,8620.7483
2024-01-03 20:00:00+00:00,313.845,318.592,313.637,315.896,2709.553
2024-01-04 00:00:00+00:00,315.941,317.73,311.025,317.298,2761.3879
2024-01-04 04:00:00+00:00,317.28,322.233,316.509,318.535,3969.3193
2024-01-04 08:00:00+00:00,318.74,324.122,316.884,316.95,6805.7708
2024-01-04 12:00:00+00:00,316.971,321.65,315.48,319.667,4547.6269
2024-01-04 16:00:00+00:00,319.703,321.32,317.483,318.254,4281.78257527
2024-01-04 20:00:00+00:00,318.312,323.579,318.254,323.513,3924.2082
2024-01-05 00:00:00+00:00,323.58,327.179,317.4,321.18,7375.37665498
2024-01-05 04:00:00+00:00,321.461,323.22,317.024,317.416,7001.7901
2024-01-05 08:00:00+00:00,317.495,321.5,316.7,318.76,3744.0945
2024-01-05 12:00:00+00:00,318.822,319.399,311.5,313.531,5801.262
2024-01-05 16:00:00+00:00,313.531,314.799,308.554,313.931,4667.6775
2024-01-05 20:00:00+00:00,314.113,317.936,314.064,317.475,3031.69929843
2024-01-06 00:00:00+00:00,317.476,317.476,303.605,307.718,7317.9918
2024-01-06 04:00:00+00:00,307.639,308.56,300.34,303.658,3956.1583
2024-01-06 08:00:00+00:00,303.61,307.659,302.291,307.064,2399.7112
2024-01-06 12:00:00+00:00,306.912,307.82,303.77,306.97,2108.73527996
2024-01-06 16:00:00+00:00,306.905,307.998,304.981,305.834,2194.7469
2024-01-06 20:00:00+00:00,305.835,307.759,304.59,307.491,1401.3594
2024-01-07 00:00:00+00:00,307.459,308.459,305.24,306.503,1218.0489
2024-01-07 04:00:00+00:00,306.553,309.041,306.46,309.041,1260.256
2024-01-07 08:00:00+00:00,308.994,309.81,305.601,306.013,1514.8788
2024-01-07 12:00:00+00:00,306.015,308.153,304.041,305.47,2243.4322
2024-01-07 16:00:00+00:00,305.423,306.639,302.712,306.41,2546.17007891
2024-01-07 20:00:00+00:00,306.442,306.865,299.913,302.404,2305.0193
2024-01-08 00:00:00+00:00,302.435,302.539,289.819,293.832,5832.4693
2024-01-08 04:00:00+00:00,293.733,299.93,292.8,298.764,3031.7954
2024-01-08 08:00:00+00:00,298.75,300.314,296.501,299.044,3231.3652
2024-01-08 12:00:00+00:00,299.045,302.922,298.915,301.036,4792.6496
2024-01-08 16:00:00+00:00,301.1,308.04,299.63,307.501,4372.772
2024-01-08 20:00:00+00:00,307.691,307.967,303.711,303.711,2809.5134
2024-01-09 00:00:00+00:00,303.711,304.71,298.0,298.514,5367.6928
2024-01-09 04:00:00+00:00,298.568,304.528,298.141,304.384,4267.3957
2024-01-09 08:00:00+00:00,304.376,306.7,302.225,304.369,5976.1599
2024-01-09 12:00:00+00:00,304.341,305.039,297.253,301.24,8534.3396
2024-01-09 16:00:00+00:00,301.319,302.239,297.971,299.651,4329.4736
2024-01-09 20:00:00+00:00,299.687,302.5,295.829,301.212,6615.9787
2024-01-10 00:00:00+00:00,301.119,303.035,300.395,301.938,2434.6707
2024-01-10 04:00:00+00:00,301.871,302.519,299.354,299.737,1745.2032
2024-01-10 08:00:00+00:00,299.847,301.0,297.758,299.551,4057.8176
2024-01-10 12:00:00+00:00,299.35,299.621,288.851,294.73,9751.2648
2024-01-10 16:00:00+00:00,294.747,298.1,293.217,297.919,5398.511
2024-01-10 20:00:00+00:00,297.919,310.232,291.03,305.636,18331.0335
2024-01-11 00:00:00+00:00,305.679,306.7,301.831,306.557,6314.2465
2024-01-11 04:00:00+00:00,306.63,308.559,302.6,307.383,5438.429
2024-01-11 08:00:00+00:00,307.317,316.47,307.17,314.403,7916.01153542
2024-01-11 12:00:00+00:00,314.438,316.741,304.81,307.456,13838.4186
2024-01-11 16:00:00+00:00,307.499,309.22,301.458,309.063,6991.2474
2024-01-11 20:00:00+00:00,309.046,310.0,305.86,308.33,2810.6811
2024-01-12 00:00:00+00:00,308.511,313.071,305.522,310.74,4247.6173
2024-01-12 04:00:00+00:00,310.73,312.832,307.371,308.624,3629.4883
2024-01-12 08:00:00+00:00,308.529,311.344,306.9,310.431,3727.0176
2024-01-12 12:00:00+00:00,310.613,312.38,304.894,305.562,4610.8202
2024-01-12 16:00:00+00:00,305.498,306.82,296.736,300.894,6528.8755
2024-01-12 20:00:00+00:00,300.817,302.318,288.854,296.653,5877.8291
2024-01-13 00:00:00+00:00,296.734,297.7,290.9,296.186,2989.8746
2024-01-13 04:00:00+00:00,295.801,299.5,295.544,299.216,1588.5491
2024-01-13 08:00:00+00:00,299.24,300.368,297.15,299.125,2733.5081
2024-01-13 12:00:00+00:00,299.083,302.579,298.031,302.242,2378.9765
2024-01-13 16:00:00+00:00,302.227,302.965,300.646,301.586,2968.8599
2024-01-13 20:00:00+00:00,301.586,302.993,301.25,302.1,1470.79952204
2024-01-14 00:00:00+00:00,302.196,302.937,300.191,302.209,1171.74119
2024-01-14 04:00:00+00:00,302.116,305.305,301.039,304.279,1789.5811
2024-01-14 08:00:00+00:00,304.158,305.3,303.101,303.189,1452.9911
2024-01-14 12:00:00+00:00,303.108,306.64,302.917,305.265,2223.6393
2024-01-14 16:00:00+00:00,305.286,306.603,303.47,304.078,2678.971
2024-01-14 20:00:00+00:00,304.057,305.349,298.77,299.518,3306.4677
2024-01-15 00:00:00+00:00,299.622,309.999,299.492,309.63,3601.4467
2024-01-15 04:00:00+00:00,309.63,319.956,309.537,314.963,7841.9812
2024-01-15 08:00:00+00:00,315.096,316.805,311.59,312.954,5460.117
2024-01-15 12:00:00+00:00,312.996,321.264,312.391,314.187,15410.5842
2024-01-15 16:00:00+00:00,314.188,318.82,314.001,318.26,4319.3564
2024-01-15 20:00:00+00:00,318.198,318.729,312.28,317.413,2382.204
2024-01-16 00:00:00+00:00,317.362,318.511,313.89,315.484,5643.6328
2024-01-16 04:00:00+00:00,315.499,317.699,314.899,316.229,1827.8062
2024-01-16 08:00:00+00:00,316.23,319.229,315.28,317.8,3326.0609
2024-01-16 12:00:00+00:00,317.772,319.09,313.071,317.181,6875.74035582
2024-01-16 16:00:00+00:00,317.12,318.279,313.171,315.014,5648.3095
2024-01-16 20:00:00+00:00,315.09,317.286,314.98,315.187,3132.4689
2024-01-17 00:00:00+00:00,315.188,316.248,313.311,314.74,1997.6872
2024-01-17 04:00:00+00:00,314.676,314.88,308.831,309.059,2471.3785
2024-01-17 08:00:00+00:00,309.042,314.862,307.808,312.86,7406.7921
2024-01-17 12:00:00+00:00,313.031,314.745,311.32,312.035,5505.0884
2024-01-17 16:00:00+00:00,312.189,312.443,308.0,308.186,2901.007
2024-01-17 20:00:00+00:00,308.202,311.068,306.644,309.326,2287.3334
2024-01-18 00:00:00+00:00,309.239,310.49,305.661,309.555,3895.0489
2024-01-18 04:00:00+00:00,309.59,312.474,308.678,311.614,3477.5289
2024-01-18 08:00:00+00:00,311.75,312.724,310.436,312.199,2738.9974921
2024-01-18 12:00:00+00:00,312.161,315.28,310.098,315.218,3452.6101
2024-01-18 16:00:00+00:00,315.234,315.234,307.761,308.758,6099.6439
2024-01-18 20:00:00+00:00,308.799,314.945,307.811,312.927,2846.6546
2024-01-19 00:00:00+00:00,313.114,313.158,308.0,310.829,3332.4679
2024-01-19 04:00:00+00:00,310.925,312.571,310.264,311.426,2131.6717
2024-01-19 08:00:00+00:00,311.395,314.319,311.138,313.991,2314.6356
2024-01-19 12:00:00+00:00,314.029,316.0,311.041,311.178,3151.6174
2024-01-19 16:00:00+00:00,311.32,313.6,305.315,313.586,4606.95288285
2024-01-19 20:00:00+00:00,313.546,314.639,311.81,314.603,1716.3921
2024-01-20 00:00:00+00:00,314.566,315.659,312.931,313.378,1085.7838
2024-01-20 04:00:00+00:00,313.31,314.0,312.85,313.18,843.3136
2024-01-20 08:00:00+00:00,313.216,315.248,312.31,314.99,1971.0224
2024-01-20 12:00:00+00:00,314.967,315.2,313.059,313.952,1746.0958
2024-01-20 16:00:00+00:00,313.865,315.1,313.8,314.732,1011.4634
2024-01-20 20:00:00+00:00,314.731,317.26,314.567,317.213,2016.3613
2024-01-21 00:00:00+00:00,317.214,319.529,316.286,318.618,1326.0359
2024-01-21 04:00:00+00:00,318.564,318.876,317.401,317.567,881.3357
2024-01-21 08:00:00+00:00,317.568,319.715,317.31,319.155,2099.1148
2024-01-21 12:00:00+00:00,319.155,319.51,317.562,318.75,1346.6165
2024-01-21 16:00:00+00:00,318.736,321.552,317.943,320.408,1853.3262
2024-01-21 20:00:00+00:00,320.408,321.791,318.221,318.479,1898.8367
2024-01-22 00:00:00+00:00,318.591,320.23,315.311,316.597,2404.2294
2024-01-22 04:00:00+00:00,316.484,318.52,314.154,317.845,2081.1139
2024-01-22 08:00:00+00:00,317.845,317.845,310.67,313.36,2952.2263
2024-01-22 12:00:00+00:00,313.286,315.0,308.421,311.062,3048.26703436
2024-01-22 16:00:00+00:00,311.127,312.429,303.661,306.41,3405.81257125
2024-01-22 20:00:00+00:00,306.409,309.443,304.77,305.73,3388.97116095
2024-01-23 00:00:00+00:00,305.842,311.155,305.32,310.302,1619.4027
2024-01-23 04:00:00+00:00,310.332,311.46,307.243,308.422,1048.3855
2024-01-23 08:00:00+00:00,308.435,309.172,291.613,296.148,6751.32
2024-01-23 12:00:00+00:00,296.093,298.8,290.347,296.73,4213.6344
2024-01-23 16:00:00+00:00,296.601,298.849,294.446,294.446,2010.3705
2024-01-23 20:00:00+00:00,294.446,298.829,292.945,298.685,3095.169
2024-01-24 00:00:00+00:00,298.715,300.61,297.631,298.378,1891.8879
2024-01-24 04:00:00+00:00,298.388,298.54,291.322,293.176,3310.6209
2024-01-24 08:00:00+00:00,293.287,297.067,291.9,295.41,3552.0567
2024-01-24 12:00:00+00:00,295.364,298.32,292.425,294.048,3317.6846
2024-01-24 16:00:00+00:00,294.098,294.495,290.301,292.229,2487.79197189
2024-01-24 20:00:00+00:00,292.189,293.749,290.941,292.989,1362.5508
2024-01-25 00:00:00+00:00,293.002,293.75,287.501,290.318,2343.4687
2024-01-25 04:00:00+00:00,290.558,292.29,287.76,292.003,2571.0856
2024-01-25 08:00:00+00:00,292.033,295.25,289.356,294.716,3836.2103
2024-01-25 12:00:00+00:00,294.87,296.54,291.699,292.742,4266.08599607
2024-01-25 16:00:00+00:00,292.473,293.279,288.874,291.692,2390.8985
2024-01-25 20:00:00+00:00,291.635,292.536,290.652,291.98,1081.8545
2024-01-26 00:00:00+00:00,292.012,295.27,290.758,293.729,1959.1045
2024-01-26 04:00:00+00:00,293.81,295.089,293.452,294.527,1580.4406
2024-01-26 08:00:00+00:00,294.527,304.0,294.527,302.879,5056.2797
2024-01-26 12:00:00+00:00,303.123,303.423,300.891,302.881,2312.3962
2024-01-26 16:00:00+00:00,302.881,303.73,301.541,301.699,1924.6717
2024-01-26 20:00:00+00:00,301.541,302.66,301.204,302.21,1074.792
2024-01-27 00:00:00+00:00,302.211,307.754,301.877,305.771,3429.4014
2024-01-27 04:00:00+00:00,305.77,306.679,302.318,303.098,1950.9923
2024-01-27 08:00:00+00:00,303.131,304.46,302.431,303.804,1280.2462
2024-01-27 12:00:00+00:00,303.744,304.372,303.096,303.706,816.6043
2024-01-27 16:00:00+00:00,303.707,305.742,302.886,305.558,1669.64045169
2024-01-27 20:00:00+00:00,305.637,306.967,305.057,305.598,1859.3535
2024-01-28 00:00:00+00:00,305.662,306.15,304.306,305.948,2583.9155
2024-01-28 04:00:00+00:00,305.992,308.6,305.315,305.85,2575.9723
2024-01-28 08:00:00+00:00,305.851,308.903,305.579,307.057,1990.716
2024-01-28 12:00:00+00:00,307.082,307.945,304.761,304.952,2715.8539997
2024-01-28 16:00:00+00:00,304.991,306.136,303.55,303.958,1365.072
2024-01-28 20:00:00+00:00,304.211,305.66,303.235,305.272,1078.7441
2024-01-29 00:00:00+00:00,305.244,307.494,304.434,306.049,1035.6033
2024-01-29 04:00:00+00:00,306.168,306.824,305.88,306.102,585.2155
2024-01-29 08:00:00+00:00,306.102,309.43,305.46,308.015,1620.63626146
2024-01-29 12:00:00+00:00,308.07,308.786,305.248,308.445,1661.2188
2024-01-29 16:00:00+00:00,308.439,310.508,307.931,309.89,2443.3444
2024-01-29 20:00:00+00:00,309.963,310.994,309.606,310.724,1129.8702
2024-01-30 00:00:00+00:00,310.749,313.081,310.058,310.782,1490.1104
2024-01-30 04:00:00+00:00,310.942,311.713,310.147,310.868,1765.7423
2024-01-30 08:00:00+00:00,310.878,311.399,309.846,310.615,2292.4646
2024-01-30 12:00:00+00:00,310.6,311.924,307.39,309.123,2925.1015
2024-01-30 16:00:00+00:00,309.153,311.097,308.844,309.8,1750.0531
2024-01-30 20:00:00+00:00,309.783,310.933,306.398,307.633,1532.5615
2024-01-31 00:00:00+00:00,307.578,308.081,305.653,306.941,1658.6846
2024-01-31 04:00:00+00:00,307.032,307.349,306.0,307.0,1720.3308
2024-01-31 08:00:00+00:00,306.999,307.575,301.266,303.134,3836.0849
2024-01-31 12:00:00+00:00,303.121,305.054,300.054,304.701,3118.9099
2024-01-31 16:00:00+00:00,304.698,305.639,303.172,304.577,2272.0715
2024-01-31 20:00:00+00:00,304.743,304.799,298.518,300.429,2829.1344
2024-02-01 00:00:00+00:00,300.54,301.33,296.5,298.459,1631.8242
2024-02-01 04:00:00+00:00,298.412,299.899,297.311,298.133,1830.4982
2024-02-01 08:00:00+00:00,298.134,300.629,297.335,299.226,1185.45
2024-02-01 12:00:00+00:00,299.066,302.059,298.44,299.82,3389.0189
2024-02-01 16:00:00+00:00,299.801,301.732,298.26,300.652,2451.8693
2024-02-01 20:00:00+00:00,300.646,301.239,299.18,300.182,1182.7955
2024-02-02 00:00:00+00:00,300.152,302.704,299.791,302.344,1083.5394
2024-02-02 04:00:00+00:00,302.18,303.687,301.331,303.39,712.675
2024-02-02 08:00:00+00:00,303.285,305.299,302.212,302.949,2113.6476
2024-02-02 12:00:00+00:00,302.969,303.391,300.0,302.443,1883.6553
2024-02-02 16:00:00+00:00,302.442,302.877,300.17,300.614,961.7183
2024-02-02 20:00:00+00:00,300.765,301.75,300.149,301.372,789.2851
2024-02-03 00:00:00+00:00,301.365,303.037,301.075,302.438,678.2802
2024-02-03 04:00:00+00:00,302.564,303.699,302.129,302.26,521.5848
2024-02-03 08:00:00+00:00,302.343,302.463,301.541,301.554,597.6172
2024-02-03 12:00:00+00:00,301.541,302.108,299.502,300.395,1573.6385
2024-02-03 16:00:00+00:00,300.392,301.8,299.757,300.301,902.1814
2024-02-03 20:00:00+00:00,300.215,300.805,299.63,299.709,749.1029
2024-02-04 00:00:00+00:00,299.601,301.249,298.39,300.559,822.3319
2024-02-04 04:00:00+00:00,300.534,300.534,298.039,299.346,711.6705
2024-02-04 08:00:00+00:00,299.359,300.779,299.152,300.011,1323.3711
2024-02-04 12:00:00+00:00,300.018,307.109,299.814,306.06,4203.0113
2024-02-04 16:00:00+00:00,306.06,306.529,304.42,305.435,1270.563
2024-02-04 20:00:00+00:00,305.457,307.763,304.01,304.667,1403.6774
2024-02-05 00:00:00+00:00,304.743,306.68,302.891,304.366,1757.202
2024-02-05 04:00:00+00:00,304.383,306.938,301.561,304.405,3719.7936
2024-02-05 08:00:00+00:00,304.589,305.6,303.077,304.841,1399.2302
2024-02-05 12:00:00+00:00,304.807,304.841,300.553,300.77,3520.6354
2024-02-05 16:00:00+00:00,300.801,301.766,300.221,301.692,1022.3721
2024-02-05 20:00:00+00:00,301.742,301.891,299.6,301.227,1128.902
2024-02-06 00:00:00+00:00,301.058,302.819,300.811,302.267,766.2804
2024-02-06 04:00:00+00:00,302.48,302.701,301.127,301.58,465.4018
2024-02-06 08:00:00+00:00,301.58,303.679,301.29,301.574,1277.9685
2024-02-06 12:00:00+00:00,301.586,304.0,301.563,302.8,1887.4837
2024-02-06 16:00:00+00:00,302.801,303.638,302.261,303.516,1479.9714
2024-02-06 20:00:00+00:00,303.525,303.672,302.645,302.808,869.12
2024-02-07 00:00:00+00:00,302.807,303.282,300.891,300.897,832.9678
2024-02-07 04:00:00+00:00,300.891,302.909,300.781,302.346,662.897
2024-02-07 08:00:00+00:00,302.368,304.359,302.135,302.668,1294.5955
2024-02-07 12:00:00+00:00,302.707,304.36,302.49,303.388,1611.4966
2024-02-07 16:00:00+00:00,303.341,307.75,301.407,306.701,3404.21961147
2024-02-07 20:00:00+00:00,306.739,308.689,306.739,307.419,2253.7254
2024-02-08 00:00:00+00:00,307.389,317.257,307.389,311.354,8852.6572
2024-02-08 04:00:00+00:00,311.432,315.017,311.361,314.586,3700.9113
2024-02-08 08:00:00+00:00,314.571,316.719,314.571,316.689,2967.4768
2024-02-08 12:00:00+00:00,316.72,320.36,315.411,319.834,2571.3231
2024-02-08 16:00:00+00:00,319.851,319.851,315.071,317.88,2870.1597
2024-02-08 20:00:00+00:00,317.997,319.9,317.616,318.841,1940.803
2024-02-09 00:00:00+00:00,319.153,323.148,317.971,320.833,3255.9011
2024-02-09 04:00:00+00:00,320.921,322.755,319.98,320.958,2936.5144989
2024-02-09 08:00:00+00:00,320.927,325.382,320.714,325.134,3990.1485
2024-02-09 12:00:00+00:00,325.183,326.08,321.29,322.274,3826.0532
2024-02-09 16:00:00+00:00,322.271,325.278,321.741,322.998,1999.684
2024-02-09 20:00:00+00:00,323.043,324.295,322.201,323.886,1694.095
2024-02-10 00:00:00+00:00,323.896,324.879,322.672,324.435,1878.4208
2024-02-10 04:00:00+00:00,324.583,325.2,323.103,323.103,610.3251
2024-02-10 08:00:00+00:00,323.306,323.636,318.827,320.273,1142.386
2024-02-10 12:00:00+00:00,320.058,321.739,319.869,321.1,877.8698
2024-02-10 16:00:00+00:00,321.107,322.278,320.75,321.799,901.2126
2024-02-10 20:00:00+00:00,321.868,323.803,321.67,322.931,1136.4603
2024-02-11 00:00:00+00:00,322.967,324.034,321.945,323.845,1065.6929
2024-02-11 04:00:00+00:00,323.864,324.578,323.119,324.172,1097.5345
2024-02-11 08:00:00+00:00,324.186,324.558,321.703,322.277,1131.2635
2024-02-11 12:00:00+00:00,322.25,322.898,320.398,320.811,985.2413
2024-02-11 16:00:00+00:00,320.857,322.155,320.783,321.757,1560.5973
2024-02-11 20:00:00+00:00,321.784,322.109,320.153,320.644,852.0725
2024-02-12 00:00:00+00:00,320.637,321.939,318.111,319.745,1143.6752
2024-02-12 04:00:00+00:00,319.807,320.459,315.709,318.226,1185.3816
2024-02-12 08:00:00+00:00,318.271,318.68,315.83,317.084,648.4808
2024-02-12 12:00:00+00:00,317.152,322.504,316.878,322.229,1799.1477
2024-02-12 16:00:00+00:00,322.32,331.901,321.16,324.982,5488.59016703
2024-02-12 20:00:00+00:00,325.096,329.254,325.054,328.02,2822.189
2024-02-13 00:00:00+00:00,327.937,329.296,326.141,326.466,1021.5505
2024-02-13 04:00:00+00:00,326.499,327.436,326.089,326.269,819.304
2024-02-13 08:00:00+00:00,326.251,327.91,324.724,326.639,1407.04352433
2024-02-13 12:00:00+00:00,326.639,326.75,318.65,322.156,4416.3785
2024-02-13 16:00:00+00:00,322.17,323.339,319.91,322.733,1865.94133406
2024-02-13 20:00:00+00:00,322.691,324.931,322.591,324.682,1041.5427
2024-02-14 00:00:00+00:00,324.751,326.087,323.426,325.978,758.68
2024-02-14 04:00:00+00:00,326.004,328.227,325.178,328.028,1344.2953
2024-02-14 08:00:00+00:00,328.09,333.539,327.974,332.733,3015.18493801
2024-02-14 12:00:00+00:00,332.734,334.509,330.431,332.525,2358.2816
2024-02-14 16:00:00+00:00,332.517,334.29,330.72,332.627,2223.52543402
2024-02-14 20:00:00+00:00,332.626,334.55,332.348,333.939,1658.8792
2024-02-15 00:00:00+00:00,334.043,344.819,333.18,342.333,6523.4641
2024-02-15 04:00:00+00:00,342.062,345.25,337.816,345.25,2606.0049
2024-02-15 08:00:00+00:00,345.26,347.939,342.861,346.769,2836.5887
2024-02-15 12:00:00+00:00,346.866,366.989,345.301,360.394,14571.4575
2024-02-15 16:00:00+00:00,360.381,360.587,352.361,355.788,4854.7708
2024-02-15 20:00:00+00:00,355.751,355.914,349.222,354.219,2748.3734
2024-02-16 00:00:00+00:00,354.262,366.895,353.248,361.869,5249.3469
2024-02-16 04:00:00+00:00,361.815,363.68,354.509,356.107,2567.8858
2024-02-16 08:00:00+00:00,356.22,357.588,350.863,357.479,2916.9745
2024-02-16 12:00:00+00:00,357.498,365.171,356.035,358.295,6670.3538
2024-02-16 16:00:00+00:00,358.404,363.149,351.061,354.431,4457.843
2024-02-16 20:00:00+00:00,354.391,361.116,354.202,360.458,1426.5983
2024-02-17 00:00:00+00:00,360.377,363.68,357.88,360.005,2825.879
2024-02-17 04:00:00+00:00,359.966,361.039,355.857,359.634,1383.3405
2024-02-17 08:00:00+00:00,359.681,360.045,354.99,357.031,1531.7556
2024-02-17 12:00:00+00:00,356.874,359.38,348.4,351.569,3776.3966
2024-02-17 16:00:00+00:00,351.546,355.017,349.471,353.308,2212.1015
2024-02-17 20:00:00+00:00,353.331,354.77,351.94,352.8,1258.3225
2024-02-18 00:00:00+00:00,352.8,353.394,349.201,351.653,1327.8636
2024-02-18 04:00:00+00:00,351.658,356.489,351.06,355.45,2402.5376
2024-02-18 08:00:00+00:00,355.417,358.029,354.421,354.444,1272.9124
2024-02-18 12:00:00+00:00,354.445,355.011,351.661,352.681,1260.6131
2024-02-18 16:00:00+00:00,352.682,352.969,350.487,351.55,1516.6921
2024-02-18 20:00:00+00:00,351.449,353.72,349.568,349.842,1414.4944
2024-02-19 00:00:00+00:00,349.946,356.186,349.475,352.357,4995.3448
2024-02-19 04:00:00+00:00,352.356,354.73,350.361,354.68,1622.5953
2024-02-19 08:00:00+00:00,354.729,354.729,350.421,353.186,3040.7916
2024-02-19 12:00:00+00:00,353.274,354.683,350.841,354.235,2723.7184
2024-02-19 16:00:00+00:00,354.235,356.221,351.291,352.596,1932.9679
2024-02-19 20:00:00+00:00,352.616,354.65,351.271,351.713,908.5046
2024-02-20 00:00:00+00:00,351.768,355.271,350.623,352.93,2659.7178342
2024-02-20 04:00:00+00:00,352.991,361.382,352.0,357.65,3619.2826
2024-02-20 08:00:00+00:00,357.797,358.775,351.971,357.699,3221.1131
2024-02-20 12:00:00+00:00,357.699,359.91,348.989,351.186,5986.0077
2024-02-20 16:00:00+00:00,351.242,354.17,344.841,354.107,3561.2149
2024-02-20 20:00:00+00:00,354.107,356.821,353.3,354.621,2045.869
2024-02-21 00:00:00+00:00,354.676,355.597,352.545,353.407,1161.6678
2024-02-21 04:00:00+00:00,353.475,360.422,351.033,360.133,5347.6564
2024-02-21 08:00:00+00:00,360.189,366.09,357.631,364.143,10170.8373
2024-02-21 12:00:00+00:00,364.144,374.01,361.34,369.908,9873.70750127
2024-02-21 16:00:00+00:00,369.786,372.407,364.765,370.994,5592.4241
2024-02-21 20:00:00+00:00,370.969,379.171,370.782,379.057,4863.8702
2024-02-22 00:00:00+00:00,379.057,387.153,373.79,375.207,6785.9517
2024-02-22 04:00:00+00:00,375.208,381.855,374.542,381.368,5045.20939957
2024-02-22 08:00:00+00:00,381.339,384.302,378.981,382.982,4421.4146
2024-02-22 12:00:00+00:00,383.021,383.94,375.998,381.019,4469.6184
2024-02-22 16:00:00+00:00,381.04,382.67,377.61,382.106,1960.8898
2024-02-22 20:00:00+00:00,381.954,387.33,380.563,382.516,4295.6246
2024-02-23 00:00:00+00:00,382.575,385.679,378.139,378.683,2316.4308
2024-02-23 04:00:00+00:00,378.735,383.399,374.758,374.879,2692.2982
2024-02-23 08:00:00+00:00,374.998,379.861,374.868,376.785,2797.6362
2024-02-23 12:00:00+00:00,376.881,377.496,371.2,371.651,5292.6207
2024-02-23 16:00:00+00:00,371.698,378.158,369.069,377.628,4431.8691
2024-02-23 20:00:00+00:00,377.555,377.555,372.88,375.539,1503.0315
2024-02-24 00:00:00+00:00,375.548,377.81,371.711,377.7,1381.2231
2024-02-24 04:00:00+00:00,377.7,380.179,377.038,379.594,1752.0923
2024-02-24 08:00:00+00:00,379.729,381.912,379.21,380.569,2102.9232
2024-02-24 12:00:00+00:00,380.568,381.689,379.22,379.564,1709.2969
2024-02-24 16:00:00+00:00,379.554,383.25,379.453,382.939,2489.5309
2024-02-24 20:00:00+00:00,382.949,383.003,381.443,381.711,909.5468
2024-02-25 00:00:00+00:00,381.637,382.21,378.81,379.439,1822.5486
2024-02-25 04:00:00+00:00,379.646,381.539,378.09,380.661,1547.476
2024-02-25 08:00:00+00:00,380.657,388.739,378.379,384.001,3464.2317
2024-02-25 12:00:00+00:00,384.406,386.775,383.683,384.952,2343.9339
2024-02-25 16:00:00+00:00,384.933,390.165,383.162,388.859,2553.5767
2024-02-25 20:00:00+00:00,388.855,390.925,387.421,388.502,2367.7696
2024-02-26 00:00:00+00:00,388.491,389.942,382.0,384.091,2898.6142
2024-02-26 04:00:00+00:00,383.795,389.307,383.795,386.207,2727.4533
2024-02-26 08:00:00+00:00,386.463,392.959,383.98,389.681,4056.12470847
2024-02-26 12:00:00+00:00,389.828,398.938,387.0,396.6,6462.1587
2024-02-26 16:00:00+00:00,396.659,399.059,395.31,398.091,4152.3639
2024-02-26 20:00:00+00:00,398.033,404.743,397.806,401.689,3484.761
2024-02-27 00:00:00+00:00,401.637,403.634,397.79,398.9,4407.5449
2024-02-27 04:00:00+00:00,398.915,400.46,394.644,395.884,2522.6395
2024-02-27 08:00:00+00:00,396.021,399.91,396.021,398.324,2097.663
2024-02-27 12:00:00+00:00,398.289,400.606,391.681,393.023,3085.1799
2024-02-27 16:00:00+00:00,392.974,395.619,389.64,395.253,3334.0901
2024-02-27 20:00:00+00:00,395.289,396.545,394.271,394.586,1374.8403
2024-02-28 00:00:00+00:00,394.548,397.33,394.2,395.541,1134.4485
2024-02-28 04:00:00+00:00,395.566,401.301,395.259,400.539,1380.6105
2024-02-28 08:00:00+00:00,400.427,417.467,398.81,406.49,7756.9943
2024-02-28 12:00:00+00:00,406.431,414.664,405.435,413.17,6039.9044
2024-02-28 16:00:00+00:00,413.161,427.098,400.035,408.619,13854.83677093
2024-02-28 20:00:00+00:00,408.395,416.07,405.053,414.658,3256.7817
2024-02-29 00:00:00+00:00,414.636,419.669,410.52,413.75,4412.3839
2024-02-29 04:00:00+00:00,413.937,417.623,412.0,415.135,2941.4567
2024-02-29 08:00:00+00:00,415.194,417.598,409.44,410.336,4481.5864
2024-02-29 12:00:00+00:00,410.256,411.352,406.705,407.497,6578.7743
2024-02-29 16:00:00+00:00,407.529,408.629,402.12,405.882,5251.8571
2024-02-29 20:00:00+00:00,405.934,407.025,390.801,399.325,4634.29581531
2024-03-01 00:00:00+00:00,399.77,406.599,398.901,405.78,2627.0115
2024-03-01 04:00:00+00:00,405.781,407.82,402.5,403.592,2604.9135
2024-03-01 08:00:00+00:00,403.597,408.414,402.619,406.22,2538.7191
2024-03-01 12:00:00+00:00,406.221,408.409,402.317,402.868,3030.4621
2024-03-01 16:00:00+00:00,402.87,407.141,402.502,406.345,1976.09599769
2024-03-01 20:00:00+00:00,406.324,408.499,405.626,407.5,1683.3034
2024-03-02 00:00:00+00:00,407.346,413.627,405.824,413.627,2936.2251
2024-03-02 04:00:00+00:00,413.628,414.759,407.36,409.251,2482.3899
2024-03-02 08:00:00+00:00,409.333,410.221,406.14,407.791,2248.6062
2024-03-02 12:00:00+00:00,407.705,411.372,406.699,407.735,2326.0631
2024-03-02 16:00:00+00:00,407.86,409.562,406.541,409.365,2347.5936
2024-03-02 20:00:00+00:00,409.441,410.813,407.15,410.812,1696.4557
2024-03-03 00:00:00+00:00,410.785,411.622,408.55,410.329,2953.9469
2024-03-03 04:00:00+00:00,410.357,413.229,402.291,406.951,4720.9319
2024-03-03 08:00:00+00:00,407.244,413.34,404.56,413.301,3887.5576
2024-03-03 12:00:00+00:00,413.29,415.258,411.42,413.251,2995.9097
2024-03-03 16:00:00+00:00,413.423,416.389,412.9,413.31,2537.7762816
2024-03-03 20:00:00+00:00,413.396,416.839,412.886,414.563,2086.941585
2024-03-04 00:00:00+00:00,414.519,417.369,411.598,414.363,3671.0271
2024-03-04 04:00:00+00:00,414.364,417.693,414.086,417.05,1687.4178
2024-03-04 08:00:00+00:00,417.016,423.74,415.518,417.392,5916.2017
2024-03-04 12:00:00+00:00,417.464,420.07,415.0,418.96,4708.2213
2024-03-04 16:00:00+00:00,418.964,419.283,410.419,416.095,4941.0085
2024-03-04 20:00:00+00:00,416.162,421.18,414.06,418.548,3305.8675
2024-03-05 00:00:00+00:00,418.572,422.564,415.401,420.442,3817.2549
2024-03-05 04:00:00+00:00,420.374,427.28,416.481,418.145,6622.6969
2024-03-05 08:00:00+00:00,418.161,420.635,416.102,418.62,3256.2271
2024-03-05 12:00:00+00:00,418.564,422.31,413.84,416.204,6206.7151
2024-03-05 16:00:00+00:00,416.036,416.931,355.401,376.917,24107.4075436
2024-03-05 20:00:00+00:00,376.868,396.688,372.251,393.993,11496.7055
2024-03-06 00:00:00+00:00,394.044,396.679,385.72,391.293,3164.4596
2024-03-06 04:00:00+00:00,391.477,411.803,391.477,410.636,6134.479
2024-03-06 08:00:00+00:00,410.678,434.498,407.47,426.084,12072.2851
2024-03-06 12:00:00+00:00,426.205,428.935,413.416,419.865,10510.3637
2024-03-06 16:00:00+00:00,419.881,425.536,419.249,424.423,3497.4752
2024-03-06 20:00:00+00:00,424.512,430.0,424.159,429.341,3917.2133
2024-03-07 00:00:00+00:00,429.304,430.454,425.59,426.621,2859.6845
2024-03-07 04:00:00+00:00,426.647,434.498,423.244,434.113,3974.3886
2024-03-07 08:00:00+00:00,434.422,438.674,430.717,438.494,4141.1584
2024-03-07 12:00:00+00:00,438.527,450.843,438.176,449.174,8362.0743
2024-03-07 16:00:00+00:00,449.175,467.999,447.12,467.999,8736.1689
2024-03-07 20:00:00+00:00,467.999,476.789,465.77,474.314,6065.39840419
2024-03-08 00:00:00+00:00,474.557,476.86,463.831,464.809,3588.8521
2024-03-08 04:00:00+00:00,464.672,473.0,464.659,468.213,4669.4136
2024-03-08 08:00:00+00:00,468.352,474.415,467.601,474.146,3124.829
2024-03-08 12:00:00+00:00,474.169,489.363,467.529,472.545,10804.32129946
2024-03-08 16:00:00+00:00,472.669,486.924,463.935,484.338,5574.3015
2024-03-08 20:00:00+00:00,484.398,487.48,478.303,485.838,2906.598
2024-03-09 00:00:00+00:00,485.828,492.14,482.031,489.032,1800.0607
2024-03-09 04:00:00+00:00,489.148,489.804,482.901,487.437,3243.08909932
2024-03-09 08:00:00+00:00,487.463,493.818,484.07,487.49,3457.0062928
2024-03-09 12:00:00+00:00,487.497,488.577,483.023,484.338,2819.9061
2024-03-09 16:00:00+00:00,484.283,485.805,480.76,482.469,2466.8165
2024-03-09 20:00:00+00:00,483.287,489.701,483.277,488.282,1644.8471
2024-03-10 00:00:00+00:00,488.265,490.85,485.061,488.219,1864.5177
2024-03-10 04:00:00+00:00,488.232,504.485,488.034,503.497,3354.193
2024-03-10 08:00:00+00:00,503.503,537.552,500.971,531.726,14597.61912061
2024-03-10 12:00:00+00:00,531.867,536.55,518.371,521.02,9565.6394
2024-03-10 16:00:00+00:00,521.013,532.075,520.66,530.431,5241.5354
2024-03-10 20:00:00+00:00,530.441,531.734,516.817,528.685,3179.4645
2024-03-11 00:00:00+00:00,528.805,529.111,505.77,523.125,7035.7716
2024-03-11 04:00:00+00:00,522.998,533.569,515.514,527.808,5280.68175188
2024-03-11 08:00:00+00:00,527.885,532.969,520.191,522.009,3495.7506
2024-03-11 12:00:00+00:00,522.1,524.279,515.0,515.492,4483.4824
2024-03-11 16:00:00+00:00,515.521,521.84,512.1,517.689,4407.2732
2024-03-11 20:00:00+00:00,517.527,523.639,517.038,522.843,2190.5742
2024-03-12 00:00:00+00:00,522.749,535.387,522.181,533.806,4757.77481406
2024-03-12 04:00:00+00:00,534.298,543.62,530.0,538.596,7025.3352
2024-03-12 08:00:00+00:00,538.703,539.0,522.652,530.364,4391.73924673
2024-03-12 12:00:00+00:00,530.444,548.03,519.92,541.585,11123.04738126
2024-03-12 16:00:00+00:00,541.65,545.389,519.035,541.323,10665.58618613
2024-03-12 20:00:00+00:00,541.413,542.481,532.36,537.442,3026.3554
2024-03-13 00:00:00+00:00,537.576,539.799,531.861,538.204,3358.8379
2024-03-13 04:00:00+00:00,538.124,563.519,536.407,561.024,6386.3617
2024-03-13 08:00:00+00:00,560.712,599.84,560.191,592.706,14109.28222556
2024-03-13 12:00:00+00:00,592.813,597.36,577.24,582.456,9694.2536
2024-03-13 16:00:00+00:00,582.52,597.189,580.392,597.058,5704.8038
2024-03-13 20:00:00+00:00,597.189,633.4,594.141,630.409,10068.9132
2024-03-14 00:00:00+00:00,630.345,631.31,610.46,614.988,8140.37456161
2024-03-14 04:00:00+00:00,615.031,621.549,605.432,606.51,7876.3223916
2024-03-14 08:00:00+00:00,606.428,613.909,602.681,605.521,7080.5721
2024-03-14 12:00:00+00:00,605.51,607.6,586.211,592.629,11999.0775
2024-03-14 16:00:00+00:00,592.583,599.469,565.373,578.839,11557.9344
2024-03-14 20:00:00+00:00,579.32,609.484,578.912,603.302,8316.24919765
2024-03-15 00:00:00+00:00,603.305,612.104,564.85,582.673,12633.15609901
2024-03-15 04:00:00+00:00,582.628,586.204,564.94,582.571,7842.74769886
2024-03-15 08:00:00+00:00,582.63,584.569,542.032,582.916,15303.72308096
2024-03-15 12:00:00+00:00,583.175,606.63,569.628,596.409,11276.06649962
2024-03-15 16:00:00+00:00,596.651,613.705,589.041,596.889,6187.3302
2024-03-15 20:00:00+00:00,596.909,635.019,581.793,632.556,7484.13889497
2024-03-16 00:00:00+00:00,632.463,645.0,611.549,612.275,8026.6355
2024-03-16 04:00:00+00:00,612.139,618.994,607.49,614.411,6008.7575
2024-03-16 08:00:00+00:00,614.556,624.038,601.014,608.618,7805.5587764
2024-03-16 12:00:00+00:00,608.452,609.964,589.74,601.147,8273.54597234
2024-03-16 16:00:00+00:00,601.38,601.919,578.671,583.851,9673.4413
2024-03-16 20:00:00+00:00,583.358,591.812,567.392,576.291,6769.4231
2024-03-17 00:00:00+00:00,576.404,590.446,570.47,587.64,4469.65826819
2024-03-17 04:00:00+00:00,587.647,587.661,548.5,559.735,6517.65059962
2024-03-17 08:00:00+00:00,559.745,579.563,557.16,572.102,5242.9358
2024-03-17 12:00:00+00:00,572.098,588.455,560.72,588.335,5879.44679906
2024-03-17 16:00:00+00:00,588.32,590.425,573.184,583.306,7693.8139
2024-03-17 20:00:00+00:00,583.157,584.909,563.444,571.695,6730.9271
2024-03-18 00:00:00+00:00,571.523,571.583,550.12,565.278,5007.6014
2024-03-18 04:00:00+00:00,565.255,587.279,560.074,576.616,4388.343
2024-03-18 08:00:00+00:00,576.788,576.788,561.112,568.552,5380.7526
2024-03-18 12:00:00+00:00,568.324,571.495,544.71,552.759,8892.2108
2024-03-18 16:00:00+00:00,552.285,558.147,540.131,548.344,5623.3665
2024-03-18 20:00:00+00:00,548.444,557.902,548.443,555.223,2559.5688
2024-03-19 00:00:00+00:00,555.092,560.629,522.969,534.003,6574.3713
2024-03-19 04:00:00+00:00,533.726,536.189,511.52,529.318,4523.6599
2024-03-19 08:00:00+00:00,529.476,529.476,497.55,513.296,6657.183
2024-03-19 12:00:00+00:00,513.251,530.556,509.2,529.219,3680.1603
2024-03-19 16:00:00+00:00,529.45,538.5,526.441,531.996,2871.1038
2024-03-19 20:00:00+00:00,532.322,532.968,501.306,507.51,3100.7784
2024-03-20 00:00:00+00:00,507.388,522.39,505.741,511.814,2632.9211
2024-03-20 04:00:00+00:00,512.701,533.666,500.0,532.284,3335.0515
2024-03-20 08:00:00+00:00,532.142,535.815,522.03,533.42,3318.3317
2024-03-20 12:00:00+00:00,533.471,539.513,515.677,516.381,4020.3999
2024-03-20 16:00:00+00:00,516.48,542.5,504.46,540.795,5510.4171
2024-03-20 20:00:00+00:00,540.744,559.107,539.518,556.902,3981.4565
2024-03-21 00:00:00+00:00,556.901,561.797,548.501,552.456,3464.68849876
2024-03-21 04:00:00+00:00,552.746,554.449,540.773,550.015,3107.1492
2024-03-21 08:00:00+00:00,549.685,570.87,549.656,558.419,4495.9098
2024-03-21 12:00:00+00:00,558.169,565.592,553.631,558.26,2919.1435
2024-03-21 16:00:00+00:00,558.28,566.738,544.38,552.371,3203.6892
2024-03-21 20:00:00+00:00,551.937,558.34,546.613,553.729,1682.7666
2024-03-22 00:00:00+00:00,553.673,577.87,552.077,575.453,3351.5666
2024-03-22 04:00:00+00:00,575.453,586.57,571.2,583.838,5797.6372
2024-03-22 08:00:00+00:00,583.841,587.916,563.424,565.426,4940.5859
2024-03-22 12:00:00+00:00,565.304,569.73,541.744,553.539,17694.2755
2024-03-22 16:00:00+00:00,554.039,554.07,542.718,549.98,5298.0809
2024-03-22 20:00:00+00:00,549.796,554.143,534.944,553.725,3771.4305
2024-03-23 00:00:00+00:00,553.922,562.563,543.219,550.486,4067.0424
2024-03-23 04:00:00+00:00,550.201,558.422,548.26,554.888,2871.1737
2024-03-23 08:00:00+00:00,554.894,558.881,550.275,554.098,3674.0919
2024-03-23 12:00:00+00:00,554.24,567.619,553.152,562.272,5337.1603
2024-03-23 16:00:00+00:00,562.166,565.079,558.252,559.101,2024.602
2024-03-23 20:00:00+00:00,559.082,562.367,550.656,551.82,1757.65849882
2024-03-24 00:00:00+00:00,551.848,561.709,550.535,550.65,2096.1772
2024-03-24 04:00:00+00:00,550.658,555.04,548.821,552.558,1737.1676
2024-03-24 08:00:00+00:00,552.628,557.349,551.726,556.663,2512.9422
2024-03-24 12:00:00+00:00,556.69,564.546,556.0,560.34,2702.8334
2024-03-24 16:00:00+00:00,560.278,564.887,553.9,563.816,1969.2323
2024-03-24 20:00:00+00:00,563.97,572.937,562.294,567.694,2582.0923
2024-03-25 00:00:00+00:00,567.694,582.102,564.804,581.526,2624.4668
2024-03-25 04:00:00+00:00,581.466,589.409,580.54,583.627,2638.87
2024-03-25 08:00:00+00:00,583.701,587.115,577.879,579.421,4035.8617
2024-03-25 12:00:00+00:00,579.299,595.219,574.331,592.985,5109.8985
2024-03-25 16:00:00+00:00,592.985,598.248,590.761,594.513,2998.763
2024-03-25 20:00:00+00:00,594.512,595.319,584.558,587.013,3906.2093
2024-03-26 00:00:00+00:00,587.033,593.526,586.225,592.783,1706.2504
2024-03-26 04:00:00+00:00,592.766,597.08,590.151,591.507,3019.2481
2024-03-26 08:00:00+00:00,591.536,597.44,589.8,591.507,2094.7725
2024-03-26 12:00:00+00:00,591.381,594.245,571.98,579.688,4145.3763
2024-03-26 16:00:00+00:00,579.584,581.25,571.26,575.521,6549.2061
2024-03-26 20:00:00+00:00,575.572,581.873,575.572,580.522,2166.1039
2024-03-27 00:00:00+00:00,580.514,585.7,578.431,582.031,1091.4113
2024-03-27 04:00:00+00:00,582.03,582.913,573.256,574.254,1418.9131
2024-03-27 08:00:00+00:00,574.229,580.512,572.001,578.595,1176.3397
2024-03-27 12:00:00+00:00,578.737,585.0,561.574,570.209,2861.0146
2024-03-27 16:00:00+00:00,570.179,574.398,565.751,569.541,1874.665
2024-03-27 20:00:00+00:00,569.542,576.096,569.1,574.22,1152.5643
2024-03-28 00:00:00+00:00,574.121,588.473,574.086,581.859,2152.9446
2024-03-28 04:00:00+00:00,581.69,590.969,581.499,590.481,1210.8609
2024-03-28 08:00:00+00:00,590.558,592.0,585.055,587.362,1715.68959013
2024-03-28 12:00:00+00:00,587.287,588.421,580.275,584.971,2710.6837
2024-03-28 16:00:00+00:00,585.0,585.713,580.679,581.867,1350.8922
2024-03-28 20:00:00+00:00,581.422,585.819,579.709,583.382,1034.6666
2024-03-29 00:00:00+00:00,583.348,589.28,582.335,588.646,1103.09047656
2024-03-29 04:00:00+00:00,588.599,613.573,586.426,606.765,4563.3136
2024-03-29 08:00:00+00:00,606.685,619.848,606.301,616.46,3338.0753
2024-03-29 12:00:00+00:00,616.606,620.429,602.745,607.409,2418.6461
2024-03-29 16:00:00+00:00,607.218,614.168,607.218,613.378,1450.4386
2024-03-29 20:00:00+00:00,613.379,618.226,610.901,612.257,1508.1361
2024-03-30 00:00:00+00:00,612.384,612.7,604.018,607.762,1221.5386
2024-03-30 04:00:00+00:00,607.766,610.471,598.851,599.261,1099.3916
2024-03-30 08:00:00+00:00,599.185,606.15,596.821,605.152,1599.73999715
2024-03-30 12:00:00+00:00,605.196,606.958,602.191,605.354,1394.7629
2024-03-30 16:00:00+00:00,605.428,609.659,603.792,604.957,1361.7101
2024-03-30 20:00:00+00:00,604.926,607.018,599.807,600.843,1638.1212
2024-03-31 00:00:00+00:00,600.717,608.56,600.245,608.44,612.5431
2024-03-31 04:00:00+00:00,608.491,608.541,603.2,606.702,740.4622
2024-03-31 08:00:00+00:00,606.762,607.019,603.032,605.712,714.5726
2024-03-31 12:00:00+00:00,605.793,606.421,601.861,602.048,853.5657
2024-03-31 16:00:00+00:00,602.106,606.44,602.039,605.971,847.7181
2024-03-31 20:00:00+00:00,606.006,608.695,604.67,606.699,1052.1019
2024-04-01 00:00:00+00:00,606.416,607.499,596.258,597.709,1446.9268
2024-04-01 04:00:00+00:00,597.709,597.71,572.0,586.653,2146.4614
2024-04-01 08:00:00+00:00,586.47,587.349,580.543,584.927,1986.3231
2024-04-01 12:00:00+00:00,584.776,593.489,572.869,574.013,1762.9512
2024-04-01 16:00:00+00:00,574.098,579.799,568.686,579.182,2342.70858073
2024-04-01 20:00:00+00:00,579.211,581.797,575.828,576.016,909.0662
2024-04-02 00:00:00+00:00,576.091,578.27,551.32,560.476,3466.9175
2024-04-02 04:00:00+00:00,560.667,565.489,555.088,559.301,1746.5555
2024-04-02 08:00:00+00:00,559.3,563.267,550.618,555.352,2423.0483
2024-04-02 12:00:00+00:00,555.237,561.184,546.516,552.111,2097.8332
2024-04-02 16:00:00+00:00,552.272,559.117,549.58,558.234,1333.4694
2024-04-02 20:00:00+00:00,557.906,559.895,550.079,550.887,1512.459
2024-04-03 00:00:00+00:00,551.279,560.28,539.056,560.081,1748.4813
2024-04-03 04:00:00+00:00,560.24,563.41,552.96,558.6,1735.0444
2024-04-03 08:00:00+00:00,558.817,567.873,554.814,556.102,2074.853
2024-04-03 12:00:00+00:00,556.097,563.24,551.962,556.446,1402.7323
2024-04-03 16:00:00+00:00,556.689,559.86,550.822,558.252,1130.6517
2024-04-03 20:00:00+00:00,558.352,565.423,551.925,561.652,1212.1742
2024-04-04 00:00:00+00:00,561.467,586.955,560.96,576.1,4352.1285
2024-04-04 04:00:00+00:00,576.522,584.028,573.021,582.653,1388.881
2024-04-04 08:00:00+00:00,582.805,588.352,581.895,586.987,2225.1096
2024-04-04 12:00:00+00:00,586.937,593.355,585.867,590.314,2751.5594
2024-04-04 16:00:00+00:00,590.476,597.503,590.207,594.58,1838.4813
2024-04-04 20:00:00+00:00,594.696,595.034,579.936,584.991,3417.6428
2024-04-05 00:00:00+00:00,585.139,591.08,575.021,581.37,2342.5027
2024-04-05 04:00:00+00:00,581.568,581.568,564.55,574.509,1398.4462
2024-04-05 08:00:00+00:00,574.467,581.248,572.483,577.311,2755.35859117
2024-04-05 12:00:00+00:00,577.267,585.783,573.061,583.78,2673.1586
2024-04-05 16:00:00+00:00,583.716,584.649,577.508,582.358,1013.1172
2024-04-05 20:00:00+00:00,582.178,583.361,577.77,577.9,609.2016
2024-04-06 00:00:00+00:00,577.788,581.7,575.143,580.741,694.4136
2024-04-06 04:00:00+00:00,580.796,584.54,580.309,583.212,762.7421
2024-04-06 08:00:00+00:00,583.287,584.26,580.1,581.167,629.8528
2024-04-06 12:00:00+00:00,581.216,586.734,580.0,583.67,882.6177
2024-04-06 16:00:00+00:00,583.689,586.57,582.661,583.374,1240.3536
2024-04-06 20:00:00+00:00,583.378,590.95,582.904,585.372,1582.7462
2024-04-07 00:00:00+00:00,585.625,590.9,584.658,589.891,1167.7721
2024-04-07 04:00:00+00:00,589.99,590.17,586.25,586.776,530.0873
2024-04-07 08:00:00+00:00,586.963,588.586,586.201,586.446,663.3305
2024-04-07 12:00:00+00:00,586.473,589.634,583.527,584.354,1212.0966
2024-04-07 16:00:00+00:00,584.449,585.89,578.287,578.434,1133.0329169
2024-04-07 20:00:00+00:00,578.491,584.96,577.981,583.879,730.965
2024-04-08 00:00:00+00:00,583.575,583.859,577.73,581.701,975.9072
2024-04-08 04:00:00+00:00,581.814,588.739,581.107,588.739,948.8758
2024-04-08 08:00:00+00:00,588.74,601.325,588.061,596.209,4240.2976351
2024-04-08 12:00:00+00:00,596.279,598.547,586.301,587.698,2835.6052
2024-04-08 16:00:00+00:00,587.811,591.977,586.735,588.997,1901.3717
2024-04-08 20:00:00+00:00,589.139,590.9,586.441,586.441,1468.1196
2024-04-09 00:00:00+00:00,586.441,590.24,581.931,582.337,1566.0358
2024-04-09 04:00:00+00:00,582.268,584.442,574.18,574.338,1827.1397
2024-04-09 08:00:00+00:00,574.455,585.081,571.63,584.22,2421.388341
2024-04-09 12:00:00+00:00,584.512,584.946,573.67,579.021,2699.48489745
2024-04-09 16:00:00+00:00,579.062,580.9,574.08,580.298,1188.57489938
2024-04-09 20:00:00+00:00,580.192,583.367,579.318,580.527,581.2967
2024-04-10 00:00:00+00:00,580.314,583.03,573.35,578.984,987.3113
2024-04-10 04:00:00+00:00,579.017,588.384,577.423,587.511,1262.1178
2024-04-10 08:00:00+00:00,587.452,591.905,584.407,586.538,2123.7636
2024-04-10 12:00:00+00:00,586.58,594.165,574.325,593.205,4860.15799646
2024-04-10 16:00:00+00:00,593.205,610.828,593.045,605.795,6838.2834
2024-04-10 20:00:00+00:00,606.021,610.294,602.861,609.702,2287.2479
2024-04-11 00:00:00+00:00,609.965,617.868,604.531,616.39,4132.0418
2024-04-11 04:00:00+00:00,616.577,616.88,604.057,604.793,2455.9949
2024-04-11 08:00:00+00:00,604.793,605.621,592.091,592.866,2436.814
2024-04-11 12:00:00+00:00,592.709,607.19,592.328,602.782,4620.009689
2024-04-11 16:00:00+00:00,602.705,605.7,597.914,604.751,1891.2374
2024-04-11 20:00:00+00:00,604.882,607.14,602.401,604.413,1012.0545
2024-04-12 00:00:00+00:00,604.436,615.53,604.436,613.72,2378.4378
2024-04-12 04:00:00+00:00,613.658,631.45,613.127,621.124,7488.9054
2024-04-12 08:00:00+00:00,621.069,625.65,617.446,621.862,2722.4661
2024-04-12 12:00:00+00:00,621.71,623.931,606.961,612.489,6513.0295
2024-04-12 16:00:00+00:00,612.472,616.435,564.9,587.5,10279.143
2024-04-12 20:00:00+00:00,586.959,598.912,586.104,595.184,3217.6189
2024-04-13 00:00:00+00:00,595.183,596.066,565.372,583.342,5806.05375113
2024-04-13 04:00:00+00:00,583.225,594.67,580.932,593.692,2992.8829
2024-04-13 08:00:00+00:00,593.663,600.286,590.58,593.861,2181.2582
2024-04-13 12:00:00+00:00,593.833,598.299,588.621,595.205,1726.0561
2024-04-13 16:00:00+00:00,595.021,596.429,540.583,552.206,7907.0368
2024-04-13 20:00:00+00:00,552.148,564.769,502.6,553.392,15639.44226512
2024-04-14 00:00:00+00:00,553.143,554.273,536.1,547.853,6886.7696
2024-04-14 04:00:00+00:00,547.97,569.359,546.577,565.675,2842.3414
2024-04-14 08:00:00+00:00,565.515,565.56,549.05,552.231,3612.1355
2024-04-14 12:00:00+00:00,552.012,559.479,544.6,550.312,2248.4904
2024-04-14 16:00:00+00:00,550.406,557.82,537.173,552.104,4348.1556
2024-04-14 20:00:00+00:00,552.123,570.234,546.852,566.419,1363.3604
2024-04-15 00:00:00+00:00,566.147,569.302,559.861,568.01,1975.5755
2024-04-15 04:00:00+00:00,568.114,579.653,561.525,575.356,2982.3644
2024-04-15 08:00:00+00:00,575.407,587.89,574.05,578.076,3440.4063
2024-04-15 12:00:00+00:00,578.268,580.413,555.062,565.76,5155.8525
2024-04-15 16:00:00+00:00,565.77,567.88,544.622,555.59,5368.9145
2024-04-15 20:00:00+00:00,555.774,558.946,550.558,552.367,1807.9498
2024-04-16 00:00:00+00:00,552.569,553.937,541.088,545.115,2664.236
2024-04-16 04:00:00+00:00,545.061,553.858,532.061,550.569,2190.1058
2024-04-16 08:00:00+00:00,550.738,550.893,531.972,543.241,2105.2965
2024-04-16 12:00:00+00:00,542.44,545.391,524.119,525.442,2190.7418
2024-04-16 16:00:00+00:00,525.258,538.622,522.9,535.102,1656.5844
2024-04-16 20:00:00+00:00,534.785,544.36,534.331,537.8,857.2193
2024-04-17 00:00:00+00:00,537.507,542.24,534.444,541.95,1303.0517
2024-04-17 04:00:00+00:00,541.949,546.52,540.483,543.93,876.7315
2024-04-17 08:00:00+00:00,543.93,547.586,531.886,531.886,1167.6498
2024-04-17 12:00:00+00:00,531.899,540.492,516.713,517.456,3361.5379
2024-04-17 16:00:00+00:00,517.55,539.039,512.719,533.715,2697.3685
2024-04-17 20:00:00+00:00,534.118,540.574,533.0,534.055,1296.3832
2024-04-18 00:00:00+00:00,534.157,550.009,527.07,549.714,1311.3113
2024-04-18 04:00:00+00:00,549.826,555.68,539.84,543.955,1335.9573
2024-04-18 08:00:00+00:00,544.002,553.66,539.572,546.456,2176.6902
2024-04-18 12:00:00+00:00,546.438,554.65,537.435,550.68,1785.94329925
2024-04-18 16:00:00+00:00,550.653,552.926,546.093,549.795,970.6597
2024-04-18 20:00:00+00:00,549.97,553.079,548.309,551.942,390.8188
2024-04-19 00:00:00+00:00,551.938,552.009,523.86,540.741,2948.6468
2024-04-19 04:00:00+00:00,540.923,561.173,539.135,555.13,1816.2994
2024-04-19 08:00:00+00:00,555.292,562.589,554.439,559.78,1143.1508
2024-04-19 12:00:00+00:00,559.77,564.06,554.348,559.922,1326.9527
2024-04-19 16:00:00+00:00,559.804,561.405,554.76,560.682,986.3894
2024-04-19 20:00:00+00:00,560.422,561.904,549.673,554.005,1765.5303
2024-04-20 00:00:00+00:00,554.312,557.911,548.874,556.438,825.1069
2024-04-20 04:00:00+00:00,556.673,562.28,556.443,560.525,497.8263
2024-04-20 08:00:00+00:00,560.523,560.523,553.046,556.117,758.385
2024-04-20 12:00:00+00:00,556.26,567.77,555.35,567.595,831.8968
2024-04-20 16:00:00+00:00,567.74,573.579,564.274,572.597,1026.98049415
2024-04-20 20:00:00+00:00,572.87,574.088,568.41,570.524,940.6948
2024-04-21 00:00:00+00:00,570.466,576.0,566.398,572.291,1254.5625
2024-04-21 04:00:00+00:00,572.172,579.877,570.671,579.439,1193.3617
2024-04-21 08:00:00+00:00,579.514,582.347,577.468,578.809,940.6854
2024-04-21 12:00:00+00:00,578.843,579.034,571.761,573.771,1075.2762
2024-04-21 16:00:00+00:00,573.824,577.292,566.68,574.75,1019.5554
2024-04-21 20:00:00+00:00,574.749,581.573,573.443,579.443,599.5221
2024-04-22 00:00:00+00:00,579.659,598.589,578.43,591.933,2185.2819
2024-04-22 04:00:00+00:00,592.41,608.54,592.194,602.977,2101.26024894
2024-04-22 08:00:00+00:00,603.144,607.05,596.973,598.811,1181.8248
2024-04-22 12:00:00+00:00,598.861,601.774,591.35,594.975,1533.94669707
2024-04-22 16:00:00+00:00,594.933,600.287,592.967,596.626,1110.50297521
2024-04-22 20:00:00+00:00,596.542,606.46,595.473,604.719,1198.9633892
2024-04-23 00:00:00+00:00,604.813,609.11,599.858,601.912,1285.5842
2024-04-23 04:00:00+00:00,601.931,608.0,599.001,600.453,1312.237
2024-04-23 08:00:00+00:00,600.491,619.188,599.901,604.549,5272.0773
2024-04-23 12:00:00+00:00,604.549,608.379,602.5,603.867,1805.9583
2024-04-23 16:00:00+00:00,604.07,611.59,602.601,608.802,1900.0593
2024-04-23 20:00:00+00:00,608.871,609.3,604.88,605.852,1615.0394
2024-04-24 00:00:00+00:00,605.821,607.442,600.599,604.658,2289.7029
2024-04-24 04:00:00+00:00,604.662,609.589,603.397,607.813,1580.2476
2024-04-24 08:00:00+00:00,607.831,618.5,604.861,614.207,3079.8678
2024-04-24 12:00:00+00:00,614.146,615.288,596.058,597.051,1874.7774
2024-04-24 16:00:00+00:00,597.105,604.813,592.78,604.195,3243.1648
2024-04-24 20:00:00+00:00,604.225,612.843,601.96,608.91,1473.2874
2024-04-25 00:00:00+00:00,608.228,609.092,600.796,605.307,806.9906
2024-04-25 04:00:00+00:00,605.247,608.824,601.478,608.101,1083.5602
2024-04-25 08:00:00+00:00,608.102,615.75,604.75,611.568,3481.158
2024-04-25 12:00:00+00:00,611.347,611.939,601.651,611.162,3013.6993
2024-04-25 16:00:00+00:00,610.958,617.156,610.308,616.794,1075.3958
2024-04-25 20:00:00+00:00,616.692,617.922,612.9,613.101,786.7076
2024-04-26 00:00:00+00:00,613.351,614.974,606.33,610.229,1013.9998
2024-04-26 04:00:00+00:00,610.024,612.359,607.602,608.437,770.8862
2024-04-26 08:00:00+00:00,608.437,610.0,601.478,602.37,1225.9178
2024-04-26 12:00:00+00:00,602.214,607.784,597.334,598.965,1479.764
2024-04-26 16:00:00+00:00,599.104,604.609,597.978,601.22,928.41675881
2024-04-26 20:00:00+00:00,601.247,603.593,596.94,597.702,828.659
2024-04-27 00:00:00+00:00,597.892,599.5,584.858,594.639,1892.4382
2024-04-27 04:00:00+00:00,594.288,596.309,591.861,593.811,893.2111
2024-04-27 08:00:00+00:00,593.812,595.306,587.41,588.005,822.0876
2024-04-27 12:00:00+00:00,587.773,593.903,585.773,587.466,919.3328
2024-04-27 16:00:00+00:00,587.497,597.71,587.062,595.377,1692.5199
2024-04-27 20:00:00+00:00,595.406,597.059,592.806,596.128,424.38155662
2024-04-28 00:00:00+00:00,596.204,602.21,596.016,599.679,1284.3999
2024-04-28 04:00:00+00:00,599.56,601.525,598.026,600.432,691.2107
2024-04-28 08:00:00+00:00,600.466,605.25,599.06,601.859,841.9602
2024-04-28 12:00:00+00:00,601.777,608.202,600.16,603.766,1936.1389
2024-04-28 16:00:00+00:00,604.025,606.742,603.332,604.108,927.941
2024-04-28 20:00:00+00:00,604.049,607.24,597.77,600.173,739.2873
2024-04-29 00:00:00+00:00,600.086,602.645,590.29,590.608,706.794
2024-04-29 04:00:00+00:00,590.518,596.88,580.79,588.35,3778.9863
2024-04-29 08:00:00+00:00,588.226,590.908,583.72,584.746,1498.1258
2024-04-29 12:00:00+00:00,584.746,592.58,584.005,592.58,1248.2054
2024-04-29 16:00:00+00:00,592.598,593.147,589.053,590.903,486.5992
2024-04-29 20:00:00+00:00,591.084,596.751,589.969,592.801,600.2364
2024-04-30 00:00:00+00:00,593.109,602.583,589.645,591.695,1005.2488
2024-04-30 04:00:00+00:00,591.766,604.419,591.295,598.519,1311.5511
2024-04-30 08:00:00+00:00,598.612,599.034,568.5,568.917,2557.9397
2024-04-30 12:00:00+00:00,568.557,569.838,558.969,560.678,2625.2688
2024-04-30 16:00:00+00:00,560.686,576.889,555.73,567.009,3843.6991
2024-04-30 20:00:00+00:00,567.107,582.575,567.101,578.182,1416.8237
2024-05-01 00:00:00+00:00,578.001,580.2,567.589,575.312,1429.2688
2024-05-01 04:00:00+00:00,574.844,575.652,544.507,546.313,3457.978
2024-05-01 08:00:00+00:00,546.219,552.527,536.563,551.74,2504.53022934
2024-05-01 12:00:00+00:00,551.667,556.19,544.14,544.836,1373.65619554
2024-05-01 16:00:00+00:00,545.076,566.19,543.0,550.327,2442.8916
2024-05-01 20:00:00+00:00,550.567,563.6,550.567,561.794,1139.5877
2024-05-02 00:00:00+00:00,561.7,562.766,540.62,547.465,2080.6873
2024-05-02 04:00:00+00:00,547.531,550.31,544.431,549.615,1018.3613
2024-05-02 08:00:00+00:00,549.616,561.615,548.942,561.379,1716.4793
2024-05-02 12:00:00+00:00,561.267,565.792,556.073,564.388,1457.1178
2024-05-02 16:00:00+00:00,564.708,565.011,561.021,563.183,506.4273
2024-05-02 20:00:00+00:00,562.998,564.374,558.471,560.304,627.2039
2024-05-03 00:00:00+00:00,560.275,567.066,558.966,566.186,835.2986
2024-05-03 04:00:00+00:00,566.237,567.119,559.984,561.195,365.3734
2024-05-03 08:00:00+00:00,561.075,574.56,559.021,562.676,1974.8906
2024-05-03 12:00:00+00:00,562.675,580.072,560.839,577.547,2749.3546
2024-05-03 16:00:00+00:00,577.665,581.519,577.665,580.994,721.5017
2024-05-03 20:00:00+00:00,580.969,589.97,580.784,587.076,541.41541086
2024-05-04 00:00:00+00:00,587.236,589.39,582.56,584.24,618.3729
2024-05-04 04:00:00+00:00,584.098,586.948,582.855,584.077,515.5307
2024-05-04 08:00:00+00:00,584.072,593.4,583.75,588.965,706.7141
2024-05-04 12:00:00+00:00,589.152,593.182,588.225,591.174,539.0718
2024-05-04 16:00:00+00:00,591.106,591.436,586.351,590.083,1140.2066
2024-05-04 20:00:00+00:00,589.984,591.776,583.451,585.454,658.1863
2024-05-05 00:00:00+00:00,585.568,587.2,579.552,580.942,1192.9355
2024-05-05 04:00:00+00:00,581.514,586.807,580.675,585.082,496.9476
2024-05-05 08:00:00+00:00,585.081,589.4,584.611,586.425,398.0416
2024-05-05 12:00:00+00:00,586.627,594.397,584.96,593.206,682.0521
2024-05-05 16:00:00+00:00,593.34,594.96,590.4,592.711,755.1244
2024-05-05 20:00:00+00:00,592.711,593.977,588.499,591.967,329.2599
2024-05-06 00:00:00+00:00,592.097,595.48,589.58,590.862,360.2213
2024-05-06 04:00:00+00:00,590.836,595.385,589.654,595.385,438.6937
2024-05-06 08:00:00+00:00,595.405,602.157,586.231,592.372,1691.8813
2024-05-06 12:00:00+00:00,592.447,593.073,583.03,589.125,1484.7419
2024-05-06 16:00:00+00:00,588.671,591.299,585.73,589.758,641.6703
2024-05-06 20:00:00+00:00,589.848,593.081,587.671,588.084,349.9093
2024-05-07 00:00:00+00:00,588.294,593.69,582.15,586.246,744.246
2024-05-07 04:00:00+00:00,586.511,589.89,585.696,588.49,454.3554
2024-05-07 08:00:00+00:00,588.494,600.31,588.015,592.575,1517.547
2024-05-07 12:00:00+00:00,592.733,596.0,587.66,594.288,1253.0829
2024-05-07 16:00:00+00:00,594.289,595.528,585.27,585.646,891.9048
2024-05-07 20:00:00+00:00,585.7,587.513,576.0,576.559,942.5152
2024-05-08 00:00:00+00:00,576.484,586.149,574.57,585.533,660.4517
2024-05-08 04:00:00+00:00,585.417,587.39,579.081,579.425,975.6895
2024-05-08 08:00:00+00:00,579.84,587.16,578.67,585.261,533.4078
2024-05-08 12:00:00+00:00,585.29,586.76,579.302,582.497,1076.2041
2024-05-08 16:00:00+00:00,582.674,589.233,580.511,588.89,2173.5889
2024-05-08 20:00:00+00:00,589.145,589.899,579.806,588.452,1061.0584
2024-05-09 00:00:00+00:00,588.294,601.123,586.79,597.212,1705.6401
2024-05-09 04:00:00+00:00,597.211,602.183,595.0,600.01,1882.9204
2024-05-09 08:00:00+00:00,600.077,602.273,589.35,595.044,1473.4537
2024-05-09 12:00:00+00:00,595.173,609.0,590.66,596.478,2233.40884658
2024-05-09 16:00:00+00:00,596.639,599.289,590.753,596.245,831.4804
2024-05-09 20:00:00+00:00,596.25,599.55,594.45,596.633,579.5752
2024-05-10 00:00:00+00:00,596.652,596.833,591.12,593.461,572.7592
2024-05-10 04:00:00+00:00,593.504,596.57,592.398,595.254,400.6161
2024-05-10 08:00:00+00:00,595.296,595.991,592.409,595.991,381.5083
2024-05-10 12:00:00+00:00,595.991,596.67,582.451,586.056,2165.2869
2024-05-10 16:00:00+00:00,586.0,588.798,581.6,586.105,1484.876
2024-05-10 20:00:00+00:00,586.138,587.89,583.574,585.444,300.0365
2024-05-11 00:00:00+00:00,585.438,590.409,581.002,583.622,903.5055
2024-05-11 04:00:00+00:00,583.748,587.788,582.43,586.887,292.1403
2024-05-11 08:00:00+00:00,586.973,590.565,584.371,589.85,1294.6897
2024-05-11 12:00:00+00:00,589.747,593.68,588.491,591.359,669.5512
2024-05-11 16:00:00+00:00,591.75,594.43,589.066,593.415,418.95978592
2024-05-11 20:00:00+00:00,593.503,594.4,591.41,592.172,157.3313
2024-05-12 00:00:00+00:00,592.215,593.915,590.08,590.438,185.3874
2024-05-12 04:00:00+00:00,590.096,591.83,587.535,588.576,264.0247
2024-05-12 08:00:00+00:00,588.576,593.52,587.812,592.784,398.81861435
2024-05-12 12:00:00+00:00,592.866,596.65,591.771,595.472,877.9737
2024-05-12 16:00:00+00:00,595.391,599.129,592.703,597.783,1938.1853
2024-05-12 20:00:00+00:00,597.916,598.114,592.79,594.486,870.102
2024-05-13 00:00:00+00:00,594.715,596.467,585.083,589.026,1168.28163015
2024-05-13 04:00:00+00:00,589.025,598.263,585.523,596.253,1273.0317
2024-05-13 08:00:00+00:00,596.327,598.183,594.166,594.905,1099.1873
2024-05-13 12:00:00+00:00,595.018,596.14,592.72,595.232,907.4304
2024-05-13 16:00:00+00:00,595.29,597.6,591.76,594.88,518.0348
2024-05-13 20:00:00+00:00,594.968,595.46,591.111,591.691,611.45250439
2024-05-14 00:00:00+00:00,591.598,592.884,587.845,589.074,548.0956
2024-05-14 04:00:00+00:00,589.045,591.861,581.959,588.464,837.6098
2024-05-14 08:00:00+00:00,588.426,588.426,584.836,586.058,450.7355971
2024-05-14 12:00:00+00:00,586.058,587.879,561.6,569.395,5537.65711146
2024-05-14 16:00:00+00:00,569.368,570.724,564.06,568.758,1374.8285
2024-05-14 20:00:00+00:00,568.549,568.625,564.051,566.942,432.1806
2024-05-15 00:00:00+00:00,566.962,569.65,561.39,569.65,1022.21157287
2024-05-15 04:00:00+00:00,569.66,570.936,566.194,569.388,1592.7252
2024-05-15 08:00:00+00:00,569.322,570.949,564.764,566.403,857.6687
2024-05-15 12:00:00+00:00,566.229,582.299,565.101,580.009,1679.7075
2024-05-15 16:00:00+00:00,579.759,587.0,578.425,586.355,934.2459
2024-05-15 20:00:00+00:00,586.505,586.767,581.002,581.024,725.1058
2024-05-16 00:00:00+00:00,581.003,586.383,581.003,584.102,1190.3624
2024-05-16 04:00:00+00:00,584.101,586.112,581.626,584.82,639.6535
2024-05-16 08:00:00+00:00,584.848,585.577,579.67,582.736,873.3918
2024-05-16 12:00:00+00:00,582.717,582.802,566.512,568.003,1336.9941
2024-05-16 16:00:00+00:00,567.91,570.23,565.489,568.037,633.1771
2024-05-16 20:00:00+00:00,568.144,570.211,566.89,569.229,274.5171
2024-05-17 00:00:00+00:00,569.131,572.52,568.848,572.046,287.2037
2024-05-17 04:00:00+00:00,571.793,579.858,570.018,578.44,848.6654813
2024-05-17 08:00:00+00:00,578.428,579.255,574.757,578.214,827.2437
2024-05-17 12:00:00+00:00,577.908,584.319,575.562,582.329,1818.5616
2024-05-17 16:00:00+00:00,582.389,583.299,577.48,579.949,568.6231
2024-05-17 20:00:00+00:00,579.825,580.899,578.965,580.648,367.2138
2024-05-18 00:00:00+00:00,580.78,582.001,577.805,581.602,456.1874
2024-05-18 04:00:00+00:00,581.518,581.901,578.5,578.716,293.9988
2024-05-18 08:00:00+00:00,578.735,581.319,578.625,579.463,727.6676
2024-05-18 12:00:00+00:00,579.366,579.366,574.237,577.803,691.7381
2024-05-18 16:00:00+00:00,577.438,578.562,576.664,577.281,257.2167
2024-05-18 20:00:00+00:00,577.261,580.897,576.738,580.43,872.2446
2024-05-19 00:00:00+00:00,580.487,581.817,579.343,581.407,586.6699
2024-05-19 04:00:00+00:00,581.406,581.572,578.046,579.877,540.09094735
2024-05-19 08:00:00+00:00,579.877,581.274,578.02,580.89,601.053
2024-05-19 12:00:00+00:00,580.989,581.286,574.861,577.693,562.05259621
2024-05-19 16:00:00+00:00,577.455,577.905,572.97,573.688,717.6394
2024-05-19 20:00:00+00:00,573.609,575.73,571.154,574.589,278.8285
2024-05-20 00:00:00+00:00,574.598,577.179,570.63,576.045,581.9284
2024-05-20 04:00:00+00:00,575.943,581.12,571.601,576.229,968.9811
2024-05-20 08:00:00+00:00,576.142,577.262,572.155,573.007,711.2552
2024-05-20 12:00:00+00:00,572.769,576.686,568.708,576.683,795.2036
2024-05-20 16:00:00+00:00,576.616,590.7,575.461,589.625,2725.9617
2024-05-20 20:00:00+00:00,589.772,602.238,585.617,599.863,2649.9527
2024-05-21 00:00:00+00:00,599.92,612.264,595.056,597.833,2809.6334
2024-05-21 04:00:00+00:00,597.886,631.649,593.321,630.162,4414.7684
2024-05-21 08:00:00+00:00,630.073,630.143,616.302,617.756,3967.3995
2024-05-21 12:00:00+00:00,617.759,619.33,610.241,612.734,2729.6637
2024-05-21 16:00:00+00:00,612.337,619.0,608.001,609.486,1513.8216
2024-05-21 20:00:00+00:00,609.359,619.738,609.164,618.58,797.4419
2024-05-22 00:00:00+00:00,618.738,624.249,617.075,622.173,587.2641
2024-05-22 04:00:00+00:00,622.233,623.181,613.001,621.673,1173.29905061
2024-05-22 08:00:00+00:00,621.473,626.432,617.856,617.856,867.4648
2024-05-22 12:00:00+00:00,617.85,621.849,610.692,621.189,1928.6957
2024-05-22 16:00:00+00:00,621.155,621.784,610.22,612.043,1223.046
2024-05-22 20:00:00+00:00,612.613,616.643,611.582,614.899,521.3076
2024-05-23 00:00:00+00:00,614.986,616.993,613.274,614.947,367.6149
2024-05-23 04:00:00+00:00,615.07,626.56,605.8,614.668,2540.36549825
2024-05-23 08:00:00+00:00,614.669,615.116,606.701,613.015,1303.048
2024-05-23 12:00:00+00:00,613.014,613.141,586.512,594.137,4153.0213
2024-05-23 16:00:00+00:00,594.106,597.709,587.584,590.14,843.59666434
2024-05-23 20:00:00+00:00,590.431,601.3,578.466,599.283,2266.7011
2024-05-24 00:00:00+00:00,599.281,605.144,596.699,601.226,853.5544
2024-05-24 04:00:00+00:00,601.471,602.421,588.564,592.941,718.397
2024-05-24 08:00:00+00:00,592.944,607.55,588.472,596.368,1638.5017
2024-05-24 12:00:00+00:00,596.219,599.2,594.98,597.051,492.0472
2024-05-24 16:00:00+00:00,597.063,613.0,595.018,601.867,2308.7815
2024-05-24 20:00:00+00:00,601.606,602.149,599.905,600.216,288.4715
2024-05-25 00:00:00+00:00,600.087,604.79,599.406,601.303,514.3404
2024-05-25 04:00:00+00:00,601.673,603.429,600.746,601.53,299.7657
2024-05-25 08:00:00+00:00,601.531,606.449,601.104,604.078,438.5178
2024-05-25 12:00:00+00:00,604.138,604.565,600.229,601.671,596.4814
2024-05-25 16:00:00+00:00,601.854,602.744,601.375,601.996,191.2636
2024-05-25 20:00:00+00:00,601.933,602.393,600.435,602.346,132.2657
2024-05-26 00:00:00+00:00,602.213,603.214,600.0,602.303,159.438
2024-05-26 04:00:00+00:00,602.151,604.139,601.577,604.051,388.5806
2024-05-26 08:00:00+00:00,604.051,605.05,600.712,601.592,236.9654
2024-05-26 12:00:00+00:00,601.651,604.389,598.925,602.153,531.70679948
2024-05-26 16:00:00+00:00,602.298,603.5,600.58,600.94,462.2823
2024-05-26 20:00:00+00:00,600.876,601.054,597.912,600.097,542.8462
2024-05-27 00:00:00+00:00,600.172,606.27,599.592,604.78,315.9695
2024-05-27 04:00:00+00:00,604.78,605.91,601.133,602.992,472.6492
2024-05-27 08:00:00+00:00,602.992,605.189,600.976,602.229,329.06187552
2024-05-27 12:00:00+00:00,602.39,613.907,601.051,612.802,801.8208
2024-05-27 16:00:00+00:00,612.799,624.51,600.401,601.982,2150.487
2024-05-27 20:00:00+00:00,601.789,605.909,601.192,603.697,394.0499
2024-05-28 00:00:00+00:00,603.671,604.919,595.815,596.914,825.4178
2024-05-28 04:00:00+00:00,597.742,599.64,593.921,597.738,340.6459
2024-05-28 08:00:00+00:00,597.735,605.67,597.133,601.895,805.20129959
2024-05-28 12:00:00+00:00,601.825,603.065,596.307,601.118,703.0588
2024-05-28 16:00:00+00:00,601.148,601.963,595.719,601.601,414.4276
2024-05-28 20:00:00+00:00,601.421,602.959,600.573,601.602,236.0649
2024-05-29 00:00:00+00:00,601.689,603.5,601.115,601.362,302.4753
2024-05-29 04:00:00+00:00,601.468,603.33,598.308,598.308,209.8816
2024-05-29 08:00:00+00:00,598.481,600.456,596.166,599.03,381.7171
2024-05-29 12:00:00+00:00,599.201,601.233,595.059,595.58,410.7788
2024-05-29 16:00:00+00:00,595.242,596.419,593.23,593.91,330.2703
2024-05-29 20:00:00+00:00,594.143,597.201,593.721,595.551,281.447
2024-05-30 00:00:00+00:00,595.413,598.02,594.899,597.549,278.9513
2024-05-30 04:00:00+00:00,597.659,598.349,588.852,588.959,522.071
2024-05-30 08:00:00+00:00,588.929,594.808,586.351,594.178,705.0022
2024-05-30 12:00:00+00:00,594.151,597.867,593.86,596.785,476.3902
2024-05-30 16:00:00+00:00,596.932,602.38,595.76,596.907,610.3588
2024-05-30 20:00:00+00:00,596.89,597.058,591.312,594.933,322.8282
2024-05-31 00:00:00+00:00,594.794,596.34,593.321,593.622,237.59797667
2024-05-31 04:00:00+00:00,593.918,594.358,591.14,591.794,249.4921
2024-05-31 08:00:00+00:00,591.849,595.718,591.419,595.159,313.2359
2024-05-31 12:00:00+00:00,595.158,607.83,590.03,591.303,2626.4754
2024-05-31 16:00:00+00:00,591.192,595.082,589.93,593.94,492.8179
2024-05-31 20:00:00+00:00,594.224,595.98,592.273,593.726,712.3076
2024-06-01 00:00:00+00:00,593.826,595.279,593.076,595.245,269.4641
2024-06-01 04:00:00+00:00,595.249,596.08,594.525,595.111,213.3885
2024-06-01 08:00:00+00:00,595.11,596.265,594.496,596.135,198.3096
2024-06-01 12:00:00+00:00,596.148,598.229,595.607,596.361,431.9465
2024-06-01 16:00:00+00:00,596.596,597.66,595.641,597.483,839.9482
2024-06-01 20:00:00+00:00,597.606,616.84,597.606,602.221,2329.66120525
2024-06-02 00:00:00+00:00,601.919,605.799,601.559,603.93,398.0254
2024-06-02 04:00:00+00:00,603.481,605.371,599.8,600.134,569.5428
2024-06-02 08:00:00+00:00,600.198,602.155,596.514,601.411,436.5686
2024-06-02 12:00:00+00:00,601.5,611.388,598.95,601.464,1435.0958
2024-06-02 16:00:00+00:00,601.464,602.022,596.207,599.193,513.7434
2024-06-02 20:00:00+00:00,599.102,603.884,597.7,602.922,378.9718
2024-06-03 00:00:00+00:00,603.0,610.247,601.513,608.092,915.1666
2024-06-03 04:00:00+00:00,608.37,638.3,607.912,626.104,4442.068
2024-06-03 08:00:00+00:00,626.047,640.28,625.0,631.198,2849.7609
2024-06-03 12:00:00+00:00,631.484,638.065,621.772,627.823,2215.3917
2024-06-03 16:00:00+00:00,628.092,628.338,620.108,625.379,1140.5699
2024-06-03 20:00:00+00:00,625.224,629.148,622.697,626.423,684.9928
2024-06-04 00:00:00+00:00,627.108,634.473,625.341,634.324,511.2571
2024-06-04 04:00:00+00:00,634.292,635.229,628.051,628.703,992.08466806
2024-06-04 08:00:00+00:00,628.983,649.0,625.071,646.077,3416.1873
2024-06-04 12:00:00+00:00,646.26,666.998,644.68,663.009,5250.10689703
2024-06-04 16:00:00+00:00,663.231,674.129,661.078,671.327,2263.02839826
2024-06-04 20:00:00+00:00,671.196,688.297,667.82,685.866,2534.78029965
2024-06-05 00:00:00+00:00,685.775,716.642,685.054,703.216,5742.1395
2024-06-05 04:00:00+00:00,703.23,712.384,696.2,705.999,2506.2129
2024-06-05 08:00:00+00:00,705.932,713.606,694.71,699.815,2211.5800978
2024-06-05 12:00:00+00:00,699.876,707.481,695.911,704.875,1801.96426671
2024-06-05 16:00:00+00:00,704.763,706.207,687.89,691.385,2364.74014564
2024-06-05 20:00:00+00:00,691.648,699.5,690.105,699.039,1173.5366
2024-06-06 00:00:00+00:00,698.856,702.142,695.995,696.531,949.6364
2024-06-06 04:00:00+00:00,696.737,706.846,692.271,704.226,2609.8631
2024-06-06 08:00:00+00:00,704.467,722.099,700.15,705.015,2594.1871
2024-06-06 12:00:00+00:00,705.05,722.0,702.161,703.698,3343.79638031
2024-06-06 16:00:00+00:00,703.623,708.04,698.256,705.75,1324.3648
2024-06-06 20:00:00+00:00,705.657,711.662,700.705,710.666,876.7924
2024-06-07 00:00:00+00:00,710.825,711.647,700.054,703.843,780.1405
2024-06-07 04:00:00+00:00,703.844,709.179,697.381,697.879,778.1502
2024-06-07 08:00:00+00:00,697.888,705.26,697.741,705.26,1226.5028
2024-06-07 12:00:00+00:00,705.259,720.3,692.085,700.66,2691.5293
2024-06-07 16:00:00+00:00,700.661,701.51,655.054,681.176,5640.56707971
2024-06-07 20:00:00+00:00,681.18,685.568,677.8,683.73,867.0966
2024-06-08 00:00:00+00:00,683.672,693.68,677.05,682.065,1795.0928
2024-06-08 04:00:00+00:00,681.951,695.297,680.65,694.838,891.2472
2024-06-08 08:00:00+00:00,694.837,694.951,682.775,683.652,655.3285
2024-06-08 12:00:00+00:00,683.729,688.12,677.91,686.436,1089.2148
2024-06-08 16:00:00+00:00,686.2,687.128,680.51,685.979,502.62728367
2024-06-08 20:00:00+00:00,685.858,687.409,681.568,682.619,259.8018
2024-06-09 00:00:00+00:00,682.62,683.204,670.723,675.039,807.2665
2024-06-09 04:00:00+00:00,674.72,681.46,672.231,679.926,422.3038
2024-06-09 08:00:00+00:00,679.927,683.057,677.693,679.284,353.6441
2024-06-09 12:00:00+00:00,679.172,684.439,676.623,676.623,1089.8264
2024-06-09 16:00:00+00:00,676.622,678.715,675.412,675.726,524.7971
2024-06-09 20:00:00+00:00,675.802,675.972,670.5,672.989,442.5789
2024-06-10 00:00:00+00:00,672.798,674.732,668.401,668.991,531.8849
2024-06-10 04:00:00+00:00,669.144,669.626,639.472,640.996,3828.911
2024-06-10 08:00:00+00:00,640.996,649.5,639.18,639.861,2529.8028
2024-06-10 12:00:00+00:00,639.748,652.769,635.637,650.915,1609.4484
2024-06-10 16:00:00+00:00,650.917,653.446,646.13,648.248,968.1249
2024-06-10 20:00:00+00:00,648.123,648.18,610.98,624.87,8011.06379902
2024-06-11 00:00:00+00:00,624.869,628.857,616.329,625.589,4430.6193
2024-06-11 04:00:00+00:00,625.393,625.589,609.468,613.647,3602.2087
2024-06-11 08:00:00+00:00,613.311,627.1,602.795,606.274,3835.6542
2024-06-11 12:00:00+00:00,606.146,610.856,595.884,597.986,2537.5371
2024-06-11 16:00:00+00:00,597.536,609.531,596.182,608.27,1340.7721983
2024-06-11 20:00:00+00:00,608.113,608.113,599.363,602.372,1202.3179
2024-06-12 00:00:00+00:00,602.249,608.8,591.261,608.188,1382.7874
2024-06-12 04:00:00+00:00,608.189,614.51,605.873,614.43,1402.1626
2024-06-12 08:00:00+00:00,614.519,617.84,608.933,608.933,1446.7813
2024-06-12 12:00:00+00:00,609.158,635.0,609.158,628.059,2314.9258
2024-06-12 16:00:00+00:00,628.256,632.918,609.837,612.834,2520.704
2024-06-12 20:00:00+00:00,613.06,622.73,610.971,619.36,1381.0869
2024-06-13 00:00:00+00:00,619.087,619.651,602.961,607.021,1104.2702
2024-06-13 04:00:00+00:00,606.984,611.12,601.921,607.25,1281.3654
2024-06-13 08:00:00+00:00,607.414,609.74,602.971,604.114,1245.1832
2024-06-13 12:00:00+00:00,603.947,610.589,595.981,597.212,1197.6021
2024-06-13 16:00:00+00:00,597.409,605.55,595.62,602.669,989.1952
2024-06-13 20:00:00+00:00,602.217,603.408,597.07,599.923,488.83
2024-06-14 00:00:00+00:00,600.145,603.379,594.704,600.871,511.4113
2024-06-14 04:00:00+00:00,601.174,609.815,601.174,608.197,914.4123
2024-06-14 08:00:00+00:00,608.166,610.761,606.6,610.761,592.8469
2024-06-14 12:00:00+00:00,610.765,612.149,601.25,601.963,1179.3718
2024-06-14 16:00:00+00:00,602.245,602.955,590.15,596.165,1609.22829784
2024-06-14 20:00:00+00:00,595.936,604.84,595.372,603.261,896.4443
2024-06-15 00:00:00+00:00,603.168,605.94,601.511,605.279,354.5665
2024-06-15 04:00:00+00:00,605.487,618.047,602.909,606.352,1563.38165147
2024-06-15 08:00:00+00:00,606.646,608.755,605.806,608.755,338.3474
2024-06-15 12:00:00+00:00,608.78,609.508,604.3,607.282,584.807
2024-06-15 16:00:00+00:00,607.05,608.098,605.4,606.899,349.7769
2024-06-15 20:00:00+00:00,607.037,609.23,604.301,608.054,281.6151
2024-06-16 00:00:00+00:00,608.108,608.358,604.11,604.668,243.6872
2024-06-16 04:00:00+00:00,604.778,607.093,601.464,606.033,478.8602
2024-06-16 08:00:00+00:00,606.126,607.79,604.0,606.256,332.6743
2024-06-16 12:00:00+00:00,606.076,610.559,605.486,610.559,539.4536
2024-06-16 16:00:00+00:00,610.344,610.409,608.261,609.32,435.6484
2024-06-16 20:00:00+00:00,609.425,611.73,607.948,610.879,194.8703
2024-06-17 00:00:00+00:00,610.878,612.504,604.741,605.406,1247.6448
2024-06-17 04:00:00+00:00,605.494,607.486,601.323,603.851,656.7911
2024-06-17 08:00:00+00:00,603.852,604.999,594.093,599.224,1045.0465
2024-06-17 12:00:00+00:00,599.227,604.657,596.484,597.216,1064.1082
2024-06-17 16:00:00+00:00,597.479,610.148,591.503,608.278,1309.4761
2024-06-17 20:00:00+00:00,608.468,608.612,603.78,604.322,531.6018
2024-06-18 00:00:00+00:00,604.145,604.906,578.821,594.22,3688.5622
2024-06-18 04:00:00+00:00,594.041,597.652,591.65,593.619,791.8432
2024-06-18 08:00:00+00:00,593.62,594.044,581.854,583.728,1159.4761
2024-06-18 12:00:00+00:00,583.711,587.353,575.005,582.027,2034.569
2024-06-18 16:00:00+00:00,582.32,582.719,576.29,580.67,737.6074
2024-06-18 20:00:00+00:00,580.644,590.37,578.72,588.824,1032.9212
2024-06-19 00:00:00+00:00,588.615,598.91,586.787,598.387,872.7695
2024-06-19 04:00:00+00:00,598.146,605.913,597.501,603.808,866.8318
2024-06-19 08:00:00+00:00,603.836,604.245,595.62,597.004,1068.4928
2024-06-19 12:00:00+00:00,597.003,599.196,590.95,592.239,916.5834
2024-06-19 16:00:00+00:00,592.201,608.4,591.787,599.467,1776.5497
2024-06-19 20:00:00+00:00,599.352,602.491,597.5,599.315,438.5701
2024-06-20 00:00:00+00:00,599.009,602.9,595.67,598.091,604.1584
2024-06-20 04:00:00+00:00,598.067,605.965,597.153,605.256,713.4689
2024-06-20 08:00:00+00:00,605.256,607.667,601.53,602.916,793.5891
2024-06-20 12:00:00+00:00,603.03,604.12,592.183,596.017,1086.8324
2024-06-20 16:00:00+00:00,596.183,596.95,591.245,593.031,1522.654
2024-06-20 20:00:00+00:00,593.177,593.761,584.902,587.51,1123.124
2024-06-21 00:00:00+00:00,587.473,589.2,583.35,586.375,536.0474
2024-06-21 04:00:00+00:00,586.293,587.621,582.511,583.514,271.1357
2024-06-21 08:00:00+00:00,583.532,587.263,578.301,585.972,1168.7548
2024-06-21 12:00:00+00:00,585.993,587.535,577.76,583.297,953.4082
2024-06-21 16:00:00+00:00,582.892,586.36,579.82,585.742,507.9086
2024-06-21 20:00:00+00:00,586.158,587.864,584.011,586.331,296.9899
2024-06-22 00:00:00+00:00,586.37,586.633,580.881,584.162,1245.428
2024-06-22 04:00:00+00:00,584.226,588.007,583.747,586.841,369.038
2024-06-22 08:00:00+00:00,586.988,587.778,585.021,587.257,322.0276
2024-06-22 12:00:00+00:00,587.194,587.437,585.387,586.807,348.02
2024-06-22 16:00:00+00:00,586.702,587.753,585.916,587.753,281.6555
2024-06-22 20:00:00+00:00,587.753,591.323,586.765,590.943,233.4461
2024-06-23 00:00:00+00:00,591.105,592.867,587.253,592.645,557.1523
2024-06-23 04:00:00+00:00,592.774,592.927,590.701,592.384,562.0023
2024-06-23 08:00:00+00:00,592.356,592.397,587.785,589.404,377.2447
2024-06-23 12:00:00+00:00,589.405,590.475,584.506,585.014,549.801
2024-06-23 16:00:00+00:00,585.138,585.832,581.376,585.545,758.7821
2024-06-23 20:00:00+00:00,585.52,585.626,576.172,577.521,791.5368
2024-06-24 00:00:00+00:00,577.461,581.83,570.752,576.124,3423.0411
2024-06-24 04:00:00+00:00,576.226,576.411,564.157,570.893,1228.3117
2024-06-24 08:00:00+00:00,571.006,575.63,557.445,569.821,2249.9741
2024-06-24 12:00:00+00:00,569.582,571.102,560.995,561.625,1006.2121
2024-06-24 16:00:00+00:00,561.638,564.198,554.476,557.796,1417.2996
2024-06-24 20:00:00+00:00,557.877,568.429,551.2,567.898,1269.2626
2024-06-25 00:00:00+00:00,568.15,577.958,566.662,573.445,994.8419
2024-06-25 04:00:00+00:00,573.482,575.674,570.48,571.649,717.0215
2024-06-25 08:00:00+00:00,571.617,573.496,567.672,571.99,824.5911
2024-06-25 12:00:00+00:00,571.969,579.464,570.44,577.41,821.0524
2024-06-25 16:00:00+00:00,577.652,579.877,573.848,577.723,726.9994
2024-06-25 20:00:00+00:00,577.876,579.105,575.761,578.225,281.8506
2024-06-26 00:00:00+00:00,578.226,584.36,575.478,580.275,686.101
2024-06-26 04:00:00+00:00,580.501,580.843,575.46,578.79,554.746
2024-06-26 08:00:00+00:00,578.769,579.148,572.45,573.819,937.5703
2024-06-26 12:00:00+00:00,573.742,576.989,570.881,572.434,502.5765
2024-06-26 16:00:00+00:00,572.458,574.64,567.605,574.347,528.1677
2024-06-26 20:00:00+00:00,574.358,575.969,571.602,573.095,340.6008
2024-06-27 00:00:00+00:00,573.16,576.36,571.201,574.133,380.3174
2024-06-27 04:00:00+00:00,574.133,575.01,566.492,569.517,790.665
2024-06-27 08:00:00+00:00,569.571,575.12,569.044,573.108,515.9782
2024-06-27 12:00:00+00:00,573.078,584.664,572.63,579.319,1453.9805
2024-06-27 16:00:00+00:00,579.59,582.5,577.031,579.848,603.851
2024-06-27 20:00:00+00:00,579.888,581.811,579.205,581.73,295.3991
2024-06-28 00:00:00+00:00,581.847,585.23,578.753,583.045,591.9835
2024-06-28 04:00:00+00:00,583.012,583.131,576.12,576.605,576.4438
2024-06-28 08:00:00+00:00,576.515,579.537,574.244,578.638,558.9005
2024-06-28 12:00:00+00:00,578.632,579.56,570.801,572.934,829.6794
2024-06-28 16:00:00+00:00,572.527,574.542,569.519,571.063,1037.9681
2024-06-28 20:00:00+00:00,571.199,572.082,566.003,567.702,540.263
2024-06-29 00:00:00+00:00,567.509,572.8,567.128,569.714,540.8518
2024-06-29 04:00:00+00:00,569.558,572.03,567.751,570.723,330.3144
2024-06-29 08:00:00+00:00,570.723,574.119,570.169,573.819,669.1437
2024-06-29 12:00:00+00:00,573.848,574.12,570.812,572.581,411.4366
2024-06-29 16:00:00+00:00,572.665,572.665,570.3,571.945,529.1666
2024-06-29 20:00:00+00:00,572.014,572.414,568.75,570.338,297.8813
2024-06-30 00:00:00+00:00,570.175,572.669,568.5,569.429,209.0124
2024-06-30 04:00:00+00:00,569.306,578.83,568.48,576.095,555.9073
2024-06-30 08:00:00+00:00,576.113,577.874,574.897,575.077,323.2224
2024-06-30 12:00:00+00:00,575.184,578.127,574.117,577.642,372.642
2024-06-30 16:00:00+00:00,577.788,579.732,576.167,579.092,469.9785
2024-06-30 20:00:00+00:00,579.081,584.92,577.825,582.431,761.9143
2024-07-01 00:00:00+00:00,582.65,588.24,580.246,585.483,819.4546
2024-07-01 04:00:00+00:00,585.601,586.56,583.884,584.837,346.0322
2024-07-01 08:00:00+00:00,584.864,585.429,577.292,577.54,549.5478
2024-07-01 12:00:00+00:00,577.685,581.499,576.4,577.952,600.9041
2024-07-01 16:00:00+00:00,577.86,583.0,576.595,581.653,466.7039
2024-07-01 20:00:00+00:00,581.507,582.344,576.505,577.07,264.1286
2024-07-02 00:00:00+00:00,576.85,579.296,574.735,578.921,204.084
2024-07-02 04:00:00+00:00,578.914,581.71,577.376,578.435,465.6908
2024-07-02 08:00:00+00:00,578.445,581.261,577.3,579.404,339.3503
2024-07-02 12:00:00+00:00,579.496,582.024,574.957,575.686,716.1186
2024-07-02 16:00:00+00:00,575.484,581.49,574.163,577.709,715.1631
2024-07-02 20:00:00+00:00,577.901,580.379,577.42,579.912,221.6832
2024-07-03 00:00:00+00:00,579.994,581.469,566.201,569.959,874.8274
2024-07-03 04:00:00+00:00,569.904,569.904,565.371,566.439,740.918
2024-07-03 08:00:00+00:00,566.338,567.689,555.55,561.245,1068.2651
2024-07-03 12:00:00+00:00,560.383,560.78,552.851,558.269,819.6412
2024-07-03 16:00:00+00:00,558.01,560.147,550.37,551.867,408.3917
2024-07-03 20:00:00+00:00,552.22,557.96,551.804,556.602,407.8007
2024-07-04 00:00:00+00:00,556.956,558.24,528.1,539.81,1999.5265
2024-07-04 04:00:00+00:00,539.621,541.5,529.588,530.124,1010.6294
2024-07-04 08:00:00+00:00,530.174,533.74,522.6,525.172,1023.1768
2024-07-04 12:00:00+00:00,524.961,525.449,511.65,524.978,1509.9909
2024-07-04 16:00:00+00:00,525.045,527.319,518.932,523.361,641.9062
2024-07-04 20:00:00+00:00,523.679,529.6,512.39,512.83,746.3436
2024-07-05 00:00:00+00:00,513.162,515.74,464.58,468.611,6019.3964
2024-07-05 04:00:00+00:00,468.654,479.759,454.303,472.821,2526.1251
2024-07-05 08:00:00+00:00,472.806,488.59,456.101,485.345,2812.6756
2024-07-05 12:00:00+00:00,485.273,497.013,480.933,495.575,1573.55327483
2024-07-05 16:00:00+00:00,495.413,499.951,492.26,495.898,802.9378
2024-07-05 20:00:00+00:00,496.408,499.546,494.053,497.651,372.934
2024-07-06 00:00:00+00:00,497.568,507.421,496.092,503.136,1192.2238
2024-07-06 04:00:00+00:00,503.162,510.504,499.38,508.019,785.2526
2024-07-06 08:00:00+00:00,507.825,513.7,505.494,513.365,623.1287
2024-07-06 12:00:00+00:00,513.194,520.294,509.131,518.503,816.9406
2024-07-06 16:00:00+00:00,518.601,527.61,518.188,526.628,1153.7311
2024-07-06 20:00:00+00:00,526.532,530.591,525.983,526.11,419.8492
2024-07-07 00:00:00+00:00,526.089,526.604,516.882,518.508,392.9321
2024-07-07 04:00:00+00:00,518.489,518.636,504.317,509.071,656.4438
2024-07-07 08:00:00+00:00,509.133,512.708,507.5,508.984,240.04
2024-07-07 12:00:00+00:00,508.471,510.6,494.373,498.254,847.7433
2024-07-07 16:00:00+00:00,498.377,503.8,497.55,500.239,463.7413
2024-07-07 20:00:00+00:00,500.239,502.569,488.48,490.316,819.8583
2024-07-08 00:00:00+00:00,490.7,491.957,471.2,488.234,1899.604
2024-07-08 04:00:00+00:00,488.257,509.69,488.032,501.761,2429.4684
2024-07-08 08:00:00+00:00,501.791,524.132,500.729,515.377,1948.9459
2024-07-08 12:00:00+00:00,515.539,518.896,491.16,501.423,1954.0507
2024-07-08 16:00:00+00:00,501.27,508.267,497.325,507.431,577.3484
2024-07-08 20:00:00+00:00,507.403,512.621,505.269,510.371,444.4477
2024-07-09 00:00:00+00:00,510.518,516.4,506.84,513.843,1265.5706
2024-07-09 04:00:00+00:00,514.103,516.32,511.784,512.291,246.59
2024-07-09 08:00:00+00:00,512.504,518.96,511.622,516.208,528.5593
2024-07-09 12:00:00+00:00,516.2,519.81,511.81,516.87,531.3072
2024-07-09 16:00:00+00:00,517.037,520.9,515.751,517.425,602.6727
2024-07-09 20:00:00+00:00,517.054,518.8,514.907,516.944,291.0856
2024-07-10 00:00:00+00:00,516.991,517.023,511.633,516.759,371.5949
2024-07-10 04:00:00+00:00,516.559,526.269,516.559,522.457,715.1144
2024-07-10 08:00:00+00:00,522.515,528.66,519.333,527.637,599.1993
2024-07-10 12:00:00+00:00,527.688,529.229,520.4,524.902,1035.3727
2024-07-10 16:00:00+00:00,525.324,527.56,522.001,524.059,821.8631
2024-07-10 20:00:00+00:00,523.675,525.189,521.071,524.592,482.5616
2024-07-11 00:00:00+00:00,524.503,528.5,520.257,523.401,293.8513
2024-07-11 04:00:00+00:00,522.744,528.847,522.084,527.792,198.1225
2024-07-11 08:00:00+00:00,527.619,536.848,527.493,536.512,799.697
2024-07-11 12:00:00+00:00,536.458,545.305,523.442,524.218,1923.5293
2024-07-11 16:00:00+00:00,524.067,530.83,522.735,525.389,700.4037
2024-07-11 20:00:00+00:00,525.402,526.68,522.8,524.815,351.0026
2024-07-12 00:00:00+00:00,524.944,529.238,517.195,521.532,808.04
2024-07-12 04:00:00+00:00,521.854,523.464,518.033,521.279,560.8305
2024-07-12 08:00:00+00:00,521.22,523.9,518.001,523.9,803.0359
2024-07-12 12:00:00+00:00,523.94,533.173,522.94,532.279,708.7433
2024-07-12 16:00:00+00:00,532.408,537.407,530.915,531.541,808.65168676
2024-07-12 20:00:00+00:00,531.292,533.799,527.078,533.773,463.0733
2024-07-13 00:00:00+00:00,533.799,535.388,532.361,533.5,206.5406
2024-07-13 04:00:00+00:00,533.508,536.16,531.82,536.061,475.3675
2024-07-13 08:00:00+00:00,535.968,539.397,535.074,537.781,598.1473
2024-07-13 12:00:00+00:00,537.852,537.997,529.619,532.175,1766.6108
2024-07-13 16:00:00+00:00,532.163,532.853,528.661,530.204,908.7131
2024-07-13 20:00:00+00:00,530.065,535.714,527.539,532.258,580.9855
2024-07-14 00:00:00+00:00,532.517,537.795,531.549,533.802,801.2766
2024-07-14 04:00:00+00:00,533.549,539.019,533.549,537.79,504.3419
2024-07-14 08:00:00+00:00,537.79,540.191,535.502,536.829,646.3644
2024-07-14 12:00:00+00:00,536.919,536.977,531.781,536.175,486.0009
2024-07-14 16:00:00+00:00,536.3,536.992,534.781,536.807,382.8088
2024-07-14 20:00:00+00:00,536.845,547.604,536.592,544.804,545.1632
2024-07-15 00:00:00+00:00,544.696,554.61,543.807,554.017,1004.0573
2024-07-15 04:00:00+00:00,554.285,562.374,552.273,558.974,1086.6421
2024-07-15 08:00:00+00:00,558.997,563.398,557.654,562.372,1055.7651
2024-07-15 12:00:00+00:00,562.387,575.22,562.303,573.605,913.5196
2024-07-15 16:00:00+00:00,573.827,579.64,573.08,577.238,642.2599
2024-07-15 20:00:00+00:00,577.238,587.024,575.815,585.329,710.7859
2024-07-16 00:00:00+00:00,585.66,587.53,577.645,579.584,607.2619
2024-07-16 04:00:00+00:00,578.742,580.414,561.28,562.22,1671.5582
2024-07-16 08:00:00+00:00,562.335,572.298,554.145,571.109,1492.7326
2024-07-16 12:00:00+00:00,571.247,578.528,565.326,577.116,1508.3531
2024-07-16 16:00:00+00:00,577.029,579.091,572.0,578.108,763.1718
2024-07-16 20:00:00+00:00,577.873,578.433,569.78,575.994,806.4652
2024-07-17 00:00:00+00:00,576.407,583.968,575.955,579.351,342.392
2024-07-17 04:00:00+00:00,579.364,583.49,578.616,579.757,318.8504
2024-07-17 08:00:00+00:00,579.799,581.762,574.163,575.344,744.3636
2024-07-17 12:00:00+00:00,575.231,578.946,572.414,572.9,403.2242
2024-07-17 16:00:00+00:00,572.599,573.64,564.252,572.232,471.6461
2024-07-17 20:00:00+00:00,572.24,573.81,568.0,568.969,190.9872
2024-07-18 00:00:00+00:00,569.172,576.686,568.598,573.925,418.7012
2024-07-18 04:00:00+00:00,574.02,575.991,568.919,572.369,262.3541
2024-07-18 08:00:00+00:00,572.368,575.0,570.744,574.106,251.804
2024-07-18 12:00:00+00:00,574.206,579.337,564.841,565.714,643.3005
2024-07-18 16:00:00+00:00,565.385,571.36,561.469,568.37,500.6125
2024-07-18 20:00:00+00:00,567.781,573.159,567.044,572.019,220.7716
2024-07-19 00:00:00+00:00,571.872,573.185,565.0,572.454,410.6578
2024-07-19 04:00:00+00:00,572.761,574.647,567.659,568.435,202.9941
2024-07-19 08:00:00+00:00,568.434,573.498,566.292,573.498,447.8272
2024-07-19 12:00:00+00:00,573.5,594.95,572.538,591.442,1498.4895
2024-07-19 16:00:00+00:00,591.442,598.691,588.68,595.581,1627.5959
2024-07-19 20:00:00+00:00,595.617,596.39,591.65,593.743,651.1469
2024-07-20 00:00:00+00:00,593.804,595.319,586.756,590.326,617.4207
2024-07-20 04:00:00+00:00,590.611,592.35,589.644,590.018,1002.1823
2024-07-20 08:00:00+00:00,589.876,592.955,588.171,590.526,516.5465
2024-07-20 12:00:00+00:00,590.445,595.182,587.625,594.989,818.1192
2024-07-20 16:00:00+00:00,595.04,597.836,593.333,595.692,557.8054
2024-07-20 20:00:00+00:00,595.63,597.89,592.504,592.789,490.59788839
2024-07-21 00:00:00+00:00,593.067,597.555,593.067,595.945,198.4579
2024-07-21 04:00:00+00:00,595.719,596.327,591.198,592.555,169.9073
2024-07-21 08:00:00+00:00,592.43,595.406,592.339,594.395,363.0672
2024-07-21 12:00:00+00:00,594.33,602.453,592.155,599.08,374.3395
2024-07-21 16:00:00+00:00,599.188,602.216,581.454,597.661,730.8298
2024-07-21 20:00:00+00:00,597.677,603.456,596.877,602.338,1016.4134
2024-07-22 00:00:00+00:00,602.176,605.6,599.365,600.796,295.60620208
2024-07-22 04:00:00+00:00,600.704,602.363,591.666,594.039,448.1601
2024-07-22 08:00:00+00:00,593.978,601.025,591.38,599.756,787.94389994
2024-07-22 12:00:00+00:00,599.76,600.695,589.13,592.076,1180.3659
2024-07-22 16:00:00+00:00,592.059,595.92,590.842,595.164,395.8332
2024-07-22 20:00:00+00:00,595.461,596.432,581.85,587.077,961.9578
2024-07-23 00:00:00+00:00,587.215,593.19,587.215,590.451,150.6253
2024-07-23 04:00:00+00:00,590.355,591.262,577.453,579.547,468.2848
2024-07-23 08:00:00+00:00,579.644,589.346,579.092,584.936,908.2318
2024-07-23 12:00:00+00:00,584.777,588.3,578.754,585.664,488.29
2024-07-23 16:00:00+00:00,585.302,585.896,577.387,580.611,414.5398
2024-07-23 20:00:00+00:00,581.166,583.907,580.181,582.173,203.4842
2024-07-24 00:00:00+00:00,581.929,585.708,580.56,584.809,411.3655
2024-07-24 04:00:00+00:00,584.95,585.8,581.44,585.8,149.6451
2024-07-24 08:00:00+00:00,585.81,588.825,583.419,583.571,442.7108
2024-07-24 12:00:00+00:00,583.418,587.499,582.291,583.508,351.2001
2024-07-24 16:00:00+00:00,583.502,585.684,578.84,579.362,290.5264
2024-07-24 20:00:00+00:00,579.377,581.498,570.364,574.733,482.6893
2024-07-25 00:00:00+00:00,574.765,576.328,553.591,556.972,802.7208
2024-07-25 04:00:00+00:00,556.781,564.5,554.657,562.086,320.2242
2024-07-25 08:00:00+00:00,561.833,567.34,560.52,564.413,566.5312
2024-07-25 12:00:00+00:00,564.325,567.081,556.629,564.964,485.6034
2024-07-25 16:00:00+00:00,564.998,570.27,562.581,566.129,612.9114
2024-07-25 20:00:00+00:00,565.603,573.158,560.74,570.774,349.2965
2024-07-26 00:00:00+00:00,570.641,578.968,570.394,578.852,202.3877
2024-07-26 04:00:00+00:00,578.919,580.649,577.347,579.265,218.7136
2024-07-26 08:00:00+00:00,579.207,580.386,575.195,577.381,611.5429
2024-07-26 12:00:00+00:00,577.415,580.959,574.6,578.541,480.5256
2024-07-26 16:00:00+00:00,578.42,582.12,576.882,580.369,357.0719
2024-07-26 20:00:00+00:00,580.455,582.638,578.672,580.901,209.6382
2024-07-27 00:00:00+00:00,580.967,585.105,577.831,583.016,625.6402
2024-07-27 04:00:00+00:00,583.52,588.022,582.315,586.951,398.2458
2024-07-27 08:00:00+00:00,587.036,588.825,585.814,587.062,224.2837
2024-07-27 12:00:00+00:00,587.15,592.776,582.49,585.508,317.3415
2024-07-27 16:00:00+00:00,585.446,586.47,580.29,584.447,461.7841
2024-07-27 20:00:00+00:00,584.542,585.499,572.883,581.175,749.4859
2024-07-28 00:00:00+00:00,581.13,584.257,577.814,580.79,220.2394
2024-07-28 04:00:00+00:00,580.66,581.816,574.77,578.733,239.1091
2024-07-28 08:00:00+00:00,578.712,581.87,577.411,581.666,196.2963
2024-07-28 12:00:00+00:00,581.666,582.255,579.28,580.373,392.8188
2024-07-28 16:00:00+00:00,580.467,584.43,579.16,584.005,443.019
2024-07-28 20:00:00+00:00,584.408,584.768,580.992,583.862,240.5178
2024-07-29 00:00:00+00:00,583.788,597.103,583.788,592.648,569.4353
2024-07-29 04:00:00+00:00,592.525,595.164,590.57,593.589,206.5206
2024-07-29 08:00:00+00:00,593.588,594.901,591.966,593.075,331.5671
2024-07-29 12:00:00+00:00,593.139,593.453,579.952,583.008,548.1278
2024-07-29 16:00:00+00:00,582.653,583.57,572.371,577.683,728.1316
2024-07-29 20:00:00+00:00,577.59,580.287,573.84,574.262,262.9124
2024-07-30 00:00:00+00:00,574.422,575.08,566.83,572.652,456.7285
2024-07-30 04:00:00+00:00,572.831,575.939,570.442,574.387,205.2341
2024-07-30 08:00:00+00:00,574.634,574.634,571.98,573.642,236.8761
2024-07-30 12:00:00+00:00,573.399,576.054,571.187,574.121,556.0105
2024-07-30 16:00:00+00:00,574.018,577.35,570.342,573.58,394.8402
2024-07-30 20:00:00+00:00,573.396,588.199,569.752,587.914,888.5598
2024-07-31 00:00:00+00:00,587.961,589.373,582.145,585.104,326.9612
2024-07-31 04:00:00+00:00,585.117,587.499,581.17,586.079,203.3818
2024-07-31 08:00:00+00:00,586.356,588.825,584.219,586.763,333.7477
2024-07-31 12:00:00+00:00,586.872,588.958,584.361,587.08,406.6171
2024-07-31 16:00:00+00:00,586.913,592.77,580.883,582.05,540.5551
2024-07-31 20:00:00+00:00,581.837,582.14,574.901,576.456,406.0171
2024-08-01 00:00:00+00:00,576.323,577.882,568.526,570.16,481.5225
2024-08-01 04:00:00+00:00,570.16,571.604,563.061,568.921,375.1561
2024-08-01 08:00:00+00:00,568.825,573.17,568.825,572.602,490.1295
2024-08-01 12:00:00+00:00,572.416,574.999,556.882,559.042,935.0487
2024-08-01 16:00:00+00:00,559.044,561.442,553.711,561.124,875.3422
2024-08-01 20:00:00+00:00,560.962,577.483,560.0,575.192,534.4945
2024-08-02 00:00:00+00:00,575.113,577.53,564.337,571.96,313.3271
2024-08-02 04:00:00+00:00,571.943,573.079,563.67,570.897,280.8869
2024-08-02 08:00:00+00:00,570.632,575.351,568.291,573.515,289.6099
2024-08-02 12:00:00+00:00,573.37,576.469,547.25,558.828,1148.3392
2024-08-02 16:00:00+00:00,558.659,560.276,553.329,555.175,518.7
2024-08-02 20:00:00+00:00,555.183,558.02,540.601,543.123,925.8044
2024-08-03 00:00:00+00:00,542.736,543.682,526.384,541.93,864.9164
2024-08-03 04:00:00+00:00,541.923,545.177,539.57,540.732,429.4761
2024-08-03 08:00:00+00:00,540.749,541.671,536.96,541.164,330.5424
2024-08-03 12:00:00+00:00,541.165,544.869,531.53,532.27,561.1411
2024-08-03 16:00:00+00:00,532.036,533.845,522.711,523.45,1563.8109
2024-08-03 20:00:00+00:00,523.591,530.4,521.446,529.511,994.2494
2024-08-04 00:00:00+00:00,529.43,532.04,526.775,528.446,954.0645
2024-08-04 04:00:00+00:00,528.174,529.577,522.16,523.581,255.5324
2024-08-04 08:00:00+00:00,523.743,528.285,520.846,525.631,403.6212
2024-08-04 12:00:00+00:00,525.631,527.694,501.05,501.844,1475.8926
2024-08-04 16:00:00+00:00,501.979,509.777,487.0,507.864,2193.9918
2024-08-04 20:00:00+00:00,507.57,511.397,496.095,496.741,973.431
2024-08-05 00:00:00+00:00,496.674,499.797,424.66,441.81,7060.76639941
2024-08-05 04:00:00+00:00,442.208,449.831,400.0,439.56,6975.4344
2024-08-05 08:00:00+00:00,439.519,449.482,421.576,432.091,4551.37567554
2024-08-05 12:00:00+00:00,431.917,466.16,408.986,462.224,5253.0314
2024-08-05 16:00:00+00:00,461.749,473.949,451.39,457.674,1867.0599
2024-08-05 20:00:00+00:00,457.795,471.4,457.554,463.756,1070.67644924
2024-08-06 00:00:00+00:00,464.155,489.998,463.643,478.796,1569.3428
2024-08-06 04:00:00+00:00,478.845,492.894,476.54,492.048,1132.3131
2024-08-06 08:00:00+00:00,492.118,492.118,475.92,478.425,1268.3726
2024-08-06 12:00:00+00:00,478.373,494.6,469.81,487.808,1267.657
2024-08-06 16:00:00+00:00,487.832,492.999,485.41,488.259,599.0662
2024-08-06 20:00:00+00:00,488.57,492.45,483.38,484.834,700.4245
2024-08-07 00:00:00+00:00,484.666,493.335,478.378,491.979,691.5274
2024-08-07 04:00:00+00:00,491.805,497.29,488.647,491.954,612.2531
2024-08-07 08:00:00+00:00,491.792,497.313,488.48,489.271,645.7441
2024-08-07 12:00:00+00:00,489.304,493.529,472.264,480.853,888.8689
2024-08-07 16:00:00+00:00,480.298,481.38,468.41,472.135,906.0146
2024-08-07 20:00:00+00:00,472.149,477.85,469.241,474.495,706.7513
2024-08-08 00:00:00+00:00,474.911,491.59,467.783,485.257,596.3774
2024-08-08 04:00:00+00:00,486.794,490.174,483.2,485.249,401.2417
2024-08-08 08:00:00+00:00,485.239,490.25,485.239,488.413,326.4789
2024-08-08 12:00:00+00:00,488.73,499.159,484.129,499.04,640.7685
2024-08-08 16:00:00+00:00,499.16,510.92,499.16,502.264,988.9508
2024-08-08 20:00:00+00:00,502.484,521.5,502.079,517.036,653.7987
2024-08-09 00:00:00+00:00,516.9,518.07,511.49,514.862,507.2377
2024-08-09 04:00:00+00:00,514.775,515.894,507.801,509.531,304.3183
2024-08-09 08:00:00+00:00,509.543,510.737,502.154,507.271,461.5387
2024-08-09 12:00:00+00:00,507.244,511.758,498.8,501.6,993.90945319
2024-08-09 16:00:00+00:00,502.085,507.58,500.791,506.7,357.25400918
2024-08-09 20:00:00+00:00,507.07,509.973,504.481,508.998,426.8753
2024-08-10 00:00:00+00:00,508.923,514.05,507.476,509.884,328.9819
2024-08-10 04:00:00+00:00,509.754,512.152,507.62,512.09,357.6841
2024-08-10 08:00:00+00:00,512.091,516.7,510.832,516.7,437.7163
2024-08-10 12:00:00+00:00,516.528,518.027,512.15,514.676,325.1863
2024-08-10 16:00:00+00:00,514.928,525.119,513.637,522.3,841.1683
2024-08-10 20:00:00+00:00,522.908,524.578,521.977,522.913,155.3338
2024-08-11 00:00:00+00:00,523.1,534.7,523.062,530.419,235.7742
2024-08-11 04:00:00+00:00,530.466,534.14,528.0,533.525,171.1386
2024-08-11 08:00:00+00:00,533.441,535.822,523.385,525.275,469.8998
2024-08-11 12:00:00+00:00,524.918,525.565,517.072,519.961,607.6227
2024-08-11 16:00:00+00:00,519.953,522.761,512.049,512.104,500.7815
2024-08-11 20:00:00+00:00,512.04,512.34,502.437,503.283,523.2391
2024-08-12 00:00:00+00:00,503.246,509.299,500.33,507.183,330.3502
2024-08-12 04:00:00+00:00,507.522,511.068,499.425,509.349,557.2353
2024-08-12 08:00:00+00:00,509.408,517.97,504.211,517.051,763.93668318
2024-08-12 12:00:00+00:00,517.169,524.107,500.468,519.336,1118.6341
2024-08-12 16:00:00+00:00,519.683,521.37,507.726,512.875,445.1093974
2024-08-12 20:00:00+00:00,513.107,521.663,509.92,518.441,695.902
2024-08-13 00:00:00+00:00,518.293,521.734,514.26,516.193,251.3407
2024-08-13 04:00:00+00:00,516.28,524.084,514.943,523.351,261.0975
2024-08-13 08:00:00+00:00,523.456,524.57,518.721,520.726,495.1394
2024-08-13 12:00:00+00:00,520.704,527.697,513.03,517.283,1315.1629
2024-08-13 16:00:00+00:00,517.345,523.293,517.12,521.712,508.811
2024-08-13 20:00:00+00:00,521.608,525.78,521.116,524.124,438.3213
2024-08-14 00:00:00+00:00,524.199,526.63,521.941,525.357,279.058
2024-08-14 04:00:00+00:00,525.386,528.31,525.014,526.467,294.7198
2024-08-14 08:00:00+00:00,526.467,531.469,524.47,529.634,600.7398
2024-08-14 12:00:00+00:00,529.687,539.121,515.456,524.977,3162.859
2024-08-14 16:00:00+00:00,524.9,526.172,520.2,524.1,451.9976
2024-08-14 20:00:00+00:00,524.2,525.81,519.872,523.4,315.1896
2024-08-15 00:00:00+00:00,523.448,527.0,520.5,522.445,417.4157
2024-08-15 04:00:00+00:00,522.492,522.605,514.151,517.2,373.3677
2024-08-15 08:00:00+00:00,517.217,524.751,515.363,524.139,454.0584
2024-08-15 12:00:00+00:00,523.969,531.16,522.5,530.928,787.0869
2024-08-15 16:00:00+00:00,531.098,533.75,510.51,513.845,1127.02689941
2024-08-15 20:00:00+00:00,513.8,521.869,510.001,519.028,558.6276
2024-08-16 00:00:00+00:00,519.007,521.791,514.389,515.313,392.0818
2024-08-16 04:00:00+00:00,515.295,523.97,515.2,523.782,336.21
2024-08-16 08:00:00+00:00,523.795,524.457,518.95,519.438,241.108
2024-08-16 12:00:00+00:00,519.31,520.675,510.0,514.955,709.3414
2024-08-16 16:00:00+00:00,514.629,522.967,513.204,522.741,397.956
2024-08-16 20:00:00+00:00,522.279,522.989,518.442,519.673,167.5852
2024-08-17 00:00:00+00:00,519.878,522.5,518.439,521.238,184.0855
2024-08-17 04:00:00+00:00,521.352,523.6,520.982,523.131,127.1632
2024-08-17 08:00:00+00:00,523.119,529.499,522.289,529.458,250.142
2024-08-17 12:00:00+00:00,529.405,539.798,528.6,534.315,599.1291
2024-08-17 16:00:00+00:00,534.301,544.729,534.301,544.478,599.6532
2024-08-17 20:00:00+00:00,544.527,547.4,540.083,541.624,523.0418
2024-08-18 00:00:00+00:00,541.797,542.496,536.481,536.549,368.9061
2024-08-18 04:00:00+00:00,536.48,540.37,534.505,540.201,174.9646
2024-08-18 08:00:00+00:00,540.195,540.38,536.711,538.511,274.5523
2024-08-18 12:00:00+00:00,538.511,538.981,535.552,538.878,299.7346
2024-08-18 16:00:00+00:00,538.954,539.624,535.47,538.159,431.1131
2024-08-18 20:00:00+00:00,538.106,538.195,530.94,531.746,256.4197
2024-08-19 00:00:00+00:00,531.14,537.052,529.18,537.052,421.2243
2024-08-19 04:00:00+00:00,537.044,537.29,532.866,533.8,384.528
2024-08-19 08:00:00+00:00,533.783,537.739,530.79,537.115,300.3888
2024-08-19 12:00:00+00:00,536.694,544.32,535.044,543.593,750.5109
2024-08-19 16:00:00+00:00,543.419,555.639,543.289,553.1,820.6595
2024-08-19 20:00:00+00:00,553.002,560.708,552.005,558.731,500.5809
2024-08-20 00:00:00+00:00,558.6,571.928,558.6,569.338,756.7707
2024-08-20 04:00:00+00:00,569.3,573.768,566.861,569.138,530.743
2024-08-20 08:00:00+00:00,569.169,569.977,565.75,567.9,425.3307
2024-08-20 12:00:00+00:00,567.934,573.394,560.03,561.763,1038.6637
2024-08-20 16:00:00+00:00,561.595,573.697,558.331,573.064,1628.98059887
2024-08-20 20:00:00+00:00,572.823,574.798,568.18,569.664,572.7463
2024-08-21 00:00:00+00:00,569.454,572.595,561.08,564.014,765.925
2024-08-21 04:00:00+00:00,563.906,563.906,558.822,560.627,529.1342
2024-08-21 08:00:00+00:00,560.648,561.316,553.3,555.716,454.0378
2024-08-21 12:00:00+00:00,555.82,558.0,546.341,554.448,677.5076
2024-08-21 16:00:00+00:00,554.674,572.772,553.706,572.092,2723.0495
2024-08-21 20:00:00+00:00,572.168,575.44,567.486,570.111,2962.8423
2024-08-22 00:00:00+00:00,570.125,570.907,559.822,570.049,926.4465
2024-08-22 04:00:00+00:00,569.931,578.154,567.698,577.044,545.6476
2024-08-22 08:00:00+00:00,576.822,584.01,574.571,583.419,1288.4794
2024-08-22 12:00:00+00:00,583.198,589.683,577.435,579.45,3723.4155
2024-08-22 16:00:00+00:00,579.763,585.082,572.62,584.46,1984.6598
2024-08-22 20:00:00+00:00,584.441,586.869,581.563,583.064,968.779
2024-08-23 00:00:00+00:00,583.064,587.081,579.973,582.006,783.6674
2024-08-23 04:00:00+00:00,582.001,584.799,577.592,579.454,1678.5312
2024-08-23 08:00:00+00:00,579.603,580.248,575.794,578.138,630.0786
2024-08-23 12:00:00+00:00,577.993,585.8,574.405,580.709,1326.8951
2024-08-23 16:00:00+00:00,580.687,587.28,579.13,587.252,1150.8893
2024-08-23 20:00:00+00:00,587.165,598.898,586.178,591.617,3192.5285
2024-08-24 00:00:00+00:00,591.679,592.244,578.417,578.899,657.9977
2024-08-24 04:00:00+00:00,578.953,581.344,575.269,578.919,1344.372
2024-08-24 08:00:00+00:00,578.9,583.24,577.862,578.657,542.5939
2024-08-24 12:00:00+00:00,578.594,582.371,577.941,578.539,669.6243
2024-08-24 16:00:00+00:00,578.673,589.374,578.399,589.122,1268.0799
2024-08-24 20:00:00+00:00,589.101,591.843,575.8,580.68,1353.5445
2024-08-25 00:00:00+00:00,580.621,583.899,575.745,579.201,1577.2326
2024-08-25 04:00:00+00:00,579.175,579.7,568.711,570.885,908.1061
2024-08-25 08:00:00+00:00,570.805,575.59,569.264,573.999,808.7875
2024-08-25 12:00:00+00:00,574.0,578.637,572.745,575.269,570.5883
2024-08-25 16:00:00+00:00,575.025,577.06,573.451,575.784,619.2426
2024-08-25 20:00:00+00:00,575.817,578.899,572.081,574.138,602.8309
2024-08-26 00:00:00+00:00,574.002,575.46,567.98,570.073,453.0349
2024-08-26 04:00:00+00:00,570.043,572.666,561.647,562.24,1092.6288
2024-08-26 08:00:00+00:00,562.17,566.96,559.972,563.795,635.2605
2024-08-26 12:00:00+00:00,563.7,564.096,555.911,558.718,1093.89009626
2024-08-26 16:00:00+00:00,558.717,561.574,552.165,553.064,754.9585
2024-08-26 20:00:00+00:00,553.115,554.871,546.875,548.617,511.4894
2024-08-27 00:00:00+00:00,548.296,555.509,547.952,552.581,752.4752
2024-08-27 04:00:00+00:00,552.721,558.194,552.0,555.791,890.3907
2024-08-27 08:00:00+00:00,555.65,556.119,547.094,550.553,854.8265
2024-08-27 12:00:00+00:00,550.847,556.013,548.141,551.941,1440.9892
2024-08-27 16:00:00+00:00,551.715,554.139,544.42,550.038,1670.47229874
2024-08-27 20:00:00+00:00,549.527,551.165,520.661,533.307,1891.54266744
2024-08-28 00:00:00+00:00,533.322,537.8,526.984,537.8,796.7413
2024-08-28 04:00:00+00:00,537.556,542.589,532.456,533.079,601.6375
2024-08-28 08:00:00+00:00,532.934,546.576,530.511,543.591,936.5945
2024-08-28 12:00:00+00:00,543.561,546.01,530.985,533.41,1151.325
2024-08-28 16:00:00+00:00,533.35,539.593,522.708,534.302,1538.4966
2024-08-28 20:00:00+00:00,534.302,540.379,532.2,536.892,599.6899
2024-08-29 00:00:00+00:00,536.673,541.715,536.576,540.491,589.4974
2024-08-29 04:00:00+00:00,540.491,544.849,538.862,541.561,523.0296
2024-08-29 08:00:00+00:00,541.4,545.204,540.132,543.887,454.0222
2024-08-29 12:00:00+00:00,543.797,545.31,537.595,541.763,1089.4154
2024-08-29 16:00:00+00:00,541.754,542.955,531.224,535.939,1075.589
2024-08-29 20:00:00+00:00,536.13,537.56,532.544,536.724,252.3674
2024-08-30 00:00:00+00:00,536.441,537.659,529.273,530.047,610.231
2024-08-30 04:00:00+00:00,529.968,535.34,528.341,533.089,671.0497
2024-08-30 08:00:00+00:00,533.089,540.56,533.089,538.29,468.1144
2024-08-30 12:00:00+00:00,538.147,543.139,522.127,523.755,1823.2497
2024-08-30 16:00:00+00:00,522.865,536.905,522.149,531.753,997.6741
2024-08-30 20:00:00+00:00,531.668,536.296,531.003,535.145,310.2701
2024-08-31 00:00:00+00:00,535.135,537.94,534.853,537.289,160.81717301
2024-08-31 04:00:00+00:00,537.538,541.306,535.3,535.819,640.2332
2024-08-31 08:00:00+00:00,535.818,537.739,534.32,536.624,268.8027
2024-08-31 12:00:00+00:00,536.64,537.749,535.009,535.925,254.9835
2024-08-31 16:00:00+00:00,535.81,535.81,531.223,533.46,368.3723
2024-08-31 20:00:00+00:00,533.286,534.495,531.768,532.966,231.6761
2024-09-01 00:00:00+00:00,532.653,533.117,524.834,526.683,428.94426401
2024-09-01 04:00:00+00:00,526.659,526.859,512.974,522.223,888.7817
2024-09-01 08:00:00+00:00,522.143,522.369,516.1,518.94,541.6795
2024-09-01 12:00:00+00:00,518.747,521.874,510.23,520.528,593.93839965
2024-09-01 16:00:00+00:00,520.5,524.0,516.2,520.365,728.551
2024-09-01 20:00:00+00:00,520.254,523.17,507.489,512.358,851.6321
2024-09-02 00:00:00+00:00,512.029,516.379,511.447,514.939,314.6898
2024-09-02 04:00:00+00:00,514.83,515.649,501.773,503.338,541.3495
2024-09-02 08:00:00+00:00,503.193,525.326,503.152,519.038,2168.9194
2024-09-02 12:00:00+00:00,519.088,523.389,516.06,522.22,577.1283
2024-09-02 16:00:00+00:00,522.244,523.81,519.91,522.294,506.5577
2024-09-02 20:00:00+00:00,522.461,530.284,522.086,526.396,451.2218
2024-09-03 00:00:00+00:00,526.367,538.499,525.438,534.24,1263.9292
2024-09-03 04:00:00+00:00,534.2,538.52,531.75,534.912,741.6541
2024-09-03 08:00:00+00:00,535.473,536.06,531.847,536.06,314.0193
2024-09-03 12:00:00+00:00,535.983,537.74,521.37,522.244,694.8756
2024-09-03 16:00:00+00:00,521.854,525.554,519.671,524.304,660.8519
2024-09-03 20:00:00+00:00,524.499,525.964,517.97,518.654,240.3001
2024-09-04 00:00:00+00:00,518.846,523.618,501.31,512.688,1361.3049
2024-09-04 04:00:00+00:00,512.625,513.6,508.426,510.186,526.4402
2024-09-04 08:00:00+00:00,510.301,512.2,497.044,498.8,1125.5249
2024-09-04 12:00:00+00:00,499.037,513.062,496.01,508.876,1663.334
2024-09-04 16:00:00+00:00,508.84,512.672,505.359,509.571,941.0943
2024-09-04 20:00:00+00:00,509.671,513.393,507.178,507.955,571.1474
2024-09-05 00:00:00+00:00,507.665,514.023,503.481,504.071,869.3694
2024-09-05 04:00:00+00:00,504.021,507.9,501.185,506.586,594.298
2024-09-05 08:00:00+00:00,506.543,507.667,502.735,504.517,696.7445
2024-09-05 12:00:00+00:00,504.463,510.073,499.6,501.43,950.9457
2024-09-05 16:00:00+00:00,501.403,503.599,496.854,498.853,640.1019
2024-09-05 20:00:00+00:00,499.07,502.651,498.35,502.472,263.1969
2024-09-06 00:00:00+00:00,502.409,507.917,500.784,505.331,617.8509
2024-09-06 04:00:00+00:00,505.651,508.529,497.177,501.324,929.6503
2024-09-06 08:00:00+00:00,501.227,506.599,500.758,504.054,589.2815
2024-09-06 12:00:00+00:00,504.521,509.8,488.81,492.852,1866.6163
2024-09-06 16:00:00+00:00,492.452,493.404,478.208,482.523,1956.0233
2024-09-06 20:00:00+00:00,482.164,487.651,471.509,487.2,1021.5306
2024-09-07 00:00:00+00:00,487.123,489.76,483.025,486.361,712.7716
2024-09-07 04:00:00+00:00,486.619,495.86,486.064,495.256,676.5805
2024-09-07 08:00:00+00:00,495.255,496.52,491.777,492.756,649.0661
2024-09-07 12:00:00+00:00,493.002,499.298,493.002,497.684,501.4171
2024-09-07 16:00:00+00:00,497.806,498.129,492.424,495.86,598.4491
2024-09-07 20:00:00+00:00,495.797,495.797,490.674,493.355,399.9738
2024-09-08 00:00:00+00:00,493.672,496.45,490.857,496.45,303.2728
2024-09-08 04:00:00+00:00,496.463,504.665,496.414,502.606,792.7427
2024-09-08 08:00:00+00:00,502.739,506.067,501.228,501.38,524.1669
2024-09-08 12:00:00+00:00,501.311,501.726,491.286,491.518,566.375
2024-09-08 16:00:00+00:00,491.734,498.5,491.16,495.394,368.0623
2024-09-08 20:00:00+00:00,495.395,506.83,494.838,503.134,733.6622
2024-09-09 00:00:00+00:00,503.051,510.046,502.832,505.295,973.9008
2024-09-09 04:00:00+00:00,505.39,506.961,501.942,506.905,290.1029
2024-09-09 08:00:00+00:00,506.807,510.16,505.272,505.272,470.6164
2024-09-09 12:00:00+00:00,505.413,507.86,502.28,506.238,432.3496
2024-09-09 16:00:00+00:00,506.268,520.5,505.912,520.251,978.58373835
2024-09-09 20:00:00+00:00,520.163,525.638,517.136,518.619,764.9932
2024-09-10 00:00:00+00:00,518.518,518.553,513.426,514.863,468.663
2024-09-10 04:00:00+00:00,514.551,520.254,514.551,519.965,234.1308
2024-09-10 08:00:00+00:00,520.131,522.608,518.28,521.337,467.422
2024-09-10 12:00:00+00:00,521.408,522.725,514.001,514.038,747.8038
2024-09-10 16:00:00+00:00,514.0,523.939,513.796,521.978,538.49480376
2024-09-10 20:00:00+00:00,521.786,522.211,514.911,516.877,701.7059
2024-09-11 00:00:00+00:00,517.01,517.121,510.512,514.474,253.9454
2024-09-11 04:00:00+00:00,514.563,514.815,506.601,514.018,397.11377214
2024-09-11 08:00:00+00:00,514.055,515.649,510.06,515.058,441.6883
2024-09-11 12:00:00+00:00,515.006,520.0,508.842,517.812,1307.872
2024-09-11 16:00:00+00:00,517.781,535.641,517.779,533.466,1673.53446234
2024-09-11 20:00:00+00:00,533.744,534.671,528.027,530.111,293.3138
2024-09-12 00:00:00+00:00,530.13,546.687,530.117,543.051,836.4896
2024-09-12 04:00:00+00:00,543.31,545.695,541.092,541.971,537.46087215
2024-09-12 08:00:00+00:00,541.963,545.418,541.554,544.778,500.6693
2024-09-12 12:00:00+00:00,544.888,548.696,534.376,535.322,1583.0302
2024-09-12 16:00:00+00:00,535.379,543.748,535.206,541.703,700.4334
2024-09-12 20:00:00+00:00,541.486,545.32,538.56,544.485,872.3683
2024-09-13 00:00:00+00:00,544.529,546.937,542.183,542.788,402.4519
2024-09-13 04:00:00+00:00,542.799,544.051,538.801,542.507,410.00089134
2024-09-13 08:00:00+00:00,542.748,549.6,540.469,546.041,848.0126
2024-09-13 12:00:00+00:00,545.978,554.239,542.234,553.769,2469.6684
2024-09-13 16:00:00+00:00,553.771,555.592,549.917,554.3,927.4731
2024-09-13 20:00:00+00:00,554.307,559.878,553.625,556.173,491.7505
2024-09-14 00:00:00+00:00,556.475,558.935,555.102,556.061,289.1939
2024-09-14 04:00:00+00:00,555.904,556.108,551.664,553.45,551.0691
2024-09-14 08:00:00+00:00,553.745,554.29,549.636,551.181,295.125
2024-09-14 12:00:00+00:00,551.002,553.349,550.261,550.966,425.2851
2024-09-14 16:00:00+00:00,550.749,552.999,547.68,550.88,615.8074
2024-09-14 20:00:00+00:00,551.049,553.56,550.838,553.343,190.0551
2024-09-15 00:00:00+00:00,553.546,555.879,552.5,552.743,422.6154
2024-09-15 04:00:00+00:00,552.595,554.751,552.08,554.751,171.7223
2024-09-15 08:00:00+00:00,554.85,554.985,553.151,554.61,310.0874
2024-09-15 12:00:00+00:00,554.413,561.803,554.413,561.342,679.0777
2024-09-15 16:00:00+00:00,561.505,561.586,554.0,556.562,1380.298
2024-09-15 20:00:00+00:00,556.571,560.436,549.757,553.604,1121.7652
2024-09-16 00:00:00+00:00,553.062,555.064,540.863,545.046,1317.8109
2024-09-16 04:00:00+00:00,545.017,551.07,544.54,550.341,490.5029
2024-09-16 08:00:00+00:00,550.31,552.824,544.18,547.238,622.0372
2024-09-16 12:00:00+00:00,547.094,549.255,535.181,535.424,1497.4046
2024-09-16 16:00:00+00:00,535.354,536.779,528.583,532.376,1078.381
2024-09-16 20:00:00+00:00,532.544,535.015,527.054,533.583,405.53
2024-09-17 00:00:00+00:00,533.727,536.097,529.001,534.975,940.966
2024-09-17 04:00:00+00:00,535.021,539.86,534.948,538.153,367.2771
2024-09-17 08:00:00+00:00,538.454,544.211,537.977,542.77,991.485
2024-09-17 12:00:00+00:00,543.166,552.389,539.709,550.206,1103.0027
2024-09-17 16:00:00+00:00,550.287,550.904,541.884,545.023,622.1295
2024-09-17 20:00:00+00:00,544.991,547.523,543.562,546.01,898.0677
2024-09-18 00:00:00+00:00,545.862,549.472,542.106,547.329,402.7365
2024-09-18 04:00:00+00:00,547.242,547.627,544.093,545.602,313.1687
2024-09-18 08:00:00+00:00,545.341,545.345,536.88,539.657,648.8057
2024-09-18 12:00:00+00:00,539.657,543.583,537.107,538.113,572.2019
2024-09-18 16:00:00+00:00,537.958,551.989,537.05,544.894,1514.0445
2024-09-18 20:00:00+00:00,544.89,559.678,541.458,559.526,688.1913
2024-09-19 00:00:00+00:00,559.651,562.521,555.201,560.276,537.4399
2024-09-19 04:00:00+00:00,560.808,562.096,556.571,557.352,561.20009303
2024-09-19 08:00:00+00:00,557.172,558.636,553.0,558.563,392.1731
2024-09-19 12:00:00+00:00,558.664,568.58,558.611,565.227,2243.0922
2024-09-19 16:00:00+00:00,565.042,572.136,564.984,566.288,811.9441
2024-09-19 20:00:00+00:00,566.117,567.717,561.722,566.95,512.3976
2024-09-20 00:00:00+00:00,566.95,571.515,557.941,571.306,874.7225
2024-09-20 04:00:00+00:00,571.067,578.028,570.209,573.716,1935.4721
2024-09-20 08:00:00+00:00,573.746,573.912,566.546,570.151,645.37
2024-09-20 12:00:00+00:00,569.986,573.459,564.659,569.939,795.9516
2024-09-20 16:00:00+00:00,570.238,570.805,564.285,566.86,430.9667
2024-09-20 20:00:00+00:00,566.933,570.028,566.379,568.997,364.6203
2024-09-21 00:00:00+00:00,569.003,572.978,566.621,567.819,607.188
2024-09-21 04:00:00+00:00,567.93,583.582,567.558,582.58,670.12598715
2024-09-21 08:00:00+00:00,582.558,587.529,580.301,580.302,996.6188
2024-09-21 12:00:00+00:00,580.372,585.6,579.759,583.71,732.5041
2024-09-21 16:00:00+00:00,583.716,585.939,582.58,585.063,526.2598
2024-09-21 20:00:00+00:00,585.362,590.328,583.803,588.628,474.6436
2024-09-22 00:00:00+00:00,588.688,589.571,581.251,584.071,306.45768855
2024-09-22 04:00:00+00:00,583.93,585.267,581.587,584.54,303.6978
2024-09-22 08:00:00+00:00,584.54,585.921,580.0,581.657,384.9214
2024-09-22 12:00:00+00:00,581.722,583.254,577.424,580.33,1122.87682817
2024-09-22 16:00:00+00:00,580.584,587.4,578.26,585.846,684.9227
2024-09-22 20:00:00+00:00,585.8,594.791,576.242,588.453,931.5965
2024-09-23 00:00:00+00:00,588.454,599.247,583.3,596.566,1483.1757
2024-09-23 04:00:00+00:00,596.763,597.566,589.496,591.015,487.5443
2024-09-23 08:00:00+00:00,591.151,593.355,588.101,592.167,1329.4205
2024-09-23 12:00:00+00:00,592.18,601.578,591.436,600.42,778.8282
2024-09-23 16:00:00+00:00,600.509,616.088,600.509,612.308,1278.8109
2024-09-23 20:00:00+00:00,612.127,615.176,602.4,604.767,973.5018
2024-09-24 00:00:00+00:00,604.76,609.43,600.65,606.35,1043.4944
2024-09-24 04:00:00+00:00,606.381,606.664,600.831,602.286,615.8843
2024-09-24 08:00:00+00:00,602.064,606.111,600.832,603.762,908.7256
2024-09-24 12:00:00+00:00,603.989,608.964,598.812,606.327,800.2913
2024-09-24 16:00:00+00:00,606.439,610.169,604.452,609.644,915.7457
2024-09-24 20:00:00+00:00,609.637,613.388,605.006,605.993,829.1566
2024-09-25 00:00:00+00:00,606.063,608.163,602.771,606.882,615.8531
2024-09-25 04:00:00+00:00,606.639,606.686,592.273,595.913,926.2703
2024-09-25 08:00:00+00:00,596.17,598.3,593.24,596.591,799.1937
2024-09-25 12:00:00+00:00,596.561,599.45,592.2,593.323,754.2925
2024-09-25 16:00:00+00:00,593.286,595.359,585.9,586.685,740.3347
2024-09-25 20:00:00+00:00,586.95,589.711,584.31,587.556,801.77549617
2024-09-26 00:00:00+00:00,587.699,589.489,581.021,587.992,1675.2556
2024-09-26 04:00:00+00:00,587.993,596.699,587.314,596.048,759.4906
2024-09-26 08:00:00+00:00,596.14,599.279,593.75,595.655,815.6732
2024-09-26 12:00:00+00:00,595.55,602.59,592.235,601.705,1522.8913
2024-09-26 16:00:00+00:00,601.616,608.944,592.397,592.898,949.01812885
2024-09-26 20:00:00+00:00,592.983,598.425,591.223,596.253,497.60886672
2024-09-27 00:00:00+00:00,596.425,605.399,596.097,604.624,1176.9945
2024-09-27 04:00:00+00:00,604.565,606.6,600.136,604.148,836.0678
2024-09-27 08:00:00+00:00,604.087,608.804,602.54,608.804,794.2764
2024-09-27 12:00:00+00:00,608.672,614.558,606.088,609.072,1605.36226778
2024-09-27 16:00:00+00:00,609.053,613.077,604.95,605.364,1615.481
2024-09-27 20:00:00+00:00,605.594,611.602,604.1,606.84,955.4024
2024-09-28 00:00:00+00:00,606.808,618.568,605.226,612.328,1440.3585
2024-09-28 04:00:00+00:00,612.326,612.864,600.26,602.345,914.8971
2024-09-28 08:00:00+00:00,602.314,602.939,594.451,602.205,1151.75349542
2024-09-28 12:00:00+00:00,602.156,603.439,597.267,600.927,781.3909
2024-09-28 16:00:00+00:00,600.925,601.889,599.2,600.221,350.0821
2024-09-28 20:00:00+00:00,600.128,601.891,595.957,601.019,233.1837
2024-09-29 00:00:00+00:00,600.852,602.725,598.64,600.401,314.2045
2024-09-29 04:00:00+00:00,600.401,600.401,593.188,593.538,259.4535
2024-09-29 08:00:00+00:00,593.394,598.265,592.461,597.311,740.3787
2024-09-29 12:00:00+00:00,597.352,598.263,593.83,596.961,421.519
2024-09-29 16:00:00+00:00,596.93,599.896,595.769,599.824,690.9681
2024-09-29 20:00:00+00:00,599.55,600.975,594.92,595.515,377.6133
2024-09-30 00:00:00+00:00,595.603,595.604,572.28,577.872,2326.5647
2024-09-30 04:00:00+00:00,577.836,583.194,575.25,582.099,496.0278
2024-09-30 08:00:00+00:00,582.099,582.099,570.501,574.309,1731.9492
2024-09-30 12:00:00+00:00,574.62,580.008,571.036,571.036,1689.2777
2024-09-30 16:00:00+00:00,571.156,574.097,567.937,572.551,1469.1273
2024-09-30 20:00:00+00:00,573.112,575.458,563.093,567.495,661.2449
2024-10-01 00:00:00+00:00,567.352,577.246,565.311,577.053,1124.8592
2024-10-01 04:00:00+00:00,577.035,584.924,576.501,581.21,1210.1903
2024-10-01 08:00:00+00:00,581.154,582.813,577.401,577.641,894.5386
2024-10-01 12:00:00+00:00,577.528,578.93,547.781,561.671,3147.8552
2024-10-01 16:00:00+00:00,561.42,562.584,538.55,548.558,2081.5433
2024-10-01 20:00:00+00:00,548.707,549.835,536.745,547.382,1168.0685
2024-10-02 00:00:00+00:00,547.245,555.474,545.6,554.522,511.3308
2024-10-02 04:00:00+00:00,554.4,567.84,551.553,556.694,2156.2404
2024-10-02 08:00:00+00:00,556.666,557.983,544.654,546.859,720.78754779
2024-10-02 12:00:00+00:00,546.864,551.113,537.145,549.257,1520.8898
2024-10-02 16:00:00+00:00,549.336,552.979,532.313,539.106,2602.8623
2024-10-02 20:00:00+00:00,539.478,545.8,537.9,542.55,686.6227
2024-10-03 00:00:00+00:00,542.5,549.835,541.23,549.795,555.9173
2024-10-03 04:00:00+00:00,549.795,550.695,544.0,545.466,525.5874
2024-10-03 08:00:00+00:00,545.247,545.732,536.151,538.367,900.5637
2024-10-03 12:00:00+00:00,538.367,545.699,534.496,541.294,826.6423
2024-10-03 16:00:00+00:00,541.088,545.74,537.29,545.74,855.3078
2024-10-03 20:00:00+00:00,545.727,546.31,541.231,544.781,391.948
2024-10-04 00:00:00+00:00,544.877,549.429,541.936,546.722,375.1863
2024-10-04 04:00:00+00:00,546.639,550.621,546.638,550.567,625.0783
2024-10-04 08:00:00+00:00,550.593,554.061,550.327,553.244,682.8346
2024-10-04 12:00:00+00:00,553.304,556.704,545.29,553.435,1070.388
2024-10-04 16:00:00+00:00,553.436,557.94,552.296,557.317,1074.1488
2024-10-04 20:00:00+00:00,557.035,557.683,554.764,555.275,233.8026
2024-10-05 00:00:00+00:00,555.365,557.786,551.9,553.48,211.5105
2024-10-05 04:00:00+00:00,553.777,564.61,553.777,561.803,444.3172
2024-10-05 08:00:00+00:00,561.715,565.148,560.91,561.534,553.3493
2024-10-05 12:00:00+00:00,561.538,564.691,560.541,564.227,303.3
2024-10-05 16:00:00+00:00,564.131,564.763,559.665,560.993,433.5069
2024-10-05 20:00:00+00:00,560.719,564.0,558.083,563.081,305.1488
2024-10-06 00:00:00+00:00,563.148,566.28,561.607,562.03,229.7093
2024-10-06 04:00:00+00:00,562.029,563.818,561.421,562.595,469.2239
2024-10-06 08:00:00+00:00,562.571,563.851,561.194,562.553,274.3257
2024-10-06 12:00:00+00:00,562.603,568.99,561.822,567.27,356.3726
2024-10-06 16:00:00+00:00,567.451,568.249,564.781,565.843,539.5483
2024-10-06 20:00:00+00:00,565.628,571.734,563.363,570.322,327.6027
2024-10-07 00:00:00+00:00,570.584,577.168,567.727,573.425,586.5709
2024-10-07 04:00:00+00:00,573.641,577.385,572.536,575.946,430.00112335
2024-10-07 08:00:00+00:00,575.967,577.549,566.92,571.857,1018.1367
2024-10-07 12:00:00+00:00,571.571,581.691,570.707,575.527,1251.5932714
2024-10-07 16:00:00+00:00,575.527,577.549,566.86,572.328,941.3244
2024-10-07 20:00:00+00:00,572.408,574.007,563.63,564.316,644.1979
2024-10-08 00:00:00+00:00,564.458,571.246,563.395,569.829,369.9209
2024-10-08 04:00:00+00:00,569.852,570.744,558.882,563.292,588.0756
2024-10-08 08:00:00+00:00,563.44,577.1,562.335,576.969,1323.6104
2024-10-08 12:00:00+00:00,576.937,580.23,572.625,577.717,1573.0165
2024-10-08 16:00:00+00:00,577.858,586.584,575.971,585.401,1401.6902
2024-10-08 20:00:00+00:00,585.757,586.014,579.176,580.646,782.8352
2024-10-09 00:00:00+00:00,580.646,582.676,573.111,576.072,1162.4634
2024-10-09 04:00:00+00:00,576.073,585.226,575.243,582.082,1419.4736
2024-10-09 08:00:00+00:00,582.117,585.461,581.409,583.124,830.4828
2024-10-09 12:00:00+00:00,583.15,584.649,576.526,581.114,1106.0799
2024-10-09 16:00:00+00:00,581.083,582.083,571.332,571.954,589.4381
2024-10-09 20:00:00+00:00,571.795,573.111,566.401,570.674,496.3638
2024-10-10 00:00:00+00:00,570.611,572.599,567.435,569.461,333.5749
2024-10-10 04:00:00+00:00,569.461,572.889,569.121,570.209,221.293
2024-10-10 08:00:00+00:00,570.21,570.974,565.049,570.572,406.4
2024-10-10 12:00:00+00:00,570.541,570.68,563.001,565.4,478.5971
2024-10-10 16:00:00+00:00,565.4,567.143,551.535,559.457,1965.4509
2024-10-10 20:00:00+00:00,559.245,563.784,557.944,563.784,308.0773
2024-10-11 00:00:00+00:00,563.798,565.359,560.96,564.161,268.9904
2024-10-11 04:00:00+00:00,564.247,564.976,560.301,560.508,242.3535
2024-10-11 08:00:00+00:00,560.508,568.835,560.369,567.939,815.6336
2024-10-11 12:00:00+00:00,567.94,573.249,566.3,571.855,940.2642
2024-10-11 16:00:00+00:00,571.765,577.292,571.1,574.077,644.9194
2024-10-11 20:00:00+00:00,574.157,575.356,572.2,573.616,590.4584
2024-10-12 00:00:00+00:00,573.681,577.196,573.486,576.665,379.9052
2024-10-12 04:00:00+00:00,576.788,578.72,573.872,575.014,339.9416
2024-10-12 08:00:00+00:00,575.013,578.84,574.806,576.078,574.209
2024-10-12 12:00:00+00:00,576.317,578.466,574.906,575.857,554.9781
2024-10-12 16:00:00+00:00,575.877,578.057,575.452,577.462,345.0075
2024-10-12 20:00:00+00:00,577.391,577.873,575.993,576.339,468.6264
2024-10-13 00:00:00+00:00,576.31,578.142,572.861,573.205,470.9506
2024-10-13 04:00:00+00:00,573.327,576.055,572.521,574.122,300.6843
2024-10-13 08:00:00+00:00,574.149,575.047,572.141,572.284,390.7696
2024-10-13 12:00:00+00:00,572.193,574.0,564.841,566.887,449.9265
2024-10-13 16:00:00+00:00,566.539,571.8,566.015,570.676,456.6792
2024-10-13 20:00:00+00:00,570.629,572.889,569.505,572.186,214.0561
2024-10-14 00:00:00+00:00,572.244,580.79,569.702,580.246,560.6265
2024-10-14 04:00:00+00:00,580.386,582.556,574.735,580.572,1613.946
2024-10-14 08:00:00+00:00,580.356,581.829,578.074,580.898,789.7424
2024-10-14 12:00:00+00:00,580.867,588.944,579.36,588.191,792.4952
2024-10-14 16:00:00+00:00,588.051,592.03,587.211,588.868,1267.7476372
2024-10-14 20:00:00+00:00,588.84,591.699,587.031,589.031,522.0421
2024-10-15 00:00:00+00:00,589.031,592.139,584.523,584.922,514.3161
2024-10-15 04:00:00+00:00,584.999,586.987,581.0,584.715,267.1979
2024-10-15 08:00:00+00:00,584.715,590.967,583.831,585.214,756.8406
2024-10-15 12:00:00+00:00,585.318,599.76,577.756,589.245,1330.491
2024-10-15 16:00:00+00:00,589.511,595.654,589.216,594.748,1182.7355
2024-10-15 20:00:00+00:00,594.818,594.992,587.345,594.57,814.5139
2024-10-16 00:00:00+00:00,594.541,597.263,591.767,594.02,211.7383
2024-10-16 04:00:00+00:00,593.818,595.043,589.8,591.087,386.1112
2024-10-16 08:00:00+00:00,591.087,600.5,590.746,599.163,948.8347
2024-10-16 12:00:00+00:00,599.281,601.286,593.591,595.324,602.0868
2024-10-16 16:00:00+00:00,595.457,604.414,591.749,601.426,533.2348
2024-10-16 20:00:00+00:00,601.521,605.371,600.26,600.833,512.4731
2024-10-17 00:00:00+00:00,601.037,606.22,600.115,604.079,361.1253
2024-10-17 04:00:00+00:00,604.068,605.497,596.3,597.008,326.1021
2024-10-17 08:00:00+00:00,596.884,597.812,586.571,590.213,2118.5258
2024-10-17 12:00:00+00:00,590.245,594.829,588.99,593.975,789.516
2024-10-17 16:00:00+00:00,594.009,594.055,585.044,588.9,527.8504
2024-10-17 20:00:00+00:00,588.831,592.626,588.724,592.626,421.3005
2024-10-18 00:00:00+00:00,592.653,598.102,591.67,594.004,236.17
2024-10-18 04:00:00+00:00,594.182,599.184,593.894,597.631,431.1905
2024-10-18 08:00:00+00:00,597.684,598.521,594.86,594.86,451.2211
2024-10-18 12:00:00+00:00,594.891,601.917,593.94,600.711,667.691
2024-10-18 16:00:00+00:00,600.71,602.29,598.282,599.479,318.9344
2024-10-18 20:00:00+00:00,599.249,600.429,597.873,599.075,177.8613
2024-10-19 00:00:00+00:00,599.075,601.4,598.943,599.109,176.2003
2024-10-19 04:00:00+00:00,599.27,599.551,597.07,597.835,217.5692
2024-10-19 08:00:00+00:00,597.836,598.868,597.001,597.03,276.1466
2024-10-19 12:00:00+00:00,597.03,598.427,595.591,596.628,601.2173
2024-10-19 16:00:00+00:00,596.628,597.56,595.258,596.822,359.9202
2024-10-19 20:00:00+00:00,596.821,598.188,596.034,597.784,209.0907
2024-10-20 00:00:00+00:00,597.785,598.317,593.5,594.61,319.7951
2024-10-20 04:00:00+00:00,594.61,597.96,594.452,597.532,154.39889575
2024-10-20 08:00:00+00:00,597.533,598.241,596.045,596.479,206.147
2024-10-20 12:00:00+00:00,596.692,600.515,595.149,599.021,443.4454
2024-10-20 16:00:00+00:00,599.021,599.517,597.521,598.336,366.8724
2024-10-20 20:00:00+00:00,598.356,607.0,598.181,605.825,886.3551
2024-10-21 00:00:00+00:00,605.974,608.402,601.17,604.292,670.1317
2024-10-21 04:00:00+00:00,604.165,609.836,602.67,609.14,761.43
2024-10-21 08:00:00+00:00,608.972,611.632,604.583,609.152,749.1121
2024-10-21 12:00:00+00:00,608.973,609.499,593.534,595.693,1510.541
2024-10-21 16:00:00+00:00,595.536,600.324,591.555,599.201,492.1809
2024-10-21 20:00:00+00:00,599.133,601.361,597.423,598.723,384.2452
2024-10-22 00:00:00+00:00,598.783,600.069,592.668,598.303,420.0778
2024-10-22 04:00:00+00:00,598.184,599.671,595.261,595.261,207.4739
2024-10-22 08:00:00+00:00,595.261,597.665,586.78,596.189,1401.8688
2024-10-22 12:00:00+00:00,596.142,604.186,590.667,596.822,1109.7133
2024-10-22 16:00:00+00:00,596.71,596.71,592.107,594.558,505.4829
2024-10-22 20:00:00+00:00,594.518,596.527,593.135,593.471,384.83
2024-10-23 00:00:00+00:00,593.741,594.968,589.322,590.298,208.7542
2024-10-23 04:00:00+00:00,590.145,590.407,583.5,584.0,548.124
2024-10-23 08:00:00+00:00,583.902,584.886,580.03,582.275,411.2912
2024-10-23 12:00:00+00:00,582.296,586.15,578.467,579.58,409.4444
2024-10-23 16:00:00+00:00,579.704,582.497,573.0,581.76,549.3227
2024-10-23 20:00:00+00:00,582.073,585.493,581.111,585.097,282.0208
2024-10-24 00:00:00+00:00,584.833,592.0,583.21,590.367,356.24327522
2024-10-24 04:00:00+00:00,590.203,594.489,590.0,590.667,667.8895
2024-10-24 08:00:00+00:00,590.771,592.799,586.086,591.271,355.0921
2024-10-24 12:00:00+00:00,591.379,593.8,589.69,592.456,462.3007
2024-10-24 16:00:00+00:00,592.388,594.67,590.072,594.264,918.4345
2024-10-24 20:00:00+00:00,594.259,597.849,593.24,594.339,209.6132
2024-10-25 00:00:00+00:00,594.489,597.523,592.401,595.049,320.6248
2024-10-25 04:00:00+00:00,595.048,595.048,586.692,588.381,416.6244
2024-10-25 08:00:00+00:00,588.502,593.24,586.2,592.403,479.7891
2024-10-25 12:00:00+00:00,592.694,595.301,588.314,590.214,481.654
2024-10-25 16:00:00+00:00,589.893,591.666,578.68,585.193,1002.3045
2024-10-25 20:00:00+00:00,585.302,586.936,565.903,575.031,893.289
2024-10-26 00:00:00+00:00,574.906,579.247,571.517,578.716,778.6505
2024-10-26 04:00:00+00:00,578.478,583.719,577.989,580.265,1042.2801
2024-10-26 08:00:00+00:00,580.265,584.442,580.031,584.125,821.0466
2024-10-26 12:00:00+00:00,584.242,584.81,578.539,580.736,411.1082
2024-10-26 16:00:00+00:00,580.984,585.871,580.54,585.287,263.7898
2024-10-26 20:00:00+00:00,585.266,587.01,583.09,583.228,171.5826
2024-10-27 00:00:00+00:00,583.31,585.714,581.736,585.714,124.9511
2024-10-27 04:00:00+00:00,585.713,586.027,584.082,584.987,179.3475
2024-10-27 08:00:00+00:00,584.928,585.564,581.807,582.854,249.9502
2024-10-27 12:00:00+00:00,582.859,588.321,582.859,587.435,327.6235
2024-10-27 16:00:00+00:00,587.527,589.573,585.636,587.182,180.7157
2024-10-27 20:00:00+00:00,587.332,590.878,586.459,589.426,171.7583
2024-10-28 00:00:00+00:00,589.354,589.915,586.478,587.215,226.5222
2024-10-28 04:00:00+00:00,586.769,592.598,585.52,591.682,329.9173042
2024-10-28 08:00:00+00:00,591.545,594.794,590.926,594.618,337.6486
2024-10-28 12:00:00+00:00,594.733,596.719,590.601,590.631,794.15605008
2024-10-28 16:00:00+00:00,590.601,596.839,589.0,596.309,556.816
2024-10-28 20:00:00+00:00,596.344,604.5,596.344,600.762,429.2253
2024-10-29 00:00:00+00:00,601.234,610.25,599.941,605.496,720.1356
2024-10-29 04:00:00+00:00,605.526,607.259,604.111,604.154,470.9558
2024-10-29 08:00:00+00:00,604.29,607.535,604.05,606.569,458.5261
2024-10-29 12:00:00+00:00,606.6,610.285,604.226,609.897,673.4094
2024-10-29 16:00:00+00:00,610.136,612.441,603.38,603.759,1456.6129
2024-10-29 20:00:00+00:00,603.932,607.235,600.338,606.252,675.6506
2024-10-30 00:00:00+00:00,606.302,606.495,598.282,602.791,330.808
2024-10-30 04:00:00+00:00,602.735,606.455,600.981,602.188,413.8176
2024-10-30 08:00:00+00:00,602.188,605.196,595.839,596.048,806.7631
2024-10-30 12:00:00+00:00,595.84,601.613,594.381,597.275,1819.0787
2024-10-30 16:00:00+00:00,597.355,600.532,596.631,597.6,1109.0296
2024-10-30 20:00:00+00:00,597.5,600.514,595.091,595.641,448.5417
2024-10-31 00:00:00+00:00,595.64,596.464,592.085,592.735,505.1844
2024-10-31 04:00:00+00:00,592.643,593.005,588.034,588.038,216.8341
2024-10-31 08:00:00+00:00,588.031,588.031,581.567,586.521,480.0493
2024-10-31 12:00:00+00:00,586.559,588.839,576.041,580.474,1111.829
2024-10-31 16:00:00+00:00,580.474,580.474,573.271,573.277,413.456
2024-10-31 20:00:00+00:00,573.413,578.216,571.19,576.716,328.605
2024-11-01 00:00:00+00:00,576.485,580.524,570.511,578.714,359.7521
2024-11-01 04:00:00+00:00,578.861,580.032,572.5,574.723,310.4592
2024-11-01 08:00:00+00:00,574.692,579.599,574.692,577.65,360.3915
2024-11-01 12:00:00+00:00,577.62,586.003,568.75,571.73,2482.2142
2024-11-01 16:00:00+00:00,571.964,577.219,569.78,571.901,1395.5415
2024-11-01 20:00:00+00:00,571.735,573.608,567.65,572.914,286.4921
2024-11-02 00:00:00+00:00,572.743,576.406,572.701,575.09,405.4768
2024-11-02 04:00:00+00:00,575.15,576.731,574.07,576.012,258.6463
2024-11-02 08:00:00+00:00,576.312,576.639,572.9,573.255,279.8991
2024-11-02 12:00:00+00:00,573.044,573.519,562.442,566.477,735.0508
2024-11-02 16:00:00+00:00,566.557,569.894,566.211,569.745,635.0353
2024-11-02 20:00:00+00:00,569.829,570.629,566.908,568.493,240.083023
2024-11-03 00:00:00+00:00,568.406,569.157,557.348,562.193,361.0901
2024-11-03 04:00:00+00:00,562.237,565.088,561.68,563.54,203.2972
2024-11-03 08:00:00+00:00,563.606,563.606,557.221,557.419,227.841
2024-11-03 12:00:00+00:00,557.519,559.71,546.856,552.06,455.757
2024-11-03 16:00:00+00:00,551.737,557.201,548.828,557.201,326.2592
2024-11-03 20:00:00+00:00,557.116,560.199,556.074,557.44,1123.7241
2024-11-04 00:00:00+00:00,557.472,564.52,553.38,562.382,261.8143
2024-11-04 04:00:00+00:00,562.659,563.987,558.303,558.993,182.96650071
2024-11-04 08:00:00+00:00,558.993,562.249,556.57,560.166,253.3849
2024-11-04 12:00:00+00:00,560.009,563.192,556.578,559.813,488.1427
2024-11-04 16:00:00+00:00,559.745,560.54,550.94,552.752,784.9427
2024-11-04 20:00:00+00:00,552.653,553.544,543.438,552.563,640.9187
2024-11-05 00:00:00+00:00,552.572,555.605,551.223,555.319,640.9877
2024-11-05 04:00:00+00:00,555.278,560.801,554.799,560.801,420.46493357
2024-11-05 08:00:00+00:00,560.599,561.5,557.804,559.239,1838.1233
2024-11-05 12:00:00+00:00,559.275,570.025,558.683,564.267,969.791
2024-11-05 16:00:00+00:00,564.432,572.016,559.7,560.794,576.3256
2024-11-05 20:00:00+00:00,560.344,567.089,559.304,563.234,737.9453
2024-11-06 00:00:00+00:00,563.245,589.367,562.86,581.604,1137.2834
2024-11-06 04:00:00+00:00,581.825,589.217,575.458,583.625,1732.2952
2024-11-06 08:00:00+00:00,583.668,584.471,575.74,581.805,788.2653997
2024-11-06 12:00:00+00:00,581.941,585.263,579.152,583.205,696.0967
2024-11-06 16:00:00+00:00,583.189,588.3,581.373,588.032,1222.2175
2024-11-06 20:00:00+00:00,588.22,594.771,586.294,592.094,607.0965
2024-11-07 00:00:00+00:00,592.095,611.146,591.293,604.704,937.1235
2024-11-07 04:00:00+00:00,604.807,606.043,591.487,595.82,449.3427
2024-11-07 08:00:00+00:00,595.82,597.991,592.149,592.149,645.1691
2024-11-07 12:00:00+00:00,592.235,597.868,587.181,597.868,650.2195
2024-11-07 16:00:00+00:00,597.696,601.17,595.31,598.84,1012.9309
2024-11-07 20:00:00+00:00,598.957,602.724,595.76,598.345,524.7706
2024-11-08 00:00:00+00:00,598.495,605.768,592.873,596.774,552.7307
2024-11-08 04:00:00+00:00,596.769,600.846,595.311,599.152,476.1896
2024-11-08 08:00:00+00:00,599.166,599.296,594.347,595.912,346.0751
2024-11-08 12:00:00+00:00,596.005,601.502,594.801,597.561,568.6098
2024-11-08 16:00:00+00:00,597.253,598.677,588.063,597.464,879.9374
2024-11-08 20:00:00+00:00,597.52,598.263,593.001,597.61,328.2987
2024-11-09 00:00:00+00:00,597.61,637.995,597.502,635.287,1954.504
2024-11-09 04:00:00+00:00,635.82,636.11,627.001,628.949,1615.297
2024-11-09 08:00:00+00:00,628.985,633.79,623.611,625.813,595.9231
2024-11-09 12:00:00+00:00,625.926,627.013,616.212,616.684,689.4796
2024-11-09 16:00:00+00:00,616.346,621.185,609.91,616.178,953.4823
2024-11-09 20:00:00+00:00,615.894,627.472,614.449,624.554,574.1782
2024-11-10 00:00:00+00:00,624.68,630.403,622.508,627.823,1343.8297
2024-11-10 04:00:00+00:00,627.998,635.0,625.831,629.686,1054.4487
2024-11-10 08:00:00+00:00,629.489,644.214,629.252,641.797,1621.0343
2024-11-10 12:00:00+00:00,641.284,642.615,631.471,639.859,1002.7332
2024-11-10 16:00:00+00:00,639.86,643.511,623.83,628.939,1953.681
2024-11-10 20:00:00+00:00,629.27,631.999,611.455,627.402,1469.4616
2024-11-11 00:00:00+00:00,627.285,641.143,625.992,637.64,805.5924
2024-11-11 04:00:00+00:00,637.67,638.69,613.066,615.896,1267.333
2024-11-11 08:00:00+00:00,615.939,629.898,614.956,626.012,1445.86462499
2024-11-11 12:00:00+00:00,626.166,628.57,614.12,625.952,1131.3037
2024-11-11 16:00:00+00:00,626.087,640.785,625.825,635.235,1597.58267927
2024-11-11 20:00:00+00:00,635.232,665.461,628.627,659.65,2546.2062
2024-11-12 00:00:00+00:00,659.746,667.459,632.633,653.84,3525.0912
2024-11-12 04:00:00+00:00,653.918,655.368,643.034,648.736,1304.7683
2024-11-12 08:00:00+00:00,648.675,657.18,614.449,626.801,2840.41885459
2024-11-12 12:00:00+00:00,626.638,631.12,611.84,625.49,2190.5629
2024-11-12 16:00:00+00:00,625.652,632.46,616.202,628.283,1073.4088
2024-11-12 20:00:00+00:00,628.408,635.035,622.515,625.911,659.9403
2024-11-13 00:00:00+00:00,625.648,628.76,605.99,606.079,2190.106
2024-11-13 04:00:00+00:00,606.046,613.486,598.951,607.712,1211.8653
2024-11-13 08:00:00+00:00,607.792,613.173,602.546,610.33,852.6017
2024-11-13 12:00:00+00:00,610.149,637.512,605.547,628.955,1955.06839838
2024-11-13 16:00:00+00:00,628.731,638.285,609.511,612.328,1810.9846
2024-11-13 20:00:00+00:00,612.288,621.659,604.976,621.025,1084.0764
2024-11-14 00:00:00+00:00,620.933,627.14,610.87,626.316,846.93919988
2024-11-14 04:00:00+00:00,626.964,660.159,621.25,659.907,2473.8243
2024-11-14 08:00:00+00:00,659.547,659.78,623.364,632.516,1722.6705
2024-11-14 12:00:00+00:00,632.209,637.213,618.684,628.512,1576.7583
2024-11-14 16:00:00+00:00,628.807,639.499,627.96,637.239,1154.7235
2024-11-14 20:00:00+00:00,637.37,637.685,616.394,622.262,1400.481
2024-11-15 00:00:00+00:00,622.261,628.504,616.252,623.447,876.7593
2024-11-15 04:00:00+00:00,623.328,623.73,607.462,615.325,1121.5352
2024-11-15 08:00:00+00:00,615.366,624.969,610.92,624.314,701.4776
2024-11-15 12:00:00+00:00,624.062,626.512,603.259,606.541,1131.5977
2024-11-15 16:00:00+00:00,606.473,614.669,605.002,612.45,1358.2523
2024-11-15 20:00:00+00:00,612.584,619.772,612.147,618.894,1056.131
2024-11-16 00:00:00+00:00,619.052,624.462,617.413,624.454,537.665
2024-11-16 04:00:00+00:00,624.251,627.053,621.652,623.471,536.6809
2024-11-16 08:00:00+00:00,623.173,630.404,621.25,630.404,837.7799
2024-11-16 12:00:00+00:00,630.404,633.655,619.261,623.178,1794.3294
2024-11-16 16:00:00+00:00,623.023,630.799,619.821,630.067,716.6879
2024-11-16 20:00:00+00:00,629.999,630.714,621.0,622.521,481.8799
2024-11-17 00:00:00+00:00,622.735,628.716,605.164,614.22,1338.1444
2024-11-17 04:00:00+00:00,613.864,647.4,612.765,638.412,1581.7594
2024-11-17 08:00:00+00:00,638.684,645.789,628.473,628.678,1186.9103
2024-11-17 12:00:00+00:00,629.246,634.5,622.324,625.139,862.2797
2024-11-17 16:00:00+00:00,625.014,625.67,616.2,619.866,2822.0216
2024-11-17 20:00:00+00:00,619.847,621.55,611.552,618.722,858.3336
2024-11-18 00:00:00+00:00,618.75,628.66,617.717,628.343,562.4452
2024-11-18 04:00:00+00:00,628.221,629.833,623.0,626.537,703.75049884
2024-11-18 08:00:00+00:00,626.666,627.913,614.264,615.677,1859.4355
2024-11-18 12:00:00+00:00,615.677,625.61,612.22,624.241,773.7384
2024-11-18 16:00:00+00:00,624.308,631.292,612.578,616.743,2649.3475
2024-11-18 20:00:00+00:00,616.613,621.653,614.921,619.087,869.8792
2024-11-19 00:00:00+00:00,619.133,620.347,616.88,618.707,618.9597
2024-11-19 04:00:00+00:00,618.707,620.883,616.116,617.462,534.1467
2024-11-19 08:00:00+00:00,617.469,618.5,613.586,618.202,765.4453
2024-11-19 12:00:00+00:00,618.274,621.294,611.959,615.365,1025.343
2024-11-19 16:00:00+00:00,615.418,619.12,613.602,616.002,785.6032
2024-11-19 20:00:00+00:00,616.403,617.398,605.168,615.698,2452.4654
2024-11-20 00:00:00+00:00,615.435,616.115,605.89,610.848,913.7079994
2024-11-20 04:00:00+00:00,610.793,613.99,608.615,613.09,599.3795
2024-11-20 08:00:00+00:00,613.09,615.213,610.88,612.359,496.1891
2024-11-20 12:00:00+00:00,612.321,620.43,608.58,615.037,1448.2848
2024-11-20 16:00:00+00:00,615.038,615.673,600.23,604.271,1059.1817
2024-11-20 20:00:00+00:00,603.633,612.763,602.295,605.503,636.1351
2024-11-21 00:00:00+00:00,605.217,609.229,593.333,601.919,766.3151
2024-11-21 04:00:00+00:00,601.92,613.875,600.924,612.564,965.2784
2024-11-21 08:00:00+00:00,612.624,613.269,607.32,609.987,581.4694
2024-11-21 12:00:00+00:00,609.932,630.133,609.803,616.704,1916.8024
2024-11-21 16:00:00+00:00,617.206,625.0,616.204,624.44,689.4428
2024-11-21 20:00:00+00:00,624.59,625.19,619.272,621.983,705.6121
2024-11-22 00:00:00+00:00,622.091,639.305,621.983,635.394,1652.35011154
2024-11-22 04:00:00+00:00,635.357,638.115,626.511,627.399,772.0708
2024-11-22 08:00:00+00:00,627.476,632.62,620.97,624.964,1220.3503
2024-11-22 12:00:00+00:00,625.0,628.49,615.0,624.681,1323.765
2024-11-22 16:00:00+00:00,624.575,625.7,618.503,621.91,622.9075
2024-11-22 20:00:00+00:00,621.77,633.086,621.213,632.906,1166.1559
2024-11-23 00:00:00+00:00,632.858,650.71,631.007,644.448,1811.3114
2024-11-23 04:00:00+00:00,644.48,666.8,640.52,664.141,2010.9158
2024-11-23 08:00:00+00:00,664.097,676.383,659.99,662.936,2124.4067
2024-11-23 12:00:00+00:00,663.159,680.6,661.031,669.55,2159.7098
2024-11-23 16:00:00+00:00,669.556,672.345,649.292,653.646,2004.7521
2024-11-23 20:00:00+00:00,653.241,657.573,642.515,650.579,1091.6526
2024-11-24 00:00:00+00:00,650.781,662.149,648.974,658.974,1583.5245
2024-11-24 04:00:00+00:00,659.199,673.415,655.681,673.02,1649.5796
2024-11-24 08:00:00+00:00,672.983,687.734,650.0,651.705,3486.0098
2024-11-24 12:00:00+00:00,651.705,656.197,637.141,642.729,2057.7803
2024-11-24 16:00:00+00:00,642.519,655.41,639.08,650.699,1270.2242
2024-11-24 20:00:00+00:00,650.641,663.34,649.95,659.619,664.1106
2024-11-25 00:00:00+00:00,659.783,663.029,646.589,658.78,574.48179266
2024-11-25 04:00:00+00:00,658.78,663.179,655.629,661.094,1192.0531
2024-11-25 08:00:00+00:00,661.192,676.493,659.555,664.131,1413.76478326
2024-11-25 12:00:00+00:00,664.131,668.104,631.59,648.928,1918.1031
2024-11-25 16:00:00+00:00,648.831,653.347,638.171,643.521,1089.4081
2024-11-25 20:00:00+00:00,643.394,646.911,626.76,636.006,1126.7188
2024-11-26 00:00:00+00:00,636.19,645.433,632.648,643.182,434.00231226
2024-11-26 04:00:00+00:00,642.661,644.856,634.641,641.446,1093.6166
2024-11-26 08:00:00+00:00,641.497,641.988,610.052,620.005,2703.6223
2024-11-26 12:00:00+00:00,619.941,624.462,607.66,614.143,2203.09894865
2024-11-26 16:00:00+00:00,614.461,620.83,599.571,610.021,1175.3183
2024-11-26 20:00:00+00:00,609.568,616.659,608.4,613.55,744.2852
2024-11-27 00:00:00+00:00,613.501,618.368,608.039,616.731,432.8928
2024-11-27 04:00:00+00:00,616.663,622.486,615.046,622.028,592.981
2024-11-27 08:00:00+00:00,622.052,628.6,617.0,624.944,1144.2931
2024-11-27 12:00:00+00:00,624.944,638.98,619.39,636.587,2463.8953
2024-11-27 16:00:00+00:00,636.715,639.505,633.05,638.407,1667.0664
2024-11-27 20:00:00+00:00,638.46,646.85,637.531,644.096,791.2949
2024-11-28 00:00:00+00:00,645.183,657.774,639.951,651.873,1286.6745
2024-11-28 04:00:00+00:00,652.335,659.242,648.672,649.939,1575.2457
2024-11-28 08:00:00+00:00,650.024,661.815,646.24,659.852,1309.5492
2024-11-28 12:00:00+00:00,659.852,663.932,644.728,646.451,2147.7683
2024-11-28 16:00:00+00:00,646.172,659.903,646.172,657.535,1269.3488
2024-11-28 20:00:00+00:00,657.279,659.41,652.021,653.819,613.4123
2024-11-29 00:00:00+00:00,653.863,663.664,651.86,657.835,499.14529988
2024-11-29 04:00:00+00:00,658.035,658.523,648.713,649.7,583.8221
2024-11-29 08:00:00+00:00,649.664,656.221,649.664,656.221,559.8277
2024-11-29 12:00:00+00:00,656.227,660.782,653.8,659.617,1285.2351
2024-11-29 16:00:00+00:00,659.617,662.071,652.968,653.812,1207.3094
2024-11-29 20:00:00+00:00,653.812,654.861,650.064,654.628,700.113
2024-11-30 00:00:00+00:00,654.719,657.584,647.718,656.888,429.7721
2024-11-30 04:00:00+00:00,657.097,677.053,653.804,672.978,1793.0204
2024-11-30 08:00:00+00:00,672.798,674.687,658.0,658.431,1640.9809
2024-11-30 12:00:00+00:00,658.342,665.395,653.0,656.192,1066.3548
2024-11-30 16:00:00+00:00,656.045,658.936,653.0,655.047,935.9064
2024-11-30 20:00:00+00:00,654.662,658.342,653.267,653.621,807.1045
2024-12-01 00:00:00+00:00,653.621,657.446,645.431,651.827,688.0319
2024-12-01 04:00:00+00:00,651.912,652.267,648.367,651.083,269.86102946
2024-12-01 08:00:00+00:00,651.101,659.17,650.104,658.376,634.9396
2024-12-01 12:00:00+00:00,658.407,662.934,656.613,662.088,951.9819
2024-12-01 16:00:00+00:00,662.509,664.0,655.934,658.377,783.8704
2024-12-01 20:00:00+00:00,658.378,658.811,651.665,655.885,866.6835
2024-12-02 00:00:00+00:00,656.244,667.0,650.252,651.053,1156.8384
2024-12-02 04:00:00+00:00,650.915,654.584,642.874,646.809,916.5598
2024-12-02 08:00:00+00:00,646.921,647.229,629.946,633.64,1769.4442
2024-12-02 12:00:00+00:00,633.578,650.631,631.2,649.738,1824.0523
2024-12-02 16:00:00+00:00,649.815,651.305,628.635,638.441,1325.403
2024-12-02 20:00:00+00:00,638.586,648.138,637.431,647.933,1058.6094
2024-12-03 00:00:00+00:00,647.712,654.948,646.252,652.3,1283.1308
2024-12-03 04:00:00+00:00,651.901,660.7,645.653,648.114,1288.4273
2024-12-03 08:00:00+00:00,648.027,654.408,646.7,650.6,2541.9818
2024-12-03 12:00:00+00:00,650.595,651.239,623.0,642.507,2240.24555924
2024-12-03 16:00:00+00:00,642.446,695.799,641.915,690.7,6918.2666
2024-12-03 20:00:00+00:00,691.048,749.011,683.06,735.352,11528.8419
2024-12-04 00:00:00+00:00,735.877,775.352,735.602,753.247,6743.5837
2024-12-04 04:00:00+00:00,753.568,765.56,745.872,765.178,4469.10229872
2024-12-04 08:00:00+00:00,764.73,793.589,762.147,781.943,5981.6585
2024-12-04 12:00:00+00:00,781.991,786.177,752.532,756.109,4720.4023
2024-12-04 16:00:00+00:00,756.262,759.2,721.07,739.687,5106.9873
2024-12-04 20:00:00+00:00,739.696,746.297,726.38,739.59,2873.7494
2024-12-05 00:00:00+00:00,739.6,739.622,689.777,714.357,4032.9932335
2024-12-05 04:00:00+00:00,713.871,734.928,713.455,729.628,3157.3764
2024-12-05 08:00:00+00:00,729.497,738.303,727.173,737.261,1322.4511
2024-12-05 12:00:00+00:00,737.196,738.607,718.39,724.139,3444.5992
2024-12-05 16:00:00+00:00,724.538,736.438,715.401,716.613,2105.186
2024-12-05 20:00:00+00:00,716.446,720.71,695.336,717.312,2689.4334
2024-12-06 00:00:00+00:00,717.283,733.179,713.976,729.49,1142.9848
2024-12-06 04:00:00+00:00,729.168,734.69,724.519,725.157,711.2012
2024-12-06 08:00:00+00:00,725.15,729.139,711.776,718.632,1272.45919994
2024-12-06 12:00:00+00:00,718.325,732.871,705.5,732.682,2090.428
2024-12-06 16:00:00+00:00,732.692,745.878,728.836,738.112,2882.997
2024-12-06 20:00:00+00:00,737.984,743.787,726.5,730.538,1569.9607
2024-12-07 00:00:00+00:00,730.38,739.649,729.79,735.856,593.69049482
2024-12-07 04:00:00+00:00,735.45,748.842,733.319,738.14,1246.6387
2024-12-07 08:00:00+00:00,738.57,749.386,737.862,745.88,1430.03142515
2024-12-07 12:00:00+00:00,746.004,757.844,738.992,754.888,1393.97529994
2024-12-07 16:00:00+00:00,754.93,760.612,746.578,760.358,1509.70277284
2024-12-07 20:00:00+00:00,760.03,761.171,748.919,749.868,755.3925
2024-12-08 00:00:00+00:00,750.186,757.267,748.208,753.985,620.6037
2024-12-08 04:00:00+00:00,753.858,756.213,742.46,747.163,576.5972
2024-12-08 08:00:00+00:00,746.984,747.535,727.716,738.385,1214.3892
2024-12-08 12:00:00+00:00,738.399,744.1,735.01,740.255,856.9494982
2024-12-08 16:00:00+00:00,740.288,742.695,734.857,740.236,594.1502
2024-12-08 20:00:00+00:00,740.264,743.845,738.646,741.901,625.4712
2024-12-09 00:00:00+00:00,742.052,742.488,715.96,721.806,1613.025
2024-12-09 04:00:00+00:00,721.31,727.07,711.615,720.677,1896.2745
2024-12-09 08:00:00+00:00,720.739,722.394,707.969,715.335,1647.5849
2024-12-09 12:00:00+00:00,715.353,731.326,711.121,715.303,1394.8106
2024-12-09 16:00:00+00:00,715.225,724.329,711.908,717.347,816.926
2024-12-09 20:00:00+00:00,717.346,719.179,636.0,689.542,7883.24339785
2024-12-10 00:00:00+00:00,689.047,701.892,669.8,684.894,2281.6963
2024-12-10 04:00:00+00:00,684.351,698.398,678.49,692.826,960.8439
2024-12-10 08:00:00+00:00,692.864,704.605,688.721,698.441,977.0234
2024-12-10 12:00:00+00:00,698.596,699.314,656.5,656.989,1672.3441
2024-12-10 16:00:00+00:00,657.507,673.45,649.28,673.19,2635.583
2024-12-10 20:00:00+00:00,672.327,680.225,670.936,676.842,1170.556
2024-12-11 00:00:00+00:00,676.636,679.531,658.993,679.0,1075.5283
2024-12-11 04:00:00+00:00,679.339,683.0,676.111,677.37,559.935
2024-12-11 08:00:00+00:00,677.708,691.25,677.35,688.999,1212.3669
2024-12-11 12:00:00+00:00,689.104,698.74,685.343,695.166,1509.6562
2024-12-11 16:00:00+00:00,695.513,708.0,694.085,707.539,1095.3864
2024-12-11 20:00:00+00:00,707.277,712.779,705.0,711.345,831.7053
2024-12-12 00:00:00+00:00,711.356,723.861,708.788,718.474,925.6456
2024-12-12 04:00:00+00:00,718.819,721.738,713.021,714.929,432.5497
2024-12-12 08:00:00+00:00,714.969,725.856,710.83,713.674,1618.7841
2024-12-12 12:00:00+00:00,714.482,720.43,709.667,714.313,883.4391
2024-12-12 16:00:00+00:00,714.82,723.566,704.107,704.743,953.0382
2024-12-12 20:00:00+00:00,704.374,711.119,699.65,705.682,637.0128
2024-12-13 00:00:00+00:00,705.709,711.319,697.104,709.496,935.5287
2024-12-13 04:00:00+00:00,709.609,710.625,697.445,701.375,743.23199929
2024-12-13 08:00:00+00:00,701.58,723.894,700.283,716.025,2095.3373
2024-12-13 12:00:00+00:00,715.72,721.313,707.239,708.544,874.6029
2024-12-13 16:00:00+00:00,707.969,727.596,707.969,727.436,965.2879
2024-12-13 20:00:00+00:00,727.605,729.78,723.2,725.765,944.7282
2024-12-14 00:00:00+00:00,725.861,731.942,724.64,731.149,2491.7837
2024-12-14 04:00:00+00:00,731.037,732.288,726.27,728.256,307.1112
2024-12-14 08:00:00+00:00,728.307,729.139,719.137,719.801,1092.5564
2024-12-14 12:00:00+00:00,719.648,719.918,707.004,715.344,593.3097
2024-12-14 16:00:00+00:00,715.165,715.6,705.02,710.951,669.9692
2024-12-14 20:00:00+00:00,710.886,716.84,705.338,715.736,428.5159
2024-12-15 00:00:00+00:00,715.415,717.996,710.7,713.215,166.8898
2024-12-15 04:00:00+00:00,713.236,718.499,702.844,706.297,377.6094
2024-12-15 08:00:00+00:00,706.444,713.86,705.421,713.785,560.0994
2024-12-15 12:00:00+00:00,713.791,719.498,712.671,716.47,742.0959
2024-12-15 16:00:00+00:00,716.509,720.648,715.961,719.316,440.6391
2024-12-15 20:00:00+00:00,719.171,724.081,706.25,718.625,814.2431
2024-12-16 00:00:00+00:00,718.956,725.108,708.616,711.515,921.8934
2024-12-16 04:00:00+00:00,711.553,716.74,710.445,715.383,444.4247
2024-12-16 08:00:00+00:00,715.383,715.505,704.209,705.154,528.128
2024-12-16 12:00:00+00:00,705.078,718.508,704.45,718.508,1940.3661
2024-12-16 16:00:00+00:00,718.483,730.0,717.112,726.599,1031.2415
2024-12-16 20:00:00+00:00,726.687,728.105,717.979,720.529,497.7366
2024-12-17 00:00:00+00:00,720.545,724.659,712.26,722.271,575.2358
2024-12-17 04:00:00+00:00,722.051,723.075,714.454,715.983,365.8002
2024-12-17 08:00:00+00:00,716.118,724.411,714.201,720.137,773.0478
2024-12-17 12:00:00+00:00,720.105,737.02,717.627,729.887,1354.05129561
2024-12-17 16:00:00+00:00,730.0,733.519,720.44,723.562,808.11759219
2024-12-17 20:00:00+00:00,723.791,736.309,713.843,717.354,985.4916
2024-12-18 00:00:00+00:00,717.5,721.97,710.001,712.341,704.3434
2024-12-18 04:00:00+00:00,711.441,713.733,703.519,713.594,873.9755
2024-12-18 08:00:00+00:00,713.482,719.467,712.629,719.054,899.6312
2024-12-18 12:00:00+00:00,719.179,719.999,708.484,713.315,886.6477
2024-12-18 16:00:00+00:00,712.979,720.32,705.002,705.16,1516.9412
2024-12-18 20:00:00+00:00,705.077,706.072,680.433,686.119,3729.6077
2024-12-19 00:00:00+00:00,685.96,700.661,668.448,700.4,2217.79709932
2024-12-19 04:00:00+00:00,700.45,704.1,697.102,701.644,456.8671
2024-12-19 08:00:00+00:00,701.676,704.649,696.495,704.15,520.0508
2024-12-19 12:00:00+00:00,703.988,705.0,681.063,690.203,965.8244
2024-12-19 16:00:00+00:00,689.734,693.066,651.149,658.44,1717.1398
2024-12-19 20:00:00+00:00,658.44,675.995,647.834,665.254,1271.4486
2024-12-20 00:00:00+00:00,665.427,678.88,662.329,674.513,778.4597
2024-12-20 04:00:00+00:00,674.613,679.246,662.47,672.726,553.3297
2024-12-20 08:00:00+00:00,672.506,672.718,618.609,619.683,2484.6868
2024-12-20 12:00:00+00:00,620.153,669.96,618.318,666.526,2215.4513
2024-12-20 16:00:00+00:00,666.522,675.292,662.885,671.832,756.1225
2024-12-20 20:00:00+00:00,671.745,679.814,664.922,678.573,488.0836
2024-12-21 00:00:00+00:00,678.369,686.83,676.619,680.898,579.7934
2024-12-21 04:00:00+00:00,680.972,693.439,680.972,689.313,451.5442
2024-12-21 08:00:00+00:00,689.23,689.735,674.88,676.976,814.4049
2024-12-21 12:00:00+00:00,676.952,676.952,653.197,667.272,1238.4503
2024-12-21 16:00:00+00:00,667.151,667.813,650.961,659.469,1082.7707
2024-12-21 20:00:00+00:00,659.332,669.125,655.182,663.001,704.0915
2024-12-22 00:00:00+00:00,663.663,668.206,656.184,664.118,237.1539993
2024-12-22 04:00:00+00:00,663.974,664.45,650.155,658.792,287.0511
2024-12-22 08:00:00+00:00,659.044,669.532,658.987,666.836,236.9627
2024-12-22 12:00:00+00:00,667.015,669.241,651.95,656.682,413.6978
2024-12-22 16:00:00+00:00,656.5,660.577,643.75,644.696,1109.0001
2024-12-22 20:00:00+00:00,645.022,653.17,639.625,649.8,627.6543
2024-12-23 00:00:00+00:00,649.789,665.14,638.29,664.376,984.688
2024-12-23 04:00:00+00:00,664.641,669.469,655.62,662.204,629.5649
2024-12-23 08:00:00+00:00,662.018,678.078,660.963,673.674,2197.57505567
2024-12-23 12:00:00+00:00,673.79,682.752,670.492,671.379,1190.7269
2024-12-23 16:00:00+00:00,671.457,686.09,671.375,684.766,895.0726
2024-12-23 20:00:00+00:00,684.727,698.358,683.636,694.005,1089.8486
2024-12-24 00:00:00+00:00,694.193,696.013,684.478,692.755,795.1328
2024-12-24 04:00:00+00:00,692.544,694.546,686.336,692.716,907.7995
2024-12-24 08:00:00+00:00,692.832,693.898,685.421,686.551,514.0996
2024-12-24 12:00:00+00:00,686.489,698.697,682.738,695.141,856.63331024
2024-12-24 16:00:00+00:00,694.994,698.79,691.782,692.356,706.5603
2024-12-24 20:00:00+00:00,692.29,698.887,686.981,696.832,650.1551
2024-12-25 00:00:00+00:00,696.81,706.136,696.17,703.568,861.55462988
2024-12-25 04:00:00+00:00,704.212,705.77,701.089,702.297,513.6532
2024-12-25 08:00:00+00:00,702.245,713.633,701.811,704.032,458.1299
2024-12-25 12:00:00+00:00,704.254,711.64,703.62,703.822,428.8084
2024-12-25 16:00:00+00:00,703.752,704.86,699.06,704.841,778.575
2024-12-25 20:00:00+00:00,704.849,705.029,696.0,702.627,584.7027
2024-12-26 00:00:00+00:00,703.2,713.228,700.823,706.725,903.4705
2024-12-26 04:00:00+00:00,706.394,720.38,702.484,706.359,996.8224
2024-12-26 08:00:00+00:00,706.673,709.69,689.632,696.569,787.5825
2024-12-26 12:00:00+00:00,696.378,696.378,682.441,691.441,1613.276
2024-12-26 16:00:00+00:00,691.672,694.98,685.397,692.191,622.3976
2024-12-26 20:00:00+00:00,692.249,694.33,685.673,689.387,323.709
2024-12-27 00:00:00+00:00,689.298,694.05,685.625,688.85,461.3298
2024-12-27 04:00:00+00:00,689.187,700.621,686.309,692.361,1173.9442
2024-12-27 08:00:00+00:00,692.487,711.37,692.451,706.177,1041.2563
2024-12-27 12:00:00+00:00,706.53,707.533,685.988,688.852,589.6446
2024-12-27 16:00:00+00:00,688.854,696.577,685.766,694.727,836.593
2024-12-27 20:00:00+00:00,694.951,695.305,687.66,691.621,333.1024
2024-12-28 00:00:00+00:00,691.553,698.74,691.249,697.153,219.7845
2024-12-28 04:00:00+00:00,696.915,698.821,694.226,696.014,300.0521
2024-12-28 08:00:00+00:00,695.994,704.856,695.916,703.595,933.0965
2024-12-28 12:00:00+00:00,703.59,727.466,703.59,721.423,1313.2484
2024-12-28 16:00:00+00:00,721.423,731.488,719.528,730.233,982.80542363
2024-12-28 20:00:00+00:00,730.429,730.736,721.202,722.125,476.947
2024-12-29 00:00:00+00:00,722.914,724.453,713.66,715.452,464.1223
2024-12-29 04:00:00+00:00,715.518,716.267,711.756,716.266,265.5963
2024-12-29 08:00:00+00:00,716.057,717.169,709.2,710.859,602.6359
2024-12-29 12:00:00+00:00,710.47,713.6,707.118,710.585,407.4237
2024-12-29 16:00:00+00:00,710.56,711.63,698.944,701.078,908.574
2024-12-29 20:00:00+00:00,700.948,701.12,690.19,694.843,683.5972
2024-12-30 00:00:00+00:00,694.424,703.442,692.0,696.578,306.2774
2024-12-30 04:00:00+00:00,696.403,701.919,695.031,697.685,228.0259
2024-12-30 08:00:00+00:00,697.669,700.699,693.876,700.495,377.2558
2024-12-30 12:00:00+00:00,700.544,702.32,687.669,695.095,916.9537216
2024-12-30 16:00:00+00:00,695.001,710.1,693.143,709.876,1079.7206
2024-12-30 20:00:00+00:00,710.105,712.164,695.33,705.247,903.1267
2024-12-31 00:00:00+00:00,705.629,708.049,700.908,707.037,566.5861
2024-12-31 04:00:00+00:00,706.925,709.874,698.74,701.147,398.2831
2024-12-31 08:00:00+00:00,701.271,708.8,699.834,704.469,519.476
2024-12-31 12:00:00+00:00,704.57,714.779,704.561,710.757,908.8722
2024-12-31 16:00:00+00:00,710.962,712.892,700.511,703.581,521.9113
2024-12-31 20:00:00+00:00,703.493,704.978,699.465,702.342,164.6186
2025-01-01 00:00:00+00:00,702.065,710.83,702.065,705.53,372.9127
2025-01-01 04:00:00+00:00,705.551,706.674,703.526,703.632,164.7737
2025-01-01 08:00:00+00:00,703.817,709.081,700.325,707.388,301.1722
2025-01-01 12:00:00+00:00,707.518,710.257,705.827,707.927,307.38113805
2025-01-01 16:00:00+00:00,708.116,708.659,703.461,707.869,860.3343
2025-01-01 20:00:00+00:00,707.869,708.89,706.716,707.741,260.0382
2025-01-02 00:00:00+00:00,707.675,707.84,698.577,702.45,1001.1027
2025-01-02 04:00:00+00:00,702.491,709.326,701.776,706.891,1423.503
2025-01-02 08:00:00+00:00,706.89,715.708,706.732,713.329,658.9529
2025-01-02 12:00:00+00:00,713.398,714.304,703.268,704.647,823.8955
2025-01-02 16:00:00+00:00,704.647,709.162,701.781,704.802,768.3413
2025-01-02 20:00:00+00:00,704.915,706.971,703.329,706.192,209.0492
2025-01-03 00:00:00+00:00,706.194,707.041,701.002,705.194,583.4009
2025-01-03 04:00:00+00:00,705.157,706.932,700.622,700.798,294.2356
2025-01-03 08:00:00+00:00,700.799,705.63,697.55,705.63,361.2018
2025-01-03 12:00:00+00:00,705.531,711.078,703.63,710.001,597.6962
2025-01-03 16:00:00+00:00,710.093,715.512,708.491,713.343,895.18506262
2025-01-03 20:00:00+00:00,713.303,715.66,709.808,714.963,660.5626
2025-01-04 00:00:00+00:00,715.079,721.5,714.201,719.478,799.81709147
2025-01-04 04:00:00+00:00,719.395,720.369,716.362,717.932,265.1601
2025-01-04 08:00:00+00:00,717.914,718.178,712.726,714.251,519.0539
2025-01-04 12:00:00+00:00,714.066,717.385,708.09,709.421,783.6153
2025-01-04 16:00:00+00:00,709.369,713.07,709.369,711.799,336.4497
2025-01-04 20:00:00+00:00,711.833,714.6,711.822,713.304,386.5085
2025-01-05 00:00:00+00:00,713.34,713.472,709.407,712.46,254.8704
2025-01-05 04:00:00+00:00,712.5,713.894,710.691,712.43,150.0909
2025-01-05 08:00:00+00:00,712.318,712.54,704.891,708.14,326.9022
2025-01-05 12:00:00+00:00,707.653,709.179,702.628,708.02,338.9772
2025-01-05 16:00:00+00:00,708.022,708.688,702.415,705.699,414.9001
2025-01-05 20:00:00+00:00,705.7,710.0,705.375,709.133,536.6592
2025-01-06 00:00:00+00:00,709.301,716.063,706.068,712.505,299.1754
2025-01-06 04:00:00+00:00,712.571,715.944,711.155,714.126,427.0929
2025-01-06 08:00:00+00:00,714.23,719.617,710.919,718.658,672.7493
2025-01-06 12:00:00+00:00,718.85,725.538,713.6,725.538,798.2803
2025-01-06 16:00:00+00:00,725.58,735.609,722.041,732.266,1047.257
2025-01-06 20:00:00+00:00,732.267,745.1,728.643,729.478,1359.0359
2025-01-07 00:00:00+00:00,729.413,731.433,725.25,728.846,494.5332
2025-01-07 04:00:00+00:00,728.92,732.97,726.963,730.189,277.4909
2025-01-07 08:00:00+00:00,730.226,731.27,722.103,726.407,494.8098
2025-01-07 12:00:00+00:00,726.448,726.498,699.641,708.782,2330.3987
2025-01-07 16:00:00+00:00,708.414,711.924,694.343,696.338,1739.9192
2025-01-07 20:00:00+00:00,696.465,698.39,690.625,697.763,1117.7598
2025-01-08 00:00:00+00:00,697.869,707.028,694.824,697.02,774.1999
2025-01-08 04:00:00+00:00,697.144,698.73,681.985,694.221,1037.06119971
2025-01-08 08:00:00+00:00,694.121,703.63,693.362,695.817,859.5493
2025-01-08 12:00:00+00:00,695.996,700.356,690.56,693.56,779.7264
2025-01-08 16:00:00+00:00,692.83,695.564,674.698,689.525,1611.5654
2025-01-08 20:00:00+00:00,689.43,697.275,686.53,695.889,615.5101
2025-01-09 00:00:00+00:00,695.555,700.895,693.678,696.304,232.9342
2025-01-09 04:00:00+00:00,696.232,700.621,689.391,690.372,319.2899
2025-01-09 08:00:00+00:00,690.506,701.51,688.491,699.855,619.1388
2025-01-09 12:00:00+00:00,699.918,701.509,681.159,697.141,813.4284
2025-01-09 16:00:00+00:00,696.995,696.995,679.958,679.958,997.4613
2025-01-09 20:00:00+00:00,679.928,688.504,674.74,685.189,758.276
2025-01-10 00:00:00+00:00,685.41,689.43,683.194,688.062,342.4272
2025-01-10 04:00:00+00:00,688.561,697.546,687.455,695.738,471.84967854
2025-01-10 08:00:00+00:00,695.709,698.734,694.836,697.046,280.0361
2025-01-10 12:00:00+00:00,696.813,697.175,685.826,693.101,1373.4812059
2025-01-10 16:00:00+00:00,693.057,700.663,689.31,694.482,1080.1919
2025-01-10 20:00:00+00:00,694.475,694.603,690.364,692.985,302.9189
2025-01-11 00:00:00+00:00,692.921,693.667,690.316,691.556,194.6179
2025-01-11 04:00:00+00:00,691.738,695.4,690.643,695.048,383.9706
2025-01-11 08:00:00+00:00,695.02,698.2,693.277,697.402,377.7342
2025-01-11 12:00:00+00:00,697.599,698.013,694.799,695.378,478.3834
2025-01-11 16:00:00+00:00,695.649,696.996,693.539,696.992,240.7793
2025-01-11 20:00:00+00:00,697.001,701.386,696.381,696.523,530.6882
2025-01-12 00:00:00+00:00,696.626,698.516,695.066,695.73,149.1252
2025-01-12 04:00:00+00:00,695.823,697.025,692.468,694.081,146.7512
2025-01-12 08:00:00+00:00,694.223,694.691,689.881,691.178,563.813
2025-01-12 12:00:00+00:00,691.033,695.239,689.99,695.051,383.5331
2025-01-12 16:00:00+00:00,695.099,696.793,693.286,696.124,362.0998
2025-01-12 20:00:00+00:00,696.321,697.547,690.264,693.345,170.5588
2025-01-13 00:00:00+00:00,693.333,699.899,684.415,686.35,778.2052
2025-01-13 04:00:00+00:00,685.908,689.981,677.881,682.614,533.8089
2025-01-13 08:00:00+00:00,682.614,682.614,660.95,661.047,1169.9465
2025-01-13 12:00:00+00:00,661.231,678.972,658.311,677.268,1975.12195204
2025-01-13 16:00:00+00:00,676.889,679.054,666.379,672.692,831.4087
2025-01-13 20:00:00+00:00,672.017,688.71,671.0,688.569,950.3468
2025-01-14 00:00:00+00:00,688.582,692.279,686.407,691.981,321.2215
2025-01-14 04:00:00+00:00,692.379,692.996,687.352,688.994,160.1658
2025-01-14 08:00:00+00:00,689.015,697.611,689.015,694.631,447.2191
2025-01-14 12:00:00+00:00,694.906,698.48,691.431,695.088,589.078
2025-01-14 16:00:00+00:00,695.013,699.799,693.165,698.072,367.489
2025-01-14 20:00:00+00:00,698.103,699.97,695.924,698.719,387.1939
2025-01-15 00:00:00+00:00,699.577,702.77,695.827,701.0,645.2287
2025-01-15 04:00:00+00:00,701.21,702.379,697.595,699.797,456.08179351
2025-01-15 08:00:00+00:00,699.797,701.049,689.682,692.425,466.1128
2025-01-15 12:00:00+00:00,692.397,706.8,688.557,704.118,999.7174
2025-01-15 16:00:00+00:00,704.649,708.872,699.564,708.446,491.6108
2025-01-15 20:00:00+00:00,708.525,714.66,707.729,714.492,987.5524
2025-01-16 00:00:00+00:00,714.68,715.872,706.947,708.884,652.1061
2025-01-16 04:00:00+00:00,709.118,713.934,708.424,711.418,206.2977
2025-01-16 08:00:00+00:00,711.376,713.498,703.507,713.118,486.4449078
2025-01-16 12:00:00+00:00,713.246,717.36,700.621,709.43,1003.8513
2025-01-16 16:00:00+00:00,709.478,716.037,709.318,714.792,984.4117
2025-01-16 20:00:00+00:00,714.951,715.944,707.13,708.098,453.5408
2025-01-17 00:00:00+00:00,708.067,717.661,708.067,714.327,437.9209
2025-01-17 04:00:00+00:00,714.326,718.649,713.257,714.55,423.2758
2025-01-17 08:00:00+00:00,714.55,725.47,714.55,724.976,645.5604
2025-01-17 12:00:00+00:00,725.051,728.78,719.556,720.173,886.7881
2025-01-17 16:00:00+00:00,720.247,726.245,718.66,722.593,626.9076
2025-01-17 20:00:00+00:00,722.604,729.869,720.197,722.171,1449.1319
2025-01-18 00:00:00+00:00,722.124,723.828,706.019,707.889,691.5648
2025-01-18 04:00:00+00:00,707.725,709.18,697.041,700.247,1343.087
2025-01-18 08:00:00+00:00,700.248,702.77,695.157,702.105,2169.8163
2025-01-18 12:00:00+00:00,701.957,706.999,699.998,703.468,934.8873
2025-01-18 16:00:00+00:00,703.346,705.914,695.651,705.671,881.2082
2025-01-18 20:00:00+00:00,705.847,711.119,702.15,709.51,582.18858805
2025-01-19 00:00:00+00:00,709.375,714.642,709.026,710.287,459.2323
2025-01-19 04:00:00+00:00,710.134,710.479,704.209,705.145,415.0345
2025-01-19 08:00:00+00:00,705.146,705.146,681.308,682.73,1872.1406
2025-01-19 12:00:00+00:00,682.868,700.51,681.964,698.041,1649.4254
2025-01-19 16:00:00+00:00,698.039,707.339,696.129,707.166,745.2371
2025-01-19 20:00:00+00:00,707.375,707.849,675.89,683.126,2643.2459
2025-01-20 00:00:00+00:00,683.01,689.309,674.091,686.89,1512.8706
2025-01-20 04:00:00+00:00,686.999,709.131,684.939,698.521,1332.32428049
2025-01-20 08:00:00+00:00,698.427,701.685,693.859,698.021,738.9042
2025-01-20 12:00:00+00:00,698.13,698.272,686.091,688.455,1257.4852
2025-01-20 16:00:00+00:00,688.118,691.765,670.403,685.68,2415.0997
2025-01-20 20:00:00+00:00,685.681,685.813,676.664,682.468,667.7221
2025-01-21 00:00:00+00:00,682.36,684.922,675.0,682.142,641.77569994
2025-01-21 04:00:00+00:00,682.632,683.45,677.551,682.422,473.58689994
2025-01-21 08:00:00+00:00,682.285,691.361,680.461,689.57,871.6585
2025-01-21 12:00:00+00:00,689.365,691.8,683.33,687.573,1040.9686
2025-01-21 16:00:00+00:00,687.316,697.296,686.817,694.755,873.70849973
2025-01-21 20:00:00+00:00,694.73,695.701,689.43,691.635,838.4117
2025-01-22 00:00:00+00:00,692.158,695.725,689.808,695.533,363.91109994
2025-01-22 04:00:00+00:00,695.372,703.62,694.819,697.413,878.5061
2025-01-22 08:00:00+00:00,697.469,700.62,694.649,699.674,768.23309973
2025-01-22 12:00:00+00:00,699.849,700.62,692.532,692.931,1121.0943
2025-01-22 16:00:00+00:00,692.919,697.109,690.488,695.823,407.58909988
2025-01-22 20:00:00+00:00,696.031,699.607,693.0,695.398,711.5724
2025-01-23 00:00:00+00:00,695.457,697.555,687.95,688.595,1105.6297
2025-01-23 04:00:00+00:00,688.595,689.007,683.176,687.528,1170.292
2025-01-23 08:00:00+00:00,687.529,688.219,683.234,686.092,1186.3014
2025-01-23 12:00:00+00:00,685.937,692.191,681.263,687.988,1424.39049987
2025-01-23 16:00:00+00:00,688.29,693.013,681.641,682.692,957.4046
2025-01-23 20:00:00+00:00,682.691,691.499,680.144,689.743,1145.4928
2025-01-24 00:00:00+00:00,689.62,691.406,679.054,682.837,830.4494
2025-01-24 04:00:00+00:00,682.664,691.249,681.032,686.586,888.709
2025-01-24 08:00:00+00:00,686.586,690.487,685.824,689.11,457.7121
2025-01-24 12:00:00+00:00,689.166,689.85,682.732,685.244,505.4206
2025-01-24 16:00:00+00:00,685.244,687.641,683.201,683.829,534.642
2025-01-24 20:00:00+00:00,683.927,684.231,678.881,680.367,390.1981
2025-01-25 00:00:00+00:00,680.0,684.272,677.741,684.203,274.3774
2025-01-25 04:00:00+00:00,684.273,684.703,681.339,681.762,341.8345
2025-01-25 08:00:00+00:00,681.8,685.323,680.895,685.07,685.55618517
2025-01-25 12:00:00+00:00,684.921,688.295,683.899,687.289,752.4767
2025-01-25 16:00:00+00:00,687.477,688.434,685.879,688.433,469.8064
2025-01-25 20:00:00+00:00,688.434,689.749,686.361,686.361,390.7241
2025-01-26 00:00:00+00:00,686.361,690.477,686.245,689.739,327.0712
2025-01-26 04:00:00+00:00,689.641,691.004,688.583,689.593,758.3312
2025-01-26 08:00:00+00:00,689.593,689.994,684.536,685.592,426.0106
2025-01-26 12:00:00+00:00,685.524,686.189,683.717,685.125,434.0066
2025-01-26 16:00:00+00:00,685.125,685.519,683.092,684.006,897.2227
2025-01-26 20:00:00+00:00,684.006,684.578,664.231,667.296,1097.6145
2025-01-27 00:00:00+00:00,667.09,669.991,654.796,661.767,1667.2205
2025-01-27 04:00:00+00:00,661.975,661.975,636.957,647.197,1793.3018
2025-01-27 08:00:00+00:00,647.196,654.738,641.31,651.69,1512.7619
2025-01-27 12:00:00+00:00,651.471,667.74,651.343,664.452,1113.5835
2025-01-27 16:00:00+00:00,664.581,667.3,657.132,665.328,1062.3473
2025-01-27 20:00:00+00:00,665.412,680.506,665.412,679.879,586.0617
2025-01-28 00:00:00+00:00,680.128,681.628,676.0,679.345,368.45139856
2025-01-28 04:00:00+00:00,679.688,682.801,677.501,677.891,309.9626
2025-01-28 08:00:00+00:00,677.582,677.733,673.551,675.192,414.1523
2025-01-28 12:00:00+00:00,675.192,676.779,669.111,673.253,923.9867
2025-01-28 16:00:00+00:00,673.325,674.499,666.85,670.257,996.849
2025-01-28 20:00:00+00:00,670.325,670.698,659.501,661.622,418.979
2025-01-29 00:00:00+00:00,661.156,675.305,661.156,674.62,492.975
2025-01-29 04:00:00+00:00,674.62,679.35,673.662,674.05,858.1128
2025-01-29 08:00:00+00:00,674.275,675.524,668.879,670.226,388.0636
2025-01-29 12:00:00+00:00,670.301,670.947,663.201,664.502,680.2603
2025-01-29 16:00:00+00:00,664.503,670.97,659.158,668.179,708.4066977
2025-01-29 20:00:00+00:00,668.18,674.247,664.595,667.685,573.7796
2025-01-30 00:00:00+00:00,668.228,676.0,665.931,675.471,1284.1786
2025-01-30 04:00:00+00:00,675.465,679.473,674.345,676.745,361.4055
2025-01-30 08:00:00+00:00,676.746,679.029,675.905,678.631,336.5734
2025-01-30 12:00:00+00:00,678.543,682.54,676.826,680.479,603.92994918
2025-01-30 16:00:00+00:00,680.479,681.88,678.517,680.26,519.9814
2025-01-30 20:00:00+00:00,680.231,680.814,677.273,677.273,771.9027
2025-01-31 00:00:00+00:00,677.43,678.89,673.485,675.644,503.7647
2025-01-31 04:00:00+00:00,675.645,680.586,674.027,677.798,372.3352
2025-01-31 08:00:00+00:00,677.664,683.433,676.48,683.263,1482.9124
2025-01-31 12:00:00+00:00,683.434,688.759,682.055,688.759,798.0502
2025-01-31 16:00:00+00:00,688.76,689.199,677.277,679.342,598.9637
2025-01-31 20:00:00+00:00,678.769,679.206,673.999,677.742,453.6609
2025-02-01 00:00:00+00:00,677.624,681.548,676.841,677.563,210.9916
2025-02-01 04:00:00+00:00,677.401,678.864,674.2,674.336,307.868
2025-02-01 08:00:00+00:00,674.528,675.163,668.414,671.653,859.2723
2025-02-01 12:00:00+00:00,671.652,672.935,666.158,668.066,577.0118
2025-02-01 16:00:00+00:00,668.15,669.414,660.378,661.293,571.6663
2025-02-01 20:00:00+00:00,661.343,662.33,650.561,652.997,789.8737
2025-02-02 00:00:00+00:00,652.91,662.999,649.179,649.954,491.3137
2025-02-02 04:00:00+00:00,649.917,659.346,649.501,653.215,415.5328
2025-02-02 08:00:00+00:00,653.334,658.161,646.076,646.983,398.5974
2025-02-02 12:00:00+00:00,646.909,651.8,641.088,645.632,692.5417
2025-02-02 16:00:00+00:00,645.632,645.765,610.113,624.431,2545.2927
2025-02-02 20:00:00+00:00,624.469,629.919,599.65,618.056,2049.36598447
2025-02-03 00:00:00+00:00,618.057,619.106,496.391,553.085,15519.591
2025-02-03 04:00:00+00:00,553.156,578.51,541.794,578.171,2224.3267
2025-02-03 08:00:00+00:00,578.039,582.174,566.571,576.117,2088.5719
2025-02-03 12:00:00+00:00,576.288,593.964,557.867,588.439,3952.5579
2025-02-03 16:00:00+00:00,588.305,611.239,586.342,610.749,2810.4892
2025-02-03 20:00:00+00:00,610.831,619.072,598.221,616.882,1710.2478
2025-02-04 00:00:00+00:00,617.12,618.903,600.11,601.61,1180.1621
2025-02-04 04:00:00+00:00,601.61,605.303,568.058,568.952,1870.9535
2025-02-04 08:00:00+00:00,568.848,586.919,564.153,583.058,1509.9035
2025-02-04 12:00:00+00:00,583.277,590.909,574.663,582.397,1728.7598
2025-02-04 16:00:00+00:00,582.397,587.64,575.411,575.411,1566.9086
2025-02-04 20:00:00+00:00,575.517,578.175,558.01,572.745,1963.8724
2025-02-05 00:00:00+00:00,572.745,576.998,567.401,574.75,690.24898963
2025-02-05 04:00:00+00:00,574.798,579.789,570.562,573.638,697.135
2025-02-05 08:00:00+00:00,573.418,575.603,568.239,574.956,553.9756
2025-02-05 12:00:00+00:00,574.957,578.543,569.772,570.249,767.1236
2025-02-05 16:00:00+00:00,570.249,571.648,561.295,570.246,1145.7836
2025-02-05 20:00:00+00:00,570.383,572.163,565.354,569.474,676.9332
2025-02-06 00:00:00+00:00,569.473,578.229,568.911,576.374,715.9842
2025-02-06 04:00:00+00:00,576.854,581.752,575.745,578.683,527.3738
2025-02-06 08:00:00+00:00,578.863,581.199,575.522,578.739,501.928
2025-02-06 12:00:00+00:00,578.738,589.713,569.651,572.076,2679.4431
2025-02-06 16:00:00+00:00,572.421,579.832,571.563,574.877,1488.8214
2025-02-06 20:00:00+00:00,574.877,581.979,570.609,571.705,1461.34096369
2025-02-07 00:00:00+00:00,571.584,582.457,571.137,579.658,574.54049903
2025-02-07 04:00:00+00:00,579.601,583.149,573.225,581.802,543.6412
2025-02-07 08:00:00+00:00,581.648,588.409,580.369,584.448,1136.5149
2025-02-07 12:00:00+00:00,584.419,589.837,579.878,582.893,1252.40539876
2025-02-07 16:00:00+00:00,582.954,586.454,579.621,581.437,927.46649987
2025-02-07 20:00:00+00:00,581.145,581.212,570.528,577.662,408.66
2025-02-08 00:00:00+00:00,577.556,580.119,573.78,577.045,459.8732
2025-02-08 04:00:00+00:00,577.123,580.747,576.451,579.848,558.49939994
2025-02-08 08:00:00+00:00,579.873,582.705,577.4,582.477,1107.9703
2025-02-08 12:00:00+00:00,582.472,606.714,582.16,596.695,2038.56469133
2025-02-08 16:00:00+00:00,596.711,632.182,596.087,625.074,3680.0839
2025-02-08 20:00:00+00:00,625.073,633.773,612.381,612.381,1466.8164
2025-02-09 00:00:00+00:00,612.884,618.027,610.516,615.996,917.1353
2025-02-09 04:00:00+00:00,616.027,638.887,610.746,637.314,2144.0869
2025-02-09 08:00:00+00:00,637.248,648.697,628.009,629.814,6937.68
2025-02-09 12:00:00+00:00,629.716,631.317,618.465,624.295,2910.2874
2025-02-09 16:00:00+00:00,624.301,628.238,615.578,617.448,1092.6949
2025-02-09 20:00:00+00:00,617.64,620.53,602.48,615.839,1059.52379931
2025-02-10 00:00:00+00:00,615.747,622.392,596.439,606.658,2771.9004
2025-02-10 04:00:00+00:00,606.27,613.092,605.226,608.575,1538.68
2025-02-10 08:00:00+00:00,608.204,610.458,602.737,606.324,986.1824
2025-02-10 12:00:00+00:00,606.365,609.676,601.73,602.995,891.8373
2025-02-10 16:00:00+00:00,603.348,615.366,603.038,611.952,1642.9983
2025-02-10 20:00:00+00:00,612.102,618.903,609.921,618.49,462.777
2025-02-11 00:00:00+00:00,618.64,626.695,615.165,622.733,1177.5515
2025-02-11 04:00:00+00:00,622.458,644.54,620.255,636.964,2794.2698
2025-02-11 08:00:00+00:00,637.127,645.999,637.127,643.538,845.2877
2025-02-11 12:00:00+00:00,643.363,643.892,628.541,637.709,1301.4206
2025-02-11 16:00:00+00:00,637.642,637.642,626.012,628.402,955.2207
2025-02-11 20:00:00+00:00,628.388,646.588,627.867,642.211,1100.3153411
2025-02-12 00:00:00+00:00,641.918,647.3,631.664,632.088,727.7451
2025-02-12 04:00:00+00:00,631.922,639.226,626.911,636.776,516.3601
2025-02-12 08:00:00+00:00,637.021,653.734,636.647,646.669,1378.8082
2025-02-12 12:00:00+00:00,646.405,663.47,633.444,658.822,2378.9421
2025-02-12 16:00:00+00:00,659.003,694.161,655.52,693.296,7525.50339988
2025-02-12 20:00:00+00:00,693.217,705.853,692.686,696.87,4637.98552977
2025-02-13 00:00:00+00:00,696.923,746.92,695.228,717.255,3674.5459
2025-02-13 04:00:00+00:00,717.343,721.868,700.894,705.839,2338.0692
2025-02-13 08:00:00+00:00,706.039,712.172,695.141,710.549,2719.8303
2025-02-13 12:00:00+00:00,710.584,732.922,685.108,706.52,16648.1081
2025-02-13 16:00:00+00:00,706.362,709.065,658.241,667.48,12949.06043966
2025-02-13 20:00:00+00:00,668.047,679.981,664.133,664.715,3357.9326
2025-02-14 00:00:00+00:00,664.92,684.148,660.374,682.978,2103.99651406
2025-02-14 04:00:00+00:00,682.871,684.577,665.433,668.447,1514.5193
2025-02-14 08:00:00+00:00,668.446,679.651,662.001,664.301,2709.9361
2025-02-14 12:00:00+00:00,664.114,669.688,660.345,665.11,1730.9428
2025-02-14 16:00:00+00:00,664.87,673.733,661.901,668.521,2835.49914403
2025-02-14 20:00:00+00:00,668.646,669.8,651.73,659.73,2128.635
2025-02-15 00:00:00+00:00,659.396,663.837,653.511,661.007,843.6847
2025-02-15 04:00:00+00:00,661.048,661.886,655.758,657.252,1120.7601604
2025-02-15 08:00:00+00:00,657.29,660.169,654.115,659.077,877.4692
2025-02-15 12:00:00+00:00,658.797,666.523,656.679,666.328,1146.3478
2025-02-15 16:00:00+00:00,666.58,671.335,661.086,662.037,1169.7667
2025-02-15 20:00:00+00:00,662.321,663.945,656.893,661.897,800.2972
2025-02-16 00:00:00+00:00,661.263,665.603,655.738,659.847,586.2246
2025-02-16 04:00:00+00:00,659.782,662.0,653.97,654.47,686.8757
2025-02-16 08:00:00+00:00,654.371,670.574,653.451,669.191,1285.45
2025-02-16 12:00:00+00:00,669.511,685.396,662.385,681.014,1762.6651
2025-02-16 16:00:00+00:00,680.877,681.015,670.266,676.138,943.1829
2025-02-16 20:00:00+00:00,675.963,680.938,673.12,673.213,555.2923
2025-02-17 00:00:00+00:00,673.12,678.019,669.125,672.721,592.6171
2025-02-17 04:00:00+00:00,671.501,677.5,665.668,670.009,526.0046
2025-02-17 08:00:00+00:00,670.102,674.0,665.843,672.272,1291.2861
2025-02-17 12:00:00+00:00,672.627,681.853,668.346,670.179,1716.4951
2025-02-17 16:00:00+00:00,669.97,673.379,657.677,662.729,1265.5552
2025-02-17 20:00:00+00:00,662.632,670.705,662.188,667.425,630.4354
2025-02-18 00:00:00+00:00,667.512,668.272,662.591,665.617,426.6989
2025-02-18 04:00:00+00:00,665.542,666.409,644.683,651.235,1018.9932
2025-02-18 08:00:00+00:00,651.269,656.341,642.986,655.714,772.4249
2025-02-18 12:00:00+00:00,655.344,662.45,646.516,648.318,1386.15954765
2025-02-18 16:00:00+00:00,648.27,651.704,629.817,640.634,2378.7525
2025-02-18 20:00:00+00:00,640.878,648.113,638.874,648.113,948.8626
2025-02-19 00:00:00+00:00,648.146,650.441,637.6,649.701,1630.92990098
2025-02-19 04:00:00+00:00,649.856,656.863,646.082,654.931,704.9746
2025-02-19 08:00:00+00:00,654.955,660.219,648.863,659.206,1005.2614
2025-02-19 12:00:00+00:00,659.302,664.188,648.871,652.687,1079.0089
2025-02-19 16:00:00+00:00,652.465,657.348,647.752,650.735,1573.4689
2025-02-19 20:00:00+00:00,650.712,655.096,648.861,653.795,1034.44625
2025-02-20 00:00:00+00:00,653.236,654.919,648.466,653.744,1034.5422
2025-02-20 04:00:00+00:00,653.727,655.071,645.863,648.663,987.8665
2025-02-20 08:00:00+00:00,648.639,650.944,646.807,647.972,1452.29880442
2025-02-20 12:00:00+00:00,648.031,654.227,645.768,647.702,711.2705
2025-02-20 16:00:00+00:00,647.995,657.559,647.575,656.268,900.0857
2025-02-20 20:00:00+00:00,656.244,658.82,653.344,656.051,922.0172
2025-02-21 00:00:00+00:00,656.159,657.098,650.851,651.407,403.8966
2025-02-21 04:00:00+00:00,651.135,655.526,650.419,655.526,389.5332
2025-02-21 08:00:00+00:00,655.435,664.932,654.935,661.912,777.6727
2025-02-21 12:00:00+00:00,661.859,667.949,648.83,657.393,1530.55005388
2025-02-21 16:00:00+00:00,657.928,662.355,635.001,639.801,1225.6142
2025-02-21 20:00:00+00:00,639.825,647.428,639.262,647.39,680.7688
2025-02-22 00:00:00+00:00,647.428,651.54,645.182,650.001,383.8263
2025-02-22 04:00:00+00:00,650.199,659.958,649.742,654.819,657.3873
2025-02-22 08:00:00+00:00,654.761,658.812,653.5,656.08,371.0867
2025-02-22 12:00:00+00:00,656.237,659.156,654.411,658.228,731.0302
2025-02-22 16:00:00+00:00,658.355,680.604,658.145,675.735,3451.1614
2025-02-22 20:00:00+00:00,675.942,678.515,667.122,668.298,1069.6058
2025-02-23 00:00:00+00:00,668.42,671.559,665.732,666.074,338.2144
2025-02-23 04:00:00+00:00,665.892,668.556,664.45,666.864,272.9256
2025-02-23 08:00:00+00:00,666.866,667.248,658.93,659.166,447.5075
2025-02-23 12:00:00+00:00,659.155,659.217,648.0,648.511,789.1279
2025-02-23 16:00:00+00:00,648.738,654.899,648.523,654.433,362.356
2025-02-23 20:00:00+00:00,654.447,659.38,652.186,657.926,441.4075
2025-02-24 00:00:00+00:00,658.298,659.199,643.232,645.144,679.9218
2025-02-24 04:00:00+00:00,644.969,646.551,637.363,644.444,525.9437
2025-02-24 08:00:00+00:00,644.444,644.869,635.765,640.027,922.2908
2025-02-24 12:00:00+00:00,640.03,643.83,630.737,635.486,802.0898
2025-02-24 16:00:00+00:00,635.527,639.66,622.575,628.251,1353.2982
2025-02-24 20:00:00+00:00,628.442,634.987,611.0,614.018,2222.8267
2025-02-25 00:00:00+00:00,613.967,621.271,604.6,606.847,1236.6129
2025-02-25 04:00:00+00:00,606.883,612.895,586.003,599.555,2004.8062
2025-02-25 08:00:00+00:00,599.445,613.869,594.469,611.12,2049.5522
2025-02-25 12:00:00+00:00,611.141,616.663,600.809,609.256,1540.972
2025-02-25 16:00:00+00:00,609.205,619.851,604.743,619.206,1407.306
2025-02-25 20:00:00+00:00,619.412,627.999,617.724,623.364,936.7782
2025-02-26 00:00:00+00:00,623.218,631.846,622.771,630.314,373.9939
2025-02-26 04:00:00+00:00,630.066,630.78,621.224,623.457,560.6493
2025-02-26 08:00:00+00:00,623.458,630.679,619.78,624.09,1138.7376
2025-02-26 12:00:00+00:00,624.375,626.154,609.252,623.649,915.3207
2025-02-26 16:00:00+00:00,623.876,625.0,595.642,601.825,1391.9917902
2025-02-26 20:00:00+00:00,601.868,617.999,594.138,611.568,1555.88899994
2025-02-27 00:00:00+00:00,611.591,616.12,606.24,613.321,390.8843
2025-02-27 04:00:00+00:00,613.185,619.578,608.61,617.824,507.354
2025-02-27 08:00:00+00:00,617.753,618.338,611.001,612.009,543.1086
2025-02-27 12:00:00+00:00,612.112,613.268,600.958,606.659,888.2469
2025-02-27 16:00:00+00:00,606.578,609.433,602.364,605.14,424.1711
2025-02-27 20:00:00+00:00,604.82,606.875,595.911,605.59,456.5093
2025-02-28 00:00:00+00:00,605.209,606.299,572.095,573.154,1539.04420375
2025-02-28 04:00:00+00:00,573.391,578.32,564.401,567.149,1319.0
2025-02-28 08:00:00+00:00,567.177,579.051,559.781,571.472,1620.5697
2025-02-28 12:00:00+00:00,571.317,593.446,568.021,588.518,1328.8279
2025-02-28 16:00:00+00:00,588.373,592.629,584.708,587.827,1168.7209
2025-02-28 20:00:00+00:00,587.712,588.91,584.03,587.9,370.6709
2025-03-01 00:00:00+00:00,587.956,598.369,586.301,591.839,901.9344
2025-03-01 04:00:00+00:00,591.829,596.929,591.678,595.766,548.2759
2025-03-01 08:00:00+00:00,595.86,596.493,591.442,591.555,434.455
2025-03-01 12:00:00+00:00,591.58,605.034,590.951,604.595,778.778
2025-03-01 16:00:00+00:00,604.596,608.988,602.961,605.086,535.5255
2025-03-01 20:00:00+00:00,605.125,609.347,604.041,607.923,195.7473
2025-03-02 00:00:00+00:00,607.79,611.095,605.803,607.373,198.7975
2025-03-02 04:00:00+00:00,607.325,611.428,607.324,610.346,240.0625
2025-03-02 08:00:00+00:00,610.426,611.114,606.889,608.26,370.0121
2025-03-02 12:00:00+00:00,608.117,618.87,601.739,613.478,976.421
2025-03-02 16:00:00+00:00,613.564,634.667,612.284,625.733,4192.7477
2025-03-02 20:00:00+00:00,625.558,627.126,615.18,623.866,776.1042
2025-03-03 00:00:00+00:00,623.981,624.152,607.901,610.966,821.22144325
2025-03-03 04:00:00+00:00,610.966,613.745,597.919,607.71,520.5997
2025-03-03 08:00:00+00:00,607.646,607.646,595.745,603.178,696.7452
2025-03-03 12:00:00+00:00,603.042,607.839,586.454,591.775,1110.8774
2025-03-03 16:00:00+00:00,591.938,597.68,571.51,572.865,1496.0221
2025-03-03 20:00:00+00:00,572.595,579.542,567.402,575.746,1447.1058
2025-03-04 00:00:00+00:00,576.023,580.119,546.479,560.638,2500.2224
2025-03-04 04:00:00+00:00,560.637,567.789,559.066,564.699,1161.4887
2025-03-04 08:00:00+00:00,564.855,572.239,563.426,571.248,802.27539976
2025-03-04 12:00:00+00:00,571.229,579.422,562.231,570.722,1162.3302
2025-03-04 16:00:00+00:00,570.729,583.348,555.375,583.348,1439.3398
2025-03-04 20:00:00+00:00,583.348,588.369,578.261,583.623,775.0312
2025-03-05 00:00:00+00:00,583.926,591.699,580.691,585.561,536.9986
2025-03-05 04:00:00+00:00,585.77,593.831,585.669,593.118,460.0886
2025-03-05 08:00:00+00:00,593.105,605.599,593.105,598.54,678.2921
2025-03-05 12:00:00+00:00,598.642,599.505,589.545,590.986,657.4326
2025-03-05 16:00:00+00:00,590.984,597.049,587.601,595.024,555.4675
2025-03-05 20:00:00+00:00,594.941,598.983,594.573,598.375,241.3707
2025-03-06 00:00:00+00:00,598.253,605.5,596.806,601.841,481.9423
2025-03-06 04:00:00+00:00,602.005,612.389,602.005,604.911,812.4557
2025-03-06 08:00:00+00:00,604.852,605.793,599.58,603.669,407.9228
2025-03-06 12:00:00+00:00,604.053,604.358,594.221,600.627,709.257
2025-03-06 16:00:00+00:00,600.478,600.948,589.497,593.456,597.6584
2025-03-06 20:00:00+00:00,593.486,601.2,593.102,596.363,459.1693
2025-03-07 00:00:00+00:00,596.576,600.325,577.291,593.586,1239.5932
2025-03-07 04:00:00+00:00,593.754,603.04,593.437,598.915,598.4106
2025-03-07 08:00:00+00:00,599.366,602.534,598.035,599.546,327.02999702
2025-03-07 12:00:00+00:00,599.587,610.151,597.62,604.077,1192.6659
2025-03-07 16:00:00+00:00,603.86,606.073,597.119,599.897,1076.9608
2025-03-07 20:00:00+00:00,599.919,601.529,590.3,594.541,697.0768
2025-03-08 00:00:00+00:00,594.726,596.999,590.059,596.162,469.8202
2025-03-08 04:00:00+00:00,595.982,599.849,595.472,596.819,230.5107
2025-03-08 08:00:00+00:00,596.819,598.397,592.662,594.076,330.1427
2025-03-08 12:00:00+00:00,594.239,599.628,593.241,599.628,392.0299
2025-03-08 16:00:00+00:00,599.561,602.767,595.55,598.274,392.9331997
2025-03-08 20:00:00+00:00,598.237,598.704,592.634,593.079,336.6059
2025-03-09 00:00:00+00:00,592.915,592.915,586.631,588.452,212.0914
2025-03-09 04:00:00+00:00,588.395,588.702,584.03,586.038,144.1074
2025-03-09 08:00:00+00:00,585.963,586.537,575.561,578.279,275.0232
2025-03-09 12:00:00+00:00,578.254,578.78,566.151,566.916,951.0444
2025-03-09 16:00:00+00:00,566.774,570.639,550.347,560.493,1481.8583
2025-03-09 20:00:00+00:00,560.567,563.163,550.059,553.913,760.20879947
2025-03-10 00:00:00+00:00,554.784,563.109,550.121,560.309,957.7277
2025-03-10 04:00:00+00:00,560.484,566.77,560.484,564.756,338.0694
2025-03-10 08:00:00+00:00,564.76,573.269,559.05,567.121,700.0017
2025-03-10 12:00:00+00:00,567.465,569.846,541.496,550.233,1500.6725
2025-03-10 16:00:00+00:00,550.531,550.98,523.16,537.719,2647.0469
2025-03-10 20:00:00+00:00,537.688,541.3,531.032,531.192,844.0814
2025-03-11 00:00:00+00:00,531.812,538.94,507.416,533.379,2648.5361
2025-03-11 04:00:00+00:00,533.234,558.701,532.711,558.199,1687.6656
2025-03-11 08:00:00+00:00,558.15,565.919,546.513,548.194,2658.39993469
2025-03-11 12:00:00+00:00,548.313,554.533,537.267,548.801,1704.20729929
2025-03-11 16:00:00+00:00,548.72,561.0,545.321,555.885,869.5395
2025-03-11 20:00:00+00:00,555.758,557.478,551.161,551.717,493.5305
2025-03-12 00:00:00+00:00,551.611,556.995,546.628,546.769,543.4895
2025-03-12 04:00:00+00:00,546.906,556.217,544.56,555.758,482.097
2025-03-12 08:00:00+00:00,555.742,560.126,554.254,558.916,634.96589319
2025-03-12 12:00:00+00:00,559.016,574.574,548.358,552.389,3772.201
2025-03-12 16:00:00+00:00,552.163,567.657,551.504,566.722,810.6419
2025-03-12 20:00:00+00:00,566.628,574.825,566.241,569.73,747.3494
2025-03-13 00:00:00+00:00,570.05,577.705,568.0,577.274,676.7872
2025-03-13 04:00:00+00:00,577.245,582.183,574.125,578.621,520.4167
2025-03-13 08:00:00+00:00,578.533,582.7,573.207,578.571,781.820218
2025-03-13 12:00:00+00:00,578.516,613.107,576.28,581.489,8823.8413
2025-03-13 16:00:00+00:00,581.518,583.468,571.804,577.244,981.9892
2025-03-13 20:00:00+00:00,577.278,579.94,571.466,579.914,500.7381
2025-03-14 00:00:00+00:00,579.933,584.828,578.118,582.743,461.6538
2025-03-14 04:00:00+00:00,582.549,586.754,576.751,576.751,310.6713
2025-03-14 08:00:00+00:00,576.751,581.11,576.751,578.733,344.7273
2025-03-14 12:00:00+00:00,578.757,588.738,577.599,584.552,1116.1911
2025-03-14 16:00:00+00:00,584.579,589.496,581.847,588.687,591.4277
2025-03-14 20:00:00+00:00,588.195,589.699,584.931,587.423,546.0765
2025-03-15 00:00:00+00:00,587.908,594.498,587.908,593.316,390.45143
2025-03-15 04:00:00+00:00,593.66,595.174,589.758,590.498,344.2771
2025-03-15 08:00:00+00:00,590.66,597.733,590.66,596.179,331.21296081
2025-03-15 12:00:00+00:00,595.869,603.321,595.546,602.694,348.6327
2025-03-15 16:00:00+00:00,602.876,616.338,602.045,611.51,868.8679
2025-03-15 20:00:00+00:00,611.461,619.78,611.461,619.518,605.4676
2025-03-16 00:00:00+00:00,619.575,622.769,607.143,609.531,938.7127
2025-03-16 04:00:00+00:00,609.248,609.572,604.681,605.045,223.81625453
2025-03-16 08:00:00+00:00,605.12,608.135,593.1,595.179,696.4033
2025-03-16 12:00:00+00:00,595.302,603.669,594.308,600.81,832.1869
2025-03-16 16:00:00+00:00,600.788,607.393,596.075,598.539,619.8212
2025-03-16 20:00:00+00:00,598.796,603.787,597.291,602.412,388.2202
2025-03-17 00:00:00+00:00,602.188,629.421,602.052,625.573,999.5102
2025-03-17 04:00:00+00:00,625.673,634.146,621.698,629.431,1479.52
2025-03-17 08:00:00+00:00,629.693,643.729,628.801,630.83,1754.1933
2025-03-17 12:00:00+00:00,630.851,635.367,624.11,630.178,2517.475
2025-03-17 16:00:00+00:00,629.978,631.605,624.742,628.539,1036.6969
2025-03-17 20:00:00+00:00,628.412,632.45,622.546,631.591,1350.4602
2025-03-18 00:00:00+00:00,630.687,636.864,620.387,628.422,1802.9101
2025-03-18 04:00:00+00:00,628.153,637.51,627.967,633.473,1421.8635
2025-03-18 08:00:00+00:00,633.348,643.803,629.868,631.153,1922.5887
2025-03-18 12:00:00+00:00,631.082,634.085,622.201,627.687,1637.9633
2025-03-18 16:00:00+00:00,628.022,635.409,627.817,632.281,960.0289
2025-03-18 20:00:00+00:00,632.149,632.774,626.669,627.934,604.2156
2025-03-19 00:00:00+00:00,627.797,627.986,612.878,618.92,936.6604
2025-03-19 04:00:00+00:00,618.601,619.671,615.451,615.578,626.7318
2025-03-19 08:00:00+00:00,615.668,621.69,613.036,617.284,1084.6234
2025-03-19 12:00:00+00:00,617.127,617.758,604.304,609.738,1959.7394
2025-03-19 16:00:00+00:00,609.775,622.613,607.52,615.496,2276.96153343
2025-03-19 20:00:00+00:00,615.496,620.882,613.054,618.67,639.6846
2025-03-20 00:00:00+00:00,618.707,628.373,617.53,624.862,992.0723
2025-03-20 04:00:00+00:00,624.898,629.149,623.407,624.248,774.8783
2025-03-20 08:00:00+00:00,624.206,637.394,620.721,626.491,2508.6082
2025-03-20 12:00:00+00:00,626.496,630.435,621.281,623.869,1255.6545
2025-03-20 16:00:00+00:00,623.901,628.559,616.424,627.047,1065.1564
2025-03-20 20:00:00+00:00,626.834,632.4,624.847,630.705,858.9155
2025-03-21 00:00:00+00:00,630.317,631.81,626.679,629.893,552.2039
2025-03-21 04:00:00+00:00,630.121,634.191,628.93,629.424,587.8454
2025-03-21 08:00:00+00:00,629.624,636.628,625.046,635.794,846.8886
2025-03-21 12:00:00+00:00,635.406,638.032,630.671,634.537,2199.4604
2025-03-21 16:00:00+00:00,634.646,637.458,631.811,635.343,1029.7705
2025-03-21 20:00:00+00:00,635.126,636.017,631.646,634.968,806.189
2025-03-22 00:00:00+00:00,635.127,636.017,628.898,630.348,835.5327
2025-03-22 04:00:00+00:00,630.199,633.638,627.883,631.247,508.0668
2025-03-22 08:00:00+00:00,631.239,633.6,625.781,628.069,1158.83759598
2025-03-22 12:00:00+00:00,627.844,629.237,623.945,626.012,392.8001
2025-03-22 16:00:00+00:00,625.845,627.096,624.001,626.087,237.0153
2025-03-22 20:00:00+00:00,625.968,629.0,624.731,627.011,403.2544
2025-03-23 00:00:00+00:00,627.018,629.259,622.757,623.924,568.3362
2025-03-23 04:00:00+00:00,623.858,624.256,622.206,622.779,264.43827965
2025-03-23 08:00:00+00:00,622.666,624.162,619.721,621.459,471.7928
2025-03-23 12:00:00+00:00,621.49,624.399,620.467,621.177,645.8826
2025-03-23 16:00:00+00:00,621.267,623.837,619.443,622.845,580.197
2025-03-23 20:00:00+00:00,623.137,624.192,620.322,623.61,500.1405
2025-03-24 00:00:00+00:00,623.613,627.149,617.83,622.86,649.0663
2025-03-24 04:00:00+00:00,623.337,625.897,620.487,623.349,797.7663
2025-03-24 08:00:00+00:00,623.175,631.941,622.711,630.592,742.773
2025-03-24 12:00:00+00:00,630.913,632.225,624.543,630.925,877.2042
2025-03-24 16:00:00+00:00,630.942,639.431,629.837,636.416,868.786
2025-03-24 20:00:00+00:00,636.154,638.435,632.486,637.186,416.6517
2025-03-25 00:00:00+00:00,637.202,642.084,633.131,640.061,701.8035
2025-03-25 04:00:00+00:00,639.644,644.76,638.607,641.351,1044.9224
2025-03-25 08:00:00+00:00,641.326,643.49,633.43,634.471,1304.5929
2025-03-25 12:00:00+00:00,634.85,635.538,630.888,633.94,834.4475
2025-03-25 16:00:00+00:00,633.852,633.972,629.986,631.254,527.1770528
2025-03-25 20:00:00+00:00,631.205,632.5,627.106,629.955,330.0955
2025-03-26 00:00:00+00:00,630.059,631.858,627.709,628.074,264.3475
2025-03-26 04:00:00+00:00,627.993,634.028,627.993,633.422,250.0873
2025-03-26 08:00:00+00:00,633.422,633.728,630.049,631.111,264.0199
2025-03-26 12:00:00+00:00,631.41,631.431,623.21,624.46,650.7793
2025-03-26 16:00:00+00:00,624.3,624.938,615.184,618.35,405.3517
2025-03-26 20:00:00+00:00,618.394,621.0,615.607,617.862,832.3155
2025-03-27 00:00:00+00:00,617.923,626.795,617.327,626.624,401.1369
2025-03-27 04:00:00+00:00,626.648,637.178,625.134,635.208,759.8361
2025-03-27 08:00:00+00:00,635.268,642.134,632.594,632.671,2401.1354
2025-03-27 12:00:00+00:00,632.766,639.735,626.004,636.869,1739.2966
2025-03-27 16:00:00+00:00,636.803,641.671,635.231,639.467,1079.5527
2025-03-27 20:00:00+00:00,639.765,640.607,636.59,637.152,588.8331
2025-03-28 00:00:00+00:00,637.029,637.307,632.219,633.436,571.7481
2025-03-28 04:00:00+00:00,633.138,634.959,627.769,628.597,861.3148
2025-03-28 08:00:00+00:00,628.423,633.908,626.361,633.585,815.6061
2025-03-28 12:00:00+00:00,633.464,633.644,623.831,625.638,769.9562
2025-03-28 16:00:00+00:00,625.303,627.097,619.141,619.141,595.0186
2025-03-28 20:00:00+00:00,619.338,620.625,615.908,619.58,405.0797
2025-03-29 00:00:00+00:00,619.684,623.45,609.142,612.867,577.4596
2025-03-29 04:00:00+00:00,612.882,613.961,603.135,607.628,740.5094
2025-03-29 08:00:00+00:00,607.667,610.68,599.131,601.177,937.6801803
2025-03-29 12:00:00+00:00,601.001,608.44,599.759,604.555,555.9171
2025-03-29 16:00:00+00:00,604.779,607.186,597.02,605.441,1627.7395
2025-03-29 20:00:00+00:00,605.46,605.695,600.88,602.724,350.4094
2025-03-30 00:00:00+00:00,603.029,613.232,600.501,609.05,369.9594
2025-03-30 04:00:00+00:00,608.954,612.459,606.06,606.59,366.0831
2025-03-30 08:00:00+00:00,606.879,610.329,604.065,605.012,529.2304
2025-03-30 12:00:00+00:00,604.779,606.73,601.128,601.955,482.3025
2025-03-30 16:00:00+00:00,602.005,605.904,598.108,603.84,562.3465
2025-03-30 20:00:00+00:00,603.877,604.106,593.697,601.612,447.0704
2025-03-31 00:00:00+00:00,602.21,606.63,595.438,599.307,541.3287
2025-03-31 04:00:00+00:00,599.306,604.598,594.434,595.959,601.7033278
2025-03-31 08:00:00+00:00,595.959,597.819,587.242,595.5,776.0237
2025-03-31 12:00:00+00:00,595.469,606.744,593.757,604.191,1427.8533
2025-03-31 16:00:00+00:00,604.625,608.938,602.935,605.547,878.0281
2025-03-31 20:00:00+00:00,605.524,607.23,603.274,604.89,490.0123
2025-04-01 00:00:00+00:00,604.771,609.64,604.492,608.954,492.857
2025-04-01 04:00:00+00:00,609.087,611.336,606.755,610.188,196.2278
2025-04-01 08:00:00+00:00,610.347,618.399,606.505,607.622,766.7834
2025-04-01 12:00:00+00:00,607.744,617.598,607.565,615.203,1189.3657
2025-04-01 16:00:00+00:00,615.214,615.659,606.925,608.53,1172.9444
2025-04-01 20:00:00+00:00,608.806,614.94,607.718,611.164,632.4622
2025-04-02 00:00:00+00:00,611.242,611.603,600.721,601.281,491.6987
2025-04-02 04:00:00+00:00,601.554,602.043,596.833,600.899,574.8671
2025-04-02 08:00:00+00:00,601.06,606.455,599.662,599.82,554.1969
2025-04-02 12:00:00+00:00,599.839,610.049,598.615,603.911,1190.9626
2025-04-02 16:00:00+00:00,604.581,607.752,601.838,605.606,806.7699
2025-04-02 20:00:00+00:00,605.434,612.323,585.0,590.386,1804.369
2025-04-03 00:00:00+00:00,590.523,610.05,588.182,601.052,944.2285
2025-04-03 04:00:00+00:00,601.341,609.11,598.914,600.028,881.64239502
2025-04-03 08:00:00+00:00,600.029,602.289,592.721,593.049,876.7165
2025-04-03 12:00:00+00:00,592.807,594.313,578.576,586.311,929.0956
2025-04-03 16:00:00+00:00,586.087,589.88,585.791,588.378,538.3908
2025-04-03 20:00:00+00:00,588.392,593.138,587.666,592.643,349.9467
2025-04-04 00:00:00+00:00,592.652,594.399,589.077,593.351,246.343
2025-04-04 04:00:00+00:00,593.345,598.89,591.241,598.197,367.108
2025-04-04 08:00:00+00:00,598.309,599.784,585.082,588.766,591.1767
2025-04-04 12:00:00+00:00,588.723,597.432,585.481,594.03,842.4104
2025-04-04 16:00:00+00:00,594.33,599.274,592.097,597.349,482.3238
2025-04-04 20:00:00+00:00,597.177,600.001,596.196,597.846,253.8633
2025-04-05 00:00:00+00:00,597.679,598.879,594.972,595.921,335.9898
2025-04-05 04:00:00+00:00,595.923,597.208,593.213,595.56,291.7416
2025-04-05 08:00:00+00:00,595.63,598.711,595.17,596.913,229.6617
2025-04-05 12:00:00+00:00,596.932,597.246,590.783,591.961,508.3363
2025-04-05 16:00:00+00:00,591.866,593.635,590.78,590.906,544.3932
2025-04-05 20:00:00+00:00,591.134,594.16,588.931,593.182,219.6952
2025-04-06 00:00:00+00:00,592.921,593.765,590.161,591.968,195.5344
2025-04-06 04:00:00+00:00,591.852,593.461,590.294,590.294,294.8559
2025-04-06 08:00:00+00:00,590.281,590.659,587.215,589.139,398.849
2025-04-06 12:00:00+00:00,588.99,589.172,579.249,581.221,567.6015
2025-04-06 16:00:00+00:00,580.952,580.959,552.075,558.843,1528.07917556
2025-04-06 20:00:00+00:00,558.482,560.145,544.516,555.735,1362.9915
2025-04-07 00:00:00+00:00,555.656,565.477,545.759,550.331,1043.13357899
2025-04-07 04:00:00+00:00,550.476,553.668,514.181,530.12,2972.53849968
2025-04-07 08:00:00+00:00,530.035,548.47,529.126,539.952,1392.8754
2025-04-07 12:00:00+00:00,540.317,567.645,539.817,552.208,3453.66199868
2025-04-07 16:00:00+00:00,551.765,557.04,546.586,553.65,1179.2358
2025-04-07 20:00:00+00:00,553.748,559.78,553.748,554.599,399.7137
2025-04-08 00:00:00+00:00,554.589,565.231,553.393,561.576,652.8432
2025-04-08 04:00:00+00:00,561.775,565.475,556.446,560.07,779.4812
2025-04-08 08:00:00+00:00,560.069,563.868,555.401,563.704,552.077
2025-04-08 12:00:00+00:00,563.91,565.699,556.532,559.56,562.3442
2025-04-08 16:00:00+00:00,559.505,561.551,547.73,552.575,928.2192
2025-04-08 20:00:00+00:00,552.843,558.312,551.739,553.614,578.5951
2025-04-09 00:00:00+00:00,553.736,554.61,534.516,542.77,1084.395
2025-04-09 04:00:00+00:00,542.77,557.645,541.801,556.544,488.0868
2025-04-09 08:00:00+00:00,556.677,559.6,549.289,550.475,585.2409
2025-04-09 12:00:00+00:00,550.259,563.763,549.073,561.345,633.20250108
2025-04-09 16:00:00+00:00,561.346,585.969,561.175,579.657,2243.48646256
2025-04-09 20:00:00+00:00,579.792,584.629,579.257,582.447,423.0345
2025-04-10 00:00:00+00:00,582.43,582.465,572.194,575.285,453.5742
2025-04-10 04:00:00+00:00,575.258,580.32,574.699,579.399,331.5436
2025-04-10 08:00:00+00:00,579.4,583.459,574.405,575.333,1259.1187
2025-04-10 12:00:00+00:00,575.334,581.024,566.958,568.373,1690.12839874
2025-04-10 16:00:00+00:00,568.281,576.764,566.189,575.033,1116.2854
2025-04-10 20:00:00+00:00,575.118,578.274,574.186,577.998,268.487
2025-04-11 00:00:00+00:00,577.976,580.469,575.828,580.019,505.6208
2025-04-11 04:00:00+00:00,579.967,582.267,578.268,581.481,425.7124
2025-04-11 08:00:00+00:00,581.539,585.025,579.325,583.005,600.48282399
2025-04-11 12:00:00+00:00,583.132,585.78,580.697,585.176,1011.6955
2025-04-11 16:00:00+00:00,585.176,590.191,583.835,588.052,1352.3662
2025-04-11 20:00:00+00:00,587.955,589.579,585.874,586.059,435.2667
2025-04-12 00:00:00+00:00,585.943,590.24,584.595,584.94,506.7716
2025-04-12 04:00:00+00:00,584.986,589.136,584.116,588.755,214.4683
2025-04-12 08:00:00+00:00,588.754,591.413,588.579,590.243,420.6067
2025-04-12 12:00:00+00:00,590.314,600.324,589.454,599.044,674.1682
2025-04-12 16:00:00+00:00,599.295,599.884,594.84,596.299,403.0341
2025-04-12 20:00:00+00:00,596.211,599.681,596.211,597.328,278.8757
2025-04-13 00:00:00+00:00,597.254,598.484,593.165,595.954,229.2685
2025-04-13 04:00:00+00:00,595.918,595.918,591.051,593.299,209.9443
2025-04-13 08:00:00+00:00,593.261,594.601,587.284,588.087,439.548
2025-04-13 12:00:00+00:00,588.361,588.986,583.532,584.289,868.2221
2025-04-13 16:00:00+00:00,584.135,589.256,580.44,582.708,495.4046
2025-04-13 20:00:00+00:00,582.725,585.194,580.913,584.198,339.0252
2025-04-14 00:00:00+00:00,584.278,590.884,583.835,588.295,389.1664
2025-04-14 04:00:00+00:00,588.295,591.227,587.139,590.824,485.9695
2025-04-14 08:00:00+00:00,590.863,593.0,588.755,592.785,882.5112
2025-04-14 12:00:00+00:00,592.913,593.084,585.722,585.982,1123.6337
2025-04-14 16:00:00+00:00,585.982,587.98,583.168,587.403,441.5249
2025-04-14 20:00:00+00:00,587.438,587.565,584.208,584.523,280.6355
2025-04-15 00:00:00+00:00,584.538,587.59,582.8,587.546,201.862
2025-04-15 04:00:00+00:00,587.586,590.075,586.134,589.516,365.282
2025-04-15 08:00:00+00:00,589.515,591.038,587.633,588.638,343.3656
2025-04-15 12:00:00+00:00,588.637,590.264,584.031,584.201,591.7861
2025-04-15 16:00:00+00:00,584.538,585.504,582.073,583.583,476.9409
2025-04-15 20:00:00+00:00,583.583,583.583,579.391,579.618,380.0043
2025-04-16 00:00:00+00:00,579.42,583.869,576.148,583.244,276.2642
2025-04-16 04:00:00+00:00,583.244,584.16,577.849,578.269,269.5229
2025-04-16 08:00:00+00:00,578.337,582.727,577.071,582.18,433.6802
2025-04-16 12:00:00+00:00,582.27,585.444,579.001,583.482,689.6358
2025-04-16 16:00:00+00:00,583.524,586.709,576.61,584.699,770.5762
2025-04-16 20:00:00+00:00,584.665,585.748,582.674,582.999,409.2265
2025-04-17 00:00:00+00:00,582.85,584.76,581.141,581.983,150.0649
2025-04-17 04:00:00+00:00,581.932,584.724,581.726,583.635,209.4879
2025-04-17 08:00:00+00:00,583.669,586.78,582.485,586.001,427.0335
2025-04-17 12:00:00+00:00,586.39,590.299,584.256,589.725,380.4295
2025-04-17 16:00:00+00:00,589.89,592.97,588.627,590.863,658.3434
2025-04-17 20:00:00+00:00,590.812,592.546,589.302,590.496,650.34
2025-04-18 00:00:00+00:00,590.443,590.992,588.053,590.749,224.5259
2025-04-18 04:00:00+00:00,590.481,590.481,587.2,588.618,327.0983
2025-04-18 08:00:00+00:00,588.755,591.903,587.723,591.797,521.8276
2025-04-18 12:00:00+00:00,591.792,594.169,590.863,593.674,324.6881
2025-04-18 16:00:00+00:00,593.673,595.848,591.909,592.518,323.0827
2025-04-18 20:00:00+00:00,592.482,594.656,591.821,591.906,211.2337
2025-04-19 00:00:00+00:00,592.048,593.635,591.311,593.302,500.2455
2025-04-19 04:00:00+00:00,593.254,594.327,591.713,592.971,235.3669
2025-04-19 08:00:00+00:00,592.829,593.325,589.86,590.901,346.0149
2025-04-19 12:00:00+00:00,591.02,591.095,588.053,589.317,224.9014
2025-04-19 16:00:00+00:00,589.381,591.342,587.788,591.063,271.0684
2025-04-19 20:00:00+00:00,591.046,593.4,590.518,591.685,201.2377
2025-04-20 00:00:00+00:00,591.872,593.634,591.732,592.572,198.0621
2025-04-20 04:00:00+00:00,592.525,594.96,591.893,593.917,287.5281
2025-04-20 08:00:00+00:00,594.06,595.335,588.001,590.161,1818.4408
2025-04-20 12:00:00+00:00,590.181,592.269,588.03,588.37,307.6843
2025-04-20 16:00:00+00:00,588.12,590.15,587.46,589.885,195.5454
2025-04-20 20:00:00+00:00,589.76,593.077,589.599,592.753,276.8596
2025-04-21 00:00:00+00:00,592.735,603.039,592.494,602.068,1176.6589
2025-04-21 04:00:00+00:00,602.279,608.292,602.274,604.311,335.2893
2025-04-21 08:00:00+00:00,604.425,606.199,600.231,600.712,613.9554
2025-04-21 12:00:00+00:00,600.766,605.279,600.307,603.993,515.7063
2025-04-21 16:00:00+00:00,604.061,604.618,594.49,597.891,397.75025
2025-04-21 20:00:00+00:00,597.862,597.888,595.072,597.363,509.67389457
2025-04-22 00:00:00+00:00,597.188,602.71,594.865,599.874,350.4107
2025-04-22 04:00:00+00:00,599.713,604.835,598.968,604.356,578.5389
2025-04-22 08:00:00+00:00,604.4,607.253,604.4,605.742,414.9782
2025-04-22 12:00:00+00:00,605.645,612.049,605.185,609.712,768.0108
2025-04-22 16:00:00+00:00,609.8,611.025,606.54,608.075,419.538
2025-04-22 20:00:00+00:00,608.174,619.96,607.079,618.631,568.0113
2025-04-23 00:00:00+00:00,619.081,619.974,612.46,615.184,528.8279
2025-04-23 04:00:00+00:00,615.284,619.9,613.267,617.892,436.1587
2025-04-23 08:00:00+00:00,617.86,617.86,609.165,611.436,695.55096706
2025-04-23 12:00:00+00:00,611.436,614.218,602.767,606.797,1580.7148
2025-04-23 16:00:00+00:00,606.428,608.455,602.466,602.693,665.8691
2025-04-23 20:00:00+00:00,602.695,607.826,601.62,605.876,395.9316
2025-04-24 00:00:00+00:00,606.044,606.866,601.956,603.987,394.0254
2025-04-24 04:00:00+00:00,604.273,606.63,602.012,603.069,327.9388
2025-04-24 08:00:00+00:00,603.048,604.799,592.85,597.458,679.1307
2025-04-24 12:00:00+00:00,597.687,600.676,595.795,598.254,713.3019
2025-04-24 16:00:00+00:00,598.593,600.715,595.648,599.019,372.1378
2025-04-24 20:00:00+00:00,599.136,602.408,598.079,601.478,328.8003
2025-04-25 00:00:00+00:00,601.615,604.206,597.45,600.731,315.4388
2025-04-25 04:00:00+00:00,600.863,609.834,600.848,606.359,434.8248
2025-04-25 08:00:00+00:00,606.384,610.099,603.975,605.502,641.8041
2025-04-25 12:00:00+00:00,605.758,608.507,601.82,605.339,719.865
2025-04-25 16:00:00+00:00,605.534,606.656,602.288,604.647,342.78122968
2025-04-25 20:00:00+00:00,604.386,604.663,599.116,600.001,564.3969
2025-04-26 00:00:00+00:00,600.001,606.402,599.478,602.406,216.4402
2025-04-26 04:00:00+00:00,602.266,605.009,600.244,602.34,199.7736
2025-04-26 08:00:00+00:00,602.375,605.953,600.826,602.167,584.9423
2025-04-26 12:00:00+00:00,602.238,609.05,601.76,608.178,1012.9391
2025-04-26 16:00:00+00:00,608.357,609.229,606.871,608.356,192.8975
2025-04-26 20:00:00+00:00,608.653,609.208,606.559,607.266,123.7991
2025-04-27 00:00:00+00:00,607.281,608.757,600.231,602.773,333.8479
2025-04-27 04:00:00+00:00,602.573,602.573,597.166,599.913,222.5134
2025-04-27 08:00:00+00:00,599.942,601.121,598.835,600.35,308.3138
2025-04-27 12:00:00+00:00,600.461,601.324,597.485,599.478,257.6877
2025-04-27 16:00:00+00:00,599.635,606.197,597.729,605.524,340.4888
2025-04-27 20:00:00+00:00,605.737,606.9,602.801,603.676,203.0109
2025-04-28 00:00:00+00:00,603.676,605.949,598.511,604.059,369.2839
2025-04-28 04:00:00+00:00,604.027,606.96,603.646,605.35,281.7958
2025-04-28 08:00:00+00:00,605.318,608.215,603.135,607.445,319.188
2025-04-28 12:00:00+00:00,607.867,608.04,599.17,600.954,367.0823
2025-04-28 16:00:00+00:00,600.938,605.429,599.041,604.833,247.3177
2025-04-28 20:00:00+00:00,604.883,606.696,603.326,606.39,267.712
2025-04-29 00:00:00+00:00,606.428,607.555,603.808,606.859,324.9472
2025-04-29 04:00:00+00:00,606.823,610.703,605.678,609.846,320.1805
2025-04-29 08:00:00+00:00,610.047,610.395,602.501,603.719,357.0256
2025-04-29 12:00:00+00:00,603.783,604.203,601.015,601.685,508.0058
2025-04-29 16:00:00+00:00,601.861,604.544,600.788,603.105,1108.6185
2025-04-29 20:00:00+00:00,602.977,602.977,598.25,601.047,318.8357
2025-04-30 00:00:00+00:00,600.949,603.8,600.008,603.709,417.0055
2025-04-30 04:00:00+00:00,603.8,604.4,602.179,603.166,238.051
2025-04-30 08:00:00+00:00,603.173,603.439,599.741,602.465,820.5675
2025-04-30 12:00:00+00:00,602.421,602.499,591.226,596.903,1006.9195
2025-04-30 16:00:00+00:00,596.79,598.959,594.361,598.005,623.6106
2025-04-30 20:00:00+00:00,598.043,600.039,598.043,599.712,284.5543
2025-05-01 00:00:00+00:00,599.506,602.32,599.237,599.237,677.7565
2025-05-01 04:00:00+00:00,599.297,601.228,598.81,599.946,538.2907
2025-05-01 08:00:00+00:00,599.774,605.201,599.773,603.715,860.3104
2025-05-01 12:00:00+00:00,603.586,605.0,601.141,602.74,694.5591
2025-05-01 16:00:00+00:00,602.693,603.986,600.138,600.602,533.8872
2025-05-01 20:00:00+00:00,600.689,600.788,598.22,599.683,334.7801
2025-05-02 00:00:00+00:00,599.63,603.526,599.04,601.298,230.9357
2025-05-02 04:00:00+00:00,601.557,601.868,595.611,595.685,353.0145
2025-05-02 08:00:00+00:00,595.686,600.605,595.5,597.891,399.4281
2025-05-02 12:00:00+00:00,597.892,600.756,596.625,599.795,874.9684
2025-05-02 16:00:00+00:00,599.795,601.927,598.497,598.896,568.5
2025-05-02 20:00:00+00:00,598.891,601.611,598.262,600.69,435.5141
2025-05-03 00:00:00+00:00,600.856,601.106,598.22,599.297,125.0125
2025-05-03 04:00:00+00:00,599.298,600.083,597.503,597.575,114.5957
2025-05-03 08:00:00+00:00,597.5,597.64,595.371,596.438,293.2287
2025-05-03 12:00:00+00:00,596.484,599.075,596.484,598.723,291.1974
2025-05-03 16:00:00+00:00,598.685,599.8,596.386,599.8,201.6111
2025-05-03 20:00:00+00:00,599.8,599.892,598.386,599.266,93.5646
2025-05-04 00:00:00+00:00,599.296,600.319,598.224,599.655,177.1303
2025-05-04 04:00:00+00:00,599.715,600.123,596.337,596.937,286.3296
2025-05-04 08:00:00+00:00,596.937,596.937,592.841,594.23,345.7086
2025-05-04 12:00:00+00:00,593.965,593.972,588.166,589.306,417.4249
2025-05-04 16:00:00+00:00,589.234,589.743,586.1,588.472,230.1665
2025-05-04 20:00:00+00:00,588.302,590.084,584.631,585.943,229.4056
2025-05-05 00:00:00+00:00,585.96,588.93,583.752,588.229,256.3297
2025-05-05 04:00:00+00:00,588.223,592.024,588.054,591.811,359.9418
2025-05-05 08:00:00+00:00,591.811,596.734,590.601,593.388,811.9919
2025-05-05 12:00:00+00:00,593.389,597.05,592.638,597.05,702.6637
2025-05-05 16:00:00+00:00,597.05,599.921,596.928,599.297,441.7268
2025-05-05 20:00:00+00:00,599.297,599.836,596.405,597.442,434.2841
2025-05-06 00:00:00+00:00,597.552,600.136,596.216,598.976,722.2521
2025-05-06 04:00:00+00:00,598.913,599.671,597.671,598.774,362.2236
2025-05-06 08:00:00+00:00,598.744,598.744,593.298,594.17,874.1579
2025-05-06 12:00:00+00:00,594.376,599.163,593.704,598.45,683.8331
2025-05-06 16:00:00+00:00,598.45,602.466,596.574,599.515,678.8931
2025-05-06 20:00:00+00:00,599.48,603.159,596.938,602.616,382.91497879
2025-05-07 00:00:00+00:00,602.733,607.054,601.7,602.188,557.95211277
2025-05-07 04:00:00+00:00,602.342,606.76,602.244,606.74,532.8232
2025-05-07 08:00:00+00:00,606.799,607.23,603.855,606.307,523.5911
2025-05-07 12:00:00+00:00,606.308,609.026,600.757,600.876,494.7462
2025-05-07 16:00:00+00:00,600.985,602.019,598.036,598.997,664.1411
2025-05-07 20:00:00+00:00,598.996,603.913,597.745,602.828,320.807
2025-05-08 00:00:00+00:00,602.641,611.0,601.0,611.0,627.6737
2025-05-08 04:00:00+00:00,611.001,614.662,608.561,612.976,347.9312
2025-05-08 08:00:00+00:00,612.975,617.75,612.895,613.728,862.2231
2025-05-08 12:00:00+00:00,613.63,623.25,613.253,621.132,1262.3366
2025-05-08 16:00:00+00:00,621.061,622.68,615.319,619.217,1026.4662
2025-05-08 20:00:00+00:00,619.25,629.29,619.097,629.29,1111.13219818
2025-05-09 00:00:00+00:00,629.201,629.406,623.241,624.616,918.6479
2025-05-09 04:00:00+00:00,624.891,635.739,624.43,631.531,1469.7036
2025-05-09 08:00:00+00:00,631.505,641.135,629.1,637.012,1589.1081
2025-05-09 12:00:00+00:00,636.709,643.859,631.644,636.01,1268.4576
2025-05-09 16:00:00+00:00,635.94,636.612,631.321,635.239,534.8809918
2025-05-09 20:00:00+00:00,635.302,670.6,634.946,666.355,1989.7531
2025-05-10 00:00:00+00:00,666.195,678.937,659.53,661.484,2104.1493
2025-05-10 04:00:00+00:00,661.515,664.117,655.24,661.873,1041.5571
2025-05-10 08:00:00+00:00,661.84,663.282,648.671,649.225,1758.6824
2025-05-10 12:00:00+00:00,649.279,655.276,648.953,651.426,1082.3938
2025-05-10 16:00:00+00:00,651.427,658.439,650.715,652.288,1163.0853
2025-05-10 20:00:00+00:00,652.288,663.856,649.432,663.856,610.7237
2025-05-11 00:00:00+00:00,663.767,668.29,656.021,662.393,1204.0167
2025-05-11 04:00:00+00:00,662.234,667.325,654.461,655.654,713.0772
2025-05-11 08:00:00+00:00,655.533,659.691,654.63,659.271,478.96329919
2025-05-11 12:00:00+00:00,659.196,659.745,649.97,651.562,791.9693
2025-05-11 16:00:00+00:00,651.522,655.049,648.205,653.597,327.555
2025-05-11 20:00:00+00:00,653.598,653.598,648.813,651.121,365.3777
2025-05-12 00:00:00+00:00,651.105,657.288,647.445,655.52,609.1551
2025-05-12 04:00:00+00:00,655.52,668.08,652.53,661.032,1149.4215
2025-05-12 08:00:00+00:00,661.102,692.817,657.581,677.821,2565.4737
2025-05-12 12:00:00+00:00,677.882,691.758,661.279,663.596,2205.2371
2025-05-12 16:00:00+00:00,663.607,671.233,649.841,660.17,1495.6705
2025-05-12 20:00:00+00:00,659.808,664.01,658.098,660.259,365.7113
2025-05-13 00:00:00+00:00,660.201,660.265,640.901,642.156,989.92450675
2025-05-13 04:00:00+00:00,641.313,652.385,640.8,649.455,657.3407
2025-05-13 08:00:00+00:00,649.454,654.42,647.665,653.181,725.5322
2025-05-13 12:00:00+00:00,652.843,658.498,649.84,655.571,1531.7214
2025-05-13 16:00:00+00:00,655.528,671.545,655.319,667.088,1976.2114
2025-05-13 20:00:00+00:00,666.815,667.369,662.637,664.347,521.0753
2025-05-14 00:00:00+00:00,664.372,666.526,658.059,661.957,890.4626
2025-05-14 04:00:00+00:00,661.858,664.449,656.295,658.211,789.1227
2025-05-14 08:00:00+00:00,658.633,660.762,650.516,659.709,949.3727
2025-05-14 12:00:00+00:00,659.74,659.799,650.0,652.268,2685.8065
2025-05-14 16:00:00+00:00,652.008,655.05,647.36,652.885,728.3446
2025-05-14 20:00:00+00:00,652.961,653.492,649.809,652.649,254.9064
2025-05-15 00:00:00+00:00,652.492,654.753,645.37,647.743,761.0746
2025-05-15 04:00:00+00:00,647.769,652.442,642.763,644.691,940.1485
2025-05-15 08:00:00+00:00,644.692,654.409,644.623,653.569,921.5373
2025-05-15 12:00:00+00:00,653.567,656.199,643.294,655.717,1965.6447
2025-05-15 16:00:00+00:00,655.646,661.322,648.57,652.003,1719.6028
2025-05-15 20:00:00+00:00,652.183,654.857,645.789,651.486,564.7013
2025-05-16 00:00:00+00:00,651.898,659.928,646.824,657.993,637.3998
2025-05-16 04:00:00+00:00,658.272,659.681,655.441,655.5,756.21868042
2025-05-16 08:00:00+00:00,655.699,657.291,651.541,654.4,668.7157
2025-05-16 12:00:00+00:00,654.401,655.244,650.155,651.715,588.2503
2025-05-16 16:00:00+00:00,651.946,654.384,647.517,649.73,724.4011
2025-05-16 20:00:00+00:00,649.652,650.043,643.775,646.574,480.8831
2025-05-17 00:00:00+00:00,646.477,646.746,634.718,643.181,571.7564
2025-05-17 04:00:00+00:00,643.122,645.42,642.395,642.743,308.1121
2025-05-17 08:00:00+00:00,642.908,644.194,639.649,641.422,409.7172
2025-05-17 12:00:00+00:00,641.423,642.698,636.412,640.501,470.6145
2025-05-17 16:00:00+00:00,640.573,642.56,636.065,640.058,277.4083
2025-05-17 20:00:00+00:00,640.53,642.598,637.74,639.503,336.8552
2025-05-18 00:00:00+00:00,639.339,643.168,639.164,642.43,334.5448
2025-05-18 04:00:00+00:00,642.37,646.07,642.37,645.463,645.0959
2025-05-18 08:00:00+00:00,645.527,648.404,644.546,645.144,373.7305
2025-05-18 12:00:00+00:00,645.138,654.584,643.851,653.897,916.3561
2025-05-18 16:00:00+00:00,653.983,654.836,638.031,638.11,1250.696
2025-05-18 20:00:00+00:00,638.031,652.199,634.353,650.99,982.4184
2025-05-19 00:00:00+00:00,651.469,653.285,638.313,639.242,451.1853
2025-05-19 04:00:00+00:00,638.901,640.908,633.485,638.677,369.1468
2025-05-19 08:00:00+00:00,638.613,641.197,637.179,640.474,422.0813
2025-05-19 12:00:00+00:00,640.202,647.349,636.042,645.193,775.3209
2025-05-19 16:00:00+00:00,645.167,649.188,644.382,648.483,596.3383
2025-05-19 20:00:00+00:00,648.409,651.74,647.407,649.663,254.1058
2025-05-20 00:00:00+00:00,649.633,653.639,648.692,650.513,527.5397
2025-05-20 04:00:00+00:00,650.631,652.309,646.52,647.043,316.6592
2025-05-20 08:00:00+00:00,647.243,648.379,641.901,643.445,492.5946
2025-05-20 12:00:00+00:00,643.571,645.568,640.476,644.808,409.0889
2025-05-20 16:00:00+00:00,644.869,648.96,642.935,647.951,439.695
2025-05-20 20:00:00+00:00,647.916,652.56,647.163,650.0,352.4078
2025-05-21 00:00:00+00:00,650.043,657.993,648.767,656.624,390.1194
2025-05-21 04:00:00+00:00,656.761,669.484,652.531,652.83,1526.7207
2025-05-21 08:00:00+00:00,652.895,655.17,650.032,654.92,533.2508
2025-05-21 12:00:00+00:00,654.919,665.261,652.241,663.861,1410.9755
2025-05-21 16:00:00+00:00,663.666,672.358,660.45,670.914,1510.6974
2025-05-21 20:00:00+00:00,670.749,678.208,668.424,673.417,862.7594
2025-05-22 00:00:00+00:00,673.666,689.679,673.12,685.378,1401.8609
2025-05-22 04:00:00+00:00,685.368,687.283,678.648,682.688,1445.6072
2025-05-22 08:00:00+00:00,682.687,687.68,680.992,687.06,1809.5788
2025-05-22 12:00:00+00:00,687.013,687.706,681.34,681.762,2034.3771
2025-05-22 16:00:00+00:00,682.032,685.343,678.578,680.892,1916.8368
2025-05-22 20:00:00+00:00,680.96,686.537,679.111,686.516,590.2908
2025-05-23 00:00:00+00:00,686.491,691.185,683.737,688.083,592.1747
2025-05-23 04:00:00+00:00,688.103,689.609,682.048,682.203,726.6608
2025-05-23 08:00:00+00:00,682.203,687.034,670.361,671.978,884.4407
2025-05-23 12:00:00+00:00,672.412,674.666,660.934,670.567,2793.6566
2025-05-23 16:00:00+00:00,670.567,670.896,664.671,665.215,1894.9102
2025-05-23 20:00:00+00:00,665.129,665.129,653.801,656.687,3162.4281
2025-05-24 00:00:00+00:00,656.6,666.218,655.164,664.289,573.0346
2025-05-24 04:00:00+00:00,664.111,671.092,664.111,668.032,1460.96
2025-05-24 08:00:00+00:00,667.828,677.162,667.828,674.506,1314.3758
2025-05-24 12:00:00+00:00,674.464,675.866,671.5,673.849,394.8427
2025-05-24 16:00:00+00:00,673.714,676.923,672.792,676.771,608.2242
2025-05-24 20:00:00+00:00,676.9,676.923,666.235,667.951,430.5876
2025-05-25 00:00:00+00:00,667.822,668.175,660.22,665.866,805.0849
2025-05-25 04:00:00+00:00,665.786,666.275,660.336,662.107,447.5526
2025-05-25 08:00:00+00:00,662.019,662.798,657.136,661.919,708.3434
2025-05-25 12:00:00+00:00,661.813,667.999,661.27,662.882,676.3443
2025-05-25 16:00:00+00:00,663.196,668.298,661.81,667.4,280.09
2025-05-25 20:00:00+00:00,667.4,671.568,665.712,669.403,296.1282
2025-05-26 00:00:00+00:00,669.471,675.712,668.077,674.143,605.2978
2025-05-26 04:00:00+00:00,674.322,675.275,671.79,674.547,627.38
2025-05-26 08:00:00+00:00,674.547,675.485,672.205,673.968,356.7518
2025-05-26 12:00:00+00:00,673.968,675.978,671.102,675.293,523.1145
2025-05-26 16:00:00+00:00,675.34,677.926,670.784,672.39,580.2922
2025-05-26 20:00:00+00:00,671.87,674.812,671.215,673.948,534.4069
2025-05-27 00:00:00+00:00,673.986,674.592,666.161,674.125,1605.7137
2025-05-27 04:00:00+00:00,674.154,681.589,672.853,680.479,887.9437
2025-05-27 08:00:00+00:00,680.917,684.009,679.722,682.281,757.4158
2025-05-27 12:00:00+00:00,681.935,697.569,681.935,690.936,1341.2848
2025-05-27 16:00:00+00:00,691.019,694.677,688.453,689.834,1215.9287
2025-05-27 20:00:00+00:00,689.681,690.146,685.961,686.955,658.814
2025-05-28 00:00:00+00:00,686.752,686.947,681.364,684.457,291.4372
2025-05-28 04:00:00+00:00,683.5,684.821,680.262,681.996,484.5034
2025-05-28 08:00:00+00:00,682.114,687.189,680.904,687.188,967.8647
2025-05-28 12:00:00+00:00,687.189,689.079,681.091,681.767,676.9898
2025-05-28 16:00:00+00:00,681.923,688.703,681.777,683.58,507.209
2025-05-28 20:00:00+00:00,683.308,688.702,683.308,687.056,695.845
2025-05-29 00:00:00+00:00,687.0,691.419,685.909,686.08,1124.3195
2025-05-29 04:00:00+00:00,686.249,687.111,680.195,684.954,506.3798
2025-05-29 08:00:00+00:00,685.066,689.754,684.382,685.72,559.6956
2025-05-29 12:00:00+00:00,685.596,685.901,679.187,681.032,627.0907
2025-05-29 16:00:00+00:00,681.078,681.078,673.38,674.842,982.0299
2025-05-29 20:00:00+00:00,674.844,682.59,673.463,675.122,1395.0527
2025-05-30 00:00:00+00:00,674.923,678.386,665.601,673.028,472.3929
2025-05-30 04:00:00+00:00,673.2,674.666,667.078,667.078,1158.9967
2025-05-30 08:00:00+00:00,667.315,671.545,665.703,671.183,614.2858
2025-05-30 12:00:00+00:00,670.885,672.115,666.727,668.436,540.4856
2025-05-30 16:00:00+00:00,668.542,669.561,660.31,666.137,714.3007
2025-05-30 20:00:00+00:00,666.238,666.715,653.302,655.083,453.7155
2025-05-31 00:00:00+00:00,655.36,655.916,645.7,650.774,678.8031
2025-05-31 04:00:00+00:00,650.567,655.4,647.657,653.732,310.6571
2025-05-31 08:00:00+00:00,653.717,656.397,652.11,653.933,393.7382
2025-05-31 12:00:00+00:00,653.934,659.275,653.863,656.353,383.2055
2025-05-31 16:00:00+00:00,656.308,660.241,655.551,658.333,155.808
2025-05-31 20:00:00+00:00,658.498,661.269,657.759,657.791,348.0785
2025-06-01 00:00:00+00:00,657.883,657.931,652.674,655.465,232.5125
2025-06-01 04:00:00+00:00,655.563,656.99,652.402,653.548,147.8008
2025-06-01 08:00:00+00:00,653.549,653.632,647.948,650.277,1262.326
2025-06-01 12:00:00+00:00,650.338,654.434,647.531,654.434,335.0693
2025-06-01 16:00:00+00:00,654.451,657.787,650.76,654.915,551.7589
2025-06-01 20:00:00+00:00,654.828,662.419,654.828,660.711,286.3129
2025-06-02 00:00:00+00:00,660.778,664.12,656.53,656.655,279.3566
2025-06-02 04:00:00+00:00,656.714,659.157,655.122,657.843,368.8826
2025-06-02 08:00:00+00:00,657.938,658.41,650.335,650.867,477.0995
2025-06-02 12:00:00+00:00,650.966,657.819,649.854,657.027,684.4134
2025-06-02 16:00:00+00:00,656.88,661.783,655.617,661.036,316.0497
2025-06-02 20:00:00+00:00,660.999,666.965,660.077,665.773,346.0272
2025-06-03 00:00:00+00:00,665.881,673.318,665.703,667.59,648.13766271
2025-06-03 04:00:00+00:00,667.78,668.312,665.07,665.162,441.5349
2025-06-03 08:00:00+00:00,665.08,667.696,663.781,664.945,546.6713
2025-06-03 12:00:00+00:00,664.813,668.39,662.166,667.152,904.3481
2025-06-03 16:00:00+00:00,667.181,667.823,663.03,665.104,431.9924
2025-06-03 20:00:00+00:00,664.941,665.016,657.15,661.465,253.8898
2025-06-04 00:00:00+00:00,661.465,670.373,660.861,668.524,409.6878
2025-06-04 04:00:00+00:00,668.883,670.886,668.072,670.884,505.6053
2025-06-04 08:00:00+00:00,670.844,671.792,667.63,667.708,303.9164
2025-06-04 12:00:00+00:00,667.874,670.39,665.093,669.448,747.6704
2025-06-04 16:00:00+00:00,669.319,670.069,666.264,667.398,462.4769
2025-06-04 20:00:00+00:00,667.387,667.387,662.11,663.161,391.7737
2025-06-05 00:00:00+00:00,663.243,666.843,662.941,665.986,392.3197
2025-06-05 04:00:00+00:00,666.044,668.61,665.255,668.462,351.5455
2025-06-05 08:00:00+00:00,668.56,671.144,661.907,661.908,713.1694
2025-06-05 12:00:00+00:00,661.924,665.559,656.658,659.137,961.6603
2025-06-05 16:00:00+00:00,659.138,659.138,641.453,644.034,1186.6517
2025-06-05 20:00:00+00:00,644.087,644.193,625.609,633.515,2833.5675
2025-06-06 00:00:00+00:00,633.564,641.451,629.501,641.38,706.7064
2025-06-06 04:00:00+00:00,641.45,642.395,635.23,641.395,498.4107
2025-06-06 08:00:00+00:00,641.437,646.959,640.848,646.512,638.4472
2025-06-06 12:00:00+00:00,646.606,651.39,645.79,647.898,972.8097
2025-06-06 16:00:00+00:00,647.81,648.802,644.01,645.54,752.8678
2025-06-06 20:00:00+00:00,645.359,646.468,641.471,642.869,600.3569
2025-06-07 00:00:00+00:00,642.813,647.445,639.995,647.302,710.8426
2025-06-07 04:00:00+00:00,647.397,650.02,645.771,648.873,656.7446
2025-06-07 08:00:00+00:00,648.872,649.393,646.199,648.57,362.0815
2025-06-07 12:00:00+00:00,648.638,651.124,648.3,650.643,584.551
2025-06-07 16:00:00+00:00,650.668,652.66,649.361,652.018,460.6177
2025-06-07 20:00:00+00:00,652.286,653.753,650.5,650.795,318.6719
2025-06-08 00:00:00+00:00,650.795,650.924,648.774,649.586,219.6975
2025-06-08 04:00:00+00:00,649.524,650.991,649.094,649.457,206.4311
2025-06-08 08:00:00+00:00,649.521,650.864,646.363,650.535,749.7235
2025-06-08 12:00:00+00:00,650.642,652.16,649.74,652.022,321.573
2025-06-08 16:00:00+00:00,652.021,654.919,651.796,654.57,476.4807
2025-06-08 20:00:00+00:00,654.628,656.25,651.697,651.973,356.8949
2025-06-09 00:00:00+00:00,651.974,653.577,648.582,651.628,315.589
2025-06-09 04:00:00+00:00,651.514,651.514,648.231,649.557,172.4565
2025-06-09 08:00:00+00:00,649.454,656.771,648.449,655.659,680.2347
2025-06-09 12:00:00+00:00,655.712,657.0,653.269,656.6,538.8757
2025-06-09 16:00:00+00:00,656.725,660.857,656.725,659.655,446.277
2025-06-09 20:00:00+00:00,659.715,667.71,659.715,665.642,949.2762
2025-06-10 00:00:00+00:00,665.665,667.782,663.58,664.061,515.1839
2025-06-10 04:00:00+00:00,664.181,664.427,660.145,660.732,436.9062
2025-06-10 08:00:00+00:00,660.731,665.549,656.989,665.111,662.943
2025-06-10 12:00:00+00:00,665.112,667.685,658.47,661.353,731.8765
2025-06-10 16:00:00+00:00,661.354,669.35,661.251,667.961,661.6718
2025-06-10 20:00:00+00:00,667.813,674.226,667.704,673.639,548.5457
2025-06-11 00:00:00+00:00,673.678,674.226,668.42,670.571,963.5659
2025-06-11 04:00:00+00:00,670.401,672.409,668.48,670.204,2206.6649
2025-06-11 08:00:00+00:00,670.293,672.56,665.621,667.358,3939.9152
2025-06-11 12:00:00+00:00,667.37,672.216,665.644,669.532,8955.2689
2025-06-11 16:00:00+00:00,669.465,669.876,665.628,667.362,2137.3819
2025-06-11 20:00:00+00:00,667.496,669.199,662.59,667.372,1096.1482
2025-06-12 00:00:00+00:00,667.314,669.8,664.0,665.733,392.8991
2025-06-12 04:00:00+00:00,665.857,668.319,664.175,666.932,244.3263
2025-06-12 08:00:00+00:00,666.931,668.815,663.5,663.5,396.8938
2025-06-12 12:00:00+00:00,663.593,665.037,659.771,659.773,654.286
2025-06-12 16:00:00+00:00,659.764,666.727,657.899,658.387,557.7464
2025-06-12 20:00:00+00:00,658.322,659.123,652.0,654.757,430.192
2025-06-13 00:00:00+00:00,654.781,654.828,639.3,649.264,1539.8895
2025-06-13 04:00:00+00:00,649.198,654.863,646.194,654.862,287.085
2025-06-13 08:00:00+00:00,654.863,659.441,652.38,654.839,913.2614
2025-06-13 12:00:00+00:00,654.769,655.071,649.434,653.318,653.3397
2025-06-13 16:00:00+00:00,653.372,655.274,649.732,651.231,303.1052
2025-06-13 20:00:00+00:00,651.239,655.216,650.445,655.169,285.4351
2025-06-14 00:00:00+00:00,655.145,655.145,650.267,651.175,290.7653
2025-06-14 04:00:00+00:00,651.11,652.5,650.124,651.873,116.5085
2025-06-14 08:00:00+00:00,651.873,651.873,649.039,650.569,300.9503
2025-06-14 12:00:00+00:00,650.414,650.671,644.394,645.442,298.4505
2025-06-14 16:00:00+00:00,645.356,645.931,639.202,641.11,377.7427
2025-06-14 20:00:00+00:00,641.079,646.226,639.093,645.575,292.2239
2025-06-15 00:00:00+00:00,645.576,648.109,645.023,647.778,122.6398
2025-06-15 04:00:00+00:00,648.003,652.097,647.905,649.036,380.5368
2025-06-15 08:00:00+00:00,649.144,649.501,645.961,648.194,269.6128
2025-06-15 12:00:00+00:00,648.194,650.889,646.774,647.636,331.9402
2025-06-15 16:00:00+00:00,647.761,649.078,645.81,646.639,200.1142
2025-06-15 20:00:00+00:00,646.64,648.398,642.86,648.157,191.4102
2025-06-16 00:00:00+00:00,648.136,652.343,646.337,651.69,263.9605
2025-06-16 04:00:00+00:00,651.557,656.822,651.348,655.961,339.0951
2025-06-16 08:00:00+00:00,655.961,656.686,653.032,654.416,554.9148
2025-06-16 12:00:00+00:00,654.416,659.12,653.482,657.5,961.9047
2025-06-16 16:00:00+00:00,657.501,659.074,655.431,658.893,405.8902
2025-06-16 20:00:00+00:00,658.516,658.886,650.083,650.284,487.7162
2025-06-17 00:00:00+00:00,650.632,656.54,647.361,656.446,277.9359
2025-06-17 04:00:00+00:00,656.385,658.783,655.001,657.608,904.1596
2025-06-17 08:00:00+00:00,657.621,658.667,652.381,653.69,935.9693
2025-06-17 12:00:00+00:00,653.468,655.903,645.15,646.235,1202.4175
2025-06-17 16:00:00+00:00,646.135,649.778,640.3,648.126,374.0217
2025-06-17 20:00:00+00:00,648.162,648.993,645.662,648.032,241.6201
2025-06-18 00:00:00+00:00,648.403,653.89,647.942,651.652,446.9987
2025-06-18 04:00:00+00:00,651.903,653.471,650.338,651.487,463.3211
2025-06-18 08:00:00+00:00,651.553,652.644,641.863,645.134,431.4535
2025-06-18 12:00:00+00:00,644.96,645.22,637.61,642.234,400.5978
2025-06-18 16:00:00+00:00,642.179,643.2,637.832,639.586,325.5273
2025-06-18 20:00:00+00:00,639.733,645.66,639.115,644.69,261.8195
2025-06-19 00:00:00+00:00,644.69,645.81,641.375,645.21,232.79
2025-06-19 04:00:00+00:00,645.279,646.414,643.824,644.568,129.2667
2025-06-19 08:00:00+00:00,644.567,645.725,642.335,642.427,330.54
2025-06-19 12:00:00+00:00,642.354,642.913,639.45,639.622,548.9886
2025-06-19 16:00:00+00:00,639.738,642.838,638.68,642.537,295.6454
2025-06-19 20:00:00+00:00,642.638,644.963,641.767,644.389,133.3536
2025-06-20 00:00:00+00:00,644.59,645.489,643.527,644.655,195.1895
2025-06-20 04:00:00+00:00,644.728,647.611,641.581,647.611,315.8166
2025-06-20 08:00:00+00:00,647.611,649.6,646.497,647.505,266.07730439
2025-06-20 12:00:00+00:00,647.359,652.71,642.861,645.415,957.8825
2025-06-20 16:00:00+00:00,645.334,645.565,638.225,642.839,621.7929
2025-06-20 20:00:00+00:00,642.771,645.15,640.052,641.721,249.6803
2025-06-21 00:00:00+00:00,641.722,644.865,641.08,644.47,135.8373
2025-06-21 04:00:00+00:00,644.267,644.392,639.5,641.282,414.32309
2025-06-21 08:00:00+00:00,641.28,642.412,639.535,642.347,276.6909
2025-06-21 12:00:00+00:00,642.347,642.783,634.43,636.941,484.5649
2025-06-21 16:00:00+00:00,636.685,637.023,630.883,630.943,450.6697
2025-06-21 20:00:00+00:00,631.24,633.228,621.953,629.248,639.70659824
2025-06-22 00:00:00+00:00,629.192,633.296,626.928,629.484,382.8305
2025-06-22 04:00:00+00:00,629.562,635.33,629.562,632.524,447.9268
2025-06-22 08:00:00+00:00,632.565,632.991,627.57,630.354,229.8559
2025-06-22 12:00:00+00:00,630.247,631.044,606.817,607.528,1831.0671
2025-06-22 16:00:00+00:00,607.568,612.589,604.473,605.525,812.4285
2025-06-22 20:00:00+00:00,605.461,616.664,601.36,615.774,790.4517
2025-06-23 00:00:00+00:00,615.7,620.772,615.0,619.92,337.9749
2025-06-23 04:00:00+00:00,620.134,624.601,620.134,623.503,311.2042
2025-06-23 08:00:00+00:00,623.872,624.73,616.053,617.1,573.6744
2025-06-23 12:00:00+00:00,617.225,627.68,616.001,622.75,748.6972
2025-06-23 16:00:00+00:00,622.75,630.693,617.196,629.779,1150.2744
2025-06-23 20:00:00+00:00,629.779,642.614,628.583,640.416,689.7837
2025-06-24 00:00:00+00:00,640.523,641.189,636.601,639.828,514.2857
2025-06-24 04:00:00+00:00,639.755,642.613,638.582,639.016,480.2017
2025-06-24 08:00:00+00:00,639.085,641.739,636.134,638.454,637.4331
2025-06-24 12:00:00+00:00,638.568,641.494,637.983,639.453,864.0505
2025-06-24 16:00:00+00:00,639.763,643.952,639.528,642.424,418.9994
2025-06-24 20:00:00+00:00,642.364,644.0,642.003,643.399,240.2876
2025-06-25 00:00:00+00:00,643.469,650.423,642.292,647.966,1281.281
2025-06-25 04:00:00+00:00,648.413,652.499,643.501,645.072,1110.0351
2025-06-25 08:00:00+00:00,645.065,648.282,641.901,647.364,5293.0869
2025-06-25 12:00:00+00:00,647.156,648.832,642.461,642.691,3118.385
2025-06-25 16:00:00+00:00,642.691,647.687,642.341,647.687,7532.0572
2025-06-25 20:00:00+00:00,647.619,648.508,644.289,646.263,11052.279
2025-06-26 00:00:00+00:00,646.306,649.94,645.569,648.464,2707.2557
2025-06-26 04:00:00+00:00,648.487,649.39,644.632,647.45,2728.9194
2025-06-26 08:00:00+00:00,647.611,649.541,644.511,644.568,3433.1393
2025-06-26 12:00:00+00:00,644.599,645.946,641.398,644.99,4517.4294
2025-06-26 16:00:00+00:00,645.013,647.635,644.361,645.359,1678.5373
2025-06-26 20:00:00+00:00,645.038,646.597,641.408,642.451,1712.9302
2025-06-27 00:00:00+00:00,642.452,645.89,639.325,645.89,2246.0071
2025-06-27 04:00:00+00:00,645.922,646.75,643.0,643.713,627.2126
2025-06-27 08:00:00+00:00,643.579,645.706,643.214,645.543,1594.0943
2025-06-27 12:00:00+00:00,645.666,647.832,643.786,646.527,2981.5979
2025-06-27 16:00:00+00:00,646.592,648.315,642.6,645.415,1872.7594
2025-06-27 20:00:00+00:00,645.231,647.025,645.231,645.979,3070.0978
2025-06-28 00:00:00+00:00,645.893,646.284,643.823,644.32,4037.0276
2025-06-28 04:00:00+00:00,644.269,647.184,644.269,647.042,1779.8719
2025-06-28 08:00:00+00:00,647.061,647.138,645.178,646.562,1249.9668
2025-06-28 12:00:00+00:00,646.471,647.116,645.388,646.707,3381.5943
2025-06-28 16:00:00+00:00,646.706,648.198,645.639,647.551,742.9155
2025-06-28 20:00:00+00:00,647.565,649.35,647.406,648.681,6723.4483
2025-06-29 00:00:00+00:00,648.646,648.907,647.1,648.662,2831.7561
2025-06-29 04:00:00+00:00,648.607,650.289,648.384,649.321,1264.0079
2025-06-29 08:00:00+00:00,649.339,651.251,649.325,651.004,2378.3915
2025-06-29 12:00:00+00:00,651.164,651.164,648.436,649.127,996.4464
2025-06-29 16:00:00+00:00,649.069,649.613,648.001,648.78,2230.4453
2025-06-29 20:00:00+00:00,648.715,655.961,647.096,654.934,1372.4426
2025-06-30 00:00:00+00:00,654.96,657.109,653.51,655.436,961.1086
2025-06-30 04:00:00+00:00,655.538,656.613,652.404,654.429,792.0124
2025-06-30 08:00:00+00:00,654.562,655.135,651.723,654.049,519.7524
2025-06-30 12:00:00+00:00,654.214,656.659,651.5,656.489,1481.2614
2025-06-30 16:00:00+00:00,656.51,659.325,655.394,659.325,440.0084
2025-06-30 20:00:00+00:00,659.323,659.896,656.521,656.883,234.465
2025-07-01 00:00:00+00:00,656.888,659.242,655.354,655.902,474.1937
2025-07-01 04:00:00+00:00,655.863,655.863,651.759,653.935,208.1993
2025-07-01 08:00:00+00:00,653.944,653.944,651.594,652.057,676.0341
2025-07-01 12:00:00+00:00,652.259,652.58,645.712,645.883,1804.5023
2025-07-01 16:00:00+00:00,645.979,647.03,644.719,645.905,899.143
2025-07-01 20:00:00+00:00,645.749,647.715,644.14,646.36,1369.7345
2025-07-02 00:00:00+00:00,646.329,650.219,644.078,649.902,830.6088
2025-07-02 04:00:00+00:00,649.901,657.645,649.752,657.318,1290.1224
2025-07-02 08:00:00+00:00,657.335,659.693,656.797,657.37,1626.0768
2025-07-02 12:00:00+00:00,657.404,662.122,655.576,661.747,4271.1004142
2025-07-02 16:00:00+00:00,661.774,664.792,661.723,663.843,1789.6273
2025-07-02 20:00:00+00:00,663.778,664.8,659.231,659.662,898.7663
2025-07-03 00:00:00+00:00,659.663,661.062,658.175,659.322,347.6948
2025-07-03 04:00:00+00:00,659.201,662.745,659.005,662.671,691.7406
2025-07-03 08:00:00+00:00,662.671,664.372,661.049,661.945,1447.0231
2025-07-03 12:00:00+00:00,661.92,664.449,656.751,657.0,1198.9593
2025-07-03 16:00:00+00:00,657.0,661.899,656.999,661.412,1173.4087
2025-07-03 20:00:00+00:00,661.514,664.56,661.4,663.504,1199.3683
2025-07-04 00:00:00+00:00,663.561,664.121,660.22,661.997,1244.8575
2025-07-04 04:00:00+00:00,661.928,662.009,656.027,656.027,241.0653
2025-07-04 08:00:00+00:00,656.021,659.844,654.8,659.604,907.5533
2025-07-04 12:00:00+00:00,659.665,660.013,652.253,652.7,947.81346575
2025-07-04 16:00:00+00:00,652.791,653.38,650.244,651.591,793.9921
2025-07-04 20:00:00+00:00,651.504,654.06,650.692,653.58,897.7775
2025-07-05 00:00:00+00:00,653.587,656.161,652.781,656.111,368.6185
2025-07-05 04:00:00+00:00,656.138,656.88,654.338,654.463,323.3641
2025-07-05 08:00:00+00:00,654.534,655.998,653.74,655.476,401.6378
2025-07-05 12:00:00+00:00,655.476,655.642,654.154,654.187,165.8021
2025-07-05 16:00:00+00:00,654.34,654.811,652.104,654.143,305.1309
2025-07-05 20:00:00+00:00,654.144,656.547,653.891,656.294,165.6615
2025-07-06 00:00:00+00:00,656.209,656.815,654.453,654.835,389.6979
2025-07-06 04:00:00+00:00,654.836,655.998,653.655,654.805,225.2773
2025-07-06 08:00:00+00:00,654.748,656.463,653.496,656.426,520.6874
2025-07-06 12:00:00+00:00,656.5,663.644,655.494,662.803,619.968
2025-07-06 16:00:00+00:00,662.842,663.872,661.441,663.12,409.9581
2025-07-06 20:00:00+00:00,663.364,664.999,661.085,663.271,442.0485
2025-07-07 00:00:00+00:00,663.293,663.314,660.365,660.85,414.3296
2025-07-07 04:00:00+00:00,660.851,662.743,660.66,662.634,154.6738
2025-07-07 08:00:00+00:00,662.634,663.398,661.447,662.374,344.6583
2025-07-07 12:00:00+00:00,662.295,662.694,658.894,658.894,471.239
2025-07-07 16:00:00+00:00,658.965,661.899,656.84,661.47,572.4637
2025-07-07 20:00:00+00:00,661.234,661.318,657.93,661.049,273.5684
2025-07-08 00:00:00+00:00,660.968,662.513,657.74,659.668,355.4111
2025-07-08 04:00:00+00:00,659.669,660.394,658.701,659.819,275.5811
2025-07-08 08:00:00+00:00,659.82,661.612,659.275,661.173,781.4408
2025-07-08 12:00:00+00:00,661.168,661.732,657.663,658.221,410.9086
2025-07-08 16:00:00+00:00,658.401,662.072,657.289,660.928,546.0215
2025-07-08 20:00:00+00:00,660.915,660.929,657.679,660.54,288.7099
2025-07-09 00:00:00+00:00,660.541,662.315,660.022,661.642,180.8899
2025-07-09 04:00:00+00:00,661.325,664.653,661.287,662.691,320.5678
2025-07-09 08:00:00+00:00,662.584,662.948,658.798,661.16,379.4368
2025-07-09 12:00:00+00:00,661.436,663.355,660.171,662.385,693.834
2025-07-09 16:00:00+00:00,662.385,669.92,661.948,668.882,1054.2947
2025-07-09 20:00:00+00:00,669.209,671.36,666.197,668.579,520.1292
2025-07-10 00:00:00+00:00,668.576,671.256,668.038,670.345,265.2028
2025-07-10 04:00:00+00:00,670.285,673.124,669.881,671.53,514.3486
2025-07-10 08:00:00+00:00,671.603,673.778,669.484,670.0,1219.6513
2025-07-10 12:00:00+00:00,669.978,672.048,667.529,668.32,331.5416
2025-07-10 16:00:00+00:00,668.321,679.085,667.99,676.103,816.8687
2025-07-10 20:00:00+00:00,676.116,687.74,675.816,685.552,1383.9748
2025-07-11 00:00:00+00:00,685.694,691.441,683.7,689.558,1082.7537
2025-07-11 04:00:00+00:00,689.489,694.994,684.8,684.927,724.8305
2025-07-11 08:00:00+00:00,684.894,690.691,684.617,688.395,737.0619
2025-07-11 12:00:00+00:00,688.479,694.156,686.26,687.065,1758.8987
2025-07-11 16:00:00+00:00,687.254,697.346,686.045,694.029,1480.2266
2025-07-11 20:00:00+00:00,693.994,694.243,682.833,689.88,765.6607
2025-07-12 00:00:00+00:00,689.966,695.173,688.117,695.117,472.591
2025-07-12 04:00:00+00:00,695.232,696.771,690.536,694.493,841.6342
2025-07-12 08:00:00+00:00,694.495,694.937,691.359,691.902,665.9147
2025-07-12 12:00:00+00:00,692.016,692.039,679.492,681.079,1258.1917
2025-07-12 16:00:00+00:00,681.078,686.453,680.049,684.475,532.2371
2025-07-12 20:00:00+00:00,684.476,686.187,680.441,685.63,560.0331
2025-07-13 00:00:00+00:00,685.63,687.641,684.986,686.753,451.4185
2025-07-13 04:00:00+00:00,686.789,690.024,686.672,690.013,421.9336
2025-07-13 08:00:00+00:00,689.944,691.195,687.783,691.089,495.2417
2025-07-13 12:00:00+00:00,691.124,694.049,689.903,691.321,810.6595
2025-07-13 16:00:00+00:00,691.31,693.463,688.389,691.653,434.6422
2025-07-13 20:00:00+00:00,691.654,693.309,688.704,692.045,301.8202
2025-07-14 00:00:00+00:00,692.015,699.606,689.99,697.271,583.3102
2025-07-14 04:00:00+00:00,697.229,707.338,693.259,706.286,977.5939
2025-07-14 08:00:00+00:00,706.287,725.0,700.821,704.425,1607.5057
2025-07-14 12:00:00+00:00,704.124,705.219,690.502,692.828,894.6125
2025-07-14 16:00:00+00:00,692.684,694.064,687.836,689.734,1042.2124
2025-07-14 20:00:00+00:00,689.734,692.113,685.961,689.264,702.8907
2025-07-15 00:00:00+00:00,689.011,690.983,675.444,679.718,952.9849
2025-07-15 04:00:00+00:00,679.539,683.61,676.912,679.34,536.5261
2025-07-15 08:00:00+00:00,679.288,680.877,676.438,680.599,434.4369
2025-07-15 12:00:00+00:00,680.6,688.003,677.031,683.316,1163.2035
2025-07-15 16:00:00+00:00,683.317,688.822,682.959,684.776,685.2995
2025-07-15 20:00:00+00:00,685.017,693.151,683.599,689.981,903.1834
2025-07-16 00:00:00+00:00,690.105,693.59,685.446,687.831,808.2245
2025-07-16 04:00:00+00:00,687.802,693.64,685.239,691.84,1118.1595
2025-07-16 08:00:00+00:00,691.787,695.337,690.564,694.246,781.619
2025-07-16 12:00:00+00:00,694.343,706.142,690.85,700.144,2850.693
2025-07-16 16:00:00+00:00,700.095,710.857,698.695,706.819,2965.4108
2025-07-16 20:00:00+00:00,706.879,715.475,706.75,708.85,976.5886
2025-07-17 00:00:00+00:00,708.967,723.331,707.932,709.772,1589.0176
2025-07-17 04:00:00+00:00,709.519,723.618,707.001,720.819,1998.52511654
2025-07-17 08:00:00+00:00,720.854,721.629,713.99,717.656,2502.5367
2025-07-17 12:00:00+00:00,717.615,727.641,711.75,721.424,1749.7023
2025-07-17 16:00:00+00:00,721.729,721.973,713.721,715.481,1586.6353
2025-07-17 20:00:00+00:00,715.611,725.488,710.607,720.684,1920.2266
2025-07-18 00:00:00+00:00,720.765,736.395,719.906,736.225,2015.768
2025-07-18 04:00:00+00:00,736.226,748.197,733.417,740.098,1711.3273
2025-07-18 08:00:00+00:00,739.958,742.13,733.1,736.775,1073.8804
2025-07-18 12:00:00+00:00,736.861,765.276,731.327,737.675,2584.3141
2025-07-18 16:00:00+00:00,737.686,748.174,729.501,731.518,2459.1129
2025-07-18 20:00:00+00:00,731.9,734.882,719.041,729.899,1900.9775
2025-07-19 00:00:00+00:00,730.005,734.999,718.765,734.908,709.6731
2025-07-19 04:00:00+00:00,734.908,739.195,731.726,732.339,676.5139
2025-07-19 08:00:00+00:00,732.332,738.304,728.263,736.721,965.1058
2025-07-19 12:00:00+00:00,736.873,742.303,727.56,730.886,1400.7324
2025-07-19 16:00:00+00:00,730.887,734.934,728.33,734.384,1884.1968
2025-07-19 20:00:00+00:00,734.294,735.651,724.97,732.971,1228.5025
2025-07-20 00:00:00+00:00,733.049,745.966,731.413,742.898,1359.482
2025-07-20 04:00:00+00:00,743.499,745.491,739.41,744.603,845.689
2025-07-20 08:00:00+00:00,744.599,750.789,744.598,748.693,1446.0635
2025-07-20 12:00:00+00:00,748.518,751.632,745.076,750.789,2283.9721
2025-07-20 16:00:00+00:00,750.76,756.105,745.93,752.915,2199.6363
2025-07-20 20:00:00+00:00,753.091,761.344,745.138,756.914,2079.7621
2025-07-21 00:00:00+00:00,756.854,764.047,746.053,763.207,1391.8618
2025-07-21 04:00:00+00:00,762.885,766.81,759.342,760.476,634.3485
2025-07-21 08:00:00+00:00,760.447,778.83,760.095,769.074,1056.2096
2025-07-21 12:00:00+00:00,769.208,781.825,765.936,774.357,2470.8381
2025-07-21 16:00:00+00:00,774.246,775.128,755.64,757.123,2352.3848
2025-07-21 20:00:00+00:00,757.199,767.205,754.869,766.132,1192.9385
2025-07-22 00:00:00+00:00,766.231,771.819,753.178,760.154,2226.5501
2025-07-22 04:00:00+00:00,760.203,763.999,744.964,757.852,1478.57
2025-07-22 08:00:00+00:00,758.176,765.5,749.265,765.5,1475.7122
2025-07-22 12:00:00+00:00,765.517,767.309,755.889,763.888,1842.9292
2025-07-22 16:00:00+00:00,763.88,775.634,763.579,772.097,1828.15870347
2025-07-22 20:00:00+00:00,771.959,788.098,771.648,786.452,2453.33194982
2025-07-23 00:00:00+00:00,786.798,804.639,785.069,796.95,3683.7253
2025-07-23 04:00:00+00:00,796.972,801.647,792.203,794.469,1334.718
2025-07-23 08:00:00+00:00,794.47,808.538,788.398,808.394,2114.3453
2025-07-23 12:00:00+00:00,808.202,809.779,775.445,784.371,7162.4904
2025-07-23 16:00:00+00:00,784.41,784.41,760.947,770.457,4444.5786
2025-07-23 20:00:00+00:00,770.514,777.034,752.971,776.709,3649.7053
2025-07-24 00:00:00+00:00,776.629,786.0,772.908,779.383,1652.0673
2025-07-24 04:00:00+00:00,779.848,780.084,743.11,759.192,2636.6588
2025-07-24 08:00:00+00:00,759.116,772.246,755.921,770.039,2451.5629
2025-07-24 12:00:00+00:00,769.988,780.938,761.499,778.41,3285.2403
2025-07-24 16:00:00+00:00,778.247,785.597,769.999,779.0,2046.8709
2025-07-24 20:00:00+00:00,779.12,781.651,770.0,770.857,2346.7644
2025-07-25 00:00:00+00:00,770.994,771.393,753.451,757.112,3913.8939
2025-07-25 04:00:00+00:00,757.079,766.49,752.391,761.345,2246.972
2025-07-25 08:00:00+00:00,761.382,773.098,761.333,771.836,2131.1343
2025-07-25 12:00:00+00:00,771.768,778.215,760.8,765.58,2491.3664
2025-07-25 16:00:00+00:00,765.622,777.347,763.335,774.219,805.1543
2025-07-25 20:00:00+00:00,774.241,785.69,773.883,785.32,774.161
2025-07-26 00:00:00+00:00,785.414,785.593,778.425,783.78,776.28336827
2025-07-26 04:00:00+00:00,783.78,784.197,780.577,782.646,571.9263
2025-07-26 08:00:00+00:00,782.646,785.422,780.38,781.75,740.6182
2025-07-26 12:00:00+00:00,782.186,783.218,779.472,781.295,493.9466
2025-07-26 16:00:00+00:00,781.568,784.953,778.512,784.844,671.7279
2025-07-26 20:00:00+00:00,784.993,798.004,783.578,793.148,1179.1258
2025-07-27 00:00:00+00:00,793.305,799.192,791.177,794.274,690.1785
2025-07-27 04:00:00+00:00,794.334,798.732,794.058,796.294,348.214
2025-07-27 08:00:00+00:00,796.265,799.257,792.959,796.691,618.1931
2025-07-27 12:00:00+00:00,796.799,816.481,793.518,814.796,882.5523
2025-07-27 16:00:00+00:00,815.019,831.271,812.541,830.666,3413.0859
2025-07-27 20:00:00+00:00,830.834,847.173,827.644,843.846,3505.8723
2025-07-28 00:00:00+00:00,843.997,855.191,839.825,841.807,1682.9839
2025-07-28 04:00:00+00:00,841.817,860.0,839.983,855.693,1972.7994
2025-07-28 08:00:00+00:00,855.692,860.844,845.029,850.896,1392.7816
2025-07-28 12:00:00+00:00,850.662,857.445,831.417,836.12,3299.8173
2025-07-28 16:00:00+00:00,836.12,841.091,825.304,831.866,1980.71000406
2025-07-28 20:00:00+00:00,831.964,832.416,820.399,823.875,1416.4369
2025-07-29 00:00:00+00:00,823.948,834.91,814.904,829.328,2670.8804
2025-07-29 04:00:00+00:00,829.174,834.292,825.343,825.685,1405.7554
2025-07-29 08:00:00+00:00,825.686,833.58,820.864,826.447,3034.3756
2025-07-29 12:00:00+00:00,826.542,830.02,802.101,805.647,2228.3143
2025-07-29 16:00:00+00:00,805.233,815.766,800.574,803.771,2892.5146
2025-07-29 20:00:00+00:00,803.783,809.139,800.431,805.349,1605.024
2025-07-30 00:00:00+00:00,805.12,811.592,796.415,805.039,1826.5845
2025-07-30 04:00:00+00:00,805.01,807.053,796.303,800.59,2451.6373
2025-07-30 08:00:00+00:00,800.55,805.783,786.79,788.648,2758.755
2025-07-30 12:00:00+00:00,789.23,795.999,779.129,790.987,2345.1476
2025-07-30 16:00:00+00:00,791.045,794.768,765.776,785.342,1964.9191
2025-07-30 20:00:00+00:00,785.398,793.59,783.152,793.555,1375.4725
2025-07-31 00:00:00+00:00,793.584,799.553,791.353,799.022,839.6751
2025-07-31 04:00:00+00:00,798.918,805.268,796.939,803.678,811.7089
2025-07-31 08:00:00+00:00,803.679,814.572,799.31,800.58,1101.6208
2025-07-31 12:00:00+00:00,800.858,801.218,787.496,799.764,2348.041
2025-07-31 16:00:00+00:00,799.827,813.869,793.902,796.185,3387.2979
2025-07-31 20:00:00+00:00,796.096,798.544,781.73,783.188,1537.517
2025-08-01 00:00:00+00:00,783.189,795.483,774.917,784.202,1883.4996
2025-08-01 04:00:00+00:00,784.001,784.327,770.551,773.638,1727.2189
2025-08-01 08:00:00+00:00,773.43,773.43,763.004,771.536,1699.282
2025-08-01 12:00:00+00:00,771.245,776.053,757.439,764.07,1924.6687
2025-08-01 16:00:00+00:00,763.845,767.951,754.092,761.221,1454.8414
2025-08-01 20:00:00+00:00,761.362,762.459,744.832,757.142,1866.5042
2025-08-02 00:00:00+00:00,757.04,768.602,755.446,764.33,697.5632
2025-08-02 04:00:00+00:00,764.437,770.168,750.243,758.962,1216.3882
2025-08-02 08:00:00+00:00,758.954,759.345,750.733,756.294,703.5749
2025-08-02 12:00:00+00:00,756.142,756.159,741.328,743.217,1018.3205
2025-08-02 16:00:00+00:00,743.24,749.872,734.397,737.373,1989.2924
2025-08-02 20:00:00+00:00,737.165,745.1,732.427,736.397,1678.1818
2025-08-03 00:00:00+00:00,736.238,744.586,730.067,744.093,1161.8778
2025-08-03 04:00:00+00:00,743.928,748.659,741.397,748.034,643.2069
2025-08-03 08:00:00+00:00,748.034,753.294,746.394,748.48,594.67413887
2025-08-03 12:00:00+00:00,748.444,751.296,745.633,748.585,481.1395
2025-08-03 16:00:00+00:00,748.423,755.464,747.132,752.796,602.002
2025-08-03 20:00:00+00:00,752.739,754.527,750.519,751.252,810.732
2025-08-04 00:00:00+00:00,751.397,758.977,750.516,754.078,1044.9995
2025-08-04 04:00:00+00:00,754.097,758.04,752.24,757.113,312.5504
2025-08-04 08:00:00+00:00,757.113,760.32,754.521,755.216,797.3254
2025-08-04 12:00:00+00:00,755.182,765.72,754.948,760.444,1132.6946
2025-08-04 16:00:00+00:00,760.876,769.596,759.961,760.895,914.7441
2025-08-04 20:00:00+00:00,760.89,769.703,760.194,768.503,794.8137
2025-08-05 00:00:00+00:00,768.348,769.596,760.535,760.801,292.0799
2025-08-05 04:00:00+00:00,760.815,766.995,755.075,757.308,508.8574
2025-08-05 08:00:00+00:00,757.363,765.999,755.712,765.269,468.1309
2025-08-05 12:00:00+00:00,765.328,765.563,746.25,748.818,3394.7483
2025-08-05 16:00:00+00:00,748.674,754.0,747.294,748.265,1225.759
2025-08-05 20:00:00+00:00,748.455,756.174,745.303,755.134,755.9438
2025-08-06 00:00:00+00:00,755.224,755.932,746.245,748.75,345.617
2025-08-06 04:00:00+00:00,748.639,763.192,747.308,763.091,417.6109
2025-08-06 08:00:00+00:00,763.101,764.849,758.573,762.11,716.11490011
2025-08-06 12:00:00+00:00,762.714,769.702,758.006,769.484,1207.21226569
2025-08-06 16:00:00+00:00,769.252,774.897,765.857,773.23,489.1578
2025-08-06 20:00:00+00:00,773.21,773.34,767.862,769.693,466.2073
2025-08-07 00:00:00+00:00,769.549,774.478,765.974,766.485,343.0291
2025-08-07 04:00:00+00:00,766.316,769.53,765.096,768.228,775.2789
2025-08-07 08:00:00+00:00,768.227,779.471,764.501,776.95,854.8755
2025-08-07 12:00:00+00:00,777.359,778.435,770.927,775.812,1568.9736
2025-08-07 16:00:00+00:00,775.715,780.624,768.383,780.59,1342.8823
2025-08-07 20:00:00+00:00,780.625,788.604,780.17,788.581,1214.2198
2025-08-08 00:00:00+00:00,788.663,792.759,780.672,786.357,898.1443
2025-08-08 04:00:00+00:00,786.421,791.555,784.112,789.641,703.7809
2025-08-08 08:00:00+00:00,789.49,790.763,783.985,789.214,847.7786
2025-08-08 12:00:00+00:00,789.101,796.562,781.575,784.594,1262.4574
2025-08-08 16:00:00+00:00,784.699,796.368,784.354,795.504,757.2612
2025-08-08 20:00:00+00:00,795.413,798.439,792.802,793.505,858.5792
2025-08-09 00:00:00+00:00,793.506,797.622,792.833,797.108,406.0954
2025-08-09 04:00:00+00:00,797.108,810.112,796.818,809.477,973.9244
2025-08-09 08:00:00+00:00,809.574,819.181,805.999,811.72,754.93132874
2025-08-09 12:00:00+00:00,811.787,815.511,804.979,806.33,1117.9408
2025-08-09 16:00:00+00:00,806.417,808.81,802.911,804.698,823.3345
2025-08-09 20:00:00+00:00,804.521,807.701,797.785,798.695,1370.11550858
2025-08-10 00:00:00+00:00,798.696,812.999,798.696,811.118,835.2675
2025-08-10 04:00:00+00:00,811.21,815.406,798.351,799.291,1378.22937722
2025-08-10 08:00:00+00:00,799.291,804.701,793.512,798.939,738.19406748
2025-08-10 12:00:00+00:00,798.881,803.847,795.562,801.94,694.5981
2025-08-10 16:00:00+00:00,801.684,804.571,800.172,802.911,621.8516
2025-08-10 20:00:00+00:00,802.862,807.19,799.051,807.181,1485.2911
2025-08-11 00:00:00+00:00,807.204,827.652,806.171,821.122,1135.9224
2025-08-11 04:00:00+00:00,821.129,824.404,809.525,811.724,1295.7203
2025-08-11 08:00:00+00:00,811.668,816.62,794.159,796.235,1378.4344
2025-08-11 12:00:00+00:00,796.236,807.532,792.429,807.412,2034.6666
2025-08-11 16:00:00+00:00,807.428,812.064,801.302,806.481,2404.7715
2025-08-11 20:00:00+00:00,806.238,810.26,797.75,805.282,1451.585
2025-08-12 00:00:00+00:00,805.282,814.933,803.687,808.307,814.0557
2025-08-12 04:00:00+00:00,808.468,813.382,803.317,807.884,1074.5978
2025-08-12 08:00:00+00:00,808.101,809.001,797.699,803.188,1398.7391
2025-08-12 12:00:00+00:00,803.108,820.719,800.395,820.719,1354.043
2025-08-12 16:00:00+00:00,820.763,832.733,820.717,831.723,1235.3399
2025-08-12 20:00:00+00:00,831.855,839.873,830.705,832.467,1075.53424613
2025-08-13 00:00:00+00:00,832.34,840.715,795.5,836.2,2408.1558
2025-08-13 04:00:00+00:00,836.119,854.419,832.733,846.577,1591.4464
2025-08-13 08:00:00+00:00,846.686,858.325,844.503,854.689,2780.6852
2025-08-13 12:00:00+00:00,854.532,858.796,838.806,841.295,2260.2555
2025-08-13 16:00:00+00:00,841.398,848.414,837.662,845.213,1256.7224
2025-08-13 20:00:00+00:00,845.214,849.917,840.023,847.747,1408.88516592
2025-08-14 00:00:00+00:00,847.803,856.794,843.714,855.111,1328.0059
2025-08-14 04:00:00+00:00,854.998,865.751,849.912,857.983,2572.4315
2025-08-14 08:00:00+00:00,858.034,869.616,855.647,862.162,1940.971
2025-08-14 12:00:00+00:00,862.232,865.15,820.729,846.951,4490.23769946
2025-08-14 16:00:00+00:00,846.95,848.146,827.794,838.354,2176.86889999
2025-08-14 20:00:00+00:00,838.094,842.964,824.87,840.644,1088.7054
2025-08-15 00:00:00+00:00,840.763,849.422,833.718,848.719,1338.6854
2025-08-15 04:00:00+00:00,848.721,853.701,845.496,848.533,2230.1823
2025-08-15 08:00:00+00:00,848.499,853.492,828.0,843.802,5092.1646
2025-08-15 12:00:00+00:00,843.626,847.495,815.687,818.708,2104.4575
2025-08-15 16:00:00+00:00,818.355,825.874,812.734,820.677,1225.4159
2025-08-15 20:00:00+00:00,820.675,831.939,819.274,828.25,1353.9058
2025-08-16 00:00:00+00:00,827.935,836.663,826.075,831.872,741.3187
2025-08-16 04:00:00+00:00,832.258,837.04,830.302,835.536,995.9355
2025-08-16 08:00:00+00:00,835.619,837.1,826.712,826.832,3449.77329188
2025-08-16 12:00:00+00:00,826.985,835.478,825.495,831.668,1151.0786
2025-08-16 16:00:00+00:00,831.898,836.648,831.534,834.521,1121.1477
2025-08-16 20:00:00+00:00,834.491,839.499,833.584,838.913,1156.9971
2025-08-17 00:00:00+00:00,839.027,851.423,838.309,844.621,903.1588
2025-08-17 04:00:00+00:00,844.577,855.719,844.577,854.273,576.7608
2025-08-17 08:00:00+00:00,854.1,864.253,851.9,861.797,2814.2257
2025-08-17 12:00:00+00:00,861.801,862.453,855.597,860.205,1101.1447
2025-08-17 16:00:00+00:00,860.211,861.615,848.76,851.01,826.5198
2025-08-17 20:00:00+00:00,851.123,859.148,850.701,855.537,672.0526
2025-08-18 00:00:00+00:00,855.572,858.778,831.704,835.751,2070.4841
2025-08-18 04:00:00+00:00,835.513,839.787,824.864,830.023,859.5271
2025-08-18 08:00:00+00:00,830.0,837.349,828.225,831.518,1480.6316
2025-08-18 12:00:00+00:00,831.435,842.515,830.577,842.146,3091.6954
2025-08-18 16:00:00+00:00,842.135,848.221,838.827,845.005,591.4067
2025-08-18 20:00:00+00:00,845.039,855.819,842.805,846.931,757.0346
2025-08-19 00:00:00+00:00,847.134,851.932,839.997,842.157,1086.7092
2025-08-19 04:00:00+00:00,841.857,849.622,835.529,838.269,679.6076
2025-08-19 08:00:00+00:00,838.316,848.403,836.007,846.613,843.6646
2025-08-19 12:00:00+00:00,846.611,847.927,829.74,832.312,838.1226
2025-08-19 16:00:00+00:00,832.189,835.198,824.996,832.59,660.7627
2025-08-19 20:00:00+00:00,832.834,837.141,823.002,824.071,883.2571
2025-08-20 00:00:00+00:00,824.043,837.34,818.61,836.648,1640.4989
2025-08-20 04:00:00+00:00,836.649,837.611,832.547,834.507,721.0065
2025-08-20 08:00:00+00:00,834.614,835.725,826.187,830.948,1850.9617
2025-08-20 12:00:00+00:00,831.028,837.505,818.995,832.926,914.4105
2025-08-20 16:00:00+00:00,833.034,870.0,833.034,869.099,2614.3423
2025-08-20 20:00:00+00:00,869.175,881.137,866.501,869.124,1819.2297
2025-08-21 00:00:00+00:00,869.146,883.889,866.443,866.443,1053.5685
2025-08-21 04:00:00+00:00,866.44,866.601,858.14,862.508,883.7963
2025-08-21 08:00:00+00:00,862.585,864.423,849.495,851.424,1193.7035
2025-08-21 12:00:00+00:00,851.369,856.502,841.16,841.82,899.4412
2025-08-21 16:00:00+00:00,842.044,844.705,835.024,836.233,881.1261
2025-08-21 20:00:00+00:00,836.359,842.752,833.497,839.493,1213.5114
2025-08-22 00:00:00+00:00,839.474,853.466,839.227,845.615,818.9595
2025-08-22 04:00:00+00:00,845.672,854.365,845.672,851.006,584.2561
2025-08-22 08:00:00+00:00,851.006,855.14,844.482,848.933,601.86
2025-08-22 12:00:00+00:00,849.257,882.479,842.964,876.949,3064.44169989
2025-08-22 16:00:00+00:00,876.919,898.529,876.919,894.062,2108.9237
2025-08-22 20:00:00+00:00,894.64,900.553,892.639,900.209,2808.5976
2025-08-23 00:00:00+00:00,900.151,900.472,876.001,883.127,1603.3772
2025-08-23 04:00:00+00:00,883.135,893.267,882.563,887.398,622.12548271
2025-08-23 08:00:00+00:00,887.616,899.253,884.534,888.388,1474.8037
2025-08-23 12:00:00+00:00,888.645,893.952,885.668,888.588,602.846
2025-08-23 16:00:00+00:00,888.579,889.85,879.079,883.123,695.4384
2025-08-23 20:00:00+00:00,883.176,884.047,878.526,880.536,1481.8224
2025-08-24 00:00:00+00:00,880.347,886.373,874.642,878.587,872.5798
2025-08-24 04:00:00+00:00,878.728,882.174,870.357,870.464,878.0626
2025-08-24 08:00:00+00:00,870.388,872.239,860.721,861.638,1697.8985
2025-08-24 12:00:00+00:00,861.672,872.226,859.887,867.474,2007.9152
2025-08-24 16:00:00+00:00,867.415,883.391,859.893,869.532,2252.9021
2025-08-24 20:00:00+00:00,869.595,880.293,860.555,876.399,1789.2019
2025-08-25 00:00:00+00:00,876.526,880.641,865.89,876.111,987.6152
2025-08-25 04:00:00+00:00,876.223,879.703,856.905,858.529,1053.164
2025-08-25 08:00:00+00:00,858.528,863.896,850.653,854.328,1449.4961
2025-08-25 12:00:00+00:00,854.436,871.384,853.893,863.323,2000.7623
2025-08-25 16:00:00+00:00,863.573,870.145,853.438,853.606,1761.6729
2025-08-25 20:00:00+00:00,854.031,857.294,833.0,839.432,2237.7376
2025-08-26 00:00:00+00:00,839.579,849.58,830.248,844.423,805.9914
2025-08-26 04:00:00+00:00,844.661,847.607,839.433,842.812,615.9063
2025-08-26 08:00:00+00:00,842.719,845.246,839.408,841.659,398.4552
2025-08-26 12:00:00+00:00,841.783,853.882,839.0,849.66,1016.7706
2025-08-26 16:00:00+00:00,849.88,860.989,849.484,860.484,2596.9964
2025-08-26 20:00:00+00:00,860.403,868.036,859.778,863.602,1955.7382
2025-08-27 00:00:00+00:00,863.677,864.531,857.491,862.29,574.4566
2025-08-27 04:00:00+00:00,862.254,866.789,856.661,857.226,348.6618
2025-08-27 08:00:00+00:00,857.476,859.976,852.637,859.267,829.4949
2025-08-27 12:00:00+00:00,859.197,865.88,856.2,864.828,679.4301
2025-08-27 16:00:00+00:00,864.969,867.064,858.649,860.541,730.4248
2025-08-27 20:00:00+00:00,860.696,865.848,854.206,855.674,1444.8216
2025-08-28 00:00:00+00:00,855.234,864.869,851.24,864.304,662.4536
2025-08-28 04:00:00+00:00,864.355,872.769,863.096,869.31,414.9094
2025-08-28 08:00:00+00:00,869.168,874.287,865.228,874.069,766.418
2025-08-28 12:00:00+00:00,874.176,879.19,866.81,869.671,1220.4512
2025-08-28 16:00:00+00:00,869.778,881.399,863.897,868.509,1189.6492
2025-08-28 20:00:00+00:00,868.5,877.363,868.173,873.381,825.4042
2025-08-29 00:00:00+00:00,873.479,877.901,872.081,872.777,506.1547
2025-08-29 04:00:00+00:00,873.101,873.657,855.797,857.14,1663.4901
2025-08-29 08:00:00+00:00,857.014,860.286,850.392,854.571,680.4764
2025-08-29 12:00:00+00:00,854.791,865.146,852.104,858.467,883.93126785
2025-08-29 16:00:00+00:00,858.496,860.61,853.008,858.238,619.9055
2025-08-29 20:00:00+00:00,858.648,863.843,853.438,862.217,1537.4178
2025-08-30 00:00:00+00:00,862.298,862.342,852.339,860.303,365.7728
2025-08-30 04:00:00+00:00,860.617,862.03,857.162,860.339,451.4478
2025-08-30 08:00:00+00:00,860.356,861.295,858.326,860.154,306.27426949
2025-08-30 12:00:00+00:00,860.243,860.243,851.616,858.966,440.8643
2025-08-30 16:00:00+00:00,858.902,859.146,855.917,858.791,510.7138
2025-08-30 20:00:00+00:00,858.808,863.988,856.977,861.98,840.3984
2025-08-31 00:00:00+00:00,861.995,864.486,859.392,863.099,318.6199
2025-08-31 04:00:00+00:00,863.196,863.196,857.918,858.638,303.1466
2025-08-31 08:00:00+00:00,858.617,861.649,857.1,859.985,285.1648
2025-08-31 12:00:00+00:00,859.92,862.164,859.028,861.803,301.5415
2025-08-31 16:00:00+00:00,861.803,867.064,861.026,864.684,413.1664
2025-08-31 20:00:00+00:00,864.909,867.824,857.33,857.416,947.8189
2025-09-01 00:00:00+00:00,857.641,865.627,853.719,856.413,859.0294
2025-09-01 04:00:00+00:00,856.241,867.168,849.174,865.475,682.4642
2025-09-01 08:00:00+00:00,865.432,868.958,851.28,851.881,1124.3976
2025-09-01 12:00:00+00:00,852.148,855.122,844.121,847.264,915.5049
2025-09-01 16:00:00+00:00,847.155,849.194,843.808,849.181,388.2874
2025-09-01 20:00:00+00:00,849.32,849.467,839.992,845.686,967.5373
2025-09-02 00:00:00+00:00,845.687,854.279,843.479,852.653,384.3645
2025-09-02 04:00:00+00:00,852.563,855.852,850.88,855.313,420.9538
2025-09-02 08:00:00+00:00,855.231,856.61,847.016,847.708,984.4298
2025-09-02 12:00:00+00:00,847.704,852.455,840.817,846.969,719.4071
2025-09-02 16:00:00+00:00,846.903,851.28,845.715,849.68,539.0755
2025-09-02 20:00:00+00:00,849.735,853.758,849.318,851.808,847.4603
2025-09-03 00:00:00+00:00,851.941,853.979,849.012,851.614,573.6817
2025-09-03 04:00:00+00:00,851.499,854.609,849.454,854.53,347.3713
2025-09-03 08:00:00+00:00,854.493,855.181,851.976,853.879,438.5693
2025-09-03 12:00:00+00:00,853.981,863.869,852.013,860.249,911.0449
2025-09-03 16:00:00+00:00,860.249,862.394,856.822,857.217,387.4535
2025-09-03 20:00:00+00:00,857.277,857.365,852.558,854.733,790.7332
2025-09-04 00:00:00+00:00,854.537,856.606,848.087,848.583,886.1669
2025-09-04 04:00:00+00:00,848.665,849.499,844.417,847.665,472.7241
2025-09-04 08:00:00+00:00,847.664,849.633,846.984,847.785,342.4555
2025-09-04 12:00:00+00:00,847.786,849.768,842.84,844.131,699.3988
2025-09-04 16:00:00+00:00,844.051,846.459,841.001,843.338,1018.9219
2025-09-04 20:00:00+00:00,843.339,849.553,843.072,843.477,2544.4976
2025-09-05 00:00:00+00:00,843.501,847.69,842.304,845.824,547.2964
2025-09-05 04:00:00+00:00,845.928,850.976,843.681,850.493,437.8397
2025-09-05 08:00:00+00:00,850.474,851.135,847.43,850.969,704.9902
2025-09-05 12:00:00+00:00,850.961,857.754,844.57,848.903,897.8361
2025-09-05 16:00:00+00:00,848.928,851.542,848.361,850.874,534.3247
2025-09-05 20:00:00+00:00,850.953,852.473,848.842,849.972,931.854
2025-09-06 00:00:00+00:00,849.989,859.626,849.396,858.178,282.4556
2025-09-06 04:00:00+00:00,858.049,859.965,856.083,859.437,454.5292
2025-09-06 08:00:00+00:00,859.515,862.141,856.594,861.315,1090.3957
2025-09-06 12:00:00+00:00,861.315,865.199,859.441,859.854,848.8189
2025-09-06 16:00:00+00:00,859.864,862.089,857.787,858.183,896.738
2025-09-06 20:00:00+00:00,858.185,863.506,856.948,861.172,521.4193
2025-09-07 00:00:00+00:00,861.204,868.452,860.893,866.366,826.7124
2025-09-07 04:00:00+00:00,866.368,868.401,864.949,867.696,347.3363
2025-09-07 08:00:00+00:00,867.798,874.468,867.397,873.873,725.5305
2025-09-07 12:00:00+00:00,873.87,875.46,869.928,874.868,407.795
2025-09-07 16:00:00+00:00,874.877,876.921,872.525,875.679,508.9411
2025-09-07 20:00:00+00:00,875.679,884.0,873.4,880.154,708.9783
2025-09-08 00:00:00+00:00,880.11,885.734,877.748,882.168,335.5994
2025-09-08 04:00:00+00:00,881.988,882.338,871.89,874.303,776.0214
2025-09-08 08:00:00+00:00,874.459,879.477,870.381,878.871,1037.4192
2025-09-08 12:00:00+00:00,879.072,883.372,877.368,880.636,1522.6013
2025-09-08 16:00:00+00:00,880.564,882.424,876.369,877.67,735.7471
2025-09-08 20:00:00+00:00,878.038,882.407,877.197,878.062,897.6366
2025-09-09 00:00:00+00:00,878.124,879.95,871.926,875.313,542.91960182
2025-09-09 04:00:00+00:00,874.908,884.397,873.921,880.873,623.4429
2025-09-09 08:00:00+00:00,880.937,884.776,880.131,880.146,601.3085
2025-09-09 12:00:00+00:00,880.11,882.083,871.262,873.047,1204.5522
2025-09-09 16:00:00+00:00,873.117,877.55,872.61,877.099,619.7315
2025-09-09 20:00:00+00:00,877.1,883.761,874.435,880.233,1414.234
2025-09-10 00:00:00+00:00,880.233,882.833,877.346,880.732,535.2362
2025-09-10 04:00:00+00:00,880.75,885.99,878.906,883.657,697.4837
2025-09-10 08:00:00+00:00,883.691,885.437,881.533,884.959,1143.92445112
2025-09-10 12:00:00+00:00,884.939,907.212,884.561,895.761,2730.69949172
2025-09-10 16:00:00+00:00,895.936,899.504,888.855,890.972,1020.5944
2025-09-10 20:00:00+00:00,890.917,895.278,888.592,893.752,941.021
2025-09-11 00:00:00+00:00,893.753,895.133,888.427,894.526,452.0859
2025-09-11 04:00:00+00:00,894.453,898.442,892.577,896.553,482.8428
2025-09-11 08:00:00+00:00,896.465,902.332,894.986,899.037,1767.6525
2025-09-11 12:00:00+00:00,899.162,904.756,891.495,893.265,1330.0794
2025-09-11 16:00:00+00:00,893.266,897.994,893.266,896.953,761.2688
2025-09-11 20:00:00+00:00,897.101,903.925,895.304,902.812,705.87772187
2025-09-12 00:00:00+00:00,902.815,909.0,901.703,904.739,573.5342
2025-09-12 04:00:00+00:00,904.58,909.981,903.226,903.444,1002.533
2025-09-12 08:00:00+00:00,903.452,909.165,902.712,905.304,1272.9019
2025-09-12 12:00:00+00:00,905.438,909.925,903.964,906.856,948.18378858
2025-09-12 16:00:00+00:00,906.856,925.831,906.552,924.163,2150.0972
2025-09-12 20:00:00+00:00,924.271,929.564,922.19,924.797,740.6875
2025-09-13 00:00:00+00:00,924.879,929.488,923.517,928.062,894.8717
2025-09-13 04:00:00+00:00,927.822,927.952,924.007,925.143,539.7109
2025-09-13 08:00:00+00:00,925.143,943.59,924.386,941.196,1003.2518
2025-09-13 12:00:00+00:00,941.232,944.012,931.818,936.669,1071.059379
2025-09-13 16:00:00+00:00,936.757,937.967,922.17,929.847,747.3837
2025-09-13 20:00:00+00:00,929.999,934.648,928.457,933.788,1300.67464346
2025-09-14 00:00:00+00:00,933.787,938.023,929.507,931.304,463.5135
2025-09-14 04:00:00+00:00,931.317,945.0,927.914,937.614,386.4403
2025-09-14 08:00:00+00:00,937.613,941.354,931.431,931.701,637.0846
2025-09-14 12:00:00+00:00,931.842,936.855,922.658,924.608,866.0254
2025-09-14 16:00:00+00:00,924.608,929.152,923.484,927.42,481.8025
2025-09-14 20:00:00+00:00,927.767,934.515,925.406,926.709,1087.16200648
2025-09-15 00:00:00+00:00,926.709,933.264,922.436,932.7,634.2883
2025-09-15 04:00:00+00:00,932.559,935.662,922.285,923.41,926.588
2025-09-15 08:00:00+00:00,923.31,923.364,910.633,920.143,1202.7365
2025-09-15 12:00:00+00:00,920.124,923.0,912.312,916.639,1505.2969
2025-09-15 16:00:00+00:00,916.394,921.907,912.779,919.354,646.6043
2025-09-15 20:00:00+00:00,919.335,922.357,918.255,919.815,575.7526
2025-09-16 00:00:00+00:00,919.597,922.633,916.619,921.037,406.1509
2025-09-16 04:00:00+00:00,921.037,932.363,917.031,930.635,1168.2046
2025-09-16 08:00:00+00:00,930.894,933.481,924.699,927.685,754.2448
2025-09-16 12:00:00+00:00,927.336,938.173,922.046,937.762,1317.2926
2025-09-16 16:00:00+00:00,938.115,957.325,932.637,954.55,1795.2271
2025-09-16 20:00:00+00:00,954.618,959.177,953.51,956.051,1663.4662
2025-09-17 00:00:00+00:00,955.843,962.855,954.39,956.923,988.8487
2025-09-17 04:00:00+00:00,956.924,959.177,947.286,954.697,1492.5852
2025-09-17 08:00:00+00:00,954.71,957.065,950.904,953.238,1124.9545
2025-09-17 12:00:00+00:00,953.349,954.37,947.478,951.218,1125.91263124
2025-09-17 16:00:00+00:00,951.124,962.461,946.348,956.739,1946.39439429
2025-09-17 20:00:00+00:00,956.57,995.5,952.189,989.993,3153.985
2025-09-18 00:00:00+00:00,990.104,996.879,983.0,995.394,1384.2888
2025-09-18 04:00:00+00:00,995.623,1000.0,987.903,998.134,1052.0565
2025-09-18 08:00:00+00:00,998.133,1007.018,990.557,991.769,2001.1878
2025-09-18 12:00:00+00:00,991.761,998.817,991.001,993.471,1018.4922
2025-09-18 16:00:00+00:00,993.407,995.501,985.783,988.183,1225.5105
2025-09-18 20:00:00+00:00,987.816,989.127,979.624,981.191,1172.3038
2025-09-19 00:00:00+00:00,981.179,988.75,980.749,984.926,741.8132
2025-09-19 04:00:00+00:00,984.881,997.641,982.25,994.932,1495.35719429
2025-09-19 08:00:00+00:00,994.931,1003.059,984.623,985.727,2114.3705
2025-09-19 12:00:00+00:00,985.496,992.104,973.99,982.373,2101.7682
2025-09-19 16:00:00+00:00,982.482,984.435,974.963,978.119,2226.7953
2025-09-19 20:00:00+00:00,977.876,985.15,977.043,983.838,1787.2811
2025-09-20 00:00:00+00:00,983.84,993.508,982.837,991.573,642.4371
2025-09-20 04:00:00+00:00,991.845,1001.788,990.894,999.614,768.9173
2025-09-20 08:00:00+00:00,999.602,1005.419,994.239,1001.976,1691.26553712
2025-09-20 12:00:00+00:00,1002.144,1027.779,998.646,1021.29,2400.39389429
2025-09-20 16:00:00+00:00,1021.303,1029.357,1017.238,1019.927,1931.56245608
2025-09-20 20:00:00+00:00,1019.428,1048.657,1018.805,1043.472,3255.1468
2025-09-21 00:00:00+00:00,1043.635,1083.206,1039.449,1069.396,4412.423
2025-09-21 04:00:00+00:00,1069.396,1080.752,1058.801,1073.68,1843.97553149
2025-09-21 08:00:00+00:00,1073.813,1075.265,1050.635,1050.972,2241.4094
2025-09-21 12:00:00+00:00,1050.973,1057.491,1044.239,1056.571,1605.76848287
2025-09-21 16:00:00+00:00,1056.547,1058.08,1039.817,1047.974,1904.2512
2025-09-21 20:00:00+00:00,1047.975,1054.806,1041.515,1047.917,1414.17339
2025-09-22 00:00:00+00:00,1047.812,1050.583,1024.552,1029.828,3072.9263
2025-09-22 04:00:00+00:00,1029.523,1038.849,994.882,1023.994,5039.3085
2025-09-22 08:00:00+00:00,1023.995,1035.977,1012.853,1018.224,1848.7673
2025-09-22 12:00:00+00:00,1018.532,1027.809,994.678,997.349,3113.8094
2025-09-22 16:00:00+00:00,997.728,998.47,977.0,981.074,3464.8077
2025-09-22 20:00:00+00:00,981.069,994.426,978.678,992.862,1837.7326
2025-09-23 00:00:00+00:00,992.849,997.615,962.486,982.468,2067.4191
2025-09-23 04:00:00+00:00,982.281,1006.629,976.534,1001.765,2061.2746
2025-09-23 08:00:00+00:00,1001.731,1018.03,996.931,1010.83,2700.0432
2025-09-23 12:00:00+00:00,1010.627,1026.55,1009.459,1022.976,1976.5634
2025-09-23 16:00:00+00:00,1022.663,1027.12,1006.653,1009.251,2073.0439
2025-09-23 20:00:00+00:00,1009.296,1021.21,1008.66,1016.275,1682.0662
2025-09-24 00:00:00+00:00,1016.23,1026.745,1002.256,1002.387,1111.891
2025-09-24 04:00:00+00:00,1002.591,1018.974,991.651,1017.964,1439.7033
2025-09-24 08:00:00+00:00,1017.972,1034.456,1012.853,1016.269,2064.7559
2025-09-24 12:00:00+00:00,1016.206,1021.378,1007.59,1009.432,2270.3095
2025-09-24 16:00:00+00:00,1009.547,1019.38,1008.359,1015.761,853.58859429
2025-09-24 20:00:00+00:00,1015.843,1019.654,1012.176,1018.417,1248.4023
2025-09-25 00:00:00+00:00,1018.322,1019.75,995.611,999.48,1378.4438
2025-09-25 04:00:00+00:00,999.385,1000.074,985.8,991.926,1263.7057
2025-09-25 08:00:00+00:00,991.926,996.413,981.034,985.851,1633.5328
2025-09-25 12:00:00+00:00,985.976,1000.376,980.001,995.229,1878.381
2025-09-25 16:00:00+00:00,995.285,997.147,950.002,958.02,4834.1743
2025-09-25 20:00:00+00:00,959.274,961.116,939.664,945.901,2224.428
2025-09-26 00:00:00+00:00,945.858,958.992,941.023,945.651,1330.29468286
2025-09-26 04:00:00+00:00,945.456,949.85,936.241,949.557,830.9623
2025-09-26 08:00:00+00:00,949.481,950.871,932.286,937.212,951.70012543
2025-09-26 12:00:00+00:00,937.11,951.988,932.356,942.301,1091.5749
2025-09-26 16:00:00+00:00,942.305,966.048,941.461,954.841,1554.8584
2025-09-26 20:00:00+00:00,954.718,960.86,951.665,960.86,1068.2289
2025-09-27 00:00:00+00:00,960.889,967.5,955.636,966.697,692.59661358
2025-09-27 04:00:00+00:00,966.192,973.658,965.453,972.093,936.4715
2025-09-27 08:00:00+00:00,972.191,975.07,965.388,970.537,828.9779
2025-09-27 12:00:00+00:00,970.613,985.74,968.598,976.362,864.8638
2025-09-27 16:00:00+00:00,976.232,977.306,965.167,969.649,652.9059
2025-09-27 20:00:00+00:00,969.871,977.986,967.1,968.542,908.317
2025-09-28 00:00:00+00:00,968.541,974.736,965.453,974.028,533.0093
2025-09-28 04:00:00+00:00,974.051,975.067,968.658,969.516,586.1903
2025-09-28 08:00:00+00:00,969.516,973.149,962.738,973.132,839.7322
2025-09-28 12:00:00+00:00,973.136,979.002,966.329,975.977,720.3051
2025-09-28 16:00:00+00:00,975.976,980.294,975.342,978.155,582.8596
2025-09-28 20:00:00+00:00,978.286,993.273,977.659,993.037,801.1638
2025-09-29 00:00:00+00:00,992.966,1010.999,991.242,1010.327,853.68887128
2025-09-29 04:00:00+00:00,1009.806,1013.399,1005.69,1009.922,607.3042
2025-09-29 08:00:00+00:00,1009.922,1012.66,1002.326,1004.793,1459.0275
2025-09-29 12:00:00+00:00,1004.812,1023.082,999.791,1011.053,1761.544
2025-09-29 16:00:00+00:00,1011.169,1021.072,1003.832,1019.643,1205.559
2025-09-29 20:00:00+00:00,1020.029,1035.686,1019.105,1029.783,1309.2702
2025-09-30 00:00:00+00:00,1029.715,1033.46,1021.54,1023.257,738.4037
2025-09-30 04:00:00+00:00,1023.065,1027.944,1016.606,1020.145,787.0075
2025-09-30 08:00:00+00:00,1019.977,1021.417,1006.721,1014.272,1610.0742
2025-09-30 12:00:00+00:00,1014.442,1014.579,992.839,998.227,1344.4987
2025-09-30 16:00:00+00:00,998.376,1009.495,996.734,1007.44,1263.9452
2025-09-30 20:00:00+00:00,1007.256,1010.437,1001.241,1008.458,1711.8972
2025-10-01 00:00:00+00:00,1008.459,1015.806,1003.317,1005.086,1498.8295
2025-10-01 04:00:00+00:00,1005.088,1013.545,1005.041,1009.98,889.8703
2025-10-01 08:00:00+00:00,1010.24,1036.484,1009.556,1023.532,2336.3804
2025-10-01 12:00:00+00:00,1023.343,1028.5,1016.461,1018.951,1486.3397
2025-10-01 16:00:00+00:00,1019.722,1025.071,1017.78,1019.772,1445.4023
2025-10-01 20:00:00+00:00,1019.624,1026.44,1017.617,1026.289,1583.67942071
2025-10-02 00:00:00+00:00,1026.365,1037.913,1022.071,1031.589,1904.28078686
2025-10-02 04:00:00+00:00,1031.411,1041.401,1027.592,1036.298,1149.91221039
2025-10-02 08:00:00+00:00,1036.301,1050.096,1033.86,1048.285,1673.9463
2025-10-02 12:00:00+00:00,1048.219,1063.883,1041.776,1055.856,2394.0006
2025-10-02 16:00:00+00:00,1055.934,1076.683,1055.426,1073.672,1914.2183
2025-10-02 20:00:00+00:00,1073.955,1099.092,1073.036,1090.223,2327.27096026
2025-10-03 00:00:00+00:00,1090.099,1112.5,1084.543,1108.271,1885.7618
2025-10-03 04:00:00+00:00,1108.257,1112.638,1084.71,1086.512,2450.8321
2025-10-03 08:00:00+00:00,1086.391,1114.845,1084.322,1106.634,1927.17991505
2025-10-03 12:00:00+00:00,1106.897,1168.115,1102.721,1165.488,3994.3513
2025-10-03 16:00:00+00:00,1165.637,1178.287,1126.144,1170.347,6629.85217562
2025-10-03 20:00:00+00:00,1170.337,1192.237,1164.999,1189.132,2901.62476429
2025-10-04 00:00:00+00:00,1189.504,1190.295,1163.837,1170.54,1651.6195
2025-10-04 04:00:00+00:00,1170.571,1182.558,1165.566,1167.213,1072.7732
2025-10-04 08:00:00+00:00,1167.213,1169.047,1145.139,1151.797,1197.1789
2025-10-04 12:00:00+00:00,1151.947,1154.044,1139.86,1144.284,2688.9409
2025-10-04 16:00:00+00:00,1144.624,1158.115,1136.385,1147.009,2401.914
2025-10-04 20:00:00+00:00,1147.01,1156.535,1144.636,1150.407,1068.17525303
2025-10-05 00:00:00+00:00,1150.833,1169.791,1143.393,1163.658,1638.5859
2025-10-05 04:00:00+00:00,1163.249,1189.455,1163.249,1177.997,1434.29181081
2025-10-05 08:00:00+00:00,1178.086,1180.153,1153.605,1167.676,1477.9439
2025-10-05 12:00:00+00:00,1167.816,1171.042,1156.582,1158.635,775.9636
2025-10-05 16:00:00+00:00,1158.704,1169.975,1148.213,1149.639,1207.6086
2025-10-05 20:00:00+00:00,1149.947,1167.444,1148.156,1167.444,767.4776
2025-10-06 00:00:00+00:00,1167.499,1183.88,1162.406,1182.558,1628.8973
2025-10-06 04:00:00+00:00,1182.3,1224.064,1178.394,1198.367,3729.7946
2025-10-06 08:00:00+00:00,1198.485,1222.792,1198.354,1222.358,2426.2422
2025-10-06 12:00:00+00:00,1222.411,1239.151,1209.969,1222.034,2734.9698
2025-10-06 16:00:00+00:00,1222.031,1227.799,1214.481,1225.998,1707.6781
2025-10-06 20:00:00+00:00,1225.543,1231.398,1218.401,1224.482,1253.7716
2025-10-07 00:00:00+00:00,1223.204,1229.758,1204.65,1223.276,1655.4159
2025-10-07 04:00:00+00:00,1223.276,1263.532,1220.573,1250.079,2777.7028
2025-10-07 08:00:00+00:00,1249.749,1317.73,1232.482,1313.814,5826.4436
2025-10-07 12:00:00+00:00,1313.131,1357.115,1261.07,1281.31,10914.49660033
2025-10-07 16:00:00+00:00,1280.959,1303.234,1266.02,1297.9,4184.25760548
2025-10-07 20:00:00+00:00,1298.075,1328.365,1296.262,1304.785,5384.3234
2025-10-08 00:00:00+00:00,1304.769,1334.366,1271.29,1275.86,3490.23689874
2025-10-08 04:00:00+00:00,1276.733,1314.188,1264.054,1312.908,2900.6471
2025-10-08 08:00:00+00:00,1312.727,1327.736,1302.732,1313.44,3943.7115
2025-10-08 12:00:00+00:00,1313.732,1320.77,1282.516,1294.072,4801.9039
2025-10-08 16:00:00+00:00,1294.037,1323.201,1289.27,1316.568,2741.5524
2025-10-08 20:00:00+00:00,1316.203,1325.131,1295.201,1307.333,1998.5716
2025-10-09 00:00:00+00:00,1307.684,1317.949,1254.599,1278.556,3367.7995
2025-10-09 04:00:00+00:00,1278.589,1320.67,1271.718,1310.214,3499.9752
2025-10-09 08:00:00+00:00,1310.214,1310.805,1267.866,1281.223,3132.6445
2025-10-09 12:00:00+00:00,1281.03,1291.305,1228.184,1240.206,4571.8877
2025-10-09 16:00:00+00:00,1240.222,1247.39,1225.011,1241.443,2914.7416
2025-10-09 20:00:00+00:00,1241.851,1260.725,1239.655,1255.375,3040.1654
2025-10-10 00:00:00+00:00,1255.703,1269.231,1244.443,1259.792,1878.5253
2025-10-10 04:00:00+00:00,1260.009,1278.534,1258.521,1263.792,2177.7949
2025-10-10 08:00:00+00:00,1263.938,1273.832,1245.879,1270.561,2006.1547
2025-10-10 12:00:00+00:00,1270.562,1274.107,1206.001,1215.484,6540.5096
2025-10-10 16:00:00+00:00,1215.31,1247.228,1210.309,1235.912,5626.2743
2025-10-10 20:00:00+00:00,1236.208,1243.351,852.644,1102.49,19926.89026226
2025-10-11 00:00:00+00:00,1102.602,1142.871,1075.779,1128.357,4018.6903
2025-10-11 04:00:00+00:00,1128.484,1140.316,1085.0,1094.203,2135.3792
2025-10-11 08:00:00+00:00,1094.794,1140.303,1090.39,1129.603,2175.5332
2025-10-11 12:00:00+00:00,1129.601,1158.125,1113.513,1143.283,2180.3207
2025-10-11 16:00:00+00:00,1142.875,1182.661,1136.201,1141.547,3567.58011495
2025-10-11 20:00:00+00:00,1141.641,1147.47,1106.553,1135.202,3623.2443
2025-10-12 00:00:00+00:00,1135.204,1137.864,1107.481,1121.546,2636.95189452
2025-10-12 04:00:00+00:00,1121.438,1168.953,1118.064,1160.782,1817.47565383
2025-10-12 08:00:00+00:00,1160.667,1230.784,1154.627,1229.879,4795.97374305
2025-10-12 12:00:00+00:00,1229.688,1307.791,1220.744,1302.197,9384.69314646
2025-10-12 16:00:00+00:00,1302.608,1312.712,1274.804,1296.218,3583.9408
2025-10-12 20:00:00+00:00,1297.113,1320.0,1276.799,1302.806,3709.03
2025-10-13 00:00:00+00:00,1302.665,1322.318,1292.368,1296.718,3242.5846
2025-10-13 04:00:00+00:00,1296.68,1354.831,1283.837,1343.973,4159.9023
2025-10-13 08:00:00+00:00,1343.209,1376.037,1266.394,1294.699,6094.93689045
2025-10-13 12:00:00+00:00,1294.017,1305.14,1251.502,1273.792,4320.342997
2025-10-13 16:00:00+00:00,1274.222,1288.996,1261.858,1271.284,3024.6258
2025-10-13 20:00:00+00:00,1271.771,1299.299,1271.567,1295.05,2055.6883
2025-10-14 00:00:00+00:00,1294.971,1318.057,1271.18,1278.184,2018.7022
2025-10-14 04:00:00+00:00,1277.99,1280.016,1179.816,1195.58,5942.266
2025-10-14 08:00:00+00:00,1195.313,1212.756,1165.414,1170.786,3907.22743969
2025-10-14 12:00:00+00:00,1170.862,1216.073,1142.742,1214.278,5588.30038858
2025-10-14 16:00:00+00:00,1214.313,1250.517,1191.568,1206.469,4513.83752692
2025-10-14 20:00:00+00:00,1207.092,1222.913,1203.514,1208.259,2312.1246
2025-10-15 00:00:00+00:00,1208.508,1222.5,1199.835,1206.395,2530.7506
2025-10-15 04:00:00+00:00,1206.648,1216.287,1177.125,1190.091,2287.2622
2025-10-15 08:00:00+00:00,1189.769,1215.33,1177.248,1185.245,2354.2221
2025-10-15 12:00:00+00:00,1185.042,1191.664,1164.927,1169.303,2374.87852967
2025-10-15 16:00:00+00:00,1169.221,1188.109,1156.395,1164.499,2707.8306
2025-10-15 20:00:00+00:00,1164.655,1170.802,1148.849,1162.64,2410.50896437
2025-10-16 00:00:00+00:00,1162.923,1195.423,1158.824,1183.833,1538.92960699
2025-10-16 04:00:00+00:00,1184.016,1192.542,1174.086,1185.361,2024.61344292
2025-10-16 08:00:00+00:00,1184.746,1194.939,1170.411,1181.918,4147.7559
2025-10-16 12:00:00+00:00,1182.13,1191.497,1132.765,1135.955,3065.9596
2025-10-16 16:00:00+00:00,1135.222,1156.826,1122.911,1145.446,5023.39573993
2025-10-16 20:00:00+00:00,1145.661,1165.092,1141.533,1145.097,1408.0869
2025-10-17 00:00:00+00:00,1144.997,1156.571,1137.755,1150.645,675.2117
2025-10-17 04:00:00+00:00,1150.803,1154.176,1059.332,1062.843,3089.9556
2025-10-17 08:00:00+00:00,1063.347,1080.042,1021.247,1072.589,8115.652
2025-10-17 12:00:00+00:00,1072.177,1077.515,1047.468,1074.44,3147.54737924
2025-10-17 16:00:00+00:00,1074.201,1093.3,1063.19,1067.084,3024.355
2025-10-17 20:00:00+00:00,1067.269,1090.844,1064.607,1071.635,1468.6477
2025-10-18 00:00:00+00:00,1071.244,1094.831,1069.443,1090.134,1259.8161
2025-10-18 04:00:00+00:00,1090.006,1130.949,1080.406,1119.396,2841.48078345
2025-10-18 08:00:00+00:00,1118.974,1125.614,1096.554,1104.075,1880.6684
2025-10-18 12:00:00+00:00,1104.202,1105.82,1083.019,1091.395,2332.25371403
2025-10-18 16:00:00+00:00,1091.498,1103.847,1082.049,1103.445,1786.95509223
2025-10-18 20:00:00+00:00,1103.426,1105.664,1084.987,1092.786,1880.4816
2025-10-19 00:00:00+00:00,1092.294,1094.325,1077.352,1091.902,840.9644
2025-10-19 04:00:00+00:00,1091.964,1097.517,1082.411,1084.625,829.6837
2025-10-19 08:00:00+00:00,1084.908,1109.767,1068.234,1100.387,3983.77139872
2025-10-19 12:00:00+00:00,1100.43,1123.009,1092.501,1119.352,3666.9024
2025-10-19 16:00:00+00:00,1118.792,1133.64,1115.626,1117.108,2065.1503191
2025-10-19 20:00:00+00:00,1117.337,1121.839,1107.496,1110.03,1215.4646
2025-10-20 00:00:00+00:00,1109.708,1130.6,1088.178,1128.323,1660.1044
2025-10-20 04:00:00+00:00,1128.577,1143.109,1121.491,1125.547,2367.5598
2025-10-20 08:00:00+00:00,1125.134,1130.0,1110.596,1115.567,1770.9367
2025-10-20 12:00:00+00:00,1115.508,1117.425,1099.503,1111.097,2972.4823
2025-10-20 16:00:00+00:00,1110.754,1110.824,1088.51,1100.822,3119.83
2025-10-20 20:00:00+00:00,1101.113,1104.533,1092.415,1100.311,1941.08703497
2025-10-21 00:00:00+00:00,1100.312,1102.448,1077.99,1081.603,1611.6965
2025-10-21 04:00:00+00:00,1081.939,1082.373,1062.0,1072.545,2013.2813
2025-10-21 08:00:00+00:00,1072.29,1079.694,1065.446,1076.452,1292.7777
2025-10-21 12:00:00+00:00,1076.615,1114.618,1068.479,1112.153,3521.12414
2025-10-21 16:00:00+00:00,1111.936,1113.683,1081.12,1089.99,2332.1879436
2025-10-21 20:00:00+00:00,1090.12,1091.071,1052.182,1057.252,2203.77495998
2025-10-22 00:00:00+00:00,1057.059,1071.139,1053.66,1068.128,1111.6145
2025-10-22 04:00:00+00:00,1068.058,1074.86,1061.68,1071.183,698.2566
2025-10-22 08:00:00+00:00,1071.083,1074.319,1058.447,1069.318,1856.8526
2025-10-22 12:00:00+00:00,1069.544,1083.82,1065.702,1081.104,2352.7485
2025-10-22 16:00:00+00:00,1080.99,1081.96,1063.371,1070.157,1093.23807362
2025-10-22 20:00:00+00:00,1070.132,1073.935,1053.231,1071.822,1953.43125269
2025-10-23 00:00:00+00:00,1072.134,1091.56,1072.072,1087.172,1300.3428
2025-10-23 04:00:00+00:00,1086.969,1111.128,1083.291,1109.576,1284.3156
2025-10-23 08:00:00+00:00,1109.823,1123.06,1093.697,1094.922,2129.036
2025-10-23 12:00:00+00:00,1094.878,1173.412,1077.485,1130.047,6933.3109
2025-10-23 16:00:00+00:00,1130.217,1140.148,1107.445,1117.516,3117.0898
2025-10-23 20:00:00+00:00,1117.769,1130.15,1111.476,1126.885,1614.4814815
2025-10-24 00:00:00+00:00,1126.54,1140.654,1126.399,1136.088,986.4018
2025-10-24 04:00:00+00:00,1135.742,1144.299,1122.654,1125.332,1424.9796
2025-10-24 08:00:00+00:00,1125.119,1135.561,1120.52,1125.713,1426.6563
2025-10-24 12:00:00+00:00,1125.721,1137.787,1103.09,1104.22,2105.08114139
2025-10-24 16:00:00+00:00,1104.299,1114.209,1097.617,1110.18,1710.9136
2025-10-24 20:00:00+00:00,1109.738,1113.842,1106.494,1108.842,1355.5449
2025-10-25 00:00:00+00:00,1108.656,1118.558,1101.09,1116.938,1192.77769429
2025-10-25 04:00:00+00:00,1116.986,1118.995,1110.831,1112.942,1425.0586
2025-10-25 08:00:00+00:00,1112.687,1118.206,1110.111,1115.601,1846.7069
2025-10-25 12:00:00+00:00,1115.602,1117.971,1105.64,1108.57,1449.7929
2025-10-25 16:00:00+00:00,1108.726,1116.938,1107.761,1116.182,1440.626
2025-10-25 20:00:00+00:00,1116.173,1121.093,1112.927,1116.679,1471.4201
2025-10-26 00:00:00+00:00,1116.679,1124.7,1114.69,1116.885,1457.9456
2025-10-26 04:00:00+00:00,1116.97,1122.547,1115.802,1120.135,1127.4971
2025-10-26 08:00:00+00:00,1120.136,1135.96,1120.135,1135.342,1514.1713
2025-10-26 12:00:00+00:00,1135.207,1139.094,1126.877,1133.408,1740.6326
2025-10-26 16:00:00+00:00,1133.349,1133.602,1123.397,1126.672,1478.3943
2025-10-26 20:00:00+00:00,1126.669,1143.016,1123.167,1138.268,1293.9349
2025-10-27 00:00:00+00:00,1138.356,1163.787,1137.292,1151.38,1701.2912
2025-10-27 04:00:00+00:00,1151.568,1161.083,1139.698,1156.545,1840.3947
2025-10-27 08:00:00+00:00,1156.309,1179.517,1147.54,1179.517,1791.7398
2025-10-27 12:00:00+00:00,1179.58,1182.0,1131.304,1143.848,2975.1897
2025-10-27 16:00:00+00:00,1143.859,1153.984,1142.646,1145.399,1477.2055
2025-10-27 20:00:00+00:00,1145.415,1147.495,1132.854,1138.583,1492.341
2025-10-28 00:00:00+00:00,1138.584,1147.493,1131.11,1137.969,1559.4841
2025-10-28 04:00:00+00:00,1138.276,1143.53,1120.819,1132.36,1625.811
2025-10-28 08:00:00+00:00,1132.407,1138.863,1129.4,1132.523,1584.8093
2025-10-28 12:00:00+00:00,1132.13,1147.208,1127.123,1135.529,1802.2698
2025-10-28 16:00:00+00:00,1135.528,1148.999,1126.39,1128.381,1444.1835
2025-10-28 20:00:00+00:00,1128.56,1128.964,1073.351,1103.458,3271.1064
2025-10-29 00:00:00+00:00,1103.424,1109.08,1099.1,1104.402,2058.6107
2025-10-29 04:00:00+00:00,1104.402,1121.051,1103.417,1117.074,2354.37818858
2025-10-29 08:00:00+00:00,1117.317,1120.124,1111.16,1113.683,2443.0153
2025-10-29 12:00:00+00:00,1113.672,1118.713,1096.695,1099.266,2090.7926
2025-10-29 16:00:00+00:00,1099.404,1114.286,1082.31,1107.399,2740.3349949
2025-10-29 20:00:00+00:00,1107.382,1119.594,1103.842,1107.419,1044.7677
2025-10-30 00:00:00+00:00,1107.751,1120.003,1104.728,1118.758,710.7265
2025-10-30 04:00:00+00:00,1118.63,1118.804,1089.974,1118.444,1383.6672
2025-10-30 08:00:00+00:00,1118.445,1129.765,1107.834,1111.552,1368.5049
2025-10-30 12:00:00+00:00,1111.693,1114.18,1075.356,1077.246,2112.2592
2025-10-30 16:00:00+00:00,1077.22,1084.207,1058.771,1062.087,2292.1972
2025-10-30 20:00:00+00:00,1061.614,1079.462,1042.618,1079.007,2277.1598
2025-10-31 00:00:00+00:00,1079.121,1088.685,1075.345,1085.992,1301.6089
2025-10-31 04:00:00+00:00,1085.992,1103.451,1085.069,1098.957,1327.6216
2025-10-31 08:00:00+00:00,1099.122,1105.067,1078.414,1088.362,3190.0513
2025-10-31 12:00:00+00:00,1088.093,1092.247,1077.305,1084.838,1810.7447
2025-10-31 16:00:00+00:00,1084.338,1091.83,1071.638,1090.216,2368.5873
2025-10-31 20:00:00+00:00,1089.762,1090.702,1083.882,1088.754,1838.7712
2025-11-01 00:00:00+00:00,1088.647,1094.708,1082.061,1089.85,1534.5267
2025-11-01 04:00:00+00:00,1089.767,1091.426,1084.471,1086.468,1682.336
2025-11-01 08:00:00+00:00,1086.469,1089.245,1085.368,1088.859,1294.3636
2025-11-01 12:00:00+00:00,1088.992,1095.772,1082.067,1092.472,1851.942
2025-11-01 16:00:00+00:00,1092.513,1096.315,1089.893,1094.41,1154.0589
2025-11-01 20:00:00+00:00,1094.549,1096.8,1089.99,1094.502,1529.9577
2025-11-02 00:00:00+00:00,1094.468,1094.792,1088.096,1089.859,1422.1181
2025-11-02 04:00:00+00:00,1089.859,1094.828,1088.184,1093.82,1267.1909
2025-11-02 08:00:00+00:00,1093.888,1094.67,1080.416,1087.916,1502.1538
2025-11-02 12:00:00+00:00,1087.83,1088.228,1079.09,1080.942,1919.184
2025-11-02 16:00:00+00:00,1080.67,1080.67,1072.151,1078.618,1512.7583
2025-11-02 20:00:00+00:00,1078.62,1085.408,1076.341,1082.972,1810.2747
2025-11-03 00:00:00+00:00,1082.972,1087.16,1041.276,1043.692,1531.1311749
2025-11-03 04:00:00+00:00,1043.511,1049.139,1024.542,1029.1,1808.6854
2025-11-03 08:00:00+00:00,1029.074,1031.261,1008.924,1016.05,2078.6768
2025-11-03 12:00:00+00:00,1016.05,1024.692,960.93,980.171,5253.0965
2025-11-03 16:00:00+00:00,980.448,1010.036,976.55,996.278,2799.5769
2025-11-03 20:00:00+00:00,996.568,997.666,981.362,993.389,2594.0372
2025-11-04 00:00:00+00:00,993.928,1001.001,982.575,999.063,1293.1368
2025-11-04 04:00:00+00:00,999.041,1001.799,940.231,944.667,3361.3501
2025-11-04 08:00:00+00:00,944.725,963.302,939.884,958.514,2385.0753
2025-11-04 12:00:00+00:00,958.196,966.9,934.79,949.682,1996.0209
2025-11-04 16:00:00+00:00,949.697,953.071,908.427,919.73,3874.2859
2025-11-04 20:00:00+00:00,919.734,941.772,880.51,936.608,4055.2001
2025-11-05 00:00:00+00:00,936.985,955.68,900.48,949.248,2603.3295
2025-11-05 04:00:00+00:00,949.105,957.156,941.248,953.957,1346.5446
2025-11-05 08:00:00+00:00,953.926,954.131,937.025,945.846,1109.6951
2025-11-05 12:00:00+00:00,945.431,965.904,944.262,965.831,1613.17699726
2025-11-05 16:00:00+00:00,965.832,967.804,957.594,959.299,1974.4174
2025-11-05 20:00:00+00:00,959.185,964.182,951.727,959.703,1989.0527
2025-11-06 00:00:00+00:00,959.196,963.978,943.952,963.042,1294.6233
2025-11-06 04:00:00+00:00,963.108,965.175,946.782,951.349,971.85962322
2025-11-06 08:00:00+00:00,951.105,958.33,948.2,955.264,2574.0213
2025-11-06 12:00:00+00:00,955.321,955.633,927.51,933.766,1828.29091933
2025-11-06 16:00:00+00:00,933.882,955.352,925.171,948.209,1351.1617
2025-11-06 20:00:00+00:00,948.369,954.474,944.067,949.862,1150.90729872
2025-11-07 00:00:00+00:00,950.208,976.01,944.573,967.363,1567.7554523
2025-11-07 04:00:00+00:00,967.14,971.284,958.001,969.916,1022.9643
2025-11-07 08:00:00+00:00,969.847,970.767,937.396,942.547,1821.6762
2025-11-07 12:00:00+00:00,942.528,949.848,925.456,944.726,2354.2208
2025-11-07 16:00:00+00:00,944.688,985.331,940.034,981.837,2783.4231
2025-11-07 20:00:00+00:00,981.803,995.689,974.393,991.284,2174.8467
2025-11-08 00:00:00+00:00,991.106,1007.373,980.29,996.546,1934.6724
2025-11-08 04:00:00+00:00,996.546,1001.994,985.0,995.162,1381.69995431
2025-11-08 08:00:00+00:00,995.119,1002.951,987.001,989.326,2680.4618
2025-11-08 12:00:00+00:00,989.301,998.283,983.301,990.848,2815.8381
2025-11-08 16:00:00+00:00,990.811,1005.894,984.895,996.172,3202.2103
2025-11-08 20:00:00+00:00,996.133,999.679,989.707,990.807,2255.1163
2025-11-09 00:00:00+00:00,990.76,994.106,975.95,980.878,1425.2384
2025-11-09 04:00:00+00:00,981.17,993.272,980.786,989.427,1364.2736
2025-11-09 08:00:00+00:00,989.46,995.827,982.1,990.371,1579.5074
2025-11-09 12:00:00+00:00,990.388,998.905,977.216,994.413,2943.8794
2025-11-09 16:00:00+00:00,994.483,1005.144,991.171,1004.819,1884.6739
2025-11-09 20:00:00+00:00,1005.028,1007.288,990.653,996.476,2308.4457
2025-11-10 00:00:00+00:00,996.543,1019.2,991.523,1013.077,1960.7032
2025-11-10 04:00:00+00:00,1013.077,1014.743,1004.061,1005.524,1925.724
2025-11-10 08:00:00+00:00,1005.597,1006.316,995.782,999.851,2937.785527
2025-11-10 12:00:00+00:00,999.585,1003.999,976.438,979.736,2833.5194
2025-11-10 16:00:00+00:00,979.932,989.33,975.967,987.811,2411.1339
2025-11-10 20:00:00+00:00,987.768,996.178,983.595,991.92,1710.1905
2025-11-11 00:00:00+00:00,992.072,1008.421,986.78,1000.956,1424.1355
2025-11-11 04:00:00+00:00,1001.026,1003.563,972.063,974.526,1711.6832
2025-11-11 08:00:00+00:00,974.512,983.361,973.386,980.679,1696.9078
2025-11-11 12:00:00+00:00,980.576,984.76,972.215,975.772,1748.9935
2025-11-11 16:00:00+00:00,975.774,978.546,961.234,961.492,3066.514
2025-11-11 20:00:00+00:00,961.492,965.694,956.13,958.201,1568.7917
2025-11-12 00:00:00+00:00,958.261,965.695,955.286,961.206,2232.7283
2025-11-12 04:00:00+00:00,961.473,962.973,951.629,953.187,2316.0167
2025-11-12 08:00:00+00:00,953.187,975.478,953.187,971.169,2902.0929
2025-11-12 12:00:00+00:00,971.478,978.731,946.44,949.571,2916.40168332
2025-11-12 16:00:00+00:00,949.524,954.999,938.021,948.833,2976.8005
2025-11-12 20:00:00+00:00,948.54,957.588,946.81,952.938,2257.7681
2025-11-13 00:00:00+00:00,952.979,964.0,946.406,960.0,1776.5731
2025-11-13 04:00:00+00:00,959.571,971.0,957.294,964.831,1372.0019
2025-11-13 08:00:00+00:00,964.908,968.306,959.895,967.27,1594.8912188
2025-11-13 12:00:00+00:00,967.105,968.052,952.753,957.351,1273.5693
2025-11-13 16:00:00+00:00,957.429,959.35,911.387,913.886,2585.818
2025-11-13 20:00:00+00:00,913.657,932.679,906.12,927.106,1920.5167
2025-11-14 00:00:00+00:00,927.106,933.682,919.204,923.921,1444.5645
2025-11-14 04:00:00+00:00,924.13,926.764,899.776,923.009,2131.645
2025-11-14 08:00:00+00:00,922.865,922.896,904.83,909.235,1505.2993
2025-11-14 12:00:00+00:00,909.193,931.174,888.0,925.594,2795.2841
2025-11-14 16:00:00+00:00,925.716,933.329,918.672,931.704,2132.7745
2025-11-14 20:00:00+00:00,931.572,933.201,907.776,915.249,2385.2178
2025-11-15 00:00:00+00:00,915.112,935.916,914.821,931.909,836.7528
2025-11-15 04:00:00+00:00,931.707,937.064,927.131,936.312,1032.3246
2025-11-15 08:00:00+00:00,936.311,939.048,929.038,930.682,2081.9129
2025-11-15 12:00:00+00:00,930.681,938.21,929.008,936.328,2522.5208
2025-11-15 16:00:00+00:00,936.21,945.12,930.832,941.146,1189.8717
2025-11-15 20:00:00+00:00,941.237,941.412,926.031,932.086,1576.8718
2025-11-16 00:00:00+00:00,932.118,941.364,921.6,941.069,1116.5717
2025-11-16 04:00:00+00:00,940.887,948.263,937.781,943.33,1877.6556
2025-11-16 08:00:00+00:00,943.231,949.694,930.681,931.685,2667.1049
2025-11-16 12:00:00+00:00,931.761,938.976,922.116,923.639,2696.5357
2025-11-16 16:00:00+00:00,923.64,930.012,908.16,919.863,2380.021
2025-11-16 20:00:00+00:00,919.901,931.753,910.44,926.717,1911.184
2025-11-17 00:00:00+00:00,926.739,939.42,919.739,934.515,1316.0785
2025-11-17 04:00:00+00:00,934.471,937.679,930.148,935.144,1158.1871
2025-11-17 08:00:00+00:00,935.144,938.47,931.188,933.292,1306.6205
2025-11-17 12:00:00+00:00,933.34,934.364,901.253,911.658,2014.5203
2025-11-17 16:00:00+00:00,911.781,922.042,893.282,897.153,1712.4811
2025-11-17 20:00:00+00:00,897.107,910.997,891.424,907.381,2471.6916
2025-11-18 00:00:00+00:00,907.574,918.815,884.629,903.473,2363.99398084
2025-11-18 04:00:00+00:00,903.564,913.392,892.788,910.453,1737.5425
2025-11-18 08:00:00+00:00,910.459,925.17,910.131,915.465,1915.6553
2025-11-18 12:00:00+00:00,915.689,927.618,910.7,925.907,1446.5033
2025-11-18 16:00:00+00:00,926.037,939.263,924.497,935.915,1908.5371
2025-11-18 20:00:00+00:00,935.911,937.114,928.537,932.458,1808.6938
2025-11-19 00:00:00+00:00,932.642,940.978,924.664,932.328,1904.4606
2025-11-19 04:00:00+00:00,932.193,932.96,913.322,931.162,1531.9423
2025-11-19 08:00:00+00:00,931.061,933.985,919.48,921.855,2268.2007
2025-11-19 12:00:00+00:00,921.851,925.459,892.74,894.426,2134.2504
2025-11-19 16:00:00+00:00,893.867,899.391,872.328,878.789,3408.1294
2025-11-19 20:00:00+00:00,878.713,901.509,876.36,897.674,1825.3805
2025-11-20 00:00:00+00:00,897.696,915.861,893.857,910.158,1815.642
2025-11-20 04:00:00+00:00,910.15,914.609,899.496,907.661,1661.2372
2025-11-20 08:00:00+00:00,907.717,908.665,896.918,902.199,1975.58
2025-11-20 12:00:00+00:00,902.4,908.6,889.001,890.053,2337.3898
2025-11-20 16:00:00+00:00,889.917,890.536,868.349,880.417,2405.5301
2025-11-20 20:00:00+00:00,880.415,883.939,865.723,866.739,1384.2494
2025-11-21 00:00:00+00:00,866.457,877.352,856.099,863.404,1856.0333
2025-11-21 04:00:00+00:00,863.261,866.84,808.241,831.687,4110.8591
2025-11-21 08:00:00+00:00,831.865,839.686,805.486,809.132,3316.6123
2025-11-21 12:00:00+00:00,809.121,831.444,790.77,813.719,3319.959
2025-11-21 16:00:00+00:00,813.983,836.322,808.036,825.552,1907.89619287
2025-11-21 20:00:00+00:00,825.275,836.323,814.021,830.414,1337.3125
2025-11-22 00:00:00+00:00,830.631,842.592,830.059,836.487,1389.6833
2025-11-22 04:00:00+00:00,836.497,837.38,819.85,831.704,1069.8488
2025-11-22 08:00:00+00:00,831.737,832.569,813.86,825.87,1906.33707141
2025-11-22 12:00:00+00:00,825.747,828.59,815.396,823.409,1418.0588
2025-11-22 16:00:00+00:00,823.271,834.245,822.995,832.843,1229.6503
2025-11-22 20:00:00+00:00,832.889,841.638,826.0,833.88,1228.2376
2025-11-23 00:00:00+00:00,833.467,850.0,833.198,846.758,1246.9655
2025-11-23 04:00:00+00:00,846.934,854.597,836.853,841.259,1473.8188
2025-11-23 08:00:00+00:00,841.243,846.914,838.872,842.64,1633.4128
2025-11-23 12:00:00+00:00,842.641,851.85,842.323,849.598,1951.4121
2025-11-23 16:00:00+00:00,849.647,852.986,843.276,849.626,1623.2322
2025-11-23 20:00:00+00:00,849.627,855.35,842.495,843.713,1708.148
2025-11-24 00:00:00+00:00,843.539,853.08,836.152,849.541,1532.4788
2025-11-24 04:00:00+00:00,849.562,858.352,839.286,853.71,1441.9188
2025-11-24 08:00:00+00:00,853.678,856.537,840.633,842.546,2980.66511049
2025-11-24 12:00:00+00:00,842.355,848.276,830.232,844.441,2251.9411
2025-11-24 16:00:00+00:00,844.355,871.225,844.244,868.625,1834.61383169
2025-11-24 20:00:00+00:00,868.625,876.318,863.46,865.139,1406.731
2025-11-25 00:00:00+00:00,864.69,867.097,856.59,860.632,1560.1084
2025-11-25 04:00:00+00:00,860.673,864.881,855.765,856.054,1907.1458
2025-11-25 08:00:00+00:00,856.051,859.737,847.001,850.556,1529.65318287
2025-11-25 12:00:00+00:00,850.811,855.947,837.496,846.353,2155.2463
2025-11-25 16:00:00+00:00,846.324,861.965,845.428,855.252,1653.5858
2025-11-25 20:00:00+00:00,855.33,867.899,851.13,862.705,2120.9303
2025-11-26 00:00:00+00:00,862.69,869.716,859.444,860.307,1353.3378
2025-11-26 04:00:00+00:00,860.315,863.228,858.048,860.749,1772.2416
2025-11-26 08:00:00+00:00,860.747,861.109,852.829,857.684,2032.86021127
2025-11-26 12:00:00+00:00,857.562,868.079,851.851,865.011,2796.5342
2025-11-26 16:00:00+00:00,865.01,897.145,864.828,896.749,3402.6353
2025-11-26 20:00:00+00:00,896.664,897.211,889.303,891.525,2603.8064
2025-11-27 00:00:00+00:00,891.455,904.48,889.291,895.802,1807.7138
2025-11-27 04:00:00+00:00,895.7,899.27,890.905,893.95,1484.1987
2025-11-27 08:00:00+00:00,893.804,895.944,889.756,892.277,1520.82978858
2025-11-27 12:00:00+00:00,892.101,894.128,883.657,892.96,1906.0687
2025-11-27 16:00:00+00:00,893.151,898.43,889.962,896.637,1521.3303
2025-11-27 20:00:00+00:00,896.328,898.97,891.452,896.013,1947.9652
2025-11-28 00:00:00+00:00,895.81,899.777,889.291,892.403,1098.0264
2025-11-28 04:00:00+00:00,892.796,898.112,881.704,882.781,1298.4072
2025-11-28 08:00:00+00:00,882.764,898.279,882.743,891.6,2021.9033
2025-11-28 12:00:00+00:00,891.485,906.43,887.202,901.842,1460.9619
2025-11-28 16:00:00+00:00,901.952,901.952,876.189,886.187,1431.6275
2025-11-28 20:00:00+00:00,886.185,890.536,882.854,887.188,1960.9745
2025-11-29 00:00:00+00:00,887.204,889.113,883.541,884.448,1919.4165
2025-11-29 04:00:00+00:00,884.417,885.249,876.63,879.298,902.4648
2025-11-29 08:00:00+00:00,879.289,882.409,877.664,878.846,817.3172
2025-11-29 12:00:00+00:00,878.64,881.795,875.234,880.893,1122.2776
2025-11-29 16:00:00+00:00,880.949,881.864,868.276,873.112,1141.8664
2025-11-29 20:00:00+00:00,873.084,875.709,870.51,872.919,1019.8194
2025-11-30 00:00:00+00:00,872.873,878.779,869.61,875.514,318.6716
2025-11-30 04:00:00+00:00,875.694,876.905,870.402,874.715,472.8326
2025-11-30 08:00:00+00:00,874.716,879.626,874.5,876.73,654.4249
2025-11-30 12:00:00+00:00,876.832,897.769,875.739,893.985,906.9201
2025-11-30 16:00:00+00:00,894.023,899.794,892.924,895.07,834.2287
2025-11-30 20:00:00+00:00,895.16,897.097,874.314,875.524,933.7537
2025-12-01 00:00:00+00:00,874.765,876.819,827.56,829.221,2402.1585
2025-12-01 04:00:00+00:00,829.297,832.731,820.79,832.488,1131.0559
2025-12-01 08:00:00+00:00,832.52,833.356,823.169,824.695,1607.0208
2025-12-01 12:00:00+00:00,824.696,825.967,802.072,812.047,1698.0377
2025-12-01 16:00:00+00:00,812.359,818.747,808.652,814.758,1195.4225
2025-12-01 20:00:00+00:00,814.727,832.03,814.727,826.767,1484.2201
2025-12-02 00:00:00+00:00,826.526,833.655,820.56,828.075,683.4117
2025-12-02 04:00:00+00:00,828.006,832.968,827.926,830.852,795.053
2025-12-02 08:00:00+00:00,830.613,845.0,825.536,843.082,1355.6157
2025-12-02 12:00:00+00:00,843.138,875.183,839.652,871.52,2108.3057
2025-12-02 16:00:00+00:00,871.777,884.995,865.583,882.791,1495.6704
2025-12-02 20:00:00+00:00,882.692,882.866,872.77,876.349,1124.90085157
2025-12-03 00:00:00+00:00,876.625,889.276,873.485,887.899,682.7798
2025-12-03 04:00:00+00:00,887.732,910.641,887.41,896.647,1238.1815
2025-12-03 08:00:00+00:00,896.681,901.574,893.785,898.958,1305.7828
2025-12-03 12:00:00+00:00,898.872,906.16,888.179,897.186,1472.3303
2025-12-03 16:00:00+00:00,897.248,908.177,892.907,906.9,987.4316
2025-12-03 20:00:00+00:00,907.113,922.589,905.027,920.612,1651.1096
2025-12-04 00:00:00+00:00,920.786,928.319,915.5,916.907,1368.9255
2025-12-04 04:00:00+00:00,916.54,919.062,906.521,910.676,833.3759
2025-12-04 08:00:00+00:00,910.676,912.937,907.042,908.749,1225.7886
2025-12-04 12:00:00+00:00,908.791,915.892,901.795,910.709,1896.549
2025-12-04 16:00:00+00:00,910.708,912.333,886.875,898.391,1312.6303
2025-12-04 20:00:00+00:00,898.299,903.994,895.924,899.899,1240.9183
2025-12-05 00:00:00+00:00,899.894,906.937,899.353,901.79,947.7051
2025-12-05 04:00:00+00:00,901.788,907.871,898.406,901.774,663.5559
2025-12-05 08:00:00+00:00,901.774,902.328,889.777,894.124,1314.9305
2025-12-05 12:00:00+00:00,894.071,900.116,884.778,889.002,1497.4077
2025-12-05 16:00:00+00:00,888.786,889.11,870.56,884.061,1153.3749
2025-12-05 20:00:00+00:00,883.608,885.208,878.598,883.62,904.5616
2025-12-06 00:00:00+00:00,883.719,888.235,880.964,887.582,1275.1416
2025-12-06 04:00:00+00:00,887.583,888.202,882.0,884.61,978.6497
2025-12-06 08:00:00+00:00,884.885,885.113,878.107,883.483,1225.0061
2025-12-06 12:00:00+00:00,883.558,897.25,883.232,890.114,1230.2269
2025-12-06 16:00:00+00:00,890.282,897.807,888.199,889.471,854.3214
2025-12-06 20:00:00+00:00,889.701,895.672,889.277,890.336,1211.8033
2025-12-07 00:00:00+00:00,890.323,897.927,889.908,897.884,868.4622
2025-12-07 04:00:00+00:00,897.82,897.869,890.83,891.499,668.5921
2025-12-07 08:00:00+00:00,891.467,893.425,886.698,887.881,984.9378
2025-12-07 12:00:00+00:00,887.887,893.899,870.147,890.352,2445.7758
2025-12-07 16:00:00+00:00,890.296,906.155,886.681,903.847,1564.8414
2025-12-07 20:00:00+00:00,904.122,905.399,881.191,894.375,1154.0563
2025-12-08 00:00:00+00:00,894.388,910.228,891.072,902.07,898.1805
2025-12-08 04:00:00+00:00,901.998,905.704,900.545,903.155,507.0593
2025-12-08 08:00:00+00:00,903.155,912.164,902.699,905.704,1404.6509
2025-12-08 12:00:00+00:00,905.782,912.975,896.451,896.579,1089.7092
2025-12-08 16:00:00+00:00,896.552,900.666,889.147,894.86,996.4893
2025-12-08 20:00:00+00:00,894.891,904.88,894.818,897.151,907.01637
2025-12-09 00:00:00+00:00,897.192,899.787,888.179,894.12,747.1923
2025-12-09 04:00:00+00:00,894.21,895.701,884.767,889.274,1184.6825
2025-12-09 08:00:00+00:00,889.301,889.454,883.92,887.14,870.2413
2025-12-09 12:00:00+00:00,887.14,908.801,881.745,907.425,1672.9067
2025-12-09 16:00:00+00:00,907.66,927.77,907.66,914.088,1663.46898092
2025-12-09 20:00:00+00:00,914.079,914.257,893.99,897.219,1259.7902
2025-12-10 00:00:00+00:00,897.136,898.8,887.615,890.668,726.3631
2025-12-10 04:00:00+00:00,890.327,896.362,888.972,894.054,714.0978
2025-12-10 08:00:00+00:00,894.108,896.054,884.605,886.773,1473.344
2025-12-10 12:00:00+00:00,886.774,892.724,884.26,891.415,1687.2505
2025-12-10 16:00:00+00:00,891.414,905.24,889.728,901.746,1870.1395
2025-12-10 20:00:00+00:00,902.287,914.979,890.74,893.425,1559.9329
2025-12-11 00:00:00+00:00,893.39,894.644,861.537,868.594,1901.9985
2025-12-11 04:00:00+00:00,868.399,873.818,865.173,867.057,797.1267
2025-12-11 08:00:00+00:00,867.057,869.098,862.462,866.794,1318.652
2025-12-11 12:00:00+00:00,866.793,870.732,859.75,865.967,836.2349
2025-12-11 16:00:00+00:00,865.932,881.12,861.046,876.158,1033.4431
2025-12-11 20:00:00+00:00,876.06,891.48,876.06,885.669,1298.8569
2025-12-12 00:00:00+00:00,885.934,896.014,880.145,892.527,633.3477
2025-12-12 04:00:00+00:00,892.527,894.12,886.299,889.283,545.4838
2025-12-12 08:00:00+00:00,889.292,889.5,883.739,886.168,1054.2762
2025-12-12 12:00:00+00:00,886.161,892.787,866.873,874.661,2641.0066
2025-12-12 16:00:00+00:00,874.412,882.0,871.144,877.227,1175.4881
2025-12-12 20:00:00+00:00,877.261,882.533,875.294,881.537,818.0693
2025-12-13 00:00:00+00:00,881.56,887.693,880.527,887.522,329.0908
2025-12-13 04:00:00+00:00,887.522,889.102,883.716,886.25,218.05
2025-12-13 08:00:00+00:00,886.249,894.04,885.791,892.016,1388.8488
2025-12-13 12:00:00+00:00,892.016,899.79,886.84,898.784,1129.7508
2025-12-13 16:00:00+00:00,898.925,904.049,891.191,893.437,927.396
2025-12-13 20:00:00+00:00,893.438,897.314,889.544,896.875,1026.5159
2025-12-14 00:00:00+00:00,896.896,899.504,894.128,895.625,315.8142
2025-12-14 04:00:00+00:00,895.479,896.604,892.1,896.041,210.1746
2025-12-14 08:00:00+00:00,896.188,898.529,884.381,888.803,1245.0783
2025-12-14 12:00:00+00:00,888.882,894.573,883.294,886.395,823.3205
2025-12-14 16:00:00+00:00,886.485,888.408,880.721,883.398,848.8936
2025-12-14 20:00:00+00:00,883.236,885.001,870.032,877.256,1166.0551
2025-12-15 00:00:00+00:00,877.435,895.3,876.449,888.897,717.0679
2025-12-15 04:00:00+00:00,888.909,891.619,886.585,889.441,902.7104
2025-12-15 08:00:00+00:00,889.406,893.212,886.674,887.559,2333.2048
2025-12-15 12:00:00+00:00,887.56,890.244,851.824,859.004,1931.9998
2025-12-15 16:00:00+00:00,858.885,859.738,840.809,849.705,1612.9491
2025-12-15 20:00:00+00:00,849.748,859.088,844.73,858.947,1636.6618
2025-12-16 00:00:00+00:00,858.533,858.714,850.537,855.293,1160.5732
2025-12-16 04:00:00+00:00,855.374,865.85,847.181,859.501,884.7501
2025-12-16 08:00:00+00:00,859.501,866.132,857.064,865.654,1008.6104
2025-12-16 12:00:00+00:00,865.722,878.226,858.571,876.468,1661.042
2025-12-16 16:00:00+00:00,876.59,876.622,866.424,870.318,912.9761
2025-12-16 20:00:00+00:00,870.023,875.62,868.9,875.321,1018.7247
2025-12-17 00:00:00+00:00,875.699,875.7,862.027,863.241,539.5694
2025-12-17 04:00:00+00:00,863.432,871.084,855.53,867.98,695.3115
2025-12-17 08:00:00+00:00,867.939,867.939,855.384,859.602,825.7017
2025-12-17 12:00:00+00:00,859.73,876.088,852.821,853.979,1776.428
2025-12-17 16:00:00+00:00,853.846,857.839,833.61,840.788,1323.84377684
2025-12-17 20:00:00+00:00,840.786,844.934,836.771,843.269,1513.4671
2025-12-18 00:00:00+00:00,843.033,846.717,833.023,836.427,1128.1299
2025-12-18 04:00:00+00:00,836.68,839.375,830.27,833.655,1143.2429
2025-12-18 08:00:00+00:00,833.62,841.64,832.93,839.442,959.9339
2025-12-18 12:00:00+00:00,839.744,853.325,837.21,848.212,1473.8245
2025-12-18 16:00:00+00:00,848.243,848.869,818.525,820.355,1950.7304
2025-12-18 20:00:00+00:00,820.445,831.84,820.146,830.1,1334.1983
2025-12-19 00:00:00+00:00,830.15,841.874,822.358,837.698,700.0666
2025-12-19 04:00:00+00:00,837.695,850.11,835.586,843.154,1184.1376
2025-12-19 08:00:00+00:00,843.065,849.588,842.255,849.127,991.438
2025-12-19 12:00:00+00:00,849.128,855.019,843.773,846.48,1070.6529
2025-12-19 16:00:00+00:00,846.388,857.707,843.732,856.073,1258.0477
2025-12-19 20:00:00+00:00,856.144,862.278,854.398,856.049,870.6137
2025-12-20 00:00:00+00:00,856.083,859.518,852.644,858.458,418.8099
2025-12-20 04:00:00+00:00,858.459,858.703,852.34,853.938,443.9226
2025-12-20 08:00:00+00:00,853.938,856.693,850.761,853.446,577.5311
2025-12-20 12:00:00+00:00,853.447,853.8,850.823,853.799,645.599
2025-12-20 16:00:00+00:00,853.8,854.499,852.36,852.973,378.9446
2025-12-20 20:00:00+00:00,852.974,855.182,851.08,853.995,835.14908341
2025-12-21 00:00:00+00:00,854.134,855.247,846.892,850.234,327.1165
2025-12-21 04:00:00+00:00,850.311,850.637,848.185,849.812,281.7007
2025-12-21 08:00:00+00:00,849.813,859.693,848.996,856.8,489.4213
2025-12-21 12:00:00+00:00,856.8,859.579,845.524,848.567,738.8349
2025-12-21 16:00:00+00:00,848.567,856.44,846.373,855.7,850.3652
2025-12-21 20:00:00+00:00,855.701,859.707,850.914,858.576,1360.2884
2025-12-22 00:00:00+00:00,858.556,867.776,851.112,855.763,1116.4942
2025-12-22 04:00:00+00:00,855.821,860.963,855.043,858.679,1099.5356
2025-12-22 08:00:00+00:00,858.571,868.237,858.571,865.497,1393.412
2025-12-22 12:00:00+00:00,865.496,871.065,861.851,867.531,1070.9218
2025-12-22 16:00:00+00:00,867.718,868.814,857.24,857.764,760.9691
2025-12-22 20:00:00+00:00,857.481,860.911,853.501,858.331,1085.7825
2025-12-23 00:00:00+00:00,858.686,861.288,852.307,857.376,630.0961
2025-12-23 04:00:00+00:00,857.113,857.55,847.191,848.566,523.3605
2025-12-23 08:00:00+00:00,848.523,853.133,847.746,852.917,483.875
2025-12-23 12:00:00+00:00,852.917,852.917,838.358,844.296,740.3914
2025-12-23 16:00:00+00:00,844.034,850.13,838.856,841.461,473.0387
2025-12-23 20:00:00+00:00,841.366,847.537,840.189,844.182,296.8251
2025-12-24 00:00:00+00:00,844.261,847.578,836.384,840.799,250.3309
2025-12-24 04:00:00+00:00,840.92,842.652,836.344,837.816,336.0198
2025-12-24 08:00:00+00:00,837.913,839.664,835.382,837.99,588.274
2025-12-24 12:00:00+00:00,837.907,843.219,835.575,841.063,550.9239
2025-12-24 16:00:00+00:00,841.064,849.0,840.044,847.721,782.1337
2025-12-24 20:00:00+00:00,847.891,850.009,846.513,846.599,289.8248
2025-12-25 00:00:00+00:00,846.59,847.933,844.057,844.895,127.7464
2025-12-25 04:00:00+00:00,845.051,845.369,842.203,843.041,193.696
2025-12-25 08:00:00+00:00,843.227,844.412,835.403,837.671,878.1883
2025-12-25 12:00:00+00:00,837.575,844.431,835.15,842.241,437.2324
2025-12-25 16:00:00+00:00,842.474,842.966,839.889,841.494,354.9036
2025-12-25 20:00:00+00:00,841.416,843.555,826.69,829.605,367.034
2025-12-26 00:00:00+00:00,829.374,844.653,828.029,841.175,1111.8881
2025-12-26 04:00:00+00:00,841.05,847.327,837.709,841.126,472.1384
2025-12-26 08:00:00+00:00,841.118,843.174,838.966,839.26,310.6535
2025-12-26 12:00:00+00:00,839.161,843.392,821.21,828.591,895.3871
2025-12-26 16:00:00+00:00,829.13,834.624,827.901,832.864,635.2466
2025-12-26 20:00:00+00:00,832.865,838.186,832.489,834.725,303.5066
2025-12-27 00:00:00+00:00,834.726,836.479,834.403,836.167,180.3687
2025-12-27 04:00:00+00:00,836.235,842.972,834.519,840.55,316.3801
2025-12-27 08:00:00+00:00,840.55,843.447,837.864,840.927,469.6203
2025-12-27 12:00:00+00:00,840.927,841.549,838.571,840.943,236.5024
2025-12-27 16:00:00+00:00,841.025,841.74,839.43,840.999,214.2279
2025-12-27 20:00:00+00:00,840.999,846.37,839.754,845.175,425.4015
2025-12-28 00:00:00+00:00,845.151,845.936,839.19,841.643,238.1034
2025-12-28 04:00:00+00:00,841.494,844.177,841.19,843.831,181.3299
2025-12-28 08:00:00+00:00,843.895,856.839,843.895,854.558,350.6566
2025-12-28 12:00:00+00:00,855.082,863.331,854.815,860.486,568.5186
2025-12-28 16:00:00+00:00,860.486,867.026,858.935,859.796,541.6007
2025-12-28 20:00:00+00:00,859.796,862.646,856.915,859.207,617.3871
2025-12-29 00:00:00+00:00,859.209,871.896,858.639,869.021,994.4979
2025-12-29 04:00:00+00:00,868.997,871.451,858.97,860.71,677.4418
2025-12-29 08:00:00+00:00,860.71,861.77,847.676,852.748,2349.1619
2025-12-29 12:00:00+00:00,852.693,855.158,845.778,853.553,985.4892
2025-12-29 16:00:00+00:00,853.327,855.464,850.125,853.109,450.7953
2025-12-29 20:00:00+00:00,853.1,854.993,851.45,852.531,349.5616
2025-12-30 00:00:00+00:00,852.464,853.638,848.831,852.561,262.1138
2025-12-30 04:00:00+00:00,852.581,854.919,850.3,853.906,251.1283
2025-12-30 08:00:00+00:00,853.689,859.716,853.689,854.79,584.1643
2025-12-30 12:00:00+00:00,854.795,863.895,854.56,862.875,799.4105
2025-12-30 16:00:00+00:00,862.786,863.071,857.122,859.945,672.8197
2025-12-30 20:00:00+00:00,859.89,863.254,858.518,861.713,898.4395
2025-12-31 00:00:00+00:00,861.642,863.196,857.851,859.397,324.0181
2025-12-31 04:00:00+00:00,859.397,868.237,859.048,868.199,303.3084
2025-12-31 08:00:00+00:00,868.2,869.251,864.991,869.153,490.6469
2025-12-31 12:00:00+00:00,869.042,877.138,860.516,863.294,644.4059
2025-12-31 16:00:00+00:00,863.408,864.75,857.9,864.241,581.5049
2025-12-31 20:00:00+00:00,864.129,866.486,860.673,864.207,389.2662
2026-01-01 00:00:00+00:00,864.208,874.241,863.714,869.009,357.3903
2026-01-01 04:00:00+00:00,869.199,869.2,859.444,859.57,227.9252
2026-01-01 08:00:00+00:00,859.501,861.959,859.017,861.575,209.1375
2026-01-01 12:00:00+00:00,861.576,861.622,856.329,859.327,330.9427
2026-01-01 16:00:00+00:00,859.408,861.616,857.17,861.616,549.7295
2026-01-01 20:00:00+00:00,861.692,864.591,860.212,864.229,398.0419
2026-01-02 00:00:00+00:00,864.377,867.366,859.716,865.888,307.9227
2026-01-02 04:00:00+00:00,865.975,867.938,863.32,865.037,330.3644
2026-01-02 08:00:00+00:00,865.038,874.22,865.037,869.85,513.0463
2026-01-02 12:00:00+00:00,869.746,882.232,865.382,878.115,511.9433
2026-01-02 16:00:00+00:00,878.024,891.059,877.547,880.718,656.1553
2026-01-02 20:00:00+00:00,880.701,885.519,878.557,881.217,362.6785
2026-01-03 00:00:00+00:00,881.128,884.267,875.318,878.965,282.9826
2026-01-03 04:00:00+00:00,879.052,879.994,868.759,872.886,359.5744
2026-01-03 08:00:00+00:00,872.97,876.027,871.631,874.4,534.6567
2026-01-03 12:00:00+00:00,874.2,877.496,872.001,873.472,430.033
2026-01-03 16:00:00+00:00,873.538,877.294,873.481,876.313,446.0816
2026-01-03 20:00:00+00:00,876.314,879.938,875.476,878.624,182.0345
2026-01-04 00:00:00+00:00,878.536,883.694,878.338,882.895,263.5944
2026-01-04 04:00:00+00:00,883.007,890.942,882.814,884.635,402.9334
2026-01-04 08:00:00+00:00,884.636,887.514,882.624,885.233,301.7452
2026-01-04 12:00:00+00:00,884.968,890.103,883.947,889.376,365.657
2026-01-04 16:00:00+00:00,889.271,902.901,889.271,892.468,561.7871
2026-01-04 20:00:00+00:00,892.642,897.608,892.495,895.005,639.5513
2026-01-05 00:00:00+00:00,895.378,906.776,894.597,899.993,629.96269497
2026-01-05 04:00:00+00:00,899.994,900.68,890.528,899.221,421.4385
2026-01-05 08:00:00+00:00,899.222,909.087,895.613,908.71,597.5633
2026-01-05 12:00:00+00:00,908.976,909.016,900.237,906.621,646.2708
2026-01-05 16:00:00+00:00,906.47,913.867,901.304,911.226,554.23945597
2026-01-05 20:00:00+00:00,911.226,916.616,908.983,910.352,463.22549497
2026-01-06 00:00:00+00:00,910.281,911.541,904.742,908.251,515.547
2026-01-06 04:00:00+00:00,908.199,910.601,903.068,905.096,492.8437
2026-01-06 08:00:00+00:00,904.778,914.925,904.495,913.072,338.151
2026-01-06 12:00:00+00:00,913.165,923.911,911.399,919.134,816.71922687
2026-01-06 16:00:00+00:00,919.112,920.72,891.739,901.079,783.6878
2026-01-06 20:00:00+00:00,901.096,919.795,901.096,917.741,836.4609
2026-01-07 00:00:00+00:00,917.85,919.194,904.728,909.969,303.2355
2026-01-07 04:00:00+00:00,910.08,918.865,909.095,918.549,243.0397
2026-01-07 08:00:00+00:00,918.713,920.143,908.361,910.687,691.487
2026-01-07 12:00:00+00:00,910.448,911.166,895.215,899.524,766.4593
2026-01-07 16:00:00+00:00,899.485,901.998,892.788,897.051,524.811
2026-01-07 20:00:00+00:00,897.097,901.219,894.095,900.14,301.6579
2026-01-08 00:00:00+00:00,900.361,904.778,892.435,893.621,256.6016
2026-01-08 04:00:00+00:00,893.579,897.505,875.09,884.97,769.1301
2026-01-08 08:00:00+00:00,884.963,887.749,879.346,886.588,709.2284
2026-01-08 12:00:00+00:00,886.632,889.145,877.904,888.932,743.5824
2026-01-08 16:00:00+00:00,888.769,891.492,885.812,888.193,435.9274
2026-01-08 20:00:00+00:00,888.272,894.535,885.422,892.327,358.6139
2026-01-09 00:00:00+00:00,892.255,896.467,887.92,895.537,458.1788
2026-01-09 04:00:00+00:00,895.661,898.75,893.8,893.8,249.9216
2026-01-09 08:00:00+00:00,893.731,894.49,886.272,889.362,274.6667
2026-01-09 12:00:00+00:00,889.601,900.28,885.454,894.747,449.3973
2026-01-09 16:00:00+00:00,894.79,900.982,891.038,893.227,428.4782
2026-01-09 20:00:00+00:00,893.063,898.185,892.028,896.702,302.1806
2026-01-10 00:00:00+00:00,896.861,907.948,896.861,907.313,308.757
2026-01-10 04:00:00+00:00,907.199,910.252,903.291,905.597,403.8894
2026-01-10 08:00:00+00:00,905.598,906.498,899.34,900.811,335.2152
2026-01-10 12:00:00+00:00,900.493,910.79,899.203,908.843,365.1037
2026-01-10 16:00:00+00:00,908.827,915.841,907.108,914.268,694.9691
2026-01-10 20:00:00+00:00,914.269,916.176,902.522,908.095,486.3218
2026-01-11 00:00:00+00:00,908.096,913.819,904.345,913.372,229.7631
2026-01-11 04:00:00+00:00,913.353,916.319,910.868,913.967,448.6891
2026-01-11 08:00:00+00:00,913.676,917.343,911.978,912.026,241.9255
2026-01-11 12:00:00+00:00,912.293,915.487,906.361,908.728,481.7352
2026-01-11 16:00:00+00:00,908.772,911.348,903.41,904.479,398.3051
2026-01-11 20:00:00+00:00,904.446,905.391,898.748,904.199,360.9198
2026-01-12 00:00:00+00:00,904.44,910.684,896.92,905.194,594.8376
2026-01-12 04:00:00+00:00,905.27,910.123,903.843,904.627,289.9103
2026-01-12 08:00:00+00:00,904.67,908.267,898.513,901.452,340.5966
2026-01-12 12:00:00+00:00,901.287,905.132,893.918,904.305,594.276
2026-01-12 16:00:00+00:00,904.316,909.18,900.002,907.844,483.80747674
2026-01-12 20:00:00+00:00,907.844,908.432,901.349,905.896,410.7533
2026-01-13 00:00:00+00:00,905.896,907.911,902.501,906.53,453.7403
2026-01-13 04:00:00+00:00,906.53,914.892,906.53,910.38,548.3711
2026-01-13 08:00:00+00:00,910.306,912.233,907.843,907.972,632.8973
2026-01-13 12:00:00+00:00,907.973,916.799,906.345,916.331,741.9067
2026-01-13 16:00:00+00:00,916.736,945.609,916.712,941.889,2392.0001
2026-01-13 20:00:00+00:00,941.984,953.755,940.415,943.845,1500.3494
2026-01-14 00:00:00+00:00,943.803,954.56,943.717,950.21,1176.8566
2026-01-14 04:00:00+00:00,950.21,952.494,935.573,937.551,830.8055
2026-01-14 08:00:00+00:00,937.552,938.853,928.669,929.001,483.6437
2026-01-14 12:00:00+00:00,928.97,946.147,928.696,941.982,937.111
2026-01-14 16:00:00+00:00,942.297,947.645,938.355,943.84,1139.63689429
2026-01-14 20:00:00+00:00,943.941,949.985,943.39,948.704,584.0438
2026-01-15 00:00:00+00:00,948.704,948.965,929.261,931.995,668.9178
2026-01-15 04:00:00+00:00,931.943,940.027,931.452,938.849,480.6563
2026-01-15 08:00:00+00:00,939.164,942.914,937.752,938.205,505.2349
2026-01-15 12:00:00+00:00,938.206,945.679,930.32,937.692,713.8216
2026-01-15 16:00:00+00:00,937.682,942.474,925.0,928.04,818.7515
2026-01-15 20:00:00+00:00,927.912,933.197,924.0,931.0,406.091
2026-01-16 00:00:00+00:00,931.0,933.927,928.929,929.635,657.3098
2026-01-16 04:00:00+00:00,929.635,936.172,927.335,934.02,364.0395
2026-01-16 08:00:00+00:00,934.072,938.402,931.977,935.226,653.9454
2026-01-16 12:00:00+00:00,935.229,937.355,923.609,926.918,505.8836
2026-01-16 16:00:00+00:00,926.893,932.272,926.578,931.364,437.0483
2026-01-16 20:00:00+00:00,931.369,939.242,928.757,938.015,899.1076
2026-01-17 00:00:00+00:00,938.126,939.245,935.455,937.685,322.1669
2026-01-17 04:00:00+00:00,937.686,938.919,935.576,935.916,406.4257
2026-01-17 08:00:00+00:00,935.917,944.453,935.673,943.255,360.1517
2026-01-17 12:00:00+00:00,942.749,959.536,941.543,955.388,520.2536
2026-01-17 16:00:00+00:00,955.388,956.057,949.086,952.509,735.2673
2026-01-17 20:00:00+00:00,952.51,954.138,945.53,947.207,401.8752
2026-01-18 00:00:00+00:00,947.157,951.066,943.249,950.435,221.8212
2026-01-18 04:00:00+00:00,950.434,950.434,944.78,944.787,169.3347
2026-01-18 08:00:00+00:00,944.788,947.189,943.857,946.853,209.7879
2026-01-18 12:00:00+00:00,946.916,950.761,944.494,950.086,321.1469
2026-01-18 16:00:00+00:00,950.182,953.224,948.804,949.688,342.6818
2026-01-18 20:00:00+00:00,949.782,953.225,931.518,932.141,581.3323
2026-01-19 00:00:00+00:00,932.098,932.098,901.25,925.56,3427.5111
2026-01-19 04:00:00+00:00,925.224,928.197,923.011,927.349,560.8144
2026-01-19 08:00:00+00:00,927.349,930.187,924.585,928.434,500.3367
2026-01-19 12:00:00+00:00,928.247,930.031,923.613,925.385,485.4664
2026-01-19 16:00:00+00:00,925.385,929.16,925.067,926.401,503.8152
2026-01-19 20:00:00+00:00,926.716,927.711,919.86,923.57,641.5026
2026-01-20 00:00:00+00:00,923.495,933.255,923.422,927.629,1206.2988
2026-01-20 04:00:00+00:00,927.572,928.462,914.536,918.122,694.1329
2026-01-20 08:00:00+00:00,917.901,917.939,909.001,912.393,557.013183
2026-01-20 12:00:00+00:00,912.813,916.0,896.877,905.338,863.518363
2026-01-20 16:00:00+00:00,905.425,908.427,887.264,895.663,668.7657
2026-01-20 20:00:00+00:00,895.577,897.77,883.339,884.261,971.5839
2026-01-21 00:00:00+00:00,884.106,884.106,867.12,881.48,1826.9433
2026-01-21 04:00:00+00:00,881.46,885.755,874.504,875.483,683.1477
2026-01-21 08:00:00+00:00,875.176,875.932,869.763,870.714,1206.3519
2026-01-21 12:00:00+00:00,870.692,893.598,864.49,892.501,1291.6851
2026-01-21 16:00:00+00:00,892.614,892.885,865.781,889.726,1343.2205
2026-01-21 20:00:00+00:00,889.74,892.412,882.27,883.264,802.7863
2026-01-22 00:00:00+00:00,883.252,894.28,883.252,891.47,360.16
2026-01-22 04:00:00+00:00,891.318,893.157,887.398,888.792,392.8833
2026-01-22 08:00:00+00:00,888.793,898.139,888.733,893.105,1431.8442
2026-01-22 12:00:00+00:00,893.105,895.264,878.34,883.452,766.6274
2026-01-22 16:00:00+00:00,882.943,888.869,881.763,888.25,582.9716
2026-01-22 20:00:00+00:00,888.147,891.539,885.52,888.463,498.1694
2026-01-23 00:00:00+00:00,888.407,892.173,887.963,891.457,595.3087
2026-01-23 04:00:00+00:00,891.543,893.228,888.983,891.225,458.32929
2026-01-23 08:00:00+00:00,891.226,891.619,885.689,887.221,1258.42116
2026-01-23 12:00:00+00:00,887.328,892.368,882.911,891.934,1128.3264
2026-01-23 16:00:00+00:00,891.934,904.924,890.269,893.586,1318.3566
2026-01-23 20:00:00+00:00,893.756,894.79,888.674,891.567,589.2816
2026-01-24 00:00:00+00:00,891.567,894.0,889.278,892.795,287.7504
2026-01-24 04:00:00+00:00,892.796,893.924,891.31,892.029,349.7766
2026-01-24 08:00:00+00:00,891.947,893.755,891.074,892.536,263.90986118
2026-01-24 12:00:00+00:00,892.536,892.6,888.596,888.596,509.9504
2026-01-24 16:00:00+00:00,888.596,890.177,886.103,888.016,918.6226
2026-01-24 20:00:00+00:00,888.017,889.533,886.849,886.95,169.2929
2026-01-25 00:00:00+00:00,887.002,887.422,880.014,881.103,265.7335
2026-01-25 04:00:00+00:00,881.104,883.363,879.23,879.231,243.3928
2026-01-25 08:00:00+00:00,879.319,882.98,876.831,880.488,530.651
2026-01-25 12:00:00+00:00,880.39,881.433,876.72,877.412,426.6063
2026-01-25 16:00:00+00:00,877.47,877.47,855.816,858.517,1709.9316
2026-01-25 20:00:00+00:00,858.595,866.16,855.67,865.681,1247.6093
2026-01-26 00:00:00+00:00,865.681,875.424,864.734,867.947,980.6091
2026-01-26 04:00:00+00:00,868.188,874.575,867.925,874.392,532.9343
2026-01-26 08:00:00+00:00,874.538,877.898,869.304,873.124,553.3627
2026-01-26 12:00:00+00:00,873.037,878.193,869.54,871.712,1203.4974
2026-01-26 16:00:00+00:00,871.859,878.94,868.628,874.327,967.2187
2026-01-26 20:00:00+00:00,874.328,881.215,871.682,879.193,761.1055
2026-01-27 00:00:00+00:00,879.282,885.874,876.12,884.62,485.9514
2026-01-27 04:00:00+00:00,884.62,887.855,881.788,883.13,378.4496
2026-01-27 08:00:00+00:00,883.145,884.963,876.739,880.255,505.2835
2026-01-27 12:00:00+00:00,880.256,886.101,879.227,885.613,459.1015
2026-01-27 16:00:00+00:00,885.916,897.432,884.944,891.843,602.979
2026-01-27 20:00:00+00:00,891.864,901.266,891.52,898.303,429.2568
2026-01-28 00:00:00+00:00,898.304,900.899,894.594,896.859,258.9978
2026-01-28 04:00:00+00:00,896.751,904.852,895.279,903.317,278.0097
2026-01-28 08:00:00+00:00,903.318,909.492,902.145,907.887,683.386
2026-01-28 12:00:00+00:00,907.821,908.335,897.043,902.823,558.7935
2026-01-28 16:00:00+00:00,902.823,907.044,897.898,904.259,1030.1674
2026-01-28 20:00:00+00:00,903.85,907.682,899.997,902.879,927.2964
2026-01-29 00:00:00+00:00,902.88,904.79,893.001,896.529,550.316
2026-01-29 04:00:00+00:00,896.396,906.743,894.961,904.532,356.2919
2026-01-29 08:00:00+00:00,904.736,905.737,893.495,894.254,913.7333
2026-01-29 12:00:00+00:00,894.254,894.471,856.923,864.008,1298.3675
2026-01-29 16:00:00+00:00,863.813,870.322,852.944,860.231,1408.05
2026-01-29 20:00:00+00:00,860.463,869.29,859.255,868.65,917.9337
2026-01-30 00:00:00+00:00,868.635,869.5,835.683,845.65,2064.9434
2026-01-30 04:00:00+00:00,845.79,854.284,835.839,847.408,772.0925
2026-01-30 08:00:00+00:00,847.341,847.82,833.048,842.408,860.9745
2026-01-30 12:00:00+00:00,842.676,855.661,836.344,849.89,1898.8141
2026-01-30 16:00:00+00:00,849.908,855.7,831.841,854.186,1643.8267
2026-01-30 20:00:00+00:00,854.244,861.78,846.303,858.627,1405.8027
2026-01-31 00:00:00+00:00,858.652,860.574,851.936,853.089,326.5665
2026-01-31 04:00:00+00:00,853.175,854.58,845.738,847.752,338.6874
2026-01-31 08:00:00+00:00,847.824,847.883,832.987,836.717,853.8213
2026-01-31 12:00:00+00:00,836.961,837.538,801.684,803.173,2092.2879
2026-01-31 16:00:00+00:00,803.156,810.28,748.254,771.4,5683.4078
2026-01-31 20:00:00+00:00,771.112,786.029,766.065,781.762,975.7773
2026-02-01 00:00:00+00:00,781.567,789.572,779.283,783.885,596.8911
2026-02-01 04:00:00+00:00,783.592,785.175,774.001,778.1,554.8385
2026-02-01 08:00:00+00:00,778.088,782.871,768.5,774.266,1143.8973
2026-02-01 12:00:00+00:00,774.261,774.266,742.702,749.842,2126.2964
2026-02-01 16:00:00+00:00,750.05,766.741,746.0,757.0,1425.5524
2026-02-01 20:00:00+00:00,756.999,766.477,739.874,757.892,1555.7909
2026-02-02 00:00:00+00:00,758.534,770.638,728.66,751.91,1760.1157
2026-02-02 04:00:00+00:00,751.804,760.267,728.875,752.909,2683.5364
2026-02-02 08:00:00+00:00,752.596,767.284,752.596,762.356,1443.2391
2026-02-02 12:00:00+00:00,762.437,781.098,761.81,777.899,1235.3655
2026-02-02 16:00:00+00:00,777.794,781.439,769.776,770.132,1381.7787
2026-02-02 20:00:00+00:00,770.002,776.887,767.35,773.803,1292.7011
2026-02-03 00:00:00+00:00,773.801,774.982,762.638,772.332,735.0985
2026-02-03 04:00:00+00:00,772.378,783.506,770.928,782.068,624.2405
2026-02-03 08:00:00+00:00,782.148,783.129,765.81,768.822,729.0603
2026-02-03 12:00:00+00:00,768.729,778.372,764.21,776.793,1166.4788
2026-02-03 16:00:00+00:00,776.805,776.874,736.314,757.951,2409.048
2026-02-03 20:00:00+00:00,757.892,775.512,752.308,754.752,2210.3354
2026-02-04 00:00:00+00:00,754.785,764.319,751.608,761.715,1070.146
2026-02-04 04:00:00+00:00,761.78,765.37,754.346,764.233,701.4105
2026-02-04 08:00:00+00:00,764.266,764.267,747.513,750.377,1286.1426
2026-02-04 12:00:00+00:00,750.534,752.216,727.504,733.74,2073.9121
2026-02-04 16:00:00+00:00,733.834,736.664,707.089,717.906,3377.1125
2026-02-04 20:00:00+00:00,717.901,718.836,687.354,697.196,2816.3263
2026-02-05 00:00:00+00:00,697.337,702.913,690.99,694.346,1516.8707
2026-02-05 04:00:00+00:00,694.68,700.251,685.878,691.16,2215.2487
2026-02-05 08:00:00+00:00,691.479,700.235,674.84,683.55,1528.6286
2026-02-05 12:00:00+00:00,683.458,688.44,646.68,658.608,3092.5959
2026-02-05 16:00:00+00:00,658.536,673.879,634.0,641.209,2997.388
2026-02-05 20:00:00+00:00,641.349,644.991,602.108,608.172,5582.1897
2026-02-06 00:00:00+00:00,608.154,634.168,570.217,615.001,6963.1571
2026-02-06 04:00:00+00:00,615.196,642.501,613.33,622.808,1735.0701
2026-02-06 08:00:00+00:00,622.977,638.266,616.918,636.001,1817.7508
2026-02-06 12:00:00+00:00,635.736,654.535,632.368,651.195,2270.0049
2026-02-06 16:00:00+00:00,651.081,669.404,648.998,658.795,2135.7999
2026-02-06 20:00:00+00:00,658.46,668.404,654.738,657.188,1859.1799
2026-02-07 00:00:00+00:00,657.142,661.747,650.143,658.827,1221.9183
2026-02-07 04:00:00+00:00,658.828,663.618,632.186,638.656,2120.3365
2026-02-07 08:00:00+00:00,638.056,641.451,630.95,635.67,918.9912
2026-02-07 12:00:00+00:00,635.571,647.021,633.742,641.887,1061.5193
2026-02-07 16:00:00+00:00,642.142,655.2,639.08,650.11,4234.0443
2026-02-07 20:00:00+00:00,650.097,653.961,644.0,646.856,881.2726
2026-02-08 00:00:00+00:00,647.213,651.23,642.609,642.609,563.2458
2026-02-08 04:00:00+00:00,643.074,644.75,639.377,643.279,691.788
2026-02-08 08:00:00+00:00,643.134,650.76,637.579,645.65,1595.239
2026-02-08 12:00:00+00:00,645.97,648.19,641.16,643.453,996.785
2026-02-08 16:00:00+00:00,643.746,649.68,632.26,647.97,897.9685
2026-02-08 20:00:00+00:00,648.51,652.919,636.205,639.988,1280.6054
2026-02-09 00:00:00+00:00,639.797,646.217,633.818,645.197,669.2117
2026-02-09 04:00:00+00:00,644.731,645.393,631.224,632.148,779.6832
2026-02-09 08:00:00+00:00,632.087,633.749,616.179,621.649,700.8962
2026-02-09 12:00:00+00:00,622.01,632.383,621.854,630.652,950.4903
2026-02-09 16:00:00+00:00,630.868,643.318,627.116,642.475,1087.2726
2026-02-09 20:00:00+00:00,642.322,643.95,633.432,636.409,668.1638
2026-02-10 00:00:00+00:00,636.449,641.8,629.852,633.18,882.9633
2026-02-10 04:00:00+00:00,633.344,639.449,628.198,631.663,773.9854
2026-02-10 08:00:00+00:00,631.674,635.275,624.992,626.45,993.3497
2026-02-10 12:00:00+00:00,626.44,628.78,613.777,618.884,1176.4003
2026-02-10 16:00:00+00:00,619.49,625.577,614.136,617.343,1099.5822
2026-02-10 20:00:00+00:00,616.968,620.48,614.58,619.652,699.8687
2026-02-11 00:00:00+00:00,619.822,624.16,615.5,617.485,465.9369
2026-02-11 04:00:00+00:00,617.572,618.613,597.734,600.776,1127.88574495
2026-02-11 08:00:00+00:00,600.776,601.98,587.293,592.964,1010.4815
2026-02-11 12:00:00+00:00,592.766,611.63,589.265,593.743,2432.5867
2026-02-11 16:00:00+00:00,593.79,613.634,592.234,610.505,1415.9515
2026-02-11 20:00:00+00:00,610.458,617.83,604.541,608.246,1264.6807
2026-02-12 00:00:00+00:00,608.127,617.197,608.127,616.708,564.1295
2026-02-12 04:00:00+00:00,616.541,618.238,611.428,615.357,802.3955
2026-02-12 08:00:00+00:00,615.34,620.824,610.459,617.923,860.9564
2026-02-12 12:00:00+00:00,617.644,618.106,607.76,608.688,947.5348
2026-02-12 16:00:00+00:00,609.181,612.17,600.387,608.064,1396.955
2026-02-12 20:00:00+00:00,608.059,615.648,603.994,614.13,694.6395
2026-02-13 00:00:00+00:00,614.169,616.709,607.515,608.766,960.9952
2026-02-13 04:00:00+00:00,608.935,609.464,592.423,598.029,861.6675
2026-02-13 08:00:00+00:00,598.138,604.249,597.838,601.492,424.6485
2026-02-13 12:00:00+00:00,601.524,615.48,595.444,610.276,1338.7889
2026-02-13 16:00:00+00:00,610.311,621.303,609.229,618.271,1485.0838
2026-02-13 20:00:00+00:00,618.192,622.73,615.799,618.746,1007.5427
2026-02-14 00:00:00+00:00,618.856,625.553,616.703,617.506,696.5279
2026-02-14 04:00:00+00:00,617.41,622.35,615.786,622.142,479.7511
2026-02-14 08:00:00+00:00,622.067,633.601,621.99,633.462,784.6607
2026-02-14 12:00:00+00:00,633.391,637.222,626.906,634.567,945.8807
2026-02-14 16:00:00+00:00,634.566,634.566,629.218,632.729,725.6441
2026-02-14 20:00:00+00:00,632.927,634.686,628.66,632.547,1143.4231
2026-02-15 00:00:00+00:00,632.416,633.923,627.168,633.548,606.0247
2026-02-15 04:00:00+00:00,633.517,642.354,633.517,639.803,653.528
2026-02-15 08:00:00+00:00,639.824,640.932,626.2,629.315,786.9259
2026-02-15 12:00:00+00:00,629.369,630.178,615.69,621.489,1095.6684
2026-02-15 16:00:00+00:00,621.389,621.389,608.819,611.811,1656.1577
2026-02-15 20:00:00+00:00,611.355,617.11,609.675,614.975,1695.7105
2026-02-16 00:00:00+00:00,615.174,618.15,611.427,613.45,361.6705
2026-02-16 04:00:00+00:00,613.497,618.867,610.453,613.328,466.4063
2026-02-16 08:00:00+00:00,613.336,619.912,612.577,618.914,476.5701
2026-02-16 12:00:00+00:00,618.887,631.142,604.521,607.496,1880.0346
2026-02-16 16:00:00+00:00,607.539,618.238,607.413,616.794,470.5193
2026-02-16 20:00:00+00:00,616.762,628.198,616.053,627.262,767.67
2026-02-17 00:00:00+00:00,627.269,631.807,621.4,626.835,439.0549
2026-02-17 04:00:00+00:00,626.972,628.24,620.389,622.752,440.1936
2026-02-17 08:00:00+00:00,622.876,623.799,615.314,618.416,697.8563
2026-02-17 12:00:00+00:00,618.417,625.958,609.311,615.301,1236.4599
2026-02-17 16:00:00+00:00,615.367,624.192,612.177,620.323,938.0598
2026-02-17 20:00:00+00:00,620.297,620.95,616.152,617.761,479.7824
2026-02-18 00:00:00+00:00,617.785,619.722,613.359,618.998,207.1514
2026-02-18 04:00:00+00:00,619.027,621.369,614.842,620.937,357.1694
2026-02-18 08:00:00+00:00,620.725,626.563,613.501,614.16,751.2803
2026-02-18 12:00:00+00:00,614.093,623.148,607.908,618.219,960.8852
2026-02-18 16:00:00+00:00,618.264,620.611,601.38,603.151,890.6554
2026-02-18 20:00:00+00:00,603.255,606.429,602.0,604.73,843.5705
2026-02-19 00:00:00+00:00,604.81,608.128,602.763,608.128,486.0058
2026-02-19 04:00:00+00:00,608.048,614.64,606.64,610.638,385.1037
2026-02-19 08:00:00+00:00,610.568,610.608,603.891,604.178,452.9295
2026-02-19 12:00:00+00:00,604.123,606.35,596.061,600.381,1265.5725
2026-02-19 16:00:00+00:00,600.277,606.988,596.275,604.454,622.3635
2026-02-19 20:00:00+00:00,604.597,609.118,603.12,607.726,743.8405
2026-02-20 00:00:00+00:00,607.56,610.415,606.231,607.833,203.8183
2026-02-20 04:00:00+00:00,608.029,613.945,605.281,612.172,568.3939
2026-02-20 08:00:00+00:00,612.154,615.248,607.878,608.574,563.0111
2026-02-20 12:00:00+00:00,608.634,618.337,601.207,616.817,947.4196
2026-02-20 16:00:00+00:00,616.88,628.284,616.011,626.11,1511.8481
2026-02-20 20:00:00+00:00,626.104,629.665,624.938,625.904,934.9099
2026-02-21 00:00:00+00:00,625.823,628.467,623.856,625.223,576.6496
2026-02-21 04:00:00+00:00,625.211,627.931,624.842,625.903,428.3999
2026-02-21 08:00:00+00:00,625.904,631.4,625.717,630.115,605.8987
2026-02-21 12:00:00+00:00,630.074,634.631,627.58,627.642,601.82604667
2026-02-21 16:00:00+00:00,627.662,629.597,624.147,626.889,589.7313
2026-02-21 20:00:00+00:00,626.902,627.625,624.399,625.847,574.7093
2026-02-22 00:00:00+00:00,625.606,626.924,620.599,621.228,1464.1658
2026-02-22 04:00:00+00:00,621.194,623.563,618.778,622.439,301.5255
2026-02-22 08:00:00+00:00,622.439,624.812,621.047,624.536,191.481
2026-02-22 12:00:00+00:00,624.536,624.536,613.62,615.919,853.25058
2026-02-22 16:00:00+00:00,615.698,616.393,610.043,612.393,723.929
2026-02-22 20:00:00+00:00,612.345,616.108,610.889,614.9,662.3556
2026-02-23 00:00:00+00:00,614.604,615.73,583.15,590.016,3597.4327
2026-02-23 04:00:00+00:00,589.972,599.964,586.09,599.311,1732.2119
2026-02-23 08:00:00+00:00,599.25,610.415,596.7,606.608,870.6671
2026-02-23 12:00:00+00:00,606.554,612.63,604.459,604.641,1090.2261
2026-02-23 16:00:00+00:00,604.554,606.27,591.661,592.206,1239.1506
2026-02-23 20:00:00+00:00,592.362,598.569,590.272,596.345,1676.7454
2026-02-24 00:00:00+00:00,596.334,602.713,589.8,593.329,1439.3424
2026-02-24 04:00:00+00:00,593.453,594.23,586.28,589.624,1323.3909
2026-02-24 08:00:00+00:00,589.8,592.836,585.862,586.989,664.1498
2026-02-24 12:00:00+00:00,586.796,588.384,577.09,586.145,1233.7941
2026-02-24 16:00:00+00:00,586.118,590.065,583.929,588.652,866.3003
2026-02-24 20:00:00+00:00,588.696,590.373,582.449,583.568,1204.6246
2026-02-25 00:00:00+00:00,583.795,602.136,581.624,594.022,1322.0047
2026-02-25 04:00:00+00:00,594.041,596.53,589.849,596.0,1310.354
2026-02-25 08:00:00+00:00,596.062,605.4,595.87,604.845,853.5908
2026-02-25 12:00:00+00:00,604.995,623.0,604.591,621.386,1915.6581
2026-02-25 16:00:00+00:00,621.39,634.141,620.92,632.146,1616.0309
2026-02-25 20:00:00+00:00,632.271,640.71,624.506,629.364,1829.3205
2026-02-26 00:00:00+00:00,629.286,633.742,625.459,627.825,737.4173
2026-02-26 04:00:00+00:00,627.738,632.406,625.289,625.364,973.4763
2026-02-26 08:00:00+00:00,625.477,630.27,622.959,623.075,1100.357
2026-02-26 12:00:00+00:00,623.142,628.38,618.6,623.276,1272.0913
2026-02-26 16:00:00+00:00,623.358,625.335,614.181,624.51,2729.9124
2026-02-26 20:00:00+00:00,624.376,626.78,620.73,625.596,1410.4389
2026-02-27 00:00:00+00:00,625.683,630.113,622.367,629.1,1267.8123
2026-02-27 04:00:00+00:00,629.341,633.527,624.86,627.054,1093.4003
2026-02-27 08:00:00+00:00,627.055,629.921,613.186,614.784,1601.0838
2026-02-27 12:00:00+00:00,614.732,616.64,609.508,614.417,1490.2688
2026-02-27 16:00:00+00:00,614.383,614.645,606.681,609.824,1454.0133
2026-02-27 20:00:00+00:00,609.733,614.124,605.402,613.95,2308.705
2026-02-28 00:00:00+00:00,613.963,615.5,612.05,614.741,560.0264
2026-02-28 04:00:00+00:00,614.801,615.256,590.707,597.508,1709.51739489
2026-02-28 08:00:00+00:00,597.385,598.371,588.681,594.493,1526.8877
2026-02-28 12:00:00+00:00,594.53,605.636,594.061,603.935,1402.4116
2026-02-28 16:00:00+00:00,603.836,614.627,600.983,613.062,1290.9547
2026-02-28 20:00:00+00:00,613.089,621.501,611.923,616.885,1980.5738
2026-03-01 00:00:00+00:00,616.886,632.058,614.181,628.583,1502.2194
2026-03-01 04:00:00+00:00,628.62,631.351,623.004,625.313,1037.924
2026-03-01 08:00:00+00:00,625.41,626.39,618.761,622.874,958.7929
2026-03-01 12:00:00+00:00,622.827,629.739,619.737,626.43,1323.7608
2026-03-01 16:00:00+00:00,626.605,629.539,617.473,619.747,2550.1088
2026-03-01 20:00:00+00:00,619.7,620.939,610.882,617.752,2218.1537
2026-03-02 00:00:00+00:00,617.927,625.537,614.509,624.294,1284.3712
2026-03-02 04:00:00+00:00,624.378,625.727,613.076,616.553,712.6357
2026-03-02 08:00:00+00:00,616.643,622.99,613.0,621.943,1141.2121
2026-03-02 12:00:00+00:00,622.15,649.6,618.93,646.249,2184.0405
2026-03-02 16:00:00+00:00,646.245,652.973,635.887,636.335,1739.1923
2026-03-02 20:00:00+00:00,636.356,640.375,632.361,637.451,1564.3642
2026-03-03 00:00:00+00:00,637.706,642.227,633.354,635.468,1105.3727
2026-03-03 04:00:00+00:00,635.512,638.355,628.78,633.069,958.6319
2026-03-03 08:00:00+00:00,633.254,634.063,620.767,626.423,1381.6246
2026-03-03 12:00:00+00:00,626.402,631.811,620.802,630.602,1101.0844
2026-03-03 16:00:00+00:00,630.579,638.919,628.78,633.105,1238.9342
2026-03-03 20:00:00+00:00,633.127,636.881,628.426,633.386,1674.2824
2026-03-04 00:00:00+00:00,633.389,636.699,626.019,629.19,1400.4683
2026-03-04 04:00:00+00:00,629.107,640.877,627.121,639.936,1336.5087
2026-03-04 08:00:00+00:00,640.032,654.697,638.921,650.345,2066.79359786
2026-03-04 12:00:00+00:00,650.46,662.073,645.824,661.116,2381.6444
2026-03-04 16:00:00+00:00,661.117,666.0,655.171,662.669,1349.3678
2026-03-04 20:00:00+00:00,662.831,662.938,656.35,658.307,962.7058
2026-03-05 00:00:00+00:00,657.877,660.811,652.404,654.102,661.8326
2026-03-05 04:00:00+00:00,654.216,657.389,648.5,650.294,1963.4122
2026-03-05 08:00:00+00:00,650.232,665.296,649.611,658.973,2044.2462
2026-03-05 12:00:00+00:00,658.974,660.603,648.292,652.804,2013.183
2026-03-05 16:00:00+00:00,652.932,654.499,646.2,648.484,1383.2348
2026-03-05 20:00:00+00:00,648.511,652.323,646.5,647.833,1098.1806
2026-03-06 00:00:00+00:00,648.014,651.758,645.531,649.711,932.7454
2026-03-06 04:00:00+00:00,649.637,649.911,641.218,646.848,1101.5868
2026-03-06 08:00:00+00:00,646.678,646.834,637.005,637.436,798.0845
2026-03-06 12:00:00+00:00,637.307,640.892,624.823,627.975,2219.012
2026-03-06 16:00:00+00:00,627.862,632.916,625.997,630.754,1184.75447691
2026-03-06 20:00:00+00:00,630.723,631.478,627.001,627.271,1820.3802
2026-03-07 00:00:00+00:00,627.165,629.795,626.395,626.932,2394.4233
2026-03-07 04:00:00+00:00,627.005,628.663,624.754,627.771,1718.2205
2026-03-07 08:00:00+00:00,627.591,630.11,626.377,627.636,726.4131
2026-03-07 12:00:00+00:00,627.647,628.159,623.693,625.227,1187.3383
2026-03-07 16:00:00+00:00,625.127,625.127,618.165,619.839,956.606
2026-03-07 20:00:00+00:00,619.843,622.348,617.77,620.342,1555.2376
2026-03-08 00:00:00+00:00,620.408,622.032,615.369,617.013,881.764
2026-03-08 04:00:00+00:00,617.0,622.177,614.4,619.985,926.7037
2026-03-08 08:00:00+00:00,619.972,624.104,617.969,620.245,1094.0395
2026-03-08 12:00:00+00:00,620.244,621.045,612.987,616.207,1026.3088
2026-03-08 16:00:00+00:00,616.162,619.74,611.964,619.041,1163.9588
2026-03-08 20:00:00+00:00,619.093,620.071,607.9,611.876,2350.3128
2026-03-09 00:00:00+00:00,612.05,628.229,611.0,623.609,1850.766
2026-03-09 04:00:00+00:00,623.754,629.918,618.385,621.801,1912.049
2026-03-09 08:00:00+00:00,622.084,630.456,621.948,627.548,1644.4121
2026-03-09 12:00:00+00:00,627.597,640.596,627.594,639.379,1568.95
2026-03-09 16:00:00+00:00,639.305,643.11,634.123,638.351,1368.2481
2026-03-09 20:00:00+00:00,638.284,640.606,633.728,634.424,1939.2526
2026-03-10 00:00:00+00:00,634.401,645.778,634.401,639.739,1105.7444
2026-03-10 04:00:00+00:00,639.842,646.959,639.44,644.508,1153.6808
2026-03-10 08:00:00+00:00,644.549,649.008,644.109,645.59,987.3802
2026-03-10 12:00:00+00:00,645.581,652.15,638.099,649.256,1986.1787
2026-03-10 16:00:00+00:00,649.143,652.447,639.825,641.687,1836.0952
2026-03-10 20:00:00+00:00,641.624,645.2,639.596,642.008,1399.2047
2026-03-11 00:00:00+00:00,642.043,644.245,638.766,639.9,1066.0242
2026-03-11 04:00:00+00:00,639.929,644.975,637.83,640.39,1179.8539
2026-03-11 08:00:00+00:00,640.568,644.25,635.0,638.198,1814.7654
2026-03-11 12:00:00+00:00,638.163,652.189,636.786,645.896,1877.1863
2026-03-11 16:00:00+00:00,646.039,656.082,645.132,652.979,1663.9437
2026-03-11 20:00:00+00:00,653.074,656.11,650.569,651.483,1482.1667
2026-03-12 00:00:00+00:00,651.838,652.278,642.129,643.351,994.7795
2026-03-12 04:00:00+00:00,643.419,647.042,641.8,645.645,1166.2205
2026-03-12 08:00:00+00:00,645.692,654.043,645.532,652.433,1472.6097
2026-03-12 12:00:00+00:00,652.48,657.75,645.856,650.196,2440.3628
2026-03-12 16:00:00+00:00,650.143,652.642,646.581,651.17,1179.9634
2026-03-12 20:00:00+00:00,651.132,655.0,649.026,651.949,1212.527
2026-03-13 00:00:00+00:00,651.92,663.715,650.721,661.47,1303.9123
2026-03-13 04:00:00+00:00,661.472,664.329,658.856,661.295,936.5036
2026-03-13 08:00:00+00:00,661.327,668.885,660.846,666.788,2311.0819
2026-03-13 12:00:00+00:00,666.752,679.149,661.415,662.224,2988.9335
2026-03-13 16:00:00+00:00,662.219,664.762,653.491,657.07,2369.9045
2026-03-13 20:00:00+00:00,657.204,658.76,653.447,655.656,2563.1413
2026-03-14 00:00:00+00:00,655.655,657.094,652.5,656.758,1131.2679
2026-03-14 04:00:00+00:00,656.758,658.06,650.915,651.908,1132.5417
2026-03-14 08:00:00+00:00,651.999,653.8,650.097,653.376,1070.03877817
2026-03-14 12:00:00+00:00,653.34,655.249,651.79,653.37,1522.5993
2026-03-14 16:00:00+00:00,653.113,654.335,652.252,653.685,596.8816
2026-03-14 20:00:00+00:00,653.665,657.992,653.175,657.711,1751.3169
2026-03-15 00:00:00+00:00,657.712,661.0,654.307,658.777,844.4479
2026-03-15 04:00:00+00:00,658.887,660.951,657.732,660.012,1070.5804
2026-03-15 08:00:00+00:00,660.23,666.471,659.791,661.619,1350.6904
2026-03-15 12:00:00+00:00,661.62,662.489,656.64,659.603,1247.6937
2026-03-15 16:00:00+00:00,659.645,663.208,658.22,660.499,822.3968
2026-03-15 20:00:00+00:00,660.477,678.998,659.749,673.851,2753.9055
2026-03-16 00:00:00+00:00,673.875,685.905,670.36,680.409,1463.5991
2026-03-16 04:00:00+00:00,680.711,687.3,677.5,678.077,1626.1253
2026-03-16 08:00:00+00:00,678.158,681.016,673.912,677.078,1398.7025
2026-03-16 12:00:00+00:00,677.231,683.71,670.0,671.662,2857.7377
2026-03-16 16:00:00+00:00,671.433,681.27,671.171,678.641,2791.0707
2026-03-16 20:00:00+00:00,678.461,684.695,673.865,679.524,3339.1151
2026-03-17 00:00:00+00:00,679.152,686.489,675.161,676.251,2674.5606
2026-03-17 04:00:00+00:00,676.409,677.511,672.001,674.253,1802.7771
2026-03-17 08:00:00+00:00,674.477,676.4,667.361,667.614,3021.6219
2026-03-17 12:00:00+00:00,667.662,673.039,663.549,668.471,3539.2581
2026-03-17 16:00:00+00:00,668.432,674.677,667.744,671.915,2580.181
2026-03-17 20:00:00+00:00,671.895,674.438,667.948,668.619,2990.7476
2026-03-18 00:00:00+00:00,668.737,674.999,665.762,673.315,1858.679
2026-03-18 04:00:00+00:00,673.315,674.999,670.016,673.798,1833.7665
2026-03-18 08:00:00+00:00,673.819,676.353,661.745,662.97,2086.5548
2026-03-18 12:00:00+00:00,662.263,662.373,645.427,648.827,3492.1557
2026-03-18 16:00:00+00:00,648.337,653.019,645.525,648.071,2572.5168
2026-03-18 20:00:00+00:00,648.078,652.903,644.42,652.16,3789.45519281
2026-03-19 00:00:00+00:00,652.191,656.27,649.142,652.411,2632.3016
2026-03-19 04:00:00+00:00,652.411,652.646,640.985,645.374,1882.6185
2026-03-19 08:00:00+00:00,645.374,648.837,643.593,644.023,2711.8598
2026-03-19 12:00:00+00:00,644.123,644.123,634.48,637.866,2844.4676
2026-03-19 16:00:00+00:00,637.953,642.398,633.39,640.064,3065.0555
2026-03-19 20:00:00+00:00,639.856,643.858,638.337,639.171,2663.0553
2026-03-20 00:00:00+00:00,639.2,644.999,638.702,644.291,1682.7665
2026-03-20 04:00:00+00:00,644.321,645.78,639.693,644.087,1736.2298
2026-03-20 08:00:00+00:00,644.088,647.64,640.217,641.587,2398.766
2026-03-20 12:00:00+00:00,642.0,643.318,636.755,640.441,1500.087
2026-03-20 16:00:00+00:00,640.442,641.874,636.38,640.168,854.9334
2026-03-20 20:00:00+00:00,640.375,644.58,637.625,642.28,1029.6309
2026-03-21 00:00:00+00:00,642.105,643.198,640.189,642.436,641.3528
2026-03-21 04:00:00+00:00,642.267,644.542,641.724,643.177,465.5614
2026-03-21 08:00:00+00:00,643.298,644.544,642.138,644.057,1327.3533
2026-03-21 12:00:00+00:00,644.077,646.454,641.456,642.79,1104.6334
2026-03-21 16:00:00+00:00,642.721,643.27,640.541,641.634,919.7692
2026-03-21 20:00:00+00:00,641.613,642.738,627.454,630.518,2331.9481
2026-03-22 00:00:00+00:00,630.543,637.711,622.494,635.02,3508.0597
2026-03-22 04:00:00+00:00,634.858,636.615,631.8,631.874,2248.5358
2026-03-22 08:00:00+00:00,631.96,632.087,627.454,627.808,4657.4115
2026-03-22 12:00:00+00:00,627.82,631.607,627.647,629.622,2774.1578
2026-03-22 16:00:00+00:00,629.577,631.996,626.221,627.399,4987.752
2026-03-22 20:00:00+00:00,627.565,631.342,622.012,626.191,5748.1375
2026-03-23 00:00:00+00:00,626.605,630.858,622.088,626.374,3980.5394
2026-03-23 04:00:00+00:00,626.482,631.889,620.266,624.347,2230.5172
2026-03-23 08:00:00+00:00,624.346,650.641,621.572,638.297,8595.3033
2026-03-23 12:00:00+00:00,638.54,649.476,635.96,637.278,4697.2547
2026-03-23 16:00:00+00:00,637.384,640.71,632.667,637.887,2344.153
2026-03-23 20:00:00+00:00,637.722,640.984,636.184,638.972,3047.0709
2026-03-24 00:00:00+00:00,639.061,640.085,631.998,632.67,4361.344
2026-03-24 04:00:00+00:00,632.67,638.394,627.319,637.959,2882.6233
2026-03-24 08:00:00+00:00,638.036,639.955,634.028,638.962,2509.9749
2026-03-24 12:00:00+00:00,638.986,639.236,627.021,630.886,3048.518
2026-03-24 16:00:00+00:00,630.82,632.459,626.88,630.167,3206.4232
2026-03-24 20:00:00+00:00,630.108,639.76,629.592,638.35,3039.2665
2026-03-25 00:00:00+00:00,638.537,643.109,637.601,642.309,3497.6202198
2026-03-25 04:00:00+00:00,642.29,647.37,641.503,643.587,2262.7654
2026-03-25 08:00:00+00:00,643.65,651.04,643.59,648.191,2900.95989329
2026-03-25 12:00:00+00:00,648.468,652.868,641.891,645.826,3167.7211
2026-03-25 16:00:00+00:00,645.7,651.22,644.402,646.077,3295.2253
2026-03-25 20:00:00+00:00,646.171,650.13,644.183,647.518,4537.1296
2026-03-26 00:00:00+00:00,647.426,648.389,641.331,642.8,3398.2652
2026-03-26 04:00:00+00:00,642.904,643.329,633.5,635.228,1903.0788
2026-03-26 08:00:00+00:00,635.258,635.461,628.198,629.093,2166.0595
2026-03-26 12:00:00+00:00,628.739,632.465,625.178,626.733,2235.9148
2026-03-26 16:00:00+00:00,626.736,628.8,623.151,625.754,3051.2358
2026-03-26 20:00:00+00:00,625.541,631.414,625.157,628.697,5452.0755
2026-03-27 00:00:00+00:00,628.69,631.81,627.254,628.56,2234.0729
2026-03-27 04:00:00+00:00,628.545,630.21,625.221,628.453,2923.0586
2026-03-27 08:00:00+00:00,628.471,629.009,607.13,611.128,3223.3007
2026-03-27 12:00:00+00:00,611.124,613.97,605.807,610.546,2782.6706
2026-03-27 16:00:00+00:00,610.541,611.998,606.6,610.415,2149.3133
2026-03-27 20:00:00+00:00,610.156,614.31,608.449,613.858,865.4247
2026-03-28 00:00:00+00:00,613.931,614.018,609.775,611.022,937.3277
2026-03-28 04:00:00+00:00,611.022,614.27,610.299,613.782,1718.9018
2026-03-28 08:00:00+00:00,613.815,614.204,610.259,613.017,696.1114
2026-03-28 12:00:00+00:00,612.861,618.937,611.639,617.13,857.2025
2026-03-28 16:00:00+00:00,617.15,617.651,615.402,616.573,359.878
2026-03-28 20:00:00+00:00,616.592,618.2,610.707,611.094,605.4017
2026-03-29 00:00:00+00:00,611.095,615.298,609.918,613.983,928.0097
2026-03-29 04:00:00+00:00,614.053,614.663,611.964,613.642,254.6659
2026-03-29 08:00:00+00:00,613.641,614.523,611.21,613.632,411.4755
2026-03-29 12:00:00+00:00,613.56,613.612,607.519,609.745,648.8782
2026-03-29 16:00:00+00:00,609.696,611.146,607.749,609.096,249.0702
2026-03-29 20:00:00+00:00,609.35,612.17,596.433,606.0,973.3533
2026-03-30 00:00:00+00:00,606.198,619.285,605.299,615.521,815.926
2026-03-30 04:00:00+00:00,615.865,619.208,615.41,618.108,412.5417
2026-03-30 08:00:00+00:00,618.259,621.439,616.318,617.844,894.0029
2026-03-30 12:00:00+00:00,617.876,620.825,613.482,618.327,1333.0091
2026-03-30 16:00:00+00:00,618.538,618.684,608.199,610.596,1098.6105
2026-03-30 20:00:00+00:00,610.711,613.568,607.359,609.088,1769.7547
2026-03-31 00:00:00+00:00,609.29,619.932,608.33,613.564,1464.8942
2026-03-31 04:00:00+00:00,613.657,614.651,609.205,611.05,1373.1259
2026-03-31 08:00:00+00:00,611.126,611.215,598.741,605.232,2799.3617
2026-03-31 12:00:00+00:00,605.433,616.101,604.371,607.846,3209.1906
2026-03-31 16:00:00+00:00,608.017,619.689,608.017,615.665,3281.4607
2026-03-31 20:00:00+00:00,615.87,619.324,615.223,617.331,4242.7279
2026-04-01 00:00:00+00:00,617.262,619.98,614.064,616.967,4174.9041
2026-04-01 04:00:00+00:00,616.912,622.0,615.181,616.357,1664.4526
2026-04-01 08:00:00+00:00,616.278,617.528,613.777,615.3,981.3898
2026-04-01 12:00:00+00:00,615.297,617.83,610.018,614.914,1534.6498
2026-04-01 16:00:00+00:00,614.804,619.679,611.902,613.811,1191.677
2026-04-01 20:00:00+00:00,614.01,616.0,609.991,610.77,642.1033
2026-04-02 00:00:00+00:00,610.785,613.628,591.875,592.141,1105.7197
2026-04-02 04:00:00+00:00,592.011,592.59,587.402,591.966,448.8874
2026-04-02 08:00:00+00:00,591.905,591.905,577.262,581.328,990.8758
2026-04-02 12:00:00+00:00,581.27,581.374,570.544,573.95,1464.3345
2026-04-02 16:00:00+00:00,574.12,583.817,573.833,583.598,663.6826
2026-04-02 20:00:00+00:00,583.597,584.888,581.429,583.45,447.7255
2026-04-03 00:00:00+00:00,583.726,587.14,581.881,585.816,610.3117
2026-04-03 04:00:00+00:00,585.734,588.829,584.882,586.373,411.485
2026-04-03 08:00:00+00:00,586.558,588.161,583.15,587.324,556.4992
2026-04-03 12:00:00+00:00,587.274,590.206,584.06,587.055,868.9376
2026-04-03 16:00:00+00:00,586.906,589.179,586.326,588.464,661.9014
2026-04-03 20:00:00+00:00,588.464,589.149,586.889,587.935,352.3737
2026-04-04 00:00:00+00:00,588.198,589.358,587.127,589.148,404.9907
2026-04-04 04:00:00+00:00,589.163,592.186,588.459,590.005,1142.1902
2026-04-04 08:00:00+00:00,590.143,591.743,589.221,589.74,786.4059
2026-04-04 12:00:00+00:00,589.741,591.7,588.206,590.924,979.3392
2026-04-04 16:00:00+00:00,591.066,596.462,590.428,593.397,839.7792
2026-04-04 20:00:00+00:00,593.432,595.344,592.57,593.359,1029.5376
2026-04-05 00:00:00+00:00,593.398,594.162,591.236,593.322,308.5275
2026-04-05 04:00:00+00:00,593.417,594.089,587.801,590.415,562.7157
2026-04-05 08:00:00+00:00,590.277,595.179,590.102,593.814,475.1011
2026-04-05 12:00:00+00:00,593.776,596.415,587.022,593.159,778.8754
2026-04-05 16:00:00+00:00,593.241,593.829,591.532,592.37,289.2646
2026-04-05 20:00:00+00:00,592.381,604.008,590.34,601.509,903.4247
2026-04-06 00:00:00+00:00,601.63,607.57,600.294,600.706,689.5455
2026-04-06 04:00:00+00:00,600.757,604.299,598.531,603.639,509.5363
2026-04-06 08:00:00+00:00,603.675,610.363,603.675,605.297,920.2581
2026-04-06 12:00:00+00:00,605.296,608.816,604.073,608.189,729.6801
2026-04-06 16:00:00+00:00,608.215,608.987,603.078,606.629,404.9147
2026-04-06 20:00:00+00:00,606.754,607.897,596.415,600.142,304.4885
2026-04-07 00:00:00+00:00,599.969,601.21,596.5,599.076,767.3199
2026-04-07 04:00:00+00:00,599.118,601.876,596.81,599.247,905.7347
2026-04-07 08:00:00+00:00,599.26,606.311,596.398,597.03,1619.0409
2026-04-07 12:00:00+00:00,596.855,599.998,592.124,598.366,1934.6086
2026-04-07 16:00:00+00:00,598.606,608.898,598.579,608.413,1584.5161
2026-04-07 20:00:00+00:00,608.411,624.793,607.15,620.14,3877.2465
2026-04-08 00:00:00+00:00,620.203,621.516,612.947,613.234,1665.7042
2026-04-08 04:00:00+00:00,613.529,617.196,612.141,613.29,1149.8199
2026-04-08 08:00:00+00:00,613.252,614.449,610.83,612.746,1147.6272
2026-04-08 12:00:00+00:00,612.773,615.787,601.292,605.286,2181.1806
2026-04-08 16:00:00+00:00,605.222,607.49,602.674,604.196,1193.2392
2026-04-08 20:00:00+00:00,604.216,607.331,599.68,601.088,724.2207
2026-04-09 00:00:00+00:00,601.09,602.962,596.95,600.192,447.4114
2026-04-09 04:00:00+00:00,600.104,601.121,598.791,599.975,317.7162
2026-04-09 08:00:00+00:00,600.002,603.06,599.27,602.526,870.9726
2026-04-09 12:00:00+00:00,602.479,607.236,598.209,605.883,1632.7673
2026-04-09 16:00:00+00:00,605.973,609.318,603.405,608.478,2093.7303
2026-04-09 20:00:00+00:00,608.501,611.99,602.001,602.957,947.676
2026-04-10 00:00:00+00:00,602.961,605.483,599.815,601.288,491.0187
2026-04-10 04:00:00+00:00,601.16,602.694,599.106,599.414,1635.1952
2026-04-10 08:00:00+00:00,599.26,603.21,597.614,602.476,2043.9031
2026-04-10 12:00:00+00:00,602.429,608.573,588.68,603.257,3536.4832
2026-04-10 16:00:00+00:00,603.306,609.949,603.139,609.411,1643.9228
2026-04-10 20:00:00+00:00,609.419,610.148,605.281,605.281,2224.8865
2026-04-11 00:00:00+00:00,605.347,607.569,603.396,606.567,743.0389
2026-04-11 04:00:00+00:00,606.766,607.522,604.46,605.863,1120.6328
2026-04-11 08:00:00+00:00,605.998,607.389,604.294,605.437,1418.7641
2026-04-11 12:00:00+00:00,605.483,606.908,603.534,605.955,1607.6022
2026-04-11 16:00:00+00:00,606.004,614.0,605.855,612.893,1769.4089
2026-04-11 20:00:00+00:00,612.946,612.946,605.872,607.055,3266.0678
2026-04-12 00:00:00+00:00,606.962,607.558,590.311,595.546,1891.9174
2026-04-12 04:00:00+00:00,595.521,596.0,592.943,594.234,1424.6195
2026-04-12 08:00:00+00:00,594.025,595.456,592.851,595.406,1906.6131
2026-04-12 12:00:00+00:00,595.224,595.718,588.859,591.551,1507.1962
2026-04-12 16:00:00+00:00,591.345,593.289,590.926,592.267,1186.8304
2026-04-12 20:00:00+00:00,592.239,596.913,590.913,592.036,2126.8177
2026-04-13 00:00:00+00:00,592.139,597.889,591.496,594.679,1133.7835
2026-04-13 04:00:00+00:00,594.674,599.683,594.59,597.27,1401.9792
2026-04-13 08:00:00+00:00,597.208,598.508,595.187,597.146,1272.1121
2026-04-13 12:00:00+00:00,597.086,604.831,595.541,603.328,1692.9162
2026-04-13 16:00:00+00:00,603.436,609.076,602.101,608.693,2028.1037
2026-04-13 20:00:00+00:00,608.636,617.748,607.116,614.675,2672.8182
2026-04-14 00:00:00+00:00,615.084,615.992,610.834,615.875,559.1979
2026-04-14 04:00:00+00:00,615.909,615.937,611.952,613.534,824.4384
2026-04-14 08:00:00+00:00,613.539,619.328,613.358,616.731,1230.4015
2026-04-14 12:00:00+00:00,616.449,625.101,615.284,623.337,1458.5372
2026-04-14 16:00:00+00:00,623.508,625.044,611.777,613.682,1646.4266
2026-04-14 20:00:00+00:00,613.891,616.836,612.58,613.597,2845.6769
2026-04-15 00:00:00+00:00,613.659,619.631,613.654,616.044,1048.3565
2026-04-15 04:00:00+00:00,616.193,617.134,610.805,611.378,1016.2607
2026-04-15 08:00:00+00:00,611.494,620.72,610.459,619.678,1535.9096
2026-04-15 12:00:00+00:00,619.614,620.385,616.001,619.118,1675.3994
2026-04-15 16:00:00+00:00,619.117,627.464,618.574,625.269,2622.6606
2026-04-15 20:00:00+00:00,625.309,626.696,621.308,622.566,3446.3324
2026-04-16 00:00:00+00:00,622.556,626.131,620.22,624.236,1135.814
2026-04-16 04:00:00+00:00,624.026,626.214,621.84,622.596,1210.7723
2026-04-16 08:00:00+00:00,622.597,623.785,618.855,621.01,1218.8291
2026-04-16 12:00:00+00:00,621.018,626.436,614.665,624.947,3743.3856
2026-04-16 16:00:00+00:00,624.822,637.154,623.518,636.449,4951.9864
2026-04-16 20:00:00+00:00,636.384,637.281,631.612,635.637,2660.6302
2026-04-17 00:00:00+00:00,635.637,636.349,628.042,629.158,2420.0524
2026-04-17 04:00:00+00:00,629.159,630.215,626.655,627.07,2177.5942
2026-04-17 08:00:00+00:00,627.181,635.153,626.795,632.419,3172.0258
2026-04-17 12:00:00+00:00,632.687,645.472,631.58,643.417,2682.1125
2026-04-17 16:00:00+00:00,643.433,645.519,638.641,641.345,1614.897
2026-04-17 20:00:00+00:00,641.347,644.759,639.124,643.001,829.0234
2026-04-18 00:00:00+00:00,642.967,646.921,640.002,640.163,679.4725
2026-04-18 04:00:00+00:00,640.241,648.802,640.068,643.215,654.147
2026-04-18 08:00:00+00:00,643.216,643.614,631.448,633.371,1130.1644
2026-04-18 12:00:00+00:00,633.234,634.875,631.316,633.244,831.1733
2026-04-18 16:00:00+00:00,633.243,634.216,627.973,630.359,1181.1384
2026-04-18 20:00:00+00:00,630.232,631.737,629.355,629.724,736.1349
2026-04-19 00:00:00+00:00,629.725,630.258,621.125,623.139,575.2732
2026-04-19 04:00:00+00:00,623.14,624.65,618.239,620.349,611.0619
2026-04-19 08:00:00+00:00,620.325,623.279,618.13,622.268,507.348
2026-04-19 12:00:00+00:00,622.291,628.315,622.001,625.756,805.7841
2026-04-19 16:00:00+00:00,626.2,626.605,619.302,623.123,632.1935
2026-04-19 20:00:00+00:00,623.059,623.396,614.906,616.093,645.9373
2026-04-20 00:00:00+00:00,616.145,622.77,616.038,621.867,312.1224
2026-04-20 04:00:00+00:00,621.68,629.419,616.913,624.424,437.1205
2026-04-20 08:00:00+00:00,624.854,628.07,622.546,625.395,1626.8663
2026-04-20 12:00:00+00:00,625.334,628.195,620.868,628.195,1479.3298
2026-04-20 16:00:00+00:00,628.198,631.589,626.661,630.541,1439.2666
2026-04-20 20:00:00+00:00,630.473,631.997,627.997,629.128,1946.6586
2026-04-21 00:00:00+00:00,629.128,632.494,627.792,630.023,7392.4352
2026-04-21 04:00:00+00:00,630.021,633.912,628.747,632.699,1296.9489
2026-04-21 08:00:00+00:00,632.646,640.51,632.204,634.246,2273.3386
2026-04-21 12:00:00+00:00,634.286,635.151,629.355,631.82,1741.7234
2026-04-21 16:00:00+00:00,631.901,633.597,624.844,626.549,2074.5216
2026-04-21 20:00:00+00:00,626.557,632.352,625.5,631.61,2038.3541
2026-04-22 00:00:00+00:00,631.73,641.416,631.045,639.885,1927.0207
2026-04-22 04:00:00+00:00,639.706,644.797,638.673,642.066,1587.1949
2026-04-22 08:00:00+00:00,642.067,643.87,641.048,642.708,939.8139
2026-04-22 12:00:00+00:00,642.432,654.125,642.296,649.1,2651.6322
2026-04-22 16:00:00+00:00,649.128,650.946,643.072,644.118,1301.2415
2026-04-22 20:00:00+00:00,644.072,644.072,637.162,637.348,1765.4872
2026-04-23 00:00:00+00:00,637.473,639.247,633.32,635.619,1750.5512
2026-04-23 04:00:00+00:00,635.584,638.191,635.047,635.381,684.7521
2026-04-23 08:00:00+00:00,635.628,636.166,631.1,633.521,1050.08114781
2026-04-23 12:00:00+00:00,633.524,640.002,632.076,639.595,1318.5698
2026-04-23 16:00:00+00:00,639.633,640.329,631.13,635.849,2317.4784
2026-04-23 20:00:00+00:00,635.857,639.764,635.472,638.388,2244.4277
2026-04-24 00:00:00+00:00,638.517,640.219,633.378,634.609,788.3235
2026-04-24 04:00:00+00:00,634.517,636.958,632.021,634.966,364.5471
2026-04-24 08:00:00+00:00,634.966,638.605,633.432,637.853,1061.5115
2026-04-24 12:00:00+00:00,637.959,640.317,635.815,639.518,1235.3709
2026-04-24 16:00:00+00:00,639.571,639.814,635.374,637.923,798.2802
2026-04-24 20:00:00+00:00,638.186,638.317,635.503,636.119,863.3337
2026-04-25 00:00:00+00:00,636.133,637.842,635.545,637.431,487.5025
2026-04-25 04:00:00+00:00,637.519,638.179,636.232,636.749,521.8538
2026-04-25 08:00:00+00:00,636.749,638.423,634.196,634.352,615.3721
2026-04-25 12:00:00+00:00,634.672,635.123,629.035,629.814,932.5762
2026-04-25 16:00:00+00:00,629.712,630.408,627.354,628.702,977.8695
2026-04-25 20:00:00+00:00,628.836,630.171,628.25,628.381,931.3746
2026-04-26 00:00:00+00:00,628.381,630.071,626.931,628.518,583.2722
2026-04-26 04:00:00+00:00,628.457,632.63,628.072,632.397,590.6275
2026-04-26 08:00:00+00:00,632.509,632.558,629.929,632.429,706.2577
2026-04-26 12:00:00+00:00,632.393,632.989,630.493,632.182,1227.2916
2026-04-26 16:00:00+00:00,632.2,636.599,630.391,635.833,658.9548
2026-04-26 20:00:00+00:00,635.949,638.072,633.075,635.722,1624.592
2026-04-27 00:00:00+00:00,635.811,639.784,633.881,638.369,970.0973
2026-04-27 04:00:00+00:00,638.343,638.57,625.203,625.936,1862.1872
2026-04-27 08:00:00+00:00,625.806,628.897,625.63,627.375,1127.0307
2026-04-27 12:00:00+00:00,627.282,628.471,618.288,620.74,1676.389
2026-04-27 16:00:00+00:00,620.809,623.895,620.43,623.339,1556.6951
2026-04-27 20:00:00+00:00,623.353,627.334,622.932,626.892,1695.9696
2026-04-28 00:00:00+00:00,626.778,627.454,623.175,624.5,1069.6776
2026-04-28 04:00:00+00:00,624.517,626.509,621.881,624.461,1488.709
2026-04-28 08:00:00+00:00,624.356,625.522,621.137,621.595,1166.8911
2026-04-28 12:00:00+00:00,622.019,623.5,619.058,622.748,2117.2575
2026-04-28 16:00:00+00:00,622.748,624.2,621.924,624.138,2681.1213
2026-04-28 20:00:00+00:00,624.198,625.1,622.586,624.805,2612.2043
2026-04-29 00:00:00+00:00,624.799,626.641,622.694,625.823,2188.5572
2026-04-29 04:00:00+00:00,625.845,628.284,624.885,625.043,580.8784
2026-04-29 08:00:00+00:00,625.059,629.456,624.519,625.844,1884.2001
2026-04-29 12:00:00+00:00,625.863,625.934,615.301,616.404,4068.8076
2026-04-29 16:00:00+00:00,616.182,620.37,610.425,613.507,3423.2699
2026-04-29 20:00:00+00:00,613.555,618.932,613.334,617.48,1960.4716
2026-04-30 00:00:00+00:00,617.48,620.663,616.065,617.913,1526.0945
2026-04-30 04:00:00+00:00,617.891,618.281,613.514,617.527,1220.9561
2026-04-30 08:00:00+00:00,617.546,618.711,614.511,615.629,5073.233
2026-04-30 12:00:00+00:00,615.597,618.033,613.436,617.112,1844.2792
2026-04-30 16:00:00+00:00,616.848,618.758,615.652,618.683,1194.5653
2026-04-30 20:00:00+00:00,618.46,618.713,614.67,615.3,2116.1394
2026-05-01 00:00:00+00:00,615.346,621.24,615.188,618.417,1817.0943
2026-05-01 04:00:00+00:00,618.496,618.923,616.123,617.246,1591.045
2026-05-01 08:00:00+00:00,617.244,619.351,615.975,618.899,1142.4797
2026-05-01 12:00:00+00:00,618.777,622.751,618.489,620.699,2278.2743
2026-05-01 16:00:00+00:00,620.7,621.734,618.935,619.156,1466.0566
2026-05-01 20:00:00+00:00,619.238,619.249,613.76,615.183,2923.8409
2026-05-02 00:00:00+00:00,615.164,617.055,614.653,616.129,1537.9224
2026-05-02 04:00:00+00:00,616.13,616.219,613.989,615.668,1496.1634
2026-05-02 08:00:00+00:00,615.668,616.084,614.673,615.532,1027.635
2026-05-02 12:00:00+00:00,615.496,618.062,615.234,618.019,1789.3054
2026-05-02 16:00:00+00:00,618.09,619.23,617.439,618.81,2083.4931
2026-05-02 20:00:00+00:00,618.841,621.784,617.61,617.879,3879.5313
2026-05-03 00:00:00+00:00,617.975,618.493,615.064,616.208,4946.81522781
2026-05-03 04:00:00+00:00,616.115,618.4,615.363,616.95,1849.1941
2026-05-03 08:00:00+00:00,616.974,619.637,616.737,618.843,1902.4969
2026-05-03 12:00:00+00:00,618.823,620.424,618.12,619.758,1808.3221
2026-05-03 16:00:00+00:00,619.787,620.579,618.634,619.344,1502.7613
2026-05-03 20:00:00+00:00,619.272,622.196,616.975,617.272,2963.4453
2026-05-04 00:00:00+00:00,617.182,626.541,615.575,626.49,2210.4895079
2026-05-04 04:00:00+00:00,626.582,638.893,626.582,628.596,2745.73790003
2026-05-04 08:00:00+00:00,628.515,630.956,620.167,623.048,2871.4632
2026-05-04 12:00:00+00:00,622.946,628.328,621.245,625.319,4894.3631
2026-05-04 16:00:00+00:00,625.443,628.717,623.541,624.699,2981.158
2026-05-04 20:00:00+00:00,624.745,625.685,622.33,622.376,3352.5724
2026-05-05 00:00:00+00:00,622.365,628.052,622.346,627.657,1855.6506
2026-05-05 04:00:00+00:00,627.64,628.709,625.621,627.588,1470.3229
2026-05-05 08:00:00+00:00,627.405,629.022,626.028,628.554,1661.9867
2026-05-05 12:00:00+00:00,628.475,633.925,627.982,630.955,5014.0589
2026-05-05 16:00:00+00:00,631.02,632.377,627.738,631.601,2731.9404
2026-05-05 20:00:00+00:00,631.569,634.83,629.679,630.39,2746.3918
2026-05-06 00:00:00+00:00,630.331,635.727,629.001,635.107,2128.2475
2026-05-06 04:00:00+00:00,635.289,640.456,632.897,637.901,3063.6027
2026-05-06 08:00:00+00:00,638.158,652.42,637.951,652.064,3648.353
2026-05-06 12:00:00+00:00,652.304,664.088,643.524,648.52,4241.3447
2026-05-06 16:00:00+00:00,648.454,650.941,646.366,650.409,1961.1771
2026-05-06 20:00:00+00:00,650.508,651.374,644.317,647.49,3081.9473
2026-05-07 00:00:00+00:00,647.585,649.623,641.539,642.595,2032.0006
2026-05-07 04:00:00+00:00,642.53,653.45,642.03,651.964,2381.6767
2026-05-07 08:00:00+00:00,651.917,653.106,646.014,647.855,3119.6765
2026-05-07 12:00:00+00:00,647.435,650.876,639.272,642.293,3373.6822
2026-05-07 16:00:00+00:00,642.36,644.522,639.328,643.624,4317.5839
2026-05-07 20:00:00+00:00,643.656,645.059,633.728,637.037,3376.2993
2026-05-08 00:00:00+00:00,637.098,640.512,635.306,639.522,2802.0921
2026-05-08 04:00:00+00:00,639.521,640.998,634.703,636.785,2116.4137
2026-05-08 08:00:00+00:00,636.753,641.29,635.854,641.01,1865.3989
2026-05-08 12:00:00+00:00,640.917,644.047,637.33,643.738,2004.6278
2026-05-08 16:00:00+00:00,643.886,649.25,642.207,647.883,2529.898
2026-05-08 20:00:00+00:00,648.215,651.567,646.017,649.323,3945.0092
2026-05-09 00:00:00+00:00,649.341,655.871,648.94,653.688,2931.1919
2026-05-09 04:00:00+00:00,653.593,655.923,649.071,649.623,1885.4349
2026-05-09 08:00:00+00:00,649.526,651.043,648.121,650.218,1724.2242
2026-05-09 12:00:00+00:00,649.997,650.855,646.276,647.844,1815.9122
2026-05-09 16:00:00+00:00,647.932,651.994,647.065,650.951,1846.5642
2026-05-09 20:00:00+00:00,651.042,652.452,649.606,649.895,1543.8148
2026-05-10 00:00:00+00:00,649.85,650.652,644.919,647.764,768.6729
2026-05-10 04:00:00+00:00,647.886,649.266,647.177,648.23,1396.2574
2026-05-10 08:00:00+00:00,648.23,651.848,647.931,649.434,2055.3837
2026-05-10 12:00:00+00:00,649.34,656.151,648.318,655.426,1405.8957
2026-05-10 16:00:00+00:00,655.434,662.235,654.427,661.037,1866.7499
2026-05-10 20:00:00+00:00,661.029,666.571,648.485,663.441,3964.8872
2026-05-11 00:00:00+00:00,663.528,664.788,650.221,651.664,2349.8562
2026-05-11 04:00:00+00:00,651.62,654.042,650.155,650.494,1406.8536
2026-05-11 08:00:00+00:00,650.495,655.837,649.286,655.757,1342.6062
2026-05-11 12:00:00+00:00,655.868,661.368,651.574,661.365,1526.7264
2026-05-11 16:00:00+00:00,661.408,663.448,659.415,663.1,2081.8977
2026-05-11 20:00:00+00:00,663.17,672.938,660.513,670.383,3710.92167297
2026-05-12 00:00:00+00:00,670.575,671.323,659.023,661.915,3080.1093
2026-05-12 04:00:00+00:00,661.915,664.139,657.93,658.65,2000.4647
2026-05-12 08:00:00+00:00,658.722,663.321,657.606,663.321,1605.4399
2026-05-12 12:00:00+00:00,663.204,664.685,650.459,652.111,3160.0812
2026-05-12 16:00:00+00:00,652.055,663.219,650.641,662.798,2543.5359
2026-05-12 20:00:00+00:00,662.938,668.058,662.72,664.759,2373.23883882
2026-05-13 00:00:00+00:00,665.138,682.961,664.337,680.903,2909.1051
2026-05-13 04:00:00+00:00,681.261,682.098,675.788,678.78,3105.9677
2026-05-13 08:00:00+00:00,678.848,685.498,677.438,678.432,2029.7309
2026-05-13 12:00:00+00:00,678.463,680.18,663.857,664.357,3639.5686
2026-05-13 16:00:00+00:00,664.31,676.43,664.285,671.233,2783.1326
2026-05-13 20:00:00+00:00,671.367,675.03,668.001,671.551,3553.9052
2026-05-14 00:00:00+00:00,671.502,677.5,665.333,666.136,2373.0903
2026-05-14 04:00:00+00:00,666.077,672.12,665.553,669.339,2974.8058
2026-05-14 08:00:00+00:00,669.287,674.031,668.65,670.801,2112.718
2026-05-14 12:00:00+00:00,670.791,698.86,670.732,680.074,8383.3172
2026-05-14 16:00:00+00:00,680.256,687.26,678.591,680.06,3401.8395
2026-05-14 20:00:00+00:00,680.066,681.73,677.169,678.231,3675.6572
2026-05-15 00:00:00+00:00,678.142,685.971,677.123,681.897,3670.105
2026-05-15 04:00:00+00:00,681.773,689.399,673.749,684.39,3267.3287
2026-05-15 08:00:00+00:00,684.17,690.185,681.946,686.578,3406.2518
2026-05-15 12:00:00+00:00,686.52,686.7,669.114,671.569,3791.517
2026-05-15 16:00:00+00:00,671.503,676.66,671.119,674.006,2034.9011
2026-05-15 20:00:00+00:00,673.982,674.471,670.988,672.208,2078.4567
2026-05-16 00:00:00+00:00,672.142,674.936,665.001,665.157,1441.6986
2026-05-16 04:00:00+00:00,665.111,665.111,656.24,660.565,3052.5763
2026-05-16 08:00:00+00:00,660.558,661.899,650.85,653.946,3834.797
2026-05-16 12:00:00+00:00,654.06,657.429,651.03,654.937,3079.2295
2026-05-16 16:00:00+00:00,654.942,658.2,654.683,656.138,2926.0402
2026-05-16 20:00:00+00:00,656.224,657.452,655.771,656.122,2211.2804
2026-05-17 00:00:00+00:00,656.168,657.149,650.01,652.65,2307.3784
2026-05-17 04:00:00+00:00,652.82,656.049,652.401,655.114,1669.9366
2026-05-17 08:00:00+00:00,655.06,655.767,650.401,655.113,1618.7516
2026-05-17 12:00:00+00:00,655.098,657.428,650.763,652.404,2377.0541
2026-05-17 16:00:00+00:00,652.505,656.27,650.172,655.864,1840.568
2026-05-17 20:00:00+00:00,655.981,657.594,639.324,649.476,3636.6222
2026-05-18 00:00:00+00:00,649.596,649.604,642.131,643.569,2857.3006
2026-05-18 04:00:00+00:00,643.359,644.609,637.49,641.848,2826.7464
2026-05-18 08:00:00+00:00,641.886,643.52,637.387,641.69,1336.6814
2026-05-18 12:00:00+00:00,641.724,645.33,634.284,637.065,2095.2389
2026-05-18 16:00:00+00:00,637.019,644.919,635.681,644.638,1273.918
2026-05-18 20:00:00+00:00,644.762,646.339,641.843,643.345,434.6648
2026-05-19 00:00:00+00:00,643.558,647.154,641.049,642.687,479.3153
2026-05-19 04:00:00+00:00,642.937,646.335,640.801,645.939,337.66
2026-05-19 08:00:00+00:00,645.966,645.966,637.901,639.948,683.0489
2026-05-19 12:00:00+00:00,639.947,642.128,636.201,638.469,710.0629
2026-05-19 16:00:00+00:00,638.687,641.782,637.797,639.555,760.8031
2026-05-19 20:00:00+00:00,639.932,641.575,637.871,639.741,707.1074
2026-05-20 00:00:00+00:00,639.853,640.854,637.378,640.226,319.0577
2026-05-20 04:00:00+00:00,640.069,644.87,638.318,643.349,647.4763
2026-05-20 08:00:00+00:00,643.277,646.643,642.396,643.203,723.7655
2026-05-20 12:00:00+00:00,643.4,650.0,641.581,648.972,793.6548
2026-05-20 16:00:00+00:00,648.972,651.339,646.202,650.29,560.9655
2026-05-20 20:00:00+00:00,650.551,651.597,629.92,649.249,1065.2166
2026-05-21 00:00:00+00:00,649.25,655.322,648.986,654.739,350.7752
2026-05-21 04:00:00+00:00,654.63,655.313,650.373,652.987,354.5707
2026-05-21 08:00:00+00:00,653.155,656.073,647.415,647.69,746.1511
2026-05-21 12:00:00+00:00,647.756,652.999,646.279,652.291,1306.8051
2026-05-21 16:00:00+00:00,652.292,659.528,639.2,657.855,1870.561
2026-05-21 20:00:00+00:00,657.691,658.76,655.91,658.58,1177.3877
2026-05-22 00:00:00+00:00,658.321,661.311,655.901,659.3,1297.5823
2026-05-22 04:00:00+00:00,659.44,660.418,655.41,659.363,464.1706
2026-05-22 08:00:00+00:00,659.495,660.925,653.66,657.865,1810.6429
2026-05-22 12:00:00+00:00,657.913,663.991,656.357,658.365,1290.1431
2026-05-22 16:00:00+00:00,658.528,661.548,648.445,652.339,1487.2519
2026-05-22 20:00:00+00:00,652.429,654.089,648.504,650.443,1549.1337981862932
2026-05-23 00:00:00+00:00,650.648,652.983,648.162,652.187,824.3773
2026-05-23 04:00:00+00:00,652.186,652.669,635.238,636.708,1214.1955
2026-05-23 08:00:00+00:00,636.747,641.186,635.724,640.235,810.49
2026-05-23 12:00:00+00:00,640.225,648.678,639.493,647.601,941.4284
2026-05-23 16:00:00+00:00,647.876,652.962,643.224,652.211,2023.1012
2026-05-23 20:00:00+00:00,652.38,663.713,651.653,656.099,2386.8941
2026-05-24 00:00:00+00:00,656.099,659.001,655.33,657.255,1077.1223
2026-05-24 04:00:00+00:00,657.196,658.226,654.111,656.761,761.1745
2026-05-24 08:00:00+00:00,656.761,663.299,656.348,661.216,1062.0907
2026-05-24 12:00:00+00:00,661.303,661.303,652.111,655.485,1581.8237
2026-05-24 16:00:00+00:00,655.52,657.586,654.832,656.064,465.5702
2026-05-24 20:00:00+00:00,656.064,657.589,649.68,656.709,1081.6099
2026-05-25 00:00:00+00:00,656.699,659.896,655.678,657.021,412.8408
2026-05-25 04:00:00+00:00,657.223,661.976,656.401,661.872,757.3234
2026-05-25 08:00:00+00:00,661.882,663.394,661.01,662.437,1012.2252
2026-05-25 12:00:00+00:00,662.418,673.119,662.302,668.107,1584.7442
2026-05-25 16:00:00+00:00,668.106,668.752,661.251,662.399,881.6441
2026-05-25 20:00:00+00:00,662.343,663.243,660.452,663.139,636.5062
2026-05-26 00:00:00+00:00,663.439,663.847,656.138,658.138,803.8539
2026-05-26 04:00:00+00:00,658.622,659.776,655.258,657.836,346.6141
2026-05-26 08:00:00+00:00,657.74,664.534,656.408,662.376,998.8447
2026-05-26 12:00:00+00:00,662.428,667.947,657.425,660.195,1248.5319
2026-05-26 16:00:00+00:00,660.336,660.999,653.405,657.138,694.2785
2026-05-26 20:00:00+00:00,657.152,657.789,655.179,656.302,663.9018
2026-05-27 00:00:00+00:00,656.524,659.01,654.132,654.467,333.5666
2026-05-27 04:00:00+00:00,654.193,654.761,650.88,653.363,399.5346
2026-05-27 08:00:00+00:00,653.348,655.804,652.452,653.875,467.68549965
2026-05-27 12:00:00+00:00,653.991,658.348,650.216,657.672,930.47988269
2026-05-27 16:00:00+00:00,657.672,659.909,650.474,653.43,822.6472
2026-05-27 20:00:00+00:00,653.541,654.998,646.8,648.978,765.1848
2026-05-28 00:00:00+00:00,648.695,649.358,636.894,637.638,1055.53829928
2026-05-28 04:00:00+00:00,637.639,637.714,631.5,634.958,1250.0942
2026-05-28 08:00:00+00:00,635.137,635.255,631.577,632.932,758.947
2026-05-28 12:00:00+00:00,632.929,636.613,628.38,634.355,1397.6674
2026-05-28 16:00:00+00:00,634.68,642.653,633.615,639.75,1148.0065
2026-05-28 20:00:00+00:00,639.771,642.653,637.87,638.351,303.9974
2026-05-29 00:00:00+00:00,638.408,639.518,634.12,635.527,464.7351
2026-05-29 04:00:00+00:00,635.554,639.458,634.593,637.034,291.3328
2026-05-29 08:00:00+00:00,637.034,641.217,635.489,637.101,491.3629
2026-05-29 12:00:00+00:00,637.102,642.973,630.742,639.657,1358.8651
2026-05-29 16:00:00+00:00,639.785,645.002,638.075,641.353,1100.2187
2026-05-29 20:00:00+00:00,641.351,643.742,641.308,642.937,732.348
2026-05-30 00:00:00+00:00,642.907,660.829,642.544,657.901,2128.8268
2026-05-30 04:00:00+00:00,658.122,674.239,656.595,672.872,1198.7042
2026-05-30 08:00:00+00:00,672.943,677.033,669.591,673.711,819.1326
2026-05-30 12:00:00+00:00,673.718,695.092,670.92,694.435,1787.1841
2026-05-30 16:00:00+00:00,694.518,724.775,694.428,721.041,6121.9372
2026-05-30 20:00:00+00:00,721.195,729.0,707.62,718.679,2809.41475379
2026-05-31 00:00:00+00:00,718.62,745.619,718.62,739.959,2934.3335
2026-05-31 04:00:00+00:00,739.746,742.058,717.2,719.709,2202.0965
2026-05-31 08:00:00+00:00,719.73,725.256,717.984,723.069,1373.7244
2026-05-31 12:00:00+00:00,722.986,733.479,718.17,720.608,2157.5916
2026-05-31 16:00:00+00:00,720.848,721.886,703.195,708.833,2713.4528
2026-05-31 20:00:00+00:00,708.715,714.753,706.404,710.162,795.8825
2026-06-01 00:00:00+00:00,710.411,716.951,693.21,703.722,2301.9921
2026-06-01 04:00:00+00:00,703.719,705.466,684.8,686.019,4071.1431
2026-06-01 08:00:00+00:00,686.063,729.364,685.394,696.906,8517.1221
2026-06-01 12:00:00+00:00,697.3,698.243,674.734,677.401,7165.6911
2026-06-01 16:00:00+00:00,677.569,696.16,673.866,696.068,4710.9223
2026-06-01 20:00:00+00:00,696.162,701.446,688.259,692.895,4794.9984
2026-06-02 00:00:00+00:00,692.755,695.48,681.262,693.538,3783.9157
2026-06-02 04:00:00+00:00,693.609,693.85,680.55,681.9,3885.6962
2026-06-02 08:00:00+00:00,682.008,685.076,675.514,678.187,4287.3809
2026-06-02 12:00:00+00:00,678.254,680.229,657.809,663.057,7069.3535
2026-06-02 16:00:00+00:00,663.114,671.372,652.14,660.071,5562.896
2026-06-02 20:00:00+00:00,660.047,663.12,642.485,650.68,6008.5413
2026-06-03 00:00:00+00:00,650.786,657.428,630.957,634.239,4363.3263
2026-06-03 04:00:00+00:00,633.86,646.819,633.076,644.176,3811.6816
2026-06-03 08:00:00+00:00,644.103,646.09,637.224,637.506,3479.0083
2026-06-03 12:00:00+00:00,637.499,639.129,630.198,632.766,4174.8695
2026-06-03 16:00:00+00:00,632.968,633.468,620.0,623.135,4926.7546
2026-06-03 20:00:00+00:00,622.594,629.837,616.201,620.744,5006.6846
2026-06-04 00:00:00+00:00,620.614,624.505,590.512,619.07,5773.7634
2026-06-04 04:00:00+00:00,619.151,621.18,599.401,600.324,3245.4999
2026-06-04 08:00:00+00:00,600.41,603.575,588.098,595.335,3227.8081
2026-06-04 12:00:00+00:00,595.375,609.376,594.114,606.329,3308.9561
2026-06-04 16:00:00+00:00,606.173,610.233,599.326,606.166,2866.1746
2026-06-04 20:00:00+00:00,606.186,607.3,597.83,604.406,3706.0895
2026-06-05 00:00:00+00:00,604.171,607.847,591.56,595.559,2668.2843
2026-06-05 04:00:00+00:00,595.671,602.77,570.646,593.357,4144.7919
2026-06-05 08:00:00+00:00,593.31,596.801,585.533,590.335,2926.3049
2026-06-05 12:00:00+00:00,590.242,596.414,574.876,578.927,4375.2161
2026-06-05 16:00:00+00:00,578.461,582.96,556.446,567.354,5571.1061
2026-06-05 20:00:00+00:00,567.179,579.303,563.232,572.254,3064.6644
2026-06-06 00:00:00+00:00,572.077,579.823,570.731,572.998,2286.45220022
2026-06-06 04:00:00+00:00,572.884,581.474,559.817,578.833,3011.2401
2026-06-06 08:00:00+00:00,578.944,584.303,570.98,573.932,2751.9798
2026-06-06 12:00:00+00:00,573.948,577.252,571.086,575.775,2255.1672
2026-06-06 16:00:00+00:00,575.794,577.609,571.349,573.63,2269.2251
2026-06-06 20:00:00+00:00,573.588,576.677,570.856,574.361,2039.8536
2026-06-07 00:00:00+00:00,574.426,581.561,573.453,581.005,1788.7309
2026-06-07 04:00:00+00:00,580.951,589.943,577.843,589.638,2011.4693
2026-06-07 08:00:00+00:00,589.67,598.712,587.446,593.22,2430.5827
2026-06-07 12:00:00+00:00,593.221,593.767,585.72,591.435,2151.3174
2026-06-07 16:00:00+00:00,591.618,597.594,586.68,588.58,1850.8556
2026-06-07 20:00:00+00:00,588.305,610.642,587.639,604.561,3384.8267
2026-06-08 00:00:00+00:00,604.577,608.471,599.266,603.363,1580.9002
2026-06-08 04:00:00+00:00,603.455,603.846,591.709,596.397,1813.316
2026-06-08 08:00:00+00:00,596.312,604.335,593.502,602.269,2208.5138
2026-06-08 12:00:00+00:00,602.355,606.161,598.033,604.175,2494.2029
2026-06-08 16:00:00+00:00,604.312,609.741,602.493,607.437,2378.6708
2026-06-08 20:00:00+00:00,607.443,610.38,601.08,601.588,2039.3015
2026-06-09 00:00:00+00:00,601.921,602.777,593.181,599.078,2001.3345
2026-06-09 04:00:00+00:00,599.03,605.5,596.333,603.944,2130.8243
2026-06-09 08:00:00+00:00,604.087,604.359,596.277,596.864,2285.9347
2026-06-09 12:00:00+00:00,596.857,599.506,584.705,586.759,2592.85909475
2026-06-09 16:00:00+00:00,586.656,596.937,583.801,596.827,2312.079
2026-06-09 20:00:00+00:00,596.841,598.486,590.866,593.318,2383.15489963
2026-06-10 00:00:00+00:00,593.298,594.57,586.465,587.777,1579.5561
2026-06-10 04:00:00+00:00,587.895,589.606,583.675,588.903,2002.5275
2026-06-10 08:00:00+00:00,588.732,588.732,580.65,582.972,2111.8414
2026-06-10 12:00:00+00:00,583.039,598.411,582.281,596.796,2720.4571
2026-06-10 16:00:00+00:00,597.001,597.164,586.966,587.906,2292.0809
2026-06-10 20:00:00+00:00,587.887,589.13,582.253,586.67,2219.2062
2026-06-11 00:00:00+00:00,586.75,597.668,586.75,596.434,2206.1336
2026-06-11 04:00:00+00:00,596.287,598.25,593.89,598.231,1903.6799
2026-06-11 08:00:00+00:00,598.249,603.41,598.198,600.813,2455.0716
2026-06-11 12:00:00+00:00,600.761,603.006,597.13,598.437,2810.419
2026-06-11 16:00:00+00:00,598.47,607.304,595.968,604.488,2536.6479
2026-06-11 20:00:00+00:00,604.381,606.217,600.751,605.616,1896.5037
2026-06-12 00:00:00+00:00,605.746,606.12,601.291,602.053,2038.3578
2026-06-12 04:00:00+00:00,602.053,604.718,596.38,599.821,2165.728
2026-06-12 08:00:00+00:00,599.827,608.59,599.796,606.611,1963.9221
2026-06-12 12:00:00+00:00,606.622,613.171,603.449,605.11,2805.2935
2026-06-12 16:00:00+00:00,605.2,609.404,602.763,603.388,1987.3538
2026-06-12 20:00:00+00:00,603.224,604.489,601.765,603.45,1833.393
2026-06-13 00:00:00+00:00,603.503,606.346,600.054,600.489,2353.4284
2026-06-13 04:00:00+00:00,600.545,604.15,599.731,603.352,2233.3689
2026-06-13 08:00:00+00:00,603.332,607.566,602.755,606.783,1693.6977
2026-06-13 12:00:00+00:00,606.783,611.154,606.336,610.359,1247.6029
2026-06-13 16:00:00+00:00,610.328,610.427,606.68,608.347,906.55
2026-06-13 20:00:00+00:00,608.283,612.42,607.533,609.299,1087.5601
2026-06-14 00:00:00+00:00,609.433,610.865,608.409,609.925,519.3588
2026-06-14 04:00:00+00:00,609.951,611.872,607.901,610.076,542.4049
2026-06-14 08:00:00+00:00,610.242,612.945,609.677,611.875,622.1673
2026-06-14 12:00:00+00:00,611.876,612.263,605.281,608.019,1140.8016
2026-06-14 16:00:00+00:00,608.012,608.616,602.695,603.208,894.6353
2026-06-14 20:00:00+00:00,603.187,617.063,602.794,616.61,1709.6238
2026-06-15 00:00:00+00:00,616.658,618.149,612.725,617.661,1189.919
2026-06-15 04:00:00+00:00,617.78,618.785,615.264,615.385,714.7872
2026-06-15 08:00:00+00:00,615.527,622.687,612.725,620.614,1702.3232
2026-06-15 12:00:00+00:00,620.66,632.906,619.494,629.021,2262.8508780147085
2026-06-15 16:00:00+00:00,629.011,629.511,618.778,620.497,1475.3945
2026-06-15 20:00:00+00:00,620.597,621.665,615.315,617.834,1348.7343
2026-06-16 00:00:00+00:00,617.823,619.042,611.03,615.162,735.4762
2026-06-16 04:00:00+00:00,615.161,619.071,611.737,615.975,831.8186
2026-06-16 08:00:00+00:00,615.917,619.503,613.365,614.439,836.8715
2026-06-16 12:00:00+00:00,614.539,617.939,601.102,606.471,2713.3246
2026-06-16 16:00:00+00:00,606.465,610.6,603.903,606.938,976.5448
2026-06-16 20:00:00+00:00,607.052,608.719,604.671,604.94,942.0995
2026-06-17 00:00:00+00:00,605.031,608.292,603.265,604.705,581.5767
2026-06-17 04:00:00+00:00,604.881,609.637,604.215,606.675,769.842
2026-06-17 08:00:00+00:00,606.543,606.552,600.649,604.059,1017.0962
2026-06-17 12:00:00+00:00,603.967,612.511,601.135,605.649,1757.4383
2026-06-17 16:00:00+00:00,605.721,609.8,596.954,598.638,2292.6063
2026-06-17 20:00:00+00:00,598.535,602.176,595.362,601.538,1163.9844
2026-06-18 00:00:00+00:00,601.511,604.109,596.371,596.526,621.5118
2026-06-18 04:00:00+00:00,596.606,596.901,587.318,589.531,1127.5485
2026-06-18 08:00:00+00:00,589.433,592.637,588.27,589.567,916.0363
2026-06-18 12:00:00+00:00,589.568,592.4,572.903,573.75,2327.3642
2026-06-18 16:00:00+00:00,573.523,579.828,573.441,578.815,1751.1555
2026-06-18 20:00:00+00:00,578.854,580.998,576.89,578.328,1692.2272
2026-06-19 00:00:00+00:00,578.212,583.101,575.719,578.082,923.8246
2026-06-19 04:00:00+00:00,578.098,578.774,570.805,574.986,889.5973
2026-06-19 08:00:00+00:00,575.005,575.151,570.941,573.041,833.7483
2026-06-19 12:00:00+00:00,573.34,579.481,572.068,578.663,1262.7691
2026-06-19 16:00:00+00:00,578.613,581.929,577.053,579.805,741.5009
2026-06-19 20:00:00+00:00,580.056,582.325,578.797,581.267,811.0437
2026-06-20 00:00:00+00:00,581.252,582.6,580.037,580.444,342.9791
2026-06-20 04:00:00+00:00,580.599,589.381,580.221,587.702,723.3263
2026-06-20 08:00:00+00:00,587.632,588.085,585.333,586.309,1309.3198
2026-06-20 12:00:00+00:00,586.284,588.773,581.715,586.9,1529.138
2026-06-20 16:00:00+00:00,586.96,587.188,583.867,585.846,460.7024
2026-06-20 20:00:00+00:00,585.842,588.428,584.856,587.897,714.4803
2026-06-21 00:00:00+00:00,587.985,590.77,586.813,590.239,514.981
2026-06-21 04:00:00+00:00,590.242,591.7,588.747,590.809,411.6943
2026-06-21 08:00:00+00:00,590.911,591.621,587.302,588.155,1085.1976
2026-06-21 12:00:00+00:00,588.258,590.454,585.073,589.732,1164.8011
2026-06-21 16:00:00+00:00,589.818,592.348,588.591,591.952,488.4793
2026-06-21 20:00:00+00:00,591.964,591.964,583.67,584.195,1293.2082
2026-06-22 00:00:00+00:00,584.195,595.464,583.999,589.856,1859.7212
2026-06-22 04:00:00+00:00,589.645,595.0,589.223,593.978,828.4911
2026-06-22 08:00:00+00:00,594.149,598.028,591.22,597.056,1050.722
2026-06-22 12:00:00+00:00,597.344,602.099,595.416,596.012,2189.117
2026-06-22 16:00:00+00:00,596.112,597.084,590.301,592.188,1255.9687
2026-06-22 20:00:00+00:00,592.226,593.084,587.758,590.046,1049.3693
2026-06-23 00:00:00+00:00,589.901,592.642,588.0,591.753,692.2926
2026-06-23 04:00:00+00:00,591.956,592.123,577.308,580.614,1751.4175
2026-06-23 08:00:00+00:00,580.635,581.214,570.434,573.802,1640.965
2026-06-23 12:00:00+00:00,573.876,576.799,571.085,574.538,1507.3983
2026-06-23 16:00:00+00:00,574.527,576.923,572.563,576.125,1092.9936
2026-06-23 20:00:00+00:00,576.112,578.901,575.396,577.948,881.6301
2026-06-24 00:00:00+00:00,578.025,581.409,575.44,577.77,894.7288
2026-06-24 04:00:00+00:00,577.846,581.229,574.39,576.872,756.5626
2026-06-24 08:00:00+00:00,577.091,581.983,573.736,579.644,1086.3113
2026-06-24 12:00:00+00:00,579.802,580.253,561.201,561.503,3168.9104
2026-06-24 16:00:00+00:00,561.417,563.67,546.865,555.362,3833.6168
2026-06-24 20:00:00+00:00,555.369,566.15,554.596,564.565,2160.0863
2026-06-25 00:00:00+00:00,564.904,567.029,563.221,565.767,822.5952
2026-06-25 04:00:00+00:00,565.781,572.6,563.88,570.479,816.9744
2026-06-25 08:00:00+00:00,570.361,570.719,560.975,562.76,1218.6453
2026-06-25 12:00:00+00:00,562.82,568.509,540.556,554.08,5422.6868
2026-06-25 16:00:00+00:00,554.0,560.096,552.331,554.31,1448.5083
2026-06-25 20:00:00+00:00,554.481,562.82,554.423,560.555,1390.0416
2026-06-26 00:00:00+00:00,561.124,564.605,550.402,562.907,2582.2041
2026-06-26 04:00:00+00:00,562.917,570.334,559.191,569.526,989.2321
2026-06-26 08:00:00+00:00,569.432,569.931,558.725,559.037,1135.6867
2026-06-26 12:00:00+00:00,559.006,567.11,552.0,565.297,3006.0317
2026-06-26 16:00:00+00:00,565.356,568.812,562.884,565.641,1435.3567
2026-06-26 20:00:00+00:00,566.113,568.67,564.414,567.639,1061.9943
2026-06-27 00:00:00+00:00,567.641,568.581,565.194,566.885,507.4528
2026-06-27 04:00:00+00:00,566.824,567.887,563.92,565.456,722.2583
2026-06-27 08:00:00+00:00,565.473,565.672,562.262,563.063,1070.4072
2026-06-27 12:00:00+00:00,563.064,566.94,562.365,565.473,972.2598
2026-06-27 16:00:00+00:00,565.472,566.619,557.904,559.12,1215.6811
2026-06-27 20:00:00+00:00,558.981,562.989,554.559,557.171,1217.7541
2026-06-28 00:00:00+00:00,557.171,558.926,556.5,558.777,365.0129
2026-06-28 04:00:00+00:00,558.777,558.83,554.083,556.387,642.938
2026-06-28 08:00:00+00:00,556.382,558.708,554.257,557.205,1275.9727
2026-06-28 12:00:00+00:00,557.215,557.977,553.573,554.438,1066.5607
2026-06-28 16:00:00+00:00,554.515,554.736,547.149,548.302,1761.2201
2026-06-28 20:00:00+00:00,548.226,555.083,545.601,551.061,2578.3341
2026-06-29 00:00:00+00:00,550.966,556.556,546.68,555.132,1187.6149
2026-06-29 04:00:00+00:00,555.251,555.329,548.39,553.657,959.5362
2026-06-29 08:00:00+00:00,553.614,555.557,550.077,551.991,2247.2633
2026-06-29 12:00:00+00:00,551.647,558.236,546.23,551.939,2770.6966
2026-06-29 16:00:00+00:00,551.98,562.663,550.271,561.703,1971.9355
2026-06-29 20:00:00+00:00,561.82,562.224,559.265,559.601,1635.0812
2026-06-30 00:00:00+00:00,559.445,560.397,553.967,553.98,890.503
2026-06-30 04:00:00+00:00,553.95,554.791,551.751,552.324,782.6442
2026-06-30 08:00:00+00:00,552.308,552.872,546.77,547.629,1157.3036
2026-06-30 12:00:00+00:00,547.586,551.4,543.601,544.835,2329.5252
2026-06-30 16:00:00+00:00,544.834,548.6,544.782,547.514,1905.3332
2026-06-30 20:00:00+00:00,547.146,547.709,544.056,546.489,1811.19
2026-07-01 00:00:00+00:00,546.398,552.81,539.863,551.434,1451.7498
2026-07-01 04:00:00+00:00,551.476,552.516,545.02,546.977,1156.4162
2026-07-01 08:00:00+00:00,546.816,547.702,537.276,542.556,2361.5468
2026-07-01 12:00:00+00:00,542.554,555.51,541.216,554.318,2532.9842
2026-07-01 16:00:00+00:00,554.372,554.645,550.128,551.148,1431.1121
2026-07-01 20:00:00+00:00,551.313,559.595,550.011,550.408,1595.9752
2026-07-02 00:00:00+00:00,550.396,559.619,546.317,556.749,1411.4436
2026-07-02 04:00:00+00:00,556.703,556.793,548.504,549.305,1144.679
2026-07-02 08:00:00+00:00,549.355,561.584,548.35,559.828,1931.0613
2026-07-02 12:00:00+00:00,559.402,567.05,559.13,562.415,2826.6858
2026-07-02 16:00:00+00:00,562.847,563.944,557.903,557.998,1809.1544
2026-07-02 20:00:00+00:00,558.173,559.558,556.24,558.705,1533.5262
2026-07-03 00:00:00+00:00,558.877,561.92,557.06,560.855,1120.4642
2026-07-03 04:00:00+00:00,560.813,563.788,560.006,561.783,1008.7019
2026-07-03 08:00:00+00:00,561.775,567.499,561.437,566.684,1338.6933
2026-07-03 12:00:00+00:00,566.848,568.32,563.309,565.534,1655.2917
2026-07-03 16:00:00+00:00,565.588,571.252,564.525,569.649,1727.873
2026-07-03 20:00:00+00:00,569.641,575.062,569.07,573.781,1591.4742
2026-07-04 00:00:00+00:00,573.728,575.512,570.906,572.138,505.4135
2026-07-04 04:00:00+00:00,572.139,573.14,568.517,569.65,1199.7314
2026-07-04 08:00:00+00:00,569.74,576.061,569.067,571.688,1489.123
2026-07-04 12:00:00+00:00,571.725,577.962,571.592,576.666,1098.2952
2026-07-04 16:00:00+00:00,576.606,578.729,574.526,575.64,924.6024
2026-07-04 20:00:00+00:00,575.582,578.199,572.587,575.487,1139.6579
2026-07-05 00:00:00+00:00,575.48,575.48,568.275,570.489,727.6404
2026-07-05 04:00:00+00:00,570.495,575.699,569.952,575.591,363.7107
2026-07-05 08:00:00+00:00,575.597,578.915,572.589,577.153,967.0095
2026-07-05 12:00:00+00:00,576.987,589.807,576.112,587.11,1469.4112
2026-07-05 16:00:00+00:00,587.274,591.843,583.479,589.241,1004.00769816
2026-07-05 20:00:00+00:00,589.231,593.4,586.2,589.89,1269.1096
2026-07-06 00:00:00+00:00,589.889,593.112,582.986,585.368,937.9112
2026-07-06 04:00:00+00:00,585.343,585.702,581.02,582.017,649.9852
2026-07-06 08:00:00+00:00,581.976,582.884,576.28,577.812,1363.4222
2026-07-06 12:00:00+00:00,577.727,584.8,570.18,584.655,1956.1682
2026-07-06 16:00:00+00:00,584.742,586.441,582.8,585.037,1132.0754
2026-07-06 20:00:00+00:00,584.873,591.82,583.442,585.833,1141.295
2026-07-07 00:00:00+00:00,586.188,587.683,578.327,578.846,576.7955
2026-07-07 04:00:00+00:00,579.048,580.609,576.45,578.325,620.7187
2026-07-07 08:00:00+00:00,578.31,580.364,576.59,580.03,757.4651
2026-07-07 12:00:00+00:00,580.086,585.439,575.193,584.521,919.3715
2026-07-07 16:00:00+00:00,584.586,586.899,579.909,583.235,845.1568
2026-07-07 20:00:00+00:00,583.234,583.697,576.5,576.759,700.1692
2026-07-08 00:00:00+00:00,576.76,579.021,567.525,568.842,621.978
2026-07-08 04:00:00+00:00,568.939,570.171,565.151,567.729,296.859
2026-07-08 08:00:00+00:00,567.683,568.699,560.212,565.779,1149.0051
2026-07-08 12:00:00+00:00,565.633,567.155,560.781,562.077,1801.4211
2026-07-08 16:00:00+00:00,562.076,567.671,561.4,566.778,1519.289
2026-07-08 20:00:00+00:00,566.721,568.799,564.49,568.48,1026.3232
2026-07-09 00:00:00+00:00,568.513,572.604,565.373,568.078,380.6197
2026-07-09 04:00:00+00:00,568.27,576.658,567.473,572.66,543.5367
2026-07-09 08:00:00+00:00,572.743,573.409,568.887,569.707,709.7772
2026-07-09 12:00:00+00:00,569.641,572.89,568.021,571.064,1111.1092
2026-07-09 16:00:00+00:00,570.985,573.6,569.252,570.059,599.0648
2026-07-09 20:00:00+00:00,570.192,571.0,568.454,568.586,562.7974
2026-07-10 00:00:00+00:00,568.524,576.397,567.942,575.187,732.1186
2026-07-10 04:00:00+00:00,575.573,578.089,573.688,574.083,496.5583
2026-07-10 08:00:00+00:00,573.996,577.367,573.92,575.456,1067.2214
2026-07-10 12:00:00+00:00,575.613,576.78,569.491,573.671,2839.3751
2026-07-10 16:00:00+00:00,573.592,578.069,573.592,575.841,764.006
2026-07-10 20:00:00+00:00,575.818,576.737,574.458,575.308,1164.8711
2026-07-11 00:00:00+00:00,575.365,576.024,572.912,574.955,725.2185
2026-07-11 04:00:00+00:00,574.847,577.512,574.065,576.753,348.6
2026-07-11 08:00:00+00:00,576.869,579.67,576.497,579.127,808.866
2026-07-11 12:00:00+00:00,579.151,582.981,577.812,579.664,983.0827
2026-07-11 16:00:00+00:00,579.679,581.312,579.24,580.376,573.0771
2026-07-11 20:00:00+00:00,580.377,581.849,574.491,574.491,800.5042
2026-07-12 00:00:00+00:00,574.49,575.705,570.286,575.286,549.0762
2026-07-12 04:00:00+00:00,575.252,575.616,569.952,572.225,267.1865
2026-07-12 08:00:00+00:00,572.17,580.539,572.097,580.061,634.7344
2026-07-12 12:00:00+00:00,579.972,584.596,579.401,581.034,1096.0087
2026-07-12 16:00:00+00:00,581.07,581.94,578.599,579.665,749.2497
2026-07-12 20:00:00+00:00,579.641,579.642,572.681,573.719,471.5528
2026-07-13 00:00:00+00:00,573.73,579.659,566.581,568.956,1025.6164
2026-07-13 04:00:00+00:00,568.707,570.466,566.3,569.923,377.6264
2026-07-13 08:00:00+00:00,570.127,570.85,568.147,569.272,653.8388
2026-07-13 12:00:00+00:00,569.491,571.59,565.6,568.51,998.5686
2026-07-13 16:00:00+00:00,568.597,568.633,562.211,566.034,1215.7244
2026-07-13 20:00:00+00:00,566.081,567.293,563.235,567.293,687.3178
2026-07-14 00:00:00+00:00,567.294,570.318,566.337,570.059,688.2957
2026-07-14 04:00:00+00:00,569.844,571.595,568.887,569.928,256.1162
2026-07-14 08:00:00+00:00,569.928,571.539,569.08,570.606,622.576
2026-07-14 12:00:00+00:00,570.693,584.408,570.092,582.736,2245.4265
2026-07-14 16:00:00+00:00,583.078,583.334,578.922,580.366,924.6436
2026-07-14 20:00:00+00:00,580.733,582.689,579.067,581.74,1268.6129
2026-07-15 00:00:00+00:00,581.773,582.999,579.072,580.824,519.6367
2026-07-15 04:00:00+00:00,580.591,582.172,576.161,576.231,2090.6833
2026-07-15 08:00:00+00:00,576.273,578.969,575.641,578.816,1066.4236
2026-07-15 12:00:00+00:00,578.775,585.175,577.058,581.714,1668.7495
2026-07-15 16:00:00+00:00,581.771,581.895,576.455,579.262,1837.3341
2026-07-15 20:00:00+00:00,579.304,581.599,579.135,580.434,1138.7905
2026-07-16 00:00:00+00:00,580.516,582.306,577.756,581.36,731.1382
2026-07-16 04:00:00+00:00,581.418,585.748,578.845,579.841,702.2988
2026-07-16 08:00:00+00:00,579.77,579.991,574.501,577.801,2129.1375
2026-07-16 12:00:00+00:00,577.74,580.916,575.008,579.372,2612.3696
2026-07-16 16:00:00+00:00,579.449,579.449,574.037,575.708,1415.9487
2026-07-16 20:00:00+00:00,575.794,576.937,571.49,572.221,1279.9433
2026-07-17 00:00:00+00:00,572.317,574.623,570.16,572.294,739.1225
2026-07-17 04:00:00+00:00,572.24,572.663,566.025,566.066,766.596
2026-07-17 08:00:00+00:00,566.0,566.0,562.771,564.694,1337.4092
2026-07-17 12:00:00+00:00,564.676,564.998,555.479,562.706,1968.3837
2026-07-17 16:00:00+00:00,562.74,567.82,562.0,567.82,1566.427
2026-07-17 20:00:00+00:00,567.809,568.989,566.435,567.857,1014.2337
2026-07-18 00:00:00+00:00,568.05,568.945,566.16,568.243,385.1308
2026-07-18 04:00:00+00:00,568.296,568.296,566.21,567.737,771.2366
2026-07-18 08:00:00+00:00,567.738,570.399,567.543,569.707,553.7547
2026-07-18 12:00:00+00:00,569.612,571.696,568.96,570.59,588.5685
2026-07-18 16:00:00+00:00,570.726,572.574,570.02,570.629,825.3603
2026-07-18 20:00:00+00:00,570.614,572.397,569.367,570.418,1192.6724
2026-07-19 00:00:00+00:00,570.828,572.512,568.602,569.005,493.0434
2026-07-19 04:00:00+00:00,569.005,569.549,567.184,568.967,533.7798
2026-07-19 08:00:00+00:00,568.919,569.9,567.227,567.898,512.9016
2026-07-19 12:00:00+00:00,567.649,570.742,566.535,570.119,864.968
2026-07-19 16:00:00+00:00,570.12,570.267,566.413,568.065,626.1612
2026-07-19 20:00:00+00:00,568.374,571.6,567.99,570.922,1330.8244
2026-07-20 00:00:00+00:00,571.003,573.939,568.18,570.02,1131.9929
2026-07-20 04:00:00+00:00,570.124,570.124,562.987,566.526,1208.9752
2026-07-20 08:00:00+00:00,566.749,571.212,564.391,571.021,1436.8139
2026-07-20 12:00:00+00:00,570.834,574.572,564.85,573.906,1817.2945
2026-07-20 16:00:00+00:00,574.048,575.172,571.07,571.35,2219.5989
2026-07-20 20:00:00+00:00,571.431,572.966,569.75,571.076,1211.3781
2026-07-21 00:00:00+00:00,570.926,575.192,569.718,575.135,1155.7086
2026-07-21 04:00:00+00:00,575.254,576.899,573.751,576.826,1050.8765
2026-07-21 08:00:00+00:00,576.89,579.738,576.167,576.531,1153.7841
2026-07-21 12:00:00+00:00,576.641,577.964,574.43,575.036,1842.5044
2026-07-21 16:00:00+00:00,575.035,575.42,571.739,572.545,1744.04818213
2026-07-21 20:00:00+00:00,572.513,574.0,571.711,573.734,1069.2601
2026-07-22 00:00:00+00:00,573.614,575.468,570.665,570.845,1008.6688
2026-07-22 04:00:00+00:00,570.674,572.369,566.943,568.146,712.9238
2026-07-22 08:00:00+00:00,568.093,572.0,568.093,570.908,1595.8919
2026-07-22 12:00:00+00:00,570.862,575.0,569.23,572.425,1778.7301
2026-07-22 16:00:00+00:00,572.438,575.32,568.801,570.039,1526.5059
2026-07-22 20:00:00+00:00,569.927,572.037,569.22,570.869,1048.687
2026-07-23 00:00:00+00:00,570.948,572.05,569.659,570.29,509.2493
2026-07-23 04:00:00+00:00,569.898,570.556,568.315,569.619,342.2384
2026-07-23 08:00:00+00:00,569.62,571.353,568.917,569.795,1213.2073
2026-07-23 12:00:00+00:00,569.909,570.111,563.6,567.35,1490.9225
2026-07-23 16:00:00+00:00,567.355,567.525,564.853,566.531,1396.4465
2026-07-23 20:00:00+00:00,566.628,568.852,565.941,567.121,2096.218
2026-07-24 00:00:00+00:00,567.123,570.143,565.74,568.94,948.9045
2026-07-24 04:00:00+00:00,568.94,571.213,566.601,569.234,2448.2492
2026-07-24 08:00:00+00:00,569.268,569.379,565.001,566.799,1682.2898
2026-07-24 12:00:00+00:00,566.798,566.798,556.015,561.351,2992.8509
2026-07-24 16:00:00+00:00,561.35,566.2,559.883,565.265,2735.5671
2026-07-24 20:00:00+00:00,565.263,565.704,563.566,564.757,665.0837
2026-07-25 00:00:00+00:00,564.924,566.371,564.223,565.612,571.5255
2026-07-25 04:00:00+00:00,565.408,566.019,563.809,564.685,414.9655
2026-07-25 08:00:00+00:00,564.686,565.973,564.295,565.315,731.7929
2026-07-25 12:00:00+00:00,565.66,569.447,564.927,567.616,1958.4905
2026-07-25 16:00:00+00:00,567.599,569.015,566.571,568.605,578.2929
2026-07-25 20:00:00+00:00,568.606,569.969,567.943,568.949,636.5223
2026-07-26 00:00:00+00:00,568.951,570.616,568.951,570.151,334.4442
2026-07-26 04:00:00+00:00,570.328,572.8,569.803,571.512,308.774
2026-07-26 08:00:00+00:00,571.471,572.235,570.402,570.626,289.4354
2026-07-26 12:00:00+00:00,570.626,573.933,570.081,573.662,671.6422
2026-07-26 16:00:00+00:00,573.785,574.75,572.174,573.375,474.1699
2026-07-26 20:00:00+00:00,573.544,576.57,572.716,575.345,1449.8529
2026-07-27 00:00:00+00:00,575.606,575.817,571.601,573.52,959.5179
2026-07-27 04:00:00+00:00,573.52,577.033,573.065,574.886,1110.5407
2026-07-27 08:00:00+00:00,574.884,575.269,571.723,572.895,877.5257
2026-07-27 12:00:00+00:00,572.856,576.909,565.785,568.558,1426.9232
2026-07-27 16:00:00+00:00,568.561,576.11,568.139,575.628,1508.5082
2026-07-27 20:00:00+00:00,575.758,575.879,565.655,566.387,1104.3334
2026-07-28 00:00:00+00:00,566.387,567.213,562.353,566.585,763.5242
2026-07-28 04:00:00+00:00,566.519,566.833,564.696,565.97,552.0512
2026-07-28 08:00:00+00:00,565.97,567.383,565.077,566.899,774.0157
2026-07-28 12:00:00+00:00,566.668,575.639,563.284,573.237,2430.6149
2026-07-28 16:00:00+00:00,573.405,573.829,567.202,570.854,1610.7311
2026-07-28 20:00:00+00:00,571.056,571.918,568.291,571.226,1601.5291
2026-07-29 00:00:00+00:00,571.184,573.787,567.124,567.477,1578.3427
2026-07-29 04:00:00+00:00,567.357,572.077,566.033,571.91,1146.1353
2026-07-29 08:00:00+00:00,572.031,573.259,570.035,570.656,1199.8711
2026-07-29 12:00:00+00:00,570.656,570.674,567.451,568.653,1482.4101
2026-07-29 16:00:00+00:00,568.621,573.427,567.416,568.816,2133.2638
2026-07-29 20:00:00+00:00,568.501,572.499,565.331,572.056,2294.9221
2026-07-30 00:00:00+00:00,572.155,577.45,571.026,573.383,940.1271
2026-07-30 04:00:00+00:00,573.477,576.14,571.601,574.717,1141.7649
2026-07-30 08:00:00+00:00,574.718,591.279,574.461,589.052,3006.0399
2026-07-30 12:00:00+00:00,589.146,591.097,585.297,591.094,2147.197
2026-07-30 16:00:00+00:00,591.066,596.059,591.066,594.644,2158.5726
2026-07-30 20:00:00+00:00,594.67,595.222,590.662,592.002,2161.7131
2026-07-31 00:00:00+00:00,592.045,594.358,585.744,589.359,1379.5475
2026-07-31 04:00:00+00:00,589.276,592.903,588.483,589.857,1243.5774
2026-07-31 08:00:00+00:00,589.824,594.0,588.194,592.018,1834.1904
2026-07-31 12:00:00+00:00,592.026,595.505,584.047,585.375,2940.5405
2026-07-31 16:00:00+00:00,585.32,589.998,585.214,588.101,1747.3177
2026-07-31 20:00:00+00:00,588.185,589.242,586.631,587.138,3170.0644
2026-08-01 00:00:00+00:00,587.138,591.475,587.138,589.542,619.5892
2026-08-01 04:00:00+00:00,589.552,592.999,588.939,590.254,904.0653
2026-08-01 08:00:00+00:00,590.253,590.627,579.808,580.37,1901.4278
2026-08-01 12:00:00+00:00,580.321,580.457,576.406,576.428,1618.5113
2026-08-01 16:00:00+00:00,576.428,578.576,573.791,575.88,1559.0577
2026-08-01 20:00:00+00:00,575.88,576.679,575.087,575.213,1602.8951
2026-08-02 00:00:00+00:00,575.238,583.142,573.766,582.297,2066.2502
2026-08-02 04:00:00+00:00,582.604,586.05,582.604,585.589,1003.6979
2026-08-02 08:00:00+00:00,585.476,585.591,581.594,582.048,955.0913
2026-08-02 12:00:00+00:00,582.23,587.601,581.15,586.27,1065.0326
2026-08-02 16:00:00+00:00,586.283,591.05,585.887,589.457,1323.9435
2026-08-02 20:00:00+00:00,589.458,590.984,587.803,588.511,1587.8554
2026-08-03 00:00:00+00:00,588.564,588.564,582.895,583.266,1313.4058
2026-08-03 04:00:00+00:00,583.054,584.402,581.74,583.393,1741.9361
2026-08-03 08:00:00+00:00,583.68,587.568,581.048,585.522,1542.4932
2026-08-03 12:00:00+00:00,585.627,593.558,584.23,592.427,2711.9781
2026-08-03 16:00:00+00:00,592.493,594.219,591.006,591.276,1443.1186
2026-08-03 20:00:00+00:00,591.329,592.439,589.0,589.301,1527.0166
2026-08-04 00:00:00+00:00,589.17,592.709,588.792,591.167,1106.05943379
2026-08-04 04:00:00+00:00,591.014,593.206,589.436,590.671,1021.8476
2026-08-04 08:00:00+00:00,590.66,591.981,587.972,591.776,1228.9233
2026-08-04 12:00:00+00:00,591.517,594.893,588.754,593.207,1611.0686
2026-08-04 16:00:00+00:00,593.214,594.967,592.143,593.666,1111.5992
2026-08-04 20:00:00+00:00,593.779,594.698,592.536,593.226,885.8457
2026-08-05 00:00:00+00:00,593.071,605.593,592.581,598.921,2333.6024
2026-08-05 04:00:00+00:00,599.13,602.896,598.127,600.156,1187.4685
2026-08-05 08:00:00+00:00,600.36,601.071,595.414,596.476,1048.1285
2026-08-05 12:00:00+00:00,596.471,603.598,596.285,599.625,1819.2297
2026-08-05 16:00:00+00:00,599.695,602.519,597.128,599.642,2100.1299
2026-08-05 20:00:00+00:00,599.669,599.87,591.875,593.783,1608.4726
2026-08-06 00:00:00+00:00,593.783,596.984,592.001,594.697,1287.4456
2026-08-06 04:00:00+00:00,594.696,598.369,594.185,595.625,1212.6245
2026-08-06 08:00:00+00:00,595.597,596.226,592.468,593.998,1070.7803
2026-08-06 12:00:00+00:00,594.093,594.52,591.066,592.504,1592.19
2026-08-06 16:00:00+00:00,592.521,593.871,590.007,590.677,1408.5958
2026-08-06 20:00:00+00:00,590.534,592.857,590.487,592.43,860.0552
2026-08-07 00:00:00+00:00,592.44,594.749,592.143,593.176,1246.1047
2026-08-07 04:00:00+00:00,593.006,593.006,585.256,585.409,1301.3138
2026-08-07 08:00:00+00:00,585.408,591.783,585.321,591.246,1204.9701
2026-08-07 12:00:00+00:00,591.245,593.218,590.301,592.177,1273.5425
2026-08-07 16:00:00+00:00,592.31,594.283,591.053,593.278,1017.6619
2026-08-07 20:00:00+00:00,593.32,593.555,592.069,592.413,2087.2887
2026-08-08 00:00:00+00:00,592.409,593.611,590.658,593.493,2537.2839
2026-08-08 04:00:00+00:00,593.449,595.093,592.563,594.439,551.0848
2026-08-08 08:00:00+00:00,594.472,596.363,593.547,596.332,884.0534
2026-08-08 12:00:00+00:00,596.368,611.774,595.232,605.004,2366.2714
2026-08-08 16:00:00+00:00,605.276,607.368,602.684,603.268,1121.1341
2026-08-08 20:00:00+00:00,603.061,603.107,599.049,600.698,1136.753
2026-08-09 00:00:00+00:00,600.704,604.328,600.266,600.45,572.6511
2026-08-09 04:00:00+00:00,600.534,603.679,600.41,603.179,821.0256
2026-08-09 08:00:00+00:00,603.178,604.54,601.013,603.69,1221.3822
2026-08-09 12:00:00+00:00,603.807,611.265,602.923,608.447,1838.1444
2026-08-09 16:00:00+00:00,608.448,609.323,607.361,607.517,1023.7776
2026-08-09 20:00:00+00:00,607.518,610.613,601.769,602.011,1928.6066
2026-08-10 00:00:00+00:00,601.884,606.68,601.426,602.583,763.9254
2026-08-10 04:00:00+00:00,602.579,604.918,601.08,604.135,544.003
2026-08-10 08:00:00+00:00,604.001,606.599,603.545,605.045,765.0104
2026-08-10 12:00:00+00:00,605.036,605.5,599.586,601.019,1462.9026
2026-08-10 16:00:00+00:00,600.735,602.379,597.374,600.547,973.2317
2026-08-10 20:00:00+00:00,600.553,601.259,598.201,599.009,911.9993
2026-08-11 00:00:00+00:00,599.143,600.939,598.952,600.269,383.6358
2026-08-11 04:00:00+00:00,600.269,602.246,598.425,602.229,568.6595
2026-08-11 08:00:00+00:00,602.279,608.326,602.279,608.221,1410.8064
2026-08-11 12:00:00+00:00,608.28,614.873,605.501,608.362,2064.76919028
2026-08-11 16:00:00+00:00,608.465,611.74,607.78,611.474,921.4838
2026-08-11 20:00:00+00:00,611.54,617.69,611.173,616.743,1064.2267
2026-08-12 00:00:00+00:00,616.7,620.305,612.819,613.154,953.4905
2026-08-12 04:00:00+00:00,613.154,615.755,608.842,612.231,1597.9548
2026-08-12 08:00:00+00:00,612.002,614.718,609.956,614.526,1146.2135
2026-08-12 12:00:00+00:00,614.549,615.283,608.876,610.888,1844.2199
2026-08-12 16:00:00+00:00,610.732,611.61,608.906,609.62,923.3577
2026-08-12 20:00:00+00:00,609.704,612.051,608.804,610.352,879.2749
2026-08-13 00:00:00+00:00,610.387,612.495,609.804,612.389,348.604
2026-08-13 04:00:00+00:00,612.382,614.999,610.835,613.681,906.5274
2026-08-13 08:00:00+00:00,613.858,614.434,607.674,608.638,2741.0696
2026-08-13 12:00:00+00:00,608.638,611.35,606.423,607.284,3075.8971
2026-08-13 16:00:00+00:00,607.284,609.862,605.0,609.489,3106.2554
2026-08-13 20:00:00+00:00,609.551,611.472,609.182,610.559,2208.4815
2026-08-14 00:00:00+00:00,610.574,612.69,609.698,611.522,692.9257
2026-08-14 04:00:00+00:00,611.467,612.4,607.254,607.254,1133.9296
2026-08-14 08:00:00+00:00,607.202,608.763,603.201,604.596,2045.6251
2026-08-14 12:00:00+00:00,604.673,607.0,602.775,606.381,2322.1555
2026-08-14 16:00:00+00:00,606.409,607.238,604.359,606.091,3358.5085
2026-08-14 20:00:00+00:00,606.055,608.204,605.967,607.891,603.7387
2026-08-15 00:00:00+00:00,607.891,610.599,606.937,610.167,351.5519
2026-08-15 04:00:00+00:00,610.264,612.15,610.159,611.124,1483.3653
2026-08-15 08:00:00+00:00,611.36,612.044,609.76,611.629,1128.8774
2026-08-15 12:00:00+00:00,611.629,612.867,608.579,611.405,931.6461
2026-08-15 16:00:00+00:00,611.405,611.846,609.569,611.2,1046.7056
2026-08-15 20:00:00+00:00,611.2,611.598,607.459,607.767,1272.163
2026-08-16 00:00:00+00:00,607.747,607.899,606.382,606.507,605.5065
2026-08-16 04:00:00+00:00,606.561,606.63,604.312,605.635,446.9409
2026-08-16 08:00:00+00:00,605.674,608.273,604.94,607.016,700.4849542455111
2026-08-16 12:00:00+00:00,607.017,608.469,606.464,607.347,789.2973
2026-08-16 16:00:00+00:00,607.407,608.2,605.303,606.003,766.5483
2026-08-16 20:00:00+00:00,606.003,606.003,601.389,602.878,1496.5525
2026-08-17 00:00:00+00:00,602.88,605.648,601.059,605.094,684.6143
2026-08-17 04:00:00+00:00,605.205,607.428,604.796,605.026,987.7681
2026-08-17 08:00:00+00:00,605.082,605.547,603.03,604.877,2974.8493
2026-08-17 12:00:00+00:00,604.942,607.851,603.904,607.163,589.2367
2026-08-17 16:00:00+00:00,607.2,607.92,604.843,605.298,704.1518
2026-08-17 20:00:00+00:00,605.299,606.364,604.329,605.759,766.8028
2026-08-18 00:00:00+00:00,605.88,605.967,602.273,603.639,430.8993
2026-08-18 04:00:00+00:00,603.533,605.169,603.094,603.402,271.753
2026-08-18 08:00:00+00:00,603.211,603.242,600.894,602.045,541.5211
2026-08-18 12:00:00+00:00,602.046,604.01,599.879,603.315,812.7331
2026-08-18 16:00:00+00:00,603.316,604.327,602.603,602.964,438.5352
2026-08-18 20:00:00+00:00,602.925,604.178,602.401,603.861,499.0751
2026-08-19 00:00:00+00:00,603.862,604.708,601.511,601.906,362.2742
2026-08-19 04:00:00+00:00,601.906,602.603,601.327,601.906,320.3721
2026-08-19 08:00:00+00:00,601.851,603.341,601.699,602.563,581.1689
2026-08-19 12:00:00+00:00,602.563,620.367,602.563,616.605,1625.3077
2026-08-19 16:00:00+00:00,616.606,620.259,614.27,616.577,1453.6932
2026-08-19 20:00:00+00:00,616.62,636.312,616.527,627.583,3219.2487
2026-08-20 00:00:00+00:00,627.603,630.276,622.52,626.389,2520.8664
2026-08-20 04:00:00+00:00,626.546,632.668,624.7,630.423,1446.6488
2026-08-20 08:00:00+00:00,630.414,648.877,630.346,645.85,2759.2832
2026-08-20 12:00:00+00:00,645.973,652.397,638.15,652.397,2930.0618
2026-08-20 16:00:00+00:00,652.42,654.563,646.96,650.376,1859.7012
2026-08-20 20:00:00+00:00,650.387,658.256,650.118,654.811,1818.3722
2026-08-21 00:00:00+00:00,654.87,666.619,653.381,661.096,2143.073
2026-08-21 04:00:00+00:00,661.121,673.471,658.91,669.89,2077.91331356
2026-08-21 08:00:00+00:00,669.696,686.2,668.054,674.249,4000.5116
2026-08-21 12:00:00+00:00,674.57,681.969,673.099,678.82,2664.9212
2026-08-21 16:00:00+00:00,679.061,681.867,672.778,672.922,2175.696
2026-08-21 20:00:00+00:00,672.929,691.952,671.795,686.978,2846.0427
2026-08-22 00:00:00+00:00,686.65,721.873,681.757,718.003,3205.1446
2026-08-22 04:00:00+00:00,717.941,725.999,683.165,705.784,5894.4111
2026-08-22 08:00:00+00:00,705.987,709.943,684.379,694.104,3146.1783
2026-08-22 12:00:00+00:00,694.073,697.98,688.389,688.401,2178.7095
2026-08-22 16:00:00+00:00,688.374,699.57,688.372,698.453,1456.9584
2026-08-22 20:00:00+00:00,698.501,700.188,691.46,695.503,1937.1658
2026-08-23 00:00:00+00:00,695.56,701.708,688.603,689.269,1454.2163
2026-08-23 04:00:00+00:00,689.275,690.347,677.071,683.961,2453.5156
2026-08-23 08:00:00+00:00,684.014,695.44,683.754,694.935,1254.0628
2026-08-23 12:00:00+00:00,695.013,699.664,690.151,694.767,3914.3857
2026-08-23 16:00:00+00:00,694.895,700.127,694.895,698.675,1378.06
2026-08-23 20:00:00+00:00,698.674,707.09,697.635,702.208,2201.8897
2026-08-24 00:00:00+00:00,702.31,704.819,693.64,695.839,2136.7874
2026-08-24 04:00:00+00:00,695.831,703.111,694.646,698.414,1821.9291
2026-08-24 08:00:00+00:00,698.75,706.888,692.978,703.699,3035.0005
2026-08-24 12:00:00+00:00,703.528,716.586,696.666,705.809,3805.58107822
2026-08-24 16:00:00+00:00,705.873,712.301,698.629,702.019,2872.8222
2026-08-24 20:00:00+00:00,702.669,705.124,700.151,704.196,1503.4375
2026-08-25 00:00:00+00:00,704.339,719.079,703.57,715.346,2172.2874
2026-08-25 04:00:00+00:00,715.345,718.493,702.605,706.143,1747.5643
2026-08-25 08:00:00+00:00,706.261,708.608,696.678,696.787,1892.16746801
2026-08-25 12:00:00+00:00,696.79,700.019,690.504,699.801,2571.2377
2026-08-25 16:00:00+00:00,699.817,701.292,696.576,697.835,1094.947
2026-08-25 20:00:00+00:00,698.054,698.165,688.073,694.133,1100.8639
2026-08-26 00:00:00+00:00,694.709,698.14,691.361,696.123,639.3153
2026-08-26 04:00:00+00:00,696.048,699.997,692.643,698.618,688.8441
2026-08-26 08:00:00+00:00,698.596,707.999,694.078,702.053,2265.4411
2026-08-26 12:00:00+00:00,702.056,703.773,692.052,696.953,2573.5371
2026-08-26 16:00:00+00:00,697.291,701.78,694.606,699.257,857.0461
2026-08-26 20:00:00+00:00,699.257,708.227,697.473,707.295,1435.9622
2026-08-27 00:00:00+00:00,707.295,707.442,701.932,703.079,724.8482
2026-08-27 04:00:00+00:00,703.079,707.845,700.976,707.196,695.7629
2026-08-27 08:00:00+00:00,707.196,715.38,704.763,706.588,1929.5015
2026-08-27 12:00:00+00:00,706.558,713.619,704.863,711.631,1182.0183
2026-08-27 16:00:00+00:00,711.325,713.92,706.421,709.924,947.6339
2026-08-27 20:00:00+00:00,709.861,712.558,708.776,711.806,361.3823
2026-08-28 00:00:00+00:00,711.806,718.598,706.271,709.412,771.7184
2026-08-28 04:00:00+00:00,709.399,713.911,706.155,706.73,354.6691
2026-08-28 08:00:00+00:00,707.091,709.348,702.783,706.112,692.0538
2026-08-28 12:00:00+00:00,706.054,707.299,695.797,695.927,885.7452
2026-08-28 16:00:00+00:00,696.005,696.318,685.617,688.897,843.6965
2026-08-28 20:00:00+00:00,688.746,691.556,686.772,691.43,342.4458
2026-08-29 00:00:00+00:00,691.382,692.508,688.472,688.547,181.3592
2026-08-29 04:00:00+00:00,688.447,691.136,686.952,688.089,681.2991
2026-08-29 08:00:00+00:00,687.881,689.679,687.049,689.119,352.4925
2026-08-29 12:00:00+00:00,689.12,692.409,687.3,690.69,435.8888
2026-08-29 16:00:00+00:00,690.689,694.195,690.251,693.274,357.1396
2026-08-29 20:00:00+00:00,693.387,693.676,691.865,692.493,229.2655
2026-08-30 00:00:00+00:00,692.493,695.491,690.547,694.661,152.0371
2026-08-30 04:00:00+00:00,694.588,695.137,692.257,693.095,148.6453
2026-08-30 08:00:00+00:00,693.095,695.021,691.461,692.904,306.9089
2026-08-30 12:00:00+00:00,692.904,699.955,692.903,699.387,471.7396
2026-08-30 16:00:00+00:00,699.342,704.087,698.247,699.617,423.70904991
2026-08-30 20:00:00+00:00,699.658,700.398,679.251,684.788,871.1831
2026-08-31 00:00:00+00:00,684.67,688.357,682.2,685.309,526.2299
2026-08-31 04:00:00+00:00,685.287,688.141,682.761,686.988,412.188
2026-08-31 08:00:00+00:00,686.838,689.68,684.931,687.171,752.7922
2026-08-31 12:00:00+00:00,687.169,691.409,684.678,689.389,1029.2548
2026-08-31 16:00:00+00:00,689.588,694.504,688.028,691.566,436.3833
2026-08-31 20:00:00+00:00,691.641,692.921,690.03,691.301,196.8274
2026-09-01 00:00:00+00:00,691.19,694.675,690.124,693.587,162.007
2026-09-01 04:00:00+00:00,693.489,694.131,688.983,690.388,258.6819
2026-09-01 08:00:00+00:00,690.379,690.598,685.419,687.183,672.8459
2026-09-01 12:00:00+00:00,687.183,688.582,683.297,686.775,865.6992
2026-09-01 16:00:00+00:00,686.775,686.844,674.701,679.75,889.915
2026-09-01 20:00:00+00:00,679.834,683.918,677.527,683.033,511.3176
2026-09-02 00:00:00+00:00,682.947,689.66,679.72,687.498,558.6178
2026-09-02 04:00:00+00:00,687.544,689.61,686.09,687.633,423.8139
2026-09-02 08:00:00+00:00,687.633,688.092,680.46,683.666,472.0861
2026-09-02 12:00:00+00:00,683.665,689.279,682.658,687.383,577.4501
2026-09-02 16:00:00+00:00,687.592,688.931,684.571,686.284,758.9273
2026-09-02 20:00:00+00:00,686.375,688.82,685.391,688.593,1434.7211
2026-09-03 00:00:00+00:00,688.68,694.856,686.263,692.52,315.8708
2026-09-03 04:00:00+00:00,692.611,699.43,689.681,697.9,331.0707
2026-09-03 08:00:00+00:00,698.003,715.513,698.003,711.398,1283.6317
2026-09-03 12:00:00+00:00,711.513,728.229,708.95,727.493,1325.4339
2026-09-03 16:00:00+00:00,727.838,728.079,718.736,724.597,980.9005
2026-09-03 20:00:00+00:00,724.598,727.549,720.683,725.093,475.2466
2026-09-04 00:00:00+00:00,725.15,729.998,718.857,723.517,539.04579514
2026-09-04 04:00:00+00:00,723.52,729.444,714.168,714.633,565.877
2026-09-04 08:00:00+00:00,714.562,724.95,713.9,724.113,1652.5547
2026-09-04 12:00:00+00:00,724.474,727.259,709.0,716.669,2225.5033
2026-09-04 16:00:00+00:00,716.623,721.291,715.99,720.232,554.7952
2026-09-04 20:00:00+00:00,720.28,721.3,716.587,721.3,326.2224
