ts,open,high,low,close,volume
2018-09-10 09:00:00+00:00,199.0,201.0,189.0,194.5,42192000.0
2018-09-11 09:00:00+00:00,194.5,194.5,194.5,194.5,0.0
2018-09-12 09:00:00+00:00,195.5,199.0,191.0,192.0,33574000.0
2018-09-13 09:00:00+00:00,193.0,200.0,193.0,196.0,44318000.0
2018-09-14 09:00:00+00:00,196.5,217.0,196.0,214.0,162799000.0
2018-09-17 09:00:00+00:00,216.0,219.0,206.0,212.0,79267000.0
2018-09-18 09:00:00+00:00,212.0,215.0,202.0,212.0,56728000.0
2018-09-19 09:00:00+00:00,215.0,219.0,208.0,212.0,30160000.0
2018-09-20 09:00:00+00:00,216.0,216.0,210.0,212.0,29028000.0
2018-09-21 09:00:00+00:00,215.0,217.0,210.0,210.0,32401000.0
2018-09-24 09:00:00+00:00,211.0,212.0,196.0,198.5,63707000.0
2018-09-25 09:00:00+00:00,198.5,204.0,190.0,202.0,55756000.0
2018-09-26 09:00:00+00:00,203.0,211.0,200.0,201.0,54725000.0
2018-09-27 09:00:00+00:00,201.0,211.0,201.0,208.0,32901000.0
2018-09-28 09:00:00+00:00,209.0,210.0,204.0,204.0,22004000.0
2018-10-01 09:00:00+00:00,207.0,213.0,205.0,207.0,26464000.0
2018-10-02 09:00:00+00:00,210.0,215.0,200.0,201.0,47912000.0
2018-10-03 09:00:00+00:00,202.0,203.0,195.0,200.0,20599000.0
2018-10-04 09:00:00+00:00,200.0,202.0,191.0,194.0,22508000.0
2018-10-05 09:00:00+00:00,190.0,194.0,187.0,193.0,17477000.0
2018-10-08 09:00:00+00:00,193.0,197.0,191.0,192.0,10119000.0
2018-10-09 09:00:00+00:00,192.0,192.0,188.0,189.5,12110000.0
2018-10-10 09:00:00+00:00,190.0,195.0,189.0,195.0,10801000.0
2018-10-11 09:00:00+00:00,190.0,190.0,182.0,187.0,22344000.0
2018-10-12 09:00:00+00:00,186.5,192.0,185.5,188.0,8368000.0
2018-10-15 09:00:00+00:00,190.0,192.5,187.5,188.0,10563000.0
2018-10-16 09:00:00+00:00,188.0,191.0,182.0,190.0,18771000.0
2018-10-17 09:00:00+00:00,190.0,197.5,190.0,192.0,18169000.0
2018-10-18 09:00:00+00:00,192.0,193.0,188.0,188.5,10714000.0
2018-10-19 09:00:00+00:00,188.5,191.5,187.5,188.0,4939000.0
2018-10-22 09:00:00+00:00,188.5,191.5,188.5,190.0,6704000.0
2018-10-23 09:00:00+00:00,188.5,191.0,185.0,185.0,5523000.0
2018-10-24 09:00:00+00:00,185.0,191.5,185.0,188.5,20196000.0
2018-10-25 09:00:00+00:00,188.5,190.5,183.5,190.0,8988000.0
2018-10-26 09:00:00+00:00,193.0,194.0,190.0,190.0,8858000.0
2018-10-29 09:00:00+00:00,191.0,193.0,188.0,189.5,5952000.0
2018-10-30 09:00:00+00:00,185.0,191.0,185.0,188.0,3220000.0
2018-10-31 09:00:00+00:00,188.0,202.0,188.0,202.0,46703000.0
2018-11-01 09:00:00+00:00,210.0,212.0,204.0,209.0,71684000.0
2018-11-02 09:00:00+00:00,215.0,215.0,203.0,203.0,18770000.0
2018-11-05 09:00:00+00:00,202.0,207.0,201.0,205.0,23286000.0
2018-11-06 09:00:00+00:00,205.0,208.0,202.0,203.0,16882000.0
2018-11-07 09:00:00+00:00,203.0,206.0,201.0,201.0,7282000.0
2018-11-08 09:00:00+00:00,202.0,209.0,202.0,204.0,12718000.0
2018-11-09 09:00:00+00:00,204.0,205.0,197.0,197.0,14304000.0
2018-11-12 09:00:00+00:00,197.0,202.0,196.0,198.0,7515000.0
2018-11-13 09:00:00+00:00,198.0,199.5,190.0,198.0,11763000.0
2018-11-14 09:00:00+00:00,198.0,201.0,196.5,197.0,6533000.0
2018-11-15 09:00:00+00:00,198.0,198.0,193.5,194.0,11274000.0
2018-11-16 09:00:00+00:00,194.0,199.5,194.0,195.5,8250000.0
2018-11-19 09:00:00+00:00,197.0,197.5,191.5,192.0,5373000.0
2018-11-20 09:00:00+00:00,192.0,192.0,192.0,192.0,0.0
2018-11-21 09:00:00+00:00,190.0,191.5,176.5,177.5,24736000.0
2018-11-22 09:00:00+00:00,177.5,180.0,171.5,172.0,15897000.0
2018-11-23 09:00:00+00:00,172.0,172.5,165.0,167.0,28195000.0
2018-11-26 09:00:00+00:00,169.0,170.0,160.5,163.5,29185000.0
2018-11-27 09:00:00+00:00,164.5,168.0,164.5,167.5,22753000.0
2018-11-28 09:00:00+00:00,169.0,180.0,168.5,178.5,26755000.0
2018-11-29 09:00:00+00:00,180.0,182.5,173.0,174.0,19403000.0
2018-11-30 09:00:00+00:00,175.0,176.5,168.5,169.0,11354000.0
2018-12-03 09:00:00+00:00,171.0,174.0,169.5,171.0,15975000.0
2018-12-04 09:00:00+00:00,171.0,175.0,171.0,175.0,10938000.0
2018-12-05 09:00:00+00:00,175.0,182.5,173.0,178.5,45595000.0
2018-12-06 09:00:00+00:00,178.0,185.5,178.0,179.0,49354000.0
2018-12-07 09:00:00+00:00,180.5,181.5,175.5,176.5,14770000.0
2018-12-10 09:00:00+00:00,177.5,179.0,175.5,177.0,5992000.0
2018-12-11 09:00:00+00:00,177.5,177.5,167.5,176.5,11663000.0
2018-12-12 09:00:00+00:00,176.5,182.0,176.5,178.5,7980000.0
2018-12-13 09:00:00+00:00,178.5,182.5,178.5,182.5,15267000.0
2018-12-14 09:00:00+00:00,184.0,187.0,182.0,182.5,35424000.0
2018-12-17 09:00:00+00:00,183.0,183.0,180.5,180.5,6288000.0
2018-12-18 09:00:00+00:00,180.0,180.5,175.5,177.0,23622000.0
2018-12-19 09:00:00+00:00,177.0,178.5,173.5,178.0,6709000.0
2018-12-20 09:00:00+00:00,178.0,179.5,177.0,178.5,6038000.0
2018-12-21 09:00:00+00:00,178.5,182.5,177.5,178.5,6479000.0
2018-12-24 09:00:00+00:00,178.5,178.5,178.5,178.5,0.0
2018-12-25 09:00:00+00:00,178.5,178.5,178.5,178.5,0.0
2018-12-26 09:00:00+00:00,178.0,178.0,174.0,174.0,15671000.0
2018-12-27 09:00:00+00:00,178.0,178.0,174.5,175.0,28475000.0
2018-12-28 09:00:00+00:00,175.5,180.0,175.0,178.5,6405000.0
2018-12-31 09:00:00+00:00,178.5,178.5,178.5,178.5,0.0
2019-01-01 09:00:00+00:00,178.5,178.5,178.5,178.5,0.0
2019-01-02 09:00:00+00:00,180.5,181.0,178.0,179.0,3572000.0
2019-01-03 09:00:00+00:00,179.0,180.5,179.0,179.5,6330000.0
2019-01-04 09:00:00+00:00,180.0,185.5,180.0,184.0,31342000.0
2019-01-07 09:00:00+00:00,185.0,191.0,184.0,190.0,28483000.0
2019-01-08 09:00:00+00:00,191.0,193.5,187.5,190.0,16215000.0
2019-01-09 09:00:00+00:00,192.0,193.5,189.5,190.0,10354000.0
2019-01-10 09:00:00+00:00,190.0,193.5,190.0,190.5,4785000.0
2019-01-11 09:00:00+00:00,190.5,192.0,189.0,190.0,9884000.0
2019-01-14 09:00:00+00:00,190.5,191.0,184.0,186.0,9641000.0
2019-01-15 09:00:00+00:00,186.0,190.5,181.5,189.5,19289000.0
2019-01-16 09:00:00+00:00,189.5,198.0,189.5,193.0,16341000.0
2019-01-17 09:00:00+00:00,195.0,202.0,195.0,199.5,32437000.0
2019-01-18 09:00:00+00:00,200.0,204.0,199.5,200.0,10740000.0
2019-01-21 09:00:00+00:00,201.0,207.0,199.5,199.5,20997000.0
2019-01-22 09:00:00+00:00,199.5,200.0,196.5,197.0,6176000.0
2019-01-23 09:00:00+00:00,197.0,201.0,193.5,198.0,8096000.0
2019-01-24 09:00:00+00:00,198.5,202.0,197.0,197.0,4598000.0
2019-01-25 09:00:00+00:00,197.0,199.0,196.5,196.5,5793000.0
2019-01-28 09:00:00+00:00,197.0,207.0,197.0,203.0,26044000.0
2019-01-29 09:00:00+00:00,204.0,208.0,198.5,198.5,16176000.0
2019-01-30 09:00:00+00:00,198.5,203.0,198.0,198.5,5949000.0
2019-01-31 09:00:00+00:00,199.5,202.0,198.5,198.5,6127000.0
2019-02-01 09:00:00+00:00,199.0,199.5,195.0,197.0,6870000.0
2019-02-04 09:00:00+00:00,197.0,198.0,195.5,196.0,5558000.0
2019-02-05 09:00:00+00:00,196.0,196.0,196.0,196.0,0.0
2019-02-06 09:00:00+00:00,196.0,197.5,192.5,197.0,9997000.0
2019-02-07 09:00:00+00:00,199.0,199.0,195.0,195.0,6645000.0
2019-02-08 09:00:00+00:00,195.0,195.0,190.5,192.5,8446000.0
2019-02-11 09:00:00+00:00,192.5,193.0,185.0,187.0,7867000.0
2019-02-12 09:00:00+00:00,188.0,188.5,183.0,184.5,5884000.0
2019-02-13 09:00:00+00:00,185.5,189.5,183.0,188.5,7206000.0
2019-02-14 09:00:00+00:00,190.0,192.0,186.0,186.0,5583000.0
2019-02-15 09:00:00+00:00,185.5,186.0,181.5,182.5,5090000.0
2019-02-18 09:00:00+00:00,184.5,190.0,184.5,187.5,4631000.0
2019-02-19 09:00:00+00:00,188.0,195.0,188.0,192.0,8581000.0
2019-02-20 09:00:00+00:00,194.0,195.5,191.0,192.0,3368000.0
2019-02-21 09:00:00+00:00,192.0,198.0,192.0,198.0,9348000.0
2019-02-22 09:00:00+00:00,198.5,205.0,197.0,199.5,18425000.0
2019-02-25 09:00:00+00:00,203.0,203.0,196.0,198.0,6693000.0
2019-02-26 09:00:00+00:00,198.0,198.0,190.0,190.5,5999000.0
2019-02-27 09:00:00+00:00,192.5,199.0,190.5,197.5,7240000.0
2019-02-28 09:00:00+00:00,193.0,199.0,193.0,193.5,3166000.0
2019-03-01 09:00:00+00:00,195.0,196.0,192.0,193.0,2155000.0
2019-03-04 09:00:00+00:00,194.5,198.0,194.5,196.0,4894000.0
2019-03-05 09:00:00+00:00,197.5,201.0,193.5,195.0,6073000.0
2019-03-06 09:00:00+00:00,195.0,198.0,193.5,194.5,1923000.0
2019-03-07 09:00:00+00:00,194.5,194.5,194.5,194.5,0.0
2019-03-08 09:00:00+00:00,194.5,194.5,191.0,191.0,2964000.0
2019-03-11 09:00:00+00:00,191.0,192.5,190.5,192.0,6662000.0
2019-03-12 09:00:00+00:00,190.5,191.5,186.0,188.5,4332000.0
2019-03-13 09:00:00+00:00,188.5,190.0,187.0,189.5,2165000.0
2019-03-14 09:00:00+00:00,191.0,192.0,189.5,190.5,1964000.0
2019-03-15 09:00:00+00:00,192.0,192.0,190.0,190.0,1727000.0
2019-03-18 09:00:00+00:00,190.0,193.5,189.5,192.0,1365000.0
2019-03-19 09:00:00+00:00,193.0,194.5,192.0,192.5,3039000.0
2019-03-20 09:00:00+00:00,193.0,193.0,191.0,191.0,2596000.0
2019-03-21 09:00:00+00:00,191.5,191.5,189.5,190.0,2008000.0
2019-03-22 09:00:00+00:00,191.0,191.0,189.5,190.0,2493000.0
2019-03-25 09:00:00+00:00,189.5,191.0,186.5,187.0,4490000.0
2019-03-26 09:00:00+00:00,189.5,190.5,188.0,188.5,3042000.0
2019-03-27 09:00:00+00:00,188.5,190.0,187.0,187.5,3784000.0
2019-03-28 09:00:00+00:00,188.0,189.0,186.5,187.5,2722000.0
2019-03-29 09:00:00+00:00,188.0,189.5,181.5,183.0,9515000.0
2019-04-01 09:00:00+00:00,183.0,186.5,180.0,183.5,5602000.0
2019-04-02 09:00:00+00:00,183.5,188.0,181.5,181.5,2314000.0
2019-04-03 09:00:00+00:00,181.5,181.5,181.5,181.5,0.0
2019-04-04 09:00:00+00:00,183.5,187.0,179.5,180.0,6270000.0
2019-04-05 09:00:00+00:00,181.0,182.5,178.0,179.0,5370000.0
2019-04-08 09:00:00+00:00,181.0,182.5,176.5,177.5,3212000.0
2019-04-09 09:00:00+00:00,179.0,180.0,178.0,178.5,1112000.0
2019-04-10 09:00:00+00:00,179.0,180.0,178.0,178.5,2149000.0
2019-04-11 09:00:00+00:00,179.0,180.0,178.0,178.5,1284000.0
2019-04-12 09:00:00+00:00,179.0,179.0,178.0,179.0,1317000.0
2019-04-15 09:00:00+00:00,180.0,180.5,178.0,178.0,2192000.0
2019-04-16 09:00:00+00:00,179.0,182.0,178.5,182.0,4055000.0
2019-04-17 09:00:00+00:00,182.0,182.0,182.0,182.0,0.0
2019-04-18 09:00:00+00:00,183.0,189.0,182.5,187.0,11224000.0
2019-04-19 09:00:00+00:00,187.0,187.0,187.0,187.0,0.0
2019-04-22 09:00:00+00:00,187.0,191.5,186.0,189.0,12841000.0
2019-04-23 09:00:00+00:00,189.0,192.5,189.0,189.5,15566000.0
2019-04-24 09:00:00+00:00,189.5,191.5,188.5,190.0,26421000.0
2019-04-25 09:00:00+00:00,191.5,194.0,191.0,191.5,15016000.0
2019-04-26 09:00:00+00:00,192.5,192.5,188.0,189.5,18148000.0
2019-04-29 09:00:00+00:00,191.5,191.5,189.5,190.5,12667000.0
2019-04-30 09:00:00+00:00,191.5,192.5,190.5,191.5,21207000.0
2019-05-01 09:00:00+00:00,191.5,191.5,191.5,191.5,0.0
2019-05-02 09:00:00+00:00,191.0,191.0,177.5,180.5,9295000.0
2019-05-03 09:00:00+00:00,181.0,181.0,172.5,175.0,9412000.0
2019-05-06 09:00:00+00:00,175.0,175.0,169.0,170.0,7514000.0
2019-05-07 09:00:00+00:00,170.0,174.0,170.0,174.0,4354000.0
2019-05-08 09:00:00+00:00,174.0,176.0,171.0,172.5,4850000.0
2019-05-09 09:00:00+00:00,172.5,174.0,170.0,170.0,4072000.0
2019-05-10 09:00:00+00:00,170.0,170.0,169.0,169.0,4471000.0
2019-05-13 09:00:00+00:00,172.0,172.5,167.5,168.5,2827000.0
2019-05-14 09:00:00+00:00,169.0,169.0,160.0,162.5,9632000.0
2019-05-15 09:00:00+00:00,167.5,167.5,157.5,159.5,2895000.0
2019-05-16 09:00:00+00:00,159.5,160.0,153.0,153.0,5492000.0
2019-05-17 09:00:00+00:00,153.5,154.5,150.5,150.5,6282000.0
2019-05-20 09:00:00+00:00,153.5,153.5,148.0,151.0,4583000.0
2019-05-21 09:00:00+00:00,151.0,159.0,151.0,155.0,2733000.0
2019-05-22 09:00:00+00:00,155.0,157.5,153.5,155.5,1896000.0
2019-05-23 09:00:00+00:00,156.0,161.5,155.5,161.0,3371000.0
2019-05-24 09:00:00+00:00,161.5,165.0,158.0,161.0,1926000.0
2019-05-27 09:00:00+00:00,161.0,164.5,161.0,163.5,3583000.0
2019-05-28 09:00:00+00:00,165.0,171.5,163.0,163.5,3402000.0
2019-05-29 09:00:00+00:00,163.5,163.5,160.5,162.5,998000.0
2019-05-30 09:00:00+00:00,162.5,162.5,162.5,162.5,0.0
2019-05-31 09:00:00+00:00,162.5,165.0,161.5,162.5,2248000.0
2019-06-03 09:00:00+00:00,162.5,162.5,162.5,162.5,0.0
2019-06-04 09:00:00+00:00,162.5,162.5,162.5,162.5,0.0
2019-06-05 09:00:00+00:00,162.5,162.5,162.5,162.5,0.0
2019-06-06 09:00:00+00:00,162.5,162.5,162.5,162.5,0.0
2019-06-07 09:00:00+00:00,162.5,162.5,162.5,162.5,0.0
2019-06-10 09:00:00+00:00,162.5,162.5,154.0,159.5,13603000.0
2019-06-11 09:00:00+00:00,159.5,159.5,157.5,158.5,2885000.0
2019-06-12 09:00:00+00:00,158.5,162.5,158.5,160.0,2899000.0
2019-06-13 09:00:00+00:00,159.5,161.5,158.5,159.0,3286000.0
2019-06-14 09:00:00+00:00,159.5,162.5,158.0,159.0,2227000.0
2019-06-17 09:00:00+00:00,158.5,158.5,155.5,155.5,6931000.0
2019-06-18 09:00:00+00:00,155.5,155.5,153.0,154.5,3064000.0
2019-06-19 09:00:00+00:00,154.5,156.5,154.5,156.5,5057000.0
2019-06-20 09:00:00+00:00,157.0,162.0,157.0,158.5,4330000.0
2019-06-21 09:00:00+00:00,162.0,162.0,158.5,159.0,6649000.0
2019-06-24 09:00:00+00:00,159.5,159.5,156.5,156.5,3509000.0
2019-06-25 09:00:00+00:00,157.0,168.5,156.0,166.5,25157000.0
2019-06-26 09:00:00+00:00,168.5,171.5,163.5,164.0,17405000.0
2019-06-27 09:00:00+00:00,164.0,165.5,160.0,162.5,7448000.0
2019-06-28 09:00:00+00:00,162.5,165.0,160.5,162.0,5389000.0
2019-07-01 09:00:00+00:00,166.0,166.0,162.5,164.5,9508000.0
2019-07-02 09:00:00+00:00,164.5,165.5,163.0,163.0,2672000.0
2019-07-03 09:00:00+00:00,163.0,165.0,161.0,162.0,2210000.0
2019-07-04 09:00:00+00:00,162.5,165.5,162.0,163.0,4157000.0
2019-07-05 09:00:00+00:00,166.0,167.5,164.0,164.5,8874000.0
2019-07-08 09:00:00+00:00,164.5,165.0,161.5,161.5,2207000.0
2019-07-09 09:00:00+00:00,161.5,162.0,160.5,161.5,3600000.0
2019-07-10 09:00:00+00:00,162.0,163.5,160.5,161.0,1816000.0
2019-07-11 09:00:00+00:00,162.0,163.0,161.5,162.0,1784000.0
2019-07-12 09:00:00+00:00,162.0,163.5,160.5,161.0,1715000.0
2019-07-15 09:00:00+00:00,163.0,163.0,160.0,161.0,2365000.0
2019-07-16 09:00:00+00:00,161.5,162.5,161.0,161.0,1923000.0
2019-07-17 09:00:00+00:00,161.0,161.5,160.5,161.0,1779000.0
2019-07-18 09:00:00+00:00,161.0,162.0,160.5,160.5,1822000.0
2019-07-19 09:00:00+00:00,161.0,161.5,160.5,161.0,1051000.0
2019-07-22 09:00:00+00:00,162.0,162.0,160.0,161.0,1455000.0
2019-07-23 09:00:00+00:00,161.5,161.5,159.5,160.5,2627000.0
2019-07-24 09:00:00+00:00,160.5,161.0,160.0,161.0,2663000.0
2019-07-25 09:00:00+00:00,161.0,161.5,159.5,159.5,3429000.0
2019-07-26 09:00:00+00:00,159.5,160.5,158.5,159.0,2933000.0
2019-07-29 09:00:00+00:00,159.5,159.5,157.0,157.5,5547000.0
2019-07-30 09:00:00+00:00,157.5,161.0,157.5,158.0,1697000.0
2019-07-31 09:00:00+00:00,158.5,158.5,156.0,156.5,6790000.0
2019-08-01 09:00:00+00:00,156.5,156.5,154.5,155.0,3230000.0
2019-08-02 09:00:00+00:00,155.0,155.0,152.0,152.0,2225000.0
2019-08-05 09:00:00+00:00,152.5,153.5,147.0,147.5,6709000.0
2019-08-06 09:00:00+00:00,146.0,146.0,140.0,144.0,4819000.0
2019-08-07 09:00:00+00:00,145.0,148.0,144.5,146.0,11605000.0
2019-08-08 09:00:00+00:00,146.5,148.5,146.5,147.5,2483000.0
2019-08-09 09:00:00+00:00,148.0,149.0,144.0,145.0,2839000.0
2019-08-12 09:00:00+00:00,147.5,148.5,144.5,144.5,2659000.0
2019-08-13 09:00:00+00:00,144.5,145.0,143.5,143.5,1896000.0
2019-08-14 09:00:00+00:00,144.5,147.5,144.0,144.0,3299000.0
2019-08-15 09:00:00+00:00,143.0,143.0,139.0,140.0,9356000.0
2019-08-16 09:00:00+00:00,140.0,151.0,139.5,143.0,13741000.0
2019-08-19 09:00:00+00:00,143.0,147.5,143.0,144.0,1300000.0
2019-08-20 09:00:00+00:00,145.0,145.0,144.0,144.5,2818000.0
2019-08-21 09:00:00+00:00,145.0,145.5,143.0,144.0,1323000.0
2019-08-22 09:00:00+00:00,143.5,144.5,142.0,142.5,1302000.0
2019-08-23 09:00:00+00:00,143.5,147.5,140.5,140.5,5480000.0
2019-08-26 09:00:00+00:00,140.5,140.5,134.0,136.0,6123000.0
2019-08-27 09:00:00+00:00,136.5,140.0,132.5,134.0,7038000.0
2019-08-28 09:00:00+00:00,134.0,135.0,132.0,132.5,2436000.0
2019-08-29 09:00:00+00:00,132.5,134.5,130.0,134.5,4835000.0
2019-08-30 09:00:00+00:00,136.0,137.0,134.5,135.0,2039000.0
2019-09-02 09:00:00+00:00,135.0,136.0,134.5,135.0,1373000.0
2019-09-03 09:00:00+00:00,135.0,140.0,135.0,136.5,4266000.0
2019-09-04 09:00:00+00:00,136.5,141.0,136.5,140.5,3401000.0
2019-09-05 09:00:00+00:00,140.5,144.0,138.5,139.0,2449000.0
2019-09-06 09:00:00+00:00,139.0,142.0,139.0,141.5,2925000.0
2019-09-09 09:00:00+00:00,143.0,147.0,142.0,146.5,5124000.0
2019-09-10 09:00:00+00:00,147.0,149.0,145.5,146.0,3877000.0
2019-09-11 09:00:00+00:00,146.0,148.5,146.0,147.5,3450000.0
2019-09-12 09:00:00+00:00,149.5,152.5,149.0,149.5,7366000.0
2019-09-13 09:00:00+00:00,149.5,150.0,145.0,145.0,7032000.0
2019-09-16 09:00:00+00:00,148.5,152.0,148.5,149.5,7476000.0
2019-09-17 09:00:00+00:00,150.5,154.0,149.5,152.5,8079000.0
2019-09-18 09:00:00+00:00,152.5,152.5,149.0,150.0,5955000.0
2019-09-19 09:00:00+00:00,149.0,150.5,146.0,146.0,2425000.0
2019-09-20 09:00:00+00:00,148.5,150.5,143.5,146.0,2205000.0
2019-09-23 09:00:00+00:00,146.0,146.0,135.0,139.5,5685000.0
2019-09-24 09:00:00+00:00,139.5,140.0,132.5,135.5,4536000.0
2019-09-25 09:00:00+00:00,135.5,140.0,135.5,138.5,1599000.0
2019-09-26 09:00:00+00:00,138.5,142.5,138.5,139.0,2336000.0
2019-09-27 09:00:00+00:00,139.5,142.0,139.0,139.0,1744000.0
2019-09-30 09:00:00+00:00,140.0,140.0,138.0,138.0,853000.0
2019-10-01 09:00:00+00:00,140.0,141.0,138.5,138.5,338000.0
2019-10-02 09:00:00+00:00,138.5,139.0,136.5,136.5,1424000.0
2019-10-03 09:00:00+00:00,136.5,136.5,135.0,136.5,2524000.0
2019-10-04 09:00:00+00:00,137.0,137.0,135.5,135.5,737000.0
2019-10-07 09:00:00+00:00,135.5,137.5,135.0,135.0,527000.0
2019-10-08 09:00:00+00:00,135.0,136.0,134.5,135.5,842000.0
2019-10-09 09:00:00+00:00,137.0,137.5,134.0,134.5,845000.0
2019-10-10 09:00:00+00:00,134.5,135.5,133.5,135.0,444000.0
2019-10-11 09:00:00+00:00,136.5,136.5,131.0,134.0,4892000.0
2019-10-14 09:00:00+00:00,135.0,135.5,133.0,135.0,1735000.0
2019-10-15 09:00:00+00:00,135.5,135.5,132.5,134.0,3426000.0
2019-10-16 09:00:00+00:00,134.0,136.0,134.0,135.5,1335000.0
2019-10-17 09:00:00+00:00,135.5,137.0,135.0,136.0,939000.0
2019-10-18 09:00:00+00:00,137.0,137.5,135.5,135.5,866000.0
2019-10-21 09:00:00+00:00,137.0,138.5,135.5,135.5,3815000.0
2019-10-22 09:00:00+00:00,136.0,137.5,135.0,135.0,1509000.0
2019-10-23 09:00:00+00:00,136.5,137.5,135.0,137.5,2048000.0
2019-10-24 09:00:00+00:00,138.0,138.5,135.5,137.5,1969000.0
2019-10-25 09:00:00+00:00,138.0,138.0,136.0,136.5,856000.0
2019-10-28 09:00:00+00:00,137.5,139.5,137.0,138.0,2233000.0
2019-10-29 09:00:00+00:00,139.0,139.5,138.0,138.5,1440000.0
2019-10-30 09:00:00+00:00,140.0,141.5,138.0,140.5,9112000.0
2019-10-31 09:00:00+00:00,142.0,152.5,141.0,147.5,54186000.0
2019-11-01 09:00:00+00:00,149.0,150.5,145.5,146.0,15281000.0
2019-11-04 09:00:00+00:00,147.5,149.0,146.5,148.0,29949000.0
2019-11-05 09:00:00+00:00,148.0,153.5,148.0,150.5,14869000.0
2019-11-06 09:00:00+00:00,150.5,157.0,150.5,157.0,14575000.0
2019-11-07 09:00:00+00:00,157.0,162.0,152.0,155.5,18011000.0
2019-11-08 09:00:00+00:00,156.0,163.0,156.0,163.0,21024000.0
2019-11-11 09:00:00+00:00,163.5,171.0,163.5,167.0,24442000.0
2019-11-12 09:00:00+00:00,168.0,170.5,166.5,166.5,10202000.0
2019-11-13 09:00:00+00:00,167.0,170.0,165.0,168.0,17226000.0
2019-11-14 09:00:00+00:00,168.5,170.0,161.5,167.5,10577000.0
2019-11-15 09:00:00+00:00,167.5,168.0,165.0,167.0,2677000.0
2019-11-18 09:00:00+00:00,167.0,167.0,165.0,165.0,4117000.0
2019-11-19 09:00:00+00:00,165.0,169.0,165.0,165.5,3060000.0
2019-11-20 09:00:00+00:00,165.5,169.0,165.5,165.5,2525000.0
2019-11-21 09:00:00+00:00,166.0,166.0,163.0,164.0,4796000.0
2019-11-22 09:00:00+00:00,163.5,164.5,162.5,162.5,2857000.0
2019-11-25 09:00:00+00:00,163.0,163.0,159.5,160.0,3586000.0
2019-11-26 09:00:00+00:00,160.0,160.0,155.0,155.0,12950000.0
2019-11-27 09:00:00+00:00,155.0,155.0,152.5,153.5,3418000.0
2019-11-28 09:00:00+00:00,153.5,157.0,152.5,153.5,2540000.0
2019-11-29 09:00:00+00:00,153.5,154.5,149.5,154.5,4478000.0
2019-12-02 09:00:00+00:00,155.0,164.0,154.5,161.0,5634000.0
2019-12-03 09:00:00+00:00,161.0,163.5,158.5,161.0,3735000.0
2019-12-04 09:00:00+00:00,161.0,162.0,158.0,159.0,2128000.0
2019-12-05 09:00:00+00:00,160.0,161.5,159.0,160.0,2782000.0
2019-12-06 09:00:00+00:00,163.0,163.0,159.5,160.0,4146000.0
2019-12-09 09:00:00+00:00,163.5,165.0,160.5,161.5,1498000.0
2019-12-10 09:00:00+00:00,162.5,162.5,160.0,161.0,1815000.0
2019-12-11 09:00:00+00:00,165.0,165.0,159.0,160.0,4496000.0
2019-12-12 09:00:00+00:00,159.0,162.0,158.0,159.5,2554000.0
2019-12-13 09:00:00+00:00,160.0,161.0,159.5,160.0,1648000.0
2019-12-16 09:00:00+00:00,160.0,163.5,159.0,163.0,6080000.0
2019-12-17 09:00:00+00:00,163.5,164.0,161.0,162.5,1681000.0
2019-12-18 09:00:00+00:00,162.5,162.5,160.5,160.5,3815000.0
2019-12-19 09:00:00+00:00,161.0,161.0,159.5,159.5,2916000.0
2019-12-20 09:00:00+00:00,159.0,161.0,156.0,156.0,4987000.0
2019-12-23 09:00:00+00:00,156.0,160.5,156.0,158.5,3350000.0
2019-12-26 09:00:00+00:00,159.5,164.5,159.5,162.0,3292000.0
2019-12-27 09:00:00+00:00,162.0,162.5,160.0,161.0,2128000.0
2019-12-30 09:00:00+00:00,161.0,161.5,160.0,160.5,1378000.0
2020-01-02 09:00:00+00:00,160.5,160.5,159.0,160.0,1210000.0
2020-01-03 09:00:00+00:00,160.0,161.0,159.5,160.5,1273000.0
2020-01-06 09:00:00+00:00,161.0,167.5,161.0,163.5,16813000.0
2020-01-07 09:00:00+00:00,165.0,170.0,165.0,165.5,16757000.0
2020-01-08 09:00:00+00:00,166.5,168.5,165.0,165.0,2812000.0
2020-01-09 09:00:00+00:00,167.0,167.0,160.0,161.5,5089000.0
2020-01-10 09:00:00+00:00,161.5,164.0,160.0,163.5,4170000.0
2020-01-13 09:00:00+00:00,164.0,166.5,163.0,165.5,5049000.0
2020-01-14 09:00:00+00:00,166.0,167.0,165.0,165.5,4531000.0
2020-01-15 09:00:00+00:00,164.5,166.5,164.0,165.5,2088000.0
2020-01-16 09:00:00+00:00,165.5,166.5,165.0,165.0,3067000.0
2020-01-17 09:00:00+00:00,165.0,166.0,164.0,165.5,1352000.0
2020-01-20 09:00:00+00:00,165.5,166.0,164.0,164.0,3317000.0
2020-01-21 09:00:00+00:00,164.0,164.0,159.0,159.0,2120000.0
2020-01-22 09:00:00+00:00,159.0,160.0,153.5,155.5,5355000.0
2020-01-23 09:00:00+00:00,155.0,158.0,152.5,157.5,1702000.0
2020-01-24 09:00:00+00:00,157.5,164.0,157.5,158.5,1329000.0
2020-01-27 09:00:00+00:00,159.5,159.5,153.5,154.0,4693000.0
2020-01-28 09:00:00+00:00,153.5,155.5,148.0,153.5,5819000.0
2020-01-29 09:00:00+00:00,157.0,157.0,153.5,154.5,1747000.0
2020-01-30 09:00:00+00:00,154.5,155.0,152.5,153.5,6336000.0
2020-01-31 09:00:00+00:00,157.5,157.5,143.0,148.0,7104000.0
2020-02-03 09:00:00+00:00,148.0,148.0,143.0,145.0,3896000.0
2020-02-04 09:00:00+00:00,148.0,148.0,145.0,145.0,2946000.0
2020-02-05 09:00:00+00:00,145.0,151.5,145.0,150.0,3349000.0
2020-02-06 09:00:00+00:00,150.0,153.5,149.5,150.0,9310000.0
2020-02-07 09:00:00+00:00,150.0,152.0,149.0,150.0,2876000.0
2020-02-10 09:00:00+00:00,150.0,154.0,148.5,149.0,706000.0
2020-02-11 09:00:00+00:00,149.0,152.5,148.5,150.0,2554000.0
2020-02-12 09:00:00+00:00,152.5,152.5,149.0,150.0,535000.0
2020-02-13 09:00:00+00:00,151.0,151.0,148.5,149.0,1356000.0
2020-02-14 09:00:00+00:00,149.0,150.5,149.0,150.0,383000.0
2020-02-17 09:00:00+00:00,150.0,153.0,146.0,150.0,3940000.0
2020-02-18 09:00:00+00:00,151.5,152.0,149.5,150.0,5317000.0
2020-02-19 09:00:00+00:00,150.0,152.0,149.0,150.0,14445000.0
2020-02-20 09:00:00+00:00,150.5,152.0,149.0,150.0,14510000.0
2020-02-21 09:00:00+00:00,150.0,151.0,149.5,150.0,2153000.0
2020-02-24 09:00:00+00:00,149.0,151.0,146.0,147.5,2613000.0
2020-02-25 09:00:00+00:00,147.5,150.0,146.0,148.5,2013000.0
2020-02-26 09:00:00+00:00,148.0,148.0,143.5,145.5,4196000.0
2020-02-27 09:00:00+00:00,145.5,145.5,134.5,135.0,7830000.0
2020-02-28 09:00:00+00:00,133.5,135.0,125.0,128.5,8657000.0
2020-03-02 09:00:00+00:00,128.5,137.5,125.0,129.0,7488000.0
2020-03-03 09:00:00+00:00,130.5,137.0,129.0,131.0,12970000.0
2020-03-04 09:00:00+00:00,131.0,138.0,129.0,136.5,14153000.0
2020-03-05 09:00:00+00:00,138.0,138.0,133.0,135.5,4129000.0
2020-03-06 09:00:00+00:00,135.5,137.0,132.5,136.5,4054000.0
2020-03-09 09:00:00+00:00,135.5,135.5,127.0,127.5,8850000.0
2020-03-10 09:00:00+00:00,127.5,130.0,126.0,127.5,4072000.0
2020-03-11 09:00:00+00:00,129.5,129.5,123.5,124.0,5366000.0
2020-03-12 09:00:00+00:00,124.0,124.0,112.0,112.0,16834000.0
2020-03-13 09:00:00+00:00,112.0,112.0,112.0,112.0,0.0
2020-03-16 09:00:00+00:00,110.0,112.0,106.5,107.0,5940000.0
2020-03-17 09:00:00+00:00,107.0,107.0,100.0,100.0,6638000.0
2020-03-18 09:00:00+00:00,100.0,101.0,93.5,94.0,4172000.0
2020-03-19 09:00:00+00:00,94.0,94.0,87.5,87.5,8257000.0
2020-03-20 09:00:00+00:00,87.5,100.0,86.0,90.5,30227000.0
2020-03-23 09:00:00+00:00,91.0,105.0,89.0,89.5,22434000.0
2020-03-24 09:00:00+00:00,90.0,98.0,90.0,94.5,9087000.0
2020-03-26 09:00:00+00:00,96.0,115.0,96.0,103.5,34474000.0
2020-03-27 09:00:00+00:00,108.0,124.0,108.0,113.0,21122000.0
2020-03-30 09:00:00+00:00,113.0,113.0,105.5,107.0,7513000.0
2020-03-31 09:00:00+00:00,108.5,115.0,107.5,113.0,6622000.0
2020-04-01 09:00:00+00:00,113.0,122.5,113.0,117.5,13423000.0
2020-04-02 09:00:00+00:00,117.0,123.0,117.0,120.0,7938000.0
2020-04-03 09:00:00+00:00,122.0,130.0,122.0,130.0,11811000.0
2020-04-06 09:00:00+00:00,135.0,136.5,130.0,135.5,14093000.0
2020-04-07 09:00:00+00:00,136.5,139.5,127.0,133.5,17829000.0
2020-04-08 09:00:00+00:00,133.5,133.5,128.0,133.5,10811000.0
2020-04-09 09:00:00+00:00,134.5,137.0,130.5,136.5,4893000.0
2020-04-13 09:00:00+00:00,136.5,148.0,136.5,144.0,16050000.0
2020-04-14 09:00:00+00:00,144.0,146.0,138.0,142.5,9879000.0
2020-04-15 09:00:00+00:00,142.0,144.5,137.5,138.5,11226000.0
2020-04-16 09:00:00+00:00,138.5,144.0,138.5,140.0,9869000.0
2020-04-17 09:00:00+00:00,141.0,143.5,141.0,142.5,12912000.0
2020-04-20 09:00:00+00:00,143.0,146.0,142.5,143.5,16661000.0
2020-04-21 09:00:00+00:00,143.5,143.5,133.5,141.0,19351000.0
2020-04-22 09:00:00+00:00,133.5,133.5,131.5,131.5,5769000.0
2020-04-23 09:00:00+00:00,129.0,129.0,123.0,127.5,18539000.0
2020-04-24 09:00:00+00:00,126.0,128.0,121.5,121.5,5561000.0
2020-04-27 09:00:00+00:00,121.5,124.5,119.5,120.5,3937000.0
2020-04-28 09:00:00+00:00,121.5,122.5,119.0,122.0,3336000.0
2020-04-29 09:00:00+00:00,122.0,124.0,122.0,122.0,2864000.0
2020-04-30 09:00:00+00:00,124.5,127.5,124.5,125.5,4452000.0
2020-05-04 09:00:00+00:00,125.5,125.5,121.0,122.0,3333000.0
2020-05-05 09:00:00+00:00,122.0,125.0,121.5,123.0,2506000.0
2020-05-06 09:00:00+00:00,124.5,126.0,122.0,122.0,9224000.0
2020-05-08 09:00:00+00:00,123.5,126.5,123.5,124.0,10138000.0
2020-05-11 09:00:00+00:00,125.0,132.0,125.0,128.5,9298000.0
2020-05-12 09:00:00+00:00,130.5,130.5,126.0,126.5,7793000.0
2020-05-13 09:00:00+00:00,126.5,126.5,123.5,124.5,4659000.0
2020-05-14 09:00:00+00:00,125.5,126.0,124.0,124.5,3565000.0
2020-05-15 09:00:00+00:00,124.5,126.5,122.0,122.0,3744000.0
2020-05-18 09:00:00+00:00,124.0,124.0,119.5,120.5,7787000.0
2020-05-19 09:00:00+00:00,121.5,125.0,121.5,121.5,5262000.0
2020-05-20 09:00:00+00:00,124.0,124.5,120.0,121.5,4996000.0
2020-05-26 09:00:00+00:00,121.5,122.5,120.0,122.0,6102000.0
2020-05-27 09:00:00+00:00,122.5,123.0,120.5,121.5,4641000.0
2020-05-28 09:00:00+00:00,121.5,122.0,119.5,120.5,7741000.0
2020-05-29 09:00:00+00:00,121.5,122.0,120.5,122.0,2293000.0
2020-06-02 09:00:00+00:00,122.5,124.5,122.0,124.5,8166000.0
2020-06-03 09:00:00+00:00,125.0,128.0,125.0,127.0,7700000.0
2020-06-04 09:00:00+00:00,128.0,129.0,127.0,127.0,8251000.0
2020-06-05 09:00:00+00:00,126.0,127.5,124.0,127.5,3337000.0
2020-06-08 09:00:00+00:00,128.0,135.0,127.5,130.0,22450000.0
2020-06-09 09:00:00+00:00,130.0,134.5,129.5,130.0,11017000.0
2020-06-10 09:00:00+00:00,129.5,130.0,127.0,127.0,9949000.0
2020-06-11 09:00:00+00:00,127.0,131.5,127.0,128.0,8665000.0
2020-06-12 09:00:00+00:00,129.0,129.0,121.5,128.5,5601000.0
2020-06-15 09:00:00+00:00,129.0,130.5,128.0,128.0,5118000.0
2020-06-16 09:00:00+00:00,128.0,130.5,128.0,130.0,3149000.0
2020-06-17 09:00:00+00:00,130.0,131.0,129.0,130.0,4193000.0
2020-06-18 09:00:00+00:00,130.5,133.5,130.5,132.5,3720000.0
2020-06-19 09:00:00+00:00,132.5,138.5,132.5,137.0,13411000.0
2020-06-22 09:00:00+00:00,137.0,140.0,134.5,136.0,7886000.0
2020-06-23 09:00:00+00:00,136.0,136.5,134.0,134.5,3945000.0
2020-06-24 09:00:00+00:00,134.5,137.0,134.0,135.5,3360000.0
2020-06-25 09:00:00+00:00,135.5,135.5,132.0,133.0,5486000.0
2020-06-26 09:00:00+00:00,130.0,134.0,130.0,133.0,2107000.0
2020-06-29 09:00:00+00:00,133.0,134.0,131.0,132.5,2984000.0
2020-06-30 09:00:00+00:00,132.5,132.5,131.0,132.0,3315000.0
2020-07-01 09:00:00+00:00,132.0,135.5,132.0,135.5,4697000.0
2020-07-02 09:00:00+00:00,135.5,137.0,134.5,135.0,4209000.0
2020-07-03 09:00:00+00:00,135.0,136.0,134.5,135.5,3526000.0
2020-07-06 09:00:00+00:00,135.5,137.0,135.5,135.5,3730000.0
2020-07-07 09:00:00+00:00,136.0,138.0,136.0,137.5,5285000.0
2020-07-08 09:00:00+00:00,137.5,141.0,137.5,141.0,10936000.0
2020-07-09 09:00:00+00:00,141.0,146.5,141.0,146.5,12800000.0
2020-07-10 09:00:00+00:00,146.5,146.5,143.0,146.0,9829000.0
2020-07-13 09:00:00+00:00,146.0,162.5,145.0,162.5,41072000.0
2020-07-14 09:00:00+00:00,165.0,175.5,155.5,161.0,69585000.0
2020-07-15 09:00:00+00:00,161.0,165.5,160.5,162.5,15277000.0
2020-07-16 09:00:00+00:00,162.5,168.5,160.5,167.5,26870000.0
2020-07-17 09:00:00+00:00,167.5,177.0,167.5,172.5,37666000.0
2020-07-20 09:00:00+00:00,173.5,180.5,173.0,180.0,40952000.0
2020-07-21 09:00:00+00:00,183.0,185.0,174.5,179.0,25907000.0
2020-07-22 09:00:00+00:00,180.5,181.0,176.5,180.0,12595000.0
2020-07-23 09:00:00+00:00,180.0,192.5,180.0,191.5,34012000.0
2020-07-24 09:00:00+00:00,192.5,193.5,187.5,189.5,16879000.0
2020-07-27 09:00:00+00:00,189.5,191.0,186.5,190.5,12378000.0
2020-07-28 09:00:00+00:00,191.0,194.0,190.5,192.0,14785000.0
2020-07-29 09:00:00+00:00,191.5,192.0,188.0,191.0,9690000.0
2020-07-30 09:00:00+00:00,191.0,201.0,191.0,197.0,27306000.0
2020-08-03 09:00:00+00:00,197.0,200.0,183.5,183.5,36381000.0
2020-08-04 09:00:00+00:00,183.5,187.5,176.5,185.5,14370000.0
2020-08-05 09:00:00+00:00,185.5,187.0,184.0,186.5,5887000.0
2020-08-06 09:00:00+00:00,188.0,195.0,188.0,192.0,15041000.0
2020-08-07 09:00:00+00:00,192.0,196.0,190.0,191.5,9070000.0
2020-08-10 09:00:00+00:00,191.5,195.0,190.0,193.5,12296000.0
2020-08-11 09:00:00+00:00,193.5,196.0,192.5,194.5,12860000.0
2020-08-12 09:00:00+00:00,194.5,195.0,192.0,193.0,6829000.0
2020-08-13 09:00:00+00:00,193.0,194.5,190.0,190.0,8053000.0
2020-08-14 09:00:00+00:00,189.5,190.5,186.0,188.0,6327000.0
2020-08-18 09:00:00+00:00,188.0,188.0,183.5,186.5,16448000.0
2020-08-19 09:00:00+00:00,186.0,194.5,186.0,193.5,18839000.0
2020-08-24 09:00:00+00:00,193.5,196.0,191.0,193.0,8082000.0
2020-08-25 09:00:00+00:00,193.5,210.0,192.5,199.5,79154000.0
2020-08-26 09:00:00+00:00,200.0,204.0,197.5,200.0,21417000.0
2020-08-27 09:00:00+00:00,202.0,204.0,197.5,198.0,8545000.0
2020-08-28 09:00:00+00:00,198.0,199.0,196.5,197.0,3638000.0
2020-08-31 09:00:00+00:00,198.0,199.0,189.0,190.0,13004000.0
2020-09-01 09:00:00+00:00,188.0,190.0,186.0,189.0,15642000.0
2020-09-02 09:00:00+00:00,189.0,192.0,189.0,190.0,7482000.0
2020-09-03 09:00:00+00:00,190.5,191.0,185.0,185.5,14305000.0
2020-09-04 09:00:00+00:00,184.0,184.0,177.5,181.0,13487000.0
2020-09-07 09:00:00+00:00,181.5,182.5,179.0,180.0,8943000.0
2020-09-08 09:00:00+00:00,179.5,182.0,177.5,179.0,6025000.0
2020-09-09 09:00:00+00:00,179.0,179.0,170.0,172.0,21596000.0
2020-09-10 09:00:00+00:00,170.0,170.0,160.0,160.0,17251000.0
2020-09-11 09:00:00+00:00,160.0,173.0,149.5,170.0,26755000.0
2020-09-14 09:00:00+00:00,170.0,179.0,170.0,173.0,15280000.0
2020-09-15 09:00:00+00:00,173.5,174.0,172.0,172.0,6594000.0
2020-09-16 09:00:00+00:00,173.0,173.5,170.0,170.5,1870000.0
2020-09-17 09:00:00+00:00,172.5,173.5,169.0,172.0,3190000.0
2020-09-18 09:00:00+00:00,172.0,172.0,170.0,170.0,1693000.0
2020-09-21 09:00:00+00:00,171.5,174.0,165.0,167.0,5737000.0
2020-09-22 09:00:00+00:00,165.0,167.5,160.0,162.0,7257000.0
2020-09-23 09:00:00+00:00,162.0,167.5,156.0,157.5,6074000.0
2020-09-24 09:00:00+00:00,157.0,157.0,149.0,152.0,10446000.0
2020-09-25 09:00:00+00:00,153.0,165.5,153.0,164.0,11804000.0
2020-09-28 09:00:00+00:00,165.0,167.5,159.0,160.5,3977000.0
2020-09-29 09:00:00+00:00,160.5,164.0,160.5,161.0,2807000.0
2020-09-30 09:00:00+00:00,161.0,165.5,160.0,161.0,3232000.0
2020-10-01 09:00:00+00:00,163.5,163.5,157.0,161.0,3314000.0
2020-10-02 09:00:00+00:00,159.0,163.0,158.0,159.0,2841000.0
2020-10-05 09:00:00+00:00,159.0,165.0,159.0,161.0,4018000.0
2020-10-06 09:00:00+00:00,161.5,167.5,161.5,163.5,3658000.0
2020-10-07 09:00:00+00:00,163.0,165.0,163.0,164.0,1394000.0
2020-10-08 09:00:00+00:00,164.5,170.0,164.5,167.5,4335000.0
2020-10-09 09:00:00+00:00,167.5,170.0,167.5,168.5,2035000.0
2020-10-12 09:00:00+00:00,174.5,174.5,170.0,171.0,2629000.0
2020-10-13 09:00:00+00:00,172.0,173.5,166.5,171.0,5843000.0
2020-10-14 09:00:00+00:00,171.0,173.5,169.0,173.0,3572000.0
2020-10-15 09:00:00+00:00,173.0,174.0,170.5,171.0,4220000.0
2020-10-16 09:00:00+00:00,171.5,172.5,168.0,170.5,3079000.0
2020-10-19 09:00:00+00:00,170.5,172.0,168.5,170.0,2179000.0
2020-10-20 09:00:00+00:00,170.0,172.0,168.5,169.0,5224000.0
2020-10-21 09:00:00+00:00,169.0,171.5,167.0,170.0,3992000.0
2020-10-22 09:00:00+00:00,170.0,170.0,168.0,168.5,1055000.0
2020-10-23 09:00:00+00:00,168.5,170.0,167.5,169.5,1360000.0
2020-10-26 09:00:00+00:00,170.0,171.5,169.5,171.0,3913000.0
2020-10-27 09:00:00+00:00,171.0,171.5,170.0,170.0,2835000.0
2020-11-02 09:00:00+00:00,170.0,170.0,168.0,169.0,2329000.0
2020-11-03 09:00:00+00:00,170.0,171.0,169.0,170.0,2626000.0
2020-11-04 09:00:00+00:00,170.0,171.0,166.5,167.0,9053000.0
2020-11-05 09:00:00+00:00,170.0,170.0,166.5,169.0,4423000.0
2020-11-06 09:00:00+00:00,170.0,170.0,168.0,170.0,2961000.0
2020-11-09 09:00:00+00:00,170.5,172.5,170.0,171.0,7666000.0
2020-11-10 09:00:00+00:00,173.0,175.0,172.0,173.0,10127000.0
2020-11-11 09:00:00+00:00,175.0,178.0,173.5,177.5,13581000.0
2020-11-12 09:00:00+00:00,177.5,181.5,177.5,179.5,16136000.0
2020-11-13 09:00:00+00:00,179.0,180.5,175.5,175.5,6438000.0
2020-11-16 09:00:00+00:00,175.5,178.0,173.0,176.5,8184000.0
2020-11-17 09:00:00+00:00,180.0,180.0,177.5,177.5,7678000.0
2020-11-18 09:00:00+00:00,178.0,180.0,178.0,178.5,3313000.0
2020-11-19 09:00:00+00:00,178.5,186.0,178.0,183.5,24111000.0
2020-11-20 09:00:00+00:00,183.5,185.5,180.0,184.5,11507000.0
2020-11-23 09:00:00+00:00,185.0,194.0,185.0,190.5,30177000.0
2020-11-24 09:00:00+00:00,190.5,194.0,190.5,191.0,14276000.0
2020-11-25 09:00:00+00:00,194.5,199.0,191.5,192.5,17356000.0
2020-11-26 09:00:00+00:00,193.5,195.0,192.5,193.5,8610000.0
2020-11-27 09:00:00+00:00,194.0,196.5,193.5,195.0,11434000.0
2020-11-30 09:00:00+00:00,195.0,219.0,181.5,200.0,91560000.0
2020-12-01 09:00:00+00:00,200.0,220.0,200.0,212.0,69240000.0
2020-12-02 09:00:00+00:00,212.0,218.0,205.0,209.0,25108000.0
2020-12-03 09:00:00+00:00,211.0,213.0,205.0,207.0,16692000.0
2020-12-04 09:00:00+00:00,207.0,211.0,202.0,205.0,16338000.0
2020-12-07 09:00:00+00:00,205.0,210.0,204.0,205.0,18166000.0
2020-12-08 09:00:00+00:00,206.0,215.0,206.0,210.0,30126000.0
2020-12-10 09:00:00+00:00,210.0,215.0,208.0,209.0,14064000.0
2020-12-11 09:00:00+00:00,210.0,217.0,210.0,212.0,16055000.0
2020-12-14 09:00:00+00:00,213.0,216.0,210.0,213.0,13877000.0
2020-12-15 09:00:00+00:00,214.0,215.0,210.0,210.0,12970000.0
2020-12-16 09:00:00+00:00,215.0,215.0,210.0,213.0,16604000.0
2020-12-17 09:00:00+00:00,213.0,215.0,208.0,210.0,19454000.0
2020-12-18 09:00:00+00:00,210.0,212.0,207.0,210.0,12379000.0
2020-12-21 09:00:00+00:00,211.0,215.0,207.0,210.0,20393000.0
2020-12-22 09:00:00+00:00,211.0,211.0,197.0,198.5,23544000.0
2020-12-23 09:00:00+00:00,198.5,202.0,187.5,192.5,27075000.0
2020-12-28 09:00:00+00:00,194.5,202.0,192.0,197.5,12244000.0
2020-12-29 09:00:00+00:00,197.5,201.0,196.0,197.5,9531000.0
2020-12-30 09:00:00+00:00,195.0,197.0,192.0,193.0,9291000.0
2021-01-04 09:00:00+00:00,193.0,198.5,190.5,198.0,9784000.0
2021-01-05 09:00:00+00:00,198.0,202.0,198.0,198.0,9771000.0
2021-01-06 09:00:00+00:00,198.0,198.0,193.0,194.5,7029000.0
2021-01-07 09:00:00+00:00,194.5,197.5,193.0,195.0,8270000.0
2021-01-08 09:00:00+00:00,196.5,202.0,196.5,198.5,15840000.0
2021-01-11 09:00:00+00:00,201.0,208.0,201.0,208.0,26951000.0
2021-01-12 09:00:00+00:00,208.0,213.0,201.0,202.0,23298000.0
2021-01-13 09:00:00+00:00,205.0,211.0,204.0,207.0,17453000.0
2021-01-14 09:00:00+00:00,208.0,211.0,204.0,205.0,10842000.0
2021-01-15 09:00:00+00:00,207.0,210.0,199.0,201.0,12143000.0
2021-01-18 09:00:00+00:00,201.0,201.0,197.5,197.5,7650000.0
2021-01-19 09:00:00+00:00,198.0,198.0,187.5,191.5,12638000.0
2021-01-20 09:00:00+00:00,191.0,195.0,188.5,192.5,6559000.0
2021-01-21 09:00:00+00:00,192.5,197.0,192.5,195.0,4679000.0
2021-01-22 09:00:00+00:00,195.0,200.0,191.0,192.5,5277000.0
2021-01-25 09:00:00+00:00,192.5,192.5,179.5,182.5,17908000.0
2021-01-26 09:00:00+00:00,182.5,187.0,182.5,183.0,12038000.0
2021-01-27 09:00:00+00:00,183.0,186.0,171.0,177.5,14980000.0
2021-01-28 09:00:00+00:00,175.0,179.5,170.0,170.0,12258000.0
2021-01-29 09:00:00+00:00,171.0,179.0,167.0,172.5,8433000.0
2021-02-01 09:00:00+00:00,171.0,180.0,169.0,178.5,8476000.0
2021-02-02 09:00:00+00:00,180.0,182.5,178.5,179.5,6839000.0
2021-02-03 09:00:00+00:00,185.0,187.0,181.5,185.0,5030000.0
2021-02-04 09:00:00+00:00,185.0,188.0,183.0,183.5,6224000.0
2021-02-05 09:00:00+00:00,183.5,186.0,183.5,184.5,3012000.0
2021-02-08 09:00:00+00:00,187.0,187.5,184.5,186.5,3452000.0
2021-02-09 09:00:00+00:00,186.5,189.5,181.0,181.0,4516000.0
2021-02-10 09:00:00+00:00,181.0,182.0,180.0,182.0,3106000.0
2021-02-11 09:00:00+00:00,182.0,185.5,181.0,184.0,1678000.0
2021-02-15 09:00:00+00:00,184.5,187.5,184.0,184.5,3725000.0
2021-02-16 09:00:00+00:00,186.0,186.0,182.0,184.5,3214000.0
2021-02-17 09:00:00+00:00,184.5,185.5,181.0,182.0,5962000.0
2021-02-18 09:00:00+00:00,182.0,184.0,180.0,180.0,2631000.0
2021-02-19 09:00:00+00:00,180.5,181.5,179.5,179.5,2865000.0
2021-02-22 09:00:00+00:00,180.0,187.0,179.5,184.5,8431000.0
2021-02-23 09:00:00+00:00,184.5,186.0,180.0,180.5,6694000.0
2021-02-24 09:00:00+00:00,183.0,184.5,181.0,183.5,3844000.0
2021-02-25 09:00:00+00:00,184.5,185.5,183.5,184.5,3000000.0
2021-02-26 09:00:00+00:00,184.0,184.5,182.0,184.0,2377000.0
2021-03-01 09:00:00+00:00,184.0,188.5,184.0,184.0,5962000.0
2021-03-02 09:00:00+00:00,186.0,186.5,181.0,181.0,13053000.0
2021-03-03 09:00:00+00:00,182.0,183.5,181.0,182.5,3319000.0
2021-03-04 09:00:00+00:00,183.0,184.5,180.0,183.0,4555000.0
2021-03-05 09:00:00+00:00,183.0,184.0,180.5,180.5,3252000.0
2021-03-08 09:00:00+00:00,180.5,184.5,180.0,182.0,3772000.0
2021-03-09 09:00:00+00:00,182.0,182.0,179.5,180.0,2856000.0
2021-03-10 09:00:00+00:00,180.0,181.0,178.0,179.5,3746000.0
2021-03-12 09:00:00+00:00,180.0,186.0,179.5,182.0,6608000.0
2021-03-15 09:00:00+00:00,185.0,187.0,183.5,184.0,3674000.0
2021-03-16 09:00:00+00:00,184.0,186.0,182.0,183.0,2777000.0
2021-03-17 09:00:00+00:00,184.0,185.0,183.5,185.0,2931000.0
2021-03-18 09:00:00+00:00,185.0,186.0,184.5,186.0,3669000.0
2021-03-19 09:00:00+00:00,186.0,187.0,185.0,186.0,4117000.0
2021-03-22 09:00:00+00:00,186.0,192.5,186.0,192.0,17092000.0
2021-03-23 09:00:00+00:00,193.5,195.0,190.0,190.0,8463000.0
2021-03-24 09:00:00+00:00,190.0,190.0,180.0,180.5,12241000.0
2021-03-25 09:00:00+00:00,180.5,184.0,180.5,182.0,5800000.0
2021-03-26 09:00:00+00:00,182.0,186.0,182.0,186.0,3100000.0
2021-03-29 09:00:00+00:00,186.0,189.0,184.5,185.0,3843000.0
2021-03-30 09:00:00+00:00,185.0,185.5,180.0,180.5,3803000.0
2021-03-31 09:00:00+00:00,180.5,207.0,180.5,194.0,66139000.0
2021-04-01 09:00:00+00:00,194.0,198.0,190.5,193.0,20965000.0
2021-04-05 09:00:00+00:00,193.0,197.5,193.0,195.5,10669000.0
2021-04-06 09:00:00+00:00,198.0,199.5,195.5,196.0,8304000.0
2021-04-07 09:00:00+00:00,196.5,198.5,196.0,198.0,8349000.0
2021-04-08 09:00:00+00:00,198.0,202.0,198.0,199.0,8658000.0
2021-04-09 09:00:00+00:00,200.0,214.0,200.0,207.0,44970000.0
2021-04-12 09:00:00+00:00,208.0,210.0,193.0,202.0,25863000.0
2021-04-13 09:00:00+00:00,202.0,202.0,196.5,201.0,13730000.0
2021-04-14 09:00:00+00:00,201.0,203.0,199.5,202.0,7749000.0
2021-04-15 09:00:00+00:00,204.0,208.0,200.0,203.0,6958000.0
2021-04-16 09:00:00+00:00,204.0,204.0,200.0,201.0,4477000.0
2021-04-19 09:00:00+00:00,202.0,205.0,201.0,203.0,6394000.0
2021-04-20 09:00:00+00:00,204.0,205.0,202.0,203.0,6155000.0
2021-04-21 09:00:00+00:00,203.0,204.0,201.0,203.0,5725000.0
2021-04-22 09:00:00+00:00,204.0,205.0,201.0,203.0,4234000.0
2021-04-23 09:00:00+00:00,204.0,204.0,202.0,203.0,3302000.0
2021-04-26 09:00:00+00:00,205.0,209.0,203.0,206.0,9274000.0
2021-04-27 09:00:00+00:00,206.0,216.0,206.0,216.0,34478000.0
2021-04-28 09:00:00+00:00,218.0,218.0,211.0,218.0,21347000.0
2021-04-29 09:00:00+00:00,218.0,229.0,216.0,229.0,28840000.0
2021-04-30 09:00:00+00:00,229.0,231.0,213.0,227.0,47001000.0
2021-05-03 09:00:00+00:00,227.0,228.0,217.0,218.0,18621000.0
2021-05-04 09:00:00+00:00,218.0,224.0,213.0,215.0,17757000.0
2021-05-05 09:00:00+00:00,216.0,221.0,214.0,220.0,13359000.0
2021-05-06 09:00:00+00:00,219.0,224.0,219.0,224.0,19367000.0
2021-05-07 09:00:00+00:00,224.0,228.0,224.0,227.0,22422000.0
2021-05-10 09:00:00+00:00,227.0,230.0,224.0,227.0,32502000.0
2021-05-11 09:00:00+00:00,225.0,225.0,212.0,214.0,19979000.0
2021-05-17 09:00:00+00:00,214.0,215.0,201.0,204.0,18182000.0
2021-05-18 09:00:00+00:00,203.0,207.0,200.0,207.0,9114000.0
2021-05-19 09:00:00+00:00,207.0,208.0,201.0,202.0,5117000.0
2021-05-20 09:00:00+00:00,200.0,203.0,197.5,197.5,14327000.0
2021-05-21 09:00:00+00:00,197.5,201.0,195.0,199.0,10491000.0
2021-05-24 09:00:00+00:00,200.0,201.0,195.0,196.0,9190000.0
2021-05-25 09:00:00+00:00,195.0,199.5,195.0,198.0,5434000.0
2021-05-27 09:00:00+00:00,198.5,204.0,198.0,201.0,9343000.0
2021-05-28 09:00:00+00:00,202.0,203.0,196.5,199.0,5503000.0
2021-05-31 09:00:00+00:00,202.0,202.0,197.5,199.0,5401000.0
2021-06-02 09:00:00+00:00,200.0,210.0,199.0,209.0,11684000.0
2021-06-03 09:00:00+00:00,209.0,211.0,201.0,203.0,7761000.0
2021-06-04 09:00:00+00:00,204.0,206.0,199.5,200.0,7235000.0
2021-06-07 09:00:00+00:00,200.0,204.0,198.0,198.5,7540000.0
2021-06-08 09:00:00+00:00,198.5,201.0,197.5,197.5,7076000.0
2021-06-09 09:00:00+00:00,198.0,199.5,196.5,198.0,5368000.0
2021-06-10 09:00:00+00:00,198.0,199.0,196.5,197.5,6670000.0
2021-06-11 09:00:00+00:00,198.5,205.0,197.5,200.0,10882000.0
2021-06-14 09:00:00+00:00,200.0,202.0,197.5,199.5,4141000.0
2021-06-15 09:00:00+00:00,199.5,199.5,196.5,197.5,6026000.0
2021-06-16 09:00:00+00:00,197.5,198.5,195.5,198.5,6581000.0
2021-06-17 09:00:00+00:00,199.0,199.5,195.5,195.5,4367000.0
2021-06-18 09:00:00+00:00,195.5,197.0,190.0,191.0,9032000.0
2021-06-21 09:00:00+00:00,191.0,191.0,181.5,188.0,7869000.0
2021-06-22 09:00:00+00:00,188.0,193.0,188.0,188.5,7009000.0
2021-06-23 09:00:00+00:00,189.0,193.0,189.0,191.5,3464000.0
2021-06-24 09:00:00+00:00,192.0,192.0,188.5,189.5,2567000.0
2021-06-25 09:00:00+00:00,189.5,189.5,187.0,188.5,2790000.0
2021-06-28 09:00:00+00:00,188.5,196.5,186.0,192.0,6046000.0
2021-06-29 09:00:00+00:00,192.0,193.5,189.0,189.5,2692000.0
2021-06-30 09:00:00+00:00,191.0,193.0,189.5,191.0,3779000.0
2021-07-01 09:00:00+00:00,191.0,194.0,191.0,191.0,3654000.0
2021-07-02 09:00:00+00:00,191.5,193.0,190.5,191.0,3522000.0
2021-07-05 09:00:00+00:00,191.5,192.0,189.0,190.5,4275000.0
2021-07-06 09:00:00+00:00,191.0,193.0,190.0,193.0,6602000.0
2021-07-07 09:00:00+00:00,193.0,195.5,192.5,195.5,4548000.0
2021-07-08 09:00:00+00:00,195.5,196.5,195.0,195.0,4878000.0
2021-07-09 09:00:00+00:00,195.0,195.0,192.5,193.0,2940000.0
2021-07-12 09:00:00+00:00,193.0,193.0,191.0,191.5,3625000.0
2021-07-13 09:00:00+00:00,191.0,191.5,189.5,190.0,2548000.0
2021-07-14 09:00:00+00:00,190.0,190.0,186.0,186.5,5698000.0
2021-07-15 09:00:00+00:00,186.5,189.0,185.5,186.0,3164000.0
2021-07-16 09:00:00+00:00,186.0,188.0,185.5,187.0,2238000.0
2021-07-19 09:00:00+00:00,187.0,191.0,187.0,188.5,5166000.0
2021-07-21 09:00:00+00:00,188.5,190.0,188.0,188.5,3380000.0
2021-07-22 09:00:00+00:00,189.0,195.0,188.0,190.5,7257000.0
2021-07-23 09:00:00+00:00,191.0,192.5,189.0,189.0,7086000.0
2021-07-26 09:00:00+00:00,189.0,192.0,189.0,190.0,3737000.0
2021-07-27 09:00:00+00:00,191.0,191.5,189.5,189.5,2364000.0
2021-07-28 09:00:00+00:00,189.5,190.0,188.0,188.5,3704000.0
2021-07-29 09:00:00+00:00,188.5,192.0,188.0,189.5,1414000.0
2021-07-30 09:00:00+00:00,190.0,198.0,190.0,194.0,15642000.0
2021-08-02 09:00:00+00:00,194.0,197.0,193.5,196.5,11614000.0
2021-08-03 09:00:00+00:00,197.0,198.5,195.5,197.0,4994000.0
2021-08-04 09:00:00+00:00,197.0,198.0,196.0,196.0,3907000.0
2021-08-05 09:00:00+00:00,195.5,203.0,195.5,197.5,14510000.0
2021-08-06 09:00:00+00:00,197.5,200.0,197.0,197.0,9599000.0
2021-08-09 09:00:00+00:00,197.5,198.0,191.0,192.5,11228000.0
2021-08-10 09:00:00+00:00,192.5,195.0,188.5,193.0,6015000.0
2021-08-12 09:00:00+00:00,193.0,197.5,193.0,197.5,5696000.0
2021-08-13 09:00:00+00:00,198.0,200.0,197.0,197.5,3107000.0
2021-08-16 09:00:00+00:00,198.0,201.0,198.0,200.0,8755000.0
2021-08-18 09:00:00+00:00,200.0,204.0,198.5,203.0,11415000.0
2021-08-19 09:00:00+00:00,203.0,207.0,197.5,198.0,13190000.0
2021-08-20 09:00:00+00:00,198.0,201.0,194.5,200.0,7868000.0
2021-08-23 09:00:00+00:00,200.0,206.0,200.0,202.0,10792000.0
2021-08-24 09:00:00+00:00,202.0,205.0,201.0,203.0,6225000.0
2021-08-25 09:00:00+00:00,201.0,207.0,200.0,205.0,6196000.0
2021-08-26 09:00:00+00:00,207.0,207.0,203.0,205.0,7466000.0
2021-08-27 09:00:00+00:00,205.0,227.0,205.0,225.0,62958000.0
2021-08-30 09:00:00+00:00,226.0,235.0,223.0,234.0,38477000.0
2021-08-31 09:00:00+00:00,234.0,236.0,227.0,228.0,15384000.0
2021-09-01 09:00:00+00:00,229.0,229.0,220.0,220.0,12886000.0
2021-09-02 09:00:00+00:00,220.0,227.0,217.0,227.0,10513000.0
2021-09-03 09:00:00+00:00,230.0,240.0,226.0,238.0,32069000.0
2021-09-06 09:00:00+00:00,239.0,245.0,233.0,238.0,19089000.0
2021-09-07 09:00:00+00:00,238.0,242.0,237.0,238.0,6174000.0
2021-09-08 09:00:00+00:00,238.0,238.0,233.0,233.0,7599000.0
2021-09-09 09:00:00+00:00,233.0,237.0,222.0,237.0,8211000.0
2021-09-10 09:00:00+00:00,237.0,237.0,234.0,235.0,3404000.0
2021-09-13 09:00:00+00:00,235.0,235.0,229.0,232.0,3383000.0
2021-09-14 09:00:00+00:00,232.0,261.0,232.0,261.0,35842000.0
2021-09-15 09:00:00+00:00,260.0,263.0,253.0,255.0,8965000.0
2021-09-16 09:00:00+00:00,255.0,259.0,251.0,252.0,3153000.0
2021-09-17 09:00:00+00:00,251.0,252.0,240.0,240.0,7041000.0
2021-09-20 09:00:00+00:00,244.0,253.0,233.0,233.0,15378000.0
2021-09-21 09:00:00+00:00,234.0,243.0,220.0,242.0,14267000.0
2021-09-22 09:00:00+00:00,241.0,248.0,236.0,244.0,6462000.0
2021-09-23 09:00:00+00:00,245.0,247.0,239.0,241.0,5266000.0
2021-09-24 09:00:00+00:00,241.0,249.0,238.0,238.0,13630000.0
2021-09-27 09:00:00+00:00,240.0,240.0,232.0,232.0,10281000.0
2021-09-28 09:00:00+00:00,232.0,243.0,220.0,234.0,37346000.0
2021-09-29 09:00:00+00:00,236.0,238.0,230.0,230.0,18959000.0
2021-09-30 09:00:00+00:00,230.0,238.0,221.0,237.0,24322000.0
2021-10-01 09:00:00+00:00,237.0,245.0,237.0,241.0,20138000.0
2021-10-04 09:00:00+00:00,241.0,255.0,240.0,250.0,18225000.0
2021-10-05 09:00:00+00:00,252.0,255.0,242.0,242.0,18118000.0
2021-10-06 09:00:00+00:00,245.0,249.0,240.0,247.0,17132000.0
2021-10-07 09:00:00+00:00,245.0,247.0,235.0,236.0,14793000.0
2021-10-08 09:00:00+00:00,237.0,254.0,237.0,250.0,21133000.0
2021-10-11 09:00:00+00:00,250.0,254.0,250.0,252.0,16500000.0
2021-10-12 09:00:00+00:00,253.0,288.0,253.0,281.0,52963000.0
2021-10-13 09:00:00+00:00,281.0,287.0,277.0,278.0,27392000.0
2021-10-14 09:00:00+00:00,280.0,281.0,268.0,273.0,20478000.0
2021-10-15 09:00:00+00:00,274.0,274.0,265.0,266.0,13205000.0
2021-10-18 09:00:00+00:00,266.0,268.0,263.0,263.0,21648000.0
2021-10-19 09:00:00+00:00,263.0,263.0,257.0,259.0,10538000.0
2021-10-21 09:00:00+00:00,260.0,260.0,251.0,255.0,10803000.0
2021-10-22 09:00:00+00:00,255.0,255.0,248.0,252.0,5322000.0
2021-10-25 09:00:00+00:00,254.0,265.0,252.0,262.0,16730000.0
2021-10-26 09:00:00+00:00,262.0,265.0,259.0,262.0,6778000.0
2021-10-27 09:00:00+00:00,263.0,264.0,256.0,258.0,6742000.0
2021-10-28 09:00:00+00:00,258.0,258.0,245.0,248.0,15317000.0
2021-10-29 09:00:00+00:00,248.0,254.0,248.0,254.0,6267000.0
2021-11-01 09:00:00+00:00,252.0,254.0,244.0,250.0,9126000.0
2021-11-02 09:00:00+00:00,253.0,253.0,246.0,246.0,5938000.0
2021-11-03 09:00:00+00:00,246.0,255.0,246.0,255.0,5934000.0
2021-11-04 09:00:00+00:00,257.0,260.0,255.0,260.0,6847000.0
2021-11-05 09:00:00+00:00,263.0,263.0,259.0,260.0,5208000.0
2021-11-08 09:00:00+00:00,261.0,280.0,260.0,277.0,27144000.0
2021-11-09 09:00:00+00:00,278.0,293.0,278.0,280.0,38225000.0
2021-11-10 09:00:00+00:00,280.0,288.0,277.0,280.0,11407000.0
2021-11-11 09:00:00+00:00,281.0,281.0,270.0,276.0,5625000.0
2021-11-12 09:00:00+00:00,276.0,278.0,265.0,271.0,7127000.0
2021-11-15 09:00:00+00:00,271.0,271.0,253.0,256.0,15013000.0
2021-11-16 09:00:00+00:00,257.0,261.0,256.0,258.0,3653000.0
2021-11-17 09:00:00+00:00,258.0,258.0,253.0,257.0,6250000.0
2021-11-18 09:00:00+00:00,257.0,258.0,250.0,251.0,7745000.0
2021-11-19 09:00:00+00:00,251.0,255.0,250.0,254.0,3429000.0
2021-11-22 09:00:00+00:00,254.0,255.0,246.0,248.0,11101000.0
2021-11-23 09:00:00+00:00,248.0,254.0,248.0,252.0,9586000.0
2021-11-24 09:00:00+00:00,253.0,254.0,249.0,249.0,7054000.0
2021-11-25 09:00:00+00:00,250.0,252.0,247.0,247.0,5820000.0
2021-11-26 09:00:00+00:00,248.0,248.0,232.0,234.0,15961000.0
2021-11-29 09:00:00+00:00,233.0,233.0,225.0,231.0,15783000.0
2021-11-30 09:00:00+00:00,229.0,238.0,229.0,235.0,5403000.0
2021-12-01 09:00:00+00:00,234.0,242.0,229.0,229.0,5663000.0
2021-12-02 09:00:00+00:00,229.0,235.0,222.0,232.0,7044000.0
2021-12-03 09:00:00+00:00,238.0,242.0,234.0,234.0,13040000.0
2021-12-06 09:00:00+00:00,240.0,244.0,235.0,237.0,4816000.0
2021-12-07 09:00:00+00:00,237.0,239.0,234.0,235.0,4464000.0
2021-12-08 09:00:00+00:00,236.0,240.0,235.0,240.0,3944000.0
2021-12-09 09:00:00+00:00,244.0,245.0,236.0,238.0,4348000.0
2021-12-10 09:00:00+00:00,239.0,239.0,231.0,234.0,4701000.0
2021-12-13 09:00:00+00:00,234.0,239.0,232.0,237.0,3267000.0
2021-12-14 09:00:00+00:00,238.0,240.0,231.0,235.0,4512000.0
2021-12-15 09:00:00+00:00,236.0,239.0,230.0,236.0,8144000.0
2021-12-16 09:00:00+00:00,236.0,238.0,230.0,233.0,3455000.0
2021-12-17 09:00:00+00:00,236.0,237.0,229.0,230.0,3566000.0
2021-12-20 09:00:00+00:00,234.0,234.0,220.0,220.0,9272000.0
2021-12-21 09:00:00+00:00,220.0,223.0,217.0,223.0,4794000.0
2021-12-22 09:00:00+00:00,223.0,225.0,222.0,222.0,3218000.0
2021-12-23 09:00:00+00:00,222.0,222.0,219.0,220.0,1942000.0
2021-12-24 09:00:00+00:00,220.0,220.0,218.0,220.0,2055000.0
2021-12-27 09:00:00+00:00,220.0,220.0,218.0,218.0,3121000.0
2021-12-28 09:00:00+00:00,221.0,225.0,221.0,223.0,2223000.0
2021-12-29 09:00:00+00:00,224.0,225.0,221.0,223.0,1157000.0
2021-12-30 09:00:00+00:00,223.0,223.0,215.0,217.0,5471000.0
2022-01-03 09:00:00+00:00,220.0,220.0,210.0,213.0,9107000.0
2022-01-04 09:00:00+00:00,213.0,221.0,210.0,220.0,4580000.0
2022-01-05 09:00:00+00:00,220.0,226.0,220.0,222.0,4211000.0
2022-01-06 09:00:00+00:00,222.0,224.0,212.0,217.0,4112000.0
2022-01-07 09:00:00+00:00,217.0,229.0,216.0,225.0,10145000.0
2022-01-10 09:00:00+00:00,225.0,226.0,220.0,221.0,3106000.0
2022-01-11 09:00:00+00:00,223.0,225.0,220.0,221.0,1870000.0
2022-01-12 09:00:00+00:00,222.0,229.0,218.0,224.0,8718000.0
2022-01-13 09:00:00+00:00,225.0,225.0,219.0,222.0,2012000.0
2022-01-14 09:00:00+00:00,222.0,227.0,220.0,222.0,1570000.0
2022-01-17 09:00:00+00:00,221.0,224.0,215.0,218.0,4662000.0
2022-01-18 09:00:00+00:00,218.0,219.0,212.0,218.0,2381000.0
2022-01-19 09:00:00+00:00,218.0,219.0,215.0,216.0,793000.0
2022-01-20 09:00:00+00:00,216.0,219.0,211.0,215.0,1187000.0
2022-01-21 09:00:00+00:00,215.0,218.0,210.0,216.0,5925000.0
2022-01-24 09:00:00+00:00,216.0,230.0,215.0,230.0,12694000.0
2022-01-25 09:00:00+00:00,230.0,232.0,221.0,222.0,9900000.0
2022-01-26 09:00:00+00:00,222.0,229.0,220.0,229.0,7049000.0
2022-01-27 09:00:00+00:00,229.0,232.0,229.0,230.0,17865000.0
2022-01-28 09:00:00+00:00,231.0,232.0,229.0,230.0,8212000.0
2022-01-31 09:00:00+00:00,230.0,233.0,229.0,229.0,7314000.0
2022-02-02 09:00:00+00:00,229.0,231.0,226.0,226.0,3485000.0
2022-02-03 09:00:00+00:00,226.0,228.0,222.0,222.0,5957000.0
2022-02-04 09:00:00+00:00,223.0,226.0,223.0,225.0,2601000.0
2022-02-07 09:00:00+00:00,227.0,230.0,226.0,227.0,4945000.0
2022-02-08 09:00:00+00:00,228.0,232.0,227.0,229.0,10883000.0
2022-02-09 09:00:00+00:00,229.0,231.0,228.0,228.0,10089000.0
2022-02-10 09:00:00+00:00,228.0,232.0,228.0,232.0,6739000.0
2022-02-11 09:00:00+00:00,232.0,244.0,232.0,240.0,20692000.0
2022-02-14 09:00:00+00:00,245.0,254.0,240.0,252.0,39877000.0
2022-02-15 09:00:00+00:00,252.0,265.0,252.0,265.0,28888000.0
2022-02-16 09:00:00+00:00,265.0,279.0,265.0,274.0,39849000.0
2022-02-17 09:00:00+00:00,274.0,279.0,255.0,260.0,30411000.0
2022-02-18 09:00:00+00:00,261.0,265.0,248.0,254.0,14935000.0
2022-02-21 09:00:00+00:00,257.0,264.0,254.0,258.0,15854000.0
2022-02-22 09:00:00+00:00,258.0,262.0,250.0,255.0,7837000.0
2022-02-23 09:00:00+00:00,257.0,261.0,254.0,254.0,11555000.0
2022-02-24 09:00:00+00:00,255.0,290.0,255.0,281.0,80242000.0
2022-02-25 09:00:00+00:00,279.0,289.0,271.0,282.0,31505000.0
2022-03-01 09:00:00+00:00,282.0,295.0,272.0,276.0,60556000.0
2022-03-02 09:00:00+00:00,276.0,284.0,274.0,275.0,52450000.0
2022-03-04 09:00:00+00:00,277.0,280.0,276.0,280.0,20041000.0
2022-03-07 09:00:00+00:00,281.0,288.0,280.0,282.0,26177000.0
2022-03-08 09:00:00+00:00,285.0,288.0,278.0,279.0,24803000.0
2022-03-09 09:00:00+00:00,280.0,280.0,274.0,275.0,25177000.0
2022-03-10 09:00:00+00:00,275.0,276.0,268.0,274.0,26253000.0
2022-03-11 09:00:00+00:00,274.0,275.0,270.0,271.0,3524000.0
2022-03-14 09:00:00+00:00,271.0,272.0,258.0,266.0,12249000.0
2022-03-15 09:00:00+00:00,266.0,266.0,259.0,262.0,6327000.0
2022-03-16 09:00:00+00:00,262.0,268.0,261.0,268.0,5579000.0
2022-03-17 09:00:00+00:00,269.0,273.0,269.0,273.0,6454000.0
2022-03-18 09:00:00+00:00,273.0,277.0,273.0,275.0,6307000.0
2022-03-21 09:00:00+00:00,275.0,278.0,270.0,275.0,4055000.0
2022-03-22 09:00:00+00:00,276.0,276.0,272.0,274.0,2425000.0
2022-03-23 09:00:00+00:00,273.0,275.0,270.0,272.0,3543000.0
2022-03-24 09:00:00+00:00,272.0,274.0,271.0,272.0,3453000.0
2022-03-25 09:00:00+00:00,272.0,274.0,271.0,272.0,3425000.0
2022-03-28 09:00:00+00:00,273.0,274.0,270.0,271.0,2279000.0
2022-03-29 09:00:00+00:00,272.0,272.0,268.0,270.0,9733000.0
2022-03-30 09:00:00+00:00,272.0,276.0,271.0,273.0,10511000.0
2022-03-31 09:00:00+00:00,274.0,275.0,271.0,272.0,8022000.0
2022-04-01 09:00:00+00:00,272.0,272.0,267.0,270.0,9681000.0
2022-04-04 09:00:00+00:00,270.0,274.0,270.0,272.0,4651000.0
2022-04-05 09:00:00+00:00,272.0,282.0,272.0,281.0,20919000.0
2022-04-06 09:00:00+00:00,281.0,285.0,275.0,276.0,11633000.0
2022-04-07 09:00:00+00:00,276.0,281.0,274.0,280.0,7966000.0
2022-04-08 09:00:00+00:00,281.0,298.0,281.0,293.0,28426000.0
2022-04-11 09:00:00+00:00,293.0,302.0,282.0,288.0,35345000.0
2022-04-12 09:00:00+00:00,288.0,295.0,287.0,293.0,13884000.0
2022-04-13 09:00:00+00:00,293.0,305.0,293.0,305.0,42543000.0
2022-04-14 09:00:00+00:00,305.0,312.0,305.0,305.0,39624000.0
2022-04-18 09:00:00+00:00,305.0,305.0,293.0,295.0,30382000.0
2022-04-19 09:00:00+00:00,295.0,298.0,294.0,296.0,14324000.0
2022-04-20 09:00:00+00:00,297.0,300.0,291.0,295.0,10858000.0
2022-04-21 09:00:00+00:00,295.0,305.0,295.0,297.0,15466000.0
2022-04-22 09:00:00+00:00,296.0,297.0,286.0,293.0,19222000.0
2022-04-25 09:00:00+00:00,292.0,292.0,280.0,285.0,17596000.0
2022-04-26 09:00:00+00:00,285.0,285.0,281.0,282.0,7970000.0
2022-04-27 09:00:00+00:00,282.0,288.0,278.0,288.0,8093000.0
2022-04-28 09:00:00+00:00,288.0,292.0,288.0,292.0,9274000.0
2022-05-09 09:00:00+00:00,292.0,297.0,280.0,283.0,14086000.0
2022-05-10 09:00:00+00:00,281.0,283.0,274.0,275.0,21065000.0
2022-05-11 09:00:00+00:00,275.0,284.0,275.0,280.0,9643000.0
2022-05-12 09:00:00+00:00,281.0,283.0,270.0,270.0,35799000.0
2022-05-13 09:00:00+00:00,270.0,278.0,270.0,276.0,5502000.0
2022-05-17 09:00:00+00:00,273.0,279.0,273.0,277.0,5492000.0
2022-05-18 09:00:00+00:00,278.0,280.0,277.0,277.0,3602000.0
2022-05-19 09:00:00+00:00,276.0,287.0,274.0,282.0,16325000.0
2022-05-20 09:00:00+00:00,282.0,287.0,280.0,284.0,7513000.0
2022-05-23 09:00:00+00:00,284.0,289.0,280.0,280.0,6355000.0
2022-05-24 09:00:00+00:00,280.0,283.0,279.0,281.0,5523000.0
2022-05-25 09:00:00+00:00,282.0,283.0,281.0,281.0,4428000.0
2022-05-27 09:00:00+00:00,283.0,286.0,281.0,282.0,6895000.0
2022-05-30 09:00:00+00:00,282.0,285.0,281.0,285.0,9501000.0
2022-05-31 09:00:00+00:00,285.0,288.0,283.0,286.0,8503000.0
2022-06-02 09:00:00+00:00,288.0,296.0,286.0,287.0,28409000.0
2022-06-03 09:00:00+00:00,286.0,292.0,285.0,286.0,12460000.0
2022-06-06 09:00:00+00:00,286.0,291.0,285.0,290.0,8590000.0
2022-06-07 09:00:00+00:00,290.0,295.0,287.0,293.0,12110000.0
2022-06-08 09:00:00+00:00,293.0,295.0,290.0,291.0,5633000.0
2022-06-09 09:00:00+00:00,291.0,294.0,291.0,292.0,4666000.0
2022-06-10 09:00:00+00:00,292.0,292.0,286.0,286.0,8905000.0
2022-06-13 09:00:00+00:00,286.0,286.0,272.0,277.0,19491000.0
2022-06-14 09:00:00+00:00,277.0,282.0,271.0,280.0,5077000.0
2022-06-15 09:00:00+00:00,280.0,281.0,276.0,278.0,8795000.0
2022-06-16 09:00:00+00:00,278.0,282.0,278.0,281.0,2428000.0
2022-06-17 09:00:00+00:00,280.0,281.0,277.0,280.0,3604000.0
2022-06-20 09:00:00+00:00,280.0,282.0,279.0,281.0,2293000.0
2022-06-21 09:00:00+00:00,280.0,285.0,280.0,284.0,4783000.0
2022-06-22 09:00:00+00:00,286.0,289.0,283.0,285.0,2998000.0
2022-06-23 09:00:00+00:00,285.0,287.0,284.0,285.0,3768000.0
2022-06-24 09:00:00+00:00,285.0,289.0,284.0,286.0,2902000.0
2022-06-27 09:00:00+00:00,287.0,293.0,286.0,287.0,7413000.0
2022-06-28 09:00:00+00:00,288.0,290.0,286.0,287.0,4238000.0
2022-06-29 09:00:00+00:00,287.0,288.0,285.0,286.0,3012000.0
2022-06-30 09:00:00+00:00,287.0,287.0,280.0,280.0,11997000.0
2022-07-01 09:00:00+00:00,280.0,280.0,277.0,278.0,7321000.0
2022-07-04 09:00:00+00:00,278.0,278.0,272.0,275.0,9297000.0
2022-07-05 09:00:00+00:00,275.0,282.0,273.0,280.0,3810000.0
2022-07-06 09:00:00+00:00,280.0,282.0,273.0,274.0,5179000.0
2022-07-07 09:00:00+00:00,274.0,278.0,274.0,277.0,4409000.0
2022-07-08 09:00:00+00:00,278.0,279.0,277.0,278.0,1258000.0
2022-07-11 09:00:00+00:00,278.0,280.0,276.0,278.0,1283000.0
2022-07-12 09:00:00+00:00,281.0,284.0,276.0,282.0,4190000.0
2022-07-13 09:00:00+00:00,285.0,287.0,277.0,279.0,1900000.0
2022-07-14 09:00:00+00:00,279.0,279.0,262.0,275.0,9935000.0
2022-07-15 09:00:00+00:00,275.0,275.0,268.0,269.0,7668000.0
2022-07-18 09:00:00+00:00,269.0,269.0,266.0,269.0,1947000.0
2022-07-19 09:00:00+00:00,269.0,273.0,268.0,272.0,5797000.0
2022-07-20 09:00:00+00:00,273.0,278.0,272.0,276.0,2491000.0
2022-07-21 09:00:00+00:00,276.0,279.0,274.0,277.0,5795000.0
2022-07-22 09:00:00+00:00,277.0,287.0,275.0,283.0,23905000.0
2022-07-25 09:00:00+00:00,283.0,286.0,283.0,285.0,7678000.0
2022-07-26 09:00:00+00:00,285.0,286.0,281.0,285.0,4343000.0
2022-07-27 09:00:00+00:00,285.0,290.0,281.0,289.0,4010000.0
2022-07-28 09:00:00+00:00,289.0,294.0,289.0,294.0,14482000.0
2022-07-29 09:00:00+00:00,300.0,304.0,296.0,297.0,18407000.0
2022-08-01 09:00:00+00:00,297.0,304.0,297.0,300.0,11964000.0
2022-08-02 09:00:00+00:00,300.0,302.0,297.0,298.0,6795000.0
2022-08-03 09:00:00+00:00,298.0,300.0,298.0,299.0,6470000.0
2022-08-04 09:00:00+00:00,299.0,304.0,299.0,301.0,5019000.0
2022-08-05 09:00:00+00:00,301.0,303.0,299.0,299.0,5054000.0
2022-08-08 09:00:00+00:00,300.0,301.0,297.0,300.0,4627000.0
2022-08-09 09:00:00+00:00,304.0,310.0,300.0,302.0,9984000.0
2022-08-10 09:00:00+00:00,302.0,303.0,298.0,298.0,3922000.0
2022-08-11 09:00:00+00:00,299.0,301.0,298.0,298.0,6787000.0
2022-08-12 09:00:00+00:00,298.0,301.0,298.0,299.0,9804000.0
2022-08-15 09:00:00+00:00,299.0,301.0,298.0,300.0,3155000.0
2022-08-16 09:00:00+00:00,300.0,300.0,298.0,299.0,3238000.0
2022-08-18 09:00:00+00:00,300.0,302.0,299.0,300.0,5485000.0
2022-08-19 09:00:00+00:00,300.0,300.0,299.0,299.0,1775000.0
2022-08-22 09:00:00+00:00,299.0,300.0,296.0,298.0,12741000.0
2022-08-23 09:00:00+00:00,298.0,298.0,296.0,297.0,2435000.0
2022-08-24 09:00:00+00:00,297.0,308.0,295.0,306.0,17089000.0
2022-08-25 09:00:00+00:00,306.0,307.0,305.0,306.0,43804000.0
2022-08-26 09:00:00+00:00,306.0,308.0,305.0,307.0,69400000.0
2022-08-29 09:00:00+00:00,307.0,312.0,306.0,310.0,13459000.0
2022-08-30 09:00:00+00:00,310.0,310.0,308.0,308.0,10287000.0
2022-08-31 09:00:00+00:00,310.0,310.0,308.0,309.0,9825000.0
2022-09-01 09:00:00+00:00,310.0,312.0,308.0,310.0,34313000.0
2022-09-02 09:00:00+00:00,310.0,312.0,309.0,311.0,19629000.0
2022-09-05 09:00:00+00:00,311.0,311.0,309.0,311.0,5558000.0
2022-09-06 09:00:00+00:00,312.0,312.0,309.0,311.0,7048000.0
2022-09-07 09:00:00+00:00,311.0,311.0,309.0,310.0,9773000.0
2022-09-08 09:00:00+00:00,311.0,311.0,308.0,309.0,41775000.0
2022-09-09 09:00:00+00:00,309.0,310.0,308.0,309.0,10154000.0
2022-09-12 09:00:00+00:00,310.0,310.0,309.0,309.0,5217000.0
2022-09-13 09:00:00+00:00,309.0,310.0,309.0,309.0,14593000.0
2022-09-14 09:00:00+00:00,309.0,310.0,308.0,309.0,8939000.0
2022-09-15 09:00:00+00:00,309.0,310.0,309.0,309.0,10488000.0
2022-09-16 09:00:00+00:00,310.0,310.0,309.0,309.0,10509000.0
2022-09-19 09:00:00+00:00,310.0,310.0,309.0,310.0,11196000.0
2022-09-20 09:00:00+00:00,310.0,310.0,308.0,309.0,106322000.0
2022-09-21 09:00:00+00:00,309.0,310.0,309.0,310.0,3864000.0
2022-09-22 09:00:00+00:00,310.0,310.0,298.0,307.0,5775000.0
2022-09-23 09:00:00+00:00,308.0,308.0,302.0,308.0,4351000.0
2022-09-26 09:00:00+00:00,307.0,310.0,306.0,308.0,5745000.0
2022-09-27 09:00:00+00:00,307.0,308.0,300.0,305.0,5337000.0
2022-09-28 09:00:00+00:00,303.0,303.0,291.0,297.0,11998000.0
2022-09-29 09:00:00+00:00,297.0,300.0,288.0,290.0,14426000.0
2022-09-30 09:00:00+00:00,290.0,290.0,272.0,273.0,10453000.0
2022-10-03 09:00:00+00:00,273.0,299.0,273.0,296.0,8428000.0
2022-10-04 09:00:00+00:00,296.0,304.0,296.0,301.0,4546000.0
2022-10-05 09:00:00+00:00,301.0,304.0,300.0,301.0,2464000.0
2022-10-06 09:00:00+00:00,300.0,301.0,297.0,301.0,5489000.0
2022-10-07 09:00:00+00:00,301.0,301.0,298.0,301.0,3596000.0
2022-10-10 09:00:00+00:00,298.0,298.0,289.0,293.0,4670000.0
2022-10-11 09:00:00+00:00,293.0,300.0,290.0,295.0,4321000.0
2022-10-12 09:00:00+00:00,294.0,300.0,291.0,299.0,3167000.0
2022-10-13 09:00:00+00:00,299.0,300.0,294.0,294.0,2605000.0
2022-10-14 09:00:00+00:00,294.0,294.0,291.0,291.0,1414000.0
2022-10-17 09:00:00+00:00,291.0,293.0,288.0,289.0,2199000.0
2022-10-18 09:00:00+00:00,289.0,293.0,288.0,289.0,582000.0
2022-10-19 09:00:00+00:00,288.0,293.0,279.0,289.0,782000.0
2022-10-20 09:00:00+00:00,289.0,289.0,280.0,285.0,773000.0
2022-10-21 09:00:00+00:00,285.0,289.0,285.0,286.0,740000.0
2022-10-24 09:00:00+00:00,286.0,287.0,283.0,286.0,1419000.0
2022-10-25 09:00:00+00:00,286.0,287.0,284.0,286.0,859000.0
2022-10-26 09:00:00+00:00,286.0,288.0,281.0,287.0,925000.0
2022-10-27 09:00:00+00:00,287.0,287.0,284.0,287.0,1319000.0
2022-10-28 09:00:00+00:00,289.0,299.0,287.0,291.0,1720000.0
2022-10-31 09:00:00+00:00,295.0,298.0,291.0,296.0,1988000.0
2022-11-01 09:00:00+00:00,296.0,297.0,287.0,287.0,919000.0
2022-11-02 09:00:00+00:00,287.0,296.0,287.0,296.0,2091000.0
2022-11-03 09:00:00+00:00,296.0,296.0,290.0,292.0,418000.0
2022-11-04 09:00:00+00:00,292.0,293.0,289.0,293.0,458000.0
2022-11-07 09:00:00+00:00,293.0,293.0,289.0,291.0,2040000.0
2022-11-08 09:00:00+00:00,292.0,300.0,290.0,295.0,2381000.0
2022-11-09 09:00:00+00:00,295.0,300.0,292.0,294.0,1383000.0
2022-11-10 09:00:00+00:00,293.0,293.0,290.0,293.0,919000.0
2022-11-11 09:00:00+00:00,291.0,294.0,289.0,292.0,1658000.0
2022-11-14 09:00:00+00:00,295.0,330.0,291.0,326.0,22194000.0
2022-11-15 09:00:00+00:00,326.0,330.0,317.0,318.0,7863000.0
2022-11-16 09:00:00+00:00,318.0,320.0,310.0,314.0,3923000.0
2022-11-17 09:00:00+00:00,312.0,319.0,303.0,316.0,1758000.0
2022-11-18 09:00:00+00:00,316.0,324.0,310.0,321.0,3764000.0
2022-11-21 09:00:00+00:00,321.0,322.0,315.0,321.0,1059000.0
2022-11-22 09:00:00+00:00,321.0,321.0,317.0,320.0,5096000.0
2022-11-23 09:00:00+00:00,320.0,320.0,319.0,320.0,2145000.0
2022-11-24 09:00:00+00:00,326.0,328.0,322.0,325.0,6505000.0
2022-11-25 09:00:00+00:00,327.0,328.0,325.0,326.0,4539000.0
2022-11-28 09:00:00+00:00,326.0,337.0,326.0,330.0,4835000.0
2022-11-29 09:00:00+00:00,330.0,337.0,329.0,337.0,11332000.0
2022-11-30 09:00:00+00:00,338.0,359.0,338.0,359.0,13958000.0
2022-12-01 09:00:00+00:00,360.0,403.0,360.0,383.0,14202000.0
2022-12-02 09:00:00+00:00,386.0,395.0,375.0,380.0,5067000.0
2022-12-05 09:00:00+00:00,380.0,382.0,370.0,370.0,8000000.0
2022-12-06 09:00:00+00:00,370.0,389.0,370.0,389.0,3236000.0
2022-12-07 09:00:00+00:00,390.0,428.0,390.0,412.0,13303000.0
2022-12-08 09:00:00+00:00,415.0,434.0,400.0,408.0,8991000.0
2022-12-09 09:00:00+00:00,408.0,418.0,400.0,407.0,1854000.0
2022-12-12 09:00:00+00:00,407.0,407.0,400.0,401.0,3532000.0
2022-12-13 09:00:00+00:00,401.0,415.0,400.0,403.0,2794000.0
2022-12-14 09:00:00+00:00,405.0,410.0,398.0,398.0,6892000.0
2022-12-15 09:00:00+00:00,400.0,401.0,398.0,399.0,3131000.0
2022-12-16 09:00:00+00:00,401.0,408.0,400.0,402.0,1174000.0
2022-12-19 09:00:00+00:00,402.0,402.0,399.0,399.0,2432000.0
2022-12-20 09:00:00+00:00,400.0,405.0,400.0,405.0,2660000.0
2022-12-21 09:00:00+00:00,405.0,405.0,400.0,400.0,921000.0
2022-12-22 09:00:00+00:00,400.0,403.0,400.0,403.0,857000.0
2022-12-23 09:00:00+00:00,405.0,464.0,405.0,452.0,13758000.0
2022-12-26 09:00:00+00:00,455.0,460.0,432.0,438.0,3256000.0
2022-12-27 09:00:00+00:00,440.0,458.0,437.0,447.0,5183000.0
2022-12-28 09:00:00+00:00,447.0,452.0,437.0,448.0,3329000.0
2022-12-29 09:00:00+00:00,448.0,450.0,433.0,433.0,12372000.0
2022-12-30 09:00:00+00:00,435.0,445.0,433.0,433.0,9466000.0
2023-01-02 09:00:00+00:00,433.0,445.0,426.0,428.0,5534000.0
2023-01-03 09:00:00+00:00,423.0,438.0,423.0,433.0,10440000.0
2023-01-04 09:00:00+00:00,439.0,441.0,429.0,434.0,10214000.0
2023-01-05 09:00:00+00:00,437.0,437.0,416.0,416.0,8244000.0
2023-01-06 09:00:00+00:00,415.0,424.0,411.0,419.0,12288000.0
2023-01-09 09:00:00+00:00,420.0,426.0,415.0,423.0,10992000.0
2023-01-10 09:00:00+00:00,423.0,428.0,418.0,423.0,7458000.0
2023-01-11 09:00:00+00:00,423.0,425.0,421.0,424.0,11302000.0
2023-01-12 09:00:00+00:00,424.0,430.0,420.0,424.0,13233000.0
2023-01-13 09:00:00+00:00,424.0,424.0,419.0,419.0,13073000.0
2023-01-16 09:00:00+00:00,419.0,419.0,411.0,414.0,11956000.0
2023-01-17 09:00:00+00:00,414.0,415.0,412.0,414.0,12840000.0
2023-01-18 09:00:00+00:00,420.0,446.0,420.0,435.0,11136000.0
2023-01-19 09:00:00+00:00,440.0,440.0,427.0,427.0,9287000.0
2023-01-20 09:00:00+00:00,427.0,437.0,427.0,428.0,11978000.0
2023-01-24 09:00:00+00:00,440.0,459.0,440.0,459.0,12777000.0
2023-01-25 09:00:00+00:00,466.0,493.0,466.0,493.0,13659000.0
2023-01-26 09:00:00+00:00,500.0,525.0,500.0,507.5,13509000.0
2023-01-27 09:00:00+00:00,507.5,520.0,500.0,510.0,10734000.0
2023-01-30 09:00:00+00:00,510.0,525.0,507.5,512.5,9785000.0
2023-01-31 09:00:00+00:00,520.0,520.0,502.5,510.0,10039000.0
2023-02-01 09:00:00+00:00,525.0,535.0,495.0,497.0,13205000.0
2023-02-02 09:00:00+00:00,495.0,500.0,470.0,470.0,17821000.0
2023-02-03 09:00:00+00:00,467.0,494.0,459.0,486.0,10928000.0
2023-02-06 09:00:00+00:00,486.0,510.0,486.0,510.0,13202000.0
2023-02-07 09:00:00+00:00,515.0,560.0,512.5,560.0,21917000.0
2023-02-08 09:00:00+00:00,562.5,577.5,532.5,542.5,11353000.0
2023-02-09 09:00:00+00:00,542.5,560.0,525.0,552.5,13680000.0
2023-02-10 09:00:00+00:00,552.5,565.0,540.0,550.0,11026000.0
2023-02-13 09:00:00+00:00,552.5,555.0,535.0,542.5,9818000.0
2023-02-14 09:00:00+00:00,542.5,550.0,510.0,527.5,12636000.0
2023-02-15 09:00:00+00:00,527.5,535.0,505.0,517.5,10710000.0
2023-02-16 09:00:00+00:00,517.5,540.0,512.5,522.5,11394000.0
2023-02-17 09:00:00+00:00,522.5,540.0,520.0,530.0,11187000.0
2023-02-20 09:00:00+00:00,530.0,532.5,512.5,520.0,10182000.0
2023-02-21 09:00:00+00:00,517.5,527.5,505.0,505.0,11133000.0
2023-02-22 09:00:00+00:00,510.0,510.0,491.0,492.0,11908000.0
2023-02-23 09:00:00+00:00,491.0,494.0,470.0,472.0,11452000.0
2023-02-24 09:00:00+00:00,472.0,498.0,470.0,496.0,13286000.0
2023-02-27 09:00:00+00:00,496.0,505.0,496.0,498.0,10215000.0
2023-02-28 09:00:00+00:00,498.0,500.0,481.0,487.0,11043000.0
2023-03-01 09:00:00+00:00,487.0,499.0,480.0,482.0,11078000.0
2023-03-02 09:00:00+00:00,480.0,488.0,475.0,480.0,10764000.0
2023-03-03 09:00:00+00:00,480.0,489.0,479.0,486.0,11044000.0
2023-03-06 09:00:00+00:00,486.0,489.0,480.0,487.0,11209000.0
2023-03-07 09:00:00+00:00,487.0,493.0,480.0,493.0,11558000.0
2023-03-08 09:00:00+00:00,492.0,498.0,476.0,477.0,11752000.0
2023-03-09 09:00:00+00:00,480.0,483.0,479.0,480.0,10708000.0
2023-03-10 09:00:00+00:00,482.0,485.0,471.0,472.0,11752000.0
2023-03-13 09:00:00+00:00,473.0,473.0,439.0,450.0,17694000.0
2023-03-14 09:00:00+00:00,450.0,450.0,425.0,431.0,12939000.0
2023-03-15 09:00:00+00:00,430.0,446.0,421.0,440.0,13307000.0
2023-03-16 09:00:00+00:00,440.0,442.0,415.0,442.0,12111000.0
2023-03-17 09:00:00+00:00,442.0,444.0,433.0,444.0,13055000.0
2023-03-20 09:00:00+00:00,444.0,444.0,434.0,444.0,14258000.0
2023-03-21 09:00:00+00:00,440.0,447.0,436.0,445.0,12299000.0
2023-03-24 09:00:00+00:00,445.0,489.0,440.0,485.0,10735000.0
2023-03-27 09:00:00+00:00,485.0,507.5,484.0,502.5,10887000.0
2023-03-28 09:00:00+00:00,502.5,507.5,490.0,499.0,10848000.0
2023-03-29 09:00:00+00:00,500.0,502.5,486.0,497.0,11965000.0
2023-03-30 09:00:00+00:00,497.0,497.0,491.0,497.0,10268000.0
2023-03-31 09:00:00+00:00,491.0,502.5,490.0,497.0,11794000.0
2023-04-03 09:00:00+00:00,496.0,500.0,466.0,466.0,12548000.0
2023-04-04 09:00:00+00:00,468.0,474.0,463.0,469.0,12108000.0
2023-04-05 09:00:00+00:00,469.0,470.0,450.0,459.0,9827000.0
2023-04-06 09:00:00+00:00,459.0,460.0,450.0,451.0,11538000.0
2023-04-10 09:00:00+00:00,451.0,456.0,440.0,443.0,11605000.0
2023-04-11 09:00:00+00:00,443.0,463.0,436.0,463.0,11694000.0
2023-04-12 09:00:00+00:00,464.0,475.0,450.0,470.0,11870000.0
2023-04-13 09:00:00+00:00,470.0,471.0,463.0,471.0,11622000.0
2023-04-14 09:00:00+00:00,470.0,478.0,467.0,477.0,13280000.0
2023-04-17 09:00:00+00:00,476.0,481.0,462.0,477.0,10767000.0
2023-04-18 09:00:00+00:00,477.0,477.0,462.0,465.0,11541000.0
2023-04-26 09:00:00+00:00,475.0,475.0,450.0,455.0,12650000.0
2023-04-27 09:00:00+00:00,459.0,488.0,459.0,485.0,11204000.0
2023-04-28 09:00:00+00:00,485.0,487.0,477.0,484.0,12156000.0
2023-05-02 09:00:00+00:00,486.0,486.0,469.0,473.0,11293000.0
2023-05-03 09:00:00+00:00,474.0,474.0,464.0,474.0,12038000.0
2023-05-04 09:00:00+00:00,476.0,480.0,466.0,469.0,10579000.0
2023-05-05 09:00:00+00:00,470.0,470.0,458.0,458.0,10513000.0
2023-05-08 09:00:00+00:00,458.0,473.0,450.0,466.0,11991000.0
2023-05-09 09:00:00+00:00,466.0,467.0,456.0,458.0,11125000.0
2023-05-10 09:00:00+00:00,460.0,475.0,460.0,473.0,11003000.0
2023-05-11 09:00:00+00:00,475.0,500.0,475.0,497.0,12715000.0
2023-05-12 09:00:00+00:00,497.0,527.5,497.0,527.5,15304000.0
2023-05-15 09:00:00+00:00,530.0,600.0,527.5,585.0,59368000.0
2023-05-16 09:00:00+00:00,590.0,595.0,545.0,545.0,26371000.0
2023-05-17 09:00:00+00:00,545.0,545.0,507.5,525.0,36135000.0
2023-05-19 09:00:00+00:00,525.0,537.5,510.0,530.0,26140000.0
2023-05-22 09:00:00+00:00,532.5,547.5,532.5,542.5,42197000.0
2023-05-23 09:00:00+00:00,542.5,552.5,542.5,542.5,33051000.0
2023-05-24 09:00:00+00:00,542.5,550.0,532.5,550.0,61835000.0
2023-05-25 09:00:00+00:00,512.5,512.5,512.5,512.5,2491000.0
2023-05-26 09:00:00+00:00,477.0,477.0,477.0,477.0,1145000.0
2023-05-29 09:00:00+00:00,444.0,444.0,444.0,444.0,1804000.0
2023-05-30 09:00:00+00:00,427.0,427.0,414.0,415.0,37421000.0
2023-05-31 09:00:00+00:00,414.0,429.0,410.0,423.0,21275000.0
2023-06-05 09:00:00+00:00,423.0,423.0,412.0,413.0,16035000.0
2023-06-06 09:00:00+00:00,413.0,423.0,413.0,419.0,17029000.0
2023-06-07 09:00:00+00:00,419.0,419.0,411.0,414.0,17400000.0
2023-06-08 09:00:00+00:00,414.0,414.0,400.0,400.0,39366000.0
2023-06-09 09:00:00+00:00,400.0,405.0,391.0,403.0,26276000.0
2023-06-12 09:00:00+00:00,399.0,404.0,395.0,400.0,20653000.0
2023-06-13 09:00:00+00:00,400.0,402.0,380.0,380.0,32060000.0
2023-06-14 09:00:00+00:00,381.0,393.0,353.0,388.0,37345000.0
2023-06-15 09:00:00+00:00,387.0,395.0,384.0,390.0,20176000.0
2023-06-16 09:00:00+00:00,400.0,400.0,373.0,373.0,28216000.0
2023-06-19 09:00:00+00:00,385.0,386.0,370.0,370.0,22129000.0
2023-06-20 09:00:00+00:00,378.0,380.0,366.0,366.0,18212000.0
2023-06-21 09:00:00+00:00,366.0,372.0,364.0,365.0,18167000.0
2023-06-22 09:00:00+00:00,366.0,370.0,364.0,364.0,18355000.0
2023-06-23 09:00:00+00:00,360.0,365.0,360.0,362.0,22766000.0
2023-06-26 09:00:00+00:00,362.0,363.0,358.0,360.0,10171000.0
2023-06-27 09:00:00+00:00,359.0,364.0,358.0,362.0,10534000.0
2023-07-03 09:00:00+00:00,363.0,365.0,355.0,365.0,19584000.0
2023-07-04 09:00:00+00:00,365.0,368.0,360.0,363.0,11164000.0
2023-07-05 09:00:00+00:00,363.0,366.0,360.0,363.0,11109000.0
2023-07-06 09:00:00+00:00,365.0,372.0,363.0,372.0,12141000.0
2023-07-07 09:00:00+00:00,372.0,375.0,366.0,370.0,9697000.0
2023-07-10 09:00:00+00:00,370.0,372.0,364.0,365.0,10628000.0
2023-07-11 09:00:00+00:00,369.0,369.0,363.0,363.0,10556000.0
2023-07-12 09:00:00+00:00,365.0,366.0,363.0,363.0,9577000.0
2023-07-13 09:00:00+00:00,364.0,364.0,359.0,360.0,7164000.0
2023-07-14 09:00:00+00:00,360.0,360.0,350.0,357.0,14223000.0
2023-07-17 09:00:00+00:00,357.0,361.0,356.0,360.0,8101000.0
2023-07-18 09:00:00+00:00,362.0,364.0,360.0,361.0,9179000.0
2023-07-20 09:00:00+00:00,361.0,362.0,356.0,360.0,9095000.0
2023-07-21 09:00:00+00:00,360.0,362.0,359.0,360.0,8899000.0
2023-07-24 09:00:00+00:00,360.0,365.0,360.0,363.0,9565000.0
2023-07-25 09:00:00+00:00,365.0,386.0,363.0,384.0,26423000.0
2023-07-26 09:00:00+00:00,385.0,395.0,377.0,379.0,25314000.0
2023-07-27 09:00:00+00:00,379.0,380.0,371.0,373.0,12435000.0
2023-07-28 09:00:00+00:00,375.0,383.0,371.0,382.0,12087000.0
2023-07-31 09:00:00+00:00,382.0,390.0,377.0,390.0,19382000.0
2023-08-01 09:00:00+00:00,389.0,389.0,377.0,378.0,13336000.0
2023-08-02 09:00:00+00:00,378.0,380.0,365.0,369.0,14738000.0
2023-08-03 09:00:00+00:00,369.0,375.0,366.0,373.0,8528000.0
2023-08-04 09:00:00+00:00,374.0,374.0,369.0,370.0,9006000.0
2023-08-07 09:00:00+00:00,371.0,371.0,367.0,368.0,8867000.0
2023-08-08 09:00:00+00:00,368.0,370.0,366.0,368.0,8476000.0
2023-08-09 09:00:00+00:00,368.0,370.0,361.0,361.0,10569000.0
2023-08-10 09:00:00+00:00,361.0,368.0,361.0,367.0,9455000.0
2023-08-11 09:00:00+00:00,367.0,369.0,364.0,367.0,9069000.0
2023-08-14 09:00:00+00:00,368.0,368.0,360.0,364.0,11773000.0
2023-08-15 09:00:00+00:00,364.0,368.0,362.0,366.0,8724000.0
2023-08-16 09:00:00+00:00,367.0,367.0,362.0,366.0,8950000.0
2023-08-18 09:00:00+00:00,366.0,367.0,361.0,363.0,9025000.0
2023-08-21 09:00:00+00:00,363.0,365.0,360.0,362.0,9120000.0
2023-08-22 09:00:00+00:00,362.0,365.0,360.0,362.0,12579000.0
2023-08-23 09:00:00+00:00,362.0,364.0,360.0,361.0,11238000.0
2023-08-24 09:00:00+00:00,361.0,362.0,343.0,348.0,29516000.0
2023-08-25 09:00:00+00:00,350.0,355.0,334.0,334.0,24234000.0
2023-08-28 09:00:00+00:00,337.0,341.0,330.0,341.0,16496000.0
2023-08-29 09:00:00+00:00,341.0,354.0,341.0,343.0,13232000.0
2023-08-30 09:00:00+00:00,348.0,348.0,338.0,339.0,12084000.0
2023-08-31 09:00:00+00:00,339.0,340.0,336.0,337.0,10981000.0
2023-09-01 09:00:00+00:00,338.0,359.0,336.0,340.0,10857000.0
2023-09-04 09:00:00+00:00,343.0,356.0,342.0,343.0,13346000.0
2023-09-05 09:00:00+00:00,344.0,346.0,341.0,343.0,8982000.0
2023-09-06 09:00:00+00:00,346.0,347.0,342.0,346.0,9332000.0
2023-09-07 09:00:00+00:00,347.0,352.0,343.0,350.0,11161000.0
2023-09-08 09:00:00+00:00,351.0,356.0,343.0,344.0,11702000.0
2023-09-11 09:00:00+00:00,344.0,345.0,337.0,339.0,16969000.0
2023-09-12 09:00:00+00:00,338.0,340.0,334.0,336.0,11274000.0
2023-09-13 09:00:00+00:00,335.0,337.0,330.0,331.0,12110000.0
2023-09-14 09:00:00+00:00,331.0,336.0,324.0,326.0,18548000.0
2023-09-15 09:00:00+00:00,326.0,327.0,320.0,320.0,19061000.0
2023-09-18 09:00:00+00:00,322.0,333.0,320.0,325.0,12585000.0
2023-09-19 09:00:00+00:00,325.0,326.0,319.0,324.0,11689000.0
2023-09-20 09:00:00+00:00,326.0,332.0,320.0,327.0,12947000.0
2023-09-21 09:00:00+00:00,327.0,327.0,322.0,324.0,10081000.0
2023-09-22 09:00:00+00:00,324.0,330.0,324.0,329.0,8688000.0
2023-09-25 09:00:00+00:00,329.0,330.0,323.0,323.0,11251000.0
2023-09-26 09:00:00+00:00,323.0,325.0,321.0,321.0,8955000.0
2023-09-27 09:00:00+00:00,321.0,323.0,320.0,321.0,8786000.0
2023-09-29 09:00:00+00:00,324.0,325.0,321.0,322.0,8214000.0
2023-10-02 09:00:00+00:00,322.0,324.0,319.0,320.0,9447000.0
2023-10-03 09:00:00+00:00,321.0,322.0,300.0,310.0,14840000.0
2023-10-04 09:00:00+00:00,313.0,313.0,297.0,301.0,14515000.0
2023-10-05 09:00:00+00:00,301.0,307.0,288.0,288.0,17698000.0
2023-10-06 09:00:00+00:00,290.0,301.0,281.0,299.0,11734000.0
2023-10-09 09:00:00+00:00,303.0,309.0,295.0,308.0,11173000.0
2023-10-10 09:00:00+00:00,308.0,314.0,305.0,309.0,11796000.0
2023-10-11 09:00:00+00:00,309.0,312.0,305.0,309.0,8384000.0
2023-10-12 09:00:00+00:00,309.0,310.0,306.0,308.0,7780000.0
2023-10-13 09:00:00+00:00,308.0,308.0,302.0,304.0,8042000.0
2023-10-16 09:00:00+00:00,304.0,337.0,304.0,327.0,35952000.0
2023-10-17 09:00:00+00:00,328.0,329.0,313.0,325.0,35200000.0
2023-10-18 09:00:00+00:00,326.0,340.0,318.0,336.0,46987000.0
2023-10-19 09:00:00+00:00,336.0,365.0,336.0,354.0,64342000.0
2023-10-20 09:00:00+00:00,360.0,375.0,353.0,365.0,73603000.0
2023-10-23 09:00:00+00:00,365.0,366.0,350.0,362.0,21263000.0
2023-10-24 09:00:00+00:00,361.0,393.0,359.0,390.0,87532000.0
2023-10-25 09:00:00+00:00,391.0,438.0,390.0,425.0,130188000.0
2023-10-26 09:00:00+00:00,426.0,435.0,402.0,420.0,50527000.0
2023-10-27 09:00:00+00:00,415.0,434.0,395.0,395.0,75742000.0
2023-10-30 09:00:00+00:00,395.0,493.0,373.0,380.0,401954000.0
2023-10-31 09:00:00+00:00,378.0,416.0,378.0,387.0,133063000.0
2023-11-01 09:00:00+00:00,387.0,403.0,378.0,390.0,43367000.0
2023-11-02 09:00:00+00:00,390.0,397.0,382.0,383.0,23076000.0
2023-11-03 09:00:00+00:00,386.0,390.0,363.0,376.0,45992000.0
2023-11-06 09:00:00+00:00,376.0,414.0,373.0,413.0,57173000.0
2023-11-07 09:00:00+00:00,413.0,435.0,395.0,424.0,141290000.0
2023-11-08 09:00:00+00:00,435.0,445.0,396.0,401.0,174012000.0
2023-11-09 09:00:00+00:00,401.0,414.0,395.0,407.0,54901000.0
2023-11-10 09:00:00+00:00,408.0,431.0,408.0,410.0,85621000.0
2023-11-13 09:00:00+00:00,412.0,420.0,405.0,407.0,31613000.0
2023-11-14 09:00:00+00:00,409.0,412.0,400.0,400.0,19072000.0
2023-11-15 09:00:00+00:00,402.0,405.0,397.0,398.0,21452000.0
2023-11-16 09:00:00+00:00,398.0,402.0,387.0,388.0,17545000.0
2023-11-17 09:00:00+00:00,390.0,401.0,383.0,385.0,25054000.0
2023-11-20 09:00:00+00:00,387.0,389.0,372.0,376.0,28417000.0
2023-11-21 09:00:00+00:00,377.0,380.0,362.0,372.0,41513000.0
2023-11-22 09:00:00+00:00,375.0,375.0,363.0,370.0,16815000.0
2023-11-23 09:00:00+00:00,374.0,384.0,370.0,372.0,19212000.0
2023-11-24 09:00:00+00:00,372.0,400.0,371.0,382.0,38949000.0
2023-11-27 09:00:00+00:00,382.0,403.0,382.0,394.0,30555000.0
2023-11-28 09:00:00+00:00,396.0,401.0,390.0,390.0,12735000.0
2023-11-29 09:00:00+00:00,391.0,399.0,388.0,397.0,11496000.0
2023-11-30 09:00:00+00:00,397.0,420.0,385.0,407.0,75519000.0
2023-12-01 09:00:00+00:00,411.0,430.0,402.0,415.0,66720000.0
2023-12-04 09:00:00+00:00,417.0,431.0,410.0,420.0,74951000.0
2023-12-05 09:00:00+00:00,426.0,525.0,422.0,525.0,347816000.0
2023-12-06 09:00:00+00:00,552.5,630.0,552.5,630.0,395984000.0
2023-12-07 09:00:00+00:00,667.5,755.0,635.0,720.0,615308000.0
2023-12-08 09:00:00+00:00,750.0,765.0,665.0,700.0,273617000.0
2023-12-11 09:00:00+00:00,700.0,745.0,565.0,610.0,190334000.0
2023-12-12 09:00:00+00:00,610.0,670.0,540.0,610.0,214117000.0
2023-12-13 09:00:00+00:00,610.0,627.5,575.0,582.5,67659000.0
2023-12-14 09:00:00+00:00,590.0,592.5,550.0,557.5,67169000.0
2023-12-15 09:00:00+00:00,560.0,612.5,557.5,602.5,80475000.0
2023-12-18 09:00:00+00:00,610.0,650.0,580.0,605.0,124690000.0
2023-12-19 09:00:00+00:00,612.5,632.5,580.0,600.0,70004000.0
2023-12-20 09:00:00+00:00,600.0,610.0,582.5,582.5,35375000.0
2023-12-21 09:00:00+00:00,585.0,617.5,582.5,585.0,44233000.0
2023-12-22 09:00:00+00:00,562.5,597.5,560.0,560.0,41743000.0
2023-12-27 09:00:00+00:00,560.0,577.5,542.5,552.5,47826000.0
2023-12-28 09:00:00+00:00,555.0,562.5,540.0,540.0,29515000.0
2023-12-29 09:00:00+00:00,540.0,542.5,525.0,525.0,24202000.0
2024-01-02 09:00:00+00:00,530.0,580.0,525.0,567.5,46588000.0
2024-01-03 09:00:00+00:00,570.0,600.0,570.0,580.0,43044000.0
2024-01-04 09:00:00+00:00,580.0,585.0,557.5,567.5,32360000.0
2024-01-05 09:00:00+00:00,567.5,570.0,552.5,555.0,22431000.0
2024-01-08 09:00:00+00:00,557.5,560.0,525.0,530.0,50807000.0
2024-01-09 09:00:00+00:00,530.0,530.0,451.0,451.0,89456000.0
2024-01-10 09:00:00+00:00,452.0,496.0,425.0,488.0,51825000.0
2024-01-11 09:00:00+00:00,490.0,510.0,477.0,481.0,34764000.0
2024-01-12 09:00:00+00:00,481.0,486.0,455.0,458.0,15993000.0
2024-01-15 09:00:00+00:00,460.0,474.0,441.0,443.0,20545000.0
2024-01-16 09:00:00+00:00,443.0,472.0,443.0,466.0,23072000.0
2024-01-17 09:00:00+00:00,466.0,475.0,457.0,470.0,13552000.0
2024-01-18 09:00:00+00:00,472.0,530.0,466.0,525.0,80242000.0
2024-01-19 09:00:00+00:00,530.0,540.0,491.0,495.0,38182000.0
2024-01-22 09:00:00+00:00,500.0,515.0,495.0,512.5,26917000.0
2024-01-23 09:00:00+00:00,512.5,600.0,510.0,575.0,143337000.0
2024-01-24 09:00:00+00:00,575.0,600.0,537.5,545.0,108058000.0
2024-01-25 09:00:00+00:00,545.0,555.0,525.0,525.0,29584000.0
2024-01-26 09:00:00+00:00,525.0,530.0,500.0,505.0,24036000.0
2024-01-29 09:00:00+00:00,505.0,530.0,473.0,477.0,28336000.0
2024-01-30 09:00:00+00:00,477.0,500.0,474.0,478.0,31967000.0
2024-01-31 09:00:00+00:00,479.0,488.0,478.0,481.0,14608000.0
2024-02-01 09:00:00+00:00,481.0,494.0,480.0,485.0,15472000.0
2024-02-02 09:00:00+00:00,486.0,510.0,482.0,505.0,26097000.0
2024-02-05 09:00:00+00:00,510.0,555.0,510.0,520.0,58825000.0
2024-02-06 09:00:00+00:00,525.0,542.5,505.0,537.5,53061000.0
2024-02-07 09:00:00+00:00,540.0,542.5,510.0,517.5,50160000.0
2024-02-12 09:00:00+00:00,517.5,522.5,495.0,498.0,19267000.0
2024-02-13 09:00:00+00:00,494.0,500.0,459.0,460.0,38643000.0
2024-02-15 09:00:00+00:00,470.0,476.0,446.0,452.0,32719000.0
2024-02-16 09:00:00+00:00,456.0,485.0,454.0,472.0,38779000.0
2024-02-19 09:00:00+00:00,472.0,530.0,472.0,499.0,87413000.0
2024-02-20 09:00:00+00:00,500.0,505.0,486.0,489.0,30283000.0
2024-02-21 09:00:00+00:00,489.0,500.0,482.0,485.0,17206000.0
2024-02-22 09:00:00+00:00,485.0,492.0,481.0,487.0,13225000.0
2024-02-23 09:00:00+00:00,487.0,489.0,475.0,477.0,14739000.0
2024-02-26 09:00:00+00:00,477.0,484.0,472.0,476.0,7351000.0
2024-02-27 09:00:00+00:00,476.0,484.0,475.0,475.0,6196000.0
2024-02-28 09:00:00+00:00,476.0,497.0,472.0,480.0,17667000.0
2024-02-29 09:00:00+00:00,480.0,490.0,477.0,482.0,13376000.0
2024-03-01 09:00:00+00:00,482.0,487.0,476.0,478.0,11885000.0
2024-03-04 09:00:00+00:00,477.0,483.0,475.0,478.0,7219000.0
2024-03-05 09:00:00+00:00,480.0,484.0,471.0,471.0,7372000.0
2024-03-06 09:00:00+00:00,470.0,477.0,462.0,469.0,11028000.0
2024-03-07 09:00:00+00:00,469.0,488.0,469.0,479.0,20293000.0
2024-03-08 09:00:00+00:00,481.0,489.0,477.0,479.0,12647000.0
2024-03-13 09:00:00+00:00,479.0,479.0,467.0,470.0,8010000.0
2024-03-14 09:00:00+00:00,470.0,483.0,468.0,470.0,7750000.0
2024-03-15 09:00:00+00:00,470.0,473.0,463.0,463.0,6884000.0
2024-03-18 09:00:00+00:00,463.0,463.0,446.0,446.0,14553000.0
2024-03-19 09:00:00+00:00,448.0,454.0,441.0,443.0,7231000.0
2024-03-20 09:00:00+00:00,443.0,447.0,420.0,428.0,17878000.0
2024-03-21 09:00:00+00:00,428.0,445.0,425.0,441.0,18688000.0
2024-03-22 09:00:00+00:00,441.0,447.0,432.0,433.0,4382000.0
2024-03-25 09:00:00+00:00,440.0,440.0,430.0,434.0,4688000.0
2024-03-26 09:00:00+00:00,439.0,439.0,423.0,426.0,7431000.0
2024-03-27 09:00:00+00:00,426.0,432.0,425.0,428.0,4414000.0
2024-03-28 09:00:00+00:00,428.0,430.0,420.0,421.0,4654000.0
2024-04-01 09:00:00+00:00,421.0,423.0,394.0,407.0,14435000.0
2024-04-02 09:00:00+00:00,410.0,412.0,404.0,409.0,5999000.0
2024-04-03 09:00:00+00:00,409.0,438.0,404.0,435.0,22321000.0
2024-04-04 09:00:00+00:00,441.0,456.0,437.0,439.0,19649000.0
2024-04-05 09:00:00+00:00,439.0,460.0,439.0,448.0,27584000.0
2024-04-16 09:00:00+00:00,449.0,450.0,435.0,441.0,8821000.0
2024-04-17 09:00:00+00:00,442.0,482.0,440.0,470.0,47845000.0
2024-04-18 09:00:00+00:00,470.0,474.0,451.0,454.0,12822000.0
2024-04-19 09:00:00+00:00,454.0,460.0,442.0,447.0,7140000.0
2024-04-22 09:00:00+00:00,450.0,455.0,439.0,439.0,7418000.0
2024-04-23 09:00:00+00:00,440.0,452.0,439.0,442.0,4616000.0
2024-04-24 09:00:00+00:00,442.0,457.0,442.0,447.0,6190000.0
2024-04-25 09:00:00+00:00,450.0,479.0,448.0,479.0,28642000.0
2024-04-26 09:00:00+00:00,479.0,555.0,479.0,527.5,142601000.0
2024-04-29 09:00:00+00:00,527.5,575.0,525.0,570.0,106131000.0
2024-04-30 09:00:00+00:00,570.0,575.0,545.0,557.5,70692000.0
2024-05-02 09:00:00+00:00,555.0,615.0,550.0,610.0,104757000.0
2024-05-03 09:00:00+00:00,612.5,647.5,592.5,627.5,68150000.0
2024-05-06 09:00:00+00:00,627.5,712.5,625.0,695.0,128030000.0
2024-05-07 09:00:00+00:00,712.5,727.5,700.0,722.5,67616000.0
2024-05-08 09:00:00+00:00,727.5,742.5,655.0,685.0,71476000.0
2024-05-13 09:00:00+00:00,685.0,707.5,660.0,697.5,41195000.0
2024-05-14 09:00:00+00:00,710.0,727.5,690.0,710.0,55436000.0
2024-05-15 09:00:00+00:00,710.0,850.0,710.0,850.0,195914000.0
2024-05-16 09:00:00+00:00,852.5,985.0,820.0,897.5,239249000.0
2024-05-17 09:00:00+00:00,907.5,940.0,880.0,890.0,111184000.0
2024-05-20 09:00:00+00:00,890.0,937.5,852.5,872.5,46400000.0
2024-05-21 09:00:00+00:00,885.0,922.5,867.5,897.5,48046000.0
2024-05-22 09:00:00+00:00,900.0,930.0,887.5,895.0,45313000.0
2024-05-27 09:00:00+00:00,897.5,907.5,787.5,795.0,84733000.0
2024-05-28 09:00:00+00:00,802.5,870.0,795.0,830.0,83444000.0
2024-05-29 09:00:00+00:00,830.0,837.5,665.0,685.0,247754000.0
2024-05-30 09:00:00+00:00,692.5,712.5,657.5,675.0,73751000.0
2024-05-31 09:00:00+00:00,677.5,692.5,665.0,675.0,26085000.0
2024-06-03 09:00:00+00:00,675.0,777.5,660.0,765.0,139448000.0
2024-06-04 09:00:00+00:00,770.0,822.5,767.5,810.0,126212000.0
2024-06-05 09:00:00+00:00,800.0,822.5,767.5,772.5,68500000.0
2024-06-06 09:00:00+00:00,780.0,810.0,775.0,787.5,31386000.0
2024-06-07 09:00:00+00:00,792.5,815.0,792.5,797.5,28751000.0
2024-06-10 09:00:00+00:00,805.0,930.0,802.5,930.0,120051000.0
2024-06-11 09:00:00+00:00,935.0,977.5,865.0,875.0,162022000.0
2024-06-12 09:00:00+00:00,877.5,895.0,820.0,835.0,63240000.0
2024-06-13 09:00:00+00:00,845.0,880.0,845.0,865.0,62305000.0
2024-06-14 09:00:00+00:00,870.0,887.5,817.5,820.0,58166000.0
2024-06-19 09:00:00+00:00,830.0,855.0,822.5,827.5,28015000.0
2024-06-20 09:00:00+00:00,832.5,847.5,797.5,815.0,25930000.0
2024-06-21 09:00:00+00:00,815.0,850.0,815.0,825.0,39499000.0
2024-06-24 09:00:00+00:00,830.0,840.0,805.0,810.0,23911000.0
2024-06-25 09:00:00+00:00,812.5,817.5,777.5,785.0,43541000.0
2024-06-26 09:00:00+00:00,785.0,800.0,772.5,772.5,28942000.0
2024-06-27 09:00:00+00:00,780.0,840.0,772.5,830.0,61033000.0
2024-06-28 09:00:00+00:00,835.0,860.0,820.0,842.5,54366000.0
2024-07-01 09:00:00+00:00,845.0,907.5,845.0,887.5,100515000.0
2024-07-02 09:00:00+00:00,897.5,905.0,867.5,875.0,72503000.0
2024-07-03 09:00:00+00:00,875.0,915.0,862.5,907.5,89652000.0
2024-07-04 09:00:00+00:00,910.0,937.5,875.0,892.5,87689000.0
2024-07-05 09:00:00+00:00,897.5,910.0,870.0,880.0,43654000.0
2024-07-08 09:00:00+00:00,885.0,890.0,865.0,875.0,34003000.0
2024-07-09 09:00:00+00:00,875.0,925.0,875.0,885.0,68283000.0
2024-07-10 09:00:00+00:00,892.5,922.5,887.5,895.0,44060000.0
2024-07-11 09:00:00+00:00,900.0,912.5,895.0,900.0,21148000.0
2024-07-12 09:00:00+00:00,907.5,910.0,872.5,890.0,29451000.0
2024-07-15 09:00:00+00:00,892.5,907.5,887.5,887.5,15567000.0
2024-07-16 09:00:00+00:00,890.0,892.5,840.0,840.0,44042000.0
2024-07-17 09:00:00+00:00,840.0,855.0,800.0,817.5,43324000.0
2024-07-18 09:00:00+00:00,817.5,865.0,817.5,865.0,39323000.0
2024-07-19 09:00:00+00:00,865.0,877.5,842.5,847.5,23894000.0
2024-07-22 09:00:00+00:00,857.5,875.0,850.0,860.0,16462000.0
2024-07-23 09:00:00+00:00,860.0,872.5,840.0,842.5,13366000.0
2024-07-24 09:00:00+00:00,842.5,857.5,830.0,830.0,16362000.0
2024-07-25 09:00:00+00:00,830.0,832.5,802.5,810.0,22296000.0
2024-07-26 09:00:00+00:00,812.5,825.0,807.5,820.0,14060000.0
2024-07-29 09:00:00+00:00,820.0,830.0,802.5,802.5,23076000.0
2024-07-30 09:00:00+00:00,802.5,807.5,777.5,780.0,29728000.0
2024-07-31 09:00:00+00:00,780.0,797.5,777.5,782.5,16927000.0
2024-08-01 09:00:00+00:00,787.5,800.0,782.5,790.0,14158000.0
2024-08-02 09:00:00+00:00,795.0,805.0,782.5,800.0,22444000.0
2024-08-05 09:00:00+00:00,802.5,802.5,692.5,707.5,56548000.0
2024-08-06 09:00:00+00:00,707.5,755.0,707.5,747.5,33428000.0
2024-08-07 09:00:00+00:00,762.5,790.0,747.5,770.0,29675000.0
2024-08-08 09:00:00+00:00,772.5,780.0,760.0,770.0,14983000.0
2024-08-09 09:00:00+00:00,772.5,797.5,772.5,792.5,17835000.0
2024-08-12 09:00:00+00:00,797.5,802.5,785.0,792.5,16084000.0
2024-08-13 09:00:00+00:00,792.5,865.0,790.0,860.0,68488000.0
2024-08-14 09:00:00+00:00,862.5,900.0,860.0,870.0,88740000.0
2024-08-15 09:00:00+00:00,870.0,885.0,847.5,862.5,28342000.0
2024-08-16 09:00:00+00:00,870.0,877.5,855.0,862.5,18859000.0
2024-08-19 09:00:00+00:00,870.0,890.0,865.0,867.5,20020000.0
2024-08-20 09:00:00+00:00,870.0,885.0,855.0,855.0,13802000.0
2024-08-21 09:00:00+00:00,862.5,882.5,855.0,880.0,21857000.0
2024-08-22 09:00:00+00:00,880.0,910.0,850.0,850.0,76569000.0
2024-08-23 09:00:00+00:00,850.0,892.5,850.0,870.0,21792000.0
2024-08-26 09:00:00+00:00,875.0,907.5,875.0,895.0,34938000.0
2024-08-27 09:00:00+00:00,895.0,910.0,885.0,895.0,15498000.0
2024-08-28 09:00:00+00:00,897.5,1072.5,895.0,1072.5,201781000.0
2024-08-29 09:00:00+00:00,1120.0,1285.0,1107.5,1212.5,332822000.0
2024-08-30 09:00:00+00:00,1217.5,1395.0,1212.5,1260.0,215040000.0
2024-09-02 09:00:00+00:00,1290.0,1442.5,1285.0,1325.0,231690000.0
2024-09-03 09:00:00+00:00,1350.0,1377.5,1232.5,1300.0,111011000.0
2024-09-04 09:00:00+00:00,1280.0,1400.0,1272.5,1400.0,139334000.0
2024-09-05 09:00:00+00:00,1410.0,1422.5,1310.0,1320.0,117008000.0
2024-09-06 09:00:00+00:00,1330.0,1380.0,1325.0,1365.0,66556000.0
2024-09-09 09:00:00+00:00,1367.5,1427.5,1340.0,1350.0,96767000.0
2024-09-10 09:00:00+00:00,1365.0,1420.0,1360.0,1372.5,82681000.0
2024-09-11 09:00:00+00:00,1380.0,1390.0,1340.0,1350.0,50321000.0
2024-09-12 09:00:00+00:00,1342.5,1365.0,1325.0,1335.0,39752000.0
2024-09-13 09:00:00+00:00,1335.0,1357.5,1330.0,1335.0,20643000.0
2024-09-17 09:00:00+00:00,1335.0,1392.5,1287.5,1330.0,98796000.0
2024-09-18 09:00:00+00:00,1340.0,1345.0,1295.0,1295.0,29712000.0
2024-09-19 09:00:00+00:00,1310.0,1330.0,1295.0,1300.0,44252000.0
2024-09-20 09:00:00+00:00,1300.0,1300.0,1040.0,1165.0,193377000.0
2024-09-23 09:00:00+00:00,1162.5,1265.0,1157.5,1245.0,76215000.0
2024-09-24 09:00:00+00:00,1260.0,1412.5,1250.0,1372.5,161920000.0
2024-09-25 09:00:00+00:00,1375.0,1520.0,1375.0,1420.0,254784000.0
2024-09-26 09:00:00+00:00,1430.0,1510.0,1360.0,1390.0,194807000.0
2024-09-27 09:00:00+00:00,1392.5,1420.0,1327.5,1345.0,105827000.0
2024-09-30 09:00:00+00:00,1342.5,1437.5,1342.5,1402.5,94471000.0
2024-10-01 09:00:00+00:00,1410.0,1470.0,1410.0,1437.5,108097000.0
2024-10-02 09:00:00+00:00,1450.0,1460.0,1365.0,1415.0,68578000.0
2024-10-03 09:00:00+00:00,1425.0,1435.0,1385.0,1397.5,46569000.0
2024-10-04 09:00:00+00:00,1405.0,1412.5,1340.0,1340.0,55010000.0
2024-10-07 09:00:00+00:00,1360.0,1377.5,1282.5,1325.0,56409000.0
2024-10-08 09:00:00+00:00,1325.0,1395.0,1310.0,1395.0,48228000.0
2024-10-09 09:00:00+00:00,1402.5,1440.0,1390.0,1410.0,57454000.0
2024-10-10 09:00:00+00:00,1422.5,1425.0,1375.0,1380.0,31475000.0
2024-10-11 09:00:00+00:00,1387.5,1425.0,1385.0,1410.0,26474000.0
2024-10-14 09:00:00+00:00,1412.5,1497.5,1412.5,1445.0,67755000.0
2024-10-15 09:00:00+00:00,1460.0,1485.0,1425.0,1440.0,37736000.0
2024-10-16 09:00:00+00:00,1440.0,1467.5,1420.0,1432.5,34219000.0
2024-10-17 09:00:00+00:00,1445.0,1467.5,1427.5,1450.0,38640000.0
2024-10-18 09:00:00+00:00,1460.0,1472.5,1432.5,1432.5,30350000.0
2024-10-21 09:00:00+00:00,1435.0,1457.5,1435.0,1435.0,28918000.0
2024-10-22 09:00:00+00:00,1437.5,1720.0,1435.0,1720.0,187389000.0
2024-10-23 09:00:00+00:00,1760.0,1807.5,1635.0,1650.0,163249000.0
2024-10-24 09:00:00+00:00,1650.0,1780.0,1650.0,1700.0,116772000.0
2024-10-25 09:00:00+00:00,1705.0,1750.0,1680.0,1690.0,51884000.0
2024-10-28 09:00:00+00:00,1692.5,1727.5,1630.0,1630.0,61580000.0
2024-10-29 09:00:00+00:00,1650.0,1722.5,1650.0,1680.0,49544000.0
2024-10-30 09:00:00+00:00,1682.5,1705.0,1660.0,1667.5,31100000.0
2024-10-31 09:00:00+00:00,1682.5,1997.5,1667.5,1820.0,247886000.0
2024-11-01 09:00:00+00:00,1850.0,1907.5,1790.0,1792.5,148947000.0
2024-11-04 09:00:00+00:00,1792.5,1850.0,1745.0,1757.5,72929000.0
2024-11-05 09:00:00+00:00,1767.5,1772.5,1700.0,1720.0,49550000.0
2024-11-06 09:00:00+00:00,1720.0,1782.5,1677.5,1697.5,74261000.0
2024-11-07 09:00:00+00:00,1740.0,1912.5,1715.0,1777.5,112269000.0
2024-11-08 09:00:00+00:00,1815.0,1862.5,1797.5,1825.0,74148000.0
2024-11-11 09:00:00+00:00,1830.0,1927.5,1830.0,1917.5,86953000.0
2024-11-12 09:00:00+00:00,1930.0,2000.0,1865.0,1877.5,104337000.0
2024-11-13 09:00:00+00:00,1877.5,1945.0,1830.0,1925.0,47875000.0
2024-11-14 09:00:00+00:00,1925.0,1932.5,1840.0,1857.5,49580000.0
2024-11-15 09:00:00+00:00,1872.5,1885.0,1740.0,1845.0,52897000.0
2024-11-18 09:00:00+00:00,1865.0,1865.0,1807.5,1837.5,37094000.0
2024-11-19 09:00:00+00:00,1842.5,1930.0,1827.5,1870.0,52150000.0
2024-11-20 09:00:00+00:00,1875.0,1940.0,1875.0,1925.0,42644000.0
2024-11-21 09:00:00+00:00,1930.0,1980.0,1882.5,1885.0,44308000.0
2024-11-22 09:00:00+00:00,1885.0,1935.0,1880.0,1887.5,27856000.0
2024-11-25 09:00:00+00:00,1887.5,1917.5,1885.0,1895.0,29845000.0
2024-11-26 09:00:00+00:00,1912.5,1925.0,1850.0,1862.5,46076000.0
2024-11-28 09:00:00+00:00,1882.5,1925.0,1875.0,1892.5,40655000.0
2024-11-29 09:00:00+00:00,1895.0,2000.0,1877.5,1972.5,73308000.0
2024-12-02 09:00:00+00:00,1995.0,2200.0,1985.0,2187.5,93944000.0
2024-12-03 09:00:00+00:00,2197.5,2240.0,2145.0,2170.0,41912000.0
2024-12-04 09:00:00+00:00,2167.5,2330.0,2160.0,2317.5,69122000.0
2024-12-05 09:00:00+00:00,2322.5,2497.5,2315.0,2380.0,86734000.0
2024-12-06 09:00:00+00:00,2400.0,2522.5,2380.0,2470.0,89270000.0
2024-12-09 09:00:00+00:00,2450.0,2470.0,2407.5,2425.0,52191000.0
2024-12-10 09:00:00+00:00,2450.0,2562.5,2400.0,2545.0,56992000.0
2024-12-11 09:00:00+00:00,2560.0,2672.5,2560.0,2640.0,53833000.0
2024-12-12 09:00:00+00:00,2650.0,2780.0,2600.0,2620.0,75343000.0
2024-12-13 09:00:00+00:00,2627.5,2697.5,2450.0,2550.0,41585000.0
2024-12-16 09:00:00+00:00,2577.5,2645.0,2470.0,2572.5,47285000.0
2024-12-17 09:00:00+00:00,2572.5,2635.0,2482.5,2525.0,48490000.0
2024-12-18 09:00:00+00:00,2542.5,2670.0,2542.5,2667.5,48357000.0
2024-12-19 09:00:00+00:00,2675.0,2692.5,2610.0,2650.0,39847000.0
2024-12-20 09:00:00+00:00,2675.0,2775.0,2670.0,2750.0,60431000.0
2024-12-23 09:00:00+00:00,2762.5,2930.0,2762.5,2815.0,78727000.0
2024-12-24 09:00:00+00:00,2830.0,2882.5,2797.5,2805.0,35805000.0
2024-12-27 09:00:00+00:00,2817.5,2875.0,2817.5,2830.0,32556000.0
2024-12-30 09:00:00+00:00,2870.0,2877.5,2752.5,2762.5,39155000.0
2025-01-02 09:00:00+00:00,2795.0,2832.5,2625.0,2745.0,75120000.0
2025-01-03 09:00:00+00:00,2820.0,2980.0,2790.0,2880.0,126582100.0
2025-01-06 09:00:00+00:00,2900.0,2950.0,2750.0,2800.0,53455100.0
2025-01-07 09:00:00+00:00,2800.0,2840.0,2660.0,2710.0,34628100.0
2025-01-08 09:00:00+00:00,2710.0,2930.0,2660.0,2910.0,96853200.0
2025-01-09 09:00:00+00:00,2900.0,3390.0,2900.0,3090.0,185036300.0
2025-01-10 09:00:00+00:00,3110.0,3400.0,3110.0,3380.0,122002200.0
2025-01-13 09:00:00+00:00,3420.0,3760.0,3350.0,3520.0,200521900.0
2025-01-14 09:00:00+00:00,3570.0,3690.0,3390.0,3520.0,104614000.0
2025-01-15 09:00:00+00:00,3520.0,3590.0,3310.0,3390.0,106127600.0
2025-01-16 09:00:00+00:00,3440.0,3550.0,3170.0,3550.0,101176000.0
2025-01-17 09:00:00+00:00,3570.0,3740.0,3520.0,3700.0,101731700.0
2025-01-20 09:00:00+00:00,3800.0,4220.0,3800.0,4180.0,164346400.0
2025-01-21 09:00:00+00:00,4260.0,4560.0,4120.0,4180.0,223480800.0
2025-01-22 09:00:00+00:00,4150.0,4290.0,4000.0,4020.0,122844300.0
2025-01-23 09:00:00+00:00,4020.0,4170.0,3750.0,3870.0,180208300.0
2025-01-24 09:00:00+00:00,3900.0,4050.0,3660.0,3950.0,131320900.0
2025-01-30 09:00:00+00:00,4030.0,4120.0,3950.0,4020.0,71999000.0
2025-01-31 09:00:00+00:00,4070.0,4080.0,3960.0,3960.0,49230900.0
2025-02-03 09:00:00+00:00,3920.0,3920.0,3600.0,3770.0,122867600.0
2025-02-04 09:00:00+00:00,3840.0,3980.0,3780.0,3880.0,69665600.0
2025-02-05 09:00:00+00:00,3950.0,3970.0,3820.0,3820.0,31873600.0
2025-02-06 09:00:00+00:00,3880.0,3940.0,3800.0,3820.0,32796800.0
2025-02-07 09:00:00+00:00,2870.0,3390.0,2870.0,2880.0,390669300.0
2025-02-10 09:00:00+00:00,3100.0,3490.0,2880.0,3490.0,266838100.0
2025-02-11 09:00:00+00:00,3590.0,3680.0,3160.0,3220.0,193300800.0
2025-02-12 09:00:00+00:00,3270.0,3480.0,3220.0,3400.0,91461500.0
2025-02-13 09:00:00+00:00,3480.0,3500.0,3350.0,3420.0,58553100.0
2025-02-14 09:00:00+00:00,3450.0,3560.0,3410.0,3470.0,66233600.0
2025-02-17 09:00:00+00:00,3520.0,3810.0,3480.0,3750.0,118318300.0
2025-02-18 09:00:00+00:00,3790.0,3940.0,3720.0,3820.0,88420600.0
2025-02-19 09:00:00+00:00,3850.0,3890.0,3770.0,3820.0,47897500.0
2025-02-20 09:00:00+00:00,3830.0,3860.0,3680.0,3700.0,51367000.0
2025-02-21 09:00:00+00:00,3710.0,3770.0,3640.0,3640.0,32219000.0
2025-02-24 09:00:00+00:00,3640.0,3640.0,3360.0,3400.0,88744200.0
2025-02-25 09:00:00+00:00,3400.0,3440.0,3030.0,3250.0,81084800.0
2025-02-26 09:00:00+00:00,3290.0,3430.0,3200.0,3320.0,63984100.0
2025-02-27 09:00:00+00:00,3350.0,3540.0,3220.0,3430.0,87314900.0
2025-02-28 09:00:00+00:00,3380.0,3530.0,3050.0,3150.0,91351100.0
2025-03-03 09:00:00+00:00,3240.0,3420.0,3210.0,3360.0,65278100.0
2025-03-04 09:00:00+00:00,3300.0,3350.0,2730.0,2980.0,164909500.0
2025-03-05 09:00:00+00:00,2990.0,3120.0,2970.0,3000.0,89755500.0
2025-03-06 09:00:00+00:00,3110.0,3380.0,3090.0,3380.0,103040400.0
2025-03-07 09:00:00+00:00,3380.0,3550.0,3300.0,3360.0,145989500.0
2025-03-10 09:00:00+00:00,3370.0,3410.0,3150.0,3180.0,63540800.0
2025-03-11 09:00:00+00:00,3050.0,3220.0,3010.0,3190.0,72565900.0
2025-03-12 09:00:00+00:00,3190.0,3240.0,3060.0,3080.0,52345100.0
2025-03-13 09:00:00+00:00,3120.0,3170.0,3010.0,3010.0,32893300.0
2025-03-14 09:00:00+00:00,3020.0,3020.0,2860.0,2900.0,217428700.0
2025-03-17 09:00:00+00:00,2950.0,2980.0,2610.0,2730.0,114594800.0
2025-03-18 09:00:00+00:00,2800.0,2810.0,2050.0,2410.0,258089600.0
2025-03-19 09:00:00+00:00,2440.0,2700.0,2250.0,2620.0,186693200.0
2025-03-20 09:00:00+00:00,2650.0,2860.0,2630.0,2700.0,141774000.0
2025-03-21 09:00:00+00:00,2740.0,2820.0,2550.0,2690.0,130703800.0
2025-03-24 09:00:00+00:00,2670.0,2670.0,2240.0,2450.0,121077400.0
2025-03-25 09:00:00+00:00,2480.0,2530.0,2340.0,2340.0,48045000.0
2025-03-26 09:00:00+00:00,2360.0,2490.0,2350.0,2430.0,43721800.0
2025-03-27 09:00:00+00:00,2430.0,2560.0,2380.0,2440.0,49832500.0
2025-04-08 09:00:00+00:00,2080.0,2250.0,2080.0,2080.0,111343500.0
2025-04-09 09:00:00+00:00,2030.0,2130.0,1850.0,1875.0,97911400.0
2025-04-10 09:00:00+00:00,2150.0,2280.0,2060.0,2170.0,156867900.0
2025-04-11 09:00:00+00:00,2170.0,2380.0,2090.0,2250.0,114656400.0
2025-04-14 09:00:00+00:00,2100.0,2430.0,2080.0,2340.0,96662200.0
2025-04-15 09:00:00+00:00,2350.0,2530.0,2350.0,2420.0,77178100.0
2025-04-16 09:00:00+00:00,2440.0,2490.0,2300.0,2310.0,50652500.0
2025-04-17 09:00:00+00:00,2340.0,2390.0,2300.0,2300.0,24223500.0
2025-04-21 09:00:00+00:00,2340.0,2430.0,2280.0,2310.0,36795900.0
2025-04-22 09:00:00+00:00,2320.0,2410.0,2240.0,2370.0,45557400.0
2025-04-23 09:00:00+00:00,2450.0,2580.0,2420.0,2500.0,78421500.0
2025-04-24 09:00:00+00:00,2530.0,2570.0,2420.0,2440.0,49867900.0
2025-04-25 09:00:00+00:00,2460.0,2480.0,2440.0,2450.0,20473700.0
2025-04-28 09:00:00+00:00,2510.0,2970.0,2480.0,2900.0,252943000.0
2025-04-29 09:00:00+00:00,2940.0,2960.0,2750.0,2760.0,99880600.0
2025-04-30 09:00:00+00:00,2780.0,2940.0,2780.0,2850.0,79701200.0
2025-05-02 09:00:00+00:00,2860.0,2920.0,2850.0,2850.0,40748800.0
2025-05-05 09:00:00+00:00,2900.0,2990.0,2860.0,2880.0,50147800.0
2025-05-06 09:00:00+00:00,2900.0,2980.0,2850.0,2950.0,73267100.0
2025-05-07 09:00:00+00:00,2990.0,3180.0,2990.0,3060.0,106254500.0
2025-05-08 09:00:00+00:00,3060.0,3060.0,2870.0,2910.0,78796400.0
2025-05-09 09:00:00+00:00,2930.0,2970.0,2860.0,2900.0,38081800.0
2025-05-14 09:00:00+00:00,2990.0,3120.0,2940.0,3120.0,93096100.0
2025-05-15 09:00:00+00:00,3150.0,3250.0,3120.0,3150.0,80038400.0
2025-05-16 09:00:00+00:00,3160.0,3270.0,3070.0,3200.0,71399600.0
2025-05-19 09:00:00+00:00,3220.0,3240.0,3150.0,3150.0,27266400.0
2025-05-20 09:00:00+00:00,3240.0,3290.0,3170.0,3170.0,84588600.0
2025-05-21 09:00:00+00:00,3170.0,3210.0,3090.0,3120.0,36184500.0
2025-05-22 09:00:00+00:00,3140.0,3180.0,3080.0,3090.0,25215500.0
2025-05-23 09:00:00+00:00,3100.0,3170.0,3060.0,3120.0,27108300.0
2025-05-26 09:00:00+00:00,3130.0,3170.0,3060.0,3080.0,33312400.0
2025-05-27 09:00:00+00:00,3100.0,3120.0,3000.0,3030.0,32531100.0
2025-05-28 09:00:00+00:00,3030.0,3160.0,2930.0,3100.0,78468800.0
2025-06-02 09:00:00+00:00,3140.0,3170.0,3040.0,3050.0,37417300.0
2025-06-03 09:00:00+00:00,3070.0,3070.0,2980.0,3010.0,23131600.0
2025-06-04 09:00:00+00:00,3030.0,3040.0,2900.0,2900.0,40726800.0
2025-06-05 09:00:00+00:00,2900.0,3030.0,2900.0,2930.0,43334300.0
2025-06-10 09:00:00+00:00,2940.0,3200.0,2940.0,3200.0,102406600.0
2025-06-11 09:00:00+00:00,3260.0,3380.0,3140.0,3160.0,125096500.0
2025-06-12 09:00:00+00:00,3130.0,3230.0,3120.0,3140.0,31080700.0
2025-06-13 09:00:00+00:00,3140.0,3170.0,3070.0,3090.0,35960300.0
2025-06-16 09:00:00+00:00,3110.0,3130.0,3030.0,3040.0,35691700.0
2025-06-17 09:00:00+00:00,3100.0,3100.0,3000.0,3010.0,26630400.0
2025-06-18 09:00:00+00:00,3020.0,3040.0,2920.0,2960.0,38418200.0
2025-06-19 09:00:00+00:00,2970.0,2990.0,2710.0,2790.0,78966300.0
2025-06-20 09:00:00+00:00,2790.0,2830.0,2710.0,2710.0,35167000.0
2025-06-23 09:00:00+00:00,2620.0,2680.0,2510.0,2610.0,51869400.0
2025-06-24 09:00:00+00:00,2700.0,2770.0,2660.0,2660.0,44309200.0
2025-06-25 09:00:00+00:00,2690.0,2720.0,2530.0,2540.0,46757600.0
2025-06-26 09:00:00+00:00,2540.0,2620.0,2520.0,2550.0,31055200.0
2025-06-30 09:00:00+00:00,2580.0,2810.0,2570.0,2790.0,52029300.0
2025-07-01 09:00:00+00:00,2760.0,2850.0,2720.0,2730.0,41434600.0
2025-07-02 09:00:00+00:00,2740.0,2780.0,2610.0,2620.0,23255200.0
2025-07-03 09:00:00+00:00,2650.0,2670.0,2580.0,2580.0,11805300.0
2025-07-04 09:00:00+00:00,2590.0,2640.0,2580.0,2600.0,11773400.0
2025-07-07 09:00:00+00:00,2610.0,2740.0,2600.0,2720.0,32421400.0
2025-07-08 09:00:00+00:00,2720.0,2880.0,2710.0,2830.0,49758100.0
2025-07-09 09:00:00+00:00,2850.0,2900.0,2800.0,2830.0,33144300.0
2025-07-10 09:00:00+00:00,2830.0,3150.0,2800.0,3140.0,147910400.0
2025-07-11 09:00:00+00:00,3170.0,3230.0,3150.0,3190.0,85345900.0
2025-07-14 09:00:00+00:00,3600.0,3980.0,3450.0,3980.0,390457300.0
2025-07-15 09:00:00+00:00,3970.0,4450.0,3700.0,3990.0,331523900.0
2025-07-16 09:00:00+00:00,4020.0,4230.0,3800.0,4160.0,180702600.0
2025-07-17 09:00:00+00:00,4170.0,4280.0,4130.0,4180.0,100951900.0
2025-07-18 09:00:00+00:00,4240.0,4330.0,4160.0,4180.0,89604300.0
2025-07-21 09:00:00+00:00,4210.0,4250.0,4020.0,4110.0,85882200.0
2025-07-22 09:00:00+00:00,4150.0,4160.0,3780.0,3830.0,102846700.0
2025-07-23 09:00:00+00:00,3800.0,3850.0,3570.0,3780.0,103953100.0
2025-07-24 09:00:00+00:00,3800.0,3880.0,3660.0,3700.0,62509400.0
2025-07-25 09:00:00+00:00,3700.0,3750.0,3550.0,3620.0,82630300.0
2025-07-28 09:00:00+00:00,3660.0,3970.0,3650.0,3920.0,133948800.0
2025-07-29 09:00:00+00:00,3940.0,3950.0,3850.0,3900.0,56356300.0
2025-07-30 09:00:00+00:00,3900.0,3950.0,3800.0,3820.0,41644400.0
2025-07-31 09:00:00+00:00,3830.0,3890.0,3680.0,3780.0,40114900.0
2025-08-01 09:00:00+00:00,3830.0,3960.0,3780.0,3910.0,63230100.0
2025-08-04 09:00:00+00:00,3900.0,3900.0,3510.0,3630.0,88440700.0
2025-08-05 09:00:00+00:00,3630.0,3680.0,3350.0,3480.0,94201700.0
2025-08-06 09:00:00+00:00,3510.0,3720.0,3510.0,3590.0,68128800.0
2025-08-07 09:00:00+00:00,3570.0,3580.0,3390.0,3440.0,69643700.0
2025-08-08 09:00:00+00:00,4150.0,4150.0,3670.0,3750.0,164440600.0
2025-08-11 09:00:00+00:00,3750.0,3780.0,3670.0,3710.0,27975600.0
2025-08-12 09:00:00+00:00,3700.0,3880.0,3630.0,3860.0,103248200.0
2025-08-13 09:00:00+00:00,3910.0,4060.0,3850.0,3910.0,136944100.0
2025-08-14 09:00:00+00:00,3940.0,4020.0,3920.0,4010.0,74632600.0
2025-08-15 09:00:00+00:00,4080.0,4090.0,3810.0,3810.0,81850800.0
2025-08-19 09:00:00+00:00,3840.0,4050.0,3840.0,4030.0,76204300.0
2025-08-20 09:00:00+00:00,4060.0,4190.0,3990.0,4100.0,99941800.0
2025-08-21 09:00:00+00:00,4120.0,4190.0,3960.0,4090.0,57250100.0
2025-08-22 09:00:00+00:00,4100.0,4120.0,4050.0,4050.0,26128400.0
2025-08-25 09:00:00+00:00,4070.0,4100.0,3960.0,4000.0,37128300.0
2025-08-26 09:00:00+00:00,4000.0,4010.0,3910.0,4010.0,104270500.0
2025-08-27 09:00:00+00:00,3970.0,4090.0,3950.0,3960.0,52837100.0
2025-08-28 09:00:00+00:00,4000.0,4020.0,3880.0,3910.0,39927800.0
2025-08-29 09:00:00+00:00,3800.0,3850.0,3600.0,3790.0,117258100.0
2025-09-01 09:00:00+00:00,3540.0,3800.0,3520.0,3700.0,76104800.0
2025-09-02 09:00:00+00:00,3740.0,3800.0,3730.0,3750.0,25294900.0
2025-09-03 09:00:00+00:00,3800.0,3820.0,3700.0,3700.0,16986200.0
2025-09-04 09:00:00+00:00,3700.0,3760.0,3680.0,3690.0,22053000.0
2025-09-08 09:00:00+00:00,3690.0,3710.0,3520.0,3520.0,35700800.0
2025-09-09 09:00:00+00:00,3500.0,3620.0,3370.0,3470.0,50194600.0
2025-09-10 09:00:00+00:00,3510.0,3530.0,3460.0,3480.0,21712400.0
2025-09-11 09:00:00+00:00,3480.0,3780.0,3480.0,3720.0,70476300.0
2025-09-12 09:00:00+00:00,3750.0,3920.0,3750.0,3870.0,74013200.0
2025-09-15 09:00:00+00:00,3890.0,4150.0,3880.0,4110.0,103303000.0
2025-09-16 09:00:00+00:00,4160.0,4230.0,4120.0,4190.0,83638300.0
2025-09-17 09:00:00+00:00,4200.0,4550.0,4200.0,4490.0,194431700.0
2025-09-18 09:00:00+00:00,4540.0,5250.0,4540.0,5150.0,220682400.0
2025-09-19 09:00:00+00:00,5175.0,5675.0,4970.0,5300.0,174129400.0
2025-09-22 09:00:00+00:00,5400.0,5600.0,5300.0,5475.0,96555800.0
2025-09-23 09:00:00+00:00,5675.0,6425.0,5450.0,6175.0,130532300.0
2025-09-24 09:00:00+00:00,6000.0,6975.0,5950.0,6475.0,210347400.0
2025-09-25 09:00:00+00:00,6475.0,6725.0,6100.0,6175.0,100440300.0
2025-09-26 09:00:00+00:00,6200.0,6800.0,6200.0,6650.0,72286500.0
2025-09-29 09:00:00+00:00,6850.0,7350.0,6750.0,6850.0,103372900.0
2025-09-30 09:00:00+00:00,6925.0,7025.0,6550.0,6775.0,61096100.0
2025-10-01 09:00:00+00:00,6800.0,6900.0,6600.0,6625.0,35053600.0
2025-10-02 09:00:00+00:00,6650.0,6950.0,6500.0,6750.0,40690300.0
2025-10-03 09:00:00+00:00,6750.0,7275.0,6750.0,7150.0,72184000.0
2025-10-06 09:00:00+00:00,7150.0,7150.0,7150.0,7150.0,0.0
2025-10-07 09:00:00+00:00,7375.0,7650.0,7200.0,7275.0,130531200.0
2025-10-08 09:00:00+00:00,7375.0,7425.0,6750.0,7325.0,63677700.0
2025-10-09 09:00:00+00:00,7400.0,7500.0,6800.0,7075.0,52779900.0
2025-10-10 09:00:00+00:00,7100.0,7200.0,6900.0,7075.0,47718600.0
2025-10-13 09:00:00+00:00,6950.0,7325.0,6900.0,7050.0,60714900.0
2025-10-14 09:00:00+00:00,7250.0,7325.0,6000.0,6700.0,122711400.0
2025-10-15 09:00:00+00:00,6700.0,7075.0,6350.0,6700.0,73494000.0
2025-10-16 09:00:00+00:00,6900.0,7150.0,6825.0,7000.0,53577100.0
2025-10-17 09:00:00+00:00,7075.0,7100.0,6575.0,6650.0,80748000.0
2025-10-20 09:00:00+00:00,6900.0,7100.0,6700.0,6775.0,54061800.0
2025-10-21 09:00:00+00:00,6775.0,7100.0,6775.0,6875.0,45997300.0
2025-10-22 09:00:00+00:00,7075.0,7500.0,6800.0,7500.0,137188300.0
2025-10-23 09:00:00+00:00,7600.0,7750.0,7150.0,7250.0,104234900.0
2025-10-24 09:00:00+00:00,7250.0,7550.0,7125.0,7150.0,48095000.0
2025-10-27 09:00:00+00:00,7225.0,7375.0,6100.0,6475.0,357028400.0
2025-10-28 09:00:00+00:00,6575.0,6800.0,6175.0,6550.0,92052500.0
2025-10-29 09:00:00+00:00,6600.0,6950.0,6575.0,6950.0,54041600.0
2025-10-30 09:00:00+00:00,7000.0,7050.0,6800.0,6800.0,28305600.0
2025-10-31 09:00:00+00:00,6850.0,6950.0,6700.0,6800.0,26655800.0
2025-11-03 09:00:00+00:00,6800.0,7375.0,6800.0,7300.0,69127700.0
2025-11-04 09:00:00+00:00,7400.0,7750.0,7200.0,7300.0,139908200.0
2025-11-05 09:00:00+00:00,7250.0,7600.0,7125.0,7600.0,76693400.0
2025-11-06 09:00:00+00:00,8050.0,8125.0,7675.0,7925.0,118597100.0
2025-11-07 09:00:00+00:00,7950.0,8725.0,7900.0,8550.0,114080900.0
2025-11-10 09:00:00+00:00,8650.0,9050.0,8550.0,8800.0,80167200.0
2025-11-11 09:00:00+00:00,8800.0,8875.0,8500.0,8700.0,40530800.0
2025-11-12 09:00:00+00:00,8750.0,9075.0,8625.0,8800.0,43347600.0
2025-11-13 09:00:00+00:00,8950.0,9250.0,8825.0,9100.0,50682900.0
2025-11-14 09:00:00+00:00,9125.0,9250.0,8975.0,9025.0,28722300.0
2025-11-17 09:00:00+00:00,9025.0,9225.0,8925.0,9075.0,21574700.0
2025-11-18 09:00:00+00:00,9075.0,9075.0,8700.0,8750.0,32629100.0
2025-11-19 09:00:00+00:00,8750.0,9125.0,8750.0,8925.0,32515000.0
2025-11-20 09:00:00+00:00,8950.0,9075.0,8925.0,8950.0,14593300.0
2025-11-21 09:00:00+00:00,8925.0,8950.0,8800.0,8950.0,16033600.0
2025-11-24 09:00:00+00:00,9050.0,9825.0,8975.0,9825.0,103815300.0
2025-11-25 09:00:00+00:00,9825.0,10050.0,9525.0,9750.0,54413200.0
2025-11-26 09:00:00+00:00,9825.0,10050.0,9775.0,9825.0,37582500.0
2025-11-27 09:00:00+00:00,9950.0,10125.0,9900.0,9950.0,33059700.0
2025-11-28 09:00:00+00:00,9900.0,10050.0,9650.0,10000.0,40149800.0
2025-12-01 09:00:00+00:00,10100.0,10150.0,9925.0,10025.0,27897700.0
2025-12-02 09:00:00+00:00,10050.0,10500.0,10050.0,10225.0,43719200.0
2025-12-03 09:00:00+00:00,10275.0,10500.0,10225.0,10325.0,20071500.0
2025-12-04 09:00:00+00:00,10375.0,10450.0,10200.0,10375.0,18895000.0
2025-12-05 09:00:00+00:00,10375.0,10875.0,10375.0,10750.0,34024300.0
2025-12-08 09:00:00+00:00,10800.0,10850.0,10600.0,10775.0,25780300.0
2025-12-09 09:00:00+00:00,10775.0,10825.0,10100.0,10400.0,41691000.0
2025-12-10 09:00:00+00:00,10400.0,10500.0,10000.0,10025.0,37439900.0
2025-12-11 09:00:00+00:00,10500.0,11150.0,10250.0,11025.0,89726100.0
2025-12-12 09:00:00+00:00,11000.0,11250.0,10800.0,10950.0,28659500.0
2025-12-15 09:00:00+00:00,10925.0,11000.0,10225.0,10500.0,39582400.0
2025-12-16 09:00:00+00:00,10500.0,10775.0,10425.0,10725.0,15948300.0
2025-12-17 09:00:00+00:00,10775.0,10975.0,10650.0,10850.0,29059500.0
2025-12-18 09:00:00+00:00,10925.0,11225.0,10500.0,10850.0,52667900.0
2025-12-19 09:00:00+00:00,10900.0,10975.0,10650.0,10775.0,16957400.0
2025-12-22 09:00:00+00:00,10775.0,10850.0,10625.0,10700.0,10485300.0
2025-12-23 09:00:00+00:00,10700.0,10725.0,10475.0,10475.0,17254700.0
2025-12-24 09:00:00+00:00,10425.0,10650.0,10150.0,10450.0,37645200.0
2025-12-29 09:00:00+00:00,10500.0,10875.0,10500.0,10800.0,16662400.0
2025-12-30 09:00:00+00:00,10800.0,11100.0,10700.0,10925.0,28915600.0
2026-01-02 09:00:00+00:00,11000.0,11375.0,10950.0,11200.0,22826900.0
2026-01-05 09:00:00+00:00,11300.0,11350.0,11075.0,11150.0,22169100.0
2026-01-06 09:00:00+00:00,11325.0,12000.0,11250.0,11975.0,43194600.0
2026-01-07 09:00:00+00:00,12050.0,12450.0,11850.0,11875.0,34523700.0
2026-01-08 09:00:00+00:00,11925.0,12600.0,11900.0,12275.0,44383600.0
2026-01-09 09:00:00+00:00,12325.0,12400.0,11900.0,12050.0,31317700.0
2026-01-12 09:00:00+00:00,12100.0,12300.0,10250.0,11275.0,71817400.0
2026-01-13 09:00:00+00:00,11450.0,11575.0,11000.0,11525.0,44901000.0
2026-01-14 09:00:00+00:00,11800.0,12500.0,11475.0,12400.0,52733200.0
2026-01-15 09:00:00+00:00,12675.0,13000.0,12625.0,12900.0,56258500.0
2026-01-19 09:00:00+00:00,12900.0,12950.0,12750.0,12775.0,31569700.0
2026-01-20 09:00:00+00:00,12800.0,12850.0,12300.0,12725.0,62862100.0
2026-01-21 09:00:00+00:00,12600.0,12625.0,12075.0,12375.0,51654000.0
2026-01-22 09:00:00+00:00,12350.0,12350.0,10775.0,10775.0,132960900.0
2026-01-23 09:00:00+00:00,10225.0,10550.0,9175.0,9175.0,271195100.0
2026-01-26 09:00:00+00:00,8775.0,9350.0,8275.0,8325.0,198254900.0
2026-01-27 09:00:00+00:00,8350.0,8975.0,8350.0,8575.0,94807900.0
2026-01-28 09:00:00+00:00,7300.0,7300.0,7300.0,7300.0,24610400.0
2026-01-29 09:00:00+00:00,6225.0,8200.0,6225.0,7500.0,305409900.0
2026-01-30 09:00:00+00:00,7700.0,8075.0,6925.0,7050.0,113612500.0
2026-02-02 09:00:00+00:00,7075.0,7100.0,6000.0,6000.0,109633700.0
2026-02-03 09:00:00+00:00,5550.0,6375.0,5200.0,6150.0,161637400.0
2026-02-04 09:00:00+00:00,6175.0,6450.0,5825.0,6100.0,74999700.0
2026-02-05 09:00:00+00:00,6175.0,6750.0,6125.0,6125.0,93564700.0
2026-02-06 09:00:00+00:00,5900.0,6125.0,5525.0,5725.0,69893300.0
2026-02-09 09:00:00+00:00,5825.0,6050.0,5550.0,6025.0,53057200.0
2026-02-10 09:00:00+00:00,5875.0,6300.0,5875.0,5975.0,52422300.0
2026-02-11 09:00:00+00:00,6075.0,7150.0,6075.0,7125.0,235537400.0
2026-02-12 09:00:00+00:00,7300.0,7850.0,7150.0,7325.0,189801000.0
2026-02-13 09:00:00+00:00,7325.0,7625.0,7025.0,7450.0,88749800.0
2026-02-18 09:00:00+00:00,7700.0,8050.0,7500.0,7575.0,94072500.0
2026-02-19 09:00:00+00:00,7625.0,7700.0,7250.0,7325.0,61414900.0
2026-02-20 09:00:00+00:00,7350.0,7450.0,7050.0,7075.0,59855200.0
2026-02-23 09:00:00+00:00,7250.0,7375.0,7075.0,7125.0,57348600.0
2026-02-24 09:00:00+00:00,7175.0,7200.0,6500.0,6650.0,130424400.0
2026-02-25 09:00:00+00:00,6725.0,6850.0,6350.0,6775.0,82122500.0
2026-02-26 09:00:00+00:00,6825.0,6875.0,6125.0,6300.0,84240700.0
2026-02-27 09:00:00+00:00,6275.0,6375.0,5900.0,6125.0,106486100.0
2026-03-02 09:00:00+00:00,5725.0,6150.0,5625.0,6000.0,69686600.0
2026-03-03 09:00:00+00:00,6275.0,6375.0,5600.0,5825.0,95915100.0
2026-03-04 09:00:00+00:00,5725.0,5850.0,5175.0,5300.0,91357400.0
2026-03-05 09:00:00+00:00,5700.0,5750.0,5225.0,5225.0,76016400.0
2026-03-06 09:00:00+00:00,5200.0,5225.0,4890.0,4960.0,129856000.0
2026-03-09 09:00:00+00:00,4470.0,5350.0,4250.0,4990.0,153318900.0
2026-03-10 09:00:00+00:00,5325.0,5750.0,4950.0,5100.0,164815100.0
2026-03-11 09:00:00+00:00,5125.0,5275.0,4970.0,5000.0,60159000.0
2026-03-12 09:00:00+00:00,4960.0,5050.0,4680.0,4680.0,51567500.0
2026-03-13 09:00:00+00:00,4650.0,4710.0,4500.0,4530.0,67956700.0
2026-03-16 09:00:00+00:00,4530.0,4600.0,4260.0,4260.0,43745900.0
2026-03-17 09:00:00+00:00,4320.0,4600.0,4260.0,4320.0,62373200.0
2026-03-25 09:00:00+00:00,4420.0,4790.0,4330.0,4730.0,81344100.0
2026-03-26 09:00:00+00:00,4870.0,4930.0,4430.0,4440.0,56863900.0
2026-03-27 09:00:00+00:00,4440.0,4580.0,4400.0,4450.0,31604100.0
2026-03-30 09:00:00+00:00,4300.0,4600.0,4280.0,4590.0,68459000.0
2026-03-31 09:00:00+00:00,4590.0,4770.0,4440.0,4450.0,94006200.0
2026-04-01 09:00:00+00:00,4630.0,4740.0,4570.0,4610.0,62032600.0
2026-04-02 09:00:00+00:00,4540.0,4600.0,4300.0,4300.0,55959800.0
2026-04-06 09:00:00+00:00,4150.0,4470.0,4130.0,4440.0,62144800.0
2026-04-07 09:00:00+00:00,4480.0,4670.0,4360.0,4500.0,67849900.0
2026-04-08 09:00:00+00:00,4890.0,5450.0,4640.0,5225.0,147886600.0
2026-04-09 09:00:00+00:00,5050.0,5450.0,5000.0,5250.0,107321000.0
2026-04-10 09:00:00+00:00,5350.0,5750.0,5325.0,5375.0,116290400.0
2026-04-13 09:00:00+00:00,5250.0,6200.0,5200.0,6000.0,218470900.0
2026-04-14 09:00:00+00:00,6300.0,6800.0,6200.0,6650.0,217890400.0
2026-04-15 09:00:00+00:00,6825.0,6875.0,6350.0,6375.0,173646500.0
2026-04-16 09:00:00+00:00,6400.0,6575.0,6100.0,6250.0,105643600.0
2026-04-17 09:00:00+00:00,6300.0,6350.0,6125.0,6200.0,47100100.0
2026-04-20 09:00:00+00:00,6250.0,6350.0,5950.0,6075.0,50766900.0
2026-04-21 09:00:00+00:00,6025.0,6500.0,5900.0,6300.0,98619000.0
2026-04-22 09:00:00+00:00,6350.0,6550.0,6150.0,6250.0,65449000.0
2026-04-23 09:00:00+00:00,6275.0,6350.0,5975.0,6175.0,62695100.0
2026-04-24 09:00:00+00:00,6225.0,6275.0,5575.0,5600.0,105694400.0
2026-04-27 09:00:00+00:00,5600.0,5875.0,5225.0,5300.0,152929700.0
2026-04-28 09:00:00+00:00,5400.0,5700.0,5200.0,5500.0,128630300.0
2026-04-29 09:00:00+00:00,5550.0,5625.0,5325.0,5350.0,81544200.0
2026-04-30 09:00:00+00:00,5350.0,5350.0,4810.0,5050.0,115150100.0
2026-05-04 09:00:00+00:00,5150.0,5350.0,5050.0,5075.0,42242000.0
2026-05-05 09:00:00+00:00,5100.0,5900.0,4930.0,5900.0,151894700.0
2026-05-06 09:00:00+00:00,5950.0,6025.0,5625.0,5650.0,107243700.0
2026-05-07 09:00:00+00:00,5750.0,6125.0,5350.0,5475.0,150365500.0
2026-05-08 09:00:00+00:00,5500.0,5500.0,4980.0,5050.0,91539500.0
2026-05-11 09:00:00+00:00,5050.0,5200.0,4810.0,4920.0,85875700.0
2026-05-12 09:00:00+00:00,4950.0,5475.0,4870.0,5375.0,120828600.0
2026-05-13 09:00:00+00:00,5350.0,5550.0,5025.0,5025.0,81904900.0
2026-05-14 09:00:00+00:00,5025.0,5025.0,5025.0,5025.0,0.0
2026-05-15 09:00:00+00:00,5025.0,5025.0,5025.0,5025.0,0.0
2026-05-18 09:00:00+00:00,4950.0,5025.0,4690.0,4850.0,64500300.0
2026-05-19 09:00:00+00:00,4900.0,4970.0,4160.0,4320.0,86362600.0
2026-05-20 09:00:00+00:00,4290.0,4400.0,3700.0,4000.0,131794400.0
2026-05-21 09:00:00+00:00,4080.0,4130.0,3430.0,3460.0,110919200.0
2026-05-22 09:00:00+00:00,3450.0,3770.0,3170.0,3750.0,88602100.0
2026-05-25 09:00:00+00:00,3800.0,3880.0,3570.0,3580.0,51441000.0
2026-05-26 09:00:00+00:00,3580.0,4210.0,3580.0,3740.0,121014000.0
2026-05-27 09:00:00+00:00,3740.0,3740.0,3740.0,3740.0,0.0
2026-05-28 09:00:00+00:00,3740.0,3740.0,3740.0,3740.0,0.0
2026-05-29 09:00:00+00:00,3900.0,4670.0,3900.0,4670.0,243479600.0
2026-06-02 09:00:00+00:00,5200.0,5450.0,4680.0,4800.0,157065700.0
2026-06-03 09:00:00+00:00,4670.0,4720.0,4080.0,4110.0,122532400.0
2026-06-04 09:00:00+00:00,4110.0,4120.0,3580.0,3970.0,74481300.0
2026-06-05 09:00:00+00:00,4040.0,4180.0,3650.0,3650.0,64602300.0
2026-06-08 09:00:00+00:00,3550.0,3770.0,3340.0,3460.0,72179000.0
2026-06-09 09:00:00+00:00,3460.0,4300.0,3460.0,4220.0,114354400.0
2026-06-10 09:00:00+00:00,4310.0,4570.0,4090.0,4180.0,160017100.0
2026-06-11 09:00:00+00:00,4180.0,4350.0,3820.0,4010.0,57788600.0
2026-06-12 09:00:00+00:00,4150.0,4340.0,4150.0,4180.0,64705700.0
2026-06-15 09:00:00+00:00,4330.0,4790.0,4330.0,4450.0,112034300.0
2026-06-17 09:00:00+00:00,4490.0,4570.0,4140.0,4190.0,61233400.0
2026-06-18 09:00:00+00:00,4190.0,4350.0,4080.0,4330.0,30951100.0
2026-06-19 09:00:00+00:00,4350.0,4430.0,4260.0,4260.0,22569000.0
2026-06-22 09:00:00+00:00,4320.0,4340.0,4040.0,4040.0,21132400.0
2026-06-23 09:00:00+00:00,4020.0,4320.0,4000.0,4320.0,37843500.0
2026-06-24 09:00:00+00:00,4320.0,4450.0,3910.0,3920.0,39452800.0
2026-06-25 09:00:00+00:00,3920.0,4100.0,3860.0,4000.0,39812200.0
2026-06-26 09:00:00+00:00,4000.0,4050.0,3750.0,3870.0,28922400.0
2026-06-29 09:00:00+00:00,3880.0,3910.0,3770.0,3770.0,13862300.0
2026-06-30 09:00:00+00:00,3800.0,3830.0,3550.0,3710.0,24308000.0
2026-07-01 09:00:00+00:00,3710.0,3940.0,3610.0,3790.0,36132800.0
2026-07-02 09:00:00+00:00,3790.0,4010.0,3760.0,3830.0,37082500.0
2026-07-03 09:00:00+00:00,3880.0,3950.0,3850.0,3860.0,13904600.0
2026-07-06 09:00:00+00:00,3900.0,3990.0,3850.0,3950.0,18930900.0
2026-07-07 09:00:00+00:00,3980.0,4060.0,3940.0,4010.0,23184300.0
2026-07-08 09:00:00+00:00,3990.0,3990.0,3840.0,3840.0,14079100.0
2026-07-09 09:00:00+00:00,3840.0,3930.0,3830.0,3900.0,13467800.0
2026-07-10 09:00:00+00:00,3920.0,3950.0,3860.0,3870.0,14439500.0
2026-07-13 09:00:00+00:00,3880.0,3960.0,3860.0,3960.0,18087400.0
2026-07-14 09:00:00+00:00,3980.0,4070.0,3930.0,3950.0,40515600.0
2026-07-15 09:00:00+00:00,3990.0,4010.0,3950.0,3970.0,13210800.0
2026-07-16 09:00:00+00:00,4000.0,4170.0,3940.0,4080.0,34692900.0
2026-07-17 09:00:00+00:00,4110.0,4140.0,4050.0,4070.0,20742300.0
2026-07-20 09:00:00+00:00,4080.0,4150.0,4070.0,4120.0,20205700.0
2026-07-21 09:00:00+00:00,4140.0,4470.0,4100.0,4470.0,74662400.0
2026-07-22 09:00:00+00:00,4500.0,4900.0,4480.0,4690.0,121500700.0
2026-07-23 09:00:00+00:00,4690.0,5200.0,4680.0,4910.0,158682200.0
2026-07-24 09:00:00+00:00,4820.0,5000.0,4640.0,4660.0,86906200.0
2026-07-27 09:00:00+00:00,4660.0,4890.0,4560.0,4710.0,56831100.0
2026-07-28 09:00:00+00:00,4710.0,4820.0,4680.0,4680.0,33956900.0
2026-07-29 09:00:00+00:00,4680.0,4780.0,4420.0,4600.0,50174600.0
2026-07-30 09:00:00+00:00,4620.0,4720.0,4580.0,4620.0,22560100.0
2026-07-31 09:00:00+00:00,4710.0,4820.0,4690.0,4710.0,34302900.0
2026-08-03 09:00:00+00:00,4800.0,4840.0,4570.0,4570.0,31689400.0
2026-08-04 09:00:00+00:00,4630.0,4650.0,4570.0,4650.0,20850400.0
2026-08-05 09:00:00+00:00,4700.0,4800.0,4670.0,4750.0,26193800.0
2026-08-06 09:00:00+00:00,4810.0,5125.0,4800.0,5125.0,101457200.0
2026-08-07 09:00:00+00:00,5125.0,5225.0,5000.0,5125.0,45164800.0
2026-08-10 09:00:00+00:00,5150.0,5225.0,4970.0,5025.0,59650900.0
2026-08-11 09:00:00+00:00,5025.0,5100.0,4860.0,4930.0,45125600.0
2026-08-12 09:00:00+00:00,4990.0,5600.0,4970.0,5500.0,134783500.0
2026-08-13 09:00:00+00:00,5500.0,5500.0,5150.0,5200.0,82500600.0
2026-08-14 09:00:00+00:00,5200.0,5375.0,5150.0,5250.0,47522300.0
2026-08-18 09:00:00+00:00,5400.0,5525.0,5250.0,5300.0,40030600.0
2026-08-19 09:00:00+00:00,5275.0,5300.0,5150.0,5250.0,22672100.0
2026-08-20 09:00:00+00:00,5300.0,5350.0,5250.0,5250.0,17367700.0
2026-08-21 09:00:00+00:00,5250.0,5350.0,5200.0,5300.0,25500000.0
2026-08-24 09:00:00+00:00,5350.0,5350.0,5125.0,5125.0,30788800.0
2026-08-25 09:00:00+00:00,5125.0,5125.0,5125.0,5125.0,0.0
2026-08-26 09:00:00+00:00,5125.0,5150.0,4860.0,4860.0,54735200.0
2026-08-27 09:00:00+00:00,4810.0,5125.0,4800.0,5075.0,39334600.0
2026-08-28 09:00:00+00:00,5125.0,5225.0,4960.0,4990.0,44558500.0
2026-08-31 09:00:00+00:00,5000.0,5125.0,4990.0,5075.0,24625500.0
2026-09-01 09:00:00+00:00,5150.0,5450.0,5075.0,5425.0,69283600.0
2026-09-02 09:00:00+00:00,5500.0,5500.0,5175.0,5350.0,46218900.0
2026-09-03 09:00:00+00:00,5375.0,5475.0,5225.0,5225.0,53058300.0
2026-09-04 09:00:00+00:00,5275.0,5475.0,5275.0,5375.0,51330200.0
2026-09-07 09:00:00+00:00,5400.0,5675.0,5300.0,5450.0,65301200.0
2026-09-08 09:00:00+00:00,5450.0,5625.0,5400.0,5425.0,33582000.0
2026-09-09 09:00:00+00:00,5500.0,5550.0,5400.0,5450.0,20710800.0
