ts,open,high,low,close,volume
2018-09-10 09:00:00+00:00,67.19999694824219,67.19999694824219,67.19999694824219,67.19999694824219,0.0
2018-09-11 09:00:00+00:00,67.19999694824219,67.19999694824219,67.19999694824219,67.19999694824219,0.0
2018-09-12 09:00:00+00:00,67.19999694824219,67.19999694824219,67.19999694824219,67.19999694824219,0.0
2018-09-13 09:00:00+00:00,66.30000305175781,66.30000305175781,65.19999694824219,65.19999694824219,75000.0
2018-09-14 09:00:00+00:00,65.19999694824219,65.19999694824219,65.19999694824219,65.19999694824219,0.0
2018-09-17 09:00:00+00:00,65.19999694824219,65.19999694824219,65.19999694824219,65.19999694824219,0.0
2018-09-18 09:00:00+00:00,65.19999694824219,65.19999694824219,65.19999694824219,65.19999694824219,0.0
2018-09-19 09:00:00+00:00,65.19999694824219,65.19999694824219,65.19999694824219,65.19999694824219,0.0
2018-09-20 09:00:00+00:00,57.20000076293945,59.0,54.400001525878906,56.0,2375000.0
2018-09-21 09:00:00+00:00,56.0,56.400001525878906,54.400001525878906,56.400001525878906,425000.0
2018-09-24 09:00:00+00:00,56.599998474121094,56.599998474121094,45.20000076293945,54.79999923706055,775000.0
2018-09-25 09:00:00+00:00,55.599998474121094,57.900001525878906,55.599998474121094,57.900001525878906,125000.0
2018-09-26 09:00:00+00:00,46.70000076293945,57.0,46.400001525878906,49.400001525878906,650000.0
2018-09-27 09:00:00+00:00,49.400001525878906,56.29999923706055,49.400001525878906,56.29999923706055,525000.0
2018-09-28 09:00:00+00:00,56.29999923706055,56.29999923706055,56.29999923706055,56.29999923706055,75000.0
2018-10-01 09:00:00+00:00,56.29999923706055,56.29999923706055,56.29999923706055,56.29999923706055,0.0
2018-10-02 09:00:00+00:00,56.29999923706055,56.29999923706055,56.29999923706055,56.29999923706055,0.0
2018-10-03 09:00:00+00:00,56.29999923706055,56.29999923706055,56.29999923706055,56.29999923706055,0.0
2018-10-04 09:00:00+00:00,56.29999923706055,56.29999923706055,56.29999923706055,56.29999923706055,0.0
2018-10-05 09:00:00+00:00,56.29999923706055,56.29999923706055,56.29999923706055,56.29999923706055,0.0
2018-10-08 09:00:00+00:00,56.29999923706055,56.29999923706055,56.29999923706055,56.29999923706055,0.0
2018-10-09 09:00:00+00:00,56.29999923706055,56.29999923706055,56.29999923706055,56.29999923706055,0.0
2018-10-10 09:00:00+00:00,56.29999923706055,56.29999923706055,56.29999923706055,56.29999923706055,0.0
2018-10-11 09:00:00+00:00,56.29999923706055,56.29999923706055,56.29999923706055,56.29999923706055,0.0
2018-10-12 09:00:00+00:00,56.29999923706055,56.29999923706055,56.29999923706055,56.29999923706055,0.0
2018-10-15 09:00:00+00:00,56.29999923706055,56.29999923706055,56.29999923706055,56.29999923706055,0.0
2018-10-16 09:00:00+00:00,46.400001525878906,57.0,46.400001525878906,55.79999923706055,1400000.0
2018-10-17 09:00:00+00:00,56.70000076293945,56.70000076293945,54.70000076293945,54.70000076293945,100000.0
2018-10-18 09:00:00+00:00,54.70000076293945,54.70000076293945,54.70000076293945,54.70000076293945,0.0
2018-10-19 09:00:00+00:00,54.70000076293945,54.70000076293945,54.70000076293945,54.70000076293945,0.0
2018-10-22 09:00:00+00:00,54.70000076293945,54.70000076293945,54.70000076293945,54.70000076293945,0.0
2018-10-23 09:00:00+00:00,54.70000076293945,54.70000076293945,54.70000076293945,54.70000076293945,0.0
2018-10-24 09:00:00+00:00,55.79999923706055,55.79999923706055,55.79999923706055,55.79999923706055,25000.0
2018-10-25 09:00:00+00:00,55.79999923706055,55.79999923706055,55.79999923706055,55.79999923706055,0.0
2018-10-26 09:00:00+00:00,56.70000076293945,57.900001525878906,56.70000076293945,57.29999923706055,125000.0
2018-10-29 09:00:00+00:00,57.29999923706055,57.29999923706055,57.29999923706055,57.29999923706055,0.0
2018-10-30 09:00:00+00:00,56.400001525878906,56.400001525878906,56.400001525878906,56.400001525878906,25000.0
2018-10-31 09:00:00+00:00,56.400001525878906,56.400001525878906,56.400001525878906,56.400001525878906,0.0
2018-11-01 09:00:00+00:00,56.400001525878906,64.0,56.400001525878906,59.900001525878906,1000000.0
2018-11-02 09:00:00+00:00,59.900001525878906,59.900001525878906,59.900001525878906,59.900001525878906,0.0
2018-11-05 09:00:00+00:00,59.900001525878906,59.900001525878906,59.900001525878906,59.900001525878906,0.0
2018-11-06 09:00:00+00:00,59.900001525878906,59.900001525878906,59.900001525878906,59.900001525878906,0.0
2018-11-07 09:00:00+00:00,58.70000076293945,58.70000076293945,58.70000076293945,58.70000076293945,50000.0
2018-11-08 09:00:00+00:00,56.0,56.0,56.0,56.0,25000.0
2018-11-09 09:00:00+00:00,57.0,59.5,57.0,57.400001525878906,400000.0
2018-11-12 09:00:00+00:00,53.099998474121094,56.0,53.099998474121094,55.400001525878906,750000.0
2018-11-13 09:00:00+00:00,55.400001525878906,55.400001525878906,55.400001525878906,55.400001525878906,0.0
2018-11-14 09:00:00+00:00,54.0,54.0,54.0,54.0,225000.0
2018-11-15 09:00:00+00:00,54.0,54.0,54.0,54.0,0.0
2018-11-16 09:00:00+00:00,54.0,54.0,54.0,54.0,0.0
2018-11-19 09:00:00+00:00,54.0,54.0,54.0,54.0,0.0
2018-11-20 09:00:00+00:00,54.0,54.0,54.0,54.0,0.0
2018-11-21 09:00:00+00:00,54.0,54.0,54.0,54.0,0.0
2018-11-22 09:00:00+00:00,54.0,54.0,54.0,54.0,0.0
2018-11-23 09:00:00+00:00,54.0,54.0,54.0,54.0,0.0
2018-11-26 09:00:00+00:00,54.0,54.0,54.0,54.0,0.0
2018-11-27 09:00:00+00:00,54.0,54.0,54.0,54.0,0.0
2018-11-28 09:00:00+00:00,54.0,54.0,54.0,54.0,0.0
2018-11-29 09:00:00+00:00,54.0,54.0,54.0,54.0,0.0
2018-11-30 09:00:00+00:00,59.599998474121094,59.599998474121094,58.900001525878906,58.900001525878906,125000.0
2018-12-03 09:00:00+00:00,58.900001525878906,58.900001525878906,58.900001525878906,58.900001525878906,0.0
2018-12-04 09:00:00+00:00,58.900001525878906,58.900001525878906,58.900001525878906,58.900001525878906,0.0
2018-12-05 09:00:00+00:00,58.900001525878906,58.900001525878906,58.900001525878906,58.900001525878906,0.0
2018-12-06 09:00:00+00:00,58.900001525878906,58.900001525878906,58.900001525878906,58.900001525878906,25000.0
2018-12-07 09:00:00+00:00,58.900001525878906,58.900001525878906,58.900001525878906,58.900001525878906,0.0
2018-12-10 09:00:00+00:00,58.900001525878906,58.900001525878906,58.900001525878906,58.900001525878906,0.0
2018-12-11 09:00:00+00:00,58.900001525878906,58.900001525878906,58.900001525878906,58.900001525878906,0.0
2018-12-12 09:00:00+00:00,58.900001525878906,58.900001525878906,58.900001525878906,58.900001525878906,0.0
2018-12-13 09:00:00+00:00,54.0,54.0,54.0,54.0,625000.0
2018-12-14 09:00:00+00:00,54.0,54.0,54.0,54.0,0.0
2018-12-17 09:00:00+00:00,54.0,54.0,54.0,54.0,0.0
2018-12-18 09:00:00+00:00,54.0,54.0,54.0,54.0,0.0
2018-12-19 09:00:00+00:00,54.0,54.0,54.0,54.0,0.0
2018-12-20 09:00:00+00:00,54.0,54.0,54.0,54.0,0.0
2018-12-21 09:00:00+00:00,54.0,54.0,54.0,54.0,0.0
2018-12-24 09:00:00+00:00,54.0,54.0,54.0,54.0,0.0
2018-12-25 09:00:00+00:00,54.0,54.0,54.0,54.0,0.0
2018-12-26 09:00:00+00:00,54.0,54.0,54.0,54.0,0.0
2018-12-27 09:00:00+00:00,54.0,54.0,54.0,54.0,0.0
2018-12-28 09:00:00+00:00,54.0,54.0,54.0,54.0,100000.0
2018-12-31 09:00:00+00:00,54.0,54.0,54.0,54.0,0.0
2019-01-01 09:00:00+00:00,54.0,54.0,54.0,54.0,0.0
2019-01-02 09:00:00+00:00,54.0,54.0,54.0,54.0,0.0
2019-01-03 09:00:00+00:00,54.0,54.0,54.0,54.0,0.0
2019-01-04 09:00:00+00:00,54.0,54.0,54.0,54.0,0.0
2019-01-07 09:00:00+00:00,54.0,54.0,54.0,54.0,0.0
2019-01-08 09:00:00+00:00,54.0,59.900001525878906,54.0,59.900001525878906,250000.0
2019-01-09 09:00:00+00:00,59.900001525878906,59.900001525878906,59.900001525878906,59.900001525878906,0.0
2019-01-10 09:00:00+00:00,59.900001525878906,59.900001525878906,59.900001525878906,59.900001525878906,0.0
2019-01-11 09:00:00+00:00,60.0,64.0,60.0,62.0,450000.0
2019-01-14 09:00:00+00:00,62.0,62.0,62.0,62.0,125000.0
2019-01-15 09:00:00+00:00,62.0,62.0,62.0,62.0,0.0
2019-01-16 09:00:00+00:00,62.0,62.0,62.0,62.0,0.0
2019-01-17 09:00:00+00:00,62.0,62.0,62.0,62.0,0.0
2019-01-18 09:00:00+00:00,62.0,62.0,62.0,62.0,0.0
2019-01-21 09:00:00+00:00,62.400001525878906,71.5999984741211,62.400001525878906,71.30000305175781,100000.0
2019-01-22 09:00:00+00:00,71.30000305175781,71.30000305175781,71.30000305175781,71.30000305175781,0.0
2019-01-23 09:00:00+00:00,71.30000305175781,71.30000305175781,71.30000305175781,71.30000305175781,0.0
2019-01-24 09:00:00+00:00,71.30000305175781,71.30000305175781,71.30000305175781,71.30000305175781,0.0
2019-01-25 09:00:00+00:00,60.0,60.0,60.0,60.0,25000.0
2019-01-28 09:00:00+00:00,60.0,60.0,60.0,60.0,0.0
2019-01-29 09:00:00+00:00,60.0,60.0,60.0,60.0,0.0
2019-01-30 09:00:00+00:00,60.900001525878906,60.900001525878906,60.79999923706055,60.79999923706055,125000.0
2019-01-31 09:00:00+00:00,60.79999923706055,60.79999923706055,60.79999923706055,60.79999923706055,0.0
2019-02-01 09:00:00+00:00,60.79999923706055,60.79999923706055,60.79999923706055,60.79999923706055,0.0
2019-02-04 09:00:00+00:00,60.79999923706055,60.79999923706055,60.79999923706055,60.79999923706055,0.0
2019-02-05 09:00:00+00:00,60.79999923706055,60.79999923706055,60.79999923706055,60.79999923706055,0.0
2019-02-06 09:00:00+00:00,60.0,60.0,60.0,60.0,25000.0
2019-02-07 09:00:00+00:00,60.0,60.0,60.0,60.0,0.0
2019-02-08 09:00:00+00:00,60.0,60.0,60.0,60.0,50000.0
2019-02-11 09:00:00+00:00,60.0,60.0,60.0,60.0,0.0
2019-02-12 09:00:00+00:00,60.0,60.0,60.0,60.0,0.0
2019-02-13 09:00:00+00:00,60.0,60.0,60.0,60.0,0.0
2019-02-14 09:00:00+00:00,62.0,62.0,62.0,62.0,650000.0
2019-02-15 09:00:00+00:00,62.0,62.0,62.0,62.0,0.0
2019-02-18 09:00:00+00:00,62.0,62.0,62.0,62.0,0.0
2019-02-19 09:00:00+00:00,62.0,62.0,62.0,62.0,0.0
2019-02-20 09:00:00+00:00,62.0,62.0,62.0,62.0,0.0
2019-02-21 09:00:00+00:00,62.0,62.0,62.0,62.0,0.0
2019-02-22 09:00:00+00:00,62.0,62.0,62.0,62.0,0.0
2019-02-25 09:00:00+00:00,62.0,62.0,62.0,62.0,0.0
2019-02-26 09:00:00+00:00,62.0,62.0,62.0,62.0,0.0
2019-02-27 09:00:00+00:00,62.099998474121094,62.099998474121094,62.099998474121094,62.099998474121094,125000.0
2019-02-28 09:00:00+00:00,62.099998474121094,62.099998474121094,62.099998474121094,62.099998474121094,0.0
2019-03-01 09:00:00+00:00,62.099998474121094,62.099998474121094,62.099998474121094,62.099998474121094,0.0
2019-03-04 09:00:00+00:00,62.0,62.0,62.0,62.0,125000.0
2019-03-05 09:00:00+00:00,58.0,58.0,58.0,58.0,100000.0
2019-03-06 09:00:00+00:00,58.0,58.0,58.0,58.0,0.0
2019-03-07 09:00:00+00:00,58.0,58.0,58.0,58.0,0.0
2019-03-08 09:00:00+00:00,58.0,58.0,58.0,58.0,125000.0
2019-03-11 09:00:00+00:00,58.0,58.0,58.0,58.0,0.0
2019-03-12 09:00:00+00:00,58.099998474121094,58.099998474121094,58.099998474121094,58.099998474121094,125000.0
2019-03-13 09:00:00+00:00,58.099998474121094,58.099998474121094,58.099998474121094,58.099998474121094,0.0
2019-03-14 09:00:00+00:00,58.099998474121094,58.099998474121094,58.099998474121094,58.099998474121094,0.0
2019-03-15 09:00:00+00:00,58.099998474121094,58.099998474121094,58.099998474121094,58.099998474121094,0.0
2019-03-18 09:00:00+00:00,58.099998474121094,58.099998474121094,58.099998474121094,58.099998474121094,0.0
2019-03-19 09:00:00+00:00,58.099998474121094,58.099998474121094,58.099998474121094,58.099998474121094,0.0
2019-03-20 09:00:00+00:00,60.099998474121094,60.099998474121094,60.099998474121094,60.099998474121094,200000.0
2019-03-21 09:00:00+00:00,60.099998474121094,60.099998474121094,60.099998474121094,60.099998474121094,0.0
2019-03-22 09:00:00+00:00,60.099998474121094,60.099998474121094,60.099998474121094,60.099998474121094,0.0
2019-03-25 09:00:00+00:00,60.099998474121094,60.099998474121094,60.099998474121094,60.099998474121094,0.0
2019-03-26 09:00:00+00:00,60.099998474121094,60.099998474121094,60.099998474121094,60.099998474121094,0.0
2019-03-27 09:00:00+00:00,60.099998474121094,60.099998474121094,60.099998474121094,60.099998474121094,0.0
2019-03-28 09:00:00+00:00,60.0,60.0,58.0,58.0,125000.0
2019-03-29 09:00:00+00:00,58.0,58.0,58.0,58.0,0.0
2019-04-01 09:00:00+00:00,58.0,58.0,58.0,58.0,125000.0
2019-04-02 09:00:00+00:00,58.0,58.0,58.0,58.0,0.0
2019-04-03 09:00:00+00:00,58.0,58.0,58.0,58.0,0.0
2019-04-04 09:00:00+00:00,58.099998474121094,58.099998474121094,58.099998474121094,58.099998474121094,25000.0
2019-04-05 09:00:00+00:00,58.099998474121094,58.099998474121094,58.099998474121094,58.099998474121094,25000.0
2019-04-08 09:00:00+00:00,58.0,58.0,58.0,58.0,25000.0
2019-04-09 09:00:00+00:00,58.0,58.0,58.0,58.0,275000.0
2019-04-10 09:00:00+00:00,58.0,58.0,58.0,58.0,0.0
2019-04-11 09:00:00+00:00,58.0,58.0,58.0,58.0,0.0
2019-04-12 09:00:00+00:00,58.099998474121094,58.099998474121094,58.0,58.0,50000.0
2019-04-15 09:00:00+00:00,58.0,58.0,58.0,58.0,0.0
2019-04-16 09:00:00+00:00,58.0,58.0,58.0,58.0,0.0
2019-04-17 09:00:00+00:00,58.0,58.0,58.0,58.0,0.0
2019-04-18 09:00:00+00:00,58.0,58.0,58.0,58.0,0.0
2019-04-19 09:00:00+00:00,58.0,58.0,58.0,58.0,0.0
2019-04-22 09:00:00+00:00,58.0,58.0,58.0,58.0,0.0
2019-04-23 09:00:00+00:00,58.0,58.0,58.0,58.0,125000.0
2019-04-24 09:00:00+00:00,58.0,58.0,58.0,58.0,0.0
2019-04-25 09:00:00+00:00,58.0,58.0,58.0,58.0,0.0
2019-04-26 09:00:00+00:00,58.0,58.0,58.0,58.0,0.0
2019-04-29 09:00:00+00:00,58.0,58.0,58.0,58.0,0.0
2019-04-30 09:00:00+00:00,58.0,58.0,58.0,58.0,0.0
2019-05-01 09:00:00+00:00,58.0,58.0,58.0,58.0,0.0
2019-05-02 09:00:00+00:00,58.0,58.0,58.0,58.0,0.0
2019-05-03 09:00:00+00:00,58.0,58.0,58.0,58.0,150000.0
2019-05-06 09:00:00+00:00,58.0,58.0,58.0,58.0,0.0
2019-05-07 09:00:00+00:00,58.0,58.0,58.0,58.0,0.0
2019-05-08 09:00:00+00:00,58.0,58.0,58.0,58.0,0.0
2019-05-09 09:00:00+00:00,58.0,58.0,58.0,58.0,0.0
2019-05-10 09:00:00+00:00,58.0,58.0,58.0,58.0,0.0
2019-05-13 09:00:00+00:00,58.0,58.0,58.0,58.0,0.0
2019-05-14 09:00:00+00:00,58.0,58.0,58.0,58.0,0.0
2019-05-15 09:00:00+00:00,58.0,58.0,58.0,58.0,0.0
2019-05-16 09:00:00+00:00,58.0,58.0,58.0,58.0,25000.0
2019-05-17 09:00:00+00:00,58.0,58.0,58.0,58.0,0.0
2019-05-20 09:00:00+00:00,58.0,58.0,58.0,58.0,0.0
2019-05-21 09:00:00+00:00,58.0,58.0,58.0,58.0,0.0
2019-05-22 09:00:00+00:00,58.0,58.0,58.0,58.0,50000.0
2019-05-23 09:00:00+00:00,58.0,58.0,58.0,58.0,0.0
2019-05-24 09:00:00+00:00,58.0,58.0,58.0,58.0,0.0
2019-05-27 09:00:00+00:00,58.0,58.0,58.0,58.0,0.0
2019-05-28 09:00:00+00:00,58.0,58.0,58.0,58.0,25000.0
2019-05-29 09:00:00+00:00,58.0,58.0,58.0,58.0,0.0
2019-05-30 09:00:00+00:00,58.0,58.0,58.0,58.0,0.0
2019-05-31 09:00:00+00:00,58.0,58.0,58.0,58.0,0.0
2019-06-03 09:00:00+00:00,58.0,58.0,58.0,58.0,0.0
2019-06-04 09:00:00+00:00,58.0,58.0,58.0,58.0,0.0
2019-06-05 09:00:00+00:00,58.0,58.0,58.0,58.0,0.0
2019-06-06 09:00:00+00:00,58.0,58.0,58.0,58.0,0.0
2019-06-07 09:00:00+00:00,58.0,58.0,58.0,58.0,0.0
2019-06-10 09:00:00+00:00,58.0,58.0,58.0,58.0,0.0
2019-06-11 09:00:00+00:00,58.0,58.0,58.0,58.0,0.0
2019-06-12 09:00:00+00:00,58.0,58.0,58.0,58.0,0.0
2019-06-13 09:00:00+00:00,58.0,58.0,58.0,58.0,0.0
2019-06-14 09:00:00+00:00,58.0,58.0,58.0,58.0,0.0
2019-06-17 09:00:00+00:00,58.0,58.0,58.0,58.0,0.0
2019-06-18 09:00:00+00:00,58.0,58.0,58.0,58.0,0.0
2019-06-19 09:00:00+00:00,58.0,58.0,58.0,58.0,0.0
2019-06-20 09:00:00+00:00,58.0,58.0,58.0,58.0,125000.0
2019-06-21 09:00:00+00:00,58.0,58.0,58.0,58.0,0.0
2019-06-24 09:00:00+00:00,58.0,58.0,58.0,58.0,0.0
2019-06-25 09:00:00+00:00,58.0,58.0,58.0,58.0,0.0
2019-06-26 09:00:00+00:00,58.0,58.0,58.0,58.0,0.0
2019-06-27 09:00:00+00:00,58.0,58.0,58.0,58.0,0.0
2019-06-28 09:00:00+00:00,58.0,58.0,58.0,58.0,0.0
2019-07-01 09:00:00+00:00,58.0,58.0,58.0,58.0,0.0
2019-07-02 09:00:00+00:00,58.0,58.0,58.0,58.0,0.0
2019-07-03 09:00:00+00:00,58.0,58.0,58.0,58.0,0.0
2019-07-04 09:00:00+00:00,58.0,58.0,58.0,58.0,0.0
2019-07-05 09:00:00+00:00,58.0,58.0,58.0,58.0,1250000.0
2019-07-08 09:00:00+00:00,58.0,58.0,58.0,58.0,0.0
2019-07-09 09:00:00+00:00,58.0,58.0,58.0,58.0,125000.0
2019-07-10 09:00:00+00:00,58.0,58.0,58.0,58.0,0.0
2019-07-11 09:00:00+00:00,58.0,58.0,58.0,58.0,0.0
2019-07-12 09:00:00+00:00,58.0,58.0,58.0,58.0,0.0
2019-07-15 09:00:00+00:00,58.0,58.0,58.0,58.0,0.0
2019-07-16 09:00:00+00:00,58.0,58.0,58.0,58.0,0.0
2019-07-17 09:00:00+00:00,58.0,58.0,58.0,58.0,0.0
2019-07-18 09:00:00+00:00,58.0,58.0,58.0,58.0,0.0
2019-07-19 09:00:00+00:00,58.0,58.0,58.0,58.0,0.0
2019-07-22 09:00:00+00:00,58.0,58.0,58.0,58.0,0.0
2019-07-23 09:00:00+00:00,57.0,57.0,57.0,57.0,125000.0
2019-07-24 09:00:00+00:00,57.0,57.0,57.0,57.0,0.0
2019-07-25 09:00:00+00:00,57.0,57.0,57.0,57.0,125000.0
2019-07-26 09:00:00+00:00,57.0,57.0,57.0,57.0,0.0
2019-07-29 09:00:00+00:00,57.0,57.0,57.0,57.0,0.0
2019-07-30 09:00:00+00:00,57.0,68.19999694824219,57.0,68.19999694824219,1350000.0
2019-07-31 09:00:00+00:00,68.4000015258789,68.4000015258789,67.80000305175781,67.80000305175781,50000.0
2019-08-01 09:00:00+00:00,68.80000305175781,69.5,68.80000305175781,69.5,50000.0
2019-08-02 09:00:00+00:00,69.5,80.0,69.5,80.0,300000.0
2019-08-05 09:00:00+00:00,79.9000015258789,79.9000015258789,79.9000015258789,79.9000015258789,25000.0
2019-08-06 09:00:00+00:00,79.9000015258789,79.9000015258789,79.9000015258789,79.9000015258789,0.0
2019-08-07 09:00:00+00:00,79.9000015258789,79.9000015258789,79.9000015258789,79.9000015258789,0.0
2019-08-08 09:00:00+00:00,79.9000015258789,79.9000015258789,79.9000015258789,79.9000015258789,0.0
2019-08-09 09:00:00+00:00,79.9000015258789,79.9000015258789,79.9000015258789,79.9000015258789,0.0
2019-08-12 09:00:00+00:00,79.9000015258789,79.9000015258789,79.9000015258789,79.9000015258789,0.0
2019-08-13 09:00:00+00:00,79.9000015258789,79.9000015258789,79.9000015258789,79.9000015258789,0.0
2019-08-14 09:00:00+00:00,79.9000015258789,79.9000015258789,79.9000015258789,79.9000015258789,0.0
2019-08-15 09:00:00+00:00,79.9000015258789,79.9000015258789,79.9000015258789,79.9000015258789,0.0
2019-08-16 09:00:00+00:00,79.9000015258789,79.9000015258789,79.9000015258789,79.9000015258789,0.0
2019-08-19 09:00:00+00:00,79.9000015258789,79.9000015258789,79.9000015258789,79.9000015258789,0.0
2019-08-20 09:00:00+00:00,79.9000015258789,79.9000015258789,79.9000015258789,79.9000015258789,0.0
2019-08-21 09:00:00+00:00,79.9000015258789,79.9000015258789,79.9000015258789,79.9000015258789,0.0
2019-08-22 09:00:00+00:00,79.9000015258789,79.9000015258789,79.9000015258789,79.9000015258789,0.0
2019-08-23 09:00:00+00:00,79.9000015258789,79.9000015258789,79.9000015258789,79.9000015258789,1300000.0
2019-08-26 09:00:00+00:00,79.9000015258789,79.9000015258789,79.9000015258789,79.9000015258789,0.0
2019-08-27 09:00:00+00:00,79.9000015258789,79.9000015258789,79.9000015258789,79.9000015258789,0.0
2019-08-28 09:00:00+00:00,79.9000015258789,79.9000015258789,79.9000015258789,79.9000015258789,0.0
2019-08-29 09:00:00+00:00,79.9000015258789,79.9000015258789,79.9000015258789,79.9000015258789,0.0
2019-08-30 09:00:00+00:00,79.9000015258789,79.9000015258789,79.9000015258789,79.9000015258789,0.0
2019-09-02 09:00:00+00:00,79.9000015258789,79.9000015258789,79.9000015258789,79.9000015258789,0.0
2019-09-03 09:00:00+00:00,79.9000015258789,79.9000015258789,79.9000015258789,79.9000015258789,0.0
2019-09-04 09:00:00+00:00,79.9000015258789,79.9000015258789,79.9000015258789,79.9000015258789,0.0
2019-09-05 09:00:00+00:00,79.9000015258789,79.9000015258789,79.9000015258789,79.9000015258789,0.0
2019-09-06 09:00:00+00:00,79.9000015258789,79.9000015258789,79.9000015258789,79.9000015258789,0.0
2019-09-09 09:00:00+00:00,79.9000015258789,79.9000015258789,79.9000015258789,79.9000015258789,0.0
2019-09-10 09:00:00+00:00,79.9000015258789,79.9000015258789,79.9000015258789,79.9000015258789,0.0
2019-09-11 09:00:00+00:00,79.9000015258789,79.9000015258789,79.9000015258789,79.9000015258789,0.0
2019-09-12 09:00:00+00:00,78.80000305175781,78.80000305175781,76.0,78.80000305175781,275000.0
2019-09-13 09:00:00+00:00,77.69999694824219,77.69999694824219,77.69999694824219,77.69999694824219,25000.0
2019-09-16 09:00:00+00:00,78.4000015258789,79.19999694824219,78.4000015258789,79.19999694824219,50000.0
2019-09-17 09:00:00+00:00,79.19999694824219,79.19999694824219,79.19999694824219,79.19999694824219,0.0
2019-09-18 09:00:00+00:00,79.19999694824219,79.19999694824219,79.19999694824219,79.19999694824219,0.0
2019-09-19 09:00:00+00:00,79.19999694824219,79.19999694824219,79.19999694824219,79.19999694824219,0.0
2019-09-20 09:00:00+00:00,79.19999694824219,79.19999694824219,79.19999694824219,79.19999694824219,0.0
2019-09-23 09:00:00+00:00,79.19999694824219,79.19999694824219,79.19999694824219,79.19999694824219,0.0
2019-09-24 09:00:00+00:00,79.19999694824219,79.19999694824219,79.19999694824219,79.19999694824219,0.0
2019-09-25 09:00:00+00:00,79.19999694824219,79.19999694824219,79.19999694824219,79.19999694824219,0.0
2019-09-26 09:00:00+00:00,79.19999694824219,79.19999694824219,79.19999694824219,79.19999694824219,0.0
2019-09-27 09:00:00+00:00,79.19999694824219,79.19999694824219,79.19999694824219,79.19999694824219,0.0
2019-09-30 09:00:00+00:00,79.19999694824219,79.19999694824219,76.69999694824219,76.69999694824219,50000.0
2019-10-01 09:00:00+00:00,76.0,76.0,72.80000305175781,72.80000305175781,75000.0
2019-10-02 09:00:00+00:00,73.19999694824219,75.19999694824219,71.5999984741211,71.5999984741211,175000.0
2019-10-03 09:00:00+00:00,72.19999694824219,73.5,72.19999694824219,73.5,125000.0
2019-10-04 09:00:00+00:00,73.5,73.5,73.5,73.5,0.0
2019-10-07 09:00:00+00:00,73.5,73.5,73.5,73.5,0.0
2019-10-08 09:00:00+00:00,73.5,73.5,73.5,73.5,0.0
2019-10-09 09:00:00+00:00,73.5,73.5,73.5,73.5,0.0
2019-10-10 09:00:00+00:00,73.5,73.5,73.5,73.5,0.0
2019-10-11 09:00:00+00:00,73.5,73.5,73.5,73.5,0.0
2019-10-14 09:00:00+00:00,73.5,73.5,73.5,73.5,0.0
2019-10-15 09:00:00+00:00,73.5,73.5,73.5,73.5,0.0
2019-10-16 09:00:00+00:00,73.5,73.5,73.5,73.5,0.0
2019-10-17 09:00:00+00:00,73.5,73.5,73.5,73.5,0.0
2019-10-18 09:00:00+00:00,73.5,73.5,73.5,73.5,0.0
2019-10-21 09:00:00+00:00,58.900001525878906,73.9000015258789,58.79999923706055,70.4000015258789,750000.0
2019-10-22 09:00:00+00:00,71.4000015258789,74.30000305175781,71.4000015258789,74.30000305175781,125000.0
2019-10-23 09:00:00+00:00,74.30000305175781,74.30000305175781,74.30000305175781,74.30000305175781,0.0
2019-10-24 09:00:00+00:00,70.4000015258789,72.69999694824219,70.0999984741211,70.0999984741211,125000.0
2019-10-25 09:00:00+00:00,70.0999984741211,70.0999984741211,70.0999984741211,70.0999984741211,200000.0
2019-10-28 09:00:00+00:00,70.0999984741211,70.0999984741211,70.0999984741211,70.0999984741211,0.0
2019-10-29 09:00:00+00:00,70.0,75.0,70.0,75.0,225000.0
2019-10-30 09:00:00+00:00,75.0,75.0,75.0,75.0,0.0
2019-10-31 09:00:00+00:00,60.0,74.0,60.0,70.0,425000.0
2019-11-01 09:00:00+00:00,71.0,73.9000015258789,71.0,71.30000305175781,200000.0
2019-11-04 09:00:00+00:00,72.0,74.80000305175781,72.0,74.80000305175781,100000.0
2019-11-05 09:00:00+00:00,74.80000305175781,74.80000305175781,74.80000305175781,74.80000305175781,0.0
2019-11-06 09:00:00+00:00,74.80000305175781,74.80000305175781,74.80000305175781,74.80000305175781,25000.0
2019-11-07 09:00:00+00:00,74.80000305175781,74.80000305175781,74.80000305175781,74.80000305175781,0.0
2019-11-08 09:00:00+00:00,74.80000305175781,74.80000305175781,74.80000305175781,74.80000305175781,0.0
2019-11-11 09:00:00+00:00,60.099998474121094,73.9000015258789,60.0,73.5999984741211,450000.0
2019-11-12 09:00:00+00:00,60.400001525878906,71.80000305175781,60.0,64.9000015258789,650000.0
2019-11-13 09:00:00+00:00,65.9000015258789,73.0,65.0,65.0,250000.0
2019-11-14 09:00:00+00:00,66.0,67.0,66.0,67.0,50000.0
2019-11-15 09:00:00+00:00,67.0,67.0,67.0,67.0,0.0
2019-11-18 09:00:00+00:00,67.0,67.0,67.0,67.0,0.0
2019-11-19 09:00:00+00:00,67.0,67.0,67.0,67.0,0.0
2019-11-20 09:00:00+00:00,67.0,67.0,67.0,67.0,0.0
2019-11-21 09:00:00+00:00,54.0,63.20000076293945,53.79999923706055,63.20000076293945,500000.0
2019-11-22 09:00:00+00:00,63.20000076293945,63.20000076293945,63.20000076293945,63.20000076293945,0.0
2019-11-25 09:00:00+00:00,55.20000076293945,63.0,50.70000076293945,52.099998474121094,800000.0
2019-11-26 09:00:00+00:00,52.099998474121094,59.5,52.099998474121094,52.20000076293945,2525000.0
2019-11-27 09:00:00+00:00,53.20000076293945,57.70000076293945,53.20000076293945,57.70000076293945,200000.0
2019-11-28 09:00:00+00:00,57.400001525878906,57.400001525878906,57.400001525878906,57.400001525878906,75000.0
2019-11-29 09:00:00+00:00,57.400001525878906,62.20000076293945,57.400001525878906,60.900001525878906,250000.0
2019-12-02 09:00:00+00:00,60.900001525878906,60.900001525878906,60.900001525878906,60.900001525878906,0.0
2019-12-03 09:00:00+00:00,60.900001525878906,60.900001525878906,60.900001525878906,60.900001525878906,0.0
2019-12-04 09:00:00+00:00,60.900001525878906,60.900001525878906,60.900001525878906,60.900001525878906,0.0
2019-12-05 09:00:00+00:00,60.900001525878906,60.900001525878906,60.900001525878906,60.900001525878906,0.0
2019-12-06 09:00:00+00:00,60.900001525878906,60.900001525878906,60.900001525878906,60.900001525878906,0.0
2019-12-09 09:00:00+00:00,60.900001525878906,60.900001525878906,60.900001525878906,60.900001525878906,0.0
2019-12-10 09:00:00+00:00,60.900001525878906,60.900001525878906,60.900001525878906,60.900001525878906,0.0
2019-12-11 09:00:00+00:00,61.900001525878906,62.79999923706055,61.900001525878906,62.400001525878906,75000.0
2019-12-12 09:00:00+00:00,60.5,60.5,60.5,60.5,50000.0
2019-12-13 09:00:00+00:00,52.0,60.20000076293945,48.599998474121094,59.79999923706055,2875000.0
2019-12-16 09:00:00+00:00,59.79999923706055,59.79999923706055,59.79999923706055,59.79999923706055,0.0
2019-12-17 09:00:00+00:00,60.599998474121094,60.599998474121094,60.599998474121094,60.599998474121094,50000.0
2019-12-18 09:00:00+00:00,51.0,60.5,51.0,60.5,300000.0
2019-12-19 09:00:00+00:00,52.900001525878906,60.20000076293945,52.099998474121094,60.20000076293945,500000.0
2019-12-20 09:00:00+00:00,52.79999923706055,58.0,52.400001525878906,58.0,325000.0
2019-12-23 09:00:00+00:00,58.0,58.0,58.0,58.0,0.0
2019-12-26 09:00:00+00:00,58.0,58.0,58.0,58.0,0.0
2019-12-27 09:00:00+00:00,58.0,58.0,58.0,58.0,0.0
2019-12-30 09:00:00+00:00,55.5,55.5,55.5,55.5,50000.0
2020-01-02 09:00:00+00:00,54.400001525878906,57.400001525878906,54.400001525878906,57.400001525878906,125000.0
2020-01-03 09:00:00+00:00,57.400001525878906,57.400001525878906,57.400001525878906,57.400001525878906,0.0
2020-01-06 09:00:00+00:00,57.5,57.5,57.400001525878906,57.400001525878906,75000.0
2020-01-07 09:00:00+00:00,57.400001525878906,57.400001525878906,57.400001525878906,57.400001525878906,0.0
2020-01-08 09:00:00+00:00,57.400001525878906,57.400001525878906,57.400001525878906,57.400001525878906,0.0
2020-01-09 09:00:00+00:00,57.400001525878906,57.400001525878906,57.400001525878906,57.400001525878906,0.0
2020-01-10 09:00:00+00:00,57.400001525878906,57.400001525878906,57.400001525878906,57.400001525878906,0.0
2020-01-13 09:00:00+00:00,57.400001525878906,57.400001525878906,57.400001525878906,57.400001525878906,0.0
2020-01-14 09:00:00+00:00,57.400001525878906,57.400001525878906,57.400001525878906,57.400001525878906,0.0
2020-01-15 09:00:00+00:00,52.0,57.5,51.599998474121094,57.5,375000.0
2020-01-16 09:00:00+00:00,57.5,57.5,57.5,57.5,0.0
2020-01-17 09:00:00+00:00,57.5,57.5,57.5,57.5,0.0
2020-01-20 09:00:00+00:00,57.5,57.5,57.5,57.5,0.0
2020-01-21 09:00:00+00:00,57.599998474121094,63.20000076293945,57.599998474121094,63.20000076293945,1675000.0
2020-01-22 09:00:00+00:00,61.900001525878906,61.900001525878906,61.900001525878906,61.900001525878906,25000.0
2020-01-23 09:00:00+00:00,61.900001525878906,61.900001525878906,61.900001525878906,61.900001525878906,0.0
2020-01-24 09:00:00+00:00,61.900001525878906,61.900001525878906,61.900001525878906,61.900001525878906,0.0
2020-01-27 09:00:00+00:00,61.5,61.5,61.5,61.5,25000.0
2020-01-28 09:00:00+00:00,61.5,61.5,61.5,61.5,0.0
2020-01-29 09:00:00+00:00,61.5,61.5,61.5,61.5,0.0
2020-01-30 09:00:00+00:00,61.5,61.5,61.5,61.5,0.0
2020-01-31 09:00:00+00:00,61.5,61.5,61.5,61.5,0.0
2020-02-03 09:00:00+00:00,51.099998474121094,51.099998474121094,51.099998474121094,51.099998474121094,100000.0
2020-02-04 09:00:00+00:00,51.099998474121094,51.099998474121094,51.099998474121094,51.099998474121094,0.0
2020-02-05 09:00:00+00:00,51.099998474121094,57.0,51.099998474121094,55.5,100000.0
2020-02-06 09:00:00+00:00,54.900001525878906,54.900001525878906,54.900001525878906,54.900001525878906,25000.0
2020-02-07 09:00:00+00:00,54.400001525878906,54.400001525878906,54.400001525878906,54.400001525878906,50000.0
2020-02-10 09:00:00+00:00,55.400001525878906,62.0,55.400001525878906,62.0,200000.0
2020-02-11 09:00:00+00:00,62.0,62.0,62.0,62.0,0.0
2020-02-12 09:00:00+00:00,62.0,62.0,62.0,62.0,0.0
2020-02-13 09:00:00+00:00,62.0,62.0,62.0,62.0,0.0
2020-02-14 09:00:00+00:00,62.0,62.0,62.0,62.0,0.0
2020-02-17 09:00:00+00:00,62.0,62.0,62.0,62.0,0.0
2020-02-18 09:00:00+00:00,62.0,62.0,62.0,62.0,0.0
2020-02-19 09:00:00+00:00,63.20000076293945,73.0,63.20000076293945,71.5,400000.0
2020-02-20 09:00:00+00:00,71.5,71.5,71.5,71.5,0.0
2020-02-21 09:00:00+00:00,71.5,71.5,71.5,71.5,0.0
2020-02-24 09:00:00+00:00,71.5,71.5,71.5,71.5,0.0
2020-02-25 09:00:00+00:00,71.5,71.5,71.5,71.5,0.0
2020-02-26 09:00:00+00:00,71.5,71.5,71.5,71.5,0.0
2020-02-27 09:00:00+00:00,71.5,71.5,71.5,71.5,0.0
2020-02-28 09:00:00+00:00,71.5,71.5,71.5,71.5,0.0
2020-03-02 09:00:00+00:00,71.5,71.5,71.5,71.5,0.0
2020-03-03 09:00:00+00:00,71.5,71.5,71.5,71.5,0.0
2020-03-04 09:00:00+00:00,71.5,71.5,71.5,71.5,0.0
2020-03-05 09:00:00+00:00,71.5,71.5,71.5,71.5,0.0
2020-03-06 09:00:00+00:00,71.5,71.5,71.5,71.5,0.0
2020-03-09 09:00:00+00:00,71.5,71.5,71.5,71.5,0.0
2020-03-10 09:00:00+00:00,71.5,71.5,71.5,71.5,0.0
2020-03-11 09:00:00+00:00,71.5,71.5,71.5,71.5,0.0
2020-03-12 09:00:00+00:00,71.5,71.5,71.5,71.5,0.0
2020-03-13 09:00:00+00:00,71.5,71.5,71.5,71.5,0.0
2020-03-16 09:00:00+00:00,71.5,71.5,71.5,71.5,0.0
2020-03-17 09:00:00+00:00,71.5,71.5,71.5,71.5,0.0
2020-03-18 09:00:00+00:00,71.5,71.5,71.5,71.5,0.0
2020-03-19 09:00:00+00:00,71.5,79.0,71.5,79.0,250000.0
2020-03-20 09:00:00+00:00,79.0,79.0,79.0,79.0,0.0
2020-03-23 09:00:00+00:00,79.0,79.0,79.0,79.0,0.0
2020-03-24 09:00:00+00:00,79.0,79.0,79.0,79.0,0.0
2020-03-26 09:00:00+00:00,79.0,79.0,79.0,79.0,0.0
2020-03-27 09:00:00+00:00,79.0,79.0,79.0,79.0,0.0
2020-03-30 09:00:00+00:00,79.0,79.0,79.0,79.0,0.0
2020-03-31 09:00:00+00:00,79.0,79.0,79.0,79.0,0.0
2020-04-01 09:00:00+00:00,79.0,79.0,79.0,79.0,0.0
2020-04-02 09:00:00+00:00,79.0,79.0,79.0,79.0,0.0
2020-04-03 09:00:00+00:00,79.0,79.0,79.0,79.0,0.0
2020-04-06 09:00:00+00:00,79.0,79.0,79.0,79.0,0.0
2020-04-07 09:00:00+00:00,79.0,79.0,79.0,79.0,0.0
2020-04-08 09:00:00+00:00,79.0,79.0,79.0,79.0,0.0
2020-04-09 09:00:00+00:00,79.0,79.0,79.0,79.0,0.0
2020-04-13 09:00:00+00:00,79.0,79.0,79.0,79.0,0.0
2020-04-14 09:00:00+00:00,79.0,79.0,79.0,79.0,0.0
2020-04-15 09:00:00+00:00,79.0,79.0,79.0,79.0,0.0
2020-04-16 09:00:00+00:00,78.80000305175781,85.0,78.80000305175781,85.0,200000.0
2020-04-17 09:00:00+00:00,85.0,85.0,85.0,85.0,0.0
2020-04-20 09:00:00+00:00,85.0,85.0,85.0,85.0,0.0
2020-04-21 09:00:00+00:00,85.0,85.0,85.0,85.0,0.0
2020-04-22 09:00:00+00:00,85.0,85.0,85.0,85.0,0.0
2020-04-23 09:00:00+00:00,85.0,85.0,85.0,85.0,0.0
2020-04-24 09:00:00+00:00,85.0,85.0,85.0,85.0,0.0
2020-04-27 09:00:00+00:00,85.0,85.0,85.0,85.0,0.0
2020-04-28 09:00:00+00:00,85.0,85.0,85.0,85.0,0.0
2020-04-29 09:00:00+00:00,85.0,85.0,85.0,85.0,0.0
2020-04-30 09:00:00+00:00,85.0,85.0,85.0,85.0,0.0
2020-05-04 09:00:00+00:00,85.0,85.0,85.0,85.0,0.0
2020-05-05 09:00:00+00:00,85.0,85.0,85.0,85.0,0.0
2020-05-06 09:00:00+00:00,85.0,85.0,85.0,85.0,0.0
2020-05-08 09:00:00+00:00,85.0,85.0,85.0,85.0,0.0
2020-05-11 09:00:00+00:00,85.0,85.0,85.0,85.0,0.0
2020-05-12 09:00:00+00:00,85.0,85.0,85.0,85.0,0.0
2020-05-13 09:00:00+00:00,85.0,85.0,85.0,85.0,0.0
2020-05-14 09:00:00+00:00,85.0,85.0,85.0,85.0,0.0
2020-05-15 09:00:00+00:00,85.0,85.0,85.0,85.0,0.0
2020-05-18 09:00:00+00:00,85.0,85.0,85.0,85.0,0.0
2020-05-19 09:00:00+00:00,85.0,85.0,85.0,85.0,0.0
2020-05-20 09:00:00+00:00,84.0,84.0,83.9000015258789,83.9000015258789,50000.0
2020-05-26 09:00:00+00:00,83.9000015258789,83.9000015258789,83.9000015258789,83.9000015258789,0.0
2020-05-27 09:00:00+00:00,83.9000015258789,83.9000015258789,83.9000015258789,83.9000015258789,0.0
2020-05-28 09:00:00+00:00,83.9000015258789,83.9000015258789,83.9000015258789,83.9000015258789,0.0
2020-05-29 09:00:00+00:00,83.80000305175781,83.80000305175781,78.0999984741211,78.0999984741211,5800000.0
2020-06-02 09:00:00+00:00,78.0999984741211,78.0999984741211,78.0999984741211,78.0999984741211,0.0
2020-06-03 09:00:00+00:00,78.0999984741211,78.0999984741211,78.0999984741211,78.0999984741211,0.0
2020-06-04 09:00:00+00:00,78.0999984741211,78.0999984741211,78.0999984741211,78.0999984741211,0.0
2020-06-05 09:00:00+00:00,78.0999984741211,78.0999984741211,78.0999984741211,78.0999984741211,0.0
2020-06-08 09:00:00+00:00,78.0999984741211,78.0999984741211,78.0999984741211,78.0999984741211,0.0
2020-06-09 09:00:00+00:00,78.0999984741211,78.0999984741211,78.0999984741211,78.0999984741211,0.0
2020-06-10 09:00:00+00:00,76.80000305175781,84.0,72.69999694824219,76.5999984741211,475000.0
2020-06-11 09:00:00+00:00,71.30000305175781,75.80000305175781,71.30000305175781,75.80000305175781,75000.0
2020-06-12 09:00:00+00:00,87.9000015258789,87.9000015258789,87.9000015258789,87.9000015258789,125000.0
2020-06-15 09:00:00+00:00,87.9000015258789,87.9000015258789,87.9000015258789,87.9000015258789,0.0
2020-06-16 09:00:00+00:00,87.9000015258789,87.9000015258789,87.9000015258789,87.9000015258789,0.0
2020-06-17 09:00:00+00:00,87.5,87.5,87.5,87.5,100000.0
2020-06-18 09:00:00+00:00,87.5,87.5,87.5,87.5,0.0
2020-06-19 09:00:00+00:00,87.5,87.5,87.5,87.5,0.0
2020-06-22 09:00:00+00:00,88.0,88.0,81.4000015258789,82.69999694824219,1475000.0
2020-06-23 09:00:00+00:00,77.0,77.0,77.0,77.0,25000.0
2020-06-24 09:00:00+00:00,75.9000015258789,75.9000015258789,75.80000305175781,75.80000305175781,950000.0
2020-06-25 09:00:00+00:00,74.0,84.0,70.5,80.69999694824219,1375000.0
2020-06-26 09:00:00+00:00,80.69999694824219,80.69999694824219,80.69999694824219,80.69999694824219,0.0
2020-06-29 09:00:00+00:00,80.69999694824219,80.69999694824219,80.69999694824219,80.69999694824219,0.0
2020-06-30 09:00:00+00:00,78.69999694824219,79.69999694824219,77.69999694824219,77.69999694824219,100000.0
2020-07-01 09:00:00+00:00,74.80000305175781,77.69999694824219,74.80000305175781,77.5999984741211,175000.0
2020-07-02 09:00:00+00:00,78.0,78.0,78.0,78.0,25000.0
2020-07-03 09:00:00+00:00,78.0,90.0,78.0,89.5999984741211,750000.0
2020-07-06 09:00:00+00:00,89.5999984741211,89.5999984741211,89.5999984741211,89.5999984741211,0.0
2020-07-07 09:00:00+00:00,89.0999984741211,89.0999984741211,89.0999984741211,89.0999984741211,725000.0
2020-07-08 09:00:00+00:00,89.0999984741211,89.0999984741211,89.0999984741211,89.0999984741211,0.0
2020-07-09 09:00:00+00:00,88.69999694824219,88.69999694824219,87.5,87.5,1100000.0
2020-07-10 09:00:00+00:00,81.5,85.0,81.4000015258789,85.0,75000.0
2020-07-13 09:00:00+00:00,85.0,85.0,85.0,85.0,0.0
2020-07-14 09:00:00+00:00,85.0,85.0,85.0,85.0,0.0
2020-07-15 09:00:00+00:00,85.0,85.0,85.0,85.0,0.0
2020-07-16 09:00:00+00:00,85.0,85.0,85.0,85.0,0.0
2020-07-17 09:00:00+00:00,79.0999984741211,83.5,79.0999984741211,83.5,600000.0
2020-07-20 09:00:00+00:00,83.5,83.5,83.5,83.5,0.0
2020-07-21 09:00:00+00:00,83.5,83.5,83.5,83.5,0.0
2020-07-22 09:00:00+00:00,83.5,83.5,83.5,83.5,0.0
2020-07-23 09:00:00+00:00,83.5,83.5,83.5,83.5,0.0
2020-07-24 09:00:00+00:00,83.5,83.5,83.5,83.5,0.0
2020-07-27 09:00:00+00:00,83.5,83.5,83.5,83.5,0.0
2020-07-28 09:00:00+00:00,83.5,83.5,83.5,83.5,0.0
2020-07-29 09:00:00+00:00,83.5,83.5,83.5,83.5,0.0
2020-07-30 09:00:00+00:00,83.5,83.5,83.5,83.5,0.0
2020-08-03 09:00:00+00:00,83.5,83.5,83.5,83.5,0.0
2020-08-04 09:00:00+00:00,83.5,83.5,83.5,83.5,0.0
2020-08-05 09:00:00+00:00,83.5,83.5,83.5,83.5,0.0
2020-08-06 09:00:00+00:00,83.5,83.5,83.5,83.5,0.0
2020-08-07 09:00:00+00:00,82.0,82.0,82.0,82.0,400000.0
2020-08-10 09:00:00+00:00,82.0,82.0,82.0,82.0,0.0
2020-08-11 09:00:00+00:00,82.0,82.0,82.0,82.0,0.0
2020-08-12 09:00:00+00:00,81.5999984741211,81.5999984741211,81.5999984741211,81.5999984741211,25000.0
2020-08-13 09:00:00+00:00,81.5999984741211,81.5999984741211,81.5999984741211,81.5999984741211,0.0
2020-08-14 09:00:00+00:00,81.5999984741211,81.5999984741211,81.5999984741211,81.5999984741211,0.0
2020-08-18 09:00:00+00:00,81.5999984741211,81.5999984741211,81.5999984741211,81.5999984741211,0.0
2020-08-19 09:00:00+00:00,81.5999984741211,81.5999984741211,81.5999984741211,81.5999984741211,0.0
2020-08-24 09:00:00+00:00,81.5999984741211,81.5999984741211,81.5999984741211,81.5999984741211,0.0
2020-08-25 09:00:00+00:00,81.5999984741211,81.5999984741211,81.5999984741211,81.5999984741211,0.0
2020-08-26 09:00:00+00:00,80.30000305175781,80.30000305175781,80.30000305175781,80.30000305175781,25000.0
2020-08-27 09:00:00+00:00,80.30000305175781,80.30000305175781,80.30000305175781,80.30000305175781,0.0
2020-08-28 09:00:00+00:00,76.0,79.9000015258789,76.0,79.9000015258789,250000.0
2020-08-31 09:00:00+00:00,79.9000015258789,79.9000015258789,79.9000015258789,79.9000015258789,0.0
2020-09-01 09:00:00+00:00,79.9000015258789,79.9000015258789,79.9000015258789,79.9000015258789,0.0
2020-09-02 09:00:00+00:00,79.9000015258789,79.9000015258789,79.9000015258789,79.9000015258789,0.0
2020-09-03 09:00:00+00:00,79.9000015258789,79.9000015258789,79.9000015258789,79.9000015258789,0.0
2020-09-04 09:00:00+00:00,79.9000015258789,79.9000015258789,79.9000015258789,79.9000015258789,0.0
2020-09-07 09:00:00+00:00,79.9000015258789,79.9000015258789,79.9000015258789,79.9000015258789,0.0
2020-09-08 09:00:00+00:00,79.9000015258789,79.9000015258789,79.9000015258789,79.9000015258789,0.0
2020-09-09 09:00:00+00:00,79.9000015258789,79.9000015258789,79.9000015258789,79.9000015258789,0.0
2020-09-10 09:00:00+00:00,79.9000015258789,79.9000015258789,79.9000015258789,79.9000015258789,0.0
2020-09-11 09:00:00+00:00,79.9000015258789,79.9000015258789,79.9000015258789,79.9000015258789,0.0
2020-09-14 09:00:00+00:00,74.4000015258789,76.30000305175781,74.4000015258789,74.4000015258789,500000.0
2020-09-15 09:00:00+00:00,69.30000305175781,75.0,69.19999694824219,72.80000305175781,600000.0
2020-09-16 09:00:00+00:00,68.30000305175781,69.9000015258789,67.80000305175781,67.80000305175781,450000.0
2020-09-17 09:00:00+00:00,64.80000305175781,65.5,63.099998474121094,64.5999984741211,225000.0
2020-09-18 09:00:00+00:00,63.400001525878906,69.5999984741211,60.20000076293945,66.0,1150000.0
2020-09-21 09:00:00+00:00,61.5,64.80000305175781,61.400001525878906,63.29999923706055,1250000.0
2020-09-22 09:00:00+00:00,61.099998474121094,61.099998474121094,61.099998474121094,61.099998474121094,25000.0
2020-09-23 09:00:00+00:00,60.79999923706055,60.79999923706055,60.0,60.0,50000.0
2020-09-24 09:00:00+00:00,59.79999923706055,59.79999923706055,59.79999923706055,59.79999923706055,50000.0
2020-09-25 09:00:00+00:00,55.900001525878906,66.0,55.900001525878906,65.9000015258789,550000.0
2020-09-28 09:00:00+00:00,65.9000015258789,69.80000305175781,61.29999923706055,62.900001525878906,1200000.0
2020-09-29 09:00:00+00:00,62.79999923706055,64.5999984741211,62.79999923706055,63.5,225000.0
2020-09-30 09:00:00+00:00,63.5,67.4000015258789,63.5,65.80000305175781,375000.0
2020-10-01 09:00:00+00:00,66.5,66.5,65.9000015258789,65.9000015258789,75000.0
2020-10-02 09:00:00+00:00,65.9000015258789,65.9000015258789,65.9000015258789,65.9000015258789,0.0
2020-10-05 09:00:00+00:00,61.599998474121094,65.80000305175781,61.5,65.80000305175781,300000.0
2020-10-06 09:00:00+00:00,65.80000305175781,65.80000305175781,65.80000305175781,65.80000305175781,0.0
2020-10-07 09:00:00+00:00,65.80000305175781,65.80000305175781,65.80000305175781,65.80000305175781,0.0
2020-10-08 09:00:00+00:00,64.5999984741211,64.80000305175781,64.5999984741211,64.80000305175781,75000.0
2020-10-09 09:00:00+00:00,64.4000015258789,64.80000305175781,64.4000015258789,64.80000305175781,125000.0
2020-10-12 09:00:00+00:00,64.80000305175781,64.80000305175781,64.80000305175781,64.80000305175781,75000.0
2020-10-13 09:00:00+00:00,64.80000305175781,64.80000305175781,64.80000305175781,64.80000305175781,0.0
2020-10-14 09:00:00+00:00,64.80000305175781,64.80000305175781,64.80000305175781,64.80000305175781,0.0
2020-10-15 09:00:00+00:00,64.19999694824219,64.19999694824219,64.19999694824219,64.19999694824219,25000.0
2020-10-16 09:00:00+00:00,64.19999694824219,64.19999694824219,64.19999694824219,64.19999694824219,0.0
2020-10-19 09:00:00+00:00,64.19999694824219,64.19999694824219,64.19999694824219,64.19999694824219,0.0
2020-10-20 09:00:00+00:00,60.0,62.900001525878906,59.79999923706055,61.900001525878906,450000.0
2020-10-21 09:00:00+00:00,61.79999923706055,61.79999923706055,60.0,60.0,75000.0
2020-10-22 09:00:00+00:00,59.0,60.400001525878906,59.0,60.099998474121094,75000.0
2020-10-23 09:00:00+00:00,60.099998474121094,60.099998474121094,60.099998474121094,60.099998474121094,0.0
2020-10-26 09:00:00+00:00,60.099998474121094,60.099998474121094,60.099998474121094,60.099998474121094,0.0
2020-10-27 09:00:00+00:00,60.0,60.0,60.0,60.0,200000.0
2020-11-02 09:00:00+00:00,61.0,61.0,61.0,61.0,25000.0
2020-11-03 09:00:00+00:00,62.0,63.0,62.0,62.599998474121094,75000.0
2020-11-04 09:00:00+00:00,62.599998474121094,62.599998474121094,62.599998474121094,62.599998474121094,50000.0
2020-11-05 09:00:00+00:00,62.0,62.0,62.0,62.0,25000.0
2020-11-06 09:00:00+00:00,62.0,62.0,62.0,62.0,0.0
2020-11-09 09:00:00+00:00,62.0,62.0,62.0,62.0,0.0
2020-11-10 09:00:00+00:00,62.0,62.0,62.0,62.0,0.0
2020-11-11 09:00:00+00:00,62.0,62.0,62.0,62.0,0.0
2020-11-12 09:00:00+00:00,62.0,69.9000015258789,62.0,69.4000015258789,200000.0
2020-11-13 09:00:00+00:00,69.19999694824219,69.19999694824219,69.19999694824219,69.19999694824219,50000.0
2020-11-16 09:00:00+00:00,69.19999694824219,69.19999694824219,69.19999694824219,69.19999694824219,0.0
2020-11-17 09:00:00+00:00,69.19999694824219,69.19999694824219,69.19999694824219,69.19999694824219,0.0
2020-11-18 09:00:00+00:00,69.19999694824219,69.19999694824219,69.19999694824219,69.19999694824219,0.0
2020-11-19 09:00:00+00:00,69.19999694824219,69.19999694824219,69.19999694824219,69.19999694824219,0.0
2020-11-20 09:00:00+00:00,69.19999694824219,69.19999694824219,69.19999694824219,69.19999694824219,0.0
2020-11-23 09:00:00+00:00,69.19999694824219,69.19999694824219,69.19999694824219,69.19999694824219,0.0
2020-11-24 09:00:00+00:00,69.19999694824219,69.19999694824219,69.19999694824219,69.19999694824219,0.0
2020-11-25 09:00:00+00:00,69.19999694824219,69.19999694824219,69.19999694824219,69.19999694824219,0.0
2020-11-26 09:00:00+00:00,69.19999694824219,69.19999694824219,69.19999694824219,69.19999694824219,0.0
2020-11-27 09:00:00+00:00,69.0999984741211,69.0999984741211,69.0999984741211,69.0999984741211,25000.0
2020-11-30 09:00:00+00:00,69.0999984741211,69.0999984741211,69.0999984741211,69.0999984741211,0.0
2020-12-01 09:00:00+00:00,69.0,69.0,65.19999694824219,65.19999694824219,325000.0
2020-12-02 09:00:00+00:00,65.0999984741211,65.0999984741211,64.80000305175781,64.80000305175781,125000.0
2020-12-03 09:00:00+00:00,64.80000305175781,64.80000305175781,64.80000305175781,64.80000305175781,0.0
2020-12-04 09:00:00+00:00,64.0,64.0,64.0,64.0,100000.0
2020-12-07 09:00:00+00:00,64.0,64.0,64.0,64.0,75000.0
2020-12-08 09:00:00+00:00,63.900001525878906,63.900001525878906,63.900001525878906,63.900001525878906,25000.0
2020-12-10 09:00:00+00:00,63.900001525878906,63.900001525878906,63.900001525878906,63.900001525878906,0.0
2020-12-11 09:00:00+00:00,63.900001525878906,63.900001525878906,63.900001525878906,63.900001525878906,0.0
2020-12-14 09:00:00+00:00,63.29999923706055,63.29999923706055,59.5,61.900001525878906,2800000.0
2020-12-15 09:00:00+00:00,61.900001525878906,61.900001525878906,57.79999923706055,57.79999923706055,1900000.0
2020-12-16 09:00:00+00:00,57.79999923706055,57.79999923706055,57.79999923706055,57.79999923706055,125000.0
2020-12-17 09:00:00+00:00,57.79999923706055,57.79999923706055,57.79999923706055,57.79999923706055,25000.0
2020-12-18 09:00:00+00:00,57.79999923706055,57.79999923706055,57.79999923706055,57.79999923706055,50000.0
2020-12-21 09:00:00+00:00,57.79999923706055,58.0,57.79999923706055,58.0,275000.0
2020-12-22 09:00:00+00:00,58.20000076293945,61.599998474121094,58.0,61.0,225000.0
2020-12-23 09:00:00+00:00,61.0,61.0,56.900001525878906,59.900001525878906,2125000.0
2020-12-28 09:00:00+00:00,59.599998474121094,59.599998474121094,59.599998474121094,59.599998474121094,100000.0
2020-12-29 09:00:00+00:00,60.79999923706055,63.599998474121094,60.79999923706055,63.599998474121094,2150000.0
2020-12-30 09:00:00+00:00,64.0,64.80000305175781,64.0,64.0,2650000.0
2021-01-04 09:00:00+00:00,64.0,66.0,64.0,64.69999694824219,550000.0
2021-01-05 09:00:00+00:00,64.5999984741211,64.5999984741211,64.5999984741211,64.5999984741211,25000.0
2021-01-06 09:00:00+00:00,64.5999984741211,64.5999984741211,61.599998474121094,61.599998474121094,1550000.0
2021-01-07 09:00:00+00:00,61.5,61.5,58.0,58.0,1850000.0
2021-01-08 09:00:00+00:00,58.099998474121094,58.099998474121094,57.79999923706055,57.79999923706055,350000.0
2021-01-11 09:00:00+00:00,57.79999923706055,57.79999923706055,57.400001525878906,57.5,1075000.0
2021-01-12 09:00:00+00:00,57.5,58.20000076293945,57.5,58.0,350000.0
2021-01-13 09:00:00+00:00,57.79999923706055,58.400001525878906,57.79999923706055,58.0,300000.0
2021-01-14 09:00:00+00:00,58.0,58.0,58.0,58.0,375000.0
2021-01-15 09:00:00+00:00,57.0,57.0,57.0,57.0,75000.0
2021-01-18 09:00:00+00:00,57.0,57.0,57.0,57.0,25000.0
2021-01-19 09:00:00+00:00,57.0,57.0,57.0,57.0,75000.0
2021-01-20 09:00:00+00:00,57.0,57.0,57.0,57.0,0.0
2021-01-21 09:00:00+00:00,57.0,57.0,57.0,57.0,0.0
2021-01-22 09:00:00+00:00,57.0,57.0,55.0,55.0,175000.0
2021-01-25 09:00:00+00:00,55.0,55.0,55.0,55.0,350000.0
2021-01-26 09:00:00+00:00,55.0,55.0,55.0,55.0,0.0
2021-01-27 09:00:00+00:00,55.0,55.0,55.0,55.0,25000.0
2021-01-28 09:00:00+00:00,52.0,52.0,51.20000076293945,51.20000076293945,350000.0
2021-01-29 09:00:00+00:00,48.099998474121094,48.099998474121094,47.79999923706055,47.79999923706055,900000.0
2021-02-01 09:00:00+00:00,48.0,48.0,47.79999923706055,47.79999923706055,75000.0
2021-02-02 09:00:00+00:00,47.79999923706055,47.79999923706055,47.79999923706055,47.79999923706055,0.0
2021-02-03 09:00:00+00:00,47.79999923706055,47.79999923706055,47.79999923706055,47.79999923706055,0.0
2021-02-04 09:00:00+00:00,47.79999923706055,47.79999923706055,47.79999923706055,47.79999923706055,25000.0
2021-02-05 09:00:00+00:00,47.79999923706055,47.79999923706055,47.79999923706055,47.79999923706055,0.0
2021-02-08 09:00:00+00:00,48.0,48.0,47.79999923706055,47.79999923706055,75000.0
2021-02-09 09:00:00+00:00,48.0,48.0,47.599998474121094,47.599998474121094,100000.0
2021-02-10 09:00:00+00:00,47.599998474121094,47.599998474121094,47.599998474121094,47.599998474121094,75000.0
2021-02-11 09:00:00+00:00,47.599998474121094,47.599998474121094,47.599998474121094,47.599998474121094,150000.0
2021-02-15 09:00:00+00:00,47.599998474121094,47.599998474121094,47.599998474121094,47.599998474121094,25000.0
2021-02-16 09:00:00+00:00,47.599998474121094,47.599998474121094,47.599998474121094,47.599998474121094,0.0
2021-02-17 09:00:00+00:00,47.70000076293945,47.70000076293945,47.70000076293945,47.70000076293945,25000.0
2021-02-18 09:00:00+00:00,47.79999923706055,50.099998474121094,47.79999923706055,50.099998474121094,125000.0
2021-02-19 09:00:00+00:00,50.099998474121094,50.099998474121094,50.099998474121094,50.099998474121094,25000.0
2021-02-22 09:00:00+00:00,50.400001525878906,50.400001525878906,49.900001525878906,49.900001525878906,75000.0
2021-02-23 09:00:00+00:00,49.900001525878906,50.099998474121094,49.900001525878906,50.0,225000.0
2021-02-24 09:00:00+00:00,50.0,50.0,50.0,50.0,150000.0
2021-02-25 09:00:00+00:00,50.0,50.0,50.0,50.0,25000.0
2021-02-26 09:00:00+00:00,50.0,50.0,50.0,50.0,0.0
2021-03-01 09:00:00+00:00,55.900001525878906,56.0,55.0,55.0,150000.0
2021-03-02 09:00:00+00:00,55.0,55.0,55.0,55.0,300000.0
2021-03-03 09:00:00+00:00,55.0,55.0,54.900001525878906,54.900001525878906,50000.0
2021-03-04 09:00:00+00:00,51.20000076293945,51.20000076293945,51.20000076293945,51.20000076293945,25000.0
2021-03-05 09:00:00+00:00,51.0,51.0,51.0,51.0,50000.0
2021-03-08 09:00:00+00:00,50.900001525878906,50.900001525878906,50.0,50.0,150000.0
2021-03-09 09:00:00+00:00,49.79999923706055,49.79999923706055,49.79999923706055,49.79999923706055,25000.0
2021-03-10 09:00:00+00:00,49.79999923706055,49.79999923706055,49.79999923706055,49.79999923706055,0.0
2021-03-12 09:00:00+00:00,49.900001525878906,50.0,49.900001525878906,49.900001525878906,550000.0
2021-03-15 09:00:00+00:00,49.900001525878906,49.900001525878906,49.900001525878906,49.900001525878906,0.0
2021-03-16 09:00:00+00:00,49.900001525878906,49.900001525878906,49.900001525878906,49.900001525878906,625000.0
2021-03-17 09:00:00+00:00,49.900001525878906,49.900001525878906,49.900001525878906,49.900001525878906,25000.0
2021-03-18 09:00:00+00:00,49.900001525878906,49.900001525878906,49.900001525878906,49.900001525878906,0.0
2021-03-19 09:00:00+00:00,50.0,50.0,50.0,50.0,25000.0
2021-03-22 09:00:00+00:00,50.0,50.0,50.0,50.0,0.0
2021-03-23 09:00:00+00:00,50.0,50.0,50.0,50.0,50000.0
2021-03-24 09:00:00+00:00,50.0,50.0,50.0,50.0,0.0
2021-03-25 09:00:00+00:00,50.0,50.0,50.0,50.0,50000.0
2021-03-26 09:00:00+00:00,50.0,50.0,50.0,50.0,0.0
2021-03-29 09:00:00+00:00,50.0,50.0,50.0,50.0,25000.0
2021-03-30 09:00:00+00:00,50.0,50.0,50.0,50.0,0.0
2021-03-31 09:00:00+00:00,50.0,50.0,50.0,50.0,0.0
2021-04-01 09:00:00+00:00,50.0,50.0,50.0,50.0,75000.0
2021-04-05 09:00:00+00:00,50.0,50.0,50.0,50.0,25000.0
2021-04-06 09:00:00+00:00,50.0,50.0,50.0,50.0,75000.0
2021-04-07 09:00:00+00:00,50.0,50.0,50.0,50.0,125000.0
2021-04-08 09:00:00+00:00,50.0,50.0,50.0,50.0,0.0
2021-04-09 09:00:00+00:00,50.0,50.0,50.0,50.0,0.0
2021-04-12 09:00:00+00:00,50.0,50.0,50.0,50.0,0.0
2021-04-13 09:00:00+00:00,50.0,50.0,50.0,50.0,0.0
2021-04-14 09:00:00+00:00,50.0,50.0,50.0,50.0,25000.0
2021-04-15 09:00:00+00:00,50.0,50.0,50.0,50.0,0.0
2021-04-16 09:00:00+00:00,50.0,50.0,50.0,50.0,0.0
2021-04-19 09:00:00+00:00,50.0,50.0,50.0,50.0,0.0
2021-04-20 09:00:00+00:00,50.0,50.0,50.0,50.0,0.0
2021-04-21 09:00:00+00:00,50.0,50.0,50.0,50.0,150000.0
2021-04-22 09:00:00+00:00,50.0,50.0,50.0,50.0,100000.0
2021-04-23 09:00:00+00:00,50.0,50.0,50.0,50.0,25000.0
2021-04-26 09:00:00+00:00,50.0,50.0,50.0,50.0,0.0
2021-04-27 09:00:00+00:00,50.0,50.0,50.0,50.0,0.0
2021-04-28 09:00:00+00:00,50.0,50.0,50.0,50.0,100000.0
2021-04-29 09:00:00+00:00,50.0,50.0,50.0,50.0,0.0
2021-04-30 09:00:00+00:00,50.0,50.0,50.0,50.0,0.0
2021-05-03 09:00:00+00:00,50.0,50.0,50.0,50.0,0.0
2021-05-04 09:00:00+00:00,50.0,50.0,50.0,50.0,0.0
2021-05-05 09:00:00+00:00,50.0,50.0,50.0,50.0,0.0
2021-05-06 09:00:00+00:00,50.0,50.0,50.0,50.0,0.0
2021-05-07 09:00:00+00:00,50.0,50.0,50.0,50.0,0.0
2021-05-10 09:00:00+00:00,50.0,50.0,50.0,50.0,0.0
2021-05-11 09:00:00+00:00,50.0,50.0,50.0,50.0,0.0
2021-05-17 09:00:00+00:00,49.599998474121094,49.599998474121094,49.599998474121094,49.599998474121094,25000.0
2021-05-18 09:00:00+00:00,49.599998474121094,49.599998474121094,49.599998474121094,49.599998474121094,0.0
2021-05-19 09:00:00+00:00,46.20000076293945,46.20000076293945,46.20000076293945,46.20000076293945,50000.0
2021-05-20 09:00:00+00:00,46.20000076293945,46.20000076293945,46.20000076293945,46.20000076293945,175000.0
2021-05-21 09:00:00+00:00,46.20000076293945,46.20000076293945,46.20000076293945,46.20000076293945,0.0
2021-05-24 09:00:00+00:00,46.20000076293945,46.20000076293945,46.20000076293945,46.20000076293945,0.0
2021-05-25 09:00:00+00:00,46.20000076293945,46.20000076293945,46.20000076293945,46.20000076293945,0.0
2021-05-27 09:00:00+00:00,46.20000076293945,46.20000076293945,46.20000076293945,46.20000076293945,0.0
2021-05-28 09:00:00+00:00,46.0,46.0,44.0,44.0,100000.0
2021-05-31 09:00:00+00:00,44.0,44.0,43.20000076293945,43.20000076293945,150000.0
2021-06-02 09:00:00+00:00,43.20000076293945,43.20000076293945,43.20000076293945,43.20000076293945,50000.0
2021-06-03 09:00:00+00:00,43.20000076293945,43.20000076293945,43.20000076293945,43.20000076293945,475000.0
2021-06-04 09:00:00+00:00,43.20000076293945,43.20000076293945,43.20000076293945,43.20000076293945,0.0
2021-06-07 09:00:00+00:00,43.20000076293945,43.20000076293945,43.20000076293945,43.20000076293945,0.0
2021-06-08 09:00:00+00:00,43.20000076293945,43.20000076293945,43.20000076293945,43.20000076293945,125000.0
2021-06-09 09:00:00+00:00,43.20000076293945,43.20000076293945,43.20000076293945,43.20000076293945,0.0
2021-06-10 09:00:00+00:00,43.20000076293945,43.20000076293945,43.20000076293945,43.20000076293945,25000.0
2021-06-11 09:00:00+00:00,43.20000076293945,43.20000076293945,43.20000076293945,43.20000076293945,50000.0
2021-06-14 09:00:00+00:00,43.20000076293945,43.20000076293945,43.20000076293945,43.20000076293945,25000.0
2021-06-15 09:00:00+00:00,43.20000076293945,43.20000076293945,43.20000076293945,43.20000076293945,0.0
2021-06-16 09:00:00+00:00,43.20000076293945,43.20000076293945,43.20000076293945,43.20000076293945,0.0
2021-06-17 09:00:00+00:00,43.20000076293945,43.20000076293945,43.20000076293945,43.20000076293945,125000.0
2021-06-18 09:00:00+00:00,43.20000076293945,43.20000076293945,43.20000076293945,43.20000076293945,0.0
2021-06-21 09:00:00+00:00,42.79999923706055,43.20000076293945,42.79999923706055,43.20000076293945,375000.0
2021-06-22 09:00:00+00:00,42.0,42.0,40.20000076293945,40.20000076293945,5775000.0
2021-06-23 09:00:00+00:00,40.20000076293945,40.20000076293945,40.20000076293945,40.20000076293945,0.0
2021-06-24 09:00:00+00:00,40.20000076293945,40.20000076293945,40.20000076293945,40.20000076293945,0.0
2021-06-25 09:00:00+00:00,40.20000076293945,40.20000076293945,40.20000076293945,40.20000076293945,0.0
2021-06-28 09:00:00+00:00,40.0,40.20000076293945,37.400001525878906,37.400001525878906,1025000.0
2021-06-29 09:00:00+00:00,37.0,37.0,37.0,37.0,25000.0
2021-06-30 09:00:00+00:00,37.0,37.0,37.0,37.0,0.0
2021-07-01 09:00:00+00:00,37.0,37.0,37.0,37.0,0.0
2021-07-02 09:00:00+00:00,37.0,37.0,37.0,37.0,0.0
2021-07-05 09:00:00+00:00,36.400001525878906,36.79999923706055,36.400001525878906,36.79999923706055,725000.0
2021-07-06 09:00:00+00:00,38.0,42.400001525878906,38.0,42.400001525878906,850000.0
2021-07-07 09:00:00+00:00,44.0,50.599998474121094,43.0,49.900001525878906,1925000.0
2021-07-08 09:00:00+00:00,50.20000076293945,59.79999923706055,50.0,57.79999923706055,3675000.0
2021-07-09 09:00:00+00:00,58.0,58.29999923706055,58.0,58.0,1500000.0
2021-07-12 09:00:00+00:00,58.0,58.0,57.400001525878906,57.5,225000.0
2021-07-13 09:00:00+00:00,57.5,57.5,57.5,57.5,75000.0
2021-07-14 09:00:00+00:00,56.20000076293945,56.20000076293945,56.20000076293945,56.20000076293945,25000.0
2021-07-15 09:00:00+00:00,56.20000076293945,56.20000076293945,52.29999923706055,52.400001525878906,425000.0
2021-07-16 09:00:00+00:00,52.400001525878906,52.400001525878906,49.20000076293945,49.20000076293945,150000.0
2021-07-19 09:00:00+00:00,49.20000076293945,49.20000076293945,46.0,48.0,500000.0
2021-07-21 09:00:00+00:00,48.0,48.0,48.0,48.0,50000.0
2021-07-22 09:00:00+00:00,50.0,51.79999923706055,50.0,51.20000076293945,200000.0
2021-07-23 09:00:00+00:00,51.29999923706055,51.29999923706055,51.29999923706055,51.29999923706055,125000.0
2021-07-26 09:00:00+00:00,51.29999923706055,51.29999923706055,48.599998474121094,48.599998474121094,50000.0
2021-07-27 09:00:00+00:00,48.599998474121094,51.599998474121094,48.599998474121094,51.5,650000.0
2021-07-28 09:00:00+00:00,51.400001525878906,51.400001525878906,51.400001525878906,51.400001525878906,275000.0
2021-07-29 09:00:00+00:00,51.400001525878906,52.0,51.400001525878906,52.0,200000.0
2021-07-30 09:00:00+00:00,52.79999923706055,52.79999923706055,52.400001525878906,52.599998474121094,200000.0
2021-08-02 09:00:00+00:00,52.599998474121094,61.70000076293945,52.599998474121094,61.70000076293945,2075000.0
2021-08-03 09:00:00+00:00,60.0,60.0,58.599998474121094,60.0,1600000.0
2021-08-04 09:00:00+00:00,60.0,60.0,59.900001525878906,60.0,825000.0
2021-08-05 09:00:00+00:00,60.0,60.0,60.0,60.0,75000.0
2021-08-06 09:00:00+00:00,60.0,64.80000305175781,60.0,64.4000015258789,3125000.0
2021-08-09 09:00:00+00:00,64.4000015258789,64.4000015258789,64.4000015258789,64.4000015258789,675000.0
2021-08-10 09:00:00+00:00,64.4000015258789,67.4000015258789,64.4000015258789,67.4000015258789,800000.0
2021-08-12 09:00:00+00:00,67.4000015258789,72.0,67.4000015258789,72.0,1725000.0
2021-08-13 09:00:00+00:00,72.0,72.0,69.5999984741211,70.0,650000.0
2021-08-16 09:00:00+00:00,70.0,70.0,70.0,70.0,250000.0
2021-08-18 09:00:00+00:00,70.0,70.0,70.0,70.0,0.0
2021-08-19 09:00:00+00:00,70.0,70.0,70.0,70.0,0.0
2021-08-20 09:00:00+00:00,65.0999984741211,65.0999984741211,65.0999984741211,65.0999984741211,25000.0
2021-08-23 09:00:00+00:00,67.9000015258789,69.9000015258789,67.9000015258789,69.5999984741211,1325000.0
2021-08-24 09:00:00+00:00,69.5999984741211,70.0,69.5999984741211,70.0,475000.0
2021-08-25 09:00:00+00:00,70.0,70.0,70.0,70.0,0.0
2021-08-26 09:00:00+00:00,70.0,70.0,70.0,70.0,0.0
2021-08-27 09:00:00+00:00,69.80000305175781,70.0,69.80000305175781,70.0,850000.0
2021-08-30 09:00:00+00:00,70.0,70.0,70.0,70.0,200000.0
2021-08-31 09:00:00+00:00,70.0,70.0,70.0,70.0,525000.0
2021-09-01 09:00:00+00:00,70.0,70.0,70.0,70.0,0.0
2021-09-02 09:00:00+00:00,70.0,70.0,70.0,70.0,0.0
2021-09-03 09:00:00+00:00,70.0,70.0,70.0,70.0,0.0
2021-09-06 09:00:00+00:00,70.0,70.0,70.0,70.0,50000.0
2021-09-07 09:00:00+00:00,70.0,70.0,70.0,70.0,25000.0
2021-09-08 09:00:00+00:00,70.0,70.0,70.0,70.0,0.0
2021-09-09 09:00:00+00:00,70.0,70.0,70.0,70.0,0.0
2021-09-10 09:00:00+00:00,70.0,70.0,70.0,70.0,0.0
2021-09-13 09:00:00+00:00,70.0,70.0,70.0,70.0,0.0
2021-09-14 09:00:00+00:00,70.0,70.0,70.0,70.0,0.0
2021-09-15 09:00:00+00:00,70.0,70.0,70.0,70.0,0.0
2021-09-16 09:00:00+00:00,70.0,70.0,70.0,70.0,25000.0
2021-09-17 09:00:00+00:00,70.0,70.0,70.0,70.0,0.0
2021-09-20 09:00:00+00:00,70.0,70.0,70.0,70.0,0.0
2021-09-21 09:00:00+00:00,70.0,70.0,70.0,70.0,275000.0
2021-09-22 09:00:00+00:00,70.0,70.0,70.0,70.0,0.0
2021-09-23 09:00:00+00:00,69.9000015258789,70.0,69.9000015258789,70.0,675000.0
2021-09-24 09:00:00+00:00,70.0,70.0,70.0,70.0,750000.0
2021-09-27 09:00:00+00:00,70.0,70.0,70.0,70.0,0.0
2021-09-28 09:00:00+00:00,70.0,70.0,70.0,70.0,25000.0
2021-09-29 09:00:00+00:00,70.0,70.0,70.0,70.0,0.0
2021-09-30 09:00:00+00:00,70.0,70.0,70.0,70.0,25000.0
2021-10-01 09:00:00+00:00,70.0,82.0,70.0,82.0,200000.0
2021-10-04 09:00:00+00:00,82.0,82.0,82.0,82.0,1050000.0
2021-10-05 09:00:00+00:00,82.0,96.0,82.0,95.0999984741211,3925000.0
2021-10-06 09:00:00+00:00,95.0999984741211,108.0,95.0999984741211,100.0,4300000.0
2021-10-07 09:00:00+00:00,99.0,99.0,98.9000015258789,98.9000015258789,2025000.0
2021-10-08 09:00:00+00:00,98.9000015258789,98.9000015258789,98.9000015258789,98.9000015258789,150000.0
2021-10-11 09:00:00+00:00,98.80000305175781,100.0,98.80000305175781,99.0999984741211,1350000.0
2021-10-12 09:00:00+00:00,100.0,100.0,99.9000015258789,99.9000015258789,100000.0
2021-10-13 09:00:00+00:00,99.9000015258789,99.9000015258789,99.9000015258789,99.9000015258789,0.0
2021-10-14 09:00:00+00:00,99.9000015258789,99.9000015258789,99.9000015258789,99.9000015258789,0.0
2021-10-15 09:00:00+00:00,99.5,99.5999984741211,99.5,99.5999984741211,50000.0
2021-10-18 09:00:00+00:00,99.5999984741211,99.5999984741211,99.5999984741211,99.5999984741211,25000.0
2021-10-19 09:00:00+00:00,99.5999984741211,99.5999984741211,99.5999984741211,99.5999984741211,50000.0
2021-10-21 09:00:00+00:00,99.4000015258789,100.0,99.4000015258789,99.5999984741211,1775000.0
2021-10-22 09:00:00+00:00,100.80000305175781,118.0,100.80000305175781,111.19999694824219,4375000.0
2021-10-25 09:00:00+00:00,111.19999694824219,128.1999969482422,111.19999694824219,118.4000015258789,1775000.0
2021-10-26 09:00:00+00:00,118.4000015258789,136.0,116.80000305175781,133.1999969482422,6350000.0
2021-10-27 09:00:00+00:00,133.1999969482422,133.1999969482422,127.19999694824219,131.3000030517578,425000.0
2021-10-28 09:00:00+00:00,122.19999694824219,130.0,122.19999694824219,124.80000305175781,3850000.0
2021-10-29 09:00:00+00:00,124.80000305175781,124.80000305175781,122.4000015258789,124.0,2875000.0
2021-11-01 09:00:00+00:00,124.80000305175781,128.8000030517578,124.0,124.0,2775000.0
2021-11-02 09:00:00+00:00,124.0,126.0,124.0,125.19999694824219,4350000.0
2021-11-03 09:00:00+00:00,125.0,125.0999984741211,125.0,125.0,500000.0
2021-11-04 09:00:00+00:00,126.0,127.19999694824219,126.0,127.19999694824219,400000.0
2021-11-05 09:00:00+00:00,128.1999969482422,128.1999969482422,128.1999969482422,128.1999969482422,25000.0
2021-11-08 09:00:00+00:00,128.1999969482422,144.0,128.1999969482422,136.0,1425000.0
2021-11-09 09:00:00+00:00,136.8000030517578,163.1999969482422,136.8000030517578,163.1999969482422,1475000.0
2021-11-10 09:00:00+00:00,164.6999969482422,195.1999969482422,164.6999969482422,194.0,2825000.0
2021-11-11 09:00:00+00:00,198.0,220.0,198.0,202.1999969482422,4425000.0
2021-11-12 09:00:00+00:00,204.0,204.0,196.0,201.60000610351562,500000.0
2021-11-15 09:00:00+00:00,201.10000610351562,201.10000610351562,201.10000610351562,201.10000610351562,25000.0
2021-11-16 09:00:00+00:00,200.0,200.0,199.89999389648438,199.89999389648438,75000.0
2021-11-17 09:00:00+00:00,199.89999389648438,199.89999389648438,194.0,197.3000030517578,350000.0
2021-11-18 09:00:00+00:00,195.1999969482422,204.0,195.1999969482422,203.89999389648438,3200000.0
2021-11-19 09:00:00+00:00,217.0,222.0,210.8000030517578,211.1999969482422,650000.0
2021-11-22 09:00:00+00:00,204.0,217.8000030517578,199.89999389648438,207.0,5025000.0
2021-11-23 09:00:00+00:00,212.0,216.0,200.0,205.5,1475000.0
2021-11-24 09:00:00+00:00,205.1999969482422,205.5,205.1999969482422,205.5,125000.0
2021-11-25 09:00:00+00:00,220.0,220.0,205.89999389648438,205.89999389648438,200000.0
2021-11-26 09:00:00+00:00,205.89999389648438,212.0,200.0,200.0,6125000.0
2021-11-29 09:00:00+00:00,200.0,200.0,198.0,199.1999969482422,450000.0
2021-11-30 09:00:00+00:00,199.1999969482422,199.1999969482422,198.0,198.0,3750000.0
2021-12-01 09:00:00+00:00,198.0,198.0,198.0,198.0,0.0
2021-12-02 09:00:00+00:00,197.6999969482422,216.0,197.6999969482422,216.0,425000.0
2021-12-03 09:00:00+00:00,216.0,216.0,216.0,216.0,0.0
2021-12-06 09:00:00+00:00,216.0,216.0,216.0,216.0,350000.0
2021-12-07 09:00:00+00:00,216.0,216.0,216.0,216.0,0.0
2021-12-08 09:00:00+00:00,216.0,216.0,216.0,216.0,0.0
2021-12-09 09:00:00+00:00,200.89999389648438,211.0,200.89999389648438,211.0,125000.0
2021-12-10 09:00:00+00:00,196.3000030517578,208.0,196.3000030517578,198.0,200000.0
2021-12-13 09:00:00+00:00,198.0,198.0,192.0,196.0,1250000.0
2021-12-14 09:00:00+00:00,196.0,196.0,196.0,196.0,25000.0
2021-12-15 09:00:00+00:00,195.39999389648438,195.39999389648438,188.0,195.39999389648438,875000.0
2021-12-16 09:00:00+00:00,196.0,196.0,195.0,195.0,50000.0
2021-12-17 09:00:00+00:00,195.0,195.0,195.0,195.0,25000.0
2021-12-20 09:00:00+00:00,195.0,195.0,195.0,195.0,0.0
2021-12-21 09:00:00+00:00,194.8000030517578,196.0,194.8000030517578,196.0,275000.0
2021-12-22 09:00:00+00:00,196.0,196.0,196.0,196.0,0.0
2021-12-23 09:00:00+00:00,196.0,196.0,196.0,196.0,0.0
2021-12-24 09:00:00+00:00,196.0,196.0,196.0,196.0,0.0
2021-12-27 09:00:00+00:00,196.0,196.0,196.0,196.0,0.0
2021-12-28 09:00:00+00:00,196.0,196.0,196.0,196.0,50000.0
2021-12-29 09:00:00+00:00,196.0,196.0,196.0,196.0,0.0
2021-12-30 09:00:00+00:00,196.0,196.0,196.0,196.0,0.0
2022-01-03 09:00:00+00:00,196.0,200.0,196.0,199.8000030517578,1925000.0
2022-01-04 09:00:00+00:00,199.8000030517578,199.8000030517578,199.8000030517578,199.8000030517578,0.0
2022-01-05 09:00:00+00:00,199.8000030517578,199.8000030517578,199.8000030517578,199.8000030517578,0.0
2022-01-06 09:00:00+00:00,199.8000030517578,199.8000030517578,199.8000030517578,199.8000030517578,0.0
2022-01-07 09:00:00+00:00,199.8000030517578,199.8000030517578,199.8000030517578,199.8000030517578,0.0
2022-01-10 09:00:00+00:00,199.8000030517578,199.8000030517578,199.8000030517578,199.8000030517578,0.0
2022-01-11 09:00:00+00:00,199.8000030517578,199.8000030517578,199.8000030517578,199.8000030517578,0.0
2022-01-12 09:00:00+00:00,185.89999389648438,185.89999389648438,185.89999389648438,185.89999389648438,125000.0
2022-01-13 09:00:00+00:00,177.5,184.0,177.5,184.0,425000.0
2022-01-14 09:00:00+00:00,184.10000610351562,184.10000610351562,184.10000610351562,184.10000610351562,125000.0
2022-01-17 09:00:00+00:00,184.10000610351562,184.10000610351562,184.10000610351562,184.10000610351562,150000.0
2022-01-18 09:00:00+00:00,184.10000610351562,184.10000610351562,184.10000610351562,184.10000610351562,0.0
2022-01-19 09:00:00+00:00,184.10000610351562,184.10000610351562,184.10000610351562,184.10000610351562,25000.0
2022-01-20 09:00:00+00:00,184.10000610351562,184.10000610351562,184.10000610351562,184.10000610351562,0.0
2022-01-21 09:00:00+00:00,184.10000610351562,184.10000610351562,184.10000610351562,184.10000610351562,375000.0
2022-01-24 09:00:00+00:00,184.10000610351562,184.10000610351562,184.10000610351562,184.10000610351562,0.0
2022-01-25 09:00:00+00:00,184.10000610351562,184.10000610351562,184.10000610351562,184.10000610351562,0.0
2022-01-26 09:00:00+00:00,184.10000610351562,184.10000610351562,184.10000610351562,184.10000610351562,0.0
2022-01-27 09:00:00+00:00,184.0,184.0,184.0,184.0,250000.0
2022-01-28 09:00:00+00:00,184.0,184.0,184.0,184.0,25000.0
2022-01-31 09:00:00+00:00,184.0,184.0,184.0,184.0,50000.0
2022-02-02 09:00:00+00:00,184.0,184.0,184.0,184.0,100000.0
2022-02-03 09:00:00+00:00,184.0,184.0,184.0,184.0,0.0
2022-02-04 09:00:00+00:00,184.0,184.0,184.0,184.0,0.0
2022-02-07 09:00:00+00:00,184.0,184.0,184.0,184.0,0.0
2022-02-08 09:00:00+00:00,184.0,184.0,184.0,184.0,0.0
2022-02-09 09:00:00+00:00,184.0,184.0,184.0,184.0,0.0
2022-02-10 09:00:00+00:00,184.0,184.0,184.0,184.0,0.0
2022-02-11 09:00:00+00:00,184.0,184.0,184.0,184.0,0.0
2022-02-14 09:00:00+00:00,184.0,184.0,184.0,184.0,0.0
2022-02-15 09:00:00+00:00,184.0,184.0,184.0,184.0,0.0
2022-02-16 09:00:00+00:00,184.0,184.0,184.0,184.0,0.0
2022-02-17 09:00:00+00:00,184.0,186.10000610351562,184.0,186.0,75000.0
2022-02-18 09:00:00+00:00,186.0,186.0,186.0,186.0,25000.0
2022-02-21 09:00:00+00:00,186.0,186.0,186.0,186.0,0.0
2022-02-22 09:00:00+00:00,186.0,186.0,186.0,186.0,0.0
2022-02-23 09:00:00+00:00,186.0,186.0,186.0,186.0,25000.0
2022-02-24 09:00:00+00:00,186.0,186.0,186.0,186.0,0.0
2022-02-25 09:00:00+00:00,186.0,186.0,186.0,186.0,0.0
2022-03-01 09:00:00+00:00,186.0,186.0,186.0,186.0,0.0
2022-03-02 09:00:00+00:00,186.0,188.8000030517578,186.0,188.8000030517578,175000.0
2022-03-04 09:00:00+00:00,189.60000610351562,225.60000610351562,189.60000610351562,217.60000610351562,675000.0
2022-03-07 09:00:00+00:00,217.60000610351562,217.60000610351562,202.39999389648438,202.39999389648438,200000.0
2022-03-08 09:00:00+00:00,188.3000030517578,188.3000030517578,188.3000030517578,188.3000030517578,75000.0
2022-03-09 09:00:00+00:00,175.3000030517578,176.0,175.1999969482422,176.0,575000.0
2022-03-10 09:00:00+00:00,176.0,176.0,176.0,176.0,50000.0
2022-03-11 09:00:00+00:00,176.0,176.0,176.0,176.0,0.0
2022-03-14 09:00:00+00:00,176.0,176.0,176.0,176.0,25000.0
2022-03-15 09:00:00+00:00,176.0,176.0,176.0,176.0,0.0
2022-03-16 09:00:00+00:00,176.0,176.0,176.0,176.0,0.0
2022-03-17 09:00:00+00:00,176.0,176.0,176.0,176.0,0.0
2022-03-18 09:00:00+00:00,176.0,176.0,176.0,176.0,50000.0
2022-03-21 09:00:00+00:00,176.0,176.0,176.0,176.0,0.0
2022-03-22 09:00:00+00:00,176.0,176.0,176.0,176.0,0.0
2022-03-23 09:00:00+00:00,176.0,176.0,176.0,176.0,50000.0
2022-03-24 09:00:00+00:00,176.0,176.0,176.0,176.0,0.0
2022-03-25 09:00:00+00:00,176.0,176.0,176.0,176.0,0.0
2022-03-28 09:00:00+00:00,176.0,176.0,176.0,176.0,25000.0
2022-03-29 09:00:00+00:00,176.0,176.0,176.0,176.0,0.0
2022-03-30 09:00:00+00:00,176.0,176.0,176.0,176.0,0.0
2022-03-31 09:00:00+00:00,176.0,176.0,176.0,176.0,0.0
2022-04-01 09:00:00+00:00,176.0,176.0,176.0,176.0,0.0
2022-04-04 09:00:00+00:00,176.0,176.0,176.0,176.0,0.0
2022-04-05 09:00:00+00:00,164.0,164.0,164.0,164.0,50000.0
2022-04-06 09:00:00+00:00,152.60000610351562,152.60000610351562,152.60000610351562,152.60000610351562,200000.0
2022-04-07 09:00:00+00:00,152.60000610351562,152.60000610351562,152.60000610351562,152.60000610351562,0.0
2022-04-08 09:00:00+00:00,152.60000610351562,152.60000610351562,152.60000610351562,152.60000610351562,0.0
2022-04-11 09:00:00+00:00,152.60000610351562,152.60000610351562,152.60000610351562,152.60000610351562,0.0
2022-04-12 09:00:00+00:00,142.3000030517578,142.3000030517578,142.3000030517578,142.3000030517578,50000.0
2022-04-13 09:00:00+00:00,142.3000030517578,142.3000030517578,142.3000030517578,142.3000030517578,0.0
2022-04-14 09:00:00+00:00,142.3000030517578,142.3000030517578,142.3000030517578,142.3000030517578,0.0
2022-04-18 09:00:00+00:00,142.3000030517578,142.3000030517578,142.3000030517578,142.3000030517578,0.0
2022-04-19 09:00:00+00:00,140.5,140.5,140.5,140.5,75000.0
2022-04-20 09:00:00+00:00,133.1999969482422,133.1999969482422,132.39999389648438,133.1999969482422,125000.0
2022-04-21 09:00:00+00:00,133.1999969482422,133.1999969482422,133.1999969482422,133.1999969482422,0.0
2022-04-22 09:00:00+00:00,133.1999969482422,133.1999969482422,133.1999969482422,133.1999969482422,0.0
2022-04-25 09:00:00+00:00,124.0,124.0,123.9000015258789,123.9000015258789,250000.0
2022-04-26 09:00:00+00:00,123.9000015258789,123.9000015258789,123.9000015258789,123.9000015258789,25000.0
2022-04-27 09:00:00+00:00,120.0,120.0,120.0,120.0,150000.0
2022-04-28 09:00:00+00:00,120.0,120.0,120.0,120.0,0.0
2022-05-09 09:00:00+00:00,120.0,120.0,116.0,116.0,175000.0
2022-05-10 09:00:00+00:00,115.0,115.0,110.0,110.0,175000.0
2022-05-11 09:00:00+00:00,110.0,111.0,110.0,111.0,50000.0
2022-05-12 09:00:00+00:00,111.0,111.0,111.0,111.0,0.0
2022-05-13 09:00:00+00:00,110.0,110.0,110.0,110.0,100000.0
2022-05-17 09:00:00+00:00,112.0,117.0,112.0,115.4000015258789,400000.0
2022-05-18 09:00:00+00:00,119.9000015258789,132.0,119.4000015258789,132.0,575000.0
2022-05-19 09:00:00+00:00,133.0,158.39999389648438,133.0,158.39999389648438,975000.0
2022-05-20 09:00:00+00:00,165.0,184.0,165.0,165.1999969482422,1300000.0
2022-05-23 09:00:00+00:00,166.1999969482422,166.1999969482422,153.6999969482422,153.6999969482422,425000.0
2022-05-24 09:00:00+00:00,153.6999969482422,153.6999969482422,143.0,143.0,275000.0
2022-05-25 09:00:00+00:00,143.0,143.0,143.0,143.0,75000.0
2022-05-27 09:00:00+00:00,133.0,133.6999969482422,133.0,133.6999969482422,250000.0
2022-05-30 09:00:00+00:00,134.0,134.0,134.0,134.0,25000.0
2022-05-31 09:00:00+00:00,135.6999969482422,135.6999969482422,135.6999969482422,135.6999969482422,25000.0
2022-06-02 09:00:00+00:00,135.6999969482422,135.6999969482422,135.6999969482422,135.6999969482422,0.0
2022-06-03 09:00:00+00:00,135.8000030517578,144.8000030517578,135.8000030517578,144.8000030517578,250000.0
2022-06-06 09:00:00+00:00,145.1999969482422,154.8000030517578,145.1999969482422,152.89999389648438,450000.0
2022-06-07 09:00:00+00:00,154.0,154.0,147.0,147.0,275000.0
2022-06-08 09:00:00+00:00,147.0,147.0,147.0,147.0,25000.0
2022-06-09 09:00:00+00:00,147.0,147.0,147.0,147.0,25000.0
2022-06-10 09:00:00+00:00,147.0,147.0,147.0,147.0,0.0
2022-06-13 09:00:00+00:00,147.0,147.0,147.0,147.0,0.0
2022-06-14 09:00:00+00:00,147.0,147.0,147.0,147.0,0.0
2022-06-15 09:00:00+00:00,147.0,147.0,147.0,147.0,0.0
2022-06-16 09:00:00+00:00,147.0,147.0,147.0,147.0,50000.0
2022-06-17 09:00:00+00:00,147.0,147.0,147.0,147.0,0.0
2022-06-20 09:00:00+00:00,147.0,147.0,147.0,147.0,0.0
2022-06-21 09:00:00+00:00,147.0,147.0,147.0,147.0,0.0
2022-06-22 09:00:00+00:00,147.0,147.0,147.0,147.0,0.0
2022-06-23 09:00:00+00:00,147.0,147.0,147.0,147.0,0.0
2022-06-24 09:00:00+00:00,141.1999969482422,141.1999969482422,140.1999969482422,140.1999969482422,50000.0
2022-06-27 09:00:00+00:00,140.1999969482422,140.1999969482422,140.1999969482422,140.1999969482422,75000.0
2022-06-28 09:00:00+00:00,140.1999969482422,140.1999969482422,140.1999969482422,140.1999969482422,0.0
2022-06-29 09:00:00+00:00,140.1999969482422,140.1999969482422,140.1999969482422,140.1999969482422,0.0
2022-06-30 09:00:00+00:00,140.1999969482422,140.1999969482422,140.1999969482422,140.1999969482422,0.0
2022-07-01 09:00:00+00:00,140.1999969482422,140.1999969482422,140.1999969482422,140.1999969482422,100000.0
2022-07-04 09:00:00+00:00,140.1999969482422,140.1999969482422,140.1999969482422,140.1999969482422,0.0
2022-07-05 09:00:00+00:00,140.1999969482422,140.1999969482422,140.1999969482422,140.1999969482422,150000.0
2022-07-06 09:00:00+00:00,140.1999969482422,140.1999969482422,140.1999969482422,140.1999969482422,0.0
2022-07-07 09:00:00+00:00,140.1999969482422,140.1999969482422,140.1999969482422,140.1999969482422,0.0
2022-07-08 09:00:00+00:00,140.1999969482422,140.1999969482422,140.1999969482422,140.1999969482422,0.0
2022-07-11 09:00:00+00:00,140.1999969482422,140.1999969482422,140.1999969482422,140.1999969482422,0.0
2022-07-12 09:00:00+00:00,140.1999969482422,140.1999969482422,140.1999969482422,140.1999969482422,0.0
2022-07-13 09:00:00+00:00,130.39999389648438,130.39999389648438,130.39999389648438,130.39999389648438,150000.0
2022-07-14 09:00:00+00:00,130.39999389648438,130.39999389648438,130.39999389648438,130.39999389648438,0.0
2022-07-15 09:00:00+00:00,130.39999389648438,130.39999389648438,130.39999389648438,130.39999389648438,0.0
2022-07-18 09:00:00+00:00,130.39999389648438,130.39999389648438,130.39999389648438,130.39999389648438,0.0
2022-07-19 09:00:00+00:00,130.39999389648438,130.39999389648438,130.39999389648438,130.39999389648438,50000.0
2022-07-20 09:00:00+00:00,130.39999389648438,130.39999389648438,130.39999389648438,130.39999389648438,0.0
2022-07-21 09:00:00+00:00,130.39999389648438,130.39999389648438,130.39999389648438,130.39999389648438,0.0
2022-07-22 09:00:00+00:00,130.39999389648438,130.39999389648438,130.39999389648438,130.39999389648438,0.0
2022-07-25 09:00:00+00:00,130.39999389648438,130.39999389648438,130.39999389648438,130.39999389648438,0.0
2022-07-26 09:00:00+00:00,130.39999389648438,130.39999389648438,130.39999389648438,130.39999389648438,0.0
2022-07-27 09:00:00+00:00,130.39999389648438,130.39999389648438,130.39999389648438,130.39999389648438,25000.0
2022-07-28 09:00:00+00:00,132.0,132.0,132.0,132.0,75000.0
2022-07-29 09:00:00+00:00,132.0,132.0,132.0,132.0,75000.0
2022-08-01 09:00:00+00:00,132.0,132.0,132.0,132.0,25000.0
2022-08-02 09:00:00+00:00,132.0,132.0,132.0,132.0,0.0
2022-08-03 09:00:00+00:00,132.1999969482422,132.1999969482422,132.0,132.0,125000.0
2022-08-04 09:00:00+00:00,132.0,132.0,132.0,132.0,125000.0
2022-08-05 09:00:00+00:00,132.0,132.0,132.0,132.0,0.0
2022-08-08 09:00:00+00:00,132.0,132.0,132.0,132.0,50000.0
2022-08-09 09:00:00+00:00,132.0,132.0,132.0,132.0,0.0
2022-08-10 09:00:00+00:00,132.0,132.0,132.0,132.0,0.0
2022-08-11 09:00:00+00:00,132.0,132.0,132.0,132.0,0.0
2022-08-12 09:00:00+00:00,132.0,132.0,132.0,132.0,25000.0
2022-08-15 09:00:00+00:00,132.8000030517578,132.8000030517578,132.8000030517578,132.8000030517578,75000.0
2022-08-16 09:00:00+00:00,132.8000030517578,132.8000030517578,130.8000030517578,131.5,350000.0
2022-08-18 09:00:00+00:00,131.5,131.5,131.5,131.5,0.0
2022-08-19 09:00:00+00:00,132.5,132.8000030517578,132.5,132.8000030517578,200000.0
2022-08-22 09:00:00+00:00,132.8000030517578,132.8000030517578,132.0,132.0,500000.0
2022-08-23 09:00:00+00:00,132.0,132.0,131.0,131.0,350000.0
2022-08-24 09:00:00+00:00,131.0,131.0,131.0,131.0,0.0
2022-08-25 09:00:00+00:00,131.0,131.0,131.0,131.0,0.0
2022-08-26 09:00:00+00:00,131.0,131.0,131.0,131.0,0.0
2022-08-29 09:00:00+00:00,126.80000305175781,127.19999694824219,126.80000305175781,127.19999694824219,50000.0
2022-08-30 09:00:00+00:00,127.4000015258789,127.4000015258789,127.4000015258789,127.4000015258789,25000.0
2022-08-31 09:00:00+00:00,127.4000015258789,127.4000015258789,127.4000015258789,127.4000015258789,0.0
2022-09-01 09:00:00+00:00,127.4000015258789,127.4000015258789,127.4000015258789,127.4000015258789,0.0
2022-09-02 09:00:00+00:00,127.4000015258789,127.4000015258789,127.4000015258789,127.4000015258789,0.0
2022-09-05 09:00:00+00:00,128.0,135.60000610351562,128.0,135.60000610351562,100000.0
2022-09-06 09:00:00+00:00,135.60000610351562,136.0,135.60000610351562,136.0,150000.0
2022-09-07 09:00:00+00:00,138.0,138.8000030517578,138.0,138.8000030517578,50000.0
2022-09-08 09:00:00+00:00,144.0,144.0,144.0,144.0,300000.0
2022-09-09 09:00:00+00:00,144.0,144.0,144.0,144.0,0.0
2022-09-12 09:00:00+00:00,144.0,144.0,144.0,144.0,500000.0
2022-09-13 09:00:00+00:00,144.0,144.0,144.0,144.0,75000.0
2022-09-14 09:00:00+00:00,144.0,144.10000610351562,144.0,144.10000610351562,50000.0
2022-09-15 09:00:00+00:00,144.10000610351562,144.10000610351562,144.10000610351562,144.10000610351562,50000.0
2022-09-16 09:00:00+00:00,144.8000030517578,162.3000030517578,144.8000030517578,160.8000030517578,900000.0
2022-09-19 09:00:00+00:00,160.6999969482422,160.8000030517578,152.0,152.0,950000.0
2022-09-20 09:00:00+00:00,152.0,152.0,152.0,152.0,50000.0
2022-09-21 09:00:00+00:00,152.0,152.0,152.0,152.0,150000.0
2022-09-22 09:00:00+00:00,152.0,152.0,152.0,152.0,0.0
2022-09-23 09:00:00+00:00,152.0,152.0,152.0,152.0,75000.0
2022-09-26 09:00:00+00:00,152.0,152.0,144.0,152.0,575000.0
2022-09-27 09:00:00+00:00,152.0,152.0,152.0,152.0,0.0
2022-09-28 09:00:00+00:00,152.0,152.0,152.0,152.0,0.0
2022-09-29 09:00:00+00:00,152.0,152.0,152.0,152.0,50000.0
2022-09-30 09:00:00+00:00,152.0,152.0,152.0,152.0,0.0
2022-10-03 09:00:00+00:00,152.0,152.0,152.0,152.0,25000.0
2022-10-04 09:00:00+00:00,152.0,152.0,151.0,152.0,375000.0
2022-10-05 09:00:00+00:00,152.0,152.0,152.0,152.0,25000.0
2022-10-06 09:00:00+00:00,152.0,152.0,152.0,152.0,0.0
2022-10-07 09:00:00+00:00,152.0,155.39999389648438,152.0,155.39999389648438,200000.0
2022-10-10 09:00:00+00:00,155.39999389648438,155.39999389648438,155.39999389648438,155.39999389648438,0.0
2022-10-11 09:00:00+00:00,155.39999389648438,155.39999389648438,155.39999389648438,155.39999389648438,400000.0
2022-10-12 09:00:00+00:00,155.39999389648438,155.39999389648438,155.39999389648438,155.39999389648438,0.0
2022-10-13 09:00:00+00:00,155.39999389648438,155.39999389648438,155.39999389648438,155.39999389648438,0.0
2022-10-14 09:00:00+00:00,155.39999389648438,155.39999389648438,155.39999389648438,155.39999389648438,0.0
2022-10-17 09:00:00+00:00,155.39999389648438,155.39999389648438,155.39999389648438,155.39999389648438,0.0
2022-10-18 09:00:00+00:00,155.39999389648438,155.39999389648438,155.39999389648438,155.39999389648438,25000.0
2022-10-19 09:00:00+00:00,155.39999389648438,155.39999389648438,155.39999389648438,155.39999389648438,0.0
2022-10-20 09:00:00+00:00,155.3000030517578,155.39999389648438,155.3000030517578,155.39999389648438,100000.0
2022-10-21 09:00:00+00:00,155.39999389648438,155.39999389648438,155.39999389648438,155.39999389648438,25000.0
2022-10-24 09:00:00+00:00,155.0,155.0,154.0,154.0,150000.0
2022-10-25 09:00:00+00:00,154.0,160.0,154.0,160.0,75000.0
2022-10-26 09:00:00+00:00,160.0,160.0,156.0,156.0,75000.0
2022-10-27 09:00:00+00:00,156.0,156.0,156.0,156.0,25000.0
2022-10-28 09:00:00+00:00,156.0,156.0,156.0,156.0,0.0
2022-10-31 09:00:00+00:00,156.0,156.0,156.0,156.0,25000.0
2022-11-01 09:00:00+00:00,156.0,156.0,156.0,156.0,25000.0
2022-11-02 09:00:00+00:00,156.0,156.0,156.0,156.0,50000.0
2022-11-03 09:00:00+00:00,156.0,156.0,156.0,156.0,0.0
2022-11-04 09:00:00+00:00,156.0,156.0,156.0,156.0,0.0
2022-11-07 09:00:00+00:00,156.0,156.8000030517578,156.0,156.8000030517578,275000.0
2022-11-08 09:00:00+00:00,157.89999389648438,159.60000610351562,157.89999389648438,159.60000610351562,75000.0
2022-11-09 09:00:00+00:00,159.60000610351562,159.60000610351562,159.60000610351562,159.60000610351562,25000.0
2022-11-10 09:00:00+00:00,159.60000610351562,159.60000610351562,159.60000610351562,159.60000610351562,25000.0
2022-11-11 09:00:00+00:00,159.60000610351562,159.60000610351562,159.60000610351562,159.60000610351562,0.0
2022-11-14 09:00:00+00:00,159.60000610351562,159.60000610351562,159.60000610351562,159.60000610351562,25000.0
2022-11-15 09:00:00+00:00,159.60000610351562,159.60000610351562,159.60000610351562,159.60000610351562,0.0
2022-11-16 09:00:00+00:00,159.1999969482422,160.8000030517578,159.1999969482422,160.0,200000.0
2022-11-17 09:00:00+00:00,160.0,160.0,160.0,160.0,0.0
2022-11-18 09:00:00+00:00,160.0,160.0,160.0,160.0,0.0
2022-11-21 09:00:00+00:00,162.0,162.0,162.0,162.0,125000.0
2022-11-22 09:00:00+00:00,162.0,162.0,162.0,162.0,0.0
2022-11-23 09:00:00+00:00,158.39999389648438,158.39999389648438,158.39999389648438,158.39999389648438,125000.0
2022-11-24 09:00:00+00:00,158.39999389648438,160.0,158.39999389648438,159.1999969482422,250000.0
2022-11-25 09:00:00+00:00,159.1999969482422,159.1999969482422,159.1999969482422,159.1999969482422,0.0
2022-11-28 09:00:00+00:00,159.1999969482422,159.1999969482422,159.1999969482422,159.1999969482422,0.0
2022-11-29 09:00:00+00:00,159.1999969482422,159.1999969482422,159.1999969482422,159.1999969482422,0.0
2022-11-30 09:00:00+00:00,159.1999969482422,159.1999969482422,159.1999969482422,159.1999969482422,0.0
2022-12-01 09:00:00+00:00,159.1999969482422,159.1999969482422,159.1999969482422,159.1999969482422,0.0
2022-12-02 09:00:00+00:00,159.1999969482422,159.1999969482422,159.1999969482422,159.1999969482422,0.0
2022-12-05 09:00:00+00:00,159.1999969482422,159.1999969482422,159.1999969482422,159.1999969482422,0.0
2022-12-06 09:00:00+00:00,159.1999969482422,159.1999969482422,159.1999969482422,159.1999969482422,125000.0
2022-12-07 09:00:00+00:00,159.1999969482422,159.1999969482422,159.1999969482422,159.1999969482422,0.0
2022-12-08 09:00:00+00:00,159.1999969482422,159.1999969482422,159.1999969482422,159.1999969482422,0.0
2022-12-09 09:00:00+00:00,159.1999969482422,159.1999969482422,159.1999969482422,159.1999969482422,0.0
2022-12-12 09:00:00+00:00,159.1999969482422,159.1999969482422,159.1999969482422,159.1999969482422,0.0
2022-12-13 09:00:00+00:00,159.1999969482422,159.1999969482422,159.1999969482422,159.1999969482422,0.0
2022-12-14 09:00:00+00:00,159.1999969482422,159.1999969482422,159.1999969482422,159.1999969482422,0.0
2022-12-15 09:00:00+00:00,159.1999969482422,159.1999969482422,159.1999969482422,159.1999969482422,0.0
2022-12-16 09:00:00+00:00,159.1999969482422,159.1999969482422,159.1999969482422,159.1999969482422,0.0
2022-12-19 09:00:00+00:00,159.1999969482422,159.1999969482422,159.1999969482422,159.1999969482422,0.0
2022-12-20 09:00:00+00:00,159.1999969482422,159.1999969482422,159.1999969482422,159.1999969482422,0.0
2022-12-21 09:00:00+00:00,159.1999969482422,159.1999969482422,159.1999969482422,159.1999969482422,25000.0
2022-12-22 09:00:00+00:00,159.1999969482422,159.1999969482422,159.1999969482422,159.1999969482422,50000.0
2022-12-23 09:00:00+00:00,159.1999969482422,159.1999969482422,159.1999969482422,159.1999969482422,0.0
2022-12-26 09:00:00+00:00,159.1999969482422,159.1999969482422,159.1999969482422,159.1999969482422,0.0
2022-12-27 09:00:00+00:00,159.1999969482422,159.1999969482422,159.1999969482422,159.1999969482422,50000.0
2022-12-28 09:00:00+00:00,159.1999969482422,159.1999969482422,159.1999969482422,159.1999969482422,0.0
2022-12-29 09:00:00+00:00,159.1999969482422,159.1999969482422,159.1999969482422,159.1999969482422,0.0
2022-12-30 09:00:00+00:00,159.1999969482422,159.1999969482422,159.1999969482422,159.1999969482422,0.0
2023-01-02 09:00:00+00:00,159.1999969482422,159.1999969482422,159.1999969482422,159.1999969482422,0.0
2023-01-03 09:00:00+00:00,159.1999969482422,159.1999969482422,159.1999969482422,159.1999969482422,0.0
2023-01-04 09:00:00+00:00,152.0,152.0,152.0,152.0,25000.0
2023-01-05 09:00:00+00:00,152.0,152.0,152.0,152.0,0.0
2023-01-06 09:00:00+00:00,152.0,152.0,152.0,152.0,0.0
2023-01-09 09:00:00+00:00,152.0,152.0,152.0,152.0,0.0
2023-01-10 09:00:00+00:00,152.0,152.0,152.0,152.0,0.0
2023-01-11 09:00:00+00:00,152.0,152.0,152.0,152.0,0.0
2023-01-12 09:00:00+00:00,152.0,152.0,152.0,152.0,0.0
2023-01-13 09:00:00+00:00,152.0,152.0,152.0,152.0,0.0
2023-01-16 09:00:00+00:00,152.0,152.0,152.0,152.0,0.0
2023-01-17 09:00:00+00:00,152.0,152.0,152.0,152.0,0.0
2023-01-18 09:00:00+00:00,152.0,152.0,152.0,152.0,0.0
2023-01-19 09:00:00+00:00,152.0,152.0,152.0,152.0,50000.0
2023-01-20 09:00:00+00:00,152.0,152.0,152.0,152.0,0.0
2023-01-24 09:00:00+00:00,152.0,152.0,152.0,152.0,0.0
2023-01-25 09:00:00+00:00,152.0,152.0,152.0,152.0,0.0
2023-01-26 09:00:00+00:00,152.0,152.0,152.0,152.0,0.0
2023-01-27 09:00:00+00:00,152.0,152.0,152.0,152.0,0.0
2023-01-30 09:00:00+00:00,152.0,152.0,152.0,152.0,125000.0
2023-01-31 09:00:00+00:00,152.0,152.0,152.0,152.0,0.0
2023-02-01 09:00:00+00:00,152.0,152.0,152.0,152.0,0.0
2023-02-02 09:00:00+00:00,152.0,152.0,152.0,152.0,0.0
2023-02-03 09:00:00+00:00,152.0,152.0,152.0,152.0,0.0
2023-02-06 09:00:00+00:00,152.0,152.0,152.0,152.0,25000.0
2023-02-07 09:00:00+00:00,152.0,152.0,152.0,152.0,0.0
2023-02-08 09:00:00+00:00,152.0,152.0,152.0,152.0,25000.0
2023-02-09 09:00:00+00:00,152.0,152.0,152.0,152.0,0.0
2023-02-10 09:00:00+00:00,152.0,152.0,152.0,152.0,0.0
2023-02-13 09:00:00+00:00,152.0,152.0,152.0,152.0,0.0
2023-02-14 09:00:00+00:00,152.0,152.0,152.0,152.0,0.0
2023-02-15 09:00:00+00:00,152.0,152.0,152.0,152.0,0.0
2023-02-16 09:00:00+00:00,152.1999969482422,152.1999969482422,152.1999969482422,152.1999969482422,75000.0
2023-02-17 09:00:00+00:00,152.1999969482422,152.1999969482422,152.1999969482422,152.1999969482422,0.0
2023-02-20 09:00:00+00:00,152.1999969482422,152.1999969482422,152.1999969482422,152.1999969482422,0.0
2023-02-21 09:00:00+00:00,152.1999969482422,152.1999969482422,152.1999969482422,152.1999969482422,0.0
2023-02-22 09:00:00+00:00,152.1999969482422,152.1999969482422,152.1999969482422,152.1999969482422,0.0
2023-02-23 09:00:00+00:00,151.0,151.0,151.0,151.0,25000.0
2023-02-24 09:00:00+00:00,151.0,151.0,151.0,151.0,0.0
2023-02-27 09:00:00+00:00,150.0,150.0,150.0,150.0,25000.0
2023-02-28 09:00:00+00:00,150.0,150.0,150.0,150.0,0.0
2023-03-01 09:00:00+00:00,150.0,150.0,150.0,150.0,0.0
2023-03-02 09:00:00+00:00,150.0,150.0,150.0,150.0,0.0
2023-03-03 09:00:00+00:00,150.0,150.0,150.0,150.0,0.0
2023-03-06 09:00:00+00:00,150.0,150.0,150.0,150.0,0.0
2023-03-07 09:00:00+00:00,150.0,150.0,150.0,150.0,0.0
2023-03-08 09:00:00+00:00,150.0,150.0,150.0,150.0,0.0
2023-03-09 09:00:00+00:00,150.0,150.0,150.0,150.0,0.0
2023-03-10 09:00:00+00:00,150.0,150.0,150.0,150.0,0.0
2023-03-13 09:00:00+00:00,147.0,147.0,143.89999389648438,143.89999389648438,175000.0
2023-03-14 09:00:00+00:00,143.89999389648438,143.89999389648438,143.89999389648438,143.89999389648438,0.0
2023-03-15 09:00:00+00:00,139.1999969482422,139.1999969482422,139.1999969482422,139.1999969482422,75000.0
2023-03-16 09:00:00+00:00,139.1999969482422,139.1999969482422,139.1999969482422,139.1999969482422,50000.0
2023-03-17 09:00:00+00:00,139.1999969482422,139.1999969482422,139.1999969482422,139.1999969482422,0.0
2023-03-20 09:00:00+00:00,139.1999969482422,139.1999969482422,139.1999969482422,139.1999969482422,0.0
2023-03-21 09:00:00+00:00,139.1999969482422,139.1999969482422,139.1999969482422,139.1999969482422,0.0
2023-03-24 09:00:00+00:00,139.1999969482422,139.1999969482422,139.1999969482422,139.1999969482422,25000.0
2023-03-27 09:00:00+00:00,139.1999969482422,139.1999969482422,139.1999969482422,139.1999969482422,0.0
2023-03-28 09:00:00+00:00,139.1999969482422,139.1999969482422,139.1999969482422,139.1999969482422,0.0
2023-03-29 09:00:00+00:00,138.89999389648438,138.89999389648438,138.89999389648438,138.89999389648438,25000.0
2023-03-30 09:00:00+00:00,139.0,139.0,139.0,139.0,25000.0
2023-03-31 09:00:00+00:00,139.0,139.0,139.0,139.0,0.0
2023-04-03 09:00:00+00:00,139.0,139.0,139.0,139.0,125000.0
2023-04-04 09:00:00+00:00,139.0,139.0,139.0,139.0,0.0
2023-04-05 09:00:00+00:00,139.0,139.0,139.0,139.0,0.0
2023-04-06 09:00:00+00:00,139.0,139.0,139.0,139.0,0.0
2023-04-10 09:00:00+00:00,139.0,139.0,139.0,139.0,0.0
2023-04-11 09:00:00+00:00,138.0,138.0,138.0,138.0,50000.0
2023-04-12 09:00:00+00:00,138.0,138.0,138.0,138.0,0.0
2023-04-13 09:00:00+00:00,138.0,138.0,138.0,138.0,0.0
2023-04-14 09:00:00+00:00,137.0,137.0,137.0,137.0,25000.0
2023-04-17 09:00:00+00:00,136.0,136.0,136.0,136.0,25000.0
2023-04-18 09:00:00+00:00,136.0,136.0,136.0,136.0,75000.0
2023-04-26 09:00:00+00:00,135.8000030517578,135.8000030517578,135.8000030517578,135.8000030517578,25000.0
2023-04-27 09:00:00+00:00,135.8000030517578,135.8000030517578,135.8000030517578,135.8000030517578,0.0
2023-04-28 09:00:00+00:00,135.8000030517578,135.8000030517578,135.8000030517578,135.8000030517578,0.0
2023-05-02 09:00:00+00:00,135.8000030517578,135.8000030517578,135.8000030517578,135.8000030517578,25000.0
2023-05-03 09:00:00+00:00,146.0,146.0,146.0,146.0,25000.0
2023-05-04 09:00:00+00:00,146.0,149.60000610351562,146.0,148.8000030517578,150000.0
2023-05-05 09:00:00+00:00,148.8000030517578,148.8000030517578,148.8000030517578,148.8000030517578,0.0
2023-05-08 09:00:00+00:00,148.8000030517578,148.8000030517578,148.8000030517578,148.8000030517578,0.0
2023-05-09 09:00:00+00:00,148.8000030517578,148.8000030517578,148.8000030517578,148.8000030517578,0.0
2023-05-10 09:00:00+00:00,148.8000030517578,148.8000030517578,148.8000030517578,148.8000030517578,0.0
2023-05-11 09:00:00+00:00,148.8000030517578,148.8000030517578,148.8000030517578,148.8000030517578,0.0
2023-05-12 09:00:00+00:00,148.6999969482422,148.8000030517578,148.6999969482422,148.8000030517578,50000.0
2023-05-15 09:00:00+00:00,148.8000030517578,148.8000030517578,148.8000030517578,148.8000030517578,0.0
2023-05-16 09:00:00+00:00,148.8000030517578,148.8000030517578,148.8000030517578,148.8000030517578,0.0
2023-05-17 09:00:00+00:00,148.8000030517578,148.8000030517578,148.8000030517578,148.8000030517578,0.0
2023-05-19 09:00:00+00:00,148.8000030517578,148.8000030517578,148.8000030517578,148.8000030517578,0.0
2023-05-22 09:00:00+00:00,149.1999969482422,149.1999969482422,149.1999969482422,149.1999969482422,25000.0
2023-05-23 09:00:00+00:00,149.1999969482422,149.1999969482422,149.1999969482422,149.1999969482422,0.0
2023-05-24 09:00:00+00:00,149.1999969482422,149.1999969482422,149.1999969482422,149.1999969482422,25000.0
2023-05-25 09:00:00+00:00,149.1999969482422,149.1999969482422,149.1999969482422,149.1999969482422,0.0
2023-05-26 09:00:00+00:00,149.1999969482422,149.1999969482422,149.1999969482422,149.1999969482422,0.0
2023-05-29 09:00:00+00:00,149.1999969482422,149.1999969482422,149.1999969482422,149.1999969482422,0.0
2023-05-30 09:00:00+00:00,149.1999969482422,149.1999969482422,149.1999969482422,149.1999969482422,0.0
2023-05-31 09:00:00+00:00,149.1999969482422,149.1999969482422,149.1999969482422,149.1999969482422,0.0
2023-06-05 09:00:00+00:00,149.1999969482422,149.1999969482422,149.1999969482422,149.1999969482422,25000.0
2023-06-06 09:00:00+00:00,149.1999969482422,149.1999969482422,149.1999969482422,149.1999969482422,0.0
2023-06-07 09:00:00+00:00,149.1999969482422,149.1999969482422,149.1999969482422,149.1999969482422,0.0
2023-06-08 09:00:00+00:00,149.1999969482422,149.1999969482422,149.1999969482422,149.1999969482422,0.0
2023-06-09 09:00:00+00:00,149.1999969482422,149.1999969482422,149.1999969482422,149.1999969482422,0.0
2023-06-12 09:00:00+00:00,149.1999969482422,149.1999969482422,149.1999969482422,149.1999969482422,25000.0
2023-06-13 09:00:00+00:00,149.1999969482422,149.1999969482422,149.1999969482422,149.1999969482422,0.0
2023-06-14 09:00:00+00:00,149.1999969482422,149.1999969482422,149.1999969482422,149.1999969482422,0.0
2023-06-15 09:00:00+00:00,149.1999969482422,149.1999969482422,149.1999969482422,149.1999969482422,0.0
2023-06-16 09:00:00+00:00,149.1999969482422,149.1999969482422,149.1999969482422,149.1999969482422,0.0
2023-06-19 09:00:00+00:00,149.1999969482422,149.1999969482422,149.1999969482422,149.1999969482422,0.0
2023-06-20 09:00:00+00:00,149.1999969482422,149.1999969482422,149.1999969482422,149.1999969482422,50000.0
2023-06-21 09:00:00+00:00,149.1999969482422,149.1999969482422,149.1999969482422,149.1999969482422,75000.0
2023-06-22 09:00:00+00:00,149.1999969482422,152.0,149.1999969482422,152.0,450000.0
2023-06-23 09:00:00+00:00,152.0,152.0,152.0,152.0,0.0
2023-06-26 09:00:00+00:00,152.0,152.0,152.0,152.0,0.0
2023-06-27 09:00:00+00:00,152.0,152.0,152.0,152.0,0.0
2023-07-03 09:00:00+00:00,164.0,164.0,164.0,164.0,500000.0
2023-07-04 09:00:00+00:00,164.0,164.0,164.0,164.0,0.0
2023-07-05 09:00:00+00:00,164.0,164.0,164.0,164.0,0.0
2023-07-06 09:00:00+00:00,164.0,164.0,164.0,164.0,0.0
2023-07-07 09:00:00+00:00,170.8000030517578,170.8000030517578,170.8000030517578,170.8000030517578,675000.0
2023-07-10 09:00:00+00:00,170.8000030517578,170.8000030517578,170.8000030517578,170.8000030517578,0.0
2023-07-11 09:00:00+00:00,170.0,170.0,170.0,170.0,25000.0
2023-07-12 09:00:00+00:00,170.0,170.0,170.0,170.0,0.0
2023-07-13 09:00:00+00:00,170.0,170.0,170.0,170.0,75000.0
2023-07-14 09:00:00+00:00,170.0,170.0,170.0,170.0,0.0
2023-07-17 09:00:00+00:00,172.8000030517578,172.8000030517578,172.8000030517578,172.8000030517578,725000.0
2023-07-18 09:00:00+00:00,172.8000030517578,172.8000030517578,172.8000030517578,172.8000030517578,0.0
2023-07-20 09:00:00+00:00,176.0,176.0,176.0,176.0,500000.0
2023-07-21 09:00:00+00:00,176.0,176.0,176.0,176.0,0.0
2023-07-24 09:00:00+00:00,176.0,176.0,176.0,176.0,25000.0
2023-07-25 09:00:00+00:00,176.0,176.0,176.0,176.0,500000.0
2023-07-26 09:00:00+00:00,180.0,180.0,180.0,180.0,750000.0
2023-07-27 09:00:00+00:00,180.0,180.0,180.0,180.0,0.0
2023-07-28 09:00:00+00:00,180.0,180.0,180.0,180.0,0.0
2023-07-31 09:00:00+00:00,180.0,180.0,180.0,180.0,0.0
2023-08-01 09:00:00+00:00,184.0,184.0,184.0,184.0,850000.0
2023-08-02 09:00:00+00:00,196.0,196.0,196.0,196.0,75000.0
2023-08-03 09:00:00+00:00,200.39999389648438,204.10000610351562,200.39999389648438,204.10000610351562,225000.0
2023-08-04 09:00:00+00:00,220.1999969482422,224.10000610351562,220.1999969482422,224.10000610351562,50000.0
2023-08-07 09:00:00+00:00,224.1999969482422,224.1999969482422,220.0,220.0,1075000.0
2023-08-08 09:00:00+00:00,220.0,220.0,220.0,220.0,0.0
2023-08-09 09:00:00+00:00,220.0,220.0,220.0,220.0,0.0
2023-08-10 09:00:00+00:00,220.0,220.0,220.0,220.0,0.0
2023-08-11 09:00:00+00:00,220.0,220.0,220.0,220.0,0.0
2023-08-14 09:00:00+00:00,220.0,220.0,220.0,220.0,0.0
2023-08-15 09:00:00+00:00,216.0,216.0,212.0,212.0,3775000.0
2023-08-16 09:00:00+00:00,208.0,208.0,206.0,206.0,75000.0
2023-08-18 09:00:00+00:00,200.0,200.0,192.0,192.0,75000.0
2023-08-21 09:00:00+00:00,196.0,204.0,196.0,204.0,10850000.0
2023-08-22 09:00:00+00:00,204.0,204.0,204.0,204.0,10325000.0
2023-08-23 09:00:00+00:00,204.8000030517578,204.8000030517578,204.8000030517578,204.8000030517578,11900000.0
2023-08-24 09:00:00+00:00,204.8000030517578,204.8000030517578,204.8000030517578,204.8000030517578,10000000.0
2023-08-25 09:00:00+00:00,204.0,204.0,204.0,204.0,9300000.0
2023-08-28 09:00:00+00:00,205.1999969482422,205.1999969482422,205.1999969482422,205.1999969482422,11875000.0
2023-08-29 09:00:00+00:00,202.0,202.0,202.0,202.0,2500000.0
2023-08-30 09:00:00+00:00,202.0,202.0,202.0,202.0,25000.0
2023-08-31 09:00:00+00:00,192.0,192.0,192.0,192.0,300000000.0
2023-09-01 09:00:00+00:00,192.0,192.0,192.0,192.0,0.0
2023-09-04 09:00:00+00:00,192.0,192.0,192.0,192.0,0.0
2023-09-05 09:00:00+00:00,196.0,196.0,196.0,196.0,2525000.0
2023-09-06 09:00:00+00:00,200.8000030517578,200.8000030517578,200.8000030517578,200.8000030517578,2525000.0
2023-09-07 09:00:00+00:00,200.8000030517578,200.8000030517578,200.8000030517578,200.8000030517578,0.0
2023-09-08 09:00:00+00:00,200.8000030517578,200.8000030517578,200.8000030517578,200.8000030517578,0.0
2023-09-11 09:00:00+00:00,200.8000030517578,200.8000030517578,200.8000030517578,200.8000030517578,75000.0
2023-09-12 09:00:00+00:00,203.1999969482422,203.1999969482422,203.1999969482422,203.1999969482422,3875000.0
2023-09-13 09:00:00+00:00,203.1999969482422,203.1999969482422,203.1999969482422,203.1999969482422,0.0
2023-09-14 09:00:00+00:00,203.1999969482422,203.1999969482422,203.1999969482422,203.1999969482422,0.0
2023-09-15 09:00:00+00:00,203.1999969482422,203.1999969482422,203.1999969482422,203.1999969482422,25000.0
2023-09-18 09:00:00+00:00,203.1999969482422,203.1999969482422,203.1999969482422,203.1999969482422,25000.0
2023-09-19 09:00:00+00:00,203.1999969482422,203.1999969482422,203.1999969482422,203.1999969482422,50000.0
2023-09-20 09:00:00+00:00,204.0,204.0,204.0,204.0,2500000.0
2023-09-21 09:00:00+00:00,204.0,204.0,204.0,204.0,0.0
2023-09-22 09:00:00+00:00,204.0,204.0,204.0,204.0,0.0
2023-09-25 09:00:00+00:00,204.0,204.0,204.0,204.0,0.0
2023-09-26 09:00:00+00:00,204.0,204.0,204.0,204.0,0.0
2023-09-27 09:00:00+00:00,204.8000030517578,204.8000030517578,204.8000030517578,204.8000030517578,2000000.0
2023-09-29 09:00:00+00:00,204.8000030517578,204.8000030517578,204.8000030517578,204.8000030517578,0.0
2023-10-02 09:00:00+00:00,204.8000030517578,204.8000030517578,204.8000030517578,204.8000030517578,0.0
2023-10-03 09:00:00+00:00,204.8000030517578,204.8000030517578,204.8000030517578,204.8000030517578,0.0
2023-10-04 09:00:00+00:00,206.0,206.0,206.0,206.0,2525000.0
2023-10-05 09:00:00+00:00,206.0,206.0,206.0,206.0,0.0
2023-10-06 09:00:00+00:00,206.0,206.0,206.0,206.0,0.0
2023-10-09 09:00:00+00:00,205.1999969482422,205.1999969482422,205.1999969482422,205.1999969482422,3000000.0
2023-10-10 09:00:00+00:00,205.1999969482422,205.1999969482422,205.1999969482422,205.1999969482422,0.0
2023-10-11 09:00:00+00:00,205.1999969482422,205.1999969482422,205.1999969482422,205.1999969482422,25000.0
2023-10-12 09:00:00+00:00,205.1999969482422,205.1999969482422,205.1999969482422,205.1999969482422,0.0
2023-10-13 09:00:00+00:00,205.39999389648438,205.39999389648438,205.39999389648438,205.39999389648438,4500000.0
2023-10-16 09:00:00+00:00,205.39999389648438,205.39999389648438,205.39999389648438,205.39999389648438,0.0
2023-10-17 09:00:00+00:00,200.0,205.39999389648438,200.0,205.39999389648438,3750000.0
2023-10-18 09:00:00+00:00,205.39999389648438,205.39999389648438,205.39999389648438,205.39999389648438,0.0
2023-10-19 09:00:00+00:00,204.0,204.0,204.0,204.0,200000.0
2023-10-20 09:00:00+00:00,200.0,200.0,200.0,200.0,2450000.0
2023-10-23 09:00:00+00:00,200.0,200.0,200.0,200.0,0.0
2023-10-24 09:00:00+00:00,200.0,200.0,200.0,200.0,0.0
2023-10-25 09:00:00+00:00,200.1999969482422,200.1999969482422,200.1999969482422,200.1999969482422,50000.0
2023-10-26 09:00:00+00:00,200.1999969482422,200.1999969482422,200.1999969482422,200.1999969482422,0.0
2023-10-27 09:00:00+00:00,202.0,202.0,202.0,202.0,3500000.0
2023-10-30 09:00:00+00:00,202.0,202.0,202.0,202.0,50000.0
2023-10-31 09:00:00+00:00,202.0,204.0,202.0,204.0,5775000.0
2023-11-01 09:00:00+00:00,204.0,204.0,204.0,204.0,0.0
2023-11-02 09:00:00+00:00,204.0,204.0,204.0,204.0,25000.0
2023-11-03 09:00:00+00:00,204.0,204.0,204.0,204.0,0.0
2023-11-06 09:00:00+00:00,204.0,204.0,204.0,204.0,0.0
2023-11-07 09:00:00+00:00,200.0,200.0,200.0,200.0,25000.0
2023-11-08 09:00:00+00:00,200.0,200.0,200.0,200.0,0.0
2023-11-09 09:00:00+00:00,204.0,204.0,204.0,204.0,5000000.0
2023-11-10 09:00:00+00:00,204.0,204.0,204.0,204.0,0.0
2023-11-13 09:00:00+00:00,204.0,204.0,204.0,204.0,0.0
2023-11-14 09:00:00+00:00,204.8000030517578,204.8000030517578,204.0,204.0,5025000.0
2023-11-15 09:00:00+00:00,204.0,204.0,204.0,204.0,0.0
2023-11-16 09:00:00+00:00,204.0,204.0,204.0,204.0,0.0
2023-11-17 09:00:00+00:00,206.0,206.0,206.0,206.0,525000.0
2023-11-20 09:00:00+00:00,206.0,206.0,206.0,206.0,0.0
2023-11-21 09:00:00+00:00,206.0,206.0,206.0,206.0,500000.0
2023-11-22 09:00:00+00:00,206.0,206.0,206.0,206.0,0.0
2023-11-23 09:00:00+00:00,206.0,206.0,206.0,206.0,625000.0
2023-11-24 09:00:00+00:00,206.0,206.0,206.0,206.0,0.0
2023-11-27 09:00:00+00:00,206.0,206.0,206.0,206.0,875000.0
2023-11-28 09:00:00+00:00,206.0,206.0,206.0,206.0,1250000.0
2023-11-29 09:00:00+00:00,206.0,206.0,206.0,206.0,0.0
2023-11-30 09:00:00+00:00,206.0,206.0,206.0,206.0,0.0
2023-12-01 09:00:00+00:00,206.0,206.0,206.0,206.0,550000.0
2023-12-04 09:00:00+00:00,206.0,206.0,206.0,206.0,0.0
2023-12-05 09:00:00+00:00,206.0,206.0,206.0,206.0,0.0
2023-12-06 09:00:00+00:00,206.0,206.0,206.0,206.0,0.0
2023-12-07 09:00:00+00:00,206.0,206.0,206.0,206.0,0.0
2023-12-08 09:00:00+00:00,206.0,206.0,206.0,206.0,0.0
2023-12-11 09:00:00+00:00,206.0,236.39999389648438,204.8000030517578,236.39999389648438,250000.0
2023-12-12 09:00:00+00:00,236.39999389648438,278.79998779296875,236.39999389648438,274.79998779296875,550000.0
2023-12-13 09:00:00+00:00,296.0,316.0,274.79998779296875,315.20001220703125,975000.0
2023-12-14 09:00:00+00:00,315.20001220703125,336.0,315.20001220703125,328.0,1850000.0
2023-12-15 09:00:00+00:00,327.0,327.0,322.79998779296875,322.79998779296875,75000.0
2023-12-18 09:00:00+00:00,321.8999938964844,321.8999938964844,321.8999938964844,321.8999938964844,25000.0
2023-12-19 09:00:00+00:00,321.79998779296875,321.79998779296875,312.0,312.0,1050000.0
2023-12-20 09:00:00+00:00,311.0,320.0,311.0,320.0,225000.0
2023-12-21 09:00:00+00:00,320.0,320.0,320.0,320.0,0.0
2023-12-22 09:00:00+00:00,319.0,320.0,319.0,320.0,75000.0
2023-12-27 09:00:00+00:00,319.79998779296875,320.0,319.79998779296875,320.0,150000.0
2023-12-28 09:00:00+00:00,320.0,320.0,320.0,320.0,0.0
2023-12-29 09:00:00+00:00,320.0,320.0,320.0,320.0,0.0
2024-01-02 09:00:00+00:00,308.0,308.0,308.0,308.0,650000.0
2024-01-03 09:00:00+00:00,308.0,308.0,308.0,308.0,100000.0
2024-01-04 09:00:00+00:00,308.0,308.0,308.0,308.0,0.0
2024-01-05 09:00:00+00:00,308.0,308.0,308.0,308.0,25000.0
2024-01-08 09:00:00+00:00,308.3999938964844,308.3999938964844,308.3999938964844,308.3999938964844,25000.0
2024-01-09 09:00:00+00:00,308.3999938964844,308.3999938964844,308.3999938964844,308.3999938964844,0.0
2024-01-10 09:00:00+00:00,308.3999938964844,308.3999938964844,308.3999938964844,308.3999938964844,0.0
2024-01-11 09:00:00+00:00,308.3999938964844,308.3999938964844,308.3999938964844,308.3999938964844,0.0
2024-01-12 09:00:00+00:00,308.3999938964844,359.8999938964844,308.3999938964844,359.70001220703125,350000.0
2024-01-15 09:00:00+00:00,360.0,394.0,360.0,392.6000061035156,725000.0
2024-01-16 09:00:00+00:00,392.6000061035156,449.0,392.3999938964844,444.8999938964844,1500000.0
2024-01-17 09:00:00+00:00,444.0,504.0,443.6000061035156,489.8999938964844,1400000.0
2024-01-18 09:00:00+00:00,490.20001220703125,538.7999877929688,487.79998779296875,536.0,1975000.0
2024-01-19 09:00:00+00:00,536.0,579.0,536.0,568.0,1875000.0
2024-01-22 09:00:00+00:00,568.0,568.0,568.0,568.0,0.0
2024-01-23 09:00:00+00:00,567.7999877929688,567.7999877929688,542.0,542.0,150000.0
2024-01-24 09:00:00+00:00,540.7999877929688,540.7999877929688,538.0,538.0,325000.0
2024-01-25 09:00:00+00:00,537.0,620.0,537.0,590.7999877929688,2100000.0
2024-01-26 09:00:00+00:00,590.7999877929688,647.0,590.7999877929688,591.9000244140625,1475000.0
2024-01-29 09:00:00+00:00,592.0,592.2000122070312,590.0,590.0,625000.0
2024-01-30 09:00:00+00:00,576.0,576.0,573.7999877929688,573.7999877929688,325000.0
2024-01-31 09:00:00+00:00,573.5999755859375,652.0,573.2000122070312,576.9000244140625,1300000.0
2024-02-01 09:00:00+00:00,576.9000244140625,576.9000244140625,576.0,576.0,175000.0
2024-02-02 09:00:00+00:00,575.0999755859375,575.0999755859375,574.0999755859375,574.0999755859375,50000.0
2024-02-05 09:00:00+00:00,500.0,500.0,500.0,500.0,150000.0
2024-02-06 09:00:00+00:00,500.0,500.0,480.0,480.0,1375000.0
2024-02-07 09:00:00+00:00,480.0,480.0,478.8999938964844,480.0,1350000.0
2024-02-12 09:00:00+00:00,480.0,482.0,480.0,482.0,150000.0
2024-02-13 09:00:00+00:00,482.0,482.0,481.79998779296875,482.0,275000.0
2024-02-15 09:00:00+00:00,482.0,482.0,482.0,482.0,0.0
2024-02-16 09:00:00+00:00,482.0,536.0,482.0,514.0,1675000.0
2024-02-19 09:00:00+00:00,514.0999755859375,514.2000122070312,514.0,514.0,325000.0
2024-02-20 09:00:00+00:00,411.3999938964844,465.3999938964844,411.3999938964844,460.1000061035156,450000.0
2024-02-21 09:00:00+00:00,460.0,481.0,460.0,481.0,300000.0
2024-02-22 09:00:00+00:00,481.0,481.0,481.0,481.0,0.0
2024-02-23 09:00:00+00:00,481.0,481.0,481.0,481.0,0.0
2024-02-26 09:00:00+00:00,495.0,520.0,495.0,520.0,1725000.0
2024-02-27 09:00:00+00:00,519.9000244140625,519.9000244140625,462.3999938964844,519.7999877929688,200000.0
2024-02-28 09:00:00+00:00,515.9000244140625,515.9000244140625,515.9000244140625,515.9000244140625,25000.0
2024-02-29 09:00:00+00:00,515.9000244140625,515.9000244140625,515.9000244140625,515.9000244140625,0.0
2024-03-01 09:00:00+00:00,515.9000244140625,515.9000244140625,515.9000244140625,515.9000244140625,0.0
2024-03-04 09:00:00+00:00,515.9000244140625,515.9000244140625,515.9000244140625,515.9000244140625,0.0
2024-03-05 09:00:00+00:00,515.7999877929688,515.7999877929688,515.7999877929688,515.7999877929688,25000.0
2024-03-06 09:00:00+00:00,480.0,480.0,479.8999938964844,479.8999938964844,400000.0
2024-03-07 09:00:00+00:00,479.8999938964844,479.8999938964844,479.8999938964844,479.8999938964844,0.0
2024-03-08 09:00:00+00:00,479.8999938964844,479.8999938964844,479.8999938964844,479.8999938964844,175000.0
2024-03-13 09:00:00+00:00,479.8999938964844,479.8999938964844,420.0,420.0,100000.0
2024-03-14 09:00:00+00:00,451.6000061035156,485.0,451.6000061035156,485.0,375000.0
2024-03-15 09:00:00+00:00,484.0,485.1000061035156,484.0,485.1000061035156,275000.0
2024-03-18 09:00:00+00:00,485.1000061035156,485.1000061035156,485.1000061035156,485.1000061035156,0.0
2024-03-19 09:00:00+00:00,500.0,500.0,500.0,500.0,250000.0
2024-03-20 09:00:00+00:00,500.0,500.0,500.0,500.0,25000.0
2024-03-21 09:00:00+00:00,500.0,500.0,500.0,500.0,0.0
2024-03-22 09:00:00+00:00,500.0,500.0,500.0,500.0,0.0
2024-03-25 09:00:00+00:00,450.0,450.0,450.0,450.0,25000.0
2024-03-26 09:00:00+00:00,492.0,492.0,452.1000061035156,492.0,75000.0
2024-03-27 09:00:00+00:00,492.0,492.0,492.0,492.0,325000.0
2024-03-28 09:00:00+00:00,492.0,492.0,492.0,492.0,0.0
2024-04-01 09:00:00+00:00,492.0,492.0,492.0,492.0,0.0
2024-04-02 09:00:00+00:00,492.0,492.0,492.0,492.0,250000.0
2024-04-03 09:00:00+00:00,492.0,492.0,492.0,492.0,0.0
2024-04-04 09:00:00+00:00,450.0,461.0,450.0,461.0,75000.0
2024-04-05 09:00:00+00:00,461.1000061035156,492.0,461.1000061035156,492.0,550000.0
2024-04-16 09:00:00+00:00,492.0,492.0,492.0,492.0,25000.0
2024-04-17 09:00:00+00:00,492.0,492.0,492.0,492.0,150000.0
2024-04-18 09:00:00+00:00,492.0,492.0,492.0,492.0,0.0
2024-04-19 09:00:00+00:00,492.0,492.0,492.0,492.0,0.0
2024-04-22 09:00:00+00:00,492.0,492.0,492.0,492.0,100000.0
2024-04-23 09:00:00+00:00,492.0,492.0,492.0,492.0,175000.0
2024-04-24 09:00:00+00:00,492.0,492.0,492.0,492.0,0.0
2024-04-25 09:00:00+00:00,500.0,500.1000061035156,500.0,500.0,225000.0
2024-04-26 09:00:00+00:00,500.0,500.0,500.0,500.0,0.0
2024-04-29 09:00:00+00:00,500.0,500.0,500.0,500.0,125000.0
2024-04-30 09:00:00+00:00,500.0,500.0,500.0,500.0,0.0
2024-05-02 09:00:00+00:00,492.0,492.0,492.0,492.0,125000.0
2024-05-03 09:00:00+00:00,500.0,500.0,491.0,491.0,125000.0
2024-05-06 09:00:00+00:00,500.0,500.0,500.0,500.0,25000.0
2024-05-07 09:00:00+00:00,500.0,500.0,500.0,500.0,175000.0
2024-05-08 09:00:00+00:00,512.0,512.0,512.0,512.0,150000.0
2024-05-13 09:00:00+00:00,511.1000061035156,512.0,511.1000061035156,512.0,275000.0
2024-05-14 09:00:00+00:00,512.0,512.0,512.0,512.0,0.0
2024-05-15 09:00:00+00:00,512.0,512.0,460.0,512.0,100000.0
2024-05-16 09:00:00+00:00,512.0,512.0,512.0,512.0,25000.0
2024-05-17 09:00:00+00:00,512.0,512.0,512.0,512.0,0.0
2024-05-20 09:00:00+00:00,518.4000244140625,522.0,518.4000244140625,522.0,100000.0
2024-05-21 09:00:00+00:00,560.0,626.4000244140625,560.0,626.4000244140625,475000.0
2024-05-22 09:00:00+00:00,627.2000122070312,751.5999755859375,627.2000122070312,712.0,4050000.0
2024-05-27 09:00:00+00:00,712.0,712.0,712.0,712.0,0.0
2024-05-28 09:00:00+00:00,712.0,848.0,712.0,790.7999877929688,4525000.0
2024-05-29 09:00:00+00:00,790.7999877929688,880.0,790.7999877929688,848.0,2725000.0
2024-05-30 09:00:00+00:00,848.0,848.0,847.9000244140625,848.0,900000.0
2024-05-31 09:00:00+00:00,848.0,848.0,848.0,848.0,150000.0
2024-06-03 09:00:00+00:00,847.0,847.0,844.0,844.0,13100000.0
2024-06-04 09:00:00+00:00,843.0,843.0,780.0,780.2000122070312,11950000.0
2024-06-05 09:00:00+00:00,780.0,780.0,767.0,774.0,12875000.0
2024-06-06 09:00:00+00:00,774.0,788.0,774.0,788.0,14175000.0
2024-06-07 09:00:00+00:00,788.0,788.0,784.0,784.0,38600000.0
2024-06-10 09:00:00+00:00,768.0,768.0,768.0,768.0,39150000.0
2024-06-11 09:00:00+00:00,768.0,825.0,768.0,802.0,38225000.0
2024-06-12 09:00:00+00:00,812.0,835.9000244140625,812.0,820.0,37075000.0
2024-06-13 09:00:00+00:00,868.0,984.0,860.0,880.0,37275000.0
2024-06-14 09:00:00+00:00,882.7999877929688,920.0,840.2000122070312,840.2000122070312,16300000.0
2024-06-19 09:00:00+00:00,840.2000122070312,960.0999755859375,840.2000122070312,960.0,34125000.0
2024-06-20 09:00:00+00:00,960.0,960.0,960.0,960.0,0.0
2024-06-21 09:00:00+00:00,960.0,960.0,960.0,960.0,31150000.0
2024-06-24 09:00:00+00:00,960.0,960.0,956.0,956.0,31975000.0
2024-06-25 09:00:00+00:00,960.0,960.0,956.0,956.0,31825000.0
2024-06-26 09:00:00+00:00,956.0,964.7000122070312,956.0,964.7000122070312,31650000.0
2024-06-27 09:00:00+00:00,965.5,972.0,964.7000122070312,972.0,10375000.0
2024-06-28 09:00:00+00:00,972.0,1002.2000122070312,972.0,1000.0,15250000.0
2024-07-01 09:00:00+00:00,1000.0,1113.0,1000.0,1080.0,7250000.0
2024-07-02 09:00:00+00:00,1080.0,1152.0,1074.0,1076.0,35050000.0
2024-07-03 09:00:00+00:00,1082.0999755859375,1082.0999755859375,1052.0,1074.800048828125,30525000.0
2024-07-04 09:00:00+00:00,1080.0,1088.0,1074.699951171875,1074.800048828125,23375000.0
2024-07-05 09:00:00+00:00,1075.199951171875,1084.0,1068.0,1080.0999755859375,24525000.0
2024-07-08 09:00:00+00:00,1081.300048828125,1100.0,1081.300048828125,1100.0,52575000.0
2024-07-09 09:00:00+00:00,1102.5,1168.0,1102.5,1120.0,33925000.0
2024-07-10 09:00:00+00:00,1148.0,1168.800048828125,1110.0,1110.0,21500000.0
2024-07-11 09:00:00+00:00,1110.5999755859375,1121.0,1110.5999755859375,1120.0,29275000.0
2024-07-12 09:00:00+00:00,1120.0999755859375,1172.0,1120.0999755859375,1132.0,29475000.0
2024-07-15 09:00:00+00:00,1154.0,1172.0,1139.9000244140625,1160.0,32875000.0
2024-07-16 09:00:00+00:00,1160.0,1160.0,1160.0,1160.0,0.0
2024-07-17 09:00:00+00:00,1160.0,1160.0,1160.0,1160.0,0.0
2024-07-18 09:00:00+00:00,1211.0,1211.0,1148.0,1160.0,2527500.0
2024-07-19 09:00:00+00:00,1152.0,1152.0,1140.0,1140.0,1565000.0
2024-07-22 09:00:00+00:00,1156.0,1156.0,1152.0,1152.0,2452500.0
2024-07-23 09:00:00+00:00,1153.0,1161.0,1153.0,1161.0,1902500.0
2024-07-24 09:00:00+00:00,1162.0,1162.0,1161.0,1161.0,3305000.0
2024-07-25 09:00:00+00:00,1160.0,1160.0,1160.0,1160.0,2602500.0
2024-07-26 09:00:00+00:00,1160.0,1173.0,1160.0,1173.0,622500.0
2024-07-29 09:00:00+00:00,1180.0,1212.0,1179.0,1192.0,32907500.0
2024-07-30 09:00:00+00:00,1196.0,1196.0,1182.0,1183.0,29387500.0
2024-07-31 09:00:00+00:00,1183.0,1190.0,1182.0,1184.0,29645000.0
2024-08-01 09:00:00+00:00,1185.0,1191.0,1180.0,1190.0,33557500.0
2024-08-02 09:00:00+00:00,1188.0,1290.0,1180.0,1260.0,39227500.0
2024-08-05 09:00:00+00:00,1260.0,1284.0,1236.0,1248.0,40190000.0
2024-08-06 09:00:00+00:00,1258.0,1284.0,1251.0,1276.0,39750000.0
2024-08-07 09:00:00+00:00,1280.0,1289.0,1276.0,1277.0,39965000.0
2024-08-08 09:00:00+00:00,1277.0,1279.0,1249.0,1268.0,39822500.0
2024-08-09 09:00:00+00:00,1268.0,1275.0,1251.0,1268.0,39700000.0
2024-08-12 09:00:00+00:00,1268.0,1500.0,1268.0,1500.0,42975000.0
2024-08-13 09:00:00+00:00,1510.0,1716.0,1510.0,1675.0,50832500.0
2024-08-14 09:00:00+00:00,1694.0,1694.0,1644.0,1651.0,32590000.0
2024-08-15 09:00:00+00:00,1651.0,1659.0,1616.0,1618.0,30640000.0
2024-08-16 09:00:00+00:00,1618.0,1641.0,1585.0,1614.0,31532500.0
2024-08-19 09:00:00+00:00,1622.0,1681.0,1597.0,1614.0,27337500.0
2024-08-20 09:00:00+00:00,1615.0,1665.0,1608.0,1614.0,50752500.0
2024-08-21 09:00:00+00:00,1620.0,1658.0,1614.0,1644.0,27497500.0
2024-08-22 09:00:00+00:00,1646.0,1665.0,1633.0,1644.0,30950000.0
2024-08-23 09:00:00+00:00,1648.0,1686.0,1622.0,1630.0,26765000.0
2024-08-26 09:00:00+00:00,1630.0,1672.0,1617.0,1660.0,25640000.0
2024-08-27 09:00:00+00:00,1652.0,1687.0,1652.0,1670.0,39070000.0
2024-08-28 09:00:00+00:00,1660.0,1673.0,1650.0,1658.0,27505000.0
2024-08-29 09:00:00+00:00,1662.0,1693.0,1655.0,1667.0,38907500.0
2024-08-30 09:00:00+00:00,1672.0,1791.0,1662.0,1665.0,38417500.0
2024-09-02 09:00:00+00:00,1666.0,1683.0,1620.0,1654.0,34890000.0
2024-09-03 09:00:00+00:00,1660.0,1662.0,1632.0,1655.0,30295000.0
2024-09-04 09:00:00+00:00,1655.0,1674.0,1638.0,1638.0,43215000.0
2024-09-05 09:00:00+00:00,1640.0,1666.0,1622.0,1648.0,41452500.0
2024-09-06 09:00:00+00:00,1656.0,1667.0,1643.0,1649.0,39432500.0
2024-09-09 09:00:00+00:00,1649.0,1666.0,1640.0,1650.0,44920000.0
2024-09-10 09:00:00+00:00,1662.0,1692.0,1648.0,1661.0,44087500.0
2024-09-11 09:00:00+00:00,1661.0,1664.0,1620.0,1660.0,44460000.0
2024-09-12 09:00:00+00:00,1660.0,1684.0,1640.0,1655.0,54700000.0
2024-09-13 09:00:00+00:00,1655.0,1682.0,1633.0,1654.0,56837500.0
2024-09-17 09:00:00+00:00,1655.0,1658.0,1642.0,1645.0,57185000.0
2024-09-18 09:00:00+00:00,1645.0,1649.0,1596.0,1620.0,56267500.0
2024-09-19 09:00:00+00:00,1631.0,1631.0,1585.0,1602.0,60280000.0
2024-09-20 09:00:00+00:00,1600.0,1655.0,1580.0,1649.0,53167500.0
2024-09-23 09:00:00+00:00,1652.0,1663.0,1640.0,1660.0,55045000.0
2024-09-24 09:00:00+00:00,1662.0,1686.0,1641.0,1643.0,57782500.0
2024-09-25 09:00:00+00:00,1643.0,1650.0,1610.0,1642.0,56580000.0
2024-09-26 09:00:00+00:00,1640.0,1680.0,1637.0,1662.0,55367500.0
2024-09-27 09:00:00+00:00,1667.0,1680.0,1642.0,1661.0,56532500.0
2024-09-30 09:00:00+00:00,1661.0,1661.0,1592.0,1612.0,57310000.0
2024-10-01 09:00:00+00:00,1612.0,1617.0,1594.0,1613.0,64102500.0
2024-10-02 09:00:00+00:00,1612.0,1622.0,1596.0,1613.0,58342500.0
2024-10-03 09:00:00+00:00,1605.0,1634.0,1596.0,1632.0,56315000.0
2024-10-04 09:00:00+00:00,1632.0,1672.0,1629.0,1660.0,56492500.0
2024-10-07 09:00:00+00:00,1660.0,1687.0,1624.0,1628.0,55547500.0
2024-10-08 09:00:00+00:00,1630.0,1648.0,1610.0,1641.0,36352500.0
2024-10-09 09:00:00+00:00,1641.0,1681.0,1641.0,1653.0,42642500.0
2024-10-10 09:00:00+00:00,1652.0,1678.0,1620.0,1666.0,44012500.0
2024-10-11 09:00:00+00:00,1666.0,1686.0,1648.0,1660.0,40315000.0
2024-10-14 09:00:00+00:00,1660.0,1679.0,1650.0,1658.0,50565000.0
2024-10-15 09:00:00+00:00,1658.0,1676.0,1654.0,1668.0,39700000.0
2024-10-16 09:00:00+00:00,1668.0,1691.0,1663.0,1675.0,57117500.0
2024-10-17 09:00:00+00:00,1675.0,1759.0,1670.0,1713.0,80280000.0
2024-10-18 09:00:00+00:00,1713.0,1780.0,1701.0,1770.0,67440000.0
2024-10-21 09:00:00+00:00,1771.0,1930.0,1756.0,1793.0,45207500.0
2024-10-22 09:00:00+00:00,1794.0,1807.0,1771.0,1794.0,58030000.0
2024-10-23 09:00:00+00:00,1796.0,1800.0,1720.0,1732.0,56707500.0
2024-10-24 09:00:00+00:00,1732.0,1740.0,1652.0,1720.0,54212500.0
2024-10-25 09:00:00+00:00,1720.0,1816.0,1708.0,1800.0,63782500.0
2024-10-28 09:00:00+00:00,1804.0,1892.0,1781.0,1860.0,49912500.0
2024-10-29 09:00:00+00:00,1860.0,1892.0,1758.0,1776.0,66635000.0
2024-10-30 09:00:00+00:00,1776.0,1783.0,1748.0,1764.0,73810000.0
2024-10-31 09:00:00+00:00,1764.0,1798.0,1764.0,1784.0,53112500.0
2024-11-01 09:00:00+00:00,1783.0,1799.0,1765.0,1785.0,50820000.0
2024-11-04 09:00:00+00:00,1790.0,1826.0,1763.0,1780.0,42642500.0
2024-11-05 09:00:00+00:00,1768.0,1784.0,1732.0,1784.0,51795000.0
2024-11-06 09:00:00+00:00,1784.0,1794.0,1742.0,1794.0,54560000.0
2024-11-07 09:00:00+00:00,1786.0,1786.0,1730.0,1730.0,70775000.0
2024-11-08 09:00:00+00:00,1732.0,1745.0,1653.0,1658.0,51982500.0
2024-11-11 09:00:00+00:00,1657.0,1658.0,1472.0,1508.0,82787500.0
2024-11-12 09:00:00+00:00,1512.0,1583.0,1494.0,1546.0,80042500.0
2024-11-13 09:00:00+00:00,1546.0,1565.0,1520.0,1562.0,68297500.0
2024-11-14 09:00:00+00:00,1570.0,1588.0,1514.0,1514.0,70200000.0
2024-11-15 09:00:00+00:00,1514.0,1514.0,1480.0,1497.0,52835000.0
2024-11-18 09:00:00+00:00,1500.0,1514.0,1440.0,1466.0,46557500.0
2024-11-19 09:00:00+00:00,1465.0,1465.0,1420.0,1442.0,48727500.0
2024-11-20 09:00:00+00:00,1432.0,1492.0,1408.0,1483.0,56172500.0
2024-11-21 09:00:00+00:00,1483.0,1496.0,1460.0,1471.0,62562500.0
2024-11-22 09:00:00+00:00,1463.0,1492.0,1456.0,1488.0,38072500.0
2024-11-25 09:00:00+00:00,1488.0,1510.0,1448.0,1466.0,42552500.0
2024-11-26 09:00:00+00:00,1466.0,1552.0,1451.0,1533.0,42800000.0
2024-11-28 09:00:00+00:00,1532.0,1533.0,1462.0,1468.0,30957500.0
2024-11-29 09:00:00+00:00,1472.0,1486.0,1453.0,1453.0,36867500.0
2024-12-02 09:00:00+00:00,1453.0,1514.0,1453.0,1496.0,40365000.0
2024-12-03 09:00:00+00:00,1496.0,1568.0,1484.0,1568.0,40252500.0
2024-12-04 09:00:00+00:00,1570.0,1588.0,1516.0,1520.0,47652500.0
2024-12-05 09:00:00+00:00,1520.0,1539.0,1502.0,1509.0,33327500.0
2024-12-06 09:00:00+00:00,1511.0,1562.0,1500.0,1500.0,45237500.0
2024-12-09 09:00:00+00:00,1500.0,1519.0,1476.0,1501.0,79837500.0
2024-12-10 09:00:00+00:00,1502.0,1520.0,1489.0,1510.0,105932500.0
2024-12-11 09:00:00+00:00,1518.0,1599.0,1518.0,1591.0,101157500.0
2024-12-12 09:00:00+00:00,1592.0,1672.0,1588.0,1607.0,92707500.0
2024-12-13 09:00:00+00:00,1607.0,1656.0,1588.0,1648.0,92047500.0
2024-12-16 09:00:00+00:00,1658.0,1660.0,1538.0,1538.0,102587500.0
2024-12-17 09:00:00+00:00,1538.0,1590.0,1520.0,1567.0,105502500.0
2024-12-18 09:00:00+00:00,1567.0,1576.0,1529.0,1550.0,96530000.0
2024-12-19 09:00:00+00:00,1544.0,1546.0,1484.0,1496.0,99247500.0
2024-12-20 09:00:00+00:00,1496.0,1512.0,1462.0,1465.0,59770000.0
2024-12-23 09:00:00+00:00,1465.0,1491.0,1408.0,1409.0,82935000.0
2024-12-24 09:00:00+00:00,1419.0,1530.0,1419.0,1526.0,102772500.0
2024-12-27 09:00:00+00:00,1523.0,1541.0,1476.0,1476.0,103925000.0
2024-12-30 09:00:00+00:00,1480.0,1508.0,1456.0,1480.0,104322500.0
2025-01-02 09:00:00+00:00,1526.0,1526.0,1470.0,1492.0,72447500.0
2025-01-03 09:00:00+00:00,1479.0,1495.0,1465.0,1471.0,64647500.0
2025-01-06 09:00:00+00:00,1459.0,1480.0,1436.0,1447.0,93387500.0
2025-01-07 09:00:00+00:00,1440.0,1475.0,1432.0,1447.0,84922500.0
2025-01-08 09:00:00+00:00,1442.0,1460.0,1422.0,1422.0,91167500.0
2025-01-09 09:00:00+00:00,1421.0,1450.0,1410.0,1420.0,104365000.0
2025-01-10 09:00:00+00:00,1415.0,1426.0,1400.0,1413.0,63082500.0
2025-01-13 09:00:00+00:00,1413.0,1452.0,1365.0,1444.0,56405000.0
2025-01-14 09:00:00+00:00,1440.0,1503.0,1440.0,1444.0,104307500.0
2025-01-15 09:00:00+00:00,1444.0,1463.0,1422.0,1451.0,112995000.0
2025-01-16 09:00:00+00:00,1443.0,1484.0,1432.0,1483.0,119995000.0
2025-01-17 09:00:00+00:00,1483.0,1600.0,1461.0,1600.0,108032500.0
2025-01-20 09:00:00+00:00,1600.0,1654.0,1552.0,1652.0,113155000.0
2025-01-21 09:00:00+00:00,1653.0,1672.0,1631.0,1672.0,118305000.0
2025-01-22 09:00:00+00:00,1670.0,1740.0,1644.0,1684.0,109240000.0
2025-01-23 09:00:00+00:00,1679.0,1724.0,1648.0,1660.0,94965000.0
2025-01-24 09:00:00+00:00,1658.0,1728.0,1612.0,1726.0,72875000.0
2025-01-30 09:00:00+00:00,1726.0,1775.0,1681.0,1744.0,118472500.0
2025-01-31 09:00:00+00:00,1745.0,1800.0,1724.0,1798.0,93997500.0
2025-02-03 09:00:00+00:00,1820.0,1995.0,1777.0,1989.0,100492500.0
2025-02-04 09:00:00+00:00,1994.0,2128.0,1970.0,1980.0,87800000.0
2025-02-05 09:00:00+00:00,2013.0,2013.0,1924.0,1924.0,103427500.0
2025-02-06 09:00:00+00:00,1924.0,1952.0,1852.0,1921.0,103030000.0
2025-02-07 09:00:00+00:00,1919.0,1919.0,1578.0,1578.0,45282500.0
2025-02-10 09:00:00+00:00,1584.0,1640.0,1512.0,1550.0,39402500.0
2025-02-11 09:00:00+00:00,1550.0,1615.0,1514.0,1521.0,50027500.0
2025-02-12 09:00:00+00:00,1521.0,1528.0,1456.0,1474.0,50790000.0
2025-02-13 09:00:00+00:00,1474.0,1510.0,1428.0,1502.0,53772500.0
2025-02-14 09:00:00+00:00,1502.0,1502.0,1420.0,1420.0,52305000.0
2025-02-17 09:00:00+00:00,1432.0,1490.0,1383.0,1480.0,60167500.0
2025-02-18 09:00:00+00:00,1481.0,1540.0,1444.0,1451.0,48607500.0
2025-02-19 09:00:00+00:00,1454.0,1478.0,1432.0,1470.0,50175000.0
2025-02-20 09:00:00+00:00,1471.0,1525.0,1460.0,1461.0,71287500.0
2025-02-21 09:00:00+00:00,1462.0,1513.0,1449.0,1500.0,61690000.0
2025-02-24 09:00:00+00:00,1500.0,1500.0,1440.0,1450.0,75367500.0
2025-02-25 09:00:00+00:00,1452.0,1468.0,1412.0,1414.0,74682500.0
2025-02-26 09:00:00+00:00,1420.0,1452.0,1411.0,1430.0,64132500.0
2025-02-27 09:00:00+00:00,1430.0,1450.0,1300.0,1300.0,43155000.0
2025-02-28 09:00:00+00:00,1300.0,1304.0,1228.0,1235.0,44805000.0
2025-03-03 09:00:00+00:00,1222.0,1304.0,1222.0,1295.0,67880000.0
2025-03-04 09:00:00+00:00,1292.0,1292.0,1221.0,1227.0,72522500.0
2025-03-05 09:00:00+00:00,1227.0,1284.0,1227.0,1255.0,57187500.0
2025-03-06 09:00:00+00:00,1260.0,1313.0,1242.0,1269.0,72932500.0
2025-03-07 09:00:00+00:00,1269.0,1292.0,1229.0,1236.0,78410000.0
2025-03-10 09:00:00+00:00,1236.0,1408.0,1212.0,1398.0,65080000.0
2025-03-11 09:00:00+00:00,1394.0,1415.0,1320.0,1371.0,71762500.0
2025-03-12 09:00:00+00:00,1371.0,1530.0,1360.0,1528.0,72525000.0
2025-03-13 09:00:00+00:00,1530.0,1588.0,1502.0,1584.0,65875000.0
2025-03-14 09:00:00+00:00,1596.0,1704.0,1596.0,1607.0,61960000.0
2025-03-17 09:00:00+00:00,1616.0,1728.0,1616.0,1696.0,47710000.0
2025-03-18 09:00:00+00:00,1700.0,1735.0,1575.0,1651.0,79292500.0
2025-03-19 09:00:00+00:00,1664.0,1764.0,1664.0,1685.0,97265000.0
2025-03-20 09:00:00+00:00,1708.0,1836.0,1692.0,1692.0,128915000.0
2025-03-21 09:00:00+00:00,1690.0,1798.0,1688.0,1696.0,135190000.0
2025-03-24 09:00:00+00:00,1718.0,1752.0,1696.0,1696.0,74197500.0
2025-03-25 09:00:00+00:00,1711.0,1749.0,1692.0,1692.0,54612500.0
2025-03-26 09:00:00+00:00,1706.0,1722.0,1680.0,1704.0,60740000.0
2025-03-27 09:00:00+00:00,1704.0,1721.0,1692.0,1704.0,64385000.0
2025-04-08 09:00:00+00:00,1616.0,1700.0,1456.0,1607.0,42900000.0
2025-04-09 09:00:00+00:00,1605.0,1616.0,1536.0,1609.0,92680000.0
2025-04-10 09:00:00+00:00,1628.0,1678.0,1610.0,1676.0,94427500.0
2025-04-11 09:00:00+00:00,1677.0,1748.0,1643.0,1678.0,80532500.0
2025-04-14 09:00:00+00:00,1679.0,1766.0,1664.0,1728.0,91930000.0
2025-04-15 09:00:00+00:00,1728.0,1760.0,1704.0,1718.0,57862500.0
2025-04-16 09:00:00+00:00,1720.0,1754.0,1707.0,1712.0,94645000.0
2025-04-17 09:00:00+00:00,1713.0,1779.0,1713.0,1752.0,64625000.0
2025-04-21 09:00:00+00:00,1753.0,1775.0,1663.0,1672.0,47630000.0
2025-04-22 09:00:00+00:00,1678.0,1730.0,1650.0,1692.0,99035000.0
2025-04-23 09:00:00+00:00,1696.0,1830.0,1696.0,1720.0,123025000.0
2025-04-24 09:00:00+00:00,1743.0,1750.0,1702.0,1724.0,87770000.0
2025-04-25 09:00:00+00:00,1731.0,1746.0,1688.0,1690.0,74507500.0
2025-04-28 09:00:00+00:00,1707.0,1840.0,1703.0,1794.0,97905000.0
2025-04-29 09:00:00+00:00,1812.0,1840.0,1728.0,1835.0,91797500.0
2025-04-30 09:00:00+00:00,1841.0,1866.0,1807.0,1820.0,86057500.0
2025-05-02 09:00:00+00:00,1820.0,1865.0,1816.0,1836.0,103070000.0
2025-05-05 09:00:00+00:00,1848.0,1956.0,1788.0,1852.0,123820000.0
2025-05-06 09:00:00+00:00,1860.0,1960.0,1850.0,1928.0,106020000.0
2025-05-07 09:00:00+00:00,1942.0,2095.0,1942.0,1948.0,123697500.0
2025-05-08 09:00:00+00:00,1980.0,2027.0,1930.0,1930.0,105955000.0
2025-05-09 09:00:00+00:00,1952.0,2060.0,1952.0,1973.0,109307500.0
2025-05-14 09:00:00+00:00,2001.0,2070.0,1996.0,1996.0,114727500.0
2025-05-15 09:00:00+00:00,2017.0,2057.0,2016.0,2016.0,81807500.0
2025-05-16 09:00:00+00:00,2024.0,2024.0,1976.0,1997.0,19392500.0
2025-05-19 09:00:00+00:00,1998.0,2032.0,1957.0,2028.0,70070000.0
2025-05-20 09:00:00+00:00,2031.0,2100.0,2020.0,2040.0,140795000.0
2025-05-21 09:00:00+00:00,2063.0,2085.0,2020.0,2033.0,85435000.0
2025-05-22 09:00:00+00:00,2037.0,2160.0,2028.0,2072.0,71305000.0
2025-05-23 09:00:00+00:00,2166.0,2168.0,2106.0,2108.0,31567500.0
2025-05-26 09:00:00+00:00,2108.0,2156.0,2032.0,2156.0,83845000.0
2025-05-27 09:00:00+00:00,2156.0,2208.0,2138.0,2147.0,86070000.0
2025-05-28 09:00:00+00:00,2152.0,2218.0,2100.0,2160.0,75102500.0
2025-06-02 09:00:00+00:00,2160.0,2237.0,2112.0,2210.0,70830000.0
2025-06-03 09:00:00+00:00,2212.0,2320.0,2192.0,2232.0,86375000.0
2025-06-04 09:00:00+00:00,2240.0,2336.0,2231.0,2244.0,125550000.0
2025-06-05 09:00:00+00:00,2248.0,2336.0,2212.0,2272.0,104737500.0
2025-06-10 09:00:00+00:00,2252.0,2384.0,2252.0,2292.0,101675000.0
2025-06-11 09:00:00+00:00,2312.0,2343.0,2288.0,2288.0,97685000.0
2025-06-12 09:00:00+00:00,2301.0,2368.0,2300.0,2340.0,75505000.0
2025-06-13 09:00:00+00:00,2327.0,2432.0,2327.0,2368.0,68052500.0
2025-06-16 09:00:00+00:00,2328.0,2408.0,2324.0,2388.0,60777500.0
2025-06-17 09:00:00+00:00,2414.0,2420.0,2365.0,2380.0,53772500.0
2025-06-18 09:00:00+00:00,2380.0,2407.0,2336.0,2348.0,58132500.0
2025-06-19 09:00:00+00:00,2363.0,2416.0,2335.0,2358.0,96275000.0
2025-06-20 09:00:00+00:00,2320.0,2420.0,2309.0,2386.0,87362500.0
2025-06-23 09:00:00+00:00,2386.0,2393.0,2200.0,2245.0,54545000.0
2025-06-24 09:00:00+00:00,2260.0,2274.0,2145.0,2170.0,62585000.0
2025-06-25 09:00:00+00:00,2170.0,2260.0,2169.0,2243.0,72322500.0
2025-06-26 09:00:00+00:00,2246.0,2312.0,2200.0,2208.0,47550000.0
2025-06-30 09:00:00+00:00,2211.0,2216.0,2130.0,2143.0,80405000.0
2025-07-01 09:00:00+00:00,2143.0,2168.0,2085.0,2122.0,107855000.0
2025-07-02 09:00:00+00:00,2113.0,2172.0,2089.0,2172.0,126375000.0
2025-07-03 09:00:00+00:00,2188.0,2208.0,2162.0,2185.0,94722500.0
2025-07-04 09:00:00+00:00,2196.0,2247.0,2163.0,2224.0,48875000.0
2025-07-07 09:00:00+00:00,2240.0,2296.0,2212.0,2240.0,69880000.0
2025-07-08 09:00:00+00:00,2240.0,2327.0,2231.0,2280.0,99407500.0
2025-07-09 09:00:00+00:00,2300.0,2312.0,2263.0,2268.0,73022500.0
2025-07-10 09:00:00+00:00,2280.0,2298.0,2204.0,2223.0,34172500.0
2025-07-11 09:00:00+00:00,2224.0,2240.0,2140.0,2151.0,42437500.0
2025-07-14 09:00:00+00:00,2172.0,2506.0,2172.0,2400.0,179505000.0
2025-07-15 09:00:00+00:00,2400.0,2583.0,2336.0,2488.0,79170000.0
2025-07-16 09:00:00+00:00,2460.0,2648.0,2452.0,2584.0,129660000.0
2025-07-17 09:00:00+00:00,2560.0,2780.0,2560.0,2640.0,108202500.0
2025-07-18 09:00:00+00:00,2620.0,2712.0,2620.0,2628.0,71385000.0
2025-07-21 09:00:00+00:00,2684.0,2685.0,2600.0,2604.0,59200000.0
2025-07-22 09:00:00+00:00,2637.0,2659.0,2560.0,2592.0,146975000.0
2025-07-23 09:00:00+00:00,2620.0,2707.0,2591.0,2620.0,65845000.0
2025-07-24 09:00:00+00:00,2580.0,2676.0,2574.0,2604.0,95847500.0
2025-07-25 09:00:00+00:00,2568.0,2700.0,2567.0,2640.0,116015000.0
2025-07-28 09:00:00+00:00,2686.0,2733.0,2636.0,2636.0,66107500.0
2025-07-29 09:00:00+00:00,2636.0,2676.0,2596.0,2628.0,109082500.0
2025-07-30 09:00:00+00:00,2598.0,2650.0,2575.0,2607.0,66502500.0
2025-07-31 09:00:00+00:00,2630.0,2680.0,2592.0,2592.0,73350000.0
2025-08-01 09:00:00+00:00,2566.0,2614.0,2564.0,2598.0,53302500.0
2025-08-04 09:00:00+00:00,2628.0,2672.0,2600.0,2600.0,76722500.0
2025-08-05 09:00:00+00:00,2638.0,2670.0,2572.0,2636.0,112197500.0
2025-08-06 09:00:00+00:00,2620.0,2720.0,2604.0,2656.0,138192500.0
2025-08-07 09:00:00+00:00,2612.0,2716.0,2612.0,2620.0,123082500.0
2025-08-08 09:00:00+00:00,3144.0,3144.0,3006.0,3144.0,269407500.0
2025-08-11 09:00:00+00:00,3300.0,3520.0,3300.0,3368.0,185500000.0
2025-08-12 09:00:00+00:00,3536.0,3536.0,3328.0,3344.0,96850000.0
2025-08-13 09:00:00+00:00,3460.0,3600.0,3372.0,3540.0,279580000.0
2025-08-14 09:00:00+00:00,3516.0,3740.0,3516.0,3680.0,231130000.0
2025-08-15 09:00:00+00:00,3624.0,3780.0,3624.0,3704.0,241552500.0
2025-08-19 09:00:00+00:00,3704.0,3880.0,3704.0,3720.0,363727500.0
2025-08-20 09:00:00+00:00,3800.0,3800.0,3602.0,3694.0,276340000.0
2025-08-21 09:00:00+00:00,3140.0,3213.0,3140.0,3209.0,408267500.0
2025-08-22 09:00:00+00:00,3242.0,3290.0,3120.0,3153.0,167515000.0
2025-08-25 09:00:00+00:00,3194.0,3212.0,3120.0,3195.0,191527500.0
2025-08-26 09:00:00+00:00,3260.0,3623.0,3244.0,3623.0,1506755000.0
2025-08-27 09:00:00+00:00,3802.0,3802.0,3583.0,3800.0,117860000.0
2025-08-28 09:00:00+00:00,3742.0,4000.0,3742.0,3886.0,115492500.0
2025-08-29 09:00:00+00:00,3920.0,3992.0,3906.0,3968.0,100530000.0
2025-09-01 09:00:00+00:00,3968.0,3972.0,3781.0,3940.0,36477500.0
2025-09-02 09:00:00+00:00,3960.0,3990.0,3956.0,3984.0,48922500.0
2025-09-03 09:00:00+00:00,4000.0,4392.0,3994.0,4392.0,172357500.0
2025-09-04 09:00:00+00:00,4200.0,4380.0,4200.0,4248.0,94647500.0
2025-09-08 09:00:00+00:00,4240.0,4566.0,4240.0,4434.0,142205000.0
2025-09-09 09:00:00+00:00,4440.0,4440.0,4121.0,4121.0,52162500.0
2025-09-10 09:00:00+00:00,4320.0,4350.0,4120.0,4120.0,58317500.0
2025-09-11 09:00:00+00:00,4199.0,4224.0,3720.0,3850.0,73847500.0
2025-09-12 09:00:00+00:00,3958.0,4103.0,3859.0,4094.0,67070000.0
2025-09-15 09:00:00+00:00,4100.0,4180.0,4090.0,4180.0,52662500.0
2025-09-16 09:00:00+00:00,4200.0,4360.0,4198.0,4360.0,67242500.0
2025-09-17 09:00:00+00:00,4300.0,4550.0,4288.0,4400.0,110067500.0
2025-09-18 09:00:00+00:00,4320.0,4545.0,4320.0,4371.0,74845000.0
2025-09-19 09:00:00+00:00,4400.0,4566.0,4312.0,4566.0,933710000.0
2025-09-22 09:00:00+00:00,4566.0,4577.0,4440.0,4540.0,33347500.0
2025-09-23 09:00:00+00:00,4520.0,4581.0,4514.0,4560.0,29265000.0
2025-09-24 09:00:00+00:00,4580.0,4620.0,4522.0,4600.0,32757500.0
2025-09-25 09:00:00+00:00,4660.0,4660.0,4370.0,4536.0,31045000.0
2025-09-26 09:00:00+00:00,4536.0,4536.0,4372.0,4432.0,22020000.0
2025-09-29 09:00:00+00:00,4436.0,4436.0,4146.0,4146.0,30617500.0
2025-09-30 09:00:00+00:00,4146.0,4275.0,4080.0,4248.0,36797500.0
2025-10-01 09:00:00+00:00,4280.0,4280.0,4145.0,4220.0,19550000.0
2025-10-02 09:00:00+00:00,4220.0,4220.0,4140.0,4196.0,25800000.0
2025-10-03 09:00:00+00:00,4192.0,4224.0,4145.0,4224.0,29235000.0
2025-10-06 09:00:00+00:00,4224.0,4224.0,4118.0,4141.0,29602500.0
2025-10-07 09:00:00+00:00,4142.0,4219.0,4120.0,4166.0,54525000.0
2025-10-08 09:00:00+00:00,4180.0,4258.0,4116.0,4216.0,50812500.0
2025-10-09 09:00:00+00:00,4240.0,4260.0,4129.0,4205.0,28650000.0
2025-10-10 09:00:00+00:00,4220.0,4276.0,4188.0,4244.0,30322500.0
2025-10-13 09:00:00+00:00,4232.0,4240.0,4164.0,4169.0,28512500.0
2025-10-14 09:00:00+00:00,4220.0,4279.0,4178.0,4256.0,35012500.0
2025-10-15 09:00:00+00:00,4256.0,4503.0,4256.0,4440.0,88955000.0
2025-10-16 09:00:00+00:00,4360.0,4720.0,4360.0,4600.0,147747500.0
2025-10-17 09:00:00+00:00,4560.0,4620.0,3920.0,3966.0,91275000.0
2025-10-20 09:00:00+00:00,3967.0,4177.0,3960.0,4113.0,33992500.0
2025-10-21 09:00:00+00:00,4113.0,4271.0,4091.0,4192.0,29257500.0
2025-10-22 09:00:00+00:00,4196.0,4233.0,4089.0,4160.0,52392500.0
2025-10-23 09:00:00+00:00,4140.0,4152.0,4018.0,4038.0,39347500.0
2025-10-24 09:00:00+00:00,4098.0,4120.0,4039.0,4075.0,52722500.0
2025-10-27 09:00:00+00:00,4092.0,4098.0,3464.0,3552.0,55962500.0
2025-10-28 09:00:00+00:00,3700.0,3706.0,3203.0,3375.0,76577500.0
2025-10-29 09:00:00+00:00,3400.0,3400.0,3160.0,3256.0,35465000.0
2025-10-30 09:00:00+00:00,3256.0,3457.0,3160.0,3456.0,58460000.0
2025-10-31 09:00:00+00:00,3484.0,3518.0,3362.0,3383.0,57017500.0
2025-11-03 09:00:00+00:00,3402.0,3538.0,3352.0,3520.0,32572500.0
2025-11-04 09:00:00+00:00,3500.0,3695.0,3470.0,3680.0,68965000.0
2025-11-05 09:00:00+00:00,3680.0,3680.0,3524.0,3528.0,43737500.0
2025-11-06 09:00:00+00:00,3528.0,3860.0,3528.0,3840.0,53597500.0
2025-11-07 09:00:00+00:00,3852.0,4040.0,3784.0,4000.0,55787500.0
2025-11-10 09:00:00+00:00,4000.0,4000.0,3514.0,3520.0,64320000.0
2025-11-11 09:00:00+00:00,3532.0,3560.0,3441.0,3490.0,62357500.0
2025-11-12 09:00:00+00:00,3508.0,3569.0,3440.0,3460.0,57345000.0
2025-11-13 09:00:00+00:00,3476.0,3560.0,3476.0,3519.0,50275000.0
2025-11-14 09:00:00+00:00,3536.0,3725.0,3536.0,3648.0,56272500.0
2025-11-17 09:00:00+00:00,3664.0,3920.0,3642.0,3888.0,52297500.0
2025-11-18 09:00:00+00:00,3912.0,3950.0,3848.0,3950.0,57640000.0
2025-11-19 09:00:00+00:00,3972.0,4060.0,3945.0,3945.0,51587500.0
2025-11-20 09:00:00+00:00,4000.0,4112.0,3972.0,3980.0,50272500.0
2025-11-21 09:00:00+00:00,3980.0,4080.0,3890.0,4000.0,44435000.0
2025-11-24 09:00:00+00:00,4022.0,4228.0,3952.0,4228.0,234335000.0
2025-11-25 09:00:00+00:00,4106.0,4288.0,4100.0,4288.0,54015000.0
2025-11-26 09:00:00+00:00,4340.0,4472.0,4320.0,4440.0,52367500.0
2025-11-27 09:00:00+00:00,4442.0,4460.0,4286.0,4298.0,21070000.0
2025-11-28 09:00:00+00:00,4410.0,4428.0,4347.0,4398.0,23760000.0
2025-12-01 09:00:00+00:00,4398.0,4544.0,4327.0,4512.0,48252500.0
2025-12-02 09:00:00+00:00,4596.0,4620.0,4520.0,4620.0,53975000.0
2025-12-03 09:00:00+00:00,4639.0,4701.0,4477.0,4477.0,37865000.0
2025-12-04 09:00:00+00:00,4552.0,4614.0,4502.0,4555.0,35405000.0
2025-12-05 09:00:00+00:00,4600.0,4600.0,4081.0,4083.0,64967500.0
2025-12-08 09:00:00+00:00,4080.0,4400.0,4080.0,4378.0,53717500.0
2025-12-09 09:00:00+00:00,4440.0,4440.0,4286.0,4355.0,41125000.0
2025-12-10 09:00:00+00:00,4440.0,4440.0,4200.0,4380.0,51450000.0
2025-12-11 09:00:00+00:00,4444.0,4444.0,4300.0,4384.0,34130000.0
2025-12-12 09:00:00+00:00,4364.0,4374.0,4156.0,4250.0,55200000.0
2025-12-15 09:00:00+00:00,4282.0,4340.0,4034.0,4034.0,35285000.0
2025-12-16 09:00:00+00:00,4220.0,4310.0,4080.0,4280.0,68277500.0
2025-12-17 09:00:00+00:00,4280.0,4319.0,4220.0,4252.0,46200000.0
2025-12-18 09:00:00+00:00,4300.0,4360.0,4216.0,4224.0,51172500.0
2025-12-19 09:00:00+00:00,4192.0,4405.0,4192.0,4365.0,372327500.0
2025-12-22 09:00:00+00:00,4365.0,4440.0,4351.0,4416.0,46497500.0
2025-12-23 09:00:00+00:00,4431.0,4450.0,4205.0,4205.0,21832500.0
2025-12-24 09:00:00+00:00,4240.0,4249.0,4024.0,4164.0,50232500.0
2025-12-29 09:00:00+00:00,4164.0,4164.0,3988.0,4048.0,41150000.0
2025-12-30 09:00:00+00:00,4048.0,4048.0,3971.0,4040.0,42942500.0
2026-01-02 09:00:00+00:00,4040.0,4048.0,3880.0,3938.0,54135000.0
2026-01-05 09:00:00+00:00,3980.0,3980.0,3717.0,3884.0,63332500.0
2026-01-06 09:00:00+00:00,3876.0,3917.0,3760.0,3827.0,33637500.0
2026-01-07 09:00:00+00:00,3829.0,4060.0,3782.0,4023.0,69472500.0
2026-01-08 09:00:00+00:00,4034.0,4259.0,4034.0,4127.0,52510000.0
2026-01-09 09:00:00+00:00,4160.0,4217.0,4100.0,4129.0,52382500.0
2026-01-12 09:00:00+00:00,4130.0,4178.0,4027.0,4137.0,51725000.0
2026-01-13 09:00:00+00:00,4137.0,4200.0,4077.0,4200.0,39495000.0
2026-01-14 09:00:00+00:00,4200.0,4415.0,4164.0,4319.0,41230000.0
2026-01-15 09:00:00+00:00,4322.0,4480.0,4322.0,4440.0,50192500.0
2026-01-19 09:00:00+00:00,4440.0,4588.0,4440.0,4563.0,34117500.0
2026-01-20 09:00:00+00:00,4563.0,4565.0,4080.0,4080.0,36942500.0
2026-01-21 09:00:00+00:00,4180.0,4360.0,4117.0,4202.0,61495000.0
2026-01-22 09:00:00+00:00,4220.0,4400.0,4220.0,4228.0,53567500.0
2026-01-23 09:00:00+00:00,4280.0,4320.0,4120.0,4180.0,50232500.0
2026-01-26 09:00:00+00:00,4180.0,4424.0,4180.0,4424.0,55662500.0
2026-01-27 09:00:00+00:00,4424.0,4640.0,4424.0,4640.0,68432500.0
2026-01-28 09:00:00+00:00,3944.0,4077.0,3944.0,3944.0,62452500.0
2026-01-29 09:00:00+00:00,3354.0,3881.0,3353.0,3760.0,123730000.0
2026-01-30 09:00:00+00:00,3988.0,4046.0,3681.0,3960.0,64000000.0
2026-02-02 09:00:00+00:00,3948.0,3948.0,3366.0,3468.0,82605000.0
2026-02-03 09:00:00+00:00,3400.0,3610.0,3353.0,3600.0,29757500.0
2026-02-04 09:00:00+00:00,3602.0,3640.0,3462.0,3616.0,22612500.0
2026-02-05 09:00:00+00:00,3616.0,3718.0,3520.0,3520.0,17040000.0
2026-02-06 09:00:00+00:00,3516.0,3548.0,3400.0,3415.0,13875000.0
2026-02-09 09:00:00+00:00,3416.0,3742.0,3374.0,3718.0,15535000.0
2026-02-10 09:00:00+00:00,3718.0,3780.0,3659.0,3779.0,15517500.0
2026-02-11 09:00:00+00:00,3779.0,3920.0,3779.0,3880.0,20055000.0
2026-02-12 09:00:00+00:00,3880.0,3880.0,3751.0,3800.0,46182500.0
2026-02-13 09:00:00+00:00,3800.0,3800.0,3689.0,3773.0,52052500.0
2026-02-18 09:00:00+00:00,3773.0,3808.0,3628.0,3660.0,32845000.0
2026-02-19 09:00:00+00:00,3680.0,3680.0,3532.0,3552.0,31295000.0
2026-02-20 09:00:00+00:00,3570.0,3571.0,3460.0,3480.0,29992500.0
2026-02-23 09:00:00+00:00,3497.0,3547.0,3442.0,3480.0,28975000.0
2026-02-24 09:00:00+00:00,3480.0,3488.0,3377.0,3377.0,34260000.0
2026-02-25 09:00:00+00:00,3384.0,3446.0,3320.0,3348.0,32722500.0
2026-02-26 09:00:00+00:00,3340.0,3395.0,3280.0,3320.0,38290000.0
2026-02-27 09:00:00+00:00,3320.0,3320.0,3157.0,3157.0,54735000.0
2026-03-02 09:00:00+00:00,3147.0,3249.0,3038.0,3160.0,62197500.0
2026-03-03 09:00:00+00:00,3160.0,3220.0,3140.0,3140.0,49965000.0
2026-03-04 09:00:00+00:00,3140.0,3140.0,2930.0,2994.0,56492500.0
2026-03-05 09:00:00+00:00,3008.0,3060.0,2978.0,3032.0,52572500.0
2026-03-06 09:00:00+00:00,3032.0,3041.0,2881.0,3016.0,56720000.0
2026-03-09 09:00:00+00:00,2999.0,3016.0,2765.0,2928.0,54037500.0
2026-03-10 09:00:00+00:00,2924.0,3136.0,2924.0,3102.0,56165000.0
2026-03-11 09:00:00+00:00,3119.0,3163.0,3067.0,3110.0,51077500.0
2026-03-12 09:00:00+00:00,3120.0,3165.0,2998.0,3024.0,54360000.0
2026-03-13 09:00:00+00:00,3052.0,3052.0,2677.0,2677.0,61697500.0
2026-03-16 09:00:00+00:00,2674.0,2674.0,2428.0,2462.0,83540000.0
2026-03-17 09:00:00+00:00,2474.0,2540.0,2374.0,2458.0,70000000.0
2026-03-25 09:00:00+00:00,2458.0,2601.0,2341.0,2534.0,92265000.0
2026-03-26 09:00:00+00:00,2540.0,2555.0,2466.0,2528.0,57645000.0
2026-03-27 09:00:00+00:00,2518.0,2602.0,2480.0,2509.0,81802500.0
2026-03-30 09:00:00+00:00,2504.0,2705.0,2346.0,2675.0,76950000.0
2026-03-31 09:00:00+00:00,2673.0,2740.0,2500.0,2640.0,75452500.0
2026-04-01 09:00:00+00:00,2632.0,2776.0,2620.0,2741.0,62867500.0
2026-04-02 09:00:00+00:00,2749.0,2845.0,2674.0,2815.0,57720000.0
2026-04-06 09:00:00+00:00,2640.0,2648.0,2420.0,2552.0,73212500.0
2026-04-07 09:00:00+00:00,2551.0,2720.0,2512.0,2650.0,75475000.0
2026-04-08 09:00:00+00:00,2680.0,2720.0,2576.0,2680.0,65337500.0
2026-04-09 09:00:00+00:00,2600.0,3220.0,2600.0,3120.0,109066800.0
2026-04-10 09:00:00+00:00,3150.0,3300.0,3040.0,3110.0,72192100.0
2026-04-13 09:00:00+00:00,3110.0,3170.0,2900.0,3160.0,91733800.0
2026-04-14 09:00:00+00:00,3230.0,3430.0,3060.0,3300.0,104059500.0
2026-04-15 09:00:00+00:00,3350.0,3500.0,3220.0,3350.0,78423000.0
2026-04-16 09:00:00+00:00,3380.0,3400.0,3150.0,3280.0,57110000.0
2026-04-17 09:00:00+00:00,3260.0,3320.0,3210.0,3250.0,56238400.0
2026-04-20 09:00:00+00:00,3240.0,3360.0,3200.0,3270.0,57553200.0
2026-04-21 09:00:00+00:00,3100.0,3120.0,2780.0,2780.0,86470000.0
2026-04-22 09:00:00+00:00,2500.0,2650.0,2440.0,2510.0,64306700.0
2026-04-23 09:00:00+00:00,2520.0,2600.0,2250.0,2250.0,46592000.0
2026-04-24 09:00:00+00:00,2300.0,2340.0,2010.0,2020.0,44392500.0
2026-04-27 09:00:00+00:00,2020.0,2110.0,1840.0,1845.0,47163500.0
2026-04-28 09:00:00+00:00,1850.0,1895.0,1750.0,1765.0,43261800.0
2026-04-29 09:00:00+00:00,1770.0,1790.0,1695.0,1720.0,22685400.0
2026-04-30 09:00:00+00:00,1705.0,1720.0,1530.0,1615.0,43027200.0
2026-05-04 09:00:00+00:00,1615.0,1700.0,1505.0,1525.0,27167800.0
2026-05-05 09:00:00+00:00,1525.0,1660.0,1475.0,1485.0,63271300.0
2026-05-06 09:00:00+00:00,1505.0,1525.0,1440.0,1480.0,48273600.0
2026-05-07 09:00:00+00:00,1480.0,1760.0,1470.0,1540.0,101936300.0
2026-05-08 09:00:00+00:00,1545.0,1550.0,1310.0,1310.0,99310700.0
2026-05-11 09:00:00+00:00,1310.0,1315.0,1130.0,1135.0,226586400.0
2026-05-12 09:00:00+00:00,1140.0,1215.0,1100.0,1165.0,243759100.0
2026-05-13 09:00:00+00:00,1070.0,1115.0,1005.0,1035.0,148249800.0
2026-05-14 09:00:00+00:00,1035.0,1035.0,1035.0,1035.0,0.0
2026-05-15 09:00:00+00:00,1035.0,1035.0,1035.0,1035.0,0.0
2026-05-18 09:00:00+00:00,945.0,945.0,880.0,880.0,123343900.0
2026-05-19 09:00:00+00:00,795.0,860.0,750.0,750.0,443611800.0
2026-05-20 09:00:00+00:00,735.0,820.0,680.0,710.0,459594900.0
2026-05-21 09:00:00+00:00,675.0,705.0,605.0,610.0,510900200.0
2026-05-22 09:00:00+00:00,600.0,615.0,530.0,545.0,466575300.0
2026-05-25 09:00:00+00:00,505.0,555.0,470.0,480.0,569398200.0
2026-05-26 09:00:00+00:00,472.0,540.0,432.0,432.0,851802500.0
2026-05-27 09:00:00+00:00,432.0,432.0,432.0,432.0,0.0
2026-05-28 09:00:00+00:00,432.0,432.0,432.0,432.0,0.0
2026-05-29 09:00:00+00:00,410.0,492.0,410.0,492.0,2924893400.0
2026-06-02 09:00:00+00:00,565.0,615.0,535.0,615.0,443249500.0
2026-06-03 09:00:00+00:00,685.0,765.0,570.0,690.0,2074757800.0
2026-06-04 09:00:00+00:00,685.0,690.0,590.0,670.0,1150519800.0
2026-06-05 09:00:00+00:00,685.0,740.0,610.0,610.0,740739800.0
2026-06-08 09:00:00+00:00,595.0,630.0,560.0,595.0,518702300.0
2026-06-09 09:00:00+00:00,600.0,685.0,590.0,675.0,517234400.0
2026-06-10 09:00:00+00:00,675.0,825.0,645.0,790.0,1853057400.0
2026-06-11 09:00:00+00:00,760.0,780.0,695.0,730.0,1063286500.0
2026-06-12 09:00:00+00:00,765.0,850.0,750.0,825.0,1360516800.0
2026-06-15 09:00:00+00:00,875.0,895.0,810.0,815.0,1359395700.0
2026-06-17 09:00:00+00:00,815.0,835.0,755.0,775.0,1048262200.0
2026-06-18 09:00:00+00:00,760.0,780.0,720.0,780.0,887957000.0
2026-06-19 09:00:00+00:00,790.0,875.0,775.0,850.0,3009788600.0
2026-06-22 09:00:00+00:00,865.0,885.0,815.0,850.0,1465763900.0
2026-06-23 09:00:00+00:00,880.0,910.0,755.0,830.0,2220829400.0
2026-06-24 09:00:00+00:00,795.0,825.0,775.0,785.0,661121700.0
2026-06-25 09:00:00+00:00,785.0,845.0,780.0,830.0,688113200.0
2026-06-26 09:00:00+00:00,840.0,840.0,790.0,815.0,824261000.0
2026-06-29 09:00:00+00:00,825.0,850.0,810.0,825.0,458402700.0
2026-06-30 09:00:00+00:00,825.0,830.0,790.0,795.0,410335700.0
2026-07-01 09:00:00+00:00,810.0,835.0,795.0,820.0,465987300.0
2026-07-02 09:00:00+00:00,815.0,835.0,800.0,805.0,279295300.0
2026-07-03 09:00:00+00:00,815.0,865.0,810.0,820.0,748789100.0
2026-07-06 09:00:00+00:00,830.0,830.0,810.0,815.0,308455600.0
2026-07-07 09:00:00+00:00,815.0,825.0,810.0,815.0,144671800.0
2026-07-08 09:00:00+00:00,815.0,820.0,790.0,790.0,229514600.0
2026-07-09 09:00:00+00:00,790.0,795.0,760.0,775.0,311253400.0
2026-07-10 09:00:00+00:00,790.0,795.0,775.0,785.0,266957000.0
2026-07-13 09:00:00+00:00,785.0,825.0,775.0,825.0,267099600.0
2026-07-14 09:00:00+00:00,820.0,830.0,795.0,800.0,328774500.0
2026-07-15 09:00:00+00:00,805.0,820.0,800.0,800.0,159403400.0
2026-07-16 09:00:00+00:00,800.0,815.0,795.0,810.0,139313700.0
2026-07-17 09:00:00+00:00,810.0,815.0,795.0,800.0,197502200.0
2026-07-20 09:00:00+00:00,800.0,820.0,790.0,815.0,268674200.0
2026-07-21 09:00:00+00:00,820.0,985.0,815.0,940.0,1987169500.0
2026-07-22 09:00:00+00:00,950.0,970.0,885.0,905.0,1106413300.0
2026-07-23 09:00:00+00:00,900.0,955.0,865.0,875.0,1128043400.0
2026-07-24 09:00:00+00:00,855.0,905.0,850.0,870.0,565736100.0
2026-07-27 09:00:00+00:00,870.0,875.0,840.0,855.0,249524100.0
2026-07-28 09:00:00+00:00,845.0,860.0,825.0,830.0,249927100.0
2026-07-29 09:00:00+00:00,830.0,855.0,805.0,825.0,330833300.0
2026-07-30 09:00:00+00:00,830.0,855.0,825.0,840.0,184110400.0
2026-07-31 09:00:00+00:00,860.0,865.0,845.0,850.0,156688400.0
2026-08-03 09:00:00+00:00,850.0,875.0,830.0,835.0,236268200.0
2026-08-04 09:00:00+00:00,835.0,855.0,830.0,835.0,123836000.0
2026-08-05 09:00:00+00:00,845.0,870.0,845.0,865.0,226868100.0
2026-08-06 09:00:00+00:00,870.0,975.0,865.0,970.0,1318265900.0
2026-08-07 09:00:00+00:00,970.0,1060.0,950.0,975.0,1311549200.0
2026-08-10 09:00:00+00:00,990.0,1075.0,975.0,985.0,1255876400.0
2026-08-11 09:00:00+00:00,990.0,995.0,920.0,945.0,685524500.0
2026-08-12 09:00:00+00:00,945.0,1005.0,940.0,1000.0,613046700.0
2026-08-13 09:00:00+00:00,1005.0,1025.0,955.0,990.0,655016100.0
2026-08-14 09:00:00+00:00,990.0,1025.0,975.0,1005.0,549559900.0
2026-08-18 09:00:00+00:00,1015.0,1025.0,975.0,975.0,427651300.0
2026-08-19 09:00:00+00:00,970.0,1045.0,960.0,1040.0,528866900.0
2026-08-20 09:00:00+00:00,1045.0,1050.0,1005.0,1020.0,419713700.0
2026-08-21 09:00:00+00:00,1025.0,1080.0,1015.0,1050.0,609383100.0
2026-08-24 09:00:00+00:00,1080.0,1100.0,1050.0,1065.0,568464500.0
2026-08-26 09:00:00+00:00,1070.0,1120.0,1045.0,1070.0,630191200.0
2026-08-27 09:00:00+00:00,1070.0,1155.0,1065.0,1140.0,541717200.0
2026-08-28 09:00:00+00:00,1140.0,1290.0,1115.0,1145.0,1426018900.0
2026-08-31 09:00:00+00:00,1135.0,1160.0,1100.0,1110.0,589122000.0
2026-09-01 09:00:00+00:00,1115.0,1150.0,1090.0,1135.0,427477400.0
2026-09-02 09:00:00+00:00,1145.0,1170.0,1130.0,1165.0,311696800.0
2026-09-03 09:00:00+00:00,1170.0,1210.0,1155.0,1185.0,510167300.0
2026-09-04 09:00:00+00:00,1200.0,1220.0,1170.0,1180.0,323050900.0
2026-09-07 09:00:00+00:00,1180.0,1195.0,1155.0,1155.0,186181100.0
2026-09-08 09:00:00+00:00,1160.0,1180.0,1150.0,1160.0,162056300.0
2026-09-09 09:00:00+00:00,1160.0,1185.0,1140.0,1170.0,213988000.0
