ts,open,high,low,close,volume
2018-09-04 09:00:00+00:00,3362.5,3375.0,3225.0,3287.5,59803000.0
2018-09-05 09:00:00+00:00,3250.0,3262.5,3100.0,3162.5,83838600.0
2018-09-06 09:00:00+00:00,3100.0,3275.0,3100.0,3275.0,96306200.0
2018-09-07 09:00:00+00:00,3250.0,3325.0,3225.0,3312.5,75525400.0
2018-09-10 09:00:00+00:00,3250.0,3300.0,3212.5,3287.5,37301800.0
2018-09-11 09:00:00+00:00,3287.5,3287.5,3287.5,3287.5,0.0
2018-09-12 09:00:00+00:00,3287.5,3312.5,3187.5,3187.5,46357000.0
2018-09-13 09:00:00+00:00,3237.5,3312.5,3225.0,3287.5,36668600.0
2018-09-14 09:00:00+00:00,3337.5,3375.0,3300.0,3375.0,30656000.0
2018-09-17 09:00:00+00:00,3325.0,3337.5,3212.5,3225.0,88368200.0
2018-09-18 09:00:00+00:00,3225.0,3262.5,3162.5,3187.5,101172800.0
2018-09-19 09:00:00+00:00,3225.0,3225.0,3187.5,3200.0,42616400.0
2018-09-20 09:00:00+00:00,3212.5,3337.5,3212.5,3337.5,99827000.0
2018-09-21 09:00:00+00:00,3375.0,3475.0,3362.5,3425.0,124841800.0
2018-09-24 09:00:00+00:00,3425.0,3450.0,3337.5,3375.0,81188200.0
2018-09-25 09:00:00+00:00,3337.5,3375.0,3262.5,3312.5,46091400.0
2018-09-26 09:00:00+00:00,3287.5,3362.5,3287.5,3300.0,32016600.0
2018-09-27 09:00:00+00:00,3300.0,3362.5,3275.0,3312.5,82349800.0
2018-09-28 09:00:00+00:00,3300.0,3375.0,3300.0,3362.5,101686800.0
2018-10-01 09:00:00+00:00,3300.0,3400.0,3300.0,3350.0,66513400.0
2018-10-02 09:00:00+00:00,3350.0,3350.0,3212.5,3225.0,120652800.0
2018-10-03 09:00:00+00:00,3200.0,3287.5,3200.0,3250.0,68383400.0
2018-10-04 09:00:00+00:00,3200.0,3212.5,3112.5,3112.5,116478400.0
2018-10-05 09:00:00+00:00,3112.5,3175.0,3087.5,3137.5,67792400.0
2018-10-08 09:00:00+00:00,3137.5,3150.0,3100.0,3100.0,55327600.0
2018-10-09 09:00:00+00:00,3100.0,3187.5,3100.0,3175.0,40331400.0
2018-10-10 09:00:00+00:00,3200.0,3262.5,3187.5,3237.5,39230800.0
2018-10-11 09:00:00+00:00,3125.0,3175.0,3100.0,3137.5,64054000.0
2018-10-12 09:00:00+00:00,3137.5,3237.5,3137.5,3200.0,70448200.0
2018-10-15 09:00:00+00:00,3250.0,3262.5,3187.5,3187.5,40880400.0
2018-10-16 09:00:00+00:00,3200.0,3250.0,3200.0,3250.0,29777600.0
2018-10-17 09:00:00+00:00,3300.0,3325.0,3262.5,3287.5,43108000.0
2018-10-18 09:00:00+00:00,3250.0,3300.0,3200.0,3250.0,39270000.0
2018-10-19 09:00:00+00:00,3225.0,3250.0,3187.5,3225.0,47990000.0
2018-10-22 09:00:00+00:00,3225.0,3262.5,3187.5,3225.0,36415600.0
2018-10-23 09:00:00+00:00,3225.0,3237.5,3212.5,3212.5,25707400.0
2018-10-24 09:00:00+00:00,3212.5,3237.5,3162.5,3162.5,33969400.0
2018-10-25 09:00:00+00:00,3125.0,3237.5,3125.0,3237.5,62781600.0
2018-10-26 09:00:00+00:00,3237.5,3250.0,3200.0,3225.0,39723200.0
2018-10-29 09:00:00+00:00,3212.5,3250.0,3200.0,3200.0,40472000.0
2018-10-30 09:00:00+00:00,3250.0,3262.5,3212.5,3262.5,34731200.0
2018-10-31 09:00:00+00:00,3287.5,3425.0,3275.0,3425.0,111265400.0
2018-11-01 09:00:00+00:00,3450.0,3675.0,3437.5,3612.5,185151800.0
2018-11-02 09:00:00+00:00,3662.5,3750.0,3550.0,3712.5,143785200.0
2018-11-05 09:00:00+00:00,3700.0,3700.0,3625.0,3687.5,56013400.0
2018-11-06 09:00:00+00:00,3737.5,3737.5,3625.0,3675.0,124000800.0
2018-11-07 09:00:00+00:00,3687.5,3700.0,3600.0,3675.0,92281000.0
2018-11-08 09:00:00+00:00,3700.0,3762.5,3687.5,3750.0,130444200.0
2018-11-09 09:00:00+00:00,3625.0,3662.5,3575.0,3612.5,123465600.0
2018-11-12 09:00:00+00:00,3612.5,3612.5,3487.5,3487.5,65689800.0
2018-11-13 09:00:00+00:00,3400.0,3587.5,3400.0,3575.0,85750000.0
2018-11-14 09:00:00+00:00,3637.5,3650.0,3562.5,3562.5,68203400.0
2018-11-15 09:00:00+00:00,3625.0,3725.0,3575.0,3700.0,115193000.0
2018-11-16 09:00:00+00:00,3737.5,3812.5,3687.5,3725.0,113146000.0
2018-11-19 09:00:00+00:00,3750.0,3787.5,3650.0,3737.5,52926800.0
2018-11-20 09:00:00+00:00,3737.5,3737.5,3737.5,3737.5,0.0
2018-11-21 09:00:00+00:00,3612.5,3662.5,3525.0,3637.5,121808800.0
2018-11-22 09:00:00+00:00,3637.5,3700.0,3587.5,3662.5,89601400.0
2018-11-23 09:00:00+00:00,3675.0,3700.0,3637.5,3650.0,82350000.0
2018-11-26 09:00:00+00:00,3625.0,3700.0,3625.0,3687.5,62934800.0
2018-11-27 09:00:00+00:00,3687.5,3750.0,3675.0,3725.0,61028800.0
2018-11-28 09:00:00+00:00,3750.0,3750.0,3662.5,3700.0,67675000.0
2018-11-29 09:00:00+00:00,3750.0,3825.0,3750.0,3825.0,141202600.0
2018-11-30 09:00:00+00:00,3787.5,3812.5,3700.0,3700.0,148482800.0
2018-12-03 09:00:00+00:00,3775.0,3862.5,3775.0,3800.0,136684600.0
2018-12-04 09:00:00+00:00,3787.5,3825.0,3775.0,3825.0,60153200.0
2018-12-05 09:00:00+00:00,3800.0,3800.0,3762.5,3787.5,73322400.0
2018-12-06 09:00:00+00:00,3700.0,3762.5,3700.0,3737.5,74092000.0
2018-12-07 09:00:00+00:00,3787.5,3812.5,3737.5,3750.0,41692800.0
2018-12-10 09:00:00+00:00,3687.5,3762.5,3675.0,3712.5,41105200.0
2018-12-11 09:00:00+00:00,3725.0,3737.5,3700.0,3725.0,55657400.0
2018-12-12 09:00:00+00:00,3737.5,3775.0,3712.5,3737.5,80631400.0
2018-12-13 09:00:00+00:00,3750.0,3850.0,3725.0,3850.0,92920000.0
2018-12-14 09:00:00+00:00,3825.0,3825.0,3762.5,3787.5,68756400.0
2018-12-17 09:00:00+00:00,3725.0,3787.5,3700.0,3700.0,78685000.0
2018-12-18 09:00:00+00:00,3625.0,3675.0,3625.0,3675.0,98608800.0
2018-12-19 09:00:00+00:00,3675.0,3737.5,3675.0,3712.5,89550000.0
2018-12-20 09:00:00+00:00,3712.5,3712.5,3637.5,3650.0,61216000.0
2018-12-21 09:00:00+00:00,3625.0,3650.0,3587.5,3612.5,98207400.0
2018-12-24 09:00:00+00:00,3612.5,3612.5,3612.5,3612.5,0.0
2018-12-25 09:00:00+00:00,3612.5,3612.5,3612.5,3612.5,0.0
2018-12-26 09:00:00+00:00,3575.0,3625.0,3550.0,3612.5,52356800.0
2018-12-27 09:00:00+00:00,3662.5,3675.0,3625.0,3637.5,48514400.0
2018-12-28 09:00:00+00:00,3675.0,3725.0,3662.5,3687.5,97081600.0
2018-12-31 09:00:00+00:00,3687.5,3687.5,3687.5,3687.5,0.0
2019-01-01 09:00:00+00:00,3687.5,3687.5,3687.5,3687.5,0.0
2019-01-02 09:00:00+00:00,3700.0,3700.0,3625.0,3662.5,45319200.0
2019-01-03 09:00:00+00:00,3637.5,3675.0,3550.0,3587.5,74174000.0
2019-01-04 09:00:00+00:00,3587.5,3725.0,3575.0,3725.0,78514000.0
2019-01-07 09:00:00+00:00,3750.0,3787.5,3712.5,3712.5,53624800.0
2019-01-08 09:00:00+00:00,3712.5,3737.5,3675.0,3675.0,80073200.0
2019-01-09 09:00:00+00:00,3750.0,3787.5,3700.0,3787.5,104903400.0
2019-01-10 09:00:00+00:00,3812.5,3850.0,3775.0,3850.0,130603200.0
2019-01-11 09:00:00+00:00,3875.0,3900.0,3837.5,3850.0,88899400.0
2019-01-14 09:00:00+00:00,3875.0,3875.0,3825.0,3850.0,71320000.0
2019-01-15 09:00:00+00:00,3875.0,3900.0,3825.0,3900.0,86697200.0
2019-01-16 09:00:00+00:00,3900.0,3912.5,3837.5,3900.0,78625600.0
2019-01-17 09:00:00+00:00,3900.0,4025.0,3900.0,3937.5,101961200.0
2019-01-18 09:00:00+00:00,3950.0,3962.5,3912.5,3937.5,56790000.0
2019-01-21 09:00:00+00:00,3912.5,3950.0,3900.0,3900.0,111624400.0
2019-01-22 09:00:00+00:00,3862.5,3900.0,3825.0,3875.0,123558000.0
2019-01-23 09:00:00+00:00,3787.5,3850.0,3737.5,3737.5,162196000.0
2019-01-24 09:00:00+00:00,3737.5,3750.0,3712.5,3737.5,179821400.0
2019-01-25 09:00:00+00:00,3737.5,3762.5,3650.0,3687.5,143184800.0
2019-01-28 09:00:00+00:00,3687.5,3712.5,3537.5,3587.5,207013400.0
2019-01-29 09:00:00+00:00,3587.5,3625.0,3525.0,3562.5,162587800.0
2019-01-30 09:00:00+00:00,3562.5,3662.5,3562.5,3625.0,175565200.0
2019-01-31 09:00:00+00:00,3662.5,3737.5,3637.5,3725.0,214008600.0
2019-02-01 09:00:00+00:00,3750.0,3812.5,3737.5,3800.0,104295400.0
2019-02-04 09:00:00+00:00,3750.0,3800.0,3675.0,3675.0,80919200.0
2019-02-05 09:00:00+00:00,3675.0,3675.0,3675.0,3675.0,0.0
2019-02-06 09:00:00+00:00,3725.0,3762.5,3712.5,3737.5,60281400.0
2019-02-07 09:00:00+00:00,3737.5,3775.0,3712.5,3775.0,31622800.0
2019-02-08 09:00:00+00:00,3750.0,3787.5,3712.5,3787.5,46828400.0
2019-02-11 09:00:00+00:00,3800.0,3812.5,3762.5,3812.5,72358200.0
2019-02-12 09:00:00+00:00,3837.5,3837.5,3687.5,3712.5,82644200.0
2019-02-13 09:00:00+00:00,3712.5,3737.5,3625.0,3625.0,75046400.0
2019-02-14 09:00:00+00:00,3675.0,3687.5,3587.5,3587.5,95699000.0
2019-02-15 09:00:00+00:00,3575.0,3612.5,3550.0,3587.5,92002800.0
2019-02-18 09:00:00+00:00,3650.0,3650.0,3587.5,3637.5,86216800.0
2019-02-19 09:00:00+00:00,3637.5,3662.5,3562.5,3600.0,92714200.0
2019-02-20 09:00:00+00:00,3625.0,3625.0,3475.0,3550.0,192881200.0
2019-02-21 09:00:00+00:00,3562.5,3662.5,3550.0,3662.5,100203800.0
2019-02-22 09:00:00+00:00,3637.5,3650.0,3525.0,3550.0,167596800.0
2019-02-25 09:00:00+00:00,3575.0,3625.0,3562.5,3625.0,91520000.0
2019-02-26 09:00:00+00:00,3637.5,3637.5,3575.0,3637.5,94091000.0
2019-02-27 09:00:00+00:00,3600.0,3637.5,3575.0,3600.0,72356800.0
2019-02-28 09:00:00+00:00,3612.5,3625.0,3550.0,3562.5,84980200.0
2019-03-01 09:00:00+00:00,3575.0,3612.5,3562.5,3587.5,47003200.0
2019-03-04 09:00:00+00:00,3587.5,3587.5,3550.0,3550.0,29659800.0
2019-03-05 09:00:00+00:00,3525.0,3562.5,3400.0,3475.0,223113200.0
2019-03-06 09:00:00+00:00,3500.0,3537.5,3437.5,3537.5,94977600.0
2019-03-07 09:00:00+00:00,3537.5,3537.5,3537.5,3537.5,0.0
2019-03-08 09:00:00+00:00,3525.0,3525.0,3450.0,3450.0,71523400.0
2019-03-11 09:00:00+00:00,3475.0,3475.0,3412.5,3425.0,53912400.0
2019-03-12 09:00:00+00:00,3412.5,3437.5,3337.5,3362.5,60509600.0
2019-03-13 09:00:00+00:00,3400.0,3400.0,3325.0,3350.0,55730600.0
2019-03-14 09:00:00+00:00,3400.0,3462.5,3362.5,3450.0,44212200.0
2019-03-15 09:00:00+00:00,3462.5,3550.0,3462.5,3550.0,71744400.0
2019-03-18 09:00:00+00:00,3575.0,3612.5,3512.5,3550.0,52140200.0
2019-03-19 09:00:00+00:00,3587.5,3700.0,3575.0,3687.5,158696000.0
2019-03-20 09:00:00+00:00,3700.0,3725.0,3650.0,3700.0,51652800.0
2019-03-21 09:00:00+00:00,3750.0,3762.5,3725.0,3737.5,68829800.0
2019-03-22 09:00:00+00:00,3737.5,3750.0,3712.5,3725.0,45259400.0
2019-03-25 09:00:00+00:00,3625.0,3662.5,3587.5,3587.5,45751600.0
2019-03-26 09:00:00+00:00,3637.5,3675.0,3637.5,3650.0,28799400.0
2019-03-27 09:00:00+00:00,3712.5,3712.5,3612.5,3612.5,38906600.0
2019-03-28 09:00:00+00:00,3650.0,3687.5,3625.0,3687.5,47868600.0
2019-03-29 09:00:00+00:00,3700.0,3750.0,3662.5,3737.5,71140200.0
2019-04-01 09:00:00+00:00,3750.0,3762.5,3725.0,3750.0,57890600.0
2019-04-02 09:00:00+00:00,3762.5,3762.5,3662.5,3712.5,36872800.0
2019-04-03 09:00:00+00:00,3712.5,3712.5,3712.5,3712.5,0.0
2019-04-04 09:00:00+00:00,3750.0,3850.0,3750.0,3837.5,119083400.0
2019-04-05 09:00:00+00:00,3837.5,3837.5,3775.0,3775.0,40534200.0
2019-04-08 09:00:00+00:00,3800.0,3800.0,3687.5,3750.0,45862600.0
2019-04-09 09:00:00+00:00,3787.5,3862.5,3775.0,3837.5,61437800.0
2019-04-10 09:00:00+00:00,3825.0,3837.5,3762.5,3775.0,30552600.0
2019-04-11 09:00:00+00:00,3787.5,3800.0,3700.0,3700.0,70389000.0
2019-04-12 09:00:00+00:00,3675.0,3700.0,3650.0,3662.5,53372400.0
2019-04-15 09:00:00+00:00,3700.0,3725.0,3662.5,3675.0,48251000.0
2019-04-16 09:00:00+00:00,3687.5,3812.5,3675.0,3812.5,143066800.0
2019-04-17 09:00:00+00:00,3812.5,3812.5,3812.5,3812.5,0.0
2019-04-18 09:00:00+00:00,3900.0,4062.5,3887.5,3900.0,243343400.0
2019-04-19 09:00:00+00:00,3900.0,3900.0,3900.0,3900.0,0.0
2019-04-22 09:00:00+00:00,3900.0,3937.5,3825.0,3875.0,69981800.0
2019-04-23 09:00:00+00:00,3850.0,3887.5,3837.5,3837.5,65384600.0
2019-04-24 09:00:00+00:00,3850.0,3862.5,3812.5,3837.5,55408400.0
2019-04-25 09:00:00+00:00,3825.0,3837.5,3775.0,3825.0,111185200.0
2019-04-26 09:00:00+00:00,3775.0,3900.0,3737.5,3862.5,150697400.0
2019-04-29 09:00:00+00:00,3850.0,3900.0,3837.5,3887.5,112773000.0
2019-04-30 09:00:00+00:00,3912.5,3937.5,3862.5,3862.5,103243000.0
2019-05-01 09:00:00+00:00,3862.5,3862.5,3862.5,3862.5,0.0
2019-05-02 09:00:00+00:00,3850.0,3862.5,3812.5,3850.0,68943800.0
2019-05-03 09:00:00+00:00,3850.0,3850.0,3787.5,3825.0,60141600.0
2019-05-06 09:00:00+00:00,3750.0,3787.5,3662.5,3762.5,100956600.0
2019-05-07 09:00:00+00:00,3837.5,3837.5,3775.0,3825.0,68861800.0
2019-05-08 09:00:00+00:00,3750.0,3787.5,3725.0,3762.5,79916800.0
2019-05-09 09:00:00+00:00,3725.0,3787.5,3725.0,3750.0,90947000.0
2019-05-10 09:00:00+00:00,3775.0,3787.5,3687.5,3737.5,65009400.0
2019-05-13 09:00:00+00:00,3787.5,3825.0,3750.0,3762.5,83342800.0
2019-05-14 09:00:00+00:00,3725.0,3762.5,3700.0,3725.0,85983800.0
2019-05-15 09:00:00+00:00,3762.5,3800.0,3712.5,3712.5,112972400.0
2019-05-16 09:00:00+00:00,3675.0,3725.0,3625.0,3675.0,86481000.0
2019-05-17 09:00:00+00:00,3750.0,3750.0,3537.5,3537.5,59716600.0
2019-05-20 09:00:00+00:00,3500.0,3637.5,3487.5,3612.5,93447200.0
2019-05-21 09:00:00+00:00,3637.5,3675.0,3537.5,3625.0,128877200.0
2019-05-22 09:00:00+00:00,3662.5,3700.0,3612.5,3650.0,88253000.0
2019-05-23 09:00:00+00:00,3675.0,3800.0,3662.5,3787.5,65668800.0
2019-05-24 09:00:00+00:00,3800.0,3887.5,3787.5,3850.0,99151200.0
2019-05-27 09:00:00+00:00,3800.0,3862.5,3762.5,3862.5,144611000.0
2019-05-28 09:00:00+00:00,3850.0,3850.0,3675.0,3687.5,298780800.0
2019-05-29 09:00:00+00:00,3725.0,3775.0,3700.0,3775.0,89397400.0
2019-05-30 09:00:00+00:00,3775.0,3775.0,3775.0,3775.0,0.0
2019-05-31 09:00:00+00:00,3800.0,3887.5,3775.0,3837.5,173453000.0
2019-06-03 09:00:00+00:00,3837.5,3837.5,3837.5,3837.5,0.0
2019-06-04 09:00:00+00:00,3837.5,3837.5,3837.5,3837.5,0.0
2019-06-05 09:00:00+00:00,3837.5,3837.5,3837.5,3837.5,0.0
2019-06-06 09:00:00+00:00,3837.5,3837.5,3837.5,3837.5,0.0
2019-06-07 09:00:00+00:00,3837.5,3837.5,3837.5,3837.5,0.0
2019-06-10 09:00:00+00:00,3925.0,3975.0,3912.5,3925.0,208042400.0
2019-06-11 09:00:00+00:00,3937.5,3950.0,3900.0,3937.5,107140400.0
2019-06-12 09:00:00+00:00,3950.0,3950.0,3900.0,3937.5,69330800.0
2019-06-13 09:00:00+00:00,3937.5,3950.0,3850.0,3912.5,63482400.0
2019-06-14 09:00:00+00:00,3937.5,3937.5,3900.0,3912.5,61672200.0
2019-06-17 09:00:00+00:00,3950.0,3950.0,3900.0,3900.0,47269400.0
2019-06-18 09:00:00+00:00,3887.5,3937.5,3887.5,3925.0,104106200.0
2019-06-19 09:00:00+00:00,3950.0,4000.0,3937.5,3987.5,156615200.0
2019-06-20 09:00:00+00:00,4000.0,4025.0,3962.5,3975.0,93589200.0
2019-06-21 09:00:00+00:00,4000.0,4012.5,3950.0,3987.5,145919600.0
2019-06-24 09:00:00+00:00,3950.0,4012.5,3950.0,3987.5,70252200.0
2019-06-25 09:00:00+00:00,4012.5,4012.5,3962.5,3975.0,59303200.0
2019-06-26 09:00:00+00:00,3925.0,4000.0,3925.0,3975.0,72115200.0
2019-06-27 09:00:00+00:00,3987.5,4025.0,3987.5,4000.0,63152000.0
2019-06-28 09:00:00+00:00,4012.5,4025.0,3987.5,4012.5,61888000.0
2019-07-01 09:00:00+00:00,4025.0,4037.5,3987.5,4000.0,61455600.0
2019-07-02 09:00:00+00:00,4025.0,4025.0,3987.5,4012.5,64875600.0
2019-07-03 09:00:00+00:00,3975.0,4012.5,3975.0,4012.5,93933600.0
2019-07-04 09:00:00+00:00,4025.0,4025.0,4000.0,4012.5,31578600.0
2019-07-05 09:00:00+00:00,3962.5,4012.5,3862.5,3912.5,186756200.0
2019-07-08 09:00:00+00:00,3875.0,3937.5,3862.5,3937.5,105905600.0
2019-07-09 09:00:00+00:00,3912.5,3962.5,3900.0,3950.0,88590800.0
2019-07-10 09:00:00+00:00,3975.0,4000.0,3962.5,3975.0,100964600.0
2019-07-11 09:00:00+00:00,4012.5,4025.0,3987.5,4000.0,70231200.0
2019-07-12 09:00:00+00:00,4025.0,4062.5,4012.5,4037.5,73474000.0
2019-07-15 09:00:00+00:00,4075.0,4087.5,4050.0,4075.0,89444800.0
2019-07-16 09:00:00+00:00,4037.5,4062.5,3987.5,4037.5,146626400.0
2019-07-17 09:00:00+00:00,4000.0,4025.0,3975.0,3987.5,128231000.0
2019-07-18 09:00:00+00:00,3950.0,3975.0,3912.5,3925.0,142262000.0
2019-07-19 09:00:00+00:00,3900.0,3950.0,3900.0,3937.5,104530000.0
2019-07-22 09:00:00+00:00,3900.0,3912.5,3875.0,3887.5,82851000.0
2019-07-23 09:00:00+00:00,3912.5,3925.0,3850.0,3850.0,74981800.0
2019-07-24 09:00:00+00:00,3850.0,3912.5,3850.0,3850.0,65565800.0
2019-07-25 09:00:00+00:00,3862.5,3900.0,3850.0,3900.0,77462000.0
2019-07-26 09:00:00+00:00,3825.0,3887.5,3812.5,3875.0,62727400.0
2019-07-29 09:00:00+00:00,3912.5,3912.5,3837.5,3900.0,55206400.0
2019-07-30 09:00:00+00:00,3900.0,3987.5,3862.5,3975.0,87075600.0
2019-07-31 09:00:00+00:00,3937.5,3987.5,3900.0,3987.5,59008800.0
2019-08-01 09:00:00+00:00,3937.5,3950.0,3862.5,3887.5,96731000.0
2019-08-02 09:00:00+00:00,3850.0,3875.0,3800.0,3837.5,103727000.0
2019-08-05 09:00:00+00:00,3800.0,3825.0,3662.5,3712.5,129862600.0
2019-08-06 09:00:00+00:00,3650.0,3700.0,3550.0,3625.0,157132400.0
2019-08-07 09:00:00+00:00,3637.5,3700.0,3637.5,3675.0,103932800.0
2019-08-08 09:00:00+00:00,3725.0,3762.5,3675.0,3750.0,85711800.0
2019-08-09 09:00:00+00:00,3750.0,3775.0,3725.0,3725.0,39017600.0
2019-08-12 09:00:00+00:00,3750.0,3750.0,3675.0,3700.0,69256600.0
2019-08-13 09:00:00+00:00,3775.0,3775.0,3650.0,3675.0,68067800.0
2019-08-14 09:00:00+00:00,3750.0,3762.5,3675.0,3750.0,107613000.0
2019-08-15 09:00:00+00:00,3675.0,3700.0,3650.0,3700.0,57456400.0
2019-08-16 09:00:00+00:00,3700.0,3712.5,3662.5,3687.5,47693000.0
2019-08-19 09:00:00+00:00,3725.0,3725.0,3662.5,3675.0,38551200.0
2019-08-20 09:00:00+00:00,3712.5,3725.0,3650.0,3687.5,75396200.0
2019-08-21 09:00:00+00:00,3662.5,3675.0,3612.5,3612.5,49841400.0
2019-08-22 09:00:00+00:00,3650.0,3662.5,3575.0,3612.5,77652800.0
2019-08-23 09:00:00+00:00,3625.0,3625.0,3575.0,3587.5,44535800.0
2019-08-26 09:00:00+00:00,3550.0,3550.0,3500.0,3525.0,78614600.0
2019-08-27 09:00:00+00:00,3525.0,3562.5,3512.5,3512.5,153201600.0
2019-08-28 09:00:00+00:00,3512.5,3550.0,3475.0,3525.0,96082400.0
2019-08-29 09:00:00+00:00,3525.0,3550.0,3512.5,3537.5,63748800.0
2019-08-30 09:00:00+00:00,3562.5,3625.0,3537.5,3625.0,106370600.0
2019-09-02 09:00:00+00:00,3612.5,3612.5,3562.5,3587.5,37622200.0
2019-09-03 09:00:00+00:00,3587.5,3600.0,3412.5,3450.0,96998200.0
2019-09-04 09:00:00+00:00,3487.5,3487.5,3425.0,3462.5,74434600.0
2019-09-05 09:00:00+00:00,3500.0,3512.5,3462.5,3487.5,78642800.0
2019-09-06 09:00:00+00:00,3512.5,3575.0,3487.5,3525.0,88646000.0
2019-09-09 09:00:00+00:00,3537.5,3537.5,3462.5,3487.5,55841400.0
2019-09-10 09:00:00+00:00,3450.0,3525.0,3450.0,3525.0,52070400.0
2019-09-11 09:00:00+00:00,3500.0,3575.0,3475.0,3575.0,80777800.0
2019-09-12 09:00:00+00:00,3625.0,3662.5,3550.0,3575.0,84564600.0
2019-09-13 09:00:00+00:00,3612.5,3625.0,3562.5,3600.0,28700200.0
2019-09-16 09:00:00+00:00,3525.0,3550.0,3462.5,3500.0,66615800.0
2019-09-17 09:00:00+00:00,3462.5,3550.0,3462.5,3487.5,70992200.0
2019-09-18 09:00:00+00:00,3537.5,3600.0,3525.0,3600.0,53708400.0
2019-09-19 09:00:00+00:00,3587.5,3587.5,3537.5,3550.0,35941600.0
2019-09-20 09:00:00+00:00,3550.0,3575.0,3487.5,3537.5,104743400.0
2019-09-23 09:00:00+00:00,3525.0,3550.0,3475.0,3500.0,49012600.0
2019-09-24 09:00:00+00:00,3462.5,3487.5,3425.0,3475.0,52110000.0
2019-09-25 09:00:00+00:00,3487.5,3500.0,3437.5,3450.0,37565400.0
2019-09-26 09:00:00+00:00,3500.0,3550.0,3475.0,3550.0,45471400.0
2019-09-27 09:00:00+00:00,3500.0,3525.0,3475.0,3487.5,44329400.0
2019-09-30 09:00:00+00:00,3450.0,3487.5,3450.0,3487.5,58294000.0
2019-10-01 09:00:00+00:00,3450.0,3525.0,3450.0,3450.0,31243400.0
2019-10-02 09:00:00+00:00,3437.5,3475.0,3250.0,3262.5,129586200.0
2019-10-03 09:00:00+00:00,3262.5,3262.5,3137.5,3200.0,146789000.0
2019-10-04 09:00:00+00:00,3225.0,3262.5,3162.5,3200.0,69121800.0
2019-10-07 09:00:00+00:00,3237.5,3237.5,3162.5,3175.0,36656400.0
2019-10-08 09:00:00+00:00,3175.0,3250.0,3175.0,3250.0,104992000.0
2019-10-09 09:00:00+00:00,3225.0,3237.5,3200.0,3212.5,55131400.0
2019-10-10 09:00:00+00:00,3212.5,3300.0,3212.5,3262.5,120255400.0
2019-10-11 09:00:00+00:00,3250.0,3325.0,3237.5,3275.0,96816400.0
2019-10-14 09:00:00+00:00,3312.5,3337.5,3250.0,3300.0,65272800.0
2019-10-15 09:00:00+00:00,3275.0,3300.0,3250.0,3287.5,94139600.0
2019-10-16 09:00:00+00:00,3300.0,3325.0,3275.0,3312.5,118973800.0
2019-10-17 09:00:00+00:00,3312.5,3350.0,3312.5,3350.0,150037800.0
2019-10-18 09:00:00+00:00,3337.5,3437.5,3325.0,3387.5,117544400.0
2019-10-21 09:00:00+00:00,3400.0,3412.5,3350.0,3400.0,83622800.0
2019-10-22 09:00:00+00:00,3425.0,3425.0,3375.0,3412.5,62050200.0
2019-10-23 09:00:00+00:00,3412.5,3550.0,3375.0,3537.5,98440400.0
2019-10-24 09:00:00+00:00,3562.5,3625.0,3537.5,3612.5,132797200.0
2019-10-25 09:00:00+00:00,3637.5,3637.5,3487.5,3500.0,105735200.0
2019-10-28 09:00:00+00:00,3500.0,3537.5,3462.5,3500.0,46389600.0
2019-10-29 09:00:00+00:00,3550.0,3575.0,3500.0,3550.0,91735400.0
2019-10-30 09:00:00+00:00,3537.5,3537.5,3487.5,3512.5,47667200.0
2019-10-31 09:00:00+00:00,3525.0,3525.0,3450.0,3512.5,78160000.0
2019-11-01 09:00:00+00:00,3512.5,3512.5,3462.5,3487.5,24366800.0
2019-11-04 09:00:00+00:00,3500.0,3512.5,3437.5,3437.5,56584800.0
2019-11-05 09:00:00+00:00,3475.0,3600.0,3462.5,3600.0,94253000.0
2019-11-06 09:00:00+00:00,3587.5,3600.0,3412.5,3487.5,113175200.0
2019-11-07 09:00:00+00:00,3512.5,3512.5,3387.5,3500.0,78753600.0
2019-11-08 09:00:00+00:00,3487.5,3575.0,3425.0,3550.0,76355000.0
2019-11-11 09:00:00+00:00,3537.5,3550.0,3487.5,3525.0,45212000.0
2019-11-12 09:00:00+00:00,3500.0,3550.0,3462.5,3512.5,52900800.0
2019-11-13 09:00:00+00:00,3500.0,3500.0,3387.5,3437.5,75148400.0
2019-11-14 09:00:00+00:00,3437.5,3450.0,3350.0,3437.5,66698600.0
2019-11-15 09:00:00+00:00,3462.5,3512.5,3462.5,3475.0,47017200.0
2019-11-18 09:00:00+00:00,3475.0,3512.5,3437.5,3487.5,61287000.0
2019-11-19 09:00:00+00:00,3512.5,3575.0,3475.0,3575.0,67006200.0
2019-11-20 09:00:00+00:00,3575.0,3600.0,3525.0,3550.0,46727600.0
2019-11-21 09:00:00+00:00,3500.0,3600.0,3475.0,3587.5,60944600.0
2019-11-22 09:00:00+00:00,3550.0,3587.5,3525.0,3537.5,40452800.0
2019-11-25 09:00:00+00:00,3500.0,3525.0,3462.5,3487.5,47676200.0
2019-11-26 09:00:00+00:00,3500.0,3525.0,3450.0,3462.5,173533200.0
2019-11-27 09:00:00+00:00,3412.5,3487.5,3400.0,3450.0,72928800.0
2019-11-28 09:00:00+00:00,3425.0,3450.0,3387.5,3387.5,56275200.0
2019-11-29 09:00:00+00:00,3387.5,3500.0,3387.5,3487.5,53250600.0
2019-12-02 09:00:00+00:00,3487.5,3575.0,3462.5,3550.0,74561000.0
2019-12-03 09:00:00+00:00,3525.0,3587.5,3512.5,3587.5,79039000.0
2019-12-04 09:00:00+00:00,3537.5,3575.0,3525.0,3537.5,65802200.0
2019-12-05 09:00:00+00:00,3550.0,3600.0,3537.5,3587.5,74217800.0
2019-12-06 09:00:00+00:00,3600.0,3612.5,3562.5,3587.5,53720600.0
2019-12-09 09:00:00+00:00,3600.0,3650.0,3600.0,3625.0,72098600.0
2019-12-10 09:00:00+00:00,3600.0,3700.0,3600.0,3687.5,132230000.0
2019-12-11 09:00:00+00:00,3675.0,3700.0,3662.5,3675.0,68454200.0
2019-12-12 09:00:00+00:00,3662.5,3725.0,3637.5,3650.0,79738600.0
2019-12-13 09:00:00+00:00,3700.0,3725.0,3675.0,3687.5,127472400.0
2019-12-16 09:00:00+00:00,3675.0,3712.5,3675.0,3675.0,96037400.0
2019-12-17 09:00:00+00:00,3675.0,3700.0,3662.5,3675.0,100790000.0
2019-12-18 09:00:00+00:00,3675.0,3775.0,3662.5,3762.5,123281600.0
2019-12-19 09:00:00+00:00,3762.5,3800.0,3737.5,3800.0,112903200.0
2019-12-20 09:00:00+00:00,3775.0,3850.0,3775.0,3850.0,150472200.0
2019-12-23 09:00:00+00:00,3900.0,3900.0,3837.5,3862.5,131246800.0
2019-12-26 09:00:00+00:00,3887.5,3912.5,3875.0,3900.0,140936400.0
2019-12-27 09:00:00+00:00,3912.5,3912.5,3862.5,3875.0,58182800.0
2019-12-30 09:00:00+00:00,3862.5,3900.0,3825.0,3837.5,78005800.0
2020-01-02 09:00:00+00:00,3837.5,3887.5,3825.0,3875.0,37379800.0
2020-01-03 09:00:00+00:00,3875.0,3912.5,3812.5,3862.5,70294600.0
2020-01-06 09:00:00+00:00,3825.0,3837.5,3762.5,3800.0,61892000.0
2020-01-07 09:00:00+00:00,3862.5,3862.5,3787.5,3800.0,70895600.0
2020-01-08 09:00:00+00:00,3775.0,3775.0,3687.5,3750.0,105080600.0
2020-01-09 09:00:00+00:00,3775.0,3862.5,3762.5,3850.0,75587000.0
2020-01-10 09:00:00+00:00,3850.0,3862.5,3825.0,3862.5,64231800.0
2020-01-13 09:00:00+00:00,3862.5,3875.0,3825.0,3862.5,75399600.0
2020-01-14 09:00:00+00:00,3900.0,3900.0,3850.0,3875.0,104134400.0
2020-01-15 09:00:00+00:00,3875.0,3900.0,3800.0,3825.0,89795200.0
2020-01-16 09:00:00+00:00,3800.0,3837.5,3762.5,3775.0,145432200.0
2020-01-17 09:00:00+00:00,3787.5,3875.0,3762.5,3862.5,130500200.0
2020-01-20 09:00:00+00:00,3900.0,3900.0,3800.0,3812.5,24031800.0
2020-01-21 09:00:00+00:00,3875.0,3875.0,3812.5,3850.0,39166600.0
2020-01-22 09:00:00+00:00,3875.0,3925.0,3862.5,3900.0,122175200.0
2020-01-23 09:00:00+00:00,3900.0,3912.5,3850.0,3887.5,83127800.0
2020-01-24 09:00:00+00:00,3912.5,4000.0,3862.5,3962.5,154702000.0
2020-01-27 09:00:00+00:00,3975.0,3987.5,3850.0,3862.5,98280000.0
2020-01-28 09:00:00+00:00,3825.0,3912.5,3800.0,3875.0,69349600.0
2020-01-29 09:00:00+00:00,3912.5,3962.5,3887.5,3900.0,109661000.0
2020-01-30 09:00:00+00:00,3900.0,3912.5,3800.0,3825.0,85395600.0
2020-01-31 09:00:00+00:00,3837.5,3850.0,3725.0,3775.0,157661000.0
2020-02-03 09:00:00+00:00,3700.0,3787.5,3675.0,3750.0,87271800.0
2020-02-04 09:00:00+00:00,3800.0,3837.5,3750.0,3762.5,138857400.0
2020-02-05 09:00:00+00:00,3800.0,3850.0,3775.0,3850.0,130211200.0
2020-02-06 09:00:00+00:00,3900.0,3925.0,3837.5,3850.0,111029400.0
2020-02-07 09:00:00+00:00,3837.5,3875.0,3837.5,3862.5,86438600.0
2020-02-10 09:00:00+00:00,3850.0,3875.0,3800.0,3862.5,78553800.0
2020-02-11 09:00:00+00:00,3862.5,3912.5,3837.5,3887.5,98520200.0
2020-02-12 09:00:00+00:00,3912.5,3950.0,3887.5,3900.0,104678800.0
2020-02-13 09:00:00+00:00,3912.5,3975.0,3900.0,3925.0,87904000.0
2020-02-14 09:00:00+00:00,3875.0,3925.0,3875.0,3912.5,41345200.0
2020-02-17 09:00:00+00:00,3925.0,3937.5,3900.0,3925.0,29816600.0
2020-02-18 09:00:00+00:00,3900.0,3925.0,3900.0,3912.5,65442000.0
2020-02-19 09:00:00+00:00,3925.0,3975.0,3900.0,3975.0,121614200.0
2020-02-20 09:00:00+00:00,4012.5,4025.0,3962.5,4000.0,114537600.0
2020-02-21 09:00:00+00:00,3975.0,4000.0,3912.5,3950.0,91798000.0
2020-02-24 09:00:00+00:00,3900.0,3912.5,3825.0,3887.5,128768800.0
2020-02-25 09:00:00+00:00,3887.5,3950.0,3850.0,3900.0,105951800.0
2020-02-26 09:00:00+00:00,3875.0,3875.0,3825.0,3825.0,198171000.0
2020-02-27 09:00:00+00:00,3825.0,3850.0,3625.0,3675.0,223088600.0
2020-02-28 09:00:00+00:00,3375.0,3637.5,3275.0,3637.5,188868200.0
2020-03-02 09:00:00+00:00,3575.0,3625.0,3475.0,3475.0,101550200.0
2020-03-03 09:00:00+00:00,3550.0,3675.0,3512.5,3600.0,96445200.0
2020-03-04 09:00:00+00:00,3625.0,3750.0,3612.5,3737.5,92555400.0
2020-03-05 09:00:00+00:00,3775.0,3825.0,3750.0,3800.0,104748600.0
2020-03-06 09:00:00+00:00,3700.0,3700.0,3612.5,3625.0,72311200.0
2020-03-09 09:00:00+00:00,3500.0,3500.0,3287.5,3287.5,113132400.0
2020-03-10 09:00:00+00:00,3325.0,3500.0,3325.0,3437.5,114052000.0
2020-03-11 09:00:00+00:00,3462.5,3525.0,3312.5,3412.5,97168800.0
2020-03-12 09:00:00+00:00,3237.5,3337.5,3112.5,3212.5,91578200.0
2020-03-13 09:00:00+00:00,3100.0,3237.5,3000.0,3175.0,238623800.0
2020-03-16 09:00:00+00:00,3175.0,3175.0,3175.0,3175.0,0.0
2020-03-17 09:00:00+00:00,2962.5,2962.5,2762.5,2762.5,186380400.0
2020-03-18 09:00:00+00:00,2800.0,2825.0,2575.0,2575.0,215103400.0
2020-03-19 09:00:00+00:00,2500.0,2500.0,2395.0,2395.0,167876200.0
2020-03-20 09:00:00+00:00,2370.0,2370.0,2230.0,2230.0,478236600.0
2020-03-23 09:00:00+00:00,2175.0,2175.0,2075.0,2075.0,59985800.0
2020-03-24 09:00:00+00:00,2075.0,2115.0,1930.0,1930.0,237296200.0
2020-03-26 09:00:00+00:00,1900.0,2290.0,1890.0,2235.0,386557200.0
2020-03-27 09:00:00+00:00,2255.0,2612.5,2250.0,2470.0,396812000.0
2020-03-30 09:00:00+00:00,2420.0,2420.0,2300.0,2300.0,39766600.0
2020-03-31 09:00:00+00:00,2325.0,2410.0,2225.0,2340.0,208047600.0
2020-04-01 09:00:00+00:00,2325.0,2440.0,2220.0,2305.0,152367000.0
2020-04-02 09:00:00+00:00,2285.0,2375.0,2180.0,2375.0,132225200.0
2020-04-03 09:00:00+00:00,2400.0,2512.5,2400.0,2512.5,105225600.0
2020-04-06 09:00:00+00:00,2512.5,2612.5,2450.0,2600.0,113980400.0
2020-04-07 09:00:00+00:00,2700.0,2800.0,2485.0,2562.5,191464600.0
2020-04-08 09:00:00+00:00,2587.5,2587.5,2385.0,2385.0,155834800.0
2020-04-09 09:00:00+00:00,2400.0,2450.0,2305.0,2335.0,163570800.0
2020-04-13 09:00:00+00:00,2340.0,2340.0,2235.0,2235.0,115331000.0
2020-04-14 09:00:00+00:00,2240.0,2320.0,2200.0,2285.0,132848000.0
2020-04-15 09:00:00+00:00,2320.0,2345.0,2200.0,2200.0,124661000.0
2020-04-16 09:00:00+00:00,2200.0,2200.0,2075.0,2105.0,215224000.0
2020-04-17 09:00:00+00:00,2110.0,2210.0,2110.0,2190.0,163407600.0
2020-04-20 09:00:00+00:00,2225.0,2265.0,2135.0,2185.0,120672000.0
2020-04-21 09:00:00+00:00,2185.0,2205.0,2125.0,2175.0,92203200.0
2020-04-22 09:00:00+00:00,2165.0,2250.0,2125.0,2245.0,126786800.0
2020-04-23 09:00:00+00:00,2245.0,2285.0,2240.0,2250.0,115336400.0
2020-04-24 09:00:00+00:00,2250.0,2250.0,2140.0,2140.0,131631400.0
2020-04-27 09:00:00+00:00,2155.0,2175.0,2045.0,2075.0,205382600.0
2020-04-28 09:00:00+00:00,2095.0,2120.0,2035.0,2075.0,157370600.0
2020-04-29 09:00:00+00:00,2100.0,2110.0,2000.0,2000.0,192650200.0
2020-04-30 09:00:00+00:00,2035.0,2240.0,2030.0,2230.0,229509600.0
2020-05-04 09:00:00+00:00,2230.0,2230.0,2120.0,2145.0,80572600.0
2020-05-05 09:00:00+00:00,2150.0,2200.0,2080.0,2110.0,185282400.0
2020-05-06 09:00:00+00:00,2125.0,2130.0,2080.0,2080.0,138733000.0
2020-05-08 09:00:00+00:00,2100.0,2155.0,2090.0,2100.0,127482200.0
2020-05-11 09:00:00+00:00,2140.0,2140.0,2095.0,2115.0,83552200.0
2020-05-12 09:00:00+00:00,2115.0,2115.0,2000.0,2005.0,188578000.0
2020-05-13 09:00:00+00:00,1995.0,2025.0,1950.0,2005.0,134821600.0
2020-05-14 09:00:00+00:00,1985.0,2005.0,1950.0,1975.0,141388800.0
2020-05-15 09:00:00+00:00,1975.0,1995.0,1840.0,1880.0,227234200.0
2020-05-18 09:00:00+00:00,1900.0,1900.0,1830.0,1860.0,158710600.0
2020-05-19 09:00:00+00:00,1880.0,2000.0,1880.0,1930.0,199655000.0
2020-05-20 09:00:00+00:00,1925.0,2060.0,1915.0,2035.0,237644400.0
2020-05-26 09:00:00+00:00,2065.0,2080.0,2030.0,2050.0,180545000.0
2020-05-27 09:00:00+00:00,2075.0,2100.0,2005.0,2055.0,124329600.0
2020-05-28 09:00:00+00:00,2075.0,2170.0,2075.0,2145.0,265460200.0
2020-05-29 09:00:00+00:00,2145.0,2245.0,2125.0,2235.0,350546800.0
2020-06-02 09:00:00+00:00,2275.0,2495.0,2265.0,2310.0,207635400.0
2020-06-03 09:00:00+00:00,2335.0,2475.0,2295.0,2430.0,296607800.0
2020-06-04 09:00:00+00:00,2450.0,2500.0,2360.0,2365.0,169836200.0
2020-06-05 09:00:00+00:00,2365.0,2435.0,2300.0,2425.0,185391000.0
2020-06-08 09:00:00+00:00,2500.0,2662.5,2475.0,2625.0,292605200.0
2020-06-09 09:00:00+00:00,2650.0,2725.0,2575.0,2637.5,147413600.0
2020-06-10 09:00:00+00:00,2600.0,2612.5,2455.0,2455.0,289644200.0
2020-06-11 09:00:00+00:00,2400.0,2435.0,2285.0,2345.0,364783800.0
2020-06-12 09:00:00+00:00,2295.0,2450.0,2215.0,2445.0,289959400.0
2020-06-15 09:00:00+00:00,2425.0,2455.0,2345.0,2360.0,169814600.0
2020-06-16 09:00:00+00:00,2410.0,2525.0,2410.0,2512.5,146116600.0
2020-06-17 09:00:00+00:00,2550.0,2600.0,2445.0,2450.0,213944600.0
2020-06-18 09:00:00+00:00,2420.0,2485.0,2390.0,2410.0,152175200.0
2020-06-19 09:00:00+00:00,2440.0,2475.0,2410.0,2440.0,126356800.0
2020-06-22 09:00:00+00:00,2440.0,2455.0,2400.0,2405.0,66825000.0
2020-06-23 09:00:00+00:00,2425.0,2425.0,2345.0,2395.0,95010400.0
2020-06-24 09:00:00+00:00,2445.0,2600.0,2445.0,2575.0,278417000.0
2020-06-25 09:00:00+00:00,2537.5,2600.0,2470.0,2512.5,146123000.0
2020-06-26 09:00:00+00:00,2562.5,2575.0,2490.0,2500.0,85829000.0
2020-06-29 09:00:00+00:00,2490.0,2500.0,2435.0,2470.0,99123000.0
2020-06-30 09:00:00+00:00,2512.5,2525.0,2475.0,2475.0,113994400.0
2020-07-01 09:00:00+00:00,2500.0,2512.5,2455.0,2495.0,67747600.0
2020-07-02 09:00:00+00:00,2490.0,2512.5,2480.0,2500.0,80606600.0
2020-07-03 09:00:00+00:00,2480.0,2537.5,2450.0,2500.0,57839800.0
2020-07-06 09:00:00+00:00,2500.0,2575.0,2500.0,2537.5,90019000.0
2020-07-07 09:00:00+00:00,2562.5,2575.0,2525.0,2525.0,80447600.0
2020-07-08 09:00:00+00:00,2525.0,2675.0,2512.5,2637.5,149466800.0
2020-07-09 09:00:00+00:00,2675.0,2700.0,2600.0,2625.0,98277200.0
2020-07-10 09:00:00+00:00,2625.0,2637.5,2562.5,2587.5,77850000.0
2020-07-13 09:00:00+00:00,2625.0,2662.5,2612.5,2625.0,72688200.0
2020-07-14 09:00:00+00:00,2650.0,2662.5,2600.0,2650.0,78259800.0
2020-07-15 09:00:00+00:00,2675.0,2712.5,2625.0,2637.5,60755400.0
2020-07-16 09:00:00+00:00,2637.5,2675.0,2625.0,2637.5,43859400.0
2020-07-17 09:00:00+00:00,2637.5,2650.0,2587.5,2587.5,60177000.0
2020-07-20 09:00:00+00:00,2587.5,2612.5,2525.0,2550.0,52111600.0
2020-07-21 09:00:00+00:00,2575.0,2725.0,2537.5,2650.0,145051400.0
2020-07-22 09:00:00+00:00,2687.5,2762.5,2650.0,2712.5,119245000.0
2020-07-23 09:00:00+00:00,2737.5,2887.5,2712.5,2850.0,145829600.0
2020-07-24 09:00:00+00:00,2850.0,2850.0,2775.0,2800.0,66603400.0
2020-07-27 09:00:00+00:00,2812.5,2937.5,2775.0,2937.5,58848200.0
2020-07-28 09:00:00+00:00,2950.0,3000.0,2887.5,2925.0,74524600.0
2020-07-29 09:00:00+00:00,2925.0,2925.0,2837.5,2850.0,69737200.0
2020-07-30 09:00:00+00:00,2862.5,2900.0,2812.5,2900.0,52644600.0
2020-08-03 09:00:00+00:00,2925.0,2937.5,2725.0,2750.0,259720800.0
2020-08-04 09:00:00+00:00,2762.5,2800.0,2725.0,2787.5,89173800.0
2020-08-05 09:00:00+00:00,2775.0,2850.0,2725.0,2850.0,133844600.0
2020-08-06 09:00:00+00:00,2850.0,2937.5,2850.0,2887.5,90911200.0
2020-08-07 09:00:00+00:00,2850.0,2900.0,2812.5,2900.0,57228800.0
2020-08-10 09:00:00+00:00,2900.0,2912.5,2825.0,2900.0,50162400.0
2020-08-11 09:00:00+00:00,2912.5,3050.0,2900.0,2987.5,117978200.0
2020-08-12 09:00:00+00:00,3000.0,3137.5,2975.0,3075.0,92910400.0
2020-08-13 09:00:00+00:00,3125.0,3125.0,3025.0,3025.0,85989200.0
2020-08-14 09:00:00+00:00,3037.5,3050.0,2975.0,3012.5,66653400.0
2020-08-18 09:00:00+00:00,3012.5,3112.5,3012.5,3075.0,115981200.0
2020-08-19 09:00:00+00:00,3087.5,3125.0,3037.5,3050.0,64511800.0
2020-08-24 09:00:00+00:00,3025.0,3087.5,2962.5,3000.0,132486400.0
2020-08-25 09:00:00+00:00,3025.0,3137.5,3025.0,3125.0,132365800.0
2020-08-26 09:00:00+00:00,3125.0,3175.0,3087.5,3175.0,78703400.0
2020-08-27 09:00:00+00:00,3175.0,3175.0,3100.0,3150.0,93450200.0
2020-08-28 09:00:00+00:00,3137.5,3175.0,3100.0,3112.5,75655000.0
2020-08-31 09:00:00+00:00,3112.5,3150.0,2950.0,2975.0,222818800.0
2020-09-01 09:00:00+00:00,2987.5,3062.5,2937.5,3062.5,85330800.0
2020-09-02 09:00:00+00:00,3062.5,3100.0,3025.0,3037.5,93203600.0
2020-09-03 09:00:00+00:00,3037.5,3075.0,2975.0,2987.5,129014800.0
2020-09-04 09:00:00+00:00,2975.0,2987.5,2925.0,2962.5,106844400.0
2020-09-07 09:00:00+00:00,2962.5,2975.0,2887.5,2925.0,100673600.0
2020-09-08 09:00:00+00:00,2950.0,3000.0,2937.5,2987.5,60346000.0
2020-09-09 09:00:00+00:00,2950.0,2950.0,2875.0,2887.5,98282200.0
2020-09-10 09:00:00+00:00,2762.5,2762.5,2687.5,2687.5,172775200.0
2020-09-11 09:00:00+00:00,2525.0,2762.5,2525.0,2737.5,271155800.0
2020-09-14 09:00:00+00:00,2737.5,2887.5,2737.5,2875.0,143569800.0
2020-09-15 09:00:00+00:00,2875.0,2912.5,2800.0,2837.5,128927400.0
2020-09-16 09:00:00+00:00,2875.0,2875.0,2812.5,2825.0,57936000.0
2020-09-17 09:00:00+00:00,2800.0,2875.0,2762.5,2787.5,76432000.0
2020-09-18 09:00:00+00:00,2787.5,2837.5,2750.0,2787.5,91596600.0
2020-09-21 09:00:00+00:00,2787.5,2812.5,2700.0,2737.5,52930000.0
2020-09-22 09:00:00+00:00,2650.0,2712.5,2637.5,2650.0,113596600.0
2020-09-23 09:00:00+00:00,2650.0,2687.5,2562.5,2600.0,84710800.0
2020-09-24 09:00:00+00:00,2525.0,2575.0,2500.0,2537.5,121965000.0
2020-09-25 09:00:00+00:00,2600.0,2675.0,2537.5,2675.0,140455600.0
2020-09-28 09:00:00+00:00,2700.0,2712.5,2575.0,2575.0,99702600.0
2020-09-29 09:00:00+00:00,2600.0,2625.0,2512.5,2537.5,111325600.0
2020-09-30 09:00:00+00:00,2550.0,2575.0,2430.0,2480.0,151529800.0
2020-10-01 09:00:00+00:00,2500.0,2600.0,2490.0,2600.0,78954200.0
2020-10-02 09:00:00+00:00,2587.5,2612.5,2500.0,2600.0,99143400.0
2020-10-05 09:00:00+00:00,2625.0,2687.5,2587.5,2675.0,74300800.0
2020-10-06 09:00:00+00:00,2750.0,2775.0,2725.0,2750.0,89104400.0
2020-10-07 09:00:00+00:00,2700.0,2775.0,2687.5,2775.0,88748600.0
2020-10-08 09:00:00+00:00,2775.0,2787.5,2712.5,2725.0,88763400.0
2020-10-09 09:00:00+00:00,2725.0,2787.5,2725.0,2775.0,90248600.0
2020-10-12 09:00:00+00:00,2787.5,2825.0,2775.0,2812.5,77947000.0
2020-10-13 09:00:00+00:00,2812.5,2837.5,2762.5,2837.5,69863400.0
2020-10-14 09:00:00+00:00,2862.5,2887.5,2812.5,2887.5,109787200.0
2020-10-15 09:00:00+00:00,2850.0,2875.0,2800.0,2800.0,77289200.0
2020-10-16 09:00:00+00:00,2800.0,2825.0,2725.0,2787.5,67817800.0
2020-10-19 09:00:00+00:00,2800.0,2862.5,2787.5,2850.0,58936200.0
2020-10-20 09:00:00+00:00,2862.5,2875.0,2800.0,2825.0,77213200.0
2020-10-21 09:00:00+00:00,2837.5,2862.5,2737.5,2762.5,113901800.0
2020-10-22 09:00:00+00:00,2750.0,2775.0,2700.0,2725.0,138701400.0
2020-10-23 09:00:00+00:00,2762.5,2787.5,2737.5,2775.0,65900200.0
2020-10-26 09:00:00+00:00,2812.5,2925.0,2812.5,2887.5,188574400.0
2020-10-27 09:00:00+00:00,2875.0,2925.0,2850.0,2887.5,112695800.0
2020-11-02 09:00:00+00:00,2837.5,3012.5,2800.0,2987.5,216862800.0
2020-11-03 09:00:00+00:00,2987.5,3000.0,2950.0,3000.0,75963400.0
2020-11-04 09:00:00+00:00,2975.0,3012.5,2850.0,2850.0,152817400.0
2020-11-05 09:00:00+00:00,2937.5,3000.0,2912.5,2987.5,175877400.0
2020-11-06 09:00:00+00:00,2987.5,3050.0,2962.5,3025.0,164219000.0
2020-11-09 09:00:00+00:00,3125.0,3150.0,3025.0,3075.0,122653200.0
2020-11-10 09:00:00+00:00,3200.0,3262.5,3150.0,3187.5,249588800.0
2020-11-11 09:00:00+00:00,3212.5,3250.0,3175.0,3187.5,166490200.0
2020-11-12 09:00:00+00:00,3187.5,3200.0,3050.0,3087.5,136150600.0
2020-11-13 09:00:00+00:00,3050.0,3125.0,3037.5,3125.0,122043800.0
2020-11-16 09:00:00+00:00,3150.0,3225.0,3075.0,3100.0,133917600.0
2020-11-17 09:00:00+00:00,3137.5,3187.5,3100.0,3125.0,106261600.0
2020-11-18 09:00:00+00:00,3075.0,3175.0,3075.0,3175.0,124936000.0
2020-11-19 09:00:00+00:00,3125.0,3175.0,3100.0,3162.5,94808200.0
2020-11-20 09:00:00+00:00,3137.5,3175.0,3125.0,3150.0,100573600.0
2020-11-23 09:00:00+00:00,3150.0,3212.5,3137.5,3200.0,106905400.0
2020-11-24 09:00:00+00:00,3225.0,3250.0,3187.5,3212.5,140929200.0
2020-11-25 09:00:00+00:00,3250.0,3325.0,3250.0,3262.5,197704000.0
2020-11-26 09:00:00+00:00,3300.0,3362.5,3275.0,3362.5,132275400.0
2020-11-27 09:00:00+00:00,3387.5,3400.0,3312.5,3325.0,124346800.0
2020-11-30 09:00:00+00:00,3275.0,3312.5,3112.5,3162.5,307900800.0
2020-12-01 09:00:00+00:00,3162.5,3312.5,3162.5,3262.5,176568000.0
2020-12-02 09:00:00+00:00,3262.5,3325.0,3237.5,3325.0,114721600.0
2020-12-03 09:00:00+00:00,3325.0,3337.5,3262.5,3287.5,155342400.0
2020-12-04 09:00:00+00:00,3250.0,3300.0,3212.5,3300.0,74976000.0
2020-12-07 09:00:00+00:00,3337.5,3375.0,3312.5,3350.0,133585800.0
2020-12-08 09:00:00+00:00,3337.5,3362.5,3300.0,3337.5,70350400.0
2020-12-10 09:00:00+00:00,3387.5,3425.0,3362.5,3400.0,187847000.0
2020-12-11 09:00:00+00:00,3425.0,3437.5,3350.0,3387.5,94541800.0
2020-12-14 09:00:00+00:00,3362.5,3400.0,3337.5,3362.5,94645200.0
2020-12-15 09:00:00+00:00,3350.0,3362.5,3300.0,3350.0,135663800.0
2020-12-16 09:00:00+00:00,3400.0,3412.5,3362.5,3387.5,97361800.0
2020-12-17 09:00:00+00:00,3387.5,3437.5,3387.5,3437.5,109966000.0
2020-12-18 09:00:00+00:00,3400.0,3412.5,3350.0,3350.0,142797800.0
2020-12-21 09:00:00+00:00,3387.5,3400.0,3337.5,3350.0,83174600.0
2020-12-22 09:00:00+00:00,3287.5,3312.5,3175.0,3200.0,165929800.0
2020-12-23 09:00:00+00:00,3250.0,3300.0,3100.0,3175.0,110032400.0
2020-12-28 09:00:00+00:00,3250.0,3287.5,3150.0,3262.5,75527000.0
2020-12-29 09:00:00+00:00,3287.5,3300.0,3200.0,3212.5,57422600.0
2020-12-30 09:00:00+00:00,3262.5,3262.5,3162.5,3162.5,88941400.0
2021-01-04 09:00:00+00:00,3175.0,3262.5,3112.5,3250.0,61058000.0
2021-01-05 09:00:00+00:00,3275.0,3275.0,3200.0,3212.5,69928200.0
2021-01-06 09:00:00+00:00,3212.5,3262.5,3137.5,3212.5,87109000.0
2021-01-07 09:00:00+00:00,3225.0,3262.5,3212.5,3237.5,80114200.0
2021-01-08 09:00:00+00:00,3237.5,3287.5,3225.0,3275.0,93635600.0
2021-01-11 09:00:00+00:00,3287.5,3425.0,3275.0,3425.0,212763000.0
2021-01-12 09:00:00+00:00,3450.0,3500.0,3412.5,3475.0,168626000.0
2021-01-13 09:00:00+00:00,3525.0,3537.5,3462.5,3462.5,107392200.0
2021-01-14 09:00:00+00:00,3525.0,3525.0,3412.5,3425.0,70295000.0
2021-01-15 09:00:00+00:00,3437.5,3462.5,3312.5,3362.5,77235600.0
2021-01-18 09:00:00+00:00,3300.0,3475.0,3300.0,3462.5,119006800.0
2021-01-19 09:00:00+00:00,3500.0,3512.5,3425.0,3487.5,77834600.0
2021-01-20 09:00:00+00:00,3500.0,3725.0,3500.0,3687.5,220934600.0
2021-01-21 09:00:00+00:00,3687.5,3687.5,3600.0,3625.0,82052000.0
2021-01-22 09:00:00+00:00,3637.5,3675.0,3562.5,3600.0,117367200.0
2021-01-25 09:00:00+00:00,3625.0,3650.0,3512.5,3650.0,100647600.0
2021-01-26 09:00:00+00:00,3650.0,3725.0,3625.0,3687.5,206712400.0
2021-01-27 09:00:00+00:00,3700.0,3700.0,3587.5,3650.0,171581400.0
2021-01-28 09:00:00+00:00,3575.0,3625.0,3450.0,3525.0,135745000.0
2021-01-29 09:00:00+00:00,3550.0,3612.5,3287.5,3287.5,334227600.0
2021-02-01 09:00:00+00:00,3325.0,3362.5,3100.0,3350.0,242540200.0
2021-02-02 09:00:00+00:00,3400.0,3400.0,3200.0,3237.5,160482800.0
2021-02-03 09:00:00+00:00,3300.0,3325.0,3225.0,3250.0,167044600.0
2021-02-04 09:00:00+00:00,3287.5,3337.5,3225.0,3287.5,139040400.0
2021-02-05 09:00:00+00:00,3350.0,3350.0,3225.0,3275.0,97199600.0
2021-02-08 09:00:00+00:00,3300.0,3337.5,3275.0,3287.5,125050800.0
2021-02-09 09:00:00+00:00,3300.0,3350.0,3225.0,3250.0,208380400.0
2021-02-10 09:00:00+00:00,3287.5,3287.5,3237.5,3250.0,102693600.0
2021-02-11 09:00:00+00:00,3275.0,3275.0,3250.0,3250.0,35879400.0
2021-02-15 09:00:00+00:00,3275.0,3287.5,3250.0,3250.0,48995200.0
2021-02-16 09:00:00+00:00,3250.0,3275.0,3225.0,3237.5,63202000.0
2021-02-17 09:00:00+00:00,3225.0,3237.5,3150.0,3175.0,117413600.0
2021-02-18 09:00:00+00:00,3125.0,3200.0,3112.5,3125.0,113989000.0
2021-02-19 09:00:00+00:00,3125.0,3200.0,3100.0,3187.5,102020400.0
2021-02-22 09:00:00+00:00,3225.0,3250.0,3187.5,3187.5,107680600.0
2021-02-23 09:00:00+00:00,3150.0,3187.5,3150.0,3162.5,89107800.0
2021-02-24 09:00:00+00:00,3175.0,3200.0,3162.5,3187.5,82498600.0
2021-02-25 09:00:00+00:00,3212.5,3237.5,3137.5,3137.5,133614800.0
2021-02-26 09:00:00+00:00,3087.5,3162.5,3050.0,3075.0,246190600.0
2021-03-01 09:00:00+00:00,3112.5,3300.0,3112.5,3287.5,220785400.0
2021-03-02 09:00:00+00:00,3325.0,3325.0,3250.0,3300.0,163296600.0
2021-03-03 09:00:00+00:00,3337.5,3337.5,3262.5,3300.0,78532200.0
2021-03-04 09:00:00+00:00,3312.5,3325.0,3262.5,3275.0,120612600.0
2021-03-05 09:00:00+00:00,3262.5,3287.5,3225.0,3237.5,87239000.0
2021-03-08 09:00:00+00:00,3275.0,3287.5,3187.5,3212.5,54098000.0
2021-03-09 09:00:00+00:00,3187.5,3262.5,3187.5,3212.5,111838800.0
2021-03-10 09:00:00+00:00,3250.0,3250.0,3225.0,3250.0,51903000.0
2021-03-12 09:00:00+00:00,3275.0,3375.0,3275.0,3362.5,159202400.0
2021-03-15 09:00:00+00:00,3387.5,3387.5,3312.5,3325.0,79922400.0
2021-03-16 09:00:00+00:00,3325.0,3362.5,3250.0,3275.0,112248400.0
2021-03-17 09:00:00+00:00,3300.0,3325.0,3262.5,3262.5,50841200.0
2021-03-18 09:00:00+00:00,3312.5,3425.0,3312.5,3400.0,152427600.0
2021-03-19 09:00:00+00:00,3400.0,3400.0,3350.0,3387.5,150713800.0
2021-03-22 09:00:00+00:00,3375.0,3412.5,3312.5,3312.5,115979200.0
2021-03-23 09:00:00+00:00,3375.0,3375.0,3312.5,3337.5,97289600.0
2021-03-24 09:00:00+00:00,3250.0,3262.5,3200.0,3212.5,115254200.0
2021-03-25 09:00:00+00:00,3225.0,3237.5,3162.5,3200.0,71666600.0
2021-03-26 09:00:00+00:00,3225.0,3237.5,3175.0,3212.5,84478000.0
2021-03-29 09:00:00+00:00,3200.0,3250.0,3187.5,3187.5,79520400.0
2021-03-30 09:00:00+00:00,3200.0,3212.5,3137.5,3162.5,41180600.0
2021-03-31 09:00:00+00:00,3125.0,3162.5,3062.5,3075.0,159155800.0
2021-04-01 09:00:00+00:00,3125.0,3162.5,3075.0,3100.0,77715200.0
2021-04-05 09:00:00+00:00,3150.0,3150.0,3100.0,3112.5,39468400.0
2021-04-06 09:00:00+00:00,3112.5,3150.0,3075.0,3137.5,29650600.0
2021-04-07 09:00:00+00:00,3150.0,3162.5,3125.0,3162.5,46420200.0
2021-04-08 09:00:00+00:00,3125.0,3187.5,3100.0,3137.5,88449600.0
2021-04-09 09:00:00+00:00,3187.5,3275.0,3162.5,3237.5,126420200.0
2021-04-12 09:00:00+00:00,3212.5,3250.0,3137.5,3150.0,48429000.0
2021-04-13 09:00:00+00:00,3100.0,3175.0,3100.0,3150.0,76327000.0
2021-04-14 09:00:00+00:00,3175.0,3200.0,3125.0,3162.5,80914000.0
2021-04-15 09:00:00+00:00,3200.0,3200.0,3112.5,3150.0,68337400.0
2021-04-16 09:00:00+00:00,3175.0,3175.0,3125.0,3150.0,63194400.0
2021-04-19 09:00:00+00:00,3125.0,3137.5,3100.0,3112.5,43598600.0
2021-04-20 09:00:00+00:00,3100.0,3125.0,3087.5,3100.0,63882600.0
2021-04-21 09:00:00+00:00,3075.0,3087.5,3062.5,3062.5,65425600.0
2021-04-22 09:00:00+00:00,3087.5,3112.5,3050.0,3062.5,71452000.0
2021-04-23 09:00:00+00:00,3025.0,3075.0,3012.5,3075.0,104928400.0
2021-04-26 09:00:00+00:00,3050.0,3062.5,2975.0,2987.5,115305000.0
2021-04-27 09:00:00+00:00,2987.5,3037.5,2975.0,3025.0,96850800.0
2021-04-28 09:00:00+00:00,3050.0,3137.5,3050.0,3100.0,161162600.0
2021-04-29 09:00:00+00:00,3112.5,3137.5,3075.0,3112.5,82870600.0
2021-04-30 09:00:00+00:00,3112.5,3125.0,3062.5,3087.5,69941600.0
2021-05-03 09:00:00+00:00,3050.0,3075.0,3000.0,3025.0,65334000.0
2021-05-04 09:00:00+00:00,3025.0,3050.0,2987.5,3050.0,56355200.0
2021-05-05 09:00:00+00:00,3075.0,3075.0,3025.0,3025.0,45851800.0
2021-05-06 09:00:00+00:00,3062.5,3062.5,3012.5,3037.5,37091000.0
2021-05-07 09:00:00+00:00,3062.5,3062.5,2975.0,2975.0,65331800.0
2021-05-10 09:00:00+00:00,3012.5,3012.5,2975.0,2987.5,35481400.0
2021-05-11 09:00:00+00:00,3000.0,3000.0,2925.0,2950.0,69381800.0
2021-05-17 09:00:00+00:00,2987.5,3000.0,2937.5,2962.5,95099800.0
2021-05-18 09:00:00+00:00,2987.5,3000.0,2912.5,2950.0,73965200.0
2021-05-19 09:00:00+00:00,2900.0,2925.0,2812.5,2837.5,98436000.0
2021-05-20 09:00:00+00:00,2825.0,2875.0,2800.0,2825.0,69610000.0
2021-05-21 09:00:00+00:00,2862.5,2950.0,2837.5,2912.5,140453000.0
2021-05-24 09:00:00+00:00,2937.5,2937.5,2875.0,2875.0,54897600.0
2021-05-25 09:00:00+00:00,2887.5,2975.0,2887.5,2950.0,90594400.0
2021-05-27 09:00:00+00:00,3000.0,3000.0,2875.0,2875.0,353889800.0
2021-05-28 09:00:00+00:00,2912.5,2950.0,2887.5,2900.0,78305800.0
2021-05-31 09:00:00+00:00,2937.5,3050.0,2912.5,3000.0,96660000.0
2021-06-02 09:00:00+00:00,3075.0,3100.0,3037.5,3050.0,157335600.0
2021-06-03 09:00:00+00:00,3087.5,3137.5,3062.5,3125.0,86426400.0
2021-06-04 09:00:00+00:00,3125.0,3162.5,3062.5,3062.5,76307800.0
2021-06-07 09:00:00+00:00,3100.0,3100.0,3037.5,3062.5,42514400.0
2021-06-08 09:00:00+00:00,3075.0,3075.0,3000.0,3000.0,57084000.0
2021-06-09 09:00:00+00:00,3037.5,3087.5,3000.0,3075.0,47078600.0
2021-06-10 09:00:00+00:00,3087.5,3125.0,3062.5,3100.0,43543600.0
2021-06-11 09:00:00+00:00,3137.5,3150.0,3112.5,3137.5,77757800.0
2021-06-14 09:00:00+00:00,3150.0,3150.0,3112.5,3137.5,50043400.0
2021-06-15 09:00:00+00:00,3150.0,3162.5,3112.5,3162.5,107187800.0
2021-06-16 09:00:00+00:00,3162.5,3175.0,3100.0,3137.5,90051600.0
2021-06-17 09:00:00+00:00,3125.0,3137.5,3100.0,3100.0,146517200.0
2021-06-18 09:00:00+00:00,3087.5,3100.0,2975.0,3100.0,201335400.0
2021-06-21 09:00:00+00:00,3050.0,3050.0,2975.0,3012.5,138949200.0
2021-06-22 09:00:00+00:00,3037.5,3125.0,3012.5,3087.5,96680600.0
2021-06-23 09:00:00+00:00,3112.5,3112.5,3012.5,3012.5,66074200.0
2021-06-24 09:00:00+00:00,3050.0,3050.0,2987.5,2987.5,52248000.0
2021-06-25 09:00:00+00:00,3000.0,3012.5,2950.0,2950.0,61052000.0
2021-06-28 09:00:00+00:00,2912.5,2950.0,2837.5,2850.0,127109000.0
2021-06-29 09:00:00+00:00,2925.0,2925.0,2850.0,2887.5,96970800.0
2021-06-30 09:00:00+00:00,2925.0,2975.0,2900.0,2950.0,146560200.0
2021-07-01 09:00:00+00:00,2975.0,3000.0,2950.0,2987.5,87385400.0
2021-07-02 09:00:00+00:00,2987.5,3012.5,2962.5,2975.0,80422400.0
2021-07-05 09:00:00+00:00,2987.5,2987.5,2900.0,2925.0,29242400.0
2021-07-06 09:00:00+00:00,2950.0,2950.0,2875.0,2887.5,56066200.0
2021-07-07 09:00:00+00:00,2887.5,2912.5,2837.5,2875.0,96691000.0
2021-07-08 09:00:00+00:00,2925.0,2950.0,2875.0,2950.0,81459000.0
2021-07-09 09:00:00+00:00,2950.0,2950.0,2887.5,2887.5,50822400.0
2021-07-12 09:00:00+00:00,2937.5,2937.5,2887.5,2900.0,39692600.0
2021-07-13 09:00:00+00:00,2925.0,2950.0,2887.5,2887.5,65117000.0
2021-07-14 09:00:00+00:00,2900.0,2912.5,2825.0,2850.0,59225200.0
2021-07-15 09:00:00+00:00,2862.5,2950.0,2837.5,2937.5,94438400.0
2021-07-16 09:00:00+00:00,2937.5,2950.0,2912.5,2937.5,39567600.0
2021-07-19 09:00:00+00:00,2900.0,2925.0,2875.0,2875.0,31460200.0
2021-07-21 09:00:00+00:00,2912.5,2975.0,2900.0,2962.5,87100200.0
2021-07-22 09:00:00+00:00,2987.5,3050.0,2975.0,3025.0,55171400.0
2021-07-23 09:00:00+00:00,3000.0,3025.0,2975.0,2987.5,37457600.0
2021-07-26 09:00:00+00:00,2987.5,3000.0,2900.0,2900.0,77160200.0
2021-07-27 09:00:00+00:00,2925.0,2950.0,2875.0,2912.5,79279400.0
2021-07-28 09:00:00+00:00,2875.0,2950.0,2875.0,2950.0,41266000.0
2021-07-29 09:00:00+00:00,2950.0,2950.0,2875.0,2875.0,68168400.0
2021-07-30 09:00:00+00:00,2912.5,2912.5,2850.0,2850.0,92132400.0
2021-08-02 09:00:00+00:00,2887.5,2887.5,2812.5,2837.5,68571000.0
2021-08-03 09:00:00+00:00,2850.0,2900.0,2825.0,2887.5,70957400.0
2021-08-04 09:00:00+00:00,2912.5,2950.0,2887.5,2912.5,67410400.0
2021-08-05 09:00:00+00:00,2937.5,3037.5,2925.0,3025.0,140254000.0
2021-08-06 09:00:00+00:00,3037.5,3050.0,2975.0,2987.5,63682000.0
2021-08-09 09:00:00+00:00,3000.0,3012.5,2900.0,2900.0,50317400.0
2021-08-10 09:00:00+00:00,2900.0,2937.5,2887.5,2900.0,54893400.0
2021-08-12 09:00:00+00:00,2937.5,2975.0,2912.5,2962.5,51328800.0
2021-08-13 09:00:00+00:00,2987.5,3025.0,2950.0,3000.0,41771600.0
2021-08-16 09:00:00+00:00,3000.0,3025.0,2925.0,2987.5,53074000.0
2021-08-18 09:00:00+00:00,3000.0,3087.5,2962.5,3025.0,141229400.0
2021-08-19 09:00:00+00:00,3050.0,3050.0,2900.0,2925.0,101976800.0
2021-08-20 09:00:00+00:00,2950.0,2975.0,2900.0,2950.0,62841600.0
2021-08-23 09:00:00+00:00,2950.0,3000.0,2950.0,2987.5,46346200.0
2021-08-24 09:00:00+00:00,2975.0,2987.5,2900.0,2912.5,85217600.0
2021-08-25 09:00:00+00:00,2937.5,2987.5,2925.0,2975.0,60726800.0
2021-08-26 09:00:00+00:00,2925.0,2962.5,2912.5,2912.5,55050200.0
2021-08-27 09:00:00+00:00,2912.5,2937.5,2887.5,2900.0,35765000.0
2021-08-30 09:00:00+00:00,2925.0,2975.0,2912.5,2975.0,65062000.0
2021-08-31 09:00:00+00:00,3000.0,3050.0,2975.0,3050.0,135700400.0
2021-09-01 09:00:00+00:00,3050.0,3050.0,3000.0,3000.0,70082000.0
2021-09-02 09:00:00+00:00,3025.0,3050.0,2987.5,3025.0,51554400.0
2021-09-03 09:00:00+00:00,3050.0,3075.0,3000.0,3062.5,50760000.0
2021-09-06 09:00:00+00:00,3100.0,3162.5,3062.5,3100.0,51684400.0
2021-09-07 09:00:00+00:00,3125.0,3175.0,3112.5,3125.0,70448400.0
2021-09-08 09:00:00+00:00,3150.0,3150.0,3062.5,3125.0,84660600.0
2021-09-09 09:00:00+00:00,3150.0,3175.0,3062.5,3175.0,93331600.0
2021-09-10 09:00:00+00:00,3137.5,3150.0,3087.5,3100.0,107576800.0
2021-09-13 09:00:00+00:00,3050.0,3112.5,3025.0,3075.0,104806600.0
2021-09-14 09:00:00+00:00,3075.0,3100.0,3037.5,3050.0,84931400.0
2021-09-15 09:00:00+00:00,3087.5,3100.0,3050.0,3062.5,135497800.0
2021-09-16 09:00:00+00:00,3087.5,3100.0,3062.5,3075.0,61344200.0
2021-09-17 09:00:00+00:00,3062.5,3075.0,3025.0,3025.0,82452800.0
2021-09-20 09:00:00+00:00,3012.5,3037.5,2962.5,3012.5,57569200.0
2021-09-21 09:00:00+00:00,3012.5,3012.5,2962.5,2987.5,45153400.0
2021-09-22 09:00:00+00:00,2987.5,3050.0,2975.0,3037.5,26711200.0
2021-09-23 09:00:00+00:00,3062.5,3062.5,3012.5,3037.5,40606000.0
2021-09-24 09:00:00+00:00,3037.5,3050.0,2962.5,2987.5,50278400.0
2021-09-27 09:00:00+00:00,3000.0,3012.5,2950.0,2950.0,68500800.0
2021-09-28 09:00:00+00:00,2975.0,3012.5,2950.0,2975.0,64652200.0
2021-09-29 09:00:00+00:00,2975.0,3025.0,2962.5,3000.0,56467400.0
2021-09-30 09:00:00+00:00,3025.0,3075.0,3000.0,3075.0,82812000.0
2021-10-01 09:00:00+00:00,3075.0,3100.0,3025.0,3050.0,74975400.0
2021-10-04 09:00:00+00:00,3087.5,3250.0,3075.0,3237.5,156691600.0
2021-10-05 09:00:00+00:00,3225.0,3275.0,3187.5,3212.5,94886200.0
2021-10-06 09:00:00+00:00,3237.5,3337.5,3225.0,3300.0,168775800.0
2021-10-07 09:00:00+00:00,3325.0,3412.5,3312.5,3350.0,253196600.0
2021-10-08 09:00:00+00:00,3362.5,3487.5,3362.5,3450.0,223592000.0
2021-10-11 09:00:00+00:00,3450.0,3462.5,3400.0,3450.0,123020200.0
2021-10-12 09:00:00+00:00,3487.5,3525.0,3462.5,3500.0,191044200.0
2021-10-13 09:00:00+00:00,3537.5,3550.0,3475.0,3550.0,134998000.0
2021-10-14 09:00:00+00:00,3562.5,3587.5,3525.0,3587.5,104307800.0
2021-10-15 09:00:00+00:00,3587.5,3600.0,3537.5,3575.0,84353000.0
2021-10-18 09:00:00+00:00,3600.0,3662.5,3575.0,3587.5,152951600.0
2021-10-19 09:00:00+00:00,3625.0,3625.0,3525.0,3600.0,99358000.0
2021-10-21 09:00:00+00:00,3587.5,3662.5,3562.5,3587.5,189264000.0
2021-10-22 09:00:00+00:00,3550.0,3612.5,3537.5,3600.0,65782600.0
2021-10-25 09:00:00+00:00,3587.5,3625.0,3562.5,3562.5,76296200.0
2021-10-26 09:00:00+00:00,3550.0,3600.0,3550.0,3587.5,55872800.0
2021-10-27 09:00:00+00:00,3600.0,3612.5,3562.5,3575.0,82925200.0
2021-10-28 09:00:00+00:00,3562.5,3575.0,3500.0,3512.5,99023600.0
2021-10-29 09:00:00+00:00,3587.5,3650.0,3575.0,3587.5,160952400.0
2021-11-01 09:00:00+00:00,3625.0,3625.0,3575.0,3587.5,65621400.0
2021-11-02 09:00:00+00:00,3587.5,3600.0,3500.0,3512.5,51923400.0
2021-11-03 09:00:00+00:00,3487.5,3625.0,3462.5,3562.5,107556600.0
2021-11-04 09:00:00+00:00,3625.0,3650.0,3587.5,3587.5,103726400.0
2021-11-05 09:00:00+00:00,3625.0,3625.0,3500.0,3550.0,48035600.0
2021-11-08 09:00:00+00:00,3600.0,3600.0,3500.0,3500.0,50517400.0
2021-11-09 09:00:00+00:00,3525.0,3550.0,3425.0,3437.5,120574200.0
2021-11-10 09:00:00+00:00,3437.5,3575.0,3437.5,3575.0,156118000.0
2021-11-11 09:00:00+00:00,3562.5,3612.5,3512.5,3612.5,86362400.0
2021-11-12 09:00:00+00:00,3637.5,3637.5,3525.0,3550.0,56807000.0
2021-11-15 09:00:00+00:00,3550.0,3575.0,3525.0,3525.0,40131000.0
2021-11-16 09:00:00+00:00,3525.0,3612.5,3512.5,3612.5,76140200.0
2021-11-17 09:00:00+00:00,3612.5,3625.0,3575.0,3612.5,72789600.0
2021-11-18 09:00:00+00:00,3600.0,3612.5,3575.0,3587.5,30911600.0
2021-11-19 09:00:00+00:00,3587.5,3650.0,3575.0,3625.0,101125800.0
2021-11-22 09:00:00+00:00,3675.0,3750.0,3612.5,3675.0,92374400.0
2021-11-23 09:00:00+00:00,3612.5,3637.5,3550.0,3575.0,63127600.0
2021-11-24 09:00:00+00:00,3562.5,3587.5,3550.0,3575.0,56217000.0
2021-11-25 09:00:00+00:00,3612.5,3687.5,3587.5,3675.0,97473400.0
2021-11-26 09:00:00+00:00,3662.5,3662.5,3537.5,3550.0,78633400.0
2021-11-29 09:00:00+00:00,3550.0,3637.5,3462.5,3587.5,112673000.0
2021-11-30 09:00:00+00:00,3625.0,3625.0,3475.0,3500.0,219340400.0
2021-12-01 09:00:00+00:00,3500.0,3562.5,3475.0,3537.5,93119800.0
2021-12-02 09:00:00+00:00,3537.5,3625.0,3500.0,3600.0,70416400.0
2021-12-03 09:00:00+00:00,3600.0,3612.5,3550.0,3575.0,46109400.0
2021-12-06 09:00:00+00:00,3575.0,3625.0,3550.0,3587.5,52050400.0
2021-12-07 09:00:00+00:00,3587.5,3650.0,3587.5,3650.0,64289400.0
2021-12-08 09:00:00+00:00,3637.5,3650.0,3575.0,3575.0,56064200.0
2021-12-09 09:00:00+00:00,3625.0,3675.0,3562.5,3675.0,42688600.0
2021-12-10 09:00:00+00:00,3600.0,3612.5,3550.0,3600.0,93532200.0
2021-12-13 09:00:00+00:00,3600.0,3612.5,3562.5,3562.5,50091200.0
2021-12-14 09:00:00+00:00,3562.5,3600.0,3550.0,3587.5,65061400.0
2021-12-15 09:00:00+00:00,3575.0,3662.5,3562.5,3637.5,75677400.0
2021-12-16 09:00:00+00:00,3650.0,3662.5,3600.0,3625.0,69082400.0
2021-12-17 09:00:00+00:00,3612.5,3612.5,3537.5,3575.0,83945200.0
2021-12-20 09:00:00+00:00,3550.0,3575.0,3537.5,3537.5,57932600.0
2021-12-21 09:00:00+00:00,3575.0,3625.0,3550.0,3575.0,49859600.0
2021-12-22 09:00:00+00:00,3587.5,3600.0,3525.0,3525.0,34814400.0
2021-12-23 09:00:00+00:00,3525.0,3575.0,3525.0,3537.5,44565000.0
2021-12-24 09:00:00+00:00,3550.0,3575.0,3475.0,3525.0,54902200.0
2021-12-27 09:00:00+00:00,3525.0,3550.0,3487.5,3500.0,34096400.0
2021-12-28 09:00:00+00:00,3525.0,3525.0,3487.5,3525.0,39835400.0
2021-12-29 09:00:00+00:00,3537.5,3562.5,3500.0,3550.0,20860200.0
2021-12-30 09:00:00+00:00,3550.0,3562.5,3512.5,3512.5,34951600.0
2022-01-03 09:00:00+00:00,3550.0,3562.5,3512.5,3525.0,30999600.0
2022-01-04 09:00:00+00:00,3537.5,3600.0,3525.0,3587.5,44541400.0
2022-01-05 09:00:00+00:00,3575.0,3587.5,3462.5,3512.5,98910200.0
2022-01-06 09:00:00+00:00,3537.5,3537.5,3475.0,3512.5,65651200.0
2022-01-07 09:00:00+00:00,3512.5,3550.0,3512.5,3525.0,68452800.0
2022-01-10 09:00:00+00:00,3537.5,3550.0,3525.0,3525.0,44378600.0
2022-01-11 09:00:00+00:00,3550.0,3550.0,3500.0,3525.0,50367600.0
2022-01-12 09:00:00+00:00,3525.0,3575.0,3525.0,3575.0,34249200.0
2022-01-13 09:00:00+00:00,3575.0,3587.5,3550.0,3562.5,35763800.0
2022-01-14 09:00:00+00:00,3537.5,3612.5,3537.5,3587.5,43651400.0
2022-01-17 09:00:00+00:00,3625.0,3637.5,3575.0,3600.0,43188000.0
2022-01-18 09:00:00+00:00,3587.5,3625.0,3550.0,3625.0,64484800.0
2022-01-19 09:00:00+00:00,3587.5,3600.0,3500.0,3512.5,103093600.0
2022-01-20 09:00:00+00:00,3550.0,3587.5,3512.5,3587.5,53067000.0
2022-01-21 09:00:00+00:00,3587.5,3650.0,3562.5,3650.0,76806800.0
2022-01-24 09:00:00+00:00,3637.5,3637.5,3600.0,3637.5,44476800.0
2022-01-25 09:00:00+00:00,3600.0,3625.0,3575.0,3612.5,69268000.0
2022-01-26 09:00:00+00:00,3650.0,3737.5,3612.5,3737.5,140636400.0
2022-01-27 09:00:00+00:00,3737.5,3800.0,3700.0,3775.0,113618000.0
2022-01-28 09:00:00+00:00,3812.5,3825.0,3775.0,3825.0,121145200.0
2022-01-31 09:00:00+00:00,3887.5,3887.5,3725.0,3737.5,101700800.0
2022-02-02 09:00:00+00:00,3762.5,3762.5,3725.0,3737.5,68769000.0
2022-02-03 09:00:00+00:00,3737.5,3737.5,3675.0,3737.5,60204000.0
2022-02-04 09:00:00+00:00,3725.0,3762.5,3700.0,3737.5,36629400.0
2022-02-07 09:00:00+00:00,3825.0,3825.0,3737.5,3750.0,68867800.0
2022-02-08 09:00:00+00:00,3800.0,3862.5,3775.0,3812.5,158581800.0
2022-02-09 09:00:00+00:00,3850.0,3862.5,3800.0,3837.5,107360800.0
2022-02-10 09:00:00+00:00,3850.0,3875.0,3825.0,3862.5,107679400.0
2022-02-11 09:00:00+00:00,3887.5,3887.5,3825.0,3862.5,81582600.0
2022-02-14 09:00:00+00:00,3850.0,3900.0,3812.5,3900.0,76263200.0
2022-02-15 09:00:00+00:00,3900.0,3950.0,3837.5,3950.0,67804400.0
2022-02-16 09:00:00+00:00,3962.5,3962.5,3875.0,3925.0,74785000.0
2022-02-17 09:00:00+00:00,3937.5,3937.5,3837.5,3925.0,103038800.0
2022-02-18 09:00:00+00:00,3912.5,3975.0,3875.0,3925.0,81303200.0
2022-02-21 09:00:00+00:00,3925.0,3962.5,3925.0,3925.0,31720800.0
2022-02-22 09:00:00+00:00,3912.5,3950.0,3887.5,3937.5,69476600.0
2022-02-23 09:00:00+00:00,3962.5,3975.0,3912.5,3937.5,85991000.0
2022-02-24 09:00:00+00:00,3862.5,3937.5,3825.0,3850.0,170297000.0
2022-02-25 09:00:00+00:00,3862.5,3875.0,3825.0,3850.0,163299800.0
2022-03-01 09:00:00+00:00,3837.5,3925.0,3825.0,3825.0,149532200.0
2022-03-02 09:00:00+00:00,3825.0,3862.5,3775.0,3812.5,110824000.0
2022-03-04 09:00:00+00:00,3850.0,3862.5,3800.0,3825.0,104914600.0
2022-03-07 09:00:00+00:00,3775.0,3812.5,3750.0,3775.0,137667600.0
2022-03-08 09:00:00+00:00,3812.5,3850.0,3775.0,3775.0,104072200.0
2022-03-09 09:00:00+00:00,3787.5,3862.5,3787.5,3812.5,115109200.0
2022-03-10 09:00:00+00:00,3850.0,3875.0,3800.0,3837.5,105803000.0
2022-03-11 09:00:00+00:00,3862.5,3862.5,3800.0,3825.0,122401600.0
2022-03-14 09:00:00+00:00,3825.0,3912.5,3812.5,3875.0,173513400.0
2022-03-15 09:00:00+00:00,3900.0,3937.5,3887.5,3887.5,146735400.0
2022-03-16 09:00:00+00:00,3900.0,4025.0,3900.0,3975.0,291909800.0
2022-03-17 09:00:00+00:00,4000.0,4050.0,3975.0,3975.0,235559000.0
2022-03-18 09:00:00+00:00,3987.5,4000.0,3937.5,3962.5,212233400.0
2022-03-21 09:00:00+00:00,3837.5,3862.5,3800.0,3825.0,162364400.0
2022-03-22 09:00:00+00:00,3850.0,3875.0,3825.0,3837.5,112672400.0
2022-03-23 09:00:00+00:00,3837.5,3900.0,3825.0,3887.5,183894800.0
2022-03-24 09:00:00+00:00,3850.0,3962.5,3850.0,3962.5,210909800.0
2022-03-25 09:00:00+00:00,3975.0,3987.5,3887.5,3925.0,136083000.0
2022-03-28 09:00:00+00:00,3937.5,3950.0,3900.0,3937.5,95354400.0
2022-03-29 09:00:00+00:00,3987.5,4012.5,3937.5,3962.5,160112200.0
2022-03-30 09:00:00+00:00,3975.0,3987.5,3925.0,3937.5,82476000.0
2022-03-31 09:00:00+00:00,3962.5,3987.5,3925.0,3950.0,69174000.0
2022-04-01 09:00:00+00:00,3950.0,3950.0,3887.5,3937.5,62912400.0
2022-04-04 09:00:00+00:00,3912.5,3950.0,3887.5,3912.5,82013800.0
2022-04-05 09:00:00+00:00,3900.0,3937.5,3900.0,3912.5,82378200.0
2022-04-06 09:00:00+00:00,3900.0,3900.0,3825.0,3837.5,129476400.0
2022-04-07 09:00:00+00:00,3837.5,3887.5,3812.5,3850.0,136162800.0
2022-04-08 09:00:00+00:00,3900.0,3900.0,3837.5,3850.0,94622400.0
2022-04-11 09:00:00+00:00,3850.0,3875.0,3825.0,3837.5,107966400.0
2022-04-12 09:00:00+00:00,3837.5,3875.0,3812.5,3850.0,92691200.0
2022-04-13 09:00:00+00:00,3837.5,3875.0,3825.0,3862.5,90558600.0
2022-04-14 09:00:00+00:00,3862.5,3875.0,3825.0,3837.5,63275600.0
2022-04-18 09:00:00+00:00,3837.5,3862.5,3787.5,3812.5,101496000.0
2022-04-19 09:00:00+00:00,3812.5,3837.5,3787.5,3787.5,104508400.0
2022-04-20 09:00:00+00:00,3825.0,3950.0,3812.5,3925.0,164354800.0
2022-04-21 09:00:00+00:00,4000.0,4200.0,3962.5,4150.0,337363200.0
2022-04-22 09:00:00+00:00,4100.0,4162.5,4037.5,4137.5,168301800.0
2022-04-25 09:00:00+00:00,4100.0,4225.0,4012.5,4112.5,179082600.0
2022-04-26 09:00:00+00:00,4125.0,4212.5,4112.5,4175.0,131930600.0
2022-04-27 09:00:00+00:00,4137.5,4212.5,4112.5,4112.5,118272800.0
2022-04-28 09:00:00+00:00,4387.5,4537.5,4337.5,4475.0,443163800.0
2022-05-09 09:00:00+00:00,4312.5,4337.5,4162.5,4162.5,351637800.0
2022-05-10 09:00:00+00:00,3912.5,4087.5,3912.5,4050.0,498444800.0
2022-05-11 09:00:00+00:00,4050.0,4100.0,4000.0,4000.0,198922600.0
2022-05-12 09:00:00+00:00,3987.5,4025.0,3862.5,3937.5,162727200.0
2022-05-13 09:00:00+00:00,3937.5,3950.0,3875.0,3900.0,165507800.0
2022-05-17 09:00:00+00:00,3900.0,4000.0,3900.0,3925.0,149548800.0
2022-05-18 09:00:00+00:00,3987.5,4012.5,3900.0,3950.0,162519200.0
2022-05-19 09:00:00+00:00,3900.0,3962.5,3875.0,3950.0,127740400.0
2022-05-20 09:00:00+00:00,3975.0,4025.0,3975.0,4000.0,106866400.0
2022-05-23 09:00:00+00:00,4025.0,4037.5,3900.0,3937.5,144005200.0
2022-05-24 09:00:00+00:00,3975.0,4025.0,3950.0,3962.5,134555000.0
2022-05-25 09:00:00+00:00,3950.0,4025.0,3912.5,3925.0,132635400.0
2022-05-27 09:00:00+00:00,4000.0,4062.5,3975.0,4050.0,155078600.0
2022-05-30 09:00:00+00:00,4100.0,4100.0,4000.0,4100.0,117617200.0
2022-05-31 09:00:00+00:00,4137.5,4250.0,4112.5,4250.0,262054000.0
2022-06-02 09:00:00+00:00,4162.5,4175.0,4025.0,4100.0,203021800.0
2022-06-03 09:00:00+00:00,4137.5,4150.0,4100.0,4100.0,147960000.0
2022-06-06 09:00:00+00:00,4100.0,4175.0,4012.5,4075.0,148785000.0
2022-06-07 09:00:00+00:00,4100.0,4175.0,4075.0,4150.0,132673800.0
2022-06-08 09:00:00+00:00,4112.5,4212.5,4075.0,4200.0,153409200.0
2022-06-09 09:00:00+00:00,4200.0,4250.0,4175.0,4212.5,216804400.0
2022-06-10 09:00:00+00:00,4137.5,4162.5,4075.0,4087.5,165119600.0
2022-06-13 09:00:00+00:00,4000.0,4050.0,3975.0,4050.0,122467200.0
2022-06-14 09:00:00+00:00,4000.0,4100.0,4000.0,4100.0,100136600.0
2022-06-15 09:00:00+00:00,4062.5,4162.5,4062.5,4150.0,142400800.0
2022-06-16 09:00:00+00:00,4250.0,4250.0,4150.0,4187.5,186692600.0
2022-06-17 09:00:00+00:00,4087.5,4125.0,4037.5,4037.5,156836200.0
2022-06-20 09:00:00+00:00,4050.0,4125.0,4025.0,4125.0,74978200.0
2022-06-21 09:00:00+00:00,4150.0,4175.0,4100.0,4125.0,62996600.0
2022-06-22 09:00:00+00:00,4100.0,4137.5,4062.5,4075.0,88306600.0
2022-06-23 09:00:00+00:00,4075.0,4112.5,4050.0,4075.0,48817400.0
2022-06-24 09:00:00+00:00,4100.0,4150.0,4075.0,4150.0,60638400.0
2022-06-27 09:00:00+00:00,4200.0,4200.0,4037.5,4112.5,76574400.0
2022-06-28 09:00:00+00:00,4075.0,4100.0,4000.0,4062.5,110131200.0
2022-06-29 09:00:00+00:00,4050.0,4062.5,3975.0,3975.0,113216400.0
2022-06-30 09:00:00+00:00,4000.0,4050.0,3950.0,3962.5,125507600.0
2022-07-01 09:00:00+00:00,3937.5,3962.5,3787.5,3800.0,191672200.0
2022-07-04 09:00:00+00:00,3787.5,3837.5,3637.5,3700.0,246417000.0
2022-07-05 09:00:00+00:00,3725.0,3862.5,3725.0,3825.0,90919800.0
2022-07-06 09:00:00+00:00,3825.0,3825.0,3675.0,3762.5,180812800.0
2022-07-07 09:00:00+00:00,3750.0,3775.0,3712.5,3712.5,120444800.0
2022-07-08 09:00:00+00:00,3775.0,3775.0,3700.0,3737.5,57156600.0
2022-07-11 09:00:00+00:00,3737.5,3762.5,3700.0,3737.5,22860800.0
2022-07-12 09:00:00+00:00,3737.5,3737.5,3687.5,3712.5,51524400.0
2022-07-13 09:00:00+00:00,3700.0,3712.5,3637.5,3637.5,142494200.0
2022-07-14 09:00:00+00:00,3625.0,3687.5,3600.0,3637.5,158438200.0
2022-07-15 09:00:00+00:00,3650.0,3700.0,3587.5,3587.5,191949400.0
2022-07-18 09:00:00+00:00,3612.5,3675.0,3612.5,3675.0,152078400.0
2022-07-19 09:00:00+00:00,3675.0,3725.0,3637.5,3712.5,128963600.0
2022-07-20 09:00:00+00:00,3775.0,3975.0,3775.0,3950.0,215712600.0
2022-07-21 09:00:00+00:00,4000.0,4000.0,3862.5,3950.0,125699200.0
2022-07-22 09:00:00+00:00,3962.5,3962.5,3887.5,3925.0,54461200.0
2022-07-25 09:00:00+00:00,3937.5,3950.0,3887.5,3887.5,30750600.0
2022-07-26 09:00:00+00:00,3912.5,4012.5,3900.0,4000.0,58317600.0
2022-07-27 09:00:00+00:00,4025.0,4062.5,4000.0,4050.0,87439200.0
2022-07-28 09:00:00+00:00,4012.5,4100.0,4012.5,4025.0,94427400.0
2022-07-29 09:00:00+00:00,4112.5,4175.0,4075.0,4137.5,132709400.0
2022-08-01 09:00:00+00:00,4100.0,4112.5,3987.5,3987.5,95909000.0
2022-08-02 09:00:00+00:00,4000.0,4087.5,3987.5,4087.5,57458200.0
2022-08-03 09:00:00+00:00,4087.5,4125.0,4025.0,4125.0,55822800.0
2022-08-04 09:00:00+00:00,4150.0,4150.0,4075.0,4125.0,75188600.0
2022-08-05 09:00:00+00:00,4137.5,4150.0,4087.5,4125.0,64150800.0
2022-08-08 09:00:00+00:00,4125.0,4175.0,4112.5,4175.0,82522000.0
2022-08-09 09:00:00+00:00,4212.5,4300.0,4200.0,4237.5,117148200.0
2022-08-10 09:00:00+00:00,4175.0,4300.0,4125.0,4300.0,79950200.0
2022-08-11 09:00:00+00:00,4312.5,4337.5,4212.5,4262.5,106627400.0
2022-08-12 09:00:00+00:00,4262.5,4287.5,4212.5,4237.5,62626200.0
2022-08-15 09:00:00+00:00,4225.0,4275.0,4200.0,4225.0,44464800.0
2022-08-16 09:00:00+00:00,4275.0,4325.0,4237.5,4262.5,109260400.0
2022-08-18 09:00:00+00:00,4387.5,4400.0,4287.5,4300.0,116693200.0
2022-08-19 09:00:00+00:00,4300.0,4325.0,4250.0,4250.0,48290200.0
2022-08-22 09:00:00+00:00,4212.5,4275.0,4175.0,4262.5,121399800.0
2022-08-23 09:00:00+00:00,4250.0,4337.5,4225.0,4312.5,95553400.0
2022-08-24 09:00:00+00:00,4300.0,4350.0,4275.0,4312.5,60958200.0
2022-08-25 09:00:00+00:00,4275.0,4312.5,4212.5,4287.5,77254800.0
2022-08-26 09:00:00+00:00,4312.5,4325.0,4250.0,4250.0,82356600.0
2022-08-29 09:00:00+00:00,4200.0,4300.0,4175.0,4275.0,62683800.0
2022-08-30 09:00:00+00:00,4312.5,4375.0,4287.5,4325.0,109649400.0
2022-08-31 09:00:00+00:00,4250.0,4425.0,4225.0,4425.0,151631600.0
2022-09-01 09:00:00+00:00,4425.0,4475.0,4337.5,4462.5,120967800.0
2022-09-02 09:00:00+00:00,4487.5,4500.0,4362.5,4425.0,90044600.0
2022-09-05 09:00:00+00:00,4425.0,4500.0,4400.0,4475.0,60491000.0
2022-09-06 09:00:00+00:00,4487.5,4500.0,4400.0,4412.5,65296200.0
2022-09-07 09:00:00+00:00,4387.5,4437.5,4362.5,4437.5,97771400.0
2022-09-08 09:00:00+00:00,4450.0,4550.0,4412.5,4475.0,96931000.0
2022-09-09 09:00:00+00:00,4537.5,4550.0,4475.0,4537.5,128510800.0
2022-09-12 09:00:00+00:00,4575.0,4600.0,4537.5,4587.5,110819000.0
2022-09-13 09:00:00+00:00,4625.0,4750.0,4612.5,4725.0,185487800.0
2022-09-14 09:00:00+00:00,4637.5,4700.0,4600.0,4650.0,119631200.0
2022-09-15 09:00:00+00:00,4700.0,4750.0,4650.0,4675.0,156750600.0
2022-09-16 09:00:00+00:00,4637.5,4650.0,4512.5,4550.0,167812600.0
2022-09-19 09:00:00+00:00,4625.0,4650.0,4575.0,4612.5,137396600.0
2022-09-20 09:00:00+00:00,4662.5,4687.5,4600.0,4600.0,140752200.0
2022-09-21 09:00:00+00:00,4575.0,4637.5,4550.0,4637.5,71044400.0
2022-09-22 09:00:00+00:00,4637.5,4650.0,4587.5,4600.0,96479200.0
2022-09-23 09:00:00+00:00,4600.0,4625.0,4575.0,4600.0,61877000.0
2022-09-26 09:00:00+00:00,4562.5,4687.5,4475.0,4625.0,133769600.0
2022-09-27 09:00:00+00:00,4625.0,4675.0,4600.0,4675.0,130959400.0
2022-09-28 09:00:00+00:00,4725.0,4800.0,4637.5,4650.0,133085000.0
2022-09-29 09:00:00+00:00,4675.0,4687.5,4600.0,4625.0,67945200.0
2022-09-30 09:00:00+00:00,4650.0,4712.5,4612.5,4712.5,113501000.0
2022-10-03 09:00:00+00:00,4662.5,4687.5,4612.5,4637.5,54662400.0
2022-10-04 09:00:00+00:00,4650.0,4687.5,4612.5,4612.5,90247000.0
2022-10-05 09:00:00+00:00,4650.0,4737.5,4637.5,4637.5,75891600.0
2022-10-06 09:00:00+00:00,4650.0,4662.5,4612.5,4662.5,43279200.0
2022-10-07 09:00:00+00:00,4662.5,4712.5,4637.5,4712.5,51267000.0
2022-10-10 09:00:00+00:00,4687.5,4700.0,4637.5,4650.0,55465000.0
2022-10-11 09:00:00+00:00,4712.5,4712.5,4625.0,4650.0,71925600.0
2022-10-12 09:00:00+00:00,4687.5,4750.0,4650.0,4712.5,118731400.0
2022-10-13 09:00:00+00:00,4750.0,4775.0,4662.5,4737.5,58832000.0
2022-10-14 09:00:00+00:00,4825.0,4825.0,4687.5,4700.0,106401600.0
2022-10-17 09:00:00+00:00,4725.0,4737.5,4650.0,4725.0,60905200.0
2022-10-18 09:00:00+00:00,4750.0,4787.5,4725.0,4750.0,67904400.0
2022-10-19 09:00:00+00:00,4687.5,4787.5,4662.5,4737.5,71544800.0
2022-10-20 09:00:00+00:00,4675.0,4962.5,4675.0,4950.0,102422400.0
2022-10-21 09:00:00+00:00,5000.0,5225.0,4962.5,5175.0,183987800.0
2022-10-24 09:00:00+00:00,5162.5,5250.0,5125.0,5125.0,102168000.0
2022-10-25 09:00:00+00:00,5137.5,5225.0,5112.5,5112.5,83305200.0
2022-10-26 09:00:00+00:00,5112.5,5125.0,5000.0,5100.0,80531400.0
2022-10-27 09:00:00+00:00,5100.0,5162.5,5025.0,5100.0,84531200.0
2022-10-28 09:00:00+00:00,5062.5,5112.5,5050.0,5100.0,102437400.0
2022-10-31 09:00:00+00:00,5150.0,5275.0,5112.5,5275.0,173874600.0
2022-11-01 09:00:00+00:00,5300.0,5300.0,5112.5,5200.0,111898000.0
2022-11-02 09:00:00+00:00,5187.5,5200.0,4987.5,5037.5,127515400.0
2022-11-03 09:00:00+00:00,4975.0,5100.0,4975.0,5087.5,119598600.0
2022-11-04 09:00:00+00:00,5012.5,5075.0,5000.0,5075.0,70781200.0
2022-11-07 09:00:00+00:00,5087.5,5125.0,5000.0,5125.0,98034400.0
2022-11-08 09:00:00+00:00,5137.5,5137.5,5037.5,5075.0,39585800.0
2022-11-09 09:00:00+00:00,5025.0,5075.0,5025.0,5075.0,68010400.0
2022-11-10 09:00:00+00:00,5025.0,5075.0,5000.0,5050.0,61964000.0
2022-11-11 09:00:00+00:00,5150.0,5225.0,5112.5,5212.5,102008200.0
2022-11-14 09:00:00+00:00,5275.0,5275.0,5075.0,5125.0,61055200.0
2022-11-15 09:00:00+00:00,5150.0,5150.0,5050.0,5125.0,83000800.0
2022-11-16 09:00:00+00:00,5050.0,5087.5,4950.0,5000.0,128257800.0
2022-11-17 09:00:00+00:00,4925.0,5012.5,4925.0,4950.0,167562600.0
2022-11-18 09:00:00+00:00,4975.0,5112.5,4962.5,5087.5,111646200.0
2022-11-21 09:00:00+00:00,5087.5,5100.0,5012.5,5050.0,52311600.0
2022-11-22 09:00:00+00:00,5025.0,5125.0,5025.0,5062.5,79850600.0
2022-11-23 09:00:00+00:00,5062.5,5150.0,5062.5,5100.0,78250600.0
2022-11-24 09:00:00+00:00,5112.5,5150.0,5100.0,5112.5,59701400.0
2022-11-25 09:00:00+00:00,5112.5,5112.5,5050.0,5087.5,77984800.0
2022-11-28 09:00:00+00:00,5087.5,5137.5,5062.5,5062.5,64779000.0
2022-11-29 09:00:00+00:00,5125.0,5225.0,5100.0,5162.5,72261000.0
2022-11-30 09:00:00+00:00,5162.5,5400.0,5162.5,5262.5,347136800.0
2022-12-01 09:00:00+00:00,5262.5,5325.0,5200.0,5200.0,141493000.0
2022-12-02 09:00:00+00:00,5200.0,5262.5,5162.5,5262.5,70811400.0
2022-12-05 09:00:00+00:00,5325.0,5500.0,5287.5,5437.5,146472800.0
2022-12-06 09:00:00+00:00,5437.5,5500.0,5362.5,5450.0,139360200.0
2022-12-07 09:00:00+00:00,5312.5,5350.0,5187.5,5187.5,200886200.0
2022-12-08 09:00:00+00:00,5037.5,5112.5,4987.5,5025.0,279908400.0
2022-12-09 09:00:00+00:00,4975.0,5025.0,4912.5,4962.5,241338200.0
2022-12-12 09:00:00+00:00,4912.5,5000.0,4887.5,4975.0,183717600.0
2022-12-13 09:00:00+00:00,4887.5,5000.0,4887.5,4950.0,224176000.0
2022-12-14 09:00:00+00:00,5037.5,5050.0,4975.0,4975.0,162689200.0
2022-12-15 09:00:00+00:00,4950.0,5012.5,4950.0,4950.0,82673400.0
2022-12-16 09:00:00+00:00,4912.5,5050.0,4912.5,5050.0,770252400.0
2022-12-19 09:00:00+00:00,5000.0,5037.5,4950.0,5000.0,100871400.0
2022-12-20 09:00:00+00:00,5000.0,5025.0,4975.0,5025.0,56633800.0
2022-12-21 09:00:00+00:00,5062.5,5062.5,5000.0,5000.0,37945200.0
2022-12-22 09:00:00+00:00,5050.0,5050.0,4975.0,4975.0,78836200.0
2022-12-23 09:00:00+00:00,4950.0,5000.0,4950.0,4962.5,38571200.0
2022-12-26 09:00:00+00:00,4987.5,5025.0,4975.0,5025.0,19578800.0
2022-12-27 09:00:00+00:00,5025.0,5025.0,4937.5,4975.0,43282000.0
2022-12-28 09:00:00+00:00,5000.0,5000.0,4925.0,4987.5,30258400.0
2022-12-29 09:00:00+00:00,4950.0,4987.5,4937.5,4987.5,56981400.0
2022-12-30 09:00:00+00:00,5000.0,5025.0,4962.5,4962.5,40655800.0
2023-01-02 09:00:00+00:00,4962.5,4987.5,4937.5,4937.5,5985400.0
2023-01-03 09:00:00+00:00,4925.0,4987.5,4925.0,4975.0,13815200.0
2023-01-04 09:00:00+00:00,5012.5,5037.5,4987.5,5012.5,38575800.0
2023-01-05 09:00:00+00:00,5025.0,5025.0,4862.5,4912.5,84945800.0
2023-01-06 09:00:00+00:00,4862.5,4900.0,4800.0,4900.0,44097000.0
2023-01-09 09:00:00+00:00,4875.0,4925.0,4800.0,4862.5,67250600.0
2023-01-10 09:00:00+00:00,4750.0,4775.0,4587.5,4637.5,214538800.0
2023-01-11 09:00:00+00:00,4537.5,4587.5,4450.0,4475.0,193915000.0
2023-01-12 09:00:00+00:00,4500.0,4725.0,4500.0,4600.0,219659400.0
2023-01-13 09:00:00+00:00,4562.5,4612.5,4525.0,4587.5,107483800.0
2023-01-16 09:00:00+00:00,4550.0,4675.0,4550.0,4650.0,145710000.0
2023-01-17 09:00:00+00:00,4700.0,4912.5,4687.5,4875.0,146238000.0
2023-01-18 09:00:00+00:00,4825.0,4887.5,4750.0,4775.0,95360600.0
2023-01-19 09:00:00+00:00,4800.0,4912.5,4762.5,4875.0,81704200.0
2023-01-20 09:00:00+00:00,4925.0,5000.0,4900.0,4987.5,93227400.0
2023-01-24 09:00:00+00:00,4925.0,4987.5,4900.0,4950.0,35028000.0
2023-01-25 09:00:00+00:00,4900.0,4925.0,4850.0,4850.0,72767800.0
2023-01-26 09:00:00+00:00,4887.5,4937.5,4875.0,4912.5,70558600.0
2023-01-27 09:00:00+00:00,4950.0,5075.0,4950.0,5012.5,216788400.0
2023-01-30 09:00:00+00:00,5012.5,5062.5,4937.5,4975.0,82589400.0
2023-01-31 09:00:00+00:00,5012.5,5050.0,4937.5,4975.0,167297000.0
2023-02-01 09:00:00+00:00,4975.0,5025.0,4837.5,4850.0,165628800.0
2023-02-02 09:00:00+00:00,4862.5,4875.0,4787.5,4862.5,99351800.0
2023-02-03 09:00:00+00:00,4875.0,4975.0,4875.0,4962.5,108125400.0
2023-02-06 09:00:00+00:00,4962.5,5025.0,4875.0,4937.5,109098400.0
2023-02-07 09:00:00+00:00,4975.0,5112.5,4950.0,5087.5,118132000.0
2023-02-08 09:00:00+00:00,5062.5,5112.5,5050.0,5100.0,75656000.0
2023-02-09 09:00:00+00:00,5150.0,5200.0,5125.0,5125.0,121757400.0
2023-02-10 09:00:00+00:00,5225.0,5225.0,5075.0,5150.0,81114600.0
2023-02-13 09:00:00+00:00,5275.0,5275.0,5125.0,5175.0,56771800.0
2023-02-14 09:00:00+00:00,5225.0,5225.0,5137.5,5187.5,39570600.0
2023-02-15 09:00:00+00:00,5150.0,5175.0,5050.0,5112.5,75595200.0
2023-02-16 09:00:00+00:00,5112.5,5137.5,5062.5,5087.5,49569000.0
2023-02-17 09:00:00+00:00,5087.5,5150.0,5050.0,5150.0,58521000.0
2023-02-20 09:00:00+00:00,5150.0,5150.0,5100.0,5137.5,40696400.0
2023-02-21 09:00:00+00:00,5150.0,5150.0,5087.5,5100.0,52604400.0
2023-02-22 09:00:00+00:00,5062.5,5087.5,4975.0,5000.0,75513400.0
2023-02-23 09:00:00+00:00,4987.5,5050.0,4962.5,5037.5,177505200.0
2023-02-24 09:00:00+00:00,5062.5,5112.5,5037.5,5062.5,54138200.0
2023-02-27 09:00:00+00:00,5037.5,5075.0,5025.0,5075.0,47901800.0
2023-02-28 09:00:00+00:00,5037.5,5075.0,5000.0,5000.0,146440400.0
2023-03-01 09:00:00+00:00,5075.0,5100.0,5025.0,5050.0,89565600.0
2023-03-02 09:00:00+00:00,5075.0,5150.0,5075.0,5112.5,72991800.0
2023-03-03 09:00:00+00:00,5100.0,5125.0,5012.5,5025.0,88630600.0
2023-03-06 09:00:00+00:00,5087.5,5112.5,5037.5,5062.5,53728800.0
2023-03-07 09:00:00+00:00,5075.0,5137.5,5062.5,5087.5,80065800.0
2023-03-08 09:00:00+00:00,5125.0,5137.5,5087.5,5137.5,104838200.0
2023-03-09 09:00:00+00:00,5200.0,5250.0,5175.0,5225.0,83286000.0
2023-03-10 09:00:00+00:00,5212.5,5212.5,5137.5,5187.5,107531000.0
2023-03-13 09:00:00+00:00,5137.5,5187.5,5112.5,5175.0,92827600.0
2023-03-14 09:00:00+00:00,5100.0,5137.5,4925.0,4962.5,191898400.0
2023-03-15 09:00:00+00:00,5025.0,5087.5,4925.0,5025.0,262828600.0
2023-03-16 09:00:00+00:00,5037.5,5037.5,4912.5,4925.0,135467400.0
2023-03-17 09:00:00+00:00,4975.0,5062.5,4962.5,5050.0,224171600.0
2023-03-20 09:00:00+00:00,5025.0,5050.0,5000.0,5000.0,46333000.0
2023-03-21 09:00:00+00:00,5050.0,5250.0,5037.5,5250.0,131331000.0
2023-03-24 09:00:00+00:00,5312.5,5475.0,5287.5,5450.0,222156200.0
2023-03-27 09:00:00+00:00,5200.0,5212.5,5100.0,5100.0,151825600.0
2023-03-28 09:00:00+00:00,5100.0,5137.5,5050.0,5062.5,103951000.0
2023-03-29 09:00:00+00:00,5125.0,5187.5,5100.0,5175.0,107454600.0
2023-03-30 09:00:00+00:00,5175.0,5200.0,5112.5,5112.5,97186200.0
2023-03-31 09:00:00+00:00,5137.5,5162.5,5100.0,5162.5,92013200.0
2023-04-03 09:00:00+00:00,5200.0,5262.5,5200.0,5262.5,101724400.0
2023-04-04 09:00:00+00:00,5250.0,5300.0,5100.0,5200.0,94482600.0
2023-04-05 09:00:00+00:00,5150.0,5250.0,5150.0,5225.0,42655500.0
2023-04-06 09:00:00+00:00,5225.0,5225.0,5150.0,5175.0,47999400.0
2023-04-10 09:00:00+00:00,5150.0,5175.0,5050.0,5100.0,74787800.0
2023-04-11 09:00:00+00:00,5100.0,5100.0,5050.0,5100.0,37744800.0
2023-04-12 09:00:00+00:00,5100.0,5225.0,5100.0,5150.0,111901500.0
2023-04-13 09:00:00+00:00,5175.0,5200.0,5125.0,5125.0,67928500.0
2023-04-14 09:00:00+00:00,5150.0,5250.0,5150.0,5225.0,142479800.0
2023-04-17 09:00:00+00:00,5225.0,5250.0,5125.0,5125.0,95789900.0
2023-04-18 09:00:00+00:00,5150.0,5250.0,5125.0,5175.0,106962300.0
2023-04-26 09:00:00+00:00,5400.0,5425.0,5175.0,5200.0,207338000.0
2023-04-27 09:00:00+00:00,5175.0,5225.0,5175.0,5200.0,51076300.0
2023-04-28 09:00:00+00:00,5225.0,5225.0,5150.0,5175.0,116957800.0
2023-05-02 09:00:00+00:00,5250.0,5250.0,5175.0,5250.0,98024100.0
2023-05-03 09:00:00+00:00,5250.0,5250.0,5150.0,5225.0,110683000.0
2023-05-04 09:00:00+00:00,5175.0,5225.0,5125.0,5175.0,100945900.0
2023-05-05 09:00:00+00:00,5175.0,5200.0,5125.0,5175.0,64499500.0
2023-05-08 09:00:00+00:00,5175.0,5200.0,5125.0,5125.0,64678000.0
2023-05-09 09:00:00+00:00,5100.0,5125.0,5050.0,5050.0,93531000.0
2023-05-10 09:00:00+00:00,5050.0,5125.0,5050.0,5075.0,58148200.0
2023-05-11 09:00:00+00:00,5075.0,5100.0,5025.0,5100.0,63262300.0
2023-05-12 09:00:00+00:00,5075.0,5075.0,5000.0,5000.0,105407300.0
2023-05-15 09:00:00+00:00,5050.0,5050.0,5000.0,5050.0,76451700.0
2023-05-16 09:00:00+00:00,5075.0,5075.0,4980.0,4990.0,42752200.0
2023-05-17 09:00:00+00:00,4990.0,5075.0,4980.0,5000.0,63396700.0
2023-05-19 09:00:00+00:00,5075.0,5100.0,5025.0,5075.0,78499800.0
2023-05-22 09:00:00+00:00,5100.0,5250.0,5075.0,5225.0,120027200.0
2023-05-23 09:00:00+00:00,5200.0,5250.0,5100.0,5125.0,165534100.0
2023-05-24 09:00:00+00:00,5125.0,5150.0,5050.0,5075.0,125575300.0
2023-05-25 09:00:00+00:00,5050.0,5175.0,5050.0,5175.0,76424100.0
2023-05-26 09:00:00+00:00,5175.0,5200.0,5100.0,5125.0,42313700.0
2023-05-29 09:00:00+00:00,5175.0,5175.0,5100.0,5150.0,60646900.0
2023-05-30 09:00:00+00:00,5100.0,5200.0,5100.0,5150.0,49086100.0
2023-05-31 09:00:00+00:00,5175.0,5200.0,5050.0,5050.0,393735900.0
2023-06-05 09:00:00+00:00,5100.0,5150.0,5075.0,5075.0,149191300.0
2023-06-06 09:00:00+00:00,5050.0,5100.0,4950.0,5050.0,244590500.0
2023-06-07 09:00:00+00:00,5000.0,5075.0,5000.0,5025.0,130408700.0
2023-06-08 09:00:00+00:00,5000.0,5075.0,5000.0,5025.0,173484200.0
2023-06-09 09:00:00+00:00,5025.0,5125.0,5000.0,5125.0,150849200.0
2023-06-12 09:00:00+00:00,5100.0,5125.0,5050.0,5100.0,91080300.0
2023-06-13 09:00:00+00:00,5100.0,5175.0,5050.0,5100.0,143804700.0
2023-06-14 09:00:00+00:00,5125.0,5150.0,5050.0,5050.0,96670300.0
2023-06-15 09:00:00+00:00,5050.0,5150.0,5050.0,5125.0,94097900.0
2023-06-16 09:00:00+00:00,5125.0,5150.0,5075.0,5150.0,103942500.0
2023-06-19 09:00:00+00:00,5100.0,5150.0,5100.0,5125.0,36211300.0
2023-06-20 09:00:00+00:00,5100.0,5125.0,5050.0,5100.0,44316800.0
2023-06-21 09:00:00+00:00,5050.0,5100.0,5050.0,5100.0,58061600.0
2023-06-22 09:00:00+00:00,5100.0,5150.0,5075.0,5075.0,60457300.0
2023-06-23 09:00:00+00:00,5075.0,5125.0,5050.0,5075.0,47276900.0
2023-06-26 09:00:00+00:00,5100.0,5175.0,5075.0,5125.0,74263700.0
2023-06-27 09:00:00+00:00,5175.0,5250.0,5150.0,5200.0,101592900.0
2023-07-03 09:00:00+00:00,5125.0,5350.0,5125.0,5350.0,227354700.0
2023-07-04 09:00:00+00:00,5400.0,5400.0,5225.0,5250.0,119841200.0
2023-07-05 09:00:00+00:00,5300.0,5325.0,5250.0,5275.0,78430000.0
2023-07-06 09:00:00+00:00,5300.0,5350.0,5250.0,5300.0,90981000.0
2023-07-07 09:00:00+00:00,5275.0,5300.0,5150.0,5150.0,128515100.0
2023-07-10 09:00:00+00:00,5175.0,5225.0,5150.0,5175.0,82685700.0
2023-07-11 09:00:00+00:00,5200.0,5300.0,5175.0,5275.0,100578900.0
2023-07-12 09:00:00+00:00,5300.0,5375.0,5250.0,5300.0,123947700.0
2023-07-13 09:00:00+00:00,5375.0,5375.0,5275.0,5350.0,101281200.0
2023-07-14 09:00:00+00:00,5400.0,5425.0,5350.0,5400.0,122343600.0
2023-07-17 09:00:00+00:00,5425.0,5475.0,5375.0,5375.0,99897600.0
2023-07-18 09:00:00+00:00,5375.0,5425.0,5300.0,5350.0,65073800.0
2023-07-20 09:00:00+00:00,5400.0,5550.0,5400.0,5525.0,132054000.0
2023-07-21 09:00:00+00:00,5550.0,5575.0,5450.0,5550.0,111275700.0
2023-07-24 09:00:00+00:00,5550.0,5625.0,5500.0,5500.0,54865000.0
2023-07-25 09:00:00+00:00,5550.0,5575.0,5500.0,5550.0,65237300.0
2023-07-26 09:00:00+00:00,5550.0,5600.0,5525.0,5575.0,88526700.0
2023-07-27 09:00:00+00:00,5575.0,5700.0,5575.0,5625.0,86556200.0
2023-07-28 09:00:00+00:00,5625.0,5725.0,5625.0,5700.0,121968500.0
2023-07-31 09:00:00+00:00,5800.0,5800.0,5625.0,5725.0,189375700.0
2023-08-01 09:00:00+00:00,5650.0,5725.0,5600.0,5650.0,114702500.0
2023-08-02 09:00:00+00:00,5625.0,5750.0,5600.0,5700.0,133546200.0
2023-08-03 09:00:00+00:00,5725.0,5825.0,5700.0,5800.0,68587500.0
2023-08-04 09:00:00+00:00,5800.0,5825.0,5750.0,5775.0,47144200.0
2023-08-07 09:00:00+00:00,5850.0,5925.0,5825.0,5875.0,104342100.0
2023-08-08 09:00:00+00:00,5900.0,5950.0,5875.0,5900.0,66473200.0
2023-08-09 09:00:00+00:00,5900.0,5950.0,5850.0,5900.0,64495400.0
2023-08-10 09:00:00+00:00,5925.0,6000.0,5900.0,5975.0,78859600.0
2023-08-11 09:00:00+00:00,5975.0,6025.0,5900.0,5925.0,46568600.0
2023-08-14 09:00:00+00:00,5925.0,5950.0,5800.0,5950.0,86460500.0
2023-08-15 09:00:00+00:00,5900.0,5925.0,5800.0,5800.0,116815700.0
2023-08-16 09:00:00+00:00,5775.0,5800.0,5675.0,5800.0,163744100.0
2023-08-18 09:00:00+00:00,5725.0,5825.0,5725.0,5775.0,104894600.0
2023-08-21 09:00:00+00:00,5800.0,5875.0,5800.0,5825.0,61845800.0
2023-08-22 09:00:00+00:00,5800.0,5950.0,5800.0,5950.0,93617200.0
2023-08-23 09:00:00+00:00,5950.0,5950.0,5850.0,5850.0,40844700.0
2023-08-24 09:00:00+00:00,5900.0,5950.0,5875.0,5950.0,42648300.0
2023-08-25 09:00:00+00:00,5900.0,5925.0,5825.0,5900.0,65093100.0
2023-08-28 09:00:00+00:00,5950.0,6025.0,5900.0,6000.0,63980400.0
2023-08-29 09:00:00+00:00,6000.0,6025.0,5950.0,5950.0,50839300.0
2023-08-30 09:00:00+00:00,5925.0,6100.0,5925.0,5975.0,65727400.0
2023-08-31 09:00:00+00:00,6000.0,6075.0,5900.0,6025.0,159062900.0
2023-09-01 09:00:00+00:00,6075.0,6125.0,6050.0,6075.0,50796000.0
2023-09-04 09:00:00+00:00,6075.0,6150.0,6050.0,6100.0,56317700.0
2023-09-05 09:00:00+00:00,6100.0,6150.0,6075.0,6100.0,24893100.0
2023-09-06 09:00:00+00:00,6050.0,6125.0,6050.0,6050.0,40547800.0
2023-09-07 09:00:00+00:00,6000.0,6025.0,5825.0,5875.0,124351400.0
2023-09-08 09:00:00+00:00,5900.0,5925.0,5775.0,5900.0,81980400.0
2023-09-11 09:00:00+00:00,5900.0,5925.0,5825.0,5925.0,74510600.0
2023-09-12 09:00:00+00:00,5950.0,5950.0,5850.0,5875.0,54076800.0
2023-09-13 09:00:00+00:00,5825.0,5850.0,5775.0,5850.0,69884000.0
2023-09-14 09:00:00+00:00,5825.0,5875.0,5775.0,5825.0,59132600.0
2023-09-15 09:00:00+00:00,5900.0,5975.0,5850.0,5925.0,165106200.0
2023-09-18 09:00:00+00:00,5900.0,5950.0,5875.0,5900.0,53450400.0
2023-09-19 09:00:00+00:00,5900.0,6075.0,5875.0,6000.0,84608400.0
2023-09-20 09:00:00+00:00,6100.0,6125.0,6050.0,6075.0,64864900.0
2023-09-21 09:00:00+00:00,6050.0,6075.0,5975.0,6000.0,60535000.0
2023-09-22 09:00:00+00:00,6000.0,6050.0,5975.0,6000.0,51069900.0
2023-09-25 09:00:00+00:00,6000.0,6050.0,5975.0,6000.0,40650900.0
2023-09-26 09:00:00+00:00,5975.0,6000.0,5850.0,5925.0,109786400.0
2023-09-27 09:00:00+00:00,5925.0,6050.0,5900.0,6000.0,75050600.0
2023-09-29 09:00:00+00:00,6050.0,6050.0,6000.0,6025.0,71554100.0
2023-10-02 09:00:00+00:00,6025.0,6100.0,6025.0,6050.0,33296500.0
2023-10-03 09:00:00+00:00,6000.0,6075.0,6000.0,6075.0,37093100.0
2023-10-04 09:00:00+00:00,6075.0,6125.0,5975.0,6125.0,69154000.0
2023-10-05 09:00:00+00:00,6150.0,6200.0,6100.0,6125.0,69566800.0
2023-10-06 09:00:00+00:00,6150.0,6150.0,6025.0,6025.0,25913600.0
2023-10-09 09:00:00+00:00,6025.0,6050.0,5900.0,5900.0,45321700.0
2023-10-10 09:00:00+00:00,5900.0,6075.0,5900.0,6000.0,42820800.0
2023-10-11 09:00:00+00:00,5950.0,6175.0,5950.0,6050.0,72955000.0
2023-10-12 09:00:00+00:00,6075.0,6175.0,6050.0,6075.0,91341800.0
2023-10-13 09:00:00+00:00,6075.0,6150.0,6025.0,6075.0,39914700.0
2023-10-16 09:00:00+00:00,6025.0,6075.0,5975.0,6025.0,53416400.0
2023-10-17 09:00:00+00:00,6000.0,6025.0,5925.0,6000.0,74702300.0
2023-10-18 09:00:00+00:00,5925.0,5950.0,5825.0,5850.0,80637400.0
2023-10-19 09:00:00+00:00,5775.0,5800.0,5700.0,5725.0,160277800.0
2023-10-20 09:00:00+00:00,5675.0,5800.0,5650.0,5750.0,82132000.0
2023-10-23 09:00:00+00:00,5700.0,5725.0,5625.0,5675.0,73897500.0
2023-10-24 09:00:00+00:00,5700.0,5800.0,5675.0,5750.0,72469200.0
2023-10-25 09:00:00+00:00,5825.0,5900.0,5775.0,5850.0,90426500.0
2023-10-26 09:00:00+00:00,5800.0,5850.0,5700.0,5700.0,86348700.0
2023-10-27 09:00:00+00:00,5750.0,5775.0,5700.0,5700.0,90177000.0
2023-10-30 09:00:00+00:00,5700.0,5725.0,5625.0,5725.0,81547000.0
2023-10-31 09:00:00+00:00,5800.0,5850.0,5650.0,5675.0,99449400.0
2023-11-01 09:00:00+00:00,5700.0,5700.0,5625.0,5650.0,74281200.0
2023-11-02 09:00:00+00:00,5750.0,5925.0,5725.0,5900.0,115678200.0
2023-11-03 09:00:00+00:00,5925.0,5975.0,5825.0,5825.0,53379500.0
2023-11-06 09:00:00+00:00,5900.0,5925.0,5850.0,5925.0,58266100.0
2023-11-07 09:00:00+00:00,5950.0,5975.0,5800.0,5875.0,56161300.0
2023-11-08 09:00:00+00:00,5775.0,5850.0,5725.0,5850.0,63442400.0
2023-11-09 09:00:00+00:00,5825.0,5900.0,5800.0,5875.0,45026200.0
2023-11-10 09:00:00+00:00,5850.0,5850.0,5775.0,5775.0,59611500.0
2023-11-13 09:00:00+00:00,5850.0,5850.0,5800.0,5825.0,17444600.0
2023-11-14 09:00:00+00:00,5825.0,5900.0,5800.0,5825.0,50587800.0
2023-11-15 09:00:00+00:00,5900.0,5975.0,5875.0,5925.0,74255700.0
2023-11-16 09:00:00+00:00,5850.0,5925.0,5825.0,5925.0,36004500.0
2023-11-17 09:00:00+00:00,5875.0,5950.0,5850.0,5900.0,33963900.0
2023-11-20 09:00:00+00:00,5825.0,5925.0,5825.0,5875.0,20014600.0
2023-11-21 09:00:00+00:00,5850.0,5925.0,5825.0,5875.0,55094300.0
2023-11-22 09:00:00+00:00,5825.0,5900.0,5825.0,5875.0,21111100.0
2023-11-23 09:00:00+00:00,5950.0,5950.0,5900.0,5900.0,36725600.0
2023-11-24 09:00:00+00:00,5925.0,5925.0,5850.0,5875.0,27087900.0
2023-11-27 09:00:00+00:00,5900.0,5925.0,5875.0,5900.0,39719300.0
2023-11-28 09:00:00+00:00,5900.0,5925.0,5875.0,5900.0,58255800.0
2023-11-29 09:00:00+00:00,5850.0,5925.0,5825.0,5850.0,36796600.0
2023-11-30 09:00:00+00:00,5850.0,5925.0,5825.0,5850.0,117365000.0
2023-12-01 09:00:00+00:00,5850.0,5900.0,5825.0,5900.0,31365100.0
2023-12-04 09:00:00+00:00,5925.0,6025.0,5900.0,6000.0,66145100.0
2023-12-05 09:00:00+00:00,6000.0,6000.0,5875.0,5975.0,58668400.0
2023-12-06 09:00:00+00:00,5925.0,5950.0,5800.0,5800.0,88747200.0
2023-12-07 09:00:00+00:00,5800.0,5825.0,5725.0,5750.0,97966700.0
2023-12-08 09:00:00+00:00,5750.0,5775.0,5650.0,5700.0,98036700.0
2023-12-11 09:00:00+00:00,5650.0,5800.0,5650.0,5775.0,68655000.0
2023-12-12 09:00:00+00:00,5800.0,5825.0,5750.0,5800.0,55110500.0
2023-12-13 09:00:00+00:00,5750.0,5775.0,5700.0,5725.0,121450600.0
2023-12-14 09:00:00+00:00,5825.0,6025.0,5800.0,5950.0,171595800.0
2023-12-15 09:00:00+00:00,5950.0,6000.0,5900.0,5900.0,142382200.0
2023-12-18 09:00:00+00:00,5850.0,5950.0,5850.0,5925.0,101458600.0
2023-12-19 09:00:00+00:00,5950.0,5975.0,5925.0,5975.0,40763200.0
2023-12-20 09:00:00+00:00,5900.0,5975.0,5900.0,5925.0,65361000.0
2023-12-21 09:00:00+00:00,5950.0,5975.0,5925.0,5975.0,50363900.0
2023-12-22 09:00:00+00:00,5950.0,5975.0,5925.0,5975.0,29975600.0
2023-12-27 09:00:00+00:00,6000.0,6025.0,5925.0,6000.0,43114900.0
2023-12-28 09:00:00+00:00,6050.0,6150.0,6000.0,6125.0,75118700.0
2023-12-29 09:00:00+00:00,6125.0,6125.0,6000.0,6050.0,63097100.0
2024-01-02 09:00:00+00:00,6050.0,6125.0,6025.0,6125.0,26235700.0
2024-01-03 09:00:00+00:00,6100.0,6150.0,6050.0,6100.0,30053900.0
2024-01-04 09:00:00+00:00,6125.0,6400.0,6100.0,6350.0,135344500.0
2024-01-05 09:00:00+00:00,6400.0,6475.0,6350.0,6425.0,114339400.0
2024-01-08 09:00:00+00:00,6500.0,6600.0,6375.0,6400.0,151018300.0
2024-01-09 09:00:00+00:00,6425.0,6450.0,6350.0,6375.0,77953400.0
2024-01-10 09:00:00+00:00,6375.0,6450.0,6325.0,6425.0,50019800.0
2024-01-11 09:00:00+00:00,6425.0,6500.0,6400.0,6450.0,32120200.0
2024-01-12 09:00:00+00:00,6575.0,6675.0,6525.0,6575.0,114039700.0
2024-01-15 09:00:00+00:00,6575.0,6625.0,6475.0,6500.0,83066800.0
2024-01-16 09:00:00+00:00,6525.0,6625.0,6500.0,6525.0,83516800.0
2024-01-17 09:00:00+00:00,6525.0,6625.0,6500.0,6525.0,80929000.0
2024-01-18 09:00:00+00:00,6525.0,6550.0,6475.0,6525.0,78209900.0
2024-01-19 09:00:00+00:00,6500.0,6525.0,6425.0,6525.0,74814000.0
2024-01-22 09:00:00+00:00,6500.0,6550.0,6450.0,6500.0,96993100.0
2024-01-23 09:00:00+00:00,6525.0,6550.0,6450.0,6500.0,77037800.0
2024-01-24 09:00:00+00:00,6450.0,6475.0,6350.0,6400.0,97290600.0
2024-01-25 09:00:00+00:00,6325.0,6400.0,6250.0,6275.0,99094100.0
2024-01-26 09:00:00+00:00,6250.0,6325.0,6225.0,6300.0,77236800.0
2024-01-29 09:00:00+00:00,6350.0,6475.0,6275.0,6475.0,124753000.0
2024-01-30 09:00:00+00:00,6475.0,6700.0,6450.0,6650.0,123330900.0
2024-01-31 09:00:00+00:00,6650.0,6700.0,6650.0,6650.0,128185000.0
2024-02-01 09:00:00+00:00,6575.0,6625.0,6500.0,6550.0,168145800.0
2024-02-02 09:00:00+00:00,6625.0,6675.0,6600.0,6675.0,120116200.0
2024-02-05 09:00:00+00:00,6700.0,6950.0,6675.0,6825.0,150535100.0
2024-02-06 09:00:00+00:00,6825.0,6925.0,6775.0,6850.0,90146000.0
2024-02-07 09:00:00+00:00,6875.0,6950.0,6850.0,6950.0,88745500.0
2024-02-12 09:00:00+00:00,7150.0,7200.0,7050.0,7100.0,162771300.0
2024-02-13 09:00:00+00:00,7100.0,7125.0,7025.0,7025.0,102668900.0
2024-02-15 09:00:00+00:00,7300.0,7375.0,7150.0,7200.0,220530000.0
2024-02-16 09:00:00+00:00,7375.0,7400.0,7200.0,7200.0,142022100.0
2024-02-19 09:00:00+00:00,7150.0,7325.0,7125.0,7150.0,83753500.0
2024-02-20 09:00:00+00:00,7250.0,7250.0,7150.0,7150.0,87312000.0
2024-02-21 09:00:00+00:00,7125.0,7250.0,7075.0,7250.0,128063900.0
2024-02-22 09:00:00+00:00,7175.0,7200.0,7100.0,7100.0,85735800.0
2024-02-23 09:00:00+00:00,7050.0,7100.0,7000.0,7050.0,109404700.0
2024-02-26 09:00:00+00:00,6950.0,7075.0,6950.0,7050.0,65407700.0
2024-02-27 09:00:00+00:00,6975.0,7100.0,6975.0,7075.0,58066100.0
2024-02-28 09:00:00+00:00,7025.0,7125.0,7025.0,7125.0,49888400.0
2024-02-29 09:00:00+00:00,7125.0,7150.0,7000.0,7000.0,150713600.0
2024-03-01 09:00:00+00:00,7050.0,7075.0,6975.0,7025.0,90739400.0
2024-03-04 09:00:00+00:00,7000.0,7050.0,6975.0,7025.0,44707200.0
2024-03-05 09:00:00+00:00,7075.0,7100.0,7000.0,7025.0,92557200.0
2024-03-06 09:00:00+00:00,7000.0,7100.0,7000.0,7075.0,74178100.0
2024-03-07 09:00:00+00:00,7075.0,7125.0,7025.0,7100.0,94950400.0
2024-03-08 09:00:00+00:00,7150.0,7175.0,7100.0,7125.0,109032400.0
2024-03-13 09:00:00+00:00,7250.0,7275.0,7150.0,7275.0,126022700.0
2024-03-14 09:00:00+00:00,7250.0,7400.0,7225.0,7400.0,161193000.0
2024-03-15 09:00:00+00:00,7450.0,7500.0,7275.0,7400.0,250581100.0
2024-03-18 09:00:00+00:00,7425.0,7425.0,7175.0,7175.0,105778200.0
2024-03-19 09:00:00+00:00,7250.0,7350.0,7225.0,7275.0,100836600.0
2024-03-20 09:00:00+00:00,7050.0,7050.0,7000.0,7050.0,83416700.0
2024-03-21 09:00:00+00:00,7100.0,7200.0,7050.0,7050.0,81774800.0
2024-03-22 09:00:00+00:00,7000.0,7075.0,6950.0,7050.0,65219900.0
2024-03-25 09:00:00+00:00,7250.0,7250.0,7000.0,7250.0,78212700.0
2024-03-26 09:00:00+00:00,7225.0,7225.0,7125.0,7175.0,74274300.0
2024-03-27 09:00:00+00:00,7200.0,7250.0,7175.0,7175.0,46295700.0
2024-03-28 09:00:00+00:00,7150.0,7250.0,7125.0,7250.0,90900900.0
2024-04-01 09:00:00+00:00,7250.0,7250.0,6750.0,6900.0,158358600.0
2024-04-02 09:00:00+00:00,6900.0,6900.0,6700.0,6900.0,135764900.0
2024-04-03 09:00:00+00:00,6950.0,6950.0,6675.0,6775.0,115372600.0
2024-04-04 09:00:00+00:00,6750.0,6925.0,6750.0,6875.0,63174900.0
2024-04-05 09:00:00+00:00,6825.0,6900.0,6825.0,6825.0,46111500.0
2024-04-16 09:00:00+00:00,6350.0,6725.0,6300.0,6625.0,180012400.0
2024-04-17 09:00:00+00:00,6700.0,6775.0,6625.0,6625.0,83840200.0
2024-04-18 09:00:00+00:00,6800.0,6900.0,6725.0,6800.0,106893900.0
2024-04-19 09:00:00+00:00,6725.0,6800.0,6650.0,6725.0,47943300.0
2024-04-22 09:00:00+00:00,6875.0,6875.0,6575.0,6725.0,121727900.0
2024-04-23 09:00:00+00:00,6850.0,6925.0,6725.0,6825.0,106699200.0
2024-04-24 09:00:00+00:00,6925.0,7050.0,6900.0,7050.0,117586500.0
2024-04-25 09:00:00+00:00,7050.0,7075.0,6925.0,6950.0,111803500.0
2024-04-26 09:00:00+00:00,7000.0,7025.0,6750.0,6750.0,125875000.0
2024-04-29 09:00:00+00:00,6650.0,6950.0,6650.0,6925.0,77938400.0
2024-04-30 09:00:00+00:00,6800.0,7050.0,6775.0,6900.0,189991300.0
2024-05-02 09:00:00+00:00,6800.0,6800.0,6050.0,6325.0,501849300.0
2024-05-03 09:00:00+00:00,6300.0,6425.0,6050.0,6150.0,269305400.0
2024-05-06 09:00:00+00:00,6250.0,6400.0,6150.0,6275.0,184234200.0
2024-05-07 09:00:00+00:00,6325.0,6400.0,6250.0,6275.0,130410300.0
2024-05-08 09:00:00+00:00,6325.0,6450.0,6250.0,6275.0,117065300.0
2024-05-13 09:00:00+00:00,6200.0,6275.0,6125.0,6200.0,128638300.0
2024-05-14 09:00:00+00:00,6175.0,6300.0,6175.0,6200.0,94048400.0
2024-05-15 09:00:00+00:00,6200.0,6400.0,6200.0,6375.0,80923000.0
2024-05-16 09:00:00+00:00,6450.0,6500.0,6325.0,6350.0,114806300.0
2024-05-17 09:00:00+00:00,6350.0,6650.0,6350.0,6575.0,133153900.0
2024-05-20 09:00:00+00:00,6550.0,6625.0,6200.0,6325.0,168796000.0
2024-05-21 09:00:00+00:00,6225.0,6275.0,5975.0,6025.0,307362900.0
2024-05-22 09:00:00+00:00,6000.0,6150.0,5950.0,6050.0,171675900.0
2024-05-27 09:00:00+00:00,6025.0,6050.0,5825.0,5825.0,258450900.0
2024-05-28 09:00:00+00:00,5850.0,6025.0,5825.0,5950.0,93701700.0
2024-05-29 09:00:00+00:00,5825.0,5875.0,5700.0,5800.0,169386300.0
2024-05-30 09:00:00+00:00,5775.0,6000.0,5525.0,5875.0,236632600.0
2024-05-31 09:00:00+00:00,6000.0,6025.0,5900.0,5900.0,169567000.0
2024-06-03 09:00:00+00:00,6075.0,6150.0,6025.0,6100.0,92525600.0
2024-06-04 09:00:00+00:00,6150.0,6275.0,6125.0,6150.0,137800600.0
2024-06-05 09:00:00+00:00,6125.0,6150.0,5975.0,6000.0,102327300.0
2024-06-06 09:00:00+00:00,6125.0,6200.0,6075.0,6175.0,85735200.0
2024-06-07 09:00:00+00:00,6250.0,6275.0,6150.0,6275.0,99092800.0
2024-06-10 09:00:00+00:00,6275.0,6350.0,6200.0,6275.0,80154400.0
2024-06-11 09:00:00+00:00,6200.0,6250.0,6125.0,6125.0,56254400.0
2024-06-12 09:00:00+00:00,6050.0,6075.0,5900.0,5925.0,120857200.0
2024-06-13 09:00:00+00:00,5975.0,6000.0,5850.0,5875.0,162616700.0
2024-06-14 09:00:00+00:00,5850.0,5875.0,5650.0,5750.0,203241500.0
2024-06-19 09:00:00+00:00,5775.0,5850.0,5675.0,5750.0,116004200.0
2024-06-20 09:00:00+00:00,5825.0,5950.0,5750.0,5950.0,82660000.0
2024-06-21 09:00:00+00:00,6050.0,6200.0,6025.0,6125.0,184240600.0
2024-06-24 09:00:00+00:00,6075.0,6125.0,6000.0,6000.0,58831900.0
2024-06-25 09:00:00+00:00,5925.0,5975.0,5825.0,5925.0,159983800.0
2024-06-26 09:00:00+00:00,5950.0,6025.0,5850.0,5850.0,92895700.0
2024-06-27 09:00:00+00:00,5900.0,6075.0,5875.0,6000.0,117602400.0
2024-06-28 09:00:00+00:00,6000.0,6250.0,6000.0,6150.0,191371600.0
2024-07-01 09:00:00+00:00,6175.0,6250.0,6100.0,6250.0,100408200.0
2024-07-02 09:00:00+00:00,6275.0,6350.0,6150.0,6200.0,159356600.0
2024-07-03 09:00:00+00:00,6275.0,6300.0,6100.0,6225.0,70017100.0
2024-07-04 09:00:00+00:00,6250.0,6400.0,6225.0,6250.0,90147800.0
2024-07-05 09:00:00+00:00,6325.0,6500.0,6300.0,6425.0,111646800.0
2024-07-08 09:00:00+00:00,6400.0,6425.0,6200.0,6225.0,138144000.0
2024-07-09 09:00:00+00:00,6225.0,6400.0,6200.0,6375.0,84177600.0
2024-07-10 09:00:00+00:00,6375.0,6450.0,6300.0,6375.0,59685300.0
2024-07-11 09:00:00+00:00,6400.0,6425.0,6350.0,6400.0,66789800.0
2024-07-12 09:00:00+00:00,6450.0,6550.0,6400.0,6425.0,136132200.0
2024-07-15 09:00:00+00:00,6450.0,6450.0,6300.0,6350.0,66071800.0
2024-07-16 09:00:00+00:00,6400.0,6400.0,6300.0,6350.0,64687900.0
2024-07-17 09:00:00+00:00,6450.0,6525.0,6375.0,6450.0,109729800.0
2024-07-18 09:00:00+00:00,6550.0,6600.0,6500.0,6550.0,132532000.0
2024-07-19 09:00:00+00:00,6500.0,6525.0,6450.0,6525.0,63165500.0
2024-07-22 09:00:00+00:00,6575.0,6700.0,6525.0,6700.0,110467000.0
2024-07-23 09:00:00+00:00,6750.0,6750.0,6550.0,6625.0,77861700.0
2024-07-24 09:00:00+00:00,6500.0,6575.0,6475.0,6475.0,63940900.0
2024-07-25 09:00:00+00:00,6450.0,6575.0,6400.0,6575.0,66655400.0
2024-07-26 09:00:00+00:00,6575.0,6625.0,6500.0,6550.0,76519500.0
2024-07-29 09:00:00+00:00,6550.0,6550.0,6450.0,6475.0,54435300.0
2024-07-30 09:00:00+00:00,6475.0,6550.0,6375.0,6475.0,86701400.0
2024-07-31 09:00:00+00:00,6400.0,6475.0,6375.0,6400.0,99004100.0
2024-08-01 09:00:00+00:00,6550.0,6750.0,6500.0,6750.0,163086200.0
2024-08-02 09:00:00+00:00,6700.0,6875.0,6675.0,6800.0,167892400.0
2024-08-05 09:00:00+00:00,6700.0,6725.0,6500.0,6575.0,184384000.0
2024-08-06 09:00:00+00:00,6650.0,6700.0,6525.0,6625.0,95785000.0
2024-08-07 09:00:00+00:00,6725.0,6775.0,6650.0,6775.0,84582200.0
2024-08-08 09:00:00+00:00,6800.0,6850.0,6725.0,6800.0,81408500.0
2024-08-09 09:00:00+00:00,6825.0,6900.0,6800.0,6850.0,79710700.0
2024-08-12 09:00:00+00:00,6875.0,6900.0,6775.0,6900.0,50756000.0
2024-08-13 09:00:00+00:00,6850.0,7000.0,6850.0,7000.0,68666000.0
2024-08-14 09:00:00+00:00,7075.0,7100.0,7025.0,7075.0,97695100.0
2024-08-15 09:00:00+00:00,7075.0,7075.0,6925.0,7025.0,75955500.0
2024-08-16 09:00:00+00:00,7075.0,7125.0,7025.0,7075.0,64266400.0
2024-08-19 09:00:00+00:00,7075.0,7150.0,7025.0,7150.0,50246100.0
2024-08-20 09:00:00+00:00,7200.0,7350.0,7150.0,7200.0,102615900.0
2024-08-21 09:00:00+00:00,7300.0,7300.0,7225.0,7250.0,88487800.0
2024-08-22 09:00:00+00:00,7150.0,7175.0,6925.0,7050.0,157323000.0
2024-08-23 09:00:00+00:00,7000.0,7075.0,6975.0,7050.0,111752100.0
2024-08-26 09:00:00+00:00,7050.0,7100.0,7000.0,7050.0,78515400.0
2024-08-27 09:00:00+00:00,7025.0,7050.0,6925.0,7025.0,91686700.0
2024-08-28 09:00:00+00:00,7025.0,7225.0,7000.0,7225.0,114606200.0
2024-08-29 09:00:00+00:00,7300.0,7300.0,7100.0,7100.0,94475900.0
2024-08-30 09:00:00+00:00,7100.0,7175.0,7075.0,7125.0,153760500.0
2024-09-02 09:00:00+00:00,7200.0,7275.0,7125.0,7200.0,82176000.0
2024-09-03 09:00:00+00:00,7200.0,7250.0,7050.0,7075.0,75100800.0
2024-09-04 09:00:00+00:00,7000.0,7175.0,7000.0,7175.0,78789800.0
2024-09-05 09:00:00+00:00,7125.0,7225.0,7125.0,7175.0,59432000.0
2024-09-06 09:00:00+00:00,7175.0,7275.0,7150.0,7250.0,63619300.0
2024-09-09 09:00:00+00:00,7250.0,7250.0,7200.0,7250.0,71430300.0
2024-09-10 09:00:00+00:00,7250.0,7275.0,7225.0,7250.0,73515700.0
2024-09-11 09:00:00+00:00,7300.0,7400.0,7275.0,7375.0,91822300.0
2024-09-12 09:00:00+00:00,7375.0,7425.0,7300.0,7300.0,68254300.0
2024-09-13 09:00:00+00:00,7300.0,7300.0,7225.0,7275.0,45854000.0
2024-09-17 09:00:00+00:00,7325.0,7450.0,7300.0,7425.0,96428000.0
2024-09-18 09:00:00+00:00,7375.0,7450.0,7350.0,7400.0,47279200.0
2024-09-19 09:00:00+00:00,7450.0,7550.0,7400.0,7400.0,124377800.0
2024-09-20 09:00:00+00:00,7400.0,7425.0,7300.0,7300.0,97901700.0
2024-09-23 09:00:00+00:00,7325.0,7450.0,7300.0,7450.0,79675600.0
2024-09-24 09:00:00+00:00,7400.0,7475.0,7375.0,7425.0,81817100.0
2024-09-25 09:00:00+00:00,7350.0,7350.0,7050.0,7200.0,192197100.0
2024-09-26 09:00:00+00:00,7175.0,7200.0,7100.0,7175.0,173044000.0
2024-09-27 09:00:00+00:00,7025.0,7125.0,7000.0,7050.0,161405200.0
2024-09-30 09:00:00+00:00,7000.0,7025.0,6875.0,6925.0,166203500.0
2024-10-01 09:00:00+00:00,7000.0,7075.0,6950.0,7050.0,82690100.0
2024-10-02 09:00:00+00:00,7025.0,7100.0,6925.0,6975.0,91076400.0
2024-10-03 09:00:00+00:00,7000.0,7075.0,6900.0,7050.0,86264900.0
2024-10-04 09:00:00+00:00,7025.0,7050.0,6900.0,6950.0,79485300.0
2024-10-07 09:00:00+00:00,6925.0,6925.0,6800.0,6875.0,103943100.0
2024-10-08 09:00:00+00:00,6825.0,7175.0,6775.0,7075.0,132141500.0
2024-10-09 09:00:00+00:00,7075.0,7175.0,6950.0,6950.0,76515700.0
2024-10-10 09:00:00+00:00,6925.0,7050.0,6900.0,6950.0,44291900.0
2024-10-11 09:00:00+00:00,7025.0,7025.0,6925.0,6950.0,45331500.0
2024-10-14 09:00:00+00:00,6925.0,6975.0,6900.0,6925.0,55885300.0
2024-10-15 09:00:00+00:00,7000.0,7100.0,6925.0,7050.0,90358600.0
2024-10-16 09:00:00+00:00,7050.0,7075.0,6925.0,7000.0,133022500.0
2024-10-17 09:00:00+00:00,7050.0,7250.0,7000.0,7225.0,90219900.0
2024-10-18 09:00:00+00:00,7275.0,7300.0,7175.0,7175.0,57379200.0
2024-10-21 09:00:00+00:00,7250.0,7250.0,7125.0,7200.0,43056000.0
2024-10-22 09:00:00+00:00,7150.0,7175.0,7075.0,7075.0,43582700.0
2024-10-23 09:00:00+00:00,7075.0,7125.0,7025.0,7075.0,38222900.0
2024-10-24 09:00:00+00:00,7000.0,7150.0,6975.0,6975.0,65877100.0
2024-10-25 09:00:00+00:00,6975.0,7050.0,6975.0,7050.0,34637500.0
2024-10-28 09:00:00+00:00,7075.0,7075.0,6800.0,6825.0,114500800.0
2024-10-29 09:00:00+00:00,6800.0,6850.0,6725.0,6825.0,91268300.0
2024-10-30 09:00:00+00:00,6575.0,6775.0,6575.0,6750.0,122132700.0
2024-10-31 09:00:00+00:00,6750.0,6825.0,6700.0,6700.0,126730700.0
2024-11-01 09:00:00+00:00,6725.0,6725.0,6550.0,6650.0,101423100.0
2024-11-04 09:00:00+00:00,6600.0,6800.0,6525.0,6750.0,80208800.0
2024-11-05 09:00:00+00:00,6725.0,6950.0,6675.0,6925.0,88661200.0
2024-11-06 09:00:00+00:00,6925.0,6925.0,6550.0,6550.0,147272800.0
2024-11-07 09:00:00+00:00,6500.0,6550.0,6425.0,6425.0,154758500.0
2024-11-08 09:00:00+00:00,6425.0,6525.0,6275.0,6325.0,192423000.0
2024-11-11 09:00:00+00:00,6300.0,6450.0,6150.0,6350.0,125606000.0
2024-11-12 09:00:00+00:00,6375.0,6450.0,6325.0,6375.0,117281700.0
2024-11-13 09:00:00+00:00,6500.0,6550.0,6400.0,6425.0,102748300.0
2024-11-14 09:00:00+00:00,6375.0,6475.0,6350.0,6375.0,69750600.0
2024-11-15 09:00:00+00:00,6300.0,6400.0,6300.0,6350.0,41079700.0
2024-11-18 09:00:00+00:00,6350.0,6425.0,6225.0,6325.0,77471700.0
2024-11-19 09:00:00+00:00,6375.0,6375.0,6225.0,6250.0,95495700.0
2024-11-20 09:00:00+00:00,6325.0,6350.0,6200.0,6225.0,68707200.0
2024-11-21 09:00:00+00:00,6225.0,6225.0,6125.0,6150.0,76579300.0
2024-11-22 09:00:00+00:00,6125.0,6300.0,6100.0,6250.0,80236400.0
2024-11-25 09:00:00+00:00,6325.0,6600.0,6325.0,6575.0,183449100.0
2024-11-26 09:00:00+00:00,6600.0,6600.0,6325.0,6400.0,107194300.0
2024-11-28 09:00:00+00:00,6350.0,6525.0,6350.0,6450.0,81883200.0
2024-11-29 09:00:00+00:00,6325.0,6375.0,6125.0,6150.0,157628700.0
2024-12-02 09:00:00+00:00,6175.0,6250.0,5975.0,6000.0,114555300.0
2024-12-03 09:00:00+00:00,6100.0,6275.0,6100.0,6275.0,99509800.0
2024-12-04 09:00:00+00:00,6275.0,6450.0,6225.0,6375.0,75260000.0
2024-12-05 09:00:00+00:00,6350.0,6375.0,6150.0,6150.0,69528700.0
2024-12-06 09:00:00+00:00,6200.0,6275.0,6125.0,6225.0,75989700.0
2024-12-09 09:00:00+00:00,6175.0,6375.0,6175.0,6375.0,74220300.0
2024-12-10 09:00:00+00:00,6275.0,6325.0,6225.0,6300.0,92245000.0
2024-12-11 09:00:00+00:00,6300.0,6400.0,6300.0,6300.0,62509600.0
2024-12-12 09:00:00+00:00,6200.0,6225.0,6100.0,6125.0,96707500.0
2024-12-13 09:00:00+00:00,6025.0,6100.0,5975.0,6025.0,135581400.0
2024-12-16 09:00:00+00:00,5900.0,6100.0,5900.0,6075.0,105375900.0
2024-12-17 09:00:00+00:00,6050.0,6075.0,5925.0,5950.0,72109300.0
2024-12-18 09:00:00+00:00,5925.0,6000.0,5775.0,5825.0,153164600.0
2024-12-19 09:00:00+00:00,5625.0,5725.0,5600.0,5675.0,277793000.0
2024-12-20 09:00:00+00:00,5675.0,5750.0,5625.0,5675.0,148568600.0
2024-12-23 09:00:00+00:00,5800.0,5875.0,5725.0,5825.0,82910100.0
2024-12-24 09:00:00+00:00,5825.0,5875.0,5750.0,5750.0,41240900.0
2024-12-27 09:00:00+00:00,5750.0,5850.0,5750.0,5800.0,46126800.0
2024-12-30 09:00:00+00:00,5675.0,5750.0,5650.0,5700.0,96782100.0
2025-01-02 09:00:00+00:00,5700.0,5850.0,5700.0,5850.0,82914600.0
2025-01-03 09:00:00+00:00,5850.0,5875.0,5775.0,5800.0,58067100.0
2025-01-06 09:00:00+00:00,5825.0,5825.0,5650.0,5675.0,68443700.0
2025-01-07 09:00:00+00:00,5600.0,5650.0,5550.0,5600.0,96982300.0
2025-01-08 09:00:00+00:00,5600.0,5750.0,5600.0,5750.0,118246100.0
2025-01-09 09:00:00+00:00,5725.0,5775.0,5700.0,5750.0,56491700.0
2025-01-10 09:00:00+00:00,5750.0,5775.0,5600.0,5600.0,77751500.0
2025-01-13 09:00:00+00:00,5500.0,5550.0,5475.0,5525.0,99953900.0
2025-01-14 09:00:00+00:00,5425.0,5575.0,5400.0,5400.0,97351900.0
2025-01-15 09:00:00+00:00,5475.0,5825.0,5450.0,5750.0,194025700.0
2025-01-16 09:00:00+00:00,6075.0,6200.0,5850.0,5875.0,204359900.0
2025-01-17 09:00:00+00:00,5800.0,6050.0,5750.0,5875.0,114054600.0
2025-01-20 09:00:00+00:00,6000.0,6050.0,5925.0,6000.0,84338400.0
2025-01-21 09:00:00+00:00,6100.0,6175.0,6025.0,6050.0,115355900.0
2025-01-22 09:00:00+00:00,6150.0,6200.0,6100.0,6150.0,117929800.0
2025-01-23 09:00:00+00:00,6200.0,6300.0,6175.0,6175.0,120893700.0
2025-01-24 09:00:00+00:00,6250.0,6250.0,6125.0,6125.0,96161800.0
2025-01-30 09:00:00+00:00,6100.0,6225.0,6075.0,6100.0,101400400.0
2025-01-31 09:00:00+00:00,6175.0,6225.0,6025.0,6025.0,107861000.0
2025-02-03 09:00:00+00:00,5975.0,6000.0,5700.0,5800.0,182181700.0
2025-02-04 09:00:00+00:00,5825.0,5850.0,5625.0,5675.0,121871500.0
2025-02-05 09:00:00+00:00,5600.0,5600.0,5475.0,5525.0,185656000.0
2025-02-06 09:00:00+00:00,5425.0,5425.0,5000.0,5100.0,642118700.0
2025-02-07 09:00:00+00:00,5000.0,5150.0,4950.0,5150.0,407896100.0
2025-02-10 09:00:00+00:00,5150.0,5150.0,4990.0,5000.0,169384300.0
2025-02-11 09:00:00+00:00,4750.0,4950.0,4750.0,4880.0,316743200.0
2025-02-12 09:00:00+00:00,4920.0,4950.0,4830.0,4940.0,225073300.0
2025-02-13 09:00:00+00:00,4940.0,5075.0,4900.0,5025.0,215271400.0
2025-02-14 09:00:00+00:00,5100.0,5200.0,4970.0,5125.0,239709300.0
2025-02-17 09:00:00+00:00,5200.0,5475.0,5175.0,5425.0,223837300.0
2025-02-18 09:00:00+00:00,5450.0,5550.0,5375.0,5450.0,157430200.0
2025-02-19 09:00:00+00:00,5375.0,5400.0,5125.0,5175.0,204335500.0
2025-02-20 09:00:00+00:00,5125.0,5225.0,5100.0,5150.0,98363500.0
2025-02-21 09:00:00+00:00,5000.0,5100.0,5000.0,5075.0,152528600.0
2025-02-24 09:00:00+00:00,5050.0,5075.0,4980.0,5025.0,127578500.0
2025-02-25 09:00:00+00:00,5000.0,5025.0,4860.0,4870.0,224607800.0
2025-02-26 09:00:00+00:00,4860.0,4980.0,4850.0,4920.0,161836900.0
2025-02-27 09:00:00+00:00,4930.0,4950.0,4660.0,4660.0,334919800.0
2025-02-28 09:00:00+00:00,4620.0,4690.0,4550.0,4600.0,464696700.0
2025-03-03 09:00:00+00:00,4750.0,4980.0,4700.0,4900.0,257118300.0
2025-03-04 09:00:00+00:00,4900.0,4920.0,4750.0,4840.0,144346500.0
2025-03-05 09:00:00+00:00,4860.0,5050.0,4860.0,4860.0,252222800.0
2025-03-06 09:00:00+00:00,4910.0,4980.0,4870.0,4870.0,194909200.0
2025-03-07 09:00:00+00:00,4870.0,4870.0,4810.0,4840.0,117916600.0
2025-03-10 09:00:00+00:00,4730.0,4760.0,4660.0,4710.0,231152200.0
2025-03-11 09:00:00+00:00,4650.0,4780.0,4640.0,4740.0,150738100.0
2025-03-12 09:00:00+00:00,4750.0,4880.0,4750.0,4880.0,129973900.0
2025-03-13 09:00:00+00:00,4940.0,4940.0,4710.0,4740.0,176286000.0
2025-03-14 09:00:00+00:00,4640.0,4800.0,4640.0,4740.0,154331400.0
2025-03-17 09:00:00+00:00,4740.0,4770.0,4660.0,4680.0,135692800.0
2025-03-18 09:00:00+00:00,4680.0,4690.0,4300.0,4530.0,387565100.0
2025-03-19 09:00:00+00:00,4530.0,4700.0,4440.0,4680.0,273084900.0
2025-03-20 09:00:00+00:00,4760.0,4770.0,4610.0,4620.0,138209700.0
2025-03-21 09:00:00+00:00,4600.0,4610.0,4380.0,4410.0,374396400.0
2025-03-24 09:00:00+00:00,4350.0,4530.0,4250.0,4460.0,319017400.0
2025-03-25 09:00:00+00:00,4500.0,4810.0,4500.0,4740.0,313034100.0
2025-03-26 09:00:00+00:00,4980.0,5175.0,4930.0,5150.0,582172700.0
2025-03-27 09:00:00+00:00,5150.0,5250.0,5050.0,5200.0,301025300.0
2025-04-08 09:00:00+00:00,4500.0,4830.0,4500.0,4670.0,738455000.0
2025-04-09 09:00:00+00:00,4630.0,4790.0,4630.0,4710.0,316821100.0
2025-04-10 09:00:00+00:00,5200.0,5225.0,4970.0,5025.0,559966600.0
2025-04-11 09:00:00+00:00,5000.0,5175.0,4950.0,5100.0,384917500.0
2025-04-14 09:00:00+00:00,4650.0,4750.0,4650.0,4750.0,423716000.0
2025-04-15 09:00:00+00:00,4800.0,4820.0,4710.0,4710.0,230981700.0
2025-04-16 09:00:00+00:00,4740.0,4750.0,4590.0,4630.0,201660000.0
2025-04-17 09:00:00+00:00,4630.0,4660.0,4570.0,4600.0,165381400.0
2025-04-21 09:00:00+00:00,4600.0,4640.0,4560.0,4610.0,83034600.0
2025-04-22 09:00:00+00:00,4610.0,4720.0,4590.0,4720.0,126426200.0
2025-04-23 09:00:00+00:00,4780.0,4900.0,4740.0,4900.0,273395600.0
2025-04-24 09:00:00+00:00,4950.0,5025.0,4860.0,4890.0,282970000.0
2025-04-25 09:00:00+00:00,4960.0,4960.0,4900.0,4900.0,134208400.0
2025-04-28 09:00:00+00:00,4950.0,4980.0,4890.0,4920.0,90697900.0
2025-04-29 09:00:00+00:00,4930.0,4950.0,4880.0,4940.0,108857600.0
2025-04-30 09:00:00+00:00,4900.0,4920.0,4810.0,4890.0,278360600.0
2025-05-02 09:00:00+00:00,4980.0,4980.0,4910.0,4960.0,146800800.0
2025-05-05 09:00:00+00:00,4990.0,5100.0,4960.0,4980.0,154073100.0
2025-05-06 09:00:00+00:00,5025.0,5050.0,4980.0,4980.0,120165500.0
2025-05-07 09:00:00+00:00,5050.0,5050.0,4950.0,4950.0,100674600.0
2025-05-08 09:00:00+00:00,4960.0,5025.0,4790.0,4790.0,205199700.0
2025-05-09 09:00:00+00:00,4790.0,4830.0,4750.0,4770.0,164014200.0
2025-05-14 09:00:00+00:00,4890.0,5050.0,4880.0,5050.0,342468200.0
2025-05-15 09:00:00+00:00,5075.0,5400.0,5050.0,5325.0,300147300.0
2025-05-16 09:00:00+00:00,5425.0,5475.0,5200.0,5475.0,229382100.0
2025-05-19 09:00:00+00:00,5450.0,5575.0,5400.0,5525.0,191440600.0
2025-05-20 09:00:00+00:00,5500.0,5550.0,5350.0,5400.0,145525700.0
2025-05-21 09:00:00+00:00,5400.0,5550.0,5375.0,5450.0,167239400.0
2025-05-22 09:00:00+00:00,5450.0,5500.0,5400.0,5450.0,137585600.0
2025-05-23 09:00:00+00:00,5450.0,5475.0,5375.0,5425.0,67336400.0
2025-05-26 09:00:00+00:00,5425.0,5475.0,5300.0,5475.0,102960800.0
2025-05-27 09:00:00+00:00,5500.0,5500.0,5400.0,5400.0,86083800.0
2025-05-28 09:00:00+00:00,5400.0,5425.0,5300.0,5300.0,190669100.0
2025-06-02 09:00:00+00:00,5200.0,5250.0,5025.0,5075.0,373474500.0
2025-06-03 09:00:00+00:00,5100.0,5125.0,4950.0,5050.0,169321800.0
2025-06-04 09:00:00+00:00,5125.0,5125.0,4980.0,5025.0,139577800.0
2025-06-05 09:00:00+00:00,5050.0,5075.0,5000.0,5075.0,69179700.0
2025-06-10 09:00:00+00:00,5075.0,5250.0,5075.0,5250.0,158265000.0
2025-06-11 09:00:00+00:00,5300.0,5300.0,5150.0,5200.0,90666100.0
2025-06-12 09:00:00+00:00,5225.0,5225.0,5125.0,5175.0,72423700.0
2025-06-13 09:00:00+00:00,5175.0,5250.0,5100.0,5150.0,128071000.0
2025-06-16 09:00:00+00:00,5150.0,5200.0,5100.0,5150.0,61695600.0
2025-06-17 09:00:00+00:00,5175.0,5225.0,5100.0,5100.0,70657700.0
2025-06-18 09:00:00+00:00,5075.0,5100.0,5025.0,5075.0,53353000.0
2025-06-19 09:00:00+00:00,5050.0,5050.0,4910.0,4970.0,114769600.0
2025-06-20 09:00:00+00:00,4940.0,4990.0,4830.0,4930.0,301154300.0
2025-06-23 09:00:00+00:00,4870.0,4930.0,4800.0,4920.0,119439200.0
2025-06-24 09:00:00+00:00,5050.0,5125.0,5025.0,5025.0,126563900.0
2025-06-25 09:00:00+00:00,5025.0,5050.0,4880.0,4880.0,139963400.0
2025-06-26 09:00:00+00:00,4950.0,5025.0,4910.0,5025.0,94704500.0
2025-06-30 09:00:00+00:00,5050.0,5050.0,4880.0,4880.0,220479900.0
2025-07-01 09:00:00+00:00,4900.0,4910.0,4710.0,4750.0,319875800.0
2025-07-02 09:00:00+00:00,4730.0,4770.0,4710.0,4770.0,159152200.0
2025-07-03 09:00:00+00:00,4780.0,4850.0,4720.0,4740.0,103849000.0
2025-07-04 09:00:00+00:00,4750.0,4790.0,4700.0,4740.0,104170500.0
2025-07-07 09:00:00+00:00,4740.0,4750.0,4680.0,4740.0,120538300.0
2025-07-08 09:00:00+00:00,4710.0,4750.0,4700.0,4720.0,132853800.0
2025-07-09 09:00:00+00:00,4720.0,4760.0,4670.0,4710.0,110198500.0
2025-07-10 09:00:00+00:00,4750.0,4830.0,4730.0,4820.0,160889700.0
2025-07-11 09:00:00+00:00,4850.0,4990.0,4830.0,4970.0,219980300.0
2025-07-14 09:00:00+00:00,4980.0,4990.0,4670.0,4690.0,429438700.0
2025-07-15 09:00:00+00:00,4700.0,4740.0,4690.0,4700.0,206958200.0
2025-07-16 09:00:00+00:00,4730.0,4760.0,4680.0,4690.0,323831100.0
2025-07-17 09:00:00+00:00,4700.0,4720.0,4680.0,4720.0,120304000.0
2025-07-18 09:00:00+00:00,4760.0,4810.0,4720.0,4740.0,161262400.0
2025-07-21 09:00:00+00:00,4770.0,4770.0,4680.0,4680.0,103387400.0
2025-07-22 09:00:00+00:00,4680.0,4710.0,4650.0,4660.0,132984400.0
2025-07-23 09:00:00+00:00,4660.0,4690.0,4660.0,4680.0,115298400.0
2025-07-24 09:00:00+00:00,4690.0,4840.0,4680.0,4800.0,273623100.0
2025-07-25 09:00:00+00:00,4800.0,4800.0,4690.0,4690.0,88471700.0
2025-07-28 09:00:00+00:00,4730.0,4750.0,4690.0,4700.0,112048900.0
2025-07-29 09:00:00+00:00,4700.0,4720.0,4690.0,4710.0,74422700.0
2025-07-30 09:00:00+00:00,4710.0,4720.0,4620.0,4620.0,141263400.0
2025-07-31 09:00:00+00:00,4610.0,4640.0,4510.0,4510.0,155903600.0
2025-08-01 09:00:00+00:00,4570.0,4610.0,4510.0,4530.0,157949900.0
2025-08-04 09:00:00+00:00,4530.0,4630.0,4510.0,4620.0,174404800.0
2025-08-05 09:00:00+00:00,4690.0,4780.0,4660.0,4750.0,277668300.0
2025-08-06 09:00:00+00:00,4750.0,4750.0,4690.0,4700.0,79277900.0
2025-08-07 09:00:00+00:00,4740.0,4740.0,4680.0,4680.0,61453100.0
2025-08-08 09:00:00+00:00,4680.0,4700.0,4660.0,4670.0,71516700.0
2025-08-11 09:00:00+00:00,4710.0,4780.0,4700.0,4720.0,105204200.0
2025-08-12 09:00:00+00:00,4770.0,4920.0,4750.0,4910.0,301599000.0
2025-08-13 09:00:00+00:00,4930.0,4970.0,4860.0,4870.0,180844900.0
2025-08-14 09:00:00+00:00,4910.0,4930.0,4840.0,4850.0,109457100.0
2025-08-15 09:00:00+00:00,4890.0,4930.0,4850.0,4850.0,126685400.0
2025-08-19 09:00:00+00:00,4860.0,4870.0,4780.0,4800.0,116454000.0
2025-08-20 09:00:00+00:00,4790.0,4950.0,4780.0,4950.0,144622900.0
2025-08-21 09:00:00+00:00,4950.0,4950.0,4860.0,4900.0,132019200.0
2025-08-22 09:00:00+00:00,4920.0,4920.0,4870.0,4890.0,73104500.0
2025-08-25 09:00:00+00:00,4950.0,4980.0,4920.0,4950.0,149580800.0
2025-08-26 09:00:00+00:00,4950.0,4950.0,4860.0,4900.0,308891700.0
2025-08-27 09:00:00+00:00,4840.0,4880.0,4800.0,4800.0,113576300.0
2025-08-28 09:00:00+00:00,4790.0,4850.0,4770.0,4770.0,111707400.0
2025-08-29 09:00:00+00:00,4720.0,4750.0,4660.0,4730.0,176485100.0
2025-09-01 09:00:00+00:00,4550.0,4670.0,4460.0,4600.0,320335300.0
2025-09-02 09:00:00+00:00,4610.0,4670.0,4560.0,4570.0,150045600.0
2025-09-03 09:00:00+00:00,4620.0,4660.0,4570.0,4620.0,131617900.0
2025-09-04 09:00:00+00:00,4630.0,4680.0,4620.0,4680.0,88735300.0
2025-09-08 09:00:00+00:00,4750.0,4750.0,4460.0,4490.0,200234500.0
2025-09-09 09:00:00+00:00,4450.0,4480.0,4310.0,4310.0,509366600.0
2025-09-10 09:00:00+00:00,4360.0,4420.0,4350.0,4400.0,293494200.0
2025-09-11 09:00:00+00:00,4480.0,4540.0,4450.0,4480.0,366697800.0
2025-09-12 09:00:00+00:00,4500.0,4550.0,4480.0,4520.0,216960200.0
2025-09-15 09:00:00+00:00,4550.0,4640.0,4520.0,4530.0,231346000.0
2025-09-16 09:00:00+00:00,4570.0,4570.0,4460.0,4480.0,122027400.0
2025-09-17 09:00:00+00:00,4480.0,4520.0,4440.0,4510.0,232702500.0
2025-09-18 09:00:00+00:00,4540.0,4550.0,4420.0,4420.0,177560100.0
2025-09-19 09:00:00+00:00,4350.0,4420.0,4330.0,4380.0,235975900.0
2025-09-22 09:00:00+00:00,4410.0,4420.0,4360.0,4420.0,107176100.0
2025-09-23 09:00:00+00:00,4390.0,4430.0,4370.0,4410.0,90675500.0
2025-09-24 09:00:00+00:00,4410.0,4430.0,4390.0,4390.0,85439100.0
2025-09-25 09:00:00+00:00,4400.0,4410.0,4360.0,4360.0,73946900.0
2025-09-26 09:00:00+00:00,4350.0,4430.0,4350.0,4420.0,86572900.0
2025-09-29 09:00:00+00:00,4420.0,4430.0,4400.0,4400.0,63753600.0
2025-09-30 09:00:00+00:00,4420.0,4450.0,4380.0,4400.0,108639600.0
2025-10-01 09:00:00+00:00,4360.0,4400.0,4350.0,4380.0,92265100.0
2025-10-02 09:00:00+00:00,4410.0,4440.0,4360.0,4360.0,93387400.0
2025-10-03 09:00:00+00:00,4370.0,4380.0,4300.0,4310.0,102459100.0
2025-10-06 09:00:00+00:00,4320.0,4330.0,4260.0,4260.0,96040500.0
2025-10-07 09:00:00+00:00,4260.0,4320.0,4250.0,4290.0,100237500.0
2025-10-08 09:00:00+00:00,4280.0,4290.0,4210.0,4250.0,97466800.0
2025-10-09 09:00:00+00:00,4240.0,4450.0,4200.0,4390.0,183242600.0
2025-10-10 09:00:00+00:00,4410.0,4420.0,4250.0,4250.0,139911200.0
2025-10-13 09:00:00+00:00,4210.0,4240.0,4200.0,4230.0,79178600.0
2025-10-14 09:00:00+00:00,4220.0,4270.0,4090.0,4090.0,188507000.0
2025-10-15 09:00:00+00:00,4110.0,4140.0,4010.0,4050.0,270562400.0
2025-10-16 09:00:00+00:00,4050.0,4150.0,4050.0,4090.0,125979600.0
2025-10-17 09:00:00+00:00,4110.0,4110.0,4030.0,4050.0,247510000.0
2025-10-20 09:00:00+00:00,4120.0,4320.0,4070.0,4300.0,331939200.0
2025-10-21 09:00:00+00:00,4350.0,4390.0,4300.0,4350.0,230858900.0
2025-10-22 09:00:00+00:00,4350.0,4460.0,4290.0,4330.0,216261300.0
2025-10-23 09:00:00+00:00,4310.0,4440.0,4310.0,4430.0,202102500.0
2025-10-24 09:00:00+00:00,4380.0,4590.0,4380.0,4550.0,350420300.0
2025-10-27 09:00:00+00:00,4590.0,4600.0,4410.0,4470.0,245576100.0
2025-10-28 09:00:00+00:00,4490.0,4510.0,4440.0,4510.0,174666600.0
2025-10-29 09:00:00+00:00,4500.0,4650.0,4490.0,4650.0,176978800.0
2025-10-30 09:00:00+00:00,4670.0,4830.0,4650.0,4800.0,390256000.0
2025-10-31 09:00:00+00:00,4790.0,4800.0,4720.0,4720.0,227378000.0
2025-11-03 09:00:00+00:00,4710.0,4760.0,4700.0,4760.0,129834200.0
2025-11-04 09:00:00+00:00,4760.0,4790.0,4720.0,4730.0,136412400.0
2025-11-05 09:00:00+00:00,4690.0,4770.0,4680.0,4770.0,102878900.0
2025-11-06 09:00:00+00:00,4790.0,4790.0,4750.0,4750.0,57932600.0
2025-11-07 09:00:00+00:00,4750.0,4780.0,4740.0,4750.0,58845500.0
2025-11-10 09:00:00+00:00,4790.0,4790.0,4730.0,4730.0,88738200.0
2025-11-11 09:00:00+00:00,4740.0,4750.0,4610.0,4680.0,168794500.0
2025-11-12 09:00:00+00:00,4680.0,4790.0,4680.0,4760.0,138539800.0
2025-11-13 09:00:00+00:00,4760.0,4760.0,4690.0,4700.0,108100300.0
2025-11-14 09:00:00+00:00,4690.0,4750.0,4680.0,4750.0,73479600.0
2025-11-17 09:00:00+00:00,4780.0,4850.0,4770.0,4820.0,136477100.0
2025-11-18 09:00:00+00:00,4810.0,4850.0,4780.0,4790.0,127022100.0
2025-11-19 09:00:00+00:00,4820.0,4850.0,4800.0,4850.0,107585700.0
2025-11-20 09:00:00+00:00,4940.0,4990.0,4900.0,4940.0,234717700.0
2025-11-21 09:00:00+00:00,4940.0,4970.0,4900.0,4950.0,142452600.0
2025-11-24 09:00:00+00:00,4910.0,5100.0,4870.0,5100.0,303252000.0
2025-11-25 09:00:00+00:00,5075.0,5100.0,4950.0,5025.0,169379300.0
2025-11-26 09:00:00+00:00,5025.0,5025.0,4960.0,5025.0,128492000.0
2025-11-27 09:00:00+00:00,5025.0,5025.0,4850.0,4860.0,170213000.0
2025-11-28 09:00:00+00:00,4800.0,4880.0,4800.0,4830.0,128777200.0
2025-12-01 09:00:00+00:00,4850.0,4910.0,4820.0,4860.0,58603700.0
2025-12-02 09:00:00+00:00,4920.0,4940.0,4820.0,4850.0,104013500.0
2025-12-03 09:00:00+00:00,4850.0,4920.0,4820.0,4880.0,102556300.0
2025-12-04 09:00:00+00:00,4930.0,4940.0,4880.0,4920.0,59392600.0
2025-12-05 09:00:00+00:00,4940.0,4940.0,4870.0,4900.0,53969200.0
2025-12-08 09:00:00+00:00,4950.0,4960.0,4910.0,4950.0,62947600.0
2025-12-09 09:00:00+00:00,4970.0,4980.0,4870.0,4890.0,134575200.0
2025-12-10 09:00:00+00:00,4950.0,4970.0,4870.0,4970.0,96005900.0
2025-12-11 09:00:00+00:00,5000.0,5050.0,4830.0,4950.0,151956700.0
2025-12-12 09:00:00+00:00,4980.0,4980.0,4820.0,4820.0,111830600.0
2025-12-15 09:00:00+00:00,4820.0,5025.0,4790.0,4990.0,122451500.0
2025-12-16 09:00:00+00:00,5025.0,5050.0,4920.0,5000.0,137373200.0
2025-12-17 09:00:00+00:00,4990.0,5025.0,4960.0,5025.0,94254100.0
2025-12-18 09:00:00+00:00,5025.0,5175.0,5025.0,5150.0,150669000.0
2025-12-19 09:00:00+00:00,5175.0,5200.0,5100.0,5175.0,161960800.0
2025-12-22 09:00:00+00:00,5175.0,5200.0,5025.0,5100.0,93615600.0
2025-12-23 09:00:00+00:00,5050.0,5100.0,5000.0,5050.0,44307700.0
2025-12-24 09:00:00+00:00,5025.0,5100.0,5025.0,5050.0,40272500.0
2025-12-29 09:00:00+00:00,5075.0,5150.0,5050.0,5075.0,55697500.0
2025-12-30 09:00:00+00:00,5075.0,5150.0,5050.0,5100.0,74077800.0
2026-01-02 09:00:00+00:00,5125.0,5150.0,5025.0,5075.0,59263700.0
2026-01-05 09:00:00+00:00,5075.0,5100.0,5025.0,5050.0,108458200.0
2026-01-06 09:00:00+00:00,4990.0,4990.0,4880.0,4880.0,180600600.0
2026-01-07 09:00:00+00:00,4890.0,4900.0,4800.0,4810.0,284261700.0
2026-01-08 09:00:00+00:00,4820.0,4880.0,4810.0,4810.0,108534300.0
2026-01-09 09:00:00+00:00,4820.0,4840.0,4760.0,4760.0,104703800.0
2026-01-12 09:00:00+00:00,4780.0,4850.0,4720.0,4770.0,118384500.0
2026-01-13 09:00:00+00:00,4800.0,4840.0,4780.0,4820.0,93419500.0
2026-01-14 09:00:00+00:00,4840.0,4850.0,4770.0,4840.0,114314800.0
2026-01-15 09:00:00+00:00,4840.0,5075.0,4830.0,4990.0,245024400.0
2026-01-19 09:00:00+00:00,5025.0,5100.0,4980.0,5000.0,197645100.0
2026-01-20 09:00:00+00:00,5000.0,5075.0,4990.0,5025.0,93803800.0
2026-01-21 09:00:00+00:00,5025.0,5025.0,4930.0,4990.0,117548600.0
2026-01-22 09:00:00+00:00,4990.0,5025.0,4930.0,4980.0,145002200.0
2026-01-23 09:00:00+00:00,4980.0,5000.0,4870.0,4990.0,116237200.0
2026-01-26 09:00:00+00:00,4910.0,4970.0,4870.0,4910.0,225443300.0
2026-01-27 09:00:00+00:00,4860.0,4910.0,4800.0,4810.0,160620600.0
2026-01-28 09:00:00+00:00,4570.0,4810.0,4410.0,4560.0,643802800.0
2026-01-29 09:00:00+00:00,4420.0,4640.0,4070.0,4630.0,907054600.0
2026-01-30 09:00:00+00:00,4700.0,4880.0,4630.0,4820.0,343393600.0
2026-02-02 09:00:00+00:00,4900.0,4920.0,4710.0,4800.0,290622800.0
2026-02-03 09:00:00+00:00,4830.0,4850.0,4710.0,4830.0,169775800.0
2026-02-04 09:00:00+00:00,4860.0,5025.0,4830.0,5000.0,232816800.0
2026-02-05 09:00:00+00:00,5050.0,5100.0,5000.0,5050.0,209505400.0
2026-02-06 09:00:00+00:00,4950.0,5050.0,4890.0,5050.0,278775900.0
2026-02-09 09:00:00+00:00,5050.0,5075.0,4950.0,5000.0,177079900.0
2026-02-10 09:00:00+00:00,5000.0,5100.0,4990.0,5100.0,177110700.0
2026-02-11 09:00:00+00:00,5075.0,5100.0,4990.0,5025.0,201135900.0
2026-02-12 09:00:00+00:00,5025.0,5075.0,5000.0,5075.0,121407500.0
2026-02-13 09:00:00+00:00,5050.0,5075.0,4970.0,5075.0,157236900.0
2026-02-18 09:00:00+00:00,5075.0,5275.0,5050.0,5275.0,212076100.0
2026-02-19 09:00:00+00:00,5275.0,5300.0,5050.0,5075.0,133827800.0
2026-02-20 09:00:00+00:00,5100.0,5175.0,5050.0,5125.0,88563800.0
2026-02-23 09:00:00+00:00,5150.0,5275.0,5150.0,5275.0,131077800.0
2026-02-24 09:00:00+00:00,5275.0,5375.0,5250.0,5375.0,203553200.0
2026-02-25 09:00:00+00:00,5350.0,5375.0,5300.0,5300.0,147700600.0
2026-02-26 09:00:00+00:00,5350.0,5350.0,5200.0,5325.0,120621100.0
2026-02-27 09:00:00+00:00,5325.0,5350.0,5275.0,5275.0,206461200.0
2026-03-02 09:00:00+00:00,5125.0,5175.0,5050.0,5075.0,168721700.0
2026-03-03 09:00:00+00:00,5100.0,5175.0,5050.0,5100.0,106384700.0
2026-03-04 09:00:00+00:00,5050.0,5075.0,4870.0,4980.0,294487200.0
2026-03-05 09:00:00+00:00,5025.0,5125.0,5000.0,5125.0,133690000.0
2026-03-06 09:00:00+00:00,5075.0,5100.0,4950.0,4980.0,127625100.0
2026-03-09 09:00:00+00:00,4800.0,4870.0,4780.0,4820.0,217673200.0
2026-03-10 09:00:00+00:00,4920.0,4990.0,4860.0,4910.0,124581800.0
2026-03-11 09:00:00+00:00,4930.0,4970.0,4880.0,4880.0,86606500.0
2026-03-12 09:00:00+00:00,4870.0,4980.0,4870.0,4960.0,85989900.0
2026-03-13 09:00:00+00:00,4900.0,4920.0,4750.0,4750.0,187462500.0
2026-03-16 09:00:00+00:00,4730.0,4740.0,4630.0,4700.0,149035900.0
2026-03-17 09:00:00+00:00,4750.0,4780.0,4710.0,4730.0,274977700.0
2026-03-25 09:00:00+00:00,4650.0,4970.0,4650.0,4970.0,389331300.0
2026-03-26 09:00:00+00:00,4970.0,4980.0,4840.0,4840.0,120735200.0
2026-03-27 09:00:00+00:00,4840.0,4870.0,4760.0,4760.0,73158700.0
2026-03-30 09:00:00+00:00,4710.0,4750.0,4690.0,4700.0,110819500.0
2026-03-31 09:00:00+00:00,4710.0,4790.0,4700.0,4720.0,184777500.0
2026-04-01 09:00:00+00:00,4800.0,4830.0,4680.0,4720.0,162832600.0
2026-04-02 09:00:00+00:00,4720.0,4730.0,4640.0,4650.0,109496300.0
2026-04-06 09:00:00+00:00,4650.0,4700.0,4600.0,4610.0,60887500.0
2026-04-07 09:00:00+00:00,4600.0,4610.0,4500.0,4510.0,190831700.0
2026-04-08 09:00:00+00:00,4670.0,4700.0,4630.0,4670.0,169872400.0
2026-04-09 09:00:00+00:00,4650.0,4650.0,4570.0,4570.0,128431200.0
2026-04-10 09:00:00+00:00,4580.0,4700.0,4580.0,4670.0,103583800.0
2026-04-13 09:00:00+00:00,4640.0,4660.0,4600.0,4600.0,103202100.0
2026-04-14 09:00:00+00:00,4670.0,4720.0,4650.0,4710.0,135501000.0
2026-04-15 09:00:00+00:00,4750.0,4770.0,4640.0,4650.0,104621600.0
2026-04-16 09:00:00+00:00,4680.0,4680.0,4620.0,4640.0,120500900.0
2026-04-17 09:00:00+00:00,4670.0,4700.0,4580.0,4620.0,125867600.0
2026-04-20 09:00:00+00:00,4640.0,4670.0,4590.0,4620.0,104938900.0
2026-04-21 09:00:00+00:00,4610.0,4700.0,4610.0,4700.0,120070400.0
2026-04-22 09:00:00+00:00,4700.0,4770.0,4700.0,4750.0,113814200.0
2026-04-23 09:00:00+00:00,4760.0,4770.0,4630.0,4630.0,133792200.0
2026-04-24 09:00:00+00:00,4630.0,4630.0,4490.0,4500.0,218703100.0
2026-04-27 09:00:00+00:00,4500.0,4510.0,4360.0,4400.0,257209000.0
2026-04-28 09:00:00+00:00,4420.0,4480.0,4350.0,4430.0,246361500.0
2026-04-29 09:00:00+00:00,4440.0,4530.0,4430.0,4430.0,201458600.0
2026-04-30 09:00:00+00:00,4430.0,4450.0,4370.0,4390.0,186960200.0
2026-05-04 09:00:00+00:00,4430.0,4470.0,4410.0,4420.0,166294600.0
2026-05-05 09:00:00+00:00,4420.0,4570.0,4410.0,4490.0,186702000.0
2026-05-06 09:00:00+00:00,4530.0,4550.0,4480.0,4510.0,156255400.0
2026-05-07 09:00:00+00:00,4570.0,4640.0,4550.0,4640.0,262269600.0
2026-05-08 09:00:00+00:00,4650.0,4710.0,4620.0,4630.0,369212800.0
2026-05-11 09:00:00+00:00,4310.0,4340.0,4250.0,4250.0,424518900.0
2026-05-12 09:00:00+00:00,4270.0,4270.0,4190.0,4240.0,221247900.0
2026-05-13 09:00:00+00:00,4230.0,4250.0,4190.0,4200.0,192288300.0
2026-05-14 09:00:00+00:00,4200.0,4200.0,4200.0,4200.0,0.0
2026-05-15 09:00:00+00:00,4200.0,4200.0,4200.0,4200.0,0.0
2026-05-18 09:00:00+00:00,4170.0,4170.0,4080.0,4130.0,316067300.0
2026-05-19 09:00:00+00:00,4130.0,4260.0,4100.0,4130.0,306901800.0
2026-05-20 09:00:00+00:00,4150.0,4290.0,4110.0,4230.0,308468000.0
2026-05-21 09:00:00+00:00,4280.0,4280.0,4130.0,4170.0,137461700.0
2026-05-22 09:00:00+00:00,4140.0,4150.0,4040.0,4120.0,190022900.0
2026-05-25 09:00:00+00:00,4160.0,4300.0,4130.0,4220.0,235113500.0
2026-05-26 09:00:00+00:00,4210.0,4220.0,4130.0,4130.0,181583300.0
2026-05-27 09:00:00+00:00,4130.0,4130.0,4130.0,4130.0,0.0
2026-05-28 09:00:00+00:00,4130.0,4130.0,4130.0,4130.0,0.0
2026-05-29 09:00:00+00:00,4120.0,4190.0,4080.0,4080.0,442625300.0
2026-06-02 09:00:00+00:00,4090.0,4190.0,4090.0,4170.0,261911500.0
2026-06-03 09:00:00+00:00,4200.0,4200.0,4020.0,4050.0,287274100.0
2026-06-04 09:00:00+00:00,4050.0,4060.0,3930.0,3970.0,328529500.0
2026-06-05 09:00:00+00:00,3900.0,3950.0,3820.0,3840.0,320689600.0
2026-06-08 09:00:00+00:00,3810.0,3900.0,3700.0,3710.0,387103400.0
2026-06-09 09:00:00+00:00,3650.0,4090.0,3650.0,4090.0,484957600.0
2026-06-10 09:00:00+00:00,4100.0,4260.0,4050.0,4260.0,359183100.0
2026-06-11 09:00:00+00:00,4260.0,4340.0,4140.0,4250.0,308861000.0
2026-06-12 09:00:00+00:00,4320.0,4320.0,4200.0,4200.0,241735800.0
2026-06-15 09:00:00+00:00,4300.0,4500.0,4300.0,4500.0,310948900.0
2026-06-17 09:00:00+00:00,4500.0,4570.0,4390.0,4490.0,286865700.0
2026-06-18 09:00:00+00:00,4440.0,4470.0,4340.0,4470.0,190568200.0
2026-06-19 09:00:00+00:00,4390.0,4470.0,4300.0,4310.0,377274300.0
2026-06-22 09:00:00+00:00,4320.0,4340.0,4220.0,4220.0,101336500.0
2026-06-23 09:00:00+00:00,4200.0,4210.0,4090.0,4120.0,248512500.0
2026-06-24 09:00:00+00:00,4130.0,4180.0,3970.0,3970.0,254221600.0
2026-06-25 09:00:00+00:00,3970.0,4090.0,3960.0,4000.0,275422800.0
2026-06-26 09:00:00+00:00,4000.0,4040.0,3900.0,3990.0,247361000.0
2026-06-29 09:00:00+00:00,3990.0,4010.0,3930.0,3940.0,120733900.0
2026-06-30 09:00:00+00:00,3930.0,3930.0,3830.0,3850.0,200553100.0
2026-07-01 09:00:00+00:00,3810.0,3880.0,3800.0,3810.0,142033400.0
2026-07-02 09:00:00+00:00,3810.0,3960.0,3810.0,3900.0,181957900.0
2026-07-03 09:00:00+00:00,3950.0,4040.0,3950.0,4010.0,97694100.0
2026-07-06 09:00:00+00:00,4020.0,4040.0,3940.0,4030.0,143666300.0
2026-07-07 09:00:00+00:00,4030.0,4090.0,3990.0,4070.0,181399100.0
2026-07-08 09:00:00+00:00,4080.0,4080.0,3970.0,3970.0,107252600.0
2026-07-09 09:00:00+00:00,3960.0,4040.0,3950.0,4040.0,109084100.0
2026-07-10 09:00:00+00:00,4050.0,4080.0,4010.0,4080.0,73997600.0
2026-07-13 09:00:00+00:00,4070.0,4260.0,4020.0,4250.0,140381100.0
2026-07-14 09:00:00+00:00,4250.0,4260.0,4130.0,4160.0,186937300.0
2026-07-15 09:00:00+00:00,4220.0,4270.0,4170.0,4200.0,145283200.0
2026-07-16 09:00:00+00:00,4240.0,4310.0,4220.0,4310.0,103434900.0
2026-07-17 09:00:00+00:00,4310.0,4490.0,4270.0,4480.0,258763500.0
2026-07-20 09:00:00+00:00,4480.0,4520.0,4420.0,4450.0,197096400.0
2026-07-21 09:00:00+00:00,4480.0,4490.0,4430.0,4480.0,135068500.0
2026-07-22 09:00:00+00:00,4490.0,4490.0,4410.0,4420.0,93136600.0
2026-07-23 09:00:00+00:00,4450.0,4470.0,4330.0,4380.0,160468800.0
2026-07-24 09:00:00+00:00,4280.0,4290.0,4120.0,4130.0,403126400.0
2026-07-27 09:00:00+00:00,4110.0,4160.0,4060.0,4160.0,233516000.0
2026-07-28 09:00:00+00:00,4150.0,4190.0,4100.0,4100.0,162841200.0
2026-07-29 09:00:00+00:00,4120.0,4140.0,4060.0,4090.0,125647800.0
2026-07-30 09:00:00+00:00,4100.0,4200.0,4100.0,4160.0,100897800.0
2026-07-31 09:00:00+00:00,4180.0,4200.0,4160.0,4190.0,97657300.0
2026-08-03 09:00:00+00:00,4230.0,4230.0,4140.0,4170.0,76254300.0
2026-08-04 09:00:00+00:00,4170.0,4260.0,4170.0,4260.0,121374800.0
2026-08-05 09:00:00+00:00,4260.0,4280.0,4220.0,4220.0,122781400.0
2026-08-06 09:00:00+00:00,4240.0,4280.0,4200.0,4200.0,95744300.0
2026-08-07 09:00:00+00:00,4220.0,4270.0,4210.0,4240.0,110106100.0
2026-08-10 09:00:00+00:00,4250.0,4270.0,4180.0,4180.0,148614700.0
2026-08-11 09:00:00+00:00,4200.0,4200.0,4100.0,4120.0,148404100.0
2026-08-12 09:00:00+00:00,4130.0,4150.0,4080.0,4130.0,153658300.0
2026-08-13 09:00:00+00:00,4140.0,4150.0,4090.0,4130.0,108708200.0
2026-08-14 09:00:00+00:00,4140.0,4170.0,4100.0,4170.0,75934800.0
2026-08-18 09:00:00+00:00,4200.0,4220.0,4150.0,4150.0,116514200.0
2026-08-19 09:00:00+00:00,4160.0,4190.0,4140.0,4140.0,79287200.0
2026-08-20 09:00:00+00:00,4150.0,4180.0,4140.0,4150.0,74796300.0
2026-08-21 09:00:00+00:00,4170.0,4240.0,4170.0,4220.0,142906200.0
2026-08-24 09:00:00+00:00,4220.0,4220.0,4170.0,4200.0,86046100.0
2026-08-25 09:00:00+00:00,4200.0,4200.0,4200.0,4200.0,0.0
2026-08-26 09:00:00+00:00,4190.0,4190.0,4150.0,4160.0,156162500.0
2026-08-27 09:00:00+00:00,4140.0,4210.0,4130.0,4210.0,66036800.0
2026-08-28 09:00:00+00:00,4220.0,4260.0,4200.0,4250.0,111542000.0
2026-08-31 09:00:00+00:00,4250.0,4280.0,4200.0,4230.0,231356300.0
2026-09-01 09:00:00+00:00,4230.0,4320.0,4230.0,4320.0,191597900.0
2026-09-02 09:00:00+00:00,4350.0,4390.0,4320.0,4360.0,134416100.0
2026-09-03 09:00:00+00:00,4390.0,4460.0,4360.0,4460.0,234996500.0
2026-09-04 09:00:00+00:00,4470.0,4480.0,4420.0,4420.0,95373200.0
