ts,open,high,low,close,volume
2018-09-10 09:00:00+00:00,212.0,216.0,206.0,214.0,115401100.0
2018-09-11 09:00:00+00:00,214.0,214.0,214.0,214.0,0.0
2018-09-12 09:00:00+00:00,216.0,224.0,214.0,222.0,205575400.0
2018-09-13 09:00:00+00:00,226.0,230.0,222.0,224.0,253643800.0
2018-09-14 09:00:00+00:00,226.0,228.0,222.0,224.0,110936000.0
2018-09-17 09:00:00+00:00,224.0,224.0,216.0,220.0,67920000.0
2018-09-18 09:00:00+00:00,220.0,224.0,218.0,222.0,51445500.0
2018-09-19 09:00:00+00:00,224.0,232.0,222.0,222.0,198111300.0
2018-09-20 09:00:00+00:00,224.0,228.0,222.0,224.0,117833500.0
2018-09-21 09:00:00+00:00,226.0,230.0,222.0,222.0,132283800.0
2018-09-24 09:00:00+00:00,224.0,224.0,218.0,220.0,155172800.0
2018-09-25 09:00:00+00:00,220.0,226.0,218.0,222.0,208920000.0
2018-09-26 09:00:00+00:00,222.0,224.0,218.0,218.0,105144000.0
2018-09-27 09:00:00+00:00,218.0,220.0,214.0,214.0,126411500.0
2018-09-28 09:00:00+00:00,216.0,218.0,212.0,216.0,121810400.0
2018-10-01 09:00:00+00:00,216.0,222.0,214.0,216.0,164137400.0
2018-10-02 09:00:00+00:00,218.0,220.0,208.0,208.0,259789500.0
2018-10-03 09:00:00+00:00,210.0,214.0,206.0,208.0,161233200.0
2018-10-04 09:00:00+00:00,208.0,210.0,199.0,202.0,256245100.0
2018-10-05 09:00:00+00:00,202.0,204.0,198.0,200.0,91577000.0
2018-10-08 09:00:00+00:00,202.0,202.0,198.0,198.0,75466400.0
2018-10-09 09:00:00+00:00,200.0,208.0,196.0,200.0,184584700.0
2018-10-10 09:00:00+00:00,202.0,204.0,199.0,200.0,134887400.0
2018-10-11 09:00:00+00:00,197.0,197.0,188.0,188.0,313094100.0
2018-10-12 09:00:00+00:00,190.0,192.0,188.0,190.0,127967600.0
2018-10-15 09:00:00+00:00,191.0,193.0,177.0,178.0,403244100.0
2018-10-16 09:00:00+00:00,180.0,183.0,178.0,179.0,162345700.0
2018-10-17 09:00:00+00:00,181.0,190.0,181.0,182.0,316954100.0
2018-10-18 09:00:00+00:00,183.0,184.0,176.0,177.0,197461700.0
2018-10-19 09:00:00+00:00,177.0,181.0,176.0,177.0,105658800.0
2018-10-22 09:00:00+00:00,178.0,179.0,174.0,174.0,75732000.0
2018-10-23 09:00:00+00:00,175.0,175.0,170.0,170.0,161644200.0
2018-10-24 09:00:00+00:00,170.0,174.0,170.0,173.0,178806600.0
2018-10-25 09:00:00+00:00,170.0,173.0,168.0,172.0,100567900.0
2018-10-26 09:00:00+00:00,172.0,177.0,172.0,172.0,159507300.0
2018-10-29 09:00:00+00:00,172.0,173.0,165.0,167.0,101725200.0
2018-10-30 09:00:00+00:00,166.0,167.0,162.0,164.0,114676000.0
2018-10-31 09:00:00+00:00,165.0,171.0,164.0,169.0,145131500.0
2018-11-01 09:00:00+00:00,169.0,171.0,167.0,167.0,70492500.0
2018-11-02 09:00:00+00:00,167.0,169.0,165.0,165.0,79813600.0
2018-11-05 09:00:00+00:00,165.0,169.0,164.0,165.0,76428200.0
2018-11-06 09:00:00+00:00,164.0,168.0,164.0,166.0,62965500.0
2018-11-07 09:00:00+00:00,168.0,173.0,166.0,169.0,192746300.0
2018-11-08 09:00:00+00:00,170.0,191.0,170.0,190.0,631082700.0
2018-11-09 09:00:00+00:00,189.0,191.0,180.0,182.0,432863400.0
2018-11-12 09:00:00+00:00,183.0,185.0,179.0,180.0,115766700.0
2018-11-13 09:00:00+00:00,177.0,180.0,172.0,175.0,134323800.0
2018-11-14 09:00:00+00:00,177.0,179.0,166.0,166.0,258979800.0
2018-11-15 09:00:00+00:00,166.0,168.0,163.0,166.0,112459300.0
2018-11-16 09:00:00+00:00,168.0,180.0,166.0,171.0,287889200.0
2018-11-19 09:00:00+00:00,172.0,173.0,164.0,164.0,157636100.0
2018-11-20 09:00:00+00:00,164.0,164.0,164.0,164.0,0.0
2018-11-21 09:00:00+00:00,164.0,165.0,150.0,154.0,311727800.0
2018-11-22 09:00:00+00:00,163.0,163.0,152.0,153.0,234497200.0
2018-11-23 09:00:00+00:00,154.0,155.0,151.0,151.0,157285800.0
2018-11-26 09:00:00+00:00,151.0,152.0,135.0,135.0,364252400.0
2018-11-27 09:00:00+00:00,140.0,140.0,130.0,130.0,166173400.0
2018-11-28 09:00:00+00:00,135.0,135.0,125.0,126.0,190877800.0
2018-11-29 09:00:00+00:00,130.0,133.0,128.0,129.0,142524000.0
2018-11-30 09:00:00+00:00,132.0,139.0,129.0,130.0,271069200.0
2018-12-03 09:00:00+00:00,131.0,137.0,131.0,135.0,137598200.0
2018-12-04 09:00:00+00:00,135.0,146.0,134.0,140.0,313462500.0
2018-12-05 09:00:00+00:00,137.0,141.0,135.0,136.0,167142700.0
2018-12-06 09:00:00+00:00,138.0,138.0,131.0,131.0,155914500.0
2018-12-07 09:00:00+00:00,132.0,133.0,128.0,130.0,124243900.0
2018-12-10 09:00:00+00:00,133.0,135.0,127.0,128.0,170615300.0
2018-12-11 09:00:00+00:00,127.0,131.0,127.0,128.0,109517600.0
2018-12-12 09:00:00+00:00,131.0,131.0,127.0,128.0,139720800.0
2018-12-13 09:00:00+00:00,131.0,134.0,129.0,130.0,178314100.0
2018-12-14 09:00:00+00:00,131.0,133.0,128.0,129.0,101100700.0
2018-12-17 09:00:00+00:00,130.0,131.0,126.0,126.0,128611800.0
2018-12-18 09:00:00+00:00,128.0,128.0,121.0,123.0,149339100.0
2018-12-19 09:00:00+00:00,123.0,126.0,120.0,120.0,169470700.0
2018-12-20 09:00:00+00:00,122.0,124.0,111.0,115.0,267121400.0
2018-12-21 09:00:00+00:00,115.0,116.0,111.0,113.0,140102600.0
2018-12-24 09:00:00+00:00,113.0,113.0,113.0,113.0,0.0
2018-12-25 09:00:00+00:00,113.0,113.0,113.0,113.0,0.0
2018-12-26 09:00:00+00:00,113.0,113.0,104.0,104.0,343268200.0
2018-12-27 09:00:00+00:00,107.0,110.0,103.0,104.0,238574300.0
2018-12-28 09:00:00+00:00,106.0,106.0,101.0,103.0,244621500.0
2018-12-31 09:00:00+00:00,103.0,103.0,103.0,103.0,0.0
2019-01-01 09:00:00+00:00,103.0,103.0,103.0,103.0,0.0
2019-01-02 09:00:00+00:00,103.0,106.0,102.0,102.0,108420900.0
2019-01-03 09:00:00+00:00,103.0,117.0,102.0,117.0,521375900.0
2019-01-04 09:00:00+00:00,115.0,135.0,110.0,131.0,1332915200.0
2019-01-07 09:00:00+00:00,133.0,146.0,130.0,137.0,1050380300.0
2019-01-08 09:00:00+00:00,137.0,142.0,134.0,138.0,479631600.0
2019-01-09 09:00:00+00:00,139.0,148.0,138.0,142.0,593770200.0
2019-01-10 09:00:00+00:00,143.0,152.0,142.0,146.0,640812700.0
2019-01-11 09:00:00+00:00,149.0,153.0,147.0,152.0,367896200.0
2019-01-14 09:00:00+00:00,142.0,154.0,142.0,150.0,358187500.0
2019-01-15 09:00:00+00:00,150.0,156.0,149.0,153.0,432634400.0
2019-01-16 09:00:00+00:00,153.0,163.0,152.0,159.0,646838200.0
2019-01-17 09:00:00+00:00,159.0,170.0,155.0,164.0,630213600.0
2019-01-18 09:00:00+00:00,166.0,175.0,165.0,174.0,551491600.0
2019-01-21 09:00:00+00:00,176.0,184.0,171.0,174.0,905984400.0
2019-01-22 09:00:00+00:00,176.0,177.0,166.0,167.0,465665000.0
2019-01-23 09:00:00+00:00,167.0,180.0,165.0,180.0,535366100.0
2019-01-24 09:00:00+00:00,182.0,190.0,177.0,179.0,567706400.0
2019-01-25 09:00:00+00:00,179.0,181.0,172.0,172.0,389437100.0
2019-01-28 09:00:00+00:00,174.0,176.0,171.0,172.0,259769000.0
2019-01-29 09:00:00+00:00,172.0,173.0,165.0,167.0,294673600.0
2019-01-30 09:00:00+00:00,168.0,170.0,159.0,161.0,353238800.0
2019-01-31 09:00:00+00:00,163.0,173.0,162.0,168.0,562915200.0
2019-02-01 09:00:00+00:00,169.0,170.0,161.0,162.0,346335100.0
2019-02-04 09:00:00+00:00,162.0,168.0,161.0,162.0,247968300.0
2019-02-05 09:00:00+00:00,162.0,162.0,162.0,162.0,0.0
2019-02-06 09:00:00+00:00,163.0,167.0,157.0,162.0,233523000.0
2019-02-07 09:00:00+00:00,164.0,165.0,158.0,158.0,256957500.0
2019-02-08 09:00:00+00:00,158.0,158.0,153.0,154.0,208284400.0
2019-02-11 09:00:00+00:00,154.0,155.0,146.0,148.0,228631500.0
2019-02-12 09:00:00+00:00,148.0,167.0,147.0,166.0,801678600.0
2019-02-13 09:00:00+00:00,168.0,174.0,158.0,163.0,1795731000.0
2019-02-14 09:00:00+00:00,165.0,166.0,152.0,153.0,466660300.0
2019-02-15 09:00:00+00:00,153.0,156.0,146.0,151.0,459593900.0
2019-02-18 09:00:00+00:00,153.0,157.0,151.0,153.0,276159500.0
2019-02-19 09:00:00+00:00,155.0,161.0,152.0,154.0,572725100.0
2019-02-20 09:00:00+00:00,154.0,155.0,150.0,150.0,292858100.0
2019-02-21 09:00:00+00:00,151.0,163.0,150.0,163.0,741730200.0
2019-02-22 09:00:00+00:00,163.0,167.0,157.0,158.0,700214700.0
2019-02-25 09:00:00+00:00,167.0,167.0,156.0,156.0,194757200.0
2019-02-26 09:00:00+00:00,156.0,158.0,151.0,152.0,131697300.0
2019-02-27 09:00:00+00:00,155.0,156.0,152.0,155.0,145298500.0
2019-02-28 09:00:00+00:00,154.0,157.0,148.0,150.0,242081500.0
2019-03-01 09:00:00+00:00,151.0,154.0,150.0,152.0,126140400.0
2019-03-04 09:00:00+00:00,154.0,157.0,152.0,153.0,386747300.0
2019-03-05 09:00:00+00:00,154.0,155.0,147.0,148.0,301919700.0
2019-03-06 09:00:00+00:00,150.0,152.0,147.0,148.0,158580900.0
2019-03-07 09:00:00+00:00,148.0,148.0,148.0,148.0,0.0
2019-03-08 09:00:00+00:00,150.0,150.0,141.0,142.0,151121500.0
2019-03-11 09:00:00+00:00,142.0,143.0,131.0,132.0,382372400.0
2019-03-12 09:00:00+00:00,133.0,137.0,127.0,130.0,296148000.0
2019-03-13 09:00:00+00:00,132.0,133.0,128.0,129.0,120235600.0
2019-03-14 09:00:00+00:00,130.0,134.0,127.0,130.0,237810400.0
2019-03-15 09:00:00+00:00,131.0,138.0,130.0,133.0,395553900.0
2019-03-18 09:00:00+00:00,134.0,134.0,129.0,129.0,184929600.0
2019-03-19 09:00:00+00:00,130.0,133.0,129.0,130.0,222969700.0
2019-03-20 09:00:00+00:00,131.0,138.0,130.0,137.0,488626800.0
2019-03-21 09:00:00+00:00,139.0,141.0,132.0,133.0,424394300.0
2019-03-22 09:00:00+00:00,134.0,136.0,133.0,133.0,198799900.0
2019-03-25 09:00:00+00:00,132.0,132.0,128.0,129.0,228148700.0
2019-03-26 09:00:00+00:00,130.0,132.0,129.0,129.0,104516500.0
2019-03-27 09:00:00+00:00,131.0,132.0,128.0,129.0,102376000.0
2019-03-28 09:00:00+00:00,131.0,131.0,127.0,127.0,94209500.0
2019-03-29 09:00:00+00:00,128.0,129.0,122.0,123.0,228890800.0
2019-04-01 09:00:00+00:00,123.0,125.0,120.0,122.0,119260500.0
2019-04-02 09:00:00+00:00,124.0,126.0,121.0,122.0,145875100.0
2019-04-03 09:00:00+00:00,122.0,122.0,122.0,122.0,0.0
2019-04-04 09:00:00+00:00,124.0,124.0,116.0,117.0,175416900.0
2019-04-05 09:00:00+00:00,118.0,119.0,112.0,113.0,180098700.0
2019-04-08 09:00:00+00:00,115.0,116.0,110.0,112.0,145839300.0
2019-04-09 09:00:00+00:00,115.0,119.0,112.0,116.0,373178100.0
2019-04-10 09:00:00+00:00,118.0,119.0,115.0,117.0,221003900.0
2019-04-11 09:00:00+00:00,118.0,118.0,111.0,112.0,195787300.0
2019-04-12 09:00:00+00:00,112.0,114.0,110.0,110.0,199833100.0
2019-04-15 09:00:00+00:00,110.0,113.0,110.0,112.0,154014900.0
2019-04-16 09:00:00+00:00,112.0,115.0,110.0,113.0,174433300.0
2019-04-17 09:00:00+00:00,113.0,113.0,113.0,113.0,0.0
2019-04-18 09:00:00+00:00,116.0,116.0,113.0,113.0,159539500.0
2019-04-19 09:00:00+00:00,113.0,113.0,113.0,113.0,0.0
2019-04-22 09:00:00+00:00,114.0,114.0,110.0,113.0,126407200.0
2019-04-23 09:00:00+00:00,114.0,125.0,113.0,125.0,753048500.0
2019-04-24 09:00:00+00:00,127.0,128.0,120.0,121.0,410252000.0
2019-04-25 09:00:00+00:00,120.0,126.0,118.0,123.0,526640800.0
2019-04-26 09:00:00+00:00,123.0,125.0,121.0,123.0,136746800.0
2019-04-29 09:00:00+00:00,123.0,131.0,122.0,129.0,603340900.0
2019-04-30 09:00:00+00:00,129.0,130.0,123.0,123.0,354628500.0
2019-05-01 09:00:00+00:00,123.0,123.0,123.0,123.0,0.0
2019-05-02 09:00:00+00:00,123.0,126.0,121.0,124.0,276854600.0
2019-05-03 09:00:00+00:00,124.0,126.0,121.0,123.0,278542800.0
2019-05-06 09:00:00+00:00,123.0,123.0,114.0,118.0,288975800.0
2019-05-07 09:00:00+00:00,119.0,130.0,119.0,130.0,630844500.0
2019-05-08 09:00:00+00:00,128.0,133.0,126.0,127.0,594362900.0
2019-05-09 09:00:00+00:00,127.0,128.0,120.0,120.0,219314200.0
2019-05-10 09:00:00+00:00,121.0,126.0,119.0,124.0,254153100.0
2019-05-13 09:00:00+00:00,124.0,126.0,122.0,125.0,215646500.0
2019-05-14 09:00:00+00:00,119.0,129.0,119.0,126.0,283250400.0
2019-05-15 09:00:00+00:00,126.0,128.0,117.0,117.0,391870900.0
2019-05-16 09:00:00+00:00,119.0,122.0,114.0,114.0,215777400.0
2019-05-17 09:00:00+00:00,115.0,118.0,112.0,112.0,159312800.0
2019-05-20 09:00:00+00:00,112.0,115.0,106.0,114.0,162673700.0
2019-05-21 09:00:00+00:00,114.0,119.0,113.0,115.0,237233000.0
2019-05-22 09:00:00+00:00,117.0,117.0,112.0,113.0,123678300.0
2019-05-23 09:00:00+00:00,116.0,118.0,113.0,115.0,122094700.0
2019-05-24 09:00:00+00:00,118.0,118.0,113.0,114.0,71831300.0
2019-05-27 09:00:00+00:00,115.0,117.0,114.0,115.0,115483400.0
2019-05-28 09:00:00+00:00,117.0,117.0,113.0,114.0,156603400.0
2019-05-29 09:00:00+00:00,117.0,120.0,114.0,117.0,176189000.0
2019-05-30 09:00:00+00:00,117.0,117.0,117.0,117.0,0.0
2019-05-31 09:00:00+00:00,119.0,120.0,116.0,118.0,134257900.0
2019-06-03 09:00:00+00:00,118.0,118.0,118.0,118.0,0.0
2019-06-04 09:00:00+00:00,118.0,118.0,118.0,118.0,0.0
2019-06-05 09:00:00+00:00,118.0,118.0,118.0,118.0,0.0
2019-06-06 09:00:00+00:00,118.0,118.0,118.0,118.0,0.0
2019-06-07 09:00:00+00:00,118.0,118.0,118.0,118.0,0.0
2019-06-10 09:00:00+00:00,120.0,123.0,117.0,122.0,189820200.0
2019-06-11 09:00:00+00:00,122.0,127.0,120.0,125.0,286264100.0
2019-06-12 09:00:00+00:00,125.0,129.0,122.0,123.0,247130900.0
2019-06-13 09:00:00+00:00,124.0,124.0,119.0,120.0,152733700.0
2019-06-14 09:00:00+00:00,121.0,122.0,119.0,119.0,64771400.0
2019-06-17 09:00:00+00:00,122.0,125.0,118.0,118.0,188641100.0
2019-06-18 09:00:00+00:00,119.0,120.0,117.0,118.0,95647500.0
2019-06-19 09:00:00+00:00,119.0,123.0,118.0,119.0,223860200.0
2019-06-20 09:00:00+00:00,121.0,121.0,119.0,120.0,88959400.0
2019-06-21 09:00:00+00:00,120.0,121.0,117.0,121.0,158556600.0
2019-06-24 09:00:00+00:00,125.0,125.0,118.0,119.0,80835800.0
2019-06-25 09:00:00+00:00,119.0,131.0,116.0,130.0,688746300.0
2019-06-26 09:00:00+00:00,131.0,131.0,119.0,120.0,1146347600.0
2019-06-27 09:00:00+00:00,120.0,123.0,119.0,119.0,246407300.0
2019-06-28 09:00:00+00:00,120.0,122.0,119.0,119.0,171872400.0
2019-07-01 09:00:00+00:00,121.0,124.0,119.0,122.0,310834400.0
2019-07-02 09:00:00+00:00,122.0,124.0,119.0,120.0,209705000.0
2019-07-03 09:00:00+00:00,120.0,121.0,118.0,119.0,120481500.0
2019-07-04 09:00:00+00:00,120.0,122.0,118.0,118.0,230974700.0
2019-07-05 09:00:00+00:00,120.0,123.0,119.0,122.0,298841100.0
2019-07-08 09:00:00+00:00,121.0,123.0,118.0,118.0,139040800.0
2019-07-09 09:00:00+00:00,119.0,120.0,118.0,119.0,88101200.0
2019-07-10 09:00:00+00:00,120.0,122.0,119.0,119.0,130831700.0
2019-07-11 09:00:00+00:00,120.0,121.0,118.0,118.0,94415300.0
2019-07-12 09:00:00+00:00,118.0,120.0,117.0,118.0,174630500.0
2019-07-15 09:00:00+00:00,119.0,119.0,117.0,117.0,120792800.0
2019-07-16 09:00:00+00:00,118.0,119.0,116.0,117.0,119399300.0
2019-07-17 09:00:00+00:00,117.0,117.0,114.0,115.0,182782400.0
2019-07-18 09:00:00+00:00,114.0,119.0,114.0,117.0,141880000.0
2019-07-19 09:00:00+00:00,119.0,119.0,116.0,116.0,88622700.0
2019-07-22 09:00:00+00:00,116.0,118.0,116.0,116.0,86245500.0
2019-07-23 09:00:00+00:00,118.0,118.0,115.0,116.0,62571000.0
2019-07-24 09:00:00+00:00,116.0,117.0,115.0,115.0,86108600.0
2019-07-25 09:00:00+00:00,117.0,117.0,113.0,114.0,192276100.0
2019-07-26 09:00:00+00:00,113.0,115.0,111.0,111.0,301076600.0
2019-07-29 09:00:00+00:00,111.0,112.0,109.0,109.0,129679700.0
2019-07-30 09:00:00+00:00,109.0,112.0,108.0,109.0,187947800.0
2019-07-31 09:00:00+00:00,109.0,110.0,108.0,108.0,79527400.0
2019-08-01 09:00:00+00:00,107.0,115.0,107.0,114.0,241743600.0
2019-08-02 09:00:00+00:00,112.0,114.0,111.0,111.0,209953600.0
2019-08-05 09:00:00+00:00,111.0,112.0,105.0,106.0,116969700.0
2019-08-06 09:00:00+00:00,105.0,105.0,102.0,103.0,111384500.0
2019-08-07 09:00:00+00:00,104.0,107.0,103.0,104.0,103088400.0
2019-08-08 09:00:00+00:00,104.0,107.0,102.0,103.0,251289700.0
2019-08-09 09:00:00+00:00,104.0,105.0,103.0,103.0,84957400.0
2019-08-12 09:00:00+00:00,104.0,106.0,103.0,103.0,114907300.0
2019-08-13 09:00:00+00:00,104.0,104.0,99.0,100.0,342224500.0
2019-08-14 09:00:00+00:00,100.0,103.0,99.0,100.0,136449700.0
2019-08-15 09:00:00+00:00,100.0,101.0,97.0,99.0,104751500.0
2019-08-16 09:00:00+00:00,100.0,105.0,93.0,95.0,870408600.0
2019-08-19 09:00:00+00:00,96.0,97.0,94.0,94.0,103189000.0
2019-08-20 09:00:00+00:00,94.0,96.0,94.0,95.0,77309100.0
2019-08-21 09:00:00+00:00,95.0,96.0,94.0,94.0,72430000.0
2019-08-22 09:00:00+00:00,94.0,95.0,92.0,92.0,82560800.0
2019-08-23 09:00:00+00:00,94.0,96.0,92.0,92.0,156174200.0
2019-08-26 09:00:00+00:00,92.0,92.0,89.0,89.0,172848600.0
2019-08-27 09:00:00+00:00,90.0,92.0,89.0,91.0,95965800.0
2019-08-28 09:00:00+00:00,91.0,92.0,89.0,90.0,112130600.0
2019-08-29 09:00:00+00:00,90.0,99.0,90.0,95.0,508025100.0
2019-08-30 09:00:00+00:00,96.0,97.0,93.0,94.0,170693200.0
2019-09-02 09:00:00+00:00,95.0,95.0,92.0,92.0,141201900.0
2019-09-03 09:00:00+00:00,92.0,95.0,91.0,91.0,147992900.0
2019-09-04 09:00:00+00:00,92.0,95.0,90.0,91.0,225351300.0
2019-09-05 09:00:00+00:00,92.0,93.0,90.0,91.0,91955200.0
2019-09-06 09:00:00+00:00,92.0,96.0,91.0,93.0,313243000.0
2019-09-09 09:00:00+00:00,95.0,97.0,93.0,95.0,411745800.0
2019-09-10 09:00:00+00:00,95.0,96.0,93.0,94.0,143185000.0
2019-09-11 09:00:00+00:00,95.0,102.0,94.0,102.0,657559200.0
2019-09-12 09:00:00+00:00,103.0,104.0,97.0,97.0,486823600.0
2019-09-13 09:00:00+00:00,98.0,99.0,95.0,96.0,202286800.0
2019-09-16 09:00:00+00:00,96.0,101.0,95.0,98.0,291832000.0
2019-09-17 09:00:00+00:00,98.0,101.0,98.0,98.0,159869700.0
2019-09-18 09:00:00+00:00,98.0,99.0,95.0,96.0,133812600.0
2019-09-19 09:00:00+00:00,98.0,98.0,94.0,94.0,90447100.0
2019-09-20 09:00:00+00:00,95.0,95.0,93.0,94.0,94545400.0
2019-09-23 09:00:00+00:00,94.0,95.0,93.0,93.0,69278800.0
2019-09-24 09:00:00+00:00,99.0,99.0,90.0,91.0,181206800.0
2019-09-25 09:00:00+00:00,99.0,99.0,90.0,91.0,77686500.0
2019-09-26 09:00:00+00:00,92.0,93.0,91.0,92.0,40920900.0
2019-09-27 09:00:00+00:00,92.0,93.0,90.0,91.0,90866800.0
2019-09-30 09:00:00+00:00,92.0,92.0,90.0,90.0,77947300.0
2019-10-01 09:00:00+00:00,91.0,92.0,90.0,90.0,68721500.0
2019-10-02 09:00:00+00:00,90.0,90.0,86.0,87.0,118805600.0
2019-10-03 09:00:00+00:00,86.0,87.0,84.0,86.0,103149800.0
2019-10-04 09:00:00+00:00,86.0,86.0,83.0,85.0,176045600.0
2019-10-07 09:00:00+00:00,85.0,86.0,78.0,79.0,225300500.0
2019-10-08 09:00:00+00:00,79.0,83.0,79.0,81.0,143952900.0
2019-10-09 09:00:00+00:00,81.0,86.0,81.0,83.0,247602700.0
2019-10-10 09:00:00+00:00,83.0,84.0,80.0,81.0,95096700.0
2019-10-11 09:00:00+00:00,82.0,84.0,81.0,84.0,108765700.0
2019-10-14 09:00:00+00:00,84.0,85.0,82.0,82.0,65156900.0
2019-10-15 09:00:00+00:00,83.0,84.0,82.0,83.0,30205700.0
2019-10-16 09:00:00+00:00,83.0,88.0,83.0,84.0,334816900.0
2019-10-17 09:00:00+00:00,85.0,86.0,82.0,84.0,97423000.0
2019-10-18 09:00:00+00:00,84.0,86.0,83.0,85.0,155296900.0
2019-10-21 09:00:00+00:00,85.0,86.0,83.0,84.0,152905200.0
2019-10-22 09:00:00+00:00,84.0,85.0,82.0,83.0,100352300.0
2019-10-23 09:00:00+00:00,83.0,85.0,82.0,83.0,83694000.0
2019-10-24 09:00:00+00:00,84.0,88.0,82.0,85.0,390818700.0
2019-10-25 09:00:00+00:00,85.0,88.0,84.0,86.0,188428600.0
2019-10-28 09:00:00+00:00,86.0,99.0,86.0,99.0,878225500.0
2019-10-29 09:00:00+00:00,100.0,100.0,92.0,94.0,711931500.0
2019-10-30 09:00:00+00:00,93.0,94.0,87.0,88.0,708865800.0
2019-10-31 09:00:00+00:00,89.0,90.0,84.0,85.0,293519400.0
2019-11-01 09:00:00+00:00,85.0,87.0,82.0,83.0,362928700.0
2019-11-04 09:00:00+00:00,84.0,86.0,80.0,82.0,387505100.0
2019-11-05 09:00:00+00:00,83.0,86.0,81.0,84.0,375320500.0
2019-11-06 09:00:00+00:00,85.0,87.0,83.0,84.0,381261200.0
2019-11-07 09:00:00+00:00,85.0,86.0,79.0,79.0,514218700.0
2019-11-08 09:00:00+00:00,80.0,82.0,79.0,81.0,282685400.0
2019-11-11 09:00:00+00:00,82.0,82.0,79.0,80.0,98292500.0
2019-11-12 09:00:00+00:00,81.0,81.0,79.0,80.0,113672200.0
2019-11-13 09:00:00+00:00,81.0,81.0,78.0,78.0,224686100.0
2019-11-14 09:00:00+00:00,79.0,79.0,76.0,77.0,141472300.0
2019-11-15 09:00:00+00:00,77.0,79.0,77.0,77.0,68961900.0
2019-11-18 09:00:00+00:00,78.0,79.0,77.0,78.0,64183200.0
2019-11-19 09:00:00+00:00,78.0,79.0,77.0,77.0,53905200.0
2019-11-20 09:00:00+00:00,77.0,78.0,75.0,76.0,139017400.0
2019-11-21 09:00:00+00:00,75.0,77.0,73.0,75.0,138807500.0
2019-11-22 09:00:00+00:00,75.0,77.0,74.0,74.0,146536700.0
2019-11-25 09:00:00+00:00,74.0,76.0,72.0,73.0,105186800.0
2019-11-26 09:00:00+00:00,75.0,75.0,68.0,70.0,248895000.0
2019-11-27 09:00:00+00:00,71.0,71.0,65.0,66.0,269182200.0
2019-11-28 09:00:00+00:00,64.0,67.0,63.0,63.0,145313500.0
2019-11-29 09:00:00+00:00,65.0,68.0,62.0,65.0,148835300.0
2019-12-02 09:00:00+00:00,65.0,72.0,65.0,72.0,292612600.0
2019-12-03 09:00:00+00:00,71.0,72.0,67.0,67.0,199016500.0
2019-12-04 09:00:00+00:00,68.0,69.0,66.0,67.0,80856500.0
2019-12-05 09:00:00+00:00,68.0,69.0,67.0,68.0,91628300.0
2019-12-06 09:00:00+00:00,68.0,69.0,67.0,67.0,47065700.0
2019-12-09 09:00:00+00:00,67.0,69.0,64.0,66.0,193487200.0
2019-12-10 09:00:00+00:00,67.0,69.0,66.0,68.0,171917900.0
2019-12-11 09:00:00+00:00,68.0,73.0,67.0,72.0,435115900.0
2019-12-12 09:00:00+00:00,72.0,73.0,66.0,67.0,438899800.0
2019-12-13 09:00:00+00:00,68.0,69.0,66.0,67.0,185043100.0
2019-12-16 09:00:00+00:00,68.0,71.0,67.0,69.0,353394900.0
2019-12-17 09:00:00+00:00,69.0,72.0,68.0,69.0,224860700.0
2019-12-18 09:00:00+00:00,69.0,70.0,67.0,68.0,120955700.0
2019-12-19 09:00:00+00:00,69.0,69.0,66.0,67.0,148131800.0
2019-12-20 09:00:00+00:00,68.0,68.0,64.0,65.0,221835100.0
2019-12-23 09:00:00+00:00,65.0,67.0,65.0,66.0,123314600.0
2019-12-26 09:00:00+00:00,67.0,68.0,66.0,68.0,82635200.0
2019-12-27 09:00:00+00:00,68.0,68.0,65.0,66.0,142678200.0
2019-12-30 09:00:00+00:00,66.0,67.0,65.0,66.0,140026200.0
2020-01-02 09:00:00+00:00,66.0,67.0,66.0,66.0,46639800.0
2020-01-03 09:00:00+00:00,66.0,74.0,66.0,73.0,584259800.0
2020-01-06 09:00:00+00:00,73.0,73.0,68.0,69.0,388234900.0
2020-01-07 09:00:00+00:00,69.0,70.0,68.0,69.0,106576500.0
2020-01-08 09:00:00+00:00,69.0,69.0,66.0,68.0,173963700.0
2020-01-09 09:00:00+00:00,68.0,69.0,66.0,68.0,199940000.0
2020-01-10 09:00:00+00:00,69.0,75.0,68.0,71.0,1034709200.0
2020-01-13 09:00:00+00:00,72.0,75.0,70.0,72.0,501405700.0
2020-01-14 09:00:00+00:00,73.0,74.0,70.0,71.0,295481700.0
2020-01-15 09:00:00+00:00,71.0,71.0,67.0,67.0,260937000.0
2020-01-16 09:00:00+00:00,67.0,69.0,66.0,68.0,183821300.0
2020-01-17 09:00:00+00:00,68.0,69.0,65.0,66.0,308712400.0
2020-01-20 09:00:00+00:00,66.0,67.0,65.0,65.0,167518300.0
2020-01-21 09:00:00+00:00,65.0,66.0,64.0,65.0,153268600.0
2020-01-22 09:00:00+00:00,65.0,65.0,63.0,63.0,191755600.0
2020-01-23 09:00:00+00:00,63.0,63.0,59.0,61.0,366928300.0
2020-01-24 09:00:00+00:00,61.0,62.0,55.0,56.0,483738900.0
2020-01-27 09:00:00+00:00,58.0,58.0,50.0,51.0,912945700.0
2020-01-28 09:00:00+00:00,51.0,58.0,50.0,56.0,495705700.0
2020-01-29 09:00:00+00:00,56.0,60.0,55.0,57.0,474601300.0
2020-01-30 09:00:00+00:00,56.0,58.0,54.0,54.0,284080700.0
2020-01-31 09:00:00+00:00,54.0,56.0,52.0,53.0,232809900.0
2020-02-03 09:00:00+00:00,52.0,53.0,51.0,53.0,171176500.0
2020-02-04 09:00:00+00:00,52.0,54.0,52.0,53.0,142181200.0
2020-02-05 09:00:00+00:00,54.0,56.0,50.0,51.0,438410500.0
2020-02-06 09:00:00+00:00,51.0,53.0,51.0,53.0,141438000.0
2020-02-07 09:00:00+00:00,53.0,54.0,51.0,53.0,150247200.0
2020-02-10 09:00:00+00:00,51.0,53.0,51.0,52.0,69300500.0
2020-02-11 09:00:00+00:00,51.0,53.0,51.0,52.0,49992900.0
2020-02-12 09:00:00+00:00,52.0,53.0,51.0,52.0,56995900.0
2020-02-13 09:00:00+00:00,51.0,53.0,51.0,52.0,85572200.0
2020-02-14 09:00:00+00:00,51.0,52.0,51.0,51.0,41576000.0
2020-02-17 09:00:00+00:00,51.0,53.0,51.0,51.0,82901500.0
2020-02-18 09:00:00+00:00,51.0,52.0,51.0,52.0,80600000.0
2020-02-19 09:00:00+00:00,52.0,53.0,51.0,51.0,59714300.0
2020-02-20 09:00:00+00:00,51.0,52.0,50.0,50.0,217721900.0
2020-02-21 09:00:00+00:00,50.0,51.0,50.0,50.0,118994600.0
2020-02-24 09:00:00+00:00,51.0,51.0,50.0,50.0,201346100.0
2020-02-25 09:00:00+00:00,50.0,50.0,50.0,50.0,16260600.0
2020-02-26 09:00:00+00:00,50.0,50.0,50.0,50.0,7151100.0
2020-02-27 09:00:00+00:00,50.0,50.0,50.0,50.0,5149500.0
2020-02-28 09:00:00+00:00,50.0,50.0,50.0,50.0,85283900.0
2020-03-02 09:00:00+00:00,50.0,50.0,50.0,50.0,45892100.0
2020-03-03 09:00:00+00:00,50.0,50.0,50.0,50.0,8002800.0
2020-03-04 09:00:00+00:00,50.0,50.0,50.0,50.0,5029600.0
2020-03-05 09:00:00+00:00,50.0,50.0,50.0,50.0,3208400.0
2020-03-06 09:00:00+00:00,50.0,50.0,50.0,50.0,939400.0
2020-03-09 09:00:00+00:00,50.0,50.0,50.0,50.0,2697100.0
2020-03-10 09:00:00+00:00,50.0,50.0,50.0,50.0,1015500.0
2020-03-11 09:00:00+00:00,50.0,50.0,50.0,50.0,2949900.0
2020-03-12 09:00:00+00:00,50.0,50.0,50.0,50.0,5705400.0
2020-03-13 09:00:00+00:00,50.0,50.0,50.0,50.0,3650000.0
2020-03-16 09:00:00+00:00,50.0,50.0,50.0,50.0,2321800.0
2020-03-17 09:00:00+00:00,50.0,50.0,50.0,50.0,1332300.0
2020-03-18 09:00:00+00:00,50.0,50.0,50.0,50.0,3501000.0
2020-03-19 09:00:00+00:00,50.0,50.0,50.0,50.0,92100.0
2020-03-20 09:00:00+00:00,50.0,50.0,50.0,50.0,2335100.0
2020-03-23 09:00:00+00:00,50.0,50.0,50.0,50.0,1178900.0
2020-03-24 09:00:00+00:00,50.0,50.0,50.0,50.0,534200.0
2020-03-26 09:00:00+00:00,50.0,50.0,50.0,50.0,5256600.0
2020-03-27 09:00:00+00:00,50.0,50.0,50.0,50.0,5138500.0
2020-03-30 09:00:00+00:00,50.0,50.0,50.0,50.0,1234200.0
2020-03-31 09:00:00+00:00,50.0,50.0,50.0,50.0,511500.0
2020-04-01 09:00:00+00:00,50.0,50.0,50.0,50.0,2142900.0
2020-04-02 09:00:00+00:00,50.0,50.0,50.0,50.0,6863500.0
2020-04-03 09:00:00+00:00,50.0,50.0,50.0,50.0,4265600.0
2020-04-06 09:00:00+00:00,50.0,50.0,50.0,50.0,3123100.0
2020-04-07 09:00:00+00:00,50.0,50.0,50.0,50.0,1342700.0
2020-04-08 09:00:00+00:00,50.0,50.0,50.0,50.0,746400.0
2020-04-09 09:00:00+00:00,50.0,50.0,50.0,50.0,2214100.0
2020-04-13 09:00:00+00:00,50.0,50.0,50.0,50.0,8657700.0
2020-04-14 09:00:00+00:00,50.0,50.0,50.0,50.0,11979600.0
2020-04-15 09:00:00+00:00,50.0,50.0,50.0,50.0,6341100.0
2020-04-16 09:00:00+00:00,50.0,50.0,50.0,50.0,716600.0
2020-04-17 09:00:00+00:00,50.0,50.0,50.0,50.0,14560400.0
2020-04-20 09:00:00+00:00,50.0,50.0,50.0,50.0,4668300.0
2020-04-21 09:00:00+00:00,50.0,50.0,50.0,50.0,280800.0
2020-04-22 09:00:00+00:00,50.0,50.0,50.0,50.0,512600.0
2020-04-23 09:00:00+00:00,50.0,50.0,50.0,50.0,465100.0
2020-04-24 09:00:00+00:00,50.0,50.0,50.0,50.0,2578700.0
2020-04-27 09:00:00+00:00,50.0,50.0,50.0,50.0,966600.0
2020-04-28 09:00:00+00:00,50.0,50.0,50.0,50.0,505600.0
2020-04-29 09:00:00+00:00,50.0,50.0,50.0,50.0,2656200.0
2020-04-30 09:00:00+00:00,50.0,50.0,50.0,50.0,1242500.0
2020-05-04 09:00:00+00:00,50.0,50.0,50.0,50.0,1503800.0
2020-05-05 09:00:00+00:00,50.0,50.0,50.0,50.0,2318200.0
2020-05-06 09:00:00+00:00,50.0,50.0,50.0,50.0,609200.0
2020-05-08 09:00:00+00:00,50.0,50.0,50.0,50.0,5595200.0
2020-05-11 09:00:00+00:00,50.0,50.0,50.0,50.0,1444900.0
2020-05-12 09:00:00+00:00,50.0,50.0,50.0,50.0,14995600.0
2020-05-13 09:00:00+00:00,50.0,50.0,50.0,50.0,1375500.0
2020-05-14 09:00:00+00:00,50.0,50.0,50.0,50.0,1788900.0
2020-05-15 09:00:00+00:00,50.0,50.0,50.0,50.0,30241700.0
2020-05-18 09:00:00+00:00,50.0,50.0,50.0,50.0,10780400.0
2020-05-19 09:00:00+00:00,50.0,50.0,50.0,50.0,2885500.0
2020-05-20 09:00:00+00:00,50.0,50.0,50.0,50.0,22613200.0
2020-05-26 09:00:00+00:00,50.0,50.0,50.0,50.0,17378500.0
2020-05-27 09:00:00+00:00,50.0,50.0,50.0,50.0,7344800.0
2020-05-28 09:00:00+00:00,50.0,50.0,50.0,50.0,948100.0
2020-05-29 09:00:00+00:00,50.0,50.0,50.0,50.0,2314500.0
2020-06-02 09:00:00+00:00,50.0,50.0,50.0,50.0,11592000.0
2020-06-03 09:00:00+00:00,50.0,50.0,50.0,50.0,4620600.0
2020-06-04 09:00:00+00:00,50.0,50.0,50.0,50.0,5412500.0
2020-06-05 09:00:00+00:00,50.0,50.0,50.0,50.0,13494300.0
2020-06-08 09:00:00+00:00,50.0,50.0,50.0,50.0,52268800.0
2020-06-09 09:00:00+00:00,50.0,50.0,50.0,50.0,28581000.0
2020-06-10 09:00:00+00:00,50.0,50.0,50.0,50.0,15338700.0
2020-06-11 09:00:00+00:00,50.0,50.0,50.0,50.0,72794900.0
2020-06-12 09:00:00+00:00,50.0,50.0,50.0,50.0,710200.0
2020-06-15 09:00:00+00:00,50.0,50.0,50.0,50.0,954100.0
2020-06-16 09:00:00+00:00,50.0,50.0,50.0,50.0,2684000.0
2020-06-17 09:00:00+00:00,50.0,50.0,50.0,50.0,439000.0
2020-06-18 09:00:00+00:00,50.0,50.0,50.0,50.0,2593600.0
2020-06-19 09:00:00+00:00,50.0,50.0,50.0,50.0,602400.0
2020-06-22 09:00:00+00:00,50.0,50.0,50.0,50.0,862000.0
2020-06-23 09:00:00+00:00,50.0,50.0,50.0,50.0,336900.0
2020-06-24 09:00:00+00:00,50.0,50.0,50.0,50.0,540900.0
2020-06-25 09:00:00+00:00,50.0,50.0,50.0,50.0,720700.0
2020-06-26 09:00:00+00:00,50.0,50.0,50.0,50.0,1508000.0
2020-06-29 09:00:00+00:00,50.0,50.0,50.0,50.0,437300.0
2020-06-30 09:00:00+00:00,50.0,50.0,50.0,50.0,133000.0
2020-07-01 09:00:00+00:00,50.0,50.0,50.0,50.0,303000.0
2020-07-02 09:00:00+00:00,50.0,50.0,50.0,50.0,149200.0
2020-07-03 09:00:00+00:00,50.0,50.0,50.0,50.0,114400.0
2020-07-06 09:00:00+00:00,50.0,50.0,50.0,50.0,694700.0
2020-07-07 09:00:00+00:00,50.0,50.0,50.0,50.0,40309700.0
2020-07-08 09:00:00+00:00,50.0,50.0,50.0,50.0,117356400.0
2020-07-09 09:00:00+00:00,50.0,50.0,50.0,50.0,4715600.0
2020-07-10 09:00:00+00:00,50.0,50.0,50.0,50.0,685200.0
2020-07-13 09:00:00+00:00,50.0,50.0,50.0,50.0,1691900.0
2020-07-14 09:00:00+00:00,50.0,50.0,50.0,50.0,617200.0
2020-07-15 09:00:00+00:00,50.0,50.0,50.0,50.0,880900.0
2020-07-16 09:00:00+00:00,50.0,50.0,50.0,50.0,387500.0
2020-07-17 09:00:00+00:00,50.0,50.0,50.0,50.0,19736000.0
2020-07-20 09:00:00+00:00,50.0,50.0,50.0,50.0,672600.0
2020-07-21 09:00:00+00:00,50.0,50.0,50.0,50.0,5537100.0
2020-07-22 09:00:00+00:00,50.0,50.0,50.0,50.0,2090100.0
2020-07-23 09:00:00+00:00,50.0,50.0,50.0,50.0,2037200.0
2020-07-24 09:00:00+00:00,50.0,50.0,50.0,50.0,3967700.0
2020-07-27 09:00:00+00:00,50.0,50.0,50.0,50.0,2639100.0
2020-07-28 09:00:00+00:00,50.0,50.0,50.0,50.0,391000.0
2020-07-29 09:00:00+00:00,50.0,50.0,50.0,50.0,437600.0
2020-07-30 09:00:00+00:00,50.0,50.0,50.0,50.0,291400.0
2020-08-03 09:00:00+00:00,50.0,50.0,50.0,50.0,384600.0
2020-08-04 09:00:00+00:00,50.0,50.0,50.0,50.0,298700.0
2020-08-05 09:00:00+00:00,50.0,50.0,50.0,50.0,7178400.0
2020-08-06 09:00:00+00:00,50.0,50.0,50.0,50.0,7242500.0
2020-08-07 09:00:00+00:00,50.0,50.0,50.0,50.0,8858000.0
2020-08-10 09:00:00+00:00,50.0,50.0,50.0,50.0,7832200.0
2020-08-11 09:00:00+00:00,50.0,50.0,50.0,50.0,9475700.0
2020-08-12 09:00:00+00:00,50.0,50.0,50.0,50.0,7888300.0
2020-08-13 09:00:00+00:00,50.0,50.0,50.0,50.0,6499200.0
2020-08-14 09:00:00+00:00,50.0,50.0,50.0,50.0,3516300.0
2020-08-18 09:00:00+00:00,50.0,50.0,50.0,50.0,447800.0
2020-08-19 09:00:00+00:00,50.0,50.0,50.0,50.0,1058700.0
2020-08-24 09:00:00+00:00,50.0,50.0,50.0,50.0,1812200.0
2020-08-25 09:00:00+00:00,50.0,50.0,50.0,50.0,503100.0
2020-08-26 09:00:00+00:00,50.0,50.0,50.0,50.0,8916200.0
2020-08-27 09:00:00+00:00,50.0,50.0,50.0,50.0,7920200.0
2020-08-28 09:00:00+00:00,50.0,50.0,50.0,50.0,2212700.0
2020-08-31 09:00:00+00:00,50.0,50.0,50.0,50.0,3903400.0
2020-09-01 09:00:00+00:00,50.0,50.0,50.0,50.0,2331500.0
2020-09-02 09:00:00+00:00,50.0,52.0,50.0,50.0,1381787300.0
2020-09-03 09:00:00+00:00,50.0,58.0,50.0,52.0,4610670100.0
2020-09-04 09:00:00+00:00,51.0,54.0,50.0,51.0,879859300.0
2020-09-07 09:00:00+00:00,51.0,54.0,50.0,52.0,518104000.0
2020-09-08 09:00:00+00:00,52.0,53.0,50.0,50.0,1173460400.0
2020-09-09 09:00:00+00:00,50.0,50.0,50.0,50.0,35193200.0
2020-09-10 09:00:00+00:00,50.0,50.0,50.0,50.0,949200.0
2020-09-11 09:00:00+00:00,50.0,50.0,50.0,50.0,1564500.0
2020-09-14 09:00:00+00:00,50.0,50.0,50.0,50.0,7572000.0
2020-09-15 09:00:00+00:00,50.0,54.0,50.0,50.0,806098400.0
2020-09-16 09:00:00+00:00,50.0,52.0,50.0,50.0,203064900.0
2020-09-17 09:00:00+00:00,50.0,51.0,50.0,50.0,201984400.0
2020-09-18 09:00:00+00:00,50.0,51.0,50.0,50.0,127397000.0
2020-09-21 09:00:00+00:00,50.0,51.0,50.0,50.0,81561100.0
2020-09-22 09:00:00+00:00,50.0,50.0,50.0,50.0,9022500.0
2020-09-23 09:00:00+00:00,50.0,50.0,50.0,50.0,18364400.0
2020-09-24 09:00:00+00:00,50.0,50.0,50.0,50.0,855300.0
2020-09-25 09:00:00+00:00,50.0,50.0,50.0,50.0,6328600.0
2020-09-28 09:00:00+00:00,50.0,50.0,50.0,50.0,2009300.0
2020-09-29 09:00:00+00:00,50.0,51.0,50.0,50.0,192231300.0
2020-09-30 09:00:00+00:00,50.0,50.0,50.0,50.0,18872600.0
2020-10-01 09:00:00+00:00,50.0,50.0,50.0,50.0,14375400.0
2020-10-02 09:00:00+00:00,50.0,51.0,50.0,50.0,6376000.0
2020-10-05 09:00:00+00:00,50.0,50.0,50.0,50.0,8471100.0
2020-10-06 09:00:00+00:00,50.0,51.0,50.0,50.0,94971800.0
2020-10-07 09:00:00+00:00,50.0,51.0,50.0,51.0,64913000.0
2020-10-08 09:00:00+00:00,50.0,51.0,50.0,50.0,35543500.0
2020-10-09 09:00:00+00:00,50.0,51.0,50.0,50.0,28498100.0
2020-10-12 09:00:00+00:00,50.0,51.0,50.0,50.0,21524600.0
2020-10-13 09:00:00+00:00,50.0,50.0,50.0,50.0,8003000.0
2020-10-14 09:00:00+00:00,50.0,50.0,50.0,50.0,2686100.0
2020-10-15 09:00:00+00:00,50.0,50.0,50.0,50.0,2389600.0
2020-10-16 09:00:00+00:00,50.0,50.0,50.0,50.0,760700.0
2020-10-19 09:00:00+00:00,50.0,50.0,50.0,50.0,34508500.0
2020-10-20 09:00:00+00:00,50.0,50.0,50.0,50.0,2908200.0
2020-10-21 09:00:00+00:00,50.0,50.0,50.0,50.0,1238000.0
2020-10-22 09:00:00+00:00,50.0,50.0,50.0,50.0,1020300.0
2020-10-23 09:00:00+00:00,50.0,50.0,50.0,50.0,5893100.0
2020-10-26 09:00:00+00:00,50.0,50.0,50.0,50.0,1747800.0
2020-10-27 09:00:00+00:00,50.0,50.0,50.0,50.0,5141900.0
2020-11-02 09:00:00+00:00,50.0,53.0,50.0,50.0,359110300.0
2020-11-03 09:00:00+00:00,50.0,53.0,50.0,51.0,353113100.0
2020-11-04 09:00:00+00:00,52.0,53.0,50.0,50.0,300380700.0
2020-11-05 09:00:00+00:00,50.0,51.0,50.0,50.0,107894000.0
2020-11-06 09:00:00+00:00,50.0,51.0,50.0,50.0,142735300.0
2020-11-09 09:00:00+00:00,51.0,51.0,50.0,50.0,117609400.0
2020-11-10 09:00:00+00:00,51.0,51.0,50.0,50.0,43973600.0
2020-11-11 09:00:00+00:00,50.0,51.0,50.0,50.0,193153200.0
2020-11-12 09:00:00+00:00,50.0,50.0,50.0,50.0,24804600.0
2020-11-13 09:00:00+00:00,50.0,50.0,50.0,50.0,17923600.0
2020-11-16 09:00:00+00:00,50.0,50.0,50.0,50.0,8821600.0
2020-11-17 09:00:00+00:00,50.0,50.0,50.0,50.0,10143100.0
2020-11-18 09:00:00+00:00,50.0,50.0,50.0,50.0,3541700.0
2020-11-19 09:00:00+00:00,50.0,50.0,50.0,50.0,27359200.0
2020-11-20 09:00:00+00:00,50.0,51.0,50.0,50.0,174531500.0
2020-11-23 09:00:00+00:00,50.0,54.0,50.0,53.0,782943500.0
2020-11-24 09:00:00+00:00,54.0,58.0,53.0,57.0,1361862900.0
2020-11-25 09:00:00+00:00,58.0,75.0,58.0,72.0,3895139900.0
2020-11-26 09:00:00+00:00,73.0,79.0,73.0,76.0,2186405900.0
2020-11-27 09:00:00+00:00,77.0,80.0,71.0,71.0,1673442700.0
2020-11-30 09:00:00+00:00,71.0,73.0,67.0,67.0,1548291000.0
2020-12-01 09:00:00+00:00,68.0,71.0,63.0,63.0,1279424700.0
2020-12-02 09:00:00+00:00,64.0,64.0,59.0,59.0,1000637900.0
2020-12-03 09:00:00+00:00,59.0,71.0,56.0,71.0,2646295700.0
2020-12-04 09:00:00+00:00,74.0,74.0,67.0,68.0,1807306000.0
2020-12-07 09:00:00+00:00,69.0,75.0,69.0,70.0,1120226600.0
2020-12-08 09:00:00+00:00,71.0,77.0,70.0,73.0,1514295800.0
2020-12-10 09:00:00+00:00,74.0,75.0,68.0,70.0,802558200.0
2020-12-11 09:00:00+00:00,72.0,73.0,67.0,69.0,416991000.0
2020-12-14 09:00:00+00:00,71.0,73.0,70.0,71.0,475862800.0
2020-12-15 09:00:00+00:00,72.0,73.0,68.0,70.0,404795000.0
2020-12-16 09:00:00+00:00,71.0,72.0,69.0,70.0,363331300.0
2020-12-17 09:00:00+00:00,69.0,89.0,69.0,83.0,4148940000.0
2020-12-18 09:00:00+00:00,85.0,87.0,78.0,81.0,1442773700.0
2020-12-21 09:00:00+00:00,82.0,83.0,77.0,78.0,670145900.0
2020-12-22 09:00:00+00:00,78.0,83.0,73.0,73.0,863583800.0
2020-12-23 09:00:00+00:00,74.0,76.0,68.0,72.0,513716000.0
2020-12-28 09:00:00+00:00,73.0,79.0,71.0,75.0,813897500.0
2020-12-29 09:00:00+00:00,76.0,79.0,73.0,73.0,754606600.0
2020-12-30 09:00:00+00:00,74.0,75.0,71.0,72.0,402525400.0
2021-01-04 09:00:00+00:00,72.0,77.0,70.0,74.0,607961300.0
2021-01-05 09:00:00+00:00,75.0,76.0,73.0,74.0,269312200.0
2021-01-06 09:00:00+00:00,75.0,75.0,70.0,71.0,416612800.0
2021-01-07 09:00:00+00:00,71.0,75.0,71.0,73.0,475552700.0
2021-01-08 09:00:00+00:00,73.0,81.0,73.0,78.0,1385069300.0
2021-01-11 09:00:00+00:00,79.0,82.0,76.0,79.0,787176300.0
2021-01-12 09:00:00+00:00,79.0,80.0,76.0,77.0,313498800.0
2021-01-13 09:00:00+00:00,78.0,103.0,78.0,103.0,4689769000.0
2021-01-14 09:00:00+00:00,107.0,122.0,100.0,105.0,5445235800.0
2021-01-15 09:00:00+00:00,106.0,123.0,104.0,120.0,3391371500.0
2021-01-18 09:00:00+00:00,120.0,156.0,116.0,130.0,6525182300.0
2021-01-19 09:00:00+00:00,130.0,138.0,121.0,121.0,2874177400.0
2021-01-20 09:00:00+00:00,120.0,120.0,113.0,113.0,194654200.0
2021-01-21 09:00:00+00:00,106.0,111.0,106.0,106.0,358591300.0
2021-01-22 09:00:00+00:00,100.0,100.0,99.0,99.0,181549700.0
2021-01-25 09:00:00+00:00,93.0,93.0,93.0,93.0,61258200.0
2021-01-26 09:00:00+00:00,87.0,87.0,87.0,87.0,108915400.0
2021-01-27 09:00:00+00:00,81.0,81.0,81.0,81.0,33515400.0
2021-01-28 09:00:00+00:00,76.0,76.0,76.0,76.0,72511500.0
2021-01-29 09:00:00+00:00,71.0,71.0,71.0,71.0,65940400.0
2021-02-01 09:00:00+00:00,67.0,67.0,67.0,67.0,674423400.0
2021-02-02 09:00:00+00:00,63.0,76.0,63.0,63.0,5443770300.0
2021-02-03 09:00:00+00:00,65.0,65.0,59.0,60.0,1492884900.0
2021-02-04 09:00:00+00:00,60.0,64.0,56.0,56.0,1198094000.0
2021-02-05 09:00:00+00:00,57.0,65.0,55.0,63.0,2179604200.0
2021-02-08 09:00:00+00:00,63.0,67.0,63.0,66.0,1104142300.0
2021-02-09 09:00:00+00:00,67.0,71.0,64.0,65.0,1094297200.0
2021-02-10 09:00:00+00:00,66.0,67.0,65.0,66.0,289955200.0
2021-02-11 09:00:00+00:00,66.0,67.0,65.0,65.0,289231000.0
2021-02-15 09:00:00+00:00,66.0,67.0,64.0,65.0,223005300.0
2021-02-16 09:00:00+00:00,65.0,66.0,63.0,64.0,257163900.0
2021-02-17 09:00:00+00:00,64.0,64.0,60.0,61.0,497571200.0
2021-02-18 09:00:00+00:00,61.0,62.0,59.0,60.0,269847400.0
2021-02-19 09:00:00+00:00,59.0,60.0,56.0,58.0,832781700.0
2021-02-22 09:00:00+00:00,58.0,63.0,57.0,61.0,615559500.0
2021-02-23 09:00:00+00:00,65.0,65.0,60.0,62.0,316294100.0
2021-02-24 09:00:00+00:00,63.0,63.0,59.0,59.0,254453100.0
2021-02-25 09:00:00+00:00,60.0,65.0,60.0,65.0,561792800.0
2021-02-26 09:00:00+00:00,64.0,64.0,61.0,61.0,777444800.0
2021-03-01 09:00:00+00:00,62.0,64.0,61.0,62.0,536660000.0
2021-03-02 09:00:00+00:00,63.0,64.0,61.0,62.0,241565700.0
2021-03-03 09:00:00+00:00,62.0,63.0,60.0,61.0,372785300.0
2021-03-04 09:00:00+00:00,62.0,62.0,60.0,61.0,391919000.0
2021-03-05 09:00:00+00:00,61.0,61.0,59.0,60.0,175132200.0
2021-03-08 09:00:00+00:00,60.0,61.0,58.0,59.0,345630000.0
2021-03-09 09:00:00+00:00,59.0,60.0,58.0,59.0,202832800.0
2021-03-10 09:00:00+00:00,60.0,60.0,58.0,59.0,95008200.0
2021-03-12 09:00:00+00:00,60.0,65.0,60.0,61.0,909000000.0
2021-03-15 09:00:00+00:00,62.0,64.0,61.0,61.0,330925300.0
2021-03-16 09:00:00+00:00,61.0,62.0,59.0,60.0,218140100.0
2021-03-17 09:00:00+00:00,61.0,61.0,59.0,60.0,239408600.0
2021-03-18 09:00:00+00:00,61.0,63.0,59.0,61.0,503254200.0
2021-03-19 09:00:00+00:00,61.0,65.0,61.0,62.0,695945200.0
2021-03-22 09:00:00+00:00,63.0,68.0,62.0,68.0,1356625500.0
2021-03-23 09:00:00+00:00,68.0,77.0,68.0,73.0,2702947000.0
2021-03-24 09:00:00+00:00,71.0,72.0,68.0,68.0,788870200.0
2021-03-25 09:00:00+00:00,66.0,67.0,64.0,65.0,864066000.0
2021-03-26 09:00:00+00:00,65.0,66.0,62.0,65.0,562675200.0
2021-03-29 09:00:00+00:00,66.0,66.0,61.0,61.0,359704500.0
2021-03-30 09:00:00+00:00,61.0,63.0,59.0,60.0,257168600.0
2021-03-31 09:00:00+00:00,61.0,63.0,58.0,59.0,458213200.0
2021-04-01 09:00:00+00:00,60.0,62.0,59.0,60.0,256844100.0
2021-04-05 09:00:00+00:00,61.0,62.0,60.0,60.0,165503900.0
2021-04-06 09:00:00+00:00,61.0,61.0,59.0,60.0,131428000.0
2021-04-07 09:00:00+00:00,61.0,61.0,59.0,60.0,119018200.0
2021-04-08 09:00:00+00:00,60.0,63.0,60.0,63.0,421986600.0
2021-04-09 09:00:00+00:00,63.0,63.0,61.0,62.0,200631300.0
2021-04-12 09:00:00+00:00,62.0,63.0,59.0,60.0,254824700.0
2021-04-13 09:00:00+00:00,60.0,61.0,59.0,59.0,119434100.0
2021-04-14 09:00:00+00:00,59.0,61.0,59.0,60.0,186360200.0
2021-04-15 09:00:00+00:00,60.0,61.0,59.0,60.0,179768500.0
2021-04-16 09:00:00+00:00,60.0,61.0,59.0,61.0,110192700.0
2021-04-19 09:00:00+00:00,61.0,62.0,60.0,61.0,157739200.0
2021-04-20 09:00:00+00:00,61.0,62.0,60.0,62.0,150285400.0
2021-04-21 09:00:00+00:00,61.0,62.0,60.0,62.0,92288700.0
2021-04-22 09:00:00+00:00,62.0,65.0,61.0,65.0,560619300.0
2021-04-23 09:00:00+00:00,65.0,67.0,62.0,65.0,500288400.0
2021-04-26 09:00:00+00:00,65.0,65.0,63.0,64.0,166159500.0
2021-04-27 09:00:00+00:00,64.0,65.0,61.0,62.0,272029600.0
2021-04-28 09:00:00+00:00,63.0,63.0,60.0,61.0,154222000.0
2021-04-29 09:00:00+00:00,61.0,63.0,61.0,62.0,165597200.0
2021-04-30 09:00:00+00:00,62.0,64.0,61.0,63.0,275721500.0
2021-05-03 09:00:00+00:00,63.0,67.0,62.0,67.0,790403100.0
2021-05-04 09:00:00+00:00,68.0,69.0,64.0,65.0,528015500.0
2021-05-05 09:00:00+00:00,65.0,66.0,63.0,63.0,194730400.0
2021-05-06 09:00:00+00:00,63.0,65.0,63.0,64.0,159558000.0
2021-05-07 09:00:00+00:00,64.0,65.0,63.0,63.0,229168500.0
2021-05-10 09:00:00+00:00,64.0,64.0,61.0,62.0,237034300.0
2021-05-11 09:00:00+00:00,62.0,64.0,61.0,63.0,369093500.0
2021-05-17 09:00:00+00:00,63.0,65.0,60.0,60.0,357801100.0
2021-05-18 09:00:00+00:00,60.0,63.0,60.0,62.0,124961800.0
2021-05-19 09:00:00+00:00,62.0,63.0,60.0,61.0,158944700.0
2021-05-20 09:00:00+00:00,61.0,62.0,60.0,60.0,205597900.0
2021-05-21 09:00:00+00:00,61.0,62.0,60.0,60.0,134303800.0
2021-05-24 09:00:00+00:00,61.0,62.0,59.0,59.0,224104700.0
2021-05-25 09:00:00+00:00,60.0,62.0,59.0,61.0,388403800.0
2021-05-27 09:00:00+00:00,61.0,62.0,60.0,60.0,308940000.0
2021-05-28 09:00:00+00:00,60.0,62.0,60.0,60.0,149541700.0
2021-05-31 09:00:00+00:00,61.0,61.0,59.0,60.0,228866300.0
2021-06-02 09:00:00+00:00,61.0,63.0,60.0,61.0,587030900.0
2021-06-03 09:00:00+00:00,62.0,65.0,61.0,61.0,835163400.0
2021-06-04 09:00:00+00:00,62.0,62.0,60.0,61.0,171929400.0
2021-06-07 09:00:00+00:00,61.0,62.0,60.0,60.0,171014600.0
2021-06-08 09:00:00+00:00,60.0,64.0,60.0,61.0,644479500.0
2021-06-09 09:00:00+00:00,62.0,63.0,60.0,61.0,451596000.0
2021-06-10 09:00:00+00:00,60.0,61.0,60.0,60.0,233720900.0
2021-06-11 09:00:00+00:00,61.0,66.0,60.0,63.0,1400047400.0
2021-06-14 09:00:00+00:00,64.0,64.0,61.0,61.0,342889200.0
2021-06-15 09:00:00+00:00,61.0,62.0,60.0,61.0,415433400.0
2021-06-16 09:00:00+00:00,61.0,62.0,60.0,61.0,154223900.0
2021-06-17 09:00:00+00:00,61.0,62.0,60.0,60.0,104716200.0
2021-06-18 09:00:00+00:00,61.0,61.0,57.0,58.0,677879500.0
2021-06-21 09:00:00+00:00,57.0,59.0,57.0,58.0,211400500.0
2021-06-22 09:00:00+00:00,59.0,60.0,58.0,59.0,147428200.0
2021-06-23 09:00:00+00:00,59.0,63.0,59.0,60.0,761211000.0
2021-06-24 09:00:00+00:00,61.0,61.0,59.0,59.0,243456800.0
2021-06-25 09:00:00+00:00,60.0,61.0,59.0,59.0,206503400.0
2021-06-28 09:00:00+00:00,60.0,63.0,58.0,58.0,235336800.0
2021-06-29 09:00:00+00:00,59.0,60.0,58.0,59.0,272846300.0
2021-06-30 09:00:00+00:00,60.0,64.0,58.0,60.0,1191870100.0
2021-07-01 09:00:00+00:00,60.0,62.0,60.0,60.0,377451700.0
2021-07-02 09:00:00+00:00,61.0,62.0,60.0,60.0,231199600.0
2021-07-05 09:00:00+00:00,61.0,61.0,59.0,60.0,158973200.0
2021-07-06 09:00:00+00:00,60.0,61.0,60.0,60.0,203406800.0
2021-07-07 09:00:00+00:00,61.0,61.0,59.0,59.0,166210800.0
2021-07-08 09:00:00+00:00,60.0,60.0,59.0,59.0,109152200.0
2021-07-09 09:00:00+00:00,60.0,61.0,58.0,60.0,561079100.0
2021-07-12 09:00:00+00:00,60.0,61.0,58.0,59.0,488026800.0
2021-07-13 09:00:00+00:00,59.0,60.0,58.0,58.0,242280300.0
2021-07-14 09:00:00+00:00,58.0,59.0,56.0,57.0,324776800.0
2021-07-15 09:00:00+00:00,57.0,58.0,57.0,57.0,86670000.0
2021-07-16 09:00:00+00:00,57.0,58.0,57.0,58.0,74274600.0
2021-07-19 09:00:00+00:00,58.0,58.0,57.0,57.0,72193500.0
2021-07-21 09:00:00+00:00,57.0,58.0,55.0,57.0,347561500.0
2021-07-22 09:00:00+00:00,57.0,59.0,56.0,59.0,141134600.0
2021-07-23 09:00:00+00:00,59.0,59.0,57.0,57.0,82784000.0
2021-07-26 09:00:00+00:00,57.0,58.0,57.0,57.0,159702000.0
2021-07-27 09:00:00+00:00,57.0,58.0,56.0,56.0,101474100.0
2021-07-28 09:00:00+00:00,56.0,58.0,56.0,56.0,72428000.0
2021-07-29 09:00:00+00:00,56.0,59.0,56.0,58.0,257230200.0
2021-07-30 09:00:00+00:00,58.0,58.0,56.0,57.0,130635800.0
2021-08-02 09:00:00+00:00,57.0,58.0,57.0,58.0,106897900.0
2021-08-03 09:00:00+00:00,58.0,58.0,56.0,57.0,123921500.0
2021-08-04 09:00:00+00:00,57.0,58.0,56.0,57.0,109480900.0
2021-08-05 09:00:00+00:00,57.0,57.0,56.0,57.0,111931400.0
2021-08-06 09:00:00+00:00,57.0,57.0,56.0,57.0,226358000.0
2021-08-09 09:00:00+00:00,57.0,57.0,55.0,55.0,234056800.0
2021-08-10 09:00:00+00:00,55.0,55.0,52.0,53.0,612404300.0
2021-08-12 09:00:00+00:00,53.0,57.0,53.0,55.0,281108400.0
2021-08-13 09:00:00+00:00,55.0,56.0,53.0,54.0,190607000.0
2021-08-16 09:00:00+00:00,54.0,55.0,53.0,55.0,112402300.0
2021-08-18 09:00:00+00:00,55.0,56.0,54.0,54.0,112202300.0
2021-08-19 09:00:00+00:00,54.0,55.0,52.0,53.0,152377300.0
2021-08-20 09:00:00+00:00,53.0,54.0,52.0,53.0,90981600.0
2021-08-23 09:00:00+00:00,53.0,54.0,52.0,54.0,95618600.0
2021-08-24 09:00:00+00:00,54.0,55.0,53.0,53.0,83187400.0
2021-08-25 09:00:00+00:00,53.0,54.0,53.0,54.0,38618300.0
2021-08-26 09:00:00+00:00,54.0,54.0,52.0,53.0,116766600.0
2021-08-27 09:00:00+00:00,53.0,54.0,52.0,52.0,127654600.0
2021-08-30 09:00:00+00:00,54.0,56.0,53.0,55.0,376987900.0
2021-08-31 09:00:00+00:00,54.0,56.0,53.0,54.0,214319000.0
2021-09-01 09:00:00+00:00,54.0,56.0,54.0,54.0,91577500.0
2021-09-02 09:00:00+00:00,55.0,55.0,53.0,53.0,123220800.0
2021-09-03 09:00:00+00:00,53.0,56.0,53.0,56.0,288759800.0
2021-09-06 09:00:00+00:00,55.0,57.0,55.0,56.0,102725100.0
2021-09-07 09:00:00+00:00,56.0,57.0,55.0,56.0,107902100.0
2021-09-08 09:00:00+00:00,56.0,57.0,55.0,55.0,119375600.0
2021-09-09 09:00:00+00:00,55.0,56.0,54.0,55.0,85120500.0
2021-09-10 09:00:00+00:00,55.0,56.0,54.0,54.0,79804800.0
2021-09-13 09:00:00+00:00,54.0,55.0,53.0,54.0,138753900.0
2021-09-14 09:00:00+00:00,55.0,55.0,54.0,54.0,52314900.0
2021-09-15 09:00:00+00:00,54.0,56.0,54.0,54.0,141258800.0
2021-09-16 09:00:00+00:00,54.0,55.0,54.0,54.0,91000100.0
2021-09-17 09:00:00+00:00,54.0,55.0,53.0,55.0,73602900.0
2021-09-20 09:00:00+00:00,53.0,55.0,53.0,53.0,62149500.0
2021-09-21 09:00:00+00:00,53.0,54.0,53.0,54.0,54051800.0
2021-09-22 09:00:00+00:00,53.0,54.0,53.0,53.0,56583400.0
2021-09-23 09:00:00+00:00,54.0,55.0,53.0,53.0,119519800.0
2021-09-24 09:00:00+00:00,53.0,58.0,53.0,56.0,584708600.0
2021-09-27 09:00:00+00:00,56.0,58.0,56.0,56.0,279925200.0
2021-09-28 09:00:00+00:00,58.0,68.0,58.0,68.0,2998510300.0
2021-09-29 09:00:00+00:00,66.0,70.0,64.0,64.0,1524094100.0
2021-09-30 09:00:00+00:00,62.0,71.0,62.0,66.0,2315014700.0
2021-10-01 09:00:00+00:00,66.0,69.0,65.0,68.0,637266800.0
2021-10-04 09:00:00+00:00,70.0,88.0,70.0,84.0,4062612500.0
2021-10-05 09:00:00+00:00,88.0,99.0,85.0,91.0,4345682700.0
2021-10-06 09:00:00+00:00,96.0,102.0,91.0,92.0,2743644800.0
2021-10-07 09:00:00+00:00,88.0,88.0,86.0,86.0,229313100.0
2021-10-08 09:00:00+00:00,80.0,86.0,80.0,86.0,3952825300.0
2021-10-11 09:00:00+00:00,87.0,94.0,82.0,94.0,2326346300.0
2021-10-12 09:00:00+00:00,97.0,97.0,91.0,93.0,1813392600.0
2021-10-13 09:00:00+00:00,93.0,94.0,87.0,87.0,1515929700.0
2021-10-14 09:00:00+00:00,88.0,89.0,85.0,88.0,416517800.0
2021-10-15 09:00:00+00:00,88.0,90.0,86.0,87.0,626070200.0
2021-10-18 09:00:00+00:00,87.0,89.0,83.0,86.0,788391000.0
2021-10-19 09:00:00+00:00,87.0,88.0,83.0,83.0,520718300.0
2021-10-21 09:00:00+00:00,82.0,83.0,78.0,78.0,861340900.0
2021-10-22 09:00:00+00:00,73.0,75.0,73.0,74.0,1118884900.0
2021-10-25 09:00:00+00:00,76.0,78.0,74.0,75.0,494176100.0
2021-10-26 09:00:00+00:00,76.0,78.0,75.0,75.0,404105700.0
2021-10-27 09:00:00+00:00,75.0,78.0,74.0,75.0,522095800.0
2021-10-28 09:00:00+00:00,75.0,75.0,70.0,71.0,417795200.0
2021-10-29 09:00:00+00:00,70.0,73.0,69.0,72.0,276442400.0
2021-11-01 09:00:00+00:00,71.0,74.0,69.0,73.0,481438700.0
2021-11-02 09:00:00+00:00,71.0,73.0,69.0,70.0,338600000.0
2021-11-03 09:00:00+00:00,70.0,73.0,70.0,73.0,235279100.0
2021-11-04 09:00:00+00:00,75.0,78.0,73.0,74.0,779066700.0
2021-11-05 09:00:00+00:00,74.0,74.0,70.0,71.0,233251500.0
2021-11-08 09:00:00+00:00,71.0,73.0,69.0,71.0,380476700.0
2021-11-09 09:00:00+00:00,72.0,74.0,71.0,72.0,327168100.0
2021-11-10 09:00:00+00:00,72.0,73.0,70.0,71.0,290533500.0
2021-11-11 09:00:00+00:00,73.0,73.0,70.0,71.0,184809500.0
2021-11-12 09:00:00+00:00,71.0,72.0,70.0,70.0,133354100.0
2021-11-15 09:00:00+00:00,70.0,71.0,66.0,66.0,550559900.0
2021-11-16 09:00:00+00:00,66.0,68.0,65.0,66.0,163186700.0
2021-11-17 09:00:00+00:00,66.0,68.0,66.0,67.0,212609200.0
2021-11-18 09:00:00+00:00,67.0,68.0,65.0,66.0,257640400.0
2021-11-19 09:00:00+00:00,66.0,69.0,63.0,69.0,509882400.0
2021-11-22 09:00:00+00:00,69.0,70.0,67.0,69.0,219750600.0
2021-11-23 09:00:00+00:00,70.0,72.0,69.0,71.0,318678200.0
2021-11-24 09:00:00+00:00,71.0,73.0,70.0,71.0,280414300.0
2021-11-25 09:00:00+00:00,71.0,72.0,69.0,71.0,165210000.0
2021-11-26 09:00:00+00:00,70.0,70.0,67.0,67.0,314863100.0
2021-11-29 09:00:00+00:00,65.0,67.0,64.0,65.0,126707200.0
2021-11-30 09:00:00+00:00,65.0,67.0,64.0,66.0,177730900.0
2021-12-01 09:00:00+00:00,67.0,69.0,65.0,65.0,166132700.0
2021-12-02 09:00:00+00:00,65.0,71.0,65.0,68.0,436506800.0
2021-12-03 09:00:00+00:00,68.0,69.0,67.0,68.0,126185400.0
2021-12-06 09:00:00+00:00,69.0,69.0,66.0,67.0,171868800.0
2021-12-07 09:00:00+00:00,67.0,68.0,65.0,67.0,169023000.0
2021-12-08 09:00:00+00:00,67.0,71.0,66.0,68.0,232321200.0
2021-12-09 09:00:00+00:00,68.0,70.0,68.0,68.0,136667700.0
2021-12-10 09:00:00+00:00,68.0,71.0,67.0,69.0,203654300.0
2021-12-13 09:00:00+00:00,70.0,74.0,69.0,71.0,346576400.0
2021-12-14 09:00:00+00:00,71.0,72.0,68.0,70.0,159297400.0
2021-12-15 09:00:00+00:00,71.0,72.0,69.0,69.0,235594800.0
2021-12-16 09:00:00+00:00,69.0,71.0,68.0,68.0,164599600.0
2021-12-17 09:00:00+00:00,68.0,70.0,67.0,69.0,105819500.0
2021-12-20 09:00:00+00:00,69.0,69.0,67.0,67.0,63424800.0
2021-12-21 09:00:00+00:00,67.0,69.0,67.0,67.0,75271400.0
2021-12-22 09:00:00+00:00,67.0,68.0,65.0,65.0,191363500.0
2021-12-23 09:00:00+00:00,65.0,67.0,65.0,66.0,128283000.0
2021-12-24 09:00:00+00:00,66.0,67.0,64.0,66.0,130391900.0
2021-12-27 09:00:00+00:00,66.0,66.0,63.0,64.0,155814100.0
2021-12-28 09:00:00+00:00,64.0,67.0,64.0,65.0,245146500.0
2021-12-29 09:00:00+00:00,66.0,67.0,64.0,67.0,156400100.0
2021-12-30 09:00:00+00:00,66.0,68.0,65.0,67.0,160605200.0
2022-01-03 09:00:00+00:00,67.0,67.0,64.0,66.0,158396300.0
2022-01-04 09:00:00+00:00,66.0,67.0,65.0,66.0,51962500.0
2022-01-05 09:00:00+00:00,67.0,68.0,66.0,67.0,170662800.0
2022-01-06 09:00:00+00:00,67.0,67.0,65.0,67.0,109781800.0
2022-01-07 09:00:00+00:00,67.0,70.0,66.0,68.0,252942000.0
2022-01-10 09:00:00+00:00,68.0,69.0,66.0,67.0,127930800.0
2022-01-11 09:00:00+00:00,68.0,70.0,67.0,67.0,139635400.0
2022-01-12 09:00:00+00:00,69.0,69.0,66.0,67.0,213490400.0
2022-01-13 09:00:00+00:00,67.0,68.0,66.0,66.0,154155400.0
2022-01-14 09:00:00+00:00,67.0,68.0,66.0,67.0,161749400.0
2022-01-17 09:00:00+00:00,67.0,68.0,63.0,63.0,532930800.0
2022-01-18 09:00:00+00:00,64.0,64.0,59.0,60.0,394727300.0
2022-01-19 09:00:00+00:00,59.0,66.0,58.0,64.0,330962500.0
2022-01-20 09:00:00+00:00,64.0,67.0,64.0,65.0,224966400.0
2022-01-21 09:00:00+00:00,65.0,68.0,64.0,67.0,226384500.0
2022-01-24 09:00:00+00:00,67.0,73.0,66.0,73.0,907348100.0
2022-01-25 09:00:00+00:00,72.0,73.0,68.0,68.0,475862100.0
2022-01-26 09:00:00+00:00,69.0,72.0,68.0,70.0,253259200.0
2022-01-27 09:00:00+00:00,70.0,81.0,70.0,80.0,1780838100.0
2022-01-28 09:00:00+00:00,80.0,80.0,75.0,76.0,802710500.0
2022-01-31 09:00:00+00:00,77.0,79.0,74.0,76.0,375197300.0
2022-02-02 09:00:00+00:00,76.0,80.0,75.0,77.0,492548200.0
2022-02-03 09:00:00+00:00,77.0,83.0,75.0,80.0,1258816400.0
2022-02-04 09:00:00+00:00,80.0,85.0,79.0,81.0,976449300.0
2022-02-07 09:00:00+00:00,81.0,83.0,77.0,78.0,633068800.0
2022-02-08 09:00:00+00:00,78.0,81.0,77.0,78.0,433077700.0
2022-02-09 09:00:00+00:00,80.0,81.0,78.0,80.0,442067400.0
2022-02-10 09:00:00+00:00,81.0,82.0,78.0,79.0,453443500.0
2022-02-11 09:00:00+00:00,84.0,84.0,78.0,82.0,705530500.0
2022-02-14 09:00:00+00:00,81.0,83.0,80.0,81.0,480474800.0
2022-02-15 09:00:00+00:00,82.0,88.0,81.0,86.0,1210593900.0
2022-02-16 09:00:00+00:00,86.0,89.0,84.0,85.0,726832300.0
2022-02-17 09:00:00+00:00,85.0,87.0,80.0,80.0,733808000.0
2022-02-18 09:00:00+00:00,75.0,75.0,75.0,75.0,250607400.0
2022-02-21 09:00:00+00:00,70.0,70.0,70.0,70.0,225892200.0
2022-02-22 09:00:00+00:00,70.0,70.0,66.0,66.0,273772500.0
2022-02-23 09:00:00+00:00,62.0,63.0,62.0,62.0,281234300.0
2022-02-24 09:00:00+00:00,58.0,58.0,58.0,58.0,548415400.0
2022-02-25 09:00:00+00:00,54.0,54.0,54.0,54.0,933455300.0
2022-03-01 09:00:00+00:00,51.0,51.0,51.0,51.0,2463829500.0
2022-03-02 09:00:00+00:00,50.0,56.0,50.0,52.0,15191745200.0
2022-03-04 09:00:00+00:00,53.0,59.0,53.0,58.0,5618403600.0
2022-03-07 09:00:00+00:00,60.0,62.0,58.0,60.0,3792713700.0
2022-03-08 09:00:00+00:00,61.0,61.0,56.0,56.0,2127844300.0
2022-03-09 09:00:00+00:00,56.0,56.0,53.0,54.0,1475732500.0
2022-03-10 09:00:00+00:00,54.0,57.0,52.0,53.0,1554599100.0
2022-03-11 09:00:00+00:00,53.0,55.0,52.0,53.0,859667100.0
2022-03-14 09:00:00+00:00,54.0,55.0,52.0,53.0,1277646000.0
2022-03-15 09:00:00+00:00,53.0,53.0,51.0,52.0,1218768700.0
2022-03-16 09:00:00+00:00,51.0,53.0,51.0,52.0,454058000.0
2022-03-17 09:00:00+00:00,52.0,56.0,52.0,56.0,1899444600.0
2022-03-18 09:00:00+00:00,57.0,57.0,54.0,54.0,1041978400.0
2022-03-21 09:00:00+00:00,55.0,61.0,54.0,59.0,2571060400.0
2022-03-22 09:00:00+00:00,59.0,63.0,59.0,60.0,2877299500.0
2022-03-23 09:00:00+00:00,60.0,62.0,58.0,59.0,1155390500.0
2022-03-24 09:00:00+00:00,59.0,61.0,58.0,59.0,752967600.0
2022-03-25 09:00:00+00:00,60.0,60.0,56.0,58.0,653675300.0
2022-03-28 09:00:00+00:00,58.0,59.0,56.0,59.0,729192300.0
2022-03-29 09:00:00+00:00,59.0,59.0,55.0,56.0,1250335900.0
2022-03-30 09:00:00+00:00,55.0,59.0,55.0,57.0,455966900.0
2022-03-31 09:00:00+00:00,57.0,59.0,57.0,57.0,350430800.0
2022-04-01 09:00:00+00:00,57.0,59.0,57.0,58.0,743787300.0
2022-04-04 09:00:00+00:00,58.0,59.0,57.0,58.0,537359600.0
2022-04-05 09:00:00+00:00,58.0,61.0,57.0,60.0,1423022800.0
2022-04-06 09:00:00+00:00,60.0,66.0,60.0,65.0,3823640100.0
2022-04-07 09:00:00+00:00,65.0,66.0,63.0,63.0,2148676600.0
2022-04-08 09:00:00+00:00,64.0,67.0,63.0,66.0,1741164900.0
2022-04-11 09:00:00+00:00,66.0,70.0,65.0,66.0,2755676400.0
2022-04-12 09:00:00+00:00,66.0,70.0,66.0,68.0,2513146700.0
2022-04-13 09:00:00+00:00,69.0,73.0,68.0,68.0,3705936700.0
2022-04-14 09:00:00+00:00,69.0,70.0,67.0,68.0,1668478600.0
2022-04-18 09:00:00+00:00,68.0,68.0,64.0,64.0,1464549200.0
2022-04-19 09:00:00+00:00,62.0,63.0,60.0,60.0,1998599400.0
2022-04-20 09:00:00+00:00,60.0,64.0,60.0,63.0,942980000.0
2022-04-21 09:00:00+00:00,63.0,64.0,61.0,61.0,430407200.0
2022-04-22 09:00:00+00:00,60.0,62.0,57.0,57.0,2027612100.0
2022-04-25 09:00:00+00:00,57.0,58.0,54.0,55.0,1268712700.0
2022-04-26 09:00:00+00:00,56.0,56.0,53.0,54.0,1310849600.0
2022-04-27 09:00:00+00:00,54.0,58.0,53.0,56.0,1587269000.0
2022-04-28 09:00:00+00:00,56.0,57.0,55.0,56.0,1371832900.0
2022-05-09 09:00:00+00:00,61.0,63.0,57.0,61.0,4196811700.0
2022-05-10 09:00:00+00:00,59.0,60.0,57.0,59.0,1635664100.0
2022-05-11 09:00:00+00:00,59.0,60.0,57.0,58.0,1155655800.0
2022-05-12 09:00:00+00:00,58.0,58.0,54.0,54.0,1805008000.0
2022-05-13 09:00:00+00:00,55.0,56.0,53.0,56.0,1244620900.0
2022-05-17 09:00:00+00:00,57.0,58.0,55.0,57.0,992127300.0
2022-05-18 09:00:00+00:00,57.0,57.0,55.0,56.0,509654600.0
2022-05-19 09:00:00+00:00,56.0,56.0,54.0,54.0,926682700.0
2022-05-20 09:00:00+00:00,55.0,56.0,54.0,55.0,921683800.0
2022-05-23 09:00:00+00:00,56.0,56.0,54.0,54.0,487674700.0
2022-05-24 09:00:00+00:00,55.0,55.0,54.0,54.0,360670100.0
2022-05-25 09:00:00+00:00,54.0,57.0,54.0,56.0,1221692500.0
2022-05-27 09:00:00+00:00,56.0,57.0,54.0,55.0,1191490800.0
2022-05-30 09:00:00+00:00,56.0,56.0,55.0,55.0,516462600.0
2022-05-31 09:00:00+00:00,56.0,58.0,55.0,58.0,1518262900.0
2022-06-02 09:00:00+00:00,59.0,59.0,57.0,58.0,833900000.0
2022-06-03 09:00:00+00:00,58.0,58.0,57.0,57.0,775050700.0
2022-06-06 09:00:00+00:00,57.0,57.0,56.0,56.0,295218200.0
2022-06-07 09:00:00+00:00,57.0,59.0,56.0,57.0,1203478900.0
2022-06-08 09:00:00+00:00,57.0,59.0,57.0,58.0,645022000.0
2022-06-09 09:00:00+00:00,58.0,61.0,57.0,59.0,1866440600.0
2022-06-10 09:00:00+00:00,59.0,59.0,57.0,58.0,727945000.0
2022-06-13 09:00:00+00:00,56.0,57.0,55.0,56.0,955200100.0
2022-06-14 09:00:00+00:00,56.0,57.0,55.0,56.0,302366700.0
2022-06-15 09:00:00+00:00,56.0,61.0,56.0,58.0,2625074000.0
2022-06-16 09:00:00+00:00,59.0,63.0,59.0,60.0,2843046500.0
2022-06-17 09:00:00+00:00,60.0,65.0,59.0,65.0,3441262800.0
2022-06-20 09:00:00+00:00,66.0,73.0,65.0,72.0,5686852000.0
2022-06-21 09:00:00+00:00,74.0,74.0,69.0,70.0,3921085200.0
2022-06-22 09:00:00+00:00,66.0,71.0,66.0,67.0,3864578400.0
2022-06-23 09:00:00+00:00,68.0,68.0,63.0,65.0,3620950100.0
2022-06-24 09:00:00+00:00,75.0,75.0,63.0,66.0,955236000.0
2022-06-27 09:00:00+00:00,66.0,69.0,65.0,67.0,1858961100.0
2022-06-28 09:00:00+00:00,67.0,67.0,63.0,64.0,2744278300.0
2022-06-29 09:00:00+00:00,63.0,67.0,61.0,66.0,2075215300.0
2022-06-30 09:00:00+00:00,68.0,69.0,66.0,67.0,1270047400.0
2022-07-01 09:00:00+00:00,67.0,68.0,65.0,65.0,1146288900.0
2022-07-04 09:00:00+00:00,65.0,68.0,62.0,66.0,1576987100.0
2022-07-05 09:00:00+00:00,67.0,72.0,66.0,70.0,3545842900.0
2022-07-06 09:00:00+00:00,69.0,70.0,67.0,69.0,843947400.0
2022-07-07 09:00:00+00:00,69.0,72.0,68.0,70.0,2882532600.0
2022-07-08 09:00:00+00:00,71.0,72.0,69.0,70.0,1698867700.0
2022-07-11 09:00:00+00:00,71.0,73.0,69.0,73.0,2580495700.0
2022-07-12 09:00:00+00:00,73.0,79.0,72.0,79.0,4566664400.0
2022-07-13 09:00:00+00:00,79.0,79.0,74.0,75.0,2466749800.0
2022-07-14 09:00:00+00:00,76.0,78.0,75.0,75.0,684299900.0
2022-07-15 09:00:00+00:00,76.0,76.0,74.0,75.0,1215380400.0
2022-07-18 09:00:00+00:00,76.0,77.0,75.0,77.0,648647200.0
2022-07-19 09:00:00+00:00,77.0,80.0,77.0,79.0,2375884900.0
2022-07-20 09:00:00+00:00,80.0,83.0,80.0,83.0,2352197600.0
2022-07-21 09:00:00+00:00,82.0,84.0,81.0,83.0,1563403100.0
2022-07-22 09:00:00+00:00,84.0,87.0,83.0,86.0,2889829700.0
2022-07-25 09:00:00+00:00,86.0,94.0,86.0,93.0,4616823900.0
2022-07-26 09:00:00+00:00,93.0,108.0,93.0,107.0,10099007600.0
2022-07-27 09:00:00+00:00,107.0,117.0,104.0,108.0,8384916700.0
2022-07-28 09:00:00+00:00,109.0,113.0,102.0,113.0,5045343400.0
2022-07-29 09:00:00+00:00,113.0,122.0,112.0,113.0,7824082800.0
2022-08-01 09:00:00+00:00,113.0,118.0,110.0,115.0,3891644500.0
2022-08-02 09:00:00+00:00,115.0,118.0,113.0,115.0,2486204100.0
2022-08-03 09:00:00+00:00,114.0,116.0,107.0,107.0,2844318500.0
2022-08-04 09:00:00+00:00,100.0,108.0,100.0,101.0,5731406300.0
2022-08-05 09:00:00+00:00,105.0,107.0,100.0,107.0,2075070000.0
2022-08-08 09:00:00+00:00,107.0,116.0,107.0,113.0,3666835200.0
2022-08-09 09:00:00+00:00,114.0,142.0,113.0,140.0,8263413900.0
2022-08-10 09:00:00+00:00,140.0,144.0,131.0,133.0,5225521800.0
2022-08-11 09:00:00+00:00,136.0,145.0,133.0,143.0,4826566800.0
2022-08-12 09:00:00+00:00,155.0,173.0,133.0,133.0,5842002100.0
2022-08-15 09:00:00+00:00,124.0,134.0,124.0,131.0,3136123600.0
2022-08-16 09:00:00+00:00,123.0,137.0,123.0,135.0,3119258900.0
2022-08-18 09:00:00+00:00,136.0,147.0,135.0,143.0,5202821900.0
2022-08-19 09:00:00+00:00,144.0,148.0,134.0,138.0,5556009300.0
2022-08-22 09:00:00+00:00,139.0,140.0,133.0,137.0,1750984300.0
2022-08-23 09:00:00+00:00,137.0,146.0,137.0,145.0,4282256400.0
2022-08-24 09:00:00+00:00,150.0,150.0,142.0,149.0,4003391200.0
2022-08-25 09:00:00+00:00,149.0,178.0,149.0,174.0,9289230200.0
2022-08-26 09:00:00+00:00,184.0,184.0,163.0,171.0,7378920800.0
2022-08-29 09:00:00+00:00,168.0,177.0,166.0,170.0,5330211700.0
2022-08-30 09:00:00+00:00,171.0,173.0,159.0,160.0,9050461300.0
2022-08-31 09:00:00+00:00,158.0,168.0,152.0,168.0,5306068700.0
2022-09-01 09:00:00+00:00,180.0,180.0,166.0,169.0,6037974000.0
2022-09-02 09:00:00+00:00,170.0,190.0,170.0,178.0,9834723500.0
2022-09-05 09:00:00+00:00,178.0,198.0,177.0,197.0,8709181400.0
2022-09-06 09:00:00+00:00,246.0,246.0,198.0,216.0,9005487200.0
2022-09-07 09:00:00+00:00,220.0,220.0,202.0,208.0,7298178100.0
2022-09-08 09:00:00+00:00,208.0,208.0,195.0,200.0,6328718900.0
2022-09-09 09:00:00+00:00,198.0,200.0,186.0,192.0,8157055400.0
2022-09-12 09:00:00+00:00,193.0,212.0,190.0,210.0,7022115400.0
2022-09-13 09:00:00+00:00,210.0,214.0,200.0,204.0,7024175200.0
2022-09-14 09:00:00+00:00,216.0,220.0,192.0,196.0,5601498300.0
2022-09-15 09:00:00+00:00,198.0,199.0,189.0,190.0,3672223000.0
2022-09-16 09:00:00+00:00,189.0,192.0,177.0,180.0,9338324700.0
2022-09-19 09:00:00+00:00,181.0,184.0,168.0,168.0,6995016000.0
2022-09-20 09:00:00+00:00,170.0,174.0,157.0,168.0,8102695400.0
2022-09-21 09:00:00+00:00,168.0,170.0,157.0,157.0,6718705100.0
2022-09-22 09:00:00+00:00,147.0,158.0,147.0,157.0,8489351000.0
2022-09-23 09:00:00+00:00,147.0,156.0,147.0,147.0,3881387100.0
2022-09-26 09:00:00+00:00,137.0,145.0,137.0,137.0,2289566900.0
2022-09-27 09:00:00+00:00,128.0,142.0,128.0,140.0,6410499300.0
2022-09-28 09:00:00+00:00,137.0,141.0,132.0,132.0,3477229200.0
2022-09-29 09:00:00+00:00,133.0,141.0,131.0,133.0,4338721400.0
2022-09-30 09:00:00+00:00,133.0,138.0,127.0,137.0,3075737400.0
2022-10-03 09:00:00+00:00,136.0,142.0,135.0,142.0,3163646700.0
2022-10-04 09:00:00+00:00,145.0,153.0,145.0,153.0,4892845300.0
2022-10-05 09:00:00+00:00,155.0,167.0,155.0,165.0,5433969900.0
2022-10-06 09:00:00+00:00,166.0,171.0,162.0,163.0,2867449800.0
2022-10-07 09:00:00+00:00,172.0,186.0,167.0,186.0,7205805100.0
2022-10-10 09:00:00+00:00,196.0,199.0,173.0,176.0,7681959900.0
2022-10-11 09:00:00+00:00,177.0,187.0,164.0,164.0,9200015600.0
2022-10-12 09:00:00+00:00,174.0,174.0,156.0,170.0,6106660500.0
2022-10-13 09:00:00+00:00,174.0,177.0,164.0,169.0,3413939100.0
2022-10-14 09:00:00+00:00,172.0,175.0,160.0,162.0,2755513200.0
2022-10-17 09:00:00+00:00,162.0,164.0,151.0,163.0,5110135800.0
2022-10-18 09:00:00+00:00,166.0,172.0,162.0,168.0,3629227400.0
2022-10-19 09:00:00+00:00,168.0,171.0,166.0,167.0,1390094500.0
2022-10-20 09:00:00+00:00,167.0,181.0,167.0,178.0,4594797600.0
2022-10-21 09:00:00+00:00,185.0,185.0,176.0,182.0,3010782100.0
2022-10-24 09:00:00+00:00,183.0,190.0,175.0,189.0,3069909200.0
2022-10-25 09:00:00+00:00,190.0,194.0,185.0,189.0,4465449000.0
2022-10-26 09:00:00+00:00,190.0,194.0,186.0,188.0,2344364300.0
2022-10-27 09:00:00+00:00,189.0,192.0,186.0,189.0,1977603900.0
2022-10-28 09:00:00+00:00,190.0,191.0,181.0,182.0,2798451400.0
2022-10-31 09:00:00+00:00,185.0,192.0,183.0,189.0,3392895100.0
2022-11-01 09:00:00+00:00,186.0,188.0,180.0,183.0,3356661900.0
2022-11-02 09:00:00+00:00,185.0,185.0,176.0,181.0,2467728200.0
2022-11-03 09:00:00+00:00,191.0,191.0,178.0,180.0,2424630100.0
2022-11-04 09:00:00+00:00,180.0,180.0,169.0,173.0,3628004600.0
2022-11-07 09:00:00+00:00,175.0,181.0,168.0,178.0,3094215800.0
2022-11-08 09:00:00+00:00,180.0,186.0,168.0,185.0,2163724500.0
2022-11-09 09:00:00+00:00,185.0,190.0,183.0,185.0,2322746700.0
2022-11-10 09:00:00+00:00,183.0,188.0,179.0,187.0,2325159900.0
2022-11-11 09:00:00+00:00,192.0,194.0,184.0,185.0,2906017700.0
2022-11-14 09:00:00+00:00,183.0,188.0,179.0,180.0,1413241800.0
2022-11-15 09:00:00+00:00,181.0,183.0,174.0,176.0,2368807100.0
2022-11-16 09:00:00+00:00,180.0,181.0,174.0,176.0,1641878900.0
2022-11-17 09:00:00+00:00,175.0,178.0,172.0,175.0,1228597500.0
2022-11-18 09:00:00+00:00,176.0,181.0,174.0,181.0,1640297400.0
2022-11-21 09:00:00+00:00,183.0,187.0,179.0,186.0,1851155100.0
2022-11-22 09:00:00+00:00,188.0,191.0,184.0,188.0,2383466900.0
2022-11-23 09:00:00+00:00,188.0,195.0,188.0,195.0,2541337500.0
2022-11-24 09:00:00+00:00,195.0,198.0,186.0,189.0,2426172200.0
2022-11-25 09:00:00+00:00,189.0,192.0,184.0,185.0,1544548200.0
2022-11-28 09:00:00+00:00,179.0,184.0,173.0,179.0,2994933600.0
2022-11-29 09:00:00+00:00,179.0,185.0,178.0,185.0,1524747600.0
2022-11-30 09:00:00+00:00,186.0,187.0,181.0,182.0,2617202600.0
2022-12-01 09:00:00+00:00,185.0,186.0,182.0,184.0,987060400.0
2022-12-02 09:00:00+00:00,184.0,185.0,181.0,181.0,776091800.0
2022-12-05 09:00:00+00:00,182.0,182.0,170.0,171.0,2515627000.0
2022-12-06 09:00:00+00:00,171.0,175.0,167.0,171.0,1598733600.0
2022-12-07 09:00:00+00:00,172.0,175.0,171.0,171.0,745175400.0
2022-12-08 09:00:00+00:00,171.0,174.0,163.0,173.0,1438165500.0
2022-12-09 09:00:00+00:00,174.0,177.0,171.0,172.0,934468600.0
2022-12-12 09:00:00+00:00,172.0,177.0,169.0,176.0,733669900.0
2022-12-13 09:00:00+00:00,175.0,179.0,174.0,175.0,803136600.0
2022-12-14 09:00:00+00:00,176.0,178.0,172.0,175.0,482737200.0
2022-12-15 09:00:00+00:00,175.0,176.0,173.0,174.0,439015400.0
2022-12-16 09:00:00+00:00,174.0,174.0,170.0,172.0,347291500.0
2022-12-19 09:00:00+00:00,170.0,172.0,167.0,167.0,511559900.0
2022-12-20 09:00:00+00:00,167.0,171.0,164.0,164.0,681604300.0
2022-12-21 09:00:00+00:00,164.0,167.0,162.0,166.0,420944500.0
2022-12-22 09:00:00+00:00,166.0,169.0,166.0,168.0,320005500.0
2022-12-23 09:00:00+00:00,168.0,173.0,166.0,171.0,486744000.0
2022-12-26 09:00:00+00:00,171.0,173.0,168.0,169.0,344982000.0
2022-12-27 09:00:00+00:00,170.0,171.0,168.0,168.0,290435000.0
2022-12-28 09:00:00+00:00,168.0,169.0,163.0,164.0,396591000.0
2022-12-29 09:00:00+00:00,164.0,166.0,161.0,164.0,466197700.0
2022-12-30 09:00:00+00:00,166.0,166.0,161.0,161.0,290512000.0
2023-01-02 09:00:00+00:00,164.0,164.0,158.0,161.0,312286900.0
2023-01-03 09:00:00+00:00,163.0,168.0,161.0,166.0,557192900.0
2023-01-04 09:00:00+00:00,168.0,168.0,155.0,155.0,1086648900.0
2023-01-05 09:00:00+00:00,153.0,155.0,145.0,145.0,2213502300.0
2023-01-06 09:00:00+00:00,146.0,150.0,144.0,148.0,466731500.0
2023-01-09 09:00:00+00:00,148.0,151.0,138.0,138.0,1124560900.0
2023-01-10 09:00:00+00:00,138.0,144.0,132.0,142.0,1339258200.0
2023-01-11 09:00:00+00:00,143.0,149.0,137.0,147.0,913583900.0
2023-01-12 09:00:00+00:00,145.0,149.0,141.0,142.0,1086123100.0
2023-01-13 09:00:00+00:00,144.0,147.0,143.0,144.0,622124000.0
2023-01-16 09:00:00+00:00,145.0,148.0,142.0,147.0,556887500.0
2023-01-17 09:00:00+00:00,147.0,153.0,146.0,148.0,1252379200.0
2023-01-18 09:00:00+00:00,148.0,152.0,147.0,149.0,584943200.0
2023-01-19 09:00:00+00:00,148.0,151.0,147.0,150.0,325253100.0
2023-01-20 09:00:00+00:00,150.0,160.0,148.0,158.0,1309295100.0
2023-01-24 09:00:00+00:00,163.0,163.0,153.0,158.0,1770586200.0
2023-01-25 09:00:00+00:00,158.0,162.0,154.0,159.0,982185100.0
2023-01-26 09:00:00+00:00,169.0,169.0,155.0,155.0,906611300.0
2023-01-27 09:00:00+00:00,155.0,158.0,154.0,155.0,469402600.0
2023-01-30 09:00:00+00:00,157.0,160.0,154.0,154.0,520831400.0
2023-01-31 09:00:00+00:00,153.0,156.0,151.0,153.0,562557000.0
2023-02-01 09:00:00+00:00,153.0,158.0,151.0,155.0,945036200.0
2023-02-02 09:00:00+00:00,156.0,159.0,153.0,155.0,550059900.0
2023-02-03 09:00:00+00:00,155.0,156.0,146.0,147.0,1375602900.0
2023-02-06 09:00:00+00:00,146.0,149.0,140.0,142.0,1279979600.0
2023-02-07 09:00:00+00:00,147.0,149.0,145.0,146.0,542898900.0
2023-02-08 09:00:00+00:00,147.0,149.0,143.0,143.0,325267400.0
2023-02-09 09:00:00+00:00,143.0,143.0,139.0,139.0,577463000.0
2023-02-10 09:00:00+00:00,138.0,138.0,134.0,137.0,619973900.0
2023-02-13 09:00:00+00:00,137.0,141.0,137.0,137.0,336090900.0
2023-02-14 09:00:00+00:00,139.0,147.0,137.0,146.0,1038593600.0
2023-02-15 09:00:00+00:00,147.0,149.0,143.0,144.0,810983900.0
2023-02-16 09:00:00+00:00,148.0,148.0,140.0,141.0,495832600.0
2023-02-17 09:00:00+00:00,140.0,144.0,139.0,142.0,537635600.0
2023-02-20 09:00:00+00:00,142.0,143.0,136.0,139.0,684010700.0
2023-02-21 09:00:00+00:00,140.0,141.0,135.0,135.0,578604200.0
2023-02-22 09:00:00+00:00,137.0,139.0,133.0,133.0,468615100.0
2023-02-23 09:00:00+00:00,133.0,137.0,133.0,135.0,512286700.0
2023-02-24 09:00:00+00:00,137.0,137.0,134.0,135.0,647070000.0
2023-02-27 09:00:00+00:00,135.0,138.0,134.0,134.0,396885600.0
2023-02-28 09:00:00+00:00,134.0,138.0,134.0,136.0,516020500.0
2023-03-01 09:00:00+00:00,136.0,137.0,133.0,134.0,386850400.0
2023-03-02 09:00:00+00:00,134.0,135.0,133.0,135.0,142529600.0
2023-03-03 09:00:00+00:00,135.0,137.0,133.0,133.0,273933000.0
2023-03-06 09:00:00+00:00,134.0,135.0,126.0,128.0,977115300.0
2023-03-07 09:00:00+00:00,128.0,131.0,123.0,124.0,639951100.0
2023-03-08 09:00:00+00:00,122.0,126.0,120.0,123.0,452594800.0
2023-03-09 09:00:00+00:00,124.0,128.0,124.0,126.0,304060000.0
2023-03-10 09:00:00+00:00,126.0,131.0,125.0,129.0,359677800.0
2023-03-13 09:00:00+00:00,129.0,132.0,124.0,129.0,317982600.0
2023-03-14 09:00:00+00:00,129.0,130.0,122.0,123.0,579487000.0
2023-03-15 09:00:00+00:00,123.0,126.0,123.0,125.0,349050000.0
2023-03-16 09:00:00+00:00,124.0,125.0,117.0,117.0,852938900.0
2023-03-17 09:00:00+00:00,121.0,127.0,118.0,123.0,679272400.0
2023-03-20 09:00:00+00:00,123.0,124.0,118.0,119.0,264588400.0
2023-03-21 09:00:00+00:00,119.0,123.0,119.0,120.0,303875400.0
2023-03-24 09:00:00+00:00,121.0,124.0,120.0,121.0,277514300.0
2023-03-27 09:00:00+00:00,123.0,129.0,122.0,129.0,523730600.0
2023-03-28 09:00:00+00:00,130.0,138.0,129.0,137.0,838737900.0
2023-03-29 09:00:00+00:00,140.0,140.0,133.0,133.0,1078217900.0
2023-03-30 09:00:00+00:00,135.0,135.0,125.0,126.0,812051700.0
2023-03-31 09:00:00+00:00,126.0,129.0,124.0,127.0,408982400.0
2023-04-03 09:00:00+00:00,127.0,134.0,127.0,131.0,590511000.0
2023-04-04 09:00:00+00:00,133.0,137.0,130.0,131.0,1015118100.0
2023-04-05 09:00:00+00:00,131.0,133.0,129.0,132.0,307950700.0
2023-04-06 09:00:00+00:00,130.0,133.0,129.0,130.0,379667500.0
2023-04-10 09:00:00+00:00,130.0,130.0,123.0,123.0,397416400.0
2023-04-11 09:00:00+00:00,124.0,126.0,122.0,124.0,399249500.0
2023-04-12 09:00:00+00:00,125.0,126.0,118.0,121.0,486944600.0
2023-04-13 09:00:00+00:00,121.0,124.0,119.0,119.0,641055000.0
2023-04-14 09:00:00+00:00,120.0,122.0,119.0,120.0,344105500.0
2023-04-17 09:00:00+00:00,121.0,122.0,120.0,120.0,223255500.0
2023-04-18 09:00:00+00:00,120.0,123.0,120.0,122.0,281227600.0
2023-04-26 09:00:00+00:00,122.0,125.0,121.0,122.0,382747500.0
2023-04-27 09:00:00+00:00,122.0,123.0,121.0,122.0,158331100.0
2023-04-28 09:00:00+00:00,123.0,123.0,120.0,121.0,183232800.0
2023-05-02 09:00:00+00:00,121.0,123.0,114.0,115.0,768278200.0
2023-05-03 09:00:00+00:00,115.0,118.0,113.0,115.0,276620300.0
2023-05-04 09:00:00+00:00,115.0,116.0,113.0,114.0,315749100.0
2023-05-05 09:00:00+00:00,114.0,120.0,107.0,120.0,1768565800.0
2023-05-08 09:00:00+00:00,138.0,138.0,112.0,121.0,614532300.0
2023-05-09 09:00:00+00:00,121.0,123.0,118.0,121.0,372202000.0
2023-05-10 09:00:00+00:00,120.0,124.0,120.0,123.0,272644400.0
2023-05-11 09:00:00+00:00,123.0,123.0,120.0,121.0,319158900.0
2023-05-12 09:00:00+00:00,121.0,123.0,121.0,122.0,216353400.0
2023-05-15 09:00:00+00:00,123.0,128.0,121.0,126.0,492810700.0
2023-05-16 09:00:00+00:00,127.0,132.0,123.0,123.0,1189823500.0
2023-05-17 09:00:00+00:00,123.0,125.0,118.0,121.0,458477300.0
2023-05-19 09:00:00+00:00,121.0,121.0,116.0,116.0,394542500.0
2023-05-22 09:00:00+00:00,119.0,119.0,115.0,118.0,251841000.0
2023-05-23 09:00:00+00:00,118.0,120.0,116.0,116.0,286066200.0
2023-05-24 09:00:00+00:00,117.0,117.0,112.0,113.0,283441100.0
2023-05-25 09:00:00+00:00,113.0,113.0,109.0,109.0,490921700.0
2023-05-26 09:00:00+00:00,108.0,113.0,105.0,106.0,442091600.0
2023-05-29 09:00:00+00:00,105.0,108.0,99.0,100.0,1157237900.0
2023-05-30 09:00:00+00:00,100.0,103.0,98.0,100.0,566686300.0
2023-05-31 09:00:00+00:00,99.0,100.0,94.0,96.0,1063452500.0
2023-06-05 09:00:00+00:00,90.0,109.0,90.0,108.0,1045005100.0
2023-06-06 09:00:00+00:00,109.0,113.0,109.0,112.0,868498400.0
2023-06-07 09:00:00+00:00,111.0,115.0,106.0,110.0,359111900.0
2023-06-08 09:00:00+00:00,113.0,113.0,109.0,111.0,276670800.0
2023-06-09 09:00:00+00:00,113.0,115.0,111.0,113.0,346435700.0
2023-06-12 09:00:00+00:00,115.0,117.0,112.0,114.0,248115300.0
2023-06-13 09:00:00+00:00,114.0,116.0,109.0,112.0,286378500.0
2023-06-14 09:00:00+00:00,112.0,114.0,111.0,113.0,257077800.0
2023-06-15 09:00:00+00:00,114.0,116.0,111.0,115.0,457208500.0
2023-06-16 09:00:00+00:00,116.0,117.0,111.0,111.0,375743600.0
2023-06-19 09:00:00+00:00,112.0,114.0,110.0,113.0,323242100.0
2023-06-20 09:00:00+00:00,113.0,115.0,112.0,113.0,192247800.0
2023-06-21 09:00:00+00:00,115.0,118.0,113.0,117.0,645048400.0
2023-06-22 09:00:00+00:00,118.0,118.0,113.0,113.0,363395800.0
2023-06-23 09:00:00+00:00,113.0,114.0,111.0,112.0,250286200.0
2023-06-26 09:00:00+00:00,112.0,114.0,112.0,113.0,264310700.0
2023-06-27 09:00:00+00:00,114.0,117.0,113.0,115.0,598434800.0
2023-07-03 09:00:00+00:00,116.0,118.0,115.0,118.0,312715000.0
2023-07-04 09:00:00+00:00,117.0,119.0,115.0,116.0,224823200.0
2023-07-05 09:00:00+00:00,116.0,122.0,115.0,120.0,679394700.0
2023-07-06 09:00:00+00:00,120.0,130.0,120.0,127.0,969717200.0
2023-07-07 09:00:00+00:00,126.0,127.0,123.0,123.0,477186500.0
2023-07-10 09:00:00+00:00,124.0,127.0,123.0,125.0,226502800.0
2023-07-11 09:00:00+00:00,125.0,131.0,125.0,129.0,905068100.0
2023-07-12 09:00:00+00:00,130.0,130.0,126.0,129.0,474575900.0
2023-07-13 09:00:00+00:00,128.0,129.0,124.0,127.0,653824900.0
2023-07-14 09:00:00+00:00,127.0,135.0,127.0,133.0,1164066700.0
2023-07-17 09:00:00+00:00,135.0,137.0,133.0,134.0,878079500.0
2023-07-18 09:00:00+00:00,138.0,138.0,132.0,133.0,524469100.0
2023-07-20 09:00:00+00:00,134.0,140.0,134.0,140.0,809764900.0
2023-07-21 09:00:00+00:00,142.0,143.0,139.0,142.0,762072100.0
2023-07-24 09:00:00+00:00,144.0,144.0,141.0,142.0,554800000.0
2023-07-25 09:00:00+00:00,140.0,144.0,137.0,137.0,815384000.0
2023-07-26 09:00:00+00:00,137.0,142.0,137.0,141.0,525458800.0
2023-07-27 09:00:00+00:00,141.0,142.0,136.0,137.0,431870700.0
2023-07-28 09:00:00+00:00,138.0,138.0,133.0,135.0,460450700.0
2023-07-31 09:00:00+00:00,133.0,134.0,127.0,128.0,781931900.0
2023-08-01 09:00:00+00:00,128.0,131.0,127.0,129.0,330104800.0
2023-08-02 09:00:00+00:00,128.0,133.0,128.0,130.0,453606700.0
2023-08-03 09:00:00+00:00,130.0,134.0,130.0,133.0,511220300.0
2023-08-04 09:00:00+00:00,134.0,136.0,131.0,133.0,407622300.0
2023-08-07 09:00:00+00:00,134.0,134.0,130.0,132.0,344159500.0
2023-08-08 09:00:00+00:00,133.0,136.0,132.0,134.0,407704400.0
2023-08-09 09:00:00+00:00,135.0,135.0,128.0,129.0,425452800.0
2023-08-10 09:00:00+00:00,130.0,133.0,129.0,131.0,323297800.0
2023-08-11 09:00:00+00:00,131.0,132.0,129.0,132.0,286318000.0
2023-08-14 09:00:00+00:00,133.0,138.0,131.0,137.0,863833700.0
2023-08-15 09:00:00+00:00,138.0,141.0,136.0,140.0,611805200.0
2023-08-16 09:00:00+00:00,140.0,141.0,136.0,136.0,549056700.0
2023-08-18 09:00:00+00:00,136.0,139.0,135.0,137.0,393225800.0
2023-08-21 09:00:00+00:00,139.0,151.0,139.0,146.0,3281017000.0
2023-08-22 09:00:00+00:00,162.0,186.0,141.0,143.0,1589911700.0
2023-08-23 09:00:00+00:00,153.0,153.0,143.0,144.0,904045600.0
2023-08-24 09:00:00+00:00,144.0,146.0,140.0,141.0,749138100.0
2023-08-25 09:00:00+00:00,140.0,142.0,139.0,141.0,417396000.0
2023-08-28 09:00:00+00:00,140.0,144.0,139.0,142.0,437260800.0
2023-08-29 09:00:00+00:00,144.0,144.0,141.0,143.0,450939300.0
2023-08-30 09:00:00+00:00,145.0,145.0,139.0,139.0,478772000.0
2023-08-31 09:00:00+00:00,140.0,141.0,136.0,138.0,474421200.0
2023-09-01 09:00:00+00:00,140.0,142.0,138.0,141.0,343309100.0
2023-09-04 09:00:00+00:00,142.0,146.0,141.0,145.0,1139423700.0
2023-09-05 09:00:00+00:00,145.0,148.0,143.0,144.0,1208278500.0
2023-09-06 09:00:00+00:00,145.0,148.0,144.0,146.0,1089230500.0
2023-09-07 09:00:00+00:00,146.0,146.0,143.0,143.0,846732300.0
2023-09-08 09:00:00+00:00,143.0,145.0,143.0,144.0,595690000.0
2023-09-11 09:00:00+00:00,144.0,146.0,141.0,141.0,806967600.0
2023-09-12 09:00:00+00:00,143.0,143.0,136.0,136.0,936157800.0
2023-09-13 09:00:00+00:00,136.0,138.0,129.0,130.0,1438498000.0
2023-09-14 09:00:00+00:00,131.0,137.0,131.0,136.0,894108000.0
2023-09-15 09:00:00+00:00,136.0,138.0,130.0,137.0,7491285900.0
2023-09-18 09:00:00+00:00,138.0,138.0,135.0,137.0,259142300.0
2023-09-19 09:00:00+00:00,138.0,140.0,134.0,139.0,361302700.0
2023-09-20 09:00:00+00:00,140.0,141.0,138.0,139.0,343168200.0
2023-09-21 09:00:00+00:00,139.0,139.0,136.0,137.0,250006500.0
2023-09-22 09:00:00+00:00,137.0,141.0,135.0,138.0,517508500.0
2023-09-25 09:00:00+00:00,139.0,141.0,137.0,140.0,393629500.0
2023-09-26 09:00:00+00:00,141.0,141.0,135.0,135.0,410568700.0
2023-09-27 09:00:00+00:00,136.0,138.0,135.0,137.0,226830500.0
2023-09-29 09:00:00+00:00,137.0,139.0,137.0,137.0,107765700.0
2023-10-02 09:00:00+00:00,136.0,137.0,135.0,136.0,170628200.0
2023-10-03 09:00:00+00:00,136.0,138.0,134.0,136.0,243427800.0
2023-10-04 09:00:00+00:00,137.0,137.0,130.0,131.0,458576100.0
2023-10-05 09:00:00+00:00,131.0,131.0,126.0,126.0,448936500.0
2023-10-06 09:00:00+00:00,128.0,128.0,123.0,124.0,394862100.0
2023-10-09 09:00:00+00:00,127.0,130.0,125.0,129.0,182358200.0
2023-10-10 09:00:00+00:00,131.0,132.0,129.0,131.0,153814200.0
2023-10-11 09:00:00+00:00,131.0,132.0,129.0,129.0,147108300.0
2023-10-12 09:00:00+00:00,130.0,130.0,124.0,126.0,362620500.0
2023-10-13 09:00:00+00:00,126.0,129.0,125.0,125.0,170036600.0
2023-10-16 09:00:00+00:00,125.0,128.0,125.0,126.0,213429000.0
2023-10-17 09:00:00+00:00,127.0,128.0,125.0,126.0,118636900.0
2023-10-18 09:00:00+00:00,126.0,126.0,122.0,125.0,259855500.0
2023-10-19 09:00:00+00:00,125.0,126.0,122.0,122.0,140421200.0
2023-10-20 09:00:00+00:00,123.0,123.0,118.0,121.0,326618400.0
2023-10-23 09:00:00+00:00,121.0,125.0,118.0,119.0,147283000.0
2023-10-24 09:00:00+00:00,120.0,120.0,118.0,118.0,97172300.0
2023-10-25 09:00:00+00:00,120.0,120.0,117.0,118.0,162960500.0
2023-10-26 09:00:00+00:00,118.0,119.0,112.0,113.0,229705200.0
2023-10-27 09:00:00+00:00,113.0,117.0,113.0,115.0,157329900.0
2023-10-30 09:00:00+00:00,115.0,117.0,111.0,112.0,170441200.0
2023-10-31 09:00:00+00:00,112.0,114.0,108.0,113.0,341095000.0
2023-11-01 09:00:00+00:00,112.0,113.0,107.0,107.0,324079400.0
2023-11-02 09:00:00+00:00,108.0,110.0,107.0,108.0,138033600.0
2023-11-03 09:00:00+00:00,109.0,113.0,108.0,111.0,247012500.0
2023-11-06 09:00:00+00:00,111.0,114.0,111.0,112.0,229695300.0
2023-11-07 09:00:00+00:00,112.0,112.0,106.0,109.0,523190700.0
2023-11-08 09:00:00+00:00,109.0,109.0,106.0,107.0,113069500.0
2023-11-09 09:00:00+00:00,108.0,109.0,105.0,106.0,184683100.0
2023-11-10 09:00:00+00:00,106.0,109.0,106.0,107.0,164451700.0
2023-11-13 09:00:00+00:00,108.0,113.0,107.0,111.0,297713700.0
2023-11-14 09:00:00+00:00,111.0,114.0,110.0,112.0,180987200.0
2023-11-15 09:00:00+00:00,113.0,114.0,111.0,112.0,215501200.0
2023-11-16 09:00:00+00:00,112.0,113.0,111.0,112.0,86831700.0
2023-11-17 09:00:00+00:00,112.0,112.0,110.0,111.0,91610300.0
2023-11-20 09:00:00+00:00,111.0,113.0,109.0,112.0,150031900.0
2023-11-21 09:00:00+00:00,112.0,112.0,109.0,110.0,106433300.0
2023-11-22 09:00:00+00:00,111.0,112.0,108.0,109.0,304005300.0
2023-11-23 09:00:00+00:00,109.0,110.0,108.0,109.0,194360400.0
2023-11-24 09:00:00+00:00,109.0,110.0,105.0,107.0,366739600.0
2023-11-27 09:00:00+00:00,107.0,108.0,105.0,107.0,269055400.0
2023-11-28 09:00:00+00:00,107.0,113.0,106.0,111.0,461446400.0
2023-11-29 09:00:00+00:00,110.0,113.0,108.0,108.0,417145200.0
2023-11-30 09:00:00+00:00,104.0,109.0,102.0,102.0,2626949600.0
2023-12-01 09:00:00+00:00,103.0,105.0,97.0,99.0,1164694000.0
2023-12-04 09:00:00+00:00,99.0,105.0,99.0,102.0,723589100.0
2023-12-05 09:00:00+00:00,103.0,104.0,99.0,100.0,417287400.0
2023-12-06 09:00:00+00:00,101.0,101.0,95.0,96.0,665087000.0
2023-12-07 09:00:00+00:00,101.0,101.0,96.0,97.0,498520600.0
2023-12-08 09:00:00+00:00,98.0,100.0,97.0,97.0,449572800.0
2023-12-11 09:00:00+00:00,98.0,98.0,90.0,91.0,817641600.0
2023-12-12 09:00:00+00:00,91.0,92.0,87.0,89.0,497082700.0
2023-12-13 09:00:00+00:00,89.0,89.0,85.0,86.0,538422300.0
2023-12-14 09:00:00+00:00,86.0,89.0,86.0,87.0,357055600.0
2023-12-15 09:00:00+00:00,87.0,93.0,86.0,91.0,1968493600.0
2023-12-18 09:00:00+00:00,90.0,92.0,88.0,89.0,321396500.0
2023-12-19 09:00:00+00:00,89.0,90.0,85.0,86.0,517217900.0
2023-12-20 09:00:00+00:00,87.0,88.0,85.0,87.0,438402900.0
2023-12-21 09:00:00+00:00,87.0,88.0,85.0,86.0,223625000.0
2023-12-22 09:00:00+00:00,85.0,87.0,85.0,85.0,212442400.0
2023-12-27 09:00:00+00:00,85.0,88.0,85.0,87.0,341741400.0
2023-12-28 09:00:00+00:00,88.0,88.0,86.0,86.0,177108400.0
2023-12-29 09:00:00+00:00,87.0,87.0,84.0,85.0,372853500.0
2024-01-02 09:00:00+00:00,85.0,97.0,85.0,95.0,998119800.0
2024-01-03 09:00:00+00:00,94.0,103.0,94.0,98.0,2186067200.0
2024-01-04 09:00:00+00:00,99.0,101.0,97.0,99.0,777595600.0
2024-01-05 09:00:00+00:00,99.0,102.0,98.0,99.0,486296200.0
2024-01-08 09:00:00+00:00,100.0,100.0,95.0,97.0,383167000.0
2024-01-09 09:00:00+00:00,97.0,98.0,93.0,96.0,487131500.0
2024-01-10 09:00:00+00:00,97.0,100.0,95.0,96.0,756886300.0
2024-01-11 09:00:00+00:00,96.0,97.0,91.0,91.0,607661400.0
2024-01-12 09:00:00+00:00,91.0,94.0,91.0,93.0,236972000.0
2024-01-15 09:00:00+00:00,93.0,96.0,93.0,95.0,322480800.0
2024-01-16 09:00:00+00:00,96.0,96.0,94.0,94.0,212046800.0
2024-01-17 09:00:00+00:00,95.0,95.0,93.0,94.0,150474800.0
2024-01-18 09:00:00+00:00,94.0,97.0,93.0,96.0,309898100.0
2024-01-19 09:00:00+00:00,98.0,98.0,93.0,94.0,306836000.0
2024-01-22 09:00:00+00:00,95.0,95.0,92.0,92.0,180263100.0
2024-01-23 09:00:00+00:00,93.0,94.0,90.0,91.0,315910400.0
2024-01-24 09:00:00+00:00,91.0,92.0,87.0,88.0,318682300.0
2024-01-25 09:00:00+00:00,88.0,92.0,88.0,91.0,245966700.0
2024-01-26 09:00:00+00:00,92.0,92.0,88.0,88.0,214025300.0
2024-01-29 09:00:00+00:00,89.0,90.0,85.0,86.0,450182100.0
2024-01-30 09:00:00+00:00,86.0,90.0,86.0,88.0,250848600.0
2024-01-31 09:00:00+00:00,89.0,91.0,88.0,91.0,272704200.0
2024-02-01 09:00:00+00:00,91.0,92.0,88.0,89.0,167821900.0
2024-02-02 09:00:00+00:00,90.0,90.0,86.0,86.0,265990900.0
2024-02-05 09:00:00+00:00,87.0,88.0,86.0,86.0,210073000.0
2024-02-06 09:00:00+00:00,86.0,87.0,85.0,86.0,178661900.0
2024-02-07 09:00:00+00:00,86.0,87.0,85.0,85.0,149593400.0
2024-02-12 09:00:00+00:00,85.0,87.0,85.0,86.0,192373500.0
2024-02-13 09:00:00+00:00,87.0,93.0,87.0,90.0,712826000.0
2024-02-15 09:00:00+00:00,93.0,95.0,90.0,90.0,474827300.0
2024-02-16 09:00:00+00:00,90.0,91.0,88.0,88.0,333738700.0
2024-02-19 09:00:00+00:00,88.0,89.0,85.0,86.0,389749900.0
2024-02-20 09:00:00+00:00,86.0,87.0,85.0,87.0,186460700.0
2024-02-21 09:00:00+00:00,87.0,87.0,85.0,86.0,184082000.0
2024-02-22 09:00:00+00:00,86.0,90.0,86.0,89.0,365461900.0
2024-02-23 09:00:00+00:00,89.0,90.0,87.0,89.0,355483100.0
2024-02-26 09:00:00+00:00,89.0,91.0,88.0,90.0,333280200.0
2024-02-27 09:00:00+00:00,90.0,92.0,89.0,89.0,449176600.0
2024-02-28 09:00:00+00:00,89.0,90.0,86.0,88.0,488044100.0
2024-02-29 09:00:00+00:00,88.0,90.0,86.0,87.0,2091558000.0
2024-03-01 09:00:00+00:00,88.0,88.0,85.0,86.0,322691000.0
2024-03-04 09:00:00+00:00,87.0,88.0,85.0,85.0,374859900.0
2024-03-05 09:00:00+00:00,86.0,89.0,85.0,89.0,545631000.0
2024-03-06 09:00:00+00:00,90.0,92.0,88.0,90.0,519887900.0
2024-03-07 09:00:00+00:00,90.0,94.0,89.0,92.0,808477200.0
2024-03-08 09:00:00+00:00,94.0,94.0,90.0,90.0,229643100.0
2024-03-13 09:00:00+00:00,90.0,90.0,87.0,87.0,286145900.0
2024-03-14 09:00:00+00:00,87.0,89.0,87.0,88.0,120511800.0
2024-03-15 09:00:00+00:00,88.0,88.0,85.0,86.0,365412100.0
2024-03-18 09:00:00+00:00,86.0,88.0,86.0,86.0,104457400.0
2024-03-19 09:00:00+00:00,87.0,88.0,86.0,86.0,171838600.0
2024-03-20 09:00:00+00:00,87.0,87.0,84.0,86.0,432489800.0
2024-03-21 09:00:00+00:00,85.0,87.0,85.0,86.0,217195300.0
2024-03-22 09:00:00+00:00,86.0,87.0,85.0,86.0,144929900.0
2024-03-25 09:00:00+00:00,87.0,87.0,85.0,86.0,160676400.0
2024-03-26 09:00:00+00:00,87.0,87.0,85.0,85.0,207160400.0
2024-03-27 09:00:00+00:00,86.0,86.0,84.0,85.0,244013600.0
2024-03-28 09:00:00+00:00,85.0,86.0,84.0,84.0,184881200.0
2024-04-01 09:00:00+00:00,83.0,84.0,76.0,80.0,548827900.0
2024-04-02 09:00:00+00:00,80.0,84.0,79.0,83.0,243966200.0
2024-04-03 09:00:00+00:00,83.0,86.0,82.0,83.0,385207300.0
2024-04-04 09:00:00+00:00,83.0,86.0,83.0,84.0,143980800.0
2024-04-05 09:00:00+00:00,83.0,86.0,83.0,85.0,194695300.0
2024-04-16 09:00:00+00:00,85.0,88.0,84.0,86.0,258365200.0
2024-04-17 09:00:00+00:00,86.0,88.0,84.0,84.0,489468700.0
2024-04-18 09:00:00+00:00,84.0,85.0,83.0,84.0,170943600.0
2024-04-19 09:00:00+00:00,84.0,86.0,81.0,85.0,500908900.0
2024-04-22 09:00:00+00:00,84.0,88.0,84.0,85.0,201186600.0
2024-04-23 09:00:00+00:00,87.0,108.0,87.0,103.0,4027145200.0
2024-04-24 09:00:00+00:00,103.0,111.0,99.0,106.0,3616366200.0
2024-04-25 09:00:00+00:00,109.0,111.0,102.0,103.0,2087078700.0
2024-04-26 09:00:00+00:00,103.0,104.0,96.0,97.0,1602663200.0
2024-04-29 09:00:00+00:00,97.0,100.0,95.0,100.0,645221000.0
2024-04-30 09:00:00+00:00,101.0,102.0,98.0,99.0,796709700.0
2024-05-02 09:00:00+00:00,99.0,100.0,97.0,98.0,280006900.0
2024-05-03 09:00:00+00:00,98.0,104.0,97.0,100.0,854752300.0
2024-05-06 09:00:00+00:00,101.0,104.0,100.0,103.0,447210600.0
2024-05-07 09:00:00+00:00,104.0,107.0,103.0,104.0,740602000.0
2024-05-08 09:00:00+00:00,104.0,104.0,100.0,103.0,891122900.0
2024-05-13 09:00:00+00:00,103.0,104.0,100.0,100.0,573490800.0
2024-05-14 09:00:00+00:00,100.0,101.0,95.0,95.0,1187662300.0
2024-05-15 09:00:00+00:00,95.0,95.0,91.0,93.0,868289000.0
2024-05-16 09:00:00+00:00,94.0,95.0,93.0,94.0,346613200.0
2024-05-17 09:00:00+00:00,94.0,95.0,91.0,92.0,356928200.0
2024-05-20 09:00:00+00:00,93.0,97.0,92.0,94.0,724397800.0
2024-05-21 09:00:00+00:00,94.0,95.0,92.0,92.0,301139900.0
2024-05-22 09:00:00+00:00,94.0,94.0,92.0,93.0,180536600.0
2024-05-27 09:00:00+00:00,91.0,94.0,91.0,92.0,211297100.0
2024-05-28 09:00:00+00:00,92.0,93.0,90.0,90.0,346965800.0
2024-05-29 09:00:00+00:00,90.0,93.0,88.0,90.0,510565000.0
2024-05-30 09:00:00+00:00,90.0,92.0,88.0,88.0,347883300.0
2024-05-31 09:00:00+00:00,89.0,91.0,88.0,91.0,579099900.0
2024-06-03 09:00:00+00:00,91.0,92.0,89.0,89.0,279186500.0
2024-06-04 09:00:00+00:00,89.0,90.0,83.0,83.0,1681374100.0
2024-06-05 09:00:00+00:00,83.0,84.0,80.0,80.0,629002400.0
2024-06-06 09:00:00+00:00,82.0,83.0,80.0,80.0,207323500.0
2024-06-07 09:00:00+00:00,80.0,81.0,79.0,81.0,196053300.0
2024-06-10 09:00:00+00:00,81.0,82.0,76.0,77.0,401891900.0
2024-06-11 09:00:00+00:00,77.0,79.0,77.0,78.0,206054900.0
2024-06-12 09:00:00+00:00,79.0,79.0,76.0,76.0,201134900.0
2024-06-13 09:00:00+00:00,77.0,78.0,76.0,76.0,135880800.0
2024-06-14 09:00:00+00:00,76.0,78.0,74.0,74.0,307801100.0
2024-06-19 09:00:00+00:00,75.0,75.0,69.0,69.0,411866500.0
2024-06-20 09:00:00+00:00,69.0,74.0,69.0,73.0,197153700.0
2024-06-21 09:00:00+00:00,73.0,76.0,73.0,76.0,251490700.0
2024-06-24 09:00:00+00:00,76.0,79.0,75.0,79.0,165103400.0
2024-06-25 09:00:00+00:00,81.0,81.0,77.0,77.0,93665900.0
2024-06-26 09:00:00+00:00,77.0,80.0,77.0,78.0,74944700.0
2024-06-27 09:00:00+00:00,78.0,79.0,76.0,77.0,78969900.0
2024-06-28 09:00:00+00:00,77.0,80.0,77.0,78.0,118052100.0
2024-07-01 09:00:00+00:00,78.0,80.0,78.0,78.0,86958000.0
2024-07-02 09:00:00+00:00,78.0,82.0,78.0,81.0,331439900.0
2024-07-03 09:00:00+00:00,81.0,84.0,80.0,83.0,234043600.0
2024-07-04 09:00:00+00:00,84.0,85.0,82.0,83.0,184051400.0
2024-07-05 09:00:00+00:00,84.0,84.0,82.0,84.0,129144500.0
2024-07-08 09:00:00+00:00,84.0,86.0,83.0,85.0,186548900.0
2024-07-09 09:00:00+00:00,85.0,85.0,83.0,83.0,90200800.0
2024-07-10 09:00:00+00:00,84.0,84.0,79.0,81.0,215791700.0
2024-07-11 09:00:00+00:00,81.0,81.0,79.0,79.0,254349400.0
2024-07-12 09:00:00+00:00,80.0,80.0,79.0,79.0,175504200.0
2024-07-15 09:00:00+00:00,79.0,80.0,78.0,79.0,64124800.0
2024-07-16 09:00:00+00:00,80.0,80.0,79.0,79.0,36963800.0
2024-07-17 09:00:00+00:00,80.0,82.0,79.0,79.0,147275400.0
2024-07-18 09:00:00+00:00,79.0,80.0,79.0,80.0,206050400.0
2024-07-19 09:00:00+00:00,80.0,80.0,78.0,78.0,197242100.0
2024-07-22 09:00:00+00:00,78.0,80.0,78.0,79.0,110768900.0
2024-07-23 09:00:00+00:00,79.0,80.0,77.0,78.0,403448900.0
2024-07-24 09:00:00+00:00,78.0,79.0,76.0,76.0,229311800.0
2024-07-25 09:00:00+00:00,76.0,77.0,75.0,75.0,175757800.0
2024-07-26 09:00:00+00:00,75.0,78.0,75.0,78.0,158180500.0
2024-07-29 09:00:00+00:00,80.0,80.0,77.0,77.0,103242300.0
2024-07-30 09:00:00+00:00,77.0,78.0,74.0,76.0,257775000.0
2024-07-31 09:00:00+00:00,76.0,77.0,74.0,75.0,248978000.0
2024-08-01 09:00:00+00:00,75.0,77.0,74.0,75.0,156557500.0
2024-08-02 09:00:00+00:00,75.0,79.0,74.0,76.0,327820700.0
2024-08-05 09:00:00+00:00,76.0,76.0,72.0,72.0,380020800.0
2024-08-06 09:00:00+00:00,72.0,75.0,72.0,73.0,105904800.0
2024-08-07 09:00:00+00:00,73.0,76.0,73.0,75.0,104995800.0
2024-08-08 09:00:00+00:00,75.0,75.0,73.0,74.0,85623100.0
2024-08-09 09:00:00+00:00,74.0,76.0,74.0,75.0,62127000.0
2024-08-12 09:00:00+00:00,76.0,77.0,75.0,76.0,133161100.0
2024-08-13 09:00:00+00:00,76.0,77.0,75.0,76.0,163171400.0
2024-08-14 09:00:00+00:00,76.0,77.0,75.0,76.0,196498600.0
2024-08-15 09:00:00+00:00,76.0,82.0,76.0,80.0,751518400.0
2024-08-16 09:00:00+00:00,80.0,89.0,80.0,88.0,1572937900.0
2024-08-19 09:00:00+00:00,89.0,91.0,86.0,87.0,766215700.0
2024-08-20 09:00:00+00:00,89.0,90.0,87.0,88.0,240858900.0
2024-08-21 09:00:00+00:00,89.0,97.0,88.0,94.0,1405705200.0
2024-08-22 09:00:00+00:00,93.0,96.0,90.0,91.0,784336000.0
2024-08-23 09:00:00+00:00,92.0,94.0,91.0,94.0,357076000.0
2024-08-26 09:00:00+00:00,95.0,97.0,93.0,94.0,382083700.0
2024-08-27 09:00:00+00:00,95.0,96.0,92.0,92.0,240621200.0
2024-08-28 09:00:00+00:00,92.0,95.0,91.0,93.0,310124800.0
2024-08-29 09:00:00+00:00,94.0,95.0,87.0,89.0,783885400.0
2024-08-30 09:00:00+00:00,89.0,90.0,88.0,89.0,314646500.0
2024-09-02 09:00:00+00:00,89.0,94.0,89.0,93.0,471702900.0
2024-09-03 09:00:00+00:00,94.0,103.0,93.0,98.0,1944997500.0
2024-09-04 09:00:00+00:00,101.0,101.0,96.0,99.0,772067100.0
2024-09-05 09:00:00+00:00,100.0,102.0,98.0,99.0,534363900.0
2024-09-06 09:00:00+00:00,99.0,102.0,98.0,98.0,463503700.0
2024-09-09 09:00:00+00:00,99.0,100.0,96.0,97.0,366631400.0
2024-09-10 09:00:00+00:00,98.0,99.0,96.0,97.0,227530700.0
2024-09-11 09:00:00+00:00,97.0,98.0,94.0,94.0,359095500.0
2024-09-12 09:00:00+00:00,94.0,98.0,94.0,97.0,618476100.0
2024-09-13 09:00:00+00:00,98.0,100.0,97.0,99.0,310498900.0
2024-09-17 09:00:00+00:00,101.0,106.0,99.0,105.0,1635899400.0
2024-09-18 09:00:00+00:00,100.0,109.0,100.0,105.0,1241907400.0
2024-09-19 09:00:00+00:00,106.0,117.0,105.0,117.0,2116350800.0
2024-09-20 09:00:00+00:00,117.0,120.0,112.0,116.0,1623118600.0
2024-09-23 09:00:00+00:00,116.0,127.0,114.0,124.0,2024425300.0
2024-09-24 09:00:00+00:00,125.0,125.0,119.0,122.0,905391000.0
2024-09-25 09:00:00+00:00,122.0,124.0,118.0,121.0,851167500.0
2024-09-26 09:00:00+00:00,122.0,124.0,119.0,123.0,827583300.0
2024-09-27 09:00:00+00:00,123.0,124.0,120.0,122.0,587032600.0
2024-09-30 09:00:00+00:00,122.0,128.0,122.0,122.0,1494184300.0
2024-10-01 09:00:00+00:00,123.0,143.0,122.0,143.0,4971377700.0
2024-10-02 09:00:00+00:00,148.0,150.0,129.0,138.0,7989500200.0
2024-10-03 09:00:00+00:00,140.0,140.0,132.0,133.0,1583185000.0
2024-10-04 09:00:00+00:00,134.0,138.0,132.0,135.0,1507281300.0
2024-10-07 09:00:00+00:00,138.0,141.0,136.0,139.0,1652026700.0
2024-10-08 09:00:00+00:00,139.0,140.0,133.0,134.0,1213355000.0
2024-10-09 09:00:00+00:00,134.0,135.0,125.0,128.0,1727066100.0
2024-10-10 09:00:00+00:00,127.0,133.0,124.0,131.0,1232767600.0
2024-10-11 09:00:00+00:00,133.0,139.0,132.0,134.0,1150694000.0
2024-10-14 09:00:00+00:00,134.0,143.0,132.0,140.0,1575057400.0
2024-10-15 09:00:00+00:00,141.0,144.0,138.0,140.0,1347388300.0
2024-10-16 09:00:00+00:00,141.0,141.0,135.0,137.0,682755100.0
2024-10-17 09:00:00+00:00,137.0,149.0,136.0,146.0,2170132600.0
2024-10-18 09:00:00+00:00,147.0,148.0,139.0,139.0,1520246300.0
2024-10-21 09:00:00+00:00,139.0,144.0,137.0,138.0,812919200.0
2024-10-22 09:00:00+00:00,143.0,143.0,136.0,141.0,1012985700.0
2024-10-23 09:00:00+00:00,141.0,154.0,140.0,147.0,4617397400.0
2024-10-24 09:00:00+00:00,146.0,150.0,144.0,146.0,1418159400.0
2024-10-25 09:00:00+00:00,148.0,153.0,141.0,141.0,2651559700.0
2024-10-28 09:00:00+00:00,143.0,144.0,136.0,139.0,1233779000.0
2024-10-29 09:00:00+00:00,139.0,144.0,138.0,139.0,791532600.0
2024-10-30 09:00:00+00:00,140.0,143.0,138.0,140.0,695458800.0
2024-10-31 09:00:00+00:00,141.0,142.0,138.0,139.0,821357200.0
2024-11-01 09:00:00+00:00,139.0,140.0,135.0,135.0,1080600600.0
2024-11-04 09:00:00+00:00,135.0,140.0,135.0,135.0,1052096300.0
2024-11-05 09:00:00+00:00,137.0,138.0,133.0,138.0,845281500.0
2024-11-06 09:00:00+00:00,138.0,141.0,135.0,135.0,1684070100.0
2024-11-07 09:00:00+00:00,135.0,135.0,126.0,130.0,1417824200.0
2024-11-08 09:00:00+00:00,130.0,134.0,126.0,127.0,1428151100.0
2024-11-11 09:00:00+00:00,128.0,151.0,127.0,149.0,4358381800.0
2024-11-12 09:00:00+00:00,149.0,176.0,148.0,174.0,8549036500.0
2024-11-13 09:00:00+00:00,164.0,175.0,163.0,164.0,3522430000.0
2024-11-14 09:00:00+00:00,164.0,173.0,157.0,161.0,3431203500.0
2024-11-15 09:00:00+00:00,162.0,163.0,141.0,149.0,5434184500.0
2024-11-18 09:00:00+00:00,156.0,159.0,147.0,153.0,2425042300.0
2024-11-19 09:00:00+00:00,153.0,156.0,150.0,150.0,1294614700.0
2024-11-20 09:00:00+00:00,151.0,151.0,144.0,147.0,1121191000.0
2024-11-21 09:00:00+00:00,147.0,150.0,142.0,143.0,1546806500.0
2024-11-22 09:00:00+00:00,143.0,146.0,143.0,143.0,696367700.0
2024-11-25 09:00:00+00:00,144.0,148.0,140.0,146.0,910851500.0
2024-11-26 09:00:00+00:00,146.0,146.0,141.0,141.0,719330600.0
2024-11-28 09:00:00+00:00,141.0,143.0,133.0,135.0,1184927100.0
2024-11-29 09:00:00+00:00,140.0,148.0,133.0,147.0,2220984400.0
2024-12-02 09:00:00+00:00,148.0,150.0,138.0,138.0,1387470500.0
2024-12-03 09:00:00+00:00,138.0,144.0,136.0,137.0,1172848400.0
2024-12-04 09:00:00+00:00,138.0,141.0,137.0,139.0,975525500.0
2024-12-05 09:00:00+00:00,140.0,141.0,138.0,139.0,653831800.0
2024-12-06 09:00:00+00:00,139.0,141.0,137.0,138.0,539848700.0
2024-12-09 09:00:00+00:00,139.0,145.0,138.0,142.0,1051395800.0
2024-12-10 09:00:00+00:00,144.0,152.0,141.0,148.0,2992366600.0
2024-12-11 09:00:00+00:00,149.0,154.0,145.0,145.0,2416952000.0
2024-12-12 09:00:00+00:00,146.0,150.0,145.0,145.0,1089700400.0
2024-12-13 09:00:00+00:00,146.0,147.0,142.0,143.0,639726700.0
2024-12-16 09:00:00+00:00,143.0,144.0,138.0,139.0,977740400.0
2024-12-17 09:00:00+00:00,140.0,144.0,134.0,135.0,1283741100.0
2024-12-18 09:00:00+00:00,135.0,139.0,130.0,132.0,1525680200.0
2024-12-19 09:00:00+00:00,127.0,129.0,118.0,122.0,1928584400.0
2024-12-20 09:00:00+00:00,124.0,125.0,115.0,115.0,1476108300.0
2024-12-23 09:00:00+00:00,117.0,120.0,115.0,116.0,765874400.0
2024-12-24 09:00:00+00:00,117.0,121.0,113.0,116.0,730121800.0
2024-12-27 09:00:00+00:00,117.0,119.0,114.0,116.0,439627600.0
2024-12-30 09:00:00+00:00,117.0,120.0,114.0,118.0,435225700.0
2025-01-02 09:00:00+00:00,120.0,128.0,119.0,123.0,1378670900.0
2025-01-03 09:00:00+00:00,124.0,127.0,121.0,124.0,1196922400.0
2025-01-06 09:00:00+00:00,125.0,126.0,119.0,119.0,541934900.0
2025-01-07 09:00:00+00:00,120.0,122.0,117.0,120.0,515026800.0
2025-01-08 09:00:00+00:00,119.0,121.0,114.0,115.0,953636700.0
2025-01-09 09:00:00+00:00,115.0,117.0,108.0,108.0,998467700.0
2025-01-10 09:00:00+00:00,108.0,129.0,108.0,122.0,2338122400.0
2025-01-13 09:00:00+00:00,123.0,125.0,116.0,117.0,1379812600.0
2025-01-14 09:00:00+00:00,117.0,125.0,115.0,124.0,961925600.0
2025-01-15 09:00:00+00:00,124.0,126.0,120.0,122.0,595077100.0
2025-01-16 09:00:00+00:00,123.0,130.0,122.0,124.0,1001991200.0
2025-01-17 09:00:00+00:00,124.0,125.0,118.0,119.0,1089493400.0
2025-01-20 09:00:00+00:00,120.0,123.0,119.0,121.0,575532800.0
2025-01-21 09:00:00+00:00,122.0,125.0,121.0,122.0,529704700.0
2025-01-22 09:00:00+00:00,122.0,128.0,122.0,124.0,1159191100.0
2025-01-23 09:00:00+00:00,125.0,130.0,123.0,125.0,1179379500.0
2025-01-24 09:00:00+00:00,124.0,125.0,119.0,120.0,853609800.0
2025-01-30 09:00:00+00:00,120.0,121.0,116.0,118.0,359512300.0
2025-01-31 09:00:00+00:00,120.0,121.0,118.0,118.0,219095200.0
2025-02-03 09:00:00+00:00,119.0,119.0,112.0,115.0,565815000.0
2025-02-04 09:00:00+00:00,116.0,118.0,114.0,115.0,538016300.0
2025-02-05 09:00:00+00:00,114.0,118.0,114.0,115.0,344363400.0
2025-02-06 09:00:00+00:00,117.0,117.0,112.0,113.0,375859900.0
2025-02-07 09:00:00+00:00,112.0,113.0,108.0,109.0,552704600.0
2025-02-10 09:00:00+00:00,108.0,109.0,100.0,101.0,1038054400.0
2025-02-11 09:00:00+00:00,101.0,105.0,95.0,96.0,1378167300.0
2025-02-12 09:00:00+00:00,97.0,101.0,90.0,99.0,1284502800.0
2025-02-13 09:00:00+00:00,100.0,102.0,97.0,101.0,439249200.0
2025-02-14 09:00:00+00:00,101.0,104.0,100.0,103.0,452999900.0
2025-02-17 09:00:00+00:00,104.0,109.0,103.0,107.0,1181614700.0
2025-02-18 09:00:00+00:00,107.0,111.0,106.0,110.0,1005527400.0
2025-02-19 09:00:00+00:00,111.0,115.0,110.0,113.0,767068900.0
2025-02-20 09:00:00+00:00,113.0,116.0,111.0,111.0,893560900.0
2025-02-21 09:00:00+00:00,112.0,112.0,108.0,110.0,504729100.0
2025-02-24 09:00:00+00:00,110.0,111.0,107.0,108.0,303217000.0
2025-02-25 09:00:00+00:00,109.0,109.0,101.0,102.0,620608800.0
2025-02-26 09:00:00+00:00,102.0,104.0,98.0,100.0,385664200.0
2025-02-27 09:00:00+00:00,101.0,104.0,100.0,100.0,417610500.0
2025-02-28 09:00:00+00:00,99.0,100.0,94.0,94.0,661566900.0
2025-03-03 09:00:00+00:00,95.0,100.0,95.0,98.0,539773300.0
2025-03-04 09:00:00+00:00,99.0,100.0,92.0,93.0,578372100.0
2025-03-05 09:00:00+00:00,93.0,97.0,93.0,93.0,355714900.0
2025-03-06 09:00:00+00:00,95.0,97.0,94.0,96.0,279926900.0
2025-03-07 09:00:00+00:00,96.0,97.0,94.0,94.0,351486900.0
2025-03-10 09:00:00+00:00,96.0,105.0,96.0,102.0,1238852900.0
2025-03-11 09:00:00+00:00,99.0,102.0,98.0,99.0,600058900.0
2025-03-12 09:00:00+00:00,99.0,100.0,96.0,97.0,295951700.0
2025-03-13 09:00:00+00:00,97.0,98.0,94.0,94.0,367771300.0
2025-03-14 09:00:00+00:00,94.0,96.0,92.0,92.0,479650100.0
2025-03-17 09:00:00+00:00,93.0,95.0,92.0,94.0,430009000.0
2025-03-18 09:00:00+00:00,95.0,95.0,70.0,86.0,1412768100.0
2025-03-19 09:00:00+00:00,87.0,90.0,85.0,89.0,362848400.0
2025-03-20 09:00:00+00:00,90.0,93.0,89.0,89.0,399346600.0
2025-03-21 09:00:00+00:00,90.0,90.0,84.0,90.0,630512000.0
2025-03-24 09:00:00+00:00,90.0,90.0,83.0,84.0,316965900.0
2025-03-25 09:00:00+00:00,85.0,87.0,83.0,85.0,249577600.0
2025-03-26 09:00:00+00:00,86.0,92.0,86.0,90.0,361794600.0
2025-03-27 09:00:00+00:00,91.0,96.0,90.0,93.0,508008500.0
2025-04-08 09:00:00+00:00,80.0,86.0,80.0,80.0,741609600.0
2025-04-09 09:00:00+00:00,80.0,83.0,75.0,77.0,622188000.0
2025-04-10 09:00:00+00:00,83.0,86.0,80.0,81.0,896789100.0
2025-04-11 09:00:00+00:00,80.0,85.0,80.0,83.0,362257000.0
2025-04-14 09:00:00+00:00,86.0,94.0,85.0,93.0,794561500.0
2025-04-15 09:00:00+00:00,95.0,97.0,92.0,95.0,647911600.0
2025-04-16 09:00:00+00:00,99.0,104.0,98.0,100.0,1481729200.0
2025-04-17 09:00:00+00:00,100.0,100.0,95.0,97.0,652907500.0
2025-04-21 09:00:00+00:00,97.0,102.0,97.0,100.0,782109500.0
2025-04-22 09:00:00+00:00,107.0,112.0,104.0,112.0,3021746800.0
2025-04-23 09:00:00+00:00,113.0,116.0,106.0,108.0,2191557800.0
2025-04-24 09:00:00+00:00,107.0,110.0,105.0,105.0,622213300.0
2025-04-25 09:00:00+00:00,107.0,109.0,105.0,107.0,445837500.0
2025-04-28 09:00:00+00:00,108.0,109.0,105.0,105.0,412565400.0
2025-04-29 09:00:00+00:00,105.0,110.0,104.0,108.0,1232376200.0
2025-04-30 09:00:00+00:00,109.0,110.0,107.0,107.0,626538700.0
2025-05-02 09:00:00+00:00,107.0,112.0,106.0,112.0,1012962400.0
2025-05-05 09:00:00+00:00,112.0,113.0,109.0,109.0,892628400.0
2025-05-06 09:00:00+00:00,110.0,113.0,109.0,111.0,779426700.0
2025-05-07 09:00:00+00:00,113.0,114.0,109.0,110.0,689783400.0
2025-05-08 09:00:00+00:00,112.0,114.0,110.0,112.0,1120539400.0
2025-05-09 09:00:00+00:00,113.0,114.0,108.0,110.0,639593200.0
2025-05-14 09:00:00+00:00,112.0,117.0,109.0,117.0,2922757100.0
2025-05-15 09:00:00+00:00,119.0,128.0,117.0,127.0,4259956500.0
2025-05-16 09:00:00+00:00,125.0,127.0,120.0,121.0,1889738700.0
2025-05-19 09:00:00+00:00,122.0,127.0,121.0,125.0,1392066500.0
2025-05-20 09:00:00+00:00,125.0,125.0,120.0,122.0,1053937100.0
2025-05-21 09:00:00+00:00,122.0,123.0,116.0,118.0,1523611300.0
2025-05-22 09:00:00+00:00,119.0,121.0,116.0,116.0,1343801600.0
2025-05-23 09:00:00+00:00,115.0,119.0,115.0,118.0,503404900.0
2025-05-26 09:00:00+00:00,119.0,121.0,117.0,118.0,1359220900.0
2025-05-27 09:00:00+00:00,119.0,123.0,118.0,119.0,1316316300.0
2025-05-28 09:00:00+00:00,120.0,122.0,118.0,118.0,1032922300.0
2025-06-02 09:00:00+00:00,120.0,126.0,119.0,123.0,2864663600.0
2025-06-03 09:00:00+00:00,124.0,125.0,117.0,118.0,1883315600.0
2025-06-04 09:00:00+00:00,119.0,122.0,118.0,120.0,1020767200.0
2025-06-05 09:00:00+00:00,120.0,127.0,120.0,123.0,2482171700.0
2025-06-10 09:00:00+00:00,123.0,126.0,121.0,122.0,1308473900.0
2025-06-11 09:00:00+00:00,122.0,134.0,121.0,132.0,3983881600.0
2025-06-12 09:00:00+00:00,134.0,148.0,132.0,138.0,7001855600.0
2025-06-13 09:00:00+00:00,139.0,141.0,132.0,133.0,2749555500.0
2025-06-16 09:00:00+00:00,134.0,137.0,127.0,128.0,2725094400.0
2025-06-17 09:00:00+00:00,128.0,130.0,125.0,127.0,1961342900.0
2025-06-18 09:00:00+00:00,129.0,132.0,126.0,127.0,1998786200.0
2025-06-19 09:00:00+00:00,129.0,130.0,120.0,121.0,2268576700.0
2025-06-20 09:00:00+00:00,124.0,126.0,120.0,120.0,2368989200.0
2025-06-23 09:00:00+00:00,118.0,121.0,114.0,118.0,1626911400.0
2025-06-24 09:00:00+00:00,121.0,123.0,117.0,117.0,1275499700.0
2025-06-25 09:00:00+00:00,118.0,119.0,111.0,112.0,1889744200.0
2025-06-26 09:00:00+00:00,113.0,116.0,112.0,113.0,981927200.0
2025-06-30 09:00:00+00:00,115.0,120.0,114.0,119.0,1306960800.0
2025-07-01 09:00:00+00:00,119.0,120.0,113.0,114.0,1418642200.0
2025-07-02 09:00:00+00:00,115.0,115.0,109.0,114.0,1612196600.0
2025-07-03 09:00:00+00:00,114.0,115.0,112.0,113.0,819493600.0
2025-07-04 09:00:00+00:00,113.0,115.0,110.0,113.0,840417200.0
2025-07-07 09:00:00+00:00,113.0,114.0,111.0,113.0,558519900.0
2025-07-08 09:00:00+00:00,113.0,117.0,112.0,116.0,835692100.0
2025-07-09 09:00:00+00:00,116.0,117.0,114.0,115.0,553249800.0
2025-07-10 09:00:00+00:00,115.0,116.0,113.0,114.0,498741300.0
2025-07-11 09:00:00+00:00,114.0,116.0,113.0,114.0,352969200.0
2025-07-14 09:00:00+00:00,115.0,116.0,112.0,115.0,1126225100.0
2025-07-15 09:00:00+00:00,115.0,116.0,112.0,113.0,880297700.0
2025-07-16 09:00:00+00:00,113.0,122.0,113.0,121.0,3325970000.0
2025-07-17 09:00:00+00:00,122.0,122.0,118.0,119.0,1036225700.0
2025-07-18 09:00:00+00:00,119.0,121.0,117.0,117.0,1024410800.0
2025-07-21 09:00:00+00:00,117.0,121.0,117.0,118.0,1543581600.0
2025-07-22 09:00:00+00:00,120.0,124.0,118.0,120.0,2052722000.0
2025-07-23 09:00:00+00:00,120.0,123.0,118.0,119.0,1074547100.0
2025-07-24 09:00:00+00:00,119.0,120.0,116.0,116.0,1003326600.0
2025-07-25 09:00:00+00:00,116.0,118.0,114.0,114.0,847577900.0
2025-07-28 09:00:00+00:00,115.0,117.0,114.0,115.0,924079800.0
2025-07-29 09:00:00+00:00,116.0,118.0,115.0,116.0,1047137900.0
2025-07-30 09:00:00+00:00,117.0,118.0,114.0,115.0,684736500.0
2025-07-31 09:00:00+00:00,115.0,116.0,111.0,111.0,1099756000.0
2025-08-01 09:00:00+00:00,111.0,114.0,111.0,111.0,560633000.0
2025-08-04 09:00:00+00:00,111.0,114.0,110.0,111.0,919633100.0
2025-08-05 09:00:00+00:00,112.0,113.0,111.0,112.0,419978000.0
2025-08-06 09:00:00+00:00,112.0,114.0,111.0,113.0,747875700.0
2025-08-07 09:00:00+00:00,113.0,113.0,111.0,112.0,523183600.0
2025-08-08 09:00:00+00:00,112.0,113.0,109.0,110.0,1115690600.0
2025-08-11 09:00:00+00:00,110.0,110.0,106.0,108.0,934484500.0
2025-08-12 09:00:00+00:00,108.0,111.0,108.0,110.0,681814400.0
2025-08-13 09:00:00+00:00,111.0,111.0,108.0,108.0,625496300.0
2025-08-14 09:00:00+00:00,109.0,109.0,107.0,108.0,585649800.0
2025-08-15 09:00:00+00:00,108.0,109.0,106.0,108.0,514391200.0
2025-08-19 09:00:00+00:00,109.0,114.0,108.0,112.0,1546900400.0
2025-08-20 09:00:00+00:00,113.0,116.0,112.0,114.0,1763086500.0
2025-08-21 09:00:00+00:00,114.0,115.0,110.0,110.0,860150100.0
2025-08-22 09:00:00+00:00,111.0,113.0,110.0,110.0,356278600.0
2025-08-25 09:00:00+00:00,112.0,113.0,110.0,112.0,576623400.0
2025-08-26 09:00:00+00:00,112.0,115.0,111.0,112.0,1346175800.0
2025-08-27 09:00:00+00:00,113.0,114.0,111.0,111.0,524903200.0
2025-08-28 09:00:00+00:00,111.0,113.0,111.0,112.0,565959200.0
2025-08-29 09:00:00+00:00,112.0,112.0,107.0,109.0,1283670100.0
2025-09-01 09:00:00+00:00,107.0,109.0,103.0,107.0,856336000.0
2025-09-02 09:00:00+00:00,109.0,114.0,108.0,111.0,1368151000.0
2025-09-03 09:00:00+00:00,113.0,115.0,111.0,113.0,1028266600.0
2025-09-04 09:00:00+00:00,113.0,120.0,112.0,112.0,4498155400.0
2025-09-08 09:00:00+00:00,112.0,114.0,108.0,108.0,1582535200.0
2025-09-09 09:00:00+00:00,110.0,112.0,108.0,110.0,818905800.0
2025-09-10 09:00:00+00:00,111.0,111.0,109.0,109.0,417728300.0
2025-09-11 09:00:00+00:00,110.0,110.0,107.0,108.0,641352900.0
2025-09-12 09:00:00+00:00,109.0,111.0,108.0,110.0,535937100.0
2025-09-15 09:00:00+00:00,111.0,115.0,110.0,114.0,1455709200.0
2025-09-16 09:00:00+00:00,115.0,123.0,114.0,115.0,5043290100.0
2025-09-17 09:00:00+00:00,115.0,116.0,112.0,113.0,958816700.0
2025-09-18 09:00:00+00:00,113.0,115.0,111.0,113.0,759599400.0
2025-09-19 09:00:00+00:00,113.0,114.0,111.0,114.0,2767238100.0
2025-09-22 09:00:00+00:00,116.0,122.0,115.0,121.0,4324772300.0
2025-09-23 09:00:00+00:00,123.0,145.0,123.0,140.0,16351388500.0
2025-09-24 09:00:00+00:00,143.0,154.0,137.0,149.0,13829826300.0
2025-09-25 09:00:00+00:00,148.0,159.0,144.0,146.0,10286229600.0
2025-09-26 09:00:00+00:00,146.0,151.0,141.0,147.0,5137145700.0
2025-09-29 09:00:00+00:00,150.0,156.0,149.0,154.0,5998442900.0
2025-09-30 09:00:00+00:00,154.0,155.0,148.0,149.0,4043594900.0
2025-10-01 09:00:00+00:00,149.0,164.0,148.0,161.0,8086835900.0
2025-10-02 09:00:00+00:00,163.0,167.0,156.0,163.0,5836304600.0
2025-10-03 09:00:00+00:00,164.0,168.0,160.0,161.0,3401965900.0
2025-10-06 09:00:00+00:00,162.0,164.0,149.0,150.0,6863859200.0
2025-10-07 09:00:00+00:00,151.0,155.0,143.0,144.0,6120027600.0
2025-10-08 09:00:00+00:00,145.0,147.0,138.0,142.0,2779260000.0
2025-10-09 09:00:00+00:00,151.0,153.0,140.0,142.0,4506268000.0
2025-10-10 09:00:00+00:00,143.0,145.0,134.0,138.0,4756769400.0
2025-10-13 09:00:00+00:00,135.0,145.0,134.0,142.0,3787180900.0
2025-10-14 09:00:00+00:00,145.0,150.0,134.0,137.0,5092560300.0
2025-10-15 09:00:00+00:00,139.0,141.0,134.0,136.0,2141100100.0
2025-10-16 09:00:00+00:00,137.0,139.0,135.0,136.0,969257100.0
2025-10-17 09:00:00+00:00,136.0,137.0,126.0,128.0,2484373500.0
2025-10-20 09:00:00+00:00,130.0,132.0,128.0,130.0,1208848800.0
2025-10-21 09:00:00+00:00,131.0,137.0,131.0,132.0,1333397800.0
2025-10-22 09:00:00+00:00,132.0,137.0,130.0,136.0,1300117300.0
2025-10-23 09:00:00+00:00,136.0,137.0,132.0,133.0,1010560900.0
2025-10-24 09:00:00+00:00,133.0,138.0,133.0,134.0,1021352700.0
2025-10-27 09:00:00+00:00,135.0,137.0,128.0,132.0,1246959300.0
2025-10-28 09:00:00+00:00,135.0,141.0,134.0,141.0,2729257600.0
2025-10-29 09:00:00+00:00,143.0,145.0,138.0,139.0,2230281600.0
2025-10-30 09:00:00+00:00,139.0,143.0,138.0,141.0,1234558000.0
2025-10-31 09:00:00+00:00,141.0,145.0,140.0,142.0,1634337100.0
2025-11-03 09:00:00+00:00,143.0,144.0,140.0,141.0,1007456200.0
2025-11-04 09:00:00+00:00,141.0,146.0,139.0,140.0,2482810900.0
2025-11-05 09:00:00+00:00,138.0,143.0,137.0,142.0,835782800.0
2025-11-06 09:00:00+00:00,142.0,145.0,141.0,141.0,1067529600.0
2025-11-07 09:00:00+00:00,142.0,143.0,140.0,141.0,887304600.0
2025-11-10 09:00:00+00:00,142.0,150.0,141.0,150.0,3425993000.0
2025-11-11 09:00:00+00:00,151.0,202.0,150.0,198.0,28600582500.0
2025-11-12 09:00:00+00:00,197.0,206.0,187.0,192.0,18408147500.0
2025-11-13 09:00:00+00:00,194.0,240.0,189.0,224.0,20660901900.0
2025-11-14 09:00:00+00:00,224.0,244.0,216.0,220.0,17280324400.0
2025-11-17 09:00:00+00:00,222.0,232.0,218.0,222.0,8428653200.0
2025-11-18 09:00:00+00:00,222.0,224.0,206.0,214.0,7344771600.0
2025-11-19 09:00:00+00:00,220.0,238.0,216.0,228.0,14168826000.0
2025-11-20 09:00:00+00:00,230.0,234.0,224.0,226.0,5842229700.0
2025-11-21 09:00:00+00:00,224.0,226.0,218.0,220.0,3825011300.0
2025-11-24 09:00:00+00:00,224.0,224.0,218.0,218.0,2403308000.0
2025-11-25 09:00:00+00:00,220.0,242.0,220.0,236.0,13274853700.0
2025-11-26 09:00:00+00:00,240.0,266.0,236.0,260.0,18662707200.0
2025-11-27 09:00:00+00:00,252.0,256.0,240.0,242.0,11236705400.0
2025-11-28 09:00:00+00:00,244.0,246.0,236.0,244.0,3632328800.0
2025-12-01 09:00:00+00:00,244.0,252.0,238.0,246.0,6434442600.0
2025-12-02 09:00:00+00:00,248.0,248.0,242.0,242.0,1938684900.0
2025-12-03 09:00:00+00:00,244.0,254.0,240.0,240.0,4432754000.0
2025-12-04 09:00:00+00:00,242.0,246.0,240.0,242.0,1768534000.0
2025-12-05 09:00:00+00:00,242.0,244.0,236.0,238.0,2086399500.0
2025-12-08 09:00:00+00:00,240.0,252.0,238.0,252.0,4908722800.0
2025-12-09 09:00:00+00:00,252.0,276.0,250.0,272.0,12082544300.0
2025-12-10 09:00:00+00:00,276.0,336.0,276.0,326.0,20922562800.0
2025-12-11 09:00:00+00:00,332.0,378.0,326.0,360.0,21969738900.0
2025-12-12 09:00:00+00:00,364.0,382.0,354.0,368.0,10187266800.0
2025-12-15 09:00:00+00:00,372.0,400.0,340.0,344.0,13792118300.0
2025-12-16 09:00:00+00:00,340.0,358.0,330.0,348.0,5809011900.0
2025-12-17 09:00:00+00:00,354.0,360.0,346.0,348.0,4247375400.0
2025-12-18 09:00:00+00:00,350.0,352.0,334.0,340.0,3544112800.0
2025-12-19 09:00:00+00:00,346.0,350.0,338.0,344.0,2748766200.0
2025-12-22 09:00:00+00:00,348.0,394.0,346.0,394.0,12257775400.0
2025-12-23 09:00:00+00:00,402.0,406.0,376.0,380.0,8335353200.0
2025-12-24 09:00:00+00:00,382.0,384.0,360.0,362.0,4795205000.0
2025-12-29 09:00:00+00:00,362.0,376.0,354.0,366.0,5492663300.0
2025-12-30 09:00:00+00:00,370.0,372.0,362.0,366.0,2812869800.0
2026-01-02 09:00:00+00:00,372.0,424.0,370.0,420.0,11771094600.0
2026-01-05 09:00:00+00:00,428.0,476.0,420.0,464.0,13048421800.0
2026-01-06 09:00:00+00:00,466.0,484.0,452.0,464.0,8648116700.0
2026-01-07 09:00:00+00:00,464.0,478.0,452.0,452.0,6102514400.0
2026-01-08 09:00:00+00:00,450.0,460.0,442.0,460.0,3629921000.0
2026-01-09 09:00:00+00:00,470.0,480.0,456.0,462.0,7430491000.0
2026-01-12 09:00:00+00:00,468.0,472.0,394.0,436.0,9759299800.0
2026-01-13 09:00:00+00:00,436.0,448.0,396.0,406.0,9716507600.0
2026-01-14 09:00:00+00:00,414.0,434.0,410.0,422.0,6113687100.0
2026-01-15 09:00:00+00:00,426.0,428.0,404.0,410.0,4173617100.0
2026-01-19 09:00:00+00:00,410.0,412.0,390.0,412.0,6004590000.0
2026-01-20 09:00:00+00:00,432.0,440.0,414.0,414.0,9992920600.0
2026-01-21 09:00:00+00:00,408.0,408.0,380.0,386.0,8369517000.0
2026-01-22 09:00:00+00:00,390.0,396.0,346.0,348.0,11300872300.0
2026-01-23 09:00:00+00:00,350.0,364.0,330.0,360.0,9715093500.0
2026-01-26 09:00:00+00:00,358.0,368.0,332.0,332.0,8341641400.0
2026-01-27 09:00:00+00:00,336.0,346.0,328.0,344.0,5796234400.0
2026-01-28 09:00:00+00:00,294.0,294.0,294.0,294.0,2063059700.0
2026-01-29 09:00:00+00:00,250.0,282.0,250.0,250.0,24522161400.0
2026-01-30 09:00:00+00:00,258.0,272.0,246.0,258.0,10768790900.0
2026-02-02 09:00:00+00:00,260.0,264.0,220.0,220.0,12444107400.0
2026-02-03 09:00:00+00:00,212.0,266.0,198.0,264.0,13881927300.0
2026-02-04 09:00:00+00:00,258.0,266.0,240.0,246.0,9402318400.0
2026-02-05 09:00:00+00:00,242.0,256.0,240.0,240.0,4278275700.0
2026-02-06 09:00:00+00:00,232.0,238.0,218.0,226.0,6515359700.0
2026-02-09 09:00:00+00:00,236.0,244.0,224.0,240.0,5917512800.0
2026-02-10 09:00:00+00:00,238.0,264.0,236.0,248.0,10011575000.0
2026-02-11 09:00:00+00:00,252.0,286.0,252.0,272.0,15389213700.0
2026-02-12 09:00:00+00:00,280.0,282.0,266.0,270.0,7425236700.0
2026-02-13 09:00:00+00:00,264.0,296.0,262.0,292.0,11232277200.0
2026-02-18 09:00:00+00:00,292.0,298.0,284.0,284.0,10336439600.0
2026-02-19 09:00:00+00:00,286.0,306.0,286.0,300.0,9628948200.0
2026-02-20 09:00:00+00:00,302.0,306.0,292.0,294.0,3790944800.0
2026-02-23 09:00:00+00:00,300.0,306.0,294.0,296.0,4008241200.0
2026-02-24 09:00:00+00:00,296.0,298.0,270.0,274.0,8768902000.0
2026-02-25 09:00:00+00:00,270.0,282.0,262.0,270.0,6672829400.0
2026-02-26 09:00:00+00:00,274.0,278.0,252.0,258.0,6083786000.0
2026-02-27 09:00:00+00:00,258.0,260.0,244.0,258.0,4853064000.0
2026-03-02 09:00:00+00:00,252.0,266.0,246.0,248.0,5332814900.0
2026-03-03 09:00:00+00:00,258.0,262.0,248.0,252.0,4765414000.0
2026-03-04 09:00:00+00:00,256.0,256.0,226.0,234.0,7871045500.0
2026-03-05 09:00:00+00:00,246.0,248.0,238.0,240.0,3410343700.0
2026-03-06 09:00:00+00:00,240.0,244.0,226.0,230.0,3885133200.0
2026-03-09 09:00:00+00:00,214.0,226.0,200.0,220.0,6510531900.0
2026-03-10 09:00:00+00:00,230.0,240.0,228.0,240.0,5461317400.0
2026-03-11 09:00:00+00:00,242.0,244.0,226.0,226.0,2994827600.0
2026-03-12 09:00:00+00:00,226.0,228.0,216.0,218.0,3743282000.0
2026-03-13 09:00:00+00:00,220.0,220.0,206.0,210.0,4126257700.0
2026-03-16 09:00:00+00:00,214.0,214.0,202.0,204.0,3325002300.0
2026-03-17 09:00:00+00:00,208.0,212.0,202.0,206.0,2059278600.0
2026-03-25 09:00:00+00:00,208.0,232.0,206.0,226.0,4993415800.0
2026-03-26 09:00:00+00:00,228.0,232.0,214.0,214.0,3841879100.0
2026-03-27 09:00:00+00:00,214.0,220.0,210.0,214.0,1993219700.0
2026-03-30 09:00:00+00:00,214.0,228.0,206.0,226.0,3307221900.0
2026-03-31 09:00:00+00:00,230.0,234.0,216.0,216.0,3102922800.0
2026-04-01 09:00:00+00:00,224.0,238.0,222.0,238.0,4232886000.0
2026-04-02 09:00:00+00:00,232.0,234.0,226.0,228.0,3239932500.0
2026-04-06 09:00:00+00:00,228.0,250.0,228.0,242.0,6099108000.0
2026-04-07 09:00:00+00:00,242.0,246.0,234.0,236.0,2937748500.0
2026-04-08 09:00:00+00:00,246.0,254.0,244.0,252.0,7028235400.0
2026-04-09 09:00:00+00:00,248.0,250.0,240.0,244.0,3231004700.0
2026-04-10 09:00:00+00:00,246.0,254.0,246.0,246.0,3723636000.0
2026-04-13 09:00:00+00:00,242.0,250.0,240.0,244.0,2492525700.0
2026-04-14 09:00:00+00:00,250.0,262.0,246.0,262.0,6975324100.0
2026-04-15 09:00:00+00:00,266.0,268.0,252.0,252.0,4737542700.0
2026-04-16 09:00:00+00:00,254.0,258.0,248.0,250.0,2690537600.0
2026-04-17 09:00:00+00:00,250.0,256.0,248.0,248.0,2031335300.0
2026-04-20 09:00:00+00:00,250.0,250.0,240.0,242.0,2320011600.0
2026-04-21 09:00:00+00:00,242.0,244.0,238.0,240.0,2190621300.0
2026-04-22 09:00:00+00:00,242.0,246.0,240.0,240.0,1883526900.0
2026-04-23 09:00:00+00:00,240.0,242.0,230.0,230.0,3490960700.0
2026-04-24 09:00:00+00:00,232.0,236.0,216.0,216.0,4442692000.0
2026-04-27 09:00:00+00:00,220.0,230.0,218.0,224.0,2505952300.0
2026-04-28 09:00:00+00:00,228.0,230.0,220.0,228.0,1800570700.0
2026-04-29 09:00:00+00:00,230.0,234.0,228.0,230.0,1730505500.0
2026-04-30 09:00:00+00:00,230.0,244.0,220.0,240.0,4363737300.0
2026-05-04 09:00:00+00:00,240.0,250.0,230.0,230.0,3204619800.0
2026-05-05 09:00:00+00:00,230.0,234.0,226.0,230.0,1724471500.0
2026-05-06 09:00:00+00:00,234.0,238.0,228.0,230.0,1589946400.0
2026-05-07 09:00:00+00:00,236.0,238.0,230.0,230.0,2112241300.0
2026-05-08 09:00:00+00:00,230.0,232.0,216.0,216.0,2855783300.0
2026-05-11 09:00:00+00:00,216.0,224.0,208.0,212.0,3964376600.0
2026-05-12 09:00:00+00:00,214.0,214.0,208.0,212.0,1533188100.0
2026-05-13 09:00:00+00:00,210.0,220.0,210.0,214.0,2164725500.0
2026-05-14 09:00:00+00:00,214.0,214.0,214.0,214.0,0.0
2026-05-15 09:00:00+00:00,214.0,214.0,214.0,214.0,0.0
2026-05-18 09:00:00+00:00,214.0,214.0,202.0,206.0,2951177000.0
2026-05-19 09:00:00+00:00,208.0,212.0,178.0,186.0,9180486400.0
2026-05-20 09:00:00+00:00,181.0,191.0,167.0,173.0,10612750600.0
2026-05-21 09:00:00+00:00,179.0,179.0,157.0,164.0,7188689100.0
2026-05-22 09:00:00+00:00,164.0,186.0,160.0,185.0,6616733300.0
2026-05-25 09:00:00+00:00,183.0,184.0,171.0,171.0,4461704000.0
2026-05-26 09:00:00+00:00,169.0,177.0,166.0,166.0,2698201800.0
2026-05-27 09:00:00+00:00,166.0,166.0,166.0,166.0,0.0
2026-05-28 09:00:00+00:00,166.0,166.0,166.0,166.0,0.0
2026-05-29 09:00:00+00:00,168.0,173.0,166.0,168.0,2216070000.0
2026-06-02 09:00:00+00:00,171.0,175.0,160.0,161.0,2680035900.0
2026-06-03 09:00:00+00:00,162.0,164.0,141.0,148.0,5931078500.0
2026-06-04 09:00:00+00:00,149.0,153.0,137.0,150.0,4978373200.0
2026-06-05 09:00:00+00:00,152.0,153.0,139.0,139.0,3062335900.0
2026-06-08 09:00:00+00:00,132.0,139.0,126.0,130.0,4621181600.0
2026-06-09 09:00:00+00:00,130.0,148.0,129.0,146.0,5625440400.0
2026-06-10 09:00:00+00:00,146.0,157.0,142.0,144.0,7438604200.0
2026-06-11 09:00:00+00:00,144.0,147.0,136.0,140.0,2994048400.0
2026-06-12 09:00:00+00:00,144.0,162.0,143.0,157.0,6630659700.0
2026-06-15 09:00:00+00:00,165.0,191.0,163.0,173.0,13335601700.0
2026-06-17 09:00:00+00:00,175.0,178.0,165.0,168.0,4078182600.0
2026-06-18 09:00:00+00:00,169.0,173.0,163.0,171.0,2760389100.0
2026-06-19 09:00:00+00:00,172.0,177.0,167.0,168.0,2642490700.0
2026-06-22 09:00:00+00:00,169.0,170.0,160.0,162.0,1971126000.0
2026-06-23 09:00:00+00:00,162.0,169.0,157.0,167.0,2505862500.0
2026-06-24 09:00:00+00:00,167.0,168.0,145.0,146.0,4428718600.0
2026-06-25 09:00:00+00:00,146.0,152.0,143.0,148.0,3203850300.0
2026-06-26 09:00:00+00:00,148.0,149.0,139.0,141.0,2660102100.0
2026-06-29 09:00:00+00:00,142.0,145.0,139.0,141.0,1089586400.0
2026-06-30 09:00:00+00:00,140.0,141.0,130.0,132.0,2684851600.0
2026-07-01 09:00:00+00:00,132.0,138.0,129.0,135.0,2083415800.0
2026-07-02 09:00:00+00:00,135.0,142.0,133.0,135.0,2580095000.0
2026-07-03 09:00:00+00:00,138.0,143.0,137.0,139.0,1674495100.0
2026-07-06 09:00:00+00:00,141.0,145.0,137.0,141.0,1769220200.0
2026-07-07 09:00:00+00:00,142.0,143.0,139.0,140.0,1025116400.0
2026-07-08 09:00:00+00:00,139.0,140.0,136.0,136.0,1074319400.0
2026-07-09 09:00:00+00:00,137.0,146.0,136.0,141.0,2695372700.0
2026-07-10 09:00:00+00:00,142.0,143.0,140.0,142.0,1130365400.0
2026-07-13 09:00:00+00:00,142.0,148.0,139.0,147.0,1941996500.0
2026-07-14 09:00:00+00:00,148.0,155.0,146.0,149.0,3456209000.0
2026-07-15 09:00:00+00:00,150.0,152.0,147.0,148.0,1311955900.0
2026-07-16 09:00:00+00:00,148.0,152.0,147.0,149.0,1557629000.0
2026-07-17 09:00:00+00:00,150.0,152.0,147.0,150.0,1345647200.0
2026-07-20 09:00:00+00:00,151.0,160.0,150.0,159.0,2815574600.0
2026-07-21 09:00:00+00:00,160.0,171.0,157.0,168.0,5815015800.0
2026-07-22 09:00:00+00:00,170.0,170.0,164.0,168.0,3282204300.0
2026-07-23 09:00:00+00:00,169.0,196.0,169.0,183.0,12064567200.0
2026-07-24 09:00:00+00:00,180.0,183.0,168.0,171.0,6196891800.0
2026-07-27 09:00:00+00:00,171.0,176.0,167.0,170.0,3267610800.0
2026-07-28 09:00:00+00:00,171.0,173.0,165.0,165.0,2709827400.0
2026-07-29 09:00:00+00:00,166.0,169.0,157.0,159.0,3762755100.0
2026-07-30 09:00:00+00:00,162.0,164.0,158.0,162.0,2181882800.0
2026-07-31 09:00:00+00:00,165.0,168.0,162.0,165.0,2318947200.0
2026-08-03 09:00:00+00:00,169.0,173.0,166.0,168.0,3191520400.0
2026-08-04 09:00:00+00:00,169.0,170.0,166.0,168.0,1338648800.0
2026-08-05 09:00:00+00:00,170.0,181.0,169.0,179.0,4551442500.0
2026-08-06 09:00:00+00:00,181.0,183.0,176.0,179.0,4303168100.0
2026-08-07 09:00:00+00:00,180.0,189.0,179.0,187.0,4391569200.0
2026-08-10 09:00:00+00:00,189.0,194.0,186.0,187.0,4522740900.0
2026-08-11 09:00:00+00:00,188.0,189.0,176.0,178.0,3659733600.0
2026-08-12 09:00:00+00:00,179.0,185.0,179.0,185.0,2571564600.0
2026-08-13 09:00:00+00:00,186.0,187.0,177.0,178.0,2182698300.0
2026-08-14 09:00:00+00:00,178.0,183.0,174.0,181.0,2030936400.0
2026-08-18 09:00:00+00:00,183.0,187.0,182.0,184.0,2230547000.0
2026-08-19 09:00:00+00:00,184.0,185.0,181.0,182.0,1046473100.0
2026-08-20 09:00:00+00:00,184.0,191.0,183.0,190.0,3546576700.0
2026-08-21 09:00:00+00:00,191.0,202.0,189.0,196.0,6243279400.0
2026-08-24 09:00:00+00:00,199.0,202.0,193.0,194.0,3431299700.0
2026-08-25 09:00:00+00:00,194.0,194.0,194.0,194.0,0.0
2026-08-26 09:00:00+00:00,194.0,195.0,184.0,184.0,2738635400.0
2026-08-27 09:00:00+00:00,181.0,194.0,181.0,194.0,2732850200.0
2026-08-28 09:00:00+00:00,195.0,198.0,189.0,190.0,2901144900.0
2026-08-31 09:00:00+00:00,190.0,194.0,188.0,192.0,1586243800.0
2026-09-01 09:00:00+00:00,193.0,208.0,193.0,206.0,6992846600.0
2026-09-02 09:00:00+00:00,210.0,210.0,204.0,206.0,1931491500.0
2026-09-03 09:00:00+00:00,208.0,216.0,206.0,206.0,4469727300.0
2026-09-04 09:00:00+00:00,210.0,210.0,206.0,210.0,1646574300.0
2026-09-07 09:00:00+00:00,210.0,226.0,210.0,220.0,5737171600.0
2026-09-08 09:00:00+00:00,222.0,232.0,222.0,226.0,4912608300.0
2026-09-09 09:00:00+00:00,226.0,228.0,220.0,222.0,1606273500.0
