ts,open,high,low,close,volume
2018-09-17 09:00:00+00:00,147.0,155.0,147.0,148.0,36945500.0
2018-09-18 09:00:00+00:00,149.0,153.0,138.0,143.0,30421500.0
2018-09-19 09:00:00+00:00,143.0,148.0,142.0,142.0,36172500.0
2018-09-20 09:00:00+00:00,143.0,146.0,138.0,138.0,35375500.0
2018-09-21 09:00:00+00:00,138.0,141.0,135.0,136.0,35394000.0
2018-09-24 09:00:00+00:00,136.0,142.0,136.0,138.0,40590500.0
2018-09-25 09:00:00+00:00,138.0,139.0,134.0,136.0,20313500.0
2018-09-26 09:00:00+00:00,137.0,138.0,133.0,136.0,27802000.0
2018-09-27 09:00:00+00:00,136.0,138.0,133.0,137.0,25716000.0
2018-09-28 09:00:00+00:00,137.0,137.0,135.0,136.0,26483500.0
2018-10-01 09:00:00+00:00,137.0,140.0,134.0,136.0,23760000.0
2018-10-02 09:00:00+00:00,137.0,161.0,136.0,143.0,32985000.0
2018-10-03 09:00:00+00:00,144.0,148.0,140.0,143.0,12903100.0
2018-10-04 09:00:00+00:00,144.0,146.0,134.0,137.0,4853600.0
2018-10-05 09:00:00+00:00,137.0,140.0,126.0,133.0,8944600.0
2018-10-08 09:00:00+00:00,134.0,136.0,129.0,129.0,4464900.0
2018-10-09 09:00:00+00:00,129.0,135.0,124.0,128.0,7103100.0
2018-10-10 09:00:00+00:00,129.0,133.0,128.0,129.0,3731700.0
2018-10-11 09:00:00+00:00,129.0,144.0,124.0,131.0,25961600.0
2018-10-12 09:00:00+00:00,131.0,141.0,130.0,131.0,12220300.0
2018-10-15 09:00:00+00:00,132.0,140.0,130.0,133.0,15079300.0
2018-10-16 09:00:00+00:00,134.0,139.0,131.0,135.0,12603200.0
2018-10-17 09:00:00+00:00,135.0,138.0,131.0,135.0,14192300.0
2018-10-18 09:00:00+00:00,135.0,138.0,133.0,136.0,14591100.0
2018-10-19 09:00:00+00:00,136.0,139.0,134.0,135.0,28655500.0
2018-10-22 09:00:00+00:00,136.0,141.0,135.0,138.0,20316200.0
2018-10-23 09:00:00+00:00,138.0,142.0,136.0,139.0,19489300.0
2018-10-24 09:00:00+00:00,139.0,143.0,137.0,139.0,19079500.0
2018-10-25 09:00:00+00:00,139.0,142.0,138.0,140.0,17036300.0
2018-10-26 09:00:00+00:00,140.0,142.0,138.0,139.0,17137600.0
2018-10-29 09:00:00+00:00,139.0,142.0,138.0,140.0,14710000.0
2018-10-30 09:00:00+00:00,140.0,141.0,136.0,139.0,15836700.0
2018-10-31 09:00:00+00:00,140.0,140.0,136.0,137.0,17364100.0
2018-11-01 09:00:00+00:00,137.0,138.0,136.0,137.0,16083500.0
2018-11-02 09:00:00+00:00,138.0,139.0,135.0,138.0,15271800.0
2018-11-05 09:00:00+00:00,138.0,139.0,136.0,138.0,16935900.0
2018-11-06 09:00:00+00:00,138.0,140.0,136.0,138.0,17409300.0
2018-11-07 09:00:00+00:00,138.0,138.0,136.0,136.0,20688800.0
2018-11-08 09:00:00+00:00,136.0,141.0,136.0,137.0,22358200.0
2018-11-09 09:00:00+00:00,138.0,138.0,135.0,138.0,20416600.0
2018-11-12 09:00:00+00:00,138.0,139.0,136.0,138.0,20946000.0
2018-11-13 09:00:00+00:00,138.0,138.0,135.0,135.0,15381300.0
2018-11-14 09:00:00+00:00,137.0,139.0,135.0,136.0,16018600.0
2018-11-15 09:00:00+00:00,137.0,138.0,132.0,135.0,10993200.0
2018-11-16 09:00:00+00:00,136.0,138.0,135.0,138.0,11641200.0
2018-11-19 09:00:00+00:00,138.0,138.0,135.0,138.0,131600.0
2018-11-20 09:00:00+00:00,138.0,138.0,138.0,138.0,0.0
2018-11-21 09:00:00+00:00,138.0,138.0,135.0,138.0,5170000.0
2018-11-22 09:00:00+00:00,138.0,138.0,134.0,134.0,758400.0
2018-11-23 09:00:00+00:00,136.0,137.0,132.0,136.0,8180800.0
2018-11-26 09:00:00+00:00,136.0,137.0,132.0,135.0,8238500.0
2018-11-27 09:00:00+00:00,136.0,137.0,134.0,135.0,5131700.0
2018-11-28 09:00:00+00:00,136.0,137.0,133.0,134.0,5329800.0
2018-11-29 09:00:00+00:00,136.0,137.0,133.0,135.0,7214800.0
2018-11-30 09:00:00+00:00,136.0,137.0,133.0,136.0,3163100.0
2018-12-03 09:00:00+00:00,136.0,137.0,134.0,135.0,1177600.0
2018-12-04 09:00:00+00:00,136.0,136.0,134.0,135.0,101200.0
2018-12-05 09:00:00+00:00,135.0,135.0,133.0,134.0,205800.0
2018-12-06 09:00:00+00:00,135.0,136.0,133.0,136.0,144000.0
2018-12-07 09:00:00+00:00,134.0,135.0,134.0,135.0,64500.0
2018-12-10 09:00:00+00:00,134.0,134.0,133.0,134.0,17000.0
2018-12-11 09:00:00+00:00,134.0,135.0,134.0,135.0,3000.0
2018-12-12 09:00:00+00:00,135.0,135.0,128.0,134.0,240800.0
2018-12-13 09:00:00+00:00,129.0,133.0,129.0,132.0,81500.0
2018-12-14 09:00:00+00:00,135.0,136.0,131.0,136.0,372500.0
2018-12-17 09:00:00+00:00,136.0,136.0,131.0,135.0,185100.0
2018-12-18 09:00:00+00:00,133.0,135.0,130.0,135.0,93000.0
2018-12-19 09:00:00+00:00,132.0,135.0,132.0,135.0,26500.0
2018-12-20 09:00:00+00:00,131.0,135.0,131.0,135.0,228700.0
2018-12-21 09:00:00+00:00,133.0,135.0,133.0,135.0,52000.0
2018-12-24 09:00:00+00:00,135.0,135.0,135.0,135.0,0.0
2018-12-25 09:00:00+00:00,135.0,135.0,135.0,135.0,0.0
2018-12-26 09:00:00+00:00,135.0,138.0,132.0,138.0,303500.0
2018-12-27 09:00:00+00:00,138.0,139.0,132.0,139.0,401200.0
2018-12-28 09:00:00+00:00,139.0,139.0,138.0,139.0,42800.0
2018-12-31 09:00:00+00:00,139.0,139.0,139.0,139.0,0.0
2019-01-01 09:00:00+00:00,139.0,139.0,139.0,139.0,0.0
2019-01-02 09:00:00+00:00,134.0,139.0,134.0,139.0,49500.0
2019-01-03 09:00:00+00:00,138.0,139.0,137.0,137.0,80100.0
2019-01-04 09:00:00+00:00,139.0,139.0,132.0,136.0,34300.0
2019-01-07 09:00:00+00:00,136.0,136.0,133.0,134.0,158800.0
2019-01-08 09:00:00+00:00,138.0,139.0,131.0,138.0,183600.0
2019-01-09 09:00:00+00:00,137.0,137.0,132.0,132.0,168000.0
2019-01-10 09:00:00+00:00,132.0,134.0,132.0,134.0,184100.0
2019-01-11 09:00:00+00:00,133.0,134.0,131.0,134.0,132400.0
2019-01-14 09:00:00+00:00,134.0,135.0,128.0,129.0,167200.0
2019-01-15 09:00:00+00:00,134.0,134.0,128.0,132.0,122900.0
2019-01-16 09:00:00+00:00,132.0,132.0,131.0,132.0,55600.0
2019-01-17 09:00:00+00:00,132.0,132.0,130.0,132.0,147600.0
2019-01-18 09:00:00+00:00,132.0,138.0,130.0,138.0,533200.0
2019-01-21 09:00:00+00:00,138.0,138.0,129.0,130.0,214400.0
2019-01-22 09:00:00+00:00,133.0,136.0,132.0,136.0,84800.0
2019-01-23 09:00:00+00:00,136.0,136.0,130.0,135.0,107900.0
2019-01-24 09:00:00+00:00,130.0,133.0,128.0,128.0,1555300.0
2019-01-25 09:00:00+00:00,132.0,134.0,128.0,134.0,222500.0
2019-01-28 09:00:00+00:00,130.0,134.0,130.0,134.0,52300.0
2019-01-29 09:00:00+00:00,131.0,134.0,130.0,130.0,126000.0
2019-01-30 09:00:00+00:00,130.0,135.0,130.0,135.0,54800.0
2019-01-31 09:00:00+00:00,135.0,135.0,133.0,135.0,195000.0
2019-02-01 09:00:00+00:00,135.0,135.0,130.0,135.0,75000.0
2019-02-04 09:00:00+00:00,130.0,135.0,130.0,135.0,169300.0
2019-02-05 09:00:00+00:00,135.0,135.0,135.0,135.0,0.0
2019-02-06 09:00:00+00:00,135.0,135.0,130.0,130.0,288800.0
2019-02-07 09:00:00+00:00,130.0,135.0,128.0,135.0,157800.0
2019-02-08 09:00:00+00:00,134.0,135.0,130.0,135.0,177100.0
2019-02-11 09:00:00+00:00,130.0,135.0,130.0,131.0,497100.0
2019-02-12 09:00:00+00:00,133.0,133.0,132.0,132.0,42100.0
2019-02-13 09:00:00+00:00,132.0,133.0,130.0,133.0,93700.0
2019-02-14 09:00:00+00:00,133.0,133.0,129.0,132.0,3889500.0
2019-02-15 09:00:00+00:00,129.0,135.0,129.0,134.0,385700.0
2019-02-18 09:00:00+00:00,134.0,134.0,130.0,133.0,409700.0
2019-02-19 09:00:00+00:00,131.0,133.0,130.0,132.0,521400.0
2019-02-20 09:00:00+00:00,129.0,132.0,129.0,131.0,328100.0
2019-02-21 09:00:00+00:00,129.0,133.0,128.0,131.0,97200.0
2019-02-22 09:00:00+00:00,130.0,130.0,129.0,130.0,130000.0
2019-02-25 09:00:00+00:00,130.0,132.0,129.0,131.0,221300.0
2019-02-26 09:00:00+00:00,130.0,131.0,128.0,131.0,104500.0
2019-02-27 09:00:00+00:00,130.0,130.0,129.0,130.0,50700.0
2019-02-28 09:00:00+00:00,128.0,130.0,128.0,130.0,62900.0
2019-03-01 09:00:00+00:00,130.0,130.0,130.0,130.0,26200.0
2019-03-04 09:00:00+00:00,128.0,130.0,128.0,130.0,188300.0
2019-03-05 09:00:00+00:00,128.0,130.0,128.0,130.0,18400.0
2019-03-06 09:00:00+00:00,130.0,130.0,127.0,130.0,105900.0
2019-03-07 09:00:00+00:00,130.0,130.0,130.0,130.0,0.0
2019-03-08 09:00:00+00:00,130.0,130.0,128.0,129.0,77200.0
2019-03-11 09:00:00+00:00,127.0,129.0,123.0,128.0,58200.0
2019-03-12 09:00:00+00:00,124.0,130.0,124.0,130.0,200.0
2019-03-13 09:00:00+00:00,128.0,128.0,127.0,128.0,86300.0
2019-03-14 09:00:00+00:00,128.0,129.0,128.0,129.0,106900.0
2019-03-15 09:00:00+00:00,134.0,134.0,128.0,132.0,411100.0
2019-03-18 09:00:00+00:00,132.0,132.0,130.0,132.0,143200.0
2019-03-19 09:00:00+00:00,131.0,132.0,131.0,132.0,100200.0
2019-03-20 09:00:00+00:00,132.0,132.0,132.0,132.0,0.0
2019-03-21 09:00:00+00:00,132.0,132.0,132.0,132.0,0.0
2019-03-22 09:00:00+00:00,129.0,130.0,127.0,130.0,300.0
2019-03-25 09:00:00+00:00,130.0,130.0,121.0,125.0,60600.0
2019-03-26 09:00:00+00:00,130.0,130.0,123.0,130.0,3600.0
2019-03-27 09:00:00+00:00,130.0,130.0,130.0,130.0,0.0
2019-03-28 09:00:00+00:00,130.0,131.0,130.0,131.0,607900.0
2019-03-29 09:00:00+00:00,132.0,132.0,127.0,130.0,21100.0
2019-04-01 09:00:00+00:00,130.0,130.0,130.0,130.0,0.0
2019-04-02 09:00:00+00:00,130.0,130.0,130.0,130.0,0.0
2019-04-03 09:00:00+00:00,130.0,130.0,130.0,130.0,0.0
2019-04-04 09:00:00+00:00,130.0,133.0,130.0,132.0,3800.0
2019-04-05 09:00:00+00:00,131.0,131.0,131.0,131.0,15000.0
2019-04-08 09:00:00+00:00,133.0,133.0,125.0,131.0,53000.0
2019-04-09 09:00:00+00:00,130.0,130.0,125.0,130.0,7200.0
2019-04-10 09:00:00+00:00,131.0,131.0,131.0,131.0,100.0
2019-04-11 09:00:00+00:00,131.0,131.0,131.0,131.0,0.0
2019-04-12 09:00:00+00:00,130.0,130.0,130.0,130.0,900.0
2019-04-15 09:00:00+00:00,125.0,130.0,125.0,130.0,110100.0
2019-04-16 09:00:00+00:00,130.0,130.0,129.0,130.0,271700.0
2019-04-17 09:00:00+00:00,130.0,130.0,130.0,130.0,0.0
2019-04-18 09:00:00+00:00,131.0,131.0,125.0,130.0,203300.0
2019-04-19 09:00:00+00:00,130.0,130.0,130.0,130.0,0.0
2019-04-22 09:00:00+00:00,130.0,131.0,130.0,131.0,150100.0
2019-04-23 09:00:00+00:00,131.0,132.0,130.0,132.0,159000.0
2019-04-24 09:00:00+00:00,130.0,133.0,130.0,132.0,500700.0
2019-04-25 09:00:00+00:00,131.0,133.0,131.0,132.0,218500.0
2019-04-26 09:00:00+00:00,132.0,133.0,132.0,132.0,208200.0
2019-04-29 09:00:00+00:00,132.0,133.0,132.0,133.0,376700.0
2019-04-30 09:00:00+00:00,130.0,133.0,128.0,132.0,830700.0
2019-05-01 09:00:00+00:00,132.0,132.0,132.0,132.0,0.0
2019-05-02 09:00:00+00:00,132.0,134.0,130.0,133.0,524500.0
2019-05-03 09:00:00+00:00,129.0,133.0,129.0,133.0,171600.0
2019-05-06 09:00:00+00:00,133.0,133.0,132.0,132.0,152700.0
2019-05-07 09:00:00+00:00,132.0,132.0,128.0,132.0,185500.0
2019-05-08 09:00:00+00:00,131.0,132.0,128.0,132.0,212400.0
2019-05-09 09:00:00+00:00,132.0,134.0,132.0,134.0,836700.0
2019-05-10 09:00:00+00:00,133.0,134.0,132.0,134.0,479300.0
2019-05-13 09:00:00+00:00,130.0,134.0,130.0,134.0,993800.0
2019-05-14 09:00:00+00:00,135.0,135.0,132.0,134.0,311400.0
2019-05-15 09:00:00+00:00,134.0,135.0,133.0,134.0,412900.0
2019-05-16 09:00:00+00:00,134.0,134.0,132.0,132.0,1365100.0
2019-05-17 09:00:00+00:00,132.0,133.0,132.0,132.0,105000.0
2019-05-20 09:00:00+00:00,132.0,133.0,132.0,132.0,170500.0
2019-05-21 09:00:00+00:00,134.0,134.0,132.0,132.0,61000.0
2019-05-22 09:00:00+00:00,132.0,132.0,131.0,132.0,80300.0
2019-05-23 09:00:00+00:00,132.0,132.0,131.0,132.0,176100.0
2019-05-24 09:00:00+00:00,132.0,133.0,130.0,133.0,99600.0
2019-05-27 09:00:00+00:00,134.0,134.0,133.0,133.0,65100.0
2019-05-28 09:00:00+00:00,133.0,133.0,132.0,133.0,72700.0
2019-05-29 09:00:00+00:00,133.0,133.0,133.0,133.0,60100.0
2019-05-30 09:00:00+00:00,133.0,133.0,133.0,133.0,0.0
2019-05-31 09:00:00+00:00,133.0,133.0,131.0,133.0,144900.0
2019-06-03 09:00:00+00:00,133.0,133.0,133.0,133.0,0.0
2019-06-04 09:00:00+00:00,133.0,133.0,133.0,133.0,0.0
2019-06-05 09:00:00+00:00,133.0,133.0,133.0,133.0,0.0
2019-06-06 09:00:00+00:00,133.0,133.0,133.0,133.0,0.0
2019-06-07 09:00:00+00:00,133.0,133.0,133.0,133.0,0.0
2019-06-10 09:00:00+00:00,134.0,135.0,128.0,129.0,1400300.0
2019-06-11 09:00:00+00:00,130.0,133.0,129.0,133.0,1153200.0
2019-06-12 09:00:00+00:00,133.0,134.0,133.0,134.0,397100.0
2019-06-13 09:00:00+00:00,134.0,134.0,133.0,134.0,419700.0
2019-06-14 09:00:00+00:00,134.0,134.0,133.0,133.0,374000.0
2019-06-17 09:00:00+00:00,133.0,133.0,132.0,132.0,1083700.0
2019-06-18 09:00:00+00:00,132.0,134.0,131.0,134.0,283700.0
2019-06-20 09:00:00+00:00,133.0,133.0,132.0,133.0,15100.0
2019-06-21 09:00:00+00:00,134.0,134.0,133.0,134.0,17400.0
2019-06-24 09:00:00+00:00,134.0,134.0,133.0,133.0,152300.0
2019-06-25 09:00:00+00:00,133.0,133.0,131.0,133.0,216100.0
2019-06-26 09:00:00+00:00,133.0,134.0,131.0,133.0,311800.0
2019-06-27 09:00:00+00:00,134.0,134.0,132.0,134.0,35800.0
2019-06-28 09:00:00+00:00,134.0,134.0,132.0,134.0,258700.0
2019-07-01 09:00:00+00:00,134.0,134.0,131.0,134.0,222200.0
2019-07-02 09:00:00+00:00,134.0,134.0,133.0,133.0,102800.0
2019-07-03 09:00:00+00:00,134.0,134.0,132.0,133.0,175400.0
2019-07-04 09:00:00+00:00,133.0,135.0,133.0,134.0,522200.0
2019-07-05 09:00:00+00:00,135.0,135.0,133.0,133.0,254700.0
2019-07-08 09:00:00+00:00,133.0,134.0,132.0,134.0,132000.0
2019-07-09 09:00:00+00:00,134.0,134.0,133.0,133.0,222900.0
2019-07-10 09:00:00+00:00,134.0,134.0,132.0,134.0,56400.0
2019-07-11 09:00:00+00:00,134.0,135.0,133.0,134.0,891500.0
2019-07-12 09:00:00+00:00,134.0,134.0,133.0,134.0,322800.0
2019-07-15 09:00:00+00:00,134.0,134.0,133.0,134.0,109100.0
2019-07-16 09:00:00+00:00,134.0,134.0,133.0,133.0,15300.0
2019-07-17 09:00:00+00:00,134.0,134.0,122.0,122.0,673300.0
2019-07-18 09:00:00+00:00,133.0,135.0,130.0,131.0,2575200.0
2019-07-19 09:00:00+00:00,134.0,134.0,131.0,132.0,86400.0
2019-07-22 09:00:00+00:00,131.0,135.0,131.0,135.0,56600.0
2019-07-23 09:00:00+00:00,135.0,135.0,133.0,135.0,275900.0
2019-07-24 09:00:00+00:00,135.0,135.0,132.0,135.0,208300.0
2019-07-25 09:00:00+00:00,135.0,135.0,132.0,135.0,203500.0
2019-07-26 09:00:00+00:00,135.0,135.0,133.0,135.0,134300.0
2019-07-29 09:00:00+00:00,135.0,135.0,134.0,135.0,51600.0
2019-07-30 09:00:00+00:00,135.0,135.0,132.0,134.0,195300.0
2019-07-31 09:00:00+00:00,135.0,135.0,134.0,134.0,19300.0
2019-08-01 09:00:00+00:00,135.0,135.0,133.0,133.0,239900.0
2019-08-02 09:00:00+00:00,135.0,135.0,132.0,133.0,89900.0
2019-08-05 09:00:00+00:00,135.0,135.0,131.0,132.0,68900.0
2019-08-06 09:00:00+00:00,135.0,135.0,131.0,132.0,83100.0
2019-08-07 09:00:00+00:00,135.0,135.0,131.0,132.0,30100.0
2019-08-08 09:00:00+00:00,133.0,134.0,132.0,134.0,5700.0
2019-08-09 09:00:00+00:00,134.0,134.0,132.0,132.0,244700.0
2019-08-12 09:00:00+00:00,134.0,134.0,133.0,134.0,29200.0
2019-08-13 09:00:00+00:00,135.0,135.0,133.0,135.0,2218500.0
2019-08-14 09:00:00+00:00,136.0,167.0,133.0,161.0,97497000.0
2019-08-15 09:00:00+00:00,165.0,167.0,150.0,157.0,98717200.0
2019-08-16 09:00:00+00:00,157.0,161.0,134.0,144.0,51088900.0
2019-08-19 09:00:00+00:00,146.0,149.0,138.0,139.0,10347100.0
2019-08-20 09:00:00+00:00,139.0,139.0,133.0,134.0,4848600.0
2019-08-21 09:00:00+00:00,134.0,150.0,130.0,143.0,46368000.0
2019-08-22 09:00:00+00:00,146.0,149.0,135.0,137.0,16021800.0
2019-08-23 09:00:00+00:00,137.0,140.0,133.0,136.0,4853400.0
2019-08-26 09:00:00+00:00,135.0,136.0,130.0,133.0,1529600.0
2019-08-27 09:00:00+00:00,133.0,134.0,131.0,131.0,1172400.0
2019-08-28 09:00:00+00:00,134.0,144.0,133.0,138.0,23254600.0
2019-08-29 09:00:00+00:00,138.0,143.0,133.0,137.0,29965400.0
2019-08-30 09:00:00+00:00,137.0,150.0,137.0,147.0,52135400.0
2019-09-02 09:00:00+00:00,150.0,150.0,138.0,141.0,15927700.0
2019-09-03 09:00:00+00:00,143.0,150.0,139.0,144.0,21728600.0
2019-09-04 09:00:00+00:00,145.0,150.0,143.0,146.0,14683400.0
2019-09-05 09:00:00+00:00,150.0,192.0,146.0,171.0,224330900.0
2019-09-06 09:00:00+00:00,171.0,185.0,160.0,167.0,66610600.0
2019-09-09 09:00:00+00:00,160.0,170.0,160.0,166.0,35015500.0
2019-09-10 09:00:00+00:00,166.0,175.0,163.0,166.0,43532500.0
2019-09-11 09:00:00+00:00,166.0,169.0,164.0,166.0,23399900.0
2019-09-12 09:00:00+00:00,166.0,170.0,161.0,162.0,29944400.0
2019-09-13 09:00:00+00:00,164.0,171.0,157.0,163.0,53131400.0
2019-09-16 09:00:00+00:00,164.0,166.0,152.0,152.0,16375200.0
2019-09-17 09:00:00+00:00,152.0,155.0,146.0,148.0,22150700.0
2019-09-18 09:00:00+00:00,149.0,155.0,147.0,148.0,28467600.0
2019-09-19 09:00:00+00:00,149.0,152.0,146.0,146.0,15419900.0
2019-09-20 09:00:00+00:00,146.0,148.0,138.0,140.0,11084900.0
2019-09-23 09:00:00+00:00,140.0,143.0,138.0,140.0,4561500.0
2019-09-24 09:00:00+00:00,145.0,145.0,137.0,137.0,10134800.0
2019-09-25 09:00:00+00:00,138.0,142.0,135.0,138.0,6919000.0
2019-09-26 09:00:00+00:00,139.0,140.0,134.0,135.0,5545700.0
2019-09-27 09:00:00+00:00,135.0,139.0,134.0,134.0,3174700.0
2019-09-30 09:00:00+00:00,135.0,141.0,134.0,141.0,11493500.0
2019-10-01 09:00:00+00:00,143.0,148.0,137.0,137.0,24170000.0
2019-10-02 09:00:00+00:00,138.0,139.0,133.0,134.0,17456700.0
2019-10-03 09:00:00+00:00,124.0,136.0,124.0,130.0,5584300.0
2019-10-04 09:00:00+00:00,130.0,135.0,129.0,132.0,11437600.0
2019-10-07 09:00:00+00:00,122.0,136.0,122.0,131.0,24329300.0
2019-10-08 09:00:00+00:00,130.0,133.0,128.0,129.0,2821100.0
2019-10-09 09:00:00+00:00,126.0,132.0,126.0,128.0,4393300.0
2019-10-10 09:00:00+00:00,129.0,130.0,126.0,127.0,3133800.0
2019-10-11 09:00:00+00:00,117.0,134.0,117.0,130.0,10076300.0
2019-10-14 09:00:00+00:00,125.0,138.0,125.0,133.0,41625800.0
2019-10-15 09:00:00+00:00,133.0,139.0,133.0,138.0,121968200.0
2019-10-16 09:00:00+00:00,138.0,142.0,138.0,139.0,70231500.0
2019-10-17 09:00:00+00:00,140.0,143.0,137.0,140.0,52399300.0
2019-10-18 09:00:00+00:00,140.0,142.0,137.0,137.0,25915800.0
2019-10-21 09:00:00+00:00,137.0,141.0,137.0,137.0,35775500.0
2019-10-22 09:00:00+00:00,138.0,143.0,136.0,137.0,26205700.0
2019-10-23 09:00:00+00:00,137.0,141.0,135.0,137.0,24304400.0
2019-10-24 09:00:00+00:00,138.0,140.0,136.0,138.0,23061300.0
2019-10-25 09:00:00+00:00,138.0,148.0,138.0,142.0,44981900.0
2019-10-28 09:00:00+00:00,143.0,149.0,142.0,144.0,38099500.0
2019-10-29 09:00:00+00:00,144.0,146.0,141.0,141.0,20433100.0
2019-10-30 09:00:00+00:00,143.0,143.0,137.0,138.0,46781300.0
2019-10-31 09:00:00+00:00,138.0,140.0,135.0,136.0,34692500.0
2019-11-01 09:00:00+00:00,140.0,140.0,136.0,137.0,29735600.0
2019-11-04 09:00:00+00:00,137.0,142.0,137.0,138.0,77750700.0
2019-11-05 09:00:00+00:00,138.0,142.0,136.0,138.0,25468500.0
2019-11-06 09:00:00+00:00,138.0,140.0,133.0,137.0,36655600.0
2019-11-07 09:00:00+00:00,138.0,139.0,133.0,136.0,10717000.0
2019-11-08 09:00:00+00:00,137.0,138.0,134.0,136.0,6571000.0
2019-11-11 09:00:00+00:00,137.0,137.0,131.0,131.0,18559300.0
2019-11-12 09:00:00+00:00,131.0,132.0,128.0,129.0,3318500.0
2019-11-13 09:00:00+00:00,130.0,131.0,123.0,129.0,6430100.0
2019-11-14 09:00:00+00:00,130.0,131.0,124.0,128.0,3469700.0
2019-11-15 09:00:00+00:00,128.0,129.0,123.0,126.0,3516400.0
2019-11-18 09:00:00+00:00,116.0,126.0,116.0,125.0,3658900.0
2019-11-19 09:00:00+00:00,121.0,129.0,121.0,124.0,11633100.0
2019-11-20 09:00:00+00:00,124.0,125.0,122.0,124.0,1874800.0
2019-11-21 09:00:00+00:00,124.0,125.0,121.0,125.0,1735400.0
2019-11-22 09:00:00+00:00,125.0,125.0,121.0,123.0,3260100.0
2019-11-25 09:00:00+00:00,124.0,130.0,121.0,127.0,21078500.0
2019-11-26 09:00:00+00:00,127.0,129.0,123.0,128.0,10723000.0
2019-11-27 09:00:00+00:00,128.0,128.0,124.0,125.0,2285300.0
2019-11-28 09:00:00+00:00,125.0,125.0,120.0,122.0,2035400.0
2019-11-29 09:00:00+00:00,123.0,123.0,116.0,118.0,2857000.0
2019-12-02 09:00:00+00:00,120.0,129.0,118.0,129.0,6451300.0
2019-12-03 09:00:00+00:00,129.0,130.0,123.0,130.0,5250500.0
2019-12-04 09:00:00+00:00,128.0,130.0,127.0,130.0,2319000.0
2019-12-05 09:00:00+00:00,128.0,133.0,128.0,133.0,2193100.0
2019-12-06 09:00:00+00:00,133.0,133.0,130.0,132.0,1288700.0
2019-12-09 09:00:00+00:00,132.0,134.0,130.0,134.0,1843200.0
2019-12-10 09:00:00+00:00,135.0,136.0,131.0,136.0,1114000.0
2019-12-11 09:00:00+00:00,136.0,136.0,129.0,133.0,3166400.0
2019-12-12 09:00:00+00:00,134.0,135.0,131.0,133.0,4584500.0
2019-12-13 09:00:00+00:00,134.0,134.0,130.0,133.0,1183900.0
2019-12-16 09:00:00+00:00,134.0,134.0,131.0,133.0,808400.0
2019-12-17 09:00:00+00:00,133.0,133.0,131.0,131.0,1140500.0
2019-12-18 09:00:00+00:00,133.0,135.0,131.0,131.0,4172100.0
2019-12-19 09:00:00+00:00,132.0,134.0,130.0,131.0,614700.0
2019-12-20 09:00:00+00:00,131.0,136.0,124.0,136.0,41650500.0
2019-12-23 09:00:00+00:00,136.0,138.0,130.0,130.0,28783100.0
2019-12-26 09:00:00+00:00,132.0,135.0,129.0,133.0,1668200.0
2019-12-27 09:00:00+00:00,133.0,134.0,129.0,134.0,1754700.0
2019-12-30 09:00:00+00:00,134.0,136.0,132.0,136.0,3640100.0
2020-01-02 09:00:00+00:00,138.0,138.0,132.0,135.0,910300.0
2020-01-03 09:00:00+00:00,135.0,135.0,132.0,132.0,417300.0
2020-01-06 09:00:00+00:00,133.0,136.0,130.0,132.0,9356100.0
2020-01-07 09:00:00+00:00,133.0,134.0,131.0,134.0,12257300.0
2020-01-08 09:00:00+00:00,134.0,134.0,131.0,132.0,9027600.0
2020-01-09 09:00:00+00:00,134.0,134.0,130.0,132.0,465300.0
2020-01-10 09:00:00+00:00,133.0,133.0,130.0,131.0,51999000.0
2020-01-13 09:00:00+00:00,132.0,132.0,130.0,130.0,32751500.0
2020-01-14 09:00:00+00:00,130.0,130.0,127.0,129.0,59504100.0
2020-01-15 09:00:00+00:00,130.0,130.0,127.0,128.0,352000.0
2020-01-16 09:00:00+00:00,128.0,130.0,125.0,130.0,473400.0
2020-01-17 09:00:00+00:00,130.0,132.0,126.0,132.0,1385200.0
2020-01-20 09:00:00+00:00,132.0,132.0,127.0,131.0,2656000.0
2020-01-21 09:00:00+00:00,132.0,132.0,128.0,129.0,1542600.0
2020-01-22 09:00:00+00:00,130.0,130.0,126.0,127.0,338100.0
2020-01-23 09:00:00+00:00,128.0,132.0,125.0,129.0,16729200.0
2020-01-24 09:00:00+00:00,129.0,129.0,126.0,126.0,651700.0
2020-01-27 09:00:00+00:00,127.0,128.0,122.0,125.0,1378100.0
2020-01-28 09:00:00+00:00,126.0,126.0,122.0,124.0,318700.0
2020-01-29 09:00:00+00:00,124.0,126.0,123.0,123.0,41885200.0
2020-01-30 09:00:00+00:00,126.0,131.0,122.0,127.0,19520500.0
2020-01-31 09:00:00+00:00,127.0,145.0,122.0,145.0,25516900.0
2020-02-03 09:00:00+00:00,140.0,140.0,126.0,126.0,7491000.0
2020-02-04 09:00:00+00:00,126.0,130.0,125.0,125.0,10092200.0
2020-02-05 09:00:00+00:00,126.0,130.0,125.0,126.0,12338900.0
2020-02-06 09:00:00+00:00,126.0,130.0,125.0,130.0,12656600.0
2020-02-07 09:00:00+00:00,130.0,130.0,127.0,127.0,590800.0
2020-02-10 09:00:00+00:00,130.0,130.0,125.0,128.0,8750000.0
2020-02-11 09:00:00+00:00,128.0,129.0,125.0,125.0,511200.0
2020-02-12 09:00:00+00:00,126.0,128.0,124.0,124.0,11299700.0
2020-02-13 09:00:00+00:00,126.0,126.0,123.0,126.0,572800.0
2020-02-14 09:00:00+00:00,127.0,127.0,124.0,126.0,303600.0
2020-02-17 09:00:00+00:00,127.0,129.0,125.0,127.0,14338900.0
2020-02-18 09:00:00+00:00,128.0,128.0,123.0,123.0,3200800.0
2020-02-19 09:00:00+00:00,124.0,125.0,124.0,124.0,532500.0
2020-02-20 09:00:00+00:00,125.0,127.0,122.0,125.0,8861500.0
2020-02-21 09:00:00+00:00,125.0,126.0,124.0,124.0,327700.0
2020-02-24 09:00:00+00:00,125.0,125.0,123.0,124.0,103300.0
2020-02-25 09:00:00+00:00,124.0,124.0,122.0,123.0,477100.0
2020-02-26 09:00:00+00:00,124.0,124.0,121.0,122.0,1457700.0
2020-02-27 09:00:00+00:00,122.0,122.0,115.0,121.0,1338800.0
2020-02-28 09:00:00+00:00,121.0,122.0,94.0,122.0,3256300.0
2020-03-02 09:00:00+00:00,122.0,124.0,117.0,124.0,1180600.0
2020-03-03 09:00:00+00:00,124.0,128.0,120.0,127.0,2199600.0
2020-03-04 09:00:00+00:00,127.0,130.0,125.0,130.0,10540800.0
2020-03-05 09:00:00+00:00,130.0,130.0,126.0,129.0,532300.0
2020-03-06 09:00:00+00:00,129.0,130.0,126.0,128.0,395200.0
2020-03-09 09:00:00+00:00,129.0,130.0,121.0,127.0,678900.0
2020-03-10 09:00:00+00:00,127.0,127.0,123.0,127.0,1060900.0
2020-03-11 09:00:00+00:00,127.0,127.0,122.0,125.0,1605300.0
2020-03-12 09:00:00+00:00,125.0,125.0,117.0,117.0,597100.0
2020-03-13 09:00:00+00:00,117.0,117.0,117.0,117.0,0.0
2020-03-16 09:00:00+00:00,117.0,117.0,117.0,117.0,0.0
2020-03-17 09:00:00+00:00,122.0,127.0,119.0,127.0,6426400.0
2020-03-18 09:00:00+00:00,119.0,127.0,119.0,126.0,1802500.0
2020-03-19 09:00:00+00:00,126.0,126.0,120.0,124.0,10594300.0
2020-03-20 09:00:00+00:00,125.0,126.0,119.0,121.0,3423000.0
2020-03-23 09:00:00+00:00,124.0,124.0,120.0,121.0,1663300.0
2020-03-24 09:00:00+00:00,121.0,123.0,119.0,121.0,1207700.0
2020-03-26 09:00:00+00:00,122.0,125.0,120.0,120.0,3684500.0
2020-03-27 09:00:00+00:00,122.0,122.0,118.0,120.0,3990500.0
2020-03-30 09:00:00+00:00,120.0,122.0,115.0,117.0,6188400.0
2020-03-31 09:00:00+00:00,119.0,121.0,117.0,119.0,4646000.0
2020-04-01 09:00:00+00:00,120.0,120.0,116.0,119.0,4764000.0
2020-04-02 09:00:00+00:00,119.0,120.0,115.0,119.0,12555000.0
2020-04-03 09:00:00+00:00,119.0,120.0,115.0,117.0,12386800.0
2020-04-06 09:00:00+00:00,117.0,117.0,114.0,117.0,5562300.0
2020-04-07 09:00:00+00:00,117.0,119.0,114.0,116.0,3658500.0
2020-04-08 09:00:00+00:00,116.0,116.0,114.0,115.0,1618500.0
2020-04-09 09:00:00+00:00,115.0,119.0,114.0,117.0,8238700.0
2020-04-13 09:00:00+00:00,118.0,118.0,115.0,116.0,1986900.0
2020-04-14 09:00:00+00:00,117.0,117.0,115.0,116.0,2939400.0
2020-04-15 09:00:00+00:00,117.0,117.0,115.0,116.0,3213100.0
2020-04-16 09:00:00+00:00,117.0,117.0,114.0,115.0,1776700.0
2020-04-17 09:00:00+00:00,115.0,117.0,114.0,116.0,2642400.0
2020-04-20 09:00:00+00:00,117.0,117.0,114.0,116.0,1345300.0
2020-04-21 09:00:00+00:00,116.0,116.0,114.0,115.0,378400.0
2020-04-22 09:00:00+00:00,115.0,115.0,114.0,115.0,628600.0
2020-04-23 09:00:00+00:00,117.0,117.0,114.0,115.0,1160800.0
2020-04-24 09:00:00+00:00,115.0,115.0,113.0,115.0,1836500.0
2020-04-27 09:00:00+00:00,115.0,117.0,114.0,114.0,2077000.0
2020-04-28 09:00:00+00:00,115.0,115.0,113.0,115.0,618000.0
2020-04-29 09:00:00+00:00,115.0,115.0,113.0,115.0,1690000.0
2020-04-30 09:00:00+00:00,115.0,115.0,113.0,114.0,2993400.0
2020-05-04 09:00:00+00:00,115.0,115.0,113.0,115.0,810500.0
2020-05-05 09:00:00+00:00,115.0,115.0,113.0,114.0,932200.0
2020-05-06 09:00:00+00:00,114.0,115.0,112.0,113.0,1372000.0
2020-05-08 09:00:00+00:00,113.0,114.0,112.0,113.0,1531200.0
2020-05-11 09:00:00+00:00,114.0,114.0,112.0,114.0,764400.0
2020-05-12 09:00:00+00:00,114.0,114.0,112.0,113.0,1076800.0
2020-05-13 09:00:00+00:00,114.0,114.0,111.0,113.0,1149000.0
2020-05-14 09:00:00+00:00,114.0,114.0,112.0,112.0,1884900.0
2020-05-15 09:00:00+00:00,113.0,113.0,110.0,113.0,677300.0
2020-05-18 09:00:00+00:00,114.0,114.0,112.0,112.0,1578200.0
2020-05-19 09:00:00+00:00,113.0,113.0,112.0,113.0,336900.0
2020-05-20 09:00:00+00:00,113.0,114.0,110.0,114.0,1314100.0
2020-05-26 09:00:00+00:00,114.0,114.0,111.0,114.0,637300.0
2020-05-27 09:00:00+00:00,114.0,114.0,113.0,114.0,442700.0
2020-05-28 09:00:00+00:00,114.0,114.0,112.0,114.0,709900.0
2020-05-29 09:00:00+00:00,114.0,114.0,113.0,114.0,431400.0
2020-06-02 09:00:00+00:00,114.0,114.0,112.0,114.0,606800.0
2020-06-03 09:00:00+00:00,114.0,114.0,112.0,114.0,663000.0
2020-06-04 09:00:00+00:00,114.0,114.0,112.0,114.0,1062800.0
2020-06-05 09:00:00+00:00,114.0,114.0,112.0,113.0,1822800.0
2020-06-08 09:00:00+00:00,114.0,114.0,112.0,113.0,784200.0
2020-06-09 09:00:00+00:00,114.0,114.0,111.0,113.0,1472400.0
2020-06-10 09:00:00+00:00,114.0,125.0,112.0,115.0,12919100.0
2020-06-11 09:00:00+00:00,115.0,118.0,113.0,115.0,6777600.0
2020-06-12 09:00:00+00:00,115.0,115.0,113.0,115.0,1861300.0
2020-06-15 09:00:00+00:00,115.0,115.0,113.0,114.0,688700.0
2020-06-16 09:00:00+00:00,115.0,115.0,112.0,114.0,1762300.0
2020-06-17 09:00:00+00:00,115.0,116.0,113.0,115.0,12016400.0
2020-06-18 09:00:00+00:00,115.0,119.0,113.0,114.0,21868300.0
2020-06-19 09:00:00+00:00,115.0,117.0,112.0,113.0,16258600.0
2020-06-22 09:00:00+00:00,114.0,115.0,112.0,113.0,7295900.0
2020-06-23 09:00:00+00:00,114.0,114.0,111.0,113.0,6049000.0
2020-06-24 09:00:00+00:00,114.0,114.0,112.0,113.0,3716400.0
2020-06-25 09:00:00+00:00,108.0,114.0,108.0,113.0,3837800.0
2020-06-26 09:00:00+00:00,114.0,114.0,112.0,113.0,2567100.0
2020-06-29 09:00:00+00:00,114.0,114.0,111.0,112.0,6101300.0
2020-06-30 09:00:00+00:00,114.0,114.0,111.0,112.0,5648900.0
2020-07-01 09:00:00+00:00,112.0,113.0,111.0,111.0,1132900.0
2020-07-02 09:00:00+00:00,112.0,113.0,111.0,112.0,3369700.0
2020-07-03 09:00:00+00:00,113.0,113.0,111.0,112.0,3589800.0
2020-07-06 09:00:00+00:00,113.0,113.0,110.0,110.0,6041900.0
2020-07-07 09:00:00+00:00,112.0,112.0,110.0,111.0,13514300.0
2020-07-08 09:00:00+00:00,112.0,112.0,110.0,110.0,7433200.0
2020-07-09 09:00:00+00:00,111.0,111.0,109.0,110.0,6962300.0
2020-07-10 09:00:00+00:00,111.0,111.0,110.0,111.0,1139700.0
2020-07-13 09:00:00+00:00,112.0,112.0,110.0,110.0,947700.0
2020-07-14 09:00:00+00:00,111.0,112.0,108.0,110.0,5206600.0
2020-07-15 09:00:00+00:00,111.0,111.0,109.0,110.0,369900.0
2020-07-16 09:00:00+00:00,111.0,111.0,109.0,110.0,573600.0
2020-07-17 09:00:00+00:00,111.0,111.0,108.0,110.0,660600.0
2020-07-20 09:00:00+00:00,111.0,111.0,108.0,109.0,1631600.0
2020-07-21 09:00:00+00:00,110.0,110.0,108.0,110.0,11601100.0
2020-07-22 09:00:00+00:00,111.0,111.0,109.0,110.0,611900.0
2020-07-23 09:00:00+00:00,111.0,111.0,108.0,108.0,1552300.0
2020-07-24 09:00:00+00:00,109.0,109.0,107.0,109.0,7277400.0
2020-07-27 09:00:00+00:00,110.0,110.0,107.0,108.0,1890500.0
2020-07-28 09:00:00+00:00,109.0,109.0,107.0,109.0,949600.0
2020-07-29 09:00:00+00:00,110.0,110.0,107.0,108.0,1309400.0
2020-07-30 09:00:00+00:00,109.0,109.0,106.0,107.0,881800.0
2020-08-03 09:00:00+00:00,108.0,108.0,101.0,107.0,1118000.0
2020-08-04 09:00:00+00:00,108.0,108.0,104.0,108.0,1622000.0
2020-08-05 09:00:00+00:00,109.0,109.0,105.0,107.0,1545600.0
2020-08-06 09:00:00+00:00,108.0,108.0,106.0,108.0,868300.0
2020-08-07 09:00:00+00:00,109.0,109.0,107.0,108.0,14624800.0
2020-08-10 09:00:00+00:00,109.0,109.0,106.0,109.0,12131500.0
2020-08-11 09:00:00+00:00,110.0,110.0,107.0,109.0,12237400.0
2020-08-12 09:00:00+00:00,110.0,120.0,107.0,109.0,49726100.0
2020-08-13 09:00:00+00:00,110.0,110.0,105.0,108.0,4660700.0
2020-08-14 09:00:00+00:00,109.0,109.0,103.0,107.0,4925500.0
2020-08-18 09:00:00+00:00,108.0,108.0,105.0,107.0,2478000.0
2020-08-19 09:00:00+00:00,108.0,108.0,103.0,107.0,3481000.0
2020-08-24 09:00:00+00:00,108.0,108.0,104.0,107.0,4951100.0
2020-08-25 09:00:00+00:00,108.0,109.0,104.0,105.0,26176600.0
2020-08-26 09:00:00+00:00,106.0,109.0,105.0,106.0,17163600.0
2020-08-27 09:00:00+00:00,107.0,109.0,104.0,106.0,20430400.0
2020-08-28 09:00:00+00:00,107.0,109.0,105.0,106.0,21249400.0
2020-08-31 09:00:00+00:00,107.0,107.0,104.0,105.0,23686400.0
2020-09-01 09:00:00+00:00,106.0,107.0,104.0,104.0,25357500.0
2020-09-02 09:00:00+00:00,106.0,106.0,104.0,104.0,26515800.0
2020-09-03 09:00:00+00:00,105.0,106.0,104.0,105.0,25941400.0
2020-09-04 09:00:00+00:00,105.0,106.0,103.0,104.0,31080900.0
2020-09-07 09:00:00+00:00,106.0,107.0,104.0,104.0,24544100.0
2020-09-08 09:00:00+00:00,105.0,107.0,104.0,105.0,26466900.0
2020-09-09 09:00:00+00:00,106.0,107.0,104.0,104.0,25383000.0
2020-09-10 09:00:00+00:00,105.0,105.0,99.0,103.0,4572000.0
2020-09-11 09:00:00+00:00,104.0,104.0,99.0,103.0,1662400.0
2020-09-14 09:00:00+00:00,104.0,104.0,102.0,104.0,1027000.0
2020-09-15 09:00:00+00:00,105.0,105.0,102.0,104.0,1557300.0
2020-09-16 09:00:00+00:00,105.0,105.0,103.0,104.0,338900.0
2020-09-17 09:00:00+00:00,105.0,105.0,102.0,104.0,1384100.0
2020-09-18 09:00:00+00:00,105.0,105.0,103.0,104.0,576200.0
2020-09-21 09:00:00+00:00,105.0,105.0,103.0,104.0,801900.0
2020-09-22 09:00:00+00:00,104.0,104.0,101.0,103.0,1885700.0
2020-09-23 09:00:00+00:00,103.0,103.0,101.0,102.0,2173400.0
2020-09-24 09:00:00+00:00,103.0,103.0,99.0,102.0,2339400.0
2020-09-25 09:00:00+00:00,103.0,103.0,100.0,102.0,1447800.0
2020-09-28 09:00:00+00:00,103.0,103.0,100.0,101.0,780800.0
2020-09-29 09:00:00+00:00,102.0,103.0,100.0,103.0,2083200.0
2020-09-30 09:00:00+00:00,104.0,104.0,100.0,104.0,3812000.0
2020-10-01 09:00:00+00:00,104.0,105.0,101.0,103.0,55868200.0
2020-10-02 09:00:00+00:00,104.0,104.0,101.0,103.0,692900.0
2020-10-05 09:00:00+00:00,104.0,104.0,101.0,104.0,1075400.0
2020-10-06 09:00:00+00:00,104.0,105.0,102.0,104.0,662100.0
2020-10-07 09:00:00+00:00,105.0,105.0,102.0,104.0,897400.0
2020-10-08 09:00:00+00:00,105.0,105.0,102.0,104.0,481600.0
2020-10-09 09:00:00+00:00,105.0,105.0,103.0,104.0,652500.0
2020-10-12 09:00:00+00:00,105.0,105.0,103.0,104.0,447300.0
2020-10-13 09:00:00+00:00,105.0,105.0,103.0,105.0,788500.0
2020-10-14 09:00:00+00:00,106.0,106.0,102.0,105.0,1701800.0
2020-10-15 09:00:00+00:00,106.0,106.0,103.0,104.0,2361900.0
2020-10-16 09:00:00+00:00,105.0,105.0,103.0,105.0,995200.0
2020-10-19 09:00:00+00:00,106.0,106.0,103.0,105.0,1042800.0
2020-10-20 09:00:00+00:00,106.0,106.0,103.0,105.0,1352300.0
2020-10-21 09:00:00+00:00,106.0,106.0,104.0,105.0,518100.0
2020-10-22 09:00:00+00:00,106.0,106.0,103.0,105.0,1254500.0
2020-10-23 09:00:00+00:00,106.0,106.0,104.0,104.0,476400.0
2020-10-26 09:00:00+00:00,105.0,105.0,102.0,105.0,1794400.0
2020-10-27 09:00:00+00:00,106.0,106.0,103.0,104.0,1870600.0
2020-11-02 09:00:00+00:00,105.0,105.0,103.0,104.0,1197600.0
2020-11-03 09:00:00+00:00,105.0,105.0,103.0,105.0,1350000.0
2020-11-04 09:00:00+00:00,106.0,110.0,103.0,107.0,5264300.0
2020-11-05 09:00:00+00:00,108.0,108.0,103.0,105.0,3530300.0
2020-11-06 09:00:00+00:00,106.0,106.0,103.0,104.0,2773600.0
2020-11-09 09:00:00+00:00,105.0,108.0,104.0,104.0,2181000.0
2020-11-10 09:00:00+00:00,105.0,105.0,103.0,104.0,1567600.0
2020-11-11 09:00:00+00:00,105.0,105.0,103.0,104.0,1740600.0
2020-11-12 09:00:00+00:00,105.0,105.0,103.0,104.0,1086700.0
2020-11-13 09:00:00+00:00,105.0,105.0,103.0,105.0,837800.0
2020-11-16 09:00:00+00:00,105.0,106.0,103.0,104.0,1054100.0
2020-11-17 09:00:00+00:00,105.0,106.0,103.0,104.0,1765900.0
2020-11-18 09:00:00+00:00,105.0,105.0,103.0,105.0,604800.0
2020-11-19 09:00:00+00:00,106.0,106.0,103.0,105.0,885500.0
2020-11-20 09:00:00+00:00,106.0,106.0,104.0,106.0,898300.0
2020-11-23 09:00:00+00:00,107.0,107.0,104.0,106.0,737400.0
2020-11-24 09:00:00+00:00,107.0,107.0,104.0,106.0,1560200.0
2020-11-25 09:00:00+00:00,107.0,107.0,104.0,105.0,1620200.0
2020-11-26 09:00:00+00:00,106.0,106.0,104.0,105.0,5556100.0
2020-11-27 09:00:00+00:00,106.0,106.0,104.0,105.0,560200.0
2020-11-30 09:00:00+00:00,106.0,106.0,104.0,105.0,1104900.0
2020-12-01 09:00:00+00:00,106.0,106.0,104.0,105.0,620200.0
2020-12-02 09:00:00+00:00,106.0,106.0,104.0,105.0,602000.0
2020-12-03 09:00:00+00:00,106.0,106.0,104.0,105.0,540900.0
2020-12-04 09:00:00+00:00,106.0,106.0,104.0,105.0,1265800.0
2020-12-07 09:00:00+00:00,106.0,106.0,103.0,105.0,1192100.0
2020-12-08 09:00:00+00:00,106.0,106.0,103.0,104.0,1347100.0
2020-12-10 09:00:00+00:00,105.0,105.0,103.0,105.0,1450900.0
2020-12-11 09:00:00+00:00,106.0,106.0,103.0,104.0,1073600.0
2020-12-14 09:00:00+00:00,105.0,105.0,102.0,103.0,1603000.0
2020-12-15 09:00:00+00:00,104.0,104.0,102.0,104.0,837400.0
2020-12-16 09:00:00+00:00,105.0,112.0,102.0,108.0,17970500.0
2020-12-17 09:00:00+00:00,110.0,110.0,105.0,108.0,3234900.0
2020-12-18 09:00:00+00:00,109.0,111.0,105.0,106.0,6152600.0
2020-12-21 09:00:00+00:00,107.0,108.0,105.0,106.0,3225300.0
2020-12-22 09:00:00+00:00,107.0,107.0,105.0,105.0,2068800.0
2020-12-23 09:00:00+00:00,106.0,106.0,103.0,105.0,1785300.0
2020-12-28 09:00:00+00:00,106.0,115.0,103.0,107.0,22496200.0
2020-12-29 09:00:00+00:00,108.0,108.0,105.0,107.0,3701800.0
2020-12-30 09:00:00+00:00,108.0,108.0,104.0,106.0,3811500.0
2021-01-04 09:00:00+00:00,107.0,107.0,103.0,105.0,2710800.0
2021-01-05 09:00:00+00:00,106.0,107.0,104.0,105.0,3482900.0
2021-01-06 09:00:00+00:00,106.0,106.0,103.0,105.0,187203600.0
2021-01-07 09:00:00+00:00,106.0,106.0,103.0,104.0,43838700.0
2021-01-08 09:00:00+00:00,105.0,105.0,103.0,104.0,41640100.0
2021-01-11 09:00:00+00:00,105.0,105.0,103.0,104.0,1977900.0
2021-01-12 09:00:00+00:00,105.0,105.0,102.0,104.0,722700.0
2021-01-13 09:00:00+00:00,105.0,105.0,102.0,104.0,1191400.0
2021-01-14 09:00:00+00:00,104.0,104.0,102.0,103.0,3922100.0
2021-01-15 09:00:00+00:00,104.0,104.0,102.0,102.0,3786900.0
2021-01-18 09:00:00+00:00,103.0,103.0,101.0,103.0,2245000.0
2021-01-19 09:00:00+00:00,104.0,104.0,101.0,103.0,2481700.0
2021-01-20 09:00:00+00:00,104.0,104.0,101.0,103.0,1411500.0
2021-01-21 09:00:00+00:00,104.0,104.0,100.0,102.0,4834600.0
2021-01-22 09:00:00+00:00,103.0,103.0,100.0,101.0,1656900.0
2021-01-25 09:00:00+00:00,102.0,103.0,99.0,103.0,677300.0
2021-01-26 09:00:00+00:00,104.0,104.0,101.0,103.0,686300.0
2021-01-27 09:00:00+00:00,104.0,104.0,101.0,102.0,1041800.0
2021-01-28 09:00:00+00:00,103.0,103.0,99.0,101.0,977700.0
2021-01-29 09:00:00+00:00,102.0,102.0,100.0,101.0,825700.0
2021-02-01 09:00:00+00:00,102.0,103.0,99.0,103.0,748500.0
2021-02-02 09:00:00+00:00,104.0,106.0,101.0,103.0,16783600.0
2021-02-03 09:00:00+00:00,104.0,106.0,100.0,102.0,22693300.0
2021-02-04 09:00:00+00:00,103.0,103.0,100.0,102.0,10465400.0
2021-02-05 09:00:00+00:00,103.0,103.0,100.0,100.0,10602000.0
2021-02-08 09:00:00+00:00,101.0,103.0,100.0,101.0,17996700.0
2021-02-09 09:00:00+00:00,102.0,102.0,99.0,102.0,14481200.0
2021-02-10 09:00:00+00:00,103.0,103.0,100.0,101.0,10083100.0
2021-02-11 09:00:00+00:00,102.0,102.0,100.0,102.0,7064800.0
2021-02-15 09:00:00+00:00,107.0,137.0,104.0,137.0,116794000.0
2021-02-16 09:00:00+00:00,140.0,184.0,137.0,184.0,461801300.0
2021-02-17 09:00:00+00:00,193.0,234.0,172.0,199.0,838993000.0
2021-02-18 09:00:00+00:00,200.0,202.0,186.0,186.0,125376400.0
2021-02-19 09:00:00+00:00,186.0,186.0,173.0,173.0,11034900.0
2021-02-22 09:00:00+00:00,170.0,172.0,161.0,161.0,8674100.0
2021-02-23 09:00:00+00:00,161.0,161.0,150.0,150.0,5762800.0
2021-02-24 09:00:00+00:00,140.0,156.0,140.0,141.0,252813400.0
2021-02-25 09:00:00+00:00,147.0,147.0,133.0,137.0,94989700.0
2021-02-26 09:00:00+00:00,137.0,158.0,133.0,143.0,320324900.0
2021-03-01 09:00:00+00:00,145.0,145.0,138.0,139.0,81291100.0
2021-03-02 09:00:00+00:00,139.0,140.0,131.0,133.0,74367600.0
2021-03-03 09:00:00+00:00,136.0,144.0,132.0,140.0,197755400.0
2021-03-04 09:00:00+00:00,142.0,152.0,136.0,139.0,334311900.0
2021-03-05 09:00:00+00:00,138.0,139.0,132.0,135.0,71268900.0
2021-03-08 09:00:00+00:00,134.0,139.0,129.0,130.0,60946500.0
2021-03-09 09:00:00+00:00,130.0,130.0,122.0,124.0,44701500.0
2021-03-10 09:00:00+00:00,124.0,135.0,120.0,125.0,77032300.0
2021-03-12 09:00:00+00:00,126.0,132.0,123.0,124.0,89495000.0
2021-03-15 09:00:00+00:00,124.0,126.0,121.0,125.0,38243600.0
2021-03-16 09:00:00+00:00,125.0,125.0,121.0,125.0,51372000.0
2021-03-17 09:00:00+00:00,126.0,129.0,122.0,123.0,87192700.0
2021-03-18 09:00:00+00:00,116.0,124.0,116.0,119.0,41711600.0
2021-03-19 09:00:00+00:00,119.0,119.0,115.0,116.0,43083100.0
2021-03-22 09:00:00+00:00,114.0,117.0,111.0,113.0,37120100.0
2021-03-23 09:00:00+00:00,116.0,119.0,111.0,113.0,126191500.0
2021-03-24 09:00:00+00:00,113.0,115.0,110.0,111.0,42635000.0
2021-03-25 09:00:00+00:00,108.0,114.0,108.0,110.0,37445400.0
2021-03-26 09:00:00+00:00,108.0,112.0,108.0,110.0,21709400.0
2021-03-29 09:00:00+00:00,110.0,114.0,110.0,111.0,34676500.0
2021-03-30 09:00:00+00:00,109.0,112.0,108.0,108.0,19095100.0
2021-03-31 09:00:00+00:00,108.0,109.0,102.0,102.0,50803800.0
2021-04-01 09:00:00+00:00,103.0,106.0,101.0,104.0,51425100.0
2021-04-05 09:00:00+00:00,104.0,111.0,103.0,109.0,62356800.0
2021-04-06 09:00:00+00:00,108.0,113.0,108.0,111.0,53001100.0
2021-04-07 09:00:00+00:00,111.0,113.0,109.0,113.0,48445400.0
2021-04-08 09:00:00+00:00,111.0,117.0,111.0,113.0,44888700.0
2021-04-09 09:00:00+00:00,113.0,116.0,112.0,112.0,35163400.0
2021-04-12 09:00:00+00:00,112.0,114.0,108.0,109.0,21538800.0
2021-04-13 09:00:00+00:00,109.0,111.0,106.0,108.0,18790100.0
2021-04-14 09:00:00+00:00,108.0,112.0,107.0,109.0,29538100.0
2021-04-15 09:00:00+00:00,109.0,112.0,108.0,110.0,24716600.0
2021-04-16 09:00:00+00:00,110.0,112.0,109.0,110.0,17490100.0
2021-04-19 09:00:00+00:00,110.0,111.0,108.0,110.0,20249000.0
2021-04-20 09:00:00+00:00,109.0,110.0,107.0,109.0,23265700.0
2021-04-21 09:00:00+00:00,109.0,109.0,107.0,108.0,7534800.0
2021-04-22 09:00:00+00:00,108.0,110.0,107.0,108.0,19917100.0
2021-04-23 09:00:00+00:00,107.0,108.0,105.0,105.0,10920700.0
2021-04-26 09:00:00+00:00,105.0,108.0,103.0,106.0,43308000.0
2021-04-27 09:00:00+00:00,106.0,107.0,104.0,106.0,23487800.0
2021-04-28 09:00:00+00:00,106.0,106.0,104.0,106.0,5590000.0
2021-04-29 09:00:00+00:00,106.0,113.0,104.0,109.0,99493000.0
2021-04-30 09:00:00+00:00,109.0,112.0,108.0,110.0,45962600.0
2021-05-03 09:00:00+00:00,110.0,111.0,108.0,109.0,28770600.0
2021-05-04 09:00:00+00:00,109.0,110.0,107.0,109.0,11454300.0
2021-05-05 09:00:00+00:00,109.0,110.0,107.0,107.0,19103200.0
2021-05-06 09:00:00+00:00,107.0,108.0,106.0,106.0,22736400.0
2021-05-07 09:00:00+00:00,106.0,107.0,104.0,105.0,26631400.0
2021-05-10 09:00:00+00:00,105.0,106.0,104.0,106.0,11777000.0
2021-05-11 09:00:00+00:00,106.0,106.0,104.0,105.0,31904600.0
2021-05-17 09:00:00+00:00,105.0,106.0,102.0,104.0,29659200.0
2021-05-18 09:00:00+00:00,103.0,104.0,102.0,104.0,22194100.0
2021-05-19 09:00:00+00:00,104.0,105.0,102.0,104.0,24590600.0
2021-05-20 09:00:00+00:00,104.0,105.0,103.0,103.0,12091700.0
2021-05-21 09:00:00+00:00,105.0,109.0,103.0,107.0,96153300.0
2021-05-24 09:00:00+00:00,108.0,108.0,104.0,104.0,54931300.0
2021-05-25 09:00:00+00:00,104.0,125.0,103.0,108.0,481874300.0
2021-05-27 09:00:00+00:00,108.0,115.0,106.0,112.0,349628100.0
2021-05-28 09:00:00+00:00,112.0,126.0,108.0,111.0,553632600.0
2021-05-31 09:00:00+00:00,111.0,114.0,108.0,109.0,63746400.0
2021-06-02 09:00:00+00:00,110.0,111.0,107.0,108.0,74280500.0
2021-06-03 09:00:00+00:00,110.0,117.0,108.0,112.0,187230100.0
2021-06-04 09:00:00+00:00,113.0,116.0,112.0,112.0,94806300.0
2021-06-07 09:00:00+00:00,112.0,151.0,112.0,149.0,1711453200.0
2021-06-08 09:00:00+00:00,152.0,160.0,139.0,139.0,978081800.0
2021-06-09 09:00:00+00:00,139.0,139.0,130.0,130.0,435579300.0
2021-06-10 09:00:00+00:00,130.0,165.0,128.0,143.0,2726606500.0
2021-06-11 09:00:00+00:00,143.0,149.0,134.0,135.0,411197700.0
2021-06-14 09:00:00+00:00,135.0,140.0,126.0,126.0,216573600.0
2021-06-15 09:00:00+00:00,125.0,125.0,118.0,118.0,119023300.0
2021-06-16 09:00:00+00:00,117.0,137.0,113.0,130.0,614528500.0
2021-06-17 09:00:00+00:00,131.0,142.0,122.0,125.0,733615200.0
2021-06-18 09:00:00+00:00,130.0,133.0,121.0,124.0,229702400.0
2021-06-21 09:00:00+00:00,125.0,132.0,119.0,119.0,237228000.0
2021-06-22 09:00:00+00:00,122.0,126.0,118.0,120.0,176540800.0
2021-06-23 09:00:00+00:00,121.0,122.0,115.0,116.0,97293600.0
2021-06-24 09:00:00+00:00,117.0,122.0,114.0,119.0,140370300.0
2021-06-25 09:00:00+00:00,120.0,133.0,119.0,123.0,437774900.0
2021-06-28 09:00:00+00:00,124.0,125.0,116.0,116.0,157064200.0
2021-06-29 09:00:00+00:00,117.0,119.0,110.0,112.0,93307200.0
2021-06-30 09:00:00+00:00,113.0,120.0,111.0,113.0,145291200.0
2021-07-01 09:00:00+00:00,113.0,115.0,109.0,111.0,254985500.0
2021-07-02 09:00:00+00:00,112.0,125.0,110.0,120.0,531380300.0
2021-07-05 09:00:00+00:00,121.0,121.0,113.0,115.0,139927200.0
2021-07-06 09:00:00+00:00,115.0,119.0,113.0,116.0,167766000.0
2021-07-07 09:00:00+00:00,117.0,119.0,114.0,115.0,195851800.0
2021-07-08 09:00:00+00:00,116.0,126.0,114.0,115.0,415087700.0
2021-07-09 09:00:00+00:00,115.0,117.0,113.0,114.0,77070300.0
2021-07-12 09:00:00+00:00,114.0,115.0,111.0,112.0,66348000.0
2021-07-13 09:00:00+00:00,111.0,116.0,107.0,107.0,176917800.0
2021-07-14 09:00:00+00:00,108.0,109.0,104.0,106.0,58447600.0
2021-07-15 09:00:00+00:00,106.0,110.0,104.0,106.0,73925800.0
2021-07-16 09:00:00+00:00,107.0,108.0,105.0,106.0,36545900.0
2021-07-19 09:00:00+00:00,106.0,108.0,104.0,105.0,43134200.0
2021-07-21 09:00:00+00:00,106.0,109.0,104.0,108.0,90293600.0
2021-07-22 09:00:00+00:00,111.0,114.0,109.0,109.0,226664700.0
2021-07-23 09:00:00+00:00,109.0,111.0,107.0,108.0,43543900.0
2021-07-26 09:00:00+00:00,108.0,110.0,106.0,107.0,52083100.0
2021-07-27 09:00:00+00:00,107.0,109.0,105.0,106.0,53786400.0
2021-07-28 09:00:00+00:00,106.0,110.0,105.0,106.0,82743500.0
2021-07-29 09:00:00+00:00,107.0,108.0,106.0,107.0,38262800.0
2021-07-30 09:00:00+00:00,108.0,109.0,105.0,105.0,52597100.0
2021-08-02 09:00:00+00:00,106.0,109.0,105.0,109.0,69489400.0
2021-08-03 09:00:00+00:00,112.0,116.0,108.0,113.0,317174000.0
2021-08-04 09:00:00+00:00,114.0,115.0,108.0,108.0,167254300.0
2021-08-05 09:00:00+00:00,108.0,113.0,107.0,108.0,100811900.0
2021-08-06 09:00:00+00:00,108.0,113.0,108.0,111.0,173830000.0
2021-08-09 09:00:00+00:00,112.0,129.0,112.0,123.0,1486129800.0
2021-08-10 09:00:00+00:00,124.0,126.0,116.0,117.0,401926600.0
2021-08-12 09:00:00+00:00,117.0,120.0,110.0,118.0,415211600.0
2021-08-13 09:00:00+00:00,121.0,122.0,116.0,118.0,222944900.0
2021-08-16 09:00:00+00:00,118.0,119.0,113.0,116.0,137679300.0
2021-08-18 09:00:00+00:00,117.0,122.0,112.0,114.0,258228400.0
2021-08-19 09:00:00+00:00,115.0,117.0,110.0,111.0,150868200.0
2021-08-20 09:00:00+00:00,108.0,114.0,108.0,113.0,93104500.0
2021-08-23 09:00:00+00:00,113.0,117.0,113.0,116.0,87811200.0
2021-08-24 09:00:00+00:00,117.0,119.0,113.0,115.0,143450900.0
2021-08-25 09:00:00+00:00,115.0,117.0,113.0,116.0,104535500.0
2021-08-26 09:00:00+00:00,116.0,118.0,113.0,113.0,56826200.0
2021-08-27 09:00:00+00:00,114.0,114.0,111.0,114.0,52646900.0
2021-08-30 09:00:00+00:00,115.0,118.0,113.0,118.0,285754900.0
2021-08-31 09:00:00+00:00,119.0,123.0,117.0,119.0,336956600.0
2021-09-01 09:00:00+00:00,119.0,122.0,116.0,117.0,158072700.0
2021-09-02 09:00:00+00:00,118.0,119.0,114.0,114.0,149253700.0
2021-09-03 09:00:00+00:00,115.0,118.0,113.0,116.0,97368000.0
2021-09-06 09:00:00+00:00,116.0,119.0,115.0,117.0,117080400.0
2021-09-07 09:00:00+00:00,117.0,118.0,116.0,118.0,93725700.0
2021-09-08 09:00:00+00:00,119.0,123.0,115.0,117.0,332805600.0
2021-09-09 09:00:00+00:00,118.0,121.0,113.0,114.0,242949300.0
2021-09-10 09:00:00+00:00,115.0,115.0,113.0,113.0,76497400.0
2021-09-13 09:00:00+00:00,114.0,114.0,110.0,111.0,123899600.0
2021-09-14 09:00:00+00:00,111.0,113.0,110.0,111.0,107847200.0
2021-09-15 09:00:00+00:00,111.0,112.0,110.0,112.0,66820100.0
2021-09-16 09:00:00+00:00,113.0,113.0,110.0,111.0,45509700.0
2021-09-17 09:00:00+00:00,111.0,112.0,110.0,110.0,47628300.0
2021-09-20 09:00:00+00:00,111.0,111.0,108.0,108.0,59334400.0
2021-09-21 09:00:00+00:00,108.0,109.0,106.0,107.0,33767400.0
2021-09-22 09:00:00+00:00,107.0,111.0,107.0,111.0,109949000.0
2021-09-23 09:00:00+00:00,110.0,111.0,108.0,109.0,54687900.0
2021-09-24 09:00:00+00:00,109.0,110.0,107.0,107.0,42451000.0
2021-09-27 09:00:00+00:00,107.0,107.0,105.0,105.0,31719700.0
2021-09-28 09:00:00+00:00,105.0,108.0,105.0,106.0,43128700.0
2021-09-29 09:00:00+00:00,106.0,107.0,104.0,107.0,61861500.0
2021-09-30 09:00:00+00:00,107.0,107.0,105.0,106.0,23490400.0
2021-10-01 09:00:00+00:00,106.0,107.0,104.0,106.0,39460300.0
2021-10-04 09:00:00+00:00,106.0,109.0,105.0,107.0,86634400.0
2021-10-05 09:00:00+00:00,107.0,107.0,104.0,105.0,62283800.0
2021-10-06 09:00:00+00:00,105.0,105.0,103.0,104.0,58384800.0
2021-10-07 09:00:00+00:00,104.0,107.0,104.0,107.0,60623100.0
2021-10-08 09:00:00+00:00,107.0,108.0,105.0,107.0,36780700.0
2021-10-11 09:00:00+00:00,107.0,107.0,105.0,106.0,18694900.0
2021-10-12 09:00:00+00:00,106.0,106.0,104.0,105.0,29511300.0
2021-10-13 09:00:00+00:00,105.0,105.0,102.0,103.0,37872700.0
2021-10-14 09:00:00+00:00,103.0,104.0,102.0,104.0,47792200.0
2021-10-15 09:00:00+00:00,104.0,104.0,102.0,103.0,25463200.0
2021-10-18 09:00:00+00:00,103.0,105.0,102.0,105.0,49196000.0
2021-10-19 09:00:00+00:00,105.0,105.0,103.0,104.0,32310700.0
2021-10-21 09:00:00+00:00,104.0,104.0,102.0,103.0,31046400.0
2021-10-22 09:00:00+00:00,103.0,103.0,102.0,103.0,16949400.0
2021-10-25 09:00:00+00:00,103.0,103.0,101.0,102.0,32969000.0
2021-10-26 09:00:00+00:00,102.0,103.0,101.0,103.0,11996800.0
2021-10-27 09:00:00+00:00,103.0,103.0,101.0,101.0,13214800.0
2021-10-28 09:00:00+00:00,101.0,102.0,100.0,102.0,30769400.0
2021-10-29 09:00:00+00:00,102.0,103.0,101.0,102.0,20077800.0
2021-11-01 09:00:00+00:00,103.0,103.0,101.0,103.0,11673400.0
2021-11-02 09:00:00+00:00,103.0,103.0,101.0,102.0,11990300.0
2021-11-03 09:00:00+00:00,102.0,102.0,101.0,102.0,7713700.0
2021-11-04 09:00:00+00:00,102.0,103.0,100.0,102.0,19049200.0
2021-11-05 09:00:00+00:00,102.0,102.0,101.0,102.0,9281600.0
2021-11-08 09:00:00+00:00,102.0,103.0,100.0,102.0,30754300.0
2021-11-09 09:00:00+00:00,102.0,103.0,101.0,102.0,27291700.0
2021-11-10 09:00:00+00:00,102.0,102.0,101.0,102.0,16905900.0
2021-11-11 09:00:00+00:00,102.0,102.0,100.0,101.0,13408200.0
2021-11-12 09:00:00+00:00,101.0,102.0,100.0,101.0,21098700.0
2021-11-15 09:00:00+00:00,101.0,101.0,100.0,101.0,8061200.0
2021-11-16 09:00:00+00:00,101.0,101.0,99.0,100.0,21543700.0
2021-11-17 09:00:00+00:00,100.0,100.0,99.0,100.0,12023800.0
2021-11-18 09:00:00+00:00,100.0,100.0,98.0,99.0,25858400.0
2021-11-19 09:00:00+00:00,99.0,100.0,97.0,100.0,29804300.0
2021-11-22 09:00:00+00:00,100.0,100.0,98.0,99.0,21225700.0
2021-11-23 09:00:00+00:00,99.0,99.0,97.0,99.0,10324800.0
2021-11-24 09:00:00+00:00,99.0,99.0,96.0,98.0,24396900.0
2021-11-25 09:00:00+00:00,98.0,99.0,96.0,97.0,26965600.0
2021-11-26 09:00:00+00:00,97.0,97.0,94.0,96.0,26639900.0
2021-11-29 09:00:00+00:00,96.0,96.0,92.0,93.0,25673900.0
2021-11-30 09:00:00+00:00,93.0,97.0,91.0,93.0,32730800.0
2021-12-01 09:00:00+00:00,93.0,94.0,88.0,91.0,27881100.0
2021-12-02 09:00:00+00:00,91.0,92.0,88.0,92.0,19668200.0
2021-12-03 09:00:00+00:00,92.0,96.0,90.0,95.0,202085600.0
2021-12-06 09:00:00+00:00,95.0,96.0,92.0,93.0,19112700.0
2021-12-07 09:00:00+00:00,94.0,95.0,91.0,92.0,26340900.0
2021-12-08 09:00:00+00:00,92.0,93.0,91.0,92.0,9224100.0
2021-12-09 09:00:00+00:00,92.0,99.0,91.0,98.0,64797300.0
2021-12-10 09:00:00+00:00,98.0,99.0,95.0,97.0,26802600.0
2021-12-13 09:00:00+00:00,97.0,98.0,95.0,97.0,14298700.0
2021-12-14 09:00:00+00:00,97.0,98.0,95.0,96.0,6200000.0
2021-12-15 09:00:00+00:00,96.0,96.0,92.0,94.0,14900100.0
2021-12-16 09:00:00+00:00,94.0,95.0,92.0,95.0,12384600.0
2021-12-17 09:00:00+00:00,95.0,95.0,92.0,93.0,7193500.0
2021-12-20 09:00:00+00:00,93.0,93.0,91.0,93.0,6422900.0
2021-12-21 09:00:00+00:00,92.0,94.0,92.0,94.0,6936600.0
2021-12-22 09:00:00+00:00,94.0,95.0,91.0,92.0,35650800.0
2021-12-23 09:00:00+00:00,92.0,92.0,90.0,92.0,6210000.0
2021-12-24 09:00:00+00:00,91.0,92.0,89.0,91.0,12930000.0
2021-12-27 09:00:00+00:00,91.0,93.0,91.0,92.0,10300700.0
2021-12-28 09:00:00+00:00,92.0,93.0,90.0,91.0,12272700.0
2021-12-29 09:00:00+00:00,91.0,103.0,90.0,95.0,152871100.0
2021-12-30 09:00:00+00:00,97.0,99.0,93.0,94.0,36477500.0
2022-01-03 09:00:00+00:00,94.0,96.0,92.0,93.0,12412500.0
2022-01-04 09:00:00+00:00,93.0,95.0,92.0,95.0,11104500.0
2022-01-05 09:00:00+00:00,95.0,96.0,89.0,91.0,39342200.0
2022-01-06 09:00:00+00:00,91.0,91.0,88.0,89.0,33715700.0
2022-01-07 09:00:00+00:00,89.0,89.0,88.0,89.0,6106600.0
2022-01-10 09:00:00+00:00,89.0,89.0,85.0,88.0,23292500.0
2022-01-11 09:00:00+00:00,88.0,88.0,84.0,85.0,9074100.0
2022-01-12 09:00:00+00:00,85.0,87.0,80.0,83.0,24751700.0
2022-01-13 09:00:00+00:00,83.0,84.0,79.0,84.0,11005900.0
2022-01-14 09:00:00+00:00,84.0,85.0,81.0,84.0,7481300.0
2022-01-17 09:00:00+00:00,84.0,85.0,82.0,84.0,5516900.0
2022-01-18 09:00:00+00:00,84.0,84.0,81.0,83.0,6521800.0
2022-01-19 09:00:00+00:00,83.0,84.0,81.0,84.0,5522200.0
2022-01-20 09:00:00+00:00,84.0,84.0,82.0,84.0,4369400.0
2022-01-21 09:00:00+00:00,84.0,87.0,82.0,84.0,17060100.0
2022-01-24 09:00:00+00:00,84.0,92.0,82.0,85.0,62160100.0
2022-01-25 09:00:00+00:00,85.0,87.0,83.0,85.0,20345000.0
2022-01-26 09:00:00+00:00,85.0,95.0,83.0,88.0,322671700.0
2022-01-27 09:00:00+00:00,89.0,92.0,86.0,87.0,36546700.0
2022-01-28 09:00:00+00:00,87.0,93.0,85.0,90.0,68535700.0
2022-01-31 09:00:00+00:00,90.0,93.0,89.0,91.0,62750400.0
2022-02-02 09:00:00+00:00,91.0,98.0,90.0,95.0,306155500.0
2022-02-03 09:00:00+00:00,96.0,99.0,89.0,92.0,145416400.0
2022-02-04 09:00:00+00:00,92.0,95.0,90.0,91.0,72546500.0
2022-02-07 09:00:00+00:00,92.0,109.0,91.0,106.0,495074600.0
2022-02-08 09:00:00+00:00,107.0,110.0,101.0,105.0,409771800.0
2022-02-09 09:00:00+00:00,105.0,108.0,103.0,106.0,174525200.0
2022-02-10 09:00:00+00:00,106.0,138.0,106.0,117.0,2528112600.0
2022-02-11 09:00:00+00:00,109.0,125.0,109.0,109.0,704912000.0
2022-02-14 09:00:00+00:00,110.0,113.0,102.0,102.0,310494100.0
2022-02-15 09:00:00+00:00,102.0,115.0,98.0,110.0,504474600.0
2022-02-16 09:00:00+00:00,111.0,114.0,108.0,110.0,233491400.0
2022-02-17 09:00:00+00:00,111.0,120.0,111.0,120.0,889573800.0
2022-02-18 09:00:00+00:00,120.0,140.0,120.0,129.0,2143324200.0
2022-02-21 09:00:00+00:00,130.0,138.0,126.0,134.0,877582100.0
2022-02-22 09:00:00+00:00,134.0,136.0,125.0,128.0,724835200.0
2022-02-23 09:00:00+00:00,129.0,131.0,120.0,120.0,381926500.0
2022-02-24 09:00:00+00:00,120.0,123.0,112.0,112.0,350160900.0
2022-02-25 09:00:00+00:00,107.0,115.0,105.0,105.0,392071500.0
2022-03-01 09:00:00+00:00,106.0,114.0,103.0,109.0,278791000.0
2022-03-02 09:00:00+00:00,110.0,111.0,102.0,102.0,261999100.0
2022-03-04 09:00:00+00:00,102.0,102.0,96.0,96.0,229730400.0
2022-03-07 09:00:00+00:00,95.0,111.0,92.0,108.0,854601700.0
2022-03-08 09:00:00+00:00,109.0,110.0,101.0,101.0,222773700.0
2022-03-09 09:00:00+00:00,101.0,107.0,96.0,98.0,400970600.0
2022-03-10 09:00:00+00:00,101.0,106.0,97.0,101.0,189740100.0
2022-03-11 09:00:00+00:00,101.0,107.0,100.0,104.0,266345100.0
2022-03-14 09:00:00+00:00,105.0,115.0,104.0,107.0,698095300.0
2022-03-15 09:00:00+00:00,108.0,111.0,101.0,103.0,204423500.0
2022-03-16 09:00:00+00:00,103.0,107.0,98.0,101.0,212252200.0
2022-03-17 09:00:00+00:00,102.0,103.0,99.0,100.0,141833200.0
2022-03-18 09:00:00+00:00,101.0,113.0,100.0,109.0,640136200.0
2022-03-21 09:00:00+00:00,110.0,119.0,107.0,107.0,864089500.0
2022-03-22 09:00:00+00:00,108.0,110.0,104.0,108.0,235704400.0
2022-03-23 09:00:00+00:00,109.0,113.0,108.0,110.0,285121100.0
2022-03-24 09:00:00+00:00,112.0,112.0,104.0,105.0,325425400.0
2022-03-25 09:00:00+00:00,106.0,107.0,102.0,103.0,127909900.0
2022-03-28 09:00:00+00:00,104.0,105.0,102.0,102.0,97164800.0
2022-03-29 09:00:00+00:00,104.0,105.0,101.0,102.0,93469000.0
2022-03-30 09:00:00+00:00,102.0,105.0,101.0,102.0,132873900.0
2022-03-31 09:00:00+00:00,103.0,105.0,101.0,102.0,100330200.0
2022-04-01 09:00:00+00:00,103.0,103.0,100.0,100.0,52393100.0
2022-04-04 09:00:00+00:00,100.0,104.0,100.0,101.0,85981200.0
2022-04-05 09:00:00+00:00,101.0,103.0,100.0,101.0,70720200.0
2022-04-06 09:00:00+00:00,101.0,103.0,100.0,100.0,56702300.0
2022-04-07 09:00:00+00:00,100.0,101.0,97.0,99.0,96703600.0
2022-04-08 09:00:00+00:00,100.0,107.0,99.0,103.0,300124500.0
2022-04-11 09:00:00+00:00,104.0,108.0,101.0,104.0,258673500.0
2022-04-12 09:00:00+00:00,105.0,106.0,101.0,101.0,81432900.0
2022-04-13 09:00:00+00:00,102.0,103.0,98.0,100.0,204600800.0
2022-04-14 09:00:00+00:00,100.0,101.0,98.0,98.0,90949400.0
2022-04-18 09:00:00+00:00,99.0,101.0,97.0,101.0,84744500.0
2022-04-19 09:00:00+00:00,102.0,102.0,98.0,98.0,68657700.0
2022-04-20 09:00:00+00:00,99.0,99.0,95.0,96.0,72937400.0
2022-04-21 09:00:00+00:00,96.0,99.0,95.0,97.0,68570300.0
2022-04-22 09:00:00+00:00,97.0,98.0,92.0,92.0,107756400.0
2022-04-25 09:00:00+00:00,92.0,93.0,88.0,88.0,62426900.0
2022-04-26 09:00:00+00:00,88.0,90.0,87.0,87.0,39816900.0
2022-04-27 09:00:00+00:00,87.0,91.0,86.0,88.0,35462800.0
2022-04-28 09:00:00+00:00,88.0,90.0,87.0,88.0,36074700.0
2022-05-09 09:00:00+00:00,88.0,89.0,84.0,85.0,69538600.0
2022-05-10 09:00:00+00:00,85.0,87.0,82.0,86.0,51381400.0
2022-05-11 09:00:00+00:00,86.0,91.0,85.0,88.0,93407400.0
2022-05-12 09:00:00+00:00,89.0,90.0,85.0,85.0,31368900.0
2022-05-13 09:00:00+00:00,85.0,87.0,84.0,84.0,24116900.0
2022-05-17 09:00:00+00:00,84.0,86.0,84.0,84.0,31493800.0
2022-05-18 09:00:00+00:00,85.0,86.0,84.0,84.0,55033100.0
2022-05-19 09:00:00+00:00,83.0,84.0,80.0,83.0,28178500.0
2022-05-20 09:00:00+00:00,83.0,85.0,83.0,84.0,12575400.0
2022-05-23 09:00:00+00:00,84.0,88.0,84.0,85.0,60025400.0
2022-05-24 09:00:00+00:00,85.0,86.0,83.0,83.0,26582900.0
2022-05-25 09:00:00+00:00,84.0,85.0,83.0,83.0,22309000.0
2022-05-27 09:00:00+00:00,85.0,86.0,83.0,84.0,35682200.0
2022-05-30 09:00:00+00:00,92.0,94.0,86.0,88.0,171618800.0
2022-05-31 09:00:00+00:00,88.0,91.0,88.0,89.0,30224400.0
2022-06-02 09:00:00+00:00,89.0,93.0,89.0,91.0,56777600.0
2022-06-03 09:00:00+00:00,91.0,97.0,89.0,97.0,297404600.0
2022-06-06 09:00:00+00:00,98.0,101.0,95.0,96.0,283432600.0
2022-06-07 09:00:00+00:00,96.0,98.0,92.0,94.0,61947800.0
2022-06-08 09:00:00+00:00,95.0,96.0,90.0,93.0,156377100.0
2022-06-09 09:00:00+00:00,93.0,95.0,92.0,92.0,48511500.0
2022-06-10 09:00:00+00:00,93.0,94.0,90.0,90.0,60325800.0
2022-06-13 09:00:00+00:00,89.0,90.0,86.0,87.0,52485200.0
2022-06-14 09:00:00+00:00,85.0,90.0,85.0,87.0,68041700.0
2022-06-15 09:00:00+00:00,87.0,89.0,86.0,86.0,44290500.0
2022-06-16 09:00:00+00:00,87.0,91.0,85.0,87.0,88013900.0
2022-06-17 09:00:00+00:00,87.0,88.0,85.0,86.0,29632200.0
2022-06-20 09:00:00+00:00,86.0,88.0,85.0,86.0,32208200.0
2022-06-21 09:00:00+00:00,88.0,91.0,86.0,89.0,63001700.0
2022-06-22 09:00:00+00:00,91.0,91.0,87.0,88.0,42251700.0
2022-06-23 09:00:00+00:00,88.0,89.0,87.0,87.0,18023500.0
2022-06-24 09:00:00+00:00,89.0,89.0,87.0,89.0,14309100.0
2022-06-27 09:00:00+00:00,90.0,91.0,87.0,89.0,31035200.0
2022-06-28 09:00:00+00:00,89.0,90.0,87.0,88.0,17088900.0
2022-06-29 09:00:00+00:00,88.0,89.0,87.0,87.0,90191400.0
2022-06-30 09:00:00+00:00,88.0,88.0,86.0,86.0,38977000.0
2022-07-01 09:00:00+00:00,86.0,87.0,84.0,84.0,38368800.0
2022-07-04 09:00:00+00:00,84.0,86.0,82.0,85.0,27643200.0
2022-07-05 09:00:00+00:00,90.0,90.0,84.0,86.0,17418900.0
2022-07-06 09:00:00+00:00,86.0,87.0,84.0,85.0,15927500.0
2022-07-07 09:00:00+00:00,85.0,87.0,84.0,85.0,24739200.0
2022-07-08 09:00:00+00:00,86.0,86.0,84.0,85.0,14048400.0
2022-07-11 09:00:00+00:00,86.0,99.0,86.0,96.0,646871600.0
2022-07-12 09:00:00+00:00,96.0,97.0,90.0,90.0,214842000.0
2022-07-13 09:00:00+00:00,90.0,93.0,88.0,88.0,51547200.0
2022-07-14 09:00:00+00:00,87.0,91.0,85.0,88.0,47322200.0
2022-07-15 09:00:00+00:00,88.0,89.0,86.0,86.0,42706900.0
2022-07-18 09:00:00+00:00,87.0,88.0,86.0,87.0,24020600.0
2022-07-19 09:00:00+00:00,87.0,91.0,86.0,88.0,66226500.0
2022-07-20 09:00:00+00:00,89.0,91.0,88.0,89.0,49018600.0
2022-07-21 09:00:00+00:00,90.0,90.0,88.0,89.0,20324200.0
2022-07-22 09:00:00+00:00,89.0,92.0,89.0,90.0,60047200.0
2022-07-25 09:00:00+00:00,90.0,92.0,89.0,90.0,32083200.0
2022-07-26 09:00:00+00:00,90.0,92.0,89.0,89.0,36449400.0
2022-07-27 09:00:00+00:00,89.0,90.0,88.0,89.0,29599700.0
2022-07-28 09:00:00+00:00,90.0,96.0,89.0,93.0,206275400.0
2022-07-29 09:00:00+00:00,93.0,97.0,92.0,93.0,170085400.0
2022-08-01 09:00:00+00:00,94.0,95.0,91.0,91.0,39337100.0
2022-08-02 09:00:00+00:00,91.0,92.0,88.0,89.0,139648700.0
2022-08-03 09:00:00+00:00,89.0,90.0,87.0,88.0,47462300.0
2022-08-04 09:00:00+00:00,88.0,90.0,88.0,89.0,41408700.0
2022-08-05 09:00:00+00:00,90.0,90.0,88.0,89.0,27141400.0
2022-08-08 09:00:00+00:00,89.0,90.0,88.0,88.0,24509500.0
2022-08-09 09:00:00+00:00,88.0,90.0,88.0,88.0,24389700.0
2022-08-10 09:00:00+00:00,89.0,89.0,87.0,88.0,17113200.0
2022-08-11 09:00:00+00:00,89.0,90.0,88.0,89.0,40588800.0
2022-08-12 09:00:00+00:00,89.0,91.0,88.0,90.0,24356600.0
2022-08-15 09:00:00+00:00,90.0,94.0,90.0,90.0,90213200.0
2022-08-16 09:00:00+00:00,90.0,91.0,89.0,89.0,20064000.0
2022-08-18 09:00:00+00:00,89.0,91.0,88.0,90.0,40873900.0
2022-08-19 09:00:00+00:00,90.0,92.0,90.0,90.0,30609800.0
2022-08-22 09:00:00+00:00,91.0,91.0,88.0,89.0,46183500.0
2022-08-23 09:00:00+00:00,89.0,90.0,88.0,89.0,25572800.0
2022-08-24 09:00:00+00:00,89.0,91.0,89.0,89.0,22454200.0
2022-08-25 09:00:00+00:00,91.0,91.0,88.0,89.0,26198800.0
2022-08-26 09:00:00+00:00,90.0,90.0,88.0,88.0,17816400.0
2022-08-29 09:00:00+00:00,88.0,89.0,87.0,88.0,30760500.0
2022-08-30 09:00:00+00:00,88.0,90.0,88.0,89.0,35147900.0
2022-08-31 09:00:00+00:00,90.0,90.0,88.0,89.0,19191300.0
2022-09-01 09:00:00+00:00,89.0,90.0,88.0,89.0,10364400.0
2022-09-02 09:00:00+00:00,89.0,90.0,88.0,89.0,21064900.0
2022-09-05 09:00:00+00:00,89.0,96.0,89.0,92.0,320691300.0
2022-09-06 09:00:00+00:00,92.0,94.0,90.0,91.0,72994800.0
2022-09-07 09:00:00+00:00,91.0,94.0,90.0,93.0,139894100.0
2022-09-08 09:00:00+00:00,94.0,95.0,92.0,93.0,58362300.0
2022-09-09 09:00:00+00:00,93.0,94.0,91.0,92.0,45500300.0
2022-09-12 09:00:00+00:00,92.0,93.0,91.0,92.0,41189000.0
2022-09-13 09:00:00+00:00,92.0,94.0,91.0,91.0,51200800.0
2022-09-14 09:00:00+00:00,91.0,91.0,90.0,90.0,39371700.0
2022-09-15 09:00:00+00:00,90.0,93.0,90.0,90.0,116469100.0
2022-09-16 09:00:00+00:00,91.0,91.0,88.0,89.0,73636700.0
2022-09-19 09:00:00+00:00,89.0,90.0,86.0,88.0,64366900.0
2022-09-20 09:00:00+00:00,89.0,89.0,87.0,87.0,26160700.0
2022-09-21 09:00:00+00:00,87.0,89.0,86.0,87.0,20670400.0
2022-09-22 09:00:00+00:00,87.0,88.0,86.0,88.0,25436200.0
2022-09-23 09:00:00+00:00,88.0,89.0,87.0,87.0,14771400.0
2022-09-26 09:00:00+00:00,87.0,88.0,85.0,86.0,41443400.0
2022-09-27 09:00:00+00:00,86.0,87.0,85.0,87.0,17795900.0
2022-09-28 09:00:00+00:00,87.0,87.0,85.0,85.0,19096000.0
2022-09-29 09:00:00+00:00,85.0,86.0,83.0,84.0,43679400.0
2022-09-30 09:00:00+00:00,84.0,84.0,82.0,83.0,36458500.0
2022-10-03 09:00:00+00:00,83.0,86.0,81.0,84.0,25516700.0
2022-10-04 09:00:00+00:00,85.0,86.0,83.0,84.0,21024700.0
2022-10-05 09:00:00+00:00,84.0,91.0,84.0,91.0,144056000.0
2022-10-06 09:00:00+00:00,100.0,100.0,88.0,88.0,52376700.0
2022-10-07 09:00:00+00:00,88.0,88.0,83.0,84.0,90428500.0
2022-10-10 09:00:00+00:00,84.0,85.0,82.0,84.0,50856800.0
2022-10-11 09:00:00+00:00,84.0,84.0,82.0,83.0,15061600.0
2022-10-12 09:00:00+00:00,84.0,84.0,82.0,82.0,33454300.0
2022-10-13 09:00:00+00:00,82.0,84.0,82.0,84.0,13555300.0
2022-10-14 09:00:00+00:00,84.0,85.0,82.0,83.0,9031100.0
2022-10-17 09:00:00+00:00,83.0,83.0,81.0,82.0,19316300.0
2022-10-18 09:00:00+00:00,82.0,84.0,81.0,82.0,33925900.0
2022-10-19 09:00:00+00:00,82.0,84.0,81.0,82.0,23500200.0
2022-10-20 09:00:00+00:00,82.0,83.0,81.0,81.0,13743100.0
2022-10-21 09:00:00+00:00,82.0,83.0,81.0,82.0,11693300.0
2022-10-24 09:00:00+00:00,83.0,84.0,82.0,82.0,13550700.0
2022-10-25 09:00:00+00:00,83.0,83.0,82.0,83.0,13373800.0
2022-10-26 09:00:00+00:00,83.0,86.0,82.0,83.0,46162100.0
2022-10-27 09:00:00+00:00,83.0,85.0,82.0,83.0,25945700.0
2022-10-28 09:00:00+00:00,83.0,84.0,82.0,83.0,11962900.0
2022-10-31 09:00:00+00:00,83.0,84.0,82.0,83.0,14322800.0
2022-11-01 09:00:00+00:00,83.0,83.0,81.0,81.0,23134600.0
2022-11-02 09:00:00+00:00,81.0,82.0,81.0,82.0,7888100.0
2022-11-03 09:00:00+00:00,82.0,84.0,81.0,82.0,36070700.0
2022-11-04 09:00:00+00:00,82.0,82.0,81.0,81.0,9454700.0
2022-11-07 09:00:00+00:00,81.0,82.0,80.0,81.0,30920700.0
2022-11-08 09:00:00+00:00,81.0,82.0,81.0,82.0,3063200.0
2022-11-09 09:00:00+00:00,82.0,84.0,80.0,83.0,61707000.0
2022-11-10 09:00:00+00:00,83.0,84.0,81.0,81.0,15979500.0
2022-11-11 09:00:00+00:00,81.0,82.0,80.0,81.0,31073200.0
2022-11-14 09:00:00+00:00,82.0,82.0,80.0,80.0,18603300.0
2022-11-15 09:00:00+00:00,80.0,82.0,80.0,80.0,22601900.0
2022-11-16 09:00:00+00:00,81.0,82.0,80.0,80.0,13427900.0
2022-11-17 09:00:00+00:00,81.0,81.0,80.0,80.0,4942800.0
2022-11-18 09:00:00+00:00,80.0,82.0,80.0,80.0,8824800.0
2022-11-21 09:00:00+00:00,81.0,83.0,80.0,81.0,39804500.0
2022-11-22 09:00:00+00:00,80.0,82.0,80.0,81.0,8376200.0
2022-11-23 09:00:00+00:00,81.0,82.0,80.0,81.0,12347900.0
2022-11-24 09:00:00+00:00,81.0,82.0,80.0,81.0,17684600.0
2022-11-25 09:00:00+00:00,81.0,82.0,80.0,81.0,8536000.0
2022-11-28 09:00:00+00:00,81.0,81.0,80.0,81.0,9356600.0
2022-11-29 09:00:00+00:00,81.0,81.0,80.0,80.0,9476400.0
2022-11-30 09:00:00+00:00,80.0,81.0,79.0,79.0,33161000.0
2022-12-01 09:00:00+00:00,80.0,81.0,79.0,81.0,33783200.0
2022-12-02 09:00:00+00:00,82.0,82.0,80.0,80.0,12073300.0
2022-12-05 09:00:00+00:00,80.0,81.0,79.0,80.0,19358300.0
2022-12-06 09:00:00+00:00,80.0,80.0,76.0,77.0,41881500.0
2022-12-07 09:00:00+00:00,77.0,78.0,76.0,78.0,11117500.0
2022-12-08 09:00:00+00:00,78.0,78.0,76.0,77.0,17467500.0
2022-12-09 09:00:00+00:00,77.0,78.0,75.0,76.0,15153500.0
2022-12-12 09:00:00+00:00,75.0,76.0,73.0,74.0,22366800.0
2022-12-13 09:00:00+00:00,75.0,79.0,74.0,79.0,25745300.0
2022-12-14 09:00:00+00:00,78.0,80.0,74.0,76.0,62167400.0
2022-12-15 09:00:00+00:00,76.0,77.0,75.0,75.0,9154600.0
2022-12-16 09:00:00+00:00,75.0,76.0,74.0,75.0,6713500.0
2022-12-19 09:00:00+00:00,75.0,75.0,73.0,74.0,9528700.0
2022-12-20 09:00:00+00:00,74.0,78.0,74.0,76.0,70392900.0
2022-12-21 09:00:00+00:00,76.0,79.0,75.0,76.0,29783800.0
2022-12-22 09:00:00+00:00,76.0,76.0,71.0,71.0,62671500.0
2022-12-23 09:00:00+00:00,71.0,72.0,70.0,72.0,10113800.0
2022-12-26 09:00:00+00:00,72.0,73.0,71.0,72.0,8765300.0
2022-12-27 09:00:00+00:00,72.0,75.0,71.0,72.0,32896800.0
2022-12-28 09:00:00+00:00,72.0,73.0,71.0,72.0,12699700.0
2022-12-29 09:00:00+00:00,72.0,72.0,71.0,72.0,5669800.0
2022-12-30 09:00:00+00:00,72.0,73.0,71.0,71.0,12717200.0
2023-01-02 09:00:00+00:00,72.0,74.0,71.0,72.0,6459300.0
2023-01-03 09:00:00+00:00,72.0,74.0,72.0,73.0,8308300.0
2023-01-04 09:00:00+00:00,74.0,74.0,72.0,72.0,8494300.0
2023-01-05 09:00:00+00:00,72.0,73.0,68.0,69.0,21716700.0
2023-01-06 09:00:00+00:00,69.0,70.0,68.0,69.0,17585400.0
2023-01-09 09:00:00+00:00,69.0,71.0,66.0,66.0,25653300.0
2023-01-10 09:00:00+00:00,67.0,68.0,63.0,65.0,18978600.0
2023-01-11 09:00:00+00:00,64.0,67.0,63.0,67.0,9676700.0
2023-01-12 09:00:00+00:00,67.0,73.0,65.0,72.0,35410000.0
2023-01-13 09:00:00+00:00,73.0,74.0,71.0,74.0,12102900.0
2023-01-16 09:00:00+00:00,75.0,76.0,72.0,75.0,19634500.0
2023-01-17 09:00:00+00:00,74.0,76.0,73.0,76.0,11620800.0
2023-01-18 09:00:00+00:00,76.0,76.0,74.0,75.0,3998600.0
2023-01-19 09:00:00+00:00,75.0,76.0,73.0,76.0,15120800.0
2023-01-20 09:00:00+00:00,76.0,78.0,75.0,78.0,32089200.0
2023-01-24 09:00:00+00:00,78.0,78.0,76.0,78.0,16886300.0
2023-01-25 09:00:00+00:00,78.0,78.0,75.0,78.0,29986700.0
2023-01-26 09:00:00+00:00,77.0,79.0,76.0,78.0,73268000.0
2023-01-27 09:00:00+00:00,78.0,83.0,77.0,82.0,119864100.0
2023-01-30 09:00:00+00:00,82.0,85.0,79.0,80.0,58427100.0
2023-01-31 09:00:00+00:00,79.0,81.0,75.0,76.0,91359100.0
2023-02-01 09:00:00+00:00,76.0,77.0,75.0,77.0,9308300.0
2023-02-02 09:00:00+00:00,77.0,78.0,76.0,78.0,8672700.0
2023-02-03 09:00:00+00:00,79.0,79.0,76.0,78.0,6101900.0
2023-02-06 09:00:00+00:00,78.0,78.0,76.0,78.0,5761500.0
2023-02-07 09:00:00+00:00,78.0,78.0,76.0,78.0,8177000.0
2023-02-08 09:00:00+00:00,78.0,79.0,76.0,77.0,17189300.0
2023-02-09 09:00:00+00:00,78.0,78.0,76.0,76.0,10345900.0
2023-02-10 09:00:00+00:00,76.0,77.0,72.0,74.0,32189100.0
2023-02-13 09:00:00+00:00,74.0,74.0,71.0,73.0,13896100.0
2023-02-14 09:00:00+00:00,73.0,73.0,71.0,72.0,9646000.0
2023-02-15 09:00:00+00:00,72.0,73.0,71.0,72.0,10516400.0
2023-02-16 09:00:00+00:00,72.0,74.0,71.0,71.0,47309500.0
2023-02-17 09:00:00+00:00,71.0,72.0,70.0,70.0,9482100.0
2023-02-20 09:00:00+00:00,71.0,71.0,70.0,71.0,4082100.0
2023-02-21 09:00:00+00:00,71.0,71.0,70.0,70.0,9156700.0
2023-02-22 09:00:00+00:00,70.0,71.0,68.0,69.0,7328300.0
2023-02-23 09:00:00+00:00,69.0,70.0,67.0,70.0,12611500.0
2023-02-24 09:00:00+00:00,69.0,71.0,67.0,69.0,15372000.0
2023-02-27 09:00:00+00:00,69.0,70.0,67.0,69.0,8506100.0
2023-02-28 09:00:00+00:00,69.0,70.0,68.0,69.0,5135100.0
2023-03-01 09:00:00+00:00,69.0,70.0,67.0,69.0,8797400.0
2023-03-02 09:00:00+00:00,69.0,69.0,68.0,68.0,21344700.0
2023-03-03 09:00:00+00:00,69.0,71.0,67.0,70.0,14608900.0
2023-03-06 09:00:00+00:00,70.0,70.0,69.0,70.0,6808600.0
2023-03-07 09:00:00+00:00,69.0,70.0,68.0,68.0,8694100.0
2023-03-08 09:00:00+00:00,68.0,69.0,66.0,68.0,12864200.0
2023-03-09 09:00:00+00:00,68.0,68.0,65.0,67.0,13129100.0
2023-03-10 09:00:00+00:00,67.0,68.0,65.0,68.0,7892500.0
2023-03-13 09:00:00+00:00,68.0,68.0,66.0,67.0,3638100.0
2023-03-14 09:00:00+00:00,67.0,67.0,63.0,63.0,21016100.0
2023-03-15 09:00:00+00:00,63.0,64.0,61.0,61.0,17324600.0
2023-03-16 09:00:00+00:00,61.0,61.0,57.0,57.0,63763300.0
2023-03-17 09:00:00+00:00,56.0,66.0,56.0,61.0,175896700.0
2023-03-20 09:00:00+00:00,61.0,62.0,58.0,61.0,29168000.0
2023-03-21 09:00:00+00:00,61.0,62.0,59.0,61.0,30708000.0
2023-03-24 09:00:00+00:00,61.0,63.0,60.0,62.0,41777100.0
2023-03-27 09:00:00+00:00,63.0,64.0,61.0,64.0,44711600.0
2023-03-28 09:00:00+00:00,64.0,66.0,63.0,65.0,23450500.0
2023-03-29 09:00:00+00:00,65.0,73.0,65.0,71.0,117532500.0
2023-03-30 09:00:00+00:00,72.0,74.0,69.0,71.0,49558800.0
2023-03-31 09:00:00+00:00,72.0,74.0,68.0,70.0,107092600.0
2023-04-03 09:00:00+00:00,71.0,72.0,68.0,70.0,44800400.0
2023-04-04 09:00:00+00:00,70.0,70.0,66.0,69.0,30174500.0
2023-04-05 09:00:00+00:00,69.0,72.0,67.0,71.0,65874300.0
2023-04-06 09:00:00+00:00,71.0,71.0,69.0,71.0,30523900.0
2023-04-10 09:00:00+00:00,71.0,72.0,67.0,69.0,46419100.0
2023-04-11 09:00:00+00:00,69.0,70.0,68.0,69.0,24139300.0
2023-04-12 09:00:00+00:00,69.0,70.0,67.0,69.0,28664700.0
2023-04-13 09:00:00+00:00,69.0,70.0,68.0,70.0,26562200.0
2023-04-14 09:00:00+00:00,71.0,71.0,68.0,70.0,38570400.0
2023-04-17 09:00:00+00:00,70.0,71.0,68.0,69.0,14622800.0
2023-04-18 09:00:00+00:00,69.0,70.0,67.0,70.0,19924600.0
2023-04-26 09:00:00+00:00,70.0,70.0,67.0,69.0,16983400.0
2023-04-27 09:00:00+00:00,69.0,70.0,68.0,69.0,2964200.0
2023-04-28 09:00:00+00:00,69.0,70.0,68.0,70.0,21330200.0
2023-05-02 09:00:00+00:00,70.0,70.0,67.0,67.0,10828000.0
2023-05-03 09:00:00+00:00,67.0,70.0,67.0,69.0,51897500.0
2023-05-04 09:00:00+00:00,69.0,72.0,68.0,70.0,71611200.0
2023-05-05 09:00:00+00:00,70.0,71.0,68.0,70.0,41226200.0
2023-05-08 09:00:00+00:00,70.0,71.0,69.0,70.0,30641100.0
2023-05-09 09:00:00+00:00,70.0,72.0,69.0,70.0,55212800.0
2023-05-10 09:00:00+00:00,71.0,71.0,69.0,70.0,19354900.0
2023-05-11 09:00:00+00:00,70.0,70.0,68.0,69.0,13967600.0
2023-05-12 09:00:00+00:00,69.0,70.0,68.0,68.0,33980000.0
2023-05-15 09:00:00+00:00,69.0,69.0,67.0,68.0,22958400.0
2023-05-16 09:00:00+00:00,68.0,70.0,67.0,69.0,25205000.0
2023-05-17 09:00:00+00:00,69.0,69.0,66.0,67.0,14794900.0
2023-05-19 09:00:00+00:00,67.0,69.0,66.0,67.0,19268300.0
2023-05-22 09:00:00+00:00,68.0,69.0,67.0,68.0,41479800.0
2023-05-23 09:00:00+00:00,69.0,69.0,67.0,69.0,39660400.0
2023-05-24 09:00:00+00:00,69.0,69.0,67.0,69.0,11345900.0
2023-05-25 09:00:00+00:00,69.0,70.0,68.0,69.0,12166700.0
2023-05-26 09:00:00+00:00,68.0,69.0,68.0,69.0,5800100.0
2023-05-29 09:00:00+00:00,69.0,70.0,68.0,69.0,4052000.0
2023-05-30 09:00:00+00:00,70.0,70.0,67.0,68.0,7902500.0
2023-05-31 09:00:00+00:00,67.0,68.0,67.0,68.0,8534100.0
2023-06-05 09:00:00+00:00,67.0,68.0,66.0,68.0,11688100.0
2023-06-06 09:00:00+00:00,68.0,68.0,66.0,67.0,12929100.0
2023-06-07 09:00:00+00:00,67.0,68.0,66.0,67.0,10505200.0
2023-06-08 09:00:00+00:00,67.0,68.0,66.0,67.0,7412500.0
2023-06-09 09:00:00+00:00,67.0,68.0,67.0,68.0,6948400.0
2023-06-12 09:00:00+00:00,68.0,68.0,66.0,68.0,37943400.0
2023-06-13 09:00:00+00:00,67.0,69.0,67.0,68.0,54609200.0
2023-06-14 09:00:00+00:00,67.0,68.0,67.0,68.0,47236200.0
2023-06-15 09:00:00+00:00,67.0,68.0,66.0,67.0,39391100.0
2023-06-16 09:00:00+00:00,67.0,68.0,66.0,68.0,48973900.0
2023-06-19 09:00:00+00:00,68.0,68.0,66.0,68.0,57774500.0
2023-06-20 09:00:00+00:00,66.0,69.0,66.0,68.0,53562400.0
2023-06-21 09:00:00+00:00,68.0,68.0,67.0,68.0,47332400.0
2023-06-22 09:00:00+00:00,68.0,69.0,67.0,68.0,59046000.0
2023-06-23 09:00:00+00:00,68.0,69.0,67.0,68.0,66246500.0
2023-06-26 09:00:00+00:00,68.0,68.0,66.0,68.0,63852600.0
2023-06-27 09:00:00+00:00,67.0,68.0,67.0,67.0,55232800.0
2023-07-03 09:00:00+00:00,67.0,68.0,66.0,67.0,47457800.0
2023-07-04 09:00:00+00:00,67.0,67.0,66.0,67.0,49510000.0
2023-07-05 09:00:00+00:00,67.0,68.0,67.0,68.0,8455900.0
2023-07-06 09:00:00+00:00,68.0,71.0,67.0,70.0,113924200.0
2023-07-07 09:00:00+00:00,70.0,72.0,69.0,71.0,61909200.0
2023-07-10 09:00:00+00:00,71.0,73.0,70.0,71.0,41271400.0
2023-07-11 09:00:00+00:00,71.0,72.0,70.0,71.0,52221800.0
2023-07-12 09:00:00+00:00,71.0,72.0,70.0,71.0,47199800.0
2023-07-13 09:00:00+00:00,71.0,71.0,69.0,70.0,48670400.0
2023-07-14 09:00:00+00:00,70.0,71.0,69.0,71.0,49151500.0
2023-07-17 09:00:00+00:00,71.0,72.0,70.0,71.0,42938400.0
2023-07-18 09:00:00+00:00,71.0,71.0,69.0,71.0,42455300.0
2023-07-20 09:00:00+00:00,71.0,72.0,69.0,70.0,63766100.0
2023-07-21 09:00:00+00:00,70.0,71.0,70.0,71.0,35423800.0
2023-07-24 09:00:00+00:00,71.0,71.0,69.0,71.0,44701500.0
2023-07-25 09:00:00+00:00,70.0,71.0,69.0,70.0,36862100.0
2023-07-26 09:00:00+00:00,70.0,70.0,69.0,70.0,37470300.0
2023-07-27 09:00:00+00:00,70.0,70.0,69.0,70.0,8325300.0
2023-07-28 09:00:00+00:00,70.0,70.0,68.0,69.0,36652600.0
2023-07-31 09:00:00+00:00,69.0,69.0,68.0,69.0,14058200.0
2023-08-01 09:00:00+00:00,70.0,70.0,68.0,69.0,33541600.0
2023-08-02 09:00:00+00:00,80.0,80.0,69.0,72.0,54708700.0
2023-08-03 09:00:00+00:00,72.0,72.0,70.0,71.0,49565800.0
2023-08-04 09:00:00+00:00,71.0,71.0,69.0,71.0,47959800.0
2023-08-07 09:00:00+00:00,71.0,71.0,68.0,69.0,52305300.0
2023-08-08 09:00:00+00:00,69.0,69.0,68.0,68.0,12476400.0
2023-08-09 09:00:00+00:00,68.0,70.0,67.0,70.0,59263800.0
2023-08-10 09:00:00+00:00,70.0,71.0,68.0,69.0,56172600.0
2023-08-11 09:00:00+00:00,69.0,69.0,68.0,69.0,12239800.0
2023-08-14 09:00:00+00:00,68.0,69.0,67.0,69.0,14948400.0
2023-08-15 09:00:00+00:00,69.0,71.0,68.0,71.0,98423800.0
2023-08-16 09:00:00+00:00,71.0,71.0,69.0,70.0,47037900.0
2023-08-18 09:00:00+00:00,78.0,78.0,69.0,71.0,40649800.0
2023-08-21 09:00:00+00:00,71.0,71.0,69.0,70.0,39867000.0
2023-08-22 09:00:00+00:00,70.0,71.0,69.0,70.0,17983500.0
2023-08-23 09:00:00+00:00,70.0,70.0,68.0,70.0,42257900.0
2023-08-24 09:00:00+00:00,69.0,70.0,68.0,68.0,44135100.0
2023-08-25 09:00:00+00:00,68.0,69.0,68.0,68.0,19364000.0
2023-08-28 09:00:00+00:00,68.0,70.0,68.0,70.0,51162200.0
2023-08-29 09:00:00+00:00,70.0,71.0,69.0,70.0,50246000.0
2023-08-30 09:00:00+00:00,69.0,71.0,69.0,70.0,52812100.0
2023-08-31 09:00:00+00:00,70.0,70.0,69.0,70.0,33347400.0
2023-09-01 09:00:00+00:00,70.0,70.0,69.0,70.0,34592700.0
2023-09-04 09:00:00+00:00,70.0,70.0,68.0,70.0,50173800.0
2023-09-05 09:00:00+00:00,70.0,70.0,69.0,70.0,9904800.0
2023-09-06 09:00:00+00:00,70.0,70.0,69.0,70.0,9368400.0
2023-09-07 09:00:00+00:00,70.0,70.0,68.0,70.0,43346300.0
2023-09-08 09:00:00+00:00,69.0,70.0,69.0,70.0,6777800.0
2023-09-11 09:00:00+00:00,70.0,70.0,69.0,70.0,11284800.0
2023-09-12 09:00:00+00:00,70.0,70.0,69.0,70.0,11130900.0
2023-09-13 09:00:00+00:00,69.0,70.0,68.0,68.0,51909300.0
2023-09-14 09:00:00+00:00,68.0,68.0,66.0,68.0,28815600.0
2023-09-15 09:00:00+00:00,67.0,68.0,64.0,67.0,38623500.0
2023-09-18 09:00:00+00:00,66.0,67.0,63.0,65.0,43178600.0
2023-09-19 09:00:00+00:00,65.0,66.0,64.0,66.0,48099900.0
2023-09-20 09:00:00+00:00,66.0,67.0,65.0,67.0,44372500.0
2023-09-21 09:00:00+00:00,67.0,67.0,65.0,67.0,43178200.0
2023-09-22 09:00:00+00:00,67.0,68.0,66.0,68.0,53279000.0
2023-09-25 09:00:00+00:00,68.0,68.0,66.0,68.0,43945900.0
2023-09-26 09:00:00+00:00,68.0,68.0,66.0,68.0,44095300.0
2023-09-27 09:00:00+00:00,67.0,68.0,66.0,68.0,49885000.0
2023-09-29 09:00:00+00:00,68.0,68.0,66.0,68.0,81322400.0
2023-10-02 09:00:00+00:00,67.0,68.0,66.0,68.0,103047900.0
2023-10-03 09:00:00+00:00,67.0,68.0,66.0,68.0,145093400.0
2023-10-04 09:00:00+00:00,68.0,68.0,65.0,66.0,152553600.0
2023-10-05 09:00:00+00:00,66.0,67.0,65.0,66.0,118252900.0
2023-10-06 09:00:00+00:00,66.0,67.0,65.0,66.0,137391800.0
2023-10-09 09:00:00+00:00,66.0,67.0,65.0,67.0,122836100.0
2023-10-10 09:00:00+00:00,66.0,67.0,65.0,67.0,129352800.0
2023-10-11 09:00:00+00:00,66.0,67.0,66.0,67.0,126352700.0
2023-10-12 09:00:00+00:00,67.0,70.0,66.0,70.0,199135900.0
2023-10-13 09:00:00+00:00,71.0,71.0,67.0,69.0,138786300.0
2023-10-16 09:00:00+00:00,68.0,69.0,66.0,67.0,144221500.0
2023-10-17 09:00:00+00:00,67.0,68.0,66.0,67.0,138771900.0
2023-10-18 09:00:00+00:00,66.0,67.0,65.0,66.0,138178100.0
2023-10-19 09:00:00+00:00,65.0,67.0,65.0,66.0,140945200.0
2023-10-20 09:00:00+00:00,66.0,66.0,65.0,66.0,127460900.0
2023-10-23 09:00:00+00:00,66.0,66.0,62.0,65.0,144278300.0
2023-10-24 09:00:00+00:00,65.0,67.0,63.0,67.0,149000600.0
2023-10-25 09:00:00+00:00,67.0,68.0,65.0,68.0,175805400.0
2023-10-26 09:00:00+00:00,68.0,68.0,66.0,67.0,18610700.0
2023-10-27 09:00:00+00:00,66.0,67.0,66.0,67.0,129650000.0
2023-10-30 09:00:00+00:00,67.0,68.0,66.0,67.0,143696500.0
2023-10-31 09:00:00+00:00,70.0,70.0,66.0,67.0,135208300.0
2023-11-01 09:00:00+00:00,67.0,67.0,66.0,67.0,156168500.0
2023-11-02 09:00:00+00:00,67.0,67.0,66.0,67.0,158223700.0
2023-11-03 09:00:00+00:00,67.0,67.0,66.0,67.0,122959600.0
2023-11-06 09:00:00+00:00,66.0,68.0,66.0,68.0,163506600.0
2023-11-07 09:00:00+00:00,68.0,68.0,66.0,66.0,140236700.0
2023-11-08 09:00:00+00:00,66.0,67.0,65.0,66.0,142092000.0
2023-11-09 09:00:00+00:00,66.0,66.0,65.0,66.0,138915900.0
2023-11-10 09:00:00+00:00,66.0,67.0,65.0,67.0,134962000.0
2023-11-13 09:00:00+00:00,66.0,67.0,66.0,67.0,116657700.0
2023-11-14 09:00:00+00:00,66.0,67.0,65.0,67.0,163585200.0
2023-11-15 09:00:00+00:00,67.0,67.0,66.0,66.0,43115500.0
2023-11-16 09:00:00+00:00,66.0,67.0,66.0,67.0,134904700.0
2023-11-17 09:00:00+00:00,67.0,67.0,66.0,67.0,12511900.0
2023-11-20 09:00:00+00:00,67.0,68.0,66.0,66.0,131971200.0
2023-11-21 09:00:00+00:00,67.0,67.0,66.0,66.0,11466100.0
2023-11-22 09:00:00+00:00,67.0,71.0,66.0,70.0,191685600.0
2023-11-23 09:00:00+00:00,71.0,71.0,68.0,69.0,132525100.0
2023-11-24 09:00:00+00:00,69.0,74.0,69.0,74.0,216452300.0
2023-11-27 09:00:00+00:00,74.0,76.0,73.0,74.0,148992800.0
2023-11-28 09:00:00+00:00,75.0,75.0,72.0,74.0,116380300.0
2023-11-29 09:00:00+00:00,74.0,84.0,72.0,72.0,118943500.0
2023-11-30 09:00:00+00:00,72.0,73.0,67.0,68.0,165623400.0
2023-12-01 09:00:00+00:00,68.0,68.0,67.0,68.0,10547600.0
2023-12-04 09:00:00+00:00,68.0,68.0,67.0,68.0,11403600.0
2023-12-05 09:00:00+00:00,68.0,68.0,66.0,66.0,11790200.0
2023-12-06 09:00:00+00:00,66.0,67.0,66.0,67.0,121052200.0
2023-12-07 09:00:00+00:00,67.0,67.0,65.0,66.0,22209800.0
2023-12-08 09:00:00+00:00,65.0,66.0,64.0,64.0,131015200.0
2023-12-11 09:00:00+00:00,64.0,66.0,63.0,66.0,122965000.0
2023-12-12 09:00:00+00:00,66.0,66.0,64.0,65.0,114530600.0
2023-12-13 09:00:00+00:00,64.0,65.0,63.0,63.0,124796400.0
2023-12-14 09:00:00+00:00,63.0,64.0,62.0,64.0,120434100.0
2023-12-15 09:00:00+00:00,64.0,64.0,62.0,64.0,13274500.0
2023-12-18 09:00:00+00:00,63.0,64.0,62.0,63.0,10140400.0
2023-12-19 09:00:00+00:00,62.0,63.0,62.0,63.0,7529500.0
2023-12-20 09:00:00+00:00,62.0,63.0,62.0,63.0,14172500.0
2023-12-21 09:00:00+00:00,62.0,63.0,61.0,62.0,12233800.0
2023-12-22 09:00:00+00:00,62.0,63.0,61.0,63.0,7786300.0
2023-12-27 09:00:00+00:00,62.0,63.0,62.0,63.0,107568100.0
2023-12-28 09:00:00+00:00,63.0,63.0,62.0,63.0,2675700.0
2023-12-29 09:00:00+00:00,62.0,63.0,62.0,62.0,12424000.0
2024-01-02 09:00:00+00:00,62.0,63.0,61.0,63.0,6620300.0
2024-01-03 09:00:00+00:00,62.0,65.0,62.0,65.0,14073800.0
2024-01-04 09:00:00+00:00,64.0,65.0,64.0,65.0,3901800.0
2024-01-05 09:00:00+00:00,65.0,65.0,64.0,65.0,9563200.0
2024-01-08 09:00:00+00:00,64.0,65.0,64.0,65.0,9342000.0
2024-01-09 09:00:00+00:00,64.0,65.0,63.0,64.0,12864800.0
2024-01-10 09:00:00+00:00,63.0,64.0,62.0,63.0,11861800.0
2024-01-11 09:00:00+00:00,61.0,63.0,61.0,63.0,7806900.0
2024-01-12 09:00:00+00:00,63.0,63.0,61.0,63.0,17243800.0
2024-01-15 09:00:00+00:00,63.0,63.0,61.0,63.0,17669000.0
2024-01-16 09:00:00+00:00,62.0,65.0,62.0,63.0,67573800.0
2024-01-17 09:00:00+00:00,63.0,63.0,61.0,62.0,19983700.0
2024-01-18 09:00:00+00:00,61.0,62.0,61.0,62.0,7698600.0
2024-01-19 09:00:00+00:00,62.0,62.0,61.0,62.0,6276300.0
2024-01-22 09:00:00+00:00,62.0,62.0,61.0,62.0,11253800.0
2024-01-23 09:00:00+00:00,61.0,62.0,61.0,61.0,27391900.0
2024-01-24 09:00:00+00:00,61.0,62.0,58.0,62.0,41544600.0
2024-01-25 09:00:00+00:00,61.0,62.0,60.0,62.0,10383500.0
2024-01-26 09:00:00+00:00,62.0,62.0,61.0,62.0,1852800.0
2024-01-29 09:00:00+00:00,62.0,62.0,61.0,62.0,3301100.0
2024-01-30 09:00:00+00:00,62.0,62.0,61.0,62.0,7328400.0
2024-01-31 09:00:00+00:00,62.0,62.0,61.0,62.0,5700100.0
2024-02-01 09:00:00+00:00,61.0,63.0,61.0,63.0,4599200.0
2024-02-02 09:00:00+00:00,63.0,63.0,61.0,63.0,8221900.0
2024-02-05 09:00:00+00:00,63.0,63.0,62.0,63.0,4186400.0
2024-02-06 09:00:00+00:00,63.0,63.0,61.0,62.0,11779100.0
2024-02-07 09:00:00+00:00,62.0,62.0,61.0,62.0,5930800.0
2024-02-12 09:00:00+00:00,62.0,62.0,61.0,62.0,8699300.0
2024-02-13 09:00:00+00:00,62.0,62.0,61.0,62.0,10612700.0
2024-02-15 09:00:00+00:00,62.0,62.0,60.0,62.0,22532000.0
2024-02-16 09:00:00+00:00,61.0,63.0,61.0,63.0,15066800.0
2024-02-19 09:00:00+00:00,63.0,64.0,62.0,62.0,9651600.0
2024-02-20 09:00:00+00:00,62.0,63.0,61.0,62.0,3097300.0
2024-02-21 09:00:00+00:00,62.0,62.0,61.0,62.0,6385600.0
2024-02-22 09:00:00+00:00,62.0,62.0,61.0,62.0,4110600.0
2024-02-23 09:00:00+00:00,62.0,62.0,60.0,62.0,14857900.0
2024-02-26 09:00:00+00:00,62.0,62.0,60.0,61.0,8215700.0
2024-02-27 09:00:00+00:00,60.0,61.0,60.0,61.0,4929900.0
2024-02-28 09:00:00+00:00,61.0,61.0,60.0,61.0,2324500.0
2024-02-29 09:00:00+00:00,61.0,61.0,60.0,61.0,5004200.0
2024-03-01 09:00:00+00:00,61.0,61.0,60.0,61.0,9937800.0
2024-03-04 09:00:00+00:00,60.0,61.0,60.0,60.0,9850300.0
2024-03-05 09:00:00+00:00,60.0,61.0,59.0,61.0,13706700.0
2024-03-06 09:00:00+00:00,61.0,61.0,58.0,60.0,31677900.0
2024-03-07 09:00:00+00:00,60.0,61.0,59.0,61.0,18863100.0
2024-03-08 09:00:00+00:00,60.0,62.0,60.0,61.0,13606300.0
2024-03-13 09:00:00+00:00,61.0,61.0,60.0,61.0,11091600.0
2024-03-14 09:00:00+00:00,61.0,61.0,60.0,61.0,10715300.0
2024-03-15 09:00:00+00:00,60.0,62.0,60.0,61.0,4742200.0
2024-03-18 09:00:00+00:00,61.0,62.0,60.0,61.0,8699600.0
2024-03-19 09:00:00+00:00,61.0,62.0,60.0,62.0,8179600.0
2024-03-20 09:00:00+00:00,61.0,63.0,61.0,62.0,12941200.0
2024-03-21 09:00:00+00:00,61.0,63.0,61.0,63.0,8781600.0
2024-03-22 09:00:00+00:00,62.0,64.0,62.0,63.0,5000800.0
2024-03-25 09:00:00+00:00,63.0,63.0,61.0,62.0,18901900.0
2024-03-26 09:00:00+00:00,64.0,64.0,61.0,64.0,13195300.0
2024-03-27 09:00:00+00:00,64.0,64.0,62.0,63.0,11472900.0
2024-03-28 09:00:00+00:00,63.0,64.0,60.0,61.0,35204300.0
2024-04-01 09:00:00+00:00,61.0,62.0,60.0,61.0,13691100.0
2024-04-02 09:00:00+00:00,61.0,62.0,60.0,62.0,10780300.0
2024-04-03 09:00:00+00:00,62.0,63.0,61.0,61.0,11749400.0
2024-04-04 09:00:00+00:00,61.0,62.0,61.0,62.0,3884100.0
2024-04-05 09:00:00+00:00,61.0,62.0,61.0,62.0,4001900.0
2024-04-16 09:00:00+00:00,61.0,62.0,60.0,61.0,12391200.0
2024-04-17 09:00:00+00:00,61.0,62.0,59.0,61.0,19557000.0
2024-04-18 09:00:00+00:00,61.0,62.0,60.0,61.0,17666200.0
2024-04-19 09:00:00+00:00,61.0,62.0,59.0,61.0,26059100.0
2024-04-22 09:00:00+00:00,61.0,62.0,60.0,62.0,8899600.0
2024-04-23 09:00:00+00:00,62.0,62.0,60.0,62.0,21948800.0
2024-04-24 09:00:00+00:00,61.0,63.0,61.0,63.0,12998000.0
2024-04-25 09:00:00+00:00,63.0,63.0,62.0,62.0,6811500.0
2024-04-26 09:00:00+00:00,62.0,62.0,60.0,62.0,28485900.0
2024-04-29 09:00:00+00:00,62.0,62.0,59.0,61.0,65163800.0
2024-04-30 09:00:00+00:00,61.0,62.0,60.0,62.0,19284300.0
2024-05-02 09:00:00+00:00,61.0,63.0,60.0,63.0,52091900.0
2024-05-03 09:00:00+00:00,62.0,63.0,61.0,61.0,24310600.0
2024-05-06 09:00:00+00:00,61.0,62.0,61.0,62.0,5104900.0
2024-05-07 09:00:00+00:00,62.0,62.0,61.0,62.0,4012100.0
2024-05-08 09:00:00+00:00,62.0,62.0,61.0,61.0,15463500.0
2024-05-13 09:00:00+00:00,61.0,62.0,61.0,62.0,6448100.0
2024-05-14 09:00:00+00:00,61.0,62.0,61.0,62.0,9263100.0
2024-05-15 09:00:00+00:00,61.0,62.0,61.0,62.0,3558200.0
2024-05-16 09:00:00+00:00,61.0,64.0,61.0,62.0,37048800.0
2024-05-17 09:00:00+00:00,62.0,62.0,61.0,62.0,5701800.0
2024-05-20 09:00:00+00:00,62.0,62.0,61.0,61.0,13287200.0
2024-05-21 09:00:00+00:00,61.0,62.0,61.0,61.0,6322100.0
2024-05-22 09:00:00+00:00,61.0,62.0,60.0,61.0,7049800.0
2024-05-27 09:00:00+00:00,61.0,62.0,60.0,61.0,18579100.0
2024-05-28 09:00:00+00:00,61.0,61.0,60.0,60.0,10533700.0
2024-05-29 09:00:00+00:00,60.0,61.0,59.0,61.0,12947200.0
2024-05-30 09:00:00+00:00,65.0,65.0,59.0,60.0,13831100.0
2024-05-31 09:00:00+00:00,60.0,60.0,50.0,51.0,140134200.0
2024-06-03 09:00:00+00:00,50.0,51.0,50.0,50.0,32689100.0
2024-06-04 09:00:00+00:00,50.0,50.0,50.0,50.0,6614700.0
2024-06-05 09:00:00+00:00,50.0,50.0,50.0,50.0,339100.0
2024-06-06 09:00:00+00:00,50.0,50.0,50.0,50.0,410200.0
2024-06-07 09:00:00+00:00,50.0,50.0,50.0,50.0,2555300.0
2024-06-10 09:00:00+00:00,50.0,50.0,50.0,50.0,941200.0
2024-06-11 09:00:00+00:00,50.0,50.0,50.0,50.0,124500.0
2024-06-12 09:00:00+00:00,50.0,50.0,50.0,50.0,128600.0
2024-06-13 09:00:00+00:00,50.0,50.0,50.0,50.0,447000.0
2024-06-14 09:00:00+00:00,50.0,50.0,50.0,50.0,1167900.0
2024-06-19 09:00:00+00:00,50.0,50.0,50.0,50.0,1017300.0
2024-06-20 09:00:00+00:00,50.0,50.0,50.0,50.0,314000.0
2024-06-21 09:00:00+00:00,50.0,51.0,50.0,50.0,23953000.0
2024-06-24 09:00:00+00:00,50.0,51.0,50.0,50.0,27229900.0
2024-06-25 09:00:00+00:00,50.0,51.0,50.0,50.0,1152000.0
2024-06-26 09:00:00+00:00,50.0,50.0,50.0,50.0,101000.0
2024-06-27 09:00:00+00:00,50.0,50.0,50.0,50.0,77100.0
2024-06-28 09:00:00+00:00,50.0,50.0,50.0,50.0,1079700.0
2024-07-01 09:00:00+00:00,50.0,61.0,50.0,56.0,67859200.0
2024-07-02 09:00:00+00:00,57.0,68.0,56.0,67.0,114301300.0
2024-07-03 09:00:00+00:00,67.0,73.0,64.0,73.0,164684600.0
2024-07-04 09:00:00+00:00,74.0,78.0,71.0,78.0,99087600.0
2024-07-05 09:00:00+00:00,78.0,81.0,78.0,80.0,65065300.0
2024-07-08 09:00:00+00:00,80.0,88.0,79.0,86.0,124082600.0
2024-07-09 09:00:00+00:00,86.0,91.0,86.0,91.0,98063100.0
2024-07-10 09:00:00+00:00,81.0,96.0,81.0,91.0,154979200.0
2024-07-11 09:00:00+00:00,91.0,98.0,91.0,98.0,123508400.0
2024-07-12 09:00:00+00:00,98.0,103.0,98.0,102.0,125716600.0
2024-07-15 09:00:00+00:00,102.0,107.0,102.0,105.0,138537700.0
2024-07-16 09:00:00+00:00,106.0,116.0,105.0,116.0,241902200.0
2024-07-17 09:00:00+00:00,116.0,116.0,116.0,116.0,0.0
2024-07-18 09:00:00+00:00,116.0,124.0,102.0,108.0,401274300.0
2024-07-19 09:00:00+00:00,110.0,116.0,102.0,111.0,185296800.0
2024-07-22 09:00:00+00:00,112.0,114.0,104.0,107.0,115913000.0
2024-07-23 09:00:00+00:00,107.0,109.0,96.0,98.0,204663100.0
2024-07-24 09:00:00+00:00,91.0,104.0,91.0,102.0,224285700.0
2024-07-25 09:00:00+00:00,102.0,104.0,98.0,100.0,61897900.0
2024-07-26 09:00:00+00:00,101.0,118.0,98.0,110.0,334670100.0
2024-07-29 09:00:00+00:00,111.0,123.0,110.0,120.0,377514500.0
2024-07-30 09:00:00+00:00,122.0,129.0,112.0,120.0,328928500.0
2024-07-31 09:00:00+00:00,121.0,124.0,118.0,120.0,101930900.0
2024-08-01 09:00:00+00:00,121.0,122.0,118.0,118.0,52377200.0
2024-08-02 09:00:00+00:00,117.0,121.0,116.0,118.0,72457900.0
2024-08-05 09:00:00+00:00,117.0,119.0,107.0,109.0,152554800.0
2024-08-06 09:00:00+00:00,111.0,118.0,111.0,118.0,124136500.0
2024-08-07 09:00:00+00:00,118.0,135.0,118.0,132.0,446551700.0
2024-08-08 09:00:00+00:00,133.0,134.0,124.0,130.0,198516400.0
2024-08-09 09:00:00+00:00,135.0,135.0,129.0,134.0,138273800.0
2024-08-12 09:00:00+00:00,134.0,140.0,134.0,136.0,184706600.0
2024-08-13 09:00:00+00:00,136.0,139.0,134.0,138.0,98418400.0
2024-08-14 09:00:00+00:00,137.0,142.0,132.0,136.0,139719700.0
2024-08-15 09:00:00+00:00,137.0,138.0,133.0,136.0,64469200.0
2024-08-16 09:00:00+00:00,135.0,147.0,133.0,146.0,209720400.0
2024-08-19 09:00:00+00:00,146.0,176.0,143.0,169.0,495216400.0
2024-08-20 09:00:00+00:00,169.0,169.0,169.0,169.0,0.0
2024-08-21 09:00:00+00:00,169.0,169.0,169.0,169.0,0.0
2024-08-22 09:00:00+00:00,169.0,169.0,169.0,169.0,0.0
2024-08-23 09:00:00+00:00,185.0,185.0,185.0,185.0,128310800.0
2024-08-26 09:00:00+00:00,168.0,195.0,168.0,195.0,118862700.0
2024-08-27 09:00:00+00:00,210.0,214.0,210.0,214.0,91790200.0
2024-08-28 09:00:00+00:00,218.0,234.0,218.0,234.0,77505700.0
2024-08-29 09:00:00+00:00,236.0,250.0,236.0,242.0,41921200.0
2024-08-30 09:00:00+00:00,226.0,226.0,218.0,218.0,36638600.0
2024-09-02 09:00:00+00:00,198.0,199.0,197.0,197.0,96076000.0
2024-09-03 09:00:00+00:00,190.0,190.0,135.0,157.0,1132603200.0
2024-09-04 09:00:00+00:00,157.0,199.0,154.0,187.0,1338809300.0
2024-09-05 09:00:00+00:00,188.0,206.0,176.0,188.0,865047700.0
2024-09-06 09:00:00+00:00,190.0,194.0,177.0,185.0,365136100.0
2024-09-09 09:00:00+00:00,187.0,196.0,183.0,189.0,306132900.0
2024-09-10 09:00:00+00:00,190.0,193.0,181.0,182.0,203329900.0
2024-09-11 09:00:00+00:00,182.0,185.0,164.0,174.0,222591700.0
2024-09-12 09:00:00+00:00,175.0,180.0,166.0,174.0,193077400.0
2024-09-13 09:00:00+00:00,175.0,196.0,172.0,196.0,449179600.0
2024-09-17 09:00:00+00:00,195.0,204.0,193.0,200.0,392075500.0
2024-09-18 09:00:00+00:00,202.0,202.0,189.0,194.0,211670100.0
2024-09-19 09:00:00+00:00,196.0,199.0,189.0,192.0,87459600.0
2024-09-20 09:00:00+00:00,192.0,193.0,178.0,179.0,187466400.0
2024-09-23 09:00:00+00:00,181.0,184.0,178.0,178.0,114548100.0
2024-09-24 09:00:00+00:00,179.0,180.0,167.0,172.0,199611800.0
2024-09-25 09:00:00+00:00,172.0,179.0,172.0,176.0,127005500.0
2024-09-26 09:00:00+00:00,176.0,183.0,165.0,168.0,300503900.0
2024-09-27 09:00:00+00:00,161.0,170.0,161.0,168.0,64866800.0
2024-09-30 09:00:00+00:00,168.0,169.0,160.0,161.0,71358400.0
2024-10-01 09:00:00+00:00,161.0,166.0,156.0,164.0,119495200.0
2024-10-02 09:00:00+00:00,164.0,167.0,158.0,158.0,92746200.0
2024-10-03 09:00:00+00:00,158.0,162.0,154.0,160.0,69617400.0
2024-10-04 09:00:00+00:00,161.0,169.0,158.0,160.0,178293300.0
2024-10-07 09:00:00+00:00,160.0,161.0,157.0,157.0,47257700.0
2024-10-08 09:00:00+00:00,160.0,160.0,155.0,155.0,60296800.0
2024-10-09 09:00:00+00:00,155.0,158.0,146.0,146.0,129302600.0
2024-10-10 09:00:00+00:00,146.0,174.0,146.0,163.0,654933300.0
2024-10-11 09:00:00+00:00,164.0,176.0,161.0,170.0,345294300.0
2024-10-14 09:00:00+00:00,171.0,179.0,171.0,173.0,260221000.0
2024-10-15 09:00:00+00:00,173.0,180.0,172.0,175.0,179649800.0
2024-10-16 09:00:00+00:00,173.0,178.0,164.0,168.0,282133800.0
2024-10-17 09:00:00+00:00,169.0,171.0,165.0,165.0,48903900.0
2024-10-18 09:00:00+00:00,165.0,169.0,163.0,163.0,88396500.0
2024-10-21 09:00:00+00:00,163.0,173.0,163.0,166.0,147910900.0
2024-10-22 09:00:00+00:00,166.0,174.0,166.0,169.0,214404800.0
2024-10-23 09:00:00+00:00,172.0,174.0,169.0,171.0,201864300.0
2024-10-24 09:00:00+00:00,171.0,176.0,170.0,170.0,137495100.0
2024-10-25 09:00:00+00:00,170.0,172.0,169.0,169.0,93966300.0
2024-10-28 09:00:00+00:00,171.0,175.0,165.0,169.0,225164900.0
2024-10-29 09:00:00+00:00,170.0,172.0,168.0,169.0,156013500.0
2024-10-30 09:00:00+00:00,169.0,178.0,167.0,169.0,292863100.0
2024-10-31 09:00:00+00:00,170.0,173.0,167.0,168.0,94039700.0
2024-11-01 09:00:00+00:00,169.0,171.0,163.0,167.0,111949700.0
2024-11-04 09:00:00+00:00,167.0,168.0,158.0,158.0,162712800.0
2024-11-05 09:00:00+00:00,160.0,166.0,158.0,161.0,385567300.0
2024-11-06 09:00:00+00:00,163.0,195.0,163.0,183.0,1626785100.0
2024-11-07 09:00:00+00:00,188.0,210.0,185.0,191.0,1522534400.0
2024-11-08 09:00:00+00:00,192.0,196.0,174.0,174.0,451781300.0
2024-11-11 09:00:00+00:00,175.0,177.0,155.0,163.0,528467800.0
2024-11-12 09:00:00+00:00,163.0,167.0,158.0,163.0,232920300.0
2024-11-13 09:00:00+00:00,163.0,174.0,160.0,164.0,386108000.0
2024-11-14 09:00:00+00:00,164.0,167.0,158.0,159.0,215300200.0
2024-11-15 09:00:00+00:00,159.0,164.0,154.0,159.0,161359100.0
2024-11-18 09:00:00+00:00,196.0,196.0,154.0,159.0,111626500.0
2024-11-19 09:00:00+00:00,159.0,164.0,156.0,160.0,188576200.0
2024-11-20 09:00:00+00:00,160.0,161.0,156.0,157.0,74121600.0
2024-11-21 09:00:00+00:00,157.0,158.0,153.0,157.0,68401400.0
2024-11-22 09:00:00+00:00,156.0,162.0,155.0,159.0,178914500.0
2024-11-25 09:00:00+00:00,163.0,170.0,159.0,169.0,654484200.0
2024-11-26 09:00:00+00:00,170.0,174.0,162.0,162.0,365045700.0
2024-11-28 09:00:00+00:00,163.0,167.0,155.0,158.0,218155200.0
2024-11-29 09:00:00+00:00,158.0,160.0,152.0,152.0,159377000.0
2024-12-02 09:00:00+00:00,154.0,160.0,150.0,152.0,289761100.0
2024-12-03 09:00:00+00:00,153.0,156.0,150.0,151.0,85617500.0
2024-12-04 09:00:00+00:00,151.0,153.0,151.0,151.0,64402500.0
2024-12-05 09:00:00+00:00,151.0,154.0,150.0,152.0,106382600.0
2024-12-06 09:00:00+00:00,152.0,154.0,151.0,152.0,48989200.0
2024-12-09 09:00:00+00:00,153.0,155.0,152.0,152.0,64385400.0
2024-12-10 09:00:00+00:00,152.0,155.0,151.0,152.0,119559200.0
2024-12-11 09:00:00+00:00,152.0,159.0,152.0,152.0,105225500.0
2024-12-12 09:00:00+00:00,153.0,153.0,150.0,151.0,50277700.0
2024-12-13 09:00:00+00:00,151.0,152.0,147.0,147.0,58431700.0
2024-12-16 09:00:00+00:00,147.0,148.0,145.0,146.0,68396600.0
2024-12-17 09:00:00+00:00,146.0,147.0,143.0,145.0,47494600.0
2024-12-18 09:00:00+00:00,145.0,149.0,142.0,145.0,140500100.0
2024-12-19 09:00:00+00:00,144.0,145.0,134.0,136.0,73131400.0
2024-12-20 09:00:00+00:00,136.0,140.0,118.0,128.0,142158500.0
2024-12-23 09:00:00+00:00,144.0,160.0,144.0,151.0,682306800.0
2024-12-24 09:00:00+00:00,151.0,154.0,146.0,150.0,165483500.0
2024-12-27 09:00:00+00:00,153.0,153.0,146.0,150.0,35239000.0
2024-12-30 09:00:00+00:00,151.0,152.0,146.0,149.0,25488100.0
2025-01-02 09:00:00+00:00,150.0,153.0,148.0,148.0,87089500.0
2025-01-03 09:00:00+00:00,148.0,150.0,145.0,148.0,62416900.0
2025-01-06 09:00:00+00:00,148.0,150.0,146.0,149.0,21207400.0
2025-01-07 09:00:00+00:00,149.0,152.0,148.0,149.0,74706800.0
2025-01-08 09:00:00+00:00,148.0,150.0,147.0,148.0,27898200.0
2025-01-09 09:00:00+00:00,149.0,149.0,145.0,145.0,24662500.0
2025-01-10 09:00:00+00:00,145.0,147.0,144.0,146.0,18799500.0
2025-01-13 09:00:00+00:00,147.0,149.0,145.0,145.0,53233100.0
2025-01-14 09:00:00+00:00,145.0,147.0,142.0,143.0,37235100.0
2025-01-15 09:00:00+00:00,142.0,146.0,140.0,143.0,56932500.0
2025-01-16 09:00:00+00:00,145.0,145.0,141.0,143.0,32941700.0
2025-01-17 09:00:00+00:00,144.0,180.0,141.0,155.0,1048081900.0
2025-01-20 09:00:00+00:00,163.0,167.0,155.0,156.0,729852300.0
2025-01-21 09:00:00+00:00,157.0,158.0,142.0,143.0,359255900.0
2025-01-22 09:00:00+00:00,143.0,145.0,141.0,144.0,84809300.0
2025-01-23 09:00:00+00:00,144.0,149.0,141.0,142.0,213202400.0
2025-01-24 09:00:00+00:00,142.0,144.0,140.0,141.0,42509300.0
2025-01-30 09:00:00+00:00,140.0,149.0,140.0,142.0,244446700.0
2025-01-31 09:00:00+00:00,141.0,144.0,137.0,137.0,67024400.0
2025-02-03 09:00:00+00:00,136.0,138.0,133.0,133.0,78378100.0
2025-02-04 09:00:00+00:00,133.0,136.0,131.0,133.0,64569500.0
2025-02-05 09:00:00+00:00,134.0,135.0,131.0,133.0,28734400.0
2025-02-06 09:00:00+00:00,133.0,133.0,127.0,127.0,33464800.0
2025-02-07 09:00:00+00:00,123.0,127.0,108.0,122.0,323850400.0
2025-02-10 09:00:00+00:00,122.0,127.0,118.0,122.0,69927600.0
2025-02-11 09:00:00+00:00,120.0,125.0,120.0,120.0,73016400.0
2025-02-12 09:00:00+00:00,121.0,123.0,118.0,123.0,59804900.0
2025-02-13 09:00:00+00:00,123.0,127.0,120.0,127.0,179442300.0
2025-02-14 09:00:00+00:00,123.0,134.0,123.0,131.0,385763900.0
2025-02-17 09:00:00+00:00,131.0,132.0,127.0,129.0,117834500.0
2025-02-18 09:00:00+00:00,129.0,130.0,126.0,129.0,85369900.0
2025-02-19 09:00:00+00:00,129.0,147.0,128.0,138.0,444354300.0
2025-02-20 09:00:00+00:00,139.0,143.0,136.0,142.0,165466900.0
2025-02-21 09:00:00+00:00,143.0,148.0,137.0,138.0,252105800.0
2025-02-24 09:00:00+00:00,137.0,147.0,137.0,144.0,238068800.0
2025-02-25 09:00:00+00:00,144.0,147.0,133.0,133.0,178522600.0
2025-02-26 09:00:00+00:00,131.0,139.0,130.0,135.0,175033900.0
2025-02-27 09:00:00+00:00,135.0,137.0,128.0,129.0,95904800.0
2025-02-28 09:00:00+00:00,129.0,129.0,119.0,119.0,24523700.0
2025-03-03 09:00:00+00:00,121.0,127.0,115.0,121.0,292319300.0
2025-03-04 09:00:00+00:00,121.0,121.0,110.0,110.0,109164200.0
2025-03-05 09:00:00+00:00,110.0,115.0,110.0,114.0,149721800.0
2025-03-06 09:00:00+00:00,114.0,122.0,113.0,122.0,132008100.0
2025-03-07 09:00:00+00:00,122.0,127.0,117.0,119.0,156716700.0
2025-03-10 09:00:00+00:00,120.0,121.0,116.0,120.0,47652900.0
2025-03-11 09:00:00+00:00,120.0,120.0,115.0,117.0,33151200.0
2025-03-12 09:00:00+00:00,117.0,120.0,115.0,119.0,21533300.0
2025-03-13 09:00:00+00:00,119.0,121.0,117.0,120.0,25525700.0
2025-03-14 09:00:00+00:00,120.0,121.0,116.0,118.0,8650100.0
2025-03-17 09:00:00+00:00,118.0,122.0,117.0,118.0,14972300.0
2025-03-18 09:00:00+00:00,119.0,119.0,80.0,112.0,67897000.0
2025-03-19 09:00:00+00:00,112.0,113.0,108.0,113.0,9108900.0
2025-03-20 09:00:00+00:00,113.0,113.0,109.0,113.0,10941600.0
2025-03-21 09:00:00+00:00,113.0,113.0,102.0,110.0,22427200.0
2025-03-24 09:00:00+00:00,108.0,113.0,95.0,112.0,44617200.0
2025-03-25 09:00:00+00:00,111.0,125.0,107.0,116.0,84211400.0
2025-03-26 09:00:00+00:00,117.0,123.0,116.0,120.0,16554100.0
2025-03-27 09:00:00+00:00,120.0,123.0,118.0,122.0,12048100.0
2025-04-08 09:00:00+00:00,104.0,113.0,104.0,113.0,26062300.0
2025-04-09 09:00:00+00:00,113.0,117.0,111.0,111.0,8776500.0
2025-04-10 09:00:00+00:00,114.0,120.0,112.0,120.0,48456500.0
2025-04-11 09:00:00+00:00,120.0,122.0,115.0,115.0,29247100.0
2025-04-14 09:00:00+00:00,115.0,121.0,115.0,118.0,127182200.0
2025-04-15 09:00:00+00:00,118.0,122.0,117.0,119.0,35020200.0
2025-04-16 09:00:00+00:00,120.0,121.0,117.0,119.0,35352000.0
2025-04-17 09:00:00+00:00,120.0,120.0,116.0,116.0,21008700.0
2025-04-21 09:00:00+00:00,116.0,118.0,114.0,116.0,18949200.0
2025-04-22 09:00:00+00:00,116.0,119.0,114.0,119.0,232881500.0
2025-04-23 09:00:00+00:00,119.0,128.0,118.0,125.0,242687000.0
2025-04-24 09:00:00+00:00,126.0,128.0,123.0,127.0,71720000.0
2025-04-25 09:00:00+00:00,127.0,128.0,122.0,122.0,43743800.0
2025-04-28 09:00:00+00:00,123.0,129.0,122.0,127.0,138165600.0
2025-04-29 09:00:00+00:00,129.0,130.0,123.0,124.0,43444100.0
2025-04-30 09:00:00+00:00,124.0,130.0,122.0,124.0,844968500.0
2025-05-02 09:00:00+00:00,125.0,127.0,123.0,125.0,143353600.0
2025-05-05 09:00:00+00:00,128.0,129.0,123.0,129.0,131451500.0
2025-05-06 09:00:00+00:00,129.0,131.0,127.0,130.0,67706100.0
2025-05-07 09:00:00+00:00,130.0,134.0,127.0,127.0,125635600.0
2025-05-08 09:00:00+00:00,128.0,131.0,123.0,128.0,144543900.0
2025-05-09 09:00:00+00:00,127.0,129.0,124.0,125.0,58165600.0
2025-05-14 09:00:00+00:00,125.0,130.0,123.0,125.0,170737700.0
2025-05-15 09:00:00+00:00,125.0,126.0,123.0,126.0,115285900.0
2025-05-16 09:00:00+00:00,126.0,127.0,123.0,125.0,72156400.0
2025-05-19 09:00:00+00:00,125.0,126.0,124.0,126.0,52687300.0
2025-05-20 09:00:00+00:00,126.0,126.0,120.0,120.0,57686900.0
2025-05-21 09:00:00+00:00,120.0,123.0,116.0,116.0,276900700.0
2025-05-22 09:00:00+00:00,116.0,119.0,113.0,116.0,104988700.0
2025-05-23 09:00:00+00:00,114.0,117.0,114.0,115.0,22069800.0
2025-05-26 09:00:00+00:00,116.0,118.0,112.0,115.0,137444700.0
2025-05-27 09:00:00+00:00,115.0,121.0,115.0,121.0,188642200.0
2025-05-28 09:00:00+00:00,121.0,128.0,119.0,126.0,521172200.0
2025-06-02 09:00:00+00:00,126.0,128.0,119.0,122.0,69378500.0
2025-06-03 09:00:00+00:00,122.0,126.0,120.0,121.0,232172600.0
2025-06-04 09:00:00+00:00,121.0,142.0,121.0,141.0,813872500.0
2025-06-05 09:00:00+00:00,142.0,162.0,133.0,154.0,632959900.0
2025-06-10 09:00:00+00:00,157.0,162.0,149.0,149.0,66516900.0
2025-06-11 09:00:00+00:00,152.0,156.0,150.0,151.0,37614700.0
2025-06-12 09:00:00+00:00,152.0,165.0,150.0,156.0,76373900.0
2025-06-13 09:00:00+00:00,156.0,156.0,152.0,153.0,25538600.0
2025-06-16 09:00:00+00:00,150.0,151.0,142.0,144.0,48543200.0
2025-06-17 09:00:00+00:00,144.0,169.0,141.0,166.0,158283200.0
2025-06-18 09:00:00+00:00,168.0,169.0,156.0,156.0,69342700.0
2025-06-19 09:00:00+00:00,158.0,165.0,157.0,161.0,63297300.0
2025-06-20 09:00:00+00:00,161.0,165.0,157.0,162.0,59588600.0
2025-06-23 09:00:00+00:00,162.0,162.0,143.0,147.0,54422300.0
2025-06-24 09:00:00+00:00,147.0,160.0,147.0,159.0,82767000.0
2025-06-25 09:00:00+00:00,159.0,163.0,158.0,159.0,61208500.0
2025-06-26 09:00:00+00:00,160.0,164.0,157.0,160.0,43813900.0
2025-06-30 09:00:00+00:00,164.0,168.0,162.0,168.0,57388200.0
2025-07-01 09:00:00+00:00,168.0,177.0,168.0,172.0,59283300.0
2025-07-02 09:00:00+00:00,172.0,177.0,171.0,176.0,85679300.0
2025-07-03 09:00:00+00:00,176.0,178.0,173.0,176.0,67623200.0
2025-07-04 09:00:00+00:00,178.0,179.0,174.0,174.0,62202400.0
2025-07-07 09:00:00+00:00,175.0,176.0,172.0,176.0,68504600.0
2025-07-08 09:00:00+00:00,178.0,180.0,176.0,179.0,83133900.0
2025-07-09 09:00:00+00:00,179.0,190.0,175.0,185.0,75584900.0
2025-07-10 09:00:00+00:00,185.0,189.0,183.0,184.0,63819100.0
2025-07-11 09:00:00+00:00,184.0,190.0,182.0,187.0,73029800.0
2025-07-14 09:00:00+00:00,187.0,192.0,172.0,177.0,109669300.0
2025-07-15 09:00:00+00:00,177.0,178.0,164.0,170.0,77656300.0
2025-07-16 09:00:00+00:00,170.0,171.0,162.0,164.0,78661400.0
2025-07-17 09:00:00+00:00,164.0,168.0,157.0,164.0,108384800.0
2025-07-18 09:00:00+00:00,165.0,166.0,158.0,162.0,75386800.0
2025-07-21 09:00:00+00:00,162.0,164.0,157.0,160.0,90895000.0
2025-07-22 09:00:00+00:00,161.0,170.0,160.0,163.0,146927400.0
2025-07-23 09:00:00+00:00,164.0,164.0,152.0,158.0,97553400.0
2025-07-24 09:00:00+00:00,158.0,159.0,153.0,156.0,92426400.0
2025-07-25 09:00:00+00:00,156.0,163.0,154.0,159.0,113686300.0
2025-07-28 09:00:00+00:00,159.0,169.0,157.0,168.0,75391000.0
2025-07-29 09:00:00+00:00,169.0,171.0,165.0,170.0,68688200.0
2025-07-30 09:00:00+00:00,171.0,174.0,166.0,173.0,73929000.0
2025-07-31 09:00:00+00:00,174.0,175.0,166.0,169.0,50429400.0
2025-08-01 09:00:00+00:00,170.0,178.0,168.0,176.0,53226600.0
2025-08-04 09:00:00+00:00,177.0,180.0,175.0,177.0,36027600.0
2025-08-05 09:00:00+00:00,177.0,224.0,176.0,220.0,517342000.0
2025-08-06 09:00:00+00:00,222.0,228.0,204.0,208.0,274188600.0
2025-08-07 09:00:00+00:00,210.0,212.0,202.0,206.0,126519600.0
2025-08-08 09:00:00+00:00,230.0,244.0,197.0,202.0,364642900.0
2025-08-11 09:00:00+00:00,202.0,210.0,199.0,202.0,86046400.0
2025-08-12 09:00:00+00:00,202.0,212.0,202.0,206.0,105008000.0
2025-08-13 09:00:00+00:00,208.0,212.0,206.0,210.0,65294100.0
2025-08-14 09:00:00+00:00,210.0,214.0,208.0,208.0,65253300.0
2025-08-15 09:00:00+00:00,210.0,212.0,204.0,204.0,57972200.0
2025-08-19 09:00:00+00:00,204.0,204.0,190.0,192.0,114104900.0
2025-08-20 09:00:00+00:00,193.0,196.0,191.0,193.0,75345300.0
2025-08-21 09:00:00+00:00,194.0,198.0,185.0,188.0,112683100.0
2025-08-22 09:00:00+00:00,188.0,190.0,185.0,186.0,58704400.0
2025-08-25 09:00:00+00:00,187.0,198.0,185.0,193.0,150740500.0
2025-08-26 09:00:00+00:00,194.0,216.0,194.0,216.0,1900410100.0
2025-08-27 09:00:00+00:00,216.0,218.0,198.0,200.0,114255100.0
2025-08-28 09:00:00+00:00,202.0,202.0,191.0,194.0,63176500.0
2025-08-29 09:00:00+00:00,191.0,192.0,176.0,185.0,74820100.0
2025-09-01 09:00:00+00:00,180.0,180.0,169.0,180.0,56112800.0
2025-09-02 09:00:00+00:00,180.0,183.0,178.0,183.0,39892300.0
2025-09-03 09:00:00+00:00,184.0,184.0,176.0,179.0,49073400.0
2025-09-04 09:00:00+00:00,180.0,206.0,177.0,200.0,330779300.0
2025-09-08 09:00:00+00:00,200.0,202.0,190.0,192.0,112352100.0
2025-09-09 09:00:00+00:00,193.0,200.0,189.0,196.0,87708700.0
2025-09-10 09:00:00+00:00,197.0,198.0,193.0,193.0,39952000.0
2025-09-11 09:00:00+00:00,194.0,206.0,194.0,197.0,102155900.0
2025-09-12 09:00:00+00:00,197.0,198.0,185.0,194.0,55772300.0
2025-09-15 09:00:00+00:00,194.0,198.0,193.0,198.0,53993500.0
2025-09-16 09:00:00+00:00,199.0,202.0,196.0,199.0,56671800.0
2025-09-17 09:00:00+00:00,200.0,202.0,197.0,198.0,49613600.0
2025-09-18 09:00:00+00:00,197.0,199.0,193.0,194.0,75449900.0
2025-09-19 09:00:00+00:00,195.0,195.0,188.0,190.0,283754700.0
2025-09-22 09:00:00+00:00,189.0,191.0,186.0,190.0,79557700.0
2025-09-23 09:00:00+00:00,191.0,191.0,185.0,187.0,70558400.0
2025-09-24 09:00:00+00:00,187.0,197.0,185.0,194.0,144347000.0
2025-09-25 09:00:00+00:00,195.0,197.0,189.0,190.0,63468500.0
2025-09-26 09:00:00+00:00,190.0,190.0,186.0,186.0,44495500.0
2025-09-29 09:00:00+00:00,187.0,188.0,181.0,184.0,49307800.0
2025-09-30 09:00:00+00:00,184.0,184.0,180.0,180.0,45119400.0
2025-10-01 09:00:00+00:00,181.0,181.0,173.0,175.0,61924300.0
2025-10-02 09:00:00+00:00,176.0,176.0,171.0,174.0,48008200.0
2025-10-03 09:00:00+00:00,174.0,174.0,169.0,173.0,50681900.0
2025-10-06 09:00:00+00:00,173.0,179.0,170.0,174.0,138018500.0
2025-10-07 09:00:00+00:00,174.0,176.0,172.0,174.0,93025900.0
2025-10-08 09:00:00+00:00,174.0,175.0,169.0,170.0,94688800.0
2025-10-09 09:00:00+00:00,170.0,170.0,166.0,168.0,96624900.0
2025-10-10 09:00:00+00:00,169.0,169.0,163.0,163.0,88801300.0
2025-10-13 09:00:00+00:00,161.0,166.0,160.0,162.0,97244300.0
2025-10-14 09:00:00+00:00,162.0,170.0,157.0,160.0,110075200.0
2025-10-15 09:00:00+00:00,161.0,163.0,157.0,160.0,95965800.0
2025-10-16 09:00:00+00:00,161.0,165.0,160.0,162.0,108262100.0
2025-10-17 09:00:00+00:00,163.0,163.0,148.0,150.0,100529700.0
2025-10-20 09:00:00+00:00,151.0,152.0,147.0,150.0,104225300.0
2025-10-21 09:00:00+00:00,151.0,154.0,148.0,154.0,108726700.0
2025-10-22 09:00:00+00:00,155.0,157.0,150.0,151.0,106750900.0
2025-10-23 09:00:00+00:00,152.0,161.0,149.0,153.0,166610700.0
2025-10-24 09:00:00+00:00,154.0,154.0,149.0,149.0,101881700.0
2025-10-27 09:00:00+00:00,150.0,151.0,142.0,143.0,109627500.0
2025-10-28 09:00:00+00:00,144.0,146.0,143.0,145.0,96001600.0
2025-10-29 09:00:00+00:00,146.0,147.0,142.0,145.0,93969900.0
2025-10-30 09:00:00+00:00,146.0,146.0,142.0,145.0,78867600.0
2025-10-31 09:00:00+00:00,146.0,148.0,144.0,146.0,96362100.0
2025-11-03 09:00:00+00:00,147.0,148.0,144.0,147.0,107800700.0
2025-11-04 09:00:00+00:00,147.0,149.0,146.0,147.0,103731000.0
2025-11-05 09:00:00+00:00,148.0,148.0,143.0,145.0,91646800.0
2025-11-06 09:00:00+00:00,146.0,146.0,143.0,146.0,91856500.0
2025-11-07 09:00:00+00:00,147.0,148.0,143.0,147.0,82237100.0
2025-11-10 09:00:00+00:00,148.0,149.0,144.0,146.0,78860000.0
2025-11-11 09:00:00+00:00,147.0,147.0,143.0,143.0,70117400.0
2025-11-12 09:00:00+00:00,144.0,145.0,142.0,144.0,108322800.0
2025-11-13 09:00:00+00:00,145.0,154.0,144.0,148.0,212787100.0
2025-11-14 09:00:00+00:00,149.0,149.0,143.0,145.0,54626600.0
2025-11-17 09:00:00+00:00,145.0,145.0,143.0,143.0,93634700.0
2025-11-18 09:00:00+00:00,144.0,145.0,139.0,143.0,89721600.0
2025-11-19 09:00:00+00:00,144.0,144.0,140.0,140.0,83906100.0
2025-11-20 09:00:00+00:00,141.0,143.0,138.0,140.0,70466100.0
2025-11-21 09:00:00+00:00,140.0,140.0,136.0,137.0,77146800.0
2025-11-24 09:00:00+00:00,137.0,140.0,133.0,140.0,144502900.0
2025-11-25 09:00:00+00:00,140.0,140.0,137.0,137.0,81682400.0
2025-11-26 09:00:00+00:00,138.0,139.0,135.0,135.0,81594500.0
2025-11-27 09:00:00+00:00,135.0,137.0,134.0,135.0,70160700.0
2025-11-28 09:00:00+00:00,136.0,137.0,134.0,135.0,71034900.0
2025-12-01 09:00:00+00:00,135.0,135.0,131.0,132.0,84633000.0
2025-12-02 09:00:00+00:00,133.0,138.0,132.0,134.0,103133700.0
2025-12-03 09:00:00+00:00,135.0,138.0,134.0,137.0,91735600.0
2025-12-04 09:00:00+00:00,138.0,138.0,133.0,136.0,75927100.0
2025-12-05 09:00:00+00:00,137.0,137.0,133.0,135.0,58088600.0
2025-12-08 09:00:00+00:00,135.0,136.0,134.0,134.0,89293400.0
2025-12-09 09:00:00+00:00,135.0,136.0,132.0,133.0,73244400.0
2025-12-10 09:00:00+00:00,134.0,140.0,132.0,134.0,164327200.0
2025-12-11 09:00:00+00:00,134.0,136.0,130.0,134.0,207150300.0
2025-12-12 09:00:00+00:00,134.0,135.0,131.0,134.0,77312900.0
2025-12-15 09:00:00+00:00,135.0,143.0,133.0,137.0,164410300.0
2025-12-16 09:00:00+00:00,138.0,140.0,135.0,136.0,79769200.0
2025-12-17 09:00:00+00:00,137.0,138.0,135.0,137.0,62948900.0
2025-12-18 09:00:00+00:00,137.0,140.0,136.0,140.0,91571600.0
2025-12-19 09:00:00+00:00,141.0,142.0,135.0,137.0,92142100.0
2025-12-22 09:00:00+00:00,138.0,138.0,133.0,136.0,58579800.0
2025-12-23 09:00:00+00:00,136.0,141.0,135.0,137.0,85787800.0
2025-12-24 09:00:00+00:00,136.0,145.0,136.0,139.0,98153500.0
2025-12-29 09:00:00+00:00,141.0,145.0,138.0,145.0,83515800.0
2025-12-30 09:00:00+00:00,145.0,150.0,142.0,148.0,91380600.0
2026-01-02 09:00:00+00:00,150.0,157.0,148.0,157.0,122066000.0
2026-01-05 09:00:00+00:00,157.0,169.0,151.0,169.0,148223900.0
2026-01-06 09:00:00+00:00,171.0,172.0,162.0,170.0,90185300.0
2026-01-07 09:00:00+00:00,170.0,220.0,164.0,210.0,545698600.0
2026-01-08 09:00:00+00:00,216.0,230.0,200.0,202.0,255313400.0
2026-01-09 09:00:00+00:00,204.0,230.0,204.0,224.0,204848200.0
2026-01-12 09:00:00+00:00,222.0,280.0,218.0,280.0,495452500.0
2026-01-13 09:00:00+00:00,298.0,300.0,252.0,268.0,244794500.0
2026-01-14 09:00:00+00:00,268.0,282.0,256.0,268.0,140015800.0
2026-01-15 09:00:00+00:00,268.0,278.0,244.0,262.0,90860400.0
2026-01-19 09:00:00+00:00,264.0,274.0,250.0,272.0,70993200.0
2026-01-20 09:00:00+00:00,272.0,292.0,260.0,284.0,170849200.0
2026-01-21 09:00:00+00:00,284.0,300.0,262.0,274.0,180520800.0
2026-01-22 09:00:00+00:00,274.0,290.0,268.0,286.0,99850000.0
2026-01-23 09:00:00+00:00,286.0,288.0,262.0,272.0,70292400.0
2026-01-26 09:00:00+00:00,272.0,280.0,254.0,258.0,78749500.0
2026-01-27 09:00:00+00:00,258.0,258.0,224.0,246.0,103676500.0
2026-01-28 09:00:00+00:00,216.0,236.0,210.0,218.0,95501700.0
2026-01-29 09:00:00+00:00,218.0,218.0,186.0,197.0,138943100.0
2026-01-30 09:00:00+00:00,199.0,206.0,183.0,187.0,98623300.0
2026-02-02 09:00:00+00:00,185.0,186.0,164.0,180.0,84704400.0
2026-02-03 09:00:00+00:00,180.0,185.0,169.0,181.0,64052900.0
2026-02-04 09:00:00+00:00,178.0,186.0,171.0,174.0,88468000.0
2026-02-05 09:00:00+00:00,174.0,182.0,171.0,175.0,46413800.0
2026-02-06 09:00:00+00:00,171.0,173.0,152.0,157.0,76605600.0
2026-02-09 09:00:00+00:00,155.0,165.0,151.0,162.0,45079200.0
2026-02-10 09:00:00+00:00,164.0,168.0,157.0,163.0,84962300.0
2026-02-11 09:00:00+00:00,163.0,181.0,161.0,175.0,174097000.0
2026-02-12 09:00:00+00:00,175.0,177.0,161.0,162.0,126157500.0
2026-02-13 09:00:00+00:00,162.0,164.0,156.0,156.0,73720300.0
2026-02-18 09:00:00+00:00,156.0,156.0,133.0,133.0,1011944100.0
2026-02-19 09:00:00+00:00,134.0,134.0,119.0,125.0,623144300.0
2026-02-20 09:00:00+00:00,127.0,134.0,126.0,127.0,511243000.0
2026-02-23 09:00:00+00:00,127.0,128.0,122.0,124.0,135974400.0
2026-02-24 09:00:00+00:00,126.0,128.0,119.0,121.0,197830800.0
2026-02-25 09:00:00+00:00,121.0,121.0,116.0,117.0,134454400.0
2026-02-26 09:00:00+00:00,118.0,131.0,118.0,128.0,637619600.0
2026-02-27 09:00:00+00:00,127.0,130.0,120.0,123.0,319777000.0
2026-03-02 09:00:00+00:00,120.0,120.0,114.0,115.0,191303500.0
2026-03-03 09:00:00+00:00,116.0,118.0,112.0,115.0,83577500.0
2026-03-04 09:00:00+00:00,115.0,115.0,105.0,109.0,159787900.0
2026-03-05 09:00:00+00:00,109.0,114.0,109.0,111.0,63323600.0
2026-03-06 09:00:00+00:00,112.0,112.0,107.0,111.0,68327700.0
2026-03-09 09:00:00+00:00,108.0,108.0,98.0,104.0,92950700.0
2026-03-10 09:00:00+00:00,105.0,108.0,100.0,103.0,76340100.0
2026-03-11 09:00:00+00:00,103.0,105.0,101.0,102.0,39411300.0
2026-03-12 09:00:00+00:00,102.0,109.0,101.0,102.0,133398500.0
2026-03-13 09:00:00+00:00,102.0,102.0,95.0,100.0,70795600.0
2026-03-16 09:00:00+00:00,99.0,100.0,93.0,99.0,48486700.0
2026-03-17 09:00:00+00:00,100.0,100.0,95.0,98.0,52498500.0
2026-03-25 09:00:00+00:00,100.0,102.0,95.0,102.0,50362500.0
2026-03-26 09:00:00+00:00,103.0,104.0,98.0,99.0,41547200.0
2026-03-27 09:00:00+00:00,99.0,99.0,97.0,99.0,40086900.0
2026-03-30 09:00:00+00:00,98.0,104.0,95.0,102.0,80161600.0
2026-03-31 09:00:00+00:00,102.0,104.0,99.0,101.0,63670100.0
2026-04-01 09:00:00+00:00,102.0,106.0,101.0,105.0,94230700.0
2026-04-02 09:00:00+00:00,105.0,123.0,104.0,110.0,685055300.0
2026-04-06 09:00:00+00:00,110.0,112.0,106.0,108.0,104132400.0
2026-04-07 09:00:00+00:00,109.0,111.0,106.0,107.0,82638100.0
2026-04-08 09:00:00+00:00,107.0,112.0,106.0,111.0,126524600.0
2026-04-09 09:00:00+00:00,112.0,116.0,108.0,115.0,182125000.0
2026-04-10 09:00:00+00:00,115.0,119.0,113.0,116.0,165009200.0
2026-04-13 09:00:00+00:00,114.0,128.0,112.0,126.0,368331900.0
2026-04-14 09:00:00+00:00,126.0,129.0,123.0,127.0,190251100.0
2026-04-15 09:00:00+00:00,127.0,145.0,125.0,140.0,707338900.0
2026-04-16 09:00:00+00:00,144.0,154.0,131.0,138.0,566460300.0
2026-04-17 09:00:00+00:00,140.0,140.0,126.0,129.0,225634000.0
2026-04-20 09:00:00+00:00,129.0,136.0,127.0,129.0,186093400.0
2026-04-21 09:00:00+00:00,129.0,130.0,121.0,126.0,143452200.0
2026-04-22 09:00:00+00:00,126.0,132.0,125.0,129.0,187941600.0
2026-04-23 09:00:00+00:00,129.0,129.0,117.0,117.0,152783800.0
2026-04-24 09:00:00+00:00,117.0,118.0,112.0,113.0,127505100.0
2026-04-27 09:00:00+00:00,113.0,115.0,109.0,111.0,82352000.0
2026-04-28 09:00:00+00:00,110.0,112.0,108.0,109.0,38041000.0
2026-04-29 09:00:00+00:00,109.0,122.0,109.0,119.0,201133800.0
2026-04-30 09:00:00+00:00,119.0,119.0,108.0,111.0,82532100.0
2026-05-04 09:00:00+00:00,112.0,115.0,110.0,112.0,48528200.0
2026-05-05 09:00:00+00:00,112.0,113.0,109.0,112.0,37665900.0
2026-05-06 09:00:00+00:00,112.0,114.0,110.0,114.0,66338400.0
2026-05-07 09:00:00+00:00,114.0,116.0,110.0,111.0,62413500.0
2026-05-08 09:00:00+00:00,112.0,112.0,105.0,107.0,60259500.0
2026-05-11 09:00:00+00:00,107.0,107.0,101.0,101.0,58420600.0
2026-05-12 09:00:00+00:00,101.0,106.0,100.0,103.0,40591700.0
2026-05-13 09:00:00+00:00,103.0,103.0,100.0,102.0,69638300.0
2026-05-14 09:00:00+00:00,102.0,102.0,102.0,102.0,0.0
2026-05-15 09:00:00+00:00,102.0,102.0,102.0,102.0,0.0
2026-05-18 09:00:00+00:00,102.0,102.0,95.0,100.0,59604900.0
2026-05-19 09:00:00+00:00,100.0,102.0,94.0,96.0,58527500.0
2026-05-20 09:00:00+00:00,96.0,98.0,91.0,96.0,69085600.0
2026-05-21 09:00:00+00:00,96.0,97.0,85.0,87.0,69622300.0
2026-05-22 09:00:00+00:00,87.0,92.0,83.0,90.0,60608900.0
2026-05-25 09:00:00+00:00,90.0,98.0,90.0,96.0,92272000.0
2026-05-26 09:00:00+00:00,95.0,96.0,91.0,96.0,60804200.0
2026-05-27 09:00:00+00:00,96.0,96.0,96.0,96.0,0.0
2026-05-28 09:00:00+00:00,96.0,96.0,96.0,96.0,0.0
2026-05-29 09:00:00+00:00,95.0,97.0,91.0,94.0,341117500.0
2026-06-02 09:00:00+00:00,95.0,96.0,91.0,91.0,43308900.0
2026-06-03 09:00:00+00:00,92.0,100.0,87.0,95.0,171714400.0
2026-06-04 09:00:00+00:00,96.0,98.0,88.0,90.0,60073100.0
2026-06-05 09:00:00+00:00,89.0,91.0,83.0,83.0,36123000.0
2026-06-08 09:00:00+00:00,84.0,84.0,72.0,76.0,76168100.0
2026-06-09 09:00:00+00:00,77.0,89.0,75.0,89.0,97871600.0
2026-06-10 09:00:00+00:00,89.0,91.0,82.0,84.0,72269100.0
2026-06-11 09:00:00+00:00,84.0,85.0,80.0,83.0,67088300.0
2026-06-12 09:00:00+00:00,83.0,86.0,82.0,85.0,64987500.0
2026-06-15 09:00:00+00:00,86.0,93.0,85.0,90.0,97109900.0
2026-06-17 09:00:00+00:00,91.0,91.0,85.0,88.0,52487400.0
2026-06-18 09:00:00+00:00,88.0,88.0,84.0,86.0,65087400.0
2026-06-19 09:00:00+00:00,87.0,87.0,82.0,82.0,71276900.0
2026-06-22 09:00:00+00:00,83.0,84.0,78.0,81.0,44996500.0
2026-06-23 09:00:00+00:00,81.0,82.0,79.0,82.0,51947500.0
2026-06-24 09:00:00+00:00,83.0,83.0,76.0,77.0,52240500.0
2026-06-25 09:00:00+00:00,75.0,82.0,75.0,82.0,72418000.0
2026-06-26 09:00:00+00:00,81.0,81.0,76.0,79.0,42307500.0
2026-06-29 09:00:00+00:00,80.0,81.0,75.0,76.0,73345800.0
2026-06-30 09:00:00+00:00,76.0,79.0,71.0,74.0,82632300.0
2026-07-01 09:00:00+00:00,75.0,75.0,71.0,73.0,38077800.0
2026-07-02 09:00:00+00:00,74.0,74.0,70.0,72.0,56887500.0
2026-07-03 09:00:00+00:00,72.0,77.0,71.0,73.0,85266700.0
2026-07-06 09:00:00+00:00,74.0,79.0,72.0,79.0,178964200.0
2026-07-07 09:00:00+00:00,78.0,83.0,75.0,83.0,135188600.0
2026-07-08 09:00:00+00:00,83.0,84.0,76.0,77.0,164136700.0
2026-07-09 09:00:00+00:00,76.0,78.0,73.0,78.0,135749400.0
2026-07-10 09:00:00+00:00,78.0,79.0,76.0,79.0,124064100.0
2026-07-13 09:00:00+00:00,78.0,80.0,77.0,80.0,125159200.0
2026-07-14 09:00:00+00:00,80.0,83.0,79.0,81.0,183223600.0
2026-07-15 09:00:00+00:00,81.0,82.0,79.0,82.0,102154400.0
2026-07-16 09:00:00+00:00,82.0,88.0,80.0,88.0,150310900.0
2026-07-17 09:00:00+00:00,86.0,87.0,83.0,85.0,135154200.0
2026-07-20 09:00:00+00:00,85.0,86.0,83.0,86.0,118513200.0
2026-07-21 09:00:00+00:00,86.0,89.0,84.0,89.0,112800700.0
2026-07-22 09:00:00+00:00,89.0,90.0,84.0,85.0,156811500.0
2026-07-23 09:00:00+00:00,85.0,89.0,83.0,85.0,135651200.0
2026-07-24 09:00:00+00:00,84.0,84.0,80.0,81.0,157170500.0
2026-07-27 09:00:00+00:00,80.0,82.0,79.0,82.0,80048400.0
2026-07-28 09:00:00+00:00,82.0,83.0,81.0,82.0,92388300.0
2026-07-29 09:00:00+00:00,83.0,83.0,78.0,80.0,104762600.0
2026-07-30 09:00:00+00:00,80.0,82.0,79.0,81.0,92818600.0
2026-07-31 09:00:00+00:00,82.0,86.0,80.0,83.0,265142400.0
2026-08-03 09:00:00+00:00,84.0,88.0,81.0,86.0,170063600.0
2026-08-04 09:00:00+00:00,86.0,87.0,81.0,83.0,184856900.0
2026-08-05 09:00:00+00:00,83.0,84.0,81.0,81.0,160305800.0
2026-08-06 09:00:00+00:00,82.0,82.0,76.0,78.0,445455300.0
2026-08-07 09:00:00+00:00,78.0,79.0,75.0,77.0,235701500.0
2026-08-10 09:00:00+00:00,77.0,78.0,76.0,77.0,165606600.0
2026-08-11 09:00:00+00:00,77.0,77.0,74.0,74.0,164626000.0
2026-08-12 09:00:00+00:00,74.0,75.0,72.0,74.0,189570600.0
2026-08-13 09:00:00+00:00,72.0,72.0,66.0,70.0,256682900.0
2026-08-14 09:00:00+00:00,71.0,71.0,67.0,70.0,151225500.0
2026-08-18 09:00:00+00:00,70.0,71.0,66.0,69.0,253603200.0
2026-08-19 09:00:00+00:00,69.0,69.0,66.0,66.0,227114500.0
2026-08-20 09:00:00+00:00,66.0,71.0,63.0,70.0,391555400.0
2026-08-21 09:00:00+00:00,70.0,71.0,66.0,67.0,209328000.0
2026-08-24 09:00:00+00:00,67.0,68.0,65.0,66.0,114910600.0
2026-08-25 09:00:00+00:00,66.0,66.0,66.0,66.0,0.0
2026-08-26 09:00:00+00:00,66.0,66.0,62.0,66.0,303307300.0
2026-08-27 09:00:00+00:00,65.0,68.0,64.0,66.0,124719100.0
2026-08-28 09:00:00+00:00,67.0,67.0,64.0,66.0,102297900.0
2026-08-31 09:00:00+00:00,66.0,70.0,65.0,65.0,824417300.0
2026-09-01 09:00:00+00:00,66.0,68.0,64.0,67.0,285566900.0
2026-09-02 09:00:00+00:00,68.0,68.0,65.0,66.0,165024900.0
2026-09-03 09:00:00+00:00,66.0,68.0,65.0,66.0,137046900.0
2026-09-04 09:00:00+00:00,66.0,67.0,65.0,66.0,111853400.0
2026-09-07 09:00:00+00:00,65.0,69.0,65.0,68.0,277414800.0
2026-09-08 09:00:00+00:00,68.0,69.0,66.0,66.0,218275300.0
2026-09-09 09:00:00+00:00,66.0,67.0,64.0,66.0,261509200.0
2026-09-10 09:00:00+00:00,65.0,89.0,65.0,85.0,4788733500.0
2026-09-11 09:00:00+00:00,81.0,87.0,75.0,79.0,2148800900.0
2026-09-14 09:00:00+00:00,80.0,82.0,75.0,81.0,817150400.0
2026-09-15 09:00:00+00:00,81.0,83.0,76.0,76.0,480237400.0
2026-09-16 09:00:00+00:00,76.0,77.0,70.0,72.0,499753400.0
