ts,open,high,low,close,volume
2018-09-04 09:00:00+00:00,8775.0,8800.0,8625.0,8650.0,3434000.0
2018-09-05 09:00:00+00:00,8625.0,8625.0,8325.0,8400.0,3221100.0
2018-09-06 09:00:00+00:00,8350.0,8750.0,8350.0,8650.0,3732200.0
2018-09-07 09:00:00+00:00,8700.0,8850.0,8550.0,8850.0,4017100.0
2018-09-10 09:00:00+00:00,8850.0,8950.0,8650.0,8900.0,2134000.0
2018-09-11 09:00:00+00:00,8900.0,8900.0,8900.0,8900.0,0.0
2018-09-12 09:00:00+00:00,8900.0,8950.0,8725.0,8875.0,3262700.0
2018-09-13 09:00:00+00:00,8900.0,8975.0,8750.0,8850.0,1077900.0
2018-09-14 09:00:00+00:00,8875.0,8950.0,8825.0,8925.0,2550700.0
2018-09-17 09:00:00+00:00,8950.0,8950.0,8800.0,8825.0,2265300.0
2018-09-18 09:00:00+00:00,8900.0,8900.0,8650.0,8775.0,1789400.0
2018-09-19 09:00:00+00:00,8875.0,8875.0,8675.0,8725.0,2291900.0
2018-09-20 09:00:00+00:00,8775.0,8850.0,8775.0,8850.0,1868600.0
2018-09-21 09:00:00+00:00,8900.0,8950.0,8800.0,8950.0,3613300.0
2018-09-24 09:00:00+00:00,8900.0,8900.0,8675.0,8800.0,1015200.0
2018-09-25 09:00:00+00:00,8700.0,8850.0,8700.0,8850.0,707900.0
2018-09-26 09:00:00+00:00,8700.0,8825.0,8600.0,8600.0,1980700.0
2018-09-27 09:00:00+00:00,8725.0,8850.0,8700.0,8825.0,2377000.0
2018-09-28 09:00:00+00:00,8800.0,8850.0,8775.0,8825.0,10593300.0
2018-10-01 09:00:00+00:00,8800.0,8925.0,8800.0,8825.0,2298200.0
2018-10-02 09:00:00+00:00,8825.0,8975.0,8825.0,8950.0,2330900.0
2018-10-03 09:00:00+00:00,8950.0,8950.0,8775.0,8825.0,1461100.0
2018-10-04 09:00:00+00:00,8800.0,8925.0,8750.0,8825.0,8672200.0
2018-10-05 09:00:00+00:00,8825.0,8875.0,8725.0,8800.0,3270600.0
2018-10-08 09:00:00+00:00,8800.0,8850.0,8775.0,8825.0,6186600.0
2018-10-09 09:00:00+00:00,8850.0,8900.0,8750.0,8875.0,2333800.0
2018-10-10 09:00:00+00:00,8850.0,8875.0,8625.0,8625.0,4218800.0
2018-10-11 09:00:00+00:00,8750.0,8775.0,8500.0,8575.0,2258900.0
2018-10-12 09:00:00+00:00,8700.0,8800.0,8600.0,8725.0,2614400.0
2018-10-15 09:00:00+00:00,8725.0,8750.0,8675.0,8725.0,1846700.0
2018-10-16 09:00:00+00:00,8700.0,8775.0,8700.0,8750.0,1266800.0
2018-10-17 09:00:00+00:00,8800.0,8800.0,8725.0,8800.0,3144600.0
2018-10-18 09:00:00+00:00,8850.0,8850.0,8750.0,8850.0,708700.0
2018-10-19 09:00:00+00:00,8750.0,8850.0,8750.0,8775.0,1054400.0
2018-10-22 09:00:00+00:00,8775.0,8800.0,8725.0,8750.0,4283800.0
2018-10-23 09:00:00+00:00,8675.0,8800.0,8675.0,8750.0,6620300.0
2018-10-24 09:00:00+00:00,8800.0,8800.0,8725.0,8750.0,4655500.0
2018-10-25 09:00:00+00:00,8500.0,8800.0,8500.0,8775.0,2652600.0
2018-10-26 09:00:00+00:00,8650.0,8800.0,8650.0,8775.0,2886000.0
2018-10-29 09:00:00+00:00,8850.0,8850.0,8750.0,8800.0,2504200.0
2018-10-30 09:00:00+00:00,8650.0,8800.0,8600.0,8650.0,6590800.0
2018-10-31 09:00:00+00:00,8700.0,9050.0,8700.0,8925.0,17387500.0
2018-11-01 09:00:00+00:00,8975.0,9025.0,8875.0,8925.0,4464800.0
2018-11-02 09:00:00+00:00,9025.0,9025.0,8875.0,8925.0,7017900.0
2018-11-05 09:00:00+00:00,8950.0,9000.0,8925.0,8975.0,4029700.0
2018-11-06 09:00:00+00:00,9000.0,9000.0,8825.0,8900.0,3141600.0
2018-11-07 09:00:00+00:00,8950.0,8975.0,8675.0,8725.0,6283800.0
2018-11-08 09:00:00+00:00,8825.0,8825.0,8700.0,8750.0,5848100.0
2018-11-09 09:00:00+00:00,8750.0,8750.0,8475.0,8575.0,8597400.0
2018-11-12 09:00:00+00:00,8525.0,8600.0,8300.0,8425.0,4511300.0
2018-11-13 09:00:00+00:00,8400.0,8675.0,8325.0,8550.0,2443500.0
2018-11-14 09:00:00+00:00,8550.0,8700.0,8550.0,8700.0,1716000.0
2018-11-15 09:00:00+00:00,8700.0,8775.0,8675.0,8725.0,3112700.0
2018-11-16 09:00:00+00:00,8775.0,8800.0,8700.0,8775.0,3503600.0
2018-11-19 09:00:00+00:00,8800.0,8800.0,8650.0,8775.0,3051900.0
2018-11-20 09:00:00+00:00,8775.0,8775.0,8775.0,8775.0,0.0
2018-11-21 09:00:00+00:00,8750.0,8875.0,8700.0,8850.0,8274600.0
2018-11-22 09:00:00+00:00,8875.0,8950.0,8850.0,8950.0,7275300.0
2018-11-23 09:00:00+00:00,8975.0,9000.0,8875.0,8925.0,2860800.0
2018-11-26 09:00:00+00:00,8975.0,8975.0,8850.0,8900.0,3159600.0
2018-11-27 09:00:00+00:00,8925.0,8975.0,8875.0,8950.0,3747100.0
2018-11-28 09:00:00+00:00,8975.0,9000.0,8950.0,9000.0,3249300.0
2018-11-29 09:00:00+00:00,9025.0,9700.0,9025.0,9700.0,24076300.0
2018-11-30 09:00:00+00:00,9700.0,9875.0,9675.0,9850.0,18507400.0
2018-12-03 09:00:00+00:00,9975.0,9975.0,9625.0,9625.0,3880300.0
2018-12-04 09:00:00+00:00,9450.0,9750.0,9450.0,9750.0,5133200.0
2018-12-05 09:00:00+00:00,9650.0,9750.0,9450.0,9750.0,2964800.0
2018-12-06 09:00:00+00:00,9750.0,9750.0,9550.0,9700.0,4119600.0
2018-12-07 09:00:00+00:00,9600.0,9775.0,9600.0,9700.0,8743900.0
2018-12-10 09:00:00+00:00,9650.0,9750.0,9550.0,9725.0,1197100.0
2018-12-11 09:00:00+00:00,9725.0,9750.0,9650.0,9700.0,2852500.0
2018-12-12 09:00:00+00:00,9775.0,9800.0,9550.0,9675.0,6880600.0
2018-12-13 09:00:00+00:00,9800.0,9950.0,9650.0,9825.0,11804000.0
2018-12-14 09:00:00+00:00,9900.0,10325.0,9900.0,10100.0,14592100.0
2018-12-17 09:00:00+00:00,10200.0,10250.0,10000.0,10125.0,5966000.0
2018-12-18 09:00:00+00:00,10050.0,10225.0,10025.0,10050.0,8961500.0
2018-12-19 09:00:00+00:00,10100.0,10225.0,10025.0,10200.0,5853500.0
2018-12-20 09:00:00+00:00,10200.0,10500.0,10150.0,10475.0,24269900.0
2018-12-21 09:00:00+00:00,10250.0,10525.0,10250.0,10525.0,7629400.0
2018-12-24 09:00:00+00:00,10525.0,10525.0,10525.0,10525.0,0.0
2018-12-25 09:00:00+00:00,10525.0,10525.0,10525.0,10525.0,0.0
2018-12-26 09:00:00+00:00,10550.0,10550.0,10125.0,10250.0,3278500.0
2018-12-27 09:00:00+00:00,10400.0,10725.0,10400.0,10700.0,6170400.0
2018-12-28 09:00:00+00:00,10700.0,10825.0,10450.0,10450.0,6873000.0
2018-12-31 09:00:00+00:00,10450.0,10450.0,10450.0,10450.0,0.0
2019-01-01 09:00:00+00:00,10450.0,10450.0,10450.0,10450.0,0.0
2019-01-02 09:00:00+00:00,10500.0,10550.0,10200.0,10400.0,1844700.0
2019-01-03 09:00:00+00:00,10525.0,10675.0,10450.0,10575.0,3283000.0
2019-01-04 09:00:00+00:00,10575.0,10600.0,10500.0,10600.0,3964600.0
2019-01-07 09:00:00+00:00,10700.0,10775.0,10225.0,10350.0,5581500.0
2019-01-08 09:00:00+00:00,10350.0,10350.0,10050.0,10175.0,10049900.0
2019-01-09 09:00:00+00:00,10300.0,10300.0,10200.0,10250.0,2295000.0
2019-01-10 09:00:00+00:00,10250.0,10300.0,10075.0,10150.0,6857000.0
2019-01-11 09:00:00+00:00,10275.0,10300.0,10050.0,10150.0,5601300.0
2019-01-14 09:00:00+00:00,10100.0,10175.0,9925.0,10000.0,6259600.0
2019-01-15 09:00:00+00:00,10000.0,10100.0,9925.0,10100.0,5476000.0
2019-01-16 09:00:00+00:00,10150.0,10250.0,9975.0,10025.0,7694600.0
2019-01-17 09:00:00+00:00,10025.0,10175.0,9975.0,10000.0,4156500.0
2019-01-18 09:00:00+00:00,10125.0,10150.0,10075.0,10150.0,13240200.0
2019-01-21 09:00:00+00:00,10200.0,10300.0,10200.0,10200.0,6783200.0
2019-01-22 09:00:00+00:00,10250.0,10475.0,10225.0,10450.0,7422200.0
2019-01-23 09:00:00+00:00,10550.0,10550.0,10450.0,10475.0,6877100.0
2019-01-24 09:00:00+00:00,10525.0,10875.0,10525.0,10850.0,14756500.0
2019-01-25 09:00:00+00:00,10950.0,10950.0,10625.0,10750.0,5926300.0
2019-01-28 09:00:00+00:00,10800.0,10800.0,10550.0,10750.0,9435600.0
2019-01-29 09:00:00+00:00,10800.0,10800.0,10675.0,10725.0,3958700.0
2019-01-30 09:00:00+00:00,10725.0,10800.0,10725.0,10775.0,4598500.0
2019-01-31 09:00:00+00:00,10825.0,10825.0,10700.0,10775.0,11009300.0
2019-02-01 09:00:00+00:00,10900.0,10900.0,10550.0,10750.0,2471600.0
2019-02-04 09:00:00+00:00,10650.0,10800.0,10575.0,10650.0,4469100.0
2019-02-05 09:00:00+00:00,10650.0,10650.0,10650.0,10650.0,0.0
2019-02-06 09:00:00+00:00,10600.0,10700.0,10575.0,10600.0,7406500.0
2019-02-07 09:00:00+00:00,10650.0,10650.0,10375.0,10525.0,3523400.0
2019-02-08 09:00:00+00:00,10600.0,10725.0,10450.0,10600.0,5670000.0
2019-02-11 09:00:00+00:00,10600.0,10600.0,10450.0,10500.0,4834800.0
2019-02-12 09:00:00+00:00,10500.0,10600.0,10450.0,10450.0,5405200.0
2019-02-13 09:00:00+00:00,10450.0,10700.0,10425.0,10425.0,3454900.0
2019-02-14 09:00:00+00:00,10425.0,10525.0,10425.0,10500.0,4307200.0
2019-02-15 09:00:00+00:00,10450.0,10600.0,10300.0,10425.0,3255100.0
2019-02-18 09:00:00+00:00,10525.0,10600.0,10425.0,10550.0,5625800.0
2019-02-19 09:00:00+00:00,10550.0,10575.0,10475.0,10475.0,3472600.0
2019-02-20 09:00:00+00:00,10500.0,10525.0,10350.0,10500.0,6394400.0
2019-02-21 09:00:00+00:00,10400.0,10550.0,10325.0,10475.0,15449600.0
2019-02-22 09:00:00+00:00,10400.0,10400.0,10300.0,10400.0,8520200.0
2019-02-25 09:00:00+00:00,10450.0,10450.0,10200.0,10250.0,5233500.0
2019-02-26 09:00:00+00:00,10250.0,10400.0,10200.0,10400.0,5769300.0
2019-02-27 09:00:00+00:00,10400.0,10500.0,10350.0,10425.0,4188700.0
2019-02-28 09:00:00+00:00,10400.0,10425.0,10225.0,10225.0,5742300.0
2019-03-01 09:00:00+00:00,10375.0,10375.0,10175.0,10300.0,5823400.0
2019-03-04 09:00:00+00:00,10400.0,10450.0,10275.0,10350.0,1743000.0
2019-03-05 09:00:00+00:00,10350.0,10375.0,10200.0,10275.0,1656800.0
2019-03-06 09:00:00+00:00,10275.0,10325.0,10175.0,10250.0,2877200.0
2019-03-07 09:00:00+00:00,10250.0,10250.0,10250.0,10250.0,0.0
2019-03-08 09:00:00+00:00,10400.0,10400.0,10175.0,10250.0,1951100.0
2019-03-11 09:00:00+00:00,10275.0,10350.0,10200.0,10300.0,882300.0
2019-03-12 09:00:00+00:00,10300.0,10325.0,10200.0,10225.0,2133600.0
2019-03-13 09:00:00+00:00,10250.0,10375.0,10250.0,10350.0,2021700.0
2019-03-14 09:00:00+00:00,10350.0,10425.0,10350.0,10375.0,3788300.0
2019-03-15 09:00:00+00:00,10450.0,10500.0,10375.0,10425.0,4923600.0
2019-03-18 09:00:00+00:00,10325.0,10425.0,10325.0,10375.0,2640000.0
2019-03-19 09:00:00+00:00,10425.0,10450.0,10300.0,10300.0,1519700.0
2019-03-20 09:00:00+00:00,10400.0,10400.0,10300.0,10375.0,2728000.0
2019-03-21 09:00:00+00:00,10450.0,10450.0,10275.0,10375.0,1341800.0
2019-03-22 09:00:00+00:00,10450.0,10450.0,10300.0,10325.0,1489800.0
2019-03-25 09:00:00+00:00,10300.0,10300.0,9250.0,9400.0,23557600.0
2019-03-26 09:00:00+00:00,9500.0,9700.0,9475.0,9575.0,8418700.0
2019-03-27 09:00:00+00:00,9550.0,9600.0,8950.0,9150.0,19033200.0
2019-03-28 09:00:00+00:00,9175.0,9325.0,9050.0,9275.0,9427300.0
2019-03-29 09:00:00+00:00,9350.0,9350.0,9250.0,9325.0,6738300.0
2019-04-01 09:00:00+00:00,9400.0,9400.0,9250.0,9250.0,4725200.0
2019-04-02 09:00:00+00:00,9275.0,9300.0,8950.0,9000.0,10437700.0
2019-04-03 09:00:00+00:00,9000.0,9000.0,9000.0,9000.0,0.0
2019-04-04 09:00:00+00:00,9000.0,9125.0,8975.0,9050.0,9460500.0
2019-04-05 09:00:00+00:00,9075.0,9100.0,9000.0,9075.0,4860900.0
2019-04-08 09:00:00+00:00,9075.0,9100.0,8950.0,9025.0,7669000.0
2019-04-09 09:00:00+00:00,9025.0,9275.0,9025.0,9250.0,5422000.0
2019-04-10 09:00:00+00:00,9300.0,9350.0,9150.0,9300.0,6151300.0
2019-04-11 09:00:00+00:00,9375.0,9400.0,9050.0,9050.0,6438100.0
2019-04-12 09:00:00+00:00,9050.0,9075.0,8950.0,9050.0,5680700.0
2019-04-15 09:00:00+00:00,9050.0,9125.0,9025.0,9050.0,7383800.0
2019-04-16 09:00:00+00:00,9050.0,9150.0,9025.0,9075.0,9366900.0
2019-04-17 09:00:00+00:00,9075.0,9075.0,9075.0,9075.0,0.0
2019-04-18 09:00:00+00:00,9200.0,9250.0,8975.0,9100.0,9814000.0
2019-04-19 09:00:00+00:00,9100.0,9100.0,9100.0,9100.0,0.0
2019-04-22 09:00:00+00:00,9100.0,9150.0,9000.0,9025.0,4508800.0
2019-04-23 09:00:00+00:00,9025.0,9250.0,9000.0,9200.0,7391100.0
2019-04-24 09:00:00+00:00,9275.0,9275.0,9150.0,9200.0,4551000.0
2019-04-25 09:00:00+00:00,9200.0,9225.0,9075.0,9075.0,8457600.0
2019-04-26 09:00:00+00:00,9125.0,9250.0,9075.0,9175.0,9330800.0
2019-04-29 09:00:00+00:00,9250.0,9325.0,9150.0,9300.0,7772200.0
2019-04-30 09:00:00+00:00,9475.0,9800.0,9475.0,9725.0,23070300.0
2019-05-01 09:00:00+00:00,9725.0,9725.0,9725.0,9725.0,0.0
2019-05-02 09:00:00+00:00,9725.0,9800.0,9600.0,9700.0,9553100.0
2019-05-03 09:00:00+00:00,9700.0,9700.0,9450.0,9625.0,7205900.0
2019-05-06 09:00:00+00:00,9425.0,9650.0,9425.0,9600.0,4011200.0
2019-05-07 09:00:00+00:00,9650.0,9725.0,9625.0,9700.0,5647100.0
2019-05-08 09:00:00+00:00,9600.0,9700.0,9525.0,9700.0,4525600.0
2019-05-09 09:00:00+00:00,9800.0,9800.0,9600.0,9675.0,7134000.0
2019-05-10 09:00:00+00:00,9600.0,9900.0,9575.0,9825.0,8510000.0
2019-05-13 09:00:00+00:00,9850.0,9900.0,9625.0,9625.0,5054900.0
2019-05-14 09:00:00+00:00,9400.0,9750.0,9350.0,9650.0,5829500.0
2019-05-15 09:00:00+00:00,9500.0,9650.0,9500.0,9525.0,6269800.0
2019-05-16 09:00:00+00:00,9475.0,9725.0,9275.0,9500.0,5387200.0
2019-05-17 09:00:00+00:00,9500.0,9550.0,9250.0,9300.0,3029000.0
2019-05-20 09:00:00+00:00,9300.0,9450.0,9075.0,9375.0,2840200.0
2019-05-21 09:00:00+00:00,9375.0,9650.0,9375.0,9625.0,2987200.0
2019-05-22 09:00:00+00:00,9650.0,9675.0,9325.0,9500.0,2243500.0
2019-05-23 09:00:00+00:00,9550.0,9750.0,9500.0,9725.0,3942700.0
2019-05-24 09:00:00+00:00,9750.0,9775.0,9550.0,9700.0,2087200.0
2019-05-27 09:00:00+00:00,9800.0,9800.0,9675.0,9775.0,2815700.0
2019-05-28 09:00:00+00:00,9800.0,9825.0,9600.0,9725.0,11469100.0
2019-05-29 09:00:00+00:00,9725.0,9725.0,9575.0,9725.0,3939700.0
2019-05-30 09:00:00+00:00,9725.0,9725.0,9725.0,9725.0,0.0
2019-05-31 09:00:00+00:00,9725.0,9800.0,9700.0,9800.0,7160600.0
2019-06-03 09:00:00+00:00,9800.0,9800.0,9800.0,9800.0,0.0
2019-06-04 09:00:00+00:00,9800.0,9800.0,9800.0,9800.0,0.0
2019-06-05 09:00:00+00:00,9800.0,9800.0,9800.0,9800.0,0.0
2019-06-06 09:00:00+00:00,9800.0,9800.0,9800.0,9800.0,0.0
2019-06-07 09:00:00+00:00,9800.0,9800.0,9800.0,9800.0,0.0
2019-06-10 09:00:00+00:00,9900.0,9900.0,9700.0,9800.0,4458100.0
2019-06-11 09:00:00+00:00,9900.0,10150.0,9875.0,10150.0,9200400.0
2019-06-12 09:00:00+00:00,10150.0,10200.0,10050.0,10150.0,4065500.0
2019-06-13 09:00:00+00:00,10200.0,10200.0,9950.0,10000.0,5328600.0
2019-06-14 09:00:00+00:00,10000.0,10050.0,9950.0,9975.0,3172900.0
2019-06-17 09:00:00+00:00,9975.0,10050.0,9875.0,9950.0,2591800.0
2019-06-18 09:00:00+00:00,9975.0,10125.0,9975.0,10125.0,16228900.0
2019-06-20 09:00:00+00:00,10125.0,10175.0,10050.0,10150.0,4722800.0
2019-06-21 09:00:00+00:00,10250.0,10250.0,9950.0,10025.0,12671700.0
2019-06-24 09:00:00+00:00,10000.0,10025.0,9925.0,9950.0,1975100.0
2019-06-25 09:00:00+00:00,9975.0,10100.0,9875.0,10000.0,24636700.0
2019-06-26 09:00:00+00:00,9950.0,10150.0,9925.0,10050.0,4283700.0
2019-06-27 09:00:00+00:00,10050.0,10175.0,10000.0,10150.0,4233600.0
2019-06-28 09:00:00+00:00,10200.0,10200.0,10150.0,10150.0,5163200.0
2019-07-01 09:00:00+00:00,10175.0,10175.0,10025.0,10125.0,1810900.0
2019-07-02 09:00:00+00:00,10000.0,10150.0,9950.0,10125.0,2919400.0
2019-07-03 09:00:00+00:00,10000.0,10125.0,10000.0,10125.0,3023200.0
2019-07-04 09:00:00+00:00,10075.0,10125.0,10075.0,10100.0,1186700.0
2019-07-05 09:00:00+00:00,10025.0,10150.0,10025.0,10100.0,4857300.0
2019-07-08 09:00:00+00:00,10100.0,10125.0,10000.0,10025.0,3219300.0
2019-07-09 09:00:00+00:00,9950.0,10125.0,9950.0,10100.0,2957200.0
2019-07-10 09:00:00+00:00,10050.0,10150.0,10025.0,10125.0,4132100.0
2019-07-11 09:00:00+00:00,10075.0,10250.0,10075.0,10250.0,4959400.0
2019-07-12 09:00:00+00:00,10250.0,10400.0,10200.0,10275.0,4944000.0
2019-07-15 09:00:00+00:00,10400.0,10400.0,10275.0,10375.0,3802600.0
2019-07-16 09:00:00+00:00,10375.0,10425.0,10300.0,10425.0,2887800.0
2019-07-17 09:00:00+00:00,10425.0,10650.0,10350.0,10625.0,4657700.0
2019-07-18 09:00:00+00:00,10625.0,10825.0,10575.0,10725.0,3141500.0
2019-07-19 09:00:00+00:00,10800.0,10850.0,10725.0,10850.0,4500500.0
2019-07-22 09:00:00+00:00,10850.0,10850.0,10550.0,10650.0,2231900.0
2019-07-23 09:00:00+00:00,10650.0,10825.0,10625.0,10725.0,3789800.0
2019-07-24 09:00:00+00:00,10775.0,10775.0,10550.0,10575.0,2573700.0
2019-07-25 09:00:00+00:00,10600.0,10825.0,10575.0,10700.0,4393300.0
2019-07-26 09:00:00+00:00,10675.0,10775.0,10250.0,10575.0,5094200.0
2019-07-29 09:00:00+00:00,10600.0,10600.0,10150.0,10550.0,4662100.0
2019-07-30 09:00:00+00:00,10350.0,10625.0,10325.0,10625.0,6836000.0
2019-07-31 09:00:00+00:00,10700.0,10725.0,10600.0,10700.0,9353300.0
2019-08-01 09:00:00+00:00,10700.0,10825.0,10575.0,10700.0,5747800.0
2019-08-02 09:00:00+00:00,10600.0,10875.0,10600.0,10850.0,6844300.0
2019-08-05 09:00:00+00:00,10800.0,11175.0,10725.0,10875.0,10260200.0
2019-08-06 09:00:00+00:00,10875.0,10875.0,10625.0,10775.0,7514300.0
2019-08-07 09:00:00+00:00,10875.0,11900.0,10850.0,11225.0,8654200.0
2019-08-08 09:00:00+00:00,11100.0,11500.0,11100.0,11175.0,7458300.0
2019-08-09 09:00:00+00:00,11275.0,11350.0,11200.0,11300.0,4156500.0
2019-08-12 09:00:00+00:00,11350.0,11450.0,11225.0,11275.0,2861900.0
2019-08-13 09:00:00+00:00,11500.0,11500.0,11175.0,11250.0,7798500.0
2019-08-14 09:00:00+00:00,11400.0,11400.0,11275.0,11350.0,4994700.0
2019-08-15 09:00:00+00:00,11100.0,11500.0,11050.0,11500.0,7785500.0
2019-08-16 09:00:00+00:00,10750.0,11650.0,10750.0,11625.0,7037500.0
2019-08-19 09:00:00+00:00,11625.0,12125.0,11475.0,11525.0,7924300.0
2019-08-20 09:00:00+00:00,11800.0,11950.0,11600.0,11900.0,11360000.0
2019-08-21 09:00:00+00:00,11875.0,11900.0,11725.0,11800.0,7288200.0
2019-08-22 09:00:00+00:00,11900.0,11900.0,11800.0,11825.0,7625300.0
2019-08-23 09:00:00+00:00,12075.0,12075.0,11700.0,11775.0,7936400.0
2019-08-26 09:00:00+00:00,11675.0,11775.0,11250.0,11750.0,6608200.0
2019-08-27 09:00:00+00:00,11850.0,11850.0,11725.0,11750.0,12491900.0
2019-08-28 09:00:00+00:00,11900.0,11950.0,11775.0,11825.0,8964800.0
2019-08-29 09:00:00+00:00,11825.0,12050.0,11825.0,12000.0,12311400.0
2019-08-30 09:00:00+00:00,12100.0,12100.0,11950.0,12050.0,7502900.0
2019-09-02 09:00:00+00:00,12100.0,12100.0,11950.0,11975.0,2153200.0
2019-09-03 09:00:00+00:00,11975.0,12025.0,11850.0,12000.0,2459000.0
2019-09-04 09:00:00+00:00,12100.0,12100.0,11975.0,12000.0,5760400.0
2019-09-05 09:00:00+00:00,11775.0,12000.0,11700.0,12000.0,4230700.0
2019-09-06 09:00:00+00:00,12000.0,12000.0,11775.0,11900.0,2320000.0
2019-09-09 09:00:00+00:00,11900.0,11950.0,11800.0,11850.0,2642700.0
2019-09-10 09:00:00+00:00,11850.0,12025.0,11825.0,12025.0,4550900.0
2019-09-11 09:00:00+00:00,12025.0,12050.0,11850.0,11950.0,5861100.0
2019-09-12 09:00:00+00:00,12000.0,12025.0,11850.0,11925.0,2164800.0
2019-09-13 09:00:00+00:00,11800.0,11825.0,11550.0,11600.0,4968500.0
2019-09-16 09:00:00+00:00,11500.0,11875.0,11475.0,11825.0,6073500.0
2019-09-17 09:00:00+00:00,11900.0,12000.0,11875.0,11950.0,5113400.0
2019-09-18 09:00:00+00:00,11950.0,12000.0,11850.0,11875.0,2632200.0
2019-09-19 09:00:00+00:00,11975.0,11975.0,11850.0,11900.0,2160600.0
2019-09-20 09:00:00+00:00,11925.0,11950.0,11775.0,11950.0,8730600.0
2019-09-23 09:00:00+00:00,11950.0,11975.0,11850.0,11875.0,2435100.0
2019-09-24 09:00:00+00:00,11950.0,11975.0,11725.0,11800.0,2092300.0
2019-09-25 09:00:00+00:00,11800.0,11850.0,11600.0,11800.0,4008700.0
2019-09-26 09:00:00+00:00,11900.0,12050.0,11875.0,12000.0,4714500.0
2019-09-27 09:00:00+00:00,12000.0,12000.0,11875.0,11950.0,2938500.0
2019-09-30 09:00:00+00:00,11950.0,12025.0,11900.0,12025.0,3417900.0
2019-10-01 09:00:00+00:00,11950.0,11975.0,11875.0,11925.0,2714500.0
2019-10-02 09:00:00+00:00,11975.0,12550.0,11975.0,12200.0,3768000.0
2019-10-03 09:00:00+00:00,12275.0,12400.0,11700.0,12200.0,6457500.0
2019-10-04 09:00:00+00:00,12275.0,12325.0,12150.0,12225.0,1296900.0
2019-10-07 09:00:00+00:00,12225.0,12350.0,12150.0,12275.0,1419100.0
2019-10-08 09:00:00+00:00,12400.0,12400.0,12275.0,12400.0,2937900.0
2019-10-09 09:00:00+00:00,12500.0,12500.0,11975.0,12000.0,3141600.0
2019-10-10 09:00:00+00:00,11875.0,11875.0,11350.0,11450.0,9475400.0
2019-10-11 09:00:00+00:00,11550.0,11675.0,11525.0,11625.0,6715800.0
2019-10-14 09:00:00+00:00,11650.0,11750.0,11550.0,11600.0,6405900.0
2019-10-15 09:00:00+00:00,11550.0,11625.0,11325.0,11375.0,3905000.0
2019-10-16 09:00:00+00:00,11400.0,11600.0,11250.0,11325.0,8774100.0
2019-10-17 09:00:00+00:00,11325.0,11550.0,11325.0,11550.0,4469900.0
2019-10-18 09:00:00+00:00,11575.0,11600.0,11250.0,11275.0,5140100.0
2019-10-21 09:00:00+00:00,11275.0,11600.0,11250.0,11400.0,4684500.0
2019-10-22 09:00:00+00:00,11500.0,11525.0,11375.0,11425.0,5062200.0
2019-10-23 09:00:00+00:00,11425.0,11525.0,11300.0,11500.0,5815300.0
2019-10-24 09:00:00+00:00,11500.0,11625.0,11450.0,11600.0,8818700.0
2019-10-25 09:00:00+00:00,11575.0,11700.0,11200.0,11425.0,5173500.0
2019-10-28 09:00:00+00:00,11450.0,11725.0,11350.0,11700.0,2733100.0
2019-10-29 09:00:00+00:00,11675.0,11700.0,11500.0,11600.0,4852400.0
2019-10-30 09:00:00+00:00,11850.0,11850.0,11600.0,11675.0,4996400.0
2019-10-31 09:00:00+00:00,11650.0,11725.0,11575.0,11625.0,6226300.0
2019-11-01 09:00:00+00:00,11750.0,11750.0,11575.0,11625.0,3642500.0
2019-11-04 09:00:00+00:00,11625.0,11650.0,11325.0,11350.0,4044400.0
2019-11-05 09:00:00+00:00,11300.0,11425.0,11100.0,11200.0,9265000.0
2019-11-06 09:00:00+00:00,11250.0,11325.0,11100.0,11225.0,6111800.0
2019-11-07 09:00:00+00:00,11250.0,11300.0,10800.0,10800.0,6648400.0
2019-11-08 09:00:00+00:00,10775.0,11300.0,10750.0,11275.0,8192000.0
2019-11-11 09:00:00+00:00,11300.0,11475.0,11300.0,11400.0,9711300.0
2019-11-12 09:00:00+00:00,11400.0,11425.0,11300.0,11400.0,6231700.0
2019-11-13 09:00:00+00:00,11400.0,11475.0,11325.0,11475.0,3092400.0
2019-11-14 09:00:00+00:00,11475.0,11500.0,11325.0,11400.0,13000400.0
2019-11-15 09:00:00+00:00,11350.0,11425.0,11350.0,11400.0,8348400.0
2019-11-18 09:00:00+00:00,11400.0,11450.0,11300.0,11400.0,3468700.0
2019-11-19 09:00:00+00:00,11400.0,11425.0,11250.0,11425.0,7517700.0
2019-11-20 09:00:00+00:00,11400.0,11425.0,11350.0,11425.0,2800200.0
2019-11-21 09:00:00+00:00,11400.0,11450.0,11400.0,11400.0,5055700.0
2019-11-22 09:00:00+00:00,11300.0,11425.0,11300.0,11425.0,1941500.0
2019-11-25 09:00:00+00:00,11375.0,11425.0,11375.0,11400.0,8105000.0
2019-11-26 09:00:00+00:00,11375.0,11425.0,11375.0,11375.0,13063100.0
2019-11-27 09:00:00+00:00,11325.0,11550.0,11300.0,11375.0,2689000.0
2019-11-28 09:00:00+00:00,11450.0,11525.0,11325.0,11325.0,2859600.0
2019-11-29 09:00:00+00:00,11325.0,11500.0,11300.0,11325.0,3762100.0
2019-12-02 09:00:00+00:00,11350.0,11500.0,11350.0,11400.0,2671100.0
2019-12-03 09:00:00+00:00,11600.0,11625.0,11375.0,11400.0,2400700.0
2019-12-04 09:00:00+00:00,11400.0,11425.0,11100.0,11100.0,6445900.0
2019-12-05 09:00:00+00:00,11250.0,11325.0,11150.0,11250.0,6379900.0
2019-12-06 09:00:00+00:00,11300.0,11450.0,11250.0,11425.0,2077700.0
2019-12-09 09:00:00+00:00,11425.0,11425.0,11325.0,11375.0,2446300.0
2019-12-10 09:00:00+00:00,11375.0,11550.0,11350.0,11375.0,3879900.0
2019-12-11 09:00:00+00:00,11400.0,11525.0,11400.0,11450.0,2694800.0
2019-12-12 09:00:00+00:00,11525.0,11525.0,11350.0,11375.0,3944900.0
2019-12-13 09:00:00+00:00,11350.0,11475.0,11350.0,11450.0,3441700.0
2019-12-16 09:00:00+00:00,11350.0,11450.0,11325.0,11350.0,4959000.0
2019-12-17 09:00:00+00:00,11325.0,11500.0,11300.0,11500.0,7056800.0
2019-12-18 09:00:00+00:00,11450.0,11500.0,11250.0,11500.0,9347100.0
2019-12-19 09:00:00+00:00,11475.0,11475.0,11375.0,11425.0,3900600.0
2019-12-20 09:00:00+00:00,11400.0,11525.0,11275.0,11525.0,12072700.0
2019-12-23 09:00:00+00:00,11500.0,11500.0,11325.0,11400.0,4627300.0
2019-12-26 09:00:00+00:00,11325.0,11425.0,11250.0,11275.0,2931200.0
2019-12-27 09:00:00+00:00,11275.0,11275.0,11100.0,11175.0,6856300.0
2019-12-30 09:00:00+00:00,11200.0,11275.0,11150.0,11150.0,5838000.0
2020-01-02 09:00:00+00:00,11275.0,11300.0,11100.0,11150.0,1240200.0
2020-01-03 09:00:00+00:00,11150.0,11275.0,11050.0,11250.0,3044300.0
2020-01-06 09:00:00+00:00,11250.0,11550.0,11175.0,11500.0,3369400.0
2020-01-07 09:00:00+00:00,11550.0,11550.0,11200.0,11500.0,4636500.0
2020-01-08 09:00:00+00:00,11300.0,11550.0,11300.0,11550.0,3602100.0
2020-01-09 09:00:00+00:00,11550.0,11550.0,11400.0,11525.0,4490400.0
2020-01-10 09:00:00+00:00,11550.0,11575.0,11475.0,11525.0,4671700.0
2020-01-13 09:00:00+00:00,11600.0,11600.0,11525.0,11550.0,3006900.0
2020-01-14 09:00:00+00:00,11625.0,11625.0,11550.0,11600.0,4265000.0
2020-01-15 09:00:00+00:00,11625.0,11625.0,11425.0,11475.0,4462500.0
2020-01-16 09:00:00+00:00,11475.0,11600.0,11425.0,11600.0,4698300.0
2020-01-17 09:00:00+00:00,11600.0,11600.0,11550.0,11575.0,2827400.0
2020-01-20 09:00:00+00:00,11575.0,11600.0,11550.0,11600.0,3167900.0
2020-01-21 09:00:00+00:00,11625.0,11800.0,11600.0,11700.0,3918900.0
2020-01-22 09:00:00+00:00,11700.0,11875.0,11675.0,11750.0,5004000.0
2020-01-23 09:00:00+00:00,11700.0,11775.0,11650.0,11700.0,1669200.0
2020-01-24 09:00:00+00:00,11675.0,11700.0,11600.0,11700.0,1701000.0
2020-01-27 09:00:00+00:00,11700.0,11725.0,11625.0,11650.0,2236100.0
2020-01-28 09:00:00+00:00,11625.0,11650.0,11300.0,11625.0,3602200.0
2020-01-29 09:00:00+00:00,11650.0,11800.0,11650.0,11700.0,2873700.0
2020-01-30 09:00:00+00:00,11750.0,11900.0,11475.0,11625.0,5091400.0
2020-01-31 09:00:00+00:00,11600.0,11600.0,11375.0,11375.0,6281100.0
2020-02-03 09:00:00+00:00,11375.0,11425.0,11300.0,11400.0,2396500.0
2020-02-04 09:00:00+00:00,11550.0,11700.0,11475.0,11600.0,6060300.0
2020-02-05 09:00:00+00:00,11600.0,11625.0,11450.0,11500.0,2591600.0
2020-02-06 09:00:00+00:00,11475.0,11650.0,11475.0,11500.0,2299400.0
2020-02-07 09:00:00+00:00,11500.0,11550.0,11400.0,11500.0,1786400.0
2020-02-10 09:00:00+00:00,11650.0,11650.0,11400.0,11575.0,2697700.0
2020-02-11 09:00:00+00:00,11575.0,11575.0,11400.0,11475.0,13191900.0
2020-02-12 09:00:00+00:00,11050.0,11050.0,10550.0,10750.0,38781300.0
2020-02-13 09:00:00+00:00,10700.0,10950.0,10600.0,10800.0,6782100.0
2020-02-14 09:00:00+00:00,10825.0,10850.0,10750.0,10775.0,5096600.0
2020-02-17 09:00:00+00:00,10750.0,10925.0,10725.0,10850.0,3487400.0
2020-02-18 09:00:00+00:00,10850.0,10950.0,10825.0,10850.0,5428000.0
2020-02-19 09:00:00+00:00,10950.0,11000.0,10800.0,11000.0,3665500.0
2020-02-20 09:00:00+00:00,11025.0,11375.0,11000.0,11225.0,5472600.0
2020-02-21 09:00:00+00:00,11225.0,11275.0,10925.0,10950.0,4520700.0
2020-02-24 09:00:00+00:00,10750.0,11125.0,10750.0,11025.0,2871700.0
2020-02-25 09:00:00+00:00,11000.0,11075.0,10875.0,10975.0,3213600.0
2020-02-26 09:00:00+00:00,10900.0,10925.0,10775.0,10825.0,4142700.0
2020-02-27 09:00:00+00:00,10750.0,10825.0,10350.0,10550.0,5781400.0
2020-02-28 09:00:00+00:00,10100.0,10450.0,9900.0,10275.0,12019600.0
2020-03-02 09:00:00+00:00,10275.0,10275.0,9975.0,10150.0,6373100.0
2020-03-03 09:00:00+00:00,10650.0,11125.0,10475.0,10950.0,7187600.0
2020-03-04 09:00:00+00:00,10975.0,11000.0,10750.0,10950.0,4640300.0
2020-03-05 09:00:00+00:00,11025.0,11075.0,10800.0,10950.0,6386500.0
2020-03-06 09:00:00+00:00,10750.0,11000.0,10750.0,10950.0,5805700.0
2020-03-09 09:00:00+00:00,10700.0,10700.0,10350.0,10375.0,4459700.0
2020-03-10 09:00:00+00:00,10300.0,11000.0,10300.0,10775.0,4665700.0
2020-03-11 09:00:00+00:00,10775.0,10950.0,10450.0,10950.0,5798300.0
2020-03-12 09:00:00+00:00,10775.0,10950.0,10500.0,10525.0,4114900.0
2020-03-13 09:00:00+00:00,10525.0,11100.0,9800.0,10975.0,9473800.0
2020-03-16 09:00:00+00:00,10825.0,10925.0,10325.0,10400.0,6384200.0
2020-03-17 09:00:00+00:00,10400.0,10500.0,9700.0,9750.0,8147300.0
2020-03-18 09:00:00+00:00,9875.0,9950.0,9075.0,9325.0,6285700.0
2020-03-19 09:00:00+00:00,9100.0,9100.0,8675.0,8850.0,7344600.0
2020-03-20 09:00:00+00:00,9000.0,9700.0,8300.0,8975.0,16501400.0
2020-03-23 09:00:00+00:00,8950.0,8950.0,8350.0,8350.0,4901900.0
2020-03-24 09:00:00+00:00,8300.0,9050.0,8125.0,8300.0,10642400.0
2020-03-26 09:00:00+00:00,8525.0,9900.0,8325.0,9500.0,14307800.0
2020-03-27 09:00:00+00:00,9500.0,10350.0,9500.0,9975.0,6618600.0
2020-03-30 09:00:00+00:00,9950.0,10100.0,9300.0,9650.0,4572400.0
2020-03-31 09:00:00+00:00,9650.0,10700.0,9650.0,10225.0,10710300.0
2020-04-01 09:00:00+00:00,10200.0,10475.0,9900.0,10150.0,4606400.0
2020-04-02 09:00:00+00:00,10100.0,10300.0,9800.0,10200.0,7811800.0
2020-04-03 09:00:00+00:00,10200.0,10300.0,9925.0,10000.0,4190800.0
2020-04-06 09:00:00+00:00,10100.0,10300.0,9950.0,10250.0,5343900.0
2020-04-07 09:00:00+00:00,10350.0,10600.0,9875.0,10075.0,6342100.0
2020-04-08 09:00:00+00:00,10100.0,10200.0,9575.0,9600.0,7488000.0
2020-04-09 09:00:00+00:00,9600.0,10125.0,9600.0,10100.0,5938100.0
2020-04-13 09:00:00+00:00,10100.0,10300.0,10050.0,10200.0,3225000.0
2020-04-14 09:00:00+00:00,10200.0,10350.0,10100.0,10350.0,4600800.0
2020-04-15 09:00:00+00:00,10350.0,10350.0,9900.0,10175.0,3361900.0
2020-04-16 09:00:00+00:00,10175.0,10175.0,9900.0,9900.0,5543800.0
2020-04-17 09:00:00+00:00,10000.0,10300.0,10000.0,10200.0,6244900.0
2020-04-20 09:00:00+00:00,10300.0,10300.0,10025.0,10075.0,5211200.0
2020-04-21 09:00:00+00:00,10075.0,10200.0,9975.0,9975.0,2472900.0
2020-04-22 09:00:00+00:00,10000.0,10175.0,9975.0,10025.0,4752000.0
2020-04-23 09:00:00+00:00,10175.0,10250.0,10050.0,10150.0,5175900.0
2020-04-24 09:00:00+00:00,10200.0,10200.0,9900.0,9900.0,6779300.0
2020-04-27 09:00:00+00:00,9900.0,10050.0,9750.0,9925.0,3587100.0
2020-04-28 09:00:00+00:00,9900.0,10050.0,9900.0,10025.0,3350600.0
2020-04-29 09:00:00+00:00,10050.0,10100.0,9900.0,10000.0,3956900.0
2020-04-30 09:00:00+00:00,10050.0,10150.0,9875.0,9875.0,7794500.0
2020-05-04 09:00:00+00:00,9875.0,9900.0,9700.0,9700.0,5036700.0
2020-05-05 09:00:00+00:00,9850.0,9850.0,9700.0,9750.0,2481700.0
2020-05-06 09:00:00+00:00,9775.0,9875.0,9650.0,9675.0,5417100.0
2020-05-08 09:00:00+00:00,9700.0,9775.0,9550.0,9625.0,7505800.0
2020-05-11 09:00:00+00:00,9725.0,9825.0,9700.0,9750.0,3409000.0
2020-05-12 09:00:00+00:00,9750.0,9800.0,9625.0,9750.0,10015800.0
2020-05-13 09:00:00+00:00,9750.0,9775.0,9600.0,9650.0,3462800.0
2020-05-14 09:00:00+00:00,9675.0,9975.0,9600.0,9725.0,7272200.0
2020-05-15 09:00:00+00:00,9800.0,9900.0,9700.0,9700.0,6164400.0
2020-05-18 09:00:00+00:00,9700.0,9825.0,9625.0,9725.0,3533300.0
2020-05-19 09:00:00+00:00,9800.0,9950.0,9800.0,9900.0,6299300.0
2020-05-20 09:00:00+00:00,9800.0,9900.0,9350.0,9600.0,11973600.0
2020-05-26 09:00:00+00:00,9600.0,9600.0,8950.0,8950.0,10324600.0
2020-05-27 09:00:00+00:00,8700.0,8700.0,8325.0,8325.0,13319000.0
2020-05-28 09:00:00+00:00,8075.0,8575.0,7750.0,8325.0,204450600.0
2020-05-29 09:00:00+00:00,8350.0,8500.0,8150.0,8150.0,61130900.0
2020-06-02 09:00:00+00:00,8250.0,8550.0,8250.0,8475.0,39990400.0
2020-06-03 09:00:00+00:00,8600.0,8800.0,8400.0,8500.0,38866800.0
2020-06-04 09:00:00+00:00,8525.0,8700.0,8500.0,8500.0,28171800.0
2020-06-05 09:00:00+00:00,8525.0,8625.0,8400.0,8625.0,13685700.0
2020-06-08 09:00:00+00:00,8725.0,9000.0,8700.0,8775.0,24469300.0
2020-06-09 09:00:00+00:00,8850.0,8975.0,8800.0,8900.0,21394700.0
2020-06-10 09:00:00+00:00,8800.0,8900.0,8625.0,8650.0,15356000.0
2020-06-11 09:00:00+00:00,8575.0,8750.0,8450.0,8600.0,11516100.0
2020-06-12 09:00:00+00:00,8600.0,8625.0,8200.0,8600.0,15411500.0
2020-06-15 09:00:00+00:00,8600.0,8800.0,8575.0,8700.0,12064600.0
2020-06-16 09:00:00+00:00,8700.0,8900.0,8700.0,8875.0,9437600.0
2020-06-17 09:00:00+00:00,8875.0,9000.0,8875.0,8950.0,7449300.0
2020-06-18 09:00:00+00:00,8900.0,8975.0,8750.0,8750.0,6346200.0
2020-06-19 09:00:00+00:00,8700.0,8925.0,8675.0,8925.0,6381100.0
2020-06-22 09:00:00+00:00,8925.0,9250.0,8900.0,9100.0,15587900.0
2020-06-23 09:00:00+00:00,9150.0,9150.0,8925.0,8925.0,12104800.0
2020-06-24 09:00:00+00:00,8950.0,9075.0,8925.0,9075.0,6518200.0
2020-06-25 09:00:00+00:00,9075.0,9075.0,8950.0,8975.0,5614100.0
2020-06-26 09:00:00+00:00,9075.0,9250.0,9000.0,9225.0,10454900.0
2020-06-29 09:00:00+00:00,9200.0,9450.0,9125.0,9400.0,12020200.0
2020-06-30 09:00:00+00:00,9450.0,9500.0,9350.0,9350.0,13922700.0
2020-07-01 09:00:00+00:00,9350.0,9400.0,9200.0,9200.0,7022000.0
2020-07-02 09:00:00+00:00,9250.0,9550.0,9225.0,9550.0,7749600.0
2020-07-03 09:00:00+00:00,9525.0,9600.0,9400.0,9425.0,3649100.0
2020-07-06 09:00:00+00:00,9425.0,9525.0,9400.0,9425.0,3042600.0
2020-07-07 09:00:00+00:00,9425.0,9500.0,9400.0,9500.0,6629600.0
2020-07-08 09:00:00+00:00,9425.0,9550.0,9300.0,9450.0,9140000.0
2020-07-09 09:00:00+00:00,9500.0,9525.0,9350.0,9350.0,5609200.0
2020-07-10 09:00:00+00:00,9350.0,9400.0,9200.0,9225.0,6827600.0
2020-07-13 09:00:00+00:00,9325.0,9350.0,9225.0,9250.0,4046700.0
2020-07-14 09:00:00+00:00,9400.0,9450.0,9250.0,9450.0,4863900.0
2020-07-15 09:00:00+00:00,9450.0,9500.0,9425.0,9450.0,5436400.0
2020-07-16 09:00:00+00:00,9500.0,9650.0,9450.0,9575.0,12667900.0
2020-07-17 09:00:00+00:00,9650.0,9650.0,9125.0,9275.0,18966400.0
2020-07-20 09:00:00+00:00,9350.0,9425.0,9225.0,9325.0,13802800.0
2020-07-21 09:00:00+00:00,9325.0,9425.0,9325.0,9325.0,7936100.0
2020-07-22 09:00:00+00:00,9375.0,9425.0,9325.0,9375.0,5859000.0
2020-07-23 09:00:00+00:00,9375.0,9475.0,9375.0,9400.0,9044800.0
2020-07-24 09:00:00+00:00,9300.0,9325.0,9175.0,9175.0,9935000.0
2020-07-27 09:00:00+00:00,9200.0,9300.0,9000.0,9000.0,12846800.0
2020-07-28 09:00:00+00:00,9075.0,9150.0,9000.0,9050.0,9219900.0
2020-07-29 09:00:00+00:00,9075.0,9125.0,9050.0,9125.0,6255400.0
2020-07-30 09:00:00+00:00,9125.0,9200.0,9075.0,9200.0,8499300.0
2020-08-03 09:00:00+00:00,9200.0,9400.0,9075.0,9300.0,20483300.0
2020-08-04 09:00:00+00:00,9425.0,10425.0,9200.0,10025.0,45798800.0
2020-08-05 09:00:00+00:00,10000.0,10625.0,9925.0,10550.0,25765000.0
2020-08-06 09:00:00+00:00,10575.0,10600.0,10325.0,10325.0,11910700.0
2020-08-07 09:00:00+00:00,10325.0,10375.0,10075.0,10175.0,11490600.0
2020-08-10 09:00:00+00:00,10200.0,10250.0,10050.0,10175.0,8662600.0
2020-08-11 09:00:00+00:00,10175.0,10350.0,10125.0,10200.0,8829900.0
2020-08-12 09:00:00+00:00,10225.0,10300.0,10125.0,10150.0,7687000.0
2020-08-13 09:00:00+00:00,10150.0,10275.0,10150.0,10250.0,8840200.0
2020-08-14 09:00:00+00:00,10250.0,10300.0,10125.0,10175.0,6382600.0
2020-08-18 09:00:00+00:00,10200.0,10275.0,10125.0,10200.0,6105900.0
2020-08-19 09:00:00+00:00,10200.0,10275.0,10100.0,10100.0,5372500.0
2020-08-24 09:00:00+00:00,10150.0,10275.0,10150.0,10225.0,7070300.0
2020-08-25 09:00:00+00:00,10225.0,10475.0,10200.0,10425.0,8463700.0
2020-08-26 09:00:00+00:00,10425.0,10500.0,10325.0,10350.0,4974600.0
2020-08-27 09:00:00+00:00,10450.0,10450.0,10300.0,10350.0,3609200.0
2020-08-28 09:00:00+00:00,10400.0,10400.0,10250.0,10325.0,3591500.0
2020-08-31 09:00:00+00:00,10325.0,10375.0,10225.0,10225.0,6480900.0
2020-09-01 09:00:00+00:00,10175.0,10250.0,10125.0,10225.0,5985500.0
2020-09-02 09:00:00+00:00,10325.0,10350.0,10200.0,10200.0,6190400.0
2020-09-03 09:00:00+00:00,10200.0,10350.0,10200.0,10225.0,4452600.0
2020-09-04 09:00:00+00:00,10250.0,10375.0,10100.0,10300.0,6204400.0
2020-09-07 09:00:00+00:00,10275.0,10325.0,10250.0,10325.0,2898700.0
2020-09-08 09:00:00+00:00,10325.0,10375.0,10275.0,10325.0,8859000.0
2020-09-09 09:00:00+00:00,10300.0,10450.0,10250.0,10275.0,5255900.0
2020-09-10 09:00:00+00:00,10225.0,10225.0,9600.0,9975.0,14206300.0
2020-09-11 09:00:00+00:00,9900.0,10500.0,9725.0,10250.0,12182000.0
2020-09-14 09:00:00+00:00,10400.0,10600.0,10375.0,10550.0,6768500.0
2020-09-15 09:00:00+00:00,10575.0,10600.0,10375.0,10400.0,3665900.0
2020-09-16 09:00:00+00:00,10500.0,10550.0,10350.0,10450.0,3624200.0
2020-09-17 09:00:00+00:00,10450.0,10475.0,10050.0,10200.0,4053600.0
2020-09-18 09:00:00+00:00,10200.0,10275.0,10150.0,10175.0,4415000.0
2020-09-21 09:00:00+00:00,10175.0,10275.0,10000.0,10150.0,2745700.0
2020-09-22 09:00:00+00:00,10050.0,10350.0,9950.0,10250.0,5540400.0
2020-09-23 09:00:00+00:00,10350.0,10375.0,10150.0,10350.0,6495900.0
2020-09-24 09:00:00+00:00,10225.0,10225.0,10025.0,10100.0,5972900.0
2020-09-25 09:00:00+00:00,10200.0,10250.0,10050.0,10050.0,6329100.0
2020-09-28 09:00:00+00:00,10175.0,10175.0,10050.0,10075.0,3033500.0
2020-09-29 09:00:00+00:00,10175.0,10175.0,10050.0,10150.0,3448900.0
2020-09-30 09:00:00+00:00,10200.0,10200.0,10075.0,10075.0,3833100.0
2020-10-01 09:00:00+00:00,10075.0,10175.0,10075.0,10150.0,2693500.0
2020-10-02 09:00:00+00:00,10150.0,10175.0,10025.0,10075.0,2634300.0
2020-10-05 09:00:00+00:00,10075.0,10175.0,10050.0,10100.0,2439600.0
2020-10-06 09:00:00+00:00,10200.0,10200.0,10100.0,10100.0,2538900.0
2020-10-07 09:00:00+00:00,10150.0,10150.0,10000.0,10000.0,4764400.0
2020-10-08 09:00:00+00:00,10025.0,10075.0,10025.0,10075.0,3209400.0
2020-10-09 09:00:00+00:00,10100.0,10100.0,10050.0,10050.0,2004200.0
2020-10-12 09:00:00+00:00,10050.0,10075.0,9950.0,9950.0,6518600.0
2020-10-13 09:00:00+00:00,9900.0,9950.0,9875.0,9925.0,7526700.0
2020-10-14 09:00:00+00:00,10000.0,10000.0,9875.0,9950.0,9351800.0
2020-10-15 09:00:00+00:00,9925.0,9950.0,9750.0,9750.0,10009200.0
2020-10-16 09:00:00+00:00,9775.0,9925.0,9750.0,9750.0,7227300.0
2020-10-19 09:00:00+00:00,9775.0,9875.0,9775.0,9825.0,2188500.0
2020-10-20 09:00:00+00:00,9825.0,9850.0,9725.0,9725.0,6697000.0
2020-10-21 09:00:00+00:00,9725.0,9850.0,9650.0,9700.0,9752700.0
2020-10-22 09:00:00+00:00,9700.0,9725.0,9650.0,9650.0,5281200.0
2020-10-23 09:00:00+00:00,9700.0,9775.0,9700.0,9725.0,2466700.0
2020-10-26 09:00:00+00:00,9725.0,9875.0,9700.0,9775.0,5331300.0
2020-10-27 09:00:00+00:00,9750.0,9775.0,9650.0,9650.0,4979000.0
2020-11-02 09:00:00+00:00,9650.0,9925.0,9625.0,9750.0,9102800.0
2020-11-03 09:00:00+00:00,9825.0,9825.0,9725.0,9725.0,4004300.0
2020-11-04 09:00:00+00:00,9750.0,9825.0,9750.0,9775.0,2680800.0
2020-11-05 09:00:00+00:00,9850.0,9900.0,9800.0,9900.0,5042500.0
2020-11-06 09:00:00+00:00,9900.0,9950.0,9800.0,9875.0,10391600.0
2020-11-09 09:00:00+00:00,9900.0,9950.0,9750.0,9750.0,9146900.0
2020-11-10 09:00:00+00:00,9775.0,9850.0,9650.0,9675.0,21280100.0
2020-11-11 09:00:00+00:00,9775.0,9775.0,9600.0,9600.0,20988000.0
2020-11-12 09:00:00+00:00,9675.0,9800.0,9675.0,9775.0,10317600.0
2020-11-13 09:00:00+00:00,9775.0,9775.0,9675.0,9700.0,7350000.0
2020-11-16 09:00:00+00:00,9775.0,9800.0,9700.0,9750.0,7054800.0
2020-11-17 09:00:00+00:00,9800.0,10475.0,9800.0,10250.0,24735800.0
2020-11-18 09:00:00+00:00,10250.0,10475.0,10250.0,10275.0,10675000.0
2020-11-19 09:00:00+00:00,10275.0,10400.0,10150.0,10350.0,7159300.0
2020-11-20 09:00:00+00:00,10400.0,10400.0,10100.0,10100.0,10424600.0
2020-11-23 09:00:00+00:00,10150.0,10250.0,10125.0,10200.0,5293500.0
2020-11-24 09:00:00+00:00,10225.0,10250.0,10100.0,10125.0,8640800.0
2020-11-25 09:00:00+00:00,10125.0,10175.0,10000.0,10000.0,12555600.0
2020-11-26 09:00:00+00:00,10000.0,10150.0,9925.0,10125.0,13527800.0
2020-11-27 09:00:00+00:00,10150.0,10600.0,10075.0,10600.0,28037600.0
2020-11-30 09:00:00+00:00,10600.0,10625.0,9900.0,9900.0,64378700.0
2020-12-01 09:00:00+00:00,10000.0,10150.0,9950.0,10100.0,20983400.0
2020-12-02 09:00:00+00:00,10175.0,10200.0,10025.0,10175.0,14997900.0
2020-12-03 09:00:00+00:00,10200.0,10225.0,10025.0,10025.0,15979900.0
2020-12-04 09:00:00+00:00,10025.0,10025.0,9950.0,9950.0,16025500.0
2020-12-07 09:00:00+00:00,9975.0,10025.0,9950.0,9950.0,14777600.0
2020-12-08 09:00:00+00:00,9950.0,9975.0,9750.0,9800.0,37259300.0
2020-12-10 09:00:00+00:00,9875.0,9950.0,9725.0,9950.0,27446400.0
2020-12-11 09:00:00+00:00,9950.0,9975.0,9800.0,9825.0,15130000.0
2020-12-14 09:00:00+00:00,9825.0,9875.0,9800.0,9825.0,7997300.0
2020-12-15 09:00:00+00:00,9825.0,9850.0,9700.0,9700.0,17300900.0
2020-12-16 09:00:00+00:00,9725.0,9800.0,9700.0,9775.0,16458300.0
2020-12-17 09:00:00+00:00,9800.0,9850.0,9725.0,9725.0,12290800.0
2020-12-18 09:00:00+00:00,9750.0,9775.0,9675.0,9700.0,15122100.0
2020-12-21 09:00:00+00:00,9700.0,9825.0,9650.0,9775.0,10927500.0
2020-12-22 09:00:00+00:00,9825.0,9825.0,9600.0,9600.0,15824100.0
2020-12-23 09:00:00+00:00,9600.0,9675.0,9450.0,9525.0,11933300.0
2020-12-28 09:00:00+00:00,9525.0,9550.0,9450.0,9475.0,10841700.0
2020-12-29 09:00:00+00:00,9500.0,9575.0,9275.0,9300.0,18237100.0
2020-12-30 09:00:00+00:00,9300.0,9575.0,9300.0,9575.0,16093100.0
2021-01-04 09:00:00+00:00,9600.0,9600.0,9400.0,9575.0,6040400.0
2021-01-05 09:00:00+00:00,9525.0,9575.0,9450.0,9450.0,10086200.0
2021-01-06 09:00:00+00:00,9450.0,9550.0,9375.0,9425.0,10369600.0
2021-01-07 09:00:00+00:00,9425.0,9600.0,9400.0,9500.0,8826900.0
2021-01-08 09:00:00+00:00,9550.0,9575.0,9450.0,9525.0,11195000.0
2021-01-11 09:00:00+00:00,9525.0,9600.0,9500.0,9525.0,5309300.0
2021-01-12 09:00:00+00:00,9525.0,9550.0,9425.0,9425.0,6644300.0
2021-01-13 09:00:00+00:00,9425.0,9450.0,9325.0,9325.0,11366200.0
2021-01-14 09:00:00+00:00,9350.0,9475.0,9325.0,9350.0,6211400.0
2021-01-15 09:00:00+00:00,9350.0,9425.0,9325.0,9375.0,6773600.0
2021-01-18 09:00:00+00:00,9375.0,9650.0,9375.0,9625.0,15779400.0
2021-01-19 09:00:00+00:00,9700.0,9900.0,9625.0,9750.0,34368300.0
2021-01-20 09:00:00+00:00,9750.0,9825.0,9600.0,9675.0,14452800.0
2021-01-21 09:00:00+00:00,9700.0,9750.0,9575.0,9575.0,7065100.0
2021-01-22 09:00:00+00:00,9575.0,9600.0,9400.0,9475.0,5631500.0
2021-01-25 09:00:00+00:00,9450.0,9575.0,9325.0,9500.0,8009500.0
2021-01-26 09:00:00+00:00,9575.0,9700.0,9400.0,9500.0,13587300.0
2021-01-27 09:00:00+00:00,9500.0,9650.0,9400.0,9500.0,9466000.0
2021-01-28 09:00:00+00:00,9500.0,9500.0,9350.0,9350.0,8804700.0
2021-01-29 09:00:00+00:00,9350.0,9400.0,9000.0,9100.0,14066800.0
2021-02-01 09:00:00+00:00,9000.0,9300.0,9000.0,9225.0,6846000.0
2021-02-02 09:00:00+00:00,9250.0,9575.0,9225.0,9500.0,12534000.0
2021-02-03 09:00:00+00:00,9525.0,9550.0,9400.0,9425.0,8510200.0
2021-02-04 09:00:00+00:00,9425.0,9475.0,9225.0,9325.0,6585300.0
2021-02-05 09:00:00+00:00,9325.0,9350.0,9175.0,9225.0,7215800.0
2021-02-08 09:00:00+00:00,9225.0,9275.0,9100.0,9100.0,11335300.0
2021-02-09 09:00:00+00:00,9150.0,9200.0,8800.0,8800.0,35900200.0
2021-02-10 09:00:00+00:00,8850.0,9075.0,8850.0,9000.0,19472200.0
2021-02-11 09:00:00+00:00,9000.0,9050.0,8950.0,8975.0,4249400.0
2021-02-15 09:00:00+00:00,9000.0,9025.0,8950.0,8975.0,4050100.0
2021-02-16 09:00:00+00:00,9000.0,9025.0,8800.0,8825.0,14656600.0
2021-02-17 09:00:00+00:00,8825.0,8900.0,8800.0,8825.0,5044600.0
2021-02-18 09:00:00+00:00,8900.0,8925.0,8750.0,8750.0,10242500.0
2021-02-19 09:00:00+00:00,8750.0,8800.0,8550.0,8600.0,16657400.0
2021-02-22 09:00:00+00:00,8725.0,8750.0,8625.0,8625.0,6220800.0
2021-02-23 09:00:00+00:00,8625.0,8625.0,8550.0,8550.0,11933200.0
2021-02-24 09:00:00+00:00,8550.0,8725.0,8500.0,8650.0,17672400.0
2021-02-25 09:00:00+00:00,8700.0,8750.0,8575.0,8575.0,7989700.0
2021-02-26 09:00:00+00:00,8550.0,8650.0,8500.0,8575.0,11519000.0
2021-03-01 09:00:00+00:00,8600.0,8650.0,8575.0,8600.0,4982200.0
2021-03-02 09:00:00+00:00,8600.0,8900.0,8600.0,8700.0,13965700.0
2021-03-03 09:00:00+00:00,8700.0,8750.0,8650.0,8725.0,9225100.0
2021-03-04 09:00:00+00:00,8775.0,8775.0,8600.0,8600.0,7279700.0
2021-03-05 09:00:00+00:00,8600.0,8600.0,8500.0,8500.0,12683100.0
2021-03-08 09:00:00+00:00,8500.0,8550.0,8325.0,8375.0,12971400.0
2021-03-09 09:00:00+00:00,8375.0,8425.0,8300.0,8325.0,8629600.0
2021-03-10 09:00:00+00:00,8325.0,8500.0,8325.0,8375.0,7208800.0
2021-03-12 09:00:00+00:00,8400.0,8475.0,8375.0,8375.0,6857000.0
2021-03-15 09:00:00+00:00,8475.0,8675.0,8450.0,8500.0,9366100.0
2021-03-16 09:00:00+00:00,8575.0,8625.0,8525.0,8600.0,4733700.0
2021-03-17 09:00:00+00:00,8650.0,8650.0,8550.0,8625.0,6268400.0
2021-03-18 09:00:00+00:00,8675.0,8725.0,8650.0,8700.0,8262600.0
2021-03-19 09:00:00+00:00,8700.0,8875.0,8625.0,8825.0,15236900.0
2021-03-22 09:00:00+00:00,8850.0,8900.0,8800.0,8825.0,7289500.0
2021-03-23 09:00:00+00:00,9100.0,9275.0,9100.0,9200.0,30860800.0
2021-03-24 09:00:00+00:00,9200.0,9275.0,9050.0,9250.0,12586500.0
2021-03-25 09:00:00+00:00,9200.0,9225.0,8875.0,8950.0,11930600.0
2021-03-26 09:00:00+00:00,9050.0,9100.0,8975.0,9100.0,7860900.0
2021-03-29 09:00:00+00:00,9100.0,9225.0,9050.0,9225.0,5927500.0
2021-03-30 09:00:00+00:00,9200.0,9225.0,9025.0,9075.0,6974500.0
2021-03-31 09:00:00+00:00,9075.0,9200.0,8800.0,9200.0,11218500.0
2021-04-01 09:00:00+00:00,9075.0,9150.0,8925.0,8950.0,8292600.0
2021-04-05 09:00:00+00:00,9000.0,9050.0,8925.0,8925.0,1842800.0
2021-04-06 09:00:00+00:00,8925.0,8950.0,8800.0,8825.0,4493200.0
2021-04-07 09:00:00+00:00,8850.0,8975.0,8850.0,8900.0,3186900.0
2021-04-08 09:00:00+00:00,8900.0,8950.0,8800.0,8800.0,7579300.0
2021-04-09 09:00:00+00:00,8800.0,8900.0,8800.0,8875.0,2731400.0
2021-04-12 09:00:00+00:00,8900.0,8925.0,8650.0,8650.0,5958000.0
2021-04-13 09:00:00+00:00,8650.0,8725.0,8550.0,8625.0,2735700.0
2021-04-14 09:00:00+00:00,8700.0,8750.0,8675.0,8750.0,2798800.0
2021-04-15 09:00:00+00:00,8750.0,8775.0,8675.0,8750.0,2319600.0
2021-04-16 09:00:00+00:00,8750.0,8950.0,8750.0,8950.0,4801000.0
2021-04-19 09:00:00+00:00,8975.0,9000.0,8900.0,8950.0,4496300.0
2021-04-20 09:00:00+00:00,9000.0,9000.0,8850.0,8900.0,2117200.0
2021-04-21 09:00:00+00:00,8850.0,8900.0,8800.0,8800.0,2711600.0
2021-04-22 09:00:00+00:00,8825.0,8875.0,8750.0,8750.0,1843600.0
2021-04-23 09:00:00+00:00,8800.0,8925.0,8750.0,8875.0,3492000.0
2021-04-26 09:00:00+00:00,8875.0,8900.0,8700.0,8700.0,4114300.0
2021-04-27 09:00:00+00:00,8700.0,8725.0,8550.0,8600.0,7502700.0
2021-04-28 09:00:00+00:00,8600.0,8675.0,8500.0,8575.0,5144400.0
2021-04-29 09:00:00+00:00,8600.0,8675.0,8575.0,8625.0,2352400.0
2021-04-30 09:00:00+00:00,8650.0,8700.0,8575.0,8700.0,3825600.0
2021-05-03 09:00:00+00:00,8700.0,8700.0,8550.0,8550.0,3563800.0
2021-05-04 09:00:00+00:00,8550.0,8575.0,8450.0,8525.0,6310100.0
2021-05-05 09:00:00+00:00,8525.0,8600.0,8500.0,8525.0,2506600.0
2021-05-06 09:00:00+00:00,8550.0,8600.0,8400.0,8500.0,6187000.0
2021-05-07 09:00:00+00:00,8500.0,8525.0,8425.0,8450.0,2904100.0
2021-05-10 09:00:00+00:00,8450.0,8600.0,8425.0,8600.0,3839900.0
2021-05-11 09:00:00+00:00,8600.0,8600.0,8500.0,8525.0,2161700.0
2021-05-17 09:00:00+00:00,8550.0,8575.0,8200.0,8250.0,9477500.0
2021-05-18 09:00:00+00:00,8250.0,8400.0,8250.0,8300.0,3770500.0
2021-05-19 09:00:00+00:00,8300.0,8350.0,8250.0,8275.0,4186400.0
2021-05-20 09:00:00+00:00,8300.0,8450.0,8275.0,8375.0,4715400.0
2021-05-21 09:00:00+00:00,8400.0,8425.0,8300.0,8325.0,2032000.0
2021-05-24 09:00:00+00:00,8350.0,8350.0,8200.0,8200.0,3906400.0
2021-05-25 09:00:00+00:00,8200.0,8225.0,8100.0,8175.0,8978000.0
2021-05-27 09:00:00+00:00,8200.0,8275.0,8150.0,8275.0,11260600.0
2021-05-28 09:00:00+00:00,8275.0,8300.0,8050.0,8125.0,7763900.0
2021-05-31 09:00:00+00:00,8150.0,8225.0,8075.0,8200.0,4574100.0
2021-06-02 09:00:00+00:00,8250.0,8375.0,8200.0,8225.0,5611200.0
2021-06-03 09:00:00+00:00,8250.0,8700.0,8250.0,8700.0,10251900.0
2021-06-04 09:00:00+00:00,8675.0,8675.0,8425.0,8450.0,9862700.0
2021-06-07 09:00:00+00:00,8500.0,8525.0,8325.0,8350.0,3596700.0
2021-06-08 09:00:00+00:00,8350.0,8375.0,8125.0,8175.0,8321100.0
2021-06-09 09:00:00+00:00,8175.0,8250.0,8125.0,8150.0,4260000.0
2021-06-10 09:00:00+00:00,8175.0,8225.0,8150.0,8150.0,2264700.0
2021-06-11 09:00:00+00:00,8175.0,8225.0,8150.0,8175.0,2528900.0
2021-06-14 09:00:00+00:00,8175.0,8250.0,8150.0,8150.0,2865900.0
2021-06-15 09:00:00+00:00,8175.0,8200.0,8125.0,8150.0,4067700.0
2021-06-16 09:00:00+00:00,8175.0,8325.0,8150.0,8175.0,4552800.0
2021-06-17 09:00:00+00:00,8175.0,8250.0,8125.0,8125.0,4122100.0
2021-06-18 09:00:00+00:00,8125.0,8150.0,7750.0,7750.0,22478200.0
2021-06-21 09:00:00+00:00,7725.0,8000.0,7625.0,7925.0,8643800.0
2021-06-22 09:00:00+00:00,7975.0,8150.0,7950.0,8050.0,4253300.0
2021-06-23 09:00:00+00:00,8150.0,8150.0,7950.0,7975.0,3698700.0
2021-06-24 09:00:00+00:00,8000.0,8125.0,7875.0,8025.0,5529100.0
2021-06-25 09:00:00+00:00,8025.0,8100.0,8000.0,8025.0,3121500.0
2021-06-28 09:00:00+00:00,8025.0,8100.0,7900.0,7975.0,3796900.0
2021-06-29 09:00:00+00:00,8050.0,8300.0,8000.0,8250.0,9487400.0
2021-06-30 09:00:00+00:00,8250.0,8350.0,8150.0,8150.0,5574700.0
2021-07-01 09:00:00+00:00,8425.0,8700.0,8350.0,8500.0,17723600.0
2021-07-02 09:00:00+00:00,8500.0,8575.0,8350.0,8425.0,10481800.0
2021-07-05 09:00:00+00:00,8425.0,8425.0,8200.0,8225.0,3802800.0
2021-07-06 09:00:00+00:00,8275.0,8400.0,8225.0,8400.0,2930700.0
2021-07-07 09:00:00+00:00,8350.0,8500.0,8325.0,8450.0,4513900.0
2021-07-08 09:00:00+00:00,8475.0,8550.0,8425.0,8475.0,3402100.0
2021-07-09 09:00:00+00:00,8400.0,8600.0,8375.0,8550.0,6327200.0
2021-07-12 09:00:00+00:00,8550.0,8900.0,8500.0,8825.0,12916200.0
2021-07-13 09:00:00+00:00,8825.0,9025.0,8725.0,8950.0,16894100.0
2021-07-14 09:00:00+00:00,8950.0,8950.0,8600.0,8700.0,7941000.0
2021-07-15 09:00:00+00:00,8675.0,8800.0,8600.0,8675.0,2707700.0
2021-07-16 09:00:00+00:00,8675.0,8725.0,8450.0,8575.0,5375000.0
2021-07-19 09:00:00+00:00,8575.0,8575.0,8425.0,8500.0,3177400.0
2021-07-21 09:00:00+00:00,8425.0,8625.0,8425.0,8500.0,4519000.0
2021-07-22 09:00:00+00:00,8575.0,8850.0,8525.0,8825.0,4700400.0
2021-07-23 09:00:00+00:00,8825.0,8825.0,8550.0,8650.0,4113700.0
2021-07-26 09:00:00+00:00,8700.0,8800.0,8600.0,8725.0,3926200.0
2021-07-27 09:00:00+00:00,8750.0,8775.0,8450.0,8500.0,3332900.0
2021-07-28 09:00:00+00:00,8500.0,8550.0,8400.0,8500.0,2409400.0
2021-07-29 09:00:00+00:00,8500.0,8500.0,8350.0,8350.0,4082900.0
2021-07-30 09:00:00+00:00,8325.0,8350.0,8125.0,8125.0,7765100.0
2021-08-02 09:00:00+00:00,8125.0,8250.0,8075.0,8125.0,5251600.0
2021-08-03 09:00:00+00:00,8150.0,8300.0,8125.0,8225.0,3370400.0
2021-08-04 09:00:00+00:00,8250.0,8275.0,8150.0,8175.0,2039900.0
2021-08-05 09:00:00+00:00,8175.0,8200.0,8125.0,8150.0,4600500.0
2021-08-06 09:00:00+00:00,8175.0,8325.0,8150.0,8275.0,2308400.0
2021-08-09 09:00:00+00:00,8325.0,8350.0,8100.0,8150.0,2627400.0
2021-08-10 09:00:00+00:00,8200.0,8200.0,7950.0,8050.0,6585900.0
2021-08-12 09:00:00+00:00,8125.0,8225.0,8050.0,8075.0,3115600.0
2021-08-13 09:00:00+00:00,8075.0,8250.0,8075.0,8200.0,2441900.0
2021-08-16 09:00:00+00:00,8200.0,8250.0,8150.0,8250.0,1827100.0
2021-08-18 09:00:00+00:00,8250.0,8375.0,8250.0,8350.0,4277300.0
2021-08-19 09:00:00+00:00,8350.0,8375.0,8150.0,8150.0,4775800.0
2021-08-20 09:00:00+00:00,8150.0,8200.0,8100.0,8150.0,2045300.0
2021-08-23 09:00:00+00:00,8250.0,8250.0,8175.0,8225.0,1949700.0
2021-08-24 09:00:00+00:00,8225.0,8275.0,8125.0,8200.0,5218600.0
2021-08-25 09:00:00+00:00,8300.0,8300.0,8075.0,8225.0,7193700.0
2021-08-26 09:00:00+00:00,8225.0,8250.0,8125.0,8225.0,3990200.0
2021-08-27 09:00:00+00:00,8225.0,8300.0,8125.0,8300.0,7356500.0
2021-08-30 09:00:00+00:00,8350.0,8650.0,8325.0,8600.0,11729900.0
2021-08-31 09:00:00+00:00,8600.0,8625.0,8425.0,8425.0,5271700.0
2021-09-01 09:00:00+00:00,8500.0,8500.0,8325.0,8400.0,3241900.0
2021-09-02 09:00:00+00:00,8425.0,8450.0,8325.0,8450.0,1920100.0
2021-09-03 09:00:00+00:00,8450.0,8500.0,8425.0,8475.0,3556700.0
2021-09-06 09:00:00+00:00,8500.0,8550.0,8500.0,8525.0,4167800.0
2021-09-07 09:00:00+00:00,8325.0,8425.0,8325.0,8425.0,2986500.0
2021-09-08 09:00:00+00:00,8450.0,8450.0,8350.0,8425.0,6423000.0
2021-09-09 09:00:00+00:00,8425.0,8525.0,8375.0,8525.0,3731500.0
2021-09-10 09:00:00+00:00,8525.0,8525.0,8450.0,8500.0,1793900.0
2021-09-13 09:00:00+00:00,8400.0,8475.0,8375.0,8425.0,2351900.0
2021-09-14 09:00:00+00:00,8425.0,8475.0,8400.0,8450.0,1167000.0
2021-09-15 09:00:00+00:00,8450.0,8450.0,8350.0,8375.0,5544500.0
2021-09-16 09:00:00+00:00,8375.0,8400.0,8175.0,8225.0,6857300.0
2021-09-17 09:00:00+00:00,8225.0,8225.0,8150.0,8150.0,4816000.0
2021-09-20 09:00:00+00:00,8250.0,8250.0,8075.0,8125.0,4134700.0
2021-09-21 09:00:00+00:00,8100.0,8375.0,8100.0,8300.0,3757800.0
2021-09-22 09:00:00+00:00,8300.0,8325.0,8200.0,8200.0,1639100.0
2021-09-23 09:00:00+00:00,8275.0,8300.0,8200.0,8250.0,1829100.0
2021-09-24 09:00:00+00:00,8250.0,8300.0,8175.0,8300.0,2634400.0
2021-09-27 09:00:00+00:00,8300.0,8350.0,8200.0,8350.0,5104700.0
2021-09-28 09:00:00+00:00,8350.0,8350.0,8175.0,8225.0,4369400.0
2021-09-29 09:00:00+00:00,8225.0,8225.0,8150.0,8225.0,2750800.0
2021-09-30 09:00:00+00:00,8225.0,8400.0,8225.0,8350.0,5656600.0
2021-10-01 09:00:00+00:00,8350.0,8400.0,8225.0,8325.0,4065700.0
2021-10-04 09:00:00+00:00,8375.0,8650.0,8350.0,8650.0,11058600.0
2021-10-05 09:00:00+00:00,8650.0,8850.0,8600.0,8825.0,13184600.0
2021-10-06 09:00:00+00:00,8825.0,8900.0,8700.0,8850.0,9047000.0
2021-10-07 09:00:00+00:00,8850.0,9000.0,8800.0,8850.0,9890400.0
2021-10-08 09:00:00+00:00,8850.0,8925.0,8775.0,8900.0,5016500.0
2021-10-11 09:00:00+00:00,8900.0,8925.0,8800.0,8850.0,4998400.0
2021-10-12 09:00:00+00:00,8875.0,8900.0,8800.0,8875.0,7922600.0
2021-10-13 09:00:00+00:00,8875.0,9000.0,8800.0,8950.0,9413800.0
2021-10-14 09:00:00+00:00,9000.0,9325.0,8975.0,9325.0,19813500.0
2021-10-15 09:00:00+00:00,9350.0,9425.0,9100.0,9275.0,10441700.0
2021-10-18 09:00:00+00:00,9300.0,9350.0,9200.0,9300.0,7172800.0
2021-10-19 09:00:00+00:00,9300.0,9350.0,9225.0,9300.0,5926900.0
2021-10-21 09:00:00+00:00,9350.0,9350.0,9100.0,9225.0,8833800.0
2021-10-22 09:00:00+00:00,9225.0,9225.0,9025.0,9100.0,8038500.0
2021-10-25 09:00:00+00:00,9100.0,9150.0,9025.0,9100.0,5603700.0
2021-10-26 09:00:00+00:00,9125.0,9200.0,9075.0,9100.0,6724600.0
2021-10-27 09:00:00+00:00,9150.0,9175.0,8800.0,8850.0,7857600.0
2021-10-28 09:00:00+00:00,8825.0,8850.0,8675.0,8800.0,7670900.0
2021-10-29 09:00:00+00:00,8800.0,8925.0,8750.0,8800.0,7541300.0
2021-11-01 09:00:00+00:00,8800.0,8875.0,8700.0,8800.0,6520400.0
2021-11-02 09:00:00+00:00,8800.0,8875.0,8775.0,8850.0,3320900.0
2021-11-03 09:00:00+00:00,8850.0,8850.0,8700.0,8775.0,6778900.0
2021-11-04 09:00:00+00:00,8775.0,8875.0,8775.0,8800.0,2796400.0
2021-11-05 09:00:00+00:00,8800.0,8850.0,8750.0,8800.0,5357200.0
2021-11-08 09:00:00+00:00,8825.0,8900.0,8800.0,8900.0,2606200.0
2021-11-09 09:00:00+00:00,8925.0,8975.0,8875.0,8925.0,2936800.0
2021-11-10 09:00:00+00:00,8925.0,8950.0,8825.0,8900.0,2206900.0
2021-11-11 09:00:00+00:00,8900.0,8925.0,8800.0,8850.0,1269200.0
2021-11-12 09:00:00+00:00,8900.0,8950.0,8850.0,8950.0,1767300.0
2021-11-15 09:00:00+00:00,8950.0,8975.0,8900.0,8925.0,2870000.0
2021-11-16 09:00:00+00:00,8950.0,8975.0,8800.0,8825.0,6167400.0
2021-11-17 09:00:00+00:00,8825.0,8875.0,8825.0,8850.0,6965500.0
2021-11-18 09:00:00+00:00,8875.0,9175.0,8875.0,9075.0,9739300.0
2021-11-19 09:00:00+00:00,9150.0,9200.0,9000.0,9025.0,4570900.0
2021-11-22 09:00:00+00:00,9025.0,9100.0,9000.0,9075.0,3401900.0
2021-11-23 09:00:00+00:00,9050.0,9050.0,8900.0,8950.0,5458400.0
2021-11-24 09:00:00+00:00,8975.0,9000.0,8950.0,9000.0,1648300.0
2021-11-25 09:00:00+00:00,9000.0,9025.0,8950.0,8950.0,1599300.0
2021-11-26 09:00:00+00:00,8950.0,8975.0,8850.0,8875.0,5372700.0
2021-11-29 09:00:00+00:00,8875.0,8900.0,8800.0,8875.0,7196000.0
2021-11-30 09:00:00+00:00,9025.0,9050.0,8450.0,8450.0,12610000.0
2021-12-01 09:00:00+00:00,8725.0,8950.0,8700.0,8925.0,15597800.0
2021-12-02 09:00:00+00:00,8900.0,8975.0,8800.0,8850.0,2949200.0
2021-12-03 09:00:00+00:00,8825.0,8850.0,8675.0,8700.0,5921800.0
2021-12-06 09:00:00+00:00,8725.0,8850.0,8700.0,8750.0,4168800.0
2021-12-07 09:00:00+00:00,8800.0,8800.0,8700.0,8750.0,4921400.0
2021-12-08 09:00:00+00:00,8750.0,8900.0,8750.0,8775.0,2751100.0
2021-12-09 09:00:00+00:00,8875.0,8950.0,8800.0,8950.0,2668700.0
2021-12-10 09:00:00+00:00,8950.0,8975.0,8725.0,8850.0,4209200.0
2021-12-13 09:00:00+00:00,8950.0,8950.0,8750.0,8750.0,2949100.0
2021-12-14 09:00:00+00:00,8750.0,8775.0,8700.0,8700.0,4739900.0
2021-12-15 09:00:00+00:00,8700.0,8800.0,8700.0,8800.0,2295800.0
2021-12-16 09:00:00+00:00,8825.0,8825.0,8675.0,8750.0,3678900.0
2021-12-17 09:00:00+00:00,8725.0,8800.0,8700.0,8800.0,5451900.0
2021-12-20 09:00:00+00:00,8800.0,8825.0,8700.0,8825.0,2285700.0
2021-12-21 09:00:00+00:00,8775.0,8825.0,8700.0,8750.0,2317600.0
2021-12-22 09:00:00+00:00,8750.0,8775.0,8500.0,8675.0,6189900.0
2021-12-23 09:00:00+00:00,8700.0,8775.0,8650.0,8775.0,2797800.0
2021-12-24 09:00:00+00:00,8775.0,8800.0,8650.0,8725.0,2906000.0
2021-12-27 09:00:00+00:00,8725.0,8725.0,8625.0,8650.0,1290200.0
2021-12-28 09:00:00+00:00,8650.0,8750.0,8650.0,8700.0,3719600.0
2021-12-29 09:00:00+00:00,8700.0,8725.0,8650.0,8675.0,2009000.0
2021-12-30 09:00:00+00:00,8675.0,8725.0,8600.0,8700.0,4302200.0
2022-01-03 09:00:00+00:00,8675.0,8725.0,8600.0,8625.0,2449700.0
2022-01-04 09:00:00+00:00,8650.0,8850.0,8625.0,8775.0,4450000.0
2022-01-05 09:00:00+00:00,8750.0,8825.0,8675.0,8825.0,3133400.0
2022-01-06 09:00:00+00:00,8825.0,8850.0,8725.0,8850.0,1984800.0
2022-01-07 09:00:00+00:00,8800.0,8950.0,8775.0,8875.0,6266500.0
2022-01-10 09:00:00+00:00,8900.0,8975.0,8825.0,8850.0,3461300.0
2022-01-11 09:00:00+00:00,8850.0,8850.0,8650.0,8700.0,3692600.0
2022-01-12 09:00:00+00:00,8725.0,8825.0,8700.0,8750.0,2584900.0
2022-01-13 09:00:00+00:00,8725.0,8825.0,8700.0,8775.0,2367700.0
2022-01-14 09:00:00+00:00,8775.0,8825.0,8725.0,8750.0,1865900.0
2022-01-17 09:00:00+00:00,8750.0,8800.0,8725.0,8775.0,3363800.0
2022-01-18 09:00:00+00:00,8775.0,8775.0,8700.0,8775.0,3038300.0
2022-01-19 09:00:00+00:00,8775.0,8775.0,8650.0,8750.0,2877200.0
2022-01-20 09:00:00+00:00,8725.0,8750.0,8525.0,8525.0,9525700.0
2022-01-21 09:00:00+00:00,8550.0,8725.0,8550.0,8675.0,8287900.0
2022-01-24 09:00:00+00:00,8675.0,8725.0,8575.0,8600.0,2233500.0
2022-01-25 09:00:00+00:00,8600.0,8775.0,8600.0,8750.0,5194200.0
2022-01-26 09:00:00+00:00,8775.0,8825.0,8725.0,8750.0,3207700.0
2022-01-27 09:00:00+00:00,8750.0,8800.0,8650.0,8700.0,1600000.0
2022-01-28 09:00:00+00:00,8700.0,8800.0,8575.0,8675.0,3084800.0
2022-01-31 09:00:00+00:00,8675.0,8750.0,8575.0,8725.0,11996000.0
2022-02-02 09:00:00+00:00,8725.0,8725.0,8600.0,8675.0,2102100.0
2022-02-03 09:00:00+00:00,8600.0,8600.0,8500.0,8500.0,4600200.0
2022-02-04 09:00:00+00:00,8525.0,8700.0,8475.0,8625.0,4939500.0
2022-02-07 09:00:00+00:00,8625.0,8750.0,8600.0,8650.0,5159100.0
2022-02-08 09:00:00+00:00,8650.0,8750.0,8600.0,8625.0,4900000.0
2022-02-09 09:00:00+00:00,8625.0,8725.0,8625.0,8675.0,6006500.0
2022-02-10 09:00:00+00:00,8675.0,8725.0,8625.0,8625.0,5007100.0
2022-02-11 09:00:00+00:00,8625.0,8675.0,8550.0,8650.0,6545700.0
2022-02-14 09:00:00+00:00,8575.0,8650.0,8525.0,8550.0,3905100.0
2022-02-15 09:00:00+00:00,8550.0,8625.0,8350.0,8550.0,11049400.0
2022-02-16 09:00:00+00:00,8550.0,8600.0,8475.0,8500.0,7178700.0
2022-02-17 09:00:00+00:00,8525.0,8575.0,8500.0,8525.0,5767000.0
2022-02-18 09:00:00+00:00,8525.0,8650.0,8525.0,8525.0,9210400.0
2022-02-21 09:00:00+00:00,8525.0,8575.0,8500.0,8500.0,7714500.0
2022-02-22 09:00:00+00:00,8525.0,8525.0,8400.0,8525.0,7311200.0
2022-02-23 09:00:00+00:00,8525.0,8725.0,8475.0,8700.0,7812000.0
2022-02-24 09:00:00+00:00,8675.0,8700.0,8450.0,8525.0,10974000.0
2022-02-25 09:00:00+00:00,8525.0,8650.0,8475.0,8500.0,10382300.0
2022-03-01 09:00:00+00:00,8500.0,8525.0,8150.0,8250.0,21470900.0
2022-03-02 09:00:00+00:00,8100.0,8225.0,7900.0,7925.0,28428600.0
2022-03-04 09:00:00+00:00,7900.0,7950.0,7750.0,7825.0,24282500.0
2022-03-07 09:00:00+00:00,7800.0,7800.0,7375.0,7400.0,25237400.0
2022-03-08 09:00:00+00:00,7400.0,7600.0,7400.0,7600.0,21825800.0
2022-03-09 09:00:00+00:00,7650.0,7750.0,7550.0,7625.0,11438800.0
2022-03-10 09:00:00+00:00,7775.0,7800.0,7650.0,7750.0,8712200.0
2022-03-11 09:00:00+00:00,7750.0,7775.0,7550.0,7550.0,8055000.0
2022-03-14 09:00:00+00:00,7575.0,7600.0,7500.0,7525.0,6353200.0
2022-03-15 09:00:00+00:00,7525.0,7600.0,7375.0,7425.0,15064300.0
2022-03-16 09:00:00+00:00,7425.0,7650.0,7425.0,7625.0,7742600.0
2022-03-17 09:00:00+00:00,7650.0,7700.0,7475.0,7575.0,6832200.0
2022-03-18 09:00:00+00:00,7600.0,7600.0,7450.0,7575.0,8157900.0
2022-03-21 09:00:00+00:00,7600.0,7600.0,7450.0,7450.0,4030800.0
2022-03-22 09:00:00+00:00,7475.0,7600.0,7475.0,7475.0,4588300.0
2022-03-23 09:00:00+00:00,7475.0,7550.0,7475.0,7500.0,3310700.0
2022-03-24 09:00:00+00:00,7525.0,7550.0,7500.0,7550.0,3315100.0
2022-03-25 09:00:00+00:00,7550.0,7550.0,7200.0,7250.0,28613700.0
2022-03-28 09:00:00+00:00,7250.0,7400.0,7200.0,7275.0,13828500.0
2022-03-29 09:00:00+00:00,7300.0,7400.0,7250.0,7300.0,9243600.0
2022-03-30 09:00:00+00:00,7350.0,7475.0,7325.0,7375.0,9768800.0
2022-03-31 09:00:00+00:00,7400.0,7450.0,7300.0,7350.0,6875300.0
2022-04-01 09:00:00+00:00,7350.0,7550.0,7350.0,7525.0,14229300.0
2022-04-04 09:00:00+00:00,7550.0,7650.0,7550.0,7550.0,9542200.0
2022-04-05 09:00:00+00:00,7550.0,7600.0,7500.0,7575.0,6290300.0
2022-04-06 09:00:00+00:00,7575.0,7600.0,7325.0,7400.0,14545900.0
2022-04-07 09:00:00+00:00,7400.0,7600.0,7375.0,7575.0,11142300.0
2022-04-08 09:00:00+00:00,7575.0,7600.0,7425.0,7450.0,4565300.0
2022-04-11 09:00:00+00:00,7450.0,7525.0,7375.0,7525.0,4994400.0
2022-04-12 09:00:00+00:00,7500.0,7500.0,7325.0,7400.0,4546800.0
2022-04-13 09:00:00+00:00,7400.0,7425.0,7300.0,7325.0,8990800.0
2022-04-14 09:00:00+00:00,7300.0,7325.0,7150.0,7175.0,10581800.0
2022-04-18 09:00:00+00:00,7175.0,7225.0,7050.0,7100.0,7820300.0
2022-04-19 09:00:00+00:00,7125.0,7250.0,7100.0,7175.0,8334300.0
2022-04-20 09:00:00+00:00,7200.0,7400.0,7200.0,7325.0,7752700.0
2022-04-21 09:00:00+00:00,7325.0,7475.0,7325.0,7425.0,8557700.0
2022-04-22 09:00:00+00:00,7425.0,7450.0,7250.0,7300.0,6678100.0
2022-04-25 09:00:00+00:00,7300.0,7450.0,7275.0,7425.0,7140000.0
2022-04-26 09:00:00+00:00,7450.0,7600.0,7350.0,7575.0,11541600.0
2022-04-27 09:00:00+00:00,7575.0,7600.0,7450.0,7600.0,7890200.0
2022-04-28 09:00:00+00:00,7600.0,7650.0,7525.0,7625.0,7891500.0
2022-05-09 09:00:00+00:00,7550.0,7575.0,7400.0,7400.0,9648400.0
2022-05-10 09:00:00+00:00,7300.0,8000.0,7200.0,7975.0,24691800.0
2022-05-11 09:00:00+00:00,7950.0,8350.0,7775.0,8300.0,21331500.0
2022-05-12 09:00:00+00:00,8300.0,8325.0,7950.0,8025.0,16279900.0
2022-05-13 09:00:00+00:00,8000.0,8275.0,7875.0,8175.0,11232900.0
2022-05-17 09:00:00+00:00,7950.0,7950.0,7750.0,7825.0,11289000.0
2022-05-18 09:00:00+00:00,7875.0,8250.0,7825.0,8100.0,13474300.0
2022-05-19 09:00:00+00:00,8000.0,8225.0,7875.0,7975.0,10620900.0
2022-05-20 09:00:00+00:00,8000.0,8100.0,8000.0,8050.0,5593000.0
2022-05-23 09:00:00+00:00,8075.0,8100.0,7925.0,7975.0,5300800.0
2022-05-24 09:00:00+00:00,8050.0,8175.0,7975.0,8150.0,6395400.0
2022-05-25 09:00:00+00:00,8150.0,8250.0,8150.0,8250.0,6948800.0
2022-05-27 09:00:00+00:00,8300.0,8650.0,8275.0,8625.0,14411000.0
2022-05-30 09:00:00+00:00,8625.0,8650.0,8500.0,8550.0,5869400.0
2022-05-31 09:00:00+00:00,8550.0,8575.0,8450.0,8575.0,8505500.0
2022-06-02 09:00:00+00:00,8750.0,8800.0,8450.0,8550.0,8258900.0
2022-06-03 09:00:00+00:00,8550.0,8650.0,8525.0,8575.0,4816900.0
2022-06-06 09:00:00+00:00,8575.0,8675.0,8550.0,8650.0,4912400.0
2022-06-07 09:00:00+00:00,8675.0,8700.0,8575.0,8575.0,5391500.0
2022-06-08 09:00:00+00:00,8600.0,8675.0,8575.0,8575.0,4854600.0
2022-06-09 09:00:00+00:00,8575.0,8650.0,8550.0,8625.0,6835000.0
2022-06-10 09:00:00+00:00,8550.0,8600.0,8500.0,8500.0,6748700.0
2022-06-13 09:00:00+00:00,8375.0,8625.0,8200.0,8600.0,9404100.0
2022-06-14 09:00:00+00:00,8600.0,8650.0,8450.0,8650.0,5273000.0
2022-06-15 09:00:00+00:00,8600.0,8625.0,8475.0,8600.0,2774400.0
2022-06-16 09:00:00+00:00,8675.0,8700.0,8650.0,8675.0,6615900.0
2022-06-17 09:00:00+00:00,8625.0,8650.0,8550.0,8550.0,15529900.0
2022-06-20 09:00:00+00:00,8650.0,8975.0,8600.0,8975.0,18639200.0
2022-06-21 09:00:00+00:00,9000.0,9200.0,9000.0,9150.0,18588800.0
2022-06-22 09:00:00+00:00,9150.0,9225.0,8950.0,9225.0,12168500.0
2022-06-23 09:00:00+00:00,9225.0,9350.0,9175.0,9325.0,14035700.0
2022-06-24 09:00:00+00:00,9350.0,9450.0,9300.0,9425.0,14596100.0
2022-06-27 09:00:00+00:00,9425.0,9500.0,9375.0,9500.0,12022100.0
2022-06-28 09:00:00+00:00,9500.0,9525.0,9450.0,9500.0,14198000.0
2022-06-29 09:00:00+00:00,9600.0,9625.0,9400.0,9450.0,7580700.0
2022-06-30 09:00:00+00:00,9450.0,9575.0,9450.0,9550.0,14236800.0
2022-07-01 09:00:00+00:00,9550.0,9550.0,9275.0,9350.0,6160300.0
2022-07-04 09:00:00+00:00,9350.0,9350.0,8975.0,9225.0,8105800.0
2022-07-05 09:00:00+00:00,9250.0,9350.0,9150.0,9175.0,4827900.0
2022-07-06 09:00:00+00:00,9175.0,9450.0,9175.0,9450.0,8890700.0
2022-07-07 09:00:00+00:00,9475.0,9500.0,9375.0,9475.0,8219500.0
2022-07-08 09:00:00+00:00,9500.0,9500.0,9250.0,9425.0,4717000.0
2022-07-11 09:00:00+00:00,9400.0,9450.0,9300.0,9450.0,2464400.0
2022-07-12 09:00:00+00:00,9450.0,9500.0,9325.0,9325.0,4425700.0
2022-07-13 09:00:00+00:00,9300.0,9400.0,9225.0,9300.0,6786200.0
2022-07-14 09:00:00+00:00,9225.0,9300.0,9150.0,9250.0,5480200.0
2022-07-15 09:00:00+00:00,9200.0,9425.0,9200.0,9350.0,5190200.0
2022-07-18 09:00:00+00:00,9350.0,9500.0,9200.0,9500.0,4903100.0
2022-07-19 09:00:00+00:00,9500.0,9500.0,9350.0,9450.0,4373500.0
2022-07-20 09:00:00+00:00,9400.0,9500.0,9400.0,9450.0,7280900.0
2022-07-21 09:00:00+00:00,9450.0,9500.0,9325.0,9500.0,5238400.0
2022-07-22 09:00:00+00:00,9500.0,9600.0,9400.0,9400.0,4172000.0
2022-07-25 09:00:00+00:00,9400.0,9500.0,9400.0,9450.0,2168900.0
2022-07-26 09:00:00+00:00,9450.0,9450.0,9275.0,9375.0,3983700.0
2022-07-27 09:00:00+00:00,9375.0,9375.0,9200.0,9275.0,6584100.0
2022-07-28 09:00:00+00:00,9250.0,9250.0,8875.0,8975.0,36869300.0
2022-07-29 09:00:00+00:00,8950.0,8975.0,8775.0,8825.0,15100400.0
2022-08-01 09:00:00+00:00,8850.0,8975.0,8825.0,8900.0,5969300.0
2022-08-02 09:00:00+00:00,8750.0,8975.0,8700.0,8975.0,8753500.0
2022-08-03 09:00:00+00:00,8950.0,8950.0,8725.0,8800.0,8092700.0
2022-08-04 09:00:00+00:00,8850.0,8925.0,8700.0,8925.0,7101900.0
2022-08-05 09:00:00+00:00,8925.0,8950.0,8750.0,8800.0,5847300.0
2022-08-08 09:00:00+00:00,8800.0,8925.0,8750.0,8800.0,5381600.0
2022-08-09 09:00:00+00:00,8750.0,8800.0,8625.0,8725.0,9512100.0
2022-08-10 09:00:00+00:00,8700.0,8725.0,8500.0,8725.0,9132000.0
2022-08-11 09:00:00+00:00,8800.0,8875.0,8700.0,8875.0,8299700.0
2022-08-12 09:00:00+00:00,8900.0,8900.0,8650.0,8675.0,12405000.0
2022-08-15 09:00:00+00:00,8700.0,8875.0,8675.0,8875.0,7725900.0
2022-08-16 09:00:00+00:00,8875.0,8900.0,8675.0,8750.0,6877200.0
2022-08-18 09:00:00+00:00,8750.0,8850.0,8675.0,8775.0,4612700.0
2022-08-19 09:00:00+00:00,8775.0,8800.0,8700.0,8700.0,2671500.0
2022-08-22 09:00:00+00:00,8700.0,8750.0,8600.0,8725.0,6545700.0
2022-08-23 09:00:00+00:00,8775.0,8850.0,8750.0,8800.0,4274600.0
2022-08-24 09:00:00+00:00,8800.0,8825.0,8700.0,8775.0,4350700.0
2022-08-25 09:00:00+00:00,8825.0,8825.0,8725.0,8775.0,3658400.0
2022-08-26 09:00:00+00:00,8775.0,8800.0,8700.0,8725.0,3573500.0
2022-08-29 09:00:00+00:00,8675.0,8850.0,8650.0,8850.0,2426600.0
2022-08-30 09:00:00+00:00,8850.0,8875.0,8725.0,8725.0,5118700.0
2022-08-31 09:00:00+00:00,8125.0,8425.0,8125.0,8300.0,40179900.0
2022-09-01 09:00:00+00:00,8300.0,8725.0,8300.0,8700.0,22198800.0
2022-09-02 09:00:00+00:00,8700.0,8725.0,8575.0,8725.0,8052700.0
2022-09-05 09:00:00+00:00,8700.0,8725.0,8600.0,8700.0,7694000.0
2022-09-06 09:00:00+00:00,8700.0,8775.0,8600.0,8650.0,8195400.0
2022-09-07 09:00:00+00:00,8600.0,8650.0,8500.0,8550.0,7229800.0
2022-09-08 09:00:00+00:00,8550.0,8600.0,8500.0,8525.0,2567400.0
2022-09-09 09:00:00+00:00,8525.0,8550.0,8425.0,8450.0,4783500.0
2022-09-12 09:00:00+00:00,8450.0,8600.0,8450.0,8600.0,3479000.0
2022-09-13 09:00:00+00:00,8600.0,8600.0,8500.0,8525.0,5413000.0
2022-09-14 09:00:00+00:00,8475.0,8600.0,8475.0,8525.0,5287300.0
2022-09-15 09:00:00+00:00,8600.0,8650.0,8525.0,8600.0,6959000.0
2022-09-16 09:00:00+00:00,8600.0,8650.0,8525.0,8650.0,13190200.0
2022-09-19 09:00:00+00:00,8625.0,8775.0,8575.0,8700.0,4445400.0
2022-09-20 09:00:00+00:00,8700.0,8900.0,8700.0,8875.0,6978300.0
2022-09-21 09:00:00+00:00,8900.0,8900.0,8700.0,8700.0,4979500.0
2022-09-22 09:00:00+00:00,8700.0,8825.0,8675.0,8825.0,3474200.0
2022-09-23 09:00:00+00:00,8850.0,9000.0,8775.0,9000.0,7310000.0
2022-09-26 09:00:00+00:00,8975.0,9100.0,8850.0,9075.0,11479900.0
2022-09-27 09:00:00+00:00,9075.0,9075.0,8850.0,8850.0,8523700.0
2022-09-28 09:00:00+00:00,8850.0,8950.0,8800.0,8800.0,3243300.0
2022-09-29 09:00:00+00:00,8800.0,8875.0,8750.0,8850.0,4652900.0
2022-09-30 09:00:00+00:00,8850.0,8875.0,8600.0,8650.0,8292000.0
2022-10-03 09:00:00+00:00,8650.0,8750.0,8625.0,8725.0,3692900.0
2022-10-04 09:00:00+00:00,8725.0,8775.0,8475.0,8525.0,7330500.0
2022-10-05 09:00:00+00:00,8550.0,8725.0,8525.0,8650.0,3838300.0
2022-10-06 09:00:00+00:00,8650.0,8875.0,8650.0,8825.0,4286500.0
2022-10-07 09:00:00+00:00,8825.0,8900.0,8750.0,8900.0,3913000.0
2022-10-10 09:00:00+00:00,8900.0,8950.0,8850.0,8950.0,5712500.0
2022-10-11 09:00:00+00:00,8925.0,9000.0,8850.0,9000.0,3055500.0
2022-10-12 09:00:00+00:00,9000.0,9000.0,8875.0,8950.0,4142100.0
2022-10-13 09:00:00+00:00,8925.0,8950.0,8800.0,8850.0,3106000.0
2022-10-14 09:00:00+00:00,8850.0,8850.0,8700.0,8700.0,2742200.0
2022-10-17 09:00:00+00:00,8700.0,8825.0,8575.0,8825.0,3735500.0
2022-10-18 09:00:00+00:00,8825.0,8950.0,8775.0,8950.0,4606600.0
2022-10-19 09:00:00+00:00,8950.0,9150.0,8825.0,9125.0,5120900.0
2022-10-20 09:00:00+00:00,9100.0,9500.0,9100.0,9500.0,11282000.0
2022-10-21 09:00:00+00:00,9300.0,9475.0,9300.0,9425.0,12299200.0
2022-10-24 09:00:00+00:00,9500.0,9525.0,9350.0,9425.0,7596200.0
2022-10-25 09:00:00+00:00,9425.0,9525.0,9400.0,9525.0,10549000.0
2022-10-26 09:00:00+00:00,9525.0,9800.0,9475.0,9800.0,21378000.0
2022-10-27 09:00:00+00:00,9775.0,9900.0,9700.0,9825.0,9880700.0
2022-10-28 09:00:00+00:00,9900.0,9900.0,9775.0,9800.0,10192100.0
2022-10-31 09:00:00+00:00,9825.0,9900.0,9625.0,9725.0,12513900.0
2022-11-01 09:00:00+00:00,9725.0,9725.0,9350.0,9500.0,10660500.0
2022-11-02 09:00:00+00:00,9525.0,9675.0,9500.0,9600.0,5675700.0
2022-11-03 09:00:00+00:00,9600.0,9650.0,9475.0,9550.0,4470100.0
2022-11-04 09:00:00+00:00,9525.0,9650.0,9375.0,9650.0,7272400.0
2022-11-07 09:00:00+00:00,9725.0,9775.0,9650.0,9750.0,8038600.0
2022-11-08 09:00:00+00:00,9750.0,9750.0,9650.0,9750.0,1953700.0
2022-11-09 09:00:00+00:00,9750.0,9775.0,9700.0,9750.0,7885600.0
2022-11-10 09:00:00+00:00,9750.0,9775.0,9700.0,9725.0,3773300.0
2022-11-11 09:00:00+00:00,9800.0,9900.0,9600.0,9850.0,8391000.0
2022-11-14 09:00:00+00:00,9850.0,9850.0,9725.0,9750.0,2114500.0
2022-11-15 09:00:00+00:00,9750.0,9825.0,9725.0,9800.0,5912100.0
2022-11-16 09:00:00+00:00,9800.0,9800.0,9600.0,9775.0,3665800.0
2022-11-17 09:00:00+00:00,9750.0,9800.0,9600.0,9675.0,3762600.0
2022-11-18 09:00:00+00:00,9675.0,9775.0,9500.0,9650.0,3350000.0
2022-11-21 09:00:00+00:00,9650.0,9825.0,9625.0,9800.0,2648000.0
2022-11-22 09:00:00+00:00,9800.0,9850.0,9650.0,9650.0,2625200.0
2022-11-23 09:00:00+00:00,9650.0,9900.0,9650.0,9900.0,2818100.0
2022-11-24 09:00:00+00:00,9900.0,9900.0,9775.0,9800.0,2652000.0
2022-11-25 09:00:00+00:00,9800.0,9900.0,9700.0,9900.0,4931600.0
2022-11-28 09:00:00+00:00,9900.0,10000.0,9825.0,9975.0,7923400.0
2022-11-29 09:00:00+00:00,10000.0,10000.0,9900.0,9975.0,4824800.0
2022-11-30 09:00:00+00:00,9975.0,10100.0,9900.0,10100.0,21565300.0
2022-12-01 09:00:00+00:00,10100.0,10175.0,9975.0,10150.0,11562700.0
2022-12-02 09:00:00+00:00,10150.0,10200.0,10025.0,10200.0,7169200.0
2022-12-05 09:00:00+00:00,10175.0,10350.0,10100.0,10350.0,6783100.0
2022-12-06 09:00:00+00:00,10275.0,10350.0,10150.0,10350.0,4223600.0
2022-12-07 09:00:00+00:00,10350.0,10350.0,10075.0,10325.0,5592100.0
2022-12-08 09:00:00+00:00,10200.0,10225.0,10050.0,10200.0,4883200.0
2022-12-09 09:00:00+00:00,10200.0,10225.0,10025.0,10150.0,3475600.0
2022-12-12 09:00:00+00:00,10100.0,10400.0,9925.0,10400.0,7138500.0
2022-12-13 09:00:00+00:00,10400.0,10400.0,10200.0,10300.0,5890400.0
2022-12-14 09:00:00+00:00,10300.0,10325.0,10150.0,10325.0,2376400.0
2022-12-15 09:00:00+00:00,10300.0,10350.0,10200.0,10300.0,3197500.0
2022-12-16 09:00:00+00:00,10300.0,10450.0,10250.0,10425.0,9094300.0
2022-12-19 09:00:00+00:00,10400.0,10400.0,10150.0,10150.0,3943600.0
2022-12-20 09:00:00+00:00,10150.0,10300.0,10050.0,10300.0,1999800.0
2022-12-21 09:00:00+00:00,10275.0,10300.0,10200.0,10225.0,1492500.0
2022-12-22 09:00:00+00:00,10225.0,10350.0,10025.0,10125.0,1609900.0
2022-12-23 09:00:00+00:00,10125.0,10175.0,10000.0,10025.0,1559600.0
2022-12-26 09:00:00+00:00,10050.0,10150.0,10000.0,10150.0,1028000.0
2022-12-27 09:00:00+00:00,10150.0,10200.0,10050.0,10075.0,1260200.0
2022-12-28 09:00:00+00:00,10125.0,10175.0,10000.0,10175.0,1017400.0
2022-12-29 09:00:00+00:00,10150.0,10175.0,9725.0,10175.0,3858600.0
2022-12-30 09:00:00+00:00,10175.0,10175.0,10000.0,10000.0,1958000.0
2023-01-02 09:00:00+00:00,9975.0,10200.0,9975.0,10150.0,1201400.0
2023-01-03 09:00:00+00:00,10100.0,10300.0,10100.0,10175.0,3169800.0
2023-01-04 09:00:00+00:00,10225.0,10250.0,10025.0,10100.0,3973100.0
2023-01-05 09:00:00+00:00,10100.0,10225.0,9875.0,10225.0,3774400.0
2023-01-06 09:00:00+00:00,10225.0,10300.0,10100.0,10175.0,6288100.0
2023-01-09 09:00:00+00:00,10150.0,10275.0,10150.0,10200.0,5829300.0
2023-01-10 09:00:00+00:00,10225.0,10275.0,10150.0,10200.0,12903700.0
2023-01-11 09:00:00+00:00,10200.0,10600.0,10200.0,10525.0,10176300.0
2023-01-12 09:00:00+00:00,10525.0,10525.0,10300.0,10450.0,5439200.0
2023-01-13 09:00:00+00:00,10450.0,10475.0,10300.0,10450.0,6858700.0
2023-01-16 09:00:00+00:00,10450.0,10475.0,10200.0,10400.0,4400700.0
2023-01-17 09:00:00+00:00,10325.0,10500.0,10300.0,10350.0,3597900.0
2023-01-18 09:00:00+00:00,10350.0,10475.0,10325.0,10475.0,1468700.0
2023-01-19 09:00:00+00:00,10475.0,10500.0,10375.0,10500.0,3508100.0
2023-01-20 09:00:00+00:00,10500.0,10525.0,10325.0,10500.0,2174100.0
2023-01-24 09:00:00+00:00,10475.0,10475.0,10275.0,10400.0,1978500.0
2023-01-25 09:00:00+00:00,10400.0,10450.0,10300.0,10425.0,1422900.0
2023-01-26 09:00:00+00:00,10425.0,10425.0,10000.0,10075.0,11211000.0
2023-01-27 09:00:00+00:00,10075.0,10125.0,9925.0,10000.0,6769700.0
2023-01-30 09:00:00+00:00,10000.0,10175.0,9950.0,10100.0,3962300.0
2023-01-31 09:00:00+00:00,10100.0,10375.0,10025.0,10100.0,19385600.0
2023-02-01 09:00:00+00:00,10125.0,10375.0,10125.0,10375.0,6394700.0
2023-02-02 09:00:00+00:00,10375.0,10400.0,10225.0,10250.0,3471900.0
2023-02-03 09:00:00+00:00,10250.0,10500.0,10225.0,10475.0,6290200.0
2023-02-06 09:00:00+00:00,10450.0,10475.0,10275.0,10275.0,3375400.0
2023-02-07 09:00:00+00:00,10300.0,10400.0,10275.0,10275.0,1421900.0
2023-02-08 09:00:00+00:00,10250.0,10425.0,10250.0,10325.0,1465900.0
2023-02-09 09:00:00+00:00,10325.0,10400.0,10250.0,10300.0,3348000.0
2023-02-10 09:00:00+00:00,10250.0,10375.0,10250.0,10300.0,2206800.0
2023-02-13 09:00:00+00:00,10300.0,10575.0,10275.0,10275.0,9716000.0
2023-02-14 09:00:00+00:00,10350.0,10500.0,10275.0,10300.0,8167300.0
2023-02-15 09:00:00+00:00,10325.0,10400.0,10250.0,10300.0,2018800.0
2023-02-16 09:00:00+00:00,10325.0,10325.0,10125.0,10200.0,3145300.0
2023-02-17 09:00:00+00:00,10200.0,10400.0,10150.0,10350.0,2249400.0
2023-02-20 09:00:00+00:00,10350.0,10350.0,10175.0,10350.0,1671600.0
2023-02-21 09:00:00+00:00,10350.0,10450.0,10250.0,10300.0,2415800.0
2023-02-22 09:00:00+00:00,10300.0,10300.0,10100.0,10225.0,1786400.0
2023-02-23 09:00:00+00:00,10225.0,10300.0,10150.0,10225.0,2221800.0
2023-02-24 09:00:00+00:00,10200.0,10250.0,10150.0,10175.0,1169200.0
2023-02-27 09:00:00+00:00,10125.0,10150.0,10000.0,10050.0,3355700.0
2023-02-28 09:00:00+00:00,10000.0,10125.0,9900.0,10125.0,6041600.0
2023-03-01 09:00:00+00:00,10125.0,10125.0,9750.0,9900.0,11688400.0
2023-03-02 09:00:00+00:00,9875.0,9875.0,9700.0,9850.0,9145000.0
2023-03-03 09:00:00+00:00,9850.0,9900.0,9725.0,9725.0,4486000.0
2023-03-06 09:00:00+00:00,9700.0,9850.0,9700.0,9750.0,4757200.0
2023-03-07 09:00:00+00:00,9750.0,10175.0,9650.0,9975.0,10589900.0
2023-03-08 09:00:00+00:00,9975.0,9975.0,9800.0,9800.0,4646700.0
2023-03-09 09:00:00+00:00,9800.0,9925.0,9750.0,9800.0,1450100.0
2023-03-10 09:00:00+00:00,9800.0,9975.0,9625.0,9750.0,3436700.0
2023-03-13 09:00:00+00:00,9725.0,9875.0,9650.0,9650.0,1858700.0
2023-03-14 09:00:00+00:00,9650.0,9725.0,9600.0,9650.0,2627200.0
2023-03-15 09:00:00+00:00,9650.0,9725.0,9325.0,9325.0,4882400.0
2023-03-16 09:00:00+00:00,9300.0,9600.0,9275.0,9400.0,5112400.0
2023-03-17 09:00:00+00:00,9500.0,9800.0,9500.0,9550.0,8527800.0
2023-03-20 09:00:00+00:00,9550.0,9625.0,9450.0,9625.0,2151300.0
2023-03-21 09:00:00+00:00,9625.0,9725.0,9550.0,9700.0,3073600.0
2023-03-24 09:00:00+00:00,9650.0,10125.0,9625.0,9975.0,7244800.0
2023-03-27 09:00:00+00:00,10000.0,10025.0,9875.0,9975.0,2852200.0
2023-03-28 09:00:00+00:00,10000.0,10200.0,9975.0,10100.0,5237500.0
2023-03-29 09:00:00+00:00,10100.0,10125.0,9975.0,9975.0,5013700.0
2023-03-30 09:00:00+00:00,9975.0,9975.0,9825.0,9875.0,5282600.0
2023-03-31 09:00:00+00:00,9875.0,10000.0,9850.0,9975.0,4672700.0
2023-04-03 09:00:00+00:00,9975.0,9975.0,9850.0,9975.0,3949200.0
2023-04-04 09:00:00+00:00,9975.0,10200.0,9850.0,10200.0,6696500.0
2023-04-05 09:00:00+00:00,10200.0,10200.0,10025.0,10125.0,4243900.0
2023-04-06 09:00:00+00:00,10125.0,10125.0,9975.0,10075.0,2480300.0
2023-04-10 09:00:00+00:00,10050.0,10075.0,10000.0,10075.0,2263100.0
2023-04-11 09:00:00+00:00,10100.0,10200.0,10050.0,10200.0,1579100.0
2023-04-12 09:00:00+00:00,10175.0,10175.0,10025.0,10050.0,3379700.0
2023-04-13 09:00:00+00:00,10075.0,10375.0,10075.0,10250.0,3551000.0
2023-04-14 09:00:00+00:00,10300.0,10350.0,10200.0,10250.0,4102000.0
2023-04-17 09:00:00+00:00,10125.0,10225.0,10025.0,10225.0,4558000.0
2023-04-18 09:00:00+00:00,10225.0,10325.0,10150.0,10200.0,4165200.0
2023-04-26 09:00:00+00:00,10100.0,10350.0,10000.0,10200.0,11287900.0
2023-04-27 09:00:00+00:00,10100.0,10300.0,10100.0,10250.0,4748200.0
2023-04-28 09:00:00+00:00,10250.0,10575.0,10200.0,10575.0,9935000.0
2023-05-02 09:00:00+00:00,10550.0,10550.0,10325.0,10400.0,5413700.0
2023-05-03 09:00:00+00:00,10625.0,10850.0,10575.0,10750.0,19269600.0
2023-05-04 09:00:00+00:00,10700.0,10850.0,10625.0,10800.0,8644600.0
2023-05-05 09:00:00+00:00,10800.0,10875.0,10700.0,10875.0,15775700.0
2023-05-08 09:00:00+00:00,10875.0,11050.0,10850.0,11025.0,16280400.0
2023-05-09 09:00:00+00:00,11025.0,11125.0,10925.0,11000.0,12832600.0
2023-05-10 09:00:00+00:00,10925.0,11050.0,10850.0,10900.0,4090800.0
2023-05-11 09:00:00+00:00,10900.0,10975.0,10775.0,10975.0,4074000.0
2023-05-12 09:00:00+00:00,10900.0,10975.0,10850.0,10875.0,3636400.0
2023-05-15 09:00:00+00:00,10900.0,11125.0,10900.0,11000.0,11802100.0
2023-05-16 09:00:00+00:00,11000.0,11025.0,10950.0,11000.0,6701500.0
2023-05-17 09:00:00+00:00,11075.0,11075.0,10925.0,11000.0,9627800.0
2023-05-19 09:00:00+00:00,11050.0,11050.0,10925.0,10950.0,13878600.0
2023-05-22 09:00:00+00:00,10950.0,11075.0,10950.0,11000.0,18449000.0
2023-05-23 09:00:00+00:00,11000.0,11350.0,10975.0,11175.0,16962200.0
2023-05-24 09:00:00+00:00,11175.0,11250.0,11150.0,11200.0,10976800.0
2023-05-25 09:00:00+00:00,11200.0,11275.0,11175.0,11200.0,16498000.0
2023-05-26 09:00:00+00:00,11200.0,11250.0,11175.0,11200.0,9079400.0
2023-05-29 09:00:00+00:00,11200.0,11250.0,11150.0,11175.0,7607500.0
2023-05-30 09:00:00+00:00,11200.0,11325.0,11175.0,11200.0,11956500.0
2023-05-31 09:00:00+00:00,11300.0,11700.0,11250.0,11700.0,55219100.0
2023-06-05 09:00:00+00:00,11575.0,11575.0,11325.0,11550.0,19610600.0
2023-06-06 09:00:00+00:00,11400.0,11550.0,11250.0,11300.0,16325200.0
2023-06-07 09:00:00+00:00,11250.0,11475.0,11250.0,11300.0,14861700.0
2023-06-08 09:00:00+00:00,11325.0,11525.0,11250.0,11300.0,10950100.0
2023-06-09 09:00:00+00:00,11300.0,11400.0,11175.0,11375.0,14068100.0
2023-06-12 09:00:00+00:00,11350.0,11400.0,11225.0,11300.0,5427500.0
2023-06-13 09:00:00+00:00,11300.0,11325.0,11225.0,11250.0,5166300.0
2023-06-14 09:00:00+00:00,11300.0,11300.0,11225.0,11300.0,4387300.0
2023-06-15 09:00:00+00:00,11325.0,11350.0,11250.0,11325.0,8669700.0
2023-06-16 09:00:00+00:00,11300.0,11400.0,11200.0,11200.0,14121200.0
2023-06-19 09:00:00+00:00,11200.0,11275.0,11200.0,11250.0,4302900.0
2023-06-20 09:00:00+00:00,11250.0,11250.0,10975.0,11200.0,8294300.0
2023-06-21 09:00:00+00:00,11200.0,11375.0,11175.0,11325.0,9926300.0
2023-06-22 09:00:00+00:00,11300.0,11300.0,11125.0,11175.0,6988400.0
2023-06-23 09:00:00+00:00,11150.0,11250.0,11075.0,11175.0,5224200.0
2023-06-26 09:00:00+00:00,11275.0,11375.0,11175.0,11325.0,7496000.0
2023-06-27 09:00:00+00:00,11350.0,11450.0,11250.0,11325.0,11473200.0
2023-07-03 09:00:00+00:00,11600.0,11600.0,11350.0,11575.0,7246700.0
2023-07-04 09:00:00+00:00,11600.0,11600.0,11450.0,11475.0,3933600.0
2023-07-05 09:00:00+00:00,11500.0,11550.0,11350.0,11450.0,8144000.0
2023-07-06 09:00:00+00:00,11450.0,11450.0,11350.0,11400.0,3790500.0
2023-07-07 09:00:00+00:00,11300.0,11400.0,11225.0,11275.0,3881200.0
2023-07-10 09:00:00+00:00,11325.0,11450.0,11250.0,11325.0,3372200.0
2023-07-11 09:00:00+00:00,11450.0,11600.0,11375.0,11525.0,7366100.0
2023-07-12 09:00:00+00:00,11700.0,11875.0,11550.0,11650.0,11957300.0
2023-07-13 09:00:00+00:00,11650.0,11925.0,11650.0,11700.0,9467200.0
2023-07-14 09:00:00+00:00,11800.0,11800.0,11650.0,11775.0,4077400.0
2023-07-17 09:00:00+00:00,11800.0,11875.0,11650.0,11650.0,8656700.0
2023-07-18 09:00:00+00:00,11675.0,11800.0,11500.0,11750.0,8160500.0
2023-07-20 09:00:00+00:00,11750.0,11750.0,11350.0,11475.0,17637200.0
2023-07-21 09:00:00+00:00,11500.0,11600.0,11425.0,11500.0,5102000.0
2023-07-24 09:00:00+00:00,11500.0,11625.0,11475.0,11525.0,4574500.0
2023-07-25 09:00:00+00:00,11475.0,11550.0,11200.0,11225.0,9932300.0
2023-07-26 09:00:00+00:00,11225.0,11225.0,11075.0,11175.0,5003000.0
2023-07-27 09:00:00+00:00,11175.0,11300.0,11150.0,11175.0,4539400.0
2023-07-28 09:00:00+00:00,11175.0,11200.0,10950.0,11200.0,7477300.0
2023-07-31 09:00:00+00:00,11200.0,11275.0,11100.0,11200.0,4635800.0
2023-08-01 09:00:00+00:00,11200.0,11200.0,10850.0,11075.0,7197300.0
2023-08-02 09:00:00+00:00,11075.0,11225.0,10950.0,11175.0,6184000.0
2023-08-03 09:00:00+00:00,11100.0,11300.0,11100.0,11200.0,5683300.0
2023-08-04 09:00:00+00:00,11200.0,11300.0,11125.0,11250.0,6014000.0
2023-08-07 09:00:00+00:00,11300.0,11300.0,11050.0,11125.0,5146000.0
2023-08-08 09:00:00+00:00,11125.0,11250.0,11100.0,11150.0,3765300.0
2023-08-09 09:00:00+00:00,11225.0,11225.0,11025.0,11100.0,2993400.0
2023-08-10 09:00:00+00:00,11200.0,11450.0,11125.0,11450.0,7467000.0
2023-08-11 09:00:00+00:00,11450.0,11525.0,11300.0,11475.0,5047600.0
2023-08-14 09:00:00+00:00,11500.0,11500.0,11300.0,11400.0,4849400.0
2023-08-15 09:00:00+00:00,11400.0,11500.0,11350.0,11475.0,4388600.0
2023-08-16 09:00:00+00:00,11550.0,11700.0,11450.0,11675.0,5716100.0
2023-08-18 09:00:00+00:00,11650.0,11700.0,11500.0,11700.0,6270900.0
2023-08-21 09:00:00+00:00,11725.0,11775.0,11600.0,11675.0,4556600.0
2023-08-22 09:00:00+00:00,11700.0,11700.0,11475.0,11525.0,2811800.0
2023-08-23 09:00:00+00:00,11525.0,11525.0,11400.0,11500.0,5173500.0
2023-08-24 09:00:00+00:00,11500.0,11500.0,11350.0,11350.0,2938500.0
2023-08-25 09:00:00+00:00,11350.0,11425.0,11225.0,11425.0,2972100.0
2023-08-28 09:00:00+00:00,11425.0,11425.0,11225.0,11300.0,2836900.0
2023-08-29 09:00:00+00:00,11325.0,11425.0,11275.0,11375.0,3082600.0
2023-08-30 09:00:00+00:00,11375.0,11375.0,11250.0,11250.0,3638000.0
2023-08-31 09:00:00+00:00,11225.0,11250.0,11125.0,11200.0,10231100.0
2023-09-01 09:00:00+00:00,11200.0,11275.0,11050.0,11200.0,4602100.0
2023-09-04 09:00:00+00:00,11200.0,11400.0,11175.0,11200.0,4055000.0
2023-09-05 09:00:00+00:00,11200.0,11275.0,11125.0,11175.0,2295000.0
2023-09-06 09:00:00+00:00,11150.0,11250.0,10950.0,11050.0,4817600.0
2023-09-07 09:00:00+00:00,11075.0,11200.0,11075.0,11200.0,4889200.0
2023-09-08 09:00:00+00:00,11200.0,11350.0,11025.0,11125.0,5514100.0
2023-09-11 09:00:00+00:00,11125.0,11225.0,11050.0,11175.0,3452600.0
2023-09-12 09:00:00+00:00,11175.0,11200.0,11100.0,11200.0,3767200.0
2023-09-13 09:00:00+00:00,11200.0,11200.0,11100.0,11200.0,3169500.0
2023-09-14 09:00:00+00:00,11200.0,11225.0,11000.0,11000.0,4753700.0
2023-09-15 09:00:00+00:00,11000.0,11050.0,10700.0,10975.0,8271100.0
2023-09-18 09:00:00+00:00,10850.0,10975.0,10700.0,10850.0,4752900.0
2023-09-19 09:00:00+00:00,10700.0,10875.0,10700.0,10825.0,3828900.0
2023-09-20 09:00:00+00:00,10825.0,11050.0,10800.0,10850.0,4337500.0
2023-09-21 09:00:00+00:00,10825.0,11200.0,10750.0,11200.0,5964300.0
2023-09-22 09:00:00+00:00,11200.0,11450.0,11200.0,11350.0,8580400.0
2023-09-25 09:00:00+00:00,11425.0,11450.0,11200.0,11250.0,2726800.0
2023-09-26 09:00:00+00:00,11275.0,11275.0,11025.0,11175.0,3475600.0
2023-09-27 09:00:00+00:00,11225.0,11225.0,10975.0,11000.0,2605000.0
2023-09-29 09:00:00+00:00,11175.0,11175.0,10900.0,11075.0,3978700.0
2023-10-02 09:00:00+00:00,11100.0,11200.0,11050.0,11100.0,3048800.0
2023-10-03 09:00:00+00:00,11125.0,11175.0,10950.0,10950.0,4392200.0
2023-10-04 09:00:00+00:00,10950.0,11200.0,10850.0,11200.0,9283000.0
2023-10-05 09:00:00+00:00,11275.0,11675.0,11250.0,11625.0,12755300.0
2023-10-06 09:00:00+00:00,11625.0,11700.0,11450.0,11500.0,4721300.0
2023-10-09 09:00:00+00:00,11400.0,11400.0,11075.0,11100.0,4360800.0
2023-10-10 09:00:00+00:00,11100.0,11100.0,10850.0,10850.0,5032600.0
2023-10-11 09:00:00+00:00,10850.0,10975.0,10700.0,10700.0,6408300.0
2023-10-12 09:00:00+00:00,10800.0,11150.0,10775.0,10975.0,6821900.0
2023-10-13 09:00:00+00:00,10975.0,11100.0,10875.0,10875.0,2727400.0
2023-10-16 09:00:00+00:00,11000.0,11000.0,10750.0,10900.0,2385800.0
2023-10-17 09:00:00+00:00,10925.0,10975.0,10800.0,10900.0,4515200.0
2023-10-18 09:00:00+00:00,10900.0,10900.0,10625.0,10625.0,5680900.0
2023-10-19 09:00:00+00:00,10625.0,10700.0,10225.0,10425.0,11233800.0
2023-10-20 09:00:00+00:00,10475.0,10775.0,10450.0,10600.0,3439700.0
2023-10-23 09:00:00+00:00,10650.0,10725.0,10450.0,10500.0,4213500.0
2023-10-24 09:00:00+00:00,10600.0,10825.0,10525.0,10800.0,5166900.0
2023-10-25 09:00:00+00:00,10725.0,10775.0,10450.0,10450.0,3907400.0
2023-10-26 09:00:00+00:00,10450.0,10600.0,10225.0,10275.0,6579200.0
2023-10-27 09:00:00+00:00,10275.0,10550.0,10175.0,10525.0,5503300.0
2023-10-30 09:00:00+00:00,10525.0,10525.0,10375.0,10525.0,3187000.0
2023-10-31 09:00:00+00:00,10500.0,10500.0,10125.0,10350.0,4549800.0
2023-11-01 09:00:00+00:00,10325.0,10550.0,10075.0,10375.0,13173300.0
2023-11-02 09:00:00+00:00,10375.0,10575.0,10250.0,10350.0,4731600.0
2023-11-03 09:00:00+00:00,10325.0,10550.0,10200.0,10450.0,4688400.0
2023-11-06 09:00:00+00:00,10450.0,10500.0,10275.0,10475.0,4923200.0
2023-11-07 09:00:00+00:00,10500.0,10525.0,10325.0,10475.0,5949700.0
2023-11-08 09:00:00+00:00,10500.0,10500.0,10250.0,10475.0,5589900.0
2023-11-09 09:00:00+00:00,10475.0,10650.0,10450.0,10450.0,2166300.0
2023-11-10 09:00:00+00:00,10500.0,10575.0,10400.0,10575.0,2215700.0
2023-11-13 09:00:00+00:00,10575.0,10675.0,10375.0,10375.0,2206900.0
2023-11-14 09:00:00+00:00,10350.0,10500.0,10250.0,10450.0,6893000.0
2023-11-15 09:00:00+00:00,10475.0,10650.0,10475.0,10575.0,3453900.0
2023-11-16 09:00:00+00:00,10575.0,10575.0,10400.0,10575.0,5186400.0
2023-11-17 09:00:00+00:00,10625.0,10625.0,10350.0,10475.0,4270900.0
2023-11-20 09:00:00+00:00,10475.0,10550.0,10450.0,10525.0,972500.0
2023-11-21 09:00:00+00:00,10525.0,10525.0,10400.0,10500.0,2778800.0
2023-11-22 09:00:00+00:00,10500.0,10550.0,10400.0,10500.0,2170800.0
2023-11-23 09:00:00+00:00,10525.0,10650.0,10475.0,10550.0,3034500.0
2023-11-24 09:00:00+00:00,10550.0,10550.0,10400.0,10425.0,1244800.0
2023-11-27 09:00:00+00:00,10425.0,10725.0,10425.0,10650.0,3045400.0
2023-11-28 09:00:00+00:00,10675.0,10750.0,10550.0,10650.0,4504400.0
2023-11-29 09:00:00+00:00,10650.0,10700.0,10400.0,10500.0,4096900.0
2023-11-30 09:00:00+00:00,10350.0,11550.0,10275.0,11550.0,14781100.0
2023-12-01 09:00:00+00:00,10675.0,10750.0,10475.0,10525.0,7478900.0
2023-12-04 09:00:00+00:00,10575.0,10600.0,10350.0,10500.0,10072200.0
2023-12-05 09:00:00+00:00,10525.0,10675.0,10450.0,10675.0,2323900.0
2023-12-06 09:00:00+00:00,10675.0,10950.0,10550.0,10650.0,4963900.0
2023-12-07 09:00:00+00:00,10650.0,10725.0,10525.0,10650.0,3033800.0
2023-12-08 09:00:00+00:00,10675.0,10975.0,10675.0,10975.0,5209000.0
2023-12-11 09:00:00+00:00,10900.0,10925.0,10475.0,10525.0,6701100.0
2023-12-12 09:00:00+00:00,10525.0,10725.0,10500.0,10625.0,2993100.0
2023-12-13 09:00:00+00:00,10625.0,10675.0,10500.0,10550.0,3286000.0
2023-12-14 09:00:00+00:00,10400.0,10675.0,10400.0,10575.0,2834700.0
2023-12-15 09:00:00+00:00,10575.0,10675.0,10425.0,10425.0,8340900.0
2023-12-18 09:00:00+00:00,10450.0,10600.0,10375.0,10600.0,6538900.0
2023-12-19 09:00:00+00:00,10650.0,10675.0,10525.0,10575.0,1511400.0
2023-12-20 09:00:00+00:00,10575.0,10675.0,10575.0,10575.0,1858400.0
2023-12-21 09:00:00+00:00,10575.0,10650.0,10550.0,10550.0,1724900.0
2023-12-22 09:00:00+00:00,10575.0,10625.0,10475.0,10525.0,1311300.0
2023-12-27 09:00:00+00:00,10525.0,10675.0,10525.0,10575.0,1530000.0
2023-12-28 09:00:00+00:00,10625.0,10825.0,10600.0,10650.0,3160100.0
2023-12-29 09:00:00+00:00,10675.0,10800.0,10575.0,10575.0,4680900.0
2024-01-02 09:00:00+00:00,10575.0,10650.0,10550.0,10650.0,3555400.0
2024-01-03 09:00:00+00:00,10650.0,10675.0,10600.0,10625.0,803100.0
2024-01-04 09:00:00+00:00,10675.0,11150.0,10650.0,11050.0,6276400.0
2024-01-05 09:00:00+00:00,11025.0,11025.0,10725.0,10725.0,3438400.0
2024-01-08 09:00:00+00:00,10725.0,10925.0,10675.0,10750.0,3206700.0
2024-01-09 09:00:00+00:00,10800.0,11075.0,10800.0,11025.0,4437300.0
2024-01-10 09:00:00+00:00,11075.0,11375.0,10975.0,11350.0,7536000.0
2024-01-11 09:00:00+00:00,11350.0,11350.0,11100.0,11125.0,3633700.0
2024-01-12 09:00:00+00:00,11025.0,11175.0,11025.0,11175.0,1897600.0
2024-01-15 09:00:00+00:00,11200.0,11350.0,11100.0,11125.0,3546600.0
2024-01-16 09:00:00+00:00,11125.0,11250.0,11050.0,11075.0,3301700.0
2024-01-17 09:00:00+00:00,11075.0,11125.0,11000.0,11125.0,2865600.0
2024-01-18 09:00:00+00:00,11175.0,11350.0,11075.0,11275.0,5651900.0
2024-01-19 09:00:00+00:00,11375.0,11625.0,11300.0,11550.0,9591900.0
2024-01-22 09:00:00+00:00,11600.0,11625.0,11200.0,11400.0,6162800.0
2024-01-23 09:00:00+00:00,11400.0,11400.0,11225.0,11375.0,3755700.0
2024-01-24 09:00:00+00:00,11400.0,11525.0,11325.0,11400.0,3733500.0
2024-01-25 09:00:00+00:00,11400.0,11500.0,11400.0,11400.0,4040000.0
2024-01-26 09:00:00+00:00,11600.0,11625.0,11275.0,11450.0,5350200.0
2024-01-29 09:00:00+00:00,11450.0,11500.0,11375.0,11400.0,2404000.0
2024-01-30 09:00:00+00:00,11400.0,11425.0,11200.0,11225.0,3672600.0
2024-01-31 09:00:00+00:00,11225.0,11825.0,11225.0,11775.0,16694400.0
2024-02-01 09:00:00+00:00,11625.0,11775.0,11375.0,11575.0,7741600.0
2024-02-02 09:00:00+00:00,11550.0,11725.0,11425.0,11575.0,6564300.0
2024-02-05 09:00:00+00:00,11575.0,11575.0,11425.0,11475.0,2374000.0
2024-02-06 09:00:00+00:00,11500.0,11550.0,11450.0,11525.0,2815200.0
2024-02-07 09:00:00+00:00,11575.0,11575.0,11425.0,11425.0,2784200.0
2024-02-12 09:00:00+00:00,11500.0,11650.0,11425.0,11650.0,6509900.0
2024-02-13 09:00:00+00:00,11650.0,11650.0,11375.0,11375.0,5869200.0
2024-02-15 09:00:00+00:00,11625.0,11750.0,11625.0,11650.0,6995500.0
2024-02-16 09:00:00+00:00,11650.0,11675.0,11425.0,11450.0,6008600.0
2024-02-19 09:00:00+00:00,11450.0,11650.0,11400.0,11575.0,3107400.0
2024-02-20 09:00:00+00:00,11575.0,11650.0,11450.0,11550.0,4743300.0
2024-02-21 09:00:00+00:00,11550.0,11550.0,11325.0,11475.0,4232000.0
2024-02-22 09:00:00+00:00,11525.0,11625.0,11475.0,11600.0,4281600.0
2024-02-23 09:00:00+00:00,11650.0,11650.0,11450.0,11550.0,4537500.0
2024-02-26 09:00:00+00:00,11575.0,11650.0,11475.0,11550.0,2626300.0
2024-02-27 09:00:00+00:00,11550.0,11650.0,11500.0,11600.0,3928400.0
2024-02-28 09:00:00+00:00,11600.0,11625.0,11550.0,11600.0,1213000.0
2024-02-29 09:00:00+00:00,11600.0,11625.0,11450.0,11550.0,5965900.0
2024-03-01 09:00:00+00:00,11475.0,11625.0,11475.0,11625.0,9250500.0
2024-03-04 09:00:00+00:00,11625.0,11625.0,11450.0,11450.0,3310000.0
2024-03-05 09:00:00+00:00,11450.0,11475.0,11350.0,11375.0,3559500.0
2024-03-06 09:00:00+00:00,11350.0,11350.0,11100.0,11150.0,4603700.0
2024-03-07 09:00:00+00:00,11150.0,11150.0,10700.0,10700.0,14189000.0
2024-03-08 09:00:00+00:00,10600.0,10900.0,10600.0,10775.0,10088700.0
2024-03-13 09:00:00+00:00,10750.0,10850.0,10600.0,10725.0,13549200.0
2024-03-14 09:00:00+00:00,10725.0,10900.0,10650.0,10900.0,9405800.0
2024-03-15 09:00:00+00:00,10750.0,10800.0,10600.0,10725.0,15472200.0
2024-03-18 09:00:00+00:00,10750.0,10950.0,10750.0,10850.0,9332700.0
2024-03-19 09:00:00+00:00,10900.0,11225.0,10750.0,11000.0,12233400.0
2024-03-20 09:00:00+00:00,11000.0,11225.0,10975.0,11225.0,4770900.0
2024-03-21 09:00:00+00:00,11225.0,11225.0,10950.0,10950.0,8369200.0
2024-03-22 09:00:00+00:00,11000.0,11125.0,10900.0,11125.0,4113600.0
2024-03-25 09:00:00+00:00,11300.0,11300.0,11025.0,11200.0,4031700.0
2024-03-26 09:00:00+00:00,11000.0,11000.0,10350.0,10850.0,17108300.0
2024-03-27 09:00:00+00:00,10875.0,11150.0,10875.0,11000.0,5181700.0
2024-03-28 09:00:00+00:00,11025.0,11600.0,10850.0,11600.0,8583800.0
2024-04-01 09:00:00+00:00,11375.0,11375.0,11000.0,11225.0,5789500.0
2024-04-02 09:00:00+00:00,11250.0,11250.0,11025.0,11200.0,4363900.0
2024-04-03 09:00:00+00:00,11200.0,11200.0,10925.0,11000.0,2469800.0
2024-04-04 09:00:00+00:00,11000.0,11100.0,10950.0,11025.0,2527700.0
2024-04-05 09:00:00+00:00,11050.0,11050.0,10850.0,10850.0,2242100.0
2024-04-16 09:00:00+00:00,10300.0,10625.0,10075.0,10100.0,18880100.0
2024-04-17 09:00:00+00:00,10050.0,10300.0,10050.0,10150.0,14369100.0
2024-04-18 09:00:00+00:00,10150.0,10175.0,9800.0,10100.0,11022600.0
2024-04-19 09:00:00+00:00,9975.0,10000.0,9600.0,9725.0,11496400.0
2024-04-22 09:00:00+00:00,9850.0,9975.0,9650.0,9800.0,8329600.0
2024-04-23 09:00:00+00:00,9825.0,10025.0,9825.0,9925.0,5539400.0
2024-04-24 09:00:00+00:00,9925.0,10225.0,9925.0,10175.0,8075100.0
2024-04-25 09:00:00+00:00,10275.0,10925.0,10100.0,10700.0,16918500.0
2024-04-26 09:00:00+00:00,10700.0,10775.0,10550.0,10600.0,4076200.0
2024-04-29 09:00:00+00:00,10750.0,10800.0,10575.0,10675.0,4497500.0
2024-04-30 09:00:00+00:00,10700.0,10975.0,10700.0,10875.0,6660300.0
2024-05-02 09:00:00+00:00,10875.0,10875.0,10300.0,10475.0,5930000.0
2024-05-03 09:00:00+00:00,10475.0,10850.0,10325.0,10850.0,3524800.0
2024-05-06 09:00:00+00:00,11150.0,11150.0,10750.0,10850.0,2850400.0
2024-05-07 09:00:00+00:00,10900.0,10925.0,10650.0,10775.0,2877500.0
2024-05-08 09:00:00+00:00,10825.0,10850.0,10575.0,10775.0,4333600.0
2024-05-13 09:00:00+00:00,10600.0,10600.0,10025.0,10300.0,7265800.0
2024-05-14 09:00:00+00:00,10300.0,10400.0,10200.0,10300.0,8204800.0
2024-05-15 09:00:00+00:00,10300.0,10600.0,10175.0,10600.0,5442200.0
2024-05-16 09:00:00+00:00,10700.0,10900.0,10500.0,10575.0,4835200.0
2024-05-17 09:00:00+00:00,10575.0,10750.0,10450.0,10550.0,4102700.0
2024-05-20 09:00:00+00:00,10600.0,10725.0,10450.0,10500.0,2328300.0
2024-05-21 09:00:00+00:00,10550.0,10575.0,10350.0,10400.0,3604100.0
2024-05-22 09:00:00+00:00,10500.0,10600.0,10375.0,10475.0,3951100.0
2024-05-27 09:00:00+00:00,10400.0,10475.0,10150.0,10425.0,4798800.0
2024-05-28 09:00:00+00:00,10475.0,10775.0,10450.0,10600.0,4378100.0
2024-05-29 09:00:00+00:00,10600.0,10600.0,10375.0,10425.0,2905300.0
2024-05-30 09:00:00+00:00,10425.0,10425.0,10125.0,10150.0,6573700.0
2024-05-31 09:00:00+00:00,10275.0,10425.0,9750.0,9750.0,13874400.0
2024-06-03 09:00:00+00:00,9875.0,10425.0,9875.0,10200.0,7155200.0
2024-06-04 09:00:00+00:00,10275.0,10475.0,10250.0,10325.0,2538200.0
2024-06-05 09:00:00+00:00,10450.0,10525.0,10350.0,10450.0,3586600.0
2024-06-06 09:00:00+00:00,10500.0,10600.0,10375.0,10600.0,3304700.0
2024-06-07 09:00:00+00:00,10600.0,10650.0,10450.0,10575.0,2828600.0
2024-06-10 09:00:00+00:00,10575.0,10650.0,10400.0,10500.0,3375400.0
2024-06-11 09:00:00+00:00,10400.0,10600.0,10400.0,10550.0,2464400.0
2024-06-12 09:00:00+00:00,10600.0,10650.0,10500.0,10575.0,4456800.0
2024-06-13 09:00:00+00:00,10600.0,10750.0,10575.0,10675.0,4244200.0
2024-06-14 09:00:00+00:00,10675.0,10725.0,10400.0,10500.0,7605600.0
2024-06-19 09:00:00+00:00,10500.0,10500.0,10150.0,10200.0,6183700.0
2024-06-20 09:00:00+00:00,10200.0,10225.0,10000.0,10175.0,7627200.0
2024-06-21 09:00:00+00:00,10175.0,10325.0,10025.0,10300.0,8739800.0
2024-06-24 09:00:00+00:00,10325.0,10375.0,10175.0,10300.0,1715900.0
2024-06-25 09:00:00+00:00,10300.0,10325.0,10125.0,10125.0,3239400.0
2024-06-26 09:00:00+00:00,10200.0,10450.0,10150.0,10375.0,4923000.0
2024-06-27 09:00:00+00:00,10425.0,10600.0,10325.0,10500.0,5913800.0
2024-06-28 09:00:00+00:00,10350.0,10400.0,10275.0,10300.0,6499600.0
2024-07-01 09:00:00+00:00,10300.0,10400.0,10175.0,10300.0,2453800.0
2024-07-02 09:00:00+00:00,10300.0,10300.0,10100.0,10250.0,3564300.0
2024-07-03 09:00:00+00:00,10275.0,10275.0,10150.0,10275.0,5316900.0
2024-07-04 09:00:00+00:00,10275.0,10350.0,10175.0,10225.0,3803000.0
2024-07-05 09:00:00+00:00,10250.0,10275.0,10175.0,10275.0,2943200.0
2024-07-08 09:00:00+00:00,10275.0,10400.0,10275.0,10400.0,6163500.0
2024-07-09 09:00:00+00:00,10300.0,10425.0,10225.0,10325.0,10883600.0
2024-07-10 09:00:00+00:00,10325.0,10325.0,10200.0,10300.0,3171100.0
2024-07-11 09:00:00+00:00,10325.0,10350.0,10250.0,10300.0,3371100.0
2024-07-12 09:00:00+00:00,10375.0,10550.0,10300.0,10375.0,1985800.0
2024-07-15 09:00:00+00:00,10375.0,10575.0,10300.0,10575.0,3988500.0
2024-07-16 09:00:00+00:00,10600.0,10600.0,10350.0,10475.0,1382300.0
2024-07-17 09:00:00+00:00,10550.0,10875.0,10525.0,10750.0,9906800.0
2024-07-18 09:00:00+00:00,10750.0,10800.0,10650.0,10750.0,3682500.0
2024-07-19 09:00:00+00:00,10700.0,10800.0,10600.0,10800.0,4951000.0
2024-07-22 09:00:00+00:00,10900.0,10950.0,10700.0,10900.0,2848600.0
2024-07-23 09:00:00+00:00,10825.0,11000.0,10725.0,10725.0,4947600.0
2024-07-24 09:00:00+00:00,10725.0,10850.0,10650.0,10800.0,2054400.0
2024-07-25 09:00:00+00:00,10800.0,10875.0,10650.0,10850.0,3684200.0
2024-07-26 09:00:00+00:00,10875.0,11000.0,10775.0,10850.0,6806800.0
2024-07-29 09:00:00+00:00,10900.0,10950.0,10750.0,10825.0,5727200.0
2024-07-30 09:00:00+00:00,10950.0,10950.0,10800.0,10900.0,2399400.0
2024-07-31 09:00:00+00:00,10950.0,10950.0,10875.0,10925.0,2971700.0
2024-08-01 09:00:00+00:00,11000.0,11125.0,10975.0,11000.0,6655400.0
2024-08-02 09:00:00+00:00,11000.0,11250.0,11000.0,11175.0,7335300.0
2024-08-05 09:00:00+00:00,11000.0,11275.0,10675.0,10900.0,10163800.0
2024-08-06 09:00:00+00:00,11000.0,11100.0,10900.0,11000.0,7517800.0
2024-08-07 09:00:00+00:00,11000.0,11150.0,10950.0,11050.0,5618600.0
2024-08-08 09:00:00+00:00,11050.0,11125.0,10775.0,10975.0,5063700.0
2024-08-09 09:00:00+00:00,11000.0,11250.0,11000.0,11200.0,4031800.0
2024-08-12 09:00:00+00:00,11200.0,11200.0,10950.0,11000.0,3494700.0
2024-08-13 09:00:00+00:00,11200.0,11200.0,11025.0,11175.0,5104600.0
2024-08-14 09:00:00+00:00,11100.0,11550.0,11100.0,11350.0,9082000.0
2024-08-15 09:00:00+00:00,11375.0,11375.0,11200.0,11275.0,3778300.0
2024-08-16 09:00:00+00:00,11425.0,11425.0,11100.0,11375.0,5379900.0
2024-08-19 09:00:00+00:00,11300.0,11400.0,11275.0,11400.0,5734300.0
2024-08-20 09:00:00+00:00,11400.0,11500.0,11275.0,11425.0,9564900.0
2024-08-21 09:00:00+00:00,11500.0,11500.0,11350.0,11450.0,2674000.0
2024-08-22 09:00:00+00:00,11350.0,11475.0,11250.0,11350.0,4855400.0
2024-08-23 09:00:00+00:00,11350.0,11500.0,11350.0,11475.0,4846300.0
2024-08-26 09:00:00+00:00,11300.0,11425.0,11150.0,11400.0,6606600.0
2024-08-27 09:00:00+00:00,11425.0,11500.0,11325.0,11425.0,4355700.0
2024-08-28 09:00:00+00:00,11475.0,11575.0,11375.0,11400.0,4722500.0
2024-08-29 09:00:00+00:00,11500.0,11550.0,11400.0,11400.0,3988700.0
2024-08-30 09:00:00+00:00,11200.0,11475.0,11200.0,11475.0,7521300.0
2024-09-02 09:00:00+00:00,11400.0,11550.0,11375.0,11500.0,7506100.0
2024-09-03 09:00:00+00:00,11425.0,11450.0,11275.0,11375.0,4461700.0
2024-09-04 09:00:00+00:00,11075.0,11425.0,11075.0,11400.0,6155200.0
2024-09-05 09:00:00+00:00,11450.0,11725.0,11450.0,11650.0,7236600.0
2024-09-06 09:00:00+00:00,11525.0,11700.0,11450.0,11450.0,4077500.0
2024-09-09 09:00:00+00:00,11450.0,11600.0,11200.0,11600.0,8829500.0
2024-09-10 09:00:00+00:00,11675.0,11675.0,11550.0,11575.0,4439800.0
2024-09-11 09:00:00+00:00,11575.0,11600.0,11525.0,11575.0,3358600.0
2024-09-12 09:00:00+00:00,11475.0,11625.0,11475.0,11475.0,2736700.0
2024-09-13 09:00:00+00:00,11375.0,11450.0,11325.0,11325.0,4657400.0
2024-09-17 09:00:00+00:00,11425.0,11450.0,11325.0,11400.0,3279400.0
2024-09-18 09:00:00+00:00,11375.0,11525.0,11375.0,11500.0,1922500.0
2024-09-19 09:00:00+00:00,11525.0,11800.0,11450.0,11700.0,7514700.0
2024-09-20 09:00:00+00:00,11725.0,12350.0,11725.0,12000.0,11064700.0
2024-09-23 09:00:00+00:00,12125.0,12300.0,12000.0,12200.0,5239500.0
2024-09-24 09:00:00+00:00,12325.0,12725.0,12250.0,12425.0,12381000.0
2024-09-25 09:00:00+00:00,12500.0,12500.0,12125.0,12450.0,7539700.0
2024-09-26 09:00:00+00:00,12650.0,12875.0,12450.0,12775.0,12978300.0
2024-09-27 09:00:00+00:00,12800.0,12800.0,12475.0,12650.0,7139400.0
2024-09-30 09:00:00+00:00,12650.0,12650.0,12325.0,12325.0,7362100.0
2024-10-01 09:00:00+00:00,12325.0,12575.0,12100.0,12450.0,6887000.0
2024-10-02 09:00:00+00:00,12275.0,12400.0,12025.0,12200.0,8171200.0
2024-10-03 09:00:00+00:00,12250.0,12250.0,11950.0,12000.0,10296200.0
2024-10-04 09:00:00+00:00,12000.0,12250.0,11925.0,12125.0,5569800.0
2024-10-07 09:00:00+00:00,12050.0,12150.0,11725.0,12000.0,4128800.0
2024-10-08 09:00:00+00:00,12000.0,12350.0,11925.0,12300.0,5779300.0
2024-10-09 09:00:00+00:00,12200.0,12275.0,12050.0,12075.0,4270800.0
2024-10-10 09:00:00+00:00,12075.0,12225.0,12025.0,12050.0,1908600.0
2024-10-11 09:00:00+00:00,12500.0,12500.0,12075.0,12250.0,4363700.0
2024-10-14 09:00:00+00:00,12250.0,12500.0,12150.0,12350.0,3228200.0
2024-10-15 09:00:00+00:00,12350.0,12625.0,12325.0,12575.0,4111700.0
2024-10-16 09:00:00+00:00,12750.0,12750.0,12225.0,12500.0,3719000.0
2024-10-17 09:00:00+00:00,12500.0,12650.0,12350.0,12500.0,5359100.0
2024-10-18 09:00:00+00:00,12625.0,12850.0,12400.0,12800.0,5069700.0
2024-10-21 09:00:00+00:00,12800.0,12800.0,12500.0,12500.0,3698000.0
2024-10-22 09:00:00+00:00,12600.0,12675.0,12425.0,12525.0,2545600.0
2024-10-23 09:00:00+00:00,12500.0,12650.0,12500.0,12600.0,3484200.0
2024-10-24 09:00:00+00:00,12600.0,12675.0,12500.0,12525.0,1918300.0
2024-10-25 09:00:00+00:00,12550.0,12850.0,12525.0,12650.0,3657800.0
2024-10-28 09:00:00+00:00,12575.0,12650.0,12500.0,12650.0,2159300.0
2024-10-29 09:00:00+00:00,12650.0,12675.0,12550.0,12575.0,1739200.0
2024-10-30 09:00:00+00:00,12600.0,12600.0,12350.0,12450.0,3915400.0
2024-10-31 09:00:00+00:00,12450.0,12450.0,12300.0,12325.0,2305900.0
2024-11-01 09:00:00+00:00,12425.0,12450.0,12100.0,12100.0,4011200.0
2024-11-04 09:00:00+00:00,12175.0,12500.0,11950.0,12325.0,3534000.0
2024-11-05 09:00:00+00:00,12500.0,12600.0,12300.0,12600.0,3941300.0
2024-11-06 09:00:00+00:00,12500.0,12500.0,12050.0,12150.0,4396900.0
2024-11-07 09:00:00+00:00,12200.0,12250.0,11800.0,12075.0,7684900.0
2024-11-08 09:00:00+00:00,12075.0,12175.0,12000.0,12100.0,2920900.0
2024-11-11 09:00:00+00:00,12000.0,12000.0,11650.0,11950.0,3367300.0
2024-11-12 09:00:00+00:00,11950.0,12075.0,11825.0,11850.0,3318200.0
2024-11-13 09:00:00+00:00,11850.0,12000.0,11800.0,11850.0,4027500.0
2024-11-14 09:00:00+00:00,11850.0,11850.0,11450.0,11450.0,5482800.0
2024-11-15 09:00:00+00:00,11450.0,11725.0,11450.0,11675.0,3792500.0
2024-11-18 09:00:00+00:00,11750.0,12025.0,11750.0,11975.0,2830700.0
2024-11-19 09:00:00+00:00,11975.0,12025.0,11775.0,11900.0,5336100.0
2024-11-20 09:00:00+00:00,11925.0,11925.0,11650.0,11800.0,2082200.0
2024-11-21 09:00:00+00:00,11800.0,11900.0,11675.0,11800.0,4577300.0
2024-11-22 09:00:00+00:00,12075.0,12225.0,11925.0,12000.0,7267400.0
2024-11-25 09:00:00+00:00,12000.0,12050.0,11800.0,11950.0,9711300.0
2024-11-26 09:00:00+00:00,12175.0,12175.0,11900.0,11975.0,4931800.0
2024-11-28 09:00:00+00:00,11975.0,11975.0,11650.0,11900.0,3166900.0
2024-11-29 09:00:00+00:00,11975.0,12025.0,11825.0,11900.0,4519900.0
2024-12-02 09:00:00+00:00,11700.0,12000.0,11700.0,11850.0,4943400.0
2024-12-03 09:00:00+00:00,11925.0,11975.0,11725.0,11925.0,6398300.0
2024-12-04 09:00:00+00:00,11800.0,11925.0,11775.0,11800.0,4248900.0
2024-12-05 09:00:00+00:00,11825.0,11950.0,11775.0,11900.0,4593600.0
2024-12-06 09:00:00+00:00,11900.0,11900.0,11775.0,11825.0,1582600.0
2024-12-09 09:00:00+00:00,11800.0,11800.0,11700.0,11775.0,4161700.0
2024-12-10 09:00:00+00:00,11775.0,11800.0,11600.0,11725.0,3743300.0
2024-12-11 09:00:00+00:00,11650.0,11800.0,11650.0,11725.0,3453500.0
2024-12-12 09:00:00+00:00,11625.0,11650.0,11400.0,11600.0,3262700.0
2024-12-13 09:00:00+00:00,11625.0,11925.0,11625.0,11850.0,4752600.0
2024-12-16 09:00:00+00:00,11850.0,11900.0,11725.0,11800.0,3537900.0
2024-12-17 09:00:00+00:00,11600.0,11725.0,11425.0,11525.0,3251800.0
2024-12-18 09:00:00+00:00,11500.0,11550.0,11150.0,11325.0,7023500.0
2024-12-19 09:00:00+00:00,11375.0,11375.0,10925.0,11200.0,7376500.0
2024-12-20 09:00:00+00:00,11275.0,11400.0,11050.0,11250.0,3806300.0
2024-12-23 09:00:00+00:00,11250.0,11475.0,11250.0,11425.0,2328700.0
2024-12-24 09:00:00+00:00,11425.0,11625.0,11125.0,11575.0,1809000.0
2024-12-27 09:00:00+00:00,11525.0,11550.0,11325.0,11425.0,5274600.0
2024-12-30 09:00:00+00:00,11400.0,11400.0,11150.0,11375.0,2852100.0
2025-01-02 09:00:00+00:00,11375.0,11375.0,11125.0,11225.0,846100.0
2025-01-03 09:00:00+00:00,11225.0,11375.0,11225.0,11375.0,1377300.0
2025-01-06 09:00:00+00:00,11375.0,11375.0,11150.0,11175.0,1981900.0
2025-01-07 09:00:00+00:00,11100.0,11175.0,10925.0,10925.0,3994000.0
2025-01-08 09:00:00+00:00,10925.0,11225.0,10925.0,11100.0,5788600.0
2025-01-09 09:00:00+00:00,11100.0,11100.0,11025.0,11025.0,1495000.0
2025-01-10 09:00:00+00:00,11025.0,11125.0,10950.0,11075.0,2469200.0
2025-01-13 09:00:00+00:00,11050.0,11125.0,10975.0,11100.0,3913400.0
2025-01-14 09:00:00+00:00,11100.0,11100.0,10750.0,10750.0,3999700.0
2025-01-15 09:00:00+00:00,10750.0,10900.0,10600.0,10775.0,4810100.0
2025-01-16 09:00:00+00:00,10800.0,11025.0,10750.0,10925.0,3687800.0
2025-01-17 09:00:00+00:00,10900.0,11050.0,10700.0,10825.0,2690000.0
2025-01-20 09:00:00+00:00,10800.0,10800.0,10525.0,10525.0,2593900.0
2025-01-21 09:00:00+00:00,10525.0,11375.0,10500.0,11000.0,5679300.0
2025-01-22 09:00:00+00:00,11200.0,11475.0,11100.0,11375.0,5640100.0
2025-01-23 09:00:00+00:00,11400.0,11500.0,11275.0,11275.0,2962600.0
2025-01-24 09:00:00+00:00,11000.0,11650.0,11000.0,11425.0,4293800.0
2025-01-30 09:00:00+00:00,11425.0,11650.0,11375.0,11575.0,2052100.0
2025-01-31 09:00:00+00:00,11675.0,11850.0,11450.0,11500.0,2701400.0
2025-02-03 09:00:00+00:00,11450.0,11575.0,11025.0,11225.0,3242900.0
2025-02-04 09:00:00+00:00,11425.0,11425.0,11025.0,11100.0,2543100.0
2025-02-05 09:00:00+00:00,11100.0,11200.0,10825.0,10900.0,4420400.0
2025-02-06 09:00:00+00:00,11075.0,11075.0,10875.0,10950.0,3635900.0
2025-02-07 09:00:00+00:00,11075.0,11400.0,10800.0,11375.0,4344400.0
2025-02-10 09:00:00+00:00,11450.0,11850.0,11200.0,11275.0,6793800.0
2025-02-11 09:00:00+00:00,11225.0,11375.0,11000.0,11225.0,4041900.0
2025-02-12 09:00:00+00:00,11200.0,11225.0,11025.0,11150.0,2337100.0
2025-02-13 09:00:00+00:00,11150.0,11400.0,11000.0,11225.0,3580600.0
2025-02-14 09:00:00+00:00,11225.0,11700.0,11225.0,11525.0,6318600.0
2025-02-17 09:00:00+00:00,11525.0,11650.0,11450.0,11500.0,1815500.0
2025-02-18 09:00:00+00:00,11500.0,11725.0,11425.0,11525.0,4037000.0
2025-02-19 09:00:00+00:00,11625.0,11775.0,11525.0,11650.0,4837300.0
2025-02-20 09:00:00+00:00,11675.0,11700.0,11425.0,11550.0,2565800.0
2025-02-21 09:00:00+00:00,11525.0,11675.0,11325.0,11500.0,4313200.0
2025-02-24 09:00:00+00:00,11475.0,12000.0,11425.0,11875.0,3749400.0
2025-02-25 09:00:00+00:00,11875.0,11875.0,11325.0,11325.0,4676200.0
2025-02-26 09:00:00+00:00,11325.0,11325.0,10275.0,10500.0,10117200.0
2025-02-27 09:00:00+00:00,10500.0,10600.0,10225.0,10400.0,10113900.0
2025-02-28 09:00:00+00:00,10275.0,10575.0,10200.0,10450.0,9319700.0
2025-03-03 09:00:00+00:00,10450.0,10725.0,10350.0,10575.0,3313000.0
2025-03-04 09:00:00+00:00,10575.0,10650.0,10400.0,10575.0,3491200.0
2025-03-05 09:00:00+00:00,10600.0,10650.0,10400.0,10400.0,5465900.0
2025-03-06 09:00:00+00:00,10325.0,10525.0,10325.0,10350.0,3741000.0
2025-03-07 09:00:00+00:00,10350.0,10725.0,10275.0,10550.0,3290700.0
2025-03-10 09:00:00+00:00,10550.0,10725.0,10475.0,10600.0,3750000.0
2025-03-11 09:00:00+00:00,10400.0,10575.0,10325.0,10425.0,1234500.0
2025-03-12 09:00:00+00:00,10500.0,10975.0,10500.0,10925.0,4504800.0
2025-03-13 09:00:00+00:00,11000.0,11075.0,10775.0,11000.0,3685600.0
2025-03-14 09:00:00+00:00,11025.0,11025.0,10725.0,10750.0,2173400.0
2025-03-17 09:00:00+00:00,10725.0,11000.0,10675.0,10950.0,1895300.0
2025-03-18 09:00:00+00:00,10950.0,10950.0,10525.0,10825.0,3133000.0
2025-03-19 09:00:00+00:00,10775.0,10775.0,10450.0,10725.0,3129100.0
2025-03-20 09:00:00+00:00,10725.0,10725.0,10525.0,10600.0,2096000.0
2025-03-21 09:00:00+00:00,10600.0,10725.0,10475.0,10575.0,4579600.0
2025-03-24 09:00:00+00:00,10500.0,10525.0,9925.0,10425.0,8524900.0
2025-03-25 09:00:00+00:00,10450.0,10675.0,10375.0,10375.0,2272600.0
2025-03-26 09:00:00+00:00,10450.0,10575.0,10300.0,10550.0,3818000.0
2025-03-27 09:00:00+00:00,10350.0,10450.0,10100.0,10175.0,6715200.0
2025-04-08 09:00:00+00:00,10000.0,10000.0,9500.0,9700.0,13575500.0
2025-04-09 09:00:00+00:00,9700.0,10075.0,9450.0,9575.0,6675700.0
2025-04-10 09:00:00+00:00,9825.0,10100.0,9775.0,10000.0,6369200.0
2025-04-11 09:00:00+00:00,9650.0,9950.0,9550.0,9925.0,5910000.0
2025-04-14 09:00:00+00:00,9925.0,10350.0,9925.0,10325.0,3364000.0
2025-04-15 09:00:00+00:00,10325.0,10475.0,10050.0,10475.0,5346100.0
2025-04-16 09:00:00+00:00,10475.0,10475.0,10200.0,10250.0,3047800.0
2025-04-17 09:00:00+00:00,10250.0,10750.0,10100.0,10600.0,7789900.0
2025-04-21 09:00:00+00:00,10600.0,10600.0,10400.0,10550.0,1425200.0
2025-04-22 09:00:00+00:00,10550.0,10550.0,10450.0,10475.0,1806100.0
2025-04-23 09:00:00+00:00,10475.0,10750.0,10400.0,10700.0,7661100.0
2025-04-24 09:00:00+00:00,10700.0,11000.0,10700.0,11000.0,4147600.0
2025-04-25 09:00:00+00:00,11100.0,11150.0,10900.0,11000.0,4395500.0
2025-04-28 09:00:00+00:00,11025.0,11075.0,10850.0,11000.0,1094100.0
2025-04-29 09:00:00+00:00,11000.0,11275.0,10900.0,11250.0,2295500.0
2025-04-30 09:00:00+00:00,11250.0,11350.0,11050.0,11350.0,2335600.0
2025-05-02 09:00:00+00:00,11350.0,11350.0,10550.0,11000.0,10223300.0
2025-05-05 09:00:00+00:00,11050.0,11325.0,11050.0,11200.0,3839600.0
2025-05-06 09:00:00+00:00,11250.0,11600.0,11250.0,11275.0,4443700.0
2025-05-07 09:00:00+00:00,11350.0,11400.0,11075.0,11075.0,4410500.0
2025-05-08 09:00:00+00:00,11200.0,11400.0,11100.0,11400.0,3008000.0
2025-05-09 09:00:00+00:00,11400.0,11400.0,11125.0,11200.0,2031000.0
2025-05-14 09:00:00+00:00,11425.0,11425.0,11050.0,11175.0,5245800.0
2025-05-15 09:00:00+00:00,11175.0,11475.0,11050.0,11050.0,3943900.0
2025-05-16 09:00:00+00:00,11200.0,11200.0,10900.0,11075.0,7428000.0
2025-05-19 09:00:00+00:00,11100.0,11100.0,10925.0,10950.0,5847100.0
2025-05-20 09:00:00+00:00,11050.0,11075.0,10750.0,10750.0,6391600.0
2025-05-21 09:00:00+00:00,10825.0,10925.0,10700.0,10825.0,4312500.0
2025-05-22 09:00:00+00:00,10825.0,11000.0,10725.0,10800.0,3175000.0
2025-05-23 09:00:00+00:00,10850.0,10900.0,10800.0,10825.0,1811100.0
2025-05-26 09:00:00+00:00,10825.0,11050.0,10825.0,11025.0,4661200.0
2025-05-27 09:00:00+00:00,11075.0,11225.0,10950.0,11125.0,4928700.0
2025-05-28 09:00:00+00:00,11200.0,11225.0,10900.0,10900.0,7578200.0
2025-06-02 09:00:00+00:00,10825.0,10900.0,10550.0,10800.0,10667100.0
2025-06-03 09:00:00+00:00,10800.0,10850.0,10600.0,10625.0,2685000.0
2025-06-04 09:00:00+00:00,10825.0,10825.0,10600.0,10825.0,3186300.0
2025-06-05 09:00:00+00:00,10800.0,10800.0,10600.0,10700.0,1482700.0
2025-06-10 09:00:00+00:00,10700.0,10750.0,10500.0,10650.0,4733600.0
2025-06-11 09:00:00+00:00,10700.0,10750.0,10550.0,10700.0,5451900.0
2025-06-12 09:00:00+00:00,10700.0,10825.0,10600.0,10675.0,4172700.0
2025-06-13 09:00:00+00:00,10675.0,10725.0,10550.0,10600.0,4299100.0
2025-06-16 09:00:00+00:00,10600.0,10750.0,10550.0,10575.0,3557500.0
2025-06-17 09:00:00+00:00,10575.0,10725.0,10575.0,10625.0,2443900.0
2025-06-18 09:00:00+00:00,10600.0,10675.0,10550.0,10650.0,2999200.0
2025-06-19 09:00:00+00:00,10675.0,10675.0,10400.0,10450.0,4446100.0
2025-06-20 09:00:00+00:00,10450.0,10650.0,10200.0,10425.0,14686100.0
2025-06-23 09:00:00+00:00,10300.0,10300.0,9950.0,9950.0,8896600.0
2025-06-24 09:00:00+00:00,10200.0,10375.0,10175.0,10225.0,3624700.0
2025-06-25 09:00:00+00:00,10450.0,10450.0,10175.0,10225.0,2262900.0
2025-06-26 09:00:00+00:00,10100.0,10300.0,9950.0,10150.0,10959700.0
2025-06-30 09:00:00+00:00,10350.0,10550.0,10200.0,10500.0,12168800.0
2025-07-01 09:00:00+00:00,10500.0,10625.0,10400.0,10625.0,4235400.0
2025-07-02 09:00:00+00:00,10425.0,10625.0,10350.0,10500.0,3473000.0
2025-07-03 09:00:00+00:00,10600.0,10850.0,10550.0,10750.0,3199900.0
2025-07-04 09:00:00+00:00,10750.0,10800.0,10550.0,10650.0,1376400.0
2025-07-07 09:00:00+00:00,10725.0,10725.0,10275.0,10500.0,5720900.0
2025-07-08 09:00:00+00:00,10450.0,10550.0,10325.0,10500.0,7659400.0
2025-07-09 09:00:00+00:00,10525.0,10550.0,10075.0,10525.0,6547300.0
2025-07-10 09:00:00+00:00,10500.0,10500.0,10350.0,10450.0,3168500.0
2025-07-11 09:00:00+00:00,10475.0,10500.0,10300.0,10325.0,2731600.0
2025-07-14 09:00:00+00:00,10325.0,10425.0,10200.0,10400.0,4153500.0
2025-07-15 09:00:00+00:00,10400.0,10425.0,10150.0,10400.0,12047900.0
2025-07-16 09:00:00+00:00,10400.0,10425.0,10275.0,10350.0,2396100.0
2025-07-17 09:00:00+00:00,10350.0,10400.0,10150.0,10350.0,13247400.0
2025-07-18 09:00:00+00:00,10350.0,10525.0,10300.0,10400.0,12730500.0
2025-07-21 09:00:00+00:00,10425.0,10500.0,10250.0,10500.0,11341700.0
2025-07-22 09:00:00+00:00,10525.0,10525.0,10350.0,10350.0,2916000.0
2025-07-23 09:00:00+00:00,10475.0,10475.0,10300.0,10450.0,3234000.0
2025-07-24 09:00:00+00:00,10450.0,10475.0,10350.0,10350.0,2976000.0
2025-07-25 09:00:00+00:00,10350.0,10550.0,10275.0,10550.0,6635900.0
2025-07-28 09:00:00+00:00,10550.0,10575.0,10225.0,10225.0,5895900.0
2025-07-29 09:00:00+00:00,10225.0,10250.0,9950.0,10000.0,23316400.0
2025-07-30 09:00:00+00:00,10050.0,10100.0,9800.0,9925.0,11795400.0
2025-07-31 09:00:00+00:00,9925.0,9975.0,9800.0,9800.0,4990600.0
2025-08-01 09:00:00+00:00,9900.0,9950.0,9800.0,9900.0,9390400.0
2025-08-04 09:00:00+00:00,9900.0,9925.0,9525.0,9550.0,12748700.0
2025-08-05 09:00:00+00:00,9600.0,9625.0,9475.0,9575.0,8541600.0
2025-08-06 09:00:00+00:00,9575.0,9625.0,9500.0,9550.0,5467100.0
2025-08-07 09:00:00+00:00,9550.0,9575.0,9500.0,9500.0,6473400.0
2025-08-08 09:00:00+00:00,9450.0,9450.0,9350.0,9350.0,7653700.0
2025-08-11 09:00:00+00:00,9350.0,9600.0,9350.0,9550.0,7665100.0
2025-08-12 09:00:00+00:00,9600.0,9700.0,9500.0,9550.0,6203500.0
2025-08-13 09:00:00+00:00,9600.0,9650.0,9375.0,9475.0,9967500.0
2025-08-14 09:00:00+00:00,9450.0,9825.0,9425.0,9725.0,25589500.0
2025-08-15 09:00:00+00:00,9750.0,9950.0,9550.0,9900.0,18332000.0
2025-08-19 09:00:00+00:00,9900.0,9925.0,9625.0,9775.0,6045500.0
2025-08-20 09:00:00+00:00,9775.0,9825.0,9600.0,9650.0,5730000.0
2025-08-21 09:00:00+00:00,9600.0,9700.0,9550.0,9550.0,3901000.0
2025-08-22 09:00:00+00:00,9600.0,9675.0,9550.0,9575.0,3331700.0
2025-08-25 09:00:00+00:00,9575.0,9625.0,9500.0,9500.0,5199200.0
2025-08-26 09:00:00+00:00,9500.0,9575.0,9375.0,9375.0,9031900.0
2025-08-27 09:00:00+00:00,9375.0,9425.0,9325.0,9325.0,3413900.0
2025-08-28 09:00:00+00:00,9325.0,9450.0,9275.0,9300.0,4029300.0
2025-08-29 09:00:00+00:00,9250.0,9275.0,8975.0,8975.0,12958600.0
2025-09-01 09:00:00+00:00,8800.0,9275.0,8650.0,9200.0,5969700.0
2025-09-02 09:00:00+00:00,9225.0,9325.0,9200.0,9200.0,3319500.0
2025-09-03 09:00:00+00:00,9225.0,9300.0,9200.0,9300.0,2439300.0
2025-09-04 09:00:00+00:00,9300.0,9300.0,9200.0,9250.0,2740200.0
2025-09-08 09:00:00+00:00,9300.0,9475.0,9275.0,9375.0,8124700.0
2025-09-09 09:00:00+00:00,9325.0,9325.0,9100.0,9225.0,4218400.0
2025-09-10 09:00:00+00:00,9225.0,9225.0,9150.0,9225.0,2211300.0
2025-09-11 09:00:00+00:00,9225.0,9400.0,9200.0,9300.0,4876500.0
2025-09-12 09:00:00+00:00,9300.0,9400.0,9175.0,9250.0,4228300.0
2025-09-15 09:00:00+00:00,9250.0,9325.0,9150.0,9225.0,3520100.0
2025-09-16 09:00:00+00:00,9250.0,9325.0,9200.0,9300.0,2267100.0
2025-09-17 09:00:00+00:00,9275.0,9500.0,9250.0,9500.0,3034300.0
2025-09-18 09:00:00+00:00,9500.0,9525.0,9425.0,9425.0,2855900.0
2025-09-19 09:00:00+00:00,9425.0,9700.0,9425.0,9700.0,6110200.0
2025-09-22 09:00:00+00:00,9700.0,9825.0,9500.0,9625.0,4473300.0
2025-09-23 09:00:00+00:00,9700.0,9700.0,9600.0,9700.0,1955400.0
2025-09-24 09:00:00+00:00,9700.0,9725.0,9550.0,9550.0,5779000.0
2025-09-25 09:00:00+00:00,9625.0,9800.0,9600.0,9800.0,6445600.0
2025-09-26 09:00:00+00:00,9800.0,10050.0,9675.0,10000.0,8532100.0
2025-09-29 09:00:00+00:00,10025.0,10050.0,9650.0,9650.0,6132900.0
2025-09-30 09:00:00+00:00,9650.0,9750.0,9475.0,9475.0,6069800.0
2025-10-01 09:00:00+00:00,9550.0,9625.0,9300.0,9325.0,3535600.0
2025-10-02 09:00:00+00:00,9425.0,9625.0,9400.0,9500.0,2820900.0
2025-10-03 09:00:00+00:00,9525.0,9575.0,9400.0,9550.0,2598800.0
2025-10-06 09:00:00+00:00,9550.0,9550.0,9400.0,9500.0,2234600.0
2025-10-07 09:00:00+00:00,9475.0,9475.0,9200.0,9200.0,4053100.0
2025-10-08 09:00:00+00:00,9200.0,9375.0,9150.0,9200.0,3003600.0
2025-10-09 09:00:00+00:00,9200.0,9325.0,9075.0,9100.0,7056400.0
2025-10-10 09:00:00+00:00,9150.0,9175.0,8850.0,8850.0,11183000.0
2025-10-13 09:00:00+00:00,8850.0,8925.0,8800.0,8800.0,4920500.0
2025-10-14 09:00:00+00:00,8900.0,8900.0,8475.0,8475.0,10863600.0
2025-10-15 09:00:00+00:00,8500.0,8750.0,8425.0,8675.0,9029700.0
2025-10-16 09:00:00+00:00,8700.0,9300.0,8650.0,9250.0,10168600.0
2025-10-17 09:00:00+00:00,9300.0,9400.0,9025.0,9400.0,8398300.0
2025-10-20 09:00:00+00:00,9425.0,9550.0,9275.0,9375.0,7951500.0
2025-10-21 09:00:00+00:00,9500.0,9500.0,9225.0,9275.0,3346700.0
2025-10-22 09:00:00+00:00,9300.0,9325.0,8900.0,8900.0,7695400.0
2025-10-23 09:00:00+00:00,8900.0,8950.0,8725.0,8825.0,14457700.0
2025-10-24 09:00:00+00:00,8850.0,8950.0,8800.0,8800.0,7447900.0
2025-10-27 09:00:00+00:00,8800.0,8975.0,8750.0,8850.0,8921900.0
2025-10-28 09:00:00+00:00,8875.0,8925.0,8700.0,8775.0,12338900.0
2025-10-29 09:00:00+00:00,8800.0,8825.0,8650.0,8700.0,16526500.0
2025-10-30 09:00:00+00:00,8700.0,8875.0,8700.0,8800.0,13885200.0
2025-10-31 09:00:00+00:00,8800.0,8850.0,8700.0,8700.0,9693500.0
2025-11-03 09:00:00+00:00,8700.0,8700.0,8500.0,8500.0,14837200.0
2025-11-04 09:00:00+00:00,8500.0,8600.0,8475.0,8475.0,14071000.0
2025-11-05 09:00:00+00:00,8500.0,8700.0,8475.0,8700.0,7693000.0
2025-11-06 09:00:00+00:00,8650.0,8675.0,8550.0,8575.0,15202700.0
2025-11-07 09:00:00+00:00,8550.0,8650.0,8550.0,8600.0,5446000.0
2025-11-10 09:00:00+00:00,8700.0,8725.0,8600.0,8650.0,6371300.0
2025-11-11 09:00:00+00:00,8725.0,8725.0,8525.0,8550.0,9738300.0
2025-11-12 09:00:00+00:00,8550.0,8675.0,8525.0,8525.0,7459700.0
2025-11-13 09:00:00+00:00,8525.0,8600.0,8475.0,8475.0,9366500.0
2025-11-14 09:00:00+00:00,8500.0,8550.0,8425.0,8425.0,9077300.0
2025-11-17 09:00:00+00:00,8500.0,8700.0,8325.0,8375.0,21504300.0
2025-11-18 09:00:00+00:00,8375.0,8475.0,8325.0,8325.0,14213100.0
2025-11-19 09:00:00+00:00,8325.0,8525.0,8325.0,8400.0,20237100.0
2025-11-20 09:00:00+00:00,8500.0,8525.0,8325.0,8325.0,15336300.0
2025-11-21 09:00:00+00:00,8350.0,8400.0,8325.0,8350.0,9262700.0
2025-11-24 09:00:00+00:00,8350.0,8450.0,8200.0,8350.0,176275900.0
2025-11-25 09:00:00+00:00,8450.0,8600.0,8450.0,8575.0,36155100.0
2025-11-26 09:00:00+00:00,8625.0,8650.0,8525.0,8600.0,19741000.0
2025-11-27 09:00:00+00:00,8600.0,8625.0,8500.0,8550.0,17082500.0
2025-11-28 09:00:00+00:00,8575.0,8600.0,8425.0,8450.0,8785500.0
2025-12-01 09:00:00+00:00,8425.0,8475.0,8400.0,8400.0,5346900.0
2025-12-02 09:00:00+00:00,8400.0,8425.0,8050.0,8100.0,43427600.0
2025-12-03 09:00:00+00:00,8100.0,8200.0,8100.0,8125.0,10525100.0
2025-12-04 09:00:00+00:00,8225.0,8250.0,8100.0,8200.0,13673600.0
2025-12-05 09:00:00+00:00,8200.0,8200.0,8050.0,8050.0,16859700.0
2025-12-08 09:00:00+00:00,8100.0,8200.0,8075.0,8075.0,11661200.0
2025-12-09 09:00:00+00:00,8100.0,8125.0,8000.0,8000.0,16634200.0
2025-12-10 09:00:00+00:00,8000.0,8075.0,8000.0,8025.0,8871000.0
2025-12-11 09:00:00+00:00,8050.0,8150.0,7950.0,8025.0,10206100.0
2025-12-12 09:00:00+00:00,8100.0,8100.0,7975.0,8075.0,8185400.0
2025-12-15 09:00:00+00:00,8225.0,8375.0,8075.0,8300.0,15671200.0
2025-12-16 09:00:00+00:00,8325.0,8400.0,8225.0,8350.0,17355800.0
2025-12-17 09:00:00+00:00,8350.0,8400.0,8300.0,8325.0,5997500.0
2025-12-18 09:00:00+00:00,8325.0,8400.0,8200.0,8250.0,6171700.0
2025-12-19 09:00:00+00:00,8250.0,8425.0,8225.0,8425.0,11114100.0
2025-12-22 09:00:00+00:00,8400.0,8400.0,8275.0,8350.0,6241200.0
2025-12-23 09:00:00+00:00,8350.0,8350.0,8225.0,8250.0,4615400.0
2025-12-24 09:00:00+00:00,8200.0,8275.0,8200.0,8250.0,1899500.0
2025-12-29 09:00:00+00:00,8250.0,8325.0,8125.0,8300.0,6435900.0
2025-12-30 09:00:00+00:00,8250.0,8325.0,8175.0,8200.0,3807000.0
2026-01-02 09:00:00+00:00,8200.0,8225.0,8075.0,8075.0,4906200.0
2026-01-05 09:00:00+00:00,8100.0,8150.0,8000.0,8100.0,6465500.0
2026-01-06 09:00:00+00:00,8100.0,8175.0,8075.0,8100.0,6207700.0
2026-01-07 09:00:00+00:00,8100.0,8125.0,8000.0,8050.0,9501900.0
2026-01-08 09:00:00+00:00,8050.0,8125.0,8025.0,8025.0,10684500.0
2026-01-09 09:00:00+00:00,8050.0,8075.0,8000.0,8000.0,5016300.0
2026-01-12 09:00:00+00:00,8000.0,8025.0,7900.0,7900.0,10239900.0
2026-01-13 09:00:00+00:00,7925.0,8000.0,7925.0,7975.0,3957300.0
2026-01-14 09:00:00+00:00,7975.0,8050.0,7950.0,7950.0,5323700.0
2026-01-15 09:00:00+00:00,8000.0,8100.0,7975.0,8050.0,5660000.0
2026-01-19 09:00:00+00:00,8050.0,8150.0,8025.0,8100.0,9458500.0
2026-01-20 09:00:00+00:00,8100.0,8200.0,8100.0,8125.0,4869500.0
2026-01-21 09:00:00+00:00,8125.0,8150.0,8025.0,8100.0,9619600.0
2026-01-22 09:00:00+00:00,8150.0,8400.0,8075.0,8325.0,13969100.0
2026-01-23 09:00:00+00:00,8325.0,8350.0,8175.0,8275.0,11745000.0
2026-01-26 09:00:00+00:00,8275.0,8450.0,8175.0,8400.0,11911100.0
2026-01-27 09:00:00+00:00,8400.0,8400.0,8125.0,8225.0,8344200.0
2026-01-28 09:00:00+00:00,8150.0,8150.0,7675.0,7775.0,21932000.0
2026-01-29 09:00:00+00:00,7700.0,7775.0,7225.0,7675.0,29324800.0
2026-01-30 09:00:00+00:00,7675.0,8125.0,7675.0,7950.0,18174200.0
2026-02-02 09:00:00+00:00,8075.0,8375.0,8025.0,8375.0,19372900.0
2026-02-03 09:00:00+00:00,8350.0,8600.0,8225.0,8575.0,17576700.0
2026-02-04 09:00:00+00:00,8575.0,8575.0,8300.0,8300.0,9948300.0
2026-02-05 09:00:00+00:00,8300.0,8500.0,8300.0,8300.0,7338300.0
2026-02-06 09:00:00+00:00,8250.0,8275.0,8000.0,8075.0,10290000.0
2026-02-09 09:00:00+00:00,8075.0,8175.0,7875.0,8075.0,13201700.0
2026-02-10 09:00:00+00:00,8125.0,8200.0,8100.0,8125.0,4255800.0
2026-02-11 09:00:00+00:00,8150.0,8250.0,8125.0,8175.0,4709900.0
2026-02-12 09:00:00+00:00,8200.0,8250.0,8125.0,8200.0,2880200.0
2026-02-13 09:00:00+00:00,8200.0,8225.0,8075.0,8200.0,7720000.0
2026-02-18 09:00:00+00:00,8225.0,8250.0,8150.0,8200.0,4370200.0
2026-02-19 09:00:00+00:00,8200.0,8275.0,8100.0,8125.0,7449100.0
2026-02-20 09:00:00+00:00,8200.0,8225.0,8000.0,8025.0,12383500.0
2026-02-23 09:00:00+00:00,8050.0,8175.0,8050.0,8150.0,6422300.0
2026-02-24 09:00:00+00:00,8150.0,8175.0,7950.0,7950.0,13392800.0
2026-02-25 09:00:00+00:00,8000.0,8075.0,7975.0,8025.0,4880000.0
2026-02-26 09:00:00+00:00,8025.0,8100.0,7875.0,7900.0,11033700.0
2026-02-27 09:00:00+00:00,7950.0,8025.0,7850.0,7850.0,7916500.0
2026-03-02 09:00:00+00:00,7800.0,7825.0,7550.0,7600.0,13451700.0
2026-03-03 09:00:00+00:00,7625.0,7800.0,7600.0,7700.0,5983700.0
2026-03-04 09:00:00+00:00,7700.0,7800.0,7200.0,7475.0,14354800.0
2026-03-05 09:00:00+00:00,7525.0,7650.0,7400.0,7475.0,6618400.0
2026-03-06 09:00:00+00:00,7475.0,7525.0,7400.0,7450.0,3343800.0
2026-03-09 09:00:00+00:00,7350.0,7350.0,7100.0,7125.0,11547600.0
2026-03-10 09:00:00+00:00,7275.0,7300.0,7200.0,7250.0,2522500.0
2026-03-11 09:00:00+00:00,7250.0,7325.0,7225.0,7250.0,3376700.0
2026-03-12 09:00:00+00:00,7250.0,7575.0,7225.0,7575.0,9775100.0
2026-03-13 09:00:00+00:00,7500.0,7525.0,7250.0,7250.0,4264700.0
2026-03-16 09:00:00+00:00,7325.0,7350.0,7075.0,7075.0,3602000.0
2026-03-17 09:00:00+00:00,7100.0,7325.0,7100.0,7100.0,5574000.0
2026-03-25 09:00:00+00:00,7125.0,7300.0,7125.0,7250.0,2837600.0
2026-03-26 09:00:00+00:00,7300.0,7375.0,7225.0,7275.0,2518000.0
2026-03-27 09:00:00+00:00,7275.0,7300.0,7100.0,7100.0,2839300.0
2026-03-30 09:00:00+00:00,7075.0,7225.0,7075.0,7225.0,2735600.0
2026-03-31 09:00:00+00:00,7325.0,7450.0,7150.0,7350.0,10698900.0
2026-04-01 09:00:00+00:00,7350.0,7450.0,7275.0,7400.0,2712700.0
2026-04-02 09:00:00+00:00,7375.0,7475.0,7350.0,7375.0,3685000.0
2026-04-06 09:00:00+00:00,7375.0,7450.0,7250.0,7425.0,2031700.0
2026-04-07 09:00:00+00:00,7425.0,7425.0,7300.0,7325.0,1337800.0
2026-04-08 09:00:00+00:00,7450.0,7550.0,7375.0,7525.0,2420400.0
2026-04-09 09:00:00+00:00,7525.0,7525.0,7400.0,7450.0,3881800.0
2026-04-10 09:00:00+00:00,7475.0,7475.0,7350.0,7375.0,3243900.0
2026-04-13 09:00:00+00:00,7375.0,7375.0,7200.0,7225.0,5113800.0
2026-04-14 09:00:00+00:00,7275.0,7300.0,7200.0,7225.0,4643000.0
2026-04-15 09:00:00+00:00,7250.0,7300.0,7200.0,7200.0,6618700.0
2026-04-16 09:00:00+00:00,7250.0,7325.0,7225.0,7275.0,3765900.0
2026-04-17 09:00:00+00:00,7275.0,7300.0,7225.0,7300.0,2626700.0
2026-04-20 09:00:00+00:00,7275.0,7300.0,7175.0,7175.0,3932800.0
2026-04-21 09:00:00+00:00,7175.0,7200.0,7125.0,7150.0,3851300.0
2026-04-22 09:00:00+00:00,7175.0,7175.0,7050.0,7100.0,7957300.0
2026-04-23 09:00:00+00:00,7100.0,7150.0,7025.0,7075.0,6103600.0
2026-04-24 09:00:00+00:00,7075.0,7100.0,6825.0,6825.0,8562900.0
2026-04-27 09:00:00+00:00,6825.0,6925.0,6750.0,6900.0,4100900.0
2026-04-28 09:00:00+00:00,6900.0,6950.0,6750.0,6775.0,5589600.0
2026-04-29 09:00:00+00:00,6775.0,6825.0,6700.0,6725.0,6155900.0
2026-04-30 09:00:00+00:00,6725.0,6775.0,6650.0,6775.0,6568000.0
2026-05-04 09:00:00+00:00,6775.0,6875.0,6675.0,6800.0,6688000.0
2026-05-05 09:00:00+00:00,6775.0,6800.0,6700.0,6725.0,7234600.0
2026-05-06 09:00:00+00:00,6725.0,6850.0,6725.0,6800.0,6494900.0
2026-05-07 09:00:00+00:00,6900.0,7250.0,6875.0,7175.0,13524700.0
2026-05-08 09:00:00+00:00,7175.0,7250.0,7025.0,7050.0,7207100.0
2026-05-11 09:00:00+00:00,7050.0,7175.0,6900.0,7100.0,5072900.0
2026-05-12 09:00:00+00:00,7100.0,7125.0,6850.0,6950.0,5044900.0
2026-05-13 09:00:00+00:00,6925.0,6925.0,6800.0,6825.0,4991500.0
2026-05-14 09:00:00+00:00,6825.0,6825.0,6825.0,6825.0,0.0
2026-05-15 09:00:00+00:00,6825.0,6825.0,6825.0,6825.0,0.0
2026-05-18 09:00:00+00:00,6825.0,6850.0,6725.0,6800.0,5351100.0
2026-05-19 09:00:00+00:00,6825.0,6850.0,6700.0,6725.0,4197400.0
2026-05-20 09:00:00+00:00,6725.0,6825.0,6700.0,6750.0,7512200.0
2026-05-21 09:00:00+00:00,6750.0,6800.0,6625.0,6675.0,6240200.0
2026-05-22 09:00:00+00:00,6675.0,6950.0,6575.0,6825.0,5072300.0
2026-05-25 09:00:00+00:00,6925.0,7150.0,6850.0,7100.0,6552500.0
2026-05-26 09:00:00+00:00,7100.0,7100.0,6875.0,6875.0,3354100.0
2026-05-27 09:00:00+00:00,6875.0,6875.0,6875.0,6875.0,0.0
2026-05-28 09:00:00+00:00,6875.0,6875.0,6875.0,6875.0,0.0
2026-05-29 09:00:00+00:00,6875.0,7100.0,6775.0,7100.0,5777900.0
2026-06-02 09:00:00+00:00,7100.0,7100.0,6750.0,6800.0,9456000.0
2026-06-03 09:00:00+00:00,6800.0,6825.0,6425.0,6525.0,9366000.0
2026-06-04 09:00:00+00:00,6550.0,6625.0,6375.0,6625.0,8176900.0
2026-06-05 09:00:00+00:00,6625.0,6625.0,6400.0,6450.0,7736900.0
2026-06-08 09:00:00+00:00,6425.0,6425.0,6000.0,6000.0,3951800.0
2026-06-09 09:00:00+00:00,6000.0,6325.0,5925.0,6325.0,4113300.0
2026-06-10 09:00:00+00:00,6125.0,6325.0,6100.0,6250.0,10357600.0
2026-06-11 09:00:00+00:00,6250.0,6450.0,6175.0,6250.0,12389600.0
2026-06-12 09:00:00+00:00,6275.0,6450.0,6175.0,6350.0,13984100.0
2026-06-15 09:00:00+00:00,6500.0,6700.0,6500.0,6600.0,9935600.0
2026-06-17 09:00:00+00:00,6600.0,6775.0,6500.0,6625.0,5517400.0
2026-06-18 09:00:00+00:00,6625.0,6650.0,6500.0,6625.0,4188900.0
2026-06-19 09:00:00+00:00,6550.0,6800.0,6500.0,6700.0,13041800.0
2026-06-22 09:00:00+00:00,6875.0,6875.0,6525.0,6575.0,2886500.0
2026-06-23 09:00:00+00:00,6575.0,6650.0,6475.0,6600.0,3657800.0
2026-06-24 09:00:00+00:00,6600.0,6700.0,6450.0,6500.0,3799500.0
2026-06-25 09:00:00+00:00,6500.0,6825.0,6475.0,6725.0,5717300.0
2026-06-26 09:00:00+00:00,6725.0,6725.0,6550.0,6600.0,1870300.0
2026-06-29 09:00:00+00:00,6800.0,6875.0,6625.0,6650.0,3793300.0
2026-06-30 09:00:00+00:00,6650.0,6875.0,6550.0,6800.0,8402500.0
2026-07-01 09:00:00+00:00,6800.0,6850.0,6750.0,6800.0,4211000.0
2026-07-02 09:00:00+00:00,6800.0,6800.0,6725.0,6750.0,1095800.0
2026-07-03 09:00:00+00:00,6750.0,7050.0,6750.0,6950.0,4350800.0
2026-07-06 09:00:00+00:00,6950.0,7000.0,6900.0,6925.0,2710500.0
2026-07-07 09:00:00+00:00,6850.0,6850.0,6675.0,6725.0,1799300.0
2026-07-08 09:00:00+00:00,6725.0,6750.0,6625.0,6625.0,1316000.0
2026-07-09 09:00:00+00:00,6625.0,6675.0,6575.0,6675.0,2586500.0
2026-07-10 09:00:00+00:00,6675.0,6675.0,6600.0,6650.0,1048800.0
2026-07-13 09:00:00+00:00,6650.0,6675.0,6575.0,6625.0,1627400.0
2026-07-14 09:00:00+00:00,6625.0,6675.0,6575.0,6650.0,2030800.0
2026-07-15 09:00:00+00:00,6650.0,6650.0,6600.0,6600.0,1502200.0
2026-07-16 09:00:00+00:00,6625.0,6700.0,6600.0,6700.0,1186500.0
2026-07-17 09:00:00+00:00,6775.0,6850.0,6625.0,6850.0,3779700.0
2026-07-20 09:00:00+00:00,6850.0,6950.0,6850.0,6900.0,3538400.0
2026-07-21 09:00:00+00:00,6950.0,7025.0,6850.0,7000.0,3888200.0
2026-07-22 09:00:00+00:00,7000.0,7100.0,6975.0,7075.0,4595100.0
2026-07-23 09:00:00+00:00,7075.0,7125.0,7025.0,7125.0,5277300.0
2026-07-24 09:00:00+00:00,7100.0,7100.0,6900.0,6975.0,3966600.0
2026-07-27 09:00:00+00:00,6975.0,7050.0,6875.0,6950.0,1978400.0
2026-07-28 09:00:00+00:00,6975.0,7025.0,6900.0,6950.0,3002700.0
2026-07-29 09:00:00+00:00,6950.0,7000.0,6900.0,6950.0,1554100.0
2026-07-30 09:00:00+00:00,6950.0,7075.0,6950.0,7025.0,2459800.0
2026-07-31 09:00:00+00:00,7050.0,7050.0,6950.0,6975.0,2245400.0
2026-08-03 09:00:00+00:00,7125.0,7200.0,7000.0,7200.0,6342500.0
2026-08-04 09:00:00+00:00,7200.0,7250.0,7150.0,7175.0,3618500.0
2026-08-05 09:00:00+00:00,7225.0,7400.0,7225.0,7300.0,5071600.0
2026-08-06 09:00:00+00:00,7300.0,7525.0,7300.0,7450.0,6652200.0
2026-08-07 09:00:00+00:00,7475.0,7750.0,7450.0,7750.0,10181700.0
2026-08-10 09:00:00+00:00,7775.0,7800.0,7525.0,7600.0,6810700.0
2026-08-11 09:00:00+00:00,7600.0,7625.0,7500.0,7575.0,2946500.0
2026-08-12 09:00:00+00:00,7525.0,7575.0,7475.0,7550.0,2882200.0
2026-08-13 09:00:00+00:00,7550.0,7650.0,7450.0,7550.0,3348500.0
2026-08-14 09:00:00+00:00,7625.0,7650.0,7575.0,7600.0,3782100.0
2026-08-18 09:00:00+00:00,7600.0,7700.0,7550.0,7625.0,3579400.0
2026-08-19 09:00:00+00:00,7650.0,7750.0,7625.0,7675.0,2160100.0
2026-08-20 09:00:00+00:00,7700.0,7725.0,7625.0,7700.0,3523100.0
2026-08-21 09:00:00+00:00,7675.0,7700.0,7600.0,7625.0,2480400.0
2026-08-24 09:00:00+00:00,7650.0,7750.0,7600.0,7750.0,3562400.0
2026-08-26 09:00:00+00:00,7750.0,7925.0,7675.0,7850.0,10588000.0
2026-08-27 09:00:00+00:00,7825.0,8000.0,7775.0,7950.0,7535100.0
2026-08-28 09:00:00+00:00,7950.0,7975.0,7900.0,7950.0,3700600.0
2026-08-31 09:00:00+00:00,7950.0,7950.0,7300.0,7600.0,11298400.0
2026-09-01 09:00:00+00:00,7650.0,7675.0,7375.0,7375.0,8792900.0
2026-09-02 09:00:00+00:00,7400.0,7450.0,7250.0,7375.0,6945900.0
2026-09-03 09:00:00+00:00,7325.0,7400.0,7250.0,7375.0,5230500.0
2026-09-04 09:00:00+00:00,7375.0,7400.0,7250.0,7275.0,6086500.0
