ts,open,high,low,close,volume
2018-09-10 09:00:00+00:00,815.0,815.0,780.0,800.0,6746500.0
2018-09-11 09:00:00+00:00,800.0,800.0,800.0,800.0,0.0
2018-09-12 09:00:00+00:00,800.0,825.0,790.0,800.0,27692100.0
2018-09-13 09:00:00+00:00,800.0,805.0,770.0,780.0,12143500.0
2018-09-14 09:00:00+00:00,790.0,815.0,780.0,805.0,8458100.0
2018-09-17 09:00:00+00:00,805.0,815.0,805.0,810.0,3806900.0
2018-09-18 09:00:00+00:00,815.0,815.0,800.0,815.0,8108200.0
2018-09-19 09:00:00+00:00,815.0,835.0,815.0,830.0,3813200.0
2018-09-20 09:00:00+00:00,830.0,850.0,805.0,815.0,7923700.0
2018-09-21 09:00:00+00:00,820.0,825.0,790.0,815.0,18656900.0
2018-09-24 09:00:00+00:00,815.0,820.0,800.0,810.0,7329900.0
2018-09-25 09:00:00+00:00,810.0,815.0,800.0,810.0,2939600.0
2018-09-26 09:00:00+00:00,810.0,815.0,805.0,815.0,1289200.0
2018-09-27 09:00:00+00:00,815.0,825.0,810.0,820.0,6024400.0
2018-09-28 09:00:00+00:00,825.0,825.0,810.0,825.0,9180300.0
2018-10-01 09:00:00+00:00,825.0,830.0,805.0,810.0,4902600.0
2018-10-02 09:00:00+00:00,815.0,815.0,785.0,785.0,6772600.0
2018-10-03 09:00:00+00:00,785.0,795.0,765.0,770.0,14014300.0
2018-10-04 09:00:00+00:00,780.0,785.0,765.0,780.0,20127900.0
2018-10-05 09:00:00+00:00,780.0,790.0,760.0,780.0,19194400.0
2018-10-08 09:00:00+00:00,785.0,820.0,785.0,810.0,11982400.0
2018-10-09 09:00:00+00:00,810.0,815.0,790.0,800.0,3301100.0
2018-10-10 09:00:00+00:00,800.0,805.0,790.0,790.0,5109900.0
2018-10-11 09:00:00+00:00,790.0,795.0,780.0,790.0,5057600.0
2018-10-12 09:00:00+00:00,790.0,790.0,780.0,790.0,9196200.0
2018-10-15 09:00:00+00:00,790.0,795.0,765.0,775.0,16427600.0
2018-10-16 09:00:00+00:00,780.0,790.0,775.0,790.0,7161400.0
2018-10-17 09:00:00+00:00,785.0,810.0,785.0,805.0,9807500.0
2018-10-18 09:00:00+00:00,805.0,805.0,780.0,795.0,8799900.0
2018-10-19 09:00:00+00:00,785.0,805.0,785.0,800.0,2798800.0
2018-10-22 09:00:00+00:00,810.0,810.0,785.0,790.0,6717600.0
2018-10-23 09:00:00+00:00,790.0,800.0,785.0,795.0,5287600.0
2018-10-24 09:00:00+00:00,795.0,800.0,785.0,795.0,5630400.0
2018-10-25 09:00:00+00:00,785.0,805.0,780.0,790.0,11850200.0
2018-10-26 09:00:00+00:00,800.0,835.0,790.0,835.0,12127800.0
2018-10-29 09:00:00+00:00,835.0,845.0,810.0,815.0,9782200.0
2018-10-30 09:00:00+00:00,815.0,820.0,805.0,815.0,4389200.0
2018-10-31 09:00:00+00:00,815.0,820.0,785.0,800.0,15417600.0
2018-11-01 09:00:00+00:00,800.0,810.0,790.0,800.0,3853700.0
2018-11-02 09:00:00+00:00,800.0,810.0,790.0,800.0,6267500.0
2018-11-05 09:00:00+00:00,800.0,810.0,795.0,810.0,8680100.0
2018-11-06 09:00:00+00:00,815.0,815.0,805.0,810.0,6448100.0
2018-11-07 09:00:00+00:00,810.0,820.0,805.0,815.0,10273300.0
2018-11-08 09:00:00+00:00,815.0,835.0,810.0,830.0,28346400.0
2018-11-09 09:00:00+00:00,830.0,835.0,815.0,830.0,9772100.0
2018-11-12 09:00:00+00:00,830.0,835.0,800.0,810.0,5269900.0
2018-11-13 09:00:00+00:00,805.0,815.0,800.0,810.0,7734800.0
2018-11-14 09:00:00+00:00,810.0,815.0,800.0,805.0,7282300.0
2018-11-15 09:00:00+00:00,810.0,815.0,800.0,805.0,4681200.0
2018-11-16 09:00:00+00:00,810.0,815.0,800.0,805.0,12543400.0
2018-11-19 09:00:00+00:00,810.0,825.0,800.0,800.0,4405100.0
2018-11-20 09:00:00+00:00,800.0,800.0,800.0,800.0,0.0
2018-11-21 09:00:00+00:00,805.0,815.0,790.0,800.0,8909400.0
2018-11-22 09:00:00+00:00,800.0,800.0,790.0,795.0,10744700.0
2018-11-23 09:00:00+00:00,800.0,800.0,790.0,790.0,1162800.0
2018-11-26 09:00:00+00:00,790.0,800.0,790.0,795.0,10888200.0
2018-11-27 09:00:00+00:00,795.0,795.0,790.0,795.0,1133400.0
2018-11-28 09:00:00+00:00,790.0,800.0,790.0,795.0,7336000.0
2018-11-29 09:00:00+00:00,795.0,835.0,790.0,835.0,27131300.0
2018-11-30 09:00:00+00:00,835.0,880.0,815.0,875.0,36660200.0
2018-12-03 09:00:00+00:00,875.0,885.0,825.0,865.0,24062800.0
2018-12-04 09:00:00+00:00,865.0,875.0,850.0,860.0,11217000.0
2018-12-05 09:00:00+00:00,855.0,860.0,835.0,850.0,5054200.0
2018-12-06 09:00:00+00:00,850.0,860.0,825.0,825.0,9604500.0
2018-12-07 09:00:00+00:00,825.0,845.0,825.0,830.0,3742700.0
2018-12-10 09:00:00+00:00,830.0,830.0,795.0,800.0,21245100.0
2018-12-11 09:00:00+00:00,800.0,805.0,795.0,795.0,7919900.0
2018-12-12 09:00:00+00:00,800.0,800.0,795.0,800.0,4849000.0
2018-12-13 09:00:00+00:00,805.0,810.0,795.0,800.0,23877400.0
2018-12-14 09:00:00+00:00,805.0,805.0,790.0,790.0,16276600.0
2018-12-17 09:00:00+00:00,790.0,795.0,785.0,785.0,6327200.0
2018-12-18 09:00:00+00:00,790.0,790.0,775.0,785.0,5858700.0
2018-12-19 09:00:00+00:00,795.0,805.0,780.0,790.0,10304500.0
2018-12-20 09:00:00+00:00,800.0,800.0,765.0,785.0,12172000.0
2018-12-21 09:00:00+00:00,780.0,785.0,775.0,785.0,7473600.0
2018-12-24 09:00:00+00:00,785.0,785.0,785.0,785.0,0.0
2018-12-25 09:00:00+00:00,785.0,785.0,785.0,785.0,0.0
2018-12-26 09:00:00+00:00,790.0,795.0,775.0,785.0,5410400.0
2018-12-27 09:00:00+00:00,785.0,805.0,785.0,800.0,9308200.0
2018-12-28 09:00:00+00:00,800.0,805.0,785.0,805.0,8673800.0
2018-12-31 09:00:00+00:00,805.0,805.0,805.0,805.0,0.0
2019-01-01 09:00:00+00:00,805.0,805.0,805.0,805.0,0.0
2019-01-02 09:00:00+00:00,795.0,805.0,790.0,795.0,2495200.0
2019-01-03 09:00:00+00:00,800.0,805.0,795.0,800.0,7275800.0
2019-01-04 09:00:00+00:00,800.0,810.0,795.0,800.0,3626500.0
2019-01-07 09:00:00+00:00,810.0,820.0,800.0,815.0,8009100.0
2019-01-08 09:00:00+00:00,815.0,895.0,815.0,880.0,62833700.0
2019-01-09 09:00:00+00:00,885.0,925.0,880.0,885.0,45224100.0
2019-01-10 09:00:00+00:00,885.0,905.0,875.0,880.0,42434100.0
2019-01-11 09:00:00+00:00,890.0,915.0,880.0,910.0,32327200.0
2019-01-14 09:00:00+00:00,910.0,915.0,890.0,900.0,30135700.0
2019-01-15 09:00:00+00:00,905.0,945.0,895.0,930.0,19690400.0
2019-01-16 09:00:00+00:00,930.0,940.0,925.0,930.0,39822700.0
2019-01-17 09:00:00+00:00,930.0,950.0,850.0,930.0,31972300.0
2019-01-18 09:00:00+00:00,930.0,985.0,930.0,930.0,40276500.0
2019-01-21 09:00:00+00:00,940.0,970.0,930.0,930.0,36715700.0
2019-01-22 09:00:00+00:00,935.0,950.0,920.0,925.0,8103400.0
2019-01-23 09:00:00+00:00,935.0,975.0,925.0,930.0,32869800.0
2019-01-24 09:00:00+00:00,935.0,960.0,935.0,955.0,38777200.0
2019-01-25 09:00:00+00:00,955.0,1070.0,955.0,975.0,34259600.0
2019-01-28 09:00:00+00:00,975.0,1015.0,950.0,990.0,33045600.0
2019-01-29 09:00:00+00:00,995.0,1000.0,980.0,995.0,10455000.0
2019-01-30 09:00:00+00:00,995.0,1000.0,980.0,990.0,8776500.0
2019-01-31 09:00:00+00:00,990.0,1010.0,990.0,1005.0,35440600.0
2019-02-01 09:00:00+00:00,1005.0,1010.0,960.0,975.0,20273900.0
2019-02-04 09:00:00+00:00,975.0,980.0,960.0,965.0,55054400.0
2019-02-05 09:00:00+00:00,965.0,965.0,965.0,965.0,0.0
2019-02-06 09:00:00+00:00,970.0,1000.0,970.0,985.0,16289400.0
2019-02-07 09:00:00+00:00,985.0,1010.0,985.0,995.0,9981900.0
2019-02-08 09:00:00+00:00,1000.0,1000.0,980.0,990.0,7683000.0
2019-02-11 09:00:00+00:00,985.0,1040.0,980.0,1020.0,11454400.0
2019-02-12 09:00:00+00:00,1030.0,1035.0,1000.0,1020.0,16464100.0
2019-02-13 09:00:00+00:00,1005.0,1035.0,1000.0,1025.0,24895800.0
2019-02-14 09:00:00+00:00,1030.0,1030.0,1000.0,1015.0,7268600.0
2019-02-15 09:00:00+00:00,1015.0,1035.0,1015.0,1025.0,22421000.0
2019-02-18 09:00:00+00:00,1025.0,1110.0,1025.0,1075.0,15408600.0
2019-02-19 09:00:00+00:00,1080.0,1085.0,1050.0,1075.0,6231300.0
2019-02-20 09:00:00+00:00,1080.0,1085.0,1030.0,1030.0,9351100.0
2019-02-21 09:00:00+00:00,1020.0,1050.0,1005.0,1005.0,13735300.0
2019-02-22 09:00:00+00:00,1005.0,1030.0,1005.0,1020.0,16223400.0
2019-02-25 09:00:00+00:00,1025.0,1060.0,1015.0,1060.0,27572300.0
2019-02-26 09:00:00+00:00,1065.0,1085.0,1040.0,1050.0,7809900.0
2019-02-27 09:00:00+00:00,1055.0,1085.0,1045.0,1080.0,8186500.0
2019-02-28 09:00:00+00:00,1085.0,1085.0,1040.0,1060.0,8996500.0
2019-03-01 09:00:00+00:00,1065.0,1095.0,1060.0,1085.0,16262400.0
2019-03-04 09:00:00+00:00,1090.0,1095.0,1055.0,1055.0,9281400.0
2019-03-05 09:00:00+00:00,1055.0,1060.0,1015.0,1045.0,6826300.0
2019-03-06 09:00:00+00:00,1040.0,1045.0,1010.0,1045.0,15000000.0
2019-03-07 09:00:00+00:00,1045.0,1045.0,1045.0,1045.0,0.0
2019-03-08 09:00:00+00:00,1040.0,1045.0,1020.0,1040.0,30252800.0
2019-03-11 09:00:00+00:00,1040.0,1080.0,1035.0,1060.0,11917700.0
2019-03-12 09:00:00+00:00,1060.0,1070.0,1050.0,1060.0,8284200.0
2019-03-13 09:00:00+00:00,1065.0,1080.0,1055.0,1075.0,4412300.0
2019-03-14 09:00:00+00:00,1080.0,1085.0,1060.0,1065.0,5985600.0
2019-03-15 09:00:00+00:00,1065.0,1115.0,1060.0,1100.0,14094400.0
2019-03-18 09:00:00+00:00,1120.0,1120.0,1065.0,1065.0,8051400.0
2019-03-19 09:00:00+00:00,1095.0,1100.0,1075.0,1075.0,3428000.0
2019-03-20 09:00:00+00:00,1080.0,1090.0,1065.0,1070.0,3454500.0
2019-03-21 09:00:00+00:00,1075.0,1095.0,1070.0,1085.0,6500100.0
2019-03-22 09:00:00+00:00,1090.0,1110.0,1080.0,1100.0,8597400.0
2019-03-25 09:00:00+00:00,1075.0,1080.0,1050.0,1055.0,11575600.0
2019-03-26 09:00:00+00:00,1055.0,1085.0,995.0,1005.0,15525300.0
2019-03-27 09:00:00+00:00,1005.0,1015.0,990.0,995.0,7427600.0
2019-03-28 09:00:00+00:00,995.0,1010.0,990.0,1000.0,19408500.0
2019-03-29 09:00:00+00:00,990.0,1000.0,950.0,955.0,10178400.0
2019-04-01 09:00:00+00:00,975.0,1015.0,975.0,990.0,13195100.0
2019-04-02 09:00:00+00:00,1010.0,1060.0,995.0,1045.0,32804900.0
2019-04-03 09:00:00+00:00,1045.0,1045.0,1045.0,1045.0,0.0
2019-04-04 09:00:00+00:00,1045.0,1055.0,990.0,995.0,9937100.0
2019-04-05 09:00:00+00:00,990.0,1015.0,990.0,1000.0,9875700.0
2019-04-08 09:00:00+00:00,995.0,1000.0,945.0,950.0,16439200.0
2019-04-09 09:00:00+00:00,940.0,985.0,940.0,960.0,32226300.0
2019-04-10 09:00:00+00:00,975.0,985.0,955.0,955.0,27088400.0
2019-04-11 09:00:00+00:00,970.0,970.0,950.0,960.0,40965800.0
2019-04-12 09:00:00+00:00,990.0,990.0,940.0,960.0,10178400.0
2019-04-15 09:00:00+00:00,965.0,975.0,960.0,975.0,7792700.0
2019-04-16 09:00:00+00:00,975.0,995.0,960.0,985.0,25418000.0
2019-04-17 09:00:00+00:00,985.0,985.0,985.0,985.0,0.0
2019-04-18 09:00:00+00:00,1000.0,1010.0,985.0,1000.0,13014400.0
2019-04-19 09:00:00+00:00,1000.0,1000.0,1000.0,1000.0,0.0
2019-04-22 09:00:00+00:00,1000.0,1010.0,920.0,940.0,29620300.0
2019-04-23 09:00:00+00:00,950.0,1015.0,940.0,960.0,24226000.0
2019-04-24 09:00:00+00:00,960.0,970.0,955.0,965.0,7547200.0
2019-04-25 09:00:00+00:00,965.0,980.0,960.0,965.0,15226200.0
2019-04-26 09:00:00+00:00,975.0,975.0,945.0,955.0,3639100.0
2019-04-29 09:00:00+00:00,960.0,995.0,960.0,985.0,7353600.0
2019-04-30 09:00:00+00:00,990.0,1005.0,975.0,995.0,10666800.0
2019-05-01 09:00:00+00:00,995.0,995.0,995.0,995.0,0.0
2019-05-02 09:00:00+00:00,995.0,1000.0,970.0,990.0,4742600.0
2019-05-03 09:00:00+00:00,990.0,990.0,965.0,990.0,15703200.0
2019-05-06 09:00:00+00:00,990.0,990.0,965.0,970.0,14468500.0
2019-05-07 09:00:00+00:00,980.0,985.0,965.0,975.0,6924400.0
2019-05-08 09:00:00+00:00,975.0,980.0,965.0,970.0,17925000.0
2019-05-09 09:00:00+00:00,970.0,975.0,960.0,965.0,46766800.0
2019-05-10 09:00:00+00:00,965.0,970.0,920.0,940.0,20876000.0
2019-05-13 09:00:00+00:00,940.0,955.0,925.0,935.0,20859200.0
2019-05-14 09:00:00+00:00,890.0,930.0,885.0,905.0,33308400.0
2019-05-15 09:00:00+00:00,905.0,950.0,890.0,915.0,79080900.0
2019-05-16 09:00:00+00:00,925.0,925.0,865.0,895.0,28324200.0
2019-05-17 09:00:00+00:00,900.0,905.0,825.0,840.0,26840700.0
2019-05-20 09:00:00+00:00,855.0,865.0,845.0,845.0,14728800.0
2019-05-21 09:00:00+00:00,850.0,890.0,850.0,870.0,10407300.0
2019-05-22 09:00:00+00:00,870.0,875.0,850.0,865.0,7356200.0
2019-05-23 09:00:00+00:00,870.0,875.0,835.0,835.0,10669300.0
2019-05-24 09:00:00+00:00,840.0,840.0,775.0,790.0,21577100.0
2019-05-27 09:00:00+00:00,790.0,850.0,790.0,840.0,31874200.0
2019-05-28 09:00:00+00:00,840.0,875.0,825.0,840.0,47006700.0
2019-05-29 09:00:00+00:00,840.0,880.0,840.0,880.0,15501200.0
2019-05-30 09:00:00+00:00,880.0,880.0,880.0,880.0,0.0
2019-05-31 09:00:00+00:00,880.0,890.0,865.0,880.0,17592600.0
2019-06-03 09:00:00+00:00,880.0,880.0,880.0,880.0,0.0
2019-06-04 09:00:00+00:00,880.0,880.0,880.0,880.0,0.0
2019-06-05 09:00:00+00:00,880.0,880.0,880.0,880.0,0.0
2019-06-06 09:00:00+00:00,880.0,880.0,880.0,880.0,0.0
2019-06-07 09:00:00+00:00,880.0,880.0,880.0,880.0,0.0
2019-06-10 09:00:00+00:00,890.0,910.0,880.0,885.0,11675600.0
2019-06-11 09:00:00+00:00,885.0,930.0,880.0,910.0,16829800.0
2019-06-12 09:00:00+00:00,910.0,925.0,885.0,895.0,10066600.0
2019-06-13 09:00:00+00:00,890.0,890.0,880.0,885.0,6387500.0
2019-06-14 09:00:00+00:00,885.0,890.0,880.0,885.0,6289500.0
2019-06-17 09:00:00+00:00,885.0,890.0,880.0,880.0,4561900.0
2019-06-18 09:00:00+00:00,880.0,895.0,880.0,890.0,2025800.0
2019-06-20 09:00:00+00:00,950.0,970.0,930.0,960.0,21443300.0
2019-06-21 09:00:00+00:00,960.0,970.0,920.0,965.0,10970800.0
2019-06-24 09:00:00+00:00,960.0,965.0,935.0,935.0,9798700.0
2019-06-25 09:00:00+00:00,935.0,950.0,900.0,900.0,13821800.0
2019-06-26 09:00:00+00:00,900.0,940.0,900.0,900.0,18753400.0
2019-06-27 09:00:00+00:00,920.0,930.0,905.0,925.0,5978800.0
2019-06-28 09:00:00+00:00,925.0,940.0,900.0,900.0,13223000.0
2019-07-01 09:00:00+00:00,910.0,925.0,890.0,900.0,13276900.0
2019-07-02 09:00:00+00:00,905.0,910.0,880.0,890.0,12554700.0
2019-07-03 09:00:00+00:00,890.0,905.0,880.0,885.0,6091600.0
2019-07-04 09:00:00+00:00,890.0,895.0,880.0,885.0,2829200.0
2019-07-05 09:00:00+00:00,885.0,910.0,885.0,890.0,7549700.0
2019-07-08 09:00:00+00:00,895.0,905.0,890.0,890.0,3587700.0
2019-07-09 09:00:00+00:00,890.0,950.0,890.0,940.0,16380200.0
2019-07-10 09:00:00+00:00,940.0,950.0,920.0,920.0,12787700.0
2019-07-11 09:00:00+00:00,930.0,940.0,925.0,935.0,11167400.0
2019-07-12 09:00:00+00:00,935.0,940.0,910.0,930.0,5961400.0
2019-07-15 09:00:00+00:00,930.0,940.0,920.0,930.0,6764500.0
2019-07-16 09:00:00+00:00,930.0,965.0,925.0,955.0,25920900.0
2019-07-17 09:00:00+00:00,960.0,995.0,955.0,980.0,29199500.0
2019-07-18 09:00:00+00:00,980.0,995.0,970.0,970.0,12598800.0
2019-07-19 09:00:00+00:00,965.0,975.0,930.0,935.0,9269800.0
2019-07-22 09:00:00+00:00,935.0,950.0,900.0,920.0,16183200.0
2019-07-23 09:00:00+00:00,930.0,930.0,905.0,915.0,7568700.0
2019-07-24 09:00:00+00:00,915.0,925.0,905.0,920.0,8308900.0
2019-07-25 09:00:00+00:00,925.0,995.0,920.0,960.0,17556800.0
2019-07-26 09:00:00+00:00,960.0,965.0,930.0,945.0,5837000.0
2019-07-29 09:00:00+00:00,950.0,950.0,920.0,925.0,6625600.0
2019-07-30 09:00:00+00:00,925.0,935.0,915.0,920.0,4054700.0
2019-07-31 09:00:00+00:00,920.0,965.0,920.0,945.0,28694200.0
2019-08-01 09:00:00+00:00,945.0,1005.0,935.0,1000.0,23981600.0
2019-08-02 09:00:00+00:00,1005.0,1005.0,970.0,990.0,12376100.0
2019-08-05 09:00:00+00:00,980.0,990.0,945.0,945.0,6367200.0
2019-08-06 09:00:00+00:00,930.0,970.0,920.0,950.0,4121500.0
2019-08-07 09:00:00+00:00,950.0,1000.0,950.0,985.0,14553300.0
2019-08-08 09:00:00+00:00,990.0,1000.0,980.0,1000.0,6436300.0
2019-08-09 09:00:00+00:00,1000.0,1055.0,985.0,1000.0,13015300.0
2019-08-12 09:00:00+00:00,1000.0,1010.0,970.0,990.0,7976800.0
2019-08-13 09:00:00+00:00,985.0,1030.0,950.0,1020.0,11550700.0
2019-08-14 09:00:00+00:00,1020.0,1040.0,1005.0,1030.0,17618200.0
2019-08-15 09:00:00+00:00,1015.0,1025.0,975.0,1015.0,22125300.0
2019-08-16 09:00:00+00:00,1015.0,1035.0,995.0,1010.0,14950100.0
2019-08-19 09:00:00+00:00,1010.0,1035.0,1005.0,1030.0,16442700.0
2019-08-20 09:00:00+00:00,1010.0,1050.0,1010.0,1045.0,13604500.0
2019-08-21 09:00:00+00:00,1045.0,1055.0,1030.0,1045.0,29105900.0
2019-08-22 09:00:00+00:00,1045.0,1050.0,1025.0,1040.0,19644300.0
2019-08-23 09:00:00+00:00,1040.0,1045.0,995.0,1000.0,9706900.0
2019-08-26 09:00:00+00:00,1000.0,1030.0,985.0,1020.0,8354100.0
2019-08-27 09:00:00+00:00,1020.0,1020.0,985.0,990.0,26347100.0
2019-08-28 09:00:00+00:00,990.0,1015.0,985.0,990.0,15669200.0
2019-08-29 09:00:00+00:00,990.0,1015.0,990.0,1000.0,13365600.0
2019-08-30 09:00:00+00:00,1010.0,1010.0,990.0,990.0,10141200.0
2019-09-02 09:00:00+00:00,995.0,1005.0,990.0,1000.0,8298000.0
2019-09-03 09:00:00+00:00,1000.0,1005.0,990.0,990.0,13688700.0
2019-09-04 09:00:00+00:00,1000.0,1000.0,995.0,1000.0,10085500.0
2019-09-05 09:00:00+00:00,1005.0,1025.0,1000.0,1010.0,6372000.0
2019-09-06 09:00:00+00:00,1015.0,1025.0,1005.0,1010.0,6106400.0
2019-09-09 09:00:00+00:00,1010.0,1045.0,990.0,1045.0,6833600.0
2019-09-10 09:00:00+00:00,1045.0,1050.0,1020.0,1025.0,3989000.0
2019-09-11 09:00:00+00:00,1025.0,1040.0,995.0,1005.0,8462300.0
2019-09-12 09:00:00+00:00,1010.0,1030.0,1005.0,1015.0,11028100.0
2019-09-13 09:00:00+00:00,1015.0,1035.0,1010.0,1025.0,9663000.0
2019-09-16 09:00:00+00:00,1025.0,1030.0,1015.0,1015.0,5982600.0
2019-09-17 09:00:00+00:00,1015.0,1015.0,980.0,985.0,10547500.0
2019-09-18 09:00:00+00:00,985.0,1000.0,985.0,995.0,11528300.0
2019-09-19 09:00:00+00:00,995.0,1005.0,985.0,985.0,2768500.0
2019-09-20 09:00:00+00:00,995.0,1005.0,985.0,1000.0,8049200.0
2019-09-23 09:00:00+00:00,1000.0,1020.0,980.0,1020.0,7373000.0
2019-09-24 09:00:00+00:00,1020.0,1020.0,990.0,1005.0,12423100.0
2019-09-25 09:00:00+00:00,1005.0,1005.0,990.0,1000.0,5122800.0
2019-09-26 09:00:00+00:00,1000.0,1025.0,995.0,1025.0,8621600.0
2019-09-27 09:00:00+00:00,1020.0,1035.0,1010.0,1025.0,13236000.0
2019-09-30 09:00:00+00:00,1025.0,1035.0,1015.0,1030.0,20841400.0
2019-10-01 09:00:00+00:00,1030.0,1030.0,1000.0,1025.0,7586300.0
2019-10-02 09:00:00+00:00,1015.0,1030.0,975.0,975.0,8357600.0
2019-10-03 09:00:00+00:00,980.0,985.0,935.0,960.0,11889300.0
2019-10-04 09:00:00+00:00,965.0,1000.0,960.0,990.0,5396300.0
2019-10-07 09:00:00+00:00,1000.0,1000.0,960.0,970.0,3683600.0
2019-10-08 09:00:00+00:00,975.0,995.0,970.0,995.0,4810200.0
2019-10-09 09:00:00+00:00,990.0,1000.0,965.0,995.0,9245700.0
2019-10-10 09:00:00+00:00,995.0,1000.0,980.0,1000.0,13965300.0
2019-10-11 09:00:00+00:00,1000.0,1025.0,990.0,1010.0,11604200.0
2019-10-14 09:00:00+00:00,1010.0,1055.0,1010.0,1050.0,18598200.0
2019-10-15 09:00:00+00:00,1050.0,1120.0,1050.0,1095.0,23660400.0
2019-10-16 09:00:00+00:00,1095.0,1185.0,1090.0,1145.0,22444900.0
2019-10-17 09:00:00+00:00,1150.0,1155.0,1125.0,1140.0,14932600.0
2019-10-18 09:00:00+00:00,1140.0,1140.0,1110.0,1110.0,8601500.0
2019-10-21 09:00:00+00:00,1125.0,1160.0,1100.0,1140.0,4772800.0
2019-10-22 09:00:00+00:00,1140.0,1160.0,1120.0,1150.0,6602300.0
2019-10-23 09:00:00+00:00,1150.0,1165.0,1105.0,1120.0,9361300.0
2019-10-24 09:00:00+00:00,1120.0,1135.0,1100.0,1135.0,10344500.0
2019-10-25 09:00:00+00:00,1135.0,1140.0,1060.0,1070.0,6190100.0
2019-10-28 09:00:00+00:00,1070.0,1115.0,1070.0,1100.0,7196800.0
2019-10-29 09:00:00+00:00,1105.0,1140.0,1090.0,1135.0,10168600.0
2019-10-30 09:00:00+00:00,1130.0,1140.0,1110.0,1120.0,5389900.0
2019-10-31 09:00:00+00:00,1130.0,1145.0,1000.0,1000.0,33060400.0
2019-11-01 09:00:00+00:00,1010.0,1030.0,990.0,1010.0,23403600.0
2019-11-04 09:00:00+00:00,1015.0,1050.0,1015.0,1040.0,13085800.0
2019-11-05 09:00:00+00:00,1045.0,1100.0,1040.0,1090.0,17199900.0
2019-11-06 09:00:00+00:00,1090.0,1095.0,1060.0,1075.0,5869700.0
2019-11-07 09:00:00+00:00,1075.0,1075.0,1050.0,1070.0,5722700.0
2019-11-08 09:00:00+00:00,1065.0,1085.0,1055.0,1055.0,2978400.0
2019-11-11 09:00:00+00:00,1030.0,1075.0,1020.0,1045.0,4343100.0
2019-11-12 09:00:00+00:00,1045.0,1070.0,1040.0,1060.0,4809200.0
2019-11-13 09:00:00+00:00,1065.0,1095.0,1065.0,1090.0,3460900.0
2019-11-14 09:00:00+00:00,1090.0,1090.0,1040.0,1040.0,5377900.0
2019-11-15 09:00:00+00:00,1040.0,1075.0,1040.0,1065.0,23548400.0
2019-11-18 09:00:00+00:00,1065.0,1075.0,1055.0,1055.0,7055400.0
2019-11-19 09:00:00+00:00,1060.0,1060.0,1045.0,1055.0,10276900.0
2019-11-20 09:00:00+00:00,1055.0,1070.0,1055.0,1065.0,4271100.0
2019-11-21 09:00:00+00:00,1060.0,1070.0,1050.0,1050.0,4477700.0
2019-11-22 09:00:00+00:00,1050.0,1060.0,1025.0,1035.0,5929600.0
2019-11-25 09:00:00+00:00,1035.0,1045.0,1010.0,1040.0,6822900.0
2019-11-26 09:00:00+00:00,1040.0,1060.0,1030.0,1045.0,6053700.0
2019-11-27 09:00:00+00:00,1045.0,1070.0,1045.0,1050.0,4347900.0
2019-11-28 09:00:00+00:00,1055.0,1065.0,1045.0,1050.0,5478700.0
2019-11-29 09:00:00+00:00,1050.0,1050.0,1010.0,1015.0,3426100.0
2019-12-02 09:00:00+00:00,1015.0,1045.0,1010.0,1040.0,7138900.0
2019-12-03 09:00:00+00:00,1040.0,1050.0,1025.0,1030.0,3040200.0
2019-12-04 09:00:00+00:00,1035.0,1080.0,1025.0,1070.0,6297200.0
2019-12-05 09:00:00+00:00,1075.0,1105.0,1060.0,1105.0,7908800.0
2019-12-06 09:00:00+00:00,1105.0,1115.0,1085.0,1115.0,5469500.0
2019-12-09 09:00:00+00:00,1110.0,1115.0,1050.0,1065.0,12279700.0
2019-12-10 09:00:00+00:00,1065.0,1070.0,1045.0,1050.0,13378200.0
2019-12-11 09:00:00+00:00,1060.0,1080.0,1050.0,1065.0,6466400.0
2019-12-12 09:00:00+00:00,1065.0,1075.0,1040.0,1050.0,4922000.0
2019-12-13 09:00:00+00:00,1060.0,1070.0,1025.0,1030.0,17535700.0
2019-12-16 09:00:00+00:00,1035.0,1045.0,1030.0,1035.0,11715400.0
2019-12-17 09:00:00+00:00,1040.0,1045.0,1015.0,1025.0,6330200.0
2019-12-18 09:00:00+00:00,1025.0,1045.0,1010.0,1035.0,8049900.0
2019-12-19 09:00:00+00:00,1040.0,1070.0,1040.0,1065.0,10723300.0
2019-12-20 09:00:00+00:00,1070.0,1075.0,1025.0,1025.0,10868800.0
2019-12-23 09:00:00+00:00,1045.0,1050.0,1015.0,1040.0,8245200.0
2019-12-26 09:00:00+00:00,1035.0,1050.0,1025.0,1030.0,10561300.0
2019-12-27 09:00:00+00:00,1035.0,1060.0,1030.0,1055.0,8354800.0
2019-12-30 09:00:00+00:00,1055.0,1060.0,1025.0,1055.0,7714900.0
2020-01-02 09:00:00+00:00,1050.0,1070.0,1035.0,1065.0,8012800.0
2020-01-03 09:00:00+00:00,1065.0,1070.0,1050.0,1070.0,6591500.0
2020-01-06 09:00:00+00:00,1070.0,1070.0,1040.0,1055.0,5459500.0
2020-01-07 09:00:00+00:00,1055.0,1065.0,1045.0,1055.0,5688100.0
2020-01-08 09:00:00+00:00,1055.0,1060.0,1030.0,1035.0,11561800.0
2020-01-09 09:00:00+00:00,1035.0,1050.0,1030.0,1040.0,4134200.0
2020-01-10 09:00:00+00:00,1040.0,1090.0,1040.0,1090.0,11498600.0
2020-01-13 09:00:00+00:00,1090.0,1095.0,1070.0,1085.0,9800800.0
2020-01-14 09:00:00+00:00,1085.0,1090.0,1075.0,1085.0,7055900.0
2020-01-15 09:00:00+00:00,1085.0,1105.0,1025.0,1050.0,31366200.0
2020-01-16 09:00:00+00:00,1050.0,1095.0,1035.0,1055.0,11483200.0
2020-01-17 09:00:00+00:00,1075.0,1075.0,1040.0,1040.0,10277500.0
2020-01-20 09:00:00+00:00,1060.0,1060.0,1040.0,1040.0,7100200.0
2020-01-21 09:00:00+00:00,1040.0,1055.0,1030.0,1040.0,3374300.0
2020-01-22 09:00:00+00:00,1040.0,1055.0,1015.0,1015.0,4263400.0
2020-01-23 09:00:00+00:00,1040.0,1040.0,1000.0,1000.0,4601400.0
2020-01-24 09:00:00+00:00,1010.0,1030.0,1000.0,1015.0,3827800.0
2020-01-27 09:00:00+00:00,1015.0,1020.0,955.0,1000.0,10815700.0
2020-01-28 09:00:00+00:00,1000.0,1010.0,970.0,1005.0,5514300.0
2020-01-29 09:00:00+00:00,1005.0,1010.0,985.0,1000.0,7501300.0
2020-01-30 09:00:00+00:00,1000.0,1010.0,970.0,995.0,9540200.0
2020-01-31 09:00:00+00:00,990.0,1000.0,960.0,960.0,4196500.0
2020-02-03 09:00:00+00:00,960.0,960.0,895.0,910.0,19087200.0
2020-02-04 09:00:00+00:00,910.0,935.0,875.0,925.0,13245400.0
2020-02-05 09:00:00+00:00,930.0,955.0,910.0,950.0,8908000.0
2020-02-06 09:00:00+00:00,950.0,960.0,940.0,950.0,12930600.0
2020-02-07 09:00:00+00:00,950.0,950.0,925.0,950.0,3632400.0
2020-02-10 09:00:00+00:00,950.0,950.0,900.0,910.0,5216700.0
2020-02-11 09:00:00+00:00,910.0,935.0,910.0,935.0,8257400.0
2020-02-12 09:00:00+00:00,935.0,935.0,910.0,920.0,5378700.0
2020-02-13 09:00:00+00:00,920.0,920.0,885.0,895.0,6966700.0
2020-02-14 09:00:00+00:00,895.0,915.0,890.0,905.0,16085500.0
2020-02-17 09:00:00+00:00,905.0,920.0,885.0,890.0,5833000.0
2020-02-18 09:00:00+00:00,890.0,895.0,870.0,885.0,6054000.0
2020-02-19 09:00:00+00:00,885.0,890.0,860.0,875.0,10945900.0
2020-02-20 09:00:00+00:00,880.0,900.0,845.0,845.0,17494200.0
2020-02-21 09:00:00+00:00,870.0,870.0,835.0,835.0,15170500.0
2020-02-24 09:00:00+00:00,835.0,835.0,800.0,810.0,19472600.0
2020-02-25 09:00:00+00:00,810.0,845.0,795.0,840.0,17784500.0
2020-02-26 09:00:00+00:00,840.0,840.0,820.0,825.0,31401200.0
2020-02-27 09:00:00+00:00,825.0,835.0,760.0,795.0,25896200.0
2020-02-28 09:00:00+00:00,750.0,845.0,730.0,800.0,24196400.0
2020-03-02 09:00:00+00:00,800.0,810.0,735.0,755.0,18935700.0
2020-03-03 09:00:00+00:00,770.0,815.0,770.0,795.0,42514000.0
2020-03-04 09:00:00+00:00,780.0,805.0,780.0,800.0,9548700.0
2020-03-05 09:00:00+00:00,810.0,820.0,785.0,810.0,21912800.0
2020-03-06 09:00:00+00:00,810.0,815.0,780.0,810.0,7633300.0
2020-03-09 09:00:00+00:00,750.0,795.0,730.0,760.0,18565800.0
2020-03-10 09:00:00+00:00,765.0,770.0,710.0,740.0,10994200.0
2020-03-11 09:00:00+00:00,750.0,755.0,695.0,720.0,20428200.0
2020-03-12 09:00:00+00:00,720.0,720.0,650.0,650.0,46176300.0
2020-03-13 09:00:00+00:00,650.0,650.0,650.0,650.0,0.0
2020-03-16 09:00:00+00:00,630.0,660.0,625.0,625.0,30835300.0
2020-03-17 09:00:00+00:00,585.0,620.0,585.0,585.0,9844400.0
2020-03-18 09:00:00+00:00,585.0,595.0,545.0,545.0,29355300.0
2020-03-19 09:00:00+00:00,540.0,540.0,510.0,510.0,1189200.0
2020-03-20 09:00:00+00:00,484.0,500.0,476.0,476.0,66260200.0
2020-03-23 09:00:00+00:00,476.0,500.0,444.0,444.0,42868000.0
2020-03-24 09:00:00+00:00,444.0,456.0,414.0,444.0,22085600.0
2020-03-26 09:00:00+00:00,444.0,510.0,442.0,444.0,30199900.0
2020-03-27 09:00:00+00:00,446.0,510.0,444.0,472.0,41839000.0
2020-03-30 09:00:00+00:00,478.0,478.0,440.0,452.0,22270100.0
2020-03-31 09:00:00+00:00,454.0,490.0,454.0,472.0,12109800.0
2020-04-01 09:00:00+00:00,470.0,505.0,462.0,470.0,31338600.0
2020-04-02 09:00:00+00:00,470.0,474.0,438.0,454.0,72961300.0
2020-04-03 09:00:00+00:00,470.0,470.0,438.0,458.0,37452700.0
2020-04-06 09:00:00+00:00,466.0,570.0,462.0,565.0,31538400.0
2020-04-07 09:00:00+00:00,580.0,675.0,580.0,605.0,43748700.0
2020-04-08 09:00:00+00:00,625.0,625.0,565.0,565.0,7506600.0
2020-04-09 09:00:00+00:00,550.0,565.0,530.0,545.0,25820300.0
2020-04-13 09:00:00+00:00,545.0,555.0,510.0,530.0,10798500.0
2020-04-14 09:00:00+00:00,530.0,640.0,530.0,530.0,57333200.0
2020-04-15 09:00:00+00:00,580.0,630.0,555.0,605.0,36520200.0
2020-04-16 09:00:00+00:00,650.0,650.0,570.0,585.0,29319400.0
2020-04-17 09:00:00+00:00,605.0,650.0,600.0,650.0,21383100.0
2020-04-20 09:00:00+00:00,650.0,695.0,605.0,640.0,29593700.0
2020-04-21 09:00:00+00:00,640.0,640.0,600.0,610.0,18451700.0
2020-04-22 09:00:00+00:00,600.0,645.0,575.0,645.0,23859200.0
2020-04-23 09:00:00+00:00,650.0,650.0,610.0,630.0,22455300.0
2020-04-24 09:00:00+00:00,635.0,640.0,595.0,615.0,9157700.0
2020-04-27 09:00:00+00:00,615.0,620.0,590.0,605.0,10804000.0
2020-04-28 09:00:00+00:00,605.0,620.0,590.0,610.0,15945300.0
2020-04-29 09:00:00+00:00,615.0,635.0,605.0,630.0,8068300.0
2020-04-30 09:00:00+00:00,640.0,660.0,630.0,655.0,32214900.0
2020-05-04 09:00:00+00:00,655.0,655.0,610.0,625.0,8825600.0
2020-05-05 09:00:00+00:00,630.0,735.0,630.0,700.0,25766800.0
2020-05-06 09:00:00+00:00,705.0,725.0,690.0,700.0,18568800.0
2020-05-08 09:00:00+00:00,705.0,710.0,670.0,695.0,25759100.0
2020-05-11 09:00:00+00:00,700.0,745.0,695.0,740.0,38612500.0
2020-05-12 09:00:00+00:00,740.0,765.0,720.0,730.0,21700200.0
2020-05-13 09:00:00+00:00,730.0,730.0,685.0,710.0,11209300.0
2020-05-14 09:00:00+00:00,700.0,710.0,670.0,700.0,34801600.0
2020-05-15 09:00:00+00:00,700.0,705.0,675.0,700.0,29951200.0
2020-05-18 09:00:00+00:00,700.0,700.0,685.0,700.0,13675700.0
2020-05-19 09:00:00+00:00,705.0,725.0,705.0,715.0,34189100.0
2020-05-20 09:00:00+00:00,715.0,725.0,685.0,700.0,39341300.0
2020-05-26 09:00:00+00:00,700.0,705.0,655.0,680.0,51440100.0
2020-05-27 09:00:00+00:00,685.0,710.0,660.0,700.0,38836000.0
2020-05-28 09:00:00+00:00,705.0,760.0,705.0,740.0,38663600.0
2020-05-29 09:00:00+00:00,760.0,760.0,715.0,725.0,47422700.0
2020-06-02 09:00:00+00:00,725.0,735.0,705.0,725.0,35103500.0
2020-06-03 09:00:00+00:00,735.0,745.0,715.0,720.0,49129900.0
2020-06-04 09:00:00+00:00,730.0,795.0,730.0,765.0,45006900.0
2020-06-05 09:00:00+00:00,780.0,830.0,760.0,795.0,60146300.0
2020-06-08 09:00:00+00:00,810.0,840.0,795.0,820.0,45368600.0
2020-06-09 09:00:00+00:00,825.0,845.0,795.0,800.0,24741100.0
2020-06-10 09:00:00+00:00,795.0,820.0,780.0,795.0,18339600.0
2020-06-11 09:00:00+00:00,790.0,795.0,740.0,780.0,29666500.0
2020-06-12 09:00:00+00:00,750.0,765.0,735.0,750.0,25690700.0
2020-06-15 09:00:00+00:00,770.0,805.0,715.0,740.0,59028400.0
2020-06-16 09:00:00+00:00,755.0,775.0,750.0,765.0,26920000.0
2020-06-17 09:00:00+00:00,790.0,805.0,765.0,800.0,35840200.0
2020-06-18 09:00:00+00:00,800.0,800.0,775.0,785.0,17093600.0
2020-06-19 09:00:00+00:00,785.0,790.0,770.0,775.0,19548600.0
2020-06-22 09:00:00+00:00,775.0,785.0,770.0,775.0,9071800.0
2020-06-23 09:00:00+00:00,775.0,785.0,765.0,785.0,7050400.0
2020-06-24 09:00:00+00:00,790.0,795.0,760.0,775.0,32422000.0
2020-06-25 09:00:00+00:00,775.0,780.0,750.0,765.0,18231800.0
2020-06-26 09:00:00+00:00,780.0,790.0,765.0,790.0,11514400.0
2020-06-29 09:00:00+00:00,790.0,790.0,760.0,780.0,12634600.0
2020-06-30 09:00:00+00:00,785.0,790.0,770.0,780.0,16326600.0
2020-07-01 09:00:00+00:00,780.0,790.0,765.0,785.0,45847300.0
2020-07-02 09:00:00+00:00,790.0,800.0,765.0,765.0,19186900.0
2020-07-03 09:00:00+00:00,775.0,775.0,740.0,740.0,19747600.0
2020-07-06 09:00:00+00:00,750.0,755.0,720.0,720.0,20865400.0
2020-07-07 09:00:00+00:00,730.0,730.0,705.0,725.0,44526300.0
2020-07-08 09:00:00+00:00,730.0,745.0,725.0,735.0,68246100.0
2020-07-09 09:00:00+00:00,740.0,745.0,705.0,720.0,47121800.0
2020-07-10 09:00:00+00:00,725.0,725.0,710.0,715.0,9222500.0
2020-07-13 09:00:00+00:00,715.0,720.0,710.0,720.0,15145400.0
2020-07-14 09:00:00+00:00,725.0,725.0,700.0,700.0,21969600.0
2020-07-15 09:00:00+00:00,705.0,710.0,660.0,665.0,75759700.0
2020-07-16 09:00:00+00:00,665.0,695.0,655.0,690.0,53109700.0
2020-07-17 09:00:00+00:00,685.0,705.0,680.0,700.0,34347100.0
2020-07-20 09:00:00+00:00,700.0,705.0,685.0,685.0,50896100.0
2020-07-21 09:00:00+00:00,685.0,715.0,685.0,685.0,88914900.0
2020-07-22 09:00:00+00:00,695.0,710.0,685.0,700.0,50744000.0
2020-07-23 09:00:00+00:00,730.0,730.0,685.0,695.0,33187200.0
2020-07-24 09:00:00+00:00,705.0,705.0,685.0,690.0,22253800.0
2020-07-27 09:00:00+00:00,690.0,705.0,680.0,690.0,13705800.0
2020-07-28 09:00:00+00:00,690.0,705.0,690.0,700.0,8447900.0
2020-07-29 09:00:00+00:00,705.0,705.0,690.0,700.0,36252600.0
2020-07-30 09:00:00+00:00,700.0,705.0,665.0,685.0,48121900.0
2020-08-03 09:00:00+00:00,690.0,695.0,640.0,650.0,60943400.0
2020-08-04 09:00:00+00:00,670.0,670.0,625.0,665.0,25238700.0
2020-08-05 09:00:00+00:00,655.0,670.0,650.0,665.0,21555200.0
2020-08-06 09:00:00+00:00,670.0,710.0,665.0,695.0,38061500.0
2020-08-07 09:00:00+00:00,700.0,710.0,685.0,700.0,42980200.0
2020-08-10 09:00:00+00:00,700.0,710.0,685.0,690.0,5457000.0
2020-08-11 09:00:00+00:00,700.0,700.0,685.0,695.0,10854300.0
2020-08-12 09:00:00+00:00,700.0,700.0,685.0,695.0,7729000.0
2020-08-13 09:00:00+00:00,695.0,720.0,695.0,695.0,28105600.0
2020-08-14 09:00:00+00:00,695.0,705.0,685.0,690.0,8962600.0
2020-08-18 09:00:00+00:00,690.0,715.0,685.0,690.0,26173700.0
2020-08-19 09:00:00+00:00,690.0,705.0,690.0,690.0,6584600.0
2020-08-24 09:00:00+00:00,690.0,710.0,685.0,710.0,27868500.0
2020-08-25 09:00:00+00:00,710.0,720.0,695.0,705.0,18177600.0
2020-08-26 09:00:00+00:00,710.0,710.0,695.0,695.0,20689600.0
2020-08-27 09:00:00+00:00,700.0,705.0,685.0,685.0,8288900.0
2020-08-28 09:00:00+00:00,685.0,695.0,680.0,685.0,12940100.0
2020-08-31 09:00:00+00:00,690.0,690.0,665.0,680.0,22706300.0
2020-09-01 09:00:00+00:00,680.0,690.0,670.0,685.0,10784300.0
2020-09-02 09:00:00+00:00,690.0,700.0,685.0,695.0,6369600.0
2020-09-03 09:00:00+00:00,700.0,700.0,685.0,690.0,3561000.0
2020-09-04 09:00:00+00:00,685.0,685.0,660.0,685.0,7189600.0
2020-09-07 09:00:00+00:00,685.0,685.0,660.0,665.0,10456200.0
2020-09-08 09:00:00+00:00,665.0,680.0,655.0,660.0,12747300.0
2020-09-09 09:00:00+00:00,660.0,665.0,640.0,650.0,15318900.0
2020-09-10 09:00:00+00:00,640.0,640.0,605.0,605.0,24182200.0
2020-09-11 09:00:00+00:00,565.0,605.0,565.0,600.0,50035400.0
2020-09-14 09:00:00+00:00,600.0,640.0,600.0,630.0,20880200.0
2020-09-15 09:00:00+00:00,630.0,635.0,590.0,595.0,20151400.0
2020-09-16 09:00:00+00:00,595.0,605.0,570.0,580.0,24093800.0
2020-09-17 09:00:00+00:00,585.0,605.0,555.0,555.0,20286600.0
2020-09-18 09:00:00+00:00,575.0,595.0,555.0,570.0,21491700.0
2020-09-21 09:00:00+00:00,580.0,590.0,570.0,575.0,13215200.0
2020-09-22 09:00:00+00:00,555.0,585.0,550.0,565.0,9029600.0
2020-09-23 09:00:00+00:00,575.0,585.0,555.0,570.0,8792400.0
2020-09-24 09:00:00+00:00,550.0,585.0,535.0,560.0,12074100.0
2020-09-25 09:00:00+00:00,565.0,595.0,555.0,580.0,12762500.0
2020-09-28 09:00:00+00:00,585.0,590.0,565.0,575.0,2568500.0
2020-09-29 09:00:00+00:00,580.0,590.0,565.0,575.0,16164500.0
2020-09-30 09:00:00+00:00,575.0,580.0,560.0,570.0,5835400.0
2020-10-01 09:00:00+00:00,580.0,590.0,575.0,580.0,12404300.0
2020-10-02 09:00:00+00:00,580.0,590.0,555.0,565.0,6964500.0
2020-10-05 09:00:00+00:00,565.0,570.0,560.0,560.0,4672100.0
2020-10-06 09:00:00+00:00,565.0,600.0,560.0,600.0,18059500.0
2020-10-07 09:00:00+00:00,605.0,605.0,585.0,590.0,4529000.0
2020-10-08 09:00:00+00:00,585.0,600.0,585.0,590.0,4896900.0
2020-10-09 09:00:00+00:00,590.0,615.0,585.0,605.0,11713000.0
2020-10-12 09:00:00+00:00,650.0,670.0,620.0,645.0,35513600.0
2020-10-13 09:00:00+00:00,660.0,660.0,630.0,650.0,15912900.0
2020-10-14 09:00:00+00:00,655.0,665.0,650.0,655.0,10125300.0
2020-10-15 09:00:00+00:00,655.0,670.0,650.0,655.0,14169900.0
2020-10-16 09:00:00+00:00,655.0,660.0,635.0,640.0,3758100.0
2020-10-19 09:00:00+00:00,645.0,650.0,640.0,640.0,3533000.0
2020-10-20 09:00:00+00:00,640.0,640.0,620.0,635.0,9048800.0
2020-10-21 09:00:00+00:00,635.0,645.0,625.0,645.0,7626600.0
2020-10-22 09:00:00+00:00,645.0,645.0,630.0,635.0,6328100.0
2020-10-23 09:00:00+00:00,635.0,640.0,625.0,635.0,11913700.0
2020-10-26 09:00:00+00:00,635.0,650.0,630.0,650.0,17856000.0
2020-10-27 09:00:00+00:00,650.0,655.0,640.0,655.0,10922200.0
2020-11-02 09:00:00+00:00,655.0,660.0,635.0,640.0,18210500.0
2020-11-03 09:00:00+00:00,630.0,650.0,630.0,640.0,7631900.0
2020-11-04 09:00:00+00:00,645.0,645.0,620.0,630.0,7021900.0
2020-11-05 09:00:00+00:00,630.0,650.0,625.0,650.0,24414800.0
2020-11-06 09:00:00+00:00,650.0,670.0,650.0,670.0,24381000.0
2020-11-09 09:00:00+00:00,680.0,710.0,670.0,700.0,51213200.0
2020-11-10 09:00:00+00:00,725.0,755.0,725.0,735.0,98318000.0
2020-11-11 09:00:00+00:00,740.0,750.0,710.0,745.0,34239300.0
2020-11-12 09:00:00+00:00,745.0,780.0,720.0,775.0,25532400.0
2020-11-13 09:00:00+00:00,775.0,780.0,745.0,755.0,5882000.0
2020-11-16 09:00:00+00:00,755.0,770.0,740.0,765.0,22445500.0
2020-11-17 09:00:00+00:00,765.0,820.0,755.0,765.0,35042000.0
2020-11-18 09:00:00+00:00,765.0,780.0,735.0,775.0,9638100.0
2020-11-19 09:00:00+00:00,775.0,800.0,770.0,785.0,46754200.0
2020-11-20 09:00:00+00:00,785.0,795.0,775.0,785.0,19898900.0
2020-11-23 09:00:00+00:00,790.0,790.0,780.0,785.0,11131800.0
2020-11-24 09:00:00+00:00,785.0,830.0,765.0,810.0,19492300.0
2020-11-25 09:00:00+00:00,810.0,850.0,790.0,850.0,55963800.0
2020-11-26 09:00:00+00:00,850.0,965.0,840.0,870.0,57707200.0
2020-11-27 09:00:00+00:00,870.0,870.0,860.0,865.0,15999600.0
2020-11-30 09:00:00+00:00,865.0,870.0,805.0,805.0,25983000.0
2020-12-01 09:00:00+00:00,810.0,835.0,760.0,800.0,18747000.0
2020-12-02 09:00:00+00:00,800.0,845.0,790.0,840.0,31656500.0
2020-12-03 09:00:00+00:00,835.0,850.0,800.0,805.0,34804600.0
2020-12-04 09:00:00+00:00,805.0,805.0,770.0,795.0,28562700.0
2020-12-07 09:00:00+00:00,795.0,830.0,795.0,805.0,51252700.0
2020-12-08 09:00:00+00:00,805.0,835.0,795.0,825.0,68864300.0
2020-12-10 09:00:00+00:00,825.0,870.0,825.0,845.0,38824400.0
2020-12-11 09:00:00+00:00,845.0,905.0,845.0,895.0,54647300.0
2020-12-14 09:00:00+00:00,900.0,915.0,855.0,895.0,36339700.0
2020-12-15 09:00:00+00:00,895.0,900.0,835.0,890.0,30063100.0
2020-12-16 09:00:00+00:00,890.0,895.0,870.0,890.0,21960800.0
2020-12-17 09:00:00+00:00,895.0,955.0,870.0,945.0,54831700.0
2020-12-18 09:00:00+00:00,945.0,960.0,910.0,920.0,34531800.0
2020-12-21 09:00:00+00:00,920.0,945.0,905.0,920.0,16199800.0
2020-12-22 09:00:00+00:00,920.0,920.0,885.0,915.0,16432300.0
2020-12-23 09:00:00+00:00,915.0,915.0,855.0,905.0,22135300.0
2020-12-28 09:00:00+00:00,925.0,925.0,890.0,905.0,7210900.0
2020-12-29 09:00:00+00:00,900.0,910.0,845.0,845.0,17934800.0
2020-12-30 09:00:00+00:00,845.0,845.0,790.0,790.0,55886300.0
2021-01-04 09:00:00+00:00,795.0,845.0,795.0,830.0,22596800.0
2021-01-05 09:00:00+00:00,830.0,845.0,830.0,840.0,13583200.0
2021-01-06 09:00:00+00:00,840.0,855.0,800.0,805.0,36623100.0
2021-01-07 09:00:00+00:00,810.0,825.0,805.0,815.0,23585800.0
2021-01-08 09:00:00+00:00,815.0,835.0,815.0,835.0,12543500.0
2021-01-11 09:00:00+00:00,835.0,835.0,800.0,815.0,18511300.0
2021-01-12 09:00:00+00:00,815.0,830.0,790.0,795.0,58356000.0
2021-01-13 09:00:00+00:00,800.0,810.0,790.0,795.0,21195000.0
2021-01-14 09:00:00+00:00,800.0,830.0,795.0,810.0,32794300.0
2021-01-15 09:00:00+00:00,815.0,825.0,800.0,810.0,19130800.0
2021-01-18 09:00:00+00:00,810.0,835.0,795.0,795.0,25606000.0
2021-01-19 09:00:00+00:00,795.0,805.0,750.0,765.0,44747500.0
2021-01-20 09:00:00+00:00,765.0,810.0,735.0,805.0,53015400.0
2021-01-21 09:00:00+00:00,820.0,820.0,780.0,795.0,9962800.0
2021-01-22 09:00:00+00:00,800.0,800.0,740.0,745.0,26517500.0
2021-01-25 09:00:00+00:00,745.0,810.0,695.0,760.0,60040500.0
2021-01-26 09:00:00+00:00,765.0,775.0,750.0,775.0,32830800.0
2021-01-27 09:00:00+00:00,775.0,810.0,750.0,810.0,31104500.0
2021-01-28 09:00:00+00:00,810.0,815.0,765.0,775.0,20975200.0
2021-01-29 09:00:00+00:00,775.0,800.0,755.0,770.0,11267200.0
2021-02-01 09:00:00+00:00,770.0,785.0,755.0,775.0,36369900.0
2021-02-02 09:00:00+00:00,775.0,795.0,750.0,760.0,40123700.0
2021-02-03 09:00:00+00:00,765.0,775.0,750.0,760.0,14782500.0
2021-02-04 09:00:00+00:00,770.0,770.0,745.0,760.0,14323300.0
2021-02-05 09:00:00+00:00,765.0,770.0,750.0,750.0,17654600.0
2021-02-08 09:00:00+00:00,760.0,770.0,750.0,760.0,33334300.0
2021-02-09 09:00:00+00:00,760.0,805.0,740.0,745.0,38392900.0
2021-02-10 09:00:00+00:00,745.0,755.0,740.0,745.0,9774700.0
2021-02-11 09:00:00+00:00,745.0,765.0,735.0,755.0,20790000.0
2021-02-15 09:00:00+00:00,755.0,765.0,740.0,755.0,27053800.0
2021-02-16 09:00:00+00:00,755.0,760.0,740.0,750.0,18340900.0
2021-02-17 09:00:00+00:00,750.0,755.0,725.0,735.0,24572900.0
2021-02-18 09:00:00+00:00,735.0,750.0,720.0,735.0,33491100.0
2021-02-19 09:00:00+00:00,740.0,740.0,725.0,730.0,13801400.0
2021-02-22 09:00:00+00:00,735.0,795.0,730.0,795.0,62174300.0
2021-02-23 09:00:00+00:00,800.0,820.0,760.0,810.0,29588900.0
2021-02-24 09:00:00+00:00,820.0,820.0,790.0,815.0,24041500.0
2021-02-25 09:00:00+00:00,815.0,820.0,795.0,800.0,15109900.0
2021-02-26 09:00:00+00:00,805.0,810.0,775.0,805.0,18902600.0
2021-03-01 09:00:00+00:00,805.0,870.0,785.0,865.0,42489000.0
2021-03-02 09:00:00+00:00,865.0,880.0,830.0,850.0,22623100.0
2021-03-03 09:00:00+00:00,850.0,850.0,810.0,820.0,23467100.0
2021-03-04 09:00:00+00:00,820.0,835.0,800.0,830.0,18931600.0
2021-03-05 09:00:00+00:00,830.0,875.0,810.0,850.0,38409400.0
2021-03-08 09:00:00+00:00,860.0,880.0,845.0,860.0,26820600.0
2021-03-09 09:00:00+00:00,865.0,885.0,840.0,840.0,17072400.0
2021-03-10 09:00:00+00:00,845.0,850.0,800.0,820.0,23712400.0
2021-03-12 09:00:00+00:00,830.0,830.0,800.0,815.0,26868400.0
2021-03-15 09:00:00+00:00,815.0,830.0,805.0,815.0,32579700.0
2021-03-16 09:00:00+00:00,820.0,820.0,800.0,805.0,18709200.0
2021-03-17 09:00:00+00:00,810.0,830.0,800.0,810.0,20323800.0
2021-03-18 09:00:00+00:00,810.0,815.0,785.0,800.0,23959900.0
2021-03-19 09:00:00+00:00,800.0,815.0,790.0,800.0,14267400.0
2021-03-22 09:00:00+00:00,800.0,815.0,795.0,795.0,17129900.0
2021-03-23 09:00:00+00:00,795.0,810.0,790.0,790.0,19986700.0
2021-03-24 09:00:00+00:00,780.0,795.0,750.0,775.0,15948500.0
2021-03-25 09:00:00+00:00,775.0,775.0,730.0,755.0,23561600.0
2021-03-26 09:00:00+00:00,755.0,775.0,740.0,765.0,18570300.0
2021-03-29 09:00:00+00:00,765.0,775.0,765.0,770.0,6677100.0
2021-03-30 09:00:00+00:00,775.0,780.0,740.0,750.0,23378900.0
2021-03-31 09:00:00+00:00,755.0,755.0,700.0,740.0,40573000.0
2021-04-01 09:00:00+00:00,740.0,750.0,730.0,745.0,4242900.0
2021-04-05 09:00:00+00:00,745.0,760.0,745.0,750.0,4585000.0
2021-04-06 09:00:00+00:00,755.0,760.0,740.0,760.0,8297700.0
2021-04-07 09:00:00+00:00,770.0,800.0,755.0,790.0,30619500.0
2021-04-08 09:00:00+00:00,790.0,810.0,770.0,805.0,20588900.0
2021-04-09 09:00:00+00:00,805.0,810.0,790.0,800.0,13343400.0
2021-04-12 09:00:00+00:00,810.0,810.0,765.0,790.0,11569400.0
2021-04-13 09:00:00+00:00,790.0,790.0,745.0,780.0,14769700.0
2021-04-14 09:00:00+00:00,780.0,800.0,765.0,790.0,26179400.0
2021-04-15 09:00:00+00:00,790.0,800.0,770.0,775.0,4696800.0
2021-04-16 09:00:00+00:00,780.0,805.0,775.0,795.0,13493500.0
2021-04-19 09:00:00+00:00,795.0,830.0,795.0,815.0,51641700.0
2021-04-20 09:00:00+00:00,815.0,825.0,780.0,800.0,16841600.0
2021-04-21 09:00:00+00:00,800.0,800.0,770.0,790.0,11332400.0
2021-04-22 09:00:00+00:00,790.0,815.0,775.0,805.0,43524300.0
2021-04-23 09:00:00+00:00,805.0,850.0,805.0,830.0,85649500.0
2021-04-26 09:00:00+00:00,830.0,845.0,805.0,810.0,24345700.0
2021-04-27 09:00:00+00:00,810.0,820.0,770.0,790.0,18466100.0
2021-04-28 09:00:00+00:00,790.0,795.0,770.0,780.0,8853000.0
2021-04-29 09:00:00+00:00,780.0,800.0,780.0,800.0,6532500.0
2021-04-30 09:00:00+00:00,800.0,825.0,795.0,800.0,19377300.0
2021-05-03 09:00:00+00:00,800.0,815.0,785.0,800.0,10734500.0
2021-05-04 09:00:00+00:00,805.0,805.0,775.0,780.0,7651700.0
2021-05-05 09:00:00+00:00,780.0,805.0,770.0,800.0,9916900.0
2021-05-06 09:00:00+00:00,795.0,805.0,780.0,790.0,3466200.0
2021-05-07 09:00:00+00:00,805.0,815.0,750.0,755.0,11685000.0
2021-05-10 09:00:00+00:00,760.0,765.0,750.0,760.0,5590900.0
2021-05-11 09:00:00+00:00,770.0,790.0,760.0,770.0,16981600.0
2021-05-17 09:00:00+00:00,775.0,790.0,765.0,770.0,22247000.0
2021-05-18 09:00:00+00:00,760.0,780.0,755.0,770.0,4133800.0
2021-05-19 09:00:00+00:00,770.0,770.0,730.0,740.0,10072400.0
2021-05-20 09:00:00+00:00,740.0,745.0,710.0,710.0,13123600.0
2021-05-21 09:00:00+00:00,720.0,730.0,705.0,710.0,16419200.0
2021-05-24 09:00:00+00:00,710.0,735.0,700.0,725.0,10684300.0
2021-05-25 09:00:00+00:00,725.0,740.0,700.0,715.0,11727900.0
2021-05-27 09:00:00+00:00,715.0,730.0,690.0,690.0,21495500.0
2021-05-28 09:00:00+00:00,710.0,725.0,685.0,690.0,17486000.0
2021-05-31 09:00:00+00:00,700.0,720.0,700.0,700.0,12410200.0
2021-06-02 09:00:00+00:00,710.0,730.0,700.0,730.0,11327100.0
2021-06-03 09:00:00+00:00,730.0,770.0,730.0,765.0,21436100.0
2021-06-04 09:00:00+00:00,770.0,770.0,750.0,760.0,4675400.0
2021-06-07 09:00:00+00:00,770.0,770.0,740.0,755.0,7054400.0
2021-06-08 09:00:00+00:00,755.0,765.0,740.0,750.0,8352600.0
2021-06-09 09:00:00+00:00,745.0,765.0,740.0,760.0,9308000.0
2021-06-10 09:00:00+00:00,760.0,770.0,710.0,710.0,10315200.0
2021-06-11 09:00:00+00:00,740.0,790.0,730.0,775.0,27915400.0
2021-06-14 09:00:00+00:00,800.0,800.0,770.0,770.0,15506300.0
2021-06-15 09:00:00+00:00,775.0,775.0,745.0,765.0,16387200.0
2021-06-16 09:00:00+00:00,765.0,775.0,740.0,755.0,9978800.0
2021-06-17 09:00:00+00:00,760.0,770.0,730.0,755.0,8769200.0
2021-06-18 09:00:00+00:00,755.0,765.0,715.0,735.0,19982400.0
2021-06-21 09:00:00+00:00,730.0,730.0,700.0,720.0,19782400.0
2021-06-22 09:00:00+00:00,725.0,750.0,705.0,750.0,16555200.0
2021-06-23 09:00:00+00:00,750.0,750.0,720.0,730.0,5494600.0
2021-06-24 09:00:00+00:00,730.0,735.0,700.0,710.0,12919900.0
2021-06-25 09:00:00+00:00,710.0,710.0,685.0,700.0,24012900.0
2021-06-28 09:00:00+00:00,665.0,700.0,655.0,660.0,26756300.0
2021-06-29 09:00:00+00:00,665.0,665.0,615.0,620.0,30668500.0
2021-06-30 09:00:00+00:00,620.0,635.0,610.0,625.0,25175100.0
2021-07-01 09:00:00+00:00,625.0,640.0,610.0,620.0,15908500.0
2021-07-02 09:00:00+00:00,620.0,655.0,615.0,635.0,12050800.0
2021-07-05 09:00:00+00:00,635.0,660.0,630.0,650.0,6575100.0
2021-07-06 09:00:00+00:00,650.0,705.0,650.0,680.0,24660400.0
2021-07-07 09:00:00+00:00,685.0,695.0,665.0,675.0,7375800.0
2021-07-08 09:00:00+00:00,680.0,690.0,640.0,650.0,9050200.0
2021-07-09 09:00:00+00:00,650.0,665.0,640.0,650.0,2328200.0
2021-07-12 09:00:00+00:00,675.0,675.0,645.0,645.0,4070800.0
2021-07-13 09:00:00+00:00,645.0,660.0,625.0,630.0,7007400.0
2021-07-14 09:00:00+00:00,630.0,640.0,620.0,640.0,6397400.0
2021-07-15 09:00:00+00:00,640.0,650.0,625.0,635.0,5622700.0
2021-07-16 09:00:00+00:00,630.0,645.0,620.0,625.0,6457500.0
2021-07-19 09:00:00+00:00,625.0,635.0,620.0,630.0,4448400.0
2021-07-21 09:00:00+00:00,630.0,660.0,625.0,650.0,9845900.0
2021-07-22 09:00:00+00:00,650.0,660.0,645.0,645.0,16216800.0
2021-07-23 09:00:00+00:00,645.0,655.0,640.0,645.0,3035000.0
2021-07-26 09:00:00+00:00,645.0,655.0,645.0,650.0,10133200.0
2021-07-27 09:00:00+00:00,655.0,660.0,645.0,655.0,3327700.0
2021-07-28 09:00:00+00:00,630.0,660.0,630.0,660.0,2774800.0
2021-07-29 09:00:00+00:00,655.0,665.0,630.0,630.0,6909800.0
2021-07-30 09:00:00+00:00,635.0,640.0,620.0,620.0,7874100.0
2021-08-02 09:00:00+00:00,620.0,655.0,610.0,645.0,8527200.0
2021-08-03 09:00:00+00:00,655.0,680.0,640.0,670.0,44015700.0
2021-08-04 09:00:00+00:00,680.0,730.0,675.0,695.0,51316400.0
2021-08-05 09:00:00+00:00,700.0,705.0,670.0,695.0,20680200.0
2021-08-06 09:00:00+00:00,695.0,700.0,655.0,695.0,23060300.0
2021-08-09 09:00:00+00:00,700.0,710.0,670.0,690.0,16862600.0
2021-08-10 09:00:00+00:00,690.0,700.0,655.0,665.0,21279300.0
2021-08-12 09:00:00+00:00,670.0,710.0,660.0,705.0,18661200.0
2021-08-13 09:00:00+00:00,705.0,715.0,680.0,695.0,7137600.0
2021-08-16 09:00:00+00:00,700.0,700.0,675.0,680.0,9790100.0
2021-08-18 09:00:00+00:00,680.0,710.0,680.0,710.0,13164600.0
2021-08-19 09:00:00+00:00,710.0,715.0,665.0,675.0,6538100.0
2021-08-20 09:00:00+00:00,675.0,690.0,670.0,675.0,7087500.0
2021-08-23 09:00:00+00:00,690.0,700.0,660.0,685.0,14436100.0
2021-08-24 09:00:00+00:00,690.0,720.0,685.0,710.0,23813100.0
2021-08-25 09:00:00+00:00,725.0,725.0,685.0,695.0,8452400.0
2021-08-26 09:00:00+00:00,700.0,710.0,690.0,700.0,5234600.0
2021-08-27 09:00:00+00:00,700.0,710.0,685.0,690.0,6783600.0
2021-08-30 09:00:00+00:00,705.0,725.0,690.0,705.0,14897300.0
2021-08-31 09:00:00+00:00,710.0,740.0,695.0,740.0,15022100.0
2021-09-01 09:00:00+00:00,750.0,760.0,720.0,760.0,37809400.0
2021-09-02 09:00:00+00:00,765.0,775.0,725.0,735.0,18119400.0
2021-09-03 09:00:00+00:00,745.0,760.0,725.0,760.0,10578700.0
2021-09-06 09:00:00+00:00,760.0,770.0,750.0,760.0,6436100.0
2021-09-07 09:00:00+00:00,760.0,770.0,755.0,770.0,2616200.0
2021-09-08 09:00:00+00:00,770.0,775.0,745.0,755.0,8346500.0
2021-09-09 09:00:00+00:00,755.0,755.0,725.0,740.0,13687600.0
2021-09-10 09:00:00+00:00,725.0,750.0,700.0,725.0,25689900.0
2021-09-13 09:00:00+00:00,725.0,755.0,725.0,750.0,7552100.0
2021-09-14 09:00:00+00:00,750.0,780.0,750.0,780.0,21277300.0
2021-09-15 09:00:00+00:00,760.0,785.0,755.0,770.0,14674200.0
2021-09-16 09:00:00+00:00,770.0,775.0,750.0,750.0,7350700.0
2021-09-17 09:00:00+00:00,755.0,765.0,745.0,755.0,6939000.0
2021-09-20 09:00:00+00:00,755.0,760.0,725.0,740.0,10871200.0
2021-09-21 09:00:00+00:00,740.0,785.0,715.0,780.0,32795300.0
2021-09-22 09:00:00+00:00,780.0,795.0,760.0,790.0,24332900.0
2021-09-23 09:00:00+00:00,790.0,800.0,770.0,795.0,29944300.0
2021-09-24 09:00:00+00:00,785.0,800.0,770.0,780.0,28631000.0
2021-09-27 09:00:00+00:00,790.0,790.0,740.0,765.0,26457400.0
2021-09-28 09:00:00+00:00,765.0,765.0,740.0,745.0,9265300.0
2021-09-29 09:00:00+00:00,750.0,770.0,740.0,755.0,19137500.0
2021-09-30 09:00:00+00:00,760.0,790.0,755.0,780.0,23368600.0
2021-10-01 09:00:00+00:00,780.0,785.0,750.0,755.0,5307900.0
2021-10-04 09:00:00+00:00,740.0,780.0,730.0,775.0,9840000.0
2021-10-05 09:00:00+00:00,775.0,845.0,770.0,800.0,62224700.0
2021-10-06 09:00:00+00:00,800.0,825.0,800.0,805.0,17848900.0
2021-10-07 09:00:00+00:00,805.0,805.0,755.0,790.0,40354500.0
2021-10-08 09:00:00+00:00,785.0,790.0,775.0,780.0,9550900.0
2021-10-11 09:00:00+00:00,780.0,795.0,760.0,790.0,24539300.0
2021-10-12 09:00:00+00:00,790.0,825.0,785.0,825.0,26492900.0
2021-10-13 09:00:00+00:00,800.0,845.0,780.0,845.0,19647600.0
2021-10-14 09:00:00+00:00,820.0,890.0,820.0,880.0,37373000.0
2021-10-15 09:00:00+00:00,865.0,885.0,850.0,880.0,25361100.0
2021-10-18 09:00:00+00:00,870.0,890.0,855.0,885.0,24630200.0
2021-10-19 09:00:00+00:00,860.0,895.0,860.0,890.0,33751700.0
2021-10-21 09:00:00+00:00,890.0,915.0,880.0,895.0,25091800.0
2021-10-22 09:00:00+00:00,915.0,920.0,850.0,870.0,18818700.0
2021-10-25 09:00:00+00:00,870.0,885.0,865.0,880.0,11528600.0
2021-10-26 09:00:00+00:00,880.0,890.0,865.0,885.0,15234900.0
2021-10-27 09:00:00+00:00,875.0,890.0,870.0,880.0,10176400.0
2021-10-28 09:00:00+00:00,880.0,900.0,850.0,880.0,19838000.0
2021-10-29 09:00:00+00:00,880.0,885.0,875.0,880.0,9125400.0
2021-11-01 09:00:00+00:00,880.0,915.0,880.0,900.0,16974900.0
2021-11-02 09:00:00+00:00,900.0,905.0,880.0,890.0,2191200.0
2021-11-03 09:00:00+00:00,890.0,905.0,885.0,900.0,8445600.0
2021-11-04 09:00:00+00:00,900.0,905.0,860.0,865.0,20822700.0
2021-11-05 09:00:00+00:00,865.0,890.0,840.0,850.0,36572800.0
2021-11-08 09:00:00+00:00,855.0,880.0,845.0,870.0,9462600.0
2021-11-09 09:00:00+00:00,870.0,890.0,860.0,870.0,13315500.0
2021-11-10 09:00:00+00:00,870.0,870.0,855.0,870.0,16852600.0
2021-11-11 09:00:00+00:00,895.0,895.0,860.0,865.0,31828300.0
2021-11-12 09:00:00+00:00,865.0,880.0,840.0,875.0,25123500.0
2021-11-15 09:00:00+00:00,850.0,915.0,850.0,880.0,31743500.0
2021-11-16 09:00:00+00:00,880.0,885.0,840.0,850.0,44604500.0
2021-11-17 09:00:00+00:00,850.0,860.0,815.0,820.0,34340600.0
2021-11-18 09:00:00+00:00,820.0,840.0,800.0,835.0,38258700.0
2021-11-19 09:00:00+00:00,835.0,840.0,815.0,825.0,18099700.0
2021-11-22 09:00:00+00:00,825.0,835.0,800.0,800.0,23739000.0
2021-11-23 09:00:00+00:00,775.0,825.0,775.0,805.0,34168900.0
2021-11-24 09:00:00+00:00,805.0,815.0,800.0,800.0,8258100.0
2021-11-25 09:00:00+00:00,800.0,820.0,800.0,820.0,13569400.0
2021-11-26 09:00:00+00:00,820.0,825.0,790.0,790.0,22307200.0
2021-11-29 09:00:00+00:00,785.0,785.0,735.0,740.0,54977200.0
2021-11-30 09:00:00+00:00,735.0,755.0,715.0,740.0,38141400.0
2021-12-01 09:00:00+00:00,740.0,745.0,700.0,725.0,27533100.0
2021-12-02 09:00:00+00:00,725.0,740.0,705.0,730.0,12516000.0
2021-12-03 09:00:00+00:00,730.0,745.0,725.0,745.0,4421000.0
2021-12-06 09:00:00+00:00,745.0,745.0,710.0,725.0,11948400.0
2021-12-07 09:00:00+00:00,725.0,770.0,725.0,755.0,20164900.0
2021-12-08 09:00:00+00:00,755.0,775.0,745.0,755.0,8114800.0
2021-12-09 09:00:00+00:00,755.0,765.0,745.0,755.0,12920000.0
2021-12-10 09:00:00+00:00,755.0,780.0,745.0,775.0,11213200.0
2021-12-13 09:00:00+00:00,775.0,785.0,755.0,770.0,13405500.0
2021-12-14 09:00:00+00:00,765.0,770.0,750.0,750.0,5385500.0
2021-12-15 09:00:00+00:00,750.0,765.0,745.0,745.0,26072000.0
2021-12-16 09:00:00+00:00,745.0,760.0,720.0,720.0,15992500.0
2021-12-17 09:00:00+00:00,695.0,735.0,690.0,710.0,19940400.0
2021-12-20 09:00:00+00:00,710.0,725.0,695.0,725.0,9927600.0
2021-12-21 09:00:00+00:00,740.0,745.0,725.0,735.0,7258800.0
2021-12-22 09:00:00+00:00,745.0,745.0,730.0,735.0,2665500.0
2021-12-23 09:00:00+00:00,745.0,745.0,720.0,725.0,4501200.0
2021-12-24 09:00:00+00:00,725.0,740.0,720.0,720.0,1441700.0
2021-12-27 09:00:00+00:00,720.0,725.0,705.0,710.0,3890300.0
2021-12-28 09:00:00+00:00,715.0,725.0,710.0,710.0,4542400.0
2021-12-29 09:00:00+00:00,715.0,720.0,705.0,710.0,5327900.0
2021-12-30 09:00:00+00:00,700.0,720.0,690.0,710.0,16688800.0
2022-01-03 09:00:00+00:00,730.0,730.0,700.0,700.0,6126700.0
2022-01-04 09:00:00+00:00,700.0,785.0,700.0,775.0,30189200.0
2022-01-05 09:00:00+00:00,785.0,785.0,750.0,780.0,19066800.0
2022-01-06 09:00:00+00:00,780.0,785.0,740.0,765.0,20973300.0
2022-01-07 09:00:00+00:00,760.0,775.0,750.0,765.0,11384700.0
2022-01-10 09:00:00+00:00,765.0,770.0,750.0,760.0,3191100.0
2022-01-11 09:00:00+00:00,760.0,775.0,745.0,755.0,13474400.0
2022-01-12 09:00:00+00:00,755.0,765.0,740.0,745.0,3425200.0
2022-01-13 09:00:00+00:00,745.0,750.0,740.0,745.0,6697000.0
2022-01-14 09:00:00+00:00,745.0,790.0,735.0,790.0,9224000.0
2022-01-17 09:00:00+00:00,790.0,800.0,760.0,765.0,6786400.0
2022-01-18 09:00:00+00:00,765.0,780.0,750.0,765.0,8755900.0
2022-01-19 09:00:00+00:00,765.0,775.0,725.0,750.0,12340100.0
2022-01-20 09:00:00+00:00,750.0,760.0,745.0,750.0,2004600.0
2022-01-21 09:00:00+00:00,750.0,765.0,735.0,750.0,8262300.0
2022-01-24 09:00:00+00:00,725.0,755.0,725.0,750.0,8255800.0
2022-01-25 09:00:00+00:00,735.0,760.0,725.0,735.0,18510700.0
2022-01-26 09:00:00+00:00,735.0,755.0,735.0,755.0,6364400.0
2022-01-27 09:00:00+00:00,755.0,755.0,730.0,735.0,6869200.0
2022-01-28 09:00:00+00:00,735.0,750.0,730.0,750.0,6320500.0
2022-01-31 09:00:00+00:00,725.0,805.0,725.0,780.0,17081300.0
2022-02-02 09:00:00+00:00,780.0,810.0,765.0,805.0,21604500.0
2022-02-03 09:00:00+00:00,820.0,820.0,770.0,790.0,7229300.0
2022-02-04 09:00:00+00:00,785.0,785.0,755.0,760.0,12289600.0
2022-02-07 09:00:00+00:00,760.0,760.0,735.0,740.0,15026400.0
2022-02-08 09:00:00+00:00,735.0,755.0,730.0,740.0,9761600.0
2022-02-09 09:00:00+00:00,750.0,790.0,740.0,785.0,16900600.0
2022-02-10 09:00:00+00:00,785.0,820.0,775.0,795.0,29041800.0
2022-02-11 09:00:00+00:00,800.0,805.0,780.0,785.0,14159600.0
2022-02-14 09:00:00+00:00,785.0,795.0,740.0,750.0,21960600.0
2022-02-15 09:00:00+00:00,740.0,785.0,725.0,780.0,10411500.0
2022-02-16 09:00:00+00:00,785.0,825.0,780.0,805.0,39218200.0
2022-02-17 09:00:00+00:00,820.0,820.0,790.0,800.0,27991200.0
2022-02-18 09:00:00+00:00,795.0,845.0,790.0,840.0,37655500.0
2022-02-21 09:00:00+00:00,815.0,850.0,800.0,815.0,11876200.0
2022-02-22 09:00:00+00:00,790.0,815.0,780.0,800.0,7748100.0
2022-02-23 09:00:00+00:00,800.0,805.0,790.0,800.0,6147800.0
2022-02-24 09:00:00+00:00,775.0,800.0,760.0,790.0,15396100.0
2022-02-25 09:00:00+00:00,790.0,810.0,780.0,785.0,8138700.0
2022-03-01 09:00:00+00:00,785.0,820.0,780.0,820.0,14070700.0
2022-03-02 09:00:00+00:00,820.0,820.0,795.0,805.0,12976500.0
2022-03-04 09:00:00+00:00,800.0,820.0,795.0,815.0,10200300.0
2022-03-07 09:00:00+00:00,815.0,830.0,790.0,800.0,9896900.0
2022-03-08 09:00:00+00:00,800.0,820.0,790.0,800.0,11632800.0
2022-03-09 09:00:00+00:00,800.0,835.0,790.0,805.0,12697600.0
2022-03-10 09:00:00+00:00,810.0,870.0,810.0,855.0,35286200.0
2022-03-11 09:00:00+00:00,870.0,870.0,840.0,855.0,21676300.0
2022-03-14 09:00:00+00:00,855.0,880.0,840.0,855.0,18377300.0
2022-03-15 09:00:00+00:00,855.0,880.0,815.0,820.0,30007000.0
2022-03-16 09:00:00+00:00,820.0,830.0,795.0,805.0,27794400.0
2022-03-17 09:00:00+00:00,805.0,850.0,805.0,835.0,23370300.0
2022-03-18 09:00:00+00:00,810.0,835.0,805.0,815.0,13465100.0
2022-03-21 09:00:00+00:00,815.0,825.0,800.0,815.0,20778500.0
2022-03-22 09:00:00+00:00,810.0,825.0,805.0,815.0,19263300.0
2022-03-23 09:00:00+00:00,815.0,820.0,795.0,805.0,18617700.0
2022-03-24 09:00:00+00:00,805.0,860.0,805.0,860.0,27735600.0
2022-03-25 09:00:00+00:00,860.0,870.0,840.0,845.0,11130300.0
2022-03-28 09:00:00+00:00,850.0,870.0,825.0,835.0,16147500.0
2022-03-29 09:00:00+00:00,835.0,860.0,835.0,840.0,6953500.0
2022-03-30 09:00:00+00:00,845.0,865.0,845.0,860.0,11149100.0
2022-03-31 09:00:00+00:00,865.0,880.0,850.0,880.0,13731400.0
2022-04-01 09:00:00+00:00,880.0,880.0,825.0,840.0,11106800.0
2022-04-04 09:00:00+00:00,840.0,850.0,830.0,840.0,12547300.0
2022-04-05 09:00:00+00:00,840.0,865.0,840.0,855.0,6420500.0
2022-04-06 09:00:00+00:00,855.0,855.0,825.0,855.0,9166000.0
2022-04-07 09:00:00+00:00,850.0,850.0,815.0,845.0,17857500.0
2022-04-08 09:00:00+00:00,845.0,850.0,830.0,845.0,6305500.0
2022-04-11 09:00:00+00:00,850.0,880.0,840.0,875.0,24020900.0
2022-04-12 09:00:00+00:00,875.0,915.0,875.0,910.0,62899900.0
2022-04-13 09:00:00+00:00,910.0,935.0,875.0,890.0,45169700.0
2022-04-14 09:00:00+00:00,890.0,910.0,880.0,890.0,26651900.0
2022-04-18 09:00:00+00:00,920.0,930.0,885.0,890.0,39256400.0
2022-04-19 09:00:00+00:00,890.0,910.0,880.0,905.0,29367000.0
2022-04-20 09:00:00+00:00,905.0,925.0,885.0,885.0,47545300.0
2022-04-21 09:00:00+00:00,890.0,920.0,885.0,920.0,35559900.0
2022-04-22 09:00:00+00:00,925.0,930.0,905.0,920.0,29734800.0
2022-04-25 09:00:00+00:00,895.0,940.0,895.0,920.0,48093700.0
2022-04-26 09:00:00+00:00,920.0,935.0,910.0,920.0,24158600.0
2022-04-27 09:00:00+00:00,915.0,930.0,900.0,920.0,9090800.0
2022-04-28 09:00:00+00:00,915.0,915.0,895.0,900.0,14164800.0
2022-05-09 09:00:00+00:00,895.0,910.0,865.0,905.0,26230200.0
2022-05-10 09:00:00+00:00,900.0,915.0,845.0,905.0,32763500.0
2022-05-11 09:00:00+00:00,910.0,930.0,875.0,925.0,10321600.0
2022-05-12 09:00:00+00:00,925.0,925.0,865.0,865.0,20768300.0
2022-05-13 09:00:00+00:00,865.0,905.0,835.0,890.0,18702100.0
2022-05-17 09:00:00+00:00,900.0,910.0,865.0,865.0,16356600.0
2022-05-18 09:00:00+00:00,865.0,900.0,865.0,900.0,15271500.0
2022-05-19 09:00:00+00:00,880.0,890.0,840.0,845.0,15322500.0
2022-05-20 09:00:00+00:00,840.0,865.0,820.0,845.0,30287200.0
2022-05-23 09:00:00+00:00,870.0,910.0,850.0,890.0,43277200.0
2022-05-24 09:00:00+00:00,895.0,900.0,875.0,900.0,25980200.0
2022-05-25 09:00:00+00:00,900.0,900.0,875.0,895.0,21649700.0
2022-05-27 09:00:00+00:00,895.0,925.0,890.0,915.0,75118600.0
2022-05-30 09:00:00+00:00,900.0,920.0,890.0,900.0,27738600.0
2022-05-31 09:00:00+00:00,895.0,905.0,890.0,900.0,18554600.0
2022-06-02 09:00:00+00:00,900.0,910.0,890.0,895.0,24423800.0
2022-06-03 09:00:00+00:00,900.0,960.0,895.0,935.0,33043200.0
2022-06-06 09:00:00+00:00,940.0,985.0,930.0,960.0,21960700.0
2022-06-07 09:00:00+00:00,960.0,980.0,940.0,950.0,48158300.0
2022-06-08 09:00:00+00:00,950.0,985.0,950.0,965.0,44084300.0
2022-06-09 09:00:00+00:00,965.0,970.0,940.0,950.0,34474900.0
2022-06-10 09:00:00+00:00,945.0,960.0,915.0,925.0,19057000.0
2022-06-13 09:00:00+00:00,915.0,920.0,880.0,900.0,15811500.0
2022-06-14 09:00:00+00:00,895.0,910.0,880.0,890.0,38142500.0
2022-06-15 09:00:00+00:00,885.0,905.0,885.0,900.0,25986200.0
2022-06-16 09:00:00+00:00,900.0,940.0,900.0,910.0,17830500.0
2022-06-17 09:00:00+00:00,885.0,915.0,860.0,875.0,14534100.0
2022-06-20 09:00:00+00:00,875.0,920.0,870.0,900.0,39493000.0
2022-06-21 09:00:00+00:00,930.0,930.0,890.0,900.0,23968900.0
2022-06-22 09:00:00+00:00,900.0,910.0,890.0,895.0,17925600.0
2022-06-23 09:00:00+00:00,895.0,910.0,880.0,900.0,13599300.0
2022-06-24 09:00:00+00:00,905.0,915.0,885.0,915.0,24986800.0
2022-06-27 09:00:00+00:00,920.0,920.0,900.0,910.0,16954400.0
2022-06-28 09:00:00+00:00,910.0,955.0,910.0,925.0,31981300.0
2022-06-29 09:00:00+00:00,925.0,990.0,925.0,965.0,38974500.0
2022-06-30 09:00:00+00:00,990.0,990.0,960.0,980.0,27748600.0
2022-07-01 09:00:00+00:00,980.0,980.0,915.0,915.0,17647200.0
2022-07-04 09:00:00+00:00,915.0,935.0,880.0,900.0,23952200.0
2022-07-05 09:00:00+00:00,900.0,915.0,890.0,900.0,25588900.0
2022-07-06 09:00:00+00:00,905.0,920.0,885.0,900.0,28000300.0
2022-07-07 09:00:00+00:00,900.0,925.0,890.0,925.0,16210500.0
2022-07-08 09:00:00+00:00,925.0,930.0,905.0,910.0,17418500.0
2022-07-11 09:00:00+00:00,910.0,925.0,890.0,895.0,7774800.0
2022-07-12 09:00:00+00:00,895.0,915.0,890.0,895.0,16825500.0
2022-07-13 09:00:00+00:00,895.0,900.0,850.0,850.0,22122700.0
2022-07-14 09:00:00+00:00,870.0,895.0,830.0,870.0,22429100.0
2022-07-15 09:00:00+00:00,880.0,900.0,880.0,895.0,11343700.0
2022-07-18 09:00:00+00:00,900.0,905.0,870.0,880.0,20160800.0
2022-07-19 09:00:00+00:00,880.0,920.0,875.0,920.0,26397000.0
2022-07-20 09:00:00+00:00,920.0,980.0,915.0,940.0,62121300.0
2022-07-21 09:00:00+00:00,950.0,960.0,915.0,915.0,37738400.0
2022-07-22 09:00:00+00:00,920.0,935.0,900.0,920.0,11345100.0
2022-07-25 09:00:00+00:00,920.0,940.0,920.0,940.0,3962700.0
2022-07-26 09:00:00+00:00,930.0,940.0,910.0,920.0,15995200.0
2022-07-27 09:00:00+00:00,920.0,930.0,905.0,910.0,8932900.0
2022-07-28 09:00:00+00:00,910.0,920.0,880.0,880.0,17526700.0
2022-07-29 09:00:00+00:00,885.0,905.0,880.0,890.0,16455600.0
2022-08-01 09:00:00+00:00,900.0,930.0,890.0,930.0,14571000.0
2022-08-02 09:00:00+00:00,900.0,1000.0,895.0,1000.0,19442400.0
2022-08-03 09:00:00+00:00,975.0,980.0,930.0,930.0,17772400.0
2022-08-04 09:00:00+00:00,930.0,945.0,915.0,930.0,27109700.0
2022-08-05 09:00:00+00:00,935.0,975.0,935.0,960.0,50456400.0
2022-08-08 09:00:00+00:00,970.0,1060.0,970.0,980.0,114753900.0
2022-08-09 09:00:00+00:00,1000.0,1040.0,975.0,985.0,74508000.0
2022-08-10 09:00:00+00:00,985.0,1000.0,955.0,965.0,57164800.0
2022-08-11 09:00:00+00:00,975.0,1010.0,970.0,980.0,40656600.0
2022-08-12 09:00:00+00:00,990.0,1035.0,980.0,1020.0,52376800.0
2022-08-15 09:00:00+00:00,1020.0,1040.0,1015.0,1020.0,28162600.0
2022-08-16 09:00:00+00:00,1035.0,1075.0,1010.0,1025.0,76059900.0
2022-08-18 09:00:00+00:00,1030.0,1075.0,1020.0,1065.0,31309900.0
2022-08-19 09:00:00+00:00,1085.0,1105.0,1060.0,1070.0,29058000.0
2022-08-22 09:00:00+00:00,1070.0,1080.0,1000.0,1020.0,35442200.0
2022-08-23 09:00:00+00:00,1020.0,1035.0,1000.0,1015.0,19785600.0
2022-08-24 09:00:00+00:00,1015.0,1030.0,1005.0,1015.0,15401600.0
2022-08-25 09:00:00+00:00,1020.0,1035.0,980.0,990.0,19689200.0
2022-08-26 09:00:00+00:00,1000.0,1015.0,990.0,990.0,16239500.0
2022-08-29 09:00:00+00:00,970.0,985.0,960.0,970.0,36134000.0
2022-08-30 09:00:00+00:00,960.0,1005.0,960.0,980.0,26106700.0
2022-08-31 09:00:00+00:00,980.0,1035.0,980.0,1010.0,55695600.0
2022-09-01 09:00:00+00:00,1010.0,1025.0,1000.0,1010.0,21509500.0
2022-09-02 09:00:00+00:00,1010.0,1060.0,1010.0,1050.0,36584600.0
2022-09-05 09:00:00+00:00,1025.0,1050.0,1010.0,1020.0,27033700.0
2022-09-06 09:00:00+00:00,1020.0,1030.0,990.0,990.0,19692900.0
2022-09-07 09:00:00+00:00,990.0,1005.0,955.0,965.0,37386600.0
2022-09-08 09:00:00+00:00,970.0,995.0,965.0,985.0,25256300.0
2022-09-09 09:00:00+00:00,985.0,995.0,975.0,995.0,22118000.0
2022-09-12 09:00:00+00:00,995.0,1060.0,995.0,1055.0,39050700.0
2022-09-13 09:00:00+00:00,1055.0,1060.0,1015.0,1020.0,22340900.0
2022-09-14 09:00:00+00:00,1020.0,1050.0,1005.0,1050.0,41318800.0
2022-09-15 09:00:00+00:00,1050.0,1115.0,1050.0,1095.0,24133700.0
2022-09-16 09:00:00+00:00,1095.0,1125.0,1065.0,1080.0,52372600.0
2022-09-19 09:00:00+00:00,1080.0,1115.0,1070.0,1100.0,19635100.0
2022-09-20 09:00:00+00:00,1100.0,1145.0,1090.0,1135.0,23394900.0
2022-09-21 09:00:00+00:00,1135.0,1150.0,1100.0,1140.0,16593000.0
2022-09-22 09:00:00+00:00,1135.0,1160.0,1110.0,1120.0,36733200.0
2022-09-23 09:00:00+00:00,1120.0,1155.0,1075.0,1080.0,28548700.0
2022-09-26 09:00:00+00:00,1080.0,1130.0,1065.0,1120.0,15255400.0
2022-09-27 09:00:00+00:00,1120.0,1130.0,1080.0,1115.0,13361200.0
2022-09-28 09:00:00+00:00,1115.0,1115.0,1045.0,1050.0,16412900.0
2022-09-29 09:00:00+00:00,1050.0,1105.0,1000.0,1060.0,26699800.0
2022-09-30 09:00:00+00:00,1035.0,1075.0,1035.0,1060.0,24720300.0
2022-10-03 09:00:00+00:00,1060.0,1070.0,1040.0,1050.0,8847100.0
2022-10-04 09:00:00+00:00,1050.0,1085.0,1015.0,1020.0,27716400.0
2022-10-05 09:00:00+00:00,1025.0,1045.0,1020.0,1030.0,23236900.0
2022-10-06 09:00:00+00:00,1030.0,1085.0,1030.0,1070.0,11841100.0
2022-10-07 09:00:00+00:00,1085.0,1115.0,1050.0,1115.0,22924900.0
2022-10-10 09:00:00+00:00,1115.0,1115.0,1065.0,1075.0,39095300.0
2022-10-11 09:00:00+00:00,1075.0,1155.0,1070.0,1155.0,42857200.0
2022-10-12 09:00:00+00:00,1150.0,1190.0,1125.0,1190.0,38705900.0
2022-10-13 09:00:00+00:00,1180.0,1200.0,1150.0,1200.0,52471400.0
2022-10-14 09:00:00+00:00,1210.0,1250.0,1170.0,1190.0,29263800.0
2022-10-17 09:00:00+00:00,1190.0,1200.0,1125.0,1160.0,30486800.0
2022-10-18 09:00:00+00:00,1170.0,1180.0,1140.0,1140.0,25102100.0
2022-10-19 09:00:00+00:00,1140.0,1250.0,1130.0,1215.0,24612300.0
2022-10-20 09:00:00+00:00,1215.0,1270.0,1185.0,1250.0,29078900.0
2022-10-21 09:00:00+00:00,1250.0,1250.0,1200.0,1225.0,20537800.0
2022-10-24 09:00:00+00:00,1205.0,1265.0,1205.0,1240.0,11107200.0
2022-10-25 09:00:00+00:00,1240.0,1240.0,1190.0,1200.0,36314700.0
2022-10-26 09:00:00+00:00,1200.0,1265.0,1180.0,1185.0,27122100.0
2022-10-27 09:00:00+00:00,1185.0,1330.0,1180.0,1250.0,33383300.0
2022-10-28 09:00:00+00:00,1250.0,1260.0,1205.0,1235.0,24162100.0
2022-10-31 09:00:00+00:00,1210.0,1260.0,1205.0,1205.0,28676900.0
2022-11-01 09:00:00+00:00,1210.0,1310.0,1205.0,1305.0,48708900.0
2022-11-02 09:00:00+00:00,1280.0,1350.0,1280.0,1350.0,29275000.0
2022-11-03 09:00:00+00:00,1350.0,1355.0,1310.0,1335.0,18893000.0
2022-11-04 09:00:00+00:00,1335.0,1345.0,1275.0,1290.0,21899700.0
2022-11-07 09:00:00+00:00,1315.0,1320.0,1290.0,1305.0,9340000.0
2022-11-08 09:00:00+00:00,1305.0,1310.0,1265.0,1290.0,13782200.0
2022-11-09 09:00:00+00:00,1290.0,1310.0,1275.0,1300.0,21871000.0
2022-11-10 09:00:00+00:00,1300.0,1305.0,1275.0,1300.0,5756500.0
2022-11-11 09:00:00+00:00,1320.0,1365.0,1260.0,1310.0,24158800.0
2022-11-14 09:00:00+00:00,1310.0,1310.0,1260.0,1300.0,21956000.0
2022-11-15 09:00:00+00:00,1305.0,1310.0,1260.0,1270.0,20658000.0
2022-11-16 09:00:00+00:00,1270.0,1285.0,1235.0,1250.0,20340500.0
2022-11-17 09:00:00+00:00,1250.0,1265.0,1190.0,1200.0,16559400.0
2022-11-18 09:00:00+00:00,1200.0,1275.0,1190.0,1260.0,11831800.0
2022-11-21 09:00:00+00:00,1260.0,1340.0,1255.0,1340.0,16158400.0
2022-11-22 09:00:00+00:00,1340.0,1345.0,1315.0,1330.0,15715500.0
2022-11-23 09:00:00+00:00,1330.0,1385.0,1305.0,1345.0,17301300.0
2022-11-24 09:00:00+00:00,1370.0,1385.0,1340.0,1365.0,9313600.0
2022-11-25 09:00:00+00:00,1380.0,1385.0,1340.0,1365.0,7826300.0
2022-11-28 09:00:00+00:00,1365.0,1375.0,1335.0,1375.0,11585100.0
2022-11-29 09:00:00+00:00,1375.0,1530.0,1355.0,1390.0,32305100.0
2022-11-30 09:00:00+00:00,1400.0,1480.0,1390.0,1450.0,22457300.0
2022-12-01 09:00:00+00:00,1455.0,1455.0,1410.0,1425.0,12146600.0
2022-12-02 09:00:00+00:00,1435.0,1475.0,1410.0,1475.0,9328400.0
2022-12-05 09:00:00+00:00,1475.0,1480.0,1410.0,1435.0,13299800.0
2022-12-06 09:00:00+00:00,1435.0,1435.0,1345.0,1400.0,18648700.0
2022-12-07 09:00:00+00:00,1395.0,1440.0,1390.0,1420.0,10566100.0
2022-12-08 09:00:00+00:00,1420.0,1470.0,1400.0,1460.0,9288500.0
2022-12-09 09:00:00+00:00,1465.0,1475.0,1390.0,1425.0,15425000.0
2022-12-12 09:00:00+00:00,1425.0,1450.0,1390.0,1400.0,4953400.0
2022-12-13 09:00:00+00:00,1400.0,1430.0,1385.0,1420.0,12159700.0
2022-12-14 09:00:00+00:00,1420.0,1420.0,1385.0,1400.0,10989800.0
2022-12-15 09:00:00+00:00,1400.0,1400.0,1350.0,1360.0,20848800.0
2022-12-16 09:00:00+00:00,1360.0,1360.0,1270.0,1305.0,52107700.0
2022-12-19 09:00:00+00:00,1305.0,1375.0,1305.0,1335.0,12603500.0
2022-12-20 09:00:00+00:00,1335.0,1440.0,1335.0,1435.0,19540600.0
2022-12-21 09:00:00+00:00,1440.0,1445.0,1400.0,1420.0,12821000.0
2022-12-22 09:00:00+00:00,1420.0,1460.0,1420.0,1425.0,7561600.0
2022-12-23 09:00:00+00:00,1425.0,1445.0,1420.0,1445.0,5256300.0
2022-12-26 09:00:00+00:00,1445.0,1455.0,1370.0,1380.0,12413100.0
2022-12-27 09:00:00+00:00,1400.0,1440.0,1375.0,1410.0,6123700.0
2022-12-28 09:00:00+00:00,1415.0,1415.0,1385.0,1415.0,6612700.0
2022-12-29 09:00:00+00:00,1415.0,1430.0,1395.0,1415.0,3460400.0
2022-12-30 09:00:00+00:00,1415.0,1450.0,1395.0,1445.0,3103100.0
2023-01-02 09:00:00+00:00,1445.0,1530.0,1400.0,1415.0,7583200.0
2023-01-03 09:00:00+00:00,1415.0,1440.0,1400.0,1415.0,9217100.0
2023-01-04 09:00:00+00:00,1415.0,1430.0,1350.0,1395.0,24900500.0
2023-01-05 09:00:00+00:00,1395.0,1400.0,1320.0,1345.0,67912500.0
2023-01-06 09:00:00+00:00,1335.0,1370.0,1300.0,1300.0,25307800.0
2023-01-09 09:00:00+00:00,1300.0,1335.0,1280.0,1280.0,21825200.0
2023-01-10 09:00:00+00:00,1270.0,1280.0,1195.0,1210.0,47080200.0
2023-01-11 09:00:00+00:00,1210.0,1320.0,1210.0,1290.0,30973100.0
2023-01-12 09:00:00+00:00,1290.0,1320.0,1265.0,1290.0,19879700.0
2023-01-13 09:00:00+00:00,1295.0,1300.0,1270.0,1295.0,5658100.0
2023-01-16 09:00:00+00:00,1290.0,1335.0,1270.0,1320.0,15461300.0
2023-01-17 09:00:00+00:00,1320.0,1365.0,1320.0,1350.0,11154400.0
2023-01-18 09:00:00+00:00,1350.0,1375.0,1305.0,1335.0,11552300.0
2023-01-19 09:00:00+00:00,1340.0,1395.0,1330.0,1390.0,14687800.0
2023-01-20 09:00:00+00:00,1400.0,1420.0,1365.0,1415.0,12102500.0
2023-01-24 09:00:00+00:00,1415.0,1420.0,1380.0,1395.0,8307000.0
2023-01-25 09:00:00+00:00,1395.0,1405.0,1315.0,1335.0,14073700.0
2023-01-26 09:00:00+00:00,1335.0,1345.0,1295.0,1310.0,20645600.0
2023-01-27 09:00:00+00:00,1310.0,1340.0,1250.0,1265.0,36196600.0
2023-01-30 09:00:00+00:00,1275.0,1325.0,1270.0,1315.0,16031800.0
2023-01-31 09:00:00+00:00,1325.0,1335.0,1295.0,1300.0,14341000.0
2023-02-01 09:00:00+00:00,1315.0,1470.0,1300.0,1390.0,49104200.0
2023-02-02 09:00:00+00:00,1400.0,1440.0,1390.0,1400.0,42243200.0
2023-02-03 09:00:00+00:00,1400.0,1435.0,1385.0,1385.0,24697500.0
2023-02-06 09:00:00+00:00,1385.0,1470.0,1385.0,1440.0,23603000.0
2023-02-07 09:00:00+00:00,1440.0,1515.0,1440.0,1495.0,25480900.0
2023-02-08 09:00:00+00:00,1520.0,1520.0,1465.0,1480.0,17013100.0
2023-02-09 09:00:00+00:00,1480.0,1480.0,1420.0,1440.0,20946300.0
2023-02-10 09:00:00+00:00,1440.0,1455.0,1430.0,1440.0,10889300.0
2023-02-13 09:00:00+00:00,1440.0,1600.0,1435.0,1575.0,21383700.0
2023-02-14 09:00:00+00:00,1575.0,1575.0,1520.0,1520.0,14391600.0
2023-02-15 09:00:00+00:00,1520.0,1565.0,1505.0,1520.0,16972300.0
2023-02-16 09:00:00+00:00,1520.0,1565.0,1520.0,1530.0,28242400.0
2023-02-17 09:00:00+00:00,1530.0,1545.0,1475.0,1495.0,18488900.0
2023-02-20 09:00:00+00:00,1500.0,1560.0,1485.0,1540.0,10744300.0
2023-02-21 09:00:00+00:00,1540.0,1575.0,1540.0,1550.0,11427700.0
2023-02-22 09:00:00+00:00,1550.0,1565.0,1520.0,1550.0,8074900.0
2023-02-23 09:00:00+00:00,1550.0,1635.0,1550.0,1590.0,23832400.0
2023-02-24 09:00:00+00:00,1600.0,1665.0,1580.0,1600.0,31960500.0
2023-02-27 09:00:00+00:00,1600.0,1610.0,1550.0,1590.0,26870900.0
2023-02-28 09:00:00+00:00,1590.0,1590.0,1510.0,1510.0,30007500.0
2023-03-01 09:00:00+00:00,1515.0,1610.0,1515.0,1550.0,33653400.0
2023-03-02 09:00:00+00:00,1550.0,1645.0,1550.0,1620.0,21681600.0
2023-03-03 09:00:00+00:00,1620.0,1635.0,1555.0,1560.0,14743400.0
2023-03-06 09:00:00+00:00,1560.0,1595.0,1555.0,1570.0,19781500.0
2023-03-07 09:00:00+00:00,1575.0,1610.0,1555.0,1600.0,19360200.0
2023-03-08 09:00:00+00:00,1600.0,1615.0,1565.0,1570.0,17328000.0
2023-03-09 09:00:00+00:00,1570.0,1575.0,1495.0,1520.0,45197200.0
2023-03-10 09:00:00+00:00,1520.0,1525.0,1445.0,1465.0,31106700.0
2023-03-13 09:00:00+00:00,1460.0,1540.0,1425.0,1540.0,22628100.0
2023-03-14 09:00:00+00:00,1560.0,1565.0,1450.0,1465.0,29800100.0
2023-03-15 09:00:00+00:00,1470.0,1570.0,1470.0,1545.0,26681600.0
2023-03-16 09:00:00+00:00,1570.0,1600.0,1495.0,1600.0,20262000.0
2023-03-17 09:00:00+00:00,1600.0,1635.0,1565.0,1600.0,17906000.0
2023-03-20 09:00:00+00:00,1600.0,1600.0,1515.0,1525.0,6290500.0
2023-03-21 09:00:00+00:00,1540.0,1545.0,1480.0,1495.0,26119600.0
2023-03-24 09:00:00+00:00,1495.0,1560.0,1495.0,1515.0,16776100.0
2023-03-27 09:00:00+00:00,1520.0,1530.0,1495.0,1500.0,12474900.0
2023-03-28 09:00:00+00:00,1520.0,1620.0,1500.0,1600.0,25620200.0
2023-03-29 09:00:00+00:00,1600.0,1680.0,1585.0,1625.0,24038300.0
2023-03-30 09:00:00+00:00,1625.0,1650.0,1515.0,1540.0,66650300.0
2023-03-31 09:00:00+00:00,1540.0,1560.0,1510.0,1510.0,25767000.0
2023-04-03 09:00:00+00:00,1520.0,1540.0,1450.0,1450.0,33333000.0
2023-04-04 09:00:00+00:00,1460.0,1475.0,1400.0,1400.0,37821300.0
2023-04-05 09:00:00+00:00,1400.0,1450.0,1385.0,1385.0,42961600.0
2023-04-06 09:00:00+00:00,1390.0,1430.0,1340.0,1415.0,51999700.0
2023-04-10 09:00:00+00:00,1415.0,1440.0,1360.0,1365.0,19592500.0
2023-04-11 09:00:00+00:00,1385.0,1385.0,1325.0,1330.0,30253200.0
2023-04-12 09:00:00+00:00,1330.0,1405.0,1330.0,1370.0,27369700.0
2023-04-13 09:00:00+00:00,1375.0,1390.0,1305.0,1390.0,50907000.0
2023-04-14 09:00:00+00:00,1390.0,1455.0,1390.0,1430.0,39935600.0
2023-04-17 09:00:00+00:00,1430.0,1475.0,1420.0,1465.0,30322200.0
2023-04-18 09:00:00+00:00,1470.0,1475.0,1430.0,1430.0,30957800.0
2023-04-26 09:00:00+00:00,1400.0,1495.0,1400.0,1410.0,35218700.0
2023-04-27 09:00:00+00:00,1410.0,1410.0,1365.0,1370.0,17790300.0
2023-04-28 09:00:00+00:00,1385.0,1385.0,1350.0,1370.0,20381100.0
2023-05-02 09:00:00+00:00,1390.0,1490.0,1390.0,1410.0,66933000.0
2023-05-03 09:00:00+00:00,1410.0,1460.0,1365.0,1455.0,35764300.0
2023-05-04 09:00:00+00:00,1455.0,1485.0,1435.0,1460.0,25336400.0
2023-05-05 09:00:00+00:00,1460.0,1480.0,1450.0,1465.0,17890900.0
2023-05-08 09:00:00+00:00,1465.0,1540.0,1455.0,1500.0,39248300.0
2023-05-09 09:00:00+00:00,1520.0,1630.0,1500.0,1595.0,65958200.0
2023-05-10 09:00:00+00:00,1595.0,1635.0,1565.0,1575.0,42558200.0
2023-05-11 09:00:00+00:00,1575.0,1700.0,1550.0,1670.0,54382100.0
2023-05-12 09:00:00+00:00,1670.0,1710.0,1665.0,1665.0,16035600.0
2023-05-15 09:00:00+00:00,1665.0,1730.0,1660.0,1730.0,14125200.0
2023-05-16 09:00:00+00:00,1730.0,1740.0,1675.0,1700.0,40477700.0
2023-05-17 09:00:00+00:00,1720.0,1775.0,1695.0,1705.0,37946600.0
2023-05-19 09:00:00+00:00,1705.0,1735.0,1670.0,1675.0,23580500.0
2023-05-22 09:00:00+00:00,1675.0,1705.0,1625.0,1655.0,28097500.0
2023-05-23 09:00:00+00:00,1655.0,1790.0,1655.0,1770.0,27497600.0
2023-05-24 09:00:00+00:00,1790.0,1790.0,1705.0,1760.0,24471200.0
2023-05-25 09:00:00+00:00,1760.0,1865.0,1750.0,1830.0,25398600.0
2023-05-26 09:00:00+00:00,1800.0,1830.0,1790.0,1830.0,9103100.0
2023-05-29 09:00:00+00:00,1830.0,1830.0,1770.0,1825.0,10735400.0
2023-05-30 09:00:00+00:00,1825.0,1845.0,1805.0,1805.0,7095600.0
2023-05-31 09:00:00+00:00,1805.0,1855.0,1755.0,1775.0,35776100.0
2023-06-05 09:00:00+00:00,1775.0,1790.0,1730.0,1770.0,24765800.0
2023-06-06 09:00:00+00:00,1775.0,1815.0,1750.0,1800.0,23240600.0
2023-06-07 09:00:00+00:00,1805.0,1925.0,1785.0,1880.0,18806900.0
2023-06-08 09:00:00+00:00,1880.0,1900.0,1850.0,1875.0,14633600.0
2023-06-09 09:00:00+00:00,1875.0,1940.0,1850.0,1900.0,13208500.0
2023-06-12 09:00:00+00:00,1900.0,1925.0,1860.0,1885.0,10560600.0
2023-06-13 09:00:00+00:00,1880.0,1885.0,1820.0,1850.0,12344000.0
2023-06-14 09:00:00+00:00,1850.0,1850.0,1800.0,1805.0,18964300.0
2023-06-15 09:00:00+00:00,1850.0,1855.0,1810.0,1815.0,15664700.0
2023-06-16 09:00:00+00:00,1815.0,1830.0,1765.0,1800.0,30639100.0
2023-06-19 09:00:00+00:00,1800.0,1805.0,1750.0,1750.0,18321000.0
2023-06-20 09:00:00+00:00,1750.0,1750.0,1655.0,1695.0,42016900.0
2023-06-21 09:00:00+00:00,1695.0,1745.0,1680.0,1740.0,32598800.0
2023-06-22 09:00:00+00:00,1750.0,1765.0,1685.0,1685.0,28869700.0
2023-06-23 09:00:00+00:00,1695.0,1715.0,1675.0,1705.0,10620000.0
2023-06-26 09:00:00+00:00,1705.0,1730.0,1690.0,1690.0,8873600.0
2023-06-27 09:00:00+00:00,1700.0,1700.0,1640.0,1690.0,21173100.0
2023-07-03 09:00:00+00:00,1690.0,1705.0,1660.0,1675.0,29520400.0
2023-07-04 09:00:00+00:00,1675.0,1740.0,1675.0,1715.0,20938600.0
2023-07-05 09:00:00+00:00,1715.0,1720.0,1680.0,1700.0,16839700.0
2023-07-06 09:00:00+00:00,1700.0,1815.0,1695.0,1810.0,38111800.0
2023-07-07 09:00:00+00:00,1810.0,1825.0,1740.0,1760.0,25692400.0
2023-07-10 09:00:00+00:00,1760.0,1780.0,1745.0,1750.0,8565700.0
2023-07-11 09:00:00+00:00,1755.0,1805.0,1710.0,1805.0,13267900.0
2023-07-12 09:00:00+00:00,1810.0,1900.0,1785.0,1860.0,34212100.0
2023-07-13 09:00:00+00:00,1870.0,1880.0,1780.0,1785.0,29451400.0
2023-07-14 09:00:00+00:00,1790.0,1820.0,1785.0,1800.0,14128400.0
2023-07-17 09:00:00+00:00,1800.0,1855.0,1800.0,1835.0,14159800.0
2023-07-18 09:00:00+00:00,1835.0,1930.0,1835.0,1900.0,39633600.0
2023-07-20 09:00:00+00:00,1920.0,1995.0,1895.0,1985.0,40515600.0
2023-07-21 09:00:00+00:00,1985.0,2050.0,1925.0,1930.0,22866300.0
2023-07-24 09:00:00+00:00,1930.0,1965.0,1850.0,1915.0,28346700.0
2023-07-25 09:00:00+00:00,1930.0,1940.0,1890.0,1910.0,17566500.0
2023-07-26 09:00:00+00:00,1960.0,1970.0,1920.0,1925.0,21509900.0
2023-07-27 09:00:00+00:00,1920.0,2020.0,1920.0,2000.0,34307800.0
2023-07-28 09:00:00+00:00,2000.0,2030.0,1970.0,2020.0,19374100.0
2023-07-31 09:00:00+00:00,2050.0,2050.0,1975.0,1980.0,42687700.0
2023-08-01 09:00:00+00:00,1990.0,2030.0,1960.0,2030.0,27317700.0
2023-08-02 09:00:00+00:00,2030.0,2030.0,1970.0,1980.0,6305300.0
2023-08-03 09:00:00+00:00,2010.0,2010.0,1925.0,1930.0,15397600.0
2023-08-04 09:00:00+00:00,1935.0,1975.0,1925.0,1945.0,19543500.0
2023-08-07 09:00:00+00:00,1950.0,1970.0,1930.0,1935.0,10586400.0
2023-08-08 09:00:00+00:00,1935.0,1955.0,1920.0,1935.0,7795200.0
2023-08-09 09:00:00+00:00,1945.0,1970.0,1930.0,1945.0,10538100.0
2023-08-10 09:00:00+00:00,1945.0,1990.0,1930.0,1970.0,17778600.0
2023-08-11 09:00:00+00:00,1970.0,2030.0,1970.0,2030.0,17560600.0
2023-08-14 09:00:00+00:00,2030.0,2070.0,2000.0,2020.0,24324900.0
2023-08-15 09:00:00+00:00,2020.0,2020.0,1985.0,1995.0,12190600.0
2023-08-16 09:00:00+00:00,1995.0,1995.0,1925.0,1940.0,25646700.0
2023-08-18 09:00:00+00:00,1945.0,1975.0,1875.0,1910.0,27694900.0
2023-08-21 09:00:00+00:00,1910.0,1910.0,1860.0,1885.0,16817500.0
2023-08-22 09:00:00+00:00,1895.0,1975.0,1895.0,1970.0,17018400.0
2023-08-23 09:00:00+00:00,1970.0,1995.0,1935.0,1995.0,16926300.0
2023-08-24 09:00:00+00:00,1995.0,2040.0,1955.0,1955.0,21960900.0
2023-08-25 09:00:00+00:00,1965.0,1995.0,1920.0,1970.0,11383400.0
2023-08-28 09:00:00+00:00,1975.0,2020.0,1945.0,2010.0,12268600.0
2023-08-29 09:00:00+00:00,2010.0,2020.0,1955.0,1960.0,7488600.0
2023-08-30 09:00:00+00:00,1965.0,1985.0,1950.0,1960.0,7660100.0
2023-08-31 09:00:00+00:00,1965.0,1975.0,1935.0,1935.0,16851200.0
2023-09-01 09:00:00+00:00,1940.0,1985.0,1940.0,1975.0,9812400.0
2023-09-04 09:00:00+00:00,1975.0,1985.0,1950.0,1980.0,2831400.0
2023-09-05 09:00:00+00:00,1990.0,1995.0,1950.0,1960.0,5086100.0
2023-09-06 09:00:00+00:00,1955.0,1955.0,1865.0,1900.0,30258800.0
2023-09-07 09:00:00+00:00,1900.0,1905.0,1815.0,1840.0,34617900.0
2023-09-08 09:00:00+00:00,1815.0,1870.0,1790.0,1840.0,31585200.0
2023-09-11 09:00:00+00:00,1850.0,1900.0,1830.0,1885.0,24728600.0
2023-09-12 09:00:00+00:00,1895.0,1900.0,1820.0,1850.0,20328400.0
2023-09-13 09:00:00+00:00,1850.0,1870.0,1830.0,1845.0,26612000.0
2023-09-14 09:00:00+00:00,1845.0,1860.0,1815.0,1825.0,20184500.0
2023-09-15 09:00:00+00:00,1835.0,1840.0,1800.0,1820.0,23397500.0
2023-09-18 09:00:00+00:00,1820.0,1820.0,1775.0,1795.0,30786400.0
2023-09-19 09:00:00+00:00,1795.0,1835.0,1790.0,1800.0,13447300.0
2023-09-20 09:00:00+00:00,1800.0,1845.0,1790.0,1825.0,23731600.0
2023-09-21 09:00:00+00:00,1825.0,1930.0,1805.0,1895.0,35359200.0
2023-09-22 09:00:00+00:00,1910.0,1915.0,1845.0,1875.0,15363300.0
2023-09-25 09:00:00+00:00,1875.0,1880.0,1815.0,1815.0,15906100.0
2023-09-26 09:00:00+00:00,1820.0,1865.0,1820.0,1850.0,20802600.0
2023-09-27 09:00:00+00:00,1870.0,1880.0,1745.0,1775.0,29649000.0
2023-09-29 09:00:00+00:00,1780.0,1850.0,1780.0,1820.0,35679200.0
2023-10-02 09:00:00+00:00,1820.0,1885.0,1820.0,1870.0,14806100.0
2023-10-03 09:00:00+00:00,1875.0,1950.0,1875.0,1950.0,22889400.0
2023-10-04 09:00:00+00:00,1950.0,1950.0,1900.0,1930.0,18348800.0
2023-10-05 09:00:00+00:00,1930.0,1950.0,1910.0,1915.0,10274600.0
2023-10-06 09:00:00+00:00,1920.0,1995.0,1920.0,1990.0,17640400.0
2023-10-09 09:00:00+00:00,1995.0,1995.0,1935.0,1960.0,14417500.0
2023-10-10 09:00:00+00:00,1970.0,2000.0,1945.0,1990.0,10750700.0
2023-10-11 09:00:00+00:00,1995.0,2020.0,1970.0,1980.0,32162500.0
2023-10-12 09:00:00+00:00,1990.0,1990.0,1930.0,1975.0,13143300.0
2023-10-13 09:00:00+00:00,1975.0,1990.0,1950.0,1965.0,5304400.0
2023-10-16 09:00:00+00:00,1950.0,1960.0,1880.0,1890.0,10918000.0
2023-10-17 09:00:00+00:00,1890.0,1915.0,1855.0,1855.0,14697200.0
2023-10-18 09:00:00+00:00,1865.0,1895.0,1810.0,1895.0,19965400.0
2023-10-19 09:00:00+00:00,1880.0,1880.0,1795.0,1855.0,29437800.0
2023-10-20 09:00:00+00:00,1855.0,1915.0,1835.0,1905.0,13274900.0
2023-10-23 09:00:00+00:00,1915.0,1930.0,1875.0,1920.0,18961300.0
2023-10-24 09:00:00+00:00,1920.0,1965.0,1880.0,1950.0,13550500.0
2023-10-25 09:00:00+00:00,1950.0,1970.0,1935.0,1955.0,12158500.0
2023-10-26 09:00:00+00:00,1950.0,1950.0,1830.0,1850.0,27082700.0
2023-10-27 09:00:00+00:00,1855.0,1865.0,1780.0,1825.0,26145700.0
2023-10-30 09:00:00+00:00,1820.0,1820.0,1750.0,1755.0,11524900.0
2023-10-31 09:00:00+00:00,1755.0,1755.0,1660.0,1735.0,64274300.0
2023-11-01 09:00:00+00:00,1725.0,1725.0,1580.0,1605.0,56943800.0
2023-11-02 09:00:00+00:00,1650.0,1745.0,1605.0,1710.0,56731100.0
2023-11-03 09:00:00+00:00,1710.0,1720.0,1640.0,1670.0,31480800.0
2023-11-06 09:00:00+00:00,1700.0,1705.0,1615.0,1685.0,40079000.0
2023-11-07 09:00:00+00:00,1685.0,1685.0,1560.0,1600.0,50369100.0
2023-11-08 09:00:00+00:00,1600.0,1670.0,1580.0,1655.0,42752800.0
2023-11-09 09:00:00+00:00,1655.0,1670.0,1610.0,1665.0,24526700.0
2023-11-10 09:00:00+00:00,1650.0,1710.0,1645.0,1685.0,12641200.0
2023-11-13 09:00:00+00:00,1685.0,1685.0,1600.0,1610.0,22845900.0
2023-11-14 09:00:00+00:00,1600.0,1645.0,1550.0,1590.0,79815000.0
2023-11-15 09:00:00+00:00,1615.0,1710.0,1605.0,1685.0,35796300.0
2023-11-16 09:00:00+00:00,1695.0,1695.0,1635.0,1640.0,11494600.0
2023-11-17 09:00:00+00:00,1640.0,1665.0,1615.0,1660.0,19626100.0
2023-11-20 09:00:00+00:00,1660.0,1675.0,1630.0,1650.0,5925200.0
2023-11-21 09:00:00+00:00,1650.0,1665.0,1635.0,1645.0,11456800.0
2023-11-22 09:00:00+00:00,1655.0,1680.0,1620.0,1675.0,10012200.0
2023-11-23 09:00:00+00:00,1675.0,1760.0,1665.0,1745.0,29725300.0
2023-11-24 09:00:00+00:00,1740.0,1800.0,1740.0,1785.0,38558000.0
2023-11-27 09:00:00+00:00,1800.0,1815.0,1765.0,1780.0,44670600.0
2023-11-28 09:00:00+00:00,1780.0,1795.0,1720.0,1735.0,38288300.0
2023-11-29 09:00:00+00:00,1735.0,1740.0,1710.0,1730.0,23619300.0
2023-11-30 09:00:00+00:00,1740.0,1765.0,1695.0,1745.0,43412800.0
2023-12-01 09:00:00+00:00,1720.0,1745.0,1700.0,1740.0,25295700.0
2023-12-04 09:00:00+00:00,1730.0,1735.0,1640.0,1670.0,41271300.0
2023-12-05 09:00:00+00:00,1655.0,1680.0,1625.0,1670.0,30088500.0
2023-12-06 09:00:00+00:00,1670.0,1690.0,1635.0,1640.0,7885200.0
2023-12-07 09:00:00+00:00,1640.0,1650.0,1605.0,1640.0,31730400.0
2023-12-08 09:00:00+00:00,1645.0,1680.0,1635.0,1660.0,14658600.0
2023-12-11 09:00:00+00:00,1650.0,1650.0,1595.0,1630.0,25437500.0
2023-12-12 09:00:00+00:00,1630.0,1630.0,1560.0,1615.0,67146800.0
2023-12-13 09:00:00+00:00,1625.0,1655.0,1600.0,1620.0,31925100.0
2023-12-14 09:00:00+00:00,1645.0,1725.0,1640.0,1720.0,17079100.0
2023-12-15 09:00:00+00:00,1710.0,1720.0,1655.0,1675.0,36768700.0
2023-12-18 09:00:00+00:00,1680.0,1685.0,1645.0,1675.0,23233000.0
2023-12-19 09:00:00+00:00,1675.0,1710.0,1665.0,1700.0,9982300.0
2023-12-20 09:00:00+00:00,1720.0,1740.0,1695.0,1715.0,12149300.0
2023-12-21 09:00:00+00:00,1715.0,1720.0,1690.0,1715.0,6287900.0
2023-12-22 09:00:00+00:00,1720.0,1785.0,1720.0,1765.0,15206000.0
2023-12-27 09:00:00+00:00,1765.0,1780.0,1740.0,1750.0,11891200.0
2023-12-28 09:00:00+00:00,1750.0,1775.0,1745.0,1765.0,3720300.0
2023-12-29 09:00:00+00:00,1765.0,1830.0,1765.0,1790.0,21942900.0
2024-01-02 09:00:00+00:00,1800.0,1985.0,1800.0,1895.0,34529100.0
2024-01-03 09:00:00+00:00,1905.0,1955.0,1880.0,1900.0,15823300.0
2024-01-04 09:00:00+00:00,1910.0,1930.0,1865.0,1885.0,20111500.0
2024-01-05 09:00:00+00:00,1885.0,1895.0,1785.0,1795.0,36929300.0
2024-01-08 09:00:00+00:00,1800.0,1810.0,1775.0,1775.0,17001700.0
2024-01-09 09:00:00+00:00,1780.0,1895.0,1780.0,1855.0,18559200.0
2024-01-10 09:00:00+00:00,1855.0,1925.0,1845.0,1855.0,29261600.0
2024-01-11 09:00:00+00:00,1860.0,1870.0,1830.0,1845.0,12444700.0
2024-01-12 09:00:00+00:00,1845.0,1855.0,1815.0,1820.0,15725900.0
2024-01-15 09:00:00+00:00,1830.0,1920.0,1830.0,1905.0,21995300.0
2024-01-16 09:00:00+00:00,1920.0,1995.0,1920.0,1940.0,70833900.0
2024-01-17 09:00:00+00:00,1940.0,1965.0,1885.0,1900.0,42351500.0
2024-01-18 09:00:00+00:00,1900.0,1945.0,1890.0,1920.0,7708700.0
2024-01-19 09:00:00+00:00,1920.0,1960.0,1905.0,1945.0,20694900.0
2024-01-22 09:00:00+00:00,1950.0,2030.0,1930.0,1970.0,25694300.0
2024-01-23 09:00:00+00:00,1975.0,2030.0,1960.0,1995.0,38670500.0
2024-01-24 09:00:00+00:00,2000.0,2010.0,1985.0,1995.0,26074700.0
2024-01-25 09:00:00+00:00,1990.0,1990.0,1925.0,1935.0,31783900.0
2024-01-26 09:00:00+00:00,1910.0,1915.0,1855.0,1875.0,23254300.0
2024-01-29 09:00:00+00:00,1875.0,1915.0,1875.0,1900.0,26623200.0
2024-01-30 09:00:00+00:00,1910.0,2030.0,1910.0,1970.0,33695900.0
2024-01-31 09:00:00+00:00,1990.0,2000.0,1955.0,1955.0,18285300.0
2024-02-01 09:00:00+00:00,1960.0,1980.0,1930.0,1960.0,5618400.0
2024-02-02 09:00:00+00:00,1965.0,1995.0,1965.0,1975.0,16196600.0
2024-02-05 09:00:00+00:00,1985.0,1995.0,1910.0,1930.0,22469400.0
2024-02-06 09:00:00+00:00,1930.0,1960.0,1925.0,1955.0,26011400.0
2024-02-07 09:00:00+00:00,1960.0,2010.0,1955.0,1975.0,18362600.0
2024-02-12 09:00:00+00:00,1980.0,1990.0,1955.0,1965.0,14913500.0
2024-02-13 09:00:00+00:00,1965.0,1970.0,1930.0,1970.0,22437200.0
2024-02-15 09:00:00+00:00,1980.0,2050.0,1970.0,2000.0,43347200.0
2024-02-16 09:00:00+00:00,2000.0,2000.0,1930.0,1935.0,19899200.0
2024-02-19 09:00:00+00:00,1935.0,1955.0,1850.0,1900.0,27084600.0
2024-02-20 09:00:00+00:00,1900.0,1920.0,1875.0,1885.0,15026500.0
2024-02-21 09:00:00+00:00,1895.0,1930.0,1885.0,1930.0,17637900.0
2024-02-22 09:00:00+00:00,1950.0,1980.0,1935.0,1975.0,26649800.0
2024-02-23 09:00:00+00:00,1975.0,1975.0,1930.0,1955.0,11278000.0
2024-02-26 09:00:00+00:00,1950.0,1950.0,1910.0,1915.0,29847500.0
2024-02-27 09:00:00+00:00,1925.0,1945.0,1890.0,1920.0,28032800.0
2024-02-28 09:00:00+00:00,1930.0,1940.0,1915.0,1935.0,6907600.0
2024-02-29 09:00:00+00:00,1935.0,1935.0,1920.0,1920.0,15710000.0
2024-03-01 09:00:00+00:00,1930.0,1975.0,1925.0,1970.0,15412500.0
2024-03-04 09:00:00+00:00,1975.0,2030.0,1965.0,1990.0,33524300.0
2024-03-05 09:00:00+00:00,1990.0,1990.0,1965.0,1970.0,14502100.0
2024-03-06 09:00:00+00:00,1970.0,1980.0,1950.0,1975.0,12069700.0
2024-03-07 09:00:00+00:00,1955.0,1995.0,1955.0,1980.0,58365500.0
2024-03-08 09:00:00+00:00,1980.0,1985.0,1860.0,1885.0,43198400.0
2024-03-13 09:00:00+00:00,1915.0,1950.0,1865.0,1920.0,20973800.0
2024-03-14 09:00:00+00:00,1940.0,1960.0,1915.0,1935.0,13795100.0
2024-03-15 09:00:00+00:00,1940.0,1965.0,1930.0,1930.0,17251400.0
2024-03-18 09:00:00+00:00,1930.0,1940.0,1895.0,1905.0,20592700.0
2024-03-19 09:00:00+00:00,1905.0,1925.0,1825.0,1825.0,23164300.0
2024-03-20 09:00:00+00:00,1825.0,1840.0,1780.0,1815.0,67379800.0
2024-03-21 09:00:00+00:00,1815.0,1870.0,1805.0,1805.0,25791000.0
2024-03-22 09:00:00+00:00,1805.0,1820.0,1775.0,1815.0,17473300.0
2024-03-25 09:00:00+00:00,1835.0,1835.0,1805.0,1815.0,10974500.0
2024-03-26 09:00:00+00:00,1830.0,1830.0,1805.0,1825.0,7456800.0
2024-03-27 09:00:00+00:00,1825.0,1835.0,1790.0,1800.0,15995300.0
2024-03-28 09:00:00+00:00,1805.0,1820.0,1790.0,1820.0,14713500.0
2024-04-01 09:00:00+00:00,1815.0,1860.0,1815.0,1840.0,22654300.0
2024-04-02 09:00:00+00:00,1865.0,1910.0,1860.0,1895.0,45690500.0
2024-04-03 09:00:00+00:00,1900.0,1905.0,1840.0,1860.0,20691100.0
2024-04-04 09:00:00+00:00,1880.0,1910.0,1855.0,1900.0,43197800.0
2024-04-05 09:00:00+00:00,1900.0,1925.0,1885.0,1890.0,23998800.0
2024-04-16 09:00:00+00:00,1830.0,1835.0,1805.0,1810.0,26434400.0
2024-04-17 09:00:00+00:00,1815.0,1840.0,1790.0,1795.0,19115300.0
2024-04-18 09:00:00+00:00,1800.0,1830.0,1770.0,1775.0,24298100.0
2024-04-19 09:00:00+00:00,1770.0,1775.0,1655.0,1695.0,51884700.0
2024-04-22 09:00:00+00:00,1720.0,1745.0,1615.0,1675.0,32340200.0
2024-04-23 09:00:00+00:00,1685.0,1690.0,1620.0,1635.0,18528400.0
2024-04-24 09:00:00+00:00,1650.0,1700.0,1650.0,1675.0,24302800.0
2024-04-25 09:00:00+00:00,1680.0,1680.0,1625.0,1635.0,24119600.0
2024-04-26 09:00:00+00:00,1635.0,1660.0,1530.0,1555.0,31714100.0
2024-04-29 09:00:00+00:00,1555.0,1675.0,1530.0,1655.0,24079300.0
2024-04-30 09:00:00+00:00,1665.0,1665.0,1570.0,1575.0,42145900.0
2024-05-02 09:00:00+00:00,1575.0,1575.0,1400.0,1440.0,110233100.0
2024-05-03 09:00:00+00:00,1450.0,1510.0,1430.0,1485.0,45340400.0
2024-05-06 09:00:00+00:00,1490.0,1495.0,1430.0,1445.0,30352000.0
2024-05-07 09:00:00+00:00,1450.0,1460.0,1405.0,1405.0,41499000.0
2024-05-08 09:00:00+00:00,1410.0,1525.0,1405.0,1495.0,36459200.0
2024-05-13 09:00:00+00:00,1490.0,1540.0,1450.0,1525.0,23903800.0
2024-05-14 09:00:00+00:00,1530.0,1530.0,1475.0,1510.0,15866600.0
2024-05-15 09:00:00+00:00,1510.0,1515.0,1480.0,1510.0,11272100.0
2024-05-16 09:00:00+00:00,1520.0,1520.0,1480.0,1485.0,32122900.0
2024-05-17 09:00:00+00:00,1475.0,1505.0,1455.0,1490.0,18362400.0
2024-05-20 09:00:00+00:00,1500.0,1500.0,1465.0,1485.0,34397000.0
2024-05-21 09:00:00+00:00,1495.0,1495.0,1405.0,1405.0,20555800.0
2024-05-22 09:00:00+00:00,1420.0,1430.0,1390.0,1390.0,22303300.0
2024-05-27 09:00:00+00:00,1390.0,1400.0,1335.0,1345.0,53033400.0
2024-05-28 09:00:00+00:00,1350.0,1355.0,1315.0,1345.0,39829400.0
2024-05-29 09:00:00+00:00,1350.0,1350.0,1285.0,1300.0,21644700.0
2024-05-30 09:00:00+00:00,1300.0,1310.0,1270.0,1295.0,43633000.0
2024-05-31 09:00:00+00:00,1295.0,1315.0,1240.0,1270.0,45469100.0
2024-06-03 09:00:00+00:00,1285.0,1380.0,1285.0,1350.0,26364900.0
2024-06-04 09:00:00+00:00,1360.0,1470.0,1350.0,1450.0,50850400.0
2024-06-05 09:00:00+00:00,1460.0,1510.0,1455.0,1500.0,51555700.0
2024-06-06 09:00:00+00:00,1510.0,1515.0,1455.0,1465.0,23648700.0
2024-06-07 09:00:00+00:00,1470.0,1500.0,1470.0,1475.0,15017900.0
2024-06-10 09:00:00+00:00,1475.0,1485.0,1385.0,1420.0,22121500.0
2024-06-11 09:00:00+00:00,1420.0,1445.0,1375.0,1405.0,24339800.0
2024-06-12 09:00:00+00:00,1405.0,1435.0,1395.0,1415.0,5147900.0
2024-06-13 09:00:00+00:00,1425.0,1485.0,1425.0,1470.0,11314700.0
2024-06-14 09:00:00+00:00,1480.0,1495.0,1340.0,1470.0,22683700.0
2024-06-19 09:00:00+00:00,1435.0,1435.0,1350.0,1365.0,16298400.0
2024-06-20 09:00:00+00:00,1365.0,1410.0,1320.0,1375.0,15804500.0
2024-06-21 09:00:00+00:00,1335.0,1440.0,1335.0,1430.0,19567300.0
2024-06-24 09:00:00+00:00,1450.0,1455.0,1395.0,1415.0,12069100.0
2024-06-25 09:00:00+00:00,1395.0,1430.0,1370.0,1400.0,16890800.0
2024-06-26 09:00:00+00:00,1425.0,1425.0,1370.0,1405.0,21884100.0
2024-06-27 09:00:00+00:00,1410.0,1495.0,1410.0,1485.0,31570900.0
2024-06-28 09:00:00+00:00,1490.0,1525.0,1475.0,1475.0,28630800.0
2024-07-01 09:00:00+00:00,1480.0,1495.0,1435.0,1435.0,9890700.0
2024-07-02 09:00:00+00:00,1435.0,1475.0,1435.0,1455.0,27559400.0
2024-07-03 09:00:00+00:00,1455.0,1475.0,1390.0,1420.0,41161800.0
2024-07-04 09:00:00+00:00,1420.0,1420.0,1395.0,1400.0,19331900.0
2024-07-05 09:00:00+00:00,1405.0,1410.0,1390.0,1400.0,16959000.0
2024-07-08 09:00:00+00:00,1400.0,1405.0,1390.0,1400.0,11367000.0
2024-07-09 09:00:00+00:00,1400.0,1415.0,1385.0,1405.0,38379200.0
2024-07-10 09:00:00+00:00,1410.0,1420.0,1400.0,1405.0,7339900.0
2024-07-11 09:00:00+00:00,1405.0,1405.0,1390.0,1400.0,8804900.0
2024-07-12 09:00:00+00:00,1400.0,1400.0,1370.0,1385.0,19291900.0
2024-07-15 09:00:00+00:00,1385.0,1395.0,1335.0,1335.0,12414600.0
2024-07-16 09:00:00+00:00,1335.0,1425.0,1335.0,1410.0,29218900.0
2024-07-17 09:00:00+00:00,1410.0,1440.0,1410.0,1410.0,18954000.0
2024-07-18 09:00:00+00:00,1410.0,1415.0,1385.0,1400.0,8523200.0
2024-07-19 09:00:00+00:00,1400.0,1400.0,1375.0,1385.0,6402300.0
2024-07-22 09:00:00+00:00,1385.0,1390.0,1365.0,1370.0,16825700.0
2024-07-23 09:00:00+00:00,1375.0,1385.0,1360.0,1375.0,5893100.0
2024-07-24 09:00:00+00:00,1380.0,1385.0,1335.0,1345.0,14026200.0
2024-07-25 09:00:00+00:00,1345.0,1385.0,1310.0,1375.0,19073700.0
2024-07-26 09:00:00+00:00,1375.0,1395.0,1370.0,1375.0,15257600.0
2024-07-29 09:00:00+00:00,1385.0,1405.0,1370.0,1380.0,20692800.0
2024-07-30 09:00:00+00:00,1390.0,1465.0,1375.0,1445.0,48227800.0
2024-07-31 09:00:00+00:00,1450.0,1460.0,1410.0,1450.0,53129700.0
2024-08-01 09:00:00+00:00,1450.0,1450.0,1390.0,1400.0,53850700.0
2024-08-02 09:00:00+00:00,1400.0,1490.0,1390.0,1460.0,47314100.0
2024-08-05 09:00:00+00:00,1445.0,1445.0,1385.0,1430.0,25954100.0
2024-08-06 09:00:00+00:00,1430.0,1460.0,1410.0,1425.0,18614100.0
2024-08-07 09:00:00+00:00,1440.0,1465.0,1405.0,1430.0,19062200.0
2024-08-08 09:00:00+00:00,1420.0,1440.0,1405.0,1405.0,13098600.0
2024-08-09 09:00:00+00:00,1410.0,1435.0,1400.0,1415.0,5810100.0
2024-08-12 09:00:00+00:00,1415.0,1415.0,1395.0,1400.0,16202900.0
2024-08-13 09:00:00+00:00,1400.0,1460.0,1400.0,1445.0,22183600.0
2024-08-14 09:00:00+00:00,1445.0,1500.0,1445.0,1465.0,23828900.0
2024-08-15 09:00:00+00:00,1465.0,1485.0,1435.0,1460.0,26540600.0
2024-08-16 09:00:00+00:00,1470.0,1480.0,1450.0,1450.0,6226700.0
2024-08-19 09:00:00+00:00,1445.0,1445.0,1415.0,1420.0,7898200.0
2024-08-20 09:00:00+00:00,1430.0,1535.0,1420.0,1520.0,58952500.0
2024-08-21 09:00:00+00:00,1520.0,1590.0,1500.0,1520.0,78761100.0
2024-08-22 09:00:00+00:00,1530.0,1530.0,1485.0,1520.0,21687500.0
2024-08-23 09:00:00+00:00,1530.0,1530.0,1500.0,1505.0,14571400.0
2024-08-26 09:00:00+00:00,1510.0,1515.0,1490.0,1500.0,18626300.0
2024-08-27 09:00:00+00:00,1505.0,1530.0,1485.0,1510.0,14907000.0
2024-08-28 09:00:00+00:00,1510.0,1540.0,1500.0,1520.0,11671700.0
2024-08-29 09:00:00+00:00,1520.0,1540.0,1505.0,1535.0,20181900.0
2024-08-30 09:00:00+00:00,1535.0,1540.0,1475.0,1495.0,22912200.0
2024-09-02 09:00:00+00:00,1500.0,1525.0,1490.0,1500.0,14344900.0
2024-09-03 09:00:00+00:00,1500.0,1510.0,1485.0,1500.0,17744300.0
2024-09-04 09:00:00+00:00,1490.0,1520.0,1455.0,1460.0,39441500.0
2024-09-05 09:00:00+00:00,1460.0,1515.0,1445.0,1515.0,28904100.0
2024-09-06 09:00:00+00:00,1515.0,1525.0,1490.0,1500.0,19725300.0
2024-09-09 09:00:00+00:00,1505.0,1510.0,1485.0,1505.0,8042400.0
2024-09-10 09:00:00+00:00,1510.0,1695.0,1510.0,1665.0,75424100.0
2024-09-11 09:00:00+00:00,1665.0,1725.0,1630.0,1670.0,40971300.0
2024-09-12 09:00:00+00:00,1685.0,1710.0,1680.0,1695.0,25647800.0
2024-09-13 09:00:00+00:00,1695.0,1705.0,1660.0,1660.0,16153800.0
2024-09-17 09:00:00+00:00,1675.0,1800.0,1675.0,1790.0,32014600.0
2024-09-18 09:00:00+00:00,1820.0,1890.0,1765.0,1800.0,53212900.0
2024-09-19 09:00:00+00:00,1805.0,1825.0,1770.0,1780.0,16677400.0
2024-09-20 09:00:00+00:00,1800.0,1850.0,1795.0,1850.0,65428000.0
2024-09-23 09:00:00+00:00,1800.0,1830.0,1795.0,1810.0,25089400.0
2024-09-24 09:00:00+00:00,1820.0,1835.0,1810.0,1820.0,17027300.0
2024-09-25 09:00:00+00:00,1800.0,1825.0,1765.0,1795.0,22042400.0
2024-09-26 09:00:00+00:00,1800.0,1805.0,1760.0,1785.0,14298700.0
2024-09-27 09:00:00+00:00,1790.0,1850.0,1780.0,1830.0,23452600.0
2024-09-30 09:00:00+00:00,1830.0,1830.0,1700.0,1760.0,39901300.0
2024-10-01 09:00:00+00:00,1760.0,1760.0,1675.0,1745.0,38860700.0
2024-10-02 09:00:00+00:00,1750.0,1750.0,1690.0,1730.0,37598600.0
2024-10-03 09:00:00+00:00,1740.0,1740.0,1690.0,1730.0,61652600.0
2024-10-04 09:00:00+00:00,1730.0,1735.0,1655.0,1655.0,26403400.0
2024-10-07 09:00:00+00:00,1665.0,1680.0,1640.0,1655.0,21502400.0
2024-10-08 09:00:00+00:00,1650.0,1770.0,1600.0,1750.0,28886200.0
2024-10-09 09:00:00+00:00,1760.0,1770.0,1695.0,1710.0,11366600.0
2024-10-10 09:00:00+00:00,1700.0,1750.0,1670.0,1695.0,14637600.0
2024-10-11 09:00:00+00:00,1695.0,1720.0,1680.0,1710.0,7530100.0
2024-10-14 09:00:00+00:00,1710.0,1735.0,1690.0,1720.0,10843400.0
2024-10-15 09:00:00+00:00,1720.0,1815.0,1710.0,1800.0,14490300.0
2024-10-16 09:00:00+00:00,1800.0,1815.0,1770.0,1795.0,15105500.0
2024-10-17 09:00:00+00:00,1800.0,1805.0,1770.0,1775.0,5621300.0
2024-10-18 09:00:00+00:00,1790.0,1790.0,1730.0,1750.0,11217000.0
2024-10-21 09:00:00+00:00,1755.0,1800.0,1725.0,1735.0,12007100.0
2024-10-22 09:00:00+00:00,1755.0,1775.0,1710.0,1765.0,7349600.0
2024-10-23 09:00:00+00:00,1765.0,1790.0,1740.0,1740.0,4148800.0
2024-10-24 09:00:00+00:00,1740.0,1745.0,1690.0,1735.0,14043200.0
2024-10-25 09:00:00+00:00,1735.0,1735.0,1690.0,1695.0,8303900.0
2024-10-28 09:00:00+00:00,1710.0,1750.0,1690.0,1700.0,20468800.0
2024-10-29 09:00:00+00:00,1710.0,1735.0,1650.0,1690.0,17578100.0
2024-10-30 09:00:00+00:00,1690.0,1710.0,1665.0,1670.0,11073800.0
2024-10-31 09:00:00+00:00,1660.0,1705.0,1575.0,1580.0,69339400.0
2024-11-01 09:00:00+00:00,1580.0,1655.0,1575.0,1605.0,56583700.0
2024-11-04 09:00:00+00:00,1605.0,1615.0,1540.0,1550.0,19174600.0
2024-11-05 09:00:00+00:00,1555.0,1560.0,1510.0,1555.0,30339800.0
2024-11-06 09:00:00+00:00,1555.0,1570.0,1435.0,1465.0,42872600.0
2024-11-07 09:00:00+00:00,1465.0,1485.0,1425.0,1445.0,41583100.0
2024-11-08 09:00:00+00:00,1470.0,1530.0,1445.0,1490.0,32482700.0
2024-11-11 09:00:00+00:00,1500.0,1500.0,1445.0,1470.0,13107900.0
2024-11-12 09:00:00+00:00,1470.0,1495.0,1450.0,1465.0,10330700.0
2024-11-13 09:00:00+00:00,1460.0,1485.0,1420.0,1425.0,14539300.0
2024-11-14 09:00:00+00:00,1435.0,1465.0,1395.0,1405.0,17181500.0
2024-11-15 09:00:00+00:00,1400.0,1415.0,1375.0,1380.0,9127600.0
2024-11-18 09:00:00+00:00,1395.0,1450.0,1395.0,1450.0,6776500.0
2024-11-19 09:00:00+00:00,1455.0,1595.0,1435.0,1585.0,34208700.0
2024-11-20 09:00:00+00:00,1585.0,1625.0,1555.0,1600.0,20743600.0
2024-11-21 09:00:00+00:00,1605.0,1615.0,1525.0,1550.0,10786700.0
2024-11-22 09:00:00+00:00,1550.0,1565.0,1500.0,1500.0,8466200.0
2024-11-25 09:00:00+00:00,1495.0,1530.0,1450.0,1460.0,25250000.0
2024-11-26 09:00:00+00:00,1470.0,1525.0,1470.0,1515.0,7702300.0
2024-11-28 09:00:00+00:00,1515.0,1540.0,1500.0,1500.0,9767400.0
2024-11-29 09:00:00+00:00,1500.0,1580.0,1490.0,1575.0,14456000.0
2024-12-02 09:00:00+00:00,1560.0,1560.0,1460.0,1460.0,10650400.0
2024-12-03 09:00:00+00:00,1465.0,1485.0,1420.0,1430.0,17304300.0
2024-12-04 09:00:00+00:00,1430.0,1470.0,1420.0,1435.0,12533400.0
2024-12-05 09:00:00+00:00,1450.0,1460.0,1415.0,1445.0,8443300.0
2024-12-06 09:00:00+00:00,1445.0,1445.0,1410.0,1415.0,8993000.0
2024-12-09 09:00:00+00:00,1415.0,1435.0,1385.0,1385.0,13968500.0
2024-12-10 09:00:00+00:00,1385.0,1425.0,1385.0,1405.0,15663500.0
2024-12-11 09:00:00+00:00,1405.0,1440.0,1400.0,1415.0,9153600.0
2024-12-12 09:00:00+00:00,1420.0,1465.0,1405.0,1455.0,17781000.0
2024-12-13 09:00:00+00:00,1460.0,1480.0,1435.0,1445.0,12350600.0
2024-12-16 09:00:00+00:00,1445.0,1445.0,1385.0,1390.0,10041500.0
2024-12-17 09:00:00+00:00,1390.0,1405.0,1350.0,1360.0,10090900.0
2024-12-18 09:00:00+00:00,1370.0,1435.0,1360.0,1390.0,16295900.0
2024-12-19 09:00:00+00:00,1375.0,1375.0,1320.0,1330.0,12158300.0
2024-12-20 09:00:00+00:00,1330.0,1385.0,1330.0,1370.0,6726100.0
2024-12-23 09:00:00+00:00,1375.0,1400.0,1355.0,1370.0,17695700.0
2024-12-24 09:00:00+00:00,1370.0,1440.0,1365.0,1410.0,16488600.0
2024-12-27 09:00:00+00:00,1410.0,1410.0,1350.0,1350.0,9986000.0
2024-12-30 09:00:00+00:00,1350.0,1410.0,1330.0,1410.0,23034800.0
2025-01-02 09:00:00+00:00,1410.0,1410.0,1355.0,1360.0,7525100.0
2025-01-03 09:00:00+00:00,1370.0,1375.0,1345.0,1345.0,9256300.0
2025-01-06 09:00:00+00:00,1345.0,1385.0,1345.0,1360.0,14025400.0
2025-01-07 09:00:00+00:00,1375.0,1385.0,1350.0,1370.0,7093700.0
2025-01-08 09:00:00+00:00,1370.0,1380.0,1355.0,1360.0,11772200.0
2025-01-09 09:00:00+00:00,1355.0,1385.0,1350.0,1365.0,7213600.0
2025-01-10 09:00:00+00:00,1370.0,1385.0,1340.0,1345.0,5657800.0
2025-01-13 09:00:00+00:00,1340.0,1360.0,1330.0,1340.0,8875000.0
2025-01-14 09:00:00+00:00,1345.0,1355.0,1330.0,1330.0,5033500.0
2025-01-15 09:00:00+00:00,1340.0,1390.0,1340.0,1370.0,7804800.0
2025-01-16 09:00:00+00:00,1370.0,1385.0,1345.0,1360.0,19360400.0
2025-01-17 09:00:00+00:00,1360.0,1370.0,1350.0,1370.0,15349800.0
2025-01-20 09:00:00+00:00,1370.0,1400.0,1350.0,1355.0,19475100.0
2025-01-21 09:00:00+00:00,1375.0,1375.0,1320.0,1325.0,12417900.0
2025-01-22 09:00:00+00:00,1345.0,1375.0,1345.0,1355.0,18433800.0
2025-01-23 09:00:00+00:00,1355.0,1375.0,1355.0,1365.0,5038800.0
2025-01-24 09:00:00+00:00,1365.0,1370.0,1335.0,1335.0,8457700.0
2025-01-30 09:00:00+00:00,1355.0,1370.0,1340.0,1340.0,5591200.0
2025-01-31 09:00:00+00:00,1340.0,1345.0,1285.0,1285.0,14989200.0
2025-02-03 09:00:00+00:00,1290.0,1310.0,1270.0,1280.0,5620300.0
2025-02-04 09:00:00+00:00,1275.0,1285.0,1240.0,1250.0,16101300.0
2025-02-05 09:00:00+00:00,1255.0,1260.0,1155.0,1190.0,31856500.0
2025-02-06 09:00:00+00:00,1215.0,1275.0,1200.0,1250.0,19030800.0
2025-02-07 09:00:00+00:00,1260.0,1315.0,1255.0,1300.0,13074500.0
2025-02-10 09:00:00+00:00,1300.0,1320.0,1285.0,1300.0,14456100.0
2025-02-11 09:00:00+00:00,1300.0,1305.0,1250.0,1275.0,9834000.0
2025-02-12 09:00:00+00:00,1275.0,1305.0,1250.0,1280.0,7118100.0
2025-02-13 09:00:00+00:00,1280.0,1310.0,1260.0,1295.0,7168100.0
2025-02-14 09:00:00+00:00,1300.0,1310.0,1200.0,1210.0,19393300.0
2025-02-17 09:00:00+00:00,1210.0,1230.0,1180.0,1210.0,13438700.0
2025-02-18 09:00:00+00:00,1220.0,1415.0,1215.0,1390.0,29989500.0
2025-02-19 09:00:00+00:00,1400.0,1410.0,1345.0,1380.0,17540400.0
2025-02-20 09:00:00+00:00,1380.0,1390.0,1350.0,1390.0,13034400.0
2025-02-21 09:00:00+00:00,1400.0,1480.0,1395.0,1430.0,37335200.0
2025-02-24 09:00:00+00:00,1430.0,1505.0,1430.0,1480.0,18252300.0
2025-02-25 09:00:00+00:00,1480.0,1495.0,1445.0,1450.0,25615000.0
2025-02-26 09:00:00+00:00,1460.0,1500.0,1450.0,1465.0,28221100.0
2025-02-27 09:00:00+00:00,1475.0,1520.0,1445.0,1460.0,17473600.0
2025-02-28 09:00:00+00:00,1450.0,1455.0,1400.0,1435.0,26263800.0
2025-03-03 09:00:00+00:00,1410.0,1440.0,1370.0,1420.0,27816600.0
2025-03-04 09:00:00+00:00,1410.0,1420.0,1350.0,1380.0,29345100.0
2025-03-05 09:00:00+00:00,1380.0,1440.0,1370.0,1425.0,20774500.0
2025-03-06 09:00:00+00:00,1450.0,1495.0,1435.0,1435.0,8865500.0
2025-03-07 09:00:00+00:00,1435.0,1510.0,1435.0,1455.0,13530300.0
2025-03-10 09:00:00+00:00,1455.0,1490.0,1440.0,1480.0,8945800.0
2025-03-11 09:00:00+00:00,1480.0,1495.0,1420.0,1465.0,11282000.0
2025-03-12 09:00:00+00:00,1470.0,1595.0,1470.0,1560.0,19075300.0
2025-03-13 09:00:00+00:00,1560.0,1560.0,1485.0,1495.0,17884300.0
2025-03-14 09:00:00+00:00,1490.0,1510.0,1445.0,1500.0,6231900.0
2025-03-17 09:00:00+00:00,1500.0,1525.0,1460.0,1460.0,17728000.0
2025-03-18 09:00:00+00:00,1460.0,1480.0,1280.0,1340.0,69490700.0
2025-03-19 09:00:00+00:00,1340.0,1360.0,1300.0,1330.0,14459800.0
2025-03-20 09:00:00+00:00,1330.0,1330.0,1265.0,1285.0,26715200.0
2025-03-21 09:00:00+00:00,1300.0,1315.0,1245.0,1250.0,58155900.0
2025-03-24 09:00:00+00:00,1250.0,1295.0,1250.0,1260.0,53474500.0
2025-03-25 09:00:00+00:00,1260.0,1340.0,1225.0,1305.0,67928000.0
2025-03-26 09:00:00+00:00,1315.0,1370.0,1285.0,1325.0,18994500.0
2025-03-27 09:00:00+00:00,1310.0,1390.0,1260.0,1350.0,41919100.0
2025-04-08 09:00:00+00:00,1240.0,1270.0,1150.0,1150.0,36840000.0
2025-04-09 09:00:00+00:00,1150.0,1170.0,1075.0,1100.0,48300400.0
2025-04-10 09:00:00+00:00,1205.0,1315.0,1205.0,1275.0,68921600.0
2025-04-11 09:00:00+00:00,1250.0,1310.0,1240.0,1305.0,12626700.0
2025-04-14 09:00:00+00:00,1310.0,1400.0,1310.0,1360.0,16860000.0
2025-04-15 09:00:00+00:00,1385.0,1385.0,1325.0,1365.0,13035100.0
2025-04-16 09:00:00+00:00,1365.0,1390.0,1350.0,1365.0,14883700.0
2025-04-17 09:00:00+00:00,1365.0,1410.0,1350.0,1370.0,13626500.0
2025-04-21 09:00:00+00:00,1370.0,1395.0,1360.0,1380.0,9356700.0
2025-04-22 09:00:00+00:00,1380.0,1400.0,1370.0,1380.0,6497200.0
2025-04-23 09:00:00+00:00,1395.0,1430.0,1330.0,1355.0,24904900.0
2025-04-24 09:00:00+00:00,1350.0,1350.0,1285.0,1335.0,53882000.0
2025-04-25 09:00:00+00:00,1335.0,1375.0,1310.0,1345.0,39608800.0
2025-04-28 09:00:00+00:00,1345.0,1370.0,1320.0,1345.0,9646600.0
2025-04-29 09:00:00+00:00,1345.0,1375.0,1340.0,1355.0,10196100.0
2025-04-30 09:00:00+00:00,1380.0,1380.0,1345.0,1365.0,24166800.0
2025-05-02 09:00:00+00:00,1365.0,1365.0,1330.0,1335.0,12734400.0
2025-05-05 09:00:00+00:00,1355.0,1360.0,1330.0,1335.0,19217600.0
2025-05-06 09:00:00+00:00,1335.0,1365.0,1320.0,1350.0,35223600.0
2025-05-07 09:00:00+00:00,1360.0,1405.0,1355.0,1360.0,41289100.0
2025-05-08 09:00:00+00:00,1360.0,1365.0,1335.0,1340.0,24401800.0
2025-05-09 09:00:00+00:00,1340.0,1355.0,1305.0,1310.0,11374000.0
2025-05-14 09:00:00+00:00,1315.0,1395.0,1310.0,1350.0,69589100.0
2025-05-15 09:00:00+00:00,1345.0,1355.0,1275.0,1310.0,71471200.0
2025-05-16 09:00:00+00:00,1330.0,1360.0,1290.0,1340.0,54434700.0
2025-05-19 09:00:00+00:00,1340.0,1355.0,1305.0,1320.0,27696400.0
2025-05-20 09:00:00+00:00,1325.0,1325.0,1290.0,1295.0,19074300.0
2025-05-21 09:00:00+00:00,1300.0,1335.0,1260.0,1305.0,46061900.0
2025-05-22 09:00:00+00:00,1305.0,1360.0,1305.0,1350.0,28738900.0
2025-05-23 09:00:00+00:00,1340.0,1355.0,1340.0,1340.0,11740800.0
2025-05-26 09:00:00+00:00,1345.0,1350.0,1300.0,1305.0,23227900.0
2025-05-27 09:00:00+00:00,1305.0,1410.0,1300.0,1350.0,65462600.0
2025-05-28 09:00:00+00:00,1350.0,1360.0,1300.0,1300.0,30529500.0
2025-06-02 09:00:00+00:00,1305.0,1330.0,1265.0,1285.0,18221900.0
2025-06-03 09:00:00+00:00,1310.0,1310.0,1265.0,1270.0,8776600.0
2025-06-04 09:00:00+00:00,1270.0,1295.0,1270.0,1270.0,4595700.0
2025-06-05 09:00:00+00:00,1280.0,1280.0,1240.0,1260.0,13913300.0
2025-06-10 09:00:00+00:00,1260.0,1290.0,1250.0,1280.0,11160100.0
2025-06-11 09:00:00+00:00,1290.0,1290.0,1260.0,1260.0,4579800.0
2025-06-12 09:00:00+00:00,1265.0,1270.0,1250.0,1265.0,7699400.0
2025-06-13 09:00:00+00:00,1270.0,1270.0,1225.0,1260.0,38371100.0
2025-06-16 09:00:00+00:00,1260.0,1260.0,1210.0,1210.0,11182000.0
2025-06-17 09:00:00+00:00,1220.0,1235.0,1210.0,1225.0,5729200.0
2025-06-18 09:00:00+00:00,1225.0,1250.0,1185.0,1245.0,15420400.0
2025-06-19 09:00:00+00:00,1250.0,1250.0,1170.0,1185.0,17543300.0
2025-06-20 09:00:00+00:00,1185.0,1190.0,1150.0,1170.0,43227100.0
2025-06-23 09:00:00+00:00,1150.0,1160.0,1080.0,1095.0,23219500.0
2025-06-24 09:00:00+00:00,1120.0,1180.0,1120.0,1155.0,31690200.0
2025-06-25 09:00:00+00:00,1160.0,1165.0,1105.0,1110.0,15712800.0
2025-06-26 09:00:00+00:00,1110.0,1135.0,1100.0,1125.0,8197100.0
2025-06-30 09:00:00+00:00,1170.0,1215.0,1135.0,1180.0,26310400.0
2025-07-01 09:00:00+00:00,1220.0,1260.0,1190.0,1220.0,21758900.0
2025-07-02 09:00:00+00:00,1220.0,1250.0,1180.0,1250.0,13914300.0
2025-07-03 09:00:00+00:00,1250.0,1250.0,1220.0,1235.0,10357000.0
2025-07-04 09:00:00+00:00,1235.0,1265.0,1205.0,1240.0,8495700.0
2025-07-07 09:00:00+00:00,1230.0,1300.0,1225.0,1250.0,22206900.0
2025-07-08 09:00:00+00:00,1250.0,1250.0,1200.0,1230.0,11331500.0
2025-07-09 09:00:00+00:00,1215.0,1245.0,1190.0,1240.0,14620200.0
2025-07-10 09:00:00+00:00,1240.0,1245.0,1185.0,1185.0,16146700.0
2025-07-11 09:00:00+00:00,1200.0,1210.0,1165.0,1205.0,31392300.0
2025-07-14 09:00:00+00:00,1220.0,1230.0,1165.0,1195.0,35873800.0
2025-07-15 09:00:00+00:00,1195.0,1225.0,1170.0,1220.0,32284200.0
2025-07-16 09:00:00+00:00,1220.0,1220.0,1185.0,1190.0,15965000.0
2025-07-17 09:00:00+00:00,1195.0,1210.0,1175.0,1185.0,32663700.0
2025-07-18 09:00:00+00:00,1185.0,1190.0,1125.0,1130.0,35986400.0
2025-07-21 09:00:00+00:00,1150.0,1160.0,1125.0,1140.0,14435400.0
2025-07-22 09:00:00+00:00,1140.0,1145.0,1100.0,1110.0,17668000.0
2025-07-23 09:00:00+00:00,1110.0,1165.0,1110.0,1155.0,29448300.0
2025-07-24 09:00:00+00:00,1160.0,1175.0,1130.0,1145.0,12422500.0
2025-07-25 09:00:00+00:00,1145.0,1170.0,1130.0,1160.0,14141600.0
2025-07-28 09:00:00+00:00,1165.0,1170.0,1115.0,1125.0,11526600.0
2025-07-29 09:00:00+00:00,1130.0,1140.0,1105.0,1120.0,17353700.0
2025-07-30 09:00:00+00:00,1120.0,1125.0,1100.0,1110.0,10205400.0
2025-07-31 09:00:00+00:00,1125.0,1215.0,1125.0,1175.0,80492200.0
2025-08-01 09:00:00+00:00,1190.0,1220.0,1180.0,1205.0,29838100.0
2025-08-04 09:00:00+00:00,1200.0,1205.0,1150.0,1165.0,22575900.0
2025-08-05 09:00:00+00:00,1165.0,1195.0,1150.0,1150.0,14545500.0
2025-08-06 09:00:00+00:00,1170.0,1210.0,1160.0,1185.0,16649700.0
2025-08-07 09:00:00+00:00,1185.0,1225.0,1185.0,1215.0,18870500.0
2025-08-08 09:00:00+00:00,1220.0,1220.0,1185.0,1200.0,9874500.0
2025-08-11 09:00:00+00:00,1205.0,1220.0,1175.0,1215.0,10649100.0
2025-08-12 09:00:00+00:00,1215.0,1245.0,1195.0,1200.0,13604300.0
2025-08-13 09:00:00+00:00,1210.0,1270.0,1195.0,1250.0,47567400.0
2025-08-14 09:00:00+00:00,1280.0,1340.0,1255.0,1320.0,62217900.0
2025-08-15 09:00:00+00:00,1320.0,1360.0,1285.0,1360.0,43139400.0
2025-08-19 09:00:00+00:00,1360.0,1365.0,1300.0,1320.0,24809700.0
2025-08-20 09:00:00+00:00,1320.0,1350.0,1260.0,1315.0,47327300.0
2025-08-21 09:00:00+00:00,1315.0,1340.0,1300.0,1330.0,16369600.0
2025-08-22 09:00:00+00:00,1340.0,1355.0,1305.0,1350.0,25536500.0
2025-08-25 09:00:00+00:00,1360.0,1375.0,1355.0,1355.0,9482600.0
2025-08-26 09:00:00+00:00,1355.0,1360.0,1315.0,1320.0,16952300.0
2025-08-27 09:00:00+00:00,1320.0,1320.0,1260.0,1265.0,14286700.0
2025-08-28 09:00:00+00:00,1250.0,1260.0,1235.0,1250.0,19477100.0
2025-08-29 09:00:00+00:00,1240.0,1245.0,1200.0,1205.0,16282500.0
2025-09-01 09:00:00+00:00,1170.0,1205.0,1130.0,1190.0,20559300.0
2025-09-02 09:00:00+00:00,1190.0,1200.0,1160.0,1180.0,30124200.0
2025-09-03 09:00:00+00:00,1180.0,1205.0,1165.0,1180.0,14389100.0
2025-09-04 09:00:00+00:00,1185.0,1195.0,1165.0,1170.0,6944300.0
2025-09-08 09:00:00+00:00,1170.0,1180.0,1140.0,1140.0,30368400.0
2025-09-09 09:00:00+00:00,1100.0,1125.0,1095.0,1120.0,46838000.0
2025-09-10 09:00:00+00:00,1115.0,1220.0,1110.0,1175.0,130195800.0
2025-09-11 09:00:00+00:00,1225.0,1240.0,1175.0,1175.0,63481700.0
2025-09-12 09:00:00+00:00,1190.0,1190.0,1165.0,1180.0,23768100.0
2025-09-15 09:00:00+00:00,1195.0,1205.0,1185.0,1200.0,24724700.0
2025-09-16 09:00:00+00:00,1205.0,1230.0,1185.0,1230.0,24737100.0
2025-09-17 09:00:00+00:00,1240.0,1285.0,1240.0,1270.0,33533300.0
2025-09-18 09:00:00+00:00,1275.0,1285.0,1220.0,1220.0,24551500.0
2025-09-19 09:00:00+00:00,1225.0,1225.0,1180.0,1205.0,26671100.0
2025-09-22 09:00:00+00:00,1195.0,1205.0,1165.0,1175.0,14825800.0
2025-09-23 09:00:00+00:00,1175.0,1185.0,1165.0,1165.0,14343000.0
2025-09-24 09:00:00+00:00,1165.0,1175.0,1125.0,1130.0,27844900.0
2025-09-25 09:00:00+00:00,1145.0,1150.0,1125.0,1135.0,40168800.0
2025-09-26 09:00:00+00:00,1135.0,1140.0,1125.0,1135.0,18047400.0
2025-09-29 09:00:00+00:00,1140.0,1165.0,1125.0,1140.0,17410000.0
2025-09-30 09:00:00+00:00,1150.0,1170.0,1125.0,1125.0,27472600.0
2025-10-01 09:00:00+00:00,1135.0,1155.0,1130.0,1140.0,16633700.0
2025-10-02 09:00:00+00:00,1140.0,1175.0,1140.0,1160.0,31273900.0
2025-10-03 09:00:00+00:00,1160.0,1170.0,1135.0,1155.0,15150700.0
2025-10-06 09:00:00+00:00,1155.0,1200.0,1150.0,1175.0,23872000.0
2025-10-07 09:00:00+00:00,1175.0,1210.0,1170.0,1175.0,19111500.0
2025-10-08 09:00:00+00:00,1180.0,1190.0,1150.0,1165.0,14483800.0
2025-10-09 09:00:00+00:00,1175.0,1200.0,1170.0,1180.0,12603700.0
2025-10-10 09:00:00+00:00,1190.0,1200.0,1170.0,1195.0,22551000.0
2025-10-13 09:00:00+00:00,1185.0,1200.0,1150.0,1180.0,24427500.0
2025-10-14 09:00:00+00:00,1190.0,1195.0,1150.0,1160.0,17901800.0
2025-10-15 09:00:00+00:00,1165.0,1170.0,1140.0,1150.0,20718000.0
2025-10-16 09:00:00+00:00,1160.0,1265.0,1155.0,1250.0,76109200.0
2025-10-17 09:00:00+00:00,1250.0,1290.0,1235.0,1265.0,55258200.0
2025-10-20 09:00:00+00:00,1275.0,1310.0,1240.0,1270.0,29498500.0
2025-10-21 09:00:00+00:00,1285.0,1290.0,1230.0,1240.0,19716400.0
2025-10-22 09:00:00+00:00,1240.0,1250.0,1215.0,1215.0,19847400.0
2025-10-23 09:00:00+00:00,1220.0,1270.0,1215.0,1240.0,38645500.0
2025-10-24 09:00:00+00:00,1245.0,1250.0,1185.0,1190.0,31377600.0
2025-10-27 09:00:00+00:00,1190.0,1205.0,1160.0,1185.0,33528100.0
2025-10-28 09:00:00+00:00,1200.0,1275.0,1190.0,1275.0,50230100.0
2025-10-29 09:00:00+00:00,1275.0,1305.0,1240.0,1290.0,39887500.0
2025-10-30 09:00:00+00:00,1290.0,1320.0,1265.0,1320.0,29769800.0
2025-10-31 09:00:00+00:00,1315.0,1320.0,1265.0,1290.0,38602500.0
2025-11-03 09:00:00+00:00,1320.0,1360.0,1310.0,1310.0,39950100.0
2025-11-04 09:00:00+00:00,1310.0,1330.0,1285.0,1320.0,18798800.0
2025-11-05 09:00:00+00:00,1320.0,1425.0,1300.0,1410.0,68055700.0
2025-11-06 09:00:00+00:00,1450.0,1495.0,1410.0,1440.0,82296500.0
2025-11-07 09:00:00+00:00,1440.0,1445.0,1385.0,1390.0,30503900.0
2025-11-10 09:00:00+00:00,1405.0,1420.0,1375.0,1420.0,12955400.0
2025-11-11 09:00:00+00:00,1420.0,1420.0,1325.0,1350.0,33732900.0
2025-11-12 09:00:00+00:00,1360.0,1370.0,1325.0,1340.0,14101900.0
2025-11-13 09:00:00+00:00,1345.0,1345.0,1305.0,1325.0,21116200.0
2025-11-14 09:00:00+00:00,1320.0,1320.0,1265.0,1300.0,25539500.0
2025-11-17 09:00:00+00:00,1320.0,1355.0,1305.0,1340.0,27974000.0
2025-11-18 09:00:00+00:00,1340.0,1350.0,1305.0,1320.0,18020600.0
2025-11-19 09:00:00+00:00,1320.0,1340.0,1320.0,1325.0,6630800.0
2025-11-20 09:00:00+00:00,1330.0,1350.0,1320.0,1320.0,12870600.0
2025-11-21 09:00:00+00:00,1320.0,1350.0,1295.0,1295.0,19141300.0
2025-11-24 09:00:00+00:00,1300.0,1325.0,1290.0,1300.0,16285700.0
2025-11-25 09:00:00+00:00,1310.0,1320.0,1285.0,1290.0,13710200.0
2025-11-26 09:00:00+00:00,1290.0,1295.0,1235.0,1245.0,30942500.0
2025-11-27 09:00:00+00:00,1245.0,1270.0,1225.0,1235.0,33267600.0
2025-11-28 09:00:00+00:00,1245.0,1245.0,1215.0,1230.0,17227300.0
2025-12-01 09:00:00+00:00,1230.0,1240.0,1195.0,1220.0,42572400.0
2025-12-02 09:00:00+00:00,1225.0,1230.0,1195.0,1220.0,19856200.0
2025-12-03 09:00:00+00:00,1220.0,1225.0,1200.0,1225.0,23830800.0
2025-12-04 09:00:00+00:00,1235.0,1265.0,1225.0,1265.0,28207400.0
2025-12-05 09:00:00+00:00,1265.0,1270.0,1225.0,1225.0,16229800.0
2025-12-08 09:00:00+00:00,1235.0,1245.0,1205.0,1215.0,16640800.0
2025-12-09 09:00:00+00:00,1215.0,1225.0,1180.0,1185.0,27125000.0
2025-12-10 09:00:00+00:00,1190.0,1210.0,1180.0,1190.0,12217500.0
2025-12-11 09:00:00+00:00,1195.0,1200.0,1145.0,1165.0,20885400.0
2025-12-12 09:00:00+00:00,1165.0,1195.0,1160.0,1190.0,19715100.0
2025-12-15 09:00:00+00:00,1195.0,1200.0,1165.0,1175.0,10523200.0
2025-12-16 09:00:00+00:00,1175.0,1180.0,1150.0,1155.0,18239300.0
2025-12-17 09:00:00+00:00,1170.0,1225.0,1165.0,1225.0,33072800.0
2025-12-18 09:00:00+00:00,1225.0,1225.0,1195.0,1195.0,13141700.0
2025-12-19 09:00:00+00:00,1210.0,1210.0,1180.0,1180.0,10032200.0
2025-12-22 09:00:00+00:00,1200.0,1220.0,1180.0,1205.0,15513600.0
2025-12-23 09:00:00+00:00,1210.0,1210.0,1175.0,1180.0,13355100.0
2025-12-24 09:00:00+00:00,1180.0,1190.0,1165.0,1190.0,10185600.0
2025-12-29 09:00:00+00:00,1190.0,1190.0,1175.0,1175.0,8720000.0
2025-12-30 09:00:00+00:00,1190.0,1195.0,1160.0,1165.0,12713500.0
2026-01-02 09:00:00+00:00,1180.0,1195.0,1170.0,1180.0,9808000.0
2026-01-05 09:00:00+00:00,1180.0,1195.0,1175.0,1185.0,9251300.0
2026-01-06 09:00:00+00:00,1190.0,1190.0,1160.0,1175.0,19166700.0
2026-01-07 09:00:00+00:00,1175.0,1180.0,1160.0,1170.0,25193300.0
2026-01-08 09:00:00+00:00,1170.0,1180.0,1140.0,1145.0,29741700.0
2026-01-09 09:00:00+00:00,1150.0,1155.0,1140.0,1145.0,17456100.0
2026-01-12 09:00:00+00:00,1155.0,1160.0,1145.0,1155.0,28989900.0
2026-01-13 09:00:00+00:00,1155.0,1165.0,1140.0,1150.0,37606900.0
2026-01-14 09:00:00+00:00,1150.0,1190.0,1150.0,1180.0,55938200.0
2026-01-15 09:00:00+00:00,1190.0,1205.0,1165.0,1180.0,32630300.0
2026-01-19 09:00:00+00:00,1180.0,1185.0,1160.0,1175.0,13978700.0
2026-01-20 09:00:00+00:00,1175.0,1215.0,1155.0,1200.0,36890400.0
2026-01-21 09:00:00+00:00,1205.0,1210.0,1165.0,1210.0,23691900.0
2026-01-22 09:00:00+00:00,1215.0,1275.0,1210.0,1265.0,46929800.0
2026-01-23 09:00:00+00:00,1275.0,1280.0,1225.0,1255.0,22020400.0
2026-01-26 09:00:00+00:00,1265.0,1275.0,1240.0,1275.0,16414300.0
2026-01-27 09:00:00+00:00,1275.0,1290.0,1240.0,1240.0,25468700.0
2026-01-28 09:00:00+00:00,1225.0,1245.0,1135.0,1175.0,65678100.0
2026-01-29 09:00:00+00:00,1150.0,1175.0,1000.0,1160.0,73477100.0
2026-01-30 09:00:00+00:00,1165.0,1215.0,1160.0,1185.0,32454400.0
2026-02-02 09:00:00+00:00,1220.0,1225.0,1180.0,1205.0,18614800.0
2026-02-03 09:00:00+00:00,1225.0,1225.0,1180.0,1225.0,13040500.0
2026-02-04 09:00:00+00:00,1225.0,1245.0,1215.0,1245.0,16377200.0
2026-02-05 09:00:00+00:00,1250.0,1255.0,1230.0,1235.0,8196700.0
2026-02-06 09:00:00+00:00,1220.0,1245.0,1200.0,1215.0,7200600.0
2026-02-09 09:00:00+00:00,1220.0,1225.0,1185.0,1200.0,7164800.0
2026-02-10 09:00:00+00:00,1200.0,1215.0,1195.0,1200.0,6668200.0
2026-02-11 09:00:00+00:00,1200.0,1340.0,1200.0,1330.0,45942100.0
2026-02-12 09:00:00+00:00,1330.0,1335.0,1285.0,1295.0,27145000.0
2026-02-13 09:00:00+00:00,1305.0,1330.0,1305.0,1325.0,30492200.0
2026-02-18 09:00:00+00:00,1325.0,1335.0,1285.0,1320.0,16086600.0
2026-02-19 09:00:00+00:00,1325.0,1350.0,1295.0,1330.0,20321200.0
2026-02-20 09:00:00+00:00,1340.0,1340.0,1300.0,1315.0,7711800.0
2026-02-23 09:00:00+00:00,1300.0,1405.0,1295.0,1360.0,45579900.0
2026-02-24 09:00:00+00:00,1355.0,1355.0,1300.0,1300.0,30829100.0
2026-02-25 09:00:00+00:00,1310.0,1350.0,1305.0,1320.0,21106600.0
2026-02-26 09:00:00+00:00,1310.0,1340.0,1295.0,1300.0,38806700.0
2026-02-27 09:00:00+00:00,1300.0,1355.0,1295.0,1340.0,27552200.0
2026-03-02 09:00:00+00:00,1300.0,1305.0,1200.0,1200.0,53133400.0
2026-03-03 09:00:00+00:00,1200.0,1250.0,1195.0,1215.0,24382700.0
2026-03-04 09:00:00+00:00,1215.0,1215.0,1135.0,1155.0,24520800.0
2026-03-05 09:00:00+00:00,1180.0,1215.0,1155.0,1175.0,13397400.0
2026-03-06 09:00:00+00:00,1165.0,1175.0,1085.0,1125.0,26723000.0
2026-03-09 09:00:00+00:00,1090.0,1125.0,1025.0,1125.0,34716700.0
2026-03-10 09:00:00+00:00,1140.0,1220.0,1140.0,1195.0,25198100.0
2026-03-11 09:00:00+00:00,1195.0,1195.0,1160.0,1170.0,6150800.0
2026-03-12 09:00:00+00:00,1185.0,1190.0,1130.0,1140.0,14600700.0
2026-03-13 09:00:00+00:00,1135.0,1145.0,1080.0,1090.0,5732500.0
2026-03-16 09:00:00+00:00,1090.0,1105.0,1080.0,1080.0,8842800.0
2026-03-17 09:00:00+00:00,1090.0,1115.0,1075.0,1105.0,12027300.0
2026-03-25 09:00:00+00:00,1100.0,1195.0,1080.0,1185.0,34445000.0
2026-03-26 09:00:00+00:00,1210.0,1245.0,1125.0,1130.0,30200700.0
2026-03-27 09:00:00+00:00,1120.0,1140.0,1080.0,1090.0,34100100.0
2026-03-30 09:00:00+00:00,1085.0,1170.0,1075.0,1160.0,33037400.0
2026-03-31 09:00:00+00:00,1215.0,1240.0,1195.0,1205.0,55461400.0
2026-04-01 09:00:00+00:00,1235.0,1260.0,1215.0,1250.0,30658100.0
2026-04-02 09:00:00+00:00,1250.0,1310.0,1235.0,1305.0,45169700.0
2026-04-06 09:00:00+00:00,1300.0,1300.0,1230.0,1240.0,10962000.0
2026-04-07 09:00:00+00:00,1265.0,1285.0,1235.0,1270.0,18150200.0
2026-04-08 09:00:00+00:00,1300.0,1355.0,1300.0,1320.0,54438000.0
2026-04-09 09:00:00+00:00,1310.0,1310.0,1250.0,1265.0,27192700.0
2026-04-10 09:00:00+00:00,1265.0,1285.0,1245.0,1255.0,26787500.0
2026-04-13 09:00:00+00:00,1250.0,1265.0,1235.0,1255.0,14431900.0
2026-04-14 09:00:00+00:00,1270.0,1280.0,1255.0,1270.0,24130600.0
2026-04-15 09:00:00+00:00,1275.0,1310.0,1270.0,1300.0,22055800.0
2026-04-16 09:00:00+00:00,1295.0,1305.0,1280.0,1290.0,19290300.0
2026-04-17 09:00:00+00:00,1290.0,1300.0,1265.0,1290.0,27086400.0
2026-04-20 09:00:00+00:00,1295.0,1295.0,1250.0,1255.0,11001500.0
2026-04-21 09:00:00+00:00,1280.0,1320.0,1255.0,1310.0,26311700.0
2026-04-22 09:00:00+00:00,1310.0,1310.0,1290.0,1310.0,12811100.0
2026-04-23 09:00:00+00:00,1310.0,1310.0,1295.0,1305.0,15712500.0
2026-04-24 09:00:00+00:00,1305.0,1305.0,1255.0,1285.0,30967600.0
2026-04-27 09:00:00+00:00,1285.0,1345.0,1280.0,1330.0,21316800.0
2026-04-28 09:00:00+00:00,1330.0,1335.0,1275.0,1290.0,17445300.0
2026-04-29 09:00:00+00:00,1290.0,1305.0,1265.0,1290.0,14964000.0
2026-04-30 09:00:00+00:00,1290.0,1305.0,1215.0,1215.0,17054200.0
2026-05-04 09:00:00+00:00,1225.0,1305.0,1225.0,1295.0,9878200.0
2026-05-05 09:00:00+00:00,1290.0,1290.0,1215.0,1215.0,22420900.0
2026-05-06 09:00:00+00:00,1240.0,1250.0,1225.0,1235.0,6388600.0
2026-05-07 09:00:00+00:00,1255.0,1300.0,1250.0,1295.0,10109000.0
2026-05-08 09:00:00+00:00,1320.0,1455.0,1305.0,1455.0,115845600.0
2026-05-11 09:00:00+00:00,1490.0,1515.0,1480.0,1505.0,155451500.0
2026-05-12 09:00:00+00:00,1505.0,1520.0,1490.0,1495.0,43692000.0
2026-05-13 09:00:00+00:00,1495.0,1500.0,1470.0,1475.0,74393000.0
2026-05-14 09:00:00+00:00,1475.0,1475.0,1475.0,1475.0,0.0
2026-05-15 09:00:00+00:00,1475.0,1475.0,1475.0,1475.0,0.0
2026-05-18 09:00:00+00:00,1475.0,1495.0,1470.0,1485.0,68451000.0
2026-05-19 09:00:00+00:00,1485.0,1505.0,1475.0,1480.0,96220600.0
2026-05-20 09:00:00+00:00,1480.0,1485.0,1475.0,1480.0,51184100.0
2026-05-21 09:00:00+00:00,1480.0,1495.0,1480.0,1485.0,31718500.0
2026-05-22 09:00:00+00:00,1495.0,1505.0,1485.0,1505.0,20573200.0
2026-05-25 09:00:00+00:00,1500.0,1505.0,1495.0,1495.0,30718900.0
2026-05-26 09:00:00+00:00,1495.0,1505.0,1495.0,1500.0,24203700.0
2026-05-27 09:00:00+00:00,1500.0,1500.0,1500.0,1500.0,0.0
2026-05-28 09:00:00+00:00,1500.0,1500.0,1500.0,1500.0,0.0
2026-05-29 09:00:00+00:00,1500.0,1505.0,1495.0,1495.0,85845800.0
2026-06-02 09:00:00+00:00,1495.0,1500.0,1485.0,1485.0,126539400.0
2026-06-03 09:00:00+00:00,1495.0,1500.0,1490.0,1495.0,33994400.0
2026-06-04 09:00:00+00:00,1495.0,1500.0,1485.0,1500.0,78076000.0
2026-06-05 09:00:00+00:00,1495.0,1500.0,1485.0,1485.0,51148800.0
2026-06-08 09:00:00+00:00,1490.0,1500.0,1485.0,1485.0,53032800.0
2026-06-09 09:00:00+00:00,1490.0,1500.0,1485.0,1490.0,67771700.0
2026-06-10 09:00:00+00:00,1490.0,1500.0,1485.0,1490.0,77033000.0
2026-06-11 09:00:00+00:00,1495.0,1505.0,1485.0,1485.0,101242500.0
2026-06-12 09:00:00+00:00,1485.0,1490.0,1485.0,1490.0,73594900.0
2026-06-15 09:00:00+00:00,1485.0,1490.0,1475.0,1475.0,107626900.0
2026-06-17 09:00:00+00:00,1485.0,1510.0,1485.0,1500.0,120208500.0
2026-06-18 09:00:00+00:00,1505.0,1515.0,1500.0,1510.0,146466700.0
2026-06-19 09:00:00+00:00,1510.0,1515.0,1505.0,1510.0,59087300.0
2026-06-22 09:00:00+00:00,1510.0,1520.0,1510.0,1515.0,84676800.0
2026-06-23 09:00:00+00:00,1515.0,1525.0,1510.0,1520.0,45445400.0
2026-06-24 09:00:00+00:00,1520.0,1525.0,1515.0,1515.0,52150100.0
2026-06-25 09:00:00+00:00,1515.0,1520.0,1510.0,1520.0,62186800.0
2026-06-26 09:00:00+00:00,1520.0,1520.0,1510.0,1515.0,45543300.0
2026-06-29 09:00:00+00:00,1515.0,1515.0,1510.0,1510.0,38798500.0
2026-06-30 09:00:00+00:00,1515.0,1525.0,1510.0,1525.0,71806400.0
2026-07-01 09:00:00+00:00,1520.0,1525.0,1515.0,1525.0,85617100.0
2026-07-02 09:00:00+00:00,1520.0,1525.0,1515.0,1520.0,77203400.0
2026-07-03 09:00:00+00:00,1515.0,1520.0,1510.0,1515.0,73774900.0
2026-07-06 09:00:00+00:00,1515.0,1525.0,1510.0,1515.0,78758400.0
2026-07-07 09:00:00+00:00,1515.0,1535.0,1515.0,1535.0,79343000.0
2026-07-08 09:00:00+00:00,1535.0,1535.0,1510.0,1510.0,310113000.0
2026-07-09 09:00:00+00:00,1515.0,1530.0,1515.0,1525.0,127403400.0
2026-07-10 09:00:00+00:00,1525.0,1540.0,1525.0,1535.0,12450800.0
2026-07-13 09:00:00+00:00,1535.0,1540.0,1520.0,1525.0,140977500.0
2026-07-14 09:00:00+00:00,1535.0,1535.0,1525.0,1535.0,32224500.0
2026-07-15 09:00:00+00:00,1540.0,1540.0,1525.0,1525.0,18256900.0
2026-07-16 09:00:00+00:00,1525.0,1535.0,1435.0,1470.0,6301400.0
2026-07-17 09:00:00+00:00,1475.0,1520.0,1475.0,1520.0,4668200.0
2026-07-20 09:00:00+00:00,1520.0,1525.0,1490.0,1505.0,1596200.0
2026-07-21 09:00:00+00:00,1515.0,1530.0,1490.0,1515.0,3324000.0
2026-07-22 09:00:00+00:00,1525.0,1525.0,1490.0,1515.0,3421600.0
2026-07-23 09:00:00+00:00,1525.0,1525.0,1500.0,1515.0,3228200.0
2026-07-24 09:00:00+00:00,1515.0,1520.0,1480.0,1520.0,2027500.0
2026-07-27 09:00:00+00:00,1510.0,1520.0,1425.0,1425.0,2753100.0
2026-07-28 09:00:00+00:00,1425.0,1450.0,1360.0,1430.0,2508700.0
2026-07-29 09:00:00+00:00,1405.0,1500.0,1395.0,1470.0,3978900.0
2026-07-30 09:00:00+00:00,1495.0,1560.0,1485.0,1560.0,9652600.0
2026-07-31 09:00:00+00:00,1560.0,1565.0,1505.0,1555.0,4071000.0
2026-08-03 09:00:00+00:00,1560.0,1940.0,1555.0,1895.0,52537000.0
2026-08-04 09:00:00+00:00,1890.0,1915.0,1700.0,1780.0,41475700.0
2026-08-05 09:00:00+00:00,1780.0,1780.0,1660.0,1670.0,10765000.0
2026-08-06 09:00:00+00:00,1670.0,1690.0,1550.0,1690.0,12627000.0
2026-08-07 09:00:00+00:00,1695.0,1700.0,1595.0,1605.0,99163100.0
2026-08-10 09:00:00+00:00,1610.0,1640.0,1605.0,1625.0,5030200.0
2026-08-11 09:00:00+00:00,1620.0,1625.0,1540.0,1540.0,6423600.0
2026-08-12 09:00:00+00:00,1540.0,1555.0,1500.0,1510.0,8548200.0
2026-08-13 09:00:00+00:00,1525.0,1580.0,1505.0,1510.0,5575900.0
2026-08-14 09:00:00+00:00,1510.0,1510.0,1465.0,1495.0,4519600.0
2026-08-18 09:00:00+00:00,1505.0,1525.0,1485.0,1525.0,5170800.0
2026-08-19 09:00:00+00:00,1525.0,1525.0,1500.0,1500.0,2343100.0
2026-08-20 09:00:00+00:00,1500.0,1515.0,1485.0,1515.0,2620300.0
2026-08-21 09:00:00+00:00,1520.0,1580.0,1500.0,1510.0,5925300.0
2026-08-24 09:00:00+00:00,1515.0,1530.0,1495.0,1500.0,2161200.0
2026-08-25 09:00:00+00:00,1500.0,1500.0,1500.0,1500.0,0.0
2026-08-26 09:00:00+00:00,1505.0,1510.0,1455.0,1455.0,1841700.0
2026-08-27 09:00:00+00:00,1460.0,1505.0,1455.0,1500.0,2036800.0
2026-08-28 09:00:00+00:00,1500.0,1505.0,1475.0,1495.0,1483400.0
2026-08-31 09:00:00+00:00,1495.0,1495.0,1400.0,1400.0,21821800.0
2026-09-01 09:00:00+00:00,1415.0,1470.0,1415.0,1465.0,6672400.0
2026-09-02 09:00:00+00:00,1475.0,1475.0,1425.0,1430.0,3373900.0
2026-09-03 09:00:00+00:00,1435.0,1445.0,1420.0,1420.0,4392200.0
2026-09-04 09:00:00+00:00,1420.0,1440.0,1415.0,1425.0,2953100.0
2026-09-07 09:00:00+00:00,1435.0,1435.0,1390.0,1390.0,3868900.0
2026-09-08 09:00:00+00:00,1400.0,1410.0,1390.0,1395.0,2140100.0
