ts,open,high,low,close,volume
2018-09-10 09:00:00+00:00,386.0,394.0,375.0,375.0,68708000.0
2018-09-11 09:00:00+00:00,375.0,375.0,375.0,375.0,0.0
2018-09-12 09:00:00+00:00,375.0,377.0,359.0,359.0,155761000.0
2018-09-13 09:00:00+00:00,362.0,370.0,353.0,362.0,164064000.0
2018-09-14 09:00:00+00:00,365.0,375.0,365.0,375.0,103078500.0
2018-09-17 09:00:00+00:00,375.0,375.0,363.0,366.0,33950500.0
2018-09-18 09:00:00+00:00,360.0,365.0,357.0,364.0,47171500.0
2018-09-19 09:00:00+00:00,368.0,371.0,366.0,369.0,35805000.0
2018-09-20 09:00:00+00:00,370.0,378.0,368.0,376.0,91186000.0
2018-09-21 09:00:00+00:00,380.0,381.0,374.0,380.0,58463000.0
2018-09-24 09:00:00+00:00,380.0,380.0,359.0,360.0,53149000.0
2018-09-25 09:00:00+00:00,361.0,366.0,358.0,365.0,59487000.0
2018-09-26 09:00:00+00:00,365.0,368.0,362.0,364.0,18330500.0
2018-09-27 09:00:00+00:00,364.0,374.0,364.0,372.0,48949500.0
2018-09-28 09:00:00+00:00,374.0,376.0,371.0,375.0,44742500.0
2018-10-01 09:00:00+00:00,375.0,375.0,361.0,364.0,47771500.0
2018-10-02 09:00:00+00:00,366.0,368.0,359.0,361.0,61171000.0
2018-10-03 09:00:00+00:00,364.0,365.0,361.0,362.0,35406000.0
2018-10-04 09:00:00+00:00,361.0,361.0,341.0,346.0,136241500.0
2018-10-05 09:00:00+00:00,344.0,351.0,341.0,344.0,63429000.0
2018-10-08 09:00:00+00:00,345.0,345.0,329.0,340.0,130463500.0
2018-10-09 09:00:00+00:00,340.0,348.0,338.0,348.0,42246000.0
2018-10-10 09:00:00+00:00,350.0,354.0,344.0,348.0,39526500.0
2018-10-11 09:00:00+00:00,340.0,352.0,338.0,346.0,50209000.0
2018-10-12 09:00:00+00:00,348.0,355.0,348.0,355.0,42797500.0
2018-10-15 09:00:00+00:00,355.0,357.0,349.0,354.0,47504500.0
2018-10-16 09:00:00+00:00,352.0,363.0,348.0,363.0,78277000.0
2018-10-17 09:00:00+00:00,366.0,375.0,364.0,373.0,118049500.0
2018-10-18 09:00:00+00:00,373.0,382.0,356.0,357.0,221885500.0
2018-10-19 09:00:00+00:00,356.0,356.0,338.0,345.0,285481500.0
2018-10-22 09:00:00+00:00,346.0,349.0,336.0,338.0,136402500.0
2018-10-23 09:00:00+00:00,338.0,345.0,335.0,337.0,109687000.0
2018-10-24 09:00:00+00:00,338.0,339.0,325.0,325.0,74615000.0
2018-10-25 09:00:00+00:00,321.0,329.0,318.0,324.0,82491000.0
2018-10-26 09:00:00+00:00,326.0,329.0,298.0,310.0,296759500.0
2018-10-29 09:00:00+00:00,310.0,339.0,310.0,328.0,279515000.0
2018-10-30 09:00:00+00:00,328.0,331.0,316.0,324.0,92538500.0
2018-10-31 09:00:00+00:00,326.0,326.0,312.0,314.0,65444500.0
2018-11-01 09:00:00+00:00,318.0,318.0,307.0,318.0,47788000.0
2018-11-02 09:00:00+00:00,318.0,337.0,312.0,333.0,162157500.0
2018-11-05 09:00:00+00:00,333.0,333.0,318.0,322.0,44608500.0
2018-11-06 09:00:00+00:00,323.0,331.0,321.0,331.0,58765500.0
2018-11-07 09:00:00+00:00,331.0,334.0,324.0,328.0,47211500.0
2018-11-08 09:00:00+00:00,332.0,357.0,328.0,356.0,259039000.0
2018-11-09 09:00:00+00:00,354.0,354.0,342.0,346.0,79962000.0
2018-11-12 09:00:00+00:00,350.0,350.0,341.0,346.0,47021000.0
2018-11-13 09:00:00+00:00,342.0,357.0,339.0,351.0,80651000.0
2018-11-14 09:00:00+00:00,353.0,367.0,353.0,364.0,108244000.0
2018-11-15 09:00:00+00:00,368.0,377.0,365.0,372.0,78570000.0
2018-11-16 09:00:00+00:00,374.0,382.0,366.0,379.0,116176500.0
2018-11-19 09:00:00+00:00,379.0,379.0,362.0,366.0,52979000.0
2018-11-20 09:00:00+00:00,366.0,366.0,366.0,366.0,0.0
2018-11-21 09:00:00+00:00,366.0,375.0,360.0,367.0,62620500.0
2018-11-22 09:00:00+00:00,365.0,378.0,361.0,371.0,63897500.0
2018-11-23 09:00:00+00:00,375.0,375.0,366.0,369.0,51513000.0
2018-11-26 09:00:00+00:00,371.0,385.0,366.0,375.0,120871500.0
2018-11-27 09:00:00+00:00,376.0,383.0,368.0,371.0,42271500.0
2018-11-28 09:00:00+00:00,377.0,380.0,372.0,378.0,42322500.0
2018-11-29 09:00:00+00:00,383.0,394.0,379.0,390.0,148226000.0
2018-11-30 09:00:00+00:00,392.0,396.0,382.0,383.0,126892500.0
2018-12-03 09:00:00+00:00,391.0,393.0,364.0,382.0,84118500.0
2018-12-04 09:00:00+00:00,386.0,387.0,381.0,382.0,72689500.0
2018-12-05 09:00:00+00:00,381.0,387.0,375.0,385.0,41817000.0
2018-12-06 09:00:00+00:00,385.0,386.0,368.0,368.0,63955500.0
2018-12-07 09:00:00+00:00,374.0,383.0,371.0,380.0,75054000.0
2018-12-10 09:00:00+00:00,380.0,380.0,373.0,380.0,19300500.0
2018-12-11 09:00:00+00:00,380.0,385.0,370.0,385.0,32619500.0
2018-12-12 09:00:00+00:00,385.0,392.0,377.0,392.0,78207000.0
2018-12-13 09:00:00+00:00,394.0,399.0,385.0,388.0,100396500.0
2018-12-14 09:00:00+00:00,388.0,388.0,378.0,382.0,52653500.0
2018-12-17 09:00:00+00:00,383.0,385.0,377.0,382.0,52226000.0
2018-12-18 09:00:00+00:00,382.0,382.0,375.0,379.0,35307500.0
2018-12-19 09:00:00+00:00,380.0,386.0,380.0,380.0,68920000.0
2018-12-20 09:00:00+00:00,379.0,388.0,374.0,379.0,81429000.0
2018-12-21 09:00:00+00:00,379.0,379.0,375.0,378.0,38517500.0
2018-12-24 09:00:00+00:00,378.0,378.0,378.0,378.0,0.0
2018-12-25 09:00:00+00:00,378.0,378.0,378.0,378.0,0.0
2018-12-26 09:00:00+00:00,376.0,376.0,361.0,361.0,23699000.0
2018-12-27 09:00:00+00:00,369.0,373.0,365.0,372.0,25322500.0
2018-12-28 09:00:00+00:00,372.0,375.0,363.0,374.0,48948500.0
2018-12-31 09:00:00+00:00,374.0,374.0,374.0,374.0,0.0
2019-01-01 09:00:00+00:00,374.0,374.0,374.0,374.0,0.0
2019-01-02 09:00:00+00:00,374.0,380.0,365.0,373.0,17797000.0
2019-01-03 09:00:00+00:00,379.0,381.0,376.0,378.0,22561500.0
2019-01-04 09:00:00+00:00,382.0,382.0,368.0,368.0,31000500.0
2019-01-07 09:00:00+00:00,375.0,377.0,372.0,376.0,25866500.0
2019-01-08 09:00:00+00:00,377.0,378.0,367.0,367.0,43825000.0
2019-01-09 09:00:00+00:00,371.0,374.0,367.0,369.0,55470500.0
2019-01-10 09:00:00+00:00,372.0,390.0,370.0,390.0,164311500.0
2019-01-11 09:00:00+00:00,386.0,392.0,385.0,390.0,70762500.0
2019-01-14 09:00:00+00:00,388.0,390.0,379.0,381.0,47321500.0
2019-01-15 09:00:00+00:00,384.0,385.0,379.0,385.0,43017000.0
2019-01-16 09:00:00+00:00,386.0,406.0,384.0,402.0,126134000.0
2019-01-17 09:00:00+00:00,406.0,406.0,389.0,395.0,90902500.0
2019-01-18 09:00:00+00:00,395.0,397.0,387.0,389.0,41997000.0
2019-01-21 09:00:00+00:00,390.0,394.0,385.0,388.0,27122500.0
2019-01-22 09:00:00+00:00,390.0,404.0,388.0,400.0,88762000.0
2019-01-23 09:00:00+00:00,402.0,402.0,394.0,394.0,37661000.0
2019-01-24 09:00:00+00:00,398.0,400.0,394.0,396.0,42161000.0
2019-01-25 09:00:00+00:00,398.0,398.0,390.0,392.0,40204500.0
2019-01-28 09:00:00+00:00,395.0,395.0,387.0,393.0,34870500.0
2019-01-29 09:00:00+00:00,392.0,392.0,380.0,381.0,37780500.0
2019-01-30 09:00:00+00:00,378.0,378.0,370.0,375.0,76908500.0
2019-01-31 09:00:00+00:00,377.0,383.0,376.0,377.0,82604000.0
2019-02-01 09:00:00+00:00,376.0,378.0,372.0,373.0,29456000.0
2019-02-04 09:00:00+00:00,376.0,376.0,366.0,366.0,44473000.0
2019-02-05 09:00:00+00:00,366.0,366.0,366.0,366.0,0.0
2019-02-06 09:00:00+00:00,368.0,370.0,362.0,363.0,76197000.0
2019-02-07 09:00:00+00:00,366.0,367.0,358.0,364.0,74497500.0
2019-02-08 09:00:00+00:00,364.0,371.0,360.0,364.0,44501500.0
2019-02-11 09:00:00+00:00,366.0,368.0,361.0,362.0,30783000.0
2019-02-12 09:00:00+00:00,363.0,368.0,346.0,349.0,99102500.0
2019-02-13 09:00:00+00:00,353.0,354.0,343.0,351.0,26125500.0
2019-02-14 09:00:00+00:00,352.0,352.0,345.0,346.0,38395500.0
2019-02-15 09:00:00+00:00,350.0,352.0,341.0,351.0,41969000.0
2019-02-18 09:00:00+00:00,352.0,356.0,348.0,352.0,31997000.0
2019-02-19 09:00:00+00:00,354.0,359.0,353.0,356.0,38518500.0
2019-02-20 09:00:00+00:00,359.0,370.0,359.0,370.0,53671000.0
2019-02-21 09:00:00+00:00,370.0,371.0,364.0,364.0,45232500.0
2019-02-22 09:00:00+00:00,364.0,365.0,350.0,350.0,55278500.0
2019-02-25 09:00:00+00:00,351.0,354.0,347.0,348.0,21250500.0
2019-02-26 09:00:00+00:00,348.0,353.0,344.0,350.0,41441000.0
2019-02-27 09:00:00+00:00,349.0,351.0,345.0,349.0,17817000.0
2019-02-28 09:00:00+00:00,347.0,359.0,347.0,350.0,75761500.0
2019-03-01 09:00:00+00:00,351.0,355.0,351.0,351.0,31040000.0
2019-03-04 09:00:00+00:00,356.0,368.0,351.0,368.0,61025500.0
2019-03-05 09:00:00+00:00,368.0,369.0,356.0,362.0,25960000.0
2019-03-06 09:00:00+00:00,362.0,367.0,355.0,361.0,37554500.0
2019-03-07 09:00:00+00:00,361.0,361.0,361.0,361.0,0.0
2019-03-08 09:00:00+00:00,354.0,368.0,349.0,363.0,66273500.0
2019-03-11 09:00:00+00:00,358.0,364.0,354.0,354.0,18888500.0
2019-03-12 09:00:00+00:00,360.0,365.0,352.0,359.0,30400500.0
2019-03-13 09:00:00+00:00,359.0,360.0,351.0,358.0,33070000.0
2019-03-14 09:00:00+00:00,356.0,359.0,352.0,359.0,23795000.0
2019-03-15 09:00:00+00:00,359.0,360.0,346.0,349.0,118134000.0
2019-03-18 09:00:00+00:00,350.0,352.0,346.0,347.0,69401000.0
2019-03-19 09:00:00+00:00,350.0,354.0,347.0,350.0,33159000.0
2019-03-20 09:00:00+00:00,350.0,350.0,345.0,349.0,58167000.0
2019-03-21 09:00:00+00:00,349.0,358.0,348.0,358.0,42955000.0
2019-03-22 09:00:00+00:00,358.0,358.0,345.0,349.0,57445000.0
2019-03-25 09:00:00+00:00,347.0,347.0,335.0,342.0,45592000.0
2019-03-26 09:00:00+00:00,344.0,344.0,332.0,335.0,39193000.0
2019-03-27 09:00:00+00:00,337.0,338.0,330.0,332.0,24063000.0
2019-03-28 09:00:00+00:00,332.0,334.0,327.0,330.0,40949000.0
2019-03-29 09:00:00+00:00,330.0,334.0,329.0,331.0,33275500.0
2019-04-01 09:00:00+00:00,332.0,332.0,326.0,327.0,23471500.0
2019-04-02 09:00:00+00:00,326.0,331.0,321.0,329.0,47828500.0
2019-04-03 09:00:00+00:00,329.0,329.0,329.0,329.0,0.0
2019-04-04 09:00:00+00:00,328.0,331.0,324.0,328.0,38269500.0
2019-04-05 09:00:00+00:00,328.0,329.0,322.0,323.0,35068000.0
2019-04-08 09:00:00+00:00,324.0,329.0,321.0,321.0,36679500.0
2019-04-09 09:00:00+00:00,322.0,338.0,322.0,338.0,67852000.0
2019-04-10 09:00:00+00:00,342.0,359.0,341.0,353.0,168182000.0
2019-04-11 09:00:00+00:00,350.0,354.0,344.0,345.0,50797000.0
2019-04-12 09:00:00+00:00,345.0,349.0,340.0,346.0,16569000.0
2019-04-15 09:00:00+00:00,348.0,349.0,343.0,344.0,49181000.0
2019-04-16 09:00:00+00:00,344.0,350.0,342.0,349.0,23731500.0
2019-04-17 09:00:00+00:00,349.0,349.0,349.0,349.0,0.0
2019-04-18 09:00:00+00:00,353.0,354.0,342.0,347.0,30128500.0
2019-04-19 09:00:00+00:00,347.0,347.0,347.0,347.0,0.0
2019-04-22 09:00:00+00:00,351.0,351.0,337.0,339.0,21159000.0
2019-04-23 09:00:00+00:00,340.0,346.0,332.0,336.0,29838000.0
2019-04-24 09:00:00+00:00,338.0,346.0,338.0,342.0,41207000.0
2019-04-25 09:00:00+00:00,343.0,345.0,340.0,342.0,23607500.0
2019-04-26 09:00:00+00:00,344.0,345.0,338.0,343.0,16526000.0
2019-04-29 09:00:00+00:00,343.0,357.0,342.0,356.0,42015000.0
2019-04-30 09:00:00+00:00,358.0,373.0,350.0,372.0,105303500.0
2019-05-01 09:00:00+00:00,372.0,372.0,372.0,372.0,0.0
2019-05-02 09:00:00+00:00,370.0,374.0,363.0,368.0,51030500.0
2019-05-03 09:00:00+00:00,368.0,370.0,358.0,363.0,31672500.0
2019-05-06 09:00:00+00:00,349.0,360.0,345.0,360.0,12365500.0
2019-05-07 09:00:00+00:00,362.0,362.0,354.0,355.0,23321000.0
2019-05-08 09:00:00+00:00,355.0,355.0,341.0,346.0,39523000.0
2019-05-09 09:00:00+00:00,342.0,345.0,333.0,337.0,76200000.0
2019-05-10 09:00:00+00:00,335.0,337.0,330.0,330.0,63812500.0
2019-05-13 09:00:00+00:00,328.0,336.0,316.0,317.0,41938000.0
2019-05-14 09:00:00+00:00,310.0,319.0,308.0,311.0,43243500.0
2019-05-15 09:00:00+00:00,311.0,317.0,297.0,298.0,55146000.0
2019-05-16 09:00:00+00:00,298.0,316.0,287.0,302.0,106654000.0
2019-05-17 09:00:00+00:00,304.0,311.0,295.0,302.0,41303000.0
2019-05-20 09:00:00+00:00,297.0,308.0,291.0,308.0,34414500.0
2019-05-21 09:00:00+00:00,308.0,316.0,303.0,304.0,24985500.0
2019-05-22 09:00:00+00:00,309.0,309.0,299.0,303.0,14088000.0
2019-05-23 09:00:00+00:00,301.0,312.0,301.0,303.0,44118500.0
2019-05-24 09:00:00+00:00,304.0,312.0,301.0,309.0,32850500.0
2019-05-27 09:00:00+00:00,305.0,315.0,302.0,311.0,29411000.0
2019-05-28 09:00:00+00:00,312.0,315.0,301.0,315.0,119511000.0
2019-05-29 09:00:00+00:00,313.0,313.0,304.0,309.0,40797500.0
2019-05-30 09:00:00+00:00,309.0,309.0,309.0,309.0,0.0
2019-05-31 09:00:00+00:00,311.0,330.0,309.0,330.0,103466500.0
2019-06-03 09:00:00+00:00,330.0,330.0,330.0,330.0,0.0
2019-06-04 09:00:00+00:00,330.0,330.0,330.0,330.0,0.0
2019-06-05 09:00:00+00:00,330.0,330.0,330.0,330.0,0.0
2019-06-06 09:00:00+00:00,330.0,330.0,330.0,330.0,0.0
2019-06-07 09:00:00+00:00,330.0,330.0,330.0,330.0,0.0
2019-06-10 09:00:00+00:00,334.0,339.0,330.0,333.0,41633500.0
2019-06-11 09:00:00+00:00,334.0,336.0,325.0,332.0,37224000.0
2019-06-12 09:00:00+00:00,332.0,339.0,330.0,338.0,54986000.0
2019-06-13 09:00:00+00:00,338.0,348.0,337.0,348.0,71183000.0
2019-06-14 09:00:00+00:00,356.0,357.0,347.0,348.0,43650000.0
2019-06-17 09:00:00+00:00,351.0,351.0,343.0,346.0,35867000.0
2019-06-18 09:00:00+00:00,344.0,350.0,342.0,350.0,29260500.0
2019-06-19 09:00:00+00:00,353.0,354.0,344.0,348.0,26173500.0
2019-06-20 09:00:00+00:00,350.0,350.0,336.0,340.0,25139000.0
2019-06-21 09:00:00+00:00,340.0,340.0,320.0,320.0,107347000.0
2019-06-24 09:00:00+00:00,323.0,324.0,316.0,317.0,12961500.0
2019-06-25 09:00:00+00:00,320.0,322.0,318.0,322.0,15714000.0
2019-06-26 09:00:00+00:00,322.0,327.0,318.0,321.0,15991000.0
2019-06-27 09:00:00+00:00,324.0,328.0,320.0,328.0,29067000.0
2019-06-28 09:00:00+00:00,328.0,330.0,321.0,322.0,20879000.0
2019-07-01 09:00:00+00:00,323.0,328.0,320.0,326.0,20874500.0
2019-07-02 09:00:00+00:00,327.0,331.0,325.0,329.0,26088500.0
2019-07-03 09:00:00+00:00,330.0,331.0,323.0,326.0,29826500.0
2019-07-04 09:00:00+00:00,326.0,329.0,324.0,325.0,15249500.0
2019-07-05 09:00:00+00:00,325.0,328.0,317.0,319.0,26696000.0
2019-07-08 09:00:00+00:00,319.0,321.0,314.0,316.0,11831000.0
2019-07-09 09:00:00+00:00,316.0,322.0,316.0,320.0,13801000.0
2019-07-10 09:00:00+00:00,322.0,322.0,318.0,320.0,14478500.0
2019-07-11 09:00:00+00:00,320.0,320.0,305.0,306.0,75739000.0
2019-07-12 09:00:00+00:00,306.0,310.0,302.0,303.0,35084500.0
2019-07-15 09:00:00+00:00,307.0,308.0,302.0,302.0,29477500.0
2019-07-16 09:00:00+00:00,304.0,307.0,301.0,302.0,24808000.0
2019-07-17 09:00:00+00:00,302.0,305.0,300.0,300.0,30753500.0
2019-07-18 09:00:00+00:00,300.0,307.0,300.0,303.0,40082000.0
2019-07-19 09:00:00+00:00,305.0,306.0,301.0,302.0,55136500.0
2019-07-22 09:00:00+00:00,302.0,305.0,292.0,292.0,65870500.0
2019-07-23 09:00:00+00:00,292.0,292.0,285.0,286.0,83280000.0
2019-07-24 09:00:00+00:00,286.0,293.0,282.0,283.0,65188000.0
2019-07-25 09:00:00+00:00,284.0,292.0,284.0,291.0,62816000.0
2019-07-26 09:00:00+00:00,293.0,293.0,286.0,288.0,50945000.0
2019-07-29 09:00:00+00:00,290.0,292.0,287.0,288.0,39480000.0
2019-07-30 09:00:00+00:00,287.0,289.0,284.0,285.0,35453500.0
2019-07-31 09:00:00+00:00,285.0,311.0,285.0,310.0,196148500.0
2019-08-01 09:00:00+00:00,310.0,310.0,294.0,294.0,71439000.0
2019-08-02 09:00:00+00:00,291.0,292.0,278.0,279.0,79443000.0
2019-08-05 09:00:00+00:00,279.0,279.0,264.0,264.0,51756000.0
2019-08-06 09:00:00+00:00,256.0,264.0,254.0,255.0,101956000.0
2019-08-07 09:00:00+00:00,257.0,261.0,250.0,253.0,100167000.0
2019-08-08 09:00:00+00:00,253.0,269.0,251.0,266.0,132818000.0
2019-08-09 09:00:00+00:00,267.0,269.0,257.0,257.0,72861000.0
2019-08-12 09:00:00+00:00,257.0,260.0,250.0,250.0,57255500.0
2019-08-13 09:00:00+00:00,250.0,250.0,239.0,246.0,183630500.0
2019-08-14 09:00:00+00:00,248.0,249.0,241.0,243.0,107232500.0
2019-08-15 09:00:00+00:00,240.0,255.0,238.0,254.0,152267500.0
2019-08-16 09:00:00+00:00,254.0,256.0,246.0,250.0,98124500.0
2019-08-19 09:00:00+00:00,250.0,252.0,246.0,248.0,43595000.0
2019-08-20 09:00:00+00:00,249.0,250.0,235.0,237.0,119996000.0
2019-08-21 09:00:00+00:00,238.0,240.0,235.0,235.0,60817500.0
2019-08-22 09:00:00+00:00,237.0,237.0,232.0,233.0,70592500.0
2019-08-23 09:00:00+00:00,240.0,240.0,231.0,232.0,68924500.0
2019-08-26 09:00:00+00:00,231.0,236.0,229.0,233.0,87567000.0
2019-08-27 09:00:00+00:00,236.0,245.0,235.0,242.0,127397000.0
2019-08-28 09:00:00+00:00,242.0,242.0,236.0,241.0,53980500.0
2019-08-29 09:00:00+00:00,241.0,243.0,238.0,239.0,64097500.0
2019-08-30 09:00:00+00:00,241.0,254.0,238.0,247.0,138085500.0
2019-09-02 09:00:00+00:00,250.0,258.0,241.0,245.0,84609500.0
2019-09-03 09:00:00+00:00,246.0,246.0,233.0,234.0,107696500.0
2019-09-04 09:00:00+00:00,234.0,244.0,234.0,243.0,38066500.0
2019-09-05 09:00:00+00:00,245.0,255.0,244.0,255.0,75901500.0
2019-09-06 09:00:00+00:00,257.0,258.0,247.0,248.0,43657000.0
2019-09-09 09:00:00+00:00,249.0,254.0,247.0,248.0,39293500.0
2019-09-10 09:00:00+00:00,248.0,254.0,247.0,251.0,33286500.0
2019-09-11 09:00:00+00:00,253.0,268.0,251.0,268.0,118987000.0
2019-09-12 09:00:00+00:00,270.0,275.0,261.0,263.0,54482500.0
2019-09-13 09:00:00+00:00,263.0,264.0,255.0,258.0,28044000.0
2019-09-16 09:00:00+00:00,257.0,258.0,248.0,258.0,39830500.0
2019-09-17 09:00:00+00:00,256.0,257.0,252.0,257.0,24107500.0
2019-09-18 09:00:00+00:00,258.0,258.0,252.0,255.0,26786500.0
2019-09-19 09:00:00+00:00,255.0,255.0,247.0,247.0,39695500.0
2019-09-20 09:00:00+00:00,247.0,249.0,242.0,249.0,52801000.0
2019-09-23 09:00:00+00:00,247.0,247.0,238.0,238.0,54367500.0
2019-09-24 09:00:00+00:00,238.0,238.0,230.0,233.0,82401000.0
2019-09-25 09:00:00+00:00,232.0,239.0,230.0,234.0,83001500.0
2019-09-26 09:00:00+00:00,235.0,237.0,227.0,231.0,115498000.0
2019-09-27 09:00:00+00:00,231.0,236.0,229.0,231.0,95882000.0
2019-09-30 09:00:00+00:00,232.0,235.0,229.0,232.0,59212000.0
2019-10-01 09:00:00+00:00,232.0,242.0,230.0,242.0,97836000.0
2019-10-02 09:00:00+00:00,242.0,243.0,232.0,233.0,69690500.0
2019-10-03 09:00:00+00:00,230.0,236.0,227.0,235.0,55651000.0
2019-10-04 09:00:00+00:00,237.0,245.0,235.0,238.0,70042000.0
2019-10-07 09:00:00+00:00,238.0,241.0,231.0,234.0,22443500.0
2019-10-08 09:00:00+00:00,235.0,238.0,229.0,230.0,42080500.0
2019-10-09 09:00:00+00:00,230.0,233.0,228.0,229.0,52594500.0
2019-10-10 09:00:00+00:00,231.0,231.0,216.0,216.0,133058500.0
2019-10-11 09:00:00+00:00,227.0,227.0,216.0,223.0,86435500.0
2019-10-14 09:00:00+00:00,223.0,225.0,218.0,220.0,62731500.0
2019-10-15 09:00:00+00:00,222.0,227.0,218.0,226.0,76666000.0
2019-10-16 09:00:00+00:00,227.0,233.0,223.0,223.0,90154000.0
2019-10-17 09:00:00+00:00,225.0,234.0,224.0,234.0,109342500.0
2019-10-18 09:00:00+00:00,236.0,251.0,234.0,248.0,208507000.0
2019-10-21 09:00:00+00:00,252.0,269.0,252.0,267.0,256565500.0
2019-10-22 09:00:00+00:00,268.0,270.0,257.0,265.0,146440500.0
2019-10-23 09:00:00+00:00,267.0,267.0,257.0,262.0,85130500.0
2019-10-24 09:00:00+00:00,262.0,269.0,261.0,265.0,75108000.0
2019-10-25 09:00:00+00:00,265.0,267.0,254.0,258.0,52299500.0
2019-10-28 09:00:00+00:00,258.0,262.0,251.0,253.0,39509000.0
2019-10-29 09:00:00+00:00,253.0,255.0,248.0,255.0,40075500.0
2019-10-30 09:00:00+00:00,255.0,263.0,252.0,253.0,54690000.0
2019-10-31 09:00:00+00:00,253.0,256.0,241.0,244.0,69850000.0
2019-11-01 09:00:00+00:00,240.0,242.0,230.0,238.0,82558000.0
2019-11-04 09:00:00+00:00,238.0,240.0,235.0,235.0,35339500.0
2019-11-05 09:00:00+00:00,237.0,243.0,235.0,237.0,77569000.0
2019-11-06 09:00:00+00:00,243.0,258.0,240.0,254.0,140846500.0
2019-11-07 09:00:00+00:00,255.0,257.0,240.0,248.0,92678000.0
2019-11-08 09:00:00+00:00,243.0,244.0,226.0,235.0,349688500.0
2019-11-11 09:00:00+00:00,233.0,257.0,231.0,255.0,183508000.0
2019-11-12 09:00:00+00:00,255.0,270.0,250.0,266.0,231318000.0
2019-11-13 09:00:00+00:00,267.0,273.0,257.0,262.0,209188000.0
2019-11-14 09:00:00+00:00,263.0,267.0,251.0,264.0,198455000.0
2019-11-15 09:00:00+00:00,265.0,266.0,252.0,258.0,105589000.0
2019-11-18 09:00:00+00:00,258.0,260.0,250.0,259.0,239982500.0
2019-11-19 09:00:00+00:00,259.0,268.0,259.0,262.0,104241500.0
2019-11-20 09:00:00+00:00,260.0,273.0,257.0,262.0,196625500.0
2019-11-21 09:00:00+00:00,261.0,262.0,250.0,259.0,223704500.0
2019-11-22 09:00:00+00:00,256.0,258.0,244.0,244.0,332601500.0
2019-11-25 09:00:00+00:00,245.0,247.0,236.0,242.0,341599000.0
2019-11-26 09:00:00+00:00,239.0,254.0,239.0,246.0,2572153000.0
2019-11-27 09:00:00+00:00,250.0,255.0,247.0,247.0,411677000.0
2019-11-28 09:00:00+00:00,248.0,248.0,227.0,233.0,324123000.0
2019-11-29 09:00:00+00:00,233.0,240.0,226.0,240.0,204638500.0
2019-12-02 09:00:00+00:00,238.0,249.0,237.0,244.0,205521500.0
2019-12-03 09:00:00+00:00,241.0,247.0,240.0,243.0,106581500.0
2019-12-04 09:00:00+00:00,243.0,244.0,239.0,243.0,167894000.0
2019-12-05 09:00:00+00:00,244.0,253.0,241.0,250.0,181423000.0
2019-12-06 09:00:00+00:00,248.0,263.0,244.0,260.0,254664500.0
2019-12-09 09:00:00+00:00,264.0,281.0,264.0,280.0,522764000.0
2019-12-10 09:00:00+00:00,280.0,291.0,276.0,290.0,450794000.0
2019-12-11 09:00:00+00:00,290.0,291.0,282.0,287.0,292940500.0
2019-12-12 09:00:00+00:00,287.0,290.0,275.0,280.0,271962000.0
2019-12-13 09:00:00+00:00,281.0,289.0,275.0,289.0,270491500.0
2019-12-16 09:00:00+00:00,291.0,299.0,285.0,288.0,328229500.0
2019-12-17 09:00:00+00:00,288.0,293.0,280.0,286.0,138999500.0
2019-12-18 09:00:00+00:00,282.0,285.0,278.0,280.0,71568000.0
2019-12-19 09:00:00+00:00,278.0,288.0,277.0,280.0,148757000.0
2019-12-20 09:00:00+00:00,278.0,280.0,269.0,280.0,133390500.0
2019-12-23 09:00:00+00:00,281.0,282.0,276.0,279.0,181589000.0
2019-12-26 09:00:00+00:00,279.0,285.0,279.0,282.0,59369500.0
2019-12-27 09:00:00+00:00,282.0,291.0,282.0,289.0,124699500.0
2019-12-30 09:00:00+00:00,290.0,291.0,282.0,282.0,94492500.0
2020-01-02 09:00:00+00:00,282.0,284.0,276.0,277.0,47226500.0
2020-01-03 09:00:00+00:00,277.0,282.0,277.0,278.0,75702000.0
2020-01-06 09:00:00+00:00,278.0,283.0,270.0,279.0,72365000.0
2020-01-07 09:00:00+00:00,283.0,289.0,280.0,283.0,126579500.0
2020-01-08 09:00:00+00:00,278.0,282.0,274.0,280.0,241759000.0
2020-01-09 09:00:00+00:00,285.0,300.0,284.0,298.0,326610500.0
2020-01-10 09:00:00+00:00,305.0,305.0,297.0,299.0,125861500.0
2020-01-13 09:00:00+00:00,300.0,300.0,294.0,296.0,111596000.0
2020-01-14 09:00:00+00:00,300.0,300.0,294.0,296.0,45330000.0
2020-01-15 09:00:00+00:00,293.0,295.0,285.0,291.0,226507000.0
2020-01-16 09:00:00+00:00,292.0,319.0,292.0,316.0,267701000.0
2020-01-17 09:00:00+00:00,320.0,320.0,312.0,313.0,71784000.0
2020-01-20 09:00:00+00:00,316.0,325.0,313.0,320.0,196782000.0
2020-01-21 09:00:00+00:00,316.0,321.0,305.0,317.0,69901500.0
2020-01-22 09:00:00+00:00,313.0,318.0,302.0,316.0,88919000.0
2020-01-23 09:00:00+00:00,316.0,318.0,308.0,310.0,25558500.0
2020-01-24 09:00:00+00:00,307.0,314.0,307.0,309.0,33862500.0
2020-01-27 09:00:00+00:00,307.0,308.0,293.0,294.0,66958000.0
2020-01-28 09:00:00+00:00,291.0,295.0,281.0,294.0,104403500.0
2020-01-29 09:00:00+00:00,296.0,304.0,296.0,300.0,121790000.0
2020-01-30 09:00:00+00:00,300.0,303.0,294.0,295.0,98700500.0
2020-01-31 09:00:00+00:00,297.0,298.0,285.0,288.0,114021500.0
2020-02-03 09:00:00+00:00,285.0,285.0,268.0,274.0,173769500.0
2020-02-04 09:00:00+00:00,284.0,285.0,274.0,283.0,77741000.0
2020-02-05 09:00:00+00:00,285.0,288.0,275.0,283.0,56073500.0
2020-02-06 09:00:00+00:00,285.0,288.0,279.0,281.0,64706000.0
2020-02-07 09:00:00+00:00,276.0,280.0,275.0,279.0,62189500.0
2020-02-10 09:00:00+00:00,279.0,279.0,270.0,272.0,61690000.0
2020-02-11 09:00:00+00:00,274.0,283.0,273.0,281.0,85539500.0
2020-02-12 09:00:00+00:00,282.0,283.0,278.0,279.0,95647000.0
2020-02-13 09:00:00+00:00,279.0,281.0,264.0,269.0,77434000.0
2020-02-14 09:00:00+00:00,269.0,274.0,266.0,274.0,69014000.0
2020-02-17 09:00:00+00:00,274.0,276.0,270.0,270.0,65629500.0
2020-02-18 09:00:00+00:00,268.0,280.0,262.0,277.0,128609500.0
2020-02-19 09:00:00+00:00,278.0,282.0,268.0,272.0,96915500.0
2020-02-20 09:00:00+00:00,272.0,273.0,266.0,266.0,37129000.0
2020-02-21 09:00:00+00:00,265.0,266.0,249.0,250.0,106808000.0
2020-02-24 09:00:00+00:00,246.0,246.0,237.0,241.0,154986500.0
2020-02-25 09:00:00+00:00,235.0,246.0,235.0,245.0,99945500.0
2020-02-26 09:00:00+00:00,242.0,242.0,228.0,233.0,138648000.0
2020-02-27 09:00:00+00:00,230.0,235.0,222.0,230.0,131399500.0
2020-02-28 09:00:00+00:00,220.0,227.0,209.0,224.0,270740000.0
2020-03-02 09:00:00+00:00,224.0,228.0,211.0,223.0,103910000.0
2020-03-03 09:00:00+00:00,232.0,235.0,224.0,227.0,156145500.0
2020-03-04 09:00:00+00:00,222.0,237.0,222.0,235.0,189559000.0
2020-03-05 09:00:00+00:00,238.0,240.0,228.0,230.0,55175000.0
2020-03-06 09:00:00+00:00,227.0,227.0,216.0,217.0,54718500.0
2020-03-09 09:00:00+00:00,208.0,208.0,183.0,189.0,235628000.0
2020-03-10 09:00:00+00:00,187.0,195.0,183.0,187.0,156946500.0
2020-03-11 09:00:00+00:00,188.0,190.0,180.0,183.0,280335000.0
2020-03-12 09:00:00+00:00,178.0,178.0,161.0,165.0,185597500.0
2020-03-13 09:00:00+00:00,158.0,169.0,154.0,163.0,126619000.0
2020-03-16 09:00:00+00:00,152.0,164.0,152.0,152.0,59709500.0
2020-03-17 09:00:00+00:00,143.0,150.0,142.0,142.0,129344000.0
2020-03-18 09:00:00+00:00,142.0,147.0,133.0,135.0,156657000.0
2020-03-19 09:00:00+00:00,129.0,129.0,126.0,127.0,318983500.0
2020-03-20 09:00:00+00:00,120.0,153.0,120.0,150.0,186096000.0
2020-03-23 09:00:00+00:00,144.0,145.0,140.0,140.0,93306500.0
2020-03-24 09:00:00+00:00,140.0,153.0,131.0,143.0,72876000.0
2020-03-26 09:00:00+00:00,146.0,168.0,144.0,150.0,162053500.0
2020-03-27 09:00:00+00:00,150.0,173.0,150.0,153.0,113631000.0
2020-03-30 09:00:00+00:00,151.0,153.0,143.0,143.0,56830500.0
2020-03-31 09:00:00+00:00,145.0,164.0,144.0,155.0,88888000.0
2020-04-01 09:00:00+00:00,152.0,166.0,147.0,151.0,51313500.0
2020-04-02 09:00:00+00:00,150.0,160.0,143.0,159.0,82081500.0
2020-04-03 09:00:00+00:00,157.0,163.0,153.0,158.0,140071500.0
2020-04-06 09:00:00+00:00,162.0,169.0,159.0,169.0,193226500.0
2020-04-07 09:00:00+00:00,173.0,184.0,166.0,170.0,174342000.0
2020-04-08 09:00:00+00:00,169.0,170.0,159.0,159.0,78891000.0
2020-04-09 09:00:00+00:00,162.0,170.0,151.0,166.0,141833500.0
2020-04-13 09:00:00+00:00,166.0,167.0,160.0,162.0,71563500.0
2020-04-14 09:00:00+00:00,164.0,168.0,162.0,164.0,179805500.0
2020-04-15 09:00:00+00:00,164.0,179.0,163.0,168.0,434357500.0
2020-04-16 09:00:00+00:00,168.0,168.0,161.0,164.0,219907000.0
2020-04-17 09:00:00+00:00,168.0,175.0,166.0,171.0,184131000.0
2020-04-20 09:00:00+00:00,170.0,171.0,165.0,167.0,163140500.0
2020-04-21 09:00:00+00:00,166.0,166.0,156.0,156.0,96028500.0
2020-04-22 09:00:00+00:00,152.0,154.0,146.0,150.0,267584000.0
2020-04-23 09:00:00+00:00,151.0,170.0,150.0,163.0,247584000.0
2020-04-24 09:00:00+00:00,162.0,163.0,152.0,156.0,189990500.0
2020-04-27 09:00:00+00:00,160.0,160.0,155.0,158.0,36690000.0
2020-04-28 09:00:00+00:00,158.0,161.0,154.0,160.0,64222000.0
2020-04-29 09:00:00+00:00,157.0,167.0,156.0,164.0,83395500.0
2020-04-30 09:00:00+00:00,168.0,179.0,166.0,176.0,225688500.0
2020-05-04 09:00:00+00:00,172.0,172.0,164.0,164.0,143423500.0
2020-05-05 09:00:00+00:00,163.0,166.0,154.0,157.0,225501000.0
2020-05-06 09:00:00+00:00,159.0,163.0,153.0,162.0,167626500.0
2020-05-08 09:00:00+00:00,163.0,168.0,158.0,158.0,286978500.0
2020-05-11 09:00:00+00:00,160.0,162.0,157.0,160.0,153103500.0
2020-05-12 09:00:00+00:00,160.0,162.0,156.0,157.0,108312000.0
2020-05-13 09:00:00+00:00,157.0,160.0,154.0,159.0,77043500.0
2020-05-14 09:00:00+00:00,159.0,163.0,157.0,160.0,259116000.0
2020-05-15 09:00:00+00:00,161.0,163.0,157.0,160.0,161826000.0
2020-05-18 09:00:00+00:00,160.0,168.0,160.0,167.0,156474000.0
2020-05-19 09:00:00+00:00,168.0,173.0,162.0,164.0,120369000.0
2020-05-20 09:00:00+00:00,164.0,165.0,161.0,161.0,27309500.0
2020-05-26 09:00:00+00:00,164.0,166.0,159.0,165.0,66121000.0
2020-05-27 09:00:00+00:00,167.0,195.0,165.0,188.0,469625500.0
2020-05-28 09:00:00+00:00,189.0,198.0,184.0,191.0,210528500.0
2020-05-29 09:00:00+00:00,191.0,200.0,186.0,200.0,174291500.0
2020-06-02 09:00:00+00:00,200.0,200.0,192.0,193.0,174477500.0
2020-06-03 09:00:00+00:00,194.0,203.0,193.0,200.0,212563000.0
2020-06-04 09:00:00+00:00,202.0,204.0,191.0,192.0,104306000.0
2020-06-05 09:00:00+00:00,192.0,196.0,185.0,193.0,242215500.0
2020-06-08 09:00:00+00:00,196.0,205.0,190.0,196.0,276951500.0
2020-06-09 09:00:00+00:00,198.0,208.0,197.0,201.0,397769000.0
2020-06-10 09:00:00+00:00,204.0,207.0,189.0,193.0,221445000.0
2020-06-11 09:00:00+00:00,189.0,195.0,186.0,188.0,106587500.0
2020-06-12 09:00:00+00:00,180.0,187.0,177.0,185.0,131431000.0
2020-06-15 09:00:00+00:00,188.0,192.0,181.0,185.0,91280500.0
2020-06-16 09:00:00+00:00,188.0,197.0,188.0,193.0,187307500.0
2020-06-17 09:00:00+00:00,195.0,202.0,190.0,201.0,140335500.0
2020-06-18 09:00:00+00:00,200.0,202.0,196.0,201.0,146973000.0
2020-06-19 09:00:00+00:00,202.0,206.0,200.0,201.0,218285500.0
2020-06-22 09:00:00+00:00,202.0,205.0,200.0,204.0,126538000.0
2020-06-23 09:00:00+00:00,209.0,225.0,201.0,220.0,606965000.0
2020-06-24 09:00:00+00:00,221.0,224.0,211.0,219.0,226384000.0
2020-06-25 09:00:00+00:00,218.0,219.0,211.0,218.0,117536000.0
2020-06-26 09:00:00+00:00,219.0,236.0,215.0,233.0,546715500.0
2020-06-29 09:00:00+00:00,231.0,239.0,228.0,232.0,244672000.0
2020-06-30 09:00:00+00:00,235.0,238.0,227.0,233.0,229739500.0
2020-07-01 09:00:00+00:00,235.0,236.0,229.0,233.0,150772500.0
2020-07-02 09:00:00+00:00,233.0,238.0,231.0,233.0,207594500.0
2020-07-03 09:00:00+00:00,234.0,241.0,232.0,239.0,214806500.0
2020-07-06 09:00:00+00:00,239.0,252.0,238.0,250.0,504185500.0
2020-07-07 09:00:00+00:00,253.0,260.0,243.0,249.0,170512500.0
2020-07-08 09:00:00+00:00,249.0,253.0,248.0,248.0,107163500.0
2020-07-09 09:00:00+00:00,248.0,249.0,243.0,245.0,71745000.0
2020-07-10 09:00:00+00:00,245.0,252.0,243.0,247.0,173134500.0
2020-07-13 09:00:00+00:00,249.0,250.0,246.0,247.0,65085000.0
2020-07-14 09:00:00+00:00,247.0,250.0,245.0,248.0,44348500.0
2020-07-15 09:00:00+00:00,250.0,252.0,246.0,247.0,45713000.0
2020-07-16 09:00:00+00:00,248.0,249.0,241.0,243.0,32845000.0
2020-07-17 09:00:00+00:00,243.0,248.0,243.0,247.0,58206000.0
2020-07-20 09:00:00+00:00,245.0,247.0,243.0,244.0,50085000.0
2020-07-21 09:00:00+00:00,244.0,247.0,241.0,245.0,65135000.0
2020-07-22 09:00:00+00:00,247.0,249.0,242.0,245.0,99006500.0
2020-07-23 09:00:00+00:00,247.0,257.0,244.0,254.0,388634000.0
2020-07-24 09:00:00+00:00,254.0,257.0,248.0,255.0,251848500.0
2020-07-27 09:00:00+00:00,258.0,265.0,256.0,261.0,208327500.0
2020-07-28 09:00:00+00:00,261.0,263.0,258.0,261.0,49696000.0
2020-07-29 09:00:00+00:00,261.0,262.0,255.0,256.0,85504000.0
2020-07-30 09:00:00+00:00,258.0,261.0,250.0,257.0,199262000.0
2020-08-03 09:00:00+00:00,258.0,258.0,240.0,244.0,221044500.0
2020-08-04 09:00:00+00:00,245.0,250.0,243.0,246.0,112269500.0
2020-08-05 09:00:00+00:00,246.0,248.0,243.0,246.0,104819000.0
2020-08-06 09:00:00+00:00,248.0,253.0,244.0,251.0,107224000.0
2020-08-07 09:00:00+00:00,252.0,253.0,244.0,244.0,99075000.0
2020-08-10 09:00:00+00:00,245.0,248.0,243.0,245.0,107177500.0
2020-08-11 09:00:00+00:00,247.0,247.0,241.0,243.0,58819500.0
2020-08-12 09:00:00+00:00,243.0,255.0,242.0,252.0,246031500.0
2020-08-13 09:00:00+00:00,254.0,255.0,246.0,249.0,93811500.0
2020-08-14 09:00:00+00:00,249.0,249.0,240.0,242.0,113117500.0
2020-08-18 09:00:00+00:00,240.0,245.0,235.0,238.0,113057000.0
2020-08-19 09:00:00+00:00,239.0,243.0,238.0,242.0,41829000.0
2020-08-24 09:00:00+00:00,243.0,244.0,239.0,240.0,47464000.0
2020-08-25 09:00:00+00:00,242.0,245.0,238.0,244.0,44034500.0
2020-08-26 09:00:00+00:00,245.0,245.0,240.0,242.0,32501000.0
2020-08-27 09:00:00+00:00,242.0,244.0,240.0,244.0,35563000.0
2020-08-28 09:00:00+00:00,246.0,258.0,242.0,255.0,305514500.0
2020-08-31 09:00:00+00:00,256.0,257.0,240.0,248.0,184634500.0
2020-09-01 09:00:00+00:00,249.0,250.0,239.0,240.0,83599000.0
2020-09-02 09:00:00+00:00,240.0,243.0,238.0,242.0,56055500.0
2020-09-03 09:00:00+00:00,243.0,243.0,239.0,239.0,79330500.0
2020-09-04 09:00:00+00:00,236.0,240.0,230.0,240.0,63649500.0
2020-09-07 09:00:00+00:00,240.0,245.0,236.0,240.0,49110000.0
2020-09-08 09:00:00+00:00,240.0,243.0,237.0,238.0,96169000.0
2020-09-09 09:00:00+00:00,236.0,238.0,230.0,233.0,96225500.0
2020-09-10 09:00:00+00:00,227.0,227.0,217.0,217.0,256838500.0
2020-09-11 09:00:00+00:00,204.0,225.0,204.0,224.0,76694500.0
2020-09-14 09:00:00+00:00,224.0,229.0,224.0,228.0,97959000.0
2020-09-15 09:00:00+00:00,232.0,233.0,227.0,231.0,72975500.0
2020-09-16 09:00:00+00:00,231.0,239.0,229.0,236.0,53656500.0
2020-09-17 09:00:00+00:00,236.0,240.0,233.0,236.0,56696500.0
2020-09-18 09:00:00+00:00,237.0,240.0,235.0,239.0,38591500.0
2020-09-21 09:00:00+00:00,236.0,239.0,227.0,234.0,66534500.0
2020-09-22 09:00:00+00:00,228.0,240.0,224.0,235.0,131885500.0
2020-09-23 09:00:00+00:00,236.0,239.0,233.0,233.0,6842500.0
2020-09-24 09:00:00+00:00,227.0,235.0,227.0,229.0,113034000.0
2020-09-25 09:00:00+00:00,228.0,233.0,225.0,232.0,64568500.0
2020-09-28 09:00:00+00:00,233.0,244.0,232.0,241.0,145787000.0
2020-09-29 09:00:00+00:00,243.0,244.0,237.0,239.0,25066000.0
2020-09-30 09:00:00+00:00,237.0,244.0,232.0,243.0,90840000.0
2020-10-01 09:00:00+00:00,240.0,245.0,238.0,242.0,34918500.0
2020-10-02 09:00:00+00:00,244.0,244.0,226.0,236.0,91002000.0
2020-10-05 09:00:00+00:00,235.0,238.0,234.0,237.0,9266500.0
2020-10-06 09:00:00+00:00,237.0,239.0,236.0,237.0,9845500.0
2020-10-07 09:00:00+00:00,236.0,239.0,234.0,236.0,16348500.0
2020-10-08 09:00:00+00:00,239.0,251.0,237.0,248.0,203134500.0
2020-10-09 09:00:00+00:00,251.0,252.0,247.0,251.0,32494000.0
2020-10-12 09:00:00+00:00,253.0,253.0,247.0,248.0,24638000.0
2020-10-13 09:00:00+00:00,250.0,252.0,244.0,251.0,40837500.0
2020-10-14 09:00:00+00:00,251.0,276.0,246.0,268.0,217899000.0
2020-10-15 09:00:00+00:00,268.0,270.0,260.0,264.0,95659500.0
2020-10-16 09:00:00+00:00,260.0,268.0,258.0,260.0,30714000.0
2020-10-19 09:00:00+00:00,264.0,274.0,263.0,271.0,47529000.0
2020-10-20 09:00:00+00:00,270.0,273.0,266.0,268.0,43832500.0
2020-10-21 09:00:00+00:00,271.0,273.0,268.0,273.0,19653500.0
2020-10-22 09:00:00+00:00,274.0,274.0,260.0,260.0,78475500.0
2020-10-23 09:00:00+00:00,266.0,278.0,266.0,275.0,76102000.0
2020-10-26 09:00:00+00:00,278.0,301.0,272.0,287.0,210990000.0
2020-10-27 09:00:00+00:00,283.0,300.0,281.0,299.0,166884000.0
2020-11-02 09:00:00+00:00,290.0,297.0,286.0,296.0,93047500.0
2020-11-03 09:00:00+00:00,296.0,322.0,292.0,300.0,110354500.0
2020-11-04 09:00:00+00:00,300.0,305.0,292.0,296.0,50976500.0
2020-11-05 09:00:00+00:00,301.0,313.0,295.0,302.0,85894000.0
2020-11-06 09:00:00+00:00,310.0,310.0,302.0,302.0,83907000.0
2020-11-09 09:00:00+00:00,310.0,310.0,294.0,298.0,68666500.0
2020-11-10 09:00:00+00:00,302.0,312.0,301.0,305.0,104520000.0
2020-11-11 09:00:00+00:00,305.0,306.0,298.0,300.0,64501500.0
2020-11-12 09:00:00+00:00,300.0,302.0,294.0,298.0,14886000.0
2020-11-13 09:00:00+00:00,296.0,300.0,295.0,295.0,10918500.0
2020-11-16 09:00:00+00:00,300.0,311.0,298.0,304.0,91783500.0
2020-11-17 09:00:00+00:00,305.0,310.0,302.0,303.0,65838500.0
2020-11-18 09:00:00+00:00,303.0,307.0,301.0,302.0,82681000.0
2020-11-19 09:00:00+00:00,303.0,307.0,298.0,299.0,58009000.0
2020-11-20 09:00:00+00:00,299.0,302.0,297.0,299.0,40765500.0
2020-11-23 09:00:00+00:00,299.0,305.0,296.0,298.0,124432500.0
2020-11-24 09:00:00+00:00,299.0,310.0,298.0,306.0,90447000.0
2020-11-25 09:00:00+00:00,310.0,313.0,299.0,306.0,72551000.0
2020-11-26 09:00:00+00:00,310.0,310.0,306.0,309.0,39420000.0
2020-11-27 09:00:00+00:00,311.0,335.0,308.0,326.0,136943000.0
2020-11-30 09:00:00+00:00,326.0,329.0,304.0,329.0,91986000.0
2020-12-01 09:00:00+00:00,329.0,329.0,309.0,317.0,39383000.0
2020-12-02 09:00:00+00:00,320.0,327.0,313.0,323.0,68029000.0
2020-12-03 09:00:00+00:00,323.0,327.0,321.0,324.0,54359000.0
2020-12-04 09:00:00+00:00,324.0,330.0,321.0,324.0,55611500.0
2020-12-07 09:00:00+00:00,325.0,332.0,325.0,329.0,41783500.0
2020-12-08 09:00:00+00:00,332.0,357.0,329.0,348.0,133649500.0
2020-12-10 09:00:00+00:00,358.0,374.0,349.0,359.0,162991000.0
2020-12-11 09:00:00+00:00,359.0,370.0,346.0,356.0,45073000.0
2020-12-14 09:00:00+00:00,360.0,375.0,360.0,375.0,61112500.0
2020-12-15 09:00:00+00:00,376.0,390.0,376.0,389.0,284043000.0
2020-12-16 09:00:00+00:00,394.0,468.0,393.0,434.0,218159500.0
2020-12-17 09:00:00+00:00,432.0,432.0,404.0,412.0,126336000.0
2020-12-18 09:00:00+00:00,410.0,430.0,404.0,430.0,84734000.0
2020-12-21 09:00:00+00:00,430.0,490.0,428.0,464.0,133173000.0
2020-12-22 09:00:00+00:00,468.0,472.0,432.0,432.0,107201500.0
2020-12-23 09:00:00+00:00,432.0,450.0,408.0,444.0,70337000.0
2020-12-28 09:00:00+00:00,450.0,460.0,440.0,454.0,70944000.0
2020-12-29 09:00:00+00:00,454.0,466.0,434.0,448.0,59886000.0
2020-12-30 09:00:00+00:00,460.0,484.0,438.0,458.0,137986000.0
2021-01-04 09:00:00+00:00,460.0,480.0,450.0,476.0,59416000.0
2021-01-05 09:00:00+00:00,478.0,496.0,470.0,484.0,108648000.0
2021-01-06 09:00:00+00:00,484.0,496.0,462.0,484.0,86424500.0
2021-01-07 09:00:00+00:00,494.0,494.0,484.0,484.0,32771500.0
2021-01-08 09:00:00+00:00,490.0,498.0,486.0,490.0,32202000.0
2021-01-11 09:00:00+00:00,492.0,510.0,490.0,500.0,96997500.0
2021-01-12 09:00:00+00:00,500.0,500.0,478.0,480.0,83704000.0
2021-01-13 09:00:00+00:00,480.0,482.0,454.0,468.0,95061000.0
2021-01-14 09:00:00+00:00,460.0,472.0,446.0,464.0,101599500.0
2021-01-15 09:00:00+00:00,470.0,484.0,458.0,468.0,59473000.0
2021-01-18 09:00:00+00:00,470.0,476.0,448.0,462.0,50416000.0
2021-01-19 09:00:00+00:00,462.0,506.0,430.0,490.0,162823500.0
2021-01-20 09:00:00+00:00,494.0,498.0,472.0,488.0,64127000.0
2021-01-21 09:00:00+00:00,488.0,488.0,466.0,468.0,34811000.0
2021-01-22 09:00:00+00:00,468.0,474.0,444.0,448.0,87030500.0
2021-01-25 09:00:00+00:00,446.0,488.0,434.0,472.0,108949500.0
2021-01-26 09:00:00+00:00,470.0,470.0,440.0,440.0,210840500.0
2021-01-27 09:00:00+00:00,420.0,450.0,410.0,438.0,170920500.0
2021-01-28 09:00:00+00:00,420.0,432.0,408.0,408.0,149545500.0
2021-01-29 09:00:00+00:00,412.0,446.0,410.0,436.0,113525000.0
2021-02-01 09:00:00+00:00,436.0,466.0,432.0,452.0,125361000.0
2021-02-02 09:00:00+00:00,452.0,468.0,436.0,440.0,75471000.0
2021-02-03 09:00:00+00:00,440.0,452.0,424.0,446.0,24554000.0
2021-02-04 09:00:00+00:00,460.0,460.0,440.0,446.0,47737500.0
2021-02-05 09:00:00+00:00,446.0,460.0,446.0,456.0,40633500.0
2021-02-08 09:00:00+00:00,462.0,464.0,454.0,456.0,31598000.0
2021-02-09 09:00:00+00:00,456.0,460.0,430.0,432.0,17911000.0
2021-02-10 09:00:00+00:00,432.0,440.0,422.0,424.0,52169000.0
2021-02-11 09:00:00+00:00,424.0,426.0,408.0,424.0,40299500.0
2021-02-15 09:00:00+00:00,426.0,438.0,414.0,426.0,18674000.0
2021-02-16 09:00:00+00:00,426.0,426.0,408.0,414.0,34756000.0
2021-02-17 09:00:00+00:00,414.0,420.0,396.0,404.0,45266500.0
2021-02-18 09:00:00+00:00,404.0,406.0,387.0,388.0,43671000.0
2021-02-19 09:00:00+00:00,388.0,389.0,364.0,380.0,115189000.0
2021-02-22 09:00:00+00:00,385.0,418.0,380.0,410.0,88168000.0
2021-02-23 09:00:00+00:00,412.0,414.0,399.0,402.0,44864000.0
2021-02-24 09:00:00+00:00,404.0,404.0,386.0,391.0,41088500.0
2021-02-25 09:00:00+00:00,391.0,402.0,391.0,392.0,20650500.0
2021-02-26 09:00:00+00:00,391.0,400.0,389.0,396.0,80467500.0
2021-03-01 09:00:00+00:00,402.0,404.0,388.0,392.0,26419000.0
2021-03-02 09:00:00+00:00,396.0,399.0,380.0,382.0,31498000.0
2021-03-03 09:00:00+00:00,383.0,386.0,376.0,381.0,20925500.0
2021-03-04 09:00:00+00:00,376.0,384.0,370.0,371.0,29794500.0
2021-03-05 09:00:00+00:00,368.0,371.0,360.0,361.0,56769000.0
2021-03-08 09:00:00+00:00,363.0,366.0,354.0,357.0,16773000.0
2021-03-09 09:00:00+00:00,358.0,359.0,343.0,352.0,80975000.0
2021-03-10 09:00:00+00:00,353.0,363.0,353.0,354.0,36617500.0
2021-03-12 09:00:00+00:00,360.0,362.0,347.0,349.0,41226500.0
2021-03-15 09:00:00+00:00,352.0,356.0,348.0,350.0,31389000.0
2021-03-16 09:00:00+00:00,352.0,376.0,352.0,376.0,65868500.0
2021-03-17 09:00:00+00:00,376.0,379.0,366.0,373.0,54167500.0
2021-03-18 09:00:00+00:00,373.0,377.0,358.0,365.0,35263000.0
2021-03-19 09:00:00+00:00,364.0,369.0,350.0,350.0,46695500.0
2021-03-22 09:00:00+00:00,350.0,363.0,350.0,358.0,49842500.0
2021-03-23 09:00:00+00:00,358.0,359.0,352.0,357.0,17547000.0
2021-03-24 09:00:00+00:00,359.0,359.0,339.0,342.0,35886500.0
2021-03-25 09:00:00+00:00,335.0,349.0,324.0,330.0,57999500.0
2021-03-26 09:00:00+00:00,339.0,346.0,330.0,345.0,44232000.0
2021-03-29 09:00:00+00:00,348.0,365.0,345.0,360.0,53933000.0
2021-03-30 09:00:00+00:00,360.0,362.0,340.0,348.0,21886000.0
2021-03-31 09:00:00+00:00,348.0,350.0,333.0,340.0,56762500.0
2021-04-01 09:00:00+00:00,340.0,345.0,326.0,340.0,51913000.0
2021-04-05 09:00:00+00:00,342.0,345.0,337.0,345.0,34882000.0
2021-04-06 09:00:00+00:00,345.0,348.0,332.0,344.0,35765000.0
2021-04-07 09:00:00+00:00,344.0,358.0,340.0,358.0,59123000.0
2021-04-08 09:00:00+00:00,360.0,361.0,350.0,357.0,40124500.0
2021-04-09 09:00:00+00:00,358.0,358.0,342.0,347.0,45166000.0
2021-04-12 09:00:00+00:00,348.0,350.0,324.0,325.0,79584000.0
2021-04-13 09:00:00+00:00,325.0,327.0,315.0,324.0,65598000.0
2021-04-14 09:00:00+00:00,325.0,335.0,322.0,334.0,34453000.0
2021-04-15 09:00:00+00:00,335.0,354.0,324.0,345.0,122926500.0
2021-04-16 09:00:00+00:00,346.0,348.0,331.0,336.0,66088500.0
2021-04-19 09:00:00+00:00,336.0,339.0,326.0,327.0,83894000.0
2021-04-20 09:00:00+00:00,327.0,327.0,316.0,320.0,88941000.0
2021-04-21 09:00:00+00:00,317.0,321.0,312.0,313.0,64388500.0
2021-04-22 09:00:00+00:00,315.0,316.0,302.0,304.0,79287000.0
2021-04-23 09:00:00+00:00,305.0,313.0,304.0,305.0,65133500.0
2021-04-26 09:00:00+00:00,310.0,311.0,304.0,309.0,59971500.0
2021-04-27 09:00:00+00:00,309.0,311.0,294.0,296.0,80735500.0
2021-04-28 09:00:00+00:00,296.0,297.0,286.0,296.0,181252500.0
2021-04-29 09:00:00+00:00,299.0,312.0,298.0,310.0,156691000.0
2021-04-30 09:00:00+00:00,310.0,319.0,304.0,315.0,78046500.0
2021-05-03 09:00:00+00:00,316.0,318.0,312.0,314.0,22794000.0
2021-05-04 09:00:00+00:00,315.0,315.0,302.0,305.0,28122500.0
2021-05-05 09:00:00+00:00,305.0,309.0,302.0,307.0,22631500.0
2021-05-06 09:00:00+00:00,306.0,308.0,299.0,302.0,47254000.0
2021-05-07 09:00:00+00:00,302.0,307.0,292.0,296.0,65548500.0
2021-05-10 09:00:00+00:00,297.0,297.0,289.0,293.0,84659500.0
2021-05-11 09:00:00+00:00,292.0,293.0,287.0,288.0,71586500.0
2021-05-17 09:00:00+00:00,288.0,290.0,277.0,277.0,93591000.0
2021-05-18 09:00:00+00:00,277.0,287.0,277.0,287.0,98971000.0
2021-05-19 09:00:00+00:00,287.0,298.0,283.0,295.0,69171500.0
2021-05-20 09:00:00+00:00,295.0,300.0,285.0,298.0,63965500.0
2021-05-21 09:00:00+00:00,299.0,301.0,290.0,291.0,33637000.0
2021-05-24 09:00:00+00:00,291.0,293.0,283.0,290.0,31772500.0
2021-05-25 09:00:00+00:00,290.0,292.0,285.0,287.0,33787000.0
2021-05-27 09:00:00+00:00,287.0,307.0,287.0,288.0,217590500.0
2021-05-28 09:00:00+00:00,292.0,315.0,292.0,315.0,164778000.0
2021-05-31 09:00:00+00:00,316.0,340.0,316.0,337.0,266155000.0
2021-06-02 09:00:00+00:00,345.0,345.0,331.0,332.0,146918000.0
2021-06-03 09:00:00+00:00,334.0,345.0,332.0,338.0,77335500.0
2021-06-04 09:00:00+00:00,338.0,343.0,328.0,329.0,70170000.0
2021-06-07 09:00:00+00:00,329.0,343.0,325.0,337.0,52813500.0
2021-06-08 09:00:00+00:00,339.0,342.0,328.0,329.0,52008000.0
2021-06-09 09:00:00+00:00,333.0,336.0,322.0,324.0,75024000.0
2021-06-10 09:00:00+00:00,326.0,335.0,326.0,331.0,58621500.0
2021-06-11 09:00:00+00:00,331.0,335.0,321.0,324.0,51408000.0
2021-06-14 09:00:00+00:00,324.0,330.0,317.0,320.0,76699000.0
2021-06-15 09:00:00+00:00,320.0,324.0,316.0,324.0,50146000.0
2021-06-16 09:00:00+00:00,325.0,328.0,319.0,320.0,44267500.0
2021-06-17 09:00:00+00:00,319.0,325.0,316.0,319.0,45689000.0
2021-06-18 09:00:00+00:00,322.0,324.0,300.0,304.0,165355500.0
2021-06-21 09:00:00+00:00,302.0,313.0,283.0,306.0,70709500.0
2021-06-22 09:00:00+00:00,306.0,310.0,296.0,306.0,46832500.0
2021-06-23 09:00:00+00:00,302.0,311.0,301.0,303.0,45542500.0
2021-06-24 09:00:00+00:00,304.0,331.0,304.0,324.0,104897500.0
2021-06-25 09:00:00+00:00,326.0,350.0,325.0,342.0,193721500.0
2021-06-28 09:00:00+00:00,344.0,350.0,334.0,336.0,172655500.0
2021-06-29 09:00:00+00:00,335.0,361.0,332.0,340.0,288963500.0
2021-06-30 09:00:00+00:00,343.0,366.0,335.0,362.0,280912000.0
2021-07-01 09:00:00+00:00,364.0,373.0,356.0,365.0,170070000.0
2021-07-02 09:00:00+00:00,366.0,371.0,359.0,364.0,66657500.0
2021-07-05 09:00:00+00:00,366.0,367.0,360.0,363.0,60829500.0
2021-07-06 09:00:00+00:00,366.0,446.0,366.0,430.0,503704500.0
2021-07-07 09:00:00+00:00,430.0,472.0,414.0,450.0,320142500.0
2021-07-08 09:00:00+00:00,464.0,480.0,450.0,460.0,310622000.0
2021-07-09 09:00:00+00:00,460.0,466.0,444.0,446.0,137880500.0
2021-07-12 09:00:00+00:00,446.0,450.0,428.0,444.0,107499500.0
2021-07-13 09:00:00+00:00,444.0,450.0,414.0,416.0,129656000.0
2021-07-14 09:00:00+00:00,416.0,430.0,406.0,418.0,103962500.0
2021-07-15 09:00:00+00:00,420.0,438.0,418.0,434.0,95966000.0
2021-07-16 09:00:00+00:00,438.0,442.0,424.0,428.0,64616500.0
2021-07-19 09:00:00+00:00,426.0,430.0,408.0,408.0,37220500.0
2021-07-21 09:00:00+00:00,408.0,422.0,394.0,418.0,89389000.0
2021-07-22 09:00:00+00:00,418.0,432.0,414.0,418.0,103247000.0
2021-07-23 09:00:00+00:00,418.0,430.0,414.0,416.0,45989500.0
2021-07-26 09:00:00+00:00,420.0,438.0,412.0,438.0,117694000.0
2021-07-27 09:00:00+00:00,440.0,454.0,422.0,424.0,80921500.0
2021-07-28 09:00:00+00:00,430.0,460.0,414.0,460.0,154153500.0
2021-07-29 09:00:00+00:00,460.0,466.0,448.0,448.0,91980500.0
2021-07-30 09:00:00+00:00,448.0,460.0,430.0,460.0,182209500.0
2021-08-02 09:00:00+00:00,460.0,468.0,444.0,450.0,101175000.0
2021-08-03 09:00:00+00:00,450.0,458.0,434.0,442.0,104453000.0
2021-08-04 09:00:00+00:00,446.0,452.0,434.0,436.0,66192000.0
2021-08-05 09:00:00+00:00,434.0,446.0,406.0,418.0,140155500.0
2021-08-06 09:00:00+00:00,422.0,424.0,406.0,416.0,77789000.0
2021-08-09 09:00:00+00:00,416.0,424.0,398.0,404.0,90238500.0
2021-08-10 09:00:00+00:00,406.0,412.0,383.0,400.0,67454000.0
2021-08-12 09:00:00+00:00,399.0,406.0,387.0,394.0,33403500.0
2021-08-13 09:00:00+00:00,392.0,402.0,384.0,386.0,33842500.0
2021-08-16 09:00:00+00:00,386.0,386.0,364.0,368.0,42131000.0
2021-08-18 09:00:00+00:00,368.0,370.0,343.0,349.0,128020000.0
2021-08-19 09:00:00+00:00,348.0,358.0,330.0,355.0,86746500.0
2021-08-20 09:00:00+00:00,358.0,390.0,350.0,390.0,147564500.0
2021-08-23 09:00:00+00:00,392.0,396.0,371.0,386.0,91908000.0
2021-08-24 09:00:00+00:00,386.0,389.0,379.0,380.0,36174000.0
2021-08-25 09:00:00+00:00,385.0,406.0,380.0,390.0,79185000.0
2021-08-26 09:00:00+00:00,390.0,400.0,382.0,385.0,19003000.0
2021-08-27 09:00:00+00:00,385.0,393.0,382.0,383.0,39406500.0
2021-08-30 09:00:00+00:00,388.0,402.0,385.0,395.0,54558000.0
2021-08-31 09:00:00+00:00,395.0,422.0,394.0,406.0,150550000.0
2021-09-01 09:00:00+00:00,412.0,414.0,400.0,404.0,84459000.0
2021-09-02 09:00:00+00:00,404.0,410.0,379.0,383.0,63853000.0
2021-09-03 09:00:00+00:00,383.0,399.0,379.0,390.0,50366000.0
2021-09-06 09:00:00+00:00,390.0,414.0,390.0,410.0,39387500.0
2021-09-07 09:00:00+00:00,412.0,414.0,402.0,414.0,36584000.0
2021-09-08 09:00:00+00:00,414.0,416.0,399.0,400.0,73974000.0
2021-09-09 09:00:00+00:00,400.0,408.0,384.0,393.0,40108000.0
2021-09-10 09:00:00+00:00,393.0,412.0,393.0,410.0,52841500.0
2021-09-13 09:00:00+00:00,410.0,422.0,398.0,418.0,42748000.0
2021-09-14 09:00:00+00:00,420.0,434.0,412.0,432.0,39858000.0
2021-09-15 09:00:00+00:00,432.0,436.0,410.0,412.0,37503500.0
2021-09-16 09:00:00+00:00,414.0,420.0,404.0,406.0,25321000.0
2021-09-17 09:00:00+00:00,408.0,430.0,408.0,430.0,76418000.0
2021-09-20 09:00:00+00:00,430.0,432.0,416.0,418.0,24004500.0
2021-09-21 09:00:00+00:00,420.0,430.0,412.0,430.0,35569500.0
2021-09-22 09:00:00+00:00,440.0,446.0,426.0,426.0,42848500.0
2021-09-23 09:00:00+00:00,426.0,444.0,422.0,430.0,36964500.0
2021-09-24 09:00:00+00:00,430.0,436.0,400.0,416.0,52792500.0
2021-09-27 09:00:00+00:00,422.0,424.0,406.0,406.0,42499000.0
2021-09-28 09:00:00+00:00,406.0,412.0,390.0,391.0,40701000.0
2021-09-29 09:00:00+00:00,391.0,404.0,387.0,393.0,24987000.0
2021-09-30 09:00:00+00:00,394.0,410.0,385.0,402.0,80998000.0
2021-10-01 09:00:00+00:00,402.0,402.0,385.0,389.0,20839000.0
2021-10-04 09:00:00+00:00,392.0,406.0,388.0,400.0,24712500.0
2021-10-05 09:00:00+00:00,404.0,406.0,389.0,391.0,23931000.0
2021-10-06 09:00:00+00:00,391.0,416.0,391.0,406.0,100435500.0
2021-10-07 09:00:00+00:00,416.0,422.0,404.0,410.0,48080000.0
2021-10-08 09:00:00+00:00,412.0,420.0,408.0,414.0,27164500.0
2021-10-11 09:00:00+00:00,416.0,420.0,391.0,392.0,32916000.0
2021-10-12 09:00:00+00:00,392.0,398.0,387.0,387.0,41093500.0
2021-10-13 09:00:00+00:00,388.0,392.0,366.0,368.0,143043000.0
2021-10-14 09:00:00+00:00,368.0,378.0,359.0,377.0,89775000.0
2021-10-15 09:00:00+00:00,380.0,410.0,379.0,386.0,147775000.0
2021-10-18 09:00:00+00:00,387.0,391.0,376.0,384.0,71489000.0
2021-10-19 09:00:00+00:00,380.0,386.0,378.0,386.0,44842000.0
2021-10-21 09:00:00+00:00,387.0,422.0,387.0,400.0,286702000.0
2021-10-22 09:00:00+00:00,404.0,436.0,399.0,428.0,172913000.0
2021-10-25 09:00:00+00:00,430.0,444.0,418.0,426.0,107987000.0
2021-10-26 09:00:00+00:00,430.0,448.0,424.0,440.0,109988000.0
2021-10-27 09:00:00+00:00,440.0,446.0,422.0,432.0,95892000.0
2021-10-28 09:00:00+00:00,432.0,468.0,432.0,444.0,260832000.0
2021-10-29 09:00:00+00:00,450.0,450.0,416.0,420.0,156103100.0
2021-11-01 09:00:00+00:00,424.0,450.0,420.0,438.0,146996700.0
2021-11-02 09:00:00+00:00,454.0,454.0,408.0,420.0,403311000.0
2021-11-03 09:00:00+00:00,418.0,430.0,406.0,424.0,153317900.0
2021-11-04 09:00:00+00:00,424.0,428.0,408.0,418.0,136246700.0
2021-11-05 09:00:00+00:00,420.0,420.0,410.0,410.0,60049100.0
2021-11-08 09:00:00+00:00,414.0,414.0,398.0,406.0,76056500.0
2021-11-09 09:00:00+00:00,406.0,414.0,400.0,410.0,85099500.0
2021-11-10 09:00:00+00:00,410.0,410.0,400.0,404.0,92994900.0
2021-11-11 09:00:00+00:00,404.0,410.0,400.0,408.0,55224700.0
2021-11-12 09:00:00+00:00,408.0,410.0,392.0,394.0,76492300.0
2021-11-15 09:00:00+00:00,394.0,404.0,392.0,400.0,67535000.0
2021-11-16 09:00:00+00:00,402.0,412.0,398.0,400.0,149569600.0
2021-11-17 09:00:00+00:00,400.0,406.0,388.0,392.0,115301400.0
2021-11-18 09:00:00+00:00,392.0,394.0,380.0,384.0,129788800.0
2021-11-19 09:00:00+00:00,384.0,396.0,384.0,394.0,112653200.0
2021-11-22 09:00:00+00:00,394.0,398.0,388.0,392.0,50336200.0
2021-11-23 09:00:00+00:00,392.0,394.0,382.0,384.0,67385400.0
2021-11-24 09:00:00+00:00,384.0,388.0,380.0,384.0,43551200.0
2021-11-25 09:00:00+00:00,388.0,388.0,364.0,368.0,87450900.0
2021-11-26 09:00:00+00:00,368.0,380.0,350.0,356.0,113266200.0
2021-11-29 09:00:00+00:00,356.0,370.0,350.0,354.0,137028200.0
2021-11-30 09:00:00+00:00,356.0,374.0,342.0,342.0,139688100.0
2021-12-01 09:00:00+00:00,346.0,354.0,336.0,350.0,117386400.0
2021-12-02 09:00:00+00:00,352.0,354.0,340.0,340.0,56551100.0
2021-12-03 09:00:00+00:00,342.0,350.0,340.0,342.0,29095000.0
2021-12-06 09:00:00+00:00,344.0,348.0,332.0,344.0,84250700.0
2021-12-07 09:00:00+00:00,346.0,352.0,344.0,350.0,56962500.0
2021-12-08 09:00:00+00:00,354.0,360.0,342.0,342.0,86233500.0
2021-12-09 09:00:00+00:00,344.0,372.0,342.0,372.0,191417700.0
2021-12-10 09:00:00+00:00,372.0,376.0,362.0,368.0,72814000.0
2021-12-13 09:00:00+00:00,368.0,372.0,354.0,358.0,91842100.0
2021-12-14 09:00:00+00:00,358.0,360.0,342.0,342.0,90073500.0
2021-12-15 09:00:00+00:00,344.0,356.0,340.0,354.0,55115500.0
2021-12-16 09:00:00+00:00,354.0,360.0,344.0,354.0,58128800.0
2021-12-17 09:00:00+00:00,344.0,368.0,344.0,366.0,95007700.0
2021-12-20 09:00:00+00:00,366.0,366.0,354.0,354.0,26025700.0
2021-12-21 09:00:00+00:00,354.0,358.0,344.0,354.0,38197300.0
2021-12-22 09:00:00+00:00,356.0,360.0,348.0,352.0,46233300.0
2021-12-23 09:00:00+00:00,352.0,354.0,340.0,344.0,60505800.0
2021-12-24 09:00:00+00:00,344.0,348.0,332.0,334.0,50289900.0
2021-12-27 09:00:00+00:00,338.0,338.0,326.0,332.0,78785400.0
2021-12-28 09:00:00+00:00,332.0,338.0,322.0,324.0,80805000.0
2021-12-29 09:00:00+00:00,324.0,326.0,316.0,316.0,75257700.0
2021-12-30 09:00:00+00:00,320.0,330.0,314.0,326.0,77590500.0
2022-01-03 09:00:00+00:00,326.0,330.0,322.0,328.0,35517200.0
2022-01-04 09:00:00+00:00,326.0,336.0,324.0,328.0,45138800.0
2022-01-05 09:00:00+00:00,328.0,332.0,314.0,316.0,74405100.0
2022-01-06 09:00:00+00:00,316.0,320.0,304.0,320.0,95103100.0
2022-01-07 09:00:00+00:00,322.0,324.0,300.0,304.0,96972100.0
2022-01-10 09:00:00+00:00,304.0,322.0,304.0,304.0,132785800.0
2022-01-11 09:00:00+00:00,304.0,314.0,304.0,306.0,73765000.0
2022-01-12 09:00:00+00:00,308.0,318.0,308.0,312.0,79852300.0
2022-01-13 09:00:00+00:00,312.0,316.0,292.0,292.0,137445100.0
2022-01-14 09:00:00+00:00,292.0,308.0,284.0,306.0,123290500.0
2022-01-17 09:00:00+00:00,306.0,308.0,288.0,292.0,100100200.0
2022-01-18 09:00:00+00:00,292.0,300.0,288.0,296.0,72900700.0
2022-01-19 09:00:00+00:00,300.0,300.0,290.0,298.0,54983000.0
2022-01-20 09:00:00+00:00,298.0,308.0,296.0,304.0,58358000.0
2022-01-21 09:00:00+00:00,304.0,314.0,298.0,310.0,55106000.0
2022-01-24 09:00:00+00:00,310.0,312.0,290.0,290.0,152098100.0
2022-01-25 09:00:00+00:00,286.0,290.0,278.0,278.0,69060200.0
2022-01-26 09:00:00+00:00,278.0,292.0,278.0,290.0,63608900.0
2022-01-27 09:00:00+00:00,290.0,292.0,280.0,282.0,43223300.0
2022-01-28 09:00:00+00:00,286.0,290.0,282.0,288.0,40425400.0
2022-01-31 09:00:00+00:00,288.0,300.0,288.0,292.0,43026500.0
2022-02-02 09:00:00+00:00,292.0,308.0,290.0,294.0,114652100.0
2022-02-03 09:00:00+00:00,296.0,298.0,286.0,286.0,47267000.0
2022-02-04 09:00:00+00:00,288.0,292.0,284.0,288.0,25336100.0
2022-02-07 09:00:00+00:00,288.0,298.0,288.0,290.0,57994400.0
2022-02-08 09:00:00+00:00,292.0,298.0,290.0,296.0,67147900.0
2022-02-09 09:00:00+00:00,296.0,304.0,284.0,288.0,172822700.0
2022-02-10 09:00:00+00:00,288.0,294.0,286.0,288.0,58657000.0
2022-02-11 09:00:00+00:00,288.0,290.0,270.0,274.0,212485600.0
2022-02-14 09:00:00+00:00,256.0,276.0,256.0,266.0,143114000.0
2022-02-15 09:00:00+00:00,248.0,270.0,248.0,254.0,193230800.0
2022-02-16 09:00:00+00:00,238.0,264.0,238.0,246.0,220995500.0
2022-02-17 09:00:00+00:00,246.0,268.0,244.0,260.0,316238600.0
2022-02-18 09:00:00+00:00,262.0,264.0,254.0,254.0,213320600.0
2022-02-21 09:00:00+00:00,256.0,266.0,248.0,252.0,256182100.0
2022-02-22 09:00:00+00:00,250.0,260.0,248.0,252.0,137301600.0
2022-02-23 09:00:00+00:00,252.0,262.0,252.0,262.0,119063600.0
2022-02-24 09:00:00+00:00,262.0,264.0,244.0,244.0,175705800.0
2022-02-25 09:00:00+00:00,248.0,274.0,244.0,258.0,459269700.0
2022-03-01 09:00:00+00:00,262.0,272.0,258.0,260.0,225479300.0
2022-03-02 09:00:00+00:00,264.0,266.0,252.0,256.0,145758900.0
2022-03-04 09:00:00+00:00,256.0,258.0,246.0,250.0,112783100.0
2022-03-07 09:00:00+00:00,250.0,252.0,234.0,234.0,200036500.0
2022-03-08 09:00:00+00:00,234.0,240.0,222.0,222.0,227983100.0
2022-03-09 09:00:00+00:00,226.0,252.0,224.0,250.0,278303100.0
2022-03-10 09:00:00+00:00,250.0,256.0,240.0,256.0,213934900.0
2022-03-11 09:00:00+00:00,258.0,258.0,248.0,250.0,153245800.0
2022-03-14 09:00:00+00:00,254.0,264.0,252.0,260.0,182697800.0
2022-03-15 09:00:00+00:00,254.0,262.0,242.0,246.0,187193100.0
2022-03-16 09:00:00+00:00,258.0,268.0,248.0,254.0,484885300.0
2022-03-17 09:00:00+00:00,256.0,260.0,250.0,252.0,134153000.0
2022-03-18 09:00:00+00:00,252.0,256.0,250.0,252.0,103467900.0
2022-03-21 09:00:00+00:00,254.0,282.0,252.0,282.0,472363100.0
2022-03-22 09:00:00+00:00,284.0,290.0,272.0,284.0,333039000.0
2022-03-23 09:00:00+00:00,284.0,286.0,276.0,278.0,153403100.0
2022-03-24 09:00:00+00:00,278.0,294.0,274.0,280.0,360999700.0
2022-03-25 09:00:00+00:00,288.0,290.0,268.0,268.0,240912900.0
2022-03-28 09:00:00+00:00,268.0,282.0,268.0,278.0,137889900.0
2022-03-29 09:00:00+00:00,278.0,284.0,270.0,282.0,199906400.0
2022-03-30 09:00:00+00:00,284.0,294.0,280.0,294.0,318950400.0
2022-03-31 09:00:00+00:00,304.0,304.0,286.0,292.0,227310500.0
2022-04-01 09:00:00+00:00,290.0,292.0,280.0,280.0,177370900.0
2022-04-04 09:00:00+00:00,280.0,292.0,280.0,280.0,169224200.0
2022-04-05 09:00:00+00:00,282.0,296.0,280.0,296.0,196055600.0
2022-04-06 09:00:00+00:00,298.0,298.0,286.0,286.0,203756400.0
2022-04-07 09:00:00+00:00,286.0,290.0,282.0,286.0,86677900.0
2022-04-08 09:00:00+00:00,288.0,298.0,286.0,288.0,208359400.0
2022-04-11 09:00:00+00:00,290.0,294.0,272.0,272.0,212119700.0
2022-04-12 09:00:00+00:00,272.0,274.0,262.0,270.0,163394700.0
2022-04-13 09:00:00+00:00,272.0,280.0,260.0,262.0,238718300.0
2022-04-14 09:00:00+00:00,264.0,272.0,262.0,266.0,166657800.0
2022-04-18 09:00:00+00:00,270.0,270.0,262.0,264.0,101350900.0
2022-04-19 09:00:00+00:00,268.0,270.0,254.0,258.0,177672700.0
2022-04-20 09:00:00+00:00,260.0,266.0,258.0,262.0,130174500.0
2022-04-21 09:00:00+00:00,260.0,270.0,260.0,264.0,138074900.0
2022-04-22 09:00:00+00:00,266.0,266.0,250.0,252.0,162366400.0
2022-04-25 09:00:00+00:00,252.0,252.0,242.0,248.0,158392200.0
2022-04-26 09:00:00+00:00,248.0,252.0,242.0,246.0,95764800.0
2022-04-27 09:00:00+00:00,246.0,250.0,240.0,248.0,157450500.0
2022-04-28 09:00:00+00:00,248.0,258.0,244.0,254.0,135316000.0
2022-05-09 09:00:00+00:00,254.0,256.0,238.0,238.0,175429700.0
2022-05-10 09:00:00+00:00,236.0,244.0,222.0,240.0,137206300.0
2022-05-11 09:00:00+00:00,240.0,256.0,238.0,248.0,130410900.0
2022-05-12 09:00:00+00:00,250.0,250.0,234.0,234.0,83445000.0
2022-05-13 09:00:00+00:00,234.0,250.0,230.0,246.0,97081300.0
2022-05-17 09:00:00+00:00,246.0,250.0,242.0,244.0,65822200.0
2022-05-18 09:00:00+00:00,244.0,248.0,238.0,240.0,69776800.0
2022-05-19 09:00:00+00:00,238.0,240.0,228.0,230.0,101526300.0
2022-05-20 09:00:00+00:00,230.0,236.0,226.0,226.0,170611000.0
2022-05-23 09:00:00+00:00,230.0,230.0,224.0,228.0,107151900.0
2022-05-24 09:00:00+00:00,230.0,236.0,224.0,228.0,126479600.0
2022-05-25 09:00:00+00:00,228.0,230.0,214.0,214.0,323420300.0
2022-05-27 09:00:00+00:00,216.0,220.0,208.0,220.0,184209500.0
2022-05-30 09:00:00+00:00,224.0,224.0,214.0,220.0,190633100.0
2022-05-31 09:00:00+00:00,220.0,228.0,218.0,224.0,144760300.0
2022-06-02 09:00:00+00:00,224.0,228.0,218.0,218.0,139358400.0
2022-06-03 09:00:00+00:00,218.0,226.0,216.0,220.0,139132800.0
2022-06-06 09:00:00+00:00,222.0,222.0,210.0,212.0,150196000.0
2022-06-07 09:00:00+00:00,212.0,214.0,208.0,210.0,126206200.0
2022-06-08 09:00:00+00:00,210.0,222.0,210.0,216.0,182429100.0
2022-06-09 09:00:00+00:00,222.0,222.0,212.0,214.0,107145600.0
2022-06-10 09:00:00+00:00,216.0,224.0,210.0,212.0,200215500.0
2022-06-13 09:00:00+00:00,210.0,212.0,198.0,198.0,281063700.0
2022-06-14 09:00:00+00:00,197.0,198.0,189.0,194.0,110826500.0
2022-06-15 09:00:00+00:00,194.0,216.0,194.0,208.0,533069300.0
2022-06-16 09:00:00+00:00,212.0,236.0,210.0,232.0,609344500.0
2022-06-17 09:00:00+00:00,232.0,232.0,222.0,224.0,204881400.0
2022-06-20 09:00:00+00:00,226.0,252.0,220.0,246.0,538974500.0
2022-06-21 09:00:00+00:00,248.0,250.0,232.0,236.0,254473500.0
2022-06-22 09:00:00+00:00,234.0,246.0,228.0,230.0,186360400.0
2022-06-23 09:00:00+00:00,230.0,240.0,226.0,228.0,159778700.0
2022-06-24 09:00:00+00:00,232.0,238.0,228.0,232.0,149157700.0
2022-06-27 09:00:00+00:00,236.0,238.0,230.0,232.0,114339200.0
2022-06-28 09:00:00+00:00,232.0,238.0,228.0,234.0,83362600.0
2022-06-29 09:00:00+00:00,236.0,236.0,230.0,230.0,56716800.0
2022-06-30 09:00:00+00:00,230.0,232.0,220.0,220.0,128578000.0
2022-07-01 09:00:00+00:00,220.0,220.0,206.0,206.0,229298200.0
2022-07-04 09:00:00+00:00,204.0,208.0,195.0,200.0,181800300.0
2022-07-05 09:00:00+00:00,202.0,212.0,202.0,206.0,130644800.0
2022-07-06 09:00:00+00:00,202.0,208.0,197.0,204.0,115514900.0
2022-07-07 09:00:00+00:00,202.0,210.0,200.0,206.0,83286500.0
2022-07-08 09:00:00+00:00,206.0,214.0,202.0,204.0,85278600.0
2022-07-11 09:00:00+00:00,204.0,208.0,202.0,204.0,45775800.0
2022-07-12 09:00:00+00:00,204.0,210.0,200.0,206.0,104426700.0
2022-07-13 09:00:00+00:00,206.0,212.0,202.0,202.0,105506400.0
2022-07-14 09:00:00+00:00,206.0,206.0,199.0,200.0,103287500.0
2022-07-15 09:00:00+00:00,200.0,222.0,199.0,216.0,357241300.0
2022-07-18 09:00:00+00:00,218.0,230.0,216.0,218.0,177886800.0
2022-07-19 09:00:00+00:00,222.0,228.0,218.0,222.0,170742200.0
2022-07-20 09:00:00+00:00,222.0,238.0,222.0,232.0,303427600.0
2022-07-21 09:00:00+00:00,232.0,236.0,228.0,230.0,94295000.0
2022-07-22 09:00:00+00:00,232.0,242.0,230.0,234.0,338498100.0
2022-07-25 09:00:00+00:00,236.0,236.0,226.0,232.0,125232500.0
2022-07-26 09:00:00+00:00,234.0,242.0,232.0,238.0,203636500.0
2022-07-27 09:00:00+00:00,238.0,238.0,230.0,232.0,128209200.0
2022-07-28 09:00:00+00:00,232.0,240.0,230.0,232.0,158490000.0
2022-07-29 09:00:00+00:00,232.0,236.0,220.0,220.0,131363300.0
2022-08-01 09:00:00+00:00,226.0,230.0,222.0,228.0,143485200.0
2022-08-02 09:00:00+00:00,228.0,238.0,228.0,234.0,154624000.0
2022-08-03 09:00:00+00:00,234.0,240.0,232.0,238.0,156106600.0
2022-08-04 09:00:00+00:00,240.0,260.0,240.0,252.0,544925100.0
2022-08-05 09:00:00+00:00,252.0,260.0,244.0,246.0,233456300.0
2022-08-08 09:00:00+00:00,250.0,252.0,242.0,246.0,94115700.0
2022-08-09 09:00:00+00:00,246.0,250.0,244.0,244.0,94194700.0
2022-08-10 09:00:00+00:00,256.0,268.0,240.0,246.0,135224600.0
2022-08-11 09:00:00+00:00,252.0,256.0,246.0,248.0,205939900.0
2022-08-12 09:00:00+00:00,270.0,270.0,240.0,244.0,142332500.0
2022-08-15 09:00:00+00:00,244.0,246.0,240.0,242.0,88145400.0
2022-08-16 09:00:00+00:00,242.0,246.0,228.0,228.0,290272900.0
2022-08-18 09:00:00+00:00,228.0,234.0,226.0,228.0,113287400.0
2022-08-19 09:00:00+00:00,238.0,238.0,228.0,232.0,66211400.0
2022-08-22 09:00:00+00:00,234.0,238.0,226.0,230.0,143675800.0
2022-08-23 09:00:00+00:00,228.0,234.0,226.0,232.0,56536300.0
2022-08-24 09:00:00+00:00,232.0,234.0,226.0,228.0,72563800.0
2022-08-25 09:00:00+00:00,230.0,232.0,224.0,232.0,60697300.0
2022-08-26 09:00:00+00:00,234.0,234.0,228.0,228.0,48131800.0
2022-08-29 09:00:00+00:00,224.0,228.0,222.0,226.0,56606800.0
2022-08-30 09:00:00+00:00,226.0,230.0,224.0,228.0,42895100.0
2022-08-31 09:00:00+00:00,228.0,230.0,224.0,226.0,36536200.0
2022-09-01 09:00:00+00:00,228.0,228.0,222.0,224.0,43640400.0
2022-09-02 09:00:00+00:00,226.0,228.0,222.0,224.0,48517400.0
2022-09-05 09:00:00+00:00,224.0,226.0,220.0,222.0,89561900.0
2022-09-06 09:00:00+00:00,224.0,224.0,216.0,220.0,113128400.0
2022-09-07 09:00:00+00:00,220.0,222.0,212.0,216.0,103259400.0
2022-09-08 09:00:00+00:00,216.0,226.0,216.0,222.0,142444900.0
2022-09-09 09:00:00+00:00,224.0,228.0,222.0,224.0,76107800.0
2022-09-12 09:00:00+00:00,228.0,228.0,222.0,224.0,24285500.0
2022-09-13 09:00:00+00:00,224.0,226.0,220.0,222.0,66319600.0
2022-09-14 09:00:00+00:00,218.0,220.0,216.0,220.0,68862800.0
2022-09-15 09:00:00+00:00,220.0,226.0,218.0,224.0,90134100.0
2022-09-16 09:00:00+00:00,224.0,226.0,218.0,222.0,72562500.0
2022-09-19 09:00:00+00:00,222.0,224.0,220.0,222.0,24791000.0
2022-09-20 09:00:00+00:00,222.0,224.0,220.0,222.0,30824600.0
2022-09-21 09:00:00+00:00,224.0,224.0,218.0,220.0,37119600.0
2022-09-22 09:00:00+00:00,220.0,222.0,210.0,216.0,128646700.0
2022-09-23 09:00:00+00:00,216.0,218.0,214.0,216.0,43456600.0
2022-09-26 09:00:00+00:00,218.0,218.0,210.0,212.0,42523800.0
2022-09-27 09:00:00+00:00,212.0,212.0,204.0,206.0,102699900.0
2022-09-28 09:00:00+00:00,206.0,210.0,204.0,206.0,50847200.0
2022-09-29 09:00:00+00:00,206.0,210.0,204.0,208.0,33043300.0
2022-09-30 09:00:00+00:00,206.0,208.0,202.0,206.0,82422000.0
2022-10-03 09:00:00+00:00,206.0,206.0,198.0,200.0,125790600.0
2022-10-04 09:00:00+00:00,200.0,204.0,198.0,202.0,99346700.0
2022-10-05 09:00:00+00:00,204.0,218.0,200.0,218.0,223052600.0
2022-10-06 09:00:00+00:00,218.0,234.0,218.0,228.0,364918800.0
2022-10-07 09:00:00+00:00,230.0,230.0,220.0,222.0,78379000.0
2022-10-10 09:00:00+00:00,222.0,226.0,216.0,216.0,101704800.0
2022-10-11 09:00:00+00:00,220.0,224.0,216.0,218.0,82474600.0
2022-10-12 09:00:00+00:00,220.0,222.0,206.0,210.0,109193500.0
2022-10-13 09:00:00+00:00,208.0,216.0,204.0,214.0,87531500.0
2022-10-14 09:00:00+00:00,214.0,218.0,208.0,208.0,51453100.0
2022-10-17 09:00:00+00:00,208.0,216.0,204.0,208.0,72477400.0
2022-10-18 09:00:00+00:00,208.0,214.0,208.0,212.0,52754000.0
2022-10-19 09:00:00+00:00,212.0,222.0,210.0,218.0,95169800.0
2022-10-20 09:00:00+00:00,218.0,220.0,214.0,218.0,44374600.0
2022-10-21 09:00:00+00:00,220.0,226.0,216.0,220.0,96657800.0
2022-10-24 09:00:00+00:00,220.0,232.0,220.0,226.0,138438300.0
2022-10-25 09:00:00+00:00,226.0,232.0,220.0,228.0,150530900.0
2022-10-26 09:00:00+00:00,228.0,244.0,226.0,240.0,622449100.0
2022-10-27 09:00:00+00:00,242.0,244.0,232.0,238.0,235679900.0
2022-10-28 09:00:00+00:00,236.0,240.0,232.0,236.0,73141500.0
2022-10-31 09:00:00+00:00,236.0,240.0,232.0,234.0,97852100.0
2022-11-01 09:00:00+00:00,234.0,248.0,234.0,242.0,283803400.0
2022-11-02 09:00:00+00:00,242.0,246.0,236.0,240.0,126010800.0
2022-11-03 09:00:00+00:00,240.0,248.0,236.0,238.0,229827100.0
2022-11-04 09:00:00+00:00,238.0,246.0,236.0,240.0,143010200.0
2022-11-07 09:00:00+00:00,240.0,244.0,238.0,242.0,93361000.0
2022-11-08 09:00:00+00:00,242.0,256.0,240.0,250.0,350722300.0
2022-11-09 09:00:00+00:00,250.0,256.0,248.0,254.0,166823200.0
2022-11-10 09:00:00+00:00,248.0,252.0,246.0,252.0,140481500.0
2022-11-11 09:00:00+00:00,256.0,266.0,254.0,262.0,274533800.0
2022-11-14 09:00:00+00:00,262.0,264.0,252.0,254.0,159626700.0
2022-11-15 09:00:00+00:00,252.0,264.0,240.0,264.0,370982800.0
2022-11-16 09:00:00+00:00,266.0,270.0,258.0,262.0,173223400.0
2022-11-17 09:00:00+00:00,262.0,262.0,254.0,254.0,89953200.0
2022-11-18 09:00:00+00:00,252.0,266.0,250.0,260.0,149066600.0
2022-11-21 09:00:00+00:00,264.0,278.0,262.0,268.0,546976700.0
2022-11-22 09:00:00+00:00,270.0,270.0,254.0,256.0,218788400.0
2022-11-23 09:00:00+00:00,256.0,260.0,246.0,252.0,188210500.0
2022-11-24 09:00:00+00:00,242.0,254.0,242.0,252.0,143039100.0
2022-11-25 09:00:00+00:00,252.0,254.0,248.0,250.0,51398300.0
2022-11-28 09:00:00+00:00,250.0,250.0,240.0,242.0,132759100.0
2022-11-29 09:00:00+00:00,250.0,250.0,230.0,246.0,188126300.0
2022-11-30 09:00:00+00:00,246.0,250.0,240.0,250.0,155933600.0
2022-12-01 09:00:00+00:00,250.0,252.0,242.0,242.0,71458300.0
2022-12-02 09:00:00+00:00,242.0,246.0,234.0,242.0,108706200.0
2022-12-05 09:00:00+00:00,244.0,244.0,226.0,226.0,148307500.0
2022-12-06 09:00:00+00:00,222.0,224.0,212.0,214.0,319467500.0
2022-12-07 09:00:00+00:00,214.0,224.0,212.0,220.0,169118800.0
2022-12-08 09:00:00+00:00,220.0,226.0,212.0,224.0,105900900.0
2022-12-09 09:00:00+00:00,224.0,224.0,214.0,214.0,79580900.0
2022-12-12 09:00:00+00:00,224.0,224.0,210.0,210.0,47192900.0
2022-12-13 09:00:00+00:00,210.0,218.0,208.0,216.0,96207800.0
2022-12-14 09:00:00+00:00,218.0,220.0,214.0,220.0,82849100.0
2022-12-15 09:00:00+00:00,220.0,220.0,216.0,218.0,48007400.0
2022-12-16 09:00:00+00:00,218.0,220.0,212.0,216.0,284082300.0
2022-12-19 09:00:00+00:00,216.0,216.0,206.0,208.0,110664400.0
2022-12-20 09:00:00+00:00,208.0,216.0,200.0,214.0,185305600.0
2022-12-21 09:00:00+00:00,214.0,216.0,206.0,208.0,67432100.0
2022-12-22 09:00:00+00:00,210.0,212.0,204.0,208.0,70968400.0
2022-12-23 09:00:00+00:00,208.0,208.0,204.0,204.0,56297100.0
2022-12-26 09:00:00+00:00,204.0,206.0,202.0,204.0,19707100.0
2022-12-27 09:00:00+00:00,204.0,208.0,204.0,208.0,32667700.0
2022-12-28 09:00:00+00:00,208.0,210.0,204.0,206.0,44873900.0
2022-12-29 09:00:00+00:00,206.0,208.0,204.0,206.0,59706600.0
2022-12-30 09:00:00+00:00,206.0,210.0,206.0,206.0,29382200.0
2023-01-02 09:00:00+00:00,206.0,210.0,206.0,208.0,17469700.0
2023-01-03 09:00:00+00:00,208.0,210.0,204.0,208.0,55364300.0
2023-01-04 09:00:00+00:00,208.0,218.0,206.0,214.0,84707200.0
2023-01-05 09:00:00+00:00,214.0,216.0,206.0,206.0,93452700.0
2023-01-06 09:00:00+00:00,206.0,210.0,204.0,206.0,43363300.0
2023-01-09 09:00:00+00:00,206.0,218.0,206.0,216.0,127924200.0
2023-01-10 09:00:00+00:00,218.0,218.0,210.0,212.0,40767400.0
2023-01-11 09:00:00+00:00,212.0,226.0,210.0,222.0,197667600.0
2023-01-12 09:00:00+00:00,224.0,226.0,218.0,218.0,67632800.0
2023-01-13 09:00:00+00:00,220.0,224.0,212.0,214.0,77156000.0
2023-01-16 09:00:00+00:00,214.0,218.0,214.0,216.0,15207100.0
2023-01-17 09:00:00+00:00,218.0,218.0,212.0,212.0,37976500.0
2023-01-18 09:00:00+00:00,214.0,216.0,210.0,212.0,30042000.0
2023-01-19 09:00:00+00:00,214.0,218.0,212.0,216.0,17347300.0
2023-01-20 09:00:00+00:00,216.0,218.0,212.0,212.0,40120900.0
2023-01-24 09:00:00+00:00,212.0,218.0,212.0,214.0,47046600.0
2023-01-25 09:00:00+00:00,216.0,224.0,214.0,220.0,110268600.0
2023-01-26 09:00:00+00:00,222.0,240.0,222.0,232.0,367630100.0
2023-01-27 09:00:00+00:00,232.0,238.0,228.0,230.0,104926500.0
2023-01-30 09:00:00+00:00,234.0,236.0,226.0,230.0,46755400.0
2023-01-31 09:00:00+00:00,230.0,236.0,224.0,226.0,183616400.0
2023-02-01 09:00:00+00:00,228.0,236.0,226.0,234.0,156998200.0
2023-02-02 09:00:00+00:00,236.0,238.0,230.0,234.0,53034300.0
2023-02-03 09:00:00+00:00,234.0,242.0,232.0,234.0,95260100.0
2023-02-06 09:00:00+00:00,234.0,238.0,230.0,234.0,120261100.0
2023-02-07 09:00:00+00:00,234.0,238.0,232.0,234.0,87335300.0
2023-02-08 09:00:00+00:00,234.0,238.0,226.0,228.0,99154400.0
2023-02-09 09:00:00+00:00,228.0,230.0,214.0,216.0,155154400.0
2023-02-10 09:00:00+00:00,214.0,218.0,210.0,214.0,121616300.0
2023-02-13 09:00:00+00:00,214.0,222.0,212.0,218.0,121953600.0
2023-02-14 09:00:00+00:00,220.0,224.0,214.0,218.0,68915100.0
2023-02-15 09:00:00+00:00,218.0,222.0,214.0,220.0,63020900.0
2023-02-16 09:00:00+00:00,222.0,222.0,218.0,220.0,25600100.0
2023-02-17 09:00:00+00:00,220.0,224.0,216.0,222.0,28362900.0
2023-02-20 09:00:00+00:00,222.0,224.0,216.0,218.0,32242300.0
2023-02-21 09:00:00+00:00,218.0,220.0,212.0,212.0,46125900.0
2023-02-22 09:00:00+00:00,212.0,216.0,210.0,212.0,69969800.0
2023-02-23 09:00:00+00:00,212.0,216.0,210.0,216.0,25731300.0
2023-02-24 09:00:00+00:00,216.0,222.0,214.0,222.0,53548100.0
2023-02-27 09:00:00+00:00,222.0,222.0,216.0,220.0,24832800.0
2023-02-28 09:00:00+00:00,220.0,220.0,214.0,216.0,37944900.0
2023-03-01 09:00:00+00:00,216.0,218.0,212.0,214.0,29650500.0
2023-03-02 09:00:00+00:00,212.0,218.0,212.0,214.0,38383400.0
2023-03-03 09:00:00+00:00,214.0,216.0,212.0,214.0,41234000.0
2023-03-06 09:00:00+00:00,216.0,218.0,214.0,218.0,29030700.0
2023-03-07 09:00:00+00:00,220.0,220.0,216.0,216.0,23364000.0
2023-03-08 09:00:00+00:00,216.0,216.0,210.0,214.0,50720900.0
2023-03-09 09:00:00+00:00,214.0,220.0,212.0,216.0,46200300.0
2023-03-10 09:00:00+00:00,214.0,216.0,212.0,214.0,27676300.0
2023-03-13 09:00:00+00:00,214.0,214.0,202.0,206.0,125272400.0
2023-03-14 09:00:00+00:00,204.0,206.0,192.0,192.0,181604200.0
2023-03-15 09:00:00+00:00,191.0,196.0,179.0,184.0,281015800.0
2023-03-16 09:00:00+00:00,184.0,186.0,178.0,182.0,123203800.0
2023-03-17 09:00:00+00:00,184.0,187.0,180.0,180.0,108864000.0
2023-03-20 09:00:00+00:00,178.0,181.0,175.0,177.0,58554800.0
2023-03-21 09:00:00+00:00,178.0,184.0,175.0,183.0,88100800.0
2023-03-24 09:00:00+00:00,183.0,193.0,183.0,191.0,83946200.0
2023-03-27 09:00:00+00:00,191.0,192.0,184.0,184.0,49493400.0
2023-03-28 09:00:00+00:00,186.0,194.0,185.0,193.0,63036600.0
2023-03-29 09:00:00+00:00,195.0,195.0,189.0,191.0,52026300.0
2023-03-30 09:00:00+00:00,191.0,192.0,186.0,188.0,32665300.0
2023-03-31 09:00:00+00:00,188.0,190.0,185.0,188.0,30431000.0
2023-04-03 09:00:00+00:00,185.0,189.0,183.0,187.0,59037200.0
2023-04-04 09:00:00+00:00,188.0,190.0,185.0,187.0,69816900.0
2023-04-05 09:00:00+00:00,187.0,189.0,183.0,183.0,33745900.0
2023-04-06 09:00:00+00:00,181.0,183.0,176.0,178.0,66958800.0
2023-04-10 09:00:00+00:00,179.0,183.0,176.0,178.0,43599400.0
2023-04-11 09:00:00+00:00,178.0,185.0,177.0,180.0,74091100.0
2023-04-12 09:00:00+00:00,179.0,182.0,178.0,180.0,40060600.0
2023-04-13 09:00:00+00:00,180.0,181.0,177.0,177.0,50411400.0
2023-04-14 09:00:00+00:00,178.0,180.0,168.0,169.0,148722200.0
2023-04-17 09:00:00+00:00,169.0,170.0,165.0,167.0,63262800.0
2023-04-18 09:00:00+00:00,166.0,169.0,165.0,167.0,44967900.0
2023-04-26 09:00:00+00:00,167.0,169.0,164.0,169.0,73810000.0
2023-04-27 09:00:00+00:00,168.0,174.0,167.0,170.0,74913300.0
2023-04-28 09:00:00+00:00,170.0,172.0,165.0,165.0,67797600.0
2023-05-02 09:00:00+00:00,165.0,166.0,156.0,161.0,170797300.0
2023-05-03 09:00:00+00:00,157.0,162.0,155.0,160.0,38078700.0
2023-05-04 09:00:00+00:00,158.0,162.0,157.0,157.0,39921500.0
2023-05-05 09:00:00+00:00,157.0,166.0,157.0,166.0,94214100.0
2023-05-08 09:00:00+00:00,168.0,173.0,167.0,168.0,136583600.0
2023-05-09 09:00:00+00:00,170.0,177.0,165.0,173.0,129164300.0
2023-05-10 09:00:00+00:00,173.0,174.0,170.0,171.0,63495600.0
2023-05-11 09:00:00+00:00,170.0,173.0,165.0,165.0,44379200.0
2023-05-12 09:00:00+00:00,165.0,170.0,165.0,167.0,24153800.0
2023-05-15 09:00:00+00:00,167.0,168.0,159.0,160.0,83210600.0
2023-05-16 09:00:00+00:00,159.0,162.0,149.0,149.0,214923700.0
2023-05-17 09:00:00+00:00,149.0,149.0,139.0,139.0,283259100.0
2023-05-19 09:00:00+00:00,133.0,142.0,132.0,141.0,191396400.0
2023-05-22 09:00:00+00:00,141.0,143.0,138.0,139.0,80462800.0
2023-05-23 09:00:00+00:00,139.0,151.0,139.0,150.0,219326100.0
2023-05-24 09:00:00+00:00,150.0,150.0,144.0,145.0,94722400.0
2023-05-25 09:00:00+00:00,146.0,149.0,142.0,144.0,47221700.0
2023-05-26 09:00:00+00:00,144.0,148.0,142.0,142.0,109353900.0
2023-05-29 09:00:00+00:00,142.0,144.0,136.0,137.0,82785100.0
2023-05-30 09:00:00+00:00,139.0,146.0,138.0,142.0,149814800.0
2023-05-31 09:00:00+00:00,143.0,145.0,138.0,138.0,71854800.0
2023-06-05 09:00:00+00:00,138.0,143.0,137.0,139.0,89420900.0
2023-06-06 09:00:00+00:00,139.0,148.0,139.0,144.0,136342000.0
2023-06-07 09:00:00+00:00,146.0,147.0,141.0,142.0,125028800.0
2023-06-08 09:00:00+00:00,141.0,146.0,141.0,142.0,124195300.0
2023-06-09 09:00:00+00:00,144.0,147.0,142.0,144.0,109651300.0
2023-06-12 09:00:00+00:00,146.0,156.0,143.0,156.0,242599000.0
2023-06-13 09:00:00+00:00,157.0,163.0,157.0,159.0,306741100.0
2023-06-14 09:00:00+00:00,160.0,164.0,156.0,163.0,116283900.0
2023-06-15 09:00:00+00:00,161.0,162.0,157.0,157.0,90393300.0
2023-06-16 09:00:00+00:00,157.0,163.0,154.0,160.0,129494300.0
2023-06-19 09:00:00+00:00,160.0,167.0,160.0,164.0,201525900.0
2023-06-20 09:00:00+00:00,164.0,167.0,160.0,162.0,76620800.0
2023-06-21 09:00:00+00:00,163.0,168.0,162.0,166.0,110158000.0
2023-06-22 09:00:00+00:00,167.0,167.0,162.0,164.0,103837300.0
2023-06-23 09:00:00+00:00,160.0,163.0,158.0,160.0,83437300.0
2023-06-26 09:00:00+00:00,160.0,163.0,159.0,159.0,31368300.0
2023-06-27 09:00:00+00:00,159.0,162.0,155.0,162.0,102467800.0
2023-07-03 09:00:00+00:00,164.0,165.0,161.0,162.0,43994900.0
2023-07-04 09:00:00+00:00,163.0,173.0,162.0,171.0,187244500.0
2023-07-05 09:00:00+00:00,172.0,176.0,171.0,171.0,115694500.0
2023-07-06 09:00:00+00:00,171.0,175.0,170.0,174.0,51271900.0
2023-07-07 09:00:00+00:00,174.0,175.0,169.0,171.0,75045600.0
2023-07-10 09:00:00+00:00,171.0,174.0,167.0,169.0,86918500.0
2023-07-11 09:00:00+00:00,169.0,174.0,167.0,172.0,104172900.0
2023-07-12 09:00:00+00:00,173.0,174.0,170.0,172.0,41620000.0
2023-07-13 09:00:00+00:00,172.0,177.0,170.0,171.0,117043000.0
2023-07-14 09:00:00+00:00,172.0,175.0,170.0,172.0,53273700.0
2023-07-17 09:00:00+00:00,173.0,177.0,172.0,172.0,91596600.0
2023-07-18 09:00:00+00:00,172.0,174.0,169.0,170.0,60989700.0
2023-07-20 09:00:00+00:00,170.0,172.0,170.0,171.0,43190100.0
2023-07-21 09:00:00+00:00,172.0,172.0,168.0,169.0,58848600.0
2023-07-24 09:00:00+00:00,169.0,170.0,157.0,157.0,292648900.0
2023-07-25 09:00:00+00:00,157.0,160.0,156.0,157.0,86165700.0
2023-07-26 09:00:00+00:00,159.0,162.0,158.0,159.0,110784700.0
2023-07-27 09:00:00+00:00,160.0,160.0,157.0,158.0,31577800.0
2023-07-28 09:00:00+00:00,159.0,159.0,154.0,156.0,70552100.0
2023-07-31 09:00:00+00:00,157.0,159.0,155.0,156.0,48365900.0
2023-08-01 09:00:00+00:00,153.0,154.0,138.0,143.0,275266900.0
2023-08-02 09:00:00+00:00,143.0,148.0,141.0,145.0,96959500.0
2023-08-03 09:00:00+00:00,146.0,149.0,142.0,145.0,134090600.0
2023-08-04 09:00:00+00:00,145.0,147.0,141.0,141.0,80432800.0
2023-08-07 09:00:00+00:00,142.0,146.0,141.0,144.0,82931300.0
2023-08-08 09:00:00+00:00,144.0,145.0,140.0,141.0,76325000.0
2023-08-09 09:00:00+00:00,141.0,146.0,141.0,146.0,99836800.0
2023-08-10 09:00:00+00:00,147.0,154.0,146.0,153.0,191335700.0
2023-08-11 09:00:00+00:00,154.0,158.0,152.0,156.0,108870100.0
2023-08-14 09:00:00+00:00,156.0,158.0,150.0,153.0,90340500.0
2023-08-15 09:00:00+00:00,153.0,153.0,147.0,148.0,84663700.0
2023-08-16 09:00:00+00:00,148.0,152.0,146.0,150.0,50595500.0
2023-08-18 09:00:00+00:00,150.0,152.0,149.0,151.0,121685300.0
2023-08-21 09:00:00+00:00,152.0,152.0,148.0,148.0,29601600.0
2023-08-22 09:00:00+00:00,148.0,150.0,146.0,148.0,24896100.0
2023-08-23 09:00:00+00:00,148.0,149.0,146.0,149.0,23289900.0
2023-08-24 09:00:00+00:00,149.0,149.0,146.0,147.0,19559700.0
2023-08-25 09:00:00+00:00,147.0,149.0,146.0,149.0,23318700.0
2023-08-28 09:00:00+00:00,149.0,150.0,148.0,150.0,23725800.0
2023-08-29 09:00:00+00:00,150.0,154.0,148.0,154.0,51335700.0
2023-08-30 09:00:00+00:00,155.0,156.0,150.0,153.0,57664300.0
2023-08-31 09:00:00+00:00,154.0,154.0,147.0,148.0,59392000.0
2023-09-01 09:00:00+00:00,148.0,153.0,148.0,153.0,54334200.0
2023-09-04 09:00:00+00:00,154.0,154.0,148.0,151.0,80406900.0
2023-09-05 09:00:00+00:00,151.0,152.0,150.0,151.0,34804200.0
2023-09-06 09:00:00+00:00,152.0,153.0,150.0,151.0,23335600.0
2023-09-07 09:00:00+00:00,151.0,154.0,150.0,152.0,56131500.0
2023-09-08 09:00:00+00:00,154.0,154.0,152.0,153.0,41987100.0
2023-09-11 09:00:00+00:00,153.0,161.0,152.0,160.0,162808400.0
2023-09-12 09:00:00+00:00,161.0,167.0,157.0,163.0,219380800.0
2023-09-13 09:00:00+00:00,163.0,165.0,161.0,162.0,48192900.0
2023-09-14 09:00:00+00:00,163.0,165.0,161.0,162.0,64502900.0
2023-09-15 09:00:00+00:00,163.0,164.0,155.0,155.0,136035400.0
2023-09-18 09:00:00+00:00,155.0,159.0,152.0,155.0,59225000.0
2023-09-19 09:00:00+00:00,154.0,157.0,154.0,157.0,50537000.0
2023-09-20 09:00:00+00:00,157.0,163.0,156.0,162.0,75467300.0
2023-09-21 09:00:00+00:00,162.0,164.0,160.0,160.0,63053700.0
2023-09-22 09:00:00+00:00,160.0,162.0,158.0,161.0,47479100.0
2023-09-25 09:00:00+00:00,162.0,164.0,160.0,162.0,51565700.0
2023-09-26 09:00:00+00:00,163.0,164.0,156.0,158.0,64587400.0
2023-09-27 09:00:00+00:00,158.0,161.0,157.0,160.0,38478000.0
2023-09-29 09:00:00+00:00,161.0,161.0,157.0,158.0,41522900.0
2023-10-02 09:00:00+00:00,158.0,160.0,155.0,156.0,51097000.0
2023-10-03 09:00:00+00:00,155.0,156.0,150.0,152.0,110279800.0
2023-10-04 09:00:00+00:00,152.0,154.0,146.0,153.0,75618000.0
2023-10-05 09:00:00+00:00,154.0,155.0,143.0,143.0,162102200.0
2023-10-06 09:00:00+00:00,144.0,154.0,144.0,151.0,82921700.0
2023-10-09 09:00:00+00:00,152.0,160.0,151.0,159.0,95698700.0
2023-10-10 09:00:00+00:00,159.0,163.0,156.0,159.0,86036600.0
2023-10-11 09:00:00+00:00,160.0,161.0,157.0,160.0,36114300.0
2023-10-12 09:00:00+00:00,160.0,161.0,159.0,160.0,88787800.0
2023-10-13 09:00:00+00:00,160.0,161.0,157.0,160.0,21324900.0
2023-10-16 09:00:00+00:00,160.0,161.0,154.0,158.0,31330600.0
2023-10-17 09:00:00+00:00,158.0,161.0,158.0,161.0,34940400.0
2023-10-18 09:00:00+00:00,162.0,167.0,161.0,167.0,129785200.0
2023-10-19 09:00:00+00:00,167.0,168.0,162.0,163.0,52670400.0
2023-10-20 09:00:00+00:00,163.0,164.0,153.0,158.0,84929700.0
2023-10-23 09:00:00+00:00,158.0,161.0,154.0,155.0,30276700.0
2023-10-24 09:00:00+00:00,155.0,157.0,153.0,155.0,19647200.0
2023-10-25 09:00:00+00:00,156.0,157.0,149.0,149.0,58162100.0
2023-10-26 09:00:00+00:00,149.0,153.0,147.0,149.0,43449200.0
2023-10-27 09:00:00+00:00,149.0,151.0,146.0,148.0,37510400.0
2023-10-30 09:00:00+00:00,148.0,149.0,145.0,148.0,32738300.0
2023-10-31 09:00:00+00:00,149.0,151.0,146.0,151.0,26844200.0
2023-11-01 09:00:00+00:00,151.0,156.0,148.0,149.0,61018800.0
2023-11-02 09:00:00+00:00,149.0,152.0,146.0,149.0,52894200.0
2023-11-03 09:00:00+00:00,149.0,153.0,149.0,149.0,49256900.0
2023-11-06 09:00:00+00:00,150.0,157.0,147.0,151.0,74904000.0
2023-11-07 09:00:00+00:00,152.0,152.0,146.0,148.0,88763400.0
2023-11-08 09:00:00+00:00,148.0,150.0,146.0,149.0,45508200.0
2023-11-09 09:00:00+00:00,149.0,152.0,148.0,150.0,24619200.0
2023-11-10 09:00:00+00:00,150.0,151.0,147.0,150.0,58208300.0
2023-11-13 09:00:00+00:00,151.0,154.0,148.0,151.0,57386100.0
2023-11-14 09:00:00+00:00,151.0,153.0,150.0,152.0,23501800.0
2023-11-15 09:00:00+00:00,153.0,156.0,152.0,152.0,62304000.0
2023-11-16 09:00:00+00:00,152.0,153.0,150.0,151.0,34041800.0
2023-11-17 09:00:00+00:00,150.0,151.0,148.0,149.0,54190200.0
2023-11-20 09:00:00+00:00,150.0,152.0,149.0,150.0,13088300.0
2023-11-21 09:00:00+00:00,149.0,151.0,149.0,150.0,21305100.0
2023-11-22 09:00:00+00:00,150.0,151.0,148.0,151.0,34950000.0
2023-11-23 09:00:00+00:00,150.0,157.0,149.0,154.0,124307400.0
2023-11-24 09:00:00+00:00,154.0,156.0,151.0,152.0,55229000.0
2023-11-27 09:00:00+00:00,152.0,163.0,152.0,161.0,239656000.0
2023-11-28 09:00:00+00:00,161.0,162.0,156.0,159.0,75869200.0
2023-11-29 09:00:00+00:00,160.0,162.0,157.0,160.0,83809300.0
2023-11-30 09:00:00+00:00,161.0,161.0,156.0,157.0,89760300.0
2023-12-01 09:00:00+00:00,157.0,160.0,153.0,153.0,79665200.0
2023-12-04 09:00:00+00:00,154.0,157.0,153.0,154.0,42790800.0
2023-12-05 09:00:00+00:00,154.0,156.0,152.0,155.0,44500400.0
2023-12-06 09:00:00+00:00,155.0,156.0,154.0,155.0,24699200.0
2023-12-07 09:00:00+00:00,155.0,156.0,150.0,153.0,64737300.0
2023-12-08 09:00:00+00:00,153.0,153.0,149.0,150.0,154636400.0
2023-12-11 09:00:00+00:00,150.0,151.0,148.0,148.0,45447300.0
2023-12-12 09:00:00+00:00,148.0,151.0,147.0,150.0,71399000.0
2023-12-13 09:00:00+00:00,150.0,151.0,148.0,148.0,20620600.0
2023-12-14 09:00:00+00:00,150.0,151.0,149.0,150.0,28950200.0
2023-12-15 09:00:00+00:00,151.0,153.0,149.0,149.0,47036400.0
2023-12-18 09:00:00+00:00,149.0,151.0,147.0,148.0,43577000.0
2023-12-19 09:00:00+00:00,149.0,149.0,147.0,149.0,18590600.0
2023-12-20 09:00:00+00:00,149.0,150.0,148.0,149.0,29295500.0
2023-12-21 09:00:00+00:00,149.0,150.0,147.0,148.0,38713600.0
2023-12-22 09:00:00+00:00,148.0,151.0,147.0,150.0,36553400.0
2023-12-27 09:00:00+00:00,151.0,151.0,148.0,148.0,51393600.0
2023-12-28 09:00:00+00:00,149.0,153.0,148.0,150.0,87891300.0
2023-12-29 09:00:00+00:00,150.0,170.0,149.0,170.0,404425700.0
2024-01-02 09:00:00+00:00,164.0,164.0,152.0,153.0,174519700.0
2024-01-03 09:00:00+00:00,154.0,156.0,152.0,154.0,60448200.0
2024-01-04 09:00:00+00:00,153.0,157.0,153.0,155.0,42440200.0
2024-01-05 09:00:00+00:00,155.0,157.0,153.0,154.0,73120100.0
2024-01-08 09:00:00+00:00,153.0,156.0,152.0,155.0,70987300.0
2024-01-09 09:00:00+00:00,156.0,160.0,156.0,160.0,58595500.0
2024-01-10 09:00:00+00:00,161.0,164.0,158.0,162.0,53098800.0
2024-01-11 09:00:00+00:00,163.0,165.0,161.0,163.0,36258200.0
2024-01-12 09:00:00+00:00,163.0,165.0,161.0,164.0,38549800.0
2024-01-15 09:00:00+00:00,164.0,166.0,159.0,161.0,23819800.0
2024-01-16 09:00:00+00:00,161.0,162.0,157.0,158.0,37712700.0
2024-01-17 09:00:00+00:00,158.0,159.0,153.0,156.0,83851900.0
2024-01-18 09:00:00+00:00,156.0,157.0,153.0,156.0,44284200.0
2024-01-19 09:00:00+00:00,156.0,160.0,154.0,159.0,49283300.0
2024-01-22 09:00:00+00:00,159.0,166.0,159.0,162.0,83049100.0
2024-01-23 09:00:00+00:00,163.0,163.0,156.0,158.0,42445900.0
2024-01-24 09:00:00+00:00,158.0,159.0,155.0,159.0,20556300.0
2024-01-25 09:00:00+00:00,159.0,161.0,157.0,159.0,47772200.0
2024-01-26 09:00:00+00:00,159.0,159.0,154.0,154.0,81420800.0
2024-01-29 09:00:00+00:00,154.0,157.0,153.0,155.0,45466600.0
2024-01-30 09:00:00+00:00,155.0,159.0,150.0,156.0,44967300.0
2024-01-31 09:00:00+00:00,157.0,157.0,154.0,154.0,36571700.0
2024-02-01 09:00:00+00:00,154.0,159.0,154.0,156.0,36022100.0
2024-02-02 09:00:00+00:00,156.0,159.0,155.0,157.0,40077600.0
2024-02-05 09:00:00+00:00,157.0,162.0,155.0,156.0,66978400.0
2024-02-06 09:00:00+00:00,155.0,159.0,154.0,156.0,138395000.0
2024-02-07 09:00:00+00:00,157.0,158.0,152.0,152.0,153467700.0
2024-02-12 09:00:00+00:00,152.0,154.0,150.0,150.0,30910600.0
2024-02-13 09:00:00+00:00,150.0,151.0,145.0,149.0,82821300.0
2024-02-15 09:00:00+00:00,149.0,151.0,146.0,148.0,53272300.0
2024-02-16 09:00:00+00:00,148.0,150.0,145.0,145.0,81786000.0
2024-02-19 09:00:00+00:00,145.0,149.0,142.0,146.0,82123300.0
2024-02-20 09:00:00+00:00,151.0,153.0,145.0,148.0,97558700.0
2024-02-21 09:00:00+00:00,148.0,153.0,148.0,150.0,41779800.0
2024-02-22 09:00:00+00:00,150.0,155.0,149.0,152.0,41796700.0
2024-02-23 09:00:00+00:00,152.0,154.0,150.0,151.0,11084800.0
2024-02-26 09:00:00+00:00,152.0,154.0,149.0,149.0,13135000.0
2024-02-27 09:00:00+00:00,150.0,153.0,149.0,152.0,23329400.0
2024-02-28 09:00:00+00:00,152.0,153.0,151.0,151.0,17998600.0
2024-02-29 09:00:00+00:00,152.0,153.0,149.0,149.0,24969000.0
2024-03-01 09:00:00+00:00,150.0,156.0,149.0,152.0,64759500.0
2024-03-04 09:00:00+00:00,153.0,159.0,152.0,152.0,68205300.0
2024-03-05 09:00:00+00:00,154.0,159.0,152.0,159.0,92676600.0
2024-03-06 09:00:00+00:00,159.0,160.0,156.0,160.0,47906700.0
2024-03-07 09:00:00+00:00,160.0,162.0,157.0,157.0,27460400.0
2024-03-08 09:00:00+00:00,158.0,160.0,156.0,159.0,34458200.0
2024-03-13 09:00:00+00:00,159.0,164.0,156.0,156.0,41995000.0
2024-03-14 09:00:00+00:00,157.0,158.0,151.0,153.0,30625100.0
2024-03-15 09:00:00+00:00,153.0,154.0,147.0,147.0,144960600.0
2024-03-18 09:00:00+00:00,148.0,154.0,146.0,152.0,103803600.0
2024-03-19 09:00:00+00:00,153.0,153.0,148.0,148.0,37625100.0
2024-03-20 09:00:00+00:00,150.0,150.0,147.0,147.0,45066700.0
2024-03-21 09:00:00+00:00,147.0,150.0,147.0,149.0,31500200.0
2024-03-22 09:00:00+00:00,149.0,151.0,147.0,148.0,43086500.0
2024-03-25 09:00:00+00:00,151.0,151.0,147.0,149.0,65836400.0
2024-03-26 09:00:00+00:00,150.0,150.0,147.0,147.0,28373200.0
2024-03-27 09:00:00+00:00,148.0,148.0,144.0,144.0,57606400.0
2024-03-28 09:00:00+00:00,144.0,146.0,141.0,141.0,43060500.0
2024-04-01 09:00:00+00:00,141.0,142.0,136.0,137.0,82071800.0
2024-04-02 09:00:00+00:00,137.0,139.0,134.0,137.0,62698300.0
2024-04-03 09:00:00+00:00,130.0,138.0,130.0,135.0,28287100.0
2024-04-04 09:00:00+00:00,136.0,140.0,135.0,137.0,38271100.0
2024-04-05 09:00:00+00:00,138.0,138.0,135.0,137.0,18237700.0
2024-04-16 09:00:00+00:00,137.0,137.0,132.0,135.0,50035900.0
2024-04-17 09:00:00+00:00,135.0,135.0,129.0,130.0,87470900.0
2024-04-18 09:00:00+00:00,122.0,133.0,122.0,128.0,44929000.0
2024-04-19 09:00:00+00:00,130.0,130.0,123.0,125.0,43176600.0
2024-04-22 09:00:00+00:00,125.0,128.0,122.0,125.0,22154700.0
2024-04-23 09:00:00+00:00,125.0,129.0,123.0,124.0,51735900.0
2024-04-24 09:00:00+00:00,124.0,125.0,121.0,122.0,33301600.0
2024-04-25 09:00:00+00:00,122.0,124.0,118.0,122.0,47750500.0
2024-04-26 09:00:00+00:00,121.0,123.0,117.0,117.0,20585400.0
2024-04-29 09:00:00+00:00,119.0,125.0,117.0,125.0,62328700.0
2024-04-30 09:00:00+00:00,125.0,130.0,123.0,129.0,58768900.0
2024-05-02 09:00:00+00:00,129.0,135.0,123.0,123.0,69578900.0
2024-05-03 09:00:00+00:00,125.0,128.0,123.0,127.0,63054800.0
2024-05-06 09:00:00+00:00,127.0,133.0,127.0,128.0,49060900.0
2024-05-07 09:00:00+00:00,130.0,142.0,128.0,138.0,171119700.0
2024-05-08 09:00:00+00:00,140.0,141.0,131.0,132.0,148598900.0
2024-05-13 09:00:00+00:00,131.0,140.0,131.0,138.0,57121200.0
2024-05-14 09:00:00+00:00,139.0,140.0,134.0,137.0,45109000.0
2024-05-15 09:00:00+00:00,137.0,138.0,135.0,136.0,22783600.0
2024-05-16 09:00:00+00:00,136.0,144.0,136.0,142.0,101233800.0
2024-05-17 09:00:00+00:00,143.0,147.0,142.0,143.0,58254500.0
2024-05-20 09:00:00+00:00,145.0,145.0,140.0,142.0,28511200.0
2024-05-21 09:00:00+00:00,143.0,143.0,139.0,140.0,24488900.0
2024-05-22 09:00:00+00:00,141.0,144.0,140.0,141.0,11912000.0
2024-05-27 09:00:00+00:00,141.0,145.0,141.0,144.0,32437900.0
2024-05-28 09:00:00+00:00,145.0,145.0,141.0,144.0,20088800.0
2024-05-29 09:00:00+00:00,144.0,145.0,139.0,140.0,35804500.0
2024-05-30 09:00:00+00:00,142.0,142.0,135.0,135.0,25371300.0
2024-05-31 09:00:00+00:00,135.0,150.0,135.0,150.0,86846300.0
2024-06-03 09:00:00+00:00,145.0,152.0,142.0,150.0,129129900.0
2024-06-04 09:00:00+00:00,143.0,151.0,143.0,147.0,34666200.0
2024-06-05 09:00:00+00:00,147.0,148.0,138.0,138.0,35243000.0
2024-06-06 09:00:00+00:00,138.0,142.0,137.0,140.0,11871300.0
2024-06-07 09:00:00+00:00,142.0,142.0,137.0,137.0,15899800.0
2024-06-10 09:00:00+00:00,137.0,138.0,131.0,132.0,28714800.0
2024-06-11 09:00:00+00:00,132.0,134.0,130.0,130.0,13555100.0
2024-06-12 09:00:00+00:00,130.0,132.0,125.0,128.0,18660200.0
2024-06-13 09:00:00+00:00,128.0,136.0,127.0,135.0,20523400.0
2024-06-14 09:00:00+00:00,136.0,136.0,127.0,129.0,19206800.0
2024-06-19 09:00:00+00:00,130.0,134.0,126.0,129.0,37533900.0
2024-06-20 09:00:00+00:00,130.0,138.0,129.0,136.0,30837100.0
2024-06-21 09:00:00+00:00,136.0,145.0,136.0,145.0,49155600.0
2024-06-24 09:00:00+00:00,145.0,149.0,143.0,147.0,47893700.0
2024-06-25 09:00:00+00:00,143.0,148.0,143.0,148.0,22153900.0
2024-06-26 09:00:00+00:00,147.0,148.0,145.0,145.0,9196400.0
2024-06-27 09:00:00+00:00,145.0,146.0,140.0,142.0,18738800.0
2024-06-28 09:00:00+00:00,143.0,144.0,138.0,142.0,57444300.0
2024-07-01 09:00:00+00:00,142.0,143.0,140.0,140.0,17482300.0
2024-07-02 09:00:00+00:00,141.0,143.0,140.0,141.0,19450500.0
2024-07-03 09:00:00+00:00,140.0,142.0,139.0,141.0,17660400.0
2024-07-04 09:00:00+00:00,141.0,147.0,139.0,144.0,53778100.0
2024-07-05 09:00:00+00:00,144.0,145.0,140.0,141.0,29998700.0
2024-07-08 09:00:00+00:00,141.0,147.0,140.0,145.0,51603300.0
2024-07-09 09:00:00+00:00,146.0,146.0,142.0,144.0,25309700.0
2024-07-10 09:00:00+00:00,144.0,150.0,144.0,147.0,78937000.0
2024-07-11 09:00:00+00:00,148.0,150.0,147.0,149.0,34033200.0
2024-07-12 09:00:00+00:00,151.0,151.0,143.0,146.0,25106500.0
2024-07-15 09:00:00+00:00,147.0,149.0,142.0,146.0,19965200.0
2024-07-16 09:00:00+00:00,146.0,146.0,142.0,145.0,16713300.0
2024-07-17 09:00:00+00:00,145.0,149.0,143.0,144.0,30614000.0
2024-07-18 09:00:00+00:00,145.0,146.0,143.0,143.0,10491300.0
2024-07-19 09:00:00+00:00,144.0,144.0,138.0,140.0,33736800.0
2024-07-22 09:00:00+00:00,140.0,142.0,139.0,139.0,21544900.0
2024-07-23 09:00:00+00:00,139.0,146.0,139.0,141.0,62686600.0
2024-07-24 09:00:00+00:00,142.0,142.0,139.0,140.0,42280100.0
2024-07-25 09:00:00+00:00,140.0,142.0,139.0,142.0,30552300.0
2024-07-26 09:00:00+00:00,142.0,142.0,139.0,139.0,30737400.0
2024-07-29 09:00:00+00:00,140.0,143.0,139.0,142.0,27580200.0
2024-07-30 09:00:00+00:00,143.0,143.0,139.0,141.0,14801900.0
2024-07-31 09:00:00+00:00,142.0,142.0,139.0,140.0,27020900.0
2024-08-01 09:00:00+00:00,139.0,141.0,138.0,139.0,45590000.0
2024-08-02 09:00:00+00:00,139.0,140.0,138.0,138.0,31431900.0
2024-08-05 09:00:00+00:00,136.0,137.0,125.0,130.0,126765500.0
2024-08-06 09:00:00+00:00,130.0,132.0,128.0,129.0,35025700.0
2024-08-07 09:00:00+00:00,129.0,133.0,129.0,129.0,35535900.0
2024-08-08 09:00:00+00:00,130.0,131.0,126.0,126.0,51162900.0
2024-08-09 09:00:00+00:00,127.0,129.0,126.0,127.0,41126300.0
2024-08-12 09:00:00+00:00,126.0,129.0,125.0,127.0,57920900.0
2024-08-13 09:00:00+00:00,127.0,128.0,125.0,127.0,61260200.0
2024-08-14 09:00:00+00:00,128.0,130.0,127.0,128.0,92808800.0
2024-08-15 09:00:00+00:00,128.0,130.0,127.0,128.0,58888000.0
2024-08-16 09:00:00+00:00,128.0,129.0,127.0,128.0,41286200.0
2024-08-19 09:00:00+00:00,128.0,130.0,127.0,128.0,71035600.0
2024-08-20 09:00:00+00:00,127.0,133.0,127.0,130.0,202791100.0
2024-08-21 09:00:00+00:00,131.0,133.0,128.0,129.0,138936800.0
2024-08-22 09:00:00+00:00,130.0,130.0,126.0,127.0,78316900.0
2024-08-23 09:00:00+00:00,127.0,129.0,126.0,128.0,37241800.0
2024-08-26 09:00:00+00:00,129.0,129.0,126.0,126.0,64747000.0
2024-08-27 09:00:00+00:00,127.0,127.0,123.0,124.0,108729900.0
2024-08-28 09:00:00+00:00,124.0,125.0,123.0,124.0,55279900.0
2024-08-29 09:00:00+00:00,124.0,126.0,122.0,122.0,57605500.0
2024-08-30 09:00:00+00:00,123.0,124.0,121.0,122.0,29522800.0
2024-09-02 09:00:00+00:00,122.0,126.0,121.0,123.0,131460600.0
2024-09-03 09:00:00+00:00,124.0,125.0,122.0,123.0,61540000.0
2024-09-04 09:00:00+00:00,122.0,123.0,120.0,121.0,70327400.0
2024-09-05 09:00:00+00:00,121.0,122.0,120.0,121.0,30576900.0
2024-09-06 09:00:00+00:00,122.0,125.0,121.0,122.0,90359000.0
2024-09-09 09:00:00+00:00,123.0,123.0,120.0,121.0,63909100.0
2024-09-10 09:00:00+00:00,122.0,122.0,120.0,121.0,28290100.0
2024-09-11 09:00:00+00:00,122.0,122.0,119.0,120.0,67162500.0
2024-09-12 09:00:00+00:00,121.0,121.0,119.0,120.0,55243700.0
2024-09-13 09:00:00+00:00,121.0,123.0,120.0,121.0,53159600.0
2024-09-17 09:00:00+00:00,122.0,123.0,120.0,122.0,56826200.0
2024-09-18 09:00:00+00:00,122.0,123.0,120.0,120.0,56055700.0
2024-09-19 09:00:00+00:00,121.0,122.0,120.0,121.0,27359000.0
2024-09-20 09:00:00+00:00,122.0,122.0,120.0,122.0,37388600.0
2024-09-23 09:00:00+00:00,122.0,123.0,120.0,121.0,96347500.0
2024-09-24 09:00:00+00:00,122.0,122.0,120.0,121.0,34469100.0
2024-09-25 09:00:00+00:00,122.0,125.0,119.0,120.0,418093900.0
2024-09-26 09:00:00+00:00,120.0,121.0,119.0,119.0,86263800.0
2024-09-27 09:00:00+00:00,120.0,123.0,118.0,122.0,151871100.0
2024-09-30 09:00:00+00:00,123.0,128.0,122.0,122.0,623593300.0
2024-10-01 09:00:00+00:00,122.0,123.0,119.0,120.0,328693600.0
2024-10-02 09:00:00+00:00,120.0,120.0,118.0,120.0,112836000.0
2024-10-03 09:00:00+00:00,120.0,121.0,118.0,120.0,95470500.0
2024-10-04 09:00:00+00:00,120.0,121.0,119.0,120.0,111283200.0
2024-10-07 09:00:00+00:00,121.0,127.0,119.0,127.0,596266100.0
2024-10-08 09:00:00+00:00,130.0,130.0,123.0,126.0,228354000.0
2024-10-09 09:00:00+00:00,126.0,134.0,126.0,131.0,388549400.0
2024-10-10 09:00:00+00:00,131.0,132.0,127.0,130.0,124357200.0
2024-10-11 09:00:00+00:00,130.0,132.0,129.0,131.0,109104400.0
2024-10-14 09:00:00+00:00,131.0,133.0,130.0,131.0,95671900.0
2024-10-15 09:00:00+00:00,131.0,132.0,128.0,129.0,75586500.0
2024-10-16 09:00:00+00:00,129.0,130.0,126.0,128.0,138555800.0
2024-10-17 09:00:00+00:00,128.0,130.0,128.0,130.0,44686000.0
2024-10-18 09:00:00+00:00,130.0,130.0,127.0,129.0,83591200.0
2024-10-21 09:00:00+00:00,130.0,142.0,129.0,138.0,503432000.0
2024-10-22 09:00:00+00:00,139.0,142.0,137.0,140.0,237873600.0
2024-10-23 09:00:00+00:00,145.0,145.0,135.0,138.0,114201900.0
2024-10-24 09:00:00+00:00,138.0,143.0,136.0,141.0,251707000.0
2024-10-25 09:00:00+00:00,141.0,142.0,137.0,139.0,91536100.0
2024-10-28 09:00:00+00:00,140.0,140.0,131.0,137.0,98226100.0
2024-10-29 09:00:00+00:00,138.0,138.0,132.0,133.0,57379800.0
2024-10-30 09:00:00+00:00,133.0,135.0,129.0,130.0,117663400.0
2024-10-31 09:00:00+00:00,130.0,138.0,130.0,138.0,81822700.0
2024-11-01 09:00:00+00:00,139.0,140.0,130.0,132.0,124725600.0
2024-11-04 09:00:00+00:00,133.0,134.0,126.0,130.0,164656900.0
2024-11-05 09:00:00+00:00,130.0,131.0,127.0,127.0,67124600.0
2024-11-06 09:00:00+00:00,128.0,130.0,125.0,126.0,112467300.0
2024-11-07 09:00:00+00:00,125.0,131.0,125.0,128.0,90941600.0
2024-11-08 09:00:00+00:00,129.0,130.0,127.0,128.0,48077500.0
2024-11-11 09:00:00+00:00,128.0,129.0,125.0,127.0,49597200.0
2024-11-12 09:00:00+00:00,127.0,128.0,125.0,126.0,46757600.0
2024-11-13 09:00:00+00:00,126.0,128.0,126.0,127.0,30026200.0
2024-11-14 09:00:00+00:00,127.0,128.0,122.0,126.0,122608200.0
2024-11-15 09:00:00+00:00,122.0,123.0,121.0,122.0,72975500.0
2024-11-18 09:00:00+00:00,121.0,122.0,119.0,120.0,51167500.0
2024-11-19 09:00:00+00:00,120.0,123.0,120.0,121.0,38909100.0
2024-11-20 09:00:00+00:00,125.0,125.0,118.0,120.0,108730100.0
2024-11-21 09:00:00+00:00,126.0,126.0,119.0,123.0,53740200.0
2024-11-22 09:00:00+00:00,123.0,124.0,121.0,123.0,50470900.0
2024-11-25 09:00:00+00:00,123.0,124.0,121.0,121.0,837216300.0
2024-11-26 09:00:00+00:00,122.0,123.0,119.0,121.0,170705400.0
2024-11-28 09:00:00+00:00,122.0,133.0,121.0,130.0,290410300.0
2024-11-29 09:00:00+00:00,131.0,132.0,128.0,130.0,89125300.0
2024-12-02 09:00:00+00:00,130.0,133.0,126.0,131.0,97922400.0
2024-12-03 09:00:00+00:00,131.0,139.0,130.0,134.0,216583300.0
2024-12-04 09:00:00+00:00,135.0,139.0,133.0,139.0,161798700.0
2024-12-05 09:00:00+00:00,140.0,141.0,135.0,135.0,85594300.0
2024-12-06 09:00:00+00:00,135.0,144.0,134.0,142.0,183529500.0
2024-12-09 09:00:00+00:00,142.0,158.0,142.0,153.0,508658300.0
2024-12-10 09:00:00+00:00,155.0,187.0,152.0,181.0,1395261200.0
2024-12-11 09:00:00+00:00,185.0,193.0,173.0,180.0,1184104700.0
2024-12-12 09:00:00+00:00,181.0,199.0,178.0,196.0,1200578300.0
2024-12-13 09:00:00+00:00,196.0,197.0,183.0,185.0,562000900.0
2024-12-16 09:00:00+00:00,185.0,191.0,176.0,178.0,378289800.0
2024-12-17 09:00:00+00:00,179.0,187.0,174.0,183.0,449885400.0
2024-12-18 09:00:00+00:00,184.0,185.0,176.0,178.0,182059800.0
2024-12-19 09:00:00+00:00,173.0,176.0,159.0,165.0,472839800.0
2024-12-20 09:00:00+00:00,167.0,172.0,161.0,161.0,158447100.0
2024-12-23 09:00:00+00:00,164.0,166.0,155.0,163.0,292926600.0
2024-12-24 09:00:00+00:00,163.0,166.0,157.0,160.0,252090200.0
2024-12-27 09:00:00+00:00,162.0,166.0,152.0,153.0,278169300.0
2024-12-30 09:00:00+00:00,153.0,167.0,151.0,167.0,362936100.0
2025-01-02 09:00:00+00:00,164.0,170.0,159.0,167.0,282849300.0
2025-01-03 09:00:00+00:00,168.0,169.0,163.0,165.0,187113000.0
2025-01-06 09:00:00+00:00,166.0,173.0,165.0,167.0,302869500.0
2025-01-07 09:00:00+00:00,167.0,168.0,165.0,166.0,85822100.0
2025-01-08 09:00:00+00:00,167.0,167.0,159.0,161.0,129491400.0
2025-01-09 09:00:00+00:00,161.0,162.0,155.0,156.0,225160000.0
2025-01-10 09:00:00+00:00,156.0,166.0,156.0,163.0,108650400.0
2025-01-13 09:00:00+00:00,164.0,168.0,163.0,167.0,109457800.0
2025-01-14 09:00:00+00:00,169.0,186.0,163.0,182.0,474255800.0
2025-01-15 09:00:00+00:00,185.0,194.0,173.0,175.0,841198200.0
2025-01-16 09:00:00+00:00,176.0,179.0,169.0,169.0,216764800.0
2025-01-17 09:00:00+00:00,169.0,176.0,166.0,174.0,194817700.0
2025-01-20 09:00:00+00:00,175.0,186.0,174.0,177.0,271787500.0
2025-01-21 09:00:00+00:00,178.0,184.0,174.0,177.0,174132700.0
2025-01-22 09:00:00+00:00,177.0,179.0,175.0,176.0,70124600.0
2025-01-23 09:00:00+00:00,177.0,181.0,171.0,173.0,176576200.0
2025-01-24 09:00:00+00:00,173.0,175.0,168.0,170.0,142249000.0
2025-01-30 09:00:00+00:00,170.0,179.0,170.0,179.0,169660600.0
2025-01-31 09:00:00+00:00,180.0,186.0,175.0,181.0,207270400.0
2025-02-03 09:00:00+00:00,181.0,182.0,173.0,178.0,114165600.0
2025-02-04 09:00:00+00:00,178.0,188.0,178.0,183.0,263580500.0
2025-02-05 09:00:00+00:00,185.0,193.0,181.0,187.0,400976200.0
2025-02-06 09:00:00+00:00,190.0,193.0,184.0,191.0,280412900.0
2025-02-07 09:00:00+00:00,190.0,204.0,183.0,204.0,394503900.0
2025-02-10 09:00:00+00:00,204.0,218.0,200.0,206.0,405463800.0
2025-02-11 09:00:00+00:00,208.0,222.0,199.0,210.0,432995700.0
2025-02-12 09:00:00+00:00,212.0,228.0,212.0,222.0,534262200.0
2025-02-13 09:00:00+00:00,228.0,230.0,218.0,224.0,332436100.0
2025-02-14 09:00:00+00:00,224.0,230.0,214.0,224.0,306552500.0
2025-02-17 09:00:00+00:00,224.0,232.0,222.0,224.0,187442700.0
2025-02-18 09:00:00+00:00,224.0,228.0,220.0,224.0,104165200.0
2025-02-19 09:00:00+00:00,224.0,238.0,224.0,232.0,304449000.0
2025-02-20 09:00:00+00:00,234.0,234.0,222.0,228.0,180669500.0
2025-02-21 09:00:00+00:00,228.0,238.0,222.0,232.0,232563500.0
2025-02-24 09:00:00+00:00,230.0,236.0,226.0,232.0,154371600.0
2025-02-25 09:00:00+00:00,230.0,244.0,204.0,206.0,556060000.0
2025-02-26 09:00:00+00:00,206.0,214.0,199.0,208.0,214438900.0
2025-02-27 09:00:00+00:00,210.0,212.0,195.0,198.0,194006300.0
2025-02-28 09:00:00+00:00,193.0,198.0,183.0,190.0,495182100.0
2025-03-03 09:00:00+00:00,197.0,208.0,194.0,202.0,371392700.0
2025-03-04 09:00:00+00:00,200.0,202.0,193.0,198.0,206199400.0
2025-03-05 09:00:00+00:00,202.0,206.0,199.0,200.0,233810500.0
2025-03-06 09:00:00+00:00,200.0,212.0,200.0,212.0,296813500.0
2025-03-07 09:00:00+00:00,212.0,214.0,206.0,206.0,189954700.0
2025-03-10 09:00:00+00:00,206.0,212.0,204.0,206.0,151745500.0
2025-03-11 09:00:00+00:00,200.0,200.0,194.0,199.0,107406900.0
2025-03-12 09:00:00+00:00,199.0,202.0,192.0,192.0,100460700.0
2025-03-13 09:00:00+00:00,193.0,194.0,186.0,188.0,91064800.0
2025-03-14 09:00:00+00:00,188.0,191.0,177.0,187.0,156006800.0
2025-03-17 09:00:00+00:00,190.0,199.0,186.0,198.0,155695600.0
2025-03-18 09:00:00+00:00,200.0,200.0,177.0,194.0,469390000.0
2025-03-19 09:00:00+00:00,194.0,202.0,190.0,199.0,252008600.0
2025-03-20 09:00:00+00:00,200.0,208.0,196.0,202.0,279192700.0
2025-03-21 09:00:00+00:00,202.0,202.0,193.0,200.0,162856400.0
2025-03-24 09:00:00+00:00,200.0,202.0,192.0,195.0,123482800.0
2025-03-25 09:00:00+00:00,195.0,198.0,190.0,190.0,54800100.0
2025-03-26 09:00:00+00:00,192.0,197.0,192.0,193.0,99618800.0
2025-03-27 09:00:00+00:00,193.0,204.0,191.0,200.0,146068700.0
2025-04-08 09:00:00+00:00,172.0,180.0,170.0,174.0,146552600.0
2025-04-09 09:00:00+00:00,174.0,185.0,172.0,184.0,149733600.0
2025-04-10 09:00:00+00:00,190.0,195.0,186.0,195.0,161017000.0
2025-04-11 09:00:00+00:00,191.0,193.0,187.0,187.0,71919300.0
2025-04-14 09:00:00+00:00,189.0,192.0,188.0,189.0,67647700.0
2025-04-15 09:00:00+00:00,190.0,195.0,188.0,189.0,122615300.0
2025-04-16 09:00:00+00:00,189.0,191.0,185.0,185.0,41552600.0
2025-04-17 09:00:00+00:00,185.0,189.0,183.0,187.0,82454700.0
2025-04-21 09:00:00+00:00,187.0,189.0,185.0,188.0,54500100.0
2025-04-22 09:00:00+00:00,188.0,193.0,185.0,186.0,94877000.0
2025-04-23 09:00:00+00:00,188.0,189.0,184.0,185.0,85608500.0
2025-04-24 09:00:00+00:00,186.0,186.0,183.0,183.0,61954500.0
2025-04-25 09:00:00+00:00,183.0,199.0,183.0,199.0,226220100.0
2025-04-28 09:00:00+00:00,200.0,216.0,196.0,204.0,415123200.0
2025-04-29 09:00:00+00:00,208.0,208.0,202.0,204.0,82181300.0
2025-04-30 09:00:00+00:00,204.0,206.0,200.0,204.0,100358600.0
2025-05-02 09:00:00+00:00,206.0,212.0,204.0,204.0,164625800.0
2025-05-05 09:00:00+00:00,204.0,208.0,202.0,204.0,76159400.0
2025-05-06 09:00:00+00:00,206.0,208.0,204.0,206.0,78991400.0
2025-05-07 09:00:00+00:00,208.0,208.0,200.0,208.0,197132100.0
2025-05-08 09:00:00+00:00,193.0,196.0,191.0,192.0,210352000.0
2025-05-09 09:00:00+00:00,192.0,194.0,182.0,182.0,158919200.0
2025-05-14 09:00:00+00:00,185.0,187.0,181.0,185.0,106858300.0
2025-05-15 09:00:00+00:00,185.0,187.0,180.0,182.0,99472400.0
2025-05-16 09:00:00+00:00,183.0,184.0,173.0,174.0,167119800.0
2025-05-19 09:00:00+00:00,175.0,178.0,171.0,172.0,175048100.0
2025-05-20 09:00:00+00:00,172.0,175.0,168.0,170.0,351718500.0
2025-05-21 09:00:00+00:00,171.0,173.0,169.0,169.0,106453300.0
2025-05-22 09:00:00+00:00,169.0,175.0,169.0,174.0,231776300.0
2025-05-23 09:00:00+00:00,175.0,175.0,171.0,172.0,98622500.0
2025-05-26 09:00:00+00:00,172.0,174.0,166.0,168.0,140568900.0
2025-05-27 09:00:00+00:00,169.0,170.0,163.0,164.0,120074700.0
2025-05-28 09:00:00+00:00,164.0,168.0,158.0,162.0,463155900.0
2025-06-02 09:00:00+00:00,163.0,165.0,160.0,161.0,151456600.0
2025-06-03 09:00:00+00:00,162.0,162.0,156.0,159.0,153024000.0
2025-06-04 09:00:00+00:00,160.0,169.0,159.0,165.0,335154100.0
2025-06-05 09:00:00+00:00,165.0,165.0,161.0,161.0,145989900.0
2025-06-10 09:00:00+00:00,161.0,166.0,160.0,165.0,146717400.0
2025-06-11 09:00:00+00:00,166.0,167.0,164.0,166.0,112992900.0
2025-06-12 09:00:00+00:00,167.0,168.0,165.0,167.0,81620500.0
2025-06-13 09:00:00+00:00,167.0,167.0,164.0,165.0,83818100.0
2025-06-16 09:00:00+00:00,165.0,165.0,162.0,162.0,49085700.0
2025-06-17 09:00:00+00:00,162.0,168.0,161.0,168.0,119027000.0
2025-06-18 09:00:00+00:00,169.0,171.0,165.0,167.0,150576000.0
2025-06-19 09:00:00+00:00,167.0,168.0,161.0,162.0,200786200.0
2025-06-20 09:00:00+00:00,163.0,165.0,158.0,158.0,191697800.0
2025-06-23 09:00:00+00:00,154.0,155.0,146.0,150.0,178046900.0
2025-06-24 09:00:00+00:00,151.0,154.0,150.0,150.0,79154600.0
2025-06-25 09:00:00+00:00,151.0,152.0,144.0,144.0,206820500.0
2025-06-26 09:00:00+00:00,144.0,152.0,144.0,147.0,148544400.0
2025-06-30 09:00:00+00:00,148.0,153.0,148.0,150.0,79052300.0
2025-07-01 09:00:00+00:00,151.0,154.0,151.0,151.0,37010800.0
2025-07-02 09:00:00+00:00,152.0,153.0,147.0,150.0,78993300.0
2025-07-03 09:00:00+00:00,151.0,151.0,148.0,149.0,46507800.0
2025-07-04 09:00:00+00:00,149.0,151.0,148.0,148.0,39982700.0
2025-07-07 09:00:00+00:00,148.0,152.0,148.0,148.0,97689000.0
2025-07-08 09:00:00+00:00,150.0,151.0,148.0,149.0,42633800.0
2025-07-09 09:00:00+00:00,150.0,157.0,148.0,157.0,194830100.0
2025-07-10 09:00:00+00:00,158.0,164.0,156.0,160.0,77257800.0
2025-07-11 09:00:00+00:00,160.0,161.0,157.0,158.0,49221900.0
2025-07-14 09:00:00+00:00,158.0,162.0,156.0,156.0,55377300.0
2025-07-15 09:00:00+00:00,156.0,162.0,154.0,162.0,84993100.0
2025-07-16 09:00:00+00:00,162.0,166.0,161.0,164.0,107497500.0
2025-07-17 09:00:00+00:00,166.0,173.0,163.0,171.0,187495500.0
2025-07-18 09:00:00+00:00,172.0,180.0,170.0,179.0,315577100.0
2025-07-21 09:00:00+00:00,180.0,193.0,180.0,190.0,453733000.0
2025-07-22 09:00:00+00:00,192.0,193.0,180.0,181.0,174852500.0
2025-07-23 09:00:00+00:00,184.0,188.0,181.0,183.0,75691400.0
2025-07-24 09:00:00+00:00,184.0,186.0,178.0,178.0,91697600.0
2025-07-25 09:00:00+00:00,178.0,182.0,178.0,179.0,51488800.0
2025-07-28 09:00:00+00:00,190.0,202.0,185.0,195.0,569377900.0
2025-07-29 09:00:00+00:00,195.0,195.0,188.0,191.0,176673200.0
2025-07-30 09:00:00+00:00,192.0,195.0,189.0,193.0,170184900.0
2025-07-31 09:00:00+00:00,193.0,197.0,185.0,185.0,214784900.0
2025-08-01 09:00:00+00:00,187.0,214.0,185.0,212.0,734949800.0
2025-08-04 09:00:00+00:00,212.0,234.0,204.0,224.0,849043400.0
2025-08-05 09:00:00+00:00,230.0,242.0,220.0,236.0,430124800.0
2025-08-06 09:00:00+00:00,234.0,244.0,226.0,236.0,214546700.0
2025-08-07 09:00:00+00:00,236.0,246.0,228.0,228.0,370951200.0
2025-08-08 09:00:00+00:00,228.0,238.0,222.0,236.0,217788100.0
2025-08-11 09:00:00+00:00,242.0,256.0,236.0,248.0,438900200.0
2025-08-12 09:00:00+00:00,252.0,258.0,236.0,238.0,269718200.0
2025-08-13 09:00:00+00:00,238.0,246.0,238.0,240.0,144302300.0
2025-08-14 09:00:00+00:00,240.0,252.0,240.0,242.0,199869200.0
2025-08-15 09:00:00+00:00,246.0,248.0,234.0,234.0,127593100.0
2025-08-19 09:00:00+00:00,234.0,286.0,234.0,284.0,902869800.0
2025-08-20 09:00:00+00:00,286.0,288.0,270.0,282.0,398140000.0
2025-08-21 09:00:00+00:00,288.0,290.0,278.0,282.0,246698400.0
2025-08-22 09:00:00+00:00,284.0,310.0,276.0,300.0,663869200.0
2025-08-25 09:00:00+00:00,306.0,356.0,304.0,336.0,1001966700.0
2025-08-26 09:00:00+00:00,338.0,344.0,320.0,338.0,232288900.0
2025-08-27 09:00:00+00:00,338.0,354.0,326.0,336.0,326533200.0
2025-08-28 09:00:00+00:00,336.0,342.0,330.0,340.0,137148200.0
2025-08-29 09:00:00+00:00,332.0,336.0,296.0,318.0,425173900.0
2025-09-01 09:00:00+00:00,304.0,336.0,298.0,322.0,420089500.0
2025-09-02 09:00:00+00:00,328.0,340.0,324.0,324.0,272247400.0
2025-09-03 09:00:00+00:00,330.0,344.0,326.0,332.0,194190200.0
2025-09-04 09:00:00+00:00,336.0,336.0,320.0,322.0,151676400.0
2025-09-08 09:00:00+00:00,322.0,330.0,310.0,312.0,114301600.0
2025-09-09 09:00:00+00:00,306.0,324.0,306.0,314.0,179363800.0
2025-09-10 09:00:00+00:00,318.0,320.0,302.0,306.0,128293900.0
2025-09-11 09:00:00+00:00,306.0,314.0,300.0,306.0,203416000.0
2025-09-12 09:00:00+00:00,308.0,316.0,304.0,310.0,94659200.0
2025-09-15 09:00:00+00:00,312.0,318.0,304.0,306.0,216295200.0
2025-09-16 09:00:00+00:00,308.0,310.0,300.0,302.0,136515400.0
2025-09-17 09:00:00+00:00,302.0,308.0,284.0,296.0,308564300.0
2025-09-18 09:00:00+00:00,296.0,338.0,296.0,338.0,549241200.0
2025-09-19 09:00:00+00:00,340.0,342.0,328.0,332.0,262375500.0
2025-09-22 09:00:00+00:00,334.0,348.0,326.0,346.0,229937400.0
2025-09-23 09:00:00+00:00,346.0,358.0,334.0,338.0,241525700.0
2025-09-24 09:00:00+00:00,344.0,348.0,332.0,344.0,146249600.0
2025-09-25 09:00:00+00:00,344.0,378.0,344.0,348.0,544844000.0
2025-09-26 09:00:00+00:00,348.0,366.0,346.0,356.0,269179000.0
2025-09-29 09:00:00+00:00,360.0,370.0,342.0,344.0,379018600.0
2025-09-30 09:00:00+00:00,346.0,350.0,334.0,336.0,139337500.0
2025-10-01 09:00:00+00:00,338.0,418.0,338.0,396.0,1454633600.0
2025-10-02 09:00:00+00:00,398.0,402.0,372.0,394.0,518693500.0
2025-10-03 09:00:00+00:00,394.0,406.0,386.0,400.0,282851600.0
2025-10-06 09:00:00+00:00,404.0,408.0,394.0,396.0,262115000.0
2025-10-07 09:00:00+00:00,402.0,442.0,394.0,440.0,716270500.0
2025-10-08 09:00:00+00:00,458.0,472.0,418.0,460.0,802854700.0
2025-10-09 09:00:00+00:00,462.0,466.0,444.0,446.0,284079600.0
2025-10-10 09:00:00+00:00,452.0,466.0,446.0,446.0,228463700.0
2025-10-13 09:00:00+00:00,428.0,452.0,422.0,424.0,192778900.0
2025-10-14 09:00:00+00:00,424.0,426.0,382.0,402.0,249336400.0
2025-10-15 09:00:00+00:00,414.0,414.0,380.0,410.0,409304900.0
2025-10-16 09:00:00+00:00,410.0,418.0,392.0,392.0,189938700.0
2025-10-17 09:00:00+00:00,394.0,396.0,356.0,358.0,246611200.0
2025-10-20 09:00:00+00:00,364.0,376.0,342.0,370.0,184667800.0
2025-10-21 09:00:00+00:00,374.0,376.0,364.0,368.0,95720100.0
2025-10-22 09:00:00+00:00,368.0,374.0,356.0,360.0,113976600.0
2025-10-23 09:00:00+00:00,360.0,372.0,350.0,352.0,212511200.0
2025-10-24 09:00:00+00:00,352.0,358.0,344.0,346.0,84866000.0
2025-10-27 09:00:00+00:00,346.0,348.0,314.0,324.0,242723800.0
2025-10-28 09:00:00+00:00,330.0,338.0,326.0,330.0,223197400.0
2025-10-29 09:00:00+00:00,332.0,348.0,330.0,346.0,134087600.0
2025-10-30 09:00:00+00:00,346.0,348.0,336.0,348.0,79688900.0
2025-10-31 09:00:00+00:00,350.0,352.0,338.0,338.0,63932200.0
2025-11-03 09:00:00+00:00,342.0,368.0,340.0,368.0,159217900.0
2025-11-04 09:00:00+00:00,368.0,372.0,352.0,362.0,114309700.0
2025-11-05 09:00:00+00:00,356.0,364.0,352.0,364.0,56763800.0
2025-11-06 09:00:00+00:00,364.0,370.0,362.0,366.0,59013400.0
2025-11-07 09:00:00+00:00,370.0,396.0,364.0,382.0,324301200.0
2025-11-10 09:00:00+00:00,382.0,384.0,374.0,378.0,131117500.0
2025-11-11 09:00:00+00:00,384.0,384.0,362.0,366.0,96290300.0
2025-11-12 09:00:00+00:00,370.0,380.0,364.0,368.0,119902300.0
2025-11-13 09:00:00+00:00,368.0,370.0,352.0,360.0,89505400.0
2025-11-14 09:00:00+00:00,360.0,362.0,342.0,344.0,120202700.0
2025-11-17 09:00:00+00:00,350.0,370.0,350.0,364.0,155556700.0
2025-11-18 09:00:00+00:00,368.0,380.0,364.0,370.0,265539500.0
2025-11-19 09:00:00+00:00,366.0,368.0,360.0,368.0,51733800.0
2025-11-20 09:00:00+00:00,370.0,372.0,356.0,360.0,60710000.0
2025-11-21 09:00:00+00:00,364.0,386.0,362.0,380.0,290870100.0
2025-11-24 09:00:00+00:00,382.0,386.0,376.0,382.0,113226300.0
2025-11-25 09:00:00+00:00,392.0,408.0,386.0,390.0,294610800.0
2025-11-26 09:00:00+00:00,390.0,392.0,378.0,380.0,118035600.0
2025-11-27 09:00:00+00:00,382.0,392.0,380.0,388.0,128359900.0
2025-11-28 09:00:00+00:00,388.0,390.0,380.0,386.0,44397500.0
2025-12-01 09:00:00+00:00,386.0,388.0,376.0,376.0,49294300.0
2025-12-02 09:00:00+00:00,376.0,406.0,376.0,404.0,268377200.0
2025-12-03 09:00:00+00:00,406.0,416.0,396.0,406.0,199606200.0
2025-12-04 09:00:00+00:00,406.0,412.0,394.0,404.0,107862400.0
2025-12-05 09:00:00+00:00,402.0,414.0,398.0,400.0,124072600.0
2025-12-08 09:00:00+00:00,406.0,408.0,384.0,388.0,110041100.0
2025-12-09 09:00:00+00:00,388.0,390.0,378.0,380.0,131803800.0
2025-12-10 09:00:00+00:00,382.0,398.0,376.0,398.0,184144700.0
2025-12-11 09:00:00+00:00,400.0,454.0,398.0,426.0,734354900.0
2025-12-12 09:00:00+00:00,436.0,442.0,416.0,428.0,253692500.0
2025-12-15 09:00:00+00:00,428.0,448.0,410.0,428.0,209637400.0
2025-12-16 09:00:00+00:00,434.0,446.0,428.0,442.0,182313100.0
2025-12-17 09:00:00+00:00,448.0,448.0,410.0,410.0,252414000.0
2025-12-18 09:00:00+00:00,412.0,426.0,384.0,394.0,190442500.0
2025-12-19 09:00:00+00:00,398.0,398.0,350.0,352.0,364503500.0
2025-12-22 09:00:00+00:00,358.0,360.0,326.0,340.0,322209300.0
2025-12-23 09:00:00+00:00,340.0,354.0,330.0,330.0,254061700.0
2025-12-24 09:00:00+00:00,334.0,342.0,328.0,332.0,101810200.0
2025-12-29 09:00:00+00:00,332.0,340.0,330.0,338.0,67825900.0
2025-12-30 09:00:00+00:00,340.0,340.0,330.0,338.0,125791100.0
2026-01-02 09:00:00+00:00,342.0,348.0,338.0,346.0,90864300.0
2026-01-05 09:00:00+00:00,346.0,348.0,336.0,340.0,66783700.0
2026-01-06 09:00:00+00:00,340.0,354.0,334.0,354.0,193646400.0
2026-01-07 09:00:00+00:00,358.0,372.0,348.0,350.0,250674000.0
2026-01-08 09:00:00+00:00,352.0,360.0,340.0,340.0,139832300.0
2026-01-09 09:00:00+00:00,342.0,344.0,332.0,338.0,103608700.0
2026-01-12 09:00:00+00:00,338.0,342.0,320.0,326.0,126850400.0
2026-01-13 09:00:00+00:00,326.0,330.0,314.0,318.0,106460400.0
2026-01-14 09:00:00+00:00,318.0,326.0,316.0,324.0,67086800.0
2026-01-15 09:00:00+00:00,328.0,332.0,318.0,330.0,75551100.0
2026-01-19 09:00:00+00:00,332.0,332.0,320.0,322.0,52536300.0
2026-01-20 09:00:00+00:00,322.0,330.0,318.0,322.0,58994200.0
2026-01-21 09:00:00+00:00,320.0,320.0,306.0,314.0,102392300.0
2026-01-22 09:00:00+00:00,316.0,320.0,304.0,304.0,110590100.0
2026-01-23 09:00:00+00:00,306.0,308.0,296.0,302.0,91179600.0
2026-01-26 09:00:00+00:00,304.0,306.0,282.0,286.0,189436900.0
2026-01-27 09:00:00+00:00,286.0,308.0,284.0,304.0,106050700.0
2026-01-28 09:00:00+00:00,300.0,300.0,260.0,260.0,261165200.0
2026-01-29 09:00:00+00:00,256.0,262.0,222.0,242.0,463901600.0
2026-01-30 09:00:00+00:00,244.0,256.0,230.0,250.0,119936400.0
2026-02-02 09:00:00+00:00,250.0,252.0,214.0,214.0,241627500.0
2026-02-03 09:00:00+00:00,206.0,252.0,200.0,252.0,166362200.0
2026-02-04 09:00:00+00:00,258.0,260.0,236.0,246.0,122157700.0
2026-02-05 09:00:00+00:00,248.0,272.0,244.0,260.0,134461700.0
2026-02-06 09:00:00+00:00,256.0,264.0,236.0,238.0,135797500.0
2026-02-09 09:00:00+00:00,244.0,260.0,236.0,256.0,98780500.0
2026-02-10 09:00:00+00:00,262.0,294.0,258.0,288.0,243025100.0
2026-02-11 09:00:00+00:00,290.0,312.0,284.0,308.0,268827900.0
2026-02-12 09:00:00+00:00,308.0,312.0,298.0,308.0,129459200.0
2026-02-13 09:00:00+00:00,308.0,314.0,300.0,306.0,104777000.0
2026-02-18 09:00:00+00:00,312.0,318.0,306.0,308.0,71011000.0
2026-02-19 09:00:00+00:00,312.0,320.0,306.0,312.0,52337700.0
2026-02-20 09:00:00+00:00,314.0,316.0,304.0,306.0,34857900.0
2026-02-23 09:00:00+00:00,306.0,320.0,306.0,308.0,55496400.0
2026-02-24 09:00:00+00:00,308.0,310.0,290.0,292.0,140096600.0
2026-02-25 09:00:00+00:00,294.0,296.0,280.0,284.0,110443400.0
2026-02-26 09:00:00+00:00,286.0,290.0,272.0,278.0,123322800.0
2026-02-27 09:00:00+00:00,278.0,282.0,270.0,276.0,58521000.0
2026-03-02 09:00:00+00:00,270.0,274.0,254.0,256.0,112750200.0
2026-03-03 09:00:00+00:00,260.0,264.0,250.0,254.0,101014000.0
2026-03-04 09:00:00+00:00,254.0,254.0,230.0,234.0,98675200.0
2026-03-05 09:00:00+00:00,246.0,254.0,242.0,246.0,59804900.0
2026-03-06 09:00:00+00:00,244.0,248.0,234.0,242.0,47209200.0
2026-03-09 09:00:00+00:00,224.0,242.0,216.0,230.0,253679000.0
2026-03-10 09:00:00+00:00,240.0,252.0,238.0,248.0,124630600.0
2026-03-11 09:00:00+00:00,252.0,262.0,246.0,254.0,155518200.0
2026-03-12 09:00:00+00:00,256.0,262.0,250.0,254.0,102961800.0
2026-03-13 09:00:00+00:00,256.0,256.0,248.0,256.0,77980300.0
2026-03-16 09:00:00+00:00,256.0,284.0,250.0,274.0,206165900.0
2026-03-17 09:00:00+00:00,276.0,278.0,260.0,270.0,589861800.0
2026-03-25 09:00:00+00:00,268.0,282.0,266.0,278.0,80463400.0
2026-03-26 09:00:00+00:00,284.0,286.0,266.0,270.0,107627200.0
2026-03-27 09:00:00+00:00,270.0,274.0,260.0,262.0,37857100.0
2026-03-30 09:00:00+00:00,256.0,260.0,250.0,256.0,33305600.0
2026-03-31 09:00:00+00:00,256.0,266.0,250.0,260.0,103098400.0
2026-04-01 09:00:00+00:00,266.0,276.0,264.0,272.0,64390700.0
2026-04-02 09:00:00+00:00,272.0,274.0,260.0,260.0,64060200.0
2026-04-06 09:00:00+00:00,262.0,264.0,256.0,260.0,33560100.0
2026-04-07 09:00:00+00:00,260.0,262.0,256.0,258.0,45626600.0
2026-04-08 09:00:00+00:00,262.0,284.0,262.0,280.0,99948900.0
2026-04-09 09:00:00+00:00,280.0,294.0,270.0,284.0,115782200.0
2026-04-10 09:00:00+00:00,284.0,296.0,284.0,290.0,107886000.0
2026-04-13 09:00:00+00:00,288.0,298.0,284.0,290.0,142905000.0
2026-04-14 09:00:00+00:00,296.0,300.0,278.0,286.0,123470700.0
2026-04-15 09:00:00+00:00,290.0,290.0,278.0,282.0,63441800.0
2026-04-16 09:00:00+00:00,284.0,294.0,284.0,290.0,103515000.0
2026-04-17 09:00:00+00:00,294.0,312.0,292.0,308.0,180325500.0
2026-04-20 09:00:00+00:00,310.0,312.0,290.0,294.0,119993400.0
2026-04-21 09:00:00+00:00,294.0,294.0,282.0,286.0,80378100.0
2026-04-22 09:00:00+00:00,288.0,290.0,284.0,286.0,41904100.0
2026-04-23 09:00:00+00:00,284.0,286.0,266.0,268.0,87461900.0
2026-04-24 09:00:00+00:00,270.0,272.0,254.0,256.0,73819100.0
2026-04-27 09:00:00+00:00,256.0,266.0,256.0,260.0,33829800.0
2026-04-28 09:00:00+00:00,262.0,264.0,256.0,262.0,21144600.0
2026-04-29 09:00:00+00:00,262.0,264.0,252.0,256.0,59936700.0
2026-04-30 09:00:00+00:00,258.0,258.0,244.0,250.0,47935600.0
2026-05-04 09:00:00+00:00,256.0,266.0,254.0,264.0,53576800.0
2026-05-05 09:00:00+00:00,262.0,266.0,258.0,260.0,38675300.0
2026-05-06 09:00:00+00:00,262.0,266.0,252.0,256.0,44316400.0
2026-05-07 09:00:00+00:00,260.0,266.0,258.0,266.0,33420300.0
2026-05-08 09:00:00+00:00,268.0,268.0,244.0,250.0,60396700.0
2026-05-11 09:00:00+00:00,250.0,254.0,240.0,246.0,48421200.0
2026-05-12 09:00:00+00:00,248.0,248.0,240.0,246.0,18920300.0
2026-05-13 09:00:00+00:00,246.0,250.0,242.0,246.0,10093200.0
2026-05-14 09:00:00+00:00,246.0,246.0,246.0,246.0,0.0
2026-05-15 09:00:00+00:00,246.0,246.0,246.0,246.0,0.0
2026-05-18 09:00:00+00:00,242.0,246.0,230.0,246.0,47032800.0
2026-05-19 09:00:00+00:00,248.0,254.0,230.0,234.0,52547700.0
2026-05-20 09:00:00+00:00,234.0,240.0,222.0,226.0,52827000.0
2026-05-21 09:00:00+00:00,230.0,232.0,218.0,222.0,43598000.0
2026-05-22 09:00:00+00:00,220.0,224.0,214.0,220.0,35770700.0
2026-05-25 09:00:00+00:00,224.0,232.0,222.0,230.0,29139900.0
2026-05-26 09:00:00+00:00,230.0,232.0,226.0,228.0,27136000.0
2026-05-27 09:00:00+00:00,228.0,228.0,228.0,228.0,0.0
2026-05-28 09:00:00+00:00,228.0,228.0,228.0,228.0,0.0
2026-05-29 09:00:00+00:00,226.0,230.0,220.0,226.0,22628600.0
2026-06-02 09:00:00+00:00,228.0,232.0,224.0,230.0,27168300.0
2026-06-03 09:00:00+00:00,230.0,232.0,212.0,216.0,69572800.0
2026-06-04 09:00:00+00:00,206.0,208.0,185.0,198.0,67916800.0
2026-06-05 09:00:00+00:00,197.0,206.0,182.0,193.0,37869300.0
2026-06-08 09:00:00+00:00,186.0,191.0,179.0,179.0,30751400.0
2026-06-09 09:00:00+00:00,175.0,208.0,165.0,208.0,80113100.0
2026-06-10 09:00:00+00:00,206.0,210.0,196.0,200.0,45559400.0
2026-06-11 09:00:00+00:00,202.0,208.0,190.0,194.0,41896100.0
2026-06-12 09:00:00+00:00,198.0,206.0,196.0,200.0,35260000.0
2026-06-15 09:00:00+00:00,204.0,210.0,200.0,202.0,68948200.0
2026-06-17 09:00:00+00:00,202.0,210.0,200.0,202.0,39539100.0
2026-06-18 09:00:00+00:00,202.0,204.0,197.0,200.0,19576800.0
2026-06-19 09:00:00+00:00,204.0,206.0,198.0,200.0,67361600.0
2026-06-22 09:00:00+00:00,202.0,202.0,194.0,196.0,16005000.0
2026-06-23 09:00:00+00:00,197.0,206.0,194.0,198.0,27256800.0
2026-06-24 09:00:00+00:00,202.0,234.0,199.0,216.0,265284900.0
2026-06-25 09:00:00+00:00,218.0,222.0,210.0,216.0,85897100.0
2026-06-26 09:00:00+00:00,218.0,218.0,200.0,206.0,58338100.0
2026-06-29 09:00:00+00:00,208.0,210.0,202.0,202.0,21520100.0
2026-06-30 09:00:00+00:00,204.0,204.0,192.0,198.0,55975300.0
2026-07-01 09:00:00+00:00,199.0,206.0,196.0,199.0,35542100.0
2026-07-02 09:00:00+00:00,200.0,206.0,198.0,198.0,47053400.0
2026-07-03 09:00:00+00:00,200.0,214.0,200.0,210.0,48126300.0
2026-07-06 09:00:00+00:00,210.0,214.0,204.0,210.0,21188200.0
2026-07-07 09:00:00+00:00,212.0,218.0,208.0,214.0,36923800.0
2026-07-08 09:00:00+00:00,214.0,216.0,208.0,210.0,21669800.0
2026-07-09 09:00:00+00:00,208.0,212.0,204.0,212.0,24951200.0
2026-07-10 09:00:00+00:00,216.0,216.0,206.0,208.0,17391800.0
2026-07-13 09:00:00+00:00,210.0,210.0,204.0,204.0,28178800.0
2026-07-14 09:00:00+00:00,208.0,210.0,202.0,206.0,31287500.0
2026-07-15 09:00:00+00:00,208.0,210.0,204.0,206.0,16657700.0
2026-07-16 09:00:00+00:00,206.0,214.0,206.0,210.0,30607900.0
2026-07-17 09:00:00+00:00,212.0,212.0,204.0,206.0,33419400.0
2026-07-20 09:00:00+00:00,206.0,210.0,202.0,204.0,48659600.0
2026-07-21 09:00:00+00:00,204.0,210.0,204.0,210.0,31099700.0
2026-07-22 09:00:00+00:00,210.0,212.0,206.0,208.0,27769200.0
2026-07-23 09:00:00+00:00,208.0,218.0,206.0,208.0,127359000.0
2026-07-24 09:00:00+00:00,206.0,206.0,196.0,198.0,76797000.0
2026-07-27 09:00:00+00:00,198.0,202.0,196.0,200.0,23380900.0
2026-07-28 09:00:00+00:00,200.0,202.0,197.0,199.0,27261500.0
2026-07-29 09:00:00+00:00,199.0,202.0,192.0,194.0,56329300.0
2026-07-30 09:00:00+00:00,194.0,200.0,194.0,198.0,24726400.0
2026-07-31 09:00:00+00:00,200.0,210.0,199.0,208.0,52853900.0
2026-08-03 09:00:00+00:00,208.0,210.0,200.0,202.0,40478500.0
2026-08-04 09:00:00+00:00,204.0,206.0,200.0,204.0,32082300.0
2026-08-05 09:00:00+00:00,206.0,208.0,202.0,204.0,42336300.0
2026-08-06 09:00:00+00:00,204.0,206.0,202.0,202.0,19020000.0
2026-08-07 09:00:00+00:00,204.0,204.0,200.0,204.0,28992700.0
2026-08-10 09:00:00+00:00,208.0,214.0,202.0,204.0,86024000.0
2026-08-11 09:00:00+00:00,206.0,206.0,198.0,200.0,43570800.0
2026-08-12 09:00:00+00:00,200.0,204.0,199.0,200.0,23244200.0
2026-08-13 09:00:00+00:00,202.0,202.0,198.0,199.0,42261000.0
2026-08-14 09:00:00+00:00,199.0,202.0,199.0,200.0,20436400.0
2026-08-18 09:00:00+00:00,202.0,206.0,200.0,204.0,40809000.0
2026-08-19 09:00:00+00:00,204.0,218.0,204.0,208.0,90591300.0
2026-08-20 09:00:00+00:00,210.0,224.0,206.0,220.0,137788000.0
2026-08-21 09:00:00+00:00,222.0,224.0,212.0,216.0,50501500.0
2026-08-24 09:00:00+00:00,214.0,214.0,208.0,210.0,36582600.0
2026-08-25 09:00:00+00:00,210.0,210.0,210.0,210.0,0.0
2026-08-26 09:00:00+00:00,218.0,222.0,204.0,204.0,117792100.0
2026-08-27 09:00:00+00:00,200.0,206.0,199.0,204.0,76014600.0
2026-08-28 09:00:00+00:00,206.0,208.0,200.0,202.0,44812100.0
2026-08-31 09:00:00+00:00,202.0,204.0,200.0,200.0,27440300.0
2026-09-01 09:00:00+00:00,202.0,204.0,200.0,204.0,32216700.0
2026-09-02 09:00:00+00:00,206.0,206.0,202.0,202.0,27137200.0
2026-09-03 09:00:00+00:00,204.0,208.0,202.0,208.0,43277400.0
2026-09-04 09:00:00+00:00,208.0,210.0,204.0,204.0,32779100.0
2026-09-07 09:00:00+00:00,202.0,204.0,200.0,202.0,37832800.0
2026-09-08 09:00:00+00:00,202.0,204.0,202.0,202.0,34057800.0
