ts,open,high,low,close,volume
2018-09-21 09:00:00+00:00,212.0,214.0,210.0,214.0,11068100.0
2018-09-24 09:00:00+00:00,214.0,214.0,210.0,212.0,10326500.0
2018-09-25 09:00:00+00:00,214.0,214.0,210.0,212.0,27576800.0
2018-09-26 09:00:00+00:00,210.0,214.0,210.0,214.0,665800.0
2018-09-27 09:00:00+00:00,214.0,218.0,210.0,218.0,1594500.0
2018-09-28 09:00:00+00:00,218.0,218.0,212.0,218.0,1435800.0
2018-10-01 09:00:00+00:00,218.0,218.0,216.0,216.0,416000.0
2018-10-02 09:00:00+00:00,216.0,220.0,212.0,214.0,786900.0
2018-10-03 09:00:00+00:00,214.0,218.0,212.0,216.0,480100.0
2018-10-04 09:00:00+00:00,214.0,214.0,206.0,212.0,16155400.0
2018-10-05 09:00:00+00:00,212.0,216.0,210.0,216.0,1546300.0
2018-10-08 09:00:00+00:00,216.0,216.0,210.0,212.0,2325300.0
2018-10-09 09:00:00+00:00,212.0,214.0,210.0,210.0,1992900.0
2018-10-10 09:00:00+00:00,210.0,214.0,208.0,210.0,3640000.0
2018-10-11 09:00:00+00:00,208.0,212.0,202.0,210.0,18084700.0
2018-10-12 09:00:00+00:00,212.0,212.0,204.0,210.0,10024100.0
2018-10-15 09:00:00+00:00,210.0,212.0,208.0,212.0,3490800.0
2018-10-16 09:00:00+00:00,210.0,214.0,210.0,214.0,11605000.0
2018-10-17 09:00:00+00:00,214.0,216.0,210.0,214.0,20835100.0
2018-10-18 09:00:00+00:00,216.0,218.0,212.0,218.0,322500.0
2018-10-19 09:00:00+00:00,218.0,218.0,210.0,216.0,11525900.0
2018-10-22 09:00:00+00:00,216.0,216.0,210.0,214.0,11086300.0
2018-10-23 09:00:00+00:00,212.0,216.0,210.0,216.0,10441600.0
2018-10-24 09:00:00+00:00,214.0,216.0,210.0,214.0,10282100.0
2018-10-25 09:00:00+00:00,214.0,218.0,212.0,218.0,1067000.0
2018-10-26 09:00:00+00:00,218.0,218.0,210.0,212.0,11099900.0
2018-10-29 09:00:00+00:00,214.0,216.0,212.0,216.0,868900.0
2018-10-30 09:00:00+00:00,214.0,218.0,212.0,216.0,1175400.0
2018-10-31 09:00:00+00:00,216.0,222.0,214.0,222.0,3536400.0
2018-11-01 09:00:00+00:00,222.0,222.0,216.0,220.0,692500.0
2018-11-02 09:00:00+00:00,220.0,220.0,216.0,220.0,874500.0
2018-11-05 09:00:00+00:00,220.0,220.0,216.0,218.0,241100.0
2018-11-06 09:00:00+00:00,216.0,220.0,216.0,216.0,511800.0
2018-11-07 09:00:00+00:00,218.0,220.0,216.0,220.0,1553800.0
2018-11-08 09:00:00+00:00,220.0,230.0,216.0,224.0,9366100.0
2018-11-09 09:00:00+00:00,226.0,228.0,222.0,224.0,1624100.0
2018-11-12 09:00:00+00:00,224.0,226.0,224.0,224.0,4274000.0
2018-11-13 09:00:00+00:00,224.0,230.0,224.0,226.0,7515800.0
2018-11-14 09:00:00+00:00,228.0,230.0,226.0,226.0,4790800.0
2018-11-15 09:00:00+00:00,228.0,230.0,228.0,230.0,4135500.0
2018-11-16 09:00:00+00:00,232.0,238.0,226.0,236.0,9433500.0
2018-11-19 09:00:00+00:00,236.0,238.0,234.0,238.0,2365600.0
2018-11-20 09:00:00+00:00,238.0,238.0,238.0,238.0,0.0
2018-11-21 09:00:00+00:00,236.0,240.0,234.0,240.0,2469100.0
2018-11-22 09:00:00+00:00,240.0,242.0,240.0,240.0,1632700.0
2018-11-23 09:00:00+00:00,240.0,242.0,236.0,236.0,170292500.0
2018-11-26 09:00:00+00:00,240.0,244.0,234.0,234.0,6761100.0
2018-11-27 09:00:00+00:00,234.0,238.0,234.0,234.0,11432800.0
2018-11-28 09:00:00+00:00,234.0,238.0,234.0,238.0,27977200.0
2018-11-29 09:00:00+00:00,238.0,244.0,236.0,244.0,6927800.0
2018-11-30 09:00:00+00:00,244.0,246.0,238.0,244.0,75427800.0
2018-12-03 09:00:00+00:00,244.0,248.0,238.0,248.0,2288200.0
2018-12-04 09:00:00+00:00,248.0,248.0,242.0,244.0,2700800.0
2018-12-05 09:00:00+00:00,242.0,242.0,238.0,240.0,24290500.0
2018-12-06 09:00:00+00:00,240.0,242.0,238.0,242.0,1522900.0
2018-12-07 09:00:00+00:00,240.0,242.0,238.0,240.0,22453400.0
2018-12-10 09:00:00+00:00,240.0,242.0,228.0,240.0,13674500.0
2018-12-11 09:00:00+00:00,240.0,242.0,236.0,242.0,4349700.0
2018-12-12 09:00:00+00:00,240.0,242.0,238.0,242.0,1269000.0
2018-12-13 09:00:00+00:00,242.0,248.0,242.0,248.0,3661700.0
2018-12-14 09:00:00+00:00,248.0,250.0,244.0,250.0,4072300.0
2018-12-17 09:00:00+00:00,250.0,250.0,246.0,250.0,8243200.0
2018-12-18 09:00:00+00:00,248.0,252.0,246.0,250.0,11522100.0
2018-12-19 09:00:00+00:00,252.0,256.0,248.0,254.0,16047600.0
2018-12-20 09:00:00+00:00,254.0,256.0,250.0,256.0,9722600.0
2018-12-21 09:00:00+00:00,256.0,260.0,252.0,260.0,6256200.0
2018-12-24 09:00:00+00:00,260.0,260.0,260.0,260.0,0.0
2018-12-25 09:00:00+00:00,260.0,260.0,260.0,260.0,0.0
2018-12-26 09:00:00+00:00,260.0,266.0,256.0,264.0,4262700.0
2018-12-27 09:00:00+00:00,266.0,270.0,264.0,268.0,4901800.0
2018-12-28 09:00:00+00:00,268.0,276.0,264.0,276.0,13786900.0
2018-12-31 09:00:00+00:00,276.0,276.0,276.0,276.0,0.0
2019-01-01 09:00:00+00:00,276.0,276.0,276.0,276.0,0.0
2019-01-02 09:00:00+00:00,276.0,282.0,268.0,268.0,5097000.0
2019-01-03 09:00:00+00:00,266.0,268.0,262.0,264.0,1992600.0
2019-01-04 09:00:00+00:00,264.0,264.0,260.0,260.0,3567300.0
2019-01-07 09:00:00+00:00,260.0,272.0,260.0,262.0,1622700.0
2019-01-08 09:00:00+00:00,262.0,268.0,260.0,264.0,569200.0
2019-01-09 09:00:00+00:00,264.0,276.0,264.0,268.0,895100.0
2019-01-10 09:00:00+00:00,268.0,272.0,268.0,270.0,969500.0
2019-01-11 09:00:00+00:00,272.0,274.0,268.0,272.0,890900.0
2019-01-14 09:00:00+00:00,272.0,274.0,270.0,272.0,1111900.0
2019-01-15 09:00:00+00:00,272.0,272.0,270.0,272.0,1373100.0
2019-01-16 09:00:00+00:00,272.0,274.0,270.0,272.0,1367200.0
2019-01-17 09:00:00+00:00,272.0,276.0,272.0,272.0,889700.0
2019-01-18 09:00:00+00:00,272.0,274.0,270.0,270.0,5940800.0
2019-01-21 09:00:00+00:00,272.0,272.0,260.0,264.0,12438600.0
2019-01-22 09:00:00+00:00,264.0,264.0,258.0,262.0,5607600.0
2019-01-23 09:00:00+00:00,264.0,270.0,258.0,262.0,8060800.0
2019-01-24 09:00:00+00:00,260.0,262.0,258.0,260.0,5360900.0
2019-01-25 09:00:00+00:00,260.0,262.0,252.0,260.0,11396900.0
2019-01-28 09:00:00+00:00,262.0,262.0,254.0,258.0,9257300.0
2019-01-29 09:00:00+00:00,256.0,260.0,254.0,258.0,8002600.0
2019-01-30 09:00:00+00:00,258.0,260.0,254.0,260.0,11922100.0
2019-01-31 09:00:00+00:00,258.0,266.0,258.0,260.0,23851100.0
2019-02-01 09:00:00+00:00,260.0,262.0,256.0,258.0,9039500.0
2019-02-04 09:00:00+00:00,260.0,264.0,252.0,260.0,60145400.0
2019-02-05 09:00:00+00:00,260.0,260.0,260.0,260.0,0.0
2019-02-06 09:00:00+00:00,262.0,262.0,256.0,262.0,6620600.0
2019-02-07 09:00:00+00:00,262.0,264.0,260.0,262.0,1766400.0
2019-02-08 09:00:00+00:00,262.0,262.0,260.0,262.0,2264000.0
2019-02-11 09:00:00+00:00,262.0,262.0,260.0,262.0,772300.0
2019-02-12 09:00:00+00:00,262.0,264.0,258.0,260.0,1872500.0
2019-02-13 09:00:00+00:00,258.0,260.0,252.0,258.0,9781500.0
2019-02-14 09:00:00+00:00,258.0,260.0,252.0,258.0,6305500.0
2019-02-15 09:00:00+00:00,258.0,258.0,252.0,258.0,2655200.0
2019-02-18 09:00:00+00:00,260.0,260.0,256.0,258.0,1306700.0
2019-02-19 09:00:00+00:00,258.0,258.0,254.0,258.0,7718400.0
2019-02-20 09:00:00+00:00,258.0,258.0,256.0,258.0,344900.0
2019-02-21 09:00:00+00:00,258.0,258.0,252.0,256.0,2081200.0
2019-02-22 09:00:00+00:00,256.0,258.0,252.0,256.0,1214100.0
2019-02-25 09:00:00+00:00,256.0,258.0,252.0,256.0,1424000.0
2019-02-26 09:00:00+00:00,256.0,256.0,248.0,250.0,25591500.0
2019-02-27 09:00:00+00:00,248.0,250.0,240.0,246.0,38666600.0
2019-02-28 09:00:00+00:00,246.0,248.0,240.0,246.0,7987800.0
2019-03-01 09:00:00+00:00,240.0,252.0,240.0,252.0,5715600.0
2019-03-04 09:00:00+00:00,254.0,254.0,246.0,248.0,12708400.0
2019-03-05 09:00:00+00:00,250.0,256.0,246.0,248.0,2967100.0
2019-03-06 09:00:00+00:00,248.0,252.0,240.0,250.0,14901700.0
2019-03-07 09:00:00+00:00,250.0,250.0,250.0,250.0,0.0
2019-03-08 09:00:00+00:00,250.0,252.0,246.0,250.0,16096700.0
2019-03-11 09:00:00+00:00,248.0,250.0,248.0,250.0,8132700.0
2019-03-12 09:00:00+00:00,250.0,250.0,248.0,250.0,5756000.0
2019-03-13 09:00:00+00:00,242.0,250.0,238.0,248.0,15440000.0
2019-03-14 09:00:00+00:00,250.0,250.0,248.0,250.0,5549800.0
2019-03-15 09:00:00+00:00,248.0,250.0,248.0,248.0,3156500.0
2019-03-18 09:00:00+00:00,250.0,250.0,246.0,248.0,2508800.0
2019-03-19 09:00:00+00:00,250.0,250.0,244.0,248.0,8513500.0
2019-03-20 09:00:00+00:00,248.0,248.0,246.0,246.0,13011900.0
2019-03-21 09:00:00+00:00,248.0,250.0,246.0,248.0,18837700.0
2019-03-22 09:00:00+00:00,248.0,250.0,248.0,250.0,7050800.0
2019-03-25 09:00:00+00:00,248.0,248.0,246.0,248.0,14327300.0
2019-03-26 09:00:00+00:00,248.0,248.0,244.0,246.0,25770200.0
2019-03-27 09:00:00+00:00,246.0,246.0,242.0,244.0,27314000.0
2019-03-28 09:00:00+00:00,244.0,250.0,242.0,246.0,22915100.0
2019-03-29 09:00:00+00:00,250.0,250.0,240.0,244.0,39377700.0
2019-04-01 09:00:00+00:00,242.0,244.0,240.0,242.0,15306600.0
2019-04-02 09:00:00+00:00,240.0,244.0,240.0,244.0,12057100.0
2019-04-03 09:00:00+00:00,244.0,244.0,244.0,244.0,0.0
2019-04-04 09:00:00+00:00,246.0,250.0,242.0,244.0,13229000.0
2019-04-05 09:00:00+00:00,246.0,246.0,236.0,246.0,23758200.0
2019-04-08 09:00:00+00:00,244.0,246.0,242.0,246.0,8832200.0
2019-04-09 09:00:00+00:00,242.0,246.0,242.0,246.0,6324700.0
2019-04-10 09:00:00+00:00,244.0,246.0,242.0,246.0,30580800.0
2019-04-11 09:00:00+00:00,246.0,250.0,244.0,246.0,5937200.0
2019-04-12 09:00:00+00:00,244.0,246.0,244.0,246.0,2118400.0
2019-04-15 09:00:00+00:00,246.0,248.0,244.0,248.0,337900.0
2019-04-16 09:00:00+00:00,246.0,250.0,246.0,250.0,453600.0
2019-04-17 09:00:00+00:00,250.0,250.0,250.0,250.0,0.0
2019-04-18 09:00:00+00:00,250.0,252.0,246.0,250.0,2959500.0
2019-04-19 09:00:00+00:00,250.0,250.0,250.0,250.0,0.0
2019-04-22 09:00:00+00:00,250.0,254.0,248.0,248.0,1487500.0
2019-04-23 09:00:00+00:00,248.0,250.0,244.0,250.0,691600.0
2019-04-24 09:00:00+00:00,248.0,250.0,244.0,244.0,1533800.0
2019-04-25 09:00:00+00:00,246.0,250.0,244.0,248.0,150100.0
2019-04-26 09:00:00+00:00,246.0,250.0,246.0,250.0,816600.0
2019-04-29 09:00:00+00:00,248.0,250.0,242.0,250.0,1697500.0
2019-04-30 09:00:00+00:00,250.0,250.0,244.0,250.0,4491500.0
2019-05-01 09:00:00+00:00,250.0,250.0,250.0,250.0,0.0
2019-05-02 09:00:00+00:00,250.0,252.0,244.0,248.0,7334800.0
2019-05-03 09:00:00+00:00,248.0,254.0,246.0,254.0,42060000.0
2019-05-06 09:00:00+00:00,252.0,260.0,250.0,254.0,11060500.0
2019-05-07 09:00:00+00:00,254.0,256.0,250.0,254.0,8711400.0
2019-05-08 09:00:00+00:00,252.0,254.0,250.0,254.0,8132800.0
2019-05-09 09:00:00+00:00,254.0,256.0,252.0,254.0,4465500.0
2019-05-10 09:00:00+00:00,254.0,254.0,248.0,254.0,6824500.0
2019-05-13 09:00:00+00:00,254.0,254.0,250.0,252.0,10776000.0
2019-05-14 09:00:00+00:00,252.0,252.0,248.0,250.0,5175000.0
2019-05-15 09:00:00+00:00,252.0,254.0,250.0,250.0,10447500.0
2019-05-16 09:00:00+00:00,252.0,252.0,248.0,250.0,12257900.0
2019-05-17 09:00:00+00:00,250.0,252.0,248.0,250.0,8146100.0
2019-05-20 09:00:00+00:00,250.0,252.0,246.0,250.0,7900500.0
2019-05-21 09:00:00+00:00,250.0,252.0,250.0,250.0,16187100.0
2019-05-22 09:00:00+00:00,250.0,252.0,248.0,250.0,1644800.0
2019-05-23 09:00:00+00:00,250.0,260.0,250.0,258.0,1843200.0
2019-05-24 09:00:00+00:00,258.0,268.0,250.0,264.0,3593000.0
2019-05-27 09:00:00+00:00,264.0,270.0,258.0,260.0,1593900.0
2019-05-28 09:00:00+00:00,262.0,268.0,260.0,264.0,820000.0
2019-05-29 09:00:00+00:00,266.0,274.0,260.0,264.0,2735800.0
2019-05-30 09:00:00+00:00,264.0,264.0,264.0,264.0,0.0
2019-05-31 09:00:00+00:00,268.0,270.0,264.0,270.0,708000.0
2019-06-03 09:00:00+00:00,270.0,270.0,270.0,270.0,0.0
2019-06-04 09:00:00+00:00,270.0,270.0,270.0,270.0,0.0
2019-06-05 09:00:00+00:00,270.0,270.0,270.0,270.0,0.0
2019-06-06 09:00:00+00:00,270.0,270.0,270.0,270.0,0.0
2019-06-07 09:00:00+00:00,270.0,270.0,270.0,270.0,0.0
2019-06-10 09:00:00+00:00,272.0,272.0,268.0,270.0,1286400.0
2019-06-11 09:00:00+00:00,272.0,274.0,268.0,272.0,1614900.0
2019-06-12 09:00:00+00:00,276.0,280.0,270.0,280.0,4254300.0
2019-06-13 09:00:00+00:00,280.0,282.0,280.0,282.0,3203500.0
2019-06-14 09:00:00+00:00,284.0,286.0,280.0,282.0,4219300.0
2019-06-17 09:00:00+00:00,282.0,284.0,282.0,282.0,1432400.0
2019-06-18 09:00:00+00:00,282.0,284.0,280.0,282.0,394900.0
2019-06-19 09:00:00+00:00,282.0,284.0,282.0,284.0,2540700.0
2019-06-20 09:00:00+00:00,284.0,286.0,282.0,286.0,4080100.0
2019-06-21 09:00:00+00:00,286.0,288.0,284.0,286.0,2545100.0
2019-06-24 09:00:00+00:00,286.0,292.0,284.0,292.0,6293300.0
2019-06-25 09:00:00+00:00,292.0,304.0,292.0,300.0,14418800.0
2019-06-26 09:00:00+00:00,300.0,304.0,298.0,304.0,20578600.0
2019-06-27 09:00:00+00:00,306.0,310.0,304.0,308.0,10483900.0
2019-06-28 09:00:00+00:00,308.0,326.0,304.0,316.0,16051300.0
2019-07-01 09:00:00+00:00,316.0,320.0,312.0,314.0,68419600.0
2019-07-02 09:00:00+00:00,314.0,320.0,312.0,312.0,4809100.0
2019-07-03 09:00:00+00:00,314.0,320.0,310.0,316.0,5769900.0
2019-07-04 09:00:00+00:00,316.0,320.0,314.0,316.0,3496600.0
2019-07-05 09:00:00+00:00,316.0,328.0,314.0,318.0,12429200.0
2019-07-08 09:00:00+00:00,318.0,324.0,280.0,304.0,27051500.0
2019-07-09 09:00:00+00:00,304.0,304.0,304.0,304.0,0.0
2019-07-10 09:00:00+00:00,304.0,304.0,304.0,304.0,0.0
2019-07-11 09:00:00+00:00,304.0,304.0,304.0,304.0,0.0
2019-07-12 09:00:00+00:00,304.0,304.0,304.0,304.0,0.0
2019-07-15 09:00:00+00:00,304.0,304.0,304.0,304.0,0.0
2019-07-16 09:00:00+00:00,304.0,304.0,304.0,304.0,0.0
2019-07-17 09:00:00+00:00,304.0,304.0,304.0,304.0,0.0
2019-07-18 09:00:00+00:00,304.0,304.0,304.0,304.0,0.0
2019-07-19 09:00:00+00:00,298.0,316.0,296.0,308.0,16276100.0
2019-07-22 09:00:00+00:00,308.0,320.0,306.0,310.0,5220000.0
2019-07-23 09:00:00+00:00,310.0,316.0,304.0,308.0,11245800.0
2019-07-24 09:00:00+00:00,308.0,316.0,304.0,308.0,5450400.0
2019-07-25 09:00:00+00:00,306.0,308.0,304.0,308.0,2612900.0
2019-07-26 09:00:00+00:00,308.0,310.0,304.0,308.0,6697500.0
2019-07-29 09:00:00+00:00,312.0,316.0,306.0,308.0,5369200.0
2019-07-30 09:00:00+00:00,308.0,310.0,306.0,306.0,6077900.0
2019-07-31 09:00:00+00:00,308.0,308.0,304.0,308.0,5123200.0
2019-08-01 09:00:00+00:00,306.0,308.0,304.0,308.0,3115600.0
2019-08-02 09:00:00+00:00,306.0,308.0,304.0,308.0,2866600.0
2019-08-05 09:00:00+00:00,308.0,308.0,302.0,306.0,4981600.0
2019-08-06 09:00:00+00:00,302.0,306.0,300.0,306.0,4777700.0
2019-08-07 09:00:00+00:00,304.0,308.0,302.0,304.0,7455500.0
2019-08-08 09:00:00+00:00,304.0,308.0,302.0,306.0,4502900.0
2019-08-09 09:00:00+00:00,306.0,308.0,304.0,306.0,3317800.0
2019-08-12 09:00:00+00:00,308.0,308.0,304.0,306.0,1903600.0
2019-08-13 09:00:00+00:00,304.0,306.0,302.0,304.0,16002300.0
2019-08-14 09:00:00+00:00,304.0,306.0,300.0,304.0,14276600.0
2019-08-15 09:00:00+00:00,302.0,308.0,300.0,306.0,4390300.0
2019-08-16 09:00:00+00:00,306.0,308.0,304.0,306.0,3270700.0
2019-08-19 09:00:00+00:00,306.0,308.0,306.0,308.0,2790100.0
2019-08-20 09:00:00+00:00,308.0,310.0,306.0,308.0,7691700.0
2019-08-21 09:00:00+00:00,308.0,308.0,304.0,308.0,2557100.0
2019-08-22 09:00:00+00:00,308.0,310.0,306.0,308.0,5256000.0
2019-08-23 09:00:00+00:00,308.0,310.0,306.0,310.0,3985600.0
2019-08-26 09:00:00+00:00,310.0,310.0,308.0,310.0,2908000.0
2019-08-27 09:00:00+00:00,308.0,310.0,306.0,310.0,5082000.0
2019-08-28 09:00:00+00:00,310.0,318.0,310.0,318.0,4264400.0
2019-08-29 09:00:00+00:00,318.0,318.0,314.0,316.0,3467000.0
2019-08-30 09:00:00+00:00,316.0,318.0,314.0,318.0,3923900.0
2019-09-02 09:00:00+00:00,318.0,318.0,314.0,318.0,2191800.0
2019-09-03 09:00:00+00:00,318.0,318.0,314.0,318.0,3747700.0
2019-09-04 09:00:00+00:00,318.0,318.0,314.0,318.0,3088500.0
2019-09-05 09:00:00+00:00,318.0,318.0,316.0,318.0,2824000.0
2019-09-06 09:00:00+00:00,318.0,318.0,314.0,318.0,4804000.0
2019-09-09 09:00:00+00:00,318.0,318.0,310.0,318.0,2459600.0
2019-09-10 09:00:00+00:00,316.0,318.0,314.0,318.0,3663200.0
2019-09-11 09:00:00+00:00,318.0,318.0,316.0,318.0,3126800.0
2019-09-12 09:00:00+00:00,318.0,318.0,314.0,318.0,3445200.0
2019-09-13 09:00:00+00:00,318.0,318.0,314.0,316.0,4601900.0
2019-09-16 09:00:00+00:00,316.0,318.0,314.0,318.0,3748500.0
2019-09-17 09:00:00+00:00,318.0,318.0,314.0,318.0,2916800.0
2019-09-18 09:00:00+00:00,318.0,318.0,314.0,318.0,3282900.0
2019-09-19 09:00:00+00:00,318.0,318.0,314.0,318.0,3300700.0
2019-09-20 09:00:00+00:00,316.0,318.0,316.0,316.0,3431200.0
2019-09-23 09:00:00+00:00,318.0,318.0,314.0,318.0,4326800.0
2019-09-24 09:00:00+00:00,318.0,318.0,312.0,314.0,16294700.0
2019-09-25 09:00:00+00:00,314.0,316.0,312.0,314.0,4284300.0
2019-09-26 09:00:00+00:00,312.0,316.0,312.0,314.0,5669200.0
2019-09-27 09:00:00+00:00,314.0,316.0,312.0,316.0,4462000.0
2019-09-30 09:00:00+00:00,316.0,318.0,312.0,318.0,6737100.0
2019-10-01 09:00:00+00:00,318.0,318.0,316.0,318.0,3996500.0
2019-10-02 09:00:00+00:00,318.0,318.0,314.0,318.0,105703800.0
2019-10-03 09:00:00+00:00,318.0,318.0,312.0,316.0,4738400.0
2019-10-04 09:00:00+00:00,316.0,316.0,312.0,316.0,4034900.0
2019-10-07 09:00:00+00:00,316.0,316.0,312.0,314.0,5427100.0
2019-10-08 09:00:00+00:00,314.0,316.0,312.0,314.0,2885300.0
2019-10-09 09:00:00+00:00,314.0,316.0,314.0,316.0,581100.0
2019-10-10 09:00:00+00:00,316.0,316.0,312.0,314.0,7988900.0
2019-10-11 09:00:00+00:00,314.0,316.0,310.0,314.0,5929300.0
2019-10-14 09:00:00+00:00,314.0,316.0,310.0,314.0,5385400.0
2019-10-15 09:00:00+00:00,314.0,314.0,310.0,314.0,5164600.0
2019-10-16 09:00:00+00:00,314.0,316.0,310.0,312.0,8799000.0
2019-10-17 09:00:00+00:00,310.0,314.0,310.0,312.0,1427000.0
2019-10-18 09:00:00+00:00,312.0,314.0,310.0,312.0,67161300.0
2019-10-21 09:00:00+00:00,312.0,314.0,310.0,314.0,7268200.0
2019-10-22 09:00:00+00:00,312.0,314.0,310.0,312.0,10721000.0
2019-10-23 09:00:00+00:00,312.0,314.0,310.0,314.0,2284200.0
2019-10-24 09:00:00+00:00,312.0,314.0,312.0,312.0,5458000.0
2019-10-25 09:00:00+00:00,312.0,314.0,310.0,314.0,2237300.0
2019-10-28 09:00:00+00:00,312.0,316.0,312.0,316.0,3429500.0
2019-10-29 09:00:00+00:00,314.0,318.0,314.0,318.0,3440400.0
2019-10-30 09:00:00+00:00,318.0,318.0,314.0,318.0,5308200.0
2019-10-31 09:00:00+00:00,318.0,322.0,316.0,322.0,8961100.0
2019-11-01 09:00:00+00:00,322.0,326.0,316.0,322.0,2679900.0
2019-11-04 09:00:00+00:00,322.0,326.0,322.0,326.0,3443800.0
2019-11-05 09:00:00+00:00,324.0,326.0,322.0,326.0,5015800.0
2019-11-06 09:00:00+00:00,326.0,326.0,320.0,322.0,5729100.0
2019-11-07 09:00:00+00:00,322.0,324.0,318.0,322.0,4529800.0
2019-11-08 09:00:00+00:00,320.0,324.0,318.0,322.0,4906300.0
2019-11-11 09:00:00+00:00,320.0,326.0,320.0,322.0,4039200.0
2019-11-12 09:00:00+00:00,320.0,324.0,318.0,320.0,3371300.0
2019-11-13 09:00:00+00:00,320.0,322.0,318.0,322.0,3441700.0
2019-11-14 09:00:00+00:00,322.0,322.0,318.0,320.0,3442200.0
2019-11-15 09:00:00+00:00,320.0,322.0,318.0,320.0,3244300.0
2019-11-18 09:00:00+00:00,320.0,324.0,314.0,318.0,8048000.0
2019-11-19 09:00:00+00:00,318.0,324.0,318.0,322.0,2636200.0
2019-11-20 09:00:00+00:00,322.0,324.0,318.0,322.0,3485700.0
2019-11-21 09:00:00+00:00,320.0,324.0,320.0,322.0,2523700.0
2019-11-22 09:00:00+00:00,322.0,324.0,310.0,324.0,11932800.0
2019-11-25 09:00:00+00:00,324.0,324.0,312.0,318.0,12873800.0
2019-11-26 09:00:00+00:00,318.0,318.0,312.0,316.0,7322600.0
2019-11-27 09:00:00+00:00,316.0,316.0,308.0,314.0,12565500.0
2019-11-28 09:00:00+00:00,314.0,316.0,308.0,314.0,10223600.0
2019-11-29 09:00:00+00:00,314.0,316.0,306.0,316.0,17517400.0
2019-12-02 09:00:00+00:00,316.0,322.0,312.0,314.0,5488400.0
2019-12-03 09:00:00+00:00,316.0,318.0,312.0,316.0,3759100.0
2019-12-04 09:00:00+00:00,316.0,318.0,310.0,316.0,6859800.0
2019-12-05 09:00:00+00:00,318.0,318.0,310.0,314.0,10104800.0
2019-12-06 09:00:00+00:00,314.0,316.0,312.0,314.0,5036700.0
2019-12-09 09:00:00+00:00,318.0,318.0,306.0,310.0,11962800.0
2019-12-10 09:00:00+00:00,308.0,314.0,298.0,304.0,20438900.0
2019-12-11 09:00:00+00:00,304.0,306.0,296.0,304.0,10344200.0
2019-12-12 09:00:00+00:00,306.0,306.0,298.0,300.0,6815600.0
2019-12-13 09:00:00+00:00,304.0,304.0,296.0,302.0,7740600.0
2019-12-16 09:00:00+00:00,302.0,306.0,292.0,298.0,11035000.0
2019-12-17 09:00:00+00:00,298.0,300.0,290.0,298.0,8484600.0
2019-12-18 09:00:00+00:00,298.0,306.0,292.0,296.0,8984100.0
2019-12-19 09:00:00+00:00,300.0,300.0,286.0,294.0,11401800.0
2019-12-20 09:00:00+00:00,292.0,296.0,286.0,294.0,7955300.0
2019-12-23 09:00:00+00:00,296.0,304.0,290.0,300.0,3052700.0
2019-12-26 09:00:00+00:00,304.0,306.0,296.0,302.0,1353200.0
2019-12-27 09:00:00+00:00,304.0,306.0,298.0,300.0,2400400.0
2019-12-30 09:00:00+00:00,300.0,304.0,292.0,292.0,5971200.0
2020-01-02 09:00:00+00:00,296.0,302.0,286.0,294.0,1592600.0
2020-01-03 09:00:00+00:00,294.0,296.0,294.0,294.0,820700.0
2020-01-06 09:00:00+00:00,294.0,298.0,294.0,298.0,468800.0
2020-01-07 09:00:00+00:00,298.0,300.0,292.0,296.0,723300.0
2020-01-08 09:00:00+00:00,294.0,300.0,290.0,294.0,1105400.0
2020-01-09 09:00:00+00:00,294.0,300.0,294.0,294.0,63000.0
2020-01-10 09:00:00+00:00,294.0,296.0,292.0,294.0,278100.0
2020-01-13 09:00:00+00:00,300.0,300.0,292.0,294.0,272200.0
2020-01-14 09:00:00+00:00,294.0,300.0,294.0,294.0,163700.0
2020-01-15 09:00:00+00:00,298.0,300.0,292.0,296.0,538200.0
2020-01-16 09:00:00+00:00,296.0,298.0,290.0,296.0,715000.0
2020-01-17 09:00:00+00:00,296.0,298.0,290.0,294.0,1237800.0
2020-01-20 09:00:00+00:00,294.0,296.0,292.0,292.0,559300.0
2020-01-21 09:00:00+00:00,292.0,298.0,292.0,294.0,928000.0
2020-01-22 09:00:00+00:00,294.0,298.0,292.0,294.0,772700.0
2020-01-23 09:00:00+00:00,296.0,296.0,292.0,296.0,1593300.0
2020-01-24 09:00:00+00:00,296.0,298.0,296.0,298.0,33700.0
2020-01-27 09:00:00+00:00,300.0,300.0,296.0,300.0,676400.0
2020-01-28 09:00:00+00:00,302.0,302.0,294.0,296.0,417600.0
2020-01-29 09:00:00+00:00,296.0,300.0,296.0,300.0,210800.0
2020-01-30 09:00:00+00:00,298.0,300.0,294.0,296.0,94800.0
2020-01-31 09:00:00+00:00,296.0,298.0,294.0,296.0,142700.0
2020-02-03 09:00:00+00:00,296.0,298.0,294.0,296.0,19700.0
2020-02-04 09:00:00+00:00,296.0,302.0,296.0,298.0,569400.0
2020-02-05 09:00:00+00:00,300.0,300.0,294.0,298.0,264100.0
2020-02-06 09:00:00+00:00,296.0,300.0,294.0,298.0,60700.0
2020-02-07 09:00:00+00:00,298.0,298.0,294.0,298.0,351100.0
2020-02-10 09:00:00+00:00,296.0,296.0,292.0,292.0,323200.0
2020-02-11 09:00:00+00:00,294.0,298.0,292.0,296.0,510100.0
2020-02-12 09:00:00+00:00,296.0,298.0,292.0,294.0,515000.0
2020-02-13 09:00:00+00:00,294.0,298.0,292.0,294.0,224400.0
2020-02-14 09:00:00+00:00,294.0,294.0,292.0,292.0,198900.0
2020-02-17 09:00:00+00:00,294.0,294.0,290.0,294.0,180700.0
2020-02-18 09:00:00+00:00,294.0,294.0,288.0,292.0,508800.0
2020-02-19 09:00:00+00:00,292.0,294.0,290.0,294.0,471300.0
2020-02-20 09:00:00+00:00,294.0,294.0,284.0,292.0,214200.0
2020-02-21 09:00:00+00:00,292.0,292.0,280.0,288.0,2835400.0
2020-02-24 09:00:00+00:00,288.0,288.0,276.0,278.0,896400.0
2020-02-25 09:00:00+00:00,286.0,286.0,270.0,286.0,1044500.0
2020-02-26 09:00:00+00:00,286.0,292.0,270.0,286.0,1928000.0
2020-02-27 09:00:00+00:00,288.0,290.0,270.0,276.0,4023400.0
2020-02-28 09:00:00+00:00,272.0,286.0,272.0,276.0,5232700.0
2020-03-02 09:00:00+00:00,276.0,282.0,274.0,276.0,5047000.0
2020-03-03 09:00:00+00:00,280.0,286.0,270.0,286.0,4771100.0
2020-03-04 09:00:00+00:00,288.0,288.0,278.0,280.0,1269500.0
2020-03-05 09:00:00+00:00,280.0,280.0,274.0,280.0,1173400.0
2020-03-06 09:00:00+00:00,280.0,280.0,276.0,278.0,520400.0
2020-03-09 09:00:00+00:00,280.0,280.0,268.0,274.0,1223500.0
2020-03-10 09:00:00+00:00,276.0,278.0,270.0,274.0,1757000.0
2020-03-11 09:00:00+00:00,274.0,276.0,264.0,270.0,5056200.0
2020-03-12 09:00:00+00:00,270.0,270.0,250.0,264.0,2705500.0
2020-03-13 09:00:00+00:00,264.0,264.0,264.0,264.0,0.0
2020-03-16 09:00:00+00:00,264.0,264.0,264.0,264.0,0.0
2020-03-17 09:00:00+00:00,238.0,238.0,226.0,226.0,47200.0
2020-03-18 09:00:00+00:00,212.0,226.0,212.0,212.0,21207800.0
2020-03-19 09:00:00+00:00,228.0,230.0,198.0,198.0,30200.0
2020-03-20 09:00:00+00:00,196.0,196.0,185.0,185.0,2396000.0
2020-03-23 09:00:00+00:00,180.0,180.0,173.0,173.0,20400.0
2020-03-24 09:00:00+00:00,161.0,161.0,161.0,161.0,40600.0
2020-03-26 09:00:00+00:00,150.0,150.0,150.0,150.0,1019700.0
2020-03-27 09:00:00+00:00,142.0,142.0,140.0,140.0,1435900.0
2020-03-30 09:00:00+00:00,131.0,131.0,131.0,131.0,265200.0
2020-03-31 09:00:00+00:00,122.0,122.0,122.0,122.0,2653200.0
2020-04-01 09:00:00+00:00,114.0,138.0,114.0,114.0,21694700.0
2020-04-02 09:00:00+00:00,110.0,123.0,108.0,118.0,4583100.0
2020-04-03 09:00:00+00:00,120.0,124.0,115.0,120.0,4071300.0
2020-04-06 09:00:00+00:00,120.0,143.0,118.0,141.0,4402800.0
2020-04-07 09:00:00+00:00,144.0,150.0,133.0,135.0,5284800.0
2020-04-08 09:00:00+00:00,134.0,135.0,126.0,126.0,5038800.0
2020-04-09 09:00:00+00:00,120.0,134.0,119.0,129.0,4558000.0
2020-04-13 09:00:00+00:00,128.0,135.0,126.0,132.0,2468800.0
2020-04-14 09:00:00+00:00,134.0,137.0,131.0,137.0,2278300.0
2020-04-15 09:00:00+00:00,137.0,149.0,136.0,139.0,3390100.0
2020-04-16 09:00:00+00:00,136.0,138.0,134.0,134.0,628700.0
2020-04-17 09:00:00+00:00,135.0,141.0,135.0,139.0,1272700.0
2020-04-20 09:00:00+00:00,140.0,141.0,131.0,135.0,2799100.0
2020-04-21 09:00:00+00:00,134.0,134.0,129.0,134.0,1328900.0
2020-04-22 09:00:00+00:00,131.0,134.0,127.0,131.0,2092400.0
2020-04-23 09:00:00+00:00,128.0,146.0,128.0,138.0,2939200.0
2020-04-24 09:00:00+00:00,136.0,140.0,130.0,130.0,2057600.0
2020-04-27 09:00:00+00:00,131.0,133.0,125.0,126.0,602200.0
2020-04-28 09:00:00+00:00,125.0,125.0,118.0,125.0,3762700.0
2020-04-29 09:00:00+00:00,127.0,128.0,122.0,125.0,905000.0
2020-04-30 09:00:00+00:00,128.0,135.0,126.0,132.0,2175600.0
2020-05-04 09:00:00+00:00,127.0,132.0,125.0,130.0,736200.0
2020-05-05 09:00:00+00:00,132.0,135.0,129.0,132.0,2244700.0
2020-05-06 09:00:00+00:00,132.0,133.0,129.0,132.0,599600.0
2020-05-08 09:00:00+00:00,132.0,135.0,131.0,134.0,695900.0
2020-05-11 09:00:00+00:00,134.0,140.0,133.0,135.0,1586200.0
2020-05-12 09:00:00+00:00,135.0,135.0,131.0,133.0,9121100.0
2020-05-13 09:00:00+00:00,133.0,136.0,130.0,135.0,8215800.0
2020-05-14 09:00:00+00:00,134.0,135.0,132.0,133.0,744400.0
2020-05-15 09:00:00+00:00,133.0,136.0,131.0,134.0,418400.0
2020-05-18 09:00:00+00:00,133.0,135.0,132.0,135.0,877600.0
2020-05-19 09:00:00+00:00,136.0,140.0,135.0,136.0,659400.0
2020-05-20 09:00:00+00:00,134.0,135.0,133.0,135.0,565200.0
2020-05-26 09:00:00+00:00,136.0,138.0,134.0,138.0,2706400.0
2020-05-27 09:00:00+00:00,135.0,140.0,135.0,139.0,1679900.0
2020-05-28 09:00:00+00:00,140.0,145.0,139.0,144.0,2602500.0
2020-05-29 09:00:00+00:00,148.0,148.0,140.0,140.0,2815700.0
2020-06-02 09:00:00+00:00,140.0,149.0,140.0,146.0,2816100.0
2020-06-03 09:00:00+00:00,146.0,160.0,146.0,154.0,4693000.0
2020-06-04 09:00:00+00:00,155.0,160.0,151.0,155.0,7793600.0
2020-06-05 09:00:00+00:00,160.0,160.0,152.0,158.0,29125800.0
2020-06-08 09:00:00+00:00,156.0,165.0,156.0,162.0,115971000.0
2020-06-09 09:00:00+00:00,164.0,164.0,159.0,162.0,133939900.0
2020-06-10 09:00:00+00:00,162.0,169.0,158.0,158.0,3953800.0
2020-06-11 09:00:00+00:00,158.0,160.0,147.0,147.0,5912500.0
2020-06-12 09:00:00+00:00,139.0,147.0,137.0,147.0,14209100.0
2020-06-15 09:00:00+00:00,147.0,149.0,140.0,145.0,6375300.0
2020-06-16 09:00:00+00:00,143.0,154.0,140.0,152.0,5109900.0
2020-06-17 09:00:00+00:00,151.0,153.0,146.0,149.0,7608300.0
2020-06-18 09:00:00+00:00,149.0,151.0,146.0,147.0,4100900.0
2020-06-19 09:00:00+00:00,148.0,150.0,144.0,146.0,1196500.0
2020-06-22 09:00:00+00:00,148.0,148.0,144.0,144.0,1000600.0
2020-06-23 09:00:00+00:00,143.0,145.0,142.0,143.0,1501500.0
2020-06-24 09:00:00+00:00,143.0,150.0,143.0,144.0,977200.0
2020-06-25 09:00:00+00:00,147.0,147.0,141.0,141.0,566300.0
2020-06-26 09:00:00+00:00,144.0,145.0,140.0,143.0,533800.0
2020-06-29 09:00:00+00:00,141.0,143.0,138.0,139.0,1037200.0
2020-06-30 09:00:00+00:00,140.0,149.0,138.0,144.0,2396900.0
2020-07-01 09:00:00+00:00,149.0,149.0,136.0,144.0,2682100.0
2020-07-02 09:00:00+00:00,144.0,145.0,140.0,143.0,875600.0
2020-07-03 09:00:00+00:00,144.0,146.0,141.0,144.0,3569400.0
2020-07-06 09:00:00+00:00,144.0,144.0,140.0,144.0,596500.0
2020-07-07 09:00:00+00:00,143.0,144.0,141.0,142.0,278800.0
2020-07-08 09:00:00+00:00,142.0,143.0,140.0,141.0,669900.0
2020-07-09 09:00:00+00:00,142.0,143.0,141.0,141.0,3607700.0
2020-07-10 09:00:00+00:00,141.0,148.0,140.0,145.0,3752300.0
2020-07-13 09:00:00+00:00,150.0,150.0,143.0,146.0,4176700.0
2020-07-14 09:00:00+00:00,147.0,147.0,143.0,146.0,240100.0
2020-07-15 09:00:00+00:00,147.0,148.0,144.0,146.0,969100.0
2020-07-16 09:00:00+00:00,146.0,149.0,143.0,144.0,544900.0
2020-07-17 09:00:00+00:00,144.0,144.0,142.0,143.0,333300.0
2020-07-20 09:00:00+00:00,143.0,145.0,141.0,144.0,1274300.0
2020-07-21 09:00:00+00:00,145.0,145.0,142.0,144.0,808600.0
2020-07-22 09:00:00+00:00,145.0,148.0,144.0,146.0,933600.0
2020-07-23 09:00:00+00:00,146.0,146.0,142.0,142.0,2234200.0
2020-07-24 09:00:00+00:00,145.0,145.0,141.0,141.0,289900.0
2020-07-27 09:00:00+00:00,142.0,142.0,140.0,141.0,994200.0
2020-07-28 09:00:00+00:00,141.0,142.0,140.0,141.0,371100.0
2020-07-29 09:00:00+00:00,141.0,141.0,138.0,141.0,456700.0
2020-07-30 09:00:00+00:00,140.0,159.0,138.0,159.0,1150700.0
2020-08-03 09:00:00+00:00,149.0,154.0,148.0,148.0,577800.0
2020-08-04 09:00:00+00:00,145.0,149.0,140.0,140.0,772100.0
2020-08-05 09:00:00+00:00,142.0,145.0,140.0,143.0,865700.0
2020-08-06 09:00:00+00:00,143.0,143.0,141.0,142.0,212700.0
2020-08-07 09:00:00+00:00,144.0,145.0,142.0,143.0,5758100.0
2020-08-10 09:00:00+00:00,144.0,147.0,141.0,145.0,561600.0
2020-08-11 09:00:00+00:00,146.0,147.0,142.0,144.0,5297000.0
2020-08-12 09:00:00+00:00,144.0,144.0,142.0,142.0,1859400.0
2020-08-13 09:00:00+00:00,143.0,144.0,142.0,144.0,351000.0
2020-08-14 09:00:00+00:00,144.0,144.0,142.0,142.0,314800.0
2020-08-18 09:00:00+00:00,142.0,143.0,141.0,141.0,354800.0
2020-08-19 09:00:00+00:00,142.0,143.0,141.0,141.0,404100.0
2020-08-24 09:00:00+00:00,142.0,143.0,140.0,143.0,760200.0
2020-08-25 09:00:00+00:00,142.0,146.0,139.0,144.0,2118800.0
2020-08-26 09:00:00+00:00,144.0,147.0,141.0,143.0,1046000.0
2020-08-27 09:00:00+00:00,143.0,152.0,141.0,149.0,7759600.0
2020-08-28 09:00:00+00:00,150.0,151.0,143.0,143.0,2359600.0
2020-08-31 09:00:00+00:00,145.0,146.0,141.0,144.0,1191800.0
2020-09-01 09:00:00+00:00,142.0,144.0,141.0,143.0,1050000.0
2020-09-02 09:00:00+00:00,143.0,146.0,143.0,144.0,2030100.0
2020-09-03 09:00:00+00:00,145.0,145.0,142.0,143.0,848200.0
2020-09-04 09:00:00+00:00,143.0,161.0,142.0,148.0,22438300.0
2020-09-07 09:00:00+00:00,150.0,150.0,143.0,143.0,2867700.0
2020-09-08 09:00:00+00:00,144.0,148.0,140.0,148.0,2886800.0
2020-09-09 09:00:00+00:00,148.0,149.0,144.0,144.0,2895200.0
2020-09-10 09:00:00+00:00,142.0,142.0,134.0,137.0,5698300.0
2020-09-11 09:00:00+00:00,137.0,144.0,129.0,140.0,3060800.0
2020-09-14 09:00:00+00:00,141.0,146.0,141.0,144.0,720100.0
2020-09-15 09:00:00+00:00,145.0,145.0,143.0,144.0,3071100.0
2020-09-16 09:00:00+00:00,145.0,151.0,142.0,145.0,5155200.0
2020-09-17 09:00:00+00:00,146.0,166.0,146.0,165.0,22721400.0
2020-09-18 09:00:00+00:00,170.0,204.0,167.0,183.0,45466800.0
2020-09-21 09:00:00+00:00,173.0,195.0,171.0,171.0,15369200.0
2020-09-22 09:00:00+00:00,161.0,171.0,160.0,162.0,12771000.0
2020-09-23 09:00:00+00:00,155.0,171.0,154.0,162.0,11926800.0
2020-09-24 09:00:00+00:00,162.0,165.0,156.0,159.0,3863000.0
2020-09-25 09:00:00+00:00,159.0,171.0,158.0,166.0,11002700.0
2020-09-28 09:00:00+00:00,167.0,197.0,167.0,190.0,72983600.0
2020-09-29 09:00:00+00:00,180.0,204.0,179.0,186.0,76853000.0
2020-09-30 09:00:00+00:00,185.0,189.0,176.0,185.0,14691300.0
2020-10-01 09:00:00+00:00,188.0,197.0,187.0,190.0,14448300.0
2020-10-02 09:00:00+00:00,190.0,197.0,183.0,190.0,19325000.0
2020-10-05 09:00:00+00:00,180.0,218.0,180.0,214.0,109213400.0
2020-10-06 09:00:00+00:00,220.0,230.0,208.0,208.0,101405000.0
2020-10-07 09:00:00+00:00,212.0,212.0,200.0,206.0,28223600.0
2020-10-08 09:00:00+00:00,204.0,218.0,202.0,216.0,58009100.0
2020-10-09 09:00:00+00:00,218.0,218.0,206.0,206.0,41279800.0
2020-10-12 09:00:00+00:00,206.0,208.0,202.0,206.0,10521000.0
2020-10-13 09:00:00+00:00,206.0,208.0,199.0,206.0,27732900.0
2020-10-14 09:00:00+00:00,206.0,208.0,202.0,204.0,24239200.0
2020-10-15 09:00:00+00:00,206.0,214.0,200.0,204.0,55025400.0
2020-10-16 09:00:00+00:00,204.0,208.0,202.0,204.0,12799700.0
2020-10-19 09:00:00+00:00,202.0,216.0,202.0,208.0,92775900.0
2020-10-20 09:00:00+00:00,210.0,214.0,204.0,206.0,32736000.0
2020-10-21 09:00:00+00:00,204.0,214.0,202.0,212.0,43002400.0
2020-10-22 09:00:00+00:00,210.0,214.0,206.0,206.0,56937300.0
2020-10-23 09:00:00+00:00,208.0,210.0,204.0,206.0,15420600.0
2020-10-26 09:00:00+00:00,210.0,212.0,206.0,208.0,18967800.0
2020-10-27 09:00:00+00:00,208.0,210.0,204.0,208.0,17374200.0
2020-11-02 09:00:00+00:00,206.0,208.0,195.0,199.0,30725100.0
2020-11-03 09:00:00+00:00,202.0,204.0,198.0,199.0,15291000.0
2020-11-04 09:00:00+00:00,204.0,204.0,192.0,193.0,35112600.0
2020-11-05 09:00:00+00:00,195.0,197.0,191.0,195.0,13479000.0
2020-11-06 09:00:00+00:00,197.0,204.0,195.0,199.0,25673600.0
2020-11-09 09:00:00+00:00,202.0,202.0,197.0,198.0,14124700.0
2020-11-10 09:00:00+00:00,200.0,200.0,196.0,198.0,13684200.0
2020-11-11 09:00:00+00:00,198.0,202.0,195.0,196.0,8799500.0
2020-11-12 09:00:00+00:00,196.0,198.0,193.0,194.0,7482500.0
2020-11-13 09:00:00+00:00,194.0,196.0,191.0,192.0,8999100.0
2020-11-16 09:00:00+00:00,195.0,195.0,191.0,193.0,9001800.0
2020-11-17 09:00:00+00:00,194.0,214.0,192.0,210.0,117588900.0
2020-11-18 09:00:00+00:00,210.0,214.0,204.0,206.0,33006400.0
2020-11-19 09:00:00+00:00,208.0,210.0,204.0,208.0,31361400.0
2020-11-20 09:00:00+00:00,210.0,210.0,204.0,206.0,23834700.0
2020-11-23 09:00:00+00:00,208.0,222.0,206.0,212.0,80557200.0
2020-11-24 09:00:00+00:00,212.0,224.0,212.0,216.0,62538600.0
2020-11-25 09:00:00+00:00,220.0,222.0,208.0,210.0,45053700.0
2020-11-26 09:00:00+00:00,212.0,212.0,198.0,206.0,26893800.0
2020-11-27 09:00:00+00:00,206.0,214.0,206.0,210.0,20518200.0
2020-11-30 09:00:00+00:00,210.0,230.0,202.0,212.0,142600500.0
2020-12-01 09:00:00+00:00,214.0,218.0,202.0,208.0,38545600.0
2020-12-02 09:00:00+00:00,208.0,212.0,206.0,210.0,15841300.0
2020-12-03 09:00:00+00:00,212.0,218.0,210.0,218.0,41415700.0
2020-12-04 09:00:00+00:00,220.0,220.0,210.0,212.0,25023000.0
2020-12-07 09:00:00+00:00,216.0,218.0,212.0,214.0,25081200.0
2020-12-08 09:00:00+00:00,216.0,218.0,212.0,214.0,16565900.0
2020-12-10 09:00:00+00:00,216.0,238.0,212.0,226.0,239285000.0
2020-12-11 09:00:00+00:00,230.0,234.0,214.0,216.0,73044000.0
2020-12-14 09:00:00+00:00,220.0,222.0,216.0,216.0,29285900.0
2020-12-15 09:00:00+00:00,218.0,226.0,212.0,218.0,45471800.0
2020-12-16 09:00:00+00:00,220.0,224.0,216.0,218.0,43486600.0
2020-12-17 09:00:00+00:00,220.0,262.0,216.0,240.0,505482700.0
2020-12-18 09:00:00+00:00,244.0,244.0,228.0,230.0,95421700.0
2020-12-21 09:00:00+00:00,232.0,236.0,230.0,230.0,52918500.0
2020-12-22 09:00:00+00:00,232.0,234.0,216.0,218.0,59989300.0
2020-12-23 09:00:00+00:00,220.0,222.0,204.0,212.0,41567500.0
2020-12-28 09:00:00+00:00,214.0,220.0,212.0,216.0,20564900.0
2020-12-29 09:00:00+00:00,216.0,228.0,212.0,214.0,43810600.0
2020-12-30 09:00:00+00:00,214.0,216.0,210.0,214.0,35993400.0
2021-01-04 09:00:00+00:00,216.0,218.0,200.0,214.0,26929000.0
2021-01-05 09:00:00+00:00,212.0,220.0,206.0,210.0,23367900.0
2021-01-06 09:00:00+00:00,210.0,214.0,202.0,208.0,22287500.0
2021-01-07 09:00:00+00:00,212.0,214.0,206.0,208.0,38023500.0
2021-01-08 09:00:00+00:00,208.0,212.0,206.0,210.0,46222400.0
2021-01-11 09:00:00+00:00,208.0,214.0,208.0,210.0,29158000.0
2021-01-12 09:00:00+00:00,210.0,212.0,206.0,210.0,18833800.0
2021-01-13 09:00:00+00:00,210.0,212.0,206.0,208.0,17160700.0
2021-01-14 09:00:00+00:00,208.0,224.0,206.0,212.0,117913100.0
2021-01-15 09:00:00+00:00,210.0,216.0,208.0,208.0,20748800.0
2021-01-18 09:00:00+00:00,210.0,212.0,204.0,206.0,27638600.0
2021-01-19 09:00:00+00:00,206.0,210.0,192.0,196.0,46329100.0
2021-01-20 09:00:00+00:00,196.0,202.0,195.0,199.0,15220700.0
2021-01-21 09:00:00+00:00,202.0,202.0,194.0,195.0,23847600.0
2021-01-22 09:00:00+00:00,196.0,196.0,183.0,185.0,29032900.0
2021-01-25 09:00:00+00:00,180.0,194.0,177.0,178.0,23088600.0
2021-01-26 09:00:00+00:00,179.0,179.0,166.0,166.0,31815000.0
2021-01-27 09:00:00+00:00,166.0,166.0,155.0,158.0,29914000.0
2021-01-28 09:00:00+00:00,157.0,161.0,148.0,148.0,24203700.0
2021-01-29 09:00:00+00:00,148.0,155.0,142.0,151.0,22592300.0
2021-02-01 09:00:00+00:00,151.0,161.0,146.0,158.0,23265000.0
2021-02-02 09:00:00+00:00,159.0,172.0,158.0,160.0,25246300.0
2021-02-03 09:00:00+00:00,160.0,172.0,160.0,168.0,34396800.0
2021-02-04 09:00:00+00:00,168.0,171.0,162.0,166.0,11432600.0
2021-02-05 09:00:00+00:00,168.0,172.0,165.0,171.0,13493000.0
2021-02-08 09:00:00+00:00,172.0,176.0,170.0,175.0,13992800.0
2021-02-09 09:00:00+00:00,175.0,183.0,171.0,174.0,21539200.0
2021-02-10 09:00:00+00:00,174.0,175.0,171.0,174.0,4630700.0
2021-02-11 09:00:00+00:00,175.0,176.0,172.0,174.0,3185200.0
2021-02-15 09:00:00+00:00,175.0,178.0,174.0,177.0,7116200.0
2021-02-16 09:00:00+00:00,178.0,181.0,177.0,179.0,6651800.0
2021-02-17 09:00:00+00:00,179.0,195.0,176.0,195.0,92631000.0
2021-02-18 09:00:00+00:00,197.0,200.0,185.0,186.0,64678500.0
2021-02-19 09:00:00+00:00,185.0,191.0,183.0,187.0,20482200.0
2021-02-22 09:00:00+00:00,190.0,190.0,182.0,183.0,18511000.0
2021-02-23 09:00:00+00:00,183.0,183.0,180.0,180.0,8648500.0
2021-02-24 09:00:00+00:00,176.0,182.0,175.0,179.0,20642000.0
2021-02-25 09:00:00+00:00,177.0,178.0,171.0,171.0,45615100.0
2021-02-26 09:00:00+00:00,171.0,172.0,161.0,162.0,41711300.0
2021-03-01 09:00:00+00:00,163.0,173.0,161.0,169.0,32923900.0
2021-03-02 09:00:00+00:00,172.0,172.0,167.0,167.0,10096700.0
2021-03-03 09:00:00+00:00,167.0,168.0,165.0,166.0,6210000.0
2021-03-04 09:00:00+00:00,166.0,167.0,162.0,163.0,13605600.0
2021-03-05 09:00:00+00:00,163.0,166.0,162.0,166.0,12991400.0
2021-03-08 09:00:00+00:00,168.0,171.0,166.0,169.0,19515900.0
2021-03-09 09:00:00+00:00,170.0,174.0,168.0,171.0,25159400.0
2021-03-10 09:00:00+00:00,173.0,179.0,172.0,178.0,37676800.0
2021-03-12 09:00:00+00:00,179.0,193.0,179.0,186.0,80434200.0
2021-03-15 09:00:00+00:00,187.0,192.0,185.0,186.0,27175600.0
2021-03-16 09:00:00+00:00,186.0,188.0,176.0,178.0,19576000.0
2021-03-17 09:00:00+00:00,178.0,182.0,172.0,173.0,25099400.0
2021-03-18 09:00:00+00:00,175.0,177.0,170.0,170.0,17432200.0
2021-03-19 09:00:00+00:00,172.0,176.0,170.0,176.0,15600100.0
2021-03-22 09:00:00+00:00,176.0,206.0,176.0,189.0,337625200.0
2021-03-23 09:00:00+00:00,191.0,192.0,180.0,182.0,53355100.0
2021-03-24 09:00:00+00:00,184.0,184.0,175.0,175.0,25195600.0
2021-03-25 09:00:00+00:00,174.0,180.0,171.0,176.0,20108700.0
2021-03-26 09:00:00+00:00,178.0,183.0,174.0,180.0,15097100.0
2021-03-29 09:00:00+00:00,181.0,183.0,178.0,179.0,14190700.0
2021-03-30 09:00:00+00:00,178.0,185.0,178.0,179.0,19200400.0
2021-03-31 09:00:00+00:00,179.0,183.0,172.0,176.0,21565900.0
2021-04-01 09:00:00+00:00,176.0,179.0,175.0,175.0,8313700.0
2021-04-05 09:00:00+00:00,176.0,177.0,173.0,173.0,7254900.0
2021-04-06 09:00:00+00:00,174.0,177.0,170.0,176.0,10326600.0
2021-04-07 09:00:00+00:00,177.0,182.0,176.0,182.0,17502800.0
2021-04-08 09:00:00+00:00,183.0,187.0,181.0,181.0,29249400.0
2021-04-09 09:00:00+00:00,182.0,184.0,177.0,178.0,7182800.0
2021-04-12 09:00:00+00:00,178.0,179.0,173.0,175.0,8983800.0
2021-04-13 09:00:00+00:00,174.0,176.0,171.0,171.0,19998500.0
2021-04-14 09:00:00+00:00,173.0,174.0,171.0,174.0,9057500.0
2021-04-15 09:00:00+00:00,173.0,176.0,173.0,173.0,5829700.0
2021-04-16 09:00:00+00:00,173.0,177.0,173.0,173.0,10131800.0
2021-04-19 09:00:00+00:00,175.0,176.0,171.0,172.0,5982000.0
2021-04-20 09:00:00+00:00,173.0,173.0,170.0,171.0,5558900.0
2021-04-21 09:00:00+00:00,172.0,174.0,171.0,174.0,6747400.0
2021-04-22 09:00:00+00:00,175.0,178.0,173.0,177.0,8348500.0
2021-04-23 09:00:00+00:00,177.0,177.0,173.0,173.0,7655200.0
2021-04-26 09:00:00+00:00,174.0,179.0,173.0,179.0,19306400.0
2021-04-27 09:00:00+00:00,180.0,181.0,173.0,174.0,15689800.0
2021-04-28 09:00:00+00:00,175.0,176.0,173.0,173.0,8127400.0
2021-04-29 09:00:00+00:00,174.0,178.0,173.0,177.0,14331400.0
2021-04-30 09:00:00+00:00,178.0,180.0,174.0,178.0,6506700.0
2021-05-03 09:00:00+00:00,178.0,191.0,177.0,187.0,66683800.0
2021-05-04 09:00:00+00:00,189.0,189.0,181.0,184.0,15343100.0
2021-05-05 09:00:00+00:00,184.0,202.0,184.0,198.0,104136900.0
2021-05-06 09:00:00+00:00,200.0,206.0,196.0,197.0,55476600.0
2021-05-07 09:00:00+00:00,198.0,199.0,192.0,198.0,19519900.0
2021-05-10 09:00:00+00:00,198.0,208.0,198.0,208.0,66696900.0
2021-05-11 09:00:00+00:00,208.0,210.0,206.0,208.0,43263600.0
2021-05-17 09:00:00+00:00,206.0,208.0,195.0,196.0,33029600.0
2021-05-18 09:00:00+00:00,197.0,202.0,192.0,199.0,16009700.0
2021-05-19 09:00:00+00:00,202.0,202.0,197.0,197.0,17012700.0
2021-05-20 09:00:00+00:00,197.0,200.0,195.0,198.0,8574600.0
2021-05-21 09:00:00+00:00,198.0,199.0,194.0,194.0,12291900.0
2021-05-24 09:00:00+00:00,195.0,199.0,181.0,183.0,25468700.0
2021-05-25 09:00:00+00:00,183.0,186.0,180.0,186.0,5962500.0
2021-05-27 09:00:00+00:00,186.0,189.0,186.0,186.0,7105000.0
2021-05-28 09:00:00+00:00,187.0,191.0,185.0,185.0,5749800.0
2021-05-31 09:00:00+00:00,186.0,192.0,185.0,192.0,9625700.0
2021-06-02 09:00:00+00:00,193.0,202.0,192.0,199.0,19426200.0
2021-06-03 09:00:00+00:00,200.0,202.0,198.0,198.0,13096300.0
2021-06-04 09:00:00+00:00,198.0,200.0,195.0,200.0,13951900.0
2021-06-07 09:00:00+00:00,200.0,220.0,200.0,214.0,72024000.0
2021-06-08 09:00:00+00:00,214.0,218.0,206.0,212.0,24898700.0
2021-06-09 09:00:00+00:00,216.0,216.0,210.0,214.0,6559700.0
2021-06-10 09:00:00+00:00,214.0,214.0,210.0,212.0,5102900.0
2021-06-11 09:00:00+00:00,212.0,214.0,204.0,204.0,10113400.0
2021-06-14 09:00:00+00:00,204.0,204.0,190.0,196.0,31304400.0
2021-06-15 09:00:00+00:00,196.0,198.0,191.0,192.0,7260700.0
2021-06-16 09:00:00+00:00,192.0,193.0,187.0,190.0,4926500.0
2021-06-17 09:00:00+00:00,190.0,198.0,187.0,190.0,8500800.0
2021-06-18 09:00:00+00:00,192.0,192.0,186.0,187.0,12458500.0
2021-06-21 09:00:00+00:00,184.0,185.0,178.0,179.0,17435000.0
2021-06-22 09:00:00+00:00,183.0,186.0,178.0,184.0,9523400.0
2021-06-23 09:00:00+00:00,185.0,186.0,181.0,181.0,4370500.0
2021-06-24 09:00:00+00:00,181.0,181.0,172.0,172.0,15319300.0
2021-06-25 09:00:00+00:00,173.0,174.0,171.0,172.0,6571300.0
2021-06-28 09:00:00+00:00,173.0,173.0,167.0,172.0,8758200.0
2021-06-29 09:00:00+00:00,173.0,174.0,169.0,172.0,5169700.0
2021-06-30 09:00:00+00:00,171.0,172.0,166.0,170.0,13993700.0
2021-07-01 09:00:00+00:00,169.0,170.0,163.0,170.0,13131800.0
2021-07-02 09:00:00+00:00,170.0,175.0,165.0,170.0,13222800.0
2021-07-05 09:00:00+00:00,170.0,172.0,165.0,169.0,4736000.0
2021-07-06 09:00:00+00:00,169.0,170.0,167.0,170.0,1900100.0
2021-07-07 09:00:00+00:00,170.0,175.0,169.0,171.0,12318200.0
2021-07-08 09:00:00+00:00,172.0,174.0,171.0,173.0,5186900.0
2021-07-09 09:00:00+00:00,173.0,173.0,169.0,170.0,3146500.0
2021-07-12 09:00:00+00:00,170.0,172.0,166.0,170.0,3737300.0
2021-07-13 09:00:00+00:00,170.0,170.0,167.0,170.0,3557500.0
2021-07-14 09:00:00+00:00,170.0,170.0,165.0,169.0,4573000.0
2021-07-15 09:00:00+00:00,169.0,169.0,164.0,169.0,7452600.0
2021-07-16 09:00:00+00:00,169.0,170.0,166.0,170.0,3049400.0
2021-07-19 09:00:00+00:00,170.0,171.0,166.0,169.0,4069000.0
2021-07-21 09:00:00+00:00,168.0,171.0,167.0,170.0,4706100.0
2021-07-22 09:00:00+00:00,171.0,173.0,170.0,171.0,3876100.0
2021-07-23 09:00:00+00:00,172.0,174.0,170.0,172.0,3457300.0
2021-07-26 09:00:00+00:00,172.0,174.0,166.0,170.0,12033900.0
2021-07-27 09:00:00+00:00,169.0,172.0,168.0,170.0,6046400.0
2021-07-28 09:00:00+00:00,170.0,170.0,167.0,170.0,5674400.0
2021-07-29 09:00:00+00:00,170.0,170.0,168.0,170.0,4230300.0
2021-07-30 09:00:00+00:00,170.0,173.0,167.0,170.0,4260600.0
2021-08-02 09:00:00+00:00,170.0,170.0,166.0,169.0,5093500.0
2021-08-03 09:00:00+00:00,169.0,170.0,168.0,170.0,2383800.0
2021-08-04 09:00:00+00:00,170.0,172.0,168.0,170.0,2120900.0
2021-08-05 09:00:00+00:00,170.0,170.0,167.0,169.0,7736600.0
2021-08-06 09:00:00+00:00,169.0,169.0,167.0,169.0,5551900.0
2021-08-09 09:00:00+00:00,169.0,172.0,168.0,169.0,10984500.0
2021-08-10 09:00:00+00:00,169.0,171.0,166.0,169.0,6817400.0
2021-08-12 09:00:00+00:00,169.0,170.0,168.0,169.0,2745500.0
2021-08-13 09:00:00+00:00,171.0,172.0,168.0,169.0,1545200.0
2021-08-16 09:00:00+00:00,169.0,170.0,167.0,169.0,3573900.0
2021-08-18 09:00:00+00:00,169.0,170.0,168.0,169.0,2035100.0
2021-08-19 09:00:00+00:00,169.0,169.0,165.0,168.0,10589700.0
2021-08-20 09:00:00+00:00,168.0,168.0,166.0,168.0,3173000.0
2021-08-23 09:00:00+00:00,173.0,173.0,167.0,170.0,5600500.0
2021-08-24 09:00:00+00:00,170.0,171.0,169.0,171.0,5767100.0
2021-08-25 09:00:00+00:00,171.0,174.0,171.0,172.0,8969600.0
2021-08-26 09:00:00+00:00,172.0,173.0,170.0,170.0,2669900.0
2021-08-27 09:00:00+00:00,170.0,171.0,168.0,168.0,1765900.0
2021-08-30 09:00:00+00:00,170.0,170.0,168.0,168.0,2705400.0
2021-08-31 09:00:00+00:00,170.0,170.0,168.0,169.0,1285500.0
2021-09-01 09:00:00+00:00,169.0,170.0,168.0,169.0,1799000.0
2021-09-02 09:00:00+00:00,170.0,171.0,169.0,169.0,1912500.0
2021-09-03 09:00:00+00:00,169.0,171.0,158.0,159.0,59729100.0
2021-09-06 09:00:00+00:00,160.0,161.0,150.0,159.0,31809300.0
2021-09-07 09:00:00+00:00,160.0,162.0,150.0,153.0,35588100.0
2021-09-08 09:00:00+00:00,153.0,156.0,150.0,155.0,18409500.0
2021-09-09 09:00:00+00:00,155.0,156.0,147.0,153.0,20162400.0
2021-09-10 09:00:00+00:00,152.0,157.0,150.0,157.0,5744700.0
2021-09-13 09:00:00+00:00,157.0,159.0,150.0,156.0,13678800.0
2021-09-14 09:00:00+00:00,155.0,157.0,154.0,157.0,9807000.0
2021-09-15 09:00:00+00:00,157.0,159.0,155.0,159.0,4529300.0
2021-09-16 09:00:00+00:00,159.0,160.0,157.0,159.0,2282200.0
2021-09-17 09:00:00+00:00,159.0,161.0,156.0,161.0,10704900.0
2021-09-20 09:00:00+00:00,163.0,165.0,160.0,161.0,10336100.0
2021-09-21 09:00:00+00:00,160.0,163.0,155.0,159.0,5621900.0
2021-09-22 09:00:00+00:00,158.0,159.0,156.0,156.0,3242500.0
2021-09-23 09:00:00+00:00,156.0,158.0,154.0,157.0,4213000.0
2021-09-24 09:00:00+00:00,157.0,158.0,155.0,158.0,7769300.0
2021-09-27 09:00:00+00:00,159.0,159.0,154.0,158.0,4158000.0
2021-09-28 09:00:00+00:00,158.0,160.0,156.0,159.0,6719300.0
2021-09-29 09:00:00+00:00,158.0,160.0,156.0,158.0,2902400.0
2021-09-30 09:00:00+00:00,161.0,161.0,156.0,158.0,3322300.0
2021-10-01 09:00:00+00:00,159.0,163.0,157.0,160.0,11358800.0
2021-10-04 09:00:00+00:00,161.0,166.0,159.0,164.0,13277100.0
2021-10-05 09:00:00+00:00,164.0,167.0,160.0,164.0,10391400.0
2021-10-06 09:00:00+00:00,167.0,167.0,161.0,163.0,7019200.0
2021-10-07 09:00:00+00:00,164.0,166.0,163.0,163.0,2321200.0
2021-10-08 09:00:00+00:00,165.0,165.0,162.0,162.0,1310900.0
2021-10-11 09:00:00+00:00,162.0,163.0,160.0,160.0,2274200.0
2021-10-12 09:00:00+00:00,160.0,163.0,160.0,161.0,1855800.0
2021-10-13 09:00:00+00:00,161.0,163.0,160.0,161.0,1578200.0
2021-10-14 09:00:00+00:00,161.0,163.0,160.0,163.0,17051900.0
2021-10-15 09:00:00+00:00,163.0,166.0,161.0,162.0,5626400.0
2021-10-18 09:00:00+00:00,162.0,163.0,161.0,162.0,7153800.0
2021-10-19 09:00:00+00:00,162.0,165.0,162.0,164.0,5224600.0
2021-10-21 09:00:00+00:00,164.0,166.0,163.0,163.0,4660200.0
2021-10-22 09:00:00+00:00,163.0,164.0,160.0,160.0,2953000.0
2021-10-25 09:00:00+00:00,160.0,163.0,160.0,161.0,1060800.0
2021-10-26 09:00:00+00:00,160.0,163.0,159.0,160.0,1521100.0
2021-10-27 09:00:00+00:00,160.0,162.0,158.0,158.0,6194700.0
2021-10-28 09:00:00+00:00,158.0,159.0,156.0,158.0,2887900.0
2021-10-29 09:00:00+00:00,159.0,160.0,156.0,158.0,3035200.0
2021-11-01 09:00:00+00:00,158.0,159.0,153.0,156.0,11186700.0
2021-11-02 09:00:00+00:00,156.0,158.0,155.0,158.0,4503000.0
2021-11-03 09:00:00+00:00,159.0,161.0,157.0,161.0,5570600.0
2021-11-04 09:00:00+00:00,161.0,174.0,161.0,172.0,39485700.0
2021-11-05 09:00:00+00:00,174.0,176.0,167.0,171.0,9602600.0
2021-11-08 09:00:00+00:00,171.0,173.0,170.0,170.0,4145300.0
2021-11-09 09:00:00+00:00,170.0,172.0,168.0,170.0,3932400.0
2021-11-10 09:00:00+00:00,171.0,177.0,170.0,174.0,13160200.0
2021-11-11 09:00:00+00:00,175.0,176.0,173.0,174.0,5793600.0
2021-11-12 09:00:00+00:00,174.0,181.0,170.0,177.0,12431700.0
2021-11-15 09:00:00+00:00,177.0,180.0,175.0,175.0,2761400.0
2021-11-16 09:00:00+00:00,175.0,176.0,171.0,173.0,2739800.0
2021-11-17 09:00:00+00:00,173.0,175.0,172.0,173.0,3912600.0
2021-11-18 09:00:00+00:00,174.0,174.0,170.0,170.0,2602200.0
2021-11-19 09:00:00+00:00,170.0,172.0,169.0,172.0,2960300.0
2021-11-22 09:00:00+00:00,171.0,172.0,170.0,172.0,1274200.0
2021-11-23 09:00:00+00:00,172.0,176.0,171.0,173.0,14419100.0
2021-11-24 09:00:00+00:00,173.0,177.0,172.0,176.0,2476400.0
2021-11-25 09:00:00+00:00,177.0,177.0,174.0,174.0,2000500.0
2021-11-26 09:00:00+00:00,175.0,175.0,170.0,170.0,4040100.0
2021-11-29 09:00:00+00:00,171.0,173.0,164.0,170.0,5847800.0
2021-11-30 09:00:00+00:00,170.0,173.0,169.0,173.0,5626900.0
2021-12-01 09:00:00+00:00,173.0,175.0,171.0,171.0,2348500.0
2021-12-02 09:00:00+00:00,171.0,173.0,170.0,172.0,661800.0
2021-12-03 09:00:00+00:00,172.0,175.0,172.0,172.0,1690400.0
2021-12-06 09:00:00+00:00,172.0,176.0,171.0,171.0,4954300.0
2021-12-07 09:00:00+00:00,172.0,175.0,166.0,173.0,24815500.0
2021-12-08 09:00:00+00:00,172.0,176.0,170.0,173.0,4463300.0
2021-12-09 09:00:00+00:00,175.0,179.0,173.0,174.0,3665400.0
2021-12-10 09:00:00+00:00,173.0,177.0,171.0,175.0,1873600.0
2021-12-13 09:00:00+00:00,174.0,176.0,173.0,174.0,846200.0
2021-12-14 09:00:00+00:00,170.0,174.0,170.0,171.0,2663100.0
2021-12-15 09:00:00+00:00,171.0,175.0,170.0,174.0,3080600.0
2021-12-16 09:00:00+00:00,173.0,174.0,171.0,172.0,399800.0
2021-12-17 09:00:00+00:00,173.0,178.0,171.0,174.0,4943200.0
2021-12-20 09:00:00+00:00,172.0,175.0,171.0,171.0,981500.0
2021-12-21 09:00:00+00:00,170.0,175.0,170.0,175.0,1471600.0
2021-12-22 09:00:00+00:00,170.0,175.0,170.0,171.0,2417500.0
2021-12-23 09:00:00+00:00,170.0,172.0,168.0,171.0,3788300.0
2021-12-24 09:00:00+00:00,170.0,172.0,170.0,170.0,575500.0
2021-12-27 09:00:00+00:00,170.0,172.0,169.0,170.0,1265800.0
2021-12-28 09:00:00+00:00,170.0,172.0,169.0,170.0,1632200.0
2021-12-29 09:00:00+00:00,170.0,172.0,169.0,170.0,3450100.0
2021-12-30 09:00:00+00:00,169.0,169.0,162.0,166.0,4448600.0
2022-01-03 09:00:00+00:00,166.0,168.0,165.0,166.0,908300.0
2022-01-04 09:00:00+00:00,167.0,168.0,164.0,166.0,1503300.0
2022-01-05 09:00:00+00:00,166.0,166.0,160.0,162.0,3745800.0
2022-01-06 09:00:00+00:00,162.0,164.0,161.0,162.0,2968800.0
2022-01-07 09:00:00+00:00,162.0,164.0,160.0,162.0,5626100.0
2022-01-10 09:00:00+00:00,162.0,164.0,160.0,162.0,1329100.0
2022-01-11 09:00:00+00:00,162.0,163.0,159.0,160.0,1442600.0
2022-01-12 09:00:00+00:00,164.0,167.0,157.0,160.0,3262600.0
2022-01-13 09:00:00+00:00,160.0,160.0,158.0,160.0,2657800.0
2022-01-14 09:00:00+00:00,159.0,162.0,158.0,160.0,1382700.0
2022-01-17 09:00:00+00:00,160.0,164.0,159.0,160.0,1826100.0
2022-01-18 09:00:00+00:00,160.0,163.0,159.0,160.0,1901600.0
2022-01-19 09:00:00+00:00,162.0,162.0,159.0,160.0,3151800.0
2022-01-20 09:00:00+00:00,160.0,161.0,159.0,161.0,2360500.0
2022-01-21 09:00:00+00:00,160.0,161.0,159.0,161.0,1340400.0
2022-01-24 09:00:00+00:00,161.0,161.0,157.0,160.0,2624300.0
2022-01-25 09:00:00+00:00,160.0,161.0,158.0,160.0,1392900.0
2022-01-26 09:00:00+00:00,161.0,161.0,158.0,160.0,2030900.0
2022-01-27 09:00:00+00:00,160.0,160.0,159.0,160.0,1479500.0
2022-01-28 09:00:00+00:00,160.0,161.0,159.0,160.0,3348000.0
2022-01-31 09:00:00+00:00,160.0,161.0,159.0,160.0,2494500.0
2022-02-02 09:00:00+00:00,159.0,160.0,159.0,160.0,2363700.0
2022-02-03 09:00:00+00:00,160.0,168.0,159.0,161.0,11013500.0
2022-02-04 09:00:00+00:00,161.0,162.0,159.0,161.0,3668500.0
2022-02-07 09:00:00+00:00,160.0,163.0,160.0,161.0,3732500.0
2022-02-08 09:00:00+00:00,161.0,163.0,160.0,161.0,3888100.0
2022-02-09 09:00:00+00:00,161.0,163.0,160.0,161.0,2695100.0
2022-02-10 09:00:00+00:00,162.0,163.0,160.0,161.0,4870500.0
2022-02-11 09:00:00+00:00,163.0,163.0,161.0,162.0,924400.0
2022-02-14 09:00:00+00:00,162.0,162.0,161.0,161.0,467300.0
2022-02-15 09:00:00+00:00,161.0,163.0,160.0,162.0,3791600.0
2022-02-16 09:00:00+00:00,162.0,168.0,161.0,167.0,7928600.0
2022-02-17 09:00:00+00:00,164.0,167.0,163.0,165.0,3775400.0
2022-02-18 09:00:00+00:00,163.0,166.0,163.0,165.0,3955600.0
2022-02-21 09:00:00+00:00,163.0,168.0,163.0,167.0,4009300.0
2022-02-22 09:00:00+00:00,167.0,168.0,165.0,166.0,1548600.0
2022-02-23 09:00:00+00:00,166.0,168.0,165.0,167.0,1268100.0
2022-02-24 09:00:00+00:00,165.0,174.0,165.0,167.0,6979200.0
2022-02-25 09:00:00+00:00,165.0,173.0,165.0,168.0,1064300.0
2022-03-01 09:00:00+00:00,168.0,171.0,167.0,167.0,3102700.0
2022-03-02 09:00:00+00:00,167.0,170.0,167.0,168.0,2149800.0
2022-03-04 09:00:00+00:00,168.0,170.0,167.0,169.0,1646700.0
2022-03-07 09:00:00+00:00,169.0,172.0,168.0,171.0,4187200.0
2022-03-08 09:00:00+00:00,171.0,171.0,169.0,170.0,2582800.0
2022-03-09 09:00:00+00:00,169.0,172.0,160.0,170.0,5018700.0
2022-03-10 09:00:00+00:00,170.0,172.0,169.0,170.0,1105200.0
2022-03-11 09:00:00+00:00,171.0,171.0,169.0,170.0,2875300.0
2022-03-14 09:00:00+00:00,171.0,172.0,170.0,172.0,1765200.0
2022-03-15 09:00:00+00:00,173.0,181.0,171.0,172.0,4263300.0
2022-03-16 09:00:00+00:00,172.0,172.0,170.0,171.0,3098800.0
2022-03-17 09:00:00+00:00,171.0,175.0,169.0,171.0,2586700.0
2022-03-18 09:00:00+00:00,173.0,173.0,170.0,171.0,799900.0
2022-03-21 09:00:00+00:00,170.0,173.0,170.0,171.0,414100.0
2022-03-22 09:00:00+00:00,172.0,175.0,171.0,172.0,912500.0
2022-03-23 09:00:00+00:00,172.0,174.0,172.0,172.0,767300.0
2022-03-24 09:00:00+00:00,180.0,180.0,172.0,173.0,778600.0
2022-03-25 09:00:00+00:00,172.0,174.0,172.0,172.0,471800.0
2022-03-28 09:00:00+00:00,172.0,173.0,170.0,172.0,1108200.0
2022-03-29 09:00:00+00:00,175.0,175.0,170.0,172.0,536100.0
2022-03-30 09:00:00+00:00,172.0,173.0,171.0,172.0,636100.0
2022-03-31 09:00:00+00:00,171.0,173.0,171.0,172.0,8009600.0
2022-04-01 09:00:00+00:00,172.0,173.0,171.0,171.0,957200.0
2022-04-04 09:00:00+00:00,171.0,172.0,169.0,171.0,2098000.0
2022-04-05 09:00:00+00:00,170.0,173.0,170.0,171.0,1086400.0
2022-04-06 09:00:00+00:00,171.0,173.0,170.0,172.0,1935300.0
2022-04-07 09:00:00+00:00,172.0,173.0,171.0,172.0,734700.0
2022-04-08 09:00:00+00:00,172.0,173.0,170.0,173.0,1765200.0
2022-04-11 09:00:00+00:00,172.0,173.0,170.0,172.0,2001700.0
2022-04-12 09:00:00+00:00,172.0,174.0,170.0,172.0,1543000.0
2022-04-13 09:00:00+00:00,172.0,173.0,170.0,173.0,1106100.0
2022-04-14 09:00:00+00:00,173.0,173.0,170.0,173.0,776200.0
2022-04-18 09:00:00+00:00,172.0,173.0,170.0,173.0,2832200.0
2022-04-19 09:00:00+00:00,172.0,173.0,169.0,172.0,2582400.0
2022-04-20 09:00:00+00:00,173.0,173.0,169.0,171.0,2112200.0
2022-04-21 09:00:00+00:00,170.0,172.0,170.0,172.0,894800.0
2022-04-22 09:00:00+00:00,172.0,172.0,169.0,170.0,2452600.0
2022-04-25 09:00:00+00:00,170.0,170.0,167.0,169.0,2040200.0
2022-04-26 09:00:00+00:00,169.0,169.0,166.0,169.0,3134000.0
2022-04-27 09:00:00+00:00,169.0,169.0,166.0,169.0,1709100.0
2022-04-28 09:00:00+00:00,168.0,170.0,167.0,170.0,902800.0
2022-05-09 09:00:00+00:00,171.0,172.0,163.0,165.0,1848900.0
2022-05-10 09:00:00+00:00,165.0,167.0,163.0,165.0,764000.0
2022-05-11 09:00:00+00:00,164.0,167.0,164.0,166.0,850600.0
2022-05-12 09:00:00+00:00,166.0,167.0,163.0,165.0,1842600.0
2022-05-13 09:00:00+00:00,165.0,165.0,161.0,165.0,1220700.0
2022-05-17 09:00:00+00:00,169.0,169.0,164.0,165.0,580400.0
2022-05-18 09:00:00+00:00,165.0,166.0,163.0,165.0,1697400.0
2022-05-19 09:00:00+00:00,166.0,166.0,163.0,165.0,781600.0
2022-05-20 09:00:00+00:00,164.0,168.0,164.0,167.0,636400.0
2022-05-23 09:00:00+00:00,165.0,167.0,162.0,166.0,2798200.0
2022-05-24 09:00:00+00:00,166.0,166.0,163.0,165.0,1144500.0
2022-05-25 09:00:00+00:00,165.0,165.0,163.0,165.0,684400.0
2022-05-27 09:00:00+00:00,164.0,165.0,163.0,165.0,588400.0
2022-05-30 09:00:00+00:00,164.0,165.0,162.0,165.0,2633000.0
2022-05-31 09:00:00+00:00,165.0,165.0,163.0,165.0,1494800.0
2022-06-02 09:00:00+00:00,165.0,166.0,163.0,165.0,808600.0
2022-06-03 09:00:00+00:00,165.0,165.0,163.0,165.0,1380800.0
2022-06-06 09:00:00+00:00,164.0,175.0,163.0,168.0,5531100.0
2022-06-07 09:00:00+00:00,169.0,170.0,166.0,167.0,1199200.0
2022-06-08 09:00:00+00:00,167.0,169.0,164.0,167.0,681700.0
2022-06-09 09:00:00+00:00,168.0,169.0,166.0,167.0,753000.0
2022-06-10 09:00:00+00:00,167.0,168.0,165.0,167.0,614300.0
2022-06-13 09:00:00+00:00,167.0,167.0,164.0,165.0,779800.0
2022-06-14 09:00:00+00:00,164.0,165.0,164.0,165.0,1803300.0
2022-06-15 09:00:00+00:00,165.0,165.0,162.0,165.0,3397500.0
2022-06-16 09:00:00+00:00,165.0,166.0,163.0,165.0,1737800.0
2022-06-17 09:00:00+00:00,166.0,169.0,164.0,169.0,11456700.0
2022-06-20 09:00:00+00:00,169.0,171.0,167.0,168.0,3395300.0
2022-06-21 09:00:00+00:00,166.0,168.0,166.0,166.0,2016600.0
2022-06-22 09:00:00+00:00,166.0,166.0,162.0,165.0,5092800.0
2022-06-23 09:00:00+00:00,165.0,166.0,163.0,165.0,276300.0
2022-06-24 09:00:00+00:00,165.0,166.0,164.0,165.0,924600.0
2022-06-27 09:00:00+00:00,165.0,165.0,163.0,165.0,411400.0
2022-06-28 09:00:00+00:00,165.0,165.0,163.0,164.0,350800.0
2022-06-29 09:00:00+00:00,164.0,166.0,164.0,165.0,200700.0
2022-06-30 09:00:00+00:00,165.0,166.0,163.0,165.0,1733200.0
2022-07-01 09:00:00+00:00,164.0,165.0,162.0,164.0,384900.0
2022-07-04 09:00:00+00:00,164.0,164.0,158.0,162.0,1645000.0
2022-07-05 09:00:00+00:00,160.0,164.0,160.0,164.0,6985900.0
2022-07-06 09:00:00+00:00,163.0,164.0,162.0,163.0,1352600.0
2022-07-07 09:00:00+00:00,163.0,164.0,161.0,163.0,850700.0
2022-07-08 09:00:00+00:00,163.0,163.0,161.0,163.0,1649100.0
2022-07-11 09:00:00+00:00,162.0,163.0,160.0,162.0,640600.0
2022-07-12 09:00:00+00:00,161.0,162.0,160.0,162.0,1032700.0
2022-07-13 09:00:00+00:00,162.0,162.0,160.0,162.0,424400.0
2022-07-14 09:00:00+00:00,162.0,162.0,160.0,162.0,884700.0
2022-07-15 09:00:00+00:00,161.0,162.0,158.0,161.0,1628200.0
2022-07-18 09:00:00+00:00,161.0,161.0,160.0,161.0,358000.0
2022-07-19 09:00:00+00:00,161.0,161.0,160.0,161.0,528600.0
2022-07-20 09:00:00+00:00,161.0,161.0,160.0,161.0,627900.0
2022-07-21 09:00:00+00:00,161.0,162.0,160.0,161.0,399600.0
2022-07-22 09:00:00+00:00,161.0,164.0,160.0,164.0,2195100.0
2022-07-25 09:00:00+00:00,162.0,164.0,161.0,162.0,777100.0
2022-07-26 09:00:00+00:00,163.0,163.0,160.0,161.0,676100.0
2022-07-27 09:00:00+00:00,161.0,162.0,160.0,162.0,670300.0
2022-07-28 09:00:00+00:00,162.0,163.0,160.0,163.0,1532200.0
2022-07-29 09:00:00+00:00,163.0,165.0,163.0,163.0,912600.0
2022-08-01 09:00:00+00:00,162.0,164.0,162.0,163.0,277000.0
2022-08-02 09:00:00+00:00,163.0,163.0,162.0,163.0,390900.0
2022-08-03 09:00:00+00:00,163.0,163.0,159.0,163.0,1099300.0
2022-08-04 09:00:00+00:00,161.0,163.0,161.0,163.0,710300.0
2022-08-05 09:00:00+00:00,163.0,164.0,161.0,163.0,337200.0
2022-08-08 09:00:00+00:00,162.0,164.0,162.0,163.0,692500.0
2022-08-09 09:00:00+00:00,163.0,164.0,162.0,163.0,537800.0
2022-08-10 09:00:00+00:00,162.0,163.0,161.0,163.0,414900.0
2022-08-11 09:00:00+00:00,164.0,164.0,162.0,163.0,1415800.0
2022-08-12 09:00:00+00:00,164.0,164.0,162.0,164.0,642300.0
2022-08-15 09:00:00+00:00,164.0,165.0,163.0,164.0,728200.0
2022-08-16 09:00:00+00:00,164.0,166.0,163.0,164.0,2488000.0
2022-08-18 09:00:00+00:00,166.0,166.0,163.0,163.0,1428600.0
2022-08-19 09:00:00+00:00,164.0,164.0,161.0,163.0,1742800.0
2022-08-22 09:00:00+00:00,162.0,164.0,160.0,163.0,2003200.0
2022-08-23 09:00:00+00:00,163.0,163.0,160.0,162.0,2484300.0
2022-08-24 09:00:00+00:00,162.0,163.0,160.0,161.0,1752600.0
2022-08-25 09:00:00+00:00,160.0,162.0,159.0,162.0,1302700.0
2022-08-26 09:00:00+00:00,162.0,162.0,159.0,161.0,1921600.0
2022-08-29 09:00:00+00:00,160.0,161.0,157.0,161.0,2097700.0
2022-08-30 09:00:00+00:00,161.0,161.0,158.0,161.0,1550400.0
2022-08-31 09:00:00+00:00,160.0,161.0,158.0,161.0,1470600.0
2022-09-01 09:00:00+00:00,158.0,161.0,155.0,160.0,1050300.0
2022-09-02 09:00:00+00:00,160.0,160.0,156.0,160.0,4425400.0
2022-09-05 09:00:00+00:00,159.0,162.0,157.0,160.0,2741400.0
2022-09-06 09:00:00+00:00,159.0,160.0,157.0,160.0,2356000.0
2022-09-07 09:00:00+00:00,159.0,160.0,157.0,160.0,2431700.0
2022-09-08 09:00:00+00:00,160.0,163.0,158.0,160.0,5299600.0
2022-09-09 09:00:00+00:00,160.0,160.0,158.0,159.0,1798500.0
2022-09-12 09:00:00+00:00,159.0,160.0,157.0,160.0,3289800.0
2022-09-13 09:00:00+00:00,160.0,160.0,158.0,159.0,2914100.0
2022-09-14 09:00:00+00:00,161.0,161.0,157.0,159.0,2523600.0
2022-09-15 09:00:00+00:00,160.0,165.0,158.0,160.0,12325300.0
2022-09-16 09:00:00+00:00,160.0,161.0,155.0,155.0,51445200.0
2022-09-19 09:00:00+00:00,156.0,157.0,153.0,157.0,4487400.0
2022-09-20 09:00:00+00:00,157.0,157.0,155.0,157.0,2070100.0
2022-09-21 09:00:00+00:00,156.0,158.0,155.0,157.0,4093800.0
2022-09-22 09:00:00+00:00,157.0,158.0,156.0,157.0,40974700.0
2022-09-23 09:00:00+00:00,153.0,158.0,152.0,156.0,2425700.0
2022-09-26 09:00:00+00:00,157.0,157.0,155.0,155.0,17674000.0
2022-09-27 09:00:00+00:00,157.0,157.0,153.0,156.0,4028000.0
2022-09-28 09:00:00+00:00,156.0,157.0,153.0,155.0,7379000.0
2022-09-29 09:00:00+00:00,157.0,157.0,150.0,155.0,20192500.0
2022-09-30 09:00:00+00:00,154.0,155.0,150.0,154.0,5489400.0
2022-10-03 09:00:00+00:00,154.0,156.0,150.0,152.0,20861100.0
2022-10-04 09:00:00+00:00,153.0,153.0,149.0,153.0,5909500.0
2022-10-05 09:00:00+00:00,152.0,153.0,150.0,153.0,3385100.0
2022-10-06 09:00:00+00:00,153.0,153.0,151.0,151.0,2864200.0
2022-10-07 09:00:00+00:00,151.0,153.0,149.0,152.0,4313700.0
2022-10-10 09:00:00+00:00,152.0,152.0,149.0,149.0,2206300.0
2022-10-11 09:00:00+00:00,149.0,152.0,148.0,151.0,4207200.0
2022-10-12 09:00:00+00:00,151.0,152.0,149.0,152.0,3470100.0
2022-10-13 09:00:00+00:00,151.0,152.0,149.0,151.0,2604800.0
2022-10-14 09:00:00+00:00,150.0,152.0,149.0,151.0,2554400.0
2022-10-17 09:00:00+00:00,150.0,151.0,148.0,151.0,6366800.0
2022-10-18 09:00:00+00:00,151.0,151.0,149.0,150.0,2292200.0
2022-10-19 09:00:00+00:00,149.0,150.0,148.0,150.0,2898700.0
2022-10-20 09:00:00+00:00,150.0,151.0,148.0,150.0,4277600.0
2022-10-21 09:00:00+00:00,150.0,150.0,148.0,150.0,3172200.0
2022-10-24 09:00:00+00:00,150.0,151.0,149.0,150.0,2281100.0
2022-10-25 09:00:00+00:00,150.0,156.0,148.0,150.0,8870800.0
2022-10-26 09:00:00+00:00,149.0,151.0,146.0,150.0,9002400.0
2022-10-27 09:00:00+00:00,150.0,150.0,147.0,149.0,3432000.0
2022-10-28 09:00:00+00:00,149.0,150.0,148.0,150.0,5240400.0
2022-10-31 09:00:00+00:00,150.0,150.0,148.0,150.0,2869700.0
2022-11-01 09:00:00+00:00,150.0,154.0,149.0,150.0,17157100.0
2022-11-02 09:00:00+00:00,150.0,150.0,147.0,148.0,4010000.0
2022-11-03 09:00:00+00:00,150.0,150.0,147.0,150.0,2836900.0
2022-11-04 09:00:00+00:00,150.0,150.0,148.0,150.0,2907400.0
2022-11-07 09:00:00+00:00,150.0,150.0,148.0,150.0,2983400.0
2022-11-08 09:00:00+00:00,149.0,150.0,148.0,149.0,3224300.0
2022-11-09 09:00:00+00:00,150.0,150.0,148.0,150.0,4052100.0
2022-11-10 09:00:00+00:00,150.0,150.0,148.0,150.0,3899200.0
2022-11-11 09:00:00+00:00,148.0,150.0,148.0,150.0,3694600.0
2022-11-14 09:00:00+00:00,150.0,150.0,148.0,150.0,2845600.0
2022-11-15 09:00:00+00:00,149.0,150.0,148.0,149.0,2876900.0
2022-11-16 09:00:00+00:00,149.0,150.0,146.0,150.0,3544300.0
2022-11-17 09:00:00+00:00,150.0,150.0,147.0,148.0,2765100.0
2022-11-18 09:00:00+00:00,149.0,149.0,145.0,148.0,4600200.0
2022-11-21 09:00:00+00:00,148.0,148.0,145.0,148.0,4374200.0
2022-11-22 09:00:00+00:00,147.0,148.0,145.0,148.0,4595100.0
2022-11-23 09:00:00+00:00,147.0,148.0,145.0,148.0,4360600.0
2022-11-24 09:00:00+00:00,147.0,155.0,147.0,148.0,13604800.0
2022-11-25 09:00:00+00:00,148.0,149.0,147.0,148.0,986600.0
2022-11-28 09:00:00+00:00,148.0,148.0,144.0,147.0,6372200.0
2022-11-29 09:00:00+00:00,146.0,147.0,144.0,147.0,5804200.0
2022-11-30 09:00:00+00:00,146.0,147.0,144.0,147.0,4950700.0
2022-12-01 09:00:00+00:00,147.0,147.0,145.0,147.0,3954700.0
2022-12-02 09:00:00+00:00,147.0,147.0,145.0,147.0,4503300.0
2022-12-05 09:00:00+00:00,146.0,146.0,142.0,145.0,11200900.0
2022-12-06 09:00:00+00:00,144.0,147.0,140.0,145.0,12303400.0
2022-12-07 09:00:00+00:00,144.0,146.0,141.0,145.0,13537400.0
2022-12-08 09:00:00+00:00,144.0,147.0,141.0,146.0,6885300.0
2022-12-09 09:00:00+00:00,145.0,147.0,144.0,146.0,1001000.0
2022-12-12 09:00:00+00:00,146.0,147.0,142.0,146.0,2082100.0
2022-12-13 09:00:00+00:00,146.0,146.0,143.0,146.0,3140700.0
2022-12-14 09:00:00+00:00,146.0,146.0,144.0,146.0,1113800.0
2022-12-15 09:00:00+00:00,146.0,146.0,136.0,146.0,15213900.0
2022-12-16 09:00:00+00:00,145.0,146.0,144.0,146.0,8755300.0
2022-12-19 09:00:00+00:00,146.0,146.0,145.0,146.0,9039400.0
2022-12-20 09:00:00+00:00,146.0,147.0,144.0,146.0,6303800.0
2022-12-21 09:00:00+00:00,146.0,146.0,145.0,146.0,2183600.0
2022-12-22 09:00:00+00:00,145.0,146.0,144.0,146.0,267900.0
2022-12-23 09:00:00+00:00,146.0,146.0,145.0,146.0,215100.0
2022-12-26 09:00:00+00:00,146.0,146.0,144.0,146.0,1009600.0
2022-12-27 09:00:00+00:00,145.0,146.0,145.0,146.0,133000.0
2022-12-28 09:00:00+00:00,146.0,146.0,144.0,146.0,1121900.0
2022-12-29 09:00:00+00:00,145.0,146.0,145.0,146.0,8230000.0
2022-12-30 09:00:00+00:00,146.0,146.0,145.0,146.0,463000.0
2023-01-02 09:00:00+00:00,145.0,146.0,144.0,146.0,543300.0
2023-01-03 09:00:00+00:00,145.0,146.0,145.0,146.0,602500.0
2023-01-04 09:00:00+00:00,145.0,146.0,144.0,146.0,598600.0
2023-01-05 09:00:00+00:00,144.0,146.0,144.0,145.0,669600.0
2023-01-06 09:00:00+00:00,144.0,145.0,143.0,145.0,355400.0
2023-01-09 09:00:00+00:00,144.0,145.0,143.0,145.0,766800.0
2023-01-10 09:00:00+00:00,145.0,145.0,141.0,145.0,3083800.0
2023-01-11 09:00:00+00:00,142.0,145.0,140.0,145.0,5506100.0
2023-01-12 09:00:00+00:00,145.0,145.0,139.0,144.0,14897500.0
2023-01-13 09:00:00+00:00,144.0,144.0,140.0,143.0,23437600.0
2023-01-16 09:00:00+00:00,143.0,143.0,139.0,141.0,29490000.0
2023-01-17 09:00:00+00:00,141.0,141.0,137.0,141.0,17275800.0
2023-01-18 09:00:00+00:00,139.0,141.0,136.0,139.0,27438100.0
2023-01-19 09:00:00+00:00,139.0,140.0,138.0,138.0,2093100.0
2023-01-20 09:00:00+00:00,137.0,138.0,136.0,138.0,2346300.0
2023-01-24 09:00:00+00:00,137.0,139.0,136.0,138.0,7984300.0
2023-01-25 09:00:00+00:00,137.0,139.0,136.0,138.0,2017600.0
2023-01-26 09:00:00+00:00,137.0,138.0,136.0,138.0,3130300.0
2023-01-27 09:00:00+00:00,138.0,139.0,136.0,137.0,3988400.0
2023-01-30 09:00:00+00:00,137.0,138.0,136.0,137.0,1660100.0
2023-01-31 09:00:00+00:00,137.0,138.0,135.0,138.0,4040900.0
2023-02-01 09:00:00+00:00,138.0,140.0,136.0,137.0,2033800.0
2023-02-02 09:00:00+00:00,137.0,137.0,135.0,137.0,6091400.0
2023-02-03 09:00:00+00:00,137.0,137.0,135.0,137.0,6804300.0
2023-02-06 09:00:00+00:00,137.0,138.0,134.0,137.0,7746500.0
2023-02-07 09:00:00+00:00,137.0,137.0,135.0,137.0,8755900.0
2023-02-08 09:00:00+00:00,137.0,137.0,135.0,137.0,10547500.0
2023-02-09 09:00:00+00:00,137.0,137.0,135.0,137.0,4151800.0
2023-02-10 09:00:00+00:00,136.0,137.0,134.0,137.0,8787100.0
2023-02-13 09:00:00+00:00,137.0,137.0,135.0,137.0,2196500.0
2023-02-14 09:00:00+00:00,137.0,137.0,135.0,137.0,4251400.0
2023-02-15 09:00:00+00:00,137.0,137.0,135.0,137.0,3534000.0
2023-02-16 09:00:00+00:00,137.0,137.0,135.0,137.0,6692900.0
2023-02-17 09:00:00+00:00,136.0,137.0,135.0,136.0,3324700.0
2023-02-20 09:00:00+00:00,135.0,137.0,134.0,136.0,6491500.0
2023-02-21 09:00:00+00:00,136.0,136.0,134.0,135.0,11970500.0
2023-02-22 09:00:00+00:00,134.0,135.0,133.0,135.0,6539200.0
2023-02-23 09:00:00+00:00,135.0,135.0,133.0,134.0,47045100.0
2023-02-24 09:00:00+00:00,133.0,136.0,133.0,135.0,4330500.0
2023-02-27 09:00:00+00:00,135.0,135.0,133.0,135.0,4401800.0
2023-02-28 09:00:00+00:00,134.0,136.0,134.0,136.0,4237500.0
2023-03-01 09:00:00+00:00,136.0,136.0,134.0,135.0,4502700.0
2023-03-02 09:00:00+00:00,135.0,136.0,135.0,135.0,4072300.0
2023-03-03 09:00:00+00:00,135.0,136.0,134.0,135.0,2689200.0
2023-03-06 09:00:00+00:00,135.0,136.0,133.0,135.0,4209200.0
2023-03-07 09:00:00+00:00,135.0,135.0,133.0,135.0,5689900.0
2023-03-08 09:00:00+00:00,135.0,136.0,133.0,135.0,4992600.0
2023-03-09 09:00:00+00:00,135.0,135.0,133.0,134.0,734800.0
2023-03-10 09:00:00+00:00,134.0,135.0,132.0,135.0,8346400.0
2023-03-13 09:00:00+00:00,134.0,135.0,133.0,134.0,1565400.0
2023-03-14 09:00:00+00:00,134.0,135.0,132.0,134.0,3508100.0
2023-03-15 09:00:00+00:00,133.0,134.0,132.0,133.0,2517800.0
2023-03-16 09:00:00+00:00,133.0,134.0,130.0,132.0,5876300.0
2023-03-17 09:00:00+00:00,131.0,132.0,130.0,131.0,2095100.0
2023-03-20 09:00:00+00:00,131.0,131.0,129.0,131.0,886000.0
2023-03-21 09:00:00+00:00,132.0,132.0,129.0,131.0,1392200.0
2023-03-24 09:00:00+00:00,131.0,131.0,129.0,130.0,2258400.0
2023-03-27 09:00:00+00:00,130.0,130.0,128.0,130.0,5859200.0
2023-03-28 09:00:00+00:00,129.0,130.0,128.0,129.0,1486300.0
2023-03-29 09:00:00+00:00,129.0,130.0,128.0,129.0,286400.0
2023-03-30 09:00:00+00:00,130.0,130.0,126.0,128.0,14176100.0
2023-03-31 09:00:00+00:00,128.0,129.0,126.0,127.0,4453500.0
2023-04-03 09:00:00+00:00,127.0,128.0,125.0,126.0,2568900.0
2023-04-04 09:00:00+00:00,126.0,127.0,124.0,126.0,999600.0
2023-04-05 09:00:00+00:00,126.0,129.0,125.0,126.0,1063300.0
2023-04-06 09:00:00+00:00,126.0,128.0,123.0,127.0,5451200.0
2023-04-10 09:00:00+00:00,127.0,128.0,124.0,125.0,1487300.0
2023-04-11 09:00:00+00:00,124.0,126.0,122.0,124.0,9548600.0
2023-04-12 09:00:00+00:00,125.0,125.0,121.0,122.0,2825800.0
2023-04-13 09:00:00+00:00,122.0,125.0,121.0,123.0,1426100.0
2023-04-14 09:00:00+00:00,122.0,124.0,119.0,122.0,5580200.0
2023-04-17 09:00:00+00:00,123.0,123.0,120.0,123.0,8341100.0
2023-04-18 09:00:00+00:00,123.0,123.0,119.0,122.0,4914200.0
2023-04-26 09:00:00+00:00,121.0,123.0,119.0,120.0,3282300.0
2023-04-27 09:00:00+00:00,120.0,121.0,120.0,121.0,1901000.0
2023-04-28 09:00:00+00:00,121.0,121.0,119.0,120.0,1224300.0
2023-05-02 09:00:00+00:00,120.0,120.0,116.0,116.0,3411500.0
2023-05-03 09:00:00+00:00,116.0,146.0,116.0,122.0,142402100.0
2023-05-04 09:00:00+00:00,123.0,128.0,119.0,120.0,20043900.0
2023-05-05 09:00:00+00:00,123.0,123.0,118.0,120.0,8272000.0
2023-05-08 09:00:00+00:00,120.0,123.0,118.0,121.0,25428100.0
2023-05-09 09:00:00+00:00,121.0,127.0,121.0,123.0,29251400.0
2023-05-10 09:00:00+00:00,124.0,124.0,121.0,123.0,10587200.0
2023-05-11 09:00:00+00:00,123.0,127.0,122.0,123.0,23989000.0
2023-05-12 09:00:00+00:00,123.0,125.0,122.0,123.0,23098600.0
2023-05-15 09:00:00+00:00,123.0,125.0,120.0,122.0,10518100.0
2023-05-16 09:00:00+00:00,121.0,127.0,121.0,122.0,43739500.0
2023-05-17 09:00:00+00:00,123.0,124.0,121.0,122.0,9437000.0
2023-05-19 09:00:00+00:00,122.0,123.0,121.0,122.0,17213000.0
2023-05-22 09:00:00+00:00,123.0,127.0,123.0,125.0,45815800.0
2023-05-23 09:00:00+00:00,126.0,128.0,124.0,127.0,28829400.0
2023-05-24 09:00:00+00:00,128.0,130.0,126.0,129.0,30347100.0
2023-05-25 09:00:00+00:00,129.0,135.0,128.0,134.0,67838700.0
2023-05-26 09:00:00+00:00,137.0,137.0,133.0,134.0,40648000.0
2023-05-29 09:00:00+00:00,134.0,137.0,132.0,133.0,44122000.0
2023-05-30 09:00:00+00:00,133.0,133.0,131.0,131.0,56099600.0
2023-05-31 09:00:00+00:00,132.0,132.0,128.0,129.0,41894000.0
2023-06-05 09:00:00+00:00,129.0,131.0,127.0,129.0,14749400.0
2023-06-06 09:00:00+00:00,129.0,130.0,128.0,129.0,23061900.0
2023-06-07 09:00:00+00:00,129.0,129.0,128.0,128.0,7335100.0
2023-06-08 09:00:00+00:00,128.0,128.0,123.0,128.0,30566800.0
2023-06-09 09:00:00+00:00,128.0,135.0,125.0,132.0,68959300.0
2023-06-12 09:00:00+00:00,132.0,137.0,132.0,134.0,46730400.0
2023-06-13 09:00:00+00:00,134.0,135.0,133.0,134.0,14679000.0
2023-06-14 09:00:00+00:00,134.0,136.0,133.0,134.0,41241800.0
2023-06-15 09:00:00+00:00,134.0,135.0,133.0,134.0,21448200.0
2023-06-16 09:00:00+00:00,134.0,139.0,132.0,137.0,38721700.0
2023-06-19 09:00:00+00:00,137.0,139.0,136.0,137.0,6207100.0
2023-06-20 09:00:00+00:00,137.0,138.0,134.0,136.0,8652200.0
2023-06-21 09:00:00+00:00,136.0,136.0,132.0,135.0,12076200.0
2023-06-22 09:00:00+00:00,133.0,136.0,133.0,135.0,12611900.0
2023-06-23 09:00:00+00:00,136.0,140.0,135.0,138.0,47078000.0
2023-06-26 09:00:00+00:00,139.0,142.0,136.0,137.0,19961300.0
2023-06-27 09:00:00+00:00,136.0,139.0,136.0,137.0,49055200.0
2023-07-03 09:00:00+00:00,137.0,140.0,135.0,139.0,22278300.0
2023-07-04 09:00:00+00:00,139.0,139.0,137.0,138.0,71954800.0
2023-07-05 09:00:00+00:00,138.0,150.0,136.0,144.0,70808400.0
2023-07-06 09:00:00+00:00,144.0,159.0,144.0,152.0,102745700.0
2023-07-07 09:00:00+00:00,152.0,161.0,149.0,154.0,144678300.0
2023-07-10 09:00:00+00:00,158.0,169.0,155.0,165.0,136502200.0
2023-07-11 09:00:00+00:00,166.0,172.0,161.0,171.0,184726900.0
2023-07-12 09:00:00+00:00,173.0,180.0,171.0,180.0,273515200.0
2023-07-13 09:00:00+00:00,180.0,190.0,171.0,174.0,224363500.0
2023-07-14 09:00:00+00:00,174.0,188.0,171.0,187.0,75505800.0
2023-07-17 09:00:00+00:00,190.0,190.0,178.0,183.0,41919600.0
2023-07-18 09:00:00+00:00,183.0,185.0,172.0,180.0,51959800.0
2023-07-20 09:00:00+00:00,181.0,189.0,180.0,183.0,63978900.0
2023-07-21 09:00:00+00:00,183.0,186.0,179.0,183.0,34593500.0
2023-07-24 09:00:00+00:00,182.0,186.0,157.0,165.0,246079700.0
2023-07-25 09:00:00+00:00,166.0,168.0,162.0,162.0,36182700.0
2023-07-26 09:00:00+00:00,162.0,171.0,153.0,168.0,100702700.0
2023-07-27 09:00:00+00:00,170.0,170.0,159.0,161.0,71249800.0
2023-07-28 09:00:00+00:00,162.0,162.0,156.0,159.0,30069800.0
2023-07-31 09:00:00+00:00,160.0,161.0,150.0,155.0,64875900.0
2023-08-01 09:00:00+00:00,154.0,157.0,143.0,150.0,132168100.0
2023-08-02 09:00:00+00:00,150.0,167.0,147.0,165.0,179484100.0
2023-08-03 09:00:00+00:00,166.0,170.0,160.0,166.0,104138100.0
2023-08-04 09:00:00+00:00,168.0,168.0,158.0,163.0,55880500.0
2023-08-07 09:00:00+00:00,163.0,164.0,161.0,163.0,26814500.0
2023-08-08 09:00:00+00:00,163.0,164.0,158.0,160.0,43920000.0
2023-08-09 09:00:00+00:00,160.0,160.0,151.0,154.0,94794000.0
2023-08-10 09:00:00+00:00,153.0,158.0,152.0,156.0,29165500.0
2023-08-11 09:00:00+00:00,156.0,157.0,153.0,156.0,13939200.0
2023-08-14 09:00:00+00:00,156.0,164.0,154.0,161.0,117016300.0
2023-08-15 09:00:00+00:00,162.0,165.0,159.0,161.0,74528200.0
2023-08-16 09:00:00+00:00,161.0,162.0,155.0,160.0,35571300.0
2023-08-18 09:00:00+00:00,160.0,163.0,157.0,160.0,49002000.0
2023-08-21 09:00:00+00:00,160.0,161.0,156.0,159.0,26370800.0
2023-08-22 09:00:00+00:00,159.0,159.0,155.0,159.0,34356700.0
2023-08-23 09:00:00+00:00,159.0,166.0,156.0,161.0,91238000.0
2023-08-24 09:00:00+00:00,162.0,163.0,159.0,161.0,90746200.0
2023-08-25 09:00:00+00:00,161.0,161.0,157.0,157.0,25905000.0
2023-08-28 09:00:00+00:00,157.0,160.0,151.0,157.0,71164600.0
2023-08-29 09:00:00+00:00,157.0,158.0,148.0,151.0,110682800.0
2023-08-30 09:00:00+00:00,151.0,152.0,149.0,151.0,24774200.0
2023-08-31 09:00:00+00:00,151.0,155.0,149.0,152.0,76239400.0
2023-09-01 09:00:00+00:00,152.0,153.0,150.0,152.0,37695100.0
2023-09-04 09:00:00+00:00,153.0,153.0,149.0,152.0,44666500.0
2023-09-05 09:00:00+00:00,151.0,152.0,146.0,150.0,82883700.0
2023-09-06 09:00:00+00:00,149.0,150.0,147.0,150.0,39464100.0
2023-09-07 09:00:00+00:00,149.0,150.0,146.0,149.0,15563300.0
2023-09-08 09:00:00+00:00,149.0,151.0,146.0,150.0,127154300.0
2023-09-11 09:00:00+00:00,150.0,166.0,148.0,164.0,158754800.0
2023-09-12 09:00:00+00:00,165.0,170.0,161.0,168.0,147893900.0
2023-09-13 09:00:00+00:00,159.0,169.0,159.0,163.0,38429800.0
2023-09-14 09:00:00+00:00,163.0,165.0,159.0,159.0,29615700.0
2023-09-15 09:00:00+00:00,159.0,160.0,155.0,156.0,19662500.0
2023-09-18 09:00:00+00:00,156.0,160.0,153.0,156.0,41197500.0
2023-09-19 09:00:00+00:00,156.0,159.0,154.0,158.0,38199200.0
2023-09-20 09:00:00+00:00,158.0,159.0,157.0,158.0,40327700.0
2023-09-21 09:00:00+00:00,158.0,158.0,155.0,156.0,46491800.0
2023-09-22 09:00:00+00:00,158.0,169.0,157.0,169.0,188429100.0
2023-09-25 09:00:00+00:00,170.0,174.0,166.0,169.0,133966300.0
2023-09-26 09:00:00+00:00,167.0,172.0,162.0,162.0,55167200.0
2023-09-27 09:00:00+00:00,162.0,167.0,160.0,162.0,52339000.0
2023-09-29 09:00:00+00:00,160.0,166.0,160.0,163.0,87675100.0
2023-10-02 09:00:00+00:00,165.0,167.0,162.0,166.0,78458100.0
2023-10-03 09:00:00+00:00,169.0,169.0,161.0,162.0,46564200.0
2023-10-04 09:00:00+00:00,162.0,163.0,149.0,152.0,119759300.0
2023-10-05 09:00:00+00:00,153.0,156.0,152.0,154.0,33627000.0
2023-10-06 09:00:00+00:00,156.0,156.0,151.0,152.0,12615000.0
2023-10-09 09:00:00+00:00,152.0,155.0,151.0,154.0,82339600.0
2023-10-10 09:00:00+00:00,155.0,155.0,152.0,154.0,12593800.0
2023-10-11 09:00:00+00:00,154.0,157.0,149.0,150.0,95014700.0
2023-10-12 09:00:00+00:00,151.0,152.0,137.0,143.0,154903300.0
2023-10-13 09:00:00+00:00,145.0,145.0,132.0,136.0,156460300.0
2023-10-16 09:00:00+00:00,137.0,138.0,133.0,138.0,71575100.0
2023-10-17 09:00:00+00:00,137.0,139.0,133.0,138.0,72817100.0
2023-10-18 09:00:00+00:00,138.0,141.0,135.0,139.0,62232500.0
2023-10-19 09:00:00+00:00,140.0,140.0,131.0,137.0,69322800.0
2023-10-20 09:00:00+00:00,131.0,137.0,131.0,136.0,15957100.0
2023-10-23 09:00:00+00:00,135.0,135.0,128.0,134.0,61191000.0
2023-10-24 09:00:00+00:00,132.0,136.0,132.0,135.0,105638200.0
2023-10-25 09:00:00+00:00,137.0,137.0,132.0,135.0,65104800.0
2023-10-26 09:00:00+00:00,135.0,135.0,125.0,130.0,106979400.0
2023-10-27 09:00:00+00:00,130.0,133.0,128.0,133.0,42582200.0
2023-10-30 09:00:00+00:00,135.0,135.0,128.0,133.0,88807200.0
2023-10-31 09:00:00+00:00,135.0,135.0,130.0,132.0,64263300.0
2023-11-01 09:00:00+00:00,130.0,132.0,115.0,120.0,229633300.0
2023-11-02 09:00:00+00:00,120.0,127.0,118.0,124.0,74702800.0
2023-11-03 09:00:00+00:00,126.0,128.0,124.0,125.0,33856700.0
2023-11-06 09:00:00+00:00,125.0,126.0,124.0,125.0,23560600.0
2023-11-07 09:00:00+00:00,126.0,127.0,123.0,125.0,135778000.0
2023-11-08 09:00:00+00:00,125.0,125.0,120.0,123.0,77432100.0
2023-11-09 09:00:00+00:00,124.0,125.0,120.0,122.0,49902600.0
2023-11-10 09:00:00+00:00,125.0,125.0,117.0,119.0,33037900.0
2023-11-13 09:00:00+00:00,119.0,121.0,117.0,119.0,78869400.0
2023-11-14 09:00:00+00:00,120.0,122.0,118.0,119.0,87840100.0
2023-11-15 09:00:00+00:00,120.0,125.0,119.0,123.0,87147400.0
2023-11-16 09:00:00+00:00,124.0,125.0,122.0,124.0,57823200.0
2023-11-17 09:00:00+00:00,124.0,126.0,123.0,126.0,36596300.0
2023-11-20 09:00:00+00:00,125.0,128.0,124.0,126.0,94398300.0
2023-11-21 09:00:00+00:00,127.0,135.0,127.0,133.0,84792700.0
2023-11-22 09:00:00+00:00,133.0,142.0,133.0,141.0,124436600.0
2023-11-23 09:00:00+00:00,141.0,143.0,136.0,138.0,77198600.0
2023-11-24 09:00:00+00:00,137.0,138.0,133.0,134.0,27084200.0
2023-11-27 09:00:00+00:00,134.0,137.0,133.0,134.0,63480200.0
2023-11-28 09:00:00+00:00,134.0,137.0,132.0,133.0,81084200.0
2023-11-29 09:00:00+00:00,131.0,133.0,128.0,130.0,55145500.0
2023-11-30 09:00:00+00:00,129.0,132.0,129.0,130.0,114204900.0
2023-12-01 09:00:00+00:00,130.0,130.0,126.0,130.0,9584600.0
2023-12-04 09:00:00+00:00,130.0,131.0,127.0,130.0,102738500.0
2023-12-05 09:00:00+00:00,130.0,135.0,129.0,130.0,141310800.0
2023-12-06 09:00:00+00:00,130.0,132.0,127.0,129.0,71585600.0
2023-12-07 09:00:00+00:00,129.0,130.0,128.0,129.0,38616400.0
2023-12-08 09:00:00+00:00,129.0,131.0,129.0,129.0,9616700.0
2023-12-11 09:00:00+00:00,129.0,129.0,123.0,127.0,95632100.0
2023-12-12 09:00:00+00:00,127.0,128.0,124.0,127.0,21979300.0
2023-12-13 09:00:00+00:00,128.0,128.0,126.0,127.0,44632300.0
2023-12-14 09:00:00+00:00,127.0,128.0,126.0,128.0,45878200.0
2023-12-15 09:00:00+00:00,128.0,129.0,125.0,127.0,79477800.0
2023-12-18 09:00:00+00:00,127.0,131.0,126.0,129.0,61780700.0
2023-12-19 09:00:00+00:00,129.0,133.0,128.0,130.0,111375200.0
2023-12-20 09:00:00+00:00,131.0,134.0,131.0,131.0,75035800.0
2023-12-21 09:00:00+00:00,131.0,133.0,128.0,130.0,53697300.0
2023-12-22 09:00:00+00:00,130.0,130.0,127.0,130.0,70388400.0
2023-12-27 09:00:00+00:00,130.0,134.0,129.0,130.0,62381700.0
2023-12-28 09:00:00+00:00,130.0,137.0,130.0,133.0,120426500.0
2023-12-29 09:00:00+00:00,133.0,135.0,133.0,134.0,49334000.0
2024-01-02 09:00:00+00:00,134.0,135.0,129.0,132.0,61929000.0
2024-01-03 09:00:00+00:00,131.0,132.0,130.0,131.0,49756100.0
2024-01-04 09:00:00+00:00,131.0,131.0,127.0,130.0,77308000.0
2024-01-05 09:00:00+00:00,130.0,131.0,128.0,129.0,57935400.0
2024-01-08 09:00:00+00:00,129.0,132.0,127.0,130.0,70344400.0
2024-01-09 09:00:00+00:00,130.0,132.0,128.0,129.0,62442400.0
2024-01-10 09:00:00+00:00,129.0,131.0,128.0,130.0,74047100.0
2024-01-11 09:00:00+00:00,129.0,130.0,128.0,129.0,55339500.0
2024-01-12 09:00:00+00:00,128.0,129.0,125.0,127.0,46466600.0
2024-01-15 09:00:00+00:00,127.0,127.0,125.0,127.0,47540800.0
2024-01-16 09:00:00+00:00,127.0,131.0,126.0,129.0,89073800.0
2024-01-17 09:00:00+00:00,129.0,130.0,126.0,127.0,10343100.0
2024-01-18 09:00:00+00:00,127.0,127.0,125.0,126.0,53202500.0
2024-01-19 09:00:00+00:00,126.0,126.0,123.0,125.0,81709700.0
2024-01-22 09:00:00+00:00,125.0,125.0,121.0,122.0,75333700.0
2024-01-23 09:00:00+00:00,120.0,125.0,117.0,122.0,59535700.0
2024-01-24 09:00:00+00:00,123.0,124.0,119.0,123.0,90242500.0
2024-01-25 09:00:00+00:00,123.0,123.0,120.0,122.0,65826400.0
2024-01-26 09:00:00+00:00,121.0,122.0,117.0,121.0,52161000.0
2024-01-29 09:00:00+00:00,120.0,121.0,118.0,120.0,71396500.0
2024-01-30 09:00:00+00:00,120.0,121.0,118.0,121.0,96115000.0
2024-01-31 09:00:00+00:00,122.0,123.0,120.0,123.0,68587100.0
2024-02-01 09:00:00+00:00,123.0,123.0,120.0,121.0,55673300.0
2024-02-02 09:00:00+00:00,121.0,121.0,116.0,121.0,68813800.0
2024-02-05 09:00:00+00:00,122.0,122.0,118.0,122.0,58667600.0
2024-02-06 09:00:00+00:00,122.0,123.0,118.0,121.0,116102400.0
2024-02-07 09:00:00+00:00,125.0,125.0,118.0,120.0,111903100.0
2024-02-12 09:00:00+00:00,120.0,133.0,120.0,127.0,109298700.0
2024-02-13 09:00:00+00:00,127.0,128.0,121.0,125.0,68185800.0
2024-02-15 09:00:00+00:00,125.0,127.0,123.0,125.0,57563600.0
2024-02-16 09:00:00+00:00,125.0,125.0,121.0,123.0,44638900.0
2024-02-19 09:00:00+00:00,123.0,124.0,122.0,123.0,32718500.0
2024-02-20 09:00:00+00:00,123.0,124.0,121.0,123.0,53249000.0
2024-02-21 09:00:00+00:00,122.0,123.0,119.0,121.0,98957300.0
2024-02-22 09:00:00+00:00,121.0,123.0,120.0,121.0,71493300.0
2024-02-23 09:00:00+00:00,121.0,122.0,121.0,122.0,67354800.0
2024-02-26 09:00:00+00:00,121.0,123.0,120.0,121.0,97672700.0
2024-02-27 09:00:00+00:00,121.0,124.0,120.0,122.0,123096700.0
2024-02-28 09:00:00+00:00,122.0,122.0,121.0,122.0,130991200.0
2024-02-29 09:00:00+00:00,122.0,123.0,118.0,121.0,128093800.0
2024-03-01 09:00:00+00:00,120.0,121.0,118.0,121.0,76100900.0
2024-03-04 09:00:00+00:00,121.0,122.0,117.0,122.0,72613700.0
2024-03-05 09:00:00+00:00,122.0,122.0,118.0,119.0,61714400.0
2024-03-06 09:00:00+00:00,119.0,120.0,118.0,119.0,61431700.0
2024-03-07 09:00:00+00:00,119.0,119.0,115.0,118.0,93215100.0
2024-03-08 09:00:00+00:00,118.0,119.0,112.0,116.0,104442600.0
2024-03-13 09:00:00+00:00,115.0,118.0,114.0,118.0,149681300.0
2024-03-14 09:00:00+00:00,118.0,119.0,115.0,119.0,82601100.0
2024-03-15 09:00:00+00:00,119.0,120.0,117.0,119.0,74297200.0
2024-03-18 09:00:00+00:00,120.0,122.0,118.0,122.0,92835300.0
2024-03-19 09:00:00+00:00,122.0,127.0,120.0,122.0,108399600.0
2024-03-20 09:00:00+00:00,122.0,123.0,120.0,121.0,119520500.0
2024-03-21 09:00:00+00:00,121.0,121.0,118.0,120.0,81527200.0
2024-03-22 09:00:00+00:00,119.0,121.0,119.0,121.0,111489400.0
2024-03-25 09:00:00+00:00,124.0,124.0,120.0,123.0,98515700.0
2024-03-26 09:00:00+00:00,123.0,123.0,121.0,123.0,109715400.0
2024-03-27 09:00:00+00:00,122.0,129.0,121.0,125.0,120348100.0
2024-03-28 09:00:00+00:00,125.0,130.0,121.0,125.0,97714700.0
2024-04-01 09:00:00+00:00,126.0,126.0,120.0,123.0,90899900.0
2024-04-02 09:00:00+00:00,122.0,127.0,122.0,127.0,94251900.0
2024-04-03 09:00:00+00:00,127.0,127.0,123.0,125.0,61720500.0
2024-04-04 09:00:00+00:00,126.0,126.0,119.0,123.0,82854600.0
2024-04-05 09:00:00+00:00,123.0,123.0,119.0,122.0,141985800.0
2024-04-16 09:00:00+00:00,122.0,122.0,116.0,120.0,83048200.0
2024-04-17 09:00:00+00:00,120.0,120.0,115.0,120.0,113666100.0
2024-04-18 09:00:00+00:00,120.0,124.0,118.0,123.0,87717000.0
2024-04-19 09:00:00+00:00,123.0,123.0,120.0,122.0,77236000.0
2024-04-22 09:00:00+00:00,122.0,126.0,121.0,124.0,71962400.0
2024-04-23 09:00:00+00:00,125.0,125.0,121.0,123.0,86916100.0
2024-04-24 09:00:00+00:00,124.0,124.0,121.0,122.0,83810100.0
2024-04-25 09:00:00+00:00,121.0,122.0,119.0,121.0,121938500.0
2024-04-26 09:00:00+00:00,121.0,121.0,118.0,120.0,172169100.0
2024-04-29 09:00:00+00:00,120.0,120.0,116.0,119.0,130750600.0
2024-04-30 09:00:00+00:00,117.0,124.0,117.0,122.0,103785200.0
2024-05-02 09:00:00+00:00,122.0,122.0,116.0,119.0,157541600.0
2024-05-03 09:00:00+00:00,119.0,120.0,117.0,120.0,95903900.0
2024-05-06 09:00:00+00:00,119.0,120.0,118.0,120.0,73555700.0
2024-05-07 09:00:00+00:00,120.0,122.0,118.0,120.0,62119300.0
2024-05-08 09:00:00+00:00,120.0,121.0,117.0,119.0,73275500.0
2024-05-13 09:00:00+00:00,118.0,119.0,117.0,119.0,123948500.0
2024-05-14 09:00:00+00:00,119.0,120.0,118.0,119.0,70694800.0
2024-05-15 09:00:00+00:00,119.0,125.0,118.0,122.0,134985300.0
2024-05-16 09:00:00+00:00,122.0,124.0,121.0,124.0,112941300.0
2024-05-17 09:00:00+00:00,124.0,125.0,120.0,123.0,192355100.0
2024-05-20 09:00:00+00:00,123.0,123.0,119.0,120.0,146267700.0
2024-05-21 09:00:00+00:00,119.0,120.0,117.0,119.0,22933200.0
2024-05-22 09:00:00+00:00,119.0,119.0,117.0,119.0,187002500.0
2024-05-27 09:00:00+00:00,119.0,119.0,117.0,118.0,131432100.0
2024-05-28 09:00:00+00:00,119.0,121.0,118.0,120.0,126809200.0
2024-05-29 09:00:00+00:00,120.0,120.0,115.0,118.0,98376500.0
2024-05-30 09:00:00+00:00,118.0,118.0,115.0,117.0,128043400.0
2024-05-31 09:00:00+00:00,117.0,118.0,116.0,118.0,93337100.0
2024-06-03 09:00:00+00:00,118.0,118.0,116.0,118.0,128011700.0
2024-06-04 09:00:00+00:00,118.0,119.0,117.0,118.0,125663400.0
2024-06-05 09:00:00+00:00,119.0,119.0,116.0,118.0,147342600.0
2024-06-06 09:00:00+00:00,117.0,118.0,117.0,118.0,137175900.0
2024-06-07 09:00:00+00:00,118.0,118.0,116.0,117.0,111905500.0
2024-06-10 09:00:00+00:00,117.0,118.0,116.0,117.0,119621900.0
2024-06-11 09:00:00+00:00,117.0,118.0,116.0,118.0,124637500.0
2024-06-12 09:00:00+00:00,118.0,118.0,115.0,117.0,124929500.0
2024-06-13 09:00:00+00:00,117.0,118.0,116.0,117.0,135460100.0
2024-06-14 09:00:00+00:00,116.0,117.0,113.0,116.0,152962300.0
2024-06-19 09:00:00+00:00,115.0,116.0,110.0,115.0,154684000.0
2024-06-20 09:00:00+00:00,114.0,115.0,112.0,115.0,169342800.0
2024-06-21 09:00:00+00:00,115.0,118.0,114.0,118.0,96551700.0
2024-06-24 09:00:00+00:00,117.0,120.0,117.0,119.0,166910800.0
2024-06-25 09:00:00+00:00,119.0,120.0,117.0,119.0,92093900.0
2024-06-26 09:00:00+00:00,119.0,120.0,118.0,120.0,143125300.0
2024-06-27 09:00:00+00:00,120.0,120.0,119.0,120.0,147546200.0
2024-06-28 09:00:00+00:00,120.0,120.0,118.0,120.0,139629500.0
2024-07-01 09:00:00+00:00,119.0,120.0,118.0,120.0,143190900.0
2024-07-02 09:00:00+00:00,119.0,120.0,118.0,120.0,127138900.0
2024-07-03 09:00:00+00:00,120.0,126.0,119.0,122.0,176567600.0
2024-07-04 09:00:00+00:00,124.0,129.0,122.0,126.0,180472400.0
2024-07-05 09:00:00+00:00,126.0,131.0,126.0,129.0,146175100.0
2024-07-08 09:00:00+00:00,130.0,132.0,130.0,131.0,134506500.0
2024-07-09 09:00:00+00:00,130.0,134.0,130.0,134.0,89143000.0
2024-07-10 09:00:00+00:00,133.0,145.0,133.0,143.0,173213800.0
2024-07-11 09:00:00+00:00,143.0,154.0,143.0,148.0,150479300.0
2024-07-12 09:00:00+00:00,148.0,154.0,146.0,153.0,167679000.0
2024-07-15 09:00:00+00:00,154.0,156.0,149.0,152.0,162132000.0
2024-07-16 09:00:00+00:00,151.0,152.0,148.0,150.0,176547900.0
2024-07-17 09:00:00+00:00,149.0,150.0,128.0,137.0,229685600.0
2024-07-18 09:00:00+00:00,137.0,137.0,124.0,134.0,230627600.0
2024-07-19 09:00:00+00:00,134.0,134.0,128.0,132.0,93752600.0
2024-07-22 09:00:00+00:00,131.0,133.0,128.0,131.0,137869300.0
2024-07-23 09:00:00+00:00,130.0,134.0,129.0,134.0,132870000.0
2024-07-24 09:00:00+00:00,133.0,135.0,131.0,132.0,115254900.0
2024-07-25 09:00:00+00:00,133.0,133.0,129.0,130.0,125228100.0
2024-07-26 09:00:00+00:00,130.0,132.0,127.0,132.0,151614400.0
2024-07-29 09:00:00+00:00,132.0,133.0,130.0,133.0,217510900.0
2024-07-30 09:00:00+00:00,133.0,133.0,129.0,131.0,199480400.0
2024-07-31 09:00:00+00:00,131.0,134.0,129.0,132.0,209096100.0
2024-08-01 09:00:00+00:00,132.0,133.0,129.0,132.0,151755500.0
2024-08-02 09:00:00+00:00,133.0,133.0,130.0,132.0,138946300.0
2024-08-05 09:00:00+00:00,132.0,132.0,126.0,130.0,66678200.0
2024-08-06 09:00:00+00:00,130.0,132.0,127.0,130.0,27273700.0
2024-08-07 09:00:00+00:00,130.0,136.0,129.0,134.0,134428000.0
2024-08-08 09:00:00+00:00,135.0,145.0,132.0,140.0,248335100.0
2024-08-09 09:00:00+00:00,140.0,145.0,137.0,141.0,229729900.0
2024-08-12 09:00:00+00:00,141.0,143.0,138.0,140.0,302531200.0
2024-08-13 09:00:00+00:00,140.0,144.0,140.0,142.0,283785700.0
2024-08-14 09:00:00+00:00,142.0,147.0,141.0,145.0,187674800.0
2024-08-15 09:00:00+00:00,145.0,148.0,141.0,147.0,137352700.0
2024-08-16 09:00:00+00:00,147.0,154.0,144.0,150.0,183590000.0
2024-08-19 09:00:00+00:00,150.0,154.0,149.0,150.0,140273200.0
2024-08-20 09:00:00+00:00,149.0,151.0,148.0,150.0,13218900.0
2024-08-21 09:00:00+00:00,150.0,154.0,145.0,150.0,238981100.0
2024-08-22 09:00:00+00:00,150.0,152.0,146.0,150.0,88672000.0
2024-08-23 09:00:00+00:00,151.0,151.0,147.0,150.0,180208800.0
2024-08-26 09:00:00+00:00,149.0,152.0,148.0,150.0,217575800.0
2024-08-27 09:00:00+00:00,151.0,158.0,148.0,153.0,234926500.0
2024-08-28 09:00:00+00:00,154.0,159.0,153.0,156.0,185258500.0
2024-08-29 09:00:00+00:00,157.0,158.0,150.0,154.0,57227800.0
2024-08-30 09:00:00+00:00,154.0,158.0,149.0,153.0,209034300.0
2024-09-02 09:00:00+00:00,154.0,155.0,147.0,153.0,149193900.0
2024-09-03 09:00:00+00:00,153.0,153.0,151.0,152.0,124448700.0
2024-09-04 09:00:00+00:00,152.0,157.0,150.0,153.0,150255100.0
2024-09-05 09:00:00+00:00,153.0,172.0,153.0,166.0,159179800.0
2024-09-06 09:00:00+00:00,167.0,181.0,166.0,174.0,264434800.0
2024-09-09 09:00:00+00:00,175.0,180.0,170.0,178.0,221212000.0
2024-09-10 09:00:00+00:00,179.0,197.0,178.0,182.0,204182400.0
2024-09-11 09:00:00+00:00,183.0,185.0,178.0,182.0,248964200.0
2024-09-12 09:00:00+00:00,182.0,184.0,174.0,180.0,178929100.0
2024-09-13 09:00:00+00:00,180.0,191.0,175.0,179.0,168679900.0
2024-09-17 09:00:00+00:00,178.0,188.0,178.0,182.0,137224600.0
2024-09-18 09:00:00+00:00,184.0,186.0,181.0,181.0,67935200.0
2024-09-19 09:00:00+00:00,182.0,188.0,181.0,183.0,226189300.0
2024-09-20 09:00:00+00:00,184.0,188.0,180.0,188.0,160897800.0
2024-09-23 09:00:00+00:00,187.0,190.0,183.0,184.0,91251800.0
2024-09-24 09:00:00+00:00,184.0,186.0,181.0,183.0,91044300.0
2024-09-25 09:00:00+00:00,183.0,190.0,183.0,186.0,210223200.0
2024-09-26 09:00:00+00:00,187.0,190.0,184.0,184.0,84078500.0
2024-09-27 09:00:00+00:00,185.0,191.0,182.0,185.0,181192800.0
2024-09-30 09:00:00+00:00,184.0,186.0,177.0,183.0,167399300.0
2024-10-01 09:00:00+00:00,183.0,189.0,181.0,183.0,239119900.0
2024-10-02 09:00:00+00:00,183.0,187.0,179.0,182.0,257406100.0
2024-10-03 09:00:00+00:00,183.0,187.0,182.0,183.0,184127800.0
2024-10-04 09:00:00+00:00,184.0,189.0,183.0,184.0,186652000.0
2024-10-07 09:00:00+00:00,184.0,190.0,181.0,184.0,106844000.0
2024-10-08 09:00:00+00:00,184.0,188.0,183.0,185.0,188845200.0
2024-10-09 09:00:00+00:00,185.0,186.0,179.0,183.0,76703300.0
2024-10-10 09:00:00+00:00,183.0,187.0,183.0,185.0,199243700.0
2024-10-11 09:00:00+00:00,183.0,196.0,180.0,183.0,274742100.0
2024-10-14 09:00:00+00:00,186.0,186.0,182.0,183.0,234850400.0
2024-10-15 09:00:00+00:00,183.0,187.0,183.0,185.0,172920300.0
2024-10-16 09:00:00+00:00,185.0,186.0,182.0,185.0,233096800.0
2024-10-17 09:00:00+00:00,185.0,188.0,183.0,184.0,187603100.0
2024-10-18 09:00:00+00:00,184.0,187.0,184.0,185.0,236766200.0
2024-10-21 09:00:00+00:00,185.0,202.0,185.0,196.0,328407100.0
2024-10-22 09:00:00+00:00,196.0,206.0,193.0,197.0,152640700.0
2024-10-23 09:00:00+00:00,197.0,200.0,187.0,193.0,188570000.0
2024-10-24 09:00:00+00:00,192.0,193.0,189.0,192.0,100739000.0
2024-10-25 09:00:00+00:00,192.0,197.0,189.0,191.0,145154100.0
2024-10-28 09:00:00+00:00,190.0,197.0,187.0,192.0,143816100.0
2024-10-29 09:00:00+00:00,192.0,195.0,190.0,193.0,76353900.0
2024-10-30 09:00:00+00:00,193.0,193.0,189.0,192.0,147775800.0
2024-10-31 09:00:00+00:00,195.0,202.0,190.0,194.0,214412000.0
2024-11-01 09:00:00+00:00,195.0,195.0,183.0,193.0,123913300.0
2024-11-04 09:00:00+00:00,193.0,193.0,188.0,190.0,191808600.0
2024-11-05 09:00:00+00:00,190.0,194.0,190.0,192.0,169877200.0
2024-11-06 09:00:00+00:00,192.0,195.0,188.0,190.0,85943700.0
2024-11-07 09:00:00+00:00,190.0,193.0,185.0,187.0,179089200.0
2024-11-08 09:00:00+00:00,188.0,190.0,185.0,189.0,178105100.0
2024-11-11 09:00:00+00:00,189.0,189.0,173.0,185.0,112010700.0
2024-11-12 09:00:00+00:00,185.0,185.0,180.0,184.0,162468900.0
2024-11-13 09:00:00+00:00,184.0,189.0,181.0,187.0,141570700.0
2024-11-14 09:00:00+00:00,187.0,187.0,182.0,187.0,163999800.0
2024-11-15 09:00:00+00:00,187.0,187.0,182.0,187.0,160699500.0
2024-11-18 09:00:00+00:00,186.0,190.0,183.0,189.0,134258400.0
2024-11-19 09:00:00+00:00,190.0,190.0,186.0,189.0,102679000.0
2024-11-20 09:00:00+00:00,189.0,193.0,185.0,192.0,176194600.0
2024-11-21 09:00:00+00:00,192.0,194.0,189.0,193.0,138875000.0
2024-11-22 09:00:00+00:00,194.0,194.0,190.0,194.0,113357900.0
2024-11-25 09:00:00+00:00,194.0,202.0,191.0,198.0,170146200.0
2024-11-26 09:00:00+00:00,198.0,202.0,191.0,196.0,175219700.0
2024-11-28 09:00:00+00:00,194.0,197.0,191.0,195.0,109301800.0
2024-11-29 09:00:00+00:00,196.0,197.0,192.0,195.0,72103900.0
2024-12-02 09:00:00+00:00,195.0,199.0,193.0,196.0,200098600.0
2024-12-03 09:00:00+00:00,196.0,197.0,191.0,197.0,197644500.0
2024-12-04 09:00:00+00:00,198.0,198.0,193.0,198.0,146546000.0
2024-12-05 09:00:00+00:00,197.0,208.0,196.0,202.0,133451600.0
2024-12-06 09:00:00+00:00,204.0,204.0,199.0,202.0,84687300.0
2024-12-09 09:00:00+00:00,202.0,204.0,196.0,204.0,83755800.0
2024-12-10 09:00:00+00:00,204.0,204.0,196.0,200.0,94708800.0
2024-12-11 09:00:00+00:00,199.0,200.0,194.0,198.0,196208600.0
2024-12-12 09:00:00+00:00,197.0,202.0,193.0,200.0,202450700.0
2024-12-13 09:00:00+00:00,200.0,204.0,196.0,198.0,105468800.0
2024-12-16 09:00:00+00:00,199.0,199.0,195.0,198.0,187245600.0
2024-12-17 09:00:00+00:00,198.0,199.0,195.0,198.0,162640500.0
2024-12-18 09:00:00+00:00,198.0,198.0,189.0,197.0,169293000.0
2024-12-19 09:00:00+00:00,194.0,196.0,188.0,193.0,91870300.0
2024-12-20 09:00:00+00:00,191.0,194.0,189.0,192.0,107598000.0
2024-12-23 09:00:00+00:00,192.0,192.0,184.0,188.0,65358500.0
2024-12-24 09:00:00+00:00,185.0,191.0,181.0,189.0,109589300.0
2024-12-27 09:00:00+00:00,188.0,191.0,187.0,190.0,176682100.0
2024-12-30 09:00:00+00:00,190.0,191.0,184.0,186.0,41018500.0
2025-01-02 09:00:00+00:00,187.0,190.0,182.0,188.0,223595900.0
2025-01-03 09:00:00+00:00,190.0,193.0,187.0,190.0,216543200.0
2025-01-06 09:00:00+00:00,190.0,191.0,187.0,189.0,121234100.0
2025-01-07 09:00:00+00:00,188.0,190.0,186.0,189.0,91983700.0
2025-01-08 09:00:00+00:00,189.0,189.0,186.0,189.0,8958200.0
2025-01-09 09:00:00+00:00,189.0,191.0,186.0,189.0,143786500.0
2025-01-10 09:00:00+00:00,186.0,192.0,186.0,191.0,188151900.0
2025-01-13 09:00:00+00:00,191.0,200.0,190.0,196.0,205900400.0
2025-01-14 09:00:00+00:00,197.0,199.0,187.0,191.0,140963600.0
2025-01-15 09:00:00+00:00,191.0,191.0,187.0,191.0,230415700.0
2025-01-16 09:00:00+00:00,191.0,192.0,188.0,191.0,161500900.0
2025-01-17 09:00:00+00:00,191.0,196.0,188.0,192.0,155943100.0
2025-01-20 09:00:00+00:00,193.0,193.0,189.0,190.0,79283100.0
2025-01-21 09:00:00+00:00,190.0,192.0,187.0,192.0,73824900.0
2025-01-22 09:00:00+00:00,192.0,192.0,186.0,189.0,152898300.0
2025-01-23 09:00:00+00:00,188.0,189.0,186.0,188.0,28116400.0
2025-01-24 09:00:00+00:00,187.0,187.0,183.0,186.0,41532500.0
2025-01-30 09:00:00+00:00,184.0,189.0,184.0,188.0,154287800.0
2025-01-31 09:00:00+00:00,188.0,189.0,186.0,189.0,150262200.0
2025-02-03 09:00:00+00:00,187.0,189.0,184.0,187.0,68946800.0
2025-02-04 09:00:00+00:00,187.0,188.0,184.0,187.0,165190300.0
2025-02-05 09:00:00+00:00,187.0,191.0,185.0,189.0,168441700.0
2025-02-06 09:00:00+00:00,189.0,189.0,185.0,187.0,95880700.0
2025-02-07 09:00:00+00:00,187.0,187.0,181.0,184.0,32774300.0
2025-02-10 09:00:00+00:00,184.0,186.0,181.0,186.0,222084100.0
2025-02-11 09:00:00+00:00,186.0,186.0,175.0,183.0,68251700.0
2025-02-12 09:00:00+00:00,182.0,183.0,179.0,181.0,89022900.0
2025-02-13 09:00:00+00:00,180.0,181.0,178.0,181.0,157893500.0
2025-02-14 09:00:00+00:00,181.0,182.0,178.0,181.0,217436900.0
2025-02-17 09:00:00+00:00,181.0,182.0,178.0,181.0,185523400.0
2025-02-18 09:00:00+00:00,181.0,182.0,177.0,179.0,178480700.0
2025-02-19 09:00:00+00:00,179.0,182.0,176.0,181.0,207397500.0
2025-02-20 09:00:00+00:00,181.0,184.0,180.0,183.0,158010300.0
2025-02-21 09:00:00+00:00,184.0,184.0,177.0,181.0,164315500.0
2025-02-24 09:00:00+00:00,181.0,183.0,178.0,182.0,219398100.0
2025-02-25 09:00:00+00:00,185.0,185.0,175.0,178.0,219066900.0
2025-02-26 09:00:00+00:00,178.0,178.0,174.0,177.0,22872900.0
2025-02-27 09:00:00+00:00,176.0,176.0,173.0,176.0,9848100.0
2025-02-28 09:00:00+00:00,175.0,175.0,165.0,173.0,66563800.0
2025-03-03 09:00:00+00:00,170.0,175.0,167.0,172.0,20508000.0
2025-03-04 09:00:00+00:00,171.0,171.0,166.0,170.0,19920000.0
2025-03-05 09:00:00+00:00,170.0,172.0,167.0,171.0,203986200.0
2025-03-06 09:00:00+00:00,169.0,174.0,169.0,174.0,187409700.0
2025-03-07 09:00:00+00:00,175.0,175.0,168.0,171.0,206866600.0
2025-03-10 09:00:00+00:00,172.0,172.0,168.0,172.0,202395800.0
2025-03-11 09:00:00+00:00,172.0,176.0,169.0,174.0,207372600.0
2025-03-12 09:00:00+00:00,175.0,179.0,172.0,179.0,206031100.0
2025-03-13 09:00:00+00:00,177.0,181.0,173.0,177.0,142632500.0
2025-03-14 09:00:00+00:00,177.0,178.0,173.0,175.0,201961300.0
2025-03-17 09:00:00+00:00,177.0,179.0,174.0,178.0,128330900.0
2025-03-18 09:00:00+00:00,177.0,179.0,170.0,175.0,185036600.0
2025-03-19 09:00:00+00:00,175.0,176.0,170.0,173.0,148435300.0
2025-03-20 09:00:00+00:00,172.0,174.0,167.0,174.0,156508000.0
2025-03-21 09:00:00+00:00,174.0,175.0,170.0,171.0,123991300.0
2025-03-24 09:00:00+00:00,170.0,171.0,163.0,170.0,14338200.0
2025-03-25 09:00:00+00:00,171.0,175.0,168.0,171.0,115920400.0
2025-03-26 09:00:00+00:00,171.0,176.0,171.0,175.0,217093100.0
2025-03-27 09:00:00+00:00,174.0,180.0,173.0,179.0,176810300.0
2025-04-08 09:00:00+00:00,170.0,172.0,157.0,161.0,101161900.0
2025-04-09 09:00:00+00:00,160.0,168.0,155.0,168.0,170098000.0
2025-04-10 09:00:00+00:00,171.0,176.0,168.0,176.0,132580500.0
2025-04-11 09:00:00+00:00,177.0,177.0,165.0,175.0,150169500.0
2025-04-14 09:00:00+00:00,174.0,174.0,170.0,173.0,36313200.0
2025-04-15 09:00:00+00:00,173.0,173.0,168.0,171.0,29568100.0
2025-04-16 09:00:00+00:00,171.0,173.0,168.0,171.0,8181600.0
2025-04-17 09:00:00+00:00,171.0,171.0,169.0,171.0,51214800.0
2025-04-21 09:00:00+00:00,171.0,173.0,170.0,173.0,191600200.0
2025-04-22 09:00:00+00:00,173.0,173.0,169.0,173.0,161109400.0
2025-04-23 09:00:00+00:00,173.0,174.0,169.0,172.0,215415500.0
2025-04-24 09:00:00+00:00,172.0,176.0,170.0,174.0,249371000.0
2025-04-25 09:00:00+00:00,175.0,175.0,172.0,175.0,139522500.0
2025-04-28 09:00:00+00:00,175.0,176.0,168.0,170.0,83680000.0
2025-04-29 09:00:00+00:00,170.0,171.0,167.0,171.0,83053900.0
2025-04-30 09:00:00+00:00,172.0,174.0,169.0,173.0,86744200.0
2025-05-02 09:00:00+00:00,174.0,179.0,172.0,174.0,235614500.0
2025-05-05 09:00:00+00:00,175.0,177.0,171.0,174.0,223236200.0
2025-05-06 09:00:00+00:00,173.0,182.0,173.0,176.0,195714900.0
2025-05-07 09:00:00+00:00,176.0,179.0,175.0,178.0,179429300.0
2025-05-08 09:00:00+00:00,178.0,179.0,173.0,177.0,110487400.0
2025-05-09 09:00:00+00:00,178.0,179.0,177.0,178.0,75460500.0
2025-05-14 09:00:00+00:00,180.0,182.0,172.0,178.0,124758000.0
2025-05-15 09:00:00+00:00,178.0,180.0,177.0,180.0,181665300.0
2025-05-16 09:00:00+00:00,180.0,181.0,178.0,181.0,156875700.0
2025-05-19 09:00:00+00:00,181.0,182.0,178.0,182.0,238928100.0
2025-05-20 09:00:00+00:00,180.0,182.0,179.0,180.0,122848900.0
2025-05-21 09:00:00+00:00,180.0,185.0,178.0,181.0,209618100.0
2025-05-22 09:00:00+00:00,181.0,185.0,180.0,184.0,156676800.0
2025-05-23 09:00:00+00:00,184.0,186.0,182.0,186.0,8888600.0
2025-05-26 09:00:00+00:00,186.0,186.0,175.0,182.0,163471400.0
2025-05-27 09:00:00+00:00,182.0,184.0,180.0,182.0,157474700.0
2025-05-28 09:00:00+00:00,182.0,183.0,178.0,182.0,197990200.0
2025-06-02 09:00:00+00:00,181.0,182.0,176.0,180.0,110247400.0
2025-06-03 09:00:00+00:00,179.0,182.0,177.0,180.0,170692000.0
2025-06-04 09:00:00+00:00,180.0,183.0,179.0,181.0,135183000.0
2025-06-05 09:00:00+00:00,181.0,182.0,178.0,180.0,210300800.0
2025-06-10 09:00:00+00:00,178.0,185.0,178.0,184.0,226102800.0
2025-06-11 09:00:00+00:00,184.0,185.0,181.0,183.0,134413400.0
2025-06-12 09:00:00+00:00,183.0,183.0,180.0,180.0,192955700.0
2025-06-13 09:00:00+00:00,181.0,182.0,178.0,180.0,179375300.0
2025-06-16 09:00:00+00:00,178.0,185.0,177.0,181.0,339446300.0
2025-06-17 09:00:00+00:00,181.0,186.0,180.0,184.0,96848700.0
2025-06-18 09:00:00+00:00,184.0,184.0,180.0,182.0,170741300.0
2025-06-19 09:00:00+00:00,182.0,182.0,175.0,179.0,20813100.0
2025-06-20 09:00:00+00:00,178.0,179.0,175.0,178.0,115712400.0
2025-06-23 09:00:00+00:00,175.0,177.0,172.0,177.0,15907300.0
2025-06-24 09:00:00+00:00,176.0,177.0,170.0,176.0,104243700.0
2025-06-25 09:00:00+00:00,176.0,177.0,172.0,175.0,246908900.0
2025-06-26 09:00:00+00:00,175.0,177.0,171.0,174.0,242247800.0
2025-06-30 09:00:00+00:00,174.0,178.0,173.0,178.0,158914800.0
2025-07-01 09:00:00+00:00,178.0,179.0,175.0,179.0,134053200.0
2025-07-02 09:00:00+00:00,178.0,180.0,176.0,180.0,93571800.0
2025-07-03 09:00:00+00:00,180.0,182.0,178.0,181.0,133188800.0
2025-07-04 09:00:00+00:00,181.0,182.0,176.0,180.0,62747500.0
2025-07-07 09:00:00+00:00,180.0,180.0,177.0,180.0,2857800.0
2025-07-08 09:00:00+00:00,180.0,180.0,177.0,180.0,87147700.0
2025-07-09 09:00:00+00:00,179.0,180.0,176.0,180.0,148995700.0
2025-07-10 09:00:00+00:00,180.0,183.0,179.0,180.0,172738500.0
2025-07-11 09:00:00+00:00,179.0,180.0,174.0,179.0,137220100.0
2025-07-14 09:00:00+00:00,179.0,180.0,176.0,180.0,113623500.0
2025-07-15 09:00:00+00:00,180.0,183.0,178.0,180.0,159952100.0
2025-07-16 09:00:00+00:00,180.0,182.0,179.0,181.0,109616100.0
2025-07-17 09:00:00+00:00,181.0,184.0,180.0,183.0,133737900.0
2025-07-18 09:00:00+00:00,183.0,184.0,181.0,184.0,115328800.0
2025-07-21 09:00:00+00:00,184.0,189.0,182.0,187.0,30048500.0
2025-07-22 09:00:00+00:00,187.0,188.0,179.0,186.0,23680000.0
2025-07-23 09:00:00+00:00,186.0,187.0,182.0,186.0,98994000.0
2025-07-24 09:00:00+00:00,186.0,187.0,183.0,186.0,143906800.0
2025-07-25 09:00:00+00:00,187.0,197.0,184.0,189.0,156197400.0
2025-07-28 09:00:00+00:00,189.0,191.0,187.0,190.0,83395000.0
2025-07-29 09:00:00+00:00,190.0,191.0,182.0,188.0,129666700.0
2025-07-30 09:00:00+00:00,188.0,188.0,186.0,188.0,71011400.0
2025-07-31 09:00:00+00:00,191.0,193.0,184.0,189.0,184565700.0
2025-08-01 09:00:00+00:00,189.0,190.0,186.0,189.0,188879000.0
2025-08-04 09:00:00+00:00,189.0,192.0,187.0,190.0,130540900.0
2025-08-05 09:00:00+00:00,191.0,193.0,189.0,191.0,116993000.0
2025-08-06 09:00:00+00:00,191.0,218.0,191.0,206.0,535268300.0
2025-08-07 09:00:00+00:00,204.0,206.0,191.0,198.0,283846100.0
2025-08-08 09:00:00+00:00,197.0,200.0,193.0,199.0,137266200.0
2025-08-11 09:00:00+00:00,199.0,206.0,197.0,199.0,204088300.0
2025-08-12 09:00:00+00:00,199.0,206.0,199.0,202.0,117994000.0
2025-08-13 09:00:00+00:00,204.0,206.0,200.0,202.0,138026000.0
2025-08-14 09:00:00+00:00,204.0,204.0,200.0,202.0,77085800.0
2025-08-15 09:00:00+00:00,202.0,204.0,199.0,202.0,74944900.0
2025-08-19 09:00:00+00:00,202.0,210.0,200.0,206.0,283576800.0
2025-08-20 09:00:00+00:00,208.0,216.0,204.0,210.0,203369000.0
2025-08-21 09:00:00+00:00,214.0,236.0,212.0,226.0,447193200.0
2025-08-22 09:00:00+00:00,230.0,232.0,212.0,220.0,329653400.0
2025-08-25 09:00:00+00:00,220.0,230.0,218.0,226.0,202478700.0
2025-08-26 09:00:00+00:00,226.0,228.0,216.0,220.0,137321500.0
2025-08-27 09:00:00+00:00,220.0,220.0,214.0,216.0,39681700.0
2025-08-28 09:00:00+00:00,214.0,214.0,206.0,212.0,255708100.0
2025-08-29 09:00:00+00:00,210.0,212.0,200.0,208.0,71684900.0
2025-09-01 09:00:00+00:00,200.0,206.0,196.0,204.0,25244300.0
2025-09-02 09:00:00+00:00,206.0,214.0,202.0,208.0,302341200.0
2025-09-03 09:00:00+00:00,212.0,212.0,202.0,206.0,191959800.0
2025-09-04 09:00:00+00:00,206.0,206.0,198.0,202.0,268913200.0
2025-09-08 09:00:00+00:00,202.0,206.0,195.0,200.0,41493600.0
2025-09-09 09:00:00+00:00,200.0,200.0,194.0,197.0,29989600.0
2025-09-10 09:00:00+00:00,196.0,198.0,195.0,198.0,13195200.0
2025-09-11 09:00:00+00:00,200.0,200.0,197.0,199.0,141374700.0
2025-09-12 09:00:00+00:00,200.0,200.0,196.0,199.0,105162500.0
2025-09-15 09:00:00+00:00,200.0,200.0,197.0,200.0,149161300.0
2025-09-16 09:00:00+00:00,200.0,200.0,197.0,200.0,133153600.0
2025-09-17 09:00:00+00:00,200.0,200.0,195.0,199.0,134463200.0
2025-09-18 09:00:00+00:00,199.0,200.0,195.0,198.0,155510900.0
2025-09-19 09:00:00+00:00,198.0,198.0,191.0,195.0,111949700.0
2025-09-22 09:00:00+00:00,195.0,195.0,190.0,192.0,82899600.0
2025-09-23 09:00:00+00:00,192.0,194.0,190.0,194.0,135510400.0
2025-09-24 09:00:00+00:00,194.0,196.0,191.0,192.0,89285500.0
2025-09-25 09:00:00+00:00,192.0,193.0,189.0,190.0,75571600.0
2025-09-26 09:00:00+00:00,190.0,190.0,186.0,189.0,172148300.0
2025-09-29 09:00:00+00:00,190.0,191.0,184.0,188.0,161160200.0
2025-09-30 09:00:00+00:00,188.0,189.0,186.0,187.0,118410600.0
2025-10-01 09:00:00+00:00,187.0,188.0,184.0,187.0,146609800.0
2025-10-02 09:00:00+00:00,187.0,189.0,185.0,188.0,126435900.0
2025-10-03 09:00:00+00:00,188.0,188.0,184.0,187.0,25118300.0
2025-10-06 09:00:00+00:00,186.0,186.0,181.0,185.0,42123800.0
2025-10-07 09:00:00+00:00,185.0,186.0,181.0,185.0,33615800.0
2025-10-08 09:00:00+00:00,185.0,185.0,179.0,184.0,90753300.0
2025-10-09 09:00:00+00:00,183.0,184.0,180.0,183.0,134492000.0
2025-10-10 09:00:00+00:00,180.0,183.0,180.0,183.0,145315600.0
2025-10-13 09:00:00+00:00,181.0,182.0,179.0,182.0,51955600.0
2025-10-14 09:00:00+00:00,181.0,182.0,178.0,180.0,167028400.0
2025-10-15 09:00:00+00:00,180.0,181.0,177.0,180.0,28330300.0
2025-10-16 09:00:00+00:00,178.0,181.0,177.0,181.0,17511700.0
2025-10-17 09:00:00+00:00,180.0,181.0,177.0,178.0,127455900.0
2025-10-20 09:00:00+00:00,179.0,181.0,177.0,180.0,71555200.0
2025-10-21 09:00:00+00:00,180.0,181.0,178.0,181.0,14584000.0
2025-10-22 09:00:00+00:00,183.0,184.0,178.0,179.0,43586600.0
2025-10-23 09:00:00+00:00,179.0,180.0,177.0,179.0,70340000.0
2025-10-24 09:00:00+00:00,179.0,183.0,178.0,182.0,75243600.0
2025-10-27 09:00:00+00:00,183.0,189.0,181.0,183.0,44250500.0
2025-10-28 09:00:00+00:00,185.0,186.0,183.0,184.0,32891300.0
2025-10-29 09:00:00+00:00,186.0,186.0,183.0,185.0,15214400.0
2025-10-30 09:00:00+00:00,188.0,194.0,185.0,188.0,184343600.0
2025-10-31 09:00:00+00:00,191.0,193.0,185.0,191.0,167867600.0
2025-11-03 09:00:00+00:00,193.0,194.0,190.0,192.0,51930700.0
2025-11-04 09:00:00+00:00,192.0,193.0,189.0,192.0,26332400.0
2025-11-05 09:00:00+00:00,192.0,192.0,190.0,192.0,11701800.0
2025-11-06 09:00:00+00:00,192.0,192.0,191.0,191.0,15729800.0
2025-11-07 09:00:00+00:00,191.0,191.0,189.0,191.0,11792100.0
2025-11-10 09:00:00+00:00,190.0,192.0,189.0,190.0,21138400.0
2025-11-11 09:00:00+00:00,190.0,190.0,185.0,188.0,27733500.0
2025-11-12 09:00:00+00:00,186.0,188.0,184.0,187.0,29492300.0
2025-11-13 09:00:00+00:00,185.0,188.0,184.0,186.0,44664600.0
2025-11-14 09:00:00+00:00,186.0,188.0,184.0,188.0,11090600.0
2025-11-17 09:00:00+00:00,188.0,189.0,185.0,188.0,23891200.0
2025-11-18 09:00:00+00:00,188.0,188.0,186.0,186.0,17602300.0
2025-11-19 09:00:00+00:00,186.0,186.0,183.0,185.0,22564300.0
2025-11-20 09:00:00+00:00,185.0,185.0,182.0,184.0,14273500.0
2025-11-21 09:00:00+00:00,183.0,184.0,181.0,183.0,14838500.0
2025-11-24 09:00:00+00:00,183.0,185.0,182.0,185.0,8422400.0
2025-11-25 09:00:00+00:00,185.0,185.0,182.0,183.0,18661700.0
2025-11-26 09:00:00+00:00,183.0,183.0,179.0,181.0,25805100.0
2025-11-27 09:00:00+00:00,181.0,182.0,179.0,181.0,11817300.0
2025-11-28 09:00:00+00:00,181.0,182.0,179.0,180.0,5795000.0
2025-12-01 09:00:00+00:00,180.0,181.0,175.0,178.0,22742400.0
2025-12-02 09:00:00+00:00,178.0,179.0,176.0,179.0,10562500.0
2025-12-03 09:00:00+00:00,179.0,180.0,175.0,175.0,37148300.0
2025-12-04 09:00:00+00:00,175.0,175.0,167.0,173.0,83558800.0
2025-12-05 09:00:00+00:00,171.0,172.0,169.0,172.0,19323000.0
2025-12-08 09:00:00+00:00,171.0,172.0,170.0,171.0,23255400.0
2025-12-09 09:00:00+00:00,171.0,202.0,170.0,183.0,570473000.0
2025-12-10 09:00:00+00:00,186.0,194.0,183.0,186.0,240409600.0
2025-12-11 09:00:00+00:00,190.0,228.0,188.0,212.0,1159999100.0
2025-12-12 09:00:00+00:00,226.0,256.0,206.0,250.0,1199823100.0
2025-12-15 09:00:00+00:00,252.0,262.0,214.0,220.0,872917400.0
2025-12-16 09:00:00+00:00,220.0,234.0,200.0,228.0,204567900.0
2025-12-17 09:00:00+00:00,230.0,236.0,220.0,226.0,154682500.0
2025-12-18 09:00:00+00:00,226.0,228.0,218.0,224.0,130475800.0
2025-12-19 09:00:00+00:00,228.0,228.0,216.0,222.0,68720400.0
2025-12-22 09:00:00+00:00,222.0,224.0,210.0,218.0,106596600.0
2025-12-23 09:00:00+00:00,218.0,218.0,200.0,200.0,182844900.0
2025-12-24 09:00:00+00:00,202.0,204.0,194.0,198.0,113760400.0
2025-12-29 09:00:00+00:00,200.0,206.0,186.0,204.0,69776500.0
2025-12-30 09:00:00+00:00,204.0,210.0,198.0,210.0,58428500.0
2026-01-02 09:00:00+00:00,210.0,210.0,200.0,208.0,67281800.0
2026-01-05 09:00:00+00:00,210.0,216.0,202.0,210.0,111740500.0
2026-01-06 09:00:00+00:00,216.0,258.0,212.0,240.0,789756700.0
2026-01-07 09:00:00+00:00,252.0,262.0,230.0,250.0,966926100.0
2026-01-08 09:00:00+00:00,258.0,312.0,252.0,312.0,1374420600.0
2026-01-09 09:00:00+00:00,320.0,364.0,306.0,354.0,1617870800.0
2026-01-12 09:00:00+00:00,348.0,348.0,310.0,332.0,650153800.0
2026-01-13 09:00:00+00:00,340.0,346.0,294.0,308.0,438367000.0
2026-01-14 09:00:00+00:00,310.0,322.0,292.0,312.0,452274800.0
2026-01-15 09:00:00+00:00,314.0,328.0,302.0,308.0,420153200.0
2026-01-19 09:00:00+00:00,308.0,308.0,290.0,300.0,223518000.0
2026-01-20 09:00:00+00:00,298.0,304.0,272.0,280.0,396161600.0
2026-01-21 09:00:00+00:00,280.0,296.0,264.0,276.0,656149300.0
2026-01-22 09:00:00+00:00,280.0,298.0,264.0,280.0,733954900.0
2026-01-23 09:00:00+00:00,282.0,286.0,268.0,282.0,234365100.0
2026-01-26 09:00:00+00:00,282.0,288.0,272.0,278.0,212736300.0
2026-01-27 09:00:00+00:00,276.0,284.0,270.0,280.0,145083400.0
2026-01-28 09:00:00+00:00,238.0,260.0,238.0,258.0,638473800.0
2026-01-29 09:00:00+00:00,238.0,250.0,220.0,224.0,575974400.0
2026-01-30 09:00:00+00:00,230.0,240.0,220.0,228.0,164280300.0
2026-02-02 09:00:00+00:00,232.0,232.0,194.0,197.0,302434400.0
2026-02-03 09:00:00+00:00,200.0,214.0,181.0,214.0,227777700.0
2026-02-04 09:00:00+00:00,214.0,218.0,204.0,210.0,153879300.0
2026-02-05 09:00:00+00:00,212.0,228.0,210.0,216.0,130194100.0
2026-02-06 09:00:00+00:00,206.0,210.0,195.0,199.0,162145700.0
2026-02-09 09:00:00+00:00,202.0,208.0,193.0,208.0,130976200.0
2026-02-10 09:00:00+00:00,210.0,218.0,206.0,216.0,125401800.0
2026-02-11 09:00:00+00:00,218.0,234.0,218.0,228.0,282300500.0
2026-02-12 09:00:00+00:00,228.0,232.0,222.0,226.0,114105300.0
2026-02-13 09:00:00+00:00,224.0,230.0,220.0,224.0,117151800.0
2026-02-18 09:00:00+00:00,226.0,240.0,222.0,228.0,191048600.0
2026-02-19 09:00:00+00:00,230.0,236.0,226.0,230.0,134337100.0
2026-02-20 09:00:00+00:00,230.0,232.0,220.0,228.0,105198300.0
2026-02-23 09:00:00+00:00,230.0,230.0,224.0,228.0,53187000.0
2026-02-24 09:00:00+00:00,228.0,228.0,214.0,220.0,99202500.0
2026-02-25 09:00:00+00:00,222.0,222.0,212.0,218.0,78654500.0
2026-02-26 09:00:00+00:00,218.0,218.0,206.0,210.0,85980500.0
2026-02-27 09:00:00+00:00,208.0,214.0,202.0,206.0,112360800.0
2026-03-02 09:00:00+00:00,200.0,204.0,193.0,200.0,106622000.0
2026-03-03 09:00:00+00:00,199.0,202.0,196.0,200.0,65238500.0
2026-03-04 09:00:00+00:00,199.0,199.0,181.0,185.0,104688800.0
2026-03-05 09:00:00+00:00,185.0,192.0,174.0,174.0,212939800.0
2026-03-06 09:00:00+00:00,174.0,204.0,165.0,183.0,521661200.0
2026-03-09 09:00:00+00:00,170.0,177.0,160.0,170.0,178677800.0
2026-03-10 09:00:00+00:00,173.0,178.0,167.0,175.0,111146400.0
2026-03-11 09:00:00+00:00,175.0,183.0,173.0,179.0,145707000.0
2026-03-12 09:00:00+00:00,179.0,180.0,173.0,175.0,63509500.0
2026-03-13 09:00:00+00:00,174.0,174.0,165.0,170.0,86692000.0
2026-03-16 09:00:00+00:00,169.0,173.0,167.0,172.0,33112600.0
2026-03-17 09:00:00+00:00,174.0,183.0,173.0,180.0,91420500.0
2026-03-25 09:00:00+00:00,180.0,182.0,177.0,180.0,64558900.0
2026-03-26 09:00:00+00:00,180.0,181.0,175.0,178.0,76632700.0
2026-03-27 09:00:00+00:00,178.0,180.0,175.0,179.0,26046000.0
2026-03-30 09:00:00+00:00,175.0,178.0,172.0,175.0,38633500.0
2026-03-31 09:00:00+00:00,177.0,177.0,172.0,174.0,45774800.0
2026-04-01 09:00:00+00:00,180.0,180.0,175.0,180.0,65524400.0
2026-04-02 09:00:00+00:00,176.0,178.0,174.0,174.0,42073700.0
2026-04-06 09:00:00+00:00,174.0,176.0,168.0,176.0,18029800.0
2026-04-07 09:00:00+00:00,176.0,178.0,174.0,176.0,22625000.0
2026-04-08 09:00:00+00:00,179.0,185.0,177.0,181.0,115084900.0
2026-04-09 09:00:00+00:00,180.0,181.0,177.0,180.0,55633700.0
2026-04-10 09:00:00+00:00,180.0,183.0,180.0,183.0,75569800.0
2026-04-13 09:00:00+00:00,180.0,196.0,179.0,186.0,282070700.0
2026-04-14 09:00:00+00:00,188.0,188.0,174.0,184.0,290079900.0
2026-04-15 09:00:00+00:00,186.0,193.0,185.0,188.0,174969900.0
2026-04-16 09:00:00+00:00,189.0,192.0,185.0,187.0,69559000.0
2026-04-17 09:00:00+00:00,187.0,194.0,184.0,189.0,149505600.0
2026-04-20 09:00:00+00:00,190.0,193.0,188.0,189.0,82031800.0
2026-04-21 09:00:00+00:00,188.0,192.0,187.0,191.0,59207100.0
2026-04-22 09:00:00+00:00,192.0,220.0,191.0,202.0,706301000.0
2026-04-23 09:00:00+00:00,200.0,202.0,187.0,189.0,261624800.0
2026-04-24 09:00:00+00:00,192.0,192.0,182.0,185.0,116444400.0
2026-04-27 09:00:00+00:00,185.0,190.0,183.0,185.0,52815800.0
2026-04-28 09:00:00+00:00,185.0,189.0,182.0,186.0,75047000.0
2026-04-29 09:00:00+00:00,188.0,190.0,184.0,187.0,82168600.0
2026-04-30 09:00:00+00:00,188.0,189.0,177.0,180.0,79486200.0
2026-05-04 09:00:00+00:00,181.0,183.0,177.0,179.0,48174100.0
2026-05-05 09:00:00+00:00,180.0,180.0,176.0,178.0,37507300.0
2026-05-06 09:00:00+00:00,180.0,182.0,177.0,180.0,53472300.0
2026-05-07 09:00:00+00:00,181.0,184.0,180.0,183.0,76530400.0
2026-05-08 09:00:00+00:00,183.0,183.0,177.0,180.0,50751000.0
2026-05-11 09:00:00+00:00,180.0,181.0,172.0,175.0,68820700.0
2026-05-12 09:00:00+00:00,175.0,176.0,171.0,174.0,46347200.0
2026-05-13 09:00:00+00:00,174.0,174.0,170.0,174.0,53488500.0
2026-05-14 09:00:00+00:00,174.0,174.0,174.0,174.0,0.0
2026-05-15 09:00:00+00:00,174.0,174.0,174.0,174.0,0.0
2026-05-18 09:00:00+00:00,174.0,174.0,165.0,170.0,64138600.0
2026-05-19 09:00:00+00:00,172.0,172.0,159.0,163.0,92184800.0
2026-05-20 09:00:00+00:00,162.0,164.0,152.0,157.0,101041200.0
2026-05-21 09:00:00+00:00,159.0,159.0,134.0,134.0,142444100.0
2026-05-22 09:00:00+00:00,133.0,133.0,119.0,121.0,313114900.0
2026-05-25 09:00:00+00:00,126.0,133.0,121.0,124.0,235579800.0
2026-05-26 09:00:00+00:00,124.0,125.0,121.0,122.0,57212400.0
2026-05-27 09:00:00+00:00,122.0,122.0,122.0,122.0,0.0
2026-05-28 09:00:00+00:00,122.0,122.0,122.0,122.0,0.0
2026-05-29 09:00:00+00:00,122.0,125.0,118.0,124.0,64650500.0
2026-06-02 09:00:00+00:00,125.0,125.0,120.0,122.0,36151700.0
2026-06-03 09:00:00+00:00,123.0,123.0,112.0,119.0,110810300.0
2026-06-04 09:00:00+00:00,119.0,120.0,108.0,118.0,75729700.0
2026-06-05 09:00:00+00:00,117.0,119.0,112.0,116.0,48307300.0
2026-06-08 09:00:00+00:00,113.0,114.0,107.0,111.0,78509100.0
2026-06-09 09:00:00+00:00,111.0,115.0,105.0,114.0,175913300.0
2026-06-10 09:00:00+00:00,115.0,116.0,111.0,116.0,94932000.0
2026-06-11 09:00:00+00:00,117.0,117.0,110.0,114.0,68222500.0
2026-06-12 09:00:00+00:00,115.0,117.0,114.0,116.0,74925800.0
2026-06-15 09:00:00+00:00,118.0,126.0,118.0,123.0,111967900.0
2026-06-17 09:00:00+00:00,123.0,125.0,119.0,122.0,49220900.0
2026-06-18 09:00:00+00:00,123.0,123.0,117.0,122.0,40682500.0
2026-06-19 09:00:00+00:00,122.0,125.0,119.0,121.0,45203300.0
2026-06-22 09:00:00+00:00,121.0,122.0,116.0,120.0,32252200.0
2026-06-23 09:00:00+00:00,121.0,123.0,117.0,121.0,43515900.0
2026-06-24 09:00:00+00:00,122.0,122.0,114.0,115.0,52721000.0
2026-06-25 09:00:00+00:00,115.0,119.0,113.0,119.0,23496400.0
2026-06-26 09:00:00+00:00,120.0,120.0,114.0,116.0,40732800.0
2026-06-29 09:00:00+00:00,116.0,116.0,114.0,116.0,20118900.0
2026-06-30 09:00:00+00:00,117.0,117.0,111.0,112.0,42952000.0
2026-07-01 09:00:00+00:00,113.0,117.0,110.0,116.0,36117600.0
2026-07-02 09:00:00+00:00,116.0,119.0,115.0,118.0,41138300.0
2026-07-03 09:00:00+00:00,119.0,119.0,116.0,118.0,17843800.0
2026-07-06 09:00:00+00:00,119.0,120.0,117.0,119.0,9112300.0
2026-07-07 09:00:00+00:00,121.0,146.0,120.0,135.0,463498200.0
2026-07-08 09:00:00+00:00,132.0,133.0,125.0,126.0,130045200.0
2026-07-09 09:00:00+00:00,126.0,127.0,122.0,125.0,48201200.0
2026-07-10 09:00:00+00:00,128.0,130.0,125.0,127.0,35841300.0
2026-07-13 09:00:00+00:00,128.0,128.0,120.0,125.0,82538700.0
2026-07-14 09:00:00+00:00,126.0,127.0,124.0,127.0,62929100.0
2026-07-15 09:00:00+00:00,128.0,134.0,125.0,131.0,171821600.0
2026-07-16 09:00:00+00:00,132.0,144.0,131.0,140.0,320664500.0
2026-07-17 09:00:00+00:00,140.0,140.0,133.0,135.0,134989500.0
2026-07-20 09:00:00+00:00,135.0,139.0,135.0,137.0,61097000.0
2026-07-21 09:00:00+00:00,137.0,139.0,136.0,136.0,69083500.0
2026-07-22 09:00:00+00:00,137.0,139.0,134.0,136.0,70558100.0
2026-07-23 09:00:00+00:00,137.0,141.0,135.0,135.0,139866800.0
2026-07-24 09:00:00+00:00,134.0,135.0,127.0,129.0,97159000.0
2026-07-27 09:00:00+00:00,128.0,129.0,126.0,127.0,30543600.0
2026-07-28 09:00:00+00:00,129.0,129.0,123.0,125.0,36275300.0
2026-07-29 09:00:00+00:00,125.0,126.0,120.0,124.0,49537300.0
2026-07-30 09:00:00+00:00,125.0,126.0,124.0,125.0,22194000.0
2026-07-31 09:00:00+00:00,127.0,131.0,127.0,130.0,51237400.0
2026-08-03 09:00:00+00:00,127.0,127.0,121.0,123.0,102124800.0
2026-08-04 09:00:00+00:00,124.0,124.0,121.0,123.0,30344100.0
2026-08-05 09:00:00+00:00,124.0,126.0,122.0,124.0,60840300.0
2026-08-06 09:00:00+00:00,124.0,125.0,122.0,124.0,48162600.0
2026-08-07 09:00:00+00:00,125.0,126.0,123.0,124.0,50073900.0
2026-08-10 09:00:00+00:00,125.0,133.0,124.0,133.0,191774500.0
2026-08-11 09:00:00+00:00,134.0,135.0,124.0,125.0,132599300.0
2026-08-12 09:00:00+00:00,127.0,127.0,123.0,125.0,82188300.0
2026-08-13 09:00:00+00:00,125.0,126.0,122.0,124.0,64440600.0
2026-08-14 09:00:00+00:00,124.0,124.0,119.0,123.0,117180400.0
2026-08-18 09:00:00+00:00,123.0,166.0,123.0,166.0,1133528600.0
2026-08-19 09:00:00+00:00,168.0,202.0,163.0,165.0,2631879100.0
2026-08-20 09:00:00+00:00,167.0,214.0,165.0,206.0,2514070100.0
2026-08-21 09:00:00+00:00,206.0,220.0,197.0,200.0,1673195400.0
2026-08-24 09:00:00+00:00,204.0,222.0,202.0,206.0,1328923700.0
2026-08-25 09:00:00+00:00,206.0,206.0,206.0,206.0,0.0
2026-08-26 09:00:00+00:00,210.0,212.0,183.0,183.0,906076200.0
2026-08-27 09:00:00+00:00,182.0,220.0,181.0,218.0,2164497500.0
2026-08-28 09:00:00+00:00,218.0,228.0,206.0,210.0,1446477600.0
2026-08-31 09:00:00+00:00,214.0,224.0,208.0,216.0,752607800.0
2026-09-01 09:00:00+00:00,218.0,220.0,202.0,208.0,446114300.0
2026-09-02 09:00:00+00:00,210.0,214.0,202.0,208.0,306992500.0
2026-09-03 09:00:00+00:00,210.0,214.0,198.0,200.0,384425300.0
2026-09-04 09:00:00+00:00,200.0,204.0,196.0,196.0,227238100.0
2026-09-07 09:00:00+00:00,200.0,210.0,198.0,204.0,385684900.0
2026-09-08 09:00:00+00:00,204.0,216.0,202.0,204.0,373854100.0
2026-09-09 09:00:00+00:00,204.0,210.0,199.0,199.0,209281000.0
2026-09-10 09:00:00+00:00,199.0,204.0,188.0,190.0,372633400.0
2026-09-11 09:00:00+00:00,187.0,204.0,184.0,197.0,426414200.0
2026-09-14 09:00:00+00:00,198.0,199.0,187.0,192.0,221530400.0
2026-09-15 09:00:00+00:00,192.0,194.0,185.0,185.0,116675800.0
2026-09-16 09:00:00+00:00,185.0,188.0,170.0,176.0,297578900.0
2026-09-17 09:00:00+00:00,175.0,188.0,174.0,181.0,320577300.0
2026-09-18 09:00:00+00:00,183.0,192.0,180.0,180.0,365021900.0
2026-09-21 09:00:00+00:00,182.0,183.0,175.0,176.0,159756100.0
