ts,open,high,low,close,volume
2018-09-10 09:00:00+00:00,660.0,664.0,652.0,652.0,49091500.0
2018-09-11 09:00:00+00:00,652.0,652.0,652.0,652.0,0.0
2018-09-12 09:00:00+00:00,652.0,704.0,652.0,698.0,107569500.0
2018-09-13 09:00:00+00:00,706.0,710.0,694.0,698.0,99721500.0
2018-09-14 09:00:00+00:00,698.0,720.0,688.0,720.0,58560000.0
2018-09-17 09:00:00+00:00,722.0,736.0,714.0,716.0,102423000.0
2018-09-18 09:00:00+00:00,714.0,722.0,702.0,710.0,45484500.0
2018-09-19 09:00:00+00:00,712.0,716.0,690.0,698.0,46996500.0
2018-09-20 09:00:00+00:00,702.0,722.0,700.0,714.0,52751500.0
2018-09-21 09:00:00+00:00,720.0,740.0,718.0,718.0,76394500.0
2018-09-24 09:00:00+00:00,720.0,724.0,706.0,708.0,29890000.0
2018-09-25 09:00:00+00:00,708.0,718.0,708.0,716.0,23448500.0
2018-09-26 09:00:00+00:00,716.0,732.0,716.0,718.0,42178000.0
2018-09-27 09:00:00+00:00,718.0,730.0,718.0,728.0,38488000.0
2018-09-28 09:00:00+00:00,728.0,734.0,722.0,734.0,52747000.0
2018-10-01 09:00:00+00:00,732.0,798.0,730.0,792.0,201111500.0
2018-10-02 09:00:00+00:00,792.0,816.0,786.0,814.0,122245500.0
2018-10-03 09:00:00+00:00,814.0,826.0,808.0,812.0,64715500.0
2018-10-04 09:00:00+00:00,806.0,806.0,770.0,778.0,36746500.0
2018-10-05 09:00:00+00:00,760.0,772.0,760.0,760.0,38042000.0
2018-10-08 09:00:00+00:00,762.0,772.0,758.0,760.0,48701500.0
2018-10-09 09:00:00+00:00,760.0,776.0,760.0,764.0,59414500.0
2018-10-10 09:00:00+00:00,768.0,778.0,768.0,776.0,35450500.0
2018-10-11 09:00:00+00:00,760.0,766.0,748.0,760.0,52110000.0
2018-10-12 09:00:00+00:00,760.0,764.0,746.0,748.0,52220000.0
2018-10-15 09:00:00+00:00,750.0,754.0,700.0,700.0,71156500.0
2018-10-16 09:00:00+00:00,700.0,710.0,692.0,708.0,49059500.0
2018-10-17 09:00:00+00:00,712.0,730.0,712.0,720.0,44311500.0
2018-10-18 09:00:00+00:00,718.0,728.0,710.0,724.0,34823500.0
2018-10-19 09:00:00+00:00,724.0,740.0,718.0,728.0,68927000.0
2018-10-22 09:00:00+00:00,732.0,740.0,720.0,730.0,35438000.0
2018-10-23 09:00:00+00:00,726.0,734.0,720.0,720.0,21768500.0
2018-10-24 09:00:00+00:00,722.0,726.0,706.0,706.0,30981000.0
2018-10-25 09:00:00+00:00,698.0,720.0,694.0,716.0,32853500.0
2018-10-26 09:00:00+00:00,716.0,736.0,716.0,728.0,39183500.0
2018-10-29 09:00:00+00:00,728.0,734.0,704.0,704.0,30693500.0
2018-10-30 09:00:00+00:00,702.0,704.0,686.0,686.0,54306500.0
2018-10-31 09:00:00+00:00,692.0,698.0,682.0,692.0,42777000.0
2018-11-01 09:00:00+00:00,694.0,702.0,690.0,700.0,38592500.0
2018-11-02 09:00:00+00:00,700.0,708.0,696.0,704.0,27854500.0
2018-11-05 09:00:00+00:00,700.0,708.0,696.0,706.0,26695500.0
2018-11-06 09:00:00+00:00,706.0,710.0,692.0,692.0,32135500.0
2018-11-07 09:00:00+00:00,696.0,700.0,686.0,690.0,39878500.0
2018-11-08 09:00:00+00:00,692.0,696.0,686.0,688.0,56709000.0
2018-11-09 09:00:00+00:00,688.0,688.0,672.0,686.0,44355500.0
2018-11-12 09:00:00+00:00,680.0,686.0,668.0,668.0,39341500.0
2018-11-13 09:00:00+00:00,668.0,680.0,658.0,680.0,36004000.0
2018-11-14 09:00:00+00:00,680.0,704.0,670.0,702.0,78164000.0
2018-11-15 09:00:00+00:00,702.0,736.0,702.0,730.0,51396000.0
2018-11-16 09:00:00+00:00,734.0,758.0,734.0,752.0,42000000.0
2018-11-19 09:00:00+00:00,754.0,754.0,728.0,752.0,18877500.0
2018-11-20 09:00:00+00:00,752.0,752.0,752.0,752.0,0.0
2018-11-21 09:00:00+00:00,736.0,768.0,734.0,760.0,48982500.0
2018-11-22 09:00:00+00:00,760.0,814.0,760.0,798.0,73978000.0
2018-11-23 09:00:00+00:00,798.0,812.0,784.0,796.0,17659500.0
2018-11-26 09:00:00+00:00,800.0,810.0,782.0,786.0,21605000.0
2018-11-27 09:00:00+00:00,788.0,794.0,768.0,780.0,19300500.0
2018-11-28 09:00:00+00:00,780.0,784.0,764.0,780.0,11757000.0
2018-11-29 09:00:00+00:00,784.0,796.0,772.0,794.0,25832500.0
2018-11-30 09:00:00+00:00,796.0,796.0,780.0,780.0,26527000.0
2018-12-03 09:00:00+00:00,786.0,790.0,770.0,774.0,15411500.0
2018-12-04 09:00:00+00:00,770.0,796.0,756.0,770.0,32441500.0
2018-12-05 09:00:00+00:00,760.0,764.0,756.0,758.0,17379500.0
2018-12-06 09:00:00+00:00,756.0,770.0,756.0,770.0,32364000.0
2018-12-07 09:00:00+00:00,772.0,796.0,772.0,792.0,29383500.0
2018-12-10 09:00:00+00:00,794.0,808.0,780.0,794.0,30110000.0
2018-12-11 09:00:00+00:00,798.0,856.0,794.0,852.0,71972500.0
2018-12-12 09:00:00+00:00,858.0,870.0,846.0,856.0,45689500.0
2018-12-13 09:00:00+00:00,854.0,880.0,854.0,870.0,53328500.0
2018-12-14 09:00:00+00:00,870.0,884.0,860.0,878.0,78159500.0
2018-12-17 09:00:00+00:00,884.0,886.0,840.0,840.0,35798000.0
2018-12-18 09:00:00+00:00,840.0,840.0,818.0,824.0,20962000.0
2018-12-19 09:00:00+00:00,832.0,882.0,832.0,878.0,53767500.0
2018-12-20 09:00:00+00:00,878.0,886.0,866.0,870.0,46490000.0
2018-12-21 09:00:00+00:00,860.0,886.0,852.0,866.0,21473000.0
2018-12-24 09:00:00+00:00,866.0,866.0,866.0,866.0,0.0
2018-12-25 09:00:00+00:00,866.0,866.0,866.0,866.0,0.0
2018-12-26 09:00:00+00:00,866.0,866.0,842.0,856.0,32886500.0
2018-12-27 09:00:00+00:00,860.0,872.0,856.0,870.0,10369500.0
2018-12-28 09:00:00+00:00,876.0,878.0,858.0,858.0,10679500.0
2018-12-31 09:00:00+00:00,858.0,858.0,858.0,858.0,0.0
2019-01-01 09:00:00+00:00,858.0,858.0,858.0,858.0,0.0
2019-01-02 09:00:00+00:00,860.0,866.0,832.0,848.0,21579500.0
2019-01-03 09:00:00+00:00,860.0,866.0,848.0,852.0,30544500.0
2019-01-04 09:00:00+00:00,852.0,874.0,850.0,870.0,41458000.0
2019-01-07 09:00:00+00:00,880.0,930.0,880.0,930.0,38292500.0
2019-01-08 09:00:00+00:00,932.0,938.0,924.0,928.0,39641000.0
2019-01-09 09:00:00+00:00,936.0,936.0,910.0,910.0,21825000.0
2019-01-10 09:00:00+00:00,910.0,916.0,900.0,906.0,59425000.0
2019-01-11 09:00:00+00:00,906.0,914.0,900.0,900.0,38346500.0
2019-01-14 09:00:00+00:00,900.0,904.0,878.0,886.0,36788500.0
2019-01-15 09:00:00+00:00,888.0,898.0,888.0,890.0,65142000.0
2019-01-16 09:00:00+00:00,892.0,908.0,892.0,906.0,46075000.0
2019-01-17 09:00:00+00:00,910.0,914.0,892.0,896.0,37965500.0
2019-01-18 09:00:00+00:00,902.0,950.0,896.0,950.0,61661500.0
2019-01-21 09:00:00+00:00,956.0,960.0,916.0,918.0,29721000.0
2019-01-22 09:00:00+00:00,918.0,920.0,890.0,896.0,26714500.0
2019-01-23 09:00:00+00:00,894.0,904.0,890.0,898.0,37286000.0
2019-01-24 09:00:00+00:00,904.0,954.0,902.0,938.0,46689500.0
2019-01-25 09:00:00+00:00,946.0,986.0,946.0,980.0,48322500.0
2019-01-28 09:00:00+00:00,982.0,1020.0,982.0,1020.0,60902000.0
2019-01-29 09:00:00+00:00,1020.0,1030.0,998.0,1020.0,43067000.0
2019-01-30 09:00:00+00:00,1020.0,1035.0,1000.0,1010.0,42006000.0
2019-01-31 09:00:00+00:00,1015.0,1060.0,1015.0,1050.0,35673500.0
2019-02-01 09:00:00+00:00,1055.0,1120.0,1055.0,1085.0,55754000.0
2019-02-04 09:00:00+00:00,1085.0,1105.0,1055.0,1080.0,34075500.0
2019-02-05 09:00:00+00:00,1080.0,1080.0,1080.0,1080.0,0.0
2019-02-06 09:00:00+00:00,1090.0,1120.0,1085.0,1110.0,20902000.0
2019-02-07 09:00:00+00:00,1110.0,1110.0,1070.0,1075.0,31983000.0
2019-02-08 09:00:00+00:00,1075.0,1085.0,1060.0,1070.0,18147000.0
2019-02-11 09:00:00+00:00,1070.0,1095.0,1070.0,1070.0,26916000.0
2019-02-12 09:00:00+00:00,1075.0,1085.0,1030.0,1070.0,25815000.0
2019-02-13 09:00:00+00:00,1080.0,1100.0,1055.0,1090.0,26044500.0
2019-02-14 09:00:00+00:00,1090.0,1170.0,1090.0,1155.0,43670000.0
2019-02-15 09:00:00+00:00,1160.0,1170.0,1105.0,1145.0,29385000.0
2019-02-18 09:00:00+00:00,1150.0,1160.0,1105.0,1135.0,26835500.0
2019-02-19 09:00:00+00:00,1140.0,1145.0,1105.0,1110.0,26617000.0
2019-02-20 09:00:00+00:00,1125.0,1165.0,1120.0,1145.0,41822000.0
2019-02-21 09:00:00+00:00,1160.0,1175.0,1115.0,1150.0,55910000.0
2019-02-22 09:00:00+00:00,1150.0,1160.0,1140.0,1150.0,41083000.0
2019-02-25 09:00:00+00:00,1160.0,1160.0,1135.0,1135.0,25202000.0
2019-02-26 09:00:00+00:00,1135.0,1150.0,1035.0,1095.0,28052500.0
2019-02-27 09:00:00+00:00,1100.0,1115.0,1050.0,1070.0,35516000.0
2019-02-28 09:00:00+00:00,1075.0,1135.0,1075.0,1110.0,33794500.0
2019-03-01 09:00:00+00:00,1125.0,1130.0,1100.0,1110.0,19563000.0
2019-03-04 09:00:00+00:00,1105.0,1115.0,1065.0,1100.0,21478500.0
2019-03-05 09:00:00+00:00,1090.0,1100.0,1075.0,1090.0,16153000.0
2019-03-06 09:00:00+00:00,1095.0,1105.0,1080.0,1100.0,27387500.0
2019-03-07 09:00:00+00:00,1100.0,1100.0,1100.0,1100.0,0.0
2019-03-08 09:00:00+00:00,1110.0,1110.0,1035.0,1055.0,28602000.0
2019-03-11 09:00:00+00:00,1035.0,1055.0,1010.0,1025.0,39800500.0
2019-03-12 09:00:00+00:00,1025.0,1100.0,1020.0,1070.0,34283000.0
2019-03-13 09:00:00+00:00,1060.0,1095.0,1045.0,1065.0,22309000.0
2019-03-14 09:00:00+00:00,1085.0,1095.0,1060.0,1070.0,26620500.0
2019-03-15 09:00:00+00:00,1060.0,1085.0,1045.0,1070.0,26339500.0
2019-03-18 09:00:00+00:00,1100.0,1110.0,1050.0,1060.0,19878500.0
2019-03-19 09:00:00+00:00,1060.0,1060.0,974.0,978.0,61979000.0
2019-03-20 09:00:00+00:00,968.0,982.0,930.0,942.0,48282500.0
2019-03-21 09:00:00+00:00,950.0,956.0,934.0,938.0,32696500.0
2019-03-22 09:00:00+00:00,942.0,948.0,918.0,920.0,26930500.0
2019-03-25 09:00:00+00:00,922.0,922.0,892.0,896.0,42638500.0
2019-03-26 09:00:00+00:00,904.0,970.0,896.0,968.0,58730000.0
2019-03-27 09:00:00+00:00,964.0,972.0,942.0,958.0,42845500.0
2019-03-28 09:00:00+00:00,964.0,966.0,952.0,956.0,28822500.0
2019-03-29 09:00:00+00:00,960.0,964.0,940.0,946.0,21982500.0
2019-04-01 09:00:00+00:00,954.0,956.0,938.0,952.0,16028000.0
2019-04-02 09:00:00+00:00,952.0,966.0,950.0,954.0,18193500.0
2019-04-03 09:00:00+00:00,954.0,954.0,954.0,954.0,0.0
2019-04-04 09:00:00+00:00,954.0,960.0,950.0,954.0,18169500.0
2019-04-05 09:00:00+00:00,950.0,954.0,940.0,946.0,14586500.0
2019-04-08 09:00:00+00:00,954.0,954.0,932.0,944.0,26139000.0
2019-04-09 09:00:00+00:00,944.0,958.0,944.0,950.0,18048500.0
2019-04-10 09:00:00+00:00,944.0,970.0,944.0,966.0,23679500.0
2019-04-11 09:00:00+00:00,974.0,990.0,974.0,978.0,28561500.0
2019-04-12 09:00:00+00:00,972.0,980.0,942.0,950.0,24614000.0
2019-04-15 09:00:00+00:00,956.0,956.0,932.0,940.0,22298500.0
2019-04-16 09:00:00+00:00,940.0,942.0,920.0,922.0,23593000.0
2019-04-17 09:00:00+00:00,922.0,922.0,922.0,922.0,0.0
2019-04-18 09:00:00+00:00,930.0,966.0,930.0,950.0,32213500.0
2019-04-19 09:00:00+00:00,950.0,950.0,950.0,950.0,0.0
2019-04-22 09:00:00+00:00,954.0,962.0,950.0,956.0,26141000.0
2019-04-23 09:00:00+00:00,954.0,958.0,944.0,948.0,22736000.0
2019-04-24 09:00:00+00:00,946.0,950.0,942.0,946.0,14096000.0
2019-04-25 09:00:00+00:00,940.0,944.0,912.0,918.0,27643500.0
2019-04-26 09:00:00+00:00,912.0,912.0,894.0,896.0,31590500.0
2019-04-29 09:00:00+00:00,894.0,910.0,888.0,910.0,29466500.0
2019-04-30 09:00:00+00:00,900.0,906.0,878.0,890.0,23914500.0
2019-05-01 09:00:00+00:00,890.0,890.0,890.0,890.0,0.0
2019-05-02 09:00:00+00:00,888.0,890.0,812.0,830.0,69558500.0
2019-05-03 09:00:00+00:00,824.0,832.0,814.0,826.0,38000500.0
2019-05-06 09:00:00+00:00,814.0,856.0,808.0,854.0,38881000.0
2019-05-07 09:00:00+00:00,854.0,862.0,842.0,858.0,40132500.0
2019-05-08 09:00:00+00:00,856.0,856.0,838.0,846.0,23417500.0
2019-05-09 09:00:00+00:00,846.0,858.0,840.0,850.0,26675000.0
2019-05-10 09:00:00+00:00,846.0,846.0,822.0,830.0,22452000.0
2019-05-13 09:00:00+00:00,830.0,830.0,810.0,810.0,24782500.0
2019-05-14 09:00:00+00:00,800.0,804.0,782.0,800.0,14440000.0
2019-05-15 09:00:00+00:00,806.0,806.0,790.0,798.0,17834000.0
2019-05-16 09:00:00+00:00,794.0,798.0,782.0,792.0,22633000.0
2019-05-17 09:00:00+00:00,790.0,804.0,776.0,780.0,14085000.0
2019-05-20 09:00:00+00:00,788.0,788.0,762.0,764.0,28405500.0
2019-05-21 09:00:00+00:00,774.0,804.0,764.0,798.0,45099000.0
2019-05-22 09:00:00+00:00,800.0,818.0,794.0,814.0,32851500.0
2019-05-23 09:00:00+00:00,814.0,834.0,800.0,800.0,51171000.0
2019-05-24 09:00:00+00:00,802.0,818.0,800.0,804.0,24049000.0
2019-05-27 09:00:00+00:00,804.0,814.0,802.0,814.0,32338500.0
2019-05-28 09:00:00+00:00,814.0,828.0,798.0,828.0,43635500.0
2019-05-29 09:00:00+00:00,824.0,824.0,800.0,802.0,44142500.0
2019-05-30 09:00:00+00:00,802.0,802.0,802.0,802.0,0.0
2019-05-31 09:00:00+00:00,802.0,810.0,786.0,796.0,45139500.0
2019-06-03 09:00:00+00:00,796.0,796.0,796.0,796.0,0.0
2019-06-04 09:00:00+00:00,796.0,796.0,796.0,796.0,0.0
2019-06-05 09:00:00+00:00,796.0,796.0,796.0,796.0,0.0
2019-06-06 09:00:00+00:00,796.0,796.0,796.0,796.0,0.0
2019-06-07 09:00:00+00:00,796.0,796.0,796.0,796.0,0.0
2019-06-10 09:00:00+00:00,796.0,820.0,792.0,800.0,55225500.0
2019-06-11 09:00:00+00:00,800.0,812.0,796.0,800.0,42032000.0
2019-06-12 09:00:00+00:00,796.0,846.0,796.0,842.0,68027000.0
2019-06-13 09:00:00+00:00,850.0,908.0,850.0,902.0,103705500.0
2019-06-14 09:00:00+00:00,906.0,916.0,862.0,876.0,46906000.0
2019-06-17 09:00:00+00:00,876.0,876.0,852.0,856.0,40608500.0
2019-06-18 09:00:00+00:00,860.0,870.0,842.0,848.0,33560000.0
2019-06-19 09:00:00+00:00,868.0,876.0,856.0,856.0,46464000.0
2019-06-20 09:00:00+00:00,866.0,866.0,846.0,854.0,45383000.0
2019-06-21 09:00:00+00:00,866.0,872.0,846.0,848.0,39107500.0
2019-06-24 09:00:00+00:00,844.0,848.0,820.0,824.0,39084000.0
2019-06-25 09:00:00+00:00,830.0,836.0,820.0,824.0,32388500.0
2019-06-26 09:00:00+00:00,820.0,830.0,814.0,818.0,31104000.0
2019-06-27 09:00:00+00:00,820.0,822.0,814.0,814.0,33150000.0
2019-06-28 09:00:00+00:00,818.0,822.0,814.0,818.0,27703000.0
2019-07-01 09:00:00+00:00,822.0,828.0,806.0,816.0,50326000.0
2019-07-02 09:00:00+00:00,820.0,848.0,814.0,838.0,47780000.0
2019-07-03 09:00:00+00:00,844.0,856.0,828.0,850.0,62625000.0
2019-07-04 09:00:00+00:00,854.0,866.0,850.0,852.0,36447500.0
2019-07-05 09:00:00+00:00,856.0,858.0,828.0,830.0,21763500.0
2019-07-08 09:00:00+00:00,830.0,832.0,820.0,828.0,27901000.0
2019-07-09 09:00:00+00:00,836.0,840.0,820.0,828.0,31370000.0
2019-07-10 09:00:00+00:00,836.0,884.0,836.0,882.0,115858000.0
2019-07-11 09:00:00+00:00,888.0,888.0,860.0,862.0,63918500.0
2019-07-12 09:00:00+00:00,868.0,878.0,848.0,860.0,56986000.0
2019-07-15 09:00:00+00:00,864.0,864.0,840.0,850.0,41949500.0
2019-07-16 09:00:00+00:00,850.0,858.0,834.0,838.0,24866500.0
2019-07-17 09:00:00+00:00,840.0,856.0,834.0,836.0,44597000.0
2019-07-18 09:00:00+00:00,840.0,842.0,834.0,834.0,24957000.0
2019-07-19 09:00:00+00:00,840.0,864.0,838.0,858.0,36979000.0
2019-07-22 09:00:00+00:00,856.0,858.0,822.0,822.0,36949000.0
2019-07-23 09:00:00+00:00,824.0,830.0,810.0,814.0,29083500.0
2019-07-24 09:00:00+00:00,816.0,824.0,812.0,818.0,30067000.0
2019-07-25 09:00:00+00:00,820.0,834.0,818.0,818.0,20020000.0
2019-07-26 09:00:00+00:00,816.0,818.0,786.0,800.0,34999500.0
2019-07-29 09:00:00+00:00,800.0,800.0,776.0,776.0,38497000.0
2019-07-30 09:00:00+00:00,782.0,788.0,770.0,786.0,35260000.0
2019-07-31 09:00:00+00:00,782.0,802.0,782.0,800.0,33123000.0
2019-08-01 09:00:00+00:00,796.0,800.0,780.0,800.0,27052500.0
2019-08-02 09:00:00+00:00,798.0,812.0,788.0,812.0,35524500.0
2019-08-05 09:00:00+00:00,802.0,802.0,766.0,778.0,48284500.0
2019-08-06 09:00:00+00:00,762.0,762.0,734.0,750.0,39976000.0
2019-08-07 09:00:00+00:00,754.0,758.0,742.0,754.0,35101000.0
2019-08-08 09:00:00+00:00,754.0,754.0,738.0,750.0,46730500.0
2019-08-09 09:00:00+00:00,758.0,766.0,752.0,766.0,18524500.0
2019-08-12 09:00:00+00:00,768.0,778.0,766.0,772.0,27439000.0
2019-08-13 09:00:00+00:00,766.0,768.0,754.0,756.0,19454500.0
2019-08-14 09:00:00+00:00,762.0,804.0,762.0,800.0,45568500.0
2019-08-15 09:00:00+00:00,796.0,796.0,772.0,794.0,24363000.0
2019-08-16 09:00:00+00:00,796.0,800.0,784.0,794.0,18908500.0
2019-08-19 09:00:00+00:00,796.0,816.0,782.0,808.0,34269500.0
2019-08-20 09:00:00+00:00,818.0,820.0,798.0,802.0,33952000.0
2019-08-21 09:00:00+00:00,790.0,802.0,790.0,800.0,23968000.0
2019-08-22 09:00:00+00:00,800.0,814.0,790.0,812.0,29024000.0
2019-08-23 09:00:00+00:00,816.0,826.0,796.0,806.0,17884000.0
2019-08-26 09:00:00+00:00,800.0,820.0,780.0,818.0,23141000.0
2019-08-27 09:00:00+00:00,818.0,828.0,812.0,816.0,29623000.0
2019-08-28 09:00:00+00:00,816.0,854.0,816.0,852.0,61352000.0
2019-08-29 09:00:00+00:00,854.0,864.0,840.0,850.0,25850000.0
2019-08-30 09:00:00+00:00,850.0,854.0,822.0,854.0,38317500.0
2019-09-02 09:00:00+00:00,854.0,860.0,840.0,848.0,28764000.0
2019-09-03 09:00:00+00:00,848.0,858.0,846.0,854.0,30398000.0
2019-09-04 09:00:00+00:00,854.0,858.0,838.0,846.0,28620500.0
2019-09-05 09:00:00+00:00,850.0,850.0,828.0,828.0,25876000.0
2019-09-06 09:00:00+00:00,828.0,832.0,802.0,828.0,30804000.0
2019-09-09 09:00:00+00:00,826.0,828.0,808.0,818.0,35489500.0
2019-09-10 09:00:00+00:00,820.0,826.0,814.0,814.0,40362500.0
2019-09-11 09:00:00+00:00,812.0,818.0,804.0,818.0,50129500.0
2019-09-12 09:00:00+00:00,818.0,820.0,806.0,808.0,29041500.0
2019-09-13 09:00:00+00:00,814.0,816.0,802.0,806.0,24163500.0
2019-09-16 09:00:00+00:00,818.0,830.0,796.0,802.0,42329000.0
2019-09-17 09:00:00+00:00,808.0,808.0,790.0,794.0,30736500.0
2019-09-18 09:00:00+00:00,794.0,796.0,782.0,794.0,27591000.0
2019-09-19 09:00:00+00:00,794.0,794.0,782.0,782.0,20431500.0
2019-09-20 09:00:00+00:00,790.0,794.0,782.0,782.0,21231000.0
2019-09-23 09:00:00+00:00,784.0,790.0,768.0,768.0,26866000.0
2019-09-24 09:00:00+00:00,768.0,768.0,756.0,756.0,21592500.0
2019-09-25 09:00:00+00:00,756.0,756.0,742.0,744.0,38792500.0
2019-09-26 09:00:00+00:00,744.0,746.0,740.0,744.0,42787500.0
2019-09-27 09:00:00+00:00,744.0,744.0,736.0,738.0,19287000.0
2019-09-30 09:00:00+00:00,740.0,768.0,740.0,760.0,43154500.0
2019-10-01 09:00:00+00:00,764.0,768.0,752.0,756.0,17430500.0
2019-10-02 09:00:00+00:00,756.0,762.0,748.0,752.0,12539500.0
2019-10-03 09:00:00+00:00,748.0,786.0,740.0,784.0,34042000.0
2019-10-04 09:00:00+00:00,790.0,820.0,790.0,818.0,42251500.0
2019-10-07 09:00:00+00:00,818.0,826.0,804.0,824.0,30679500.0
2019-10-08 09:00:00+00:00,828.0,846.0,828.0,840.0,36921500.0
2019-10-09 09:00:00+00:00,846.0,852.0,824.0,840.0,24313500.0
2019-10-10 09:00:00+00:00,840.0,860.0,836.0,846.0,26288500.0
2019-10-11 09:00:00+00:00,850.0,870.0,842.0,866.0,34733000.0
2019-10-14 09:00:00+00:00,866.0,870.0,838.0,852.0,24914500.0
2019-10-15 09:00:00+00:00,852.0,854.0,832.0,836.0,19572500.0
2019-10-16 09:00:00+00:00,836.0,854.0,836.0,846.0,25504500.0
2019-10-17 09:00:00+00:00,850.0,858.0,844.0,848.0,26053000.0
2019-10-18 09:00:00+00:00,850.0,850.0,834.0,836.0,44497000.0
2019-10-21 09:00:00+00:00,836.0,838.0,810.0,816.0,22808500.0
2019-10-22 09:00:00+00:00,816.0,828.0,810.0,816.0,15154000.0
2019-10-23 09:00:00+00:00,816.0,816.0,786.0,788.0,29380500.0
2019-10-24 09:00:00+00:00,790.0,798.0,784.0,790.0,27891500.0
2019-10-25 09:00:00+00:00,790.0,810.0,782.0,784.0,29399500.0
2019-10-28 09:00:00+00:00,782.0,788.0,770.0,780.0,20847500.0
2019-10-29 09:00:00+00:00,782.0,806.0,782.0,802.0,27645500.0
2019-10-30 09:00:00+00:00,804.0,814.0,802.0,812.0,25860500.0
2019-10-31 09:00:00+00:00,814.0,814.0,788.0,792.0,23722000.0
2019-11-01 09:00:00+00:00,784.0,786.0,768.0,780.0,27356000.0
2019-11-04 09:00:00+00:00,776.0,786.0,770.0,778.0,33491000.0
2019-11-05 09:00:00+00:00,778.0,784.0,768.0,772.0,21345500.0
2019-11-06 09:00:00+00:00,772.0,776.0,764.0,774.0,33639500.0
2019-11-07 09:00:00+00:00,774.0,780.0,758.0,774.0,31770500.0
2019-11-08 09:00:00+00:00,774.0,780.0,756.0,756.0,30731500.0
2019-11-11 09:00:00+00:00,756.0,762.0,744.0,748.0,24082000.0
2019-11-12 09:00:00+00:00,748.0,768.0,746.0,760.0,22795000.0
2019-11-13 09:00:00+00:00,760.0,770.0,750.0,750.0,27086000.0
2019-11-14 09:00:00+00:00,752.0,752.0,736.0,740.0,26096500.0
2019-11-15 09:00:00+00:00,740.0,752.0,736.0,736.0,78725500.0
2019-11-18 09:00:00+00:00,738.0,740.0,712.0,728.0,87310500.0
2019-11-19 09:00:00+00:00,728.0,744.0,720.0,736.0,87623000.0
2019-11-20 09:00:00+00:00,740.0,748.0,736.0,740.0,93258000.0
2019-11-21 09:00:00+00:00,740.0,740.0,706.0,708.0,110345000.0
2019-11-22 09:00:00+00:00,706.0,706.0,660.0,674.0,131163500.0
2019-11-25 09:00:00+00:00,678.0,680.0,660.0,662.0,84534500.0
2019-11-26 09:00:00+00:00,668.0,688.0,664.0,666.0,69496500.0
2019-11-27 09:00:00+00:00,666.0,676.0,660.0,660.0,61395500.0
2019-11-28 09:00:00+00:00,664.0,672.0,644.0,650.0,87919000.0
2019-11-29 09:00:00+00:00,644.0,684.0,644.0,680.0,72105000.0
2019-12-02 09:00:00+00:00,694.0,740.0,686.0,738.0,78303500.0
2019-12-03 09:00:00+00:00,734.0,738.0,706.0,726.0,76978500.0
2019-12-04 09:00:00+00:00,712.0,730.0,712.0,726.0,53773500.0
2019-12-05 09:00:00+00:00,726.0,756.0,726.0,754.0,65390500.0
2019-12-06 09:00:00+00:00,754.0,758.0,740.0,754.0,46718000.0
2019-12-09 09:00:00+00:00,756.0,756.0,736.0,742.0,62467000.0
2019-12-10 09:00:00+00:00,740.0,746.0,734.0,744.0,50492500.0
2019-12-11 09:00:00+00:00,744.0,758.0,744.0,750.0,61795500.0
2019-12-12 09:00:00+00:00,754.0,756.0,740.0,754.0,36956500.0
2019-12-13 09:00:00+00:00,758.0,770.0,754.0,768.0,58397500.0
2019-12-16 09:00:00+00:00,768.0,778.0,756.0,774.0,62960000.0
2019-12-17 09:00:00+00:00,774.0,778.0,766.0,774.0,53565500.0
2019-12-18 09:00:00+00:00,774.0,778.0,766.0,778.0,66851500.0
2019-12-19 09:00:00+00:00,774.0,786.0,774.0,784.0,58097500.0
2019-12-20 09:00:00+00:00,780.0,802.0,780.0,796.0,48949500.0
2019-12-23 09:00:00+00:00,800.0,800.0,790.0,792.0,74696500.0
2019-12-26 09:00:00+00:00,800.0,800.0,782.0,794.0,56490000.0
2019-12-27 09:00:00+00:00,794.0,794.0,768.0,774.0,26421500.0
2019-12-30 09:00:00+00:00,774.0,794.0,770.0,790.0,49680000.0
2020-01-02 09:00:00+00:00,790.0,798.0,770.0,780.0,54536500.0
2020-01-03 09:00:00+00:00,780.0,786.0,756.0,758.0,39577000.0
2020-01-06 09:00:00+00:00,758.0,758.0,728.0,728.0,62772000.0
2020-01-07 09:00:00+00:00,738.0,740.0,698.0,706.0,86630000.0
2020-01-08 09:00:00+00:00,700.0,716.0,698.0,712.0,68138500.0
2020-01-09 09:00:00+00:00,716.0,726.0,714.0,720.0,56651000.0
2020-01-10 09:00:00+00:00,724.0,730.0,720.0,722.0,38274000.0
2020-01-13 09:00:00+00:00,724.0,724.0,714.0,720.0,67993000.0
2020-01-14 09:00:00+00:00,720.0,724.0,704.0,708.0,46582500.0
2020-01-15 09:00:00+00:00,708.0,724.0,690.0,700.0,84844500.0
2020-01-16 09:00:00+00:00,700.0,704.0,690.0,694.0,90645000.0
2020-01-17 09:00:00+00:00,698.0,704.0,686.0,686.0,65168500.0
2020-01-20 09:00:00+00:00,686.0,692.0,674.0,680.0,72498000.0
2020-01-21 09:00:00+00:00,684.0,684.0,672.0,674.0,33568500.0
2020-01-22 09:00:00+00:00,674.0,688.0,672.0,678.0,75567500.0
2020-01-23 09:00:00+00:00,680.0,682.0,674.0,676.0,45522500.0
2020-01-24 09:00:00+00:00,678.0,708.0,678.0,698.0,89838000.0
2020-01-27 09:00:00+00:00,698.0,700.0,682.0,684.0,43187000.0
2020-01-28 09:00:00+00:00,680.0,700.0,650.0,692.0,68911500.0
2020-01-29 09:00:00+00:00,696.0,696.0,672.0,680.0,39807500.0
2020-01-30 09:00:00+00:00,680.0,686.0,664.0,668.0,64906500.0
2020-01-31 09:00:00+00:00,668.0,676.0,662.0,662.0,83192500.0
2020-02-03 09:00:00+00:00,658.0,658.0,630.0,632.0,61304500.0
2020-02-04 09:00:00+00:00,644.0,650.0,630.0,640.0,80775000.0
2020-02-05 09:00:00+00:00,646.0,650.0,634.0,646.0,78749000.0
2020-02-06 09:00:00+00:00,642.0,662.0,642.0,662.0,69996000.0
2020-02-07 09:00:00+00:00,662.0,686.0,656.0,680.0,72399500.0
2020-02-10 09:00:00+00:00,670.0,672.0,644.0,658.0,72376500.0
2020-02-11 09:00:00+00:00,664.0,664.0,644.0,650.0,56116500.0
2020-02-12 09:00:00+00:00,650.0,650.0,616.0,624.0,63097000.0
2020-02-13 09:00:00+00:00,624.0,624.0,604.0,610.0,11927500.0
2020-02-14 09:00:00+00:00,606.0,610.0,588.0,608.0,23582000.0
2020-02-17 09:00:00+00:00,608.0,614.0,600.0,614.0,11028000.0
2020-02-18 09:00:00+00:00,612.0,626.0,608.0,620.0,55707500.0
2020-02-19 09:00:00+00:00,620.0,622.0,600.0,608.0,45041500.0
2020-02-20 09:00:00+00:00,612.0,622.0,608.0,612.0,54404500.0
2020-02-21 09:00:00+00:00,616.0,616.0,594.0,610.0,26139000.0
2020-02-24 09:00:00+00:00,584.0,602.0,584.0,598.0,29684000.0
2020-02-25 09:00:00+00:00,588.0,598.0,584.0,594.0,14061000.0
2020-02-26 09:00:00+00:00,584.0,592.0,570.0,578.0,25967000.0
2020-02-27 09:00:00+00:00,568.0,572.0,536.0,550.0,34571500.0
2020-02-28 09:00:00+00:00,534.0,534.0,478.0,530.0,28140500.0
2020-03-02 09:00:00+00:00,524.0,536.0,502.0,510.0,21036500.0
2020-03-03 09:00:00+00:00,526.0,528.0,506.0,510.0,37534500.0
2020-03-04 09:00:00+00:00,506.0,524.0,492.0,508.0,55912500.0
2020-03-05 09:00:00+00:00,514.0,530.0,506.0,508.0,51337000.0
2020-03-06 09:00:00+00:00,506.0,506.0,484.0,486.0,25216000.0
2020-03-09 09:00:00+00:00,442.0,476.0,424.0,454.0,43299000.0
2020-03-10 09:00:00+00:00,444.0,460.0,430.0,434.0,40825500.0
2020-03-11 09:00:00+00:00,434.0,440.0,394.0,400.0,32672000.0
2020-03-12 09:00:00+00:00,378.0,386.0,361.0,370.0,30726500.0
2020-03-13 09:00:00+00:00,370.0,370.0,370.0,370.0,0.0
2020-03-16 09:00:00+00:00,358.0,385.0,336.0,336.0,80813500.0
2020-03-17 09:00:00+00:00,320.0,341.0,313.0,340.0,148480000.0
2020-03-18 09:00:00+00:00,320.0,341.0,317.0,319.0,80178500.0
2020-03-19 09:00:00+00:00,312.0,340.0,297.0,340.0,87034000.0
2020-03-20 09:00:00+00:00,321.0,330.0,317.0,320.0,82494500.0
2020-03-23 09:00:00+00:00,303.0,318.0,298.0,299.0,43254500.0
2020-03-24 09:00:00+00:00,292.0,345.0,281.0,345.0,49367500.0
2020-03-26 09:00:00+00:00,332.0,380.0,332.0,380.0,106978000.0
2020-03-27 09:00:00+00:00,380.0,420.0,380.0,412.0,44152000.0
2020-03-30 09:00:00+00:00,412.0,412.0,384.0,384.0,15488500.0
2020-03-31 09:00:00+00:00,374.0,397.0,372.0,395.0,49198000.0
2020-04-01 09:00:00+00:00,385.0,395.0,379.0,386.0,88484000.0
2020-04-02 09:00:00+00:00,376.0,384.0,370.0,384.0,91491000.0
2020-04-03 09:00:00+00:00,390.0,397.0,382.0,393.0,110512000.0
2020-04-06 09:00:00+00:00,393.0,430.0,392.0,430.0,163883500.0
2020-04-07 09:00:00+00:00,446.0,464.0,414.0,430.0,168152500.0
2020-04-08 09:00:00+00:00,430.0,430.0,400.0,400.0,62769500.0
2020-04-09 09:00:00+00:00,410.0,410.0,378.0,394.0,91912000.0
2020-04-13 09:00:00+00:00,394.0,410.0,384.0,404.0,126891500.0
2020-04-14 09:00:00+00:00,414.0,418.0,400.0,412.0,122647000.0
2020-04-15 09:00:00+00:00,420.0,420.0,384.0,386.0,93656500.0
2020-04-16 09:00:00+00:00,386.0,393.0,362.0,367.0,59196500.0
2020-04-17 09:00:00+00:00,372.0,379.0,367.0,376.0,95303500.0
2020-04-20 09:00:00+00:00,376.0,383.0,366.0,373.0,100892000.0
2020-04-21 09:00:00+00:00,373.0,373.0,352.0,355.0,92644500.0
2020-04-22 09:00:00+00:00,355.0,414.0,339.0,414.0,188587000.0
2020-04-23 09:00:00+00:00,420.0,450.0,410.0,428.0,166140000.0
2020-04-24 09:00:00+00:00,440.0,440.0,399.0,406.0,94124000.0
2020-04-27 09:00:00+00:00,406.0,416.0,399.0,410.0,54300500.0
2020-04-28 09:00:00+00:00,410.0,474.0,410.0,454.0,145847000.0
2020-04-29 09:00:00+00:00,460.0,466.0,434.0,448.0,107165500.0
2020-04-30 09:00:00+00:00,450.0,482.0,450.0,480.0,177417000.0
2020-05-04 09:00:00+00:00,470.0,470.0,448.0,456.0,99747000.0
2020-05-05 09:00:00+00:00,460.0,480.0,460.0,468.0,80647000.0
2020-05-06 09:00:00+00:00,480.0,492.0,468.0,490.0,124967500.0
2020-05-08 09:00:00+00:00,500.0,504.0,466.0,496.0,120877000.0
2020-05-11 09:00:00+00:00,496.0,520.0,496.0,504.0,93296500.0
2020-05-12 09:00:00+00:00,506.0,518.0,482.0,492.0,86549000.0
2020-05-13 09:00:00+00:00,486.0,486.0,462.0,476.0,60393000.0
2020-05-14 09:00:00+00:00,476.0,486.0,446.0,450.0,66213500.0
2020-05-15 09:00:00+00:00,454.0,464.0,426.0,448.0,16306500.0
2020-05-18 09:00:00+00:00,460.0,460.0,434.0,448.0,65899000.0
2020-05-19 09:00:00+00:00,450.0,476.0,450.0,456.0,68533000.0
2020-05-20 09:00:00+00:00,470.0,470.0,432.0,442.0,76269000.0
2020-05-26 09:00:00+00:00,448.0,478.0,442.0,476.0,89352000.0
2020-05-27 09:00:00+00:00,486.0,490.0,476.0,484.0,82496500.0
2020-05-28 09:00:00+00:00,490.0,498.0,478.0,494.0,64694000.0
2020-05-29 09:00:00+00:00,494.0,494.0,470.0,470.0,74616500.0
2020-06-02 09:00:00+00:00,466.0,492.0,466.0,488.0,102340000.0
2020-06-03 09:00:00+00:00,488.0,504.0,488.0,490.0,70557500.0
2020-06-04 09:00:00+00:00,500.0,506.0,478.0,486.0,62957000.0
2020-06-05 09:00:00+00:00,490.0,494.0,482.0,490.0,76058500.0
2020-06-08 09:00:00+00:00,498.0,534.0,494.0,528.0,180078000.0
2020-06-09 09:00:00+00:00,540.0,540.0,502.0,504.0,106815500.0
2020-06-10 09:00:00+00:00,504.0,504.0,470.0,470.0,126256500.0
2020-06-11 09:00:00+00:00,470.0,470.0,440.0,462.0,91017000.0
2020-06-12 09:00:00+00:00,448.0,482.0,432.0,482.0,93424000.0
2020-06-15 09:00:00+00:00,482.0,492.0,464.0,472.0,61971000.0
2020-06-16 09:00:00+00:00,476.0,516.0,476.0,516.0,81008000.0
2020-06-17 09:00:00+00:00,520.0,520.0,504.0,514.0,149098500.0
2020-06-18 09:00:00+00:00,512.0,514.0,496.0,508.0,120049000.0
2020-06-19 09:00:00+00:00,520.0,534.0,512.0,518.0,175515500.0
2020-06-22 09:00:00+00:00,518.0,520.0,504.0,506.0,92397000.0
2020-06-23 09:00:00+00:00,508.0,514.0,498.0,502.0,87969000.0
2020-06-24 09:00:00+00:00,506.0,526.0,500.0,520.0,131118500.0
2020-06-25 09:00:00+00:00,520.0,520.0,500.0,500.0,63611500.0
2020-06-26 09:00:00+00:00,508.0,514.0,498.0,506.0,69837500.0
2020-06-29 09:00:00+00:00,506.0,508.0,496.0,498.0,73575500.0
2020-06-30 09:00:00+00:00,508.0,514.0,500.0,508.0,66413500.0
2020-07-01 09:00:00+00:00,510.0,510.0,490.0,496.0,54801000.0
2020-07-02 09:00:00+00:00,496.0,502.0,490.0,496.0,60335500.0
2020-07-03 09:00:00+00:00,496.0,502.0,494.0,498.0,71097500.0
2020-07-06 09:00:00+00:00,488.0,502.0,488.0,500.0,72899000.0
2020-07-07 09:00:00+00:00,502.0,514.0,490.0,498.0,78028000.0
2020-07-08 09:00:00+00:00,498.0,504.0,496.0,498.0,62650500.0
2020-07-09 09:00:00+00:00,500.0,506.0,490.0,496.0,66143000.0
2020-07-10 09:00:00+00:00,498.0,504.0,480.0,484.0,92687500.0
2020-07-13 09:00:00+00:00,486.0,494.0,480.0,492.0,70696000.0
2020-07-14 09:00:00+00:00,492.0,498.0,484.0,490.0,58217000.0
2020-07-15 09:00:00+00:00,494.0,502.0,494.0,496.0,69704500.0
2020-07-16 09:00:00+00:00,496.0,500.0,492.0,496.0,57363500.0
2020-07-17 09:00:00+00:00,500.0,500.0,488.0,496.0,54420500.0
2020-07-20 09:00:00+00:00,496.0,498.0,486.0,492.0,50306500.0
2020-07-21 09:00:00+00:00,494.0,500.0,494.0,498.0,49525500.0
2020-07-22 09:00:00+00:00,500.0,546.0,500.0,540.0,248479500.0
2020-07-23 09:00:00+00:00,544.0,548.0,530.0,544.0,138598500.0
2020-07-24 09:00:00+00:00,546.0,546.0,522.0,528.0,73194500.0
2020-07-27 09:00:00+00:00,536.0,578.0,532.0,570.0,219066500.0
2020-07-28 09:00:00+00:00,574.0,578.0,562.0,564.0,138631000.0
2020-07-29 09:00:00+00:00,560.0,578.0,560.0,570.0,93839000.0
2020-07-30 09:00:00+00:00,580.0,586.0,570.0,576.0,164587500.0
2020-08-03 09:00:00+00:00,578.0,580.0,544.0,556.0,79725500.0
2020-08-04 09:00:00+00:00,560.0,566.0,548.0,560.0,74455500.0
2020-08-05 09:00:00+00:00,560.0,562.0,542.0,554.0,160124000.0
2020-08-06 09:00:00+00:00,560.0,566.0,554.0,556.0,122648500.0
2020-08-07 09:00:00+00:00,556.0,566.0,550.0,554.0,68440000.0
2020-08-10 09:00:00+00:00,554.0,558.0,548.0,556.0,70424500.0
2020-08-11 09:00:00+00:00,560.0,592.0,558.0,574.0,230699000.0
2020-08-12 09:00:00+00:00,576.0,580.0,564.0,572.0,99195500.0
2020-08-13 09:00:00+00:00,580.0,592.0,562.0,568.0,73892000.0
2020-08-14 09:00:00+00:00,568.0,572.0,562.0,562.0,65564000.0
2020-08-18 09:00:00+00:00,562.0,568.0,562.0,568.0,56875500.0
2020-08-19 09:00:00+00:00,568.0,572.0,560.0,566.0,55121500.0
2020-08-24 09:00:00+00:00,566.0,590.0,562.0,586.0,132849000.0
2020-08-25 09:00:00+00:00,590.0,614.0,588.0,612.0,184404000.0
2020-08-26 09:00:00+00:00,610.0,622.0,602.0,606.0,113195500.0
2020-08-27 09:00:00+00:00,606.0,608.0,586.0,590.0,94560500.0
2020-08-28 09:00:00+00:00,584.0,594.0,572.0,574.0,133281000.0
2020-08-31 09:00:00+00:00,580.0,584.0,572.0,580.0,75556500.0
2020-09-01 09:00:00+00:00,580.0,602.0,578.0,590.0,162579000.0
2020-09-02 09:00:00+00:00,594.0,596.0,586.0,592.0,82124000.0
2020-09-03 09:00:00+00:00,592.0,592.0,564.0,572.0,120719000.0
2020-09-04 09:00:00+00:00,564.0,584.0,550.0,570.0,161795000.0
2020-09-07 09:00:00+00:00,564.0,576.0,556.0,570.0,109839500.0
2020-09-08 09:00:00+00:00,570.0,572.0,562.0,570.0,69414000.0
2020-09-09 09:00:00+00:00,560.0,570.0,556.0,566.0,88256500.0
2020-09-10 09:00:00+00:00,558.0,558.0,528.0,528.0,71535000.0
2020-09-11 09:00:00+00:00,494.0,558.0,494.0,550.0,83500000.0
2020-09-14 09:00:00+00:00,554.0,570.0,554.0,568.0,71081500.0
2020-09-15 09:00:00+00:00,570.0,572.0,544.0,548.0,68758500.0
2020-09-16 09:00:00+00:00,550.0,558.0,548.0,556.0,90435000.0
2020-09-17 09:00:00+00:00,562.0,562.0,536.0,540.0,75413500.0
2020-09-18 09:00:00+00:00,544.0,550.0,540.0,548.0,57580000.0
2020-09-21 09:00:00+00:00,548.0,564.0,528.0,532.0,84483000.0
2020-09-22 09:00:00+00:00,520.0,526.0,508.0,518.0,66245500.0
2020-09-23 09:00:00+00:00,528.0,530.0,500.0,510.0,51775000.0
2020-09-24 09:00:00+00:00,502.0,510.0,490.0,502.0,84671000.0
2020-09-25 09:00:00+00:00,504.0,526.0,504.0,522.0,72403000.0
2020-09-28 09:00:00+00:00,528.0,530.0,518.0,520.0,48178500.0
2020-09-29 09:00:00+00:00,518.0,526.0,506.0,506.0,72111000.0
2020-09-30 09:00:00+00:00,502.0,514.0,496.0,510.0,74324500.0
2020-10-01 09:00:00+00:00,514.0,524.0,510.0,522.0,59391000.0
2020-10-02 09:00:00+00:00,524.0,524.0,506.0,514.0,57280000.0
2020-10-05 09:00:00+00:00,520.0,522.0,510.0,522.0,58216000.0
2020-10-06 09:00:00+00:00,530.0,538.0,530.0,532.0,70965500.0
2020-10-07 09:00:00+00:00,534.0,536.0,520.0,520.0,58598000.0
2020-10-08 09:00:00+00:00,528.0,528.0,520.0,522.0,51284000.0
2020-10-09 09:00:00+00:00,522.0,528.0,520.0,524.0,58988000.0
2020-10-12 09:00:00+00:00,524.0,534.0,524.0,528.0,70472000.0
2020-10-13 09:00:00+00:00,530.0,532.0,522.0,530.0,67144500.0
2020-10-14 09:00:00+00:00,530.0,546.0,530.0,542.0,79834500.0
2020-10-15 09:00:00+00:00,546.0,548.0,534.0,536.0,80783500.0
2020-10-16 09:00:00+00:00,536.0,542.0,530.0,536.0,62456000.0
2020-10-19 09:00:00+00:00,536.0,548.0,534.0,536.0,64450000.0
2020-10-20 09:00:00+00:00,534.0,542.0,522.0,536.0,82302500.0
2020-10-21 09:00:00+00:00,538.0,540.0,530.0,530.0,55637000.0
2020-10-22 09:00:00+00:00,530.0,536.0,522.0,524.0,57534500.0
2020-10-23 09:00:00+00:00,530.0,532.0,524.0,526.0,63074000.0
2020-10-26 09:00:00+00:00,524.0,532.0,522.0,528.0,53830000.0
2020-10-27 09:00:00+00:00,532.0,546.0,532.0,536.0,117049500.0
2020-11-02 09:00:00+00:00,534.0,534.0,520.0,522.0,68331000.0
2020-11-03 09:00:00+00:00,526.0,528.0,514.0,518.0,62761500.0
2020-11-04 09:00:00+00:00,518.0,522.0,514.0,514.0,70009000.0
2020-11-05 09:00:00+00:00,518.0,522.0,514.0,520.0,87989500.0
2020-11-06 09:00:00+00:00,526.0,544.0,522.0,544.0,98740000.0
2020-11-09 09:00:00+00:00,550.0,554.0,534.0,542.0,87439000.0
2020-11-10 09:00:00+00:00,552.0,570.0,550.0,568.0,170460000.0
2020-11-11 09:00:00+00:00,572.0,584.0,568.0,572.0,239627000.0
2020-11-12 09:00:00+00:00,572.0,576.0,558.0,564.0,60826500.0
2020-11-13 09:00:00+00:00,564.0,568.0,556.0,564.0,79367500.0
2020-11-16 09:00:00+00:00,570.0,578.0,566.0,570.0,100470500.0
2020-11-17 09:00:00+00:00,576.0,580.0,568.0,570.0,112103000.0
2020-11-18 09:00:00+00:00,570.0,570.0,558.0,562.0,122295000.0
2020-11-19 09:00:00+00:00,562.0,582.0,558.0,582.0,208607500.0
2020-11-20 09:00:00+00:00,586.0,602.0,586.0,590.0,236151000.0
2020-11-23 09:00:00+00:00,592.0,594.0,584.0,588.0,157786500.0
2020-11-24 09:00:00+00:00,592.0,598.0,586.0,586.0,231293500.0
2020-11-25 09:00:00+00:00,596.0,598.0,578.0,580.0,187750500.0
2020-11-26 09:00:00+00:00,584.0,588.0,576.0,580.0,172163000.0
2020-11-27 09:00:00+00:00,584.0,586.0,578.0,580.0,237007500.0
2020-11-30 09:00:00+00:00,590.0,626.0,560.0,582.0,692795500.0
2020-12-01 09:00:00+00:00,588.0,606.0,570.0,598.0,303387000.0
2020-12-02 09:00:00+00:00,610.0,618.0,602.0,614.0,267362500.0
2020-12-03 09:00:00+00:00,616.0,620.0,612.0,618.0,211877000.0
2020-12-04 09:00:00+00:00,618.0,624.0,604.0,622.0,176010500.0
2020-12-07 09:00:00+00:00,628.0,686.0,626.0,680.0,294934000.0
2020-12-08 09:00:00+00:00,680.0,684.0,654.0,662.0,148249500.0
2020-12-10 09:00:00+00:00,666.0,670.0,646.0,660.0,161842500.0
2020-12-11 09:00:00+00:00,670.0,670.0,664.0,664.0,126135000.0
2020-12-14 09:00:00+00:00,668.0,670.0,658.0,658.0,133061000.0
2020-12-15 09:00:00+00:00,656.0,658.0,638.0,656.0,146152000.0
2020-12-16 09:00:00+00:00,660.0,664.0,654.0,656.0,174009500.0
2020-12-17 09:00:00+00:00,658.0,720.0,658.0,676.0,438642500.0
2020-12-18 09:00:00+00:00,680.0,686.0,668.0,674.0,167930500.0
2020-12-21 09:00:00+00:00,676.0,710.0,676.0,708.0,254288000.0
2020-12-22 09:00:00+00:00,710.0,712.0,660.0,662.0,234166500.0
2020-12-23 09:00:00+00:00,666.0,676.0,622.0,648.0,131213500.0
2020-12-28 09:00:00+00:00,648.0,672.0,634.0,662.0,151720000.0
2020-12-29 09:00:00+00:00,674.0,676.0,650.0,654.0,84727000.0
2020-12-30 09:00:00+00:00,656.0,658.0,632.0,636.0,76602500.0
2021-01-04 09:00:00+00:00,640.0,656.0,612.0,654.0,109114000.0
2021-01-05 09:00:00+00:00,648.0,654.0,638.0,646.0,210222000.0
2021-01-06 09:00:00+00:00,656.0,666.0,628.0,636.0,169484000.0
2021-01-07 09:00:00+00:00,644.0,684.0,642.0,682.0,294498000.0
2021-01-08 09:00:00+00:00,688.0,692.0,676.0,678.0,181233000.0
2021-01-11 09:00:00+00:00,680.0,698.0,672.0,674.0,236356000.0
2021-01-12 09:00:00+00:00,674.0,680.0,654.0,662.0,78930000.0
2021-01-13 09:00:00+00:00,680.0,680.0,660.0,668.0,79126000.0
2021-01-14 09:00:00+00:00,672.0,674.0,662.0,668.0,88010500.0
2021-01-15 09:00:00+00:00,666.0,666.0,642.0,652.0,94450000.0
2021-01-18 09:00:00+00:00,650.0,652.0,640.0,644.0,89754500.0
2021-01-19 09:00:00+00:00,640.0,674.0,628.0,652.0,159621500.0
2021-01-20 09:00:00+00:00,654.0,666.0,644.0,664.0,92476000.0
2021-01-21 09:00:00+00:00,668.0,676.0,652.0,658.0,104146500.0
2021-01-22 09:00:00+00:00,658.0,660.0,620.0,626.0,136686000.0
2021-01-25 09:00:00+00:00,626.0,626.0,602.0,610.0,90388000.0
2021-01-26 09:00:00+00:00,610.0,612.0,572.0,588.0,179770000.0
2021-01-27 09:00:00+00:00,592.0,610.0,580.0,596.0,155381500.0
2021-01-28 09:00:00+00:00,596.0,596.0,556.0,562.0,141454000.0
2021-01-29 09:00:00+00:00,570.0,588.0,554.0,568.0,122571500.0
2021-02-01 09:00:00+00:00,586.0,606.0,562.0,600.0,126845000.0
2021-02-02 09:00:00+00:00,610.0,648.0,604.0,648.0,229393000.0
2021-02-03 09:00:00+00:00,650.0,674.0,644.0,674.0,197534000.0
2021-02-04 09:00:00+00:00,680.0,690.0,678.0,682.0,135386500.0
2021-02-05 09:00:00+00:00,682.0,708.0,682.0,700.0,152161000.0
2021-02-08 09:00:00+00:00,704.0,708.0,674.0,676.0,107979000.0
2021-02-09 09:00:00+00:00,680.0,684.0,638.0,650.0,175053000.0
2021-02-10 09:00:00+00:00,650.0,666.0,642.0,658.0,143068000.0
2021-02-11 09:00:00+00:00,662.0,666.0,652.0,664.0,108619000.0
2021-02-15 09:00:00+00:00,678.0,686.0,670.0,678.0,102415500.0
2021-02-16 09:00:00+00:00,684.0,710.0,680.0,690.0,128430000.0
2021-02-17 09:00:00+00:00,690.0,698.0,680.0,694.0,119525500.0
2021-02-18 09:00:00+00:00,700.0,702.0,688.0,692.0,131512500.0
2021-02-19 09:00:00+00:00,688.0,694.0,678.0,694.0,86201500.0
2021-02-22 09:00:00+00:00,698.0,700.0,688.0,690.0,73438000.0
2021-02-23 09:00:00+00:00,694.0,704.0,692.0,694.0,166965500.0
2021-02-24 09:00:00+00:00,694.0,694.0,662.0,666.0,97025500.0
2021-02-25 09:00:00+00:00,676.0,686.0,672.0,686.0,115925500.0
2021-02-26 09:00:00+00:00,674.0,680.0,656.0,674.0,102486500.0
2021-03-01 09:00:00+00:00,674.0,676.0,654.0,676.0,114082000.0
2021-03-02 09:00:00+00:00,678.0,680.0,664.0,668.0,38837000.0
2021-03-03 09:00:00+00:00,666.0,688.0,656.0,676.0,124988000.0
2021-03-04 09:00:00+00:00,674.0,690.0,666.0,676.0,135122000.0
2021-03-05 09:00:00+00:00,670.0,692.0,668.0,680.0,152176500.0
2021-03-08 09:00:00+00:00,694.0,748.0,690.0,744.0,305098500.0
2021-03-09 09:00:00+00:00,748.0,754.0,722.0,728.0,181477000.0
2021-03-10 09:00:00+00:00,726.0,734.0,708.0,714.0,173799500.0
2021-03-12 09:00:00+00:00,726.0,728.0,716.0,718.0,83021500.0
2021-03-15 09:00:00+00:00,722.0,732.0,714.0,718.0,83858000.0
2021-03-16 09:00:00+00:00,720.0,722.0,694.0,698.0,66911000.0
2021-03-17 09:00:00+00:00,698.0,702.0,674.0,676.0,70400500.0
2021-03-18 09:00:00+00:00,680.0,688.0,668.0,674.0,83917000.0
2021-03-19 09:00:00+00:00,670.0,682.0,668.0,676.0,63191500.0
2021-03-22 09:00:00+00:00,678.0,686.0,674.0,674.0,61493500.0
2021-03-23 09:00:00+00:00,674.0,680.0,656.0,664.0,72696500.0
2021-03-24 09:00:00+00:00,658.0,658.0,642.0,646.0,66643000.0
2021-03-25 09:00:00+00:00,656.0,672.0,642.0,652.0,87783000.0
2021-03-26 09:00:00+00:00,658.0,676.0,658.0,676.0,86804500.0
2021-03-29 09:00:00+00:00,680.0,684.0,654.0,654.0,85677000.0
2021-03-30 09:00:00+00:00,654.0,660.0,634.0,638.0,108840500.0
2021-03-31 09:00:00+00:00,632.0,656.0,632.0,644.0,110509500.0
2021-04-01 09:00:00+00:00,656.0,660.0,638.0,642.0,57784000.0
2021-04-05 09:00:00+00:00,646.0,650.0,634.0,644.0,38198500.0
2021-04-06 09:00:00+00:00,650.0,650.0,640.0,648.0,38454000.0
2021-04-07 09:00:00+00:00,650.0,652.0,644.0,648.0,94639500.0
2021-04-08 09:00:00+00:00,652.0,664.0,648.0,652.0,64062000.0
2021-04-09 09:00:00+00:00,654.0,658.0,646.0,646.0,26280500.0
2021-04-12 09:00:00+00:00,650.0,650.0,624.0,626.0,41964500.0
2021-04-13 09:00:00+00:00,626.0,634.0,616.0,622.0,23824000.0
2021-04-14 09:00:00+00:00,624.0,636.0,618.0,634.0,30352000.0
2021-04-15 09:00:00+00:00,640.0,642.0,626.0,628.0,13758000.0
2021-04-16 09:00:00+00:00,628.0,634.0,622.0,626.0,26545500.0
2021-04-19 09:00:00+00:00,646.0,646.0,630.0,632.0,27684500.0
2021-04-20 09:00:00+00:00,630.0,636.0,622.0,628.0,27146500.0
2021-04-21 09:00:00+00:00,624.0,630.0,622.0,624.0,23643500.0
2021-04-22 09:00:00+00:00,626.0,630.0,620.0,622.0,23215000.0
2021-04-23 09:00:00+00:00,626.0,654.0,622.0,650.0,108926000.0
2021-04-26 09:00:00+00:00,656.0,662.0,640.0,644.0,39976500.0
2021-04-27 09:00:00+00:00,644.0,646.0,634.0,638.0,19456500.0
2021-04-28 09:00:00+00:00,638.0,640.0,628.0,630.0,25232500.0
2021-04-29 09:00:00+00:00,636.0,652.0,634.0,648.0,32678500.0
2021-04-30 09:00:00+00:00,656.0,660.0,648.0,654.0,49600000.0
2021-05-03 09:00:00+00:00,654.0,658.0,636.0,654.0,33184500.0
2021-05-04 09:00:00+00:00,650.0,654.0,646.0,650.0,18458500.0
2021-05-05 09:00:00+00:00,658.0,670.0,650.0,668.0,35368500.0
2021-05-06 09:00:00+00:00,668.0,674.0,662.0,674.0,26108000.0
2021-05-07 09:00:00+00:00,674.0,676.0,646.0,648.0,34612500.0
2021-05-10 09:00:00+00:00,650.0,662.0,646.0,658.0,32372500.0
2021-05-11 09:00:00+00:00,646.0,648.0,638.0,644.0,35608500.0
2021-05-17 09:00:00+00:00,642.0,646.0,624.0,626.0,37731000.0
2021-05-18 09:00:00+00:00,626.0,636.0,622.0,634.0,16102000.0
2021-05-19 09:00:00+00:00,630.0,634.0,624.0,628.0,13355000.0
2021-05-20 09:00:00+00:00,624.0,634.0,624.0,628.0,19768000.0
2021-05-21 09:00:00+00:00,630.0,636.0,624.0,624.0,17412000.0
2021-05-24 09:00:00+00:00,624.0,630.0,610.0,622.0,22305500.0
2021-05-25 09:00:00+00:00,622.0,646.0,622.0,644.0,28919500.0
2021-05-27 09:00:00+00:00,644.0,650.0,636.0,644.0,40839500.0
2021-05-28 09:00:00+00:00,644.0,650.0,640.0,648.0,24811500.0
2021-05-31 09:00:00+00:00,648.0,652.0,644.0,648.0,14366500.0
2021-06-02 09:00:00+00:00,654.0,666.0,652.0,666.0,42805500.0
2021-06-03 09:00:00+00:00,666.0,670.0,658.0,668.0,16342000.0
2021-06-04 09:00:00+00:00,668.0,668.0,644.0,654.0,32753000.0
2021-06-07 09:00:00+00:00,654.0,666.0,648.0,662.0,22624000.0
2021-06-08 09:00:00+00:00,662.0,662.0,636.0,648.0,20956000.0
2021-06-09 09:00:00+00:00,650.0,652.0,630.0,632.0,35922000.0
2021-06-10 09:00:00+00:00,634.0,646.0,630.0,644.0,22660000.0
2021-06-11 09:00:00+00:00,646.0,648.0,634.0,640.0,19052000.0
2021-06-14 09:00:00+00:00,642.0,646.0,636.0,640.0,14918500.0
2021-06-15 09:00:00+00:00,640.0,646.0,634.0,646.0,13037000.0
2021-06-16 09:00:00+00:00,646.0,646.0,638.0,644.0,9875000.0
2021-06-17 09:00:00+00:00,642.0,642.0,630.0,630.0,22425500.0
2021-06-18 09:00:00+00:00,628.0,634.0,602.0,626.0,38352500.0
2021-06-21 09:00:00+00:00,620.0,620.0,596.0,616.0,21466500.0
2021-06-22 09:00:00+00:00,620.0,634.0,618.0,626.0,10621500.0
2021-06-23 09:00:00+00:00,628.0,628.0,618.0,618.0,10733500.0
2021-06-24 09:00:00+00:00,620.0,622.0,604.0,610.0,11544000.0
2021-06-25 09:00:00+00:00,610.0,616.0,604.0,612.0,17974000.0
2021-06-28 09:00:00+00:00,612.0,620.0,604.0,610.0,13854500.0
2021-06-29 09:00:00+00:00,608.0,618.0,606.0,618.0,25569500.0
2021-06-30 09:00:00+00:00,618.0,630.0,616.0,630.0,33673500.0
2021-07-01 09:00:00+00:00,630.0,632.0,620.0,632.0,34968000.0
2021-07-02 09:00:00+00:00,634.0,638.0,622.0,626.0,31821500.0
2021-07-05 09:00:00+00:00,630.0,630.0,606.0,610.0,26984000.0
2021-07-06 09:00:00+00:00,612.0,640.0,612.0,638.0,46875500.0
2021-07-07 09:00:00+00:00,638.0,642.0,626.0,626.0,22658500.0
2021-07-08 09:00:00+00:00,626.0,632.0,620.0,622.0,29382500.0
2021-07-09 09:00:00+00:00,626.0,628.0,616.0,618.0,31723000.0
2021-07-12 09:00:00+00:00,618.0,626.0,610.0,610.0,24672500.0
2021-07-13 09:00:00+00:00,616.0,616.0,610.0,612.0,25515500.0
2021-07-14 09:00:00+00:00,610.0,614.0,600.0,608.0,24978000.0
2021-07-15 09:00:00+00:00,608.0,612.0,606.0,608.0,11417500.0
2021-07-16 09:00:00+00:00,612.0,672.0,612.0,668.0,134154000.0
2021-07-19 09:00:00+00:00,668.0,704.0,668.0,692.0,149127500.0
2021-07-21 09:00:00+00:00,692.0,698.0,660.0,666.0,51563000.0
2021-07-22 09:00:00+00:00,676.0,696.0,672.0,680.0,64619500.0
2021-07-23 09:00:00+00:00,682.0,708.0,682.0,700.0,85257000.0
2021-07-26 09:00:00+00:00,702.0,714.0,692.0,702.0,46034500.0
2021-07-27 09:00:00+00:00,712.0,726.0,710.0,712.0,87635000.0
2021-07-28 09:00:00+00:00,712.0,712.0,702.0,706.0,26256500.0
2021-07-29 09:00:00+00:00,708.0,722.0,708.0,718.0,71056000.0
2021-07-30 09:00:00+00:00,720.0,726.0,708.0,720.0,39919500.0
2021-08-02 09:00:00+00:00,722.0,738.0,686.0,706.0,50569000.0
2021-08-03 09:00:00+00:00,706.0,716.0,694.0,710.0,27672000.0
2021-08-04 09:00:00+00:00,700.0,710.0,698.0,710.0,25867000.0
2021-08-05 09:00:00+00:00,710.0,710.0,690.0,690.0,25937500.0
2021-08-06 09:00:00+00:00,698.0,698.0,686.0,696.0,9691000.0
2021-08-09 09:00:00+00:00,694.0,696.0,684.0,690.0,18536500.0
2021-08-10 09:00:00+00:00,690.0,700.0,680.0,700.0,46693000.0
2021-08-12 09:00:00+00:00,704.0,714.0,696.0,708.0,38989500.0
2021-08-13 09:00:00+00:00,712.0,748.0,712.0,744.0,107196000.0
2021-08-16 09:00:00+00:00,752.0,752.0,726.0,740.0,55283500.0
2021-08-18 09:00:00+00:00,740.0,766.0,732.0,738.0,80007000.0
2021-08-19 09:00:00+00:00,738.0,740.0,714.0,720.0,79513500.0
2021-08-20 09:00:00+00:00,720.0,730.0,718.0,728.0,47978000.0
2021-08-23 09:00:00+00:00,740.0,766.0,730.0,766.0,83553500.0
2021-08-24 09:00:00+00:00,772.0,778.0,758.0,770.0,41846500.0
2021-08-25 09:00:00+00:00,768.0,768.0,744.0,750.0,29006000.0
2021-08-26 09:00:00+00:00,756.0,756.0,734.0,744.0,34900500.0
2021-08-27 09:00:00+00:00,744.0,768.0,740.0,762.0,42057500.0
2021-08-30 09:00:00+00:00,768.0,778.0,762.0,770.0,55753500.0
2021-08-31 09:00:00+00:00,780.0,788.0,770.0,778.0,45604500.0
2021-09-01 09:00:00+00:00,780.0,780.0,768.0,774.0,22387500.0
2021-09-02 09:00:00+00:00,774.0,780.0,764.0,770.0,20633000.0
2021-09-03 09:00:00+00:00,776.0,776.0,760.0,768.0,23275500.0
2021-09-06 09:00:00+00:00,772.0,792.0,766.0,778.0,43851500.0
2021-09-07 09:00:00+00:00,788.0,788.0,770.0,778.0,29348000.0
2021-09-08 09:00:00+00:00,776.0,780.0,728.0,732.0,69865000.0
2021-09-09 09:00:00+00:00,730.0,758.0,728.0,754.0,47110000.0
2021-09-10 09:00:00+00:00,754.0,754.0,746.0,748.0,9406000.0
2021-09-13 09:00:00+00:00,748.0,756.0,746.0,756.0,10206500.0
2021-09-14 09:00:00+00:00,758.0,784.0,758.0,780.0,41226500.0
2021-09-15 09:00:00+00:00,780.0,780.0,764.0,772.0,9779000.0
2021-09-16 09:00:00+00:00,772.0,784.0,772.0,780.0,8326500.0
2021-09-17 09:00:00+00:00,780.0,780.0,770.0,776.0,36478000.0
2021-09-20 09:00:00+00:00,780.0,780.0,766.0,772.0,9588000.0
2021-09-21 09:00:00+00:00,770.0,780.0,760.0,774.0,18277000.0
2021-09-22 09:00:00+00:00,782.0,810.0,778.0,798.0,54041000.0
2021-09-23 09:00:00+00:00,804.0,824.0,804.0,820.0,50575000.0
2021-09-24 09:00:00+00:00,824.0,848.0,816.0,826.0,65231000.0
2021-09-27 09:00:00+00:00,828.0,840.0,820.0,826.0,27472500.0
2021-09-28 09:00:00+00:00,826.0,834.0,796.0,814.0,66873000.0
2021-09-29 09:00:00+00:00,800.0,830.0,800.0,830.0,44890000.0
2021-09-30 09:00:00+00:00,832.0,872.0,830.0,872.0,63663500.0
2021-10-01 09:00:00+00:00,872.0,874.0,856.0,868.0,24179000.0
2021-10-04 09:00:00+00:00,870.0,890.0,856.0,890.0,27998500.0
2021-10-05 09:00:00+00:00,890.0,898.0,878.0,882.0,29454000.0
2021-10-06 09:00:00+00:00,886.0,890.0,868.0,876.0,31678500.0
2021-10-07 09:00:00+00:00,876.0,894.0,818.0,828.0,69739500.0
2021-10-08 09:00:00+00:00,836.0,880.0,834.0,880.0,101014500.0
2021-10-11 09:00:00+00:00,884.0,888.0,876.0,882.0,63429000.0
2021-10-12 09:00:00+00:00,882.0,882.0,866.0,882.0,66580500.0
2021-10-13 09:00:00+00:00,882.0,882.0,862.0,866.0,53650000.0
2021-10-14 09:00:00+00:00,868.0,888.0,858.0,868.0,51214500.0
2021-10-15 09:00:00+00:00,868.0,872.0,854.0,856.0,55579000.0
2021-10-18 09:00:00+00:00,856.0,884.0,856.0,878.0,65018500.0
2021-10-19 09:00:00+00:00,882.0,884.0,870.0,874.0,37421000.0
2021-10-21 09:00:00+00:00,868.0,900.0,868.0,884.0,114251000.0
2021-10-22 09:00:00+00:00,890.0,944.0,890.0,932.0,106233000.0
2021-10-25 09:00:00+00:00,940.0,944.0,932.0,938.0,68106500.0
2021-10-26 09:00:00+00:00,938.0,944.0,924.0,930.0,35298000.0
2021-10-27 09:00:00+00:00,930.0,934.0,882.0,892.0,67238000.0
2021-10-28 09:00:00+00:00,880.0,884.0,836.0,846.0,75826500.0
2021-10-29 09:00:00+00:00,850.0,860.0,846.0,854.0,57457500.0
2021-11-01 09:00:00+00:00,854.0,858.0,830.0,840.0,38070500.0
2021-11-02 09:00:00+00:00,844.0,846.0,834.0,844.0,51361500.0
2021-11-03 09:00:00+00:00,844.0,848.0,832.0,836.0,54523500.0
2021-11-04 09:00:00+00:00,838.0,850.0,836.0,840.0,43927500.0
2021-11-05 09:00:00+00:00,846.0,856.0,830.0,830.0,53017000.0
2021-11-08 09:00:00+00:00,834.0,858.0,834.0,858.0,89044000.0
2021-11-09 09:00:00+00:00,862.0,884.0,862.0,868.0,82012500.0
2021-11-10 09:00:00+00:00,870.0,888.0,870.0,882.0,69524000.0
2021-11-11 09:00:00+00:00,890.0,894.0,874.0,874.0,81449500.0
2021-11-12 09:00:00+00:00,876.0,880.0,866.0,866.0,38476000.0
2021-11-15 09:00:00+00:00,866.0,874.0,854.0,866.0,66514500.0
2021-11-16 09:00:00+00:00,866.0,880.0,862.0,880.0,74576500.0
2021-11-17 09:00:00+00:00,884.0,886.0,860.0,860.0,70988000.0
2021-11-18 09:00:00+00:00,860.0,870.0,838.0,842.0,39810500.0
2021-11-19 09:00:00+00:00,842.0,844.0,832.0,836.0,65809500.0
2021-11-22 09:00:00+00:00,836.0,838.0,790.0,818.0,86170000.0
2021-11-23 09:00:00+00:00,818.0,838.0,812.0,834.0,48328500.0
2021-11-24 09:00:00+00:00,834.0,872.0,834.0,860.0,124224000.0
2021-11-25 09:00:00+00:00,862.0,862.0,830.0,834.0,64479500.0
2021-11-26 09:00:00+00:00,828.0,842.0,810.0,826.0,60110000.0
2021-11-29 09:00:00+00:00,820.0,820.0,794.0,798.0,90713500.0
2021-11-30 09:00:00+00:00,798.0,806.0,790.0,794.0,60344000.0
2021-12-01 09:00:00+00:00,794.0,838.0,790.0,838.0,93590000.0
2021-12-02 09:00:00+00:00,838.0,838.0,818.0,826.0,84535500.0
2021-12-03 09:00:00+00:00,830.0,842.0,822.0,838.0,24848500.0
2021-12-06 09:00:00+00:00,838.0,846.0,834.0,838.0,12971000.0
2021-12-07 09:00:00+00:00,842.0,852.0,840.0,852.0,13880500.0
2021-12-08 09:00:00+00:00,852.0,866.0,844.0,858.0,74022000.0
2021-12-09 09:00:00+00:00,858.0,868.0,858.0,866.0,24835000.0
2021-12-10 09:00:00+00:00,870.0,870.0,850.0,858.0,11840000.0
2021-12-13 09:00:00+00:00,858.0,864.0,850.0,850.0,17027500.0
2021-12-14 09:00:00+00:00,850.0,864.0,836.0,846.0,18320500.0
2021-12-15 09:00:00+00:00,846.0,856.0,836.0,850.0,23371000.0
2021-12-16 09:00:00+00:00,854.0,870.0,844.0,844.0,62369500.0
2021-12-17 09:00:00+00:00,852.0,862.0,846.0,860.0,36238500.0
2021-12-20 09:00:00+00:00,860.0,886.0,842.0,880.0,65584000.0
2021-12-21 09:00:00+00:00,884.0,890.0,842.0,844.0,47500000.0
2021-12-22 09:00:00+00:00,848.0,850.0,806.0,806.0,53601500.0
2021-12-23 09:00:00+00:00,806.0,830.0,806.0,822.0,50745000.0
2021-12-24 09:00:00+00:00,822.0,822.0,812.0,816.0,25869500.0
2021-12-27 09:00:00+00:00,816.0,822.0,814.0,816.0,23768000.0
2021-12-28 09:00:00+00:00,820.0,826.0,816.0,824.0,27937000.0
2021-12-29 09:00:00+00:00,828.0,830.0,818.0,818.0,38989000.0
2021-12-30 09:00:00+00:00,818.0,828.0,814.0,822.0,43166500.0
2022-01-03 09:00:00+00:00,822.0,876.0,820.0,872.0,64814000.0
2022-01-04 09:00:00+00:00,872.0,872.0,836.0,840.0,59012500.0
2022-01-05 09:00:00+00:00,838.0,840.0,824.0,824.0,24965000.0
2022-01-06 09:00:00+00:00,824.0,838.0,824.0,832.0,32899500.0
2022-01-07 09:00:00+00:00,836.0,868.0,836.0,858.0,103817000.0
2022-01-10 09:00:00+00:00,862.0,882.0,846.0,860.0,75864500.0
2022-01-11 09:00:00+00:00,860.0,874.0,836.0,840.0,377550000.0
2022-01-12 09:00:00+00:00,840.0,845.0,795.0,820.0,45678700.0
2022-01-13 09:00:00+00:00,820.0,845.0,820.0,845.0,40531000.0
2022-01-14 09:00:00+00:00,845.0,845.0,820.0,825.0,23765300.0
2022-01-17 09:00:00+00:00,830.0,840.0,800.0,810.0,31193100.0
2022-01-18 09:00:00+00:00,815.0,820.0,800.0,810.0,29622700.0
2022-01-19 09:00:00+00:00,805.0,805.0,780.0,785.0,32961200.0
2022-01-20 09:00:00+00:00,785.0,785.0,750.0,755.0,44564900.0
2022-01-21 09:00:00+00:00,760.0,800.0,760.0,800.0,39832800.0
2022-01-24 09:00:00+00:00,800.0,810.0,785.0,795.0,29427100.0
2022-01-25 09:00:00+00:00,795.0,800.0,770.0,775.0,34220900.0
2022-01-26 09:00:00+00:00,775.0,780.0,725.0,730.0,104943500.0
2022-01-27 09:00:00+00:00,735.0,740.0,700.0,710.0,64734600.0
2022-01-28 09:00:00+00:00,710.0,740.0,705.0,735.0,61168000.0
2022-01-31 09:00:00+00:00,740.0,745.0,720.0,730.0,40034900.0
2022-02-02 09:00:00+00:00,735.0,740.0,710.0,725.0,40492600.0
2022-02-03 09:00:00+00:00,730.0,740.0,715.0,725.0,32630600.0
2022-02-04 09:00:00+00:00,720.0,735.0,715.0,720.0,20368000.0
2022-02-07 09:00:00+00:00,720.0,765.0,720.0,755.0,50333100.0
2022-02-08 09:00:00+00:00,760.0,765.0,740.0,750.0,55295100.0
2022-02-09 09:00:00+00:00,750.0,755.0,730.0,735.0,28552100.0
2022-02-10 09:00:00+00:00,735.0,740.0,705.0,705.0,74260400.0
2022-02-11 09:00:00+00:00,710.0,710.0,690.0,700.0,46451300.0
2022-02-14 09:00:00+00:00,700.0,710.0,685.0,695.0,55864300.0
2022-02-15 09:00:00+00:00,695.0,715.0,690.0,695.0,55356500.0
2022-02-16 09:00:00+00:00,705.0,725.0,700.0,725.0,67665500.0
2022-02-17 09:00:00+00:00,735.0,735.0,715.0,730.0,47084800.0
2022-02-18 09:00:00+00:00,730.0,745.0,720.0,740.0,31359400.0
2022-02-21 09:00:00+00:00,740.0,750.0,735.0,745.0,32153600.0
2022-02-22 09:00:00+00:00,745.0,755.0,725.0,735.0,39824400.0
2022-02-23 09:00:00+00:00,730.0,745.0,725.0,740.0,28548900.0
2022-02-24 09:00:00+00:00,740.0,795.0,735.0,785.0,102093200.0
2022-02-25 09:00:00+00:00,795.0,800.0,750.0,755.0,63179900.0
2022-03-01 09:00:00+00:00,765.0,765.0,725.0,740.0,80765600.0
2022-03-02 09:00:00+00:00,750.0,765.0,740.0,750.0,54995300.0
2022-03-04 09:00:00+00:00,760.0,765.0,745.0,755.0,50572700.0
2022-03-07 09:00:00+00:00,760.0,795.0,755.0,795.0,102891200.0
2022-03-08 09:00:00+00:00,795.0,815.0,790.0,795.0,90921800.0
2022-03-09 09:00:00+00:00,800.0,810.0,795.0,810.0,79072200.0
2022-03-10 09:00:00+00:00,800.0,810.0,775.0,795.0,61076900.0
2022-03-11 09:00:00+00:00,800.0,800.0,785.0,795.0,47823000.0
2022-03-14 09:00:00+00:00,800.0,800.0,790.0,795.0,50421400.0
2022-03-15 09:00:00+00:00,795.0,805.0,785.0,800.0,45982100.0
2022-03-16 09:00:00+00:00,800.0,815.0,795.0,805.0,35947700.0
2022-03-17 09:00:00+00:00,810.0,810.0,795.0,810.0,33031700.0
2022-03-18 09:00:00+00:00,815.0,840.0,810.0,835.0,59580100.0
2022-03-21 09:00:00+00:00,845.0,845.0,820.0,830.0,36079500.0
2022-03-22 09:00:00+00:00,835.0,840.0,825.0,830.0,35585100.0
2022-03-23 09:00:00+00:00,835.0,900.0,830.0,885.0,133403500.0
2022-03-24 09:00:00+00:00,890.0,890.0,875.0,880.0,61951100.0
2022-03-25 09:00:00+00:00,880.0,930.0,880.0,920.0,83629800.0
2022-03-28 09:00:00+00:00,920.0,965.0,920.0,960.0,103223800.0
2022-03-29 09:00:00+00:00,965.0,970.0,925.0,930.0,47345500.0
2022-03-30 09:00:00+00:00,930.0,945.0,895.0,900.0,74360200.0
2022-03-31 09:00:00+00:00,900.0,930.0,890.0,910.0,49376600.0
2022-04-01 09:00:00+00:00,910.0,925.0,900.0,925.0,37699500.0
2022-04-04 09:00:00+00:00,925.0,935.0,915.0,915.0,32665300.0
2022-04-05 09:00:00+00:00,915.0,930.0,910.0,930.0,35040900.0
2022-04-06 09:00:00+00:00,935.0,935.0,910.0,925.0,44264100.0
2022-04-07 09:00:00+00:00,925.0,935.0,915.0,920.0,54430700.0
2022-04-08 09:00:00+00:00,920.0,930.0,910.0,920.0,24739400.0
2022-04-11 09:00:00+00:00,920.0,955.0,920.0,920.0,45709700.0
2022-04-12 09:00:00+00:00,920.0,930.0,865.0,910.0,73935000.0
2022-04-13 09:00:00+00:00,910.0,935.0,910.0,930.0,37161300.0
2022-04-14 09:00:00+00:00,935.0,950.0,920.0,930.0,34298500.0
2022-04-18 09:00:00+00:00,930.0,945.0,930.0,940.0,29336500.0
2022-04-19 09:00:00+00:00,950.0,955.0,940.0,950.0,40073200.0
2022-04-20 09:00:00+00:00,950.0,960.0,930.0,935.0,49442400.0
2022-04-21 09:00:00+00:00,940.0,1035.0,935.0,1025.0,126072100.0
2022-04-22 09:00:00+00:00,1020.0,1030.0,970.0,985.0,65342100.0
2022-04-25 09:00:00+00:00,965.0,990.0,945.0,980.0,55912200.0
2022-04-26 09:00:00+00:00,980.0,1020.0,960.0,1020.0,68812900.0
2022-04-27 09:00:00+00:00,1030.0,1030.0,990.0,995.0,39950700.0
2022-04-28 09:00:00+00:00,995.0,1080.0,990.0,1070.0,72419200.0
2022-05-09 09:00:00+00:00,1070.0,1095.0,1030.0,1085.0,83339700.0
2022-05-10 09:00:00+00:00,1080.0,1090.0,1040.0,1085.0,57415900.0
2022-05-11 09:00:00+00:00,1090.0,1120.0,1085.0,1090.0,45509200.0
2022-05-12 09:00:00+00:00,1095.0,1095.0,1015.0,1020.0,36844300.0
2022-05-13 09:00:00+00:00,1020.0,1040.0,995.0,1005.0,34423200.0
2022-05-17 09:00:00+00:00,1020.0,1050.0,995.0,1020.0,50164200.0
2022-05-18 09:00:00+00:00,1030.0,1040.0,1010.0,1020.0,46341800.0
2022-05-19 09:00:00+00:00,1020.0,1055.0,1000.0,1050.0,56516600.0
2022-05-20 09:00:00+00:00,1060.0,1065.0,1025.0,1025.0,27245400.0
2022-05-23 09:00:00+00:00,1025.0,1040.0,1005.0,1005.0,25995800.0
2022-05-24 09:00:00+00:00,1005.0,1035.0,975.0,1005.0,53213500.0
2022-05-25 09:00:00+00:00,1005.0,1030.0,1000.0,1020.0,24504200.0
2022-05-27 09:00:00+00:00,1040.0,1040.0,1010.0,1015.0,40662200.0
2022-05-30 09:00:00+00:00,1015.0,1035.0,1010.0,1035.0,13847200.0
2022-05-31 09:00:00+00:00,1050.0,1140.0,1035.0,1120.0,95013900.0
2022-06-02 09:00:00+00:00,1130.0,1140.0,1070.0,1070.0,41944900.0
2022-06-03 09:00:00+00:00,1080.0,1095.0,1055.0,1070.0,31683700.0
2022-06-06 09:00:00+00:00,1070.0,1115.0,1060.0,1115.0,48171700.0
2022-06-07 09:00:00+00:00,1120.0,1125.0,1095.0,1105.0,31244100.0
2022-06-08 09:00:00+00:00,1110.0,1120.0,1080.0,1105.0,30524400.0
2022-06-09 09:00:00+00:00,1110.0,1215.0,1110.0,1170.0,108808500.0
2022-06-10 09:00:00+00:00,1165.0,1195.0,1140.0,1195.0,52572300.0
2022-06-13 09:00:00+00:00,1195.0,1195.0,1150.0,1160.0,43999100.0
2022-06-14 09:00:00+00:00,1160.0,1185.0,1125.0,1155.0,62367700.0
2022-06-15 09:00:00+00:00,1160.0,1195.0,1145.0,1180.0,78054200.0
2022-06-16 09:00:00+00:00,1200.0,1200.0,1165.0,1165.0,30085900.0
2022-06-17 09:00:00+00:00,1155.0,1165.0,1105.0,1105.0,36642800.0
2022-06-20 09:00:00+00:00,1100.0,1115.0,1035.0,1050.0,64086100.0
2022-06-21 09:00:00+00:00,1050.0,1100.0,1035.0,1075.0,80862700.0
2022-06-22 09:00:00+00:00,1085.0,1115.0,1065.0,1065.0,79758400.0
2022-06-23 09:00:00+00:00,1040.0,1095.0,1040.0,1065.0,57625300.0
2022-06-24 09:00:00+00:00,1065.0,1080.0,1055.0,1060.0,54941100.0
2022-06-27 09:00:00+00:00,1065.0,1090.0,1060.0,1070.0,41973400.0
2022-06-28 09:00:00+00:00,1070.0,1080.0,1050.0,1055.0,59011700.0
2022-06-29 09:00:00+00:00,1060.0,1060.0,1035.0,1035.0,40150200.0
2022-06-30 09:00:00+00:00,1030.0,1050.0,1025.0,1030.0,49683300.0
2022-07-01 09:00:00+00:00,1025.0,1035.0,960.0,960.0,60917000.0
2022-07-04 09:00:00+00:00,960.0,1005.0,895.0,900.0,79415600.0
2022-07-05 09:00:00+00:00,900.0,955.0,900.0,935.0,60767000.0
2022-07-06 09:00:00+00:00,935.0,955.0,925.0,950.0,56499400.0
2022-07-07 09:00:00+00:00,950.0,980.0,950.0,960.0,50142400.0
2022-07-08 09:00:00+00:00,960.0,1045.0,960.0,1020.0,71285900.0
2022-07-11 09:00:00+00:00,1020.0,1075.0,1020.0,1070.0,50319100.0
2022-07-12 09:00:00+00:00,1070.0,1090.0,1060.0,1065.0,59044200.0
2022-07-13 09:00:00+00:00,1065.0,1075.0,1040.0,1050.0,33515600.0
2022-07-14 09:00:00+00:00,1050.0,1050.0,1010.0,1040.0,51816800.0
2022-07-15 09:00:00+00:00,1030.0,1050.0,995.0,1015.0,38186500.0
2022-07-18 09:00:00+00:00,1020.0,1065.0,1015.0,1015.0,46160000.0
2022-07-19 09:00:00+00:00,1025.0,1105.0,1020.0,1100.0,66057900.0
2022-07-20 09:00:00+00:00,1100.0,1130.0,1090.0,1095.0,60235600.0
2022-07-21 09:00:00+00:00,1095.0,1105.0,1080.0,1100.0,29637500.0
2022-07-22 09:00:00+00:00,1100.0,1105.0,1070.0,1080.0,26551600.0
2022-07-25 09:00:00+00:00,1080.0,1115.0,1070.0,1095.0,52071300.0
2022-07-26 09:00:00+00:00,1115.0,1150.0,1080.0,1080.0,70922500.0
2022-07-27 09:00:00+00:00,1075.0,1120.0,1070.0,1105.0,82598400.0
2022-07-28 09:00:00+00:00,1110.0,1185.0,1110.0,1160.0,88032700.0
2022-07-29 09:00:00+00:00,1175.0,1250.0,1160.0,1250.0,64516400.0
2022-08-01 09:00:00+00:00,1260.0,1275.0,1225.0,1260.0,40768600.0
2022-08-02 09:00:00+00:00,1250.0,1260.0,1225.0,1250.0,52215000.0
2022-08-03 09:00:00+00:00,1250.0,1290.0,1220.0,1285.0,84483800.0
2022-08-04 09:00:00+00:00,1280.0,1285.0,1250.0,1265.0,37542200.0
2022-08-05 09:00:00+00:00,1285.0,1285.0,1190.0,1200.0,49862600.0
2022-08-08 09:00:00+00:00,1200.0,1220.0,1175.0,1180.0,33410900.0
2022-08-09 09:00:00+00:00,1175.0,1215.0,1165.0,1210.0,40936900.0
2022-08-10 09:00:00+00:00,1175.0,1245.0,1175.0,1180.0,53351800.0
2022-08-11 09:00:00+00:00,1190.0,1220.0,1185.0,1215.0,38994900.0
2022-08-12 09:00:00+00:00,1220.0,1230.0,1180.0,1190.0,32198500.0
2022-08-15 09:00:00+00:00,1195.0,1200.0,1170.0,1185.0,27509800.0
2022-08-16 09:00:00+00:00,1185.0,1185.0,1150.0,1165.0,35350200.0
2022-08-18 09:00:00+00:00,1165.0,1165.0,1140.0,1160.0,23617600.0
2022-08-19 09:00:00+00:00,1200.0,1200.0,1155.0,1185.0,36456300.0
2022-08-22 09:00:00+00:00,1150.0,1205.0,1150.0,1170.0,46134500.0
2022-08-23 09:00:00+00:00,1165.0,1225.0,1165.0,1215.0,60971200.0
2022-08-24 09:00:00+00:00,1215.0,1240.0,1195.0,1215.0,48516400.0
2022-08-25 09:00:00+00:00,1215.0,1220.0,1190.0,1210.0,33122400.0
2022-08-26 09:00:00+00:00,1220.0,1240.0,1200.0,1230.0,63232900.0
2022-08-29 09:00:00+00:00,1220.0,1220.0,1175.0,1210.0,49111600.0
2022-08-30 09:00:00+00:00,1215.0,1255.0,1205.0,1220.0,95353300.0
2022-08-31 09:00:00+00:00,1210.0,1235.0,1165.0,1200.0,97112200.0
2022-09-01 09:00:00+00:00,1200.0,1200.0,1170.0,1180.0,27681700.0
2022-09-02 09:00:00+00:00,1180.0,1190.0,1140.0,1150.0,45291600.0
2022-09-05 09:00:00+00:00,1160.0,1205.0,1140.0,1195.0,87239000.0
2022-09-06 09:00:00+00:00,1200.0,1220.0,1190.0,1210.0,62092200.0
2022-09-07 09:00:00+00:00,1210.0,1230.0,1185.0,1200.0,52493700.0
2022-09-08 09:00:00+00:00,1200.0,1210.0,1175.0,1195.0,39797600.0
2022-09-09 09:00:00+00:00,1195.0,1200.0,1165.0,1200.0,31917300.0
2022-09-12 09:00:00+00:00,1200.0,1210.0,1190.0,1205.0,36936200.0
2022-09-13 09:00:00+00:00,1245.0,1260.0,1205.0,1255.0,71376500.0
2022-09-14 09:00:00+00:00,1245.0,1380.0,1205.0,1375.0,152853400.0
2022-09-15 09:00:00+00:00,1375.0,1445.0,1370.0,1410.0,114329200.0
2022-09-16 09:00:00+00:00,1405.0,1405.0,1320.0,1345.0,82745900.0
2022-09-19 09:00:00+00:00,1330.0,1455.0,1315.0,1405.0,99646200.0
2022-09-20 09:00:00+00:00,1410.0,1445.0,1390.0,1425.0,66656000.0
2022-09-21 09:00:00+00:00,1425.0,1430.0,1405.0,1420.0,38394700.0
2022-09-22 09:00:00+00:00,1415.0,1455.0,1400.0,1455.0,37769900.0
2022-09-23 09:00:00+00:00,1425.0,1450.0,1375.0,1400.0,69496400.0
2022-09-26 09:00:00+00:00,1385.0,1390.0,1305.0,1305.0,71151700.0
2022-09-27 09:00:00+00:00,1275.0,1375.0,1275.0,1375.0,59745300.0
2022-09-28 09:00:00+00:00,1370.0,1370.0,1330.0,1340.0,62772100.0
2022-09-29 09:00:00+00:00,1350.0,1355.0,1320.0,1330.0,29870300.0
2022-09-30 09:00:00+00:00,1325.0,1355.0,1310.0,1350.0,56082000.0
2022-10-03 09:00:00+00:00,1350.0,1350.0,1325.0,1345.0,22738700.0
2022-10-04 09:00:00+00:00,1355.0,1415.0,1355.0,1405.0,76605100.0
2022-10-05 09:00:00+00:00,1420.0,1430.0,1405.0,1415.0,65511100.0
2022-10-06 09:00:00+00:00,1420.0,1475.0,1405.0,1405.0,54404500.0
2022-10-07 09:00:00+00:00,1400.0,1405.0,1355.0,1365.0,41152600.0
2022-10-10 09:00:00+00:00,1365.0,1370.0,1330.0,1330.0,37876100.0
2022-10-11 09:00:00+00:00,1335.0,1420.0,1330.0,1410.0,51924300.0
2022-10-12 09:00:00+00:00,1420.0,1450.0,1375.0,1450.0,59097000.0
2022-10-13 09:00:00+00:00,1445.0,1460.0,1400.0,1410.0,51663700.0
2022-10-14 09:00:00+00:00,1415.0,1445.0,1410.0,1440.0,53612500.0
2022-10-17 09:00:00+00:00,1425.0,1430.0,1390.0,1410.0,44307500.0
2022-10-18 09:00:00+00:00,1420.0,1440.0,1405.0,1440.0,83976600.0
2022-10-19 09:00:00+00:00,1445.0,1480.0,1435.0,1450.0,70532000.0
2022-10-20 09:00:00+00:00,1445.0,1495.0,1435.0,1450.0,89974800.0
2022-10-21 09:00:00+00:00,1450.0,1455.0,1435.0,1435.0,34692800.0
2022-10-24 09:00:00+00:00,1450.0,1485.0,1435.0,1450.0,74242400.0
2022-10-25 09:00:00+00:00,1465.0,1485.0,1350.0,1360.0,110331300.0
2022-10-26 09:00:00+00:00,1365.0,1395.0,1345.0,1395.0,89000000.0
2022-10-27 09:00:00+00:00,1395.0,1465.0,1385.0,1425.0,96556500.0
2022-10-28 09:00:00+00:00,1425.0,1445.0,1415.0,1445.0,45448500.0
2022-10-31 09:00:00+00:00,1445.0,1560.0,1445.0,1560.0,72087200.0
2022-11-01 09:00:00+00:00,1560.0,1560.0,1455.0,1455.0,104088500.0
2022-11-02 09:00:00+00:00,1460.0,1500.0,1460.0,1495.0,54695900.0
2022-11-03 09:00:00+00:00,1495.0,1580.0,1495.0,1550.0,70198100.0
2022-11-04 09:00:00+00:00,1550.0,1555.0,1475.0,1515.0,55118200.0
2022-11-07 09:00:00+00:00,1540.0,1540.0,1490.0,1495.0,33745400.0
2022-11-08 09:00:00+00:00,1500.0,1510.0,1460.0,1470.0,39862100.0
2022-11-09 09:00:00+00:00,1475.0,1490.0,1445.0,1470.0,37978500.0
2022-11-10 09:00:00+00:00,1470.0,1470.0,1430.0,1460.0,31553900.0
2022-11-11 09:00:00+00:00,1470.0,1485.0,1440.0,1480.0,53201600.0
2022-11-14 09:00:00+00:00,1450.0,1480.0,1385.0,1385.0,68478600.0
2022-11-15 09:00:00+00:00,1390.0,1435.0,1365.0,1420.0,58094500.0
2022-11-16 09:00:00+00:00,1420.0,1430.0,1385.0,1405.0,38951000.0
2022-11-17 09:00:00+00:00,1410.0,1410.0,1310.0,1350.0,86089600.0
2022-11-18 09:00:00+00:00,1335.0,1380.0,1325.0,1365.0,41770800.0
2022-11-21 09:00:00+00:00,1365.0,1400.0,1350.0,1400.0,44802400.0
2022-11-22 09:00:00+00:00,1400.0,1420.0,1365.0,1390.0,43693500.0
2022-11-23 09:00:00+00:00,1390.0,1400.0,1375.0,1390.0,25132100.0
2022-11-24 09:00:00+00:00,1390.0,1395.0,1365.0,1365.0,22979400.0
2022-11-25 09:00:00+00:00,1365.0,1365.0,1340.0,1360.0,28423100.0
2022-11-28 09:00:00+00:00,1360.0,1370.0,1345.0,1370.0,29009900.0
2022-11-29 09:00:00+00:00,1370.0,1395.0,1365.0,1390.0,41959400.0
2022-11-30 09:00:00+00:00,1390.0,1405.0,1360.0,1385.0,67853300.0
2022-12-01 09:00:00+00:00,1385.0,1465.0,1385.0,1440.0,76646300.0
2022-12-02 09:00:00+00:00,1445.0,1455.0,1425.0,1450.0,34444300.0
2022-12-05 09:00:00+00:00,1450.0,1455.0,1400.0,1400.0,73391400.0
2022-12-06 09:00:00+00:00,1395.0,1395.0,1325.0,1360.0,63134900.0
2022-12-07 09:00:00+00:00,1360.0,1375.0,1330.0,1375.0,43821500.0
2022-12-08 09:00:00+00:00,1375.0,1375.0,1340.0,1360.0,45953200.0
2022-12-09 09:00:00+00:00,1365.0,1370.0,1335.0,1360.0,35887200.0
2022-12-12 09:00:00+00:00,1360.0,1385.0,1355.0,1380.0,33307000.0
2022-12-13 09:00:00+00:00,1390.0,1440.0,1380.0,1430.0,37882700.0
2022-12-14 09:00:00+00:00,1440.0,1445.0,1415.0,1420.0,18364000.0
2022-12-15 09:00:00+00:00,1425.0,1430.0,1400.0,1420.0,24408400.0
2022-12-16 09:00:00+00:00,1410.0,1420.0,1365.0,1380.0,34235100.0
2022-12-19 09:00:00+00:00,1360.0,1375.0,1315.0,1340.0,48794900.0
2022-12-20 09:00:00+00:00,1330.0,1370.0,1330.0,1355.0,25027000.0
2022-12-21 09:00:00+00:00,1350.0,1380.0,1340.0,1370.0,24147100.0
2022-12-22 09:00:00+00:00,1370.0,1410.0,1370.0,1400.0,28107900.0
2022-12-23 09:00:00+00:00,1400.0,1405.0,1380.0,1400.0,19255000.0
2022-12-26 09:00:00+00:00,1410.0,1410.0,1385.0,1395.0,11998000.0
2022-12-27 09:00:00+00:00,1395.0,1400.0,1380.0,1380.0,16529100.0
2022-12-28 09:00:00+00:00,1380.0,1420.0,1375.0,1420.0,30710400.0
2022-12-29 09:00:00+00:00,1415.0,1420.0,1395.0,1405.0,19919700.0
2022-12-30 09:00:00+00:00,1405.0,1430.0,1400.0,1400.0,23158800.0
2023-01-02 09:00:00+00:00,1400.0,1405.0,1375.0,1385.0,15363600.0
2023-01-03 09:00:00+00:00,1385.0,1410.0,1350.0,1350.0,32260600.0
2023-01-04 09:00:00+00:00,1365.0,1365.0,1275.0,1290.0,44109500.0
2023-01-05 09:00:00+00:00,1275.0,1305.0,1200.0,1230.0,60622100.0
2023-01-06 09:00:00+00:00,1230.0,1290.0,1215.0,1270.0,36566800.0
2023-01-09 09:00:00+00:00,1275.0,1275.0,1235.0,1265.0,35775200.0
2023-01-10 09:00:00+00:00,1270.0,1270.0,1215.0,1255.0,47048600.0
2023-01-11 09:00:00+00:00,1240.0,1290.0,1240.0,1260.0,47927800.0
2023-01-12 09:00:00+00:00,1260.0,1325.0,1250.0,1320.0,41809800.0
2023-01-13 09:00:00+00:00,1325.0,1325.0,1290.0,1315.0,29313900.0
2023-01-16 09:00:00+00:00,1315.0,1325.0,1310.0,1310.0,18355300.0
2023-01-17 09:00:00+00:00,1310.0,1330.0,1290.0,1330.0,29257200.0
2023-01-18 09:00:00+00:00,1330.0,1330.0,1295.0,1300.0,27702300.0
2023-01-19 09:00:00+00:00,1300.0,1315.0,1280.0,1305.0,24133700.0
2023-01-20 09:00:00+00:00,1310.0,1325.0,1295.0,1325.0,22369700.0
2023-01-24 09:00:00+00:00,1330.0,1360.0,1320.0,1350.0,25018700.0
2023-01-25 09:00:00+00:00,1350.0,1360.0,1335.0,1350.0,20326200.0
2023-01-26 09:00:00+00:00,1355.0,1420.0,1350.0,1400.0,59473700.0
2023-01-27 09:00:00+00:00,1420.0,1420.0,1375.0,1390.0,26787400.0
2023-01-30 09:00:00+00:00,1390.0,1400.0,1345.0,1345.0,25290500.0
2023-01-31 09:00:00+00:00,1345.0,1345.0,1310.0,1310.0,74406500.0
2023-02-01 09:00:00+00:00,1320.0,1390.0,1315.0,1370.0,44293500.0
2023-02-02 09:00:00+00:00,1380.0,1425.0,1365.0,1425.0,53896100.0
2023-02-03 09:00:00+00:00,1420.0,1420.0,1335.0,1355.0,48629300.0
2023-02-06 09:00:00+00:00,1350.0,1350.0,1310.0,1315.0,32398100.0
2023-02-07 09:00:00+00:00,1330.0,1330.0,1305.0,1325.0,36469600.0
2023-02-08 09:00:00+00:00,1325.0,1340.0,1290.0,1300.0,44781500.0
2023-02-09 09:00:00+00:00,1300.0,1305.0,1265.0,1280.0,47302000.0
2023-02-10 09:00:00+00:00,1280.0,1315.0,1265.0,1310.0,39029300.0
2023-02-13 09:00:00+00:00,1315.0,1325.0,1300.0,1300.0,31049700.0
2023-02-14 09:00:00+00:00,1300.0,1360.0,1300.0,1355.0,48477800.0
2023-02-15 09:00:00+00:00,1355.0,1365.0,1315.0,1340.0,30761900.0
2023-02-16 09:00:00+00:00,1360.0,1360.0,1325.0,1330.0,28919800.0
2023-02-17 09:00:00+00:00,1330.0,1330.0,1300.0,1320.0,28153400.0
2023-02-20 09:00:00+00:00,1320.0,1325.0,1305.0,1310.0,14588000.0
2023-02-21 09:00:00+00:00,1310.0,1335.0,1305.0,1320.0,26283800.0
2023-02-22 09:00:00+00:00,1320.0,1330.0,1310.0,1315.0,21556100.0
2023-02-23 09:00:00+00:00,1315.0,1365.0,1315.0,1345.0,34061000.0
2023-02-24 09:00:00+00:00,1350.0,1410.0,1345.0,1400.0,69629300.0
2023-02-27 09:00:00+00:00,1400.0,1400.0,1375.0,1385.0,41927200.0
2023-02-28 09:00:00+00:00,1385.0,1420.0,1360.0,1385.0,58681900.0
2023-03-01 09:00:00+00:00,1390.0,1420.0,1385.0,1405.0,31898300.0
2023-03-02 09:00:00+00:00,1410.0,1450.0,1410.0,1445.0,44659900.0
2023-03-03 09:00:00+00:00,1450.0,1470.0,1415.0,1420.0,33605600.0
2023-03-06 09:00:00+00:00,1430.0,1435.0,1385.0,1390.0,23465900.0
2023-03-07 09:00:00+00:00,1385.0,1420.0,1385.0,1405.0,27313200.0
2023-03-08 09:00:00+00:00,1405.0,1420.0,1385.0,1390.0,23793000.0
2023-03-09 09:00:00+00:00,1390.0,1415.0,1375.0,1405.0,30346000.0
2023-03-10 09:00:00+00:00,1400.0,1400.0,1355.0,1385.0,37567500.0
2023-03-13 09:00:00+00:00,1385.0,1395.0,1375.0,1390.0,28338600.0
2023-03-14 09:00:00+00:00,1390.0,1400.0,1355.0,1395.0,28046700.0
2023-03-15 09:00:00+00:00,1385.0,1410.0,1380.0,1400.0,26959800.0
2023-03-16 09:00:00+00:00,1395.0,1400.0,1315.0,1355.0,51693300.0
2023-03-17 09:00:00+00:00,1355.0,1390.0,1340.0,1385.0,39032200.0
2023-03-20 09:00:00+00:00,1380.0,1410.0,1380.0,1405.0,22351600.0
2023-03-21 09:00:00+00:00,1410.0,1430.0,1405.0,1425.0,22785000.0
2023-03-24 09:00:00+00:00,1445.0,1615.0,1440.0,1540.0,138524800.0
2023-03-27 09:00:00+00:00,1540.0,1540.0,1505.0,1540.0,48275400.0
2023-03-28 09:00:00+00:00,1540.0,1575.0,1525.0,1540.0,40584100.0
2023-03-29 09:00:00+00:00,1540.0,1650.0,1535.0,1615.0,54257500.0
2023-03-30 09:00:00+00:00,1625.0,1625.0,1545.0,1575.0,43438300.0
2023-03-31 09:00:00+00:00,1580.0,1590.0,1550.0,1550.0,42636500.0
2023-04-03 09:00:00+00:00,1565.0,1590.0,1540.0,1555.0,37296800.0
2023-04-04 09:00:00+00:00,1565.0,1570.0,1545.0,1565.0,42708100.0
2023-04-05 09:00:00+00:00,1565.0,1580.0,1545.0,1550.0,43617900.0
2023-04-06 09:00:00+00:00,1550.0,1595.0,1550.0,1575.0,31004700.0
2023-04-10 09:00:00+00:00,1575.0,1585.0,1565.0,1580.0,28125500.0
2023-04-11 09:00:00+00:00,1580.0,1595.0,1570.0,1595.0,24408600.0
2023-04-12 09:00:00+00:00,1595.0,1625.0,1580.0,1580.0,29836900.0
2023-04-13 09:00:00+00:00,1580.0,1605.0,1575.0,1575.0,23857500.0
2023-04-14 09:00:00+00:00,1585.0,1610.0,1580.0,1595.0,34557600.0
2023-04-17 09:00:00+00:00,1580.0,1635.0,1560.0,1585.0,43281700.0
2023-04-18 09:00:00+00:00,1585.0,1630.0,1585.0,1615.0,49444200.0
2023-04-26 09:00:00+00:00,1615.0,1625.0,1565.0,1625.0,68489500.0
2023-04-27 09:00:00+00:00,1625.0,1670.0,1610.0,1615.0,54559200.0
2023-04-28 09:00:00+00:00,1620.0,1655.0,1615.0,1620.0,37151600.0
2023-05-02 09:00:00+00:00,1620.0,1625.0,1600.0,1605.0,25618400.0
2023-05-03 09:00:00+00:00,1605.0,1605.0,1515.0,1565.0,57239200.0
2023-05-04 09:00:00+00:00,1565.0,1575.0,1535.0,1550.0,45915600.0
2023-05-05 09:00:00+00:00,1550.0,1550.0,1495.0,1505.0,40331400.0
2023-05-08 09:00:00+00:00,1510.0,1515.0,1475.0,1505.0,39020300.0
2023-05-09 09:00:00+00:00,1505.0,1515.0,1475.0,1505.0,47166700.0
2023-05-10 09:00:00+00:00,1485.0,1485.0,1400.0,1400.0,84230300.0
2023-05-11 09:00:00+00:00,1400.0,1420.0,1360.0,1385.0,81317300.0
2023-05-12 09:00:00+00:00,1395.0,1400.0,1340.0,1370.0,44796800.0
2023-05-15 09:00:00+00:00,1370.0,1395.0,1335.0,1380.0,53606900.0
2023-05-16 09:00:00+00:00,1385.0,1390.0,1295.0,1300.0,79421300.0
2023-05-17 09:00:00+00:00,1300.0,1330.0,1280.0,1325.0,51236000.0
2023-05-19 09:00:00+00:00,1330.0,1355.0,1310.0,1345.0,60448200.0
2023-05-22 09:00:00+00:00,1350.0,1365.0,1340.0,1355.0,45372700.0
2023-05-23 09:00:00+00:00,1360.0,1370.0,1345.0,1365.0,32691600.0
2023-05-24 09:00:00+00:00,1365.0,1370.0,1350.0,1365.0,0.0
2023-05-25 09:00:00+00:00,1365.0,1385.0,1360.0,1365.0,40981300.0
2023-05-26 09:00:00+00:00,1360.0,1385.0,1360.0,1365.0,34875200.0
2023-05-29 09:00:00+00:00,1365.0,1385.0,1365.0,1375.0,23981600.0
2023-05-30 09:00:00+00:00,1380.0,1400.0,1375.0,1395.0,29283400.0
2023-05-31 09:00:00+00:00,1400.0,1405.0,1365.0,1365.0,69762800.0
2023-06-05 09:00:00+00:00,1380.0,1395.0,1350.0,1360.0,40429900.0
2023-06-06 09:00:00+00:00,1350.0,1410.0,1350.0,1405.0,41126300.0
2023-06-07 09:00:00+00:00,1415.0,1440.0,1405.0,1415.0,72420800.0
2023-06-08 09:00:00+00:00,1415.0,1425.0,1380.0,1390.0,33983800.0
2023-06-09 09:00:00+00:00,1390.0,1410.0,1380.0,1405.0,27343100.0
2023-06-12 09:00:00+00:00,1410.0,1450.0,1405.0,1440.0,48498100.0
2023-06-13 09:00:00+00:00,1450.0,1450.0,1415.0,1425.0,26702900.0
2023-06-14 09:00:00+00:00,1430.0,1485.0,1425.0,1470.0,46565100.0
2023-06-15 09:00:00+00:00,1475.0,1490.0,1460.0,1465.0,25794000.0
2023-06-16 09:00:00+00:00,1465.0,1495.0,1450.0,1450.0,30024500.0
2023-06-19 09:00:00+00:00,1450.0,1450.0,1425.0,1445.0,25292500.0
2023-06-20 09:00:00+00:00,1455.0,1535.0,1455.0,1505.0,91565500.0
2023-06-21 09:00:00+00:00,1505.0,1515.0,1480.0,1500.0,37429200.0
2023-06-22 09:00:00+00:00,1500.0,1530.0,1495.0,1515.0,41557200.0
2023-06-23 09:00:00+00:00,1500.0,1525.0,1490.0,1495.0,39830800.0
2023-06-26 09:00:00+00:00,1505.0,1510.0,1470.0,1490.0,30438700.0
2023-06-27 09:00:00+00:00,1490.0,1500.0,1395.0,1420.0,75942600.0
2023-07-03 09:00:00+00:00,1420.0,1420.0,1365.0,1405.0,57722100.0
2023-07-04 09:00:00+00:00,1405.0,1420.0,1400.0,1400.0,17572400.0
2023-07-05 09:00:00+00:00,1400.0,1415.0,1385.0,1400.0,42293400.0
2023-07-06 09:00:00+00:00,1410.0,1440.0,1405.0,1435.0,23647700.0
2023-07-07 09:00:00+00:00,1445.0,1460.0,1435.0,1450.0,19490100.0
2023-07-10 09:00:00+00:00,1455.0,1470.0,1445.0,1450.0,18010100.0
2023-07-11 09:00:00+00:00,1460.0,1480.0,1450.0,1470.0,20738700.0
2023-07-12 09:00:00+00:00,1475.0,1485.0,1445.0,1450.0,24522800.0
2023-07-13 09:00:00+00:00,1455.0,1470.0,1445.0,1455.0,27229500.0
2023-07-14 09:00:00+00:00,1455.0,1460.0,1410.0,1415.0,35578800.0
2023-07-17 09:00:00+00:00,1425.0,1430.0,1410.0,1410.0,12080300.0
2023-07-18 09:00:00+00:00,1410.0,1420.0,1385.0,1390.0,21527800.0
2023-07-20 09:00:00+00:00,1395.0,1405.0,1385.0,1390.0,18576100.0
2023-07-21 09:00:00+00:00,1395.0,1400.0,1365.0,1375.0,22961200.0
2023-07-24 09:00:00+00:00,1375.0,1385.0,1355.0,1365.0,30930300.0
2023-07-25 09:00:00+00:00,1375.0,1400.0,1370.0,1375.0,36543200.0
2023-07-26 09:00:00+00:00,1395.0,1420.0,1380.0,1405.0,61792600.0
2023-07-27 09:00:00+00:00,1415.0,1445.0,1415.0,1430.0,70343600.0
2023-07-28 09:00:00+00:00,1430.0,1435.0,1390.0,1400.0,53228600.0
2023-07-31 09:00:00+00:00,1400.0,1400.0,1340.0,1385.0,109935100.0
2023-08-01 09:00:00+00:00,1380.0,1380.0,1295.0,1295.0,108698000.0
2023-08-02 09:00:00+00:00,1300.0,1335.0,1295.0,1330.0,69258800.0
2023-08-03 09:00:00+00:00,1330.0,1345.0,1325.0,1330.0,73360700.0
2023-08-04 09:00:00+00:00,1300.0,1325.0,1285.0,1315.0,62885800.0
2023-08-07 09:00:00+00:00,1320.0,1325.0,1295.0,1300.0,28619800.0
2023-08-08 09:00:00+00:00,1300.0,1310.0,1275.0,1280.0,56331700.0
2023-08-09 09:00:00+00:00,1280.0,1280.0,1255.0,1275.0,53615100.0
2023-08-10 09:00:00+00:00,1275.0,1300.0,1275.0,1285.0,37788900.0
2023-08-11 09:00:00+00:00,1285.0,1290.0,1260.0,1260.0,33624800.0
2023-08-14 09:00:00+00:00,1260.0,1290.0,1255.0,1285.0,38783700.0
2023-08-15 09:00:00+00:00,1290.0,1315.0,1270.0,1305.0,42864800.0
2023-08-16 09:00:00+00:00,1310.0,1315.0,1295.0,1310.0,10797500.0
2023-08-18 09:00:00+00:00,1310.0,1315.0,1285.0,1300.0,17056300.0
2023-08-21 09:00:00+00:00,1300.0,1310.0,1280.0,1290.0,16886400.0
2023-08-22 09:00:00+00:00,1280.0,1330.0,1280.0,1315.0,38212400.0
2023-08-23 09:00:00+00:00,1320.0,1325.0,1310.0,1315.0,22452000.0
2023-08-24 09:00:00+00:00,1315.0,1330.0,1315.0,1320.0,33301100.0
2023-08-25 09:00:00+00:00,1325.0,1325.0,1300.0,1315.0,21826500.0
2023-08-28 09:00:00+00:00,1325.0,1330.0,1315.0,1325.0,27767300.0
2023-08-29 09:00:00+00:00,1325.0,1360.0,1305.0,1355.0,43057400.0
2023-08-30 09:00:00+00:00,1365.0,1400.0,1360.0,1390.0,64146800.0
2023-08-31 09:00:00+00:00,1395.0,1415.0,1375.0,1400.0,57617300.0
2023-09-01 09:00:00+00:00,1410.0,1495.0,1405.0,1495.0,119685200.0
2023-09-04 09:00:00+00:00,1505.0,1555.0,1480.0,1530.0,75683600.0
2023-09-05 09:00:00+00:00,1530.0,1535.0,1455.0,1465.0,73571900.0
2023-09-06 09:00:00+00:00,1470.0,1535.0,1470.0,1495.0,90661800.0
2023-09-07 09:00:00+00:00,1500.0,1515.0,1475.0,1475.0,35367900.0
2023-09-08 09:00:00+00:00,1475.0,1475.0,1425.0,1445.0,52029400.0
2023-09-11 09:00:00+00:00,1445.0,1470.0,1430.0,1460.0,30106700.0
2023-09-12 09:00:00+00:00,1460.0,1475.0,1440.0,1440.0,41382500.0
2023-09-13 09:00:00+00:00,1450.0,1485.0,1445.0,1475.0,50875000.0
2023-09-14 09:00:00+00:00,1475.0,1495.0,1465.0,1470.0,35708000.0
2023-09-15 09:00:00+00:00,1490.0,1500.0,1475.0,1485.0,22157800.0
2023-09-18 09:00:00+00:00,1490.0,1525.0,1475.0,1475.0,34227500.0
2023-09-19 09:00:00+00:00,1490.0,1490.0,1465.0,1475.0,25577100.0
2023-09-20 09:00:00+00:00,1475.0,1495.0,1460.0,1460.0,20318800.0
2023-09-21 09:00:00+00:00,1460.0,1465.0,1440.0,1450.0,19940600.0
2023-09-22 09:00:00+00:00,1455.0,1485.0,1450.0,1475.0,12754400.0
2023-09-25 09:00:00+00:00,1485.0,1490.0,1455.0,1460.0,9397500.0
2023-09-26 09:00:00+00:00,1465.0,1470.0,1450.0,1460.0,17872100.0
2023-09-27 09:00:00+00:00,1465.0,1525.0,1460.0,1520.0,49922200.0
2023-09-29 09:00:00+00:00,1550.0,1560.0,1525.0,1545.0,46666800.0
2023-10-02 09:00:00+00:00,1545.0,1550.0,1510.0,1515.0,27063700.0
2023-10-03 09:00:00+00:00,1500.0,1500.0,1425.0,1430.0,67065300.0
2023-10-04 09:00:00+00:00,1430.0,1435.0,1400.0,1410.0,33221000.0
2023-10-05 09:00:00+00:00,1400.0,1415.0,1360.0,1405.0,37200200.0
2023-10-06 09:00:00+00:00,1405.0,1420.0,1395.0,1420.0,24624700.0
2023-10-09 09:00:00+00:00,1475.0,1495.0,1450.0,1490.0,68316600.0
2023-10-10 09:00:00+00:00,1500.0,1510.0,1455.0,1460.0,28074200.0
2023-10-11 09:00:00+00:00,1460.0,1475.0,1440.0,1455.0,54585900.0
2023-10-12 09:00:00+00:00,1455.0,1465.0,1435.0,1445.0,11776300.0
2023-10-13 09:00:00+00:00,1455.0,1475.0,1450.0,1460.0,12721200.0
2023-10-16 09:00:00+00:00,1485.0,1490.0,1440.0,1445.0,20918300.0
2023-10-17 09:00:00+00:00,1450.0,1455.0,1425.0,1440.0,31657200.0
2023-10-18 09:00:00+00:00,1440.0,1455.0,1430.0,1440.0,48787100.0
2023-10-19 09:00:00+00:00,1440.0,1480.0,1430.0,1440.0,44708700.0
2023-10-20 09:00:00+00:00,1450.0,1465.0,1435.0,1455.0,19153300.0
2023-10-23 09:00:00+00:00,1455.0,1460.0,1430.0,1450.0,17338100.0
2023-10-24 09:00:00+00:00,1450.0,1475.0,1400.0,1460.0,34390900.0
2023-10-25 09:00:00+00:00,1450.0,1465.0,1425.0,1440.0,58138300.0
2023-10-26 09:00:00+00:00,1445.0,1455.0,1415.0,1435.0,57202300.0
2023-10-27 09:00:00+00:00,1435.0,1460.0,1420.0,1440.0,27582200.0
2023-10-30 09:00:00+00:00,1450.0,1470.0,1445.0,1450.0,23490000.0
2023-10-31 09:00:00+00:00,1460.0,1495.0,1445.0,1490.0,33516800.0
2023-11-01 09:00:00+00:00,1490.0,1515.0,1475.0,1505.0,30492600.0
2023-11-02 09:00:00+00:00,1505.0,1540.0,1475.0,1475.0,27258800.0
2023-11-03 09:00:00+00:00,1465.0,1500.0,1450.0,1475.0,25459300.0
2023-11-06 09:00:00+00:00,1500.0,1515.0,1480.0,1505.0,17383400.0
2023-11-07 09:00:00+00:00,1505.0,1515.0,1485.0,1490.0,10785400.0
2023-11-08 09:00:00+00:00,1490.0,1500.0,1460.0,1475.0,13830900.0
2023-11-09 09:00:00+00:00,1475.0,1495.0,1465.0,1475.0,5519600.0
2023-11-10 09:00:00+00:00,1475.0,1475.0,1435.0,1435.0,17471800.0
2023-11-13 09:00:00+00:00,1440.0,1460.0,1440.0,1455.0,5113700.0
2023-11-14 09:00:00+00:00,1460.0,1465.0,1450.0,1455.0,4506100.0
2023-11-15 09:00:00+00:00,1465.0,1485.0,1465.0,1465.0,8905800.0
2023-11-16 09:00:00+00:00,1465.0,1475.0,1445.0,1455.0,9204200.0
2023-11-17 09:00:00+00:00,1450.0,1455.0,1425.0,1430.0,16970700.0
2023-11-20 09:00:00+00:00,1435.0,1460.0,1435.0,1460.0,8266900.0
2023-11-21 09:00:00+00:00,1470.0,1470.0,1435.0,1455.0,13208500.0
2023-11-22 09:00:00+00:00,1455.0,1465.0,1445.0,1460.0,2385500.0
2023-11-23 09:00:00+00:00,1460.0,1460.0,1435.0,1450.0,11927300.0
2023-11-24 09:00:00+00:00,1450.0,1460.0,1440.0,1450.0,3571000.0
2023-11-27 09:00:00+00:00,1450.0,1460.0,1440.0,1440.0,2957100.0
2023-11-28 09:00:00+00:00,1440.0,1450.0,1420.0,1430.0,14789400.0
2023-11-29 09:00:00+00:00,1435.0,1460.0,1435.0,1445.0,15331500.0
2023-11-30 09:00:00+00:00,1440.0,1450.0,1430.0,1435.0,22778300.0
2023-12-01 09:00:00+00:00,1435.0,1450.0,1430.0,1435.0,11839500.0
2023-12-04 09:00:00+00:00,1430.0,1435.0,1385.0,1405.0,39952300.0
2023-12-05 09:00:00+00:00,1405.0,1405.0,1380.0,1405.0,17370700.0
2023-12-06 09:00:00+00:00,1410.0,1410.0,1380.0,1400.0,25699400.0
2023-12-07 09:00:00+00:00,1395.0,1395.0,1330.0,1335.0,52791100.0
2023-12-08 09:00:00+00:00,1340.0,1405.0,1340.0,1395.0,46031900.0
2023-12-11 09:00:00+00:00,1400.0,1415.0,1380.0,1400.0,20048500.0
2023-12-12 09:00:00+00:00,1400.0,1425.0,1400.0,1400.0,16966300.0
2023-12-13 09:00:00+00:00,1415.0,1415.0,1385.0,1400.0,7185000.0
2023-12-14 09:00:00+00:00,1405.0,1460.0,1395.0,1450.0,37996700.0
2023-12-15 09:00:00+00:00,1460.0,1465.0,1440.0,1465.0,11478200.0
2023-12-18 09:00:00+00:00,1465.0,1475.0,1435.0,1440.0,13052600.0
2023-12-19 09:00:00+00:00,1460.0,1465.0,1445.0,1450.0,14757900.0
2023-12-20 09:00:00+00:00,1455.0,1470.0,1435.0,1450.0,4958300.0
2023-12-21 09:00:00+00:00,1450.0,1450.0,1415.0,1435.0,10587200.0
2023-12-22 09:00:00+00:00,1435.0,1450.0,1425.0,1450.0,8475500.0
2023-12-27 09:00:00+00:00,1450.0,1455.0,1415.0,1445.0,21903200.0
2023-12-28 09:00:00+00:00,1445.0,1455.0,1425.0,1445.0,12812800.0
2023-12-29 09:00:00+00:00,1450.0,1490.0,1435.0,1475.0,34881900.0
2024-01-02 09:00:00+00:00,1480.0,1500.0,1475.0,1500.0,19729600.0
2024-01-03 09:00:00+00:00,1500.0,1525.0,1485.0,1515.0,25552200.0
2024-01-04 09:00:00+00:00,1515.0,1615.0,1500.0,1580.0,61082800.0
2024-01-05 09:00:00+00:00,1580.0,1585.0,1555.0,1565.0,22261800.0
2024-01-08 09:00:00+00:00,1570.0,1585.0,1540.0,1550.0,30316100.0
2024-01-09 09:00:00+00:00,1550.0,1555.0,1525.0,1550.0,20394800.0
2024-01-10 09:00:00+00:00,1565.0,1575.0,1540.0,1565.0,19032600.0
2024-01-11 09:00:00+00:00,1560.0,1560.0,1540.0,1545.0,11108300.0
2024-01-12 09:00:00+00:00,1555.0,1570.0,1550.0,1560.0,14347100.0
2024-01-15 09:00:00+00:00,1560.0,1580.0,1560.0,1565.0,15360800.0
2024-01-16 09:00:00+00:00,1570.0,1645.0,1560.0,1580.0,47221300.0
2024-01-17 09:00:00+00:00,1600.0,1640.0,1595.0,1610.0,49950600.0
2024-01-18 09:00:00+00:00,1600.0,1620.0,1580.0,1610.0,20247200.0
2024-01-19 09:00:00+00:00,1600.0,1640.0,1595.0,1625.0,24248800.0
2024-01-22 09:00:00+00:00,1625.0,1665.0,1620.0,1635.0,44882500.0
2024-01-23 09:00:00+00:00,1645.0,1670.0,1630.0,1650.0,33771800.0
2024-01-24 09:00:00+00:00,1665.0,1665.0,1635.0,1650.0,11708900.0
2024-01-25 09:00:00+00:00,1650.0,1660.0,1620.0,1650.0,20692400.0
2024-01-26 09:00:00+00:00,1665.0,1695.0,1665.0,1680.0,30956100.0
2024-01-29 09:00:00+00:00,1690.0,1690.0,1625.0,1635.0,40945300.0
2024-01-30 09:00:00+00:00,1635.0,1650.0,1605.0,1635.0,24423800.0
2024-01-31 09:00:00+00:00,1635.0,1650.0,1610.0,1620.0,32066600.0
2024-02-01 09:00:00+00:00,1605.0,1630.0,1580.0,1610.0,41115500.0
2024-02-02 09:00:00+00:00,1620.0,1625.0,1590.0,1590.0,31878300.0
2024-02-05 09:00:00+00:00,1600.0,1615.0,1585.0,1605.0,24985800.0
2024-02-06 09:00:00+00:00,1620.0,1645.0,1605.0,1630.0,20643800.0
2024-02-07 09:00:00+00:00,1630.0,1640.0,1610.0,1620.0,9645800.0
2024-02-12 09:00:00+00:00,1630.0,1650.0,1620.0,1630.0,14098600.0
2024-02-13 09:00:00+00:00,1630.0,1640.0,1605.0,1635.0,18305200.0
2024-02-15 09:00:00+00:00,1625.0,1650.0,1620.0,1640.0,42268900.0
2024-02-16 09:00:00+00:00,1640.0,1645.0,1600.0,1625.0,30025900.0
2024-02-19 09:00:00+00:00,1625.0,1630.0,1605.0,1620.0,14713800.0
2024-02-20 09:00:00+00:00,1620.0,1630.0,1610.0,1615.0,15396400.0
2024-02-21 09:00:00+00:00,1625.0,1625.0,1610.0,1620.0,15710900.0
2024-02-22 09:00:00+00:00,1620.0,1635.0,1610.0,1630.0,17176000.0
2024-02-23 09:00:00+00:00,1630.0,1630.0,1610.0,1630.0,12938100.0
2024-02-26 09:00:00+00:00,1630.0,1630.0,1605.0,1620.0,15874800.0
2024-02-27 09:00:00+00:00,1635.0,1670.0,1615.0,1655.0,47246800.0
2024-02-28 09:00:00+00:00,1660.0,1675.0,1655.0,1670.0,28491100.0
2024-02-29 09:00:00+00:00,1675.0,1745.0,1655.0,1700.0,111783100.0
2024-03-01 09:00:00+00:00,1700.0,1775.0,1700.0,1750.0,56670000.0
2024-03-04 09:00:00+00:00,1760.0,1775.0,1745.0,1750.0,25838900.0
2024-03-05 09:00:00+00:00,1750.0,1795.0,1720.0,1790.0,28450100.0
2024-03-06 09:00:00+00:00,1790.0,1810.0,1770.0,1790.0,41290100.0
2024-03-07 09:00:00+00:00,1790.0,1795.0,1750.0,1785.0,17969900.0
2024-03-08 09:00:00+00:00,1785.0,1790.0,1750.0,1750.0,17107700.0
2024-03-13 09:00:00+00:00,1750.0,1775.0,1750.0,1750.0,25094900.0
2024-03-14 09:00:00+00:00,1755.0,1770.0,1735.0,1750.0,28332500.0
2024-03-15 09:00:00+00:00,1750.0,1770.0,1745.0,1750.0,33497400.0
2024-03-18 09:00:00+00:00,1750.0,1775.0,1750.0,1755.0,29844600.0
2024-03-19 09:00:00+00:00,1760.0,1785.0,1760.0,1785.0,29797900.0
2024-03-20 09:00:00+00:00,1785.0,1795.0,1780.0,1795.0,7949300.0
2024-03-21 09:00:00+00:00,1800.0,1825.0,1760.0,1775.0,36692800.0
2024-03-22 09:00:00+00:00,1770.0,1770.0,1675.0,1700.0,62851300.0
2024-03-25 09:00:00+00:00,1740.0,1740.0,1700.0,1735.0,31529200.0
2024-03-26 09:00:00+00:00,1745.0,1745.0,1715.0,1725.0,41254600.0
2024-03-27 09:00:00+00:00,1725.0,1725.0,1655.0,1700.0,61247600.0
2024-03-28 09:00:00+00:00,1705.0,1720.0,1690.0,1720.0,20960500.0
2024-04-01 09:00:00+00:00,1700.0,1710.0,1690.0,1710.0,20971800.0
2024-04-02 09:00:00+00:00,1715.0,1790.0,1715.0,1790.0,46450500.0
2024-04-03 09:00:00+00:00,1790.0,1805.0,1765.0,1775.0,21815700.0
2024-04-04 09:00:00+00:00,1785.0,1785.0,1755.0,1770.0,18901900.0
2024-04-05 09:00:00+00:00,1770.0,1770.0,1725.0,1735.0,16681800.0
2024-04-16 09:00:00+00:00,1745.0,1865.0,1740.0,1815.0,70263600.0
2024-04-17 09:00:00+00:00,1820.0,1845.0,1760.0,1795.0,33121500.0
2024-04-18 09:00:00+00:00,1780.0,1860.0,1765.0,1850.0,74643800.0
2024-04-19 09:00:00+00:00,1855.0,1860.0,1830.0,1845.0,30275300.0
2024-04-22 09:00:00+00:00,1850.0,1850.0,1770.0,1795.0,28934700.0
2024-04-23 09:00:00+00:00,1800.0,1825.0,1780.0,1800.0,19344700.0
2024-04-24 09:00:00+00:00,1805.0,1810.0,1785.0,1790.0,9951800.0
2024-04-25 09:00:00+00:00,1785.0,1785.0,1700.0,1735.0,29677200.0
2024-04-26 09:00:00+00:00,1730.0,1730.0,1570.0,1600.0,51436000.0
2024-04-29 09:00:00+00:00,1630.0,1655.0,1580.0,1650.0,49231200.0
2024-04-30 09:00:00+00:00,1650.0,1700.0,1645.0,1675.0,39874500.0
2024-05-02 09:00:00+00:00,1675.0,1675.0,1625.0,1650.0,31920000.0
2024-05-03 09:00:00+00:00,1650.0,1665.0,1635.0,1650.0,25719900.0
2024-05-06 09:00:00+00:00,1675.0,1695.0,1650.0,1680.0,25738900.0
2024-05-07 09:00:00+00:00,1685.0,1685.0,1640.0,1660.0,42058600.0
2024-05-08 09:00:00+00:00,1660.0,1670.0,1630.0,1660.0,24326100.0
2024-05-13 09:00:00+00:00,1625.0,1660.0,1610.0,1650.0,29132900.0
2024-05-14 09:00:00+00:00,1645.0,1650.0,1615.0,1635.0,37598100.0
2024-05-15 09:00:00+00:00,1635.0,1635.0,1600.0,1625.0,29325100.0
2024-05-16 09:00:00+00:00,1625.0,1625.0,1570.0,1580.0,38036500.0
2024-05-17 09:00:00+00:00,1580.0,1580.0,1545.0,1580.0,45137600.0
2024-05-20 09:00:00+00:00,1585.0,1610.0,1585.0,1610.0,20667200.0
2024-05-21 09:00:00+00:00,1615.0,1615.0,1565.0,1570.0,25675100.0
2024-05-22 09:00:00+00:00,1575.0,1600.0,1565.0,1595.0,21673100.0
2024-05-27 09:00:00+00:00,1590.0,1590.0,1565.0,1580.0,11663200.0
2024-05-28 09:00:00+00:00,1580.0,1585.0,1560.0,1580.0,33149900.0
2024-05-29 09:00:00+00:00,1585.0,1670.0,1580.0,1650.0,38063800.0
2024-05-30 09:00:00+00:00,1650.0,1675.0,1615.0,1625.0,24260800.0
2024-05-31 09:00:00+00:00,1625.0,1630.0,1595.0,1600.0,52085700.0
2024-06-03 09:00:00+00:00,1600.0,1615.0,1585.0,1605.0,38926500.0
2024-06-04 09:00:00+00:00,1605.0,1615.0,1580.0,1600.0,26482200.0
2024-06-05 09:00:00+00:00,1595.0,1595.0,1565.0,1570.0,10587000.0
2024-06-06 09:00:00+00:00,1590.0,1590.0,1570.0,1590.0,4920800.0
2024-06-07 09:00:00+00:00,1590.0,1605.0,1575.0,1600.0,5301400.0
2024-06-10 09:00:00+00:00,1600.0,1640.0,1600.0,1620.0,14436500.0
2024-06-11 09:00:00+00:00,1630.0,1640.0,1595.0,1605.0,13570300.0
2024-06-12 09:00:00+00:00,1625.0,1625.0,1570.0,1590.0,33004100.0
2024-06-13 09:00:00+00:00,1590.0,1595.0,1575.0,1590.0,8741800.0
2024-06-14 09:00:00+00:00,1585.0,1595.0,1565.0,1570.0,34268800.0
2024-06-19 09:00:00+00:00,1570.0,1590.0,1565.0,1580.0,13150600.0
2024-06-20 09:00:00+00:00,1580.0,1585.0,1530.0,1565.0,18016700.0
2024-06-21 09:00:00+00:00,1565.0,1580.0,1560.0,1580.0,10842900.0
2024-06-24 09:00:00+00:00,1580.0,1640.0,1565.0,1630.0,30591000.0
2024-06-25 09:00:00+00:00,1635.0,1635.0,1610.0,1635.0,9270000.0
2024-06-26 09:00:00+00:00,1635.0,1650.0,1620.0,1640.0,13892700.0
2024-06-27 09:00:00+00:00,1640.0,1650.0,1630.0,1645.0,14086000.0
2024-06-28 09:00:00+00:00,1650.0,1685.0,1620.0,1620.0,54713000.0
2024-07-01 09:00:00+00:00,1620.0,1620.0,1580.0,1600.0,39977300.0
2024-07-02 09:00:00+00:00,1605.0,1610.0,1585.0,1595.0,22875200.0
2024-07-03 09:00:00+00:00,1600.0,1605.0,1570.0,1590.0,24992500.0
2024-07-04 09:00:00+00:00,1595.0,1600.0,1570.0,1580.0,29464100.0
2024-07-05 09:00:00+00:00,1580.0,1580.0,1550.0,1565.0,42352900.0
2024-07-08 09:00:00+00:00,1565.0,1565.0,1480.0,1515.0,116960300.0
2024-07-09 09:00:00+00:00,1515.0,1520.0,1490.0,1500.0,70559200.0
2024-07-10 09:00:00+00:00,1500.0,1520.0,1500.0,1510.0,47426100.0
2024-07-11 09:00:00+00:00,1515.0,1520.0,1505.0,1505.0,39265500.0
2024-07-12 09:00:00+00:00,1505.0,1520.0,1485.0,1500.0,53464000.0
2024-07-15 09:00:00+00:00,1500.0,1505.0,1470.0,1505.0,35246200.0
2024-07-16 09:00:00+00:00,1510.0,1530.0,1495.0,1505.0,40727000.0
2024-07-17 09:00:00+00:00,1510.0,1510.0,1500.0,1505.0,9934200.0
2024-07-18 09:00:00+00:00,1510.0,1525.0,1505.0,1520.0,24084000.0
2024-07-19 09:00:00+00:00,1520.0,1525.0,1505.0,1515.0,23974400.0
2024-07-22 09:00:00+00:00,1515.0,1520.0,1505.0,1510.0,22977900.0
2024-07-23 09:00:00+00:00,1510.0,1515.0,1500.0,1505.0,14435800.0
2024-07-24 09:00:00+00:00,1505.0,1510.0,1500.0,1505.0,17161700.0
2024-07-25 09:00:00+00:00,1505.0,1520.0,1500.0,1510.0,30671700.0
2024-07-26 09:00:00+00:00,1515.0,1555.0,1505.0,1555.0,56522600.0
2024-07-29 09:00:00+00:00,1560.0,1565.0,1515.0,1530.0,71126900.0
2024-07-30 09:00:00+00:00,1520.0,1525.0,1505.0,1525.0,46147900.0
2024-07-31 09:00:00+00:00,1525.0,1525.0,1510.0,1515.0,44530100.0
2024-08-01 09:00:00+00:00,1520.0,1525.0,1505.0,1520.0,43081000.0
2024-08-02 09:00:00+00:00,1520.0,1535.0,1510.0,1525.0,44466400.0
2024-08-05 09:00:00+00:00,1480.0,1485.0,1390.0,1405.0,76682000.0
2024-08-06 09:00:00+00:00,1420.0,1425.0,1395.0,1405.0,36130900.0
2024-08-07 09:00:00+00:00,1410.0,1445.0,1410.0,1440.0,36483600.0
2024-08-08 09:00:00+00:00,1435.0,1435.0,1415.0,1420.0,14812500.0
2024-08-09 09:00:00+00:00,1425.0,1465.0,1425.0,1450.0,25551400.0
2024-08-12 09:00:00+00:00,1460.0,1495.0,1450.0,1485.0,20080600.0
2024-08-13 09:00:00+00:00,1485.0,1495.0,1465.0,1485.0,19820000.0
2024-08-14 09:00:00+00:00,1490.0,1540.0,1490.0,1540.0,43755500.0
2024-08-15 09:00:00+00:00,1540.0,1545.0,1515.0,1520.0,14553000.0
2024-08-16 09:00:00+00:00,1530.0,1530.0,1510.0,1515.0,9495000.0
2024-08-19 09:00:00+00:00,1520.0,1520.0,1490.0,1505.0,14164300.0
2024-08-20 09:00:00+00:00,1505.0,1510.0,1490.0,1510.0,29192200.0
2024-08-21 09:00:00+00:00,1510.0,1510.0,1485.0,1500.0,31377200.0
2024-08-22 09:00:00+00:00,1485.0,1500.0,1460.0,1460.0,23827500.0
2024-08-23 09:00:00+00:00,1465.0,1485.0,1445.0,1450.0,25527400.0
2024-08-26 09:00:00+00:00,1455.0,1470.0,1450.0,1470.0,11643900.0
2024-08-27 09:00:00+00:00,1470.0,1485.0,1470.0,1485.0,16105800.0
2024-08-28 09:00:00+00:00,1490.0,1510.0,1480.0,1505.0,14552500.0
2024-08-29 09:00:00+00:00,1515.0,1515.0,1465.0,1480.0,17757000.0
2024-08-30 09:00:00+00:00,1485.0,1500.0,1475.0,1495.0,14752800.0
2024-09-02 09:00:00+00:00,1495.0,1500.0,1475.0,1495.0,12960800.0
2024-09-03 09:00:00+00:00,1495.0,1495.0,1455.0,1475.0,23480400.0
2024-09-04 09:00:00+00:00,1450.0,1455.0,1410.0,1435.0,69195400.0
2024-09-05 09:00:00+00:00,1435.0,1435.0,1415.0,1435.0,28611500.0
2024-09-06 09:00:00+00:00,1430.0,1435.0,1420.0,1420.0,25575900.0
2024-09-09 09:00:00+00:00,1420.0,1425.0,1400.0,1410.0,37903200.0
2024-09-10 09:00:00+00:00,1415.0,1450.0,1415.0,1435.0,28906400.0
2024-09-11 09:00:00+00:00,1435.0,1455.0,1425.0,1430.0,30513300.0
2024-09-12 09:00:00+00:00,1445.0,1480.0,1440.0,1470.0,31056100.0
2024-09-13 09:00:00+00:00,1480.0,1485.0,1455.0,1470.0,25941500.0
2024-09-17 09:00:00+00:00,1470.0,1490.0,1445.0,1480.0,21005700.0
2024-09-18 09:00:00+00:00,1490.0,1490.0,1465.0,1465.0,16032600.0
2024-09-19 09:00:00+00:00,1465.0,1475.0,1460.0,1470.0,13725400.0
2024-09-20 09:00:00+00:00,1465.0,1495.0,1455.0,1495.0,25744400.0
2024-09-23 09:00:00+00:00,1495.0,1525.0,1485.0,1520.0,36891300.0
2024-09-24 09:00:00+00:00,1520.0,1570.0,1520.0,1560.0,73483600.0
2024-09-25 09:00:00+00:00,1565.0,1570.0,1530.0,1530.0,25501400.0
2024-09-26 09:00:00+00:00,1520.0,1535.0,1505.0,1525.0,17326300.0
2024-09-27 09:00:00+00:00,1530.0,1560.0,1525.0,1550.0,21847000.0
2024-09-30 09:00:00+00:00,1550.0,1560.0,1535.0,1550.0,41433100.0
2024-10-01 09:00:00+00:00,1550.0,1560.0,1535.0,1550.0,18501400.0
2024-10-02 09:00:00+00:00,1570.0,1590.0,1565.0,1580.0,51032700.0
2024-10-03 09:00:00+00:00,1585.0,1605.0,1580.0,1595.0,30228600.0
2024-10-04 09:00:00+00:00,1605.0,1625.0,1600.0,1615.0,38957200.0
2024-10-07 09:00:00+00:00,1620.0,1650.0,1605.0,1615.0,39757900.0
2024-10-08 09:00:00+00:00,1625.0,1635.0,1530.0,1545.0,47830700.0
2024-10-09 09:00:00+00:00,1545.0,1560.0,1510.0,1525.0,13382500.0
2024-10-10 09:00:00+00:00,1525.0,1545.0,1520.0,1545.0,24932700.0
2024-10-11 09:00:00+00:00,1555.0,1555.0,1525.0,1540.0,26540700.0
2024-10-14 09:00:00+00:00,1540.0,1550.0,1535.0,1535.0,16921100.0
2024-10-15 09:00:00+00:00,1535.0,1535.0,1460.0,1460.0,76281500.0
2024-10-16 09:00:00+00:00,1460.0,1500.0,1440.0,1500.0,87830300.0
2024-10-17 09:00:00+00:00,1490.0,1500.0,1470.0,1490.0,33232900.0
2024-10-18 09:00:00+00:00,1490.0,1495.0,1445.0,1445.0,32732500.0
2024-10-21 09:00:00+00:00,1445.0,1460.0,1440.0,1445.0,18463700.0
2024-10-22 09:00:00+00:00,1455.0,1460.0,1445.0,1450.0,11212400.0
2024-10-23 09:00:00+00:00,1450.0,1455.0,1435.0,1440.0,20374000.0
2024-10-24 09:00:00+00:00,1440.0,1445.0,1415.0,1420.0,25511300.0
2024-10-25 09:00:00+00:00,1420.0,1425.0,1405.0,1410.0,16167000.0
2024-10-28 09:00:00+00:00,1400.0,1400.0,1360.0,1360.0,30299600.0
2024-10-29 09:00:00+00:00,1360.0,1370.0,1325.0,1350.0,39414800.0
2024-10-30 09:00:00+00:00,1350.0,1405.0,1345.0,1395.0,28664900.0
2024-10-31 09:00:00+00:00,1395.0,1400.0,1350.0,1350.0,20612300.0
2024-11-01 09:00:00+00:00,1360.0,1390.0,1335.0,1350.0,11986500.0
2024-11-04 09:00:00+00:00,1350.0,1355.0,1295.0,1300.0,28039500.0
2024-11-05 09:00:00+00:00,1300.0,1375.0,1300.0,1360.0,18635900.0
2024-11-06 09:00:00+00:00,1370.0,1370.0,1325.0,1340.0,10084500.0
2024-11-07 09:00:00+00:00,1340.0,1340.0,1300.0,1310.0,22193100.0
2024-11-08 09:00:00+00:00,1310.0,1395.0,1300.0,1375.0,18680300.0
2024-11-11 09:00:00+00:00,1380.0,1380.0,1320.0,1380.0,11115600.0
2024-11-12 09:00:00+00:00,1370.0,1370.0,1335.0,1350.0,10596000.0
2024-11-13 09:00:00+00:00,1350.0,1385.0,1350.0,1370.0,12322900.0
2024-11-14 09:00:00+00:00,1370.0,1370.0,1340.0,1350.0,4379000.0
2024-11-15 09:00:00+00:00,1350.0,1350.0,1295.0,1300.0,23204000.0
2024-11-18 09:00:00+00:00,1300.0,1345.0,1295.0,1340.0,6406100.0
2024-11-19 09:00:00+00:00,1340.0,1355.0,1305.0,1310.0,8415600.0
2024-11-20 09:00:00+00:00,1315.0,1340.0,1310.0,1330.0,4283100.0
2024-11-21 09:00:00+00:00,1340.0,1350.0,1300.0,1305.0,11152300.0
2024-11-22 09:00:00+00:00,1305.0,1315.0,1295.0,1305.0,8139900.0
2024-11-25 09:00:00+00:00,1305.0,1325.0,1265.0,1265.0,31557000.0
2024-11-26 09:00:00+00:00,1265.0,1270.0,1225.0,1230.0,20033500.0
2024-11-28 09:00:00+00:00,1230.0,1240.0,1210.0,1225.0,9779700.0
2024-11-29 09:00:00+00:00,1240.0,1240.0,1215.0,1230.0,10050900.0
2024-12-02 09:00:00+00:00,1230.0,1245.0,1215.0,1225.0,6943300.0
2024-12-03 09:00:00+00:00,1225.0,1225.0,1210.0,1225.0,9081300.0
2024-12-04 09:00:00+00:00,1230.0,1280.0,1230.0,1270.0,14029000.0
2024-12-05 09:00:00+00:00,1270.0,1330.0,1255.0,1315.0,20916400.0
2024-12-06 09:00:00+00:00,1310.0,1325.0,1295.0,1320.0,7469600.0
2024-12-09 09:00:00+00:00,1320.0,1345.0,1310.0,1345.0,11416100.0
2024-12-10 09:00:00+00:00,1345.0,1370.0,1340.0,1355.0,20212300.0
2024-12-11 09:00:00+00:00,1350.0,1355.0,1330.0,1335.0,8953300.0
2024-12-12 09:00:00+00:00,1340.0,1355.0,1325.0,1335.0,12145100.0
2024-12-13 09:00:00+00:00,1340.0,1340.0,1310.0,1315.0,2378500.0
2024-12-16 09:00:00+00:00,1315.0,1315.0,1275.0,1280.0,9572400.0
2024-12-17 09:00:00+00:00,1280.0,1280.0,1220.0,1225.0,10926800.0
2024-12-18 09:00:00+00:00,1225.0,1235.0,1155.0,1170.0,24012100.0
2024-12-19 09:00:00+00:00,1165.0,1165.0,1115.0,1120.0,17013800.0
2024-12-20 09:00:00+00:00,1120.0,1165.0,1115.0,1140.0,34868800.0
2024-12-23 09:00:00+00:00,1130.0,1165.0,1120.0,1130.0,11855900.0
2024-12-24 09:00:00+00:00,1140.0,1145.0,1115.0,1120.0,9323900.0
2024-12-27 09:00:00+00:00,1120.0,1140.0,1115.0,1120.0,8081800.0
2024-12-30 09:00:00+00:00,1135.0,1140.0,1075.0,1120.0,23803000.0
2025-01-02 09:00:00+00:00,1135.0,1155.0,1125.0,1155.0,8611700.0
2025-01-03 09:00:00+00:00,1155.0,1165.0,1125.0,1125.0,10465700.0
2025-01-06 09:00:00+00:00,1125.0,1125.0,1045.0,1045.0,31499500.0
2025-01-07 09:00:00+00:00,1045.0,1100.0,1030.0,1100.0,25083900.0
2025-01-08 09:00:00+00:00,1100.0,1200.0,1075.0,1170.0,27246700.0
2025-01-09 09:00:00+00:00,1170.0,1210.0,1125.0,1175.0,39594900.0
2025-01-10 09:00:00+00:00,1195.0,1200.0,1150.0,1200.0,19095000.0
2025-01-13 09:00:00+00:00,1200.0,1225.0,1170.0,1170.0,21845100.0
2025-01-14 09:00:00+00:00,1175.0,1225.0,1175.0,1210.0,30809000.0
2025-01-15 09:00:00+00:00,1210.0,1225.0,1200.0,1220.0,9454600.0
2025-01-16 09:00:00+00:00,1225.0,1230.0,1200.0,1200.0,10048300.0
2025-01-17 09:00:00+00:00,1215.0,1215.0,1200.0,1200.0,13736400.0
2025-01-20 09:00:00+00:00,1205.0,1270.0,1200.0,1250.0,15922100.0
2025-01-21 09:00:00+00:00,1255.0,1270.0,1230.0,1245.0,12795900.0
2025-01-22 09:00:00+00:00,1245.0,1250.0,1225.0,1230.0,21429600.0
2025-01-23 09:00:00+00:00,1235.0,1260.0,1230.0,1230.0,14115700.0
2025-01-24 09:00:00+00:00,1235.0,1235.0,1180.0,1190.0,8745500.0
2025-01-30 09:00:00+00:00,1190.0,1190.0,1105.0,1120.0,22731900.0
2025-01-31 09:00:00+00:00,1120.0,1130.0,1085.0,1110.0,15260000.0
2025-02-03 09:00:00+00:00,1110.0,1115.0,1075.0,1095.0,17601300.0
2025-02-04 09:00:00+00:00,1100.0,1115.0,1090.0,1105.0,19037800.0
2025-02-05 09:00:00+00:00,1155.0,1155.0,1110.0,1125.0,7284600.0
2025-02-06 09:00:00+00:00,1120.0,1125.0,1095.0,1125.0,8697200.0
2025-02-07 09:00:00+00:00,1125.0,1140.0,1080.0,1130.0,10178800.0
2025-02-10 09:00:00+00:00,1125.0,1125.0,1080.0,1105.0,18296800.0
2025-02-11 09:00:00+00:00,1105.0,1120.0,1090.0,1105.0,12066800.0
2025-02-12 09:00:00+00:00,1105.0,1110.0,1095.0,1105.0,20398900.0
2025-02-13 09:00:00+00:00,1110.0,1115.0,1100.0,1105.0,12541000.0
2025-02-14 09:00:00+00:00,1105.0,1110.0,1090.0,1110.0,6777300.0
2025-02-17 09:00:00+00:00,1100.0,1125.0,1100.0,1115.0,8150500.0
2025-02-18 09:00:00+00:00,1115.0,1215.0,1115.0,1200.0,34916000.0
2025-02-19 09:00:00+00:00,1215.0,1235.0,1190.0,1205.0,19535200.0
2025-02-20 09:00:00+00:00,1210.0,1250.0,1200.0,1235.0,14590200.0
2025-02-21 09:00:00+00:00,1235.0,1240.0,1210.0,1230.0,6012600.0
2025-02-24 09:00:00+00:00,1235.0,1235.0,1215.0,1215.0,6739900.0
2025-02-25 09:00:00+00:00,1220.0,1225.0,1195.0,1200.0,6982800.0
2025-02-26 09:00:00+00:00,1200.0,1220.0,1200.0,1205.0,6508500.0
2025-02-27 09:00:00+00:00,1220.0,1330.0,1220.0,1310.0,106148000.0
2025-02-28 09:00:00+00:00,1315.0,1325.0,1240.0,1240.0,68456200.0
2025-03-03 09:00:00+00:00,1250.0,1265.0,1210.0,1235.0,14419900.0
2025-03-04 09:00:00+00:00,1245.0,1250.0,1160.0,1210.0,18755400.0
2025-03-05 09:00:00+00:00,1210.0,1230.0,1195.0,1205.0,26585700.0
2025-03-06 09:00:00+00:00,1205.0,1295.0,1205.0,1280.0,16652000.0
2025-03-07 09:00:00+00:00,1285.0,1330.0,1285.0,1305.0,19320300.0
2025-03-10 09:00:00+00:00,1300.0,1315.0,1265.0,1290.0,18780900.0
2025-03-11 09:00:00+00:00,1280.0,1305.0,1270.0,1280.0,11118400.0
2025-03-12 09:00:00+00:00,1285.0,1320.0,1285.0,1305.0,14964100.0
2025-03-13 09:00:00+00:00,1320.0,1320.0,1165.0,1175.0,29318000.0
2025-03-14 09:00:00+00:00,1185.0,1190.0,1115.0,1140.0,24900600.0
2025-03-17 09:00:00+00:00,1145.0,1145.0,1110.0,1125.0,10410200.0
2025-03-18 09:00:00+00:00,1130.0,1145.0,1075.0,1085.0,22122500.0
2025-03-19 09:00:00+00:00,1100.0,1125.0,1075.0,1095.0,11023700.0
2025-03-20 09:00:00+00:00,1100.0,1135.0,1100.0,1100.0,12106900.0
2025-03-21 09:00:00+00:00,1110.0,1130.0,1100.0,1100.0,13009500.0
2025-03-24 09:00:00+00:00,1105.0,1110.0,1050.0,1095.0,17113500.0
2025-03-25 09:00:00+00:00,1095.0,1240.0,1060.0,1135.0,39599000.0
2025-03-26 09:00:00+00:00,1135.0,1155.0,1105.0,1105.0,21919200.0
2025-03-27 09:00:00+00:00,1105.0,1120.0,1085.0,1095.0,14647900.0
2025-04-08 09:00:00+00:00,980.0,990.0,945.0,970.0,35624800.0
2025-04-09 09:00:00+00:00,970.0,990.0,890.0,900.0,28171900.0
2025-04-10 09:00:00+00:00,960.0,1125.0,960.0,1100.0,54694300.0
2025-04-11 09:00:00+00:00,1095.0,1100.0,1035.0,1050.0,44556100.0
2025-04-14 09:00:00+00:00,1050.0,1110.0,1050.0,1075.0,42021900.0
2025-04-15 09:00:00+00:00,1075.0,1095.0,1050.0,1050.0,38244900.0
2025-04-16 09:00:00+00:00,1050.0,1070.0,1035.0,1045.0,43241300.0
2025-04-17 09:00:00+00:00,1045.0,1060.0,1035.0,1050.0,29713300.0
2025-04-21 09:00:00+00:00,1060.0,1120.0,1050.0,1075.0,20406600.0
2025-04-22 09:00:00+00:00,1075.0,1110.0,1075.0,1105.0,8977800.0
2025-04-23 09:00:00+00:00,1115.0,1155.0,1115.0,1135.0,25700100.0
2025-04-24 09:00:00+00:00,1135.0,1210.0,1125.0,1195.0,37037500.0
2025-04-25 09:00:00+00:00,1200.0,1215.0,1160.0,1185.0,17807500.0
2025-04-28 09:00:00+00:00,1185.0,1225.0,1180.0,1200.0,14284900.0
2025-04-29 09:00:00+00:00,1205.0,1250.0,1185.0,1240.0,31709500.0
2025-04-30 09:00:00+00:00,1245.0,1295.0,1245.0,1260.0,27856200.0
2025-05-02 09:00:00+00:00,1260.0,1275.0,1230.0,1245.0,12944500.0
2025-05-05 09:00:00+00:00,1250.0,1300.0,1250.0,1270.0,25617600.0
2025-05-06 09:00:00+00:00,1275.0,1280.0,1235.0,1270.0,35014300.0
2025-05-07 09:00:00+00:00,1275.0,1310.0,1265.0,1290.0,51677100.0
2025-05-08 09:00:00+00:00,1250.0,1265.0,1235.0,1240.0,21267800.0
2025-05-09 09:00:00+00:00,1255.0,1280.0,1235.0,1245.0,13151300.0
2025-05-14 09:00:00+00:00,1245.0,1290.0,1245.0,1255.0,12681700.0
2025-05-15 09:00:00+00:00,1265.0,1265.0,1245.0,1250.0,6869900.0
2025-05-16 09:00:00+00:00,1265.0,1285.0,1245.0,1275.0,16234900.0
2025-05-19 09:00:00+00:00,1280.0,1305.0,1265.0,1270.0,29643700.0
2025-05-20 09:00:00+00:00,1270.0,1300.0,1265.0,1270.0,11316900.0
2025-05-21 09:00:00+00:00,1280.0,1375.0,1275.0,1375.0,79062900.0
2025-05-22 09:00:00+00:00,1375.0,1380.0,1245.0,1340.0,44031200.0
2025-05-23 09:00:00+00:00,1315.0,1330.0,1300.0,1300.0,20126500.0
2025-05-26 09:00:00+00:00,1315.0,1315.0,1270.0,1295.0,16582300.0
2025-05-27 09:00:00+00:00,1305.0,1305.0,1285.0,1290.0,9273300.0
2025-05-28 09:00:00+00:00,1300.0,1305.0,1275.0,1275.0,19460200.0
2025-06-02 09:00:00+00:00,1275.0,1280.0,1205.0,1235.0,18308900.0
2025-06-03 09:00:00+00:00,1245.0,1265.0,1215.0,1265.0,22336000.0
2025-06-04 09:00:00+00:00,1265.0,1270.0,1235.0,1235.0,16382100.0
2025-06-05 09:00:00+00:00,1230.0,1235.0,1200.0,1210.0,13396700.0
2025-06-10 09:00:00+00:00,1210.0,1255.0,1200.0,1220.0,42485200.0
2025-06-11 09:00:00+00:00,1220.0,1250.0,1215.0,1250.0,19813000.0
2025-06-12 09:00:00+00:00,1270.0,1300.0,1265.0,1285.0,30722400.0
2025-06-13 09:00:00+00:00,1315.0,1350.0,1315.0,1315.0,40347700.0
2025-06-16 09:00:00+00:00,1345.0,1370.0,1275.0,1280.0,37928300.0
2025-06-17 09:00:00+00:00,1280.0,1295.0,1260.0,1295.0,14556900.0
2025-06-18 09:00:00+00:00,1315.0,1345.0,1300.0,1305.0,29404400.0
2025-06-19 09:00:00+00:00,1325.0,1325.0,1255.0,1275.0,25798500.0
2025-06-20 09:00:00+00:00,1270.0,1275.0,1215.0,1215.0,74805100.0
2025-06-23 09:00:00+00:00,1250.0,1305.0,1250.0,1260.0,63994800.0
2025-06-24 09:00:00+00:00,1200.0,1255.0,1200.0,1210.0,30056900.0
2025-06-25 09:00:00+00:00,1230.0,1235.0,1155.0,1155.0,29321300.0
2025-06-26 09:00:00+00:00,1155.0,1195.0,1150.0,1190.0,13652800.0
2025-06-30 09:00:00+00:00,1200.0,1210.0,1160.0,1160.0,14031500.0
2025-07-01 09:00:00+00:00,1175.0,1185.0,1160.0,1170.0,6446300.0
2025-07-02 09:00:00+00:00,1180.0,1185.0,1160.0,1165.0,7495700.0
2025-07-03 09:00:00+00:00,1180.0,1190.0,1160.0,1180.0,27687500.0
2025-07-04 09:00:00+00:00,1180.0,1200.0,1170.0,1190.0,3302500.0
2025-07-07 09:00:00+00:00,1190.0,1190.0,1130.0,1170.0,17320400.0
2025-07-08 09:00:00+00:00,1175.0,1190.0,1160.0,1160.0,12607700.0
2025-07-09 09:00:00+00:00,1160.0,1175.0,1155.0,1155.0,8542000.0
2025-07-10 09:00:00+00:00,1160.0,1180.0,1155.0,1170.0,10611900.0
2025-07-11 09:00:00+00:00,1170.0,1200.0,1170.0,1190.0,17852600.0
2025-07-14 09:00:00+00:00,1200.0,1230.0,1195.0,1215.0,22878900.0
2025-07-15 09:00:00+00:00,1220.0,1255.0,1215.0,1240.0,17562800.0
2025-07-16 09:00:00+00:00,1260.0,1265.0,1205.0,1220.0,18628400.0
2025-07-17 09:00:00+00:00,1220.0,1225.0,1200.0,1215.0,7532800.0
2025-07-18 09:00:00+00:00,1215.0,1215.0,1185.0,1190.0,19848100.0
2025-07-21 09:00:00+00:00,1210.0,1215.0,1200.0,1215.0,11720600.0
2025-07-22 09:00:00+00:00,1220.0,1235.0,1215.0,1220.0,11997100.0
2025-07-23 09:00:00+00:00,1220.0,1260.0,1220.0,1260.0,20850200.0
2025-07-24 09:00:00+00:00,1260.0,1270.0,1105.0,1240.0,49255900.0
2025-07-25 09:00:00+00:00,1250.0,1250.0,1220.0,1240.0,10994500.0
2025-07-28 09:00:00+00:00,1250.0,1330.0,1240.0,1320.0,59236400.0
2025-07-29 09:00:00+00:00,1330.0,1365.0,1320.0,1345.0,68257700.0
2025-07-30 09:00:00+00:00,1345.0,1350.0,1310.0,1325.0,25241900.0
2025-07-31 09:00:00+00:00,1330.0,1345.0,1315.0,1340.0,34690600.0
2025-08-01 09:00:00+00:00,1345.0,1350.0,1320.0,1325.0,21339200.0
2025-08-04 09:00:00+00:00,1335.0,1335.0,1290.0,1295.0,34302800.0
2025-08-05 09:00:00+00:00,1310.0,1340.0,1300.0,1315.0,41352100.0
2025-08-06 09:00:00+00:00,1265.0,1280.0,1255.0,1270.0,24092200.0
2025-08-07 09:00:00+00:00,1275.0,1315.0,1265.0,1305.0,29576100.0
2025-08-08 09:00:00+00:00,1310.0,1310.0,1265.0,1305.0,11756500.0
2025-08-11 09:00:00+00:00,1305.0,1310.0,1280.0,1285.0,7210100.0
2025-08-12 09:00:00+00:00,1285.0,1290.0,1260.0,1260.0,15845200.0
2025-08-13 09:00:00+00:00,1285.0,1285.0,1255.0,1280.0,12972700.0
2025-08-14 09:00:00+00:00,1280.0,1280.0,1255.0,1255.0,13887400.0
2025-08-15 09:00:00+00:00,1255.0,1300.0,1255.0,1260.0,36936400.0
2025-08-19 09:00:00+00:00,1260.0,1260.0,1210.0,1220.0,32554500.0
2025-08-20 09:00:00+00:00,1215.0,1235.0,1195.0,1230.0,43491000.0
2025-08-21 09:00:00+00:00,1230.0,1255.0,1220.0,1225.0,19274600.0
2025-08-22 09:00:00+00:00,1235.0,1245.0,1220.0,1230.0,12616000.0
2025-08-25 09:00:00+00:00,1250.0,1260.0,1235.0,1250.0,19749600.0
2025-08-26 09:00:00+00:00,1260.0,1270.0,1225.0,1225.0,22037000.0
2025-08-27 09:00:00+00:00,1225.0,1230.0,1200.0,1215.0,21191100.0
2025-08-28 09:00:00+00:00,1215.0,1230.0,1200.0,1225.0,29688600.0
2025-08-29 09:00:00+00:00,1220.0,1220.0,1175.0,1195.0,25836300.0
2025-09-01 09:00:00+00:00,1150.0,1200.0,1135.0,1190.0,25919200.0
2025-09-02 09:00:00+00:00,1195.0,1210.0,1190.0,1200.0,13499000.0
2025-09-03 09:00:00+00:00,1210.0,1240.0,1205.0,1235.0,20502900.0
2025-09-04 09:00:00+00:00,1240.0,1255.0,1215.0,1230.0,18458100.0
2025-09-08 09:00:00+00:00,1235.0,1245.0,1215.0,1220.0,16725500.0
2025-09-09 09:00:00+00:00,1220.0,1235.0,1200.0,1220.0,9571700.0
2025-09-10 09:00:00+00:00,1220.0,1235.0,1200.0,1230.0,9415000.0
2025-09-11 09:00:00+00:00,1250.0,1250.0,1220.0,1220.0,9479600.0
2025-09-12 09:00:00+00:00,1230.0,1230.0,1205.0,1205.0,10286500.0
2025-09-15 09:00:00+00:00,1210.0,1220.0,1195.0,1200.0,16661800.0
2025-09-16 09:00:00+00:00,1205.0,1260.0,1195.0,1240.0,39184100.0
2025-09-17 09:00:00+00:00,1255.0,1260.0,1235.0,1245.0,16849100.0
2025-09-18 09:00:00+00:00,1250.0,1250.0,1230.0,1240.0,9346300.0
2025-09-19 09:00:00+00:00,1240.0,1245.0,1205.0,1225.0,11234400.0
2025-09-22 09:00:00+00:00,1220.0,1230.0,1195.0,1200.0,20733300.0
2025-09-23 09:00:00+00:00,1205.0,1220.0,1195.0,1210.0,16056000.0
2025-09-24 09:00:00+00:00,1215.0,1220.0,1205.0,1210.0,16063200.0
2025-09-25 09:00:00+00:00,1220.0,1250.0,1210.0,1220.0,28450800.0
2025-09-26 09:00:00+00:00,1230.0,1235.0,1205.0,1235.0,13158100.0
2025-09-29 09:00:00+00:00,1245.0,1250.0,1205.0,1215.0,15003300.0
2025-09-30 09:00:00+00:00,1215.0,1225.0,1205.0,1210.0,12765000.0
2025-10-01 09:00:00+00:00,1225.0,1225.0,1130.0,1135.0,48348900.0
2025-10-02 09:00:00+00:00,1140.0,1155.0,1115.0,1115.0,29380300.0
2025-10-03 09:00:00+00:00,1115.0,1150.0,1115.0,1135.0,15598700.0
2025-10-06 09:00:00+00:00,1135.0,1145.0,1115.0,1115.0,19125000.0
2025-10-07 09:00:00+00:00,1125.0,1145.0,1115.0,1130.0,26040700.0
2025-10-08 09:00:00+00:00,1130.0,1150.0,1120.0,1125.0,15336000.0
2025-10-09 09:00:00+00:00,1130.0,1140.0,1110.0,1130.0,13713100.0
2025-10-10 09:00:00+00:00,1120.0,1130.0,1105.0,1105.0,14320900.0
2025-10-13 09:00:00+00:00,1100.0,1110.0,1085.0,1090.0,23584400.0
2025-10-14 09:00:00+00:00,1090.0,1105.0,1065.0,1075.0,31616400.0
2025-10-15 09:00:00+00:00,1090.0,1100.0,1065.0,1065.0,101285100.0
2025-10-16 09:00:00+00:00,1100.0,1110.0,1070.0,1085.0,30891200.0
2025-10-17 09:00:00+00:00,1085.0,1090.0,1065.0,1070.0,10922600.0
2025-10-20 09:00:00+00:00,1075.0,1100.0,1075.0,1090.0,8629500.0
2025-10-21 09:00:00+00:00,1090.0,1140.0,1090.0,1130.0,35361500.0
2025-10-22 09:00:00+00:00,1135.0,1145.0,1095.0,1095.0,21046600.0
2025-10-23 09:00:00+00:00,1105.0,1130.0,1095.0,1115.0,23455400.0
2025-10-24 09:00:00+00:00,1150.0,1235.0,1150.0,1210.0,124769100.0
2025-10-27 09:00:00+00:00,1230.0,1260.0,1210.0,1215.0,70441000.0
2025-10-28 09:00:00+00:00,1230.0,1230.0,1190.0,1210.0,27306900.0
2025-10-29 09:00:00+00:00,1200.0,1240.0,1200.0,1220.0,41887600.0
2025-10-30 09:00:00+00:00,1220.0,1250.0,1200.0,1205.0,49401600.0
2025-10-31 09:00:00+00:00,1205.0,1235.0,1200.0,1220.0,44720900.0
2025-11-03 09:00:00+00:00,1220.0,1270.0,1215.0,1250.0,50402400.0
2025-11-04 09:00:00+00:00,1255.0,1270.0,1240.0,1270.0,30699300.0
2025-11-05 09:00:00+00:00,1270.0,1270.0,1220.0,1235.0,36271600.0
2025-11-06 09:00:00+00:00,1235.0,1260.0,1230.0,1245.0,16070600.0
2025-11-07 09:00:00+00:00,1250.0,1255.0,1235.0,1250.0,9832800.0
2025-11-10 09:00:00+00:00,1250.0,1250.0,1210.0,1210.0,19988600.0
2025-11-11 09:00:00+00:00,1220.0,1240.0,1210.0,1225.0,13260000.0
2025-11-12 09:00:00+00:00,1225.0,1260.0,1225.0,1255.0,16520200.0
2025-11-13 09:00:00+00:00,1255.0,1255.0,1235.0,1240.0,6951900.0
2025-11-14 09:00:00+00:00,1245.0,1250.0,1220.0,1230.0,9916900.0
2025-11-17 09:00:00+00:00,1230.0,1430.0,1220.0,1275.0,32981600.0
2025-11-18 09:00:00+00:00,1275.0,1360.0,1260.0,1345.0,82461500.0
2025-11-19 09:00:00+00:00,1345.0,1355.0,1305.0,1340.0,35019100.0
2025-11-20 09:00:00+00:00,1345.0,1355.0,1265.0,1275.0,38891400.0
2025-11-21 09:00:00+00:00,1280.0,1300.0,1275.0,1290.0,10733100.0
2025-11-24 09:00:00+00:00,1325.0,1325.0,1260.0,1260.0,21042500.0
2025-11-25 09:00:00+00:00,1260.0,1270.0,1230.0,1260.0,9304000.0
2025-11-26 09:00:00+00:00,1275.0,1275.0,1245.0,1270.0,6796200.0
2025-11-27 09:00:00+00:00,1275.0,1275.0,1225.0,1240.0,18917600.0
2025-11-28 09:00:00+00:00,1245.0,1260.0,1230.0,1240.0,7621300.0
2025-12-01 09:00:00+00:00,1250.0,1250.0,1220.0,1220.0,12547300.0
2025-12-02 09:00:00+00:00,1230.0,1255.0,1225.0,1240.0,13000100.0
2025-12-03 09:00:00+00:00,1240.0,1245.0,1225.0,1235.0,9012400.0
2025-12-04 09:00:00+00:00,1230.0,1320.0,1225.0,1315.0,35528300.0
2025-12-05 09:00:00+00:00,1305.0,1310.0,1270.0,1280.0,24373700.0
2025-12-08 09:00:00+00:00,1300.0,1300.0,1260.0,1285.0,18256900.0
2025-12-09 09:00:00+00:00,1285.0,1285.0,1230.0,1235.0,14379600.0
2025-12-10 09:00:00+00:00,1250.0,1275.0,1240.0,1270.0,16992600.0
2025-12-11 09:00:00+00:00,1275.0,1280.0,1225.0,1235.0,9875600.0
2025-12-12 09:00:00+00:00,1240.0,1260.0,1230.0,1235.0,7208300.0
2025-12-15 09:00:00+00:00,1250.0,1260.0,1225.0,1235.0,10227300.0
2025-12-16 09:00:00+00:00,1235.0,1245.0,1225.0,1235.0,5710500.0
2025-12-17 09:00:00+00:00,1235.0,1260.0,1235.0,1245.0,7818800.0
2025-12-18 09:00:00+00:00,1255.0,1270.0,1235.0,1235.0,10384500.0
2025-12-19 09:00:00+00:00,1235.0,1250.0,1230.0,1230.0,5983900.0
2025-12-22 09:00:00+00:00,1235.0,1245.0,1225.0,1240.0,12689000.0
2025-12-23 09:00:00+00:00,1240.0,1255.0,1240.0,1250.0,6134700.0
2025-12-24 09:00:00+00:00,1255.0,1265.0,1235.0,1250.0,12171000.0
2025-12-29 09:00:00+00:00,1250.0,1265.0,1240.0,1250.0,11655600.0
2025-12-30 09:00:00+00:00,1255.0,1285.0,1255.0,1260.0,20228300.0
2026-01-02 09:00:00+00:00,1270.0,1285.0,1265.0,1280.0,9488900.0
2026-01-05 09:00:00+00:00,1300.0,1315.0,1290.0,1300.0,25834000.0
2026-01-06 09:00:00+00:00,1300.0,1305.0,1280.0,1285.0,25818500.0
2026-01-07 09:00:00+00:00,1300.0,1300.0,1255.0,1265.0,22245500.0
2026-01-08 09:00:00+00:00,1275.0,1290.0,1240.0,1245.0,25047200.0
2026-01-09 09:00:00+00:00,1255.0,1270.0,1230.0,1235.0,21258800.0
2026-01-12 09:00:00+00:00,1235.0,1255.0,1225.0,1245.0,37991500.0
2026-01-13 09:00:00+00:00,1250.0,1255.0,1230.0,1240.0,20385700.0
2026-01-14 09:00:00+00:00,1245.0,1270.0,1235.0,1245.0,27776600.0
2026-01-15 09:00:00+00:00,1250.0,1275.0,1245.0,1250.0,39551500.0
2026-01-19 09:00:00+00:00,1250.0,1295.0,1250.0,1295.0,20894500.0
2026-01-20 09:00:00+00:00,1295.0,1345.0,1285.0,1330.0,68297900.0
2026-01-21 09:00:00+00:00,1330.0,1335.0,1275.0,1295.0,25481500.0
2026-01-22 09:00:00+00:00,1310.0,1330.0,1285.0,1320.0,38302600.0
2026-01-23 09:00:00+00:00,1320.0,1320.0,1275.0,1305.0,16404900.0
2026-01-26 09:00:00+00:00,1305.0,1360.0,1300.0,1355.0,55555100.0
2026-01-27 09:00:00+00:00,1360.0,1395.0,1340.0,1345.0,53544800.0
2026-01-28 09:00:00+00:00,1340.0,1340.0,1245.0,1280.0,32893000.0
2026-01-29 09:00:00+00:00,1250.0,1255.0,1100.0,1205.0,47307300.0
2026-01-30 09:00:00+00:00,1220.0,1285.0,1220.0,1260.0,39841500.0
2026-02-02 09:00:00+00:00,1260.0,1285.0,1230.0,1240.0,28654200.0
2026-02-03 09:00:00+00:00,1245.0,1330.0,1230.0,1325.0,32116500.0
2026-02-04 09:00:00+00:00,1320.0,1320.0,1285.0,1295.0,26679200.0
2026-02-05 09:00:00+00:00,1295.0,1305.0,1280.0,1285.0,15925300.0
2026-02-06 09:00:00+00:00,1265.0,1275.0,1240.0,1270.0,11725200.0
2026-02-09 09:00:00+00:00,1290.0,1290.0,1255.0,1265.0,9115400.0
2026-02-10 09:00:00+00:00,1270.0,1320.0,1270.0,1305.0,22474900.0
2026-02-11 09:00:00+00:00,1315.0,1330.0,1285.0,1295.0,23827400.0
2026-02-12 09:00:00+00:00,1300.0,1310.0,1280.0,1285.0,15789900.0
2026-02-13 09:00:00+00:00,1290.0,1300.0,1270.0,1280.0,13391300.0
2026-02-18 09:00:00+00:00,1295.0,1315.0,1260.0,1300.0,25572400.0
2026-02-19 09:00:00+00:00,1315.0,1330.0,1300.0,1315.0,28703000.0
2026-02-20 09:00:00+00:00,1325.0,1330.0,1310.0,1315.0,15049000.0
2026-02-23 09:00:00+00:00,1315.0,1340.0,1305.0,1325.0,25357300.0
2026-02-24 09:00:00+00:00,1325.0,1330.0,1295.0,1300.0,17807800.0
2026-02-25 09:00:00+00:00,1305.0,1320.0,1295.0,1305.0,16435600.0
2026-02-26 09:00:00+00:00,1310.0,1310.0,1250.0,1250.0,19849100.0
2026-02-27 09:00:00+00:00,1250.0,1305.0,1230.0,1295.0,32420200.0
2026-03-02 09:00:00+00:00,1335.0,1380.0,1315.0,1370.0,90256700.0
2026-03-03 09:00:00+00:00,1390.0,1395.0,1315.0,1325.0,49467300.0
2026-03-04 09:00:00+00:00,1330.0,1340.0,1215.0,1220.0,50503000.0
2026-03-05 09:00:00+00:00,1250.0,1280.0,1250.0,1265.0,22903600.0
2026-03-06 09:00:00+00:00,1270.0,1290.0,1250.0,1255.0,13930400.0
2026-03-09 09:00:00+00:00,1300.0,1315.0,1235.0,1260.0,39440500.0
2026-03-10 09:00:00+00:00,1260.0,1275.0,1225.0,1245.0,26337900.0
2026-03-11 09:00:00+00:00,1260.0,1265.0,1235.0,1235.0,13850000.0
2026-03-12 09:00:00+00:00,1240.0,1260.0,1230.0,1235.0,13237400.0
2026-03-13 09:00:00+00:00,1240.0,1260.0,1230.0,1240.0,13407100.0
2026-03-16 09:00:00+00:00,1240.0,1300.0,1215.0,1285.0,16757700.0
2026-03-17 09:00:00+00:00,1285.0,1290.0,1260.0,1265.0,9804500.0
2026-03-25 09:00:00+00:00,1280.0,1335.0,1280.0,1330.0,30444500.0
2026-03-26 09:00:00+00:00,1330.0,1360.0,1325.0,1330.0,21280500.0
2026-03-27 09:00:00+00:00,1340.0,1375.0,1325.0,1355.0,27056900.0
2026-03-30 09:00:00+00:00,1370.0,1460.0,1355.0,1425.0,78133000.0
2026-03-31 09:00:00+00:00,1425.0,1435.0,1385.0,1405.0,32935000.0
2026-04-01 09:00:00+00:00,1405.0,1410.0,1325.0,1345.0,45135700.0
2026-04-02 09:00:00+00:00,1355.0,1395.0,1340.0,1350.0,34246400.0
2026-04-06 09:00:00+00:00,1350.0,1375.0,1315.0,1325.0,20335000.0
2026-04-07 09:00:00+00:00,1335.0,1415.0,1335.0,1400.0,38880900.0
2026-04-08 09:00:00+00:00,1400.0,1445.0,1350.0,1410.0,43642400.0
2026-04-09 09:00:00+00:00,1415.0,1425.0,1385.0,1390.0,11002300.0
2026-04-10 09:00:00+00:00,1390.0,1400.0,1375.0,1390.0,15642900.0
2026-04-13 09:00:00+00:00,1415.0,1440.0,1400.0,1440.0,40543900.0
2026-04-14 09:00:00+00:00,1445.0,1450.0,1405.0,1440.0,22718300.0
2026-04-15 09:00:00+00:00,1440.0,1490.0,1420.0,1480.0,47750000.0
2026-04-16 09:00:00+00:00,1490.0,1495.0,1440.0,1445.0,12698500.0
2026-04-17 09:00:00+00:00,1470.0,1495.0,1445.0,1480.0,13910300.0
2026-04-20 09:00:00+00:00,1485.0,1500.0,1480.0,1485.0,12719800.0
2026-04-21 09:00:00+00:00,1475.0,1485.0,1455.0,1460.0,16646200.0
2026-04-22 09:00:00+00:00,1465.0,1490.0,1465.0,1475.0,6366200.0
2026-04-23 09:00:00+00:00,1475.0,1525.0,1475.0,1490.0,17373800.0
2026-04-24 09:00:00+00:00,1500.0,1505.0,1425.0,1480.0,12867900.0
2026-04-27 09:00:00+00:00,1480.0,1580.0,1440.0,1560.0,48745800.0
2026-04-28 09:00:00+00:00,1560.0,1560.0,1525.0,1530.0,15167900.0
2026-04-29 09:00:00+00:00,1545.0,1570.0,1505.0,1550.0,14761400.0
2026-04-30 09:00:00+00:00,1570.0,1580.0,1525.0,1580.0,22504500.0
2026-05-04 09:00:00+00:00,1580.0,1580.0,1545.0,1570.0,11236400.0
2026-05-05 09:00:00+00:00,1570.0,1595.0,1520.0,1520.0,17122600.0
2026-05-06 09:00:00+00:00,1510.0,1565.0,1510.0,1560.0,17601400.0
2026-05-07 09:00:00+00:00,1520.0,1540.0,1485.0,1540.0,15130000.0
2026-05-08 09:00:00+00:00,1550.0,1555.0,1485.0,1500.0,6813500.0
2026-05-11 09:00:00+00:00,1500.0,1500.0,1430.0,1475.0,13167900.0
2026-05-12 09:00:00+00:00,1475.0,1490.0,1440.0,1490.0,8360100.0
2026-05-13 09:00:00+00:00,1480.0,1480.0,1450.0,1455.0,3465800.0
2026-05-14 09:00:00+00:00,1455.0,1455.0,1455.0,1455.0,0.0
2026-05-15 09:00:00+00:00,1455.0,1455.0,1455.0,1455.0,0.0
2026-05-18 09:00:00+00:00,1455.0,1485.0,1400.0,1465.0,20441700.0
2026-05-19 09:00:00+00:00,1465.0,1470.0,1355.0,1400.0,15353600.0
2026-05-20 09:00:00+00:00,1360.0,1400.0,1330.0,1390.0,40137100.0
2026-05-21 09:00:00+00:00,1390.0,1405.0,1280.0,1340.0,24031400.0
2026-05-22 09:00:00+00:00,1325.0,1365.0,1300.0,1350.0,11464500.0
2026-05-25 09:00:00+00:00,1350.0,1365.0,1305.0,1315.0,8328800.0
2026-05-26 09:00:00+00:00,1315.0,1320.0,1290.0,1290.0,10664900.0
2026-05-27 09:00:00+00:00,1290.0,1290.0,1290.0,1290.0,0.0
2026-05-28 09:00:00+00:00,1290.0,1290.0,1290.0,1290.0,0.0
2026-05-29 09:00:00+00:00,1300.0,1325.0,1235.0,1235.0,105639600.0
2026-06-02 09:00:00+00:00,1235.0,1290.0,1205.0,1280.0,24820100.0
2026-06-03 09:00:00+00:00,1300.0,1300.0,1165.0,1205.0,45373900.0
2026-06-04 09:00:00+00:00,1205.0,1230.0,1170.0,1230.0,21988500.0
2026-06-05 09:00:00+00:00,1235.0,1260.0,1195.0,1220.0,32917800.0
2026-06-08 09:00:00+00:00,1200.0,1215.0,1150.0,1165.0,33953800.0
2026-06-09 09:00:00+00:00,1155.0,1235.0,1140.0,1230.0,30451700.0
2026-06-10 09:00:00+00:00,1240.0,1305.0,1220.0,1240.0,35706200.0
2026-06-11 09:00:00+00:00,1270.0,1290.0,1245.0,1265.0,35594200.0
2026-06-12 09:00:00+00:00,1280.0,1315.0,1250.0,1250.0,21209100.0
2026-06-15 09:00:00+00:00,1260.0,1265.0,1215.0,1225.0,37823400.0
2026-06-17 09:00:00+00:00,1230.0,1260.0,1215.0,1225.0,20758700.0
2026-06-18 09:00:00+00:00,1230.0,1235.0,1195.0,1205.0,12257400.0
2026-06-19 09:00:00+00:00,1215.0,1260.0,1205.0,1225.0,20107900.0
2026-06-22 09:00:00+00:00,1240.0,1280.0,1240.0,1265.0,27129400.0
2026-06-23 09:00:00+00:00,1265.0,1275.0,1225.0,1275.0,22416400.0
2026-06-24 09:00:00+00:00,1280.0,1320.0,1265.0,1275.0,17993400.0
2026-06-25 09:00:00+00:00,1280.0,1315.0,1250.0,1290.0,21330800.0
2026-06-26 09:00:00+00:00,1290.0,1300.0,1250.0,1270.0,11017300.0
2026-06-29 09:00:00+00:00,1270.0,1270.0,1215.0,1240.0,6573700.0
2026-06-30 09:00:00+00:00,1250.0,1250.0,1195.0,1210.0,15140600.0
2026-07-01 09:00:00+00:00,1230.0,1235.0,1200.0,1225.0,6687800.0
2026-07-02 09:00:00+00:00,1230.0,1250.0,1205.0,1235.0,9302500.0
2026-07-03 09:00:00+00:00,1235.0,1260.0,1235.0,1255.0,8838800.0
2026-07-06 09:00:00+00:00,1255.0,1310.0,1250.0,1300.0,18838400.0
2026-07-07 09:00:00+00:00,1300.0,1315.0,1280.0,1295.0,15798000.0
2026-07-08 09:00:00+00:00,1295.0,1340.0,1280.0,1320.0,15223400.0
2026-07-09 09:00:00+00:00,1320.0,1325.0,1295.0,1300.0,7096400.0
2026-07-10 09:00:00+00:00,1315.0,1335.0,1300.0,1320.0,4340400.0
2026-07-13 09:00:00+00:00,1330.0,1335.0,1315.0,1325.0,10458500.0
2026-07-14 09:00:00+00:00,1340.0,1360.0,1325.0,1340.0,22771300.0
2026-07-15 09:00:00+00:00,1340.0,1365.0,1290.0,1350.0,15563500.0
2026-07-16 09:00:00+00:00,1350.0,1370.0,1340.0,1370.0,19420100.0
2026-07-17 09:00:00+00:00,1370.0,1375.0,1350.0,1355.0,8279200.0
2026-07-20 09:00:00+00:00,1355.0,1425.0,1355.0,1410.0,15089400.0
2026-07-21 09:00:00+00:00,1415.0,1510.0,1400.0,1455.0,30384000.0
2026-07-22 09:00:00+00:00,1455.0,1490.0,1440.0,1485.0,21738700.0
2026-07-23 09:00:00+00:00,1490.0,1520.0,1385.0,1410.0,84981500.0
2026-07-24 09:00:00+00:00,1435.0,1450.0,1415.0,1445.0,25206700.0
2026-07-27 09:00:00+00:00,1440.0,1460.0,1415.0,1455.0,27150900.0
2026-07-28 09:00:00+00:00,1455.0,1455.0,1415.0,1445.0,18885100.0
2026-07-29 09:00:00+00:00,1445.0,1470.0,1440.0,1465.0,21058700.0
2026-07-30 09:00:00+00:00,1465.0,1485.0,1445.0,1455.0,20574000.0
2026-07-31 09:00:00+00:00,1455.0,1475.0,1445.0,1465.0,19085500.0
2026-08-03 09:00:00+00:00,1435.0,1445.0,1420.0,1445.0,27673900.0
2026-08-04 09:00:00+00:00,1470.0,1470.0,1435.0,1450.0,11529800.0
2026-08-05 09:00:00+00:00,1450.0,1450.0,1435.0,1445.0,12890600.0
2026-08-06 09:00:00+00:00,1445.0,1450.0,1430.0,1430.0,14573900.0
2026-08-07 09:00:00+00:00,1440.0,1440.0,1405.0,1420.0,19685100.0
2026-08-10 09:00:00+00:00,1420.0,1425.0,1400.0,1405.0,12487800.0
2026-08-11 09:00:00+00:00,1405.0,1410.0,1390.0,1395.0,12194300.0
2026-08-12 09:00:00+00:00,1400.0,1410.0,1390.0,1395.0,6517000.0
2026-08-13 09:00:00+00:00,1400.0,1410.0,1395.0,1400.0,6584400.0
2026-08-14 09:00:00+00:00,1410.0,1420.0,1385.0,1400.0,9517400.0
2026-08-18 09:00:00+00:00,1400.0,1425.0,1395.0,1415.0,8491700.0
2026-08-19 09:00:00+00:00,1420.0,1425.0,1390.0,1390.0,11133300.0
2026-08-20 09:00:00+00:00,1390.0,1405.0,1390.0,1395.0,8015800.0
2026-08-21 09:00:00+00:00,1400.0,1400.0,1375.0,1380.0,9576700.0
2026-08-24 09:00:00+00:00,1390.0,1395.0,1365.0,1390.0,8995500.0
2026-08-26 09:00:00+00:00,1390.0,1395.0,1365.0,1365.0,9238900.0
2026-08-27 09:00:00+00:00,1365.0,1385.0,1355.0,1385.0,8229900.0
2026-08-28 09:00:00+00:00,1390.0,1390.0,1350.0,1365.0,8166900.0
2026-08-31 09:00:00+00:00,1360.0,1455.0,1355.0,1455.0,25788900.0
2026-09-01 09:00:00+00:00,1450.0,1450.0,1390.0,1400.0,24392200.0
2026-09-02 09:00:00+00:00,1410.0,1430.0,1395.0,1395.0,13316500.0
2026-09-03 09:00:00+00:00,1400.0,1415.0,1385.0,1400.0,23419200.0
2026-09-04 09:00:00+00:00,1400.0,1415.0,1385.0,1385.0,16904700.0
2026-09-07 09:00:00+00:00,1405.0,1455.0,1390.0,1450.0,58910500.0
2026-09-08 09:00:00+00:00,1455.0,1545.0,1445.0,1525.0,48733900.0
2026-09-09 09:00:00+00:00,1525.0,1550.0,1500.0,1550.0,29606000.0
2026-09-10 09:00:00+00:00,1550.0,1560.0,1495.0,1520.0,31382800.0
