ts,open,high,low,close,volume
2018-09-18 09:00:00+00:00,3800.0,3800.0,3800.0,3800.0,0.0
2018-09-19 09:00:00+00:00,3800.0,3800.0,3800.0,3800.0,0.0
2018-09-20 09:00:00+00:00,3800.0,3800.0,3800.0,3800.0,0.0
2018-09-21 09:00:00+00:00,3800.0,3800.0,3800.0,3800.0,0.0
2018-09-24 09:00:00+00:00,3800.0,3800.0,3800.0,3800.0,0.0
2018-09-25 09:00:00+00:00,3800.0,3800.0,3800.0,3800.0,0.0
2018-09-26 09:00:00+00:00,3800.0,3800.0,3800.0,3800.0,0.0
2018-09-27 09:00:00+00:00,3800.0,3800.0,3800.0,3800.0,0.0
2018-09-28 09:00:00+00:00,3800.0,3800.0,3800.0,3800.0,0.0
2018-10-01 09:00:00+00:00,3800.0,3800.0,3800.0,3800.0,0.0
2018-10-02 09:00:00+00:00,3800.0,3800.0,3800.0,3800.0,0.0
2018-10-03 09:00:00+00:00,3800.0,3800.0,3800.0,3800.0,0.0
2018-10-04 09:00:00+00:00,3800.0,3800.0,3800.0,3800.0,0.0
2018-10-05 09:00:00+00:00,3800.0,3800.0,3800.0,3800.0,0.0
2018-10-08 09:00:00+00:00,3800.0,3800.0,3800.0,3800.0,0.0
2018-10-09 09:00:00+00:00,3800.0,3800.0,3800.0,3800.0,0.0
2018-10-10 09:00:00+00:00,3800.0,3800.0,3800.0,3800.0,0.0
2018-10-11 09:00:00+00:00,3800.0,3800.0,3800.0,3800.0,0.0
2018-10-12 09:00:00+00:00,3800.0,3800.0,3800.0,3800.0,0.0
2018-10-15 09:00:00+00:00,3800.0,3800.0,3800.0,3800.0,0.0
2018-10-16 09:00:00+00:00,3800.0,3800.0,3800.0,3800.0,0.0
2018-10-17 09:00:00+00:00,3800.0,3800.0,3800.0,3800.0,0.0
2018-10-18 09:00:00+00:00,3800.0,3800.0,3800.0,3800.0,0.0
2018-10-19 09:00:00+00:00,3800.0,3800.0,3800.0,3800.0,0.0
2018-10-22 09:00:00+00:00,3800.0,3800.0,3800.0,3800.0,0.0
2018-10-23 09:00:00+00:00,3800.0,3800.0,3800.0,3800.0,0.0
2018-10-24 09:00:00+00:00,3800.0,3800.0,3800.0,3800.0,0.0
2018-10-25 09:00:00+00:00,3800.0,3800.0,3800.0,3800.0,0.0
2018-10-26 09:00:00+00:00,3800.0,3800.0,3800.0,3800.0,0.0
2018-10-29 09:00:00+00:00,3800.0,3800.0,3800.0,3800.0,0.0
2018-10-30 09:00:00+00:00,3800.0,3800.0,3800.0,3800.0,0.0
2018-10-31 09:00:00+00:00,3800.0,3800.0,3800.0,3800.0,0.0
2018-11-01 09:00:00+00:00,3800.0,3800.0,3800.0,3800.0,0.0
2018-11-02 09:00:00+00:00,3800.0,3800.0,3800.0,3800.0,0.0
2018-11-05 09:00:00+00:00,3800.0,3800.0,3800.0,3800.0,0.0
2018-11-06 09:00:00+00:00,3800.0,3800.0,3800.0,3800.0,0.0
2018-11-07 09:00:00+00:00,3800.0,3800.0,3800.0,3800.0,0.0
2018-11-08 09:00:00+00:00,3800.0,3800.0,3800.0,3800.0,0.0
2018-11-09 09:00:00+00:00,3800.0,3800.0,3800.0,3800.0,0.0
2018-11-12 09:00:00+00:00,3800.0,3800.0,3800.0,3800.0,0.0
2018-11-13 09:00:00+00:00,3800.0,3800.0,3800.0,3800.0,0.0
2018-11-14 09:00:00+00:00,3800.0,3800.0,3800.0,3800.0,0.0
2018-11-15 09:00:00+00:00,3800.0,3800.0,3800.0,3800.0,0.0
2018-11-16 09:00:00+00:00,3800.0,3800.0,3800.0,3800.0,0.0
2018-11-19 09:00:00+00:00,3800.0,3800.0,3800.0,3800.0,0.0
2018-11-20 09:00:00+00:00,3800.0,3800.0,3800.0,3800.0,0.0
2018-11-21 09:00:00+00:00,3800.0,3800.0,3800.0,3800.0,0.0
2018-11-22 09:00:00+00:00,3800.0,3800.0,3800.0,3800.0,0.0
2018-11-23 09:00:00+00:00,3800.0,3800.0,3800.0,3800.0,0.0
2018-11-26 09:00:00+00:00,3800.0,3800.0,3800.0,3800.0,0.0
2018-11-27 09:00:00+00:00,3800.0,3800.0,3800.0,3800.0,0.0
2018-11-28 09:00:00+00:00,3800.0,3800.0,3800.0,3800.0,0.0
2018-11-29 09:00:00+00:00,3800.0,3800.0,3800.0,3800.0,0.0
2018-11-30 09:00:00+00:00,3800.0,3800.0,3800.0,3800.0,0.0
2018-12-03 09:00:00+00:00,3800.0,3800.0,3800.0,3800.0,0.0
2018-12-04 09:00:00+00:00,3800.0,3800.0,3800.0,3800.0,0.0
2018-12-05 09:00:00+00:00,3800.0,3800.0,3800.0,3800.0,0.0
2018-12-06 09:00:00+00:00,3800.0,3800.0,3800.0,3800.0,0.0
2018-12-07 09:00:00+00:00,3800.0,3800.0,3800.0,3800.0,0.0
2018-12-10 09:00:00+00:00,3800.0,3800.0,3800.0,3800.0,0.0
2018-12-11 09:00:00+00:00,3800.0,3800.0,3800.0,3800.0,0.0
2018-12-12 09:00:00+00:00,3800.0,3800.0,3800.0,3800.0,0.0
2018-12-13 09:00:00+00:00,3800.0,3800.0,3800.0,3800.0,0.0
2018-12-14 09:00:00+00:00,3800.0,3800.0,3800.0,3800.0,0.0
2018-12-17 09:00:00+00:00,3800.0,3800.0,3800.0,3800.0,0.0
2018-12-18 09:00:00+00:00,3800.0,3800.0,3800.0,3800.0,0.0
2018-12-19 09:00:00+00:00,3800.0,3800.0,3800.0,3800.0,0.0
2018-12-20 09:00:00+00:00,3800.0,3800.0,3800.0,3800.0,0.0
2018-12-21 09:00:00+00:00,3800.0,3800.0,3800.0,3800.0,0.0
2018-12-24 09:00:00+00:00,3800.0,3800.0,3800.0,3800.0,0.0
2018-12-25 09:00:00+00:00,3800.0,3800.0,3800.0,3800.0,0.0
2018-12-26 09:00:00+00:00,3800.0,3800.0,3800.0,3800.0,0.0
2018-12-27 09:00:00+00:00,3800.0,3800.0,3800.0,3800.0,0.0
2018-12-28 09:00:00+00:00,3800.0,3800.0,3800.0,3800.0,0.0
2018-12-31 09:00:00+00:00,3800.0,3800.0,3800.0,3800.0,0.0
2019-01-01 09:00:00+00:00,3800.0,3800.0,3800.0,3800.0,0.0
2019-01-02 09:00:00+00:00,3800.0,3800.0,3800.0,3800.0,0.0
2019-01-03 09:00:00+00:00,3800.0,3800.0,3800.0,3800.0,0.0
2019-01-04 09:00:00+00:00,3800.0,3800.0,3800.0,3800.0,0.0
2019-01-07 09:00:00+00:00,3800.0,3800.0,3800.0,3800.0,0.0
2019-01-08 09:00:00+00:00,3800.0,3800.0,3800.0,3800.0,0.0
2019-01-09 09:00:00+00:00,3800.0,3800.0,3800.0,3800.0,0.0
2019-01-10 09:00:00+00:00,3800.0,3800.0,3800.0,3800.0,0.0
2019-01-11 09:00:00+00:00,3800.0,3800.0,3800.0,3800.0,0.0
2019-01-14 09:00:00+00:00,3800.0,3800.0,3800.0,3800.0,0.0
2019-01-15 09:00:00+00:00,3800.0,3800.0,3800.0,3800.0,0.0
2019-01-16 09:00:00+00:00,3800.0,3800.0,3800.0,3800.0,0.0
2019-01-17 09:00:00+00:00,3800.0,3800.0,3800.0,3800.0,0.0
2019-01-18 09:00:00+00:00,3800.0,3800.0,3800.0,3800.0,0.0
2019-01-21 09:00:00+00:00,3800.0,3800.0,3800.0,3800.0,0.0
2019-01-22 09:00:00+00:00,3800.0,3800.0,3800.0,3800.0,0.0
2019-01-23 09:00:00+00:00,3800.0,3800.0,3800.0,3800.0,0.0
2019-01-24 09:00:00+00:00,3800.0,3800.0,3800.0,3800.0,0.0
2019-01-25 09:00:00+00:00,3800.0,3800.0,3800.0,3800.0,0.0
2019-01-28 09:00:00+00:00,3800.0,3800.0,3800.0,3800.0,0.0
2019-01-29 09:00:00+00:00,3800.0,3800.0,3800.0,3800.0,0.0
2019-01-30 09:00:00+00:00,3800.0,3800.0,3800.0,3800.0,0.0
2019-01-31 09:00:00+00:00,3800.0,3800.0,3800.0,3800.0,0.0
2019-02-01 09:00:00+00:00,3800.0,3800.0,3800.0,3800.0,0.0
2019-02-04 09:00:00+00:00,3800.0,3800.0,3800.0,3800.0,0.0
2019-02-05 09:00:00+00:00,3800.0,3800.0,3800.0,3800.0,0.0
2019-02-06 09:00:00+00:00,3800.0,3800.0,3800.0,3800.0,0.0
2019-02-07 09:00:00+00:00,3800.0,3800.0,3800.0,3800.0,0.0
2019-02-08 09:00:00+00:00,3800.0,3800.0,3800.0,3800.0,0.0
2019-02-11 09:00:00+00:00,3800.0,3800.0,3800.0,3800.0,0.0
2019-02-12 09:00:00+00:00,3800.0,3800.0,3800.0,3800.0,0.0
2019-02-13 09:00:00+00:00,3800.0,3800.0,3800.0,3800.0,0.0
2019-02-14 09:00:00+00:00,3800.0,3800.0,3800.0,3800.0,0.0
2019-02-15 09:00:00+00:00,3800.0,3800.0,3800.0,3800.0,0.0
2019-02-18 09:00:00+00:00,3800.0,3800.0,3800.0,3800.0,0.0
2019-02-19 09:00:00+00:00,3800.0,3800.0,3800.0,3800.0,0.0
2019-02-20 09:00:00+00:00,3800.0,3800.0,3800.0,3800.0,0.0
2019-02-21 09:00:00+00:00,3800.0,3800.0,3800.0,3800.0,0.0
2019-02-22 09:00:00+00:00,3800.0,3800.0,3800.0,3800.0,0.0
2019-02-25 09:00:00+00:00,3800.0,3800.0,3800.0,3800.0,0.0
2019-02-26 09:00:00+00:00,3800.0,3800.0,3800.0,3800.0,0.0
2019-02-27 09:00:00+00:00,3800.0,3800.0,3800.0,3800.0,0.0
2019-02-28 09:00:00+00:00,3800.0,3800.0,3800.0,3800.0,0.0
2019-03-01 09:00:00+00:00,3800.0,3800.0,3800.0,3800.0,0.0
2019-03-04 09:00:00+00:00,3800.0,3800.0,3800.0,3800.0,0.0
2019-03-05 09:00:00+00:00,3800.0,3800.0,3800.0,3800.0,0.0
2019-03-06 09:00:00+00:00,3800.0,3800.0,3800.0,3800.0,0.0
2019-03-07 09:00:00+00:00,3800.0,3800.0,3800.0,3800.0,0.0
2019-03-08 09:00:00+00:00,3800.0,3800.0,3800.0,3800.0,0.0
2019-03-11 09:00:00+00:00,3800.0,3800.0,3800.0,3800.0,0.0
2019-03-12 09:00:00+00:00,3800.0,3800.0,3800.0,3800.0,0.0
2019-03-13 09:00:00+00:00,3800.0,3800.0,3800.0,3800.0,0.0
2019-03-14 09:00:00+00:00,3800.0,3800.0,3800.0,3800.0,0.0
2019-03-15 09:00:00+00:00,3800.0,3800.0,3800.0,3800.0,0.0
2019-03-18 09:00:00+00:00,3800.0,3800.0,3800.0,3800.0,0.0
2019-03-19 09:00:00+00:00,3800.0,3800.0,3800.0,3800.0,0.0
2019-03-20 09:00:00+00:00,3800.0,3800.0,3800.0,3800.0,0.0
2019-03-21 09:00:00+00:00,3800.0,3800.0,3800.0,3800.0,0.0
2019-03-22 09:00:00+00:00,3800.0,3800.0,3800.0,3800.0,0.0
2019-03-25 09:00:00+00:00,3800.0,3800.0,3800.0,3800.0,0.0
2019-03-26 09:00:00+00:00,3800.0,3800.0,3800.0,3800.0,0.0
2019-03-27 09:00:00+00:00,3800.0,3800.0,3800.0,3800.0,0.0
2019-03-28 09:00:00+00:00,3800.0,3800.0,3800.0,3800.0,0.0
2019-03-29 09:00:00+00:00,3800.0,3800.0,3800.0,3800.0,0.0
2019-04-01 09:00:00+00:00,3800.0,3800.0,3800.0,3800.0,0.0
2019-04-02 09:00:00+00:00,3800.0,3800.0,3800.0,3800.0,0.0
2019-04-03 09:00:00+00:00,3800.0,3800.0,3800.0,3800.0,0.0
2019-04-04 09:00:00+00:00,3800.0,3800.0,3800.0,3800.0,0.0
2019-04-05 09:00:00+00:00,3800.0,3800.0,3800.0,3800.0,0.0
2019-04-08 09:00:00+00:00,3800.0,3800.0,3800.0,3800.0,0.0
2019-04-09 09:00:00+00:00,3800.0,3800.0,3800.0,3800.0,0.0
2019-04-10 09:00:00+00:00,3800.0,3800.0,3800.0,3800.0,0.0
2019-04-11 09:00:00+00:00,3800.0,3800.0,3800.0,3800.0,0.0
2019-04-12 09:00:00+00:00,3800.0,3800.0,3800.0,3800.0,0.0
2019-04-15 09:00:00+00:00,3800.0,3800.0,3800.0,3800.0,0.0
2019-04-16 09:00:00+00:00,3800.0,3800.0,3800.0,3800.0,0.0
2019-04-17 09:00:00+00:00,3800.0,3800.0,3800.0,3800.0,0.0
2019-04-18 09:00:00+00:00,3800.0,3800.0,3800.0,3800.0,0.0
2019-04-19 09:00:00+00:00,3800.0,3800.0,3800.0,3800.0,0.0
2019-04-22 09:00:00+00:00,3800.0,3800.0,3800.0,3800.0,0.0
2019-04-23 09:00:00+00:00,3800.0,3800.0,3800.0,3800.0,0.0
2019-04-24 09:00:00+00:00,3800.0,3800.0,3800.0,3800.0,0.0
2019-04-25 09:00:00+00:00,3800.0,3800.0,3800.0,3800.0,0.0
2019-04-26 09:00:00+00:00,3800.0,3800.0,3800.0,3800.0,0.0
2019-04-29 09:00:00+00:00,3800.0,3800.0,3800.0,3800.0,0.0
2019-04-30 09:00:00+00:00,3800.0,3800.0,3800.0,3800.0,0.0
2019-05-01 09:00:00+00:00,3800.0,3800.0,3800.0,3800.0,0.0
2019-05-02 09:00:00+00:00,3800.0,3800.0,3800.0,3800.0,0.0
2019-05-03 09:00:00+00:00,3800.0,3800.0,3800.0,3800.0,0.0
2019-05-06 09:00:00+00:00,3800.0,3800.0,3800.0,3800.0,0.0
2019-05-07 09:00:00+00:00,3800.0,3800.0,3800.0,3800.0,0.0
2019-05-08 09:00:00+00:00,3800.0,3800.0,3800.0,3800.0,0.0
2019-05-09 09:00:00+00:00,3800.0,3800.0,3800.0,3800.0,0.0
2019-05-10 09:00:00+00:00,3800.0,3800.0,3800.0,3800.0,0.0
2019-05-13 09:00:00+00:00,3800.0,3800.0,3800.0,3800.0,0.0
2019-05-14 09:00:00+00:00,3800.0,3800.0,3800.0,3800.0,0.0
2019-05-15 09:00:00+00:00,3800.0,3800.0,3800.0,3800.0,0.0
2019-05-16 09:00:00+00:00,3800.0,3800.0,3800.0,3800.0,0.0
2019-05-17 09:00:00+00:00,3800.0,3800.0,3800.0,3800.0,0.0
2019-05-20 09:00:00+00:00,3800.0,3800.0,3800.0,3800.0,0.0
2019-05-21 09:00:00+00:00,3800.0,3800.0,3800.0,3800.0,0.0
2019-05-22 09:00:00+00:00,3800.0,3800.0,3800.0,3800.0,0.0
2019-05-23 09:00:00+00:00,3800.0,3800.0,3800.0,3800.0,0.0
2019-05-24 09:00:00+00:00,3800.0,3800.0,3800.0,3800.0,0.0
2019-05-27 09:00:00+00:00,3800.0,3800.0,3800.0,3800.0,0.0
2019-05-28 09:00:00+00:00,3800.0,3800.0,3800.0,3800.0,0.0
2019-05-29 09:00:00+00:00,3800.0,3800.0,3800.0,3800.0,0.0
2019-05-30 09:00:00+00:00,3800.0,3800.0,3800.0,3800.0,0.0
2019-05-31 09:00:00+00:00,3800.0,3800.0,3800.0,3800.0,0.0
2019-06-03 09:00:00+00:00,3800.0,3800.0,3800.0,3800.0,0.0
2019-06-04 09:00:00+00:00,3800.0,3800.0,3800.0,3800.0,0.0
2019-06-05 09:00:00+00:00,3800.0,3800.0,3800.0,3800.0,0.0
2019-06-06 09:00:00+00:00,3800.0,3800.0,3800.0,3800.0,0.0
2019-06-07 09:00:00+00:00,3800.0,3800.0,3800.0,3800.0,0.0
2019-06-10 09:00:00+00:00,3800.0,3800.0,3800.0,3800.0,0.0
2019-06-11 09:00:00+00:00,3800.0,3800.0,3800.0,3800.0,0.0
2019-06-12 09:00:00+00:00,3800.0,3800.0,3800.0,3800.0,0.0
2019-06-13 09:00:00+00:00,3800.0,3800.0,3800.0,3800.0,0.0
2019-06-14 09:00:00+00:00,3800.0,3800.0,3800.0,3800.0,0.0
2019-06-17 09:00:00+00:00,3800.0,3800.0,3800.0,3800.0,0.0
2019-06-18 09:00:00+00:00,3800.0,3800.0,3800.0,3800.0,0.0
2019-06-19 09:00:00+00:00,3800.0,3800.0,3800.0,3800.0,0.0
2019-06-20 09:00:00+00:00,3800.0,3800.0,3800.0,3800.0,0.0
2019-06-21 09:00:00+00:00,3800.0,3800.0,3800.0,3800.0,0.0
2019-06-24 09:00:00+00:00,3800.0,3800.0,3800.0,3800.0,0.0
2019-06-25 09:00:00+00:00,3800.0,3800.0,3800.0,3800.0,0.0
2019-06-26 09:00:00+00:00,3800.0,3800.0,3800.0,3800.0,0.0
2019-06-27 09:00:00+00:00,3800.0,3800.0,3800.0,3800.0,0.0
2019-06-28 09:00:00+00:00,3800.0,3800.0,3800.0,3800.0,0.0
2019-07-01 09:00:00+00:00,3800.0,3800.0,3800.0,3800.0,0.0
2019-07-02 09:00:00+00:00,3800.0,3800.0,3800.0,3800.0,0.0
2019-07-03 09:00:00+00:00,3800.0,3800.0,3800.0,3800.0,0.0
2019-07-04 09:00:00+00:00,3800.0,3800.0,3800.0,3800.0,0.0
2019-07-05 09:00:00+00:00,3800.0,3800.0,3800.0,3800.0,0.0
2019-07-08 09:00:00+00:00,3800.0,3800.0,3800.0,3800.0,0.0
2019-07-09 09:00:00+00:00,3800.0,3800.0,3800.0,3800.0,0.0
2019-07-10 09:00:00+00:00,3800.0,3800.0,3800.0,3800.0,0.0
2019-07-11 09:00:00+00:00,3800.0,3800.0,3800.0,3800.0,0.0
2019-07-12 09:00:00+00:00,3800.0,3800.0,3800.0,3800.0,0.0
2019-07-15 09:00:00+00:00,3800.0,3800.0,3800.0,3800.0,0.0
2019-07-16 09:00:00+00:00,3800.0,3800.0,3800.0,3800.0,0.0
2019-07-17 09:00:00+00:00,3800.0,3800.0,3800.0,3800.0,0.0
2019-07-18 09:00:00+00:00,3800.0,3800.0,3800.0,3800.0,0.0
2019-07-19 09:00:00+00:00,3800.0,3800.0,3800.0,3800.0,0.0
2019-07-22 09:00:00+00:00,3800.0,3800.0,3800.0,3800.0,0.0
2019-07-23 09:00:00+00:00,3800.0,3800.0,3800.0,3800.0,0.0
2019-07-24 09:00:00+00:00,3800.0,3800.0,3800.0,3800.0,0.0
2019-07-25 09:00:00+00:00,3800.0,3800.0,3800.0,3800.0,0.0
2019-07-26 09:00:00+00:00,3800.0,3800.0,3800.0,3800.0,0.0
2019-07-29 09:00:00+00:00,3800.0,3800.0,3800.0,3800.0,0.0
2019-07-30 09:00:00+00:00,3800.0,3800.0,3800.0,3800.0,0.0
2019-07-31 09:00:00+00:00,3800.0,3800.0,3800.0,3800.0,0.0
2019-08-01 09:00:00+00:00,3800.0,3800.0,3800.0,3800.0,0.0
2019-08-02 09:00:00+00:00,3800.0,3800.0,3800.0,3800.0,0.0
2019-08-05 09:00:00+00:00,3800.0,3800.0,3800.0,3800.0,0.0
2019-08-06 09:00:00+00:00,3800.0,3800.0,3800.0,3800.0,0.0
2019-08-07 09:00:00+00:00,3800.0,3800.0,3800.0,3800.0,0.0
2019-08-08 09:00:00+00:00,3800.0,3800.0,3800.0,3800.0,0.0
2019-08-09 09:00:00+00:00,3800.0,3800.0,3800.0,3800.0,0.0
2019-08-12 09:00:00+00:00,3800.0,3800.0,3800.0,3800.0,0.0
2019-08-13 09:00:00+00:00,3800.0,3800.0,3800.0,3800.0,0.0
2019-08-14 09:00:00+00:00,3800.0,3800.0,3800.0,3800.0,0.0
2019-08-15 09:00:00+00:00,3800.0,3800.0,3800.0,3800.0,0.0
2019-08-16 09:00:00+00:00,3800.0,3800.0,3800.0,3800.0,0.0
2019-08-19 09:00:00+00:00,3800.0,3800.0,3800.0,3800.0,0.0
2019-08-20 09:00:00+00:00,3800.0,3800.0,3800.0,3800.0,0.0
2019-08-21 09:00:00+00:00,3800.0,3800.0,3800.0,3800.0,0.0
2019-08-22 09:00:00+00:00,3800.0,3800.0,3800.0,3800.0,0.0
2019-08-23 09:00:00+00:00,3800.0,3800.0,3800.0,3800.0,0.0
2019-08-26 09:00:00+00:00,3800.0,3800.0,3800.0,3800.0,0.0
2019-08-27 09:00:00+00:00,3800.0,3800.0,3800.0,3800.0,0.0
2019-08-28 09:00:00+00:00,3800.0,3800.0,3800.0,3800.0,0.0
2019-08-29 09:00:00+00:00,3800.0,3800.0,3800.0,3800.0,0.0
2019-08-30 09:00:00+00:00,3800.0,3800.0,3800.0,3800.0,0.0
2019-09-02 09:00:00+00:00,3800.0,3800.0,3800.0,3800.0,0.0
2019-09-03 09:00:00+00:00,3800.0,3800.0,3800.0,3800.0,0.0
2019-09-04 09:00:00+00:00,3800.0,3800.0,3800.0,3800.0,0.0
2019-09-05 09:00:00+00:00,3800.0,3800.0,3800.0,3800.0,0.0
2019-09-06 09:00:00+00:00,3800.0,3800.0,3800.0,3800.0,0.0
2019-09-09 09:00:00+00:00,3800.0,3800.0,3800.0,3800.0,0.0
2019-09-10 09:00:00+00:00,3800.0,3800.0,3800.0,3800.0,0.0
2019-09-11 09:00:00+00:00,3800.0,3800.0,3800.0,3800.0,0.0
2019-09-12 09:00:00+00:00,3800.0,3800.0,3800.0,3800.0,0.0
2019-09-13 09:00:00+00:00,3800.0,3800.0,3800.0,3800.0,0.0
2019-09-16 09:00:00+00:00,3800.0,3800.0,3800.0,3800.0,0.0
2019-09-17 09:00:00+00:00,3800.0,3800.0,3800.0,3800.0,0.0
2019-09-18 09:00:00+00:00,3800.0,3800.0,3800.0,3800.0,0.0
2019-09-19 09:00:00+00:00,3800.0,3800.0,3800.0,3800.0,0.0
2019-09-20 09:00:00+00:00,3800.0,3800.0,3800.0,3800.0,0.0
2019-09-23 09:00:00+00:00,3800.0,3800.0,3800.0,3800.0,0.0
2019-09-24 09:00:00+00:00,3800.0,3800.0,3800.0,3800.0,0.0
2019-09-25 09:00:00+00:00,3800.0,3800.0,3800.0,3800.0,0.0
2019-09-26 09:00:00+00:00,3800.0,3800.0,3800.0,3800.0,0.0
2019-09-27 09:00:00+00:00,3800.0,3800.0,3800.0,3800.0,0.0
2019-09-30 09:00:00+00:00,3800.0,3800.0,3800.0,3800.0,0.0
2019-10-01 09:00:00+00:00,3800.0,3800.0,3800.0,3800.0,0.0
2019-10-02 09:00:00+00:00,3800.0,3800.0,3800.0,3800.0,0.0
2019-10-03 09:00:00+00:00,3800.0,3800.0,3800.0,3800.0,0.0
2019-10-04 09:00:00+00:00,3800.0,3800.0,3800.0,3800.0,0.0
2019-10-07 09:00:00+00:00,3800.0,3800.0,3800.0,3800.0,0.0
2019-10-08 09:00:00+00:00,3800.0,3800.0,3800.0,3800.0,0.0
2019-10-09 09:00:00+00:00,3800.0,3800.0,3800.0,3800.0,0.0
2019-10-10 09:00:00+00:00,3800.0,3800.0,3800.0,3800.0,0.0
2019-10-11 09:00:00+00:00,3800.0,3800.0,3800.0,3800.0,0.0
2019-10-14 09:00:00+00:00,3800.0,3800.0,3800.0,3800.0,0.0
2019-10-15 09:00:00+00:00,3800.0,3800.0,3800.0,3800.0,0.0
2019-10-16 09:00:00+00:00,3800.0,3800.0,3800.0,3800.0,0.0
2019-10-17 09:00:00+00:00,3800.0,3800.0,3800.0,3800.0,0.0
2019-10-18 09:00:00+00:00,3800.0,3800.0,3800.0,3800.0,0.0
2019-10-21 09:00:00+00:00,3800.0,3800.0,3800.0,3800.0,0.0
2019-10-22 09:00:00+00:00,3800.0,3800.0,3800.0,3800.0,0.0
2019-10-23 09:00:00+00:00,3800.0,3800.0,3800.0,3800.0,0.0
2019-10-24 09:00:00+00:00,3800.0,3800.0,3800.0,3800.0,0.0
2019-10-25 09:00:00+00:00,3800.0,3800.0,3800.0,3800.0,0.0
2019-10-28 09:00:00+00:00,3800.0,3800.0,3800.0,3800.0,0.0
2019-10-29 09:00:00+00:00,3800.0,3800.0,3800.0,3800.0,0.0
2019-10-30 09:00:00+00:00,3800.0,3800.0,3800.0,3800.0,0.0
2019-10-31 09:00:00+00:00,3800.0,3800.0,3800.0,3800.0,0.0
2019-11-01 09:00:00+00:00,3800.0,3800.0,3800.0,3800.0,0.0
2019-11-04 09:00:00+00:00,3800.0,3800.0,3800.0,3800.0,0.0
2019-11-05 09:00:00+00:00,3800.0,3800.0,3800.0,3800.0,0.0
2019-11-06 09:00:00+00:00,3800.0,3800.0,3800.0,3800.0,0.0
2019-11-07 09:00:00+00:00,3800.0,3800.0,3800.0,3800.0,0.0
2019-11-08 09:00:00+00:00,3800.0,3800.0,3800.0,3800.0,0.0
2019-11-11 09:00:00+00:00,3800.0,3800.0,3800.0,3800.0,0.0
2019-11-12 09:00:00+00:00,3800.0,3800.0,3800.0,3800.0,0.0
2019-11-13 09:00:00+00:00,3800.0,3800.0,3800.0,3800.0,0.0
2019-11-14 09:00:00+00:00,3800.0,3800.0,3800.0,3800.0,0.0
2019-11-15 09:00:00+00:00,3800.0,3800.0,3800.0,3800.0,0.0
2019-11-18 09:00:00+00:00,3800.0,3800.0,3800.0,3800.0,0.0
2019-11-19 09:00:00+00:00,3800.0,3800.0,3800.0,3800.0,0.0
2019-11-20 09:00:00+00:00,3800.0,3800.0,3800.0,3800.0,0.0
2019-11-21 09:00:00+00:00,3800.0,3800.0,3800.0,3800.0,0.0
2019-11-22 09:00:00+00:00,3800.0,3800.0,3800.0,3800.0,0.0
2019-11-25 09:00:00+00:00,3800.0,3800.0,3800.0,3800.0,0.0
2019-11-26 09:00:00+00:00,3800.0,3800.0,3800.0,3800.0,0.0
2019-11-27 09:00:00+00:00,3800.0,3800.0,3800.0,3800.0,0.0
2019-11-28 09:00:00+00:00,3800.0,3800.0,3800.0,3800.0,0.0
2019-11-29 09:00:00+00:00,3800.0,3800.0,3800.0,3800.0,0.0
2019-12-02 09:00:00+00:00,3800.0,3800.0,3800.0,3800.0,0.0
2019-12-03 09:00:00+00:00,3800.0,3800.0,3800.0,3800.0,0.0
2019-12-04 09:00:00+00:00,3800.0,3800.0,3800.0,3800.0,0.0
2019-12-05 09:00:00+00:00,3800.0,3800.0,3800.0,3800.0,0.0
2019-12-06 09:00:00+00:00,3800.0,3800.0,3800.0,3800.0,0.0
2019-12-09 09:00:00+00:00,3800.0,3800.0,3800.0,3800.0,0.0
2019-12-10 09:00:00+00:00,3800.0,3800.0,3800.0,3800.0,0.0
2019-12-11 09:00:00+00:00,3800.0,3800.0,3800.0,3800.0,0.0
2019-12-12 09:00:00+00:00,3800.0,3800.0,3800.0,3800.0,0.0
2019-12-13 09:00:00+00:00,3800.0,3800.0,3800.0,3800.0,0.0
2019-12-16 09:00:00+00:00,3800.0,3800.0,3800.0,3800.0,0.0
2019-12-17 09:00:00+00:00,3800.0,3800.0,3800.0,3800.0,0.0
2019-12-18 09:00:00+00:00,3800.0,3800.0,3800.0,3800.0,0.0
2019-12-19 09:00:00+00:00,3800.0,3800.0,3800.0,3800.0,0.0
2019-12-20 09:00:00+00:00,3800.0,3800.0,3800.0,3800.0,0.0
2019-12-23 09:00:00+00:00,3800.0,3800.0,3800.0,3800.0,0.0
2019-12-26 09:00:00+00:00,3800.0,3800.0,3800.0,3800.0,0.0
2019-12-27 09:00:00+00:00,3800.0,3800.0,3800.0,3800.0,0.0
2019-12-30 09:00:00+00:00,3800.0,3800.0,3800.0,3800.0,0.0
2020-01-02 09:00:00+00:00,3800.0,3800.0,3800.0,3800.0,0.0
2020-01-03 09:00:00+00:00,3800.0,3800.0,3800.0,3800.0,0.0
2020-01-06 09:00:00+00:00,3800.0,3800.0,3800.0,3800.0,0.0
2020-01-07 09:00:00+00:00,3800.0,3800.0,3800.0,3800.0,0.0
2020-01-08 09:00:00+00:00,3800.0,3800.0,3800.0,3800.0,0.0
2020-01-09 09:00:00+00:00,3800.0,3800.0,3800.0,3800.0,0.0
2020-01-10 09:00:00+00:00,3800.0,3800.0,3800.0,3800.0,0.0
2020-01-13 09:00:00+00:00,3800.0,3800.0,3800.0,3800.0,0.0
2020-01-14 09:00:00+00:00,3800.0,3800.0,3800.0,3800.0,0.0
2020-01-15 09:00:00+00:00,3800.0,3800.0,3800.0,3800.0,0.0
2020-01-16 09:00:00+00:00,3800.0,3800.0,3800.0,3800.0,0.0
2020-01-17 09:00:00+00:00,3800.0,3800.0,3800.0,3800.0,0.0
2020-01-20 09:00:00+00:00,3800.0,3800.0,3800.0,3800.0,0.0
2020-01-21 09:00:00+00:00,3800.0,3800.0,3800.0,3800.0,0.0
2020-01-22 09:00:00+00:00,3800.0,3800.0,3800.0,3800.0,0.0
2020-01-23 09:00:00+00:00,3800.0,3800.0,3800.0,3800.0,0.0
2020-01-24 09:00:00+00:00,3800.0,3800.0,3800.0,3800.0,0.0
2020-01-27 09:00:00+00:00,3800.0,3800.0,3800.0,3800.0,0.0
2020-01-28 09:00:00+00:00,3800.0,3800.0,3800.0,3800.0,0.0
2020-01-29 09:00:00+00:00,3800.0,3800.0,3800.0,3800.0,0.0
2020-01-30 09:00:00+00:00,3800.0,3800.0,3800.0,3800.0,0.0
2020-01-31 09:00:00+00:00,3800.0,3800.0,3800.0,3800.0,0.0
2020-02-03 09:00:00+00:00,3800.0,3800.0,3800.0,3800.0,0.0
2020-02-04 09:00:00+00:00,3800.0,3800.0,3800.0,3800.0,0.0
2020-02-05 09:00:00+00:00,3800.0,3800.0,3800.0,3800.0,0.0
2020-02-06 09:00:00+00:00,3800.0,3800.0,3800.0,3800.0,0.0
2020-02-07 09:00:00+00:00,3800.0,3800.0,3800.0,3800.0,0.0
2020-02-10 09:00:00+00:00,3800.0,3800.0,3800.0,3800.0,0.0
2020-02-11 09:00:00+00:00,3800.0,3800.0,3800.0,3800.0,0.0
2020-02-12 09:00:00+00:00,3800.0,3800.0,3800.0,3800.0,0.0
2020-02-13 09:00:00+00:00,3800.0,3800.0,3800.0,3800.0,0.0
2020-02-14 09:00:00+00:00,3800.0,3800.0,3800.0,3800.0,0.0
2020-02-17 09:00:00+00:00,3800.0,3800.0,3800.0,3800.0,0.0
2020-02-18 09:00:00+00:00,3800.0,3800.0,3800.0,3800.0,0.0
2020-02-19 09:00:00+00:00,3800.0,3800.0,3800.0,3800.0,0.0
2020-02-20 09:00:00+00:00,3800.0,3800.0,3800.0,3800.0,0.0
2020-02-21 09:00:00+00:00,3800.0,3800.0,3800.0,3800.0,0.0
2020-02-24 09:00:00+00:00,3800.0,3800.0,3800.0,3800.0,0.0
2020-02-25 09:00:00+00:00,3800.0,3800.0,3800.0,3800.0,0.0
2020-02-26 09:00:00+00:00,3800.0,3800.0,3800.0,3800.0,0.0
2020-02-27 09:00:00+00:00,3800.0,3800.0,3800.0,3800.0,0.0
2020-02-28 09:00:00+00:00,3800.0,3800.0,3800.0,3800.0,0.0
2020-03-02 09:00:00+00:00,3800.0,3800.0,3800.0,3800.0,0.0
2020-03-03 09:00:00+00:00,3800.0,3800.0,3800.0,3800.0,0.0
2020-03-04 09:00:00+00:00,3800.0,3800.0,3800.0,3800.0,0.0
2020-03-05 09:00:00+00:00,3800.0,3800.0,3800.0,3800.0,0.0
2020-03-06 09:00:00+00:00,3800.0,3800.0,3800.0,3800.0,0.0
2020-03-09 09:00:00+00:00,3800.0,3800.0,3800.0,3800.0,0.0
2020-03-10 09:00:00+00:00,3800.0,3800.0,3800.0,3800.0,0.0
2020-03-11 09:00:00+00:00,3800.0,3800.0,3800.0,3800.0,0.0
2020-03-12 09:00:00+00:00,3800.0,3800.0,3800.0,3800.0,0.0
2020-03-13 09:00:00+00:00,3800.0,3800.0,3800.0,3800.0,0.0
2020-03-16 09:00:00+00:00,3800.0,3800.0,3800.0,3800.0,0.0
2020-03-17 09:00:00+00:00,3800.0,3800.0,3800.0,3800.0,0.0
2020-03-18 09:00:00+00:00,3800.0,3800.0,3800.0,3800.0,0.0
2020-03-19 09:00:00+00:00,3800.0,3800.0,3800.0,3800.0,0.0
2020-03-20 09:00:00+00:00,3800.0,3800.0,3800.0,3800.0,0.0
2020-03-23 09:00:00+00:00,3800.0,3800.0,3800.0,3800.0,0.0
2020-03-24 09:00:00+00:00,3800.0,3800.0,3800.0,3800.0,0.0
2020-03-26 09:00:00+00:00,3800.0,3800.0,3800.0,3800.0,0.0
2020-03-27 09:00:00+00:00,3800.0,3800.0,3800.0,3800.0,0.0
2020-03-30 09:00:00+00:00,3800.0,3800.0,3800.0,3800.0,0.0
2020-03-31 09:00:00+00:00,3800.0,3800.0,3800.0,3800.0,0.0
2020-04-01 09:00:00+00:00,3800.0,3800.0,3800.0,3800.0,0.0
2020-04-02 09:00:00+00:00,3800.0,3800.0,3800.0,3800.0,0.0
2020-04-03 09:00:00+00:00,3800.0,3800.0,3800.0,3800.0,0.0
2020-04-06 09:00:00+00:00,3800.0,3800.0,3800.0,3800.0,0.0
2020-04-07 09:00:00+00:00,3800.0,3800.0,3800.0,3800.0,0.0
2020-04-08 09:00:00+00:00,3800.0,3800.0,3800.0,3800.0,0.0
2020-04-09 09:00:00+00:00,3800.0,3800.0,3800.0,3800.0,0.0
2020-04-13 09:00:00+00:00,3800.0,3800.0,3800.0,3800.0,0.0
2020-04-14 09:00:00+00:00,3800.0,3800.0,3800.0,3800.0,0.0
2020-04-15 09:00:00+00:00,3800.0,3800.0,3800.0,3800.0,0.0
2020-04-16 09:00:00+00:00,3800.0,3800.0,3800.0,3800.0,0.0
2020-04-17 09:00:00+00:00,3800.0,3800.0,3800.0,3800.0,0.0
2020-04-20 09:00:00+00:00,3800.0,3800.0,3800.0,3800.0,0.0
2020-04-21 09:00:00+00:00,3800.0,3800.0,3800.0,3800.0,0.0
2020-04-22 09:00:00+00:00,3800.0,3800.0,3800.0,3800.0,0.0
2020-04-23 09:00:00+00:00,3800.0,3800.0,3800.0,3800.0,0.0
2020-04-24 09:00:00+00:00,3800.0,3800.0,3800.0,3800.0,0.0
2020-04-27 09:00:00+00:00,3800.0,3800.0,3800.0,3800.0,0.0
2020-04-28 09:00:00+00:00,3800.0,3800.0,3800.0,3800.0,0.0
2020-04-29 09:00:00+00:00,3800.0,3800.0,3800.0,3800.0,0.0
2020-04-30 09:00:00+00:00,3800.0,3800.0,3800.0,3800.0,0.0
2020-05-04 09:00:00+00:00,3800.0,3800.0,3800.0,3800.0,0.0
2020-05-05 09:00:00+00:00,3800.0,3800.0,3800.0,3800.0,0.0
2020-05-06 09:00:00+00:00,3800.0,3800.0,3800.0,3800.0,0.0
2020-05-08 09:00:00+00:00,3800.0,3800.0,3800.0,3800.0,0.0
2020-05-11 09:00:00+00:00,3800.0,3800.0,3800.0,3800.0,0.0
2020-05-12 09:00:00+00:00,3800.0,3800.0,3800.0,3800.0,0.0
2020-05-13 09:00:00+00:00,3800.0,3800.0,3800.0,3800.0,0.0
2020-05-14 09:00:00+00:00,3800.0,3800.0,3800.0,3800.0,0.0
2020-05-15 09:00:00+00:00,3800.0,3800.0,3800.0,3800.0,0.0
2020-05-18 09:00:00+00:00,3800.0,3800.0,3800.0,3800.0,0.0
2020-05-19 09:00:00+00:00,3800.0,3800.0,3800.0,3800.0,0.0
2020-05-20 09:00:00+00:00,3800.0,3800.0,3800.0,3800.0,0.0
2020-05-26 09:00:00+00:00,3800.0,3800.0,3800.0,3800.0,0.0
2020-05-27 09:00:00+00:00,3800.0,3800.0,3800.0,3800.0,0.0
2020-05-28 09:00:00+00:00,3800.0,3800.0,3800.0,3800.0,0.0
2020-05-29 09:00:00+00:00,3800.0,3800.0,3800.0,3800.0,0.0
2020-06-02 09:00:00+00:00,3800.0,3800.0,3800.0,3800.0,0.0
2020-06-03 09:00:00+00:00,3800.0,3800.0,3800.0,3800.0,0.0
2020-06-04 09:00:00+00:00,3800.0,3800.0,3800.0,3800.0,0.0
2020-06-05 09:00:00+00:00,3800.0,3800.0,3800.0,3800.0,0.0
2020-06-08 09:00:00+00:00,3800.0,3800.0,3800.0,3800.0,0.0
2020-06-09 09:00:00+00:00,3800.0,3800.0,3800.0,3800.0,0.0
2020-06-10 09:00:00+00:00,3800.0,3800.0,3800.0,3800.0,0.0
2020-06-11 09:00:00+00:00,3800.0,3800.0,3800.0,3800.0,0.0
2020-06-12 09:00:00+00:00,3800.0,3800.0,3800.0,3800.0,0.0
2020-06-15 09:00:00+00:00,3800.0,3800.0,3800.0,3800.0,0.0
2020-06-16 09:00:00+00:00,3800.0,3800.0,3800.0,3800.0,0.0
2020-06-17 09:00:00+00:00,3800.0,3800.0,3800.0,3800.0,0.0
2020-06-18 09:00:00+00:00,3800.0,3800.0,3800.0,3800.0,0.0
2020-06-19 09:00:00+00:00,3800.0,3800.0,3800.0,3800.0,0.0
2020-06-22 09:00:00+00:00,3800.0,3800.0,3800.0,3800.0,0.0
2020-06-23 09:00:00+00:00,3800.0,3800.0,3800.0,3800.0,0.0
2020-06-24 09:00:00+00:00,3800.0,3800.0,3800.0,3800.0,0.0
2020-06-25 09:00:00+00:00,3800.0,3800.0,3800.0,3800.0,0.0
2020-06-26 09:00:00+00:00,3800.0,3800.0,3800.0,3800.0,0.0
2020-06-29 09:00:00+00:00,3800.0,3800.0,3800.0,3800.0,0.0
2020-06-30 09:00:00+00:00,3800.0,3800.0,3800.0,3800.0,0.0
2020-07-01 09:00:00+00:00,3800.0,3800.0,3800.0,3800.0,0.0
2020-07-02 09:00:00+00:00,3800.0,3800.0,3800.0,3800.0,0.0
2020-07-03 09:00:00+00:00,3800.0,3800.0,3800.0,3800.0,0.0
2020-07-06 09:00:00+00:00,3800.0,3800.0,3800.0,3800.0,0.0
2020-07-07 09:00:00+00:00,3800.0,3800.0,3800.0,3800.0,0.0
2020-07-08 09:00:00+00:00,3800.0,3800.0,3800.0,3800.0,0.0
2020-07-09 09:00:00+00:00,3800.0,3800.0,3800.0,3800.0,0.0
2020-07-10 09:00:00+00:00,3800.0,3800.0,3800.0,3800.0,0.0
2020-07-13 09:00:00+00:00,3800.0,3800.0,3800.0,3800.0,0.0
2020-07-14 09:00:00+00:00,3800.0,3800.0,3800.0,3800.0,0.0
2020-07-15 09:00:00+00:00,3800.0,3800.0,3800.0,3800.0,0.0
2020-07-16 09:00:00+00:00,3800.0,3800.0,3800.0,3800.0,0.0
2020-07-17 09:00:00+00:00,3800.0,3800.0,3800.0,3800.0,0.0
2020-07-20 09:00:00+00:00,3800.0,3800.0,3800.0,3800.0,0.0
2020-07-21 09:00:00+00:00,3800.0,3800.0,3800.0,3800.0,0.0
2020-07-22 09:00:00+00:00,3800.0,3800.0,3800.0,3800.0,0.0
2020-07-23 09:00:00+00:00,3800.0,3800.0,3800.0,3800.0,0.0
2020-07-24 09:00:00+00:00,3800.0,3800.0,3800.0,3800.0,0.0
2020-07-27 09:00:00+00:00,3800.0,3800.0,3800.0,3800.0,0.0
2020-07-28 09:00:00+00:00,3800.0,3800.0,3800.0,3800.0,0.0
2020-07-29 09:00:00+00:00,3800.0,3800.0,3800.0,3800.0,0.0
2020-07-30 09:00:00+00:00,3800.0,3800.0,3800.0,3800.0,0.0
2020-08-03 09:00:00+00:00,3800.0,3800.0,3800.0,3800.0,0.0
2020-08-04 09:00:00+00:00,3800.0,3800.0,3800.0,3800.0,0.0
2020-08-05 09:00:00+00:00,3800.0,3800.0,3800.0,3800.0,0.0
2020-08-06 09:00:00+00:00,3800.0,3800.0,3800.0,3800.0,0.0
2020-08-07 09:00:00+00:00,3800.0,3800.0,3800.0,3800.0,0.0
2020-08-10 09:00:00+00:00,3800.0,3800.0,3800.0,3800.0,0.0
2020-08-11 09:00:00+00:00,3800.0,3800.0,3800.0,3800.0,0.0
2020-08-12 09:00:00+00:00,3800.0,3800.0,3800.0,3800.0,0.0
2020-08-13 09:00:00+00:00,3800.0,3800.0,3800.0,3800.0,0.0
2020-08-14 09:00:00+00:00,3800.0,3800.0,3800.0,3800.0,0.0
2020-08-18 09:00:00+00:00,3800.0,3800.0,3800.0,3800.0,0.0
2020-08-19 09:00:00+00:00,3800.0,3800.0,3800.0,3800.0,0.0
2020-08-24 09:00:00+00:00,3800.0,3800.0,3800.0,3800.0,0.0
2020-08-25 09:00:00+00:00,3800.0,3800.0,3800.0,3800.0,0.0
2020-08-26 09:00:00+00:00,3800.0,3800.0,3800.0,3800.0,0.0
2020-08-27 09:00:00+00:00,3800.0,3800.0,3800.0,3800.0,0.0
2020-08-28 09:00:00+00:00,3800.0,3800.0,3800.0,3800.0,0.0
2020-08-31 09:00:00+00:00,3800.0,3800.0,3800.0,3800.0,0.0
2020-09-01 09:00:00+00:00,3800.0,3800.0,3800.0,3800.0,0.0
2020-09-02 09:00:00+00:00,3800.0,3800.0,3800.0,3800.0,0.0
2020-09-03 09:00:00+00:00,3800.0,3800.0,3800.0,3800.0,0.0
2020-09-04 09:00:00+00:00,3800.0,3800.0,3800.0,3800.0,0.0
2020-09-07 09:00:00+00:00,3800.0,3800.0,3800.0,3800.0,0.0
2020-09-08 09:00:00+00:00,3800.0,3800.0,3800.0,3800.0,0.0
2020-09-09 09:00:00+00:00,3800.0,3800.0,3800.0,3800.0,0.0
2020-09-10 09:00:00+00:00,3800.0,3800.0,3800.0,3800.0,0.0
2020-09-11 09:00:00+00:00,3800.0,3800.0,3800.0,3800.0,0.0
2020-09-14 09:00:00+00:00,3800.0,3800.0,3800.0,3800.0,0.0
2020-09-15 09:00:00+00:00,3800.0,3800.0,3800.0,3800.0,0.0
2020-09-16 09:00:00+00:00,3800.0,3800.0,3800.0,3800.0,0.0
2020-09-17 09:00:00+00:00,3800.0,3800.0,3800.0,3800.0,0.0
2020-09-18 09:00:00+00:00,3800.0,3800.0,3800.0,3800.0,0.0
2020-09-21 09:00:00+00:00,3800.0,3800.0,3800.0,3800.0,0.0
2020-09-22 09:00:00+00:00,3800.0,3800.0,3800.0,3800.0,0.0
2020-09-23 09:00:00+00:00,3800.0,3800.0,3800.0,3800.0,0.0
2020-09-24 09:00:00+00:00,3800.0,3800.0,3800.0,3800.0,0.0
2020-09-25 09:00:00+00:00,3800.0,3800.0,3800.0,3800.0,0.0
2020-09-28 09:00:00+00:00,3800.0,3800.0,3800.0,3800.0,0.0
2020-09-29 09:00:00+00:00,3800.0,3800.0,3800.0,3800.0,0.0
2020-09-30 09:00:00+00:00,3800.0,3800.0,3800.0,3800.0,0.0
2020-10-01 09:00:00+00:00,3800.0,3800.0,3800.0,3800.0,0.0
2020-10-02 09:00:00+00:00,3800.0,3800.0,3800.0,3800.0,0.0
2020-10-05 09:00:00+00:00,3800.0,3800.0,3800.0,3800.0,0.0
2020-10-06 09:00:00+00:00,3800.0,3800.0,3800.0,3800.0,0.0
2020-10-07 09:00:00+00:00,3800.0,3800.0,3800.0,3800.0,0.0
2020-10-08 09:00:00+00:00,3800.0,3800.0,3800.0,3800.0,0.0
2020-10-09 09:00:00+00:00,3800.0,3800.0,3800.0,3800.0,0.0
2020-10-12 09:00:00+00:00,3800.0,3800.0,3800.0,3800.0,0.0
2020-10-13 09:00:00+00:00,3800.0,3800.0,3800.0,3800.0,0.0
2020-10-14 09:00:00+00:00,3800.0,3800.0,3800.0,3800.0,0.0
2020-10-15 09:00:00+00:00,3800.0,3800.0,3800.0,3800.0,0.0
2020-10-16 09:00:00+00:00,3800.0,3800.0,3800.0,3800.0,0.0
2020-10-19 09:00:00+00:00,3800.0,3800.0,3800.0,3800.0,0.0
2020-10-20 09:00:00+00:00,3800.0,3800.0,3800.0,3800.0,0.0
2020-10-21 09:00:00+00:00,3800.0,3800.0,3800.0,3800.0,0.0
2020-10-22 09:00:00+00:00,3800.0,3800.0,3800.0,3800.0,0.0
2020-10-23 09:00:00+00:00,3800.0,3800.0,3800.0,3800.0,0.0
2020-10-26 09:00:00+00:00,3800.0,3800.0,3800.0,3800.0,0.0
2020-10-27 09:00:00+00:00,3800.0,3800.0,3800.0,3800.0,0.0
2020-11-02 09:00:00+00:00,3800.0,3800.0,3800.0,3800.0,0.0
2020-11-03 09:00:00+00:00,3800.0,3800.0,3800.0,3800.0,0.0
2020-11-04 09:00:00+00:00,3800.0,3800.0,3800.0,3800.0,0.0
2020-11-05 09:00:00+00:00,3800.0,3800.0,3800.0,3800.0,0.0
2020-11-06 09:00:00+00:00,3800.0,3800.0,3800.0,3800.0,0.0
2020-11-09 09:00:00+00:00,3800.0,3800.0,3800.0,3800.0,0.0
2020-11-10 09:00:00+00:00,3800.0,3800.0,3800.0,3800.0,0.0
2020-11-11 09:00:00+00:00,3800.0,3800.0,3800.0,3800.0,0.0
2020-11-12 09:00:00+00:00,3800.0,3800.0,3800.0,3800.0,0.0
2020-11-13 09:00:00+00:00,3800.0,3800.0,3800.0,3800.0,0.0
2020-11-16 09:00:00+00:00,3800.0,3800.0,3800.0,3800.0,0.0
2020-11-17 09:00:00+00:00,3800.0,3800.0,3800.0,3800.0,0.0
2020-11-18 09:00:00+00:00,3800.0,3800.0,3800.0,3800.0,0.0
2020-11-19 09:00:00+00:00,3800.0,3800.0,3800.0,3800.0,0.0
2020-11-20 09:00:00+00:00,3800.0,3800.0,3800.0,3800.0,0.0
2020-11-23 09:00:00+00:00,3800.0,3800.0,3800.0,3800.0,0.0
2020-11-24 09:00:00+00:00,3800.0,3800.0,3800.0,3800.0,0.0
2020-11-25 09:00:00+00:00,3800.0,3800.0,3800.0,3800.0,0.0
2020-11-26 09:00:00+00:00,3800.0,3800.0,3800.0,3800.0,0.0
2020-11-27 09:00:00+00:00,3800.0,3800.0,3800.0,3800.0,0.0
2020-11-30 09:00:00+00:00,3800.0,3800.0,3800.0,3800.0,0.0
2020-12-01 09:00:00+00:00,3800.0,3800.0,3800.0,3800.0,0.0
2020-12-02 09:00:00+00:00,3800.0,3800.0,3800.0,3800.0,0.0
2020-12-03 09:00:00+00:00,3800.0,3800.0,3800.0,3800.0,0.0
2020-12-04 09:00:00+00:00,3800.0,3800.0,3800.0,3800.0,0.0
2020-12-07 09:00:00+00:00,3800.0,3800.0,3800.0,3800.0,0.0
2020-12-08 09:00:00+00:00,3800.0,3800.0,3800.0,3800.0,0.0
2020-12-10 09:00:00+00:00,3800.0,3800.0,3800.0,3800.0,0.0
2020-12-11 09:00:00+00:00,3800.0,3800.0,3800.0,3800.0,0.0
2020-12-14 09:00:00+00:00,3800.0,3800.0,3800.0,3800.0,0.0
2020-12-15 09:00:00+00:00,3800.0,3800.0,3800.0,3800.0,0.0
2020-12-16 09:00:00+00:00,3800.0,3800.0,3800.0,3800.0,0.0
2020-12-17 09:00:00+00:00,3800.0,3800.0,3800.0,3800.0,0.0
2020-12-18 09:00:00+00:00,3800.0,3800.0,3800.0,3800.0,0.0
2020-12-21 09:00:00+00:00,3800.0,3800.0,3800.0,3800.0,0.0
2020-12-22 09:00:00+00:00,3800.0,3800.0,3800.0,3800.0,0.0
2020-12-23 09:00:00+00:00,3800.0,3800.0,3800.0,3800.0,0.0
2020-12-28 09:00:00+00:00,3800.0,3800.0,3800.0,3800.0,0.0
2020-12-29 09:00:00+00:00,3800.0,3800.0,3800.0,3800.0,0.0
2020-12-30 09:00:00+00:00,3800.0,3800.0,3800.0,3800.0,0.0
2021-01-04 09:00:00+00:00,3800.0,3800.0,3800.0,3800.0,0.0
2021-01-05 09:00:00+00:00,3800.0,3800.0,3800.0,3800.0,0.0
2021-01-06 09:00:00+00:00,3800.0,3800.0,3800.0,3800.0,0.0
2021-01-07 09:00:00+00:00,3800.0,3800.0,3800.0,3800.0,0.0
2021-01-08 09:00:00+00:00,3800.0,3800.0,3800.0,3800.0,0.0
2021-01-11 09:00:00+00:00,3800.0,3800.0,3800.0,3800.0,0.0
2021-01-12 09:00:00+00:00,3800.0,3800.0,3800.0,3800.0,0.0
2021-01-13 09:00:00+00:00,3800.0,3800.0,3800.0,3800.0,0.0
2021-01-14 09:00:00+00:00,3800.0,3800.0,3800.0,3800.0,0.0
2021-01-15 09:00:00+00:00,3800.0,3800.0,3800.0,3800.0,0.0
2021-01-18 09:00:00+00:00,3800.0,3800.0,3800.0,3800.0,0.0
2021-01-19 09:00:00+00:00,3800.0,3800.0,3800.0,3800.0,0.0
2021-01-20 09:00:00+00:00,3800.0,3800.0,3800.0,3800.0,0.0
2021-01-21 09:00:00+00:00,3800.0,3800.0,3800.0,3800.0,0.0
2021-01-22 09:00:00+00:00,3800.0,3800.0,3800.0,3800.0,0.0
2021-01-25 09:00:00+00:00,3800.0,3800.0,3800.0,3800.0,0.0
2021-01-26 09:00:00+00:00,3800.0,3800.0,3800.0,3800.0,0.0
2021-01-27 09:00:00+00:00,3800.0,3800.0,3800.0,3800.0,0.0
2021-01-28 09:00:00+00:00,3800.0,3800.0,3800.0,3800.0,0.0
2021-01-29 09:00:00+00:00,3800.0,3800.0,3800.0,3800.0,0.0
2021-02-01 09:00:00+00:00,3800.0,3800.0,3800.0,3800.0,0.0
2021-02-02 09:00:00+00:00,3800.0,3800.0,3800.0,3800.0,0.0
2021-02-03 09:00:00+00:00,3800.0,3800.0,3800.0,3800.0,0.0
2021-02-04 09:00:00+00:00,3800.0,3800.0,3800.0,3800.0,0.0
2021-02-05 09:00:00+00:00,3800.0,3800.0,3800.0,3800.0,0.0
2021-02-08 09:00:00+00:00,3800.0,3800.0,3800.0,3800.0,0.0
2021-02-09 09:00:00+00:00,3800.0,3800.0,3800.0,3800.0,0.0
2021-02-10 09:00:00+00:00,3800.0,3800.0,3800.0,3800.0,0.0
2021-02-11 09:00:00+00:00,3800.0,3800.0,3800.0,3800.0,0.0
2021-02-15 09:00:00+00:00,3800.0,3800.0,3800.0,3800.0,0.0
2021-02-16 09:00:00+00:00,3800.0,3800.0,3800.0,3800.0,0.0
2021-02-17 09:00:00+00:00,3800.0,3800.0,3800.0,3800.0,0.0
2021-02-18 09:00:00+00:00,3800.0,3800.0,3800.0,3800.0,0.0
2021-02-19 09:00:00+00:00,3800.0,3800.0,3800.0,3800.0,0.0
2021-02-22 09:00:00+00:00,3800.0,3800.0,3800.0,3800.0,0.0
2021-02-23 09:00:00+00:00,3800.0,3800.0,3800.0,3800.0,0.0
2021-02-24 09:00:00+00:00,3800.0,3800.0,3800.0,3800.0,0.0
2021-02-25 09:00:00+00:00,3800.0,3800.0,3800.0,3800.0,0.0
2021-02-26 09:00:00+00:00,3800.0,3800.0,3800.0,3800.0,0.0
2021-03-01 09:00:00+00:00,3800.0,3800.0,3800.0,3800.0,0.0
2021-03-02 09:00:00+00:00,3800.0,3800.0,3800.0,3800.0,0.0
2021-03-03 09:00:00+00:00,3800.0,3800.0,3800.0,3800.0,0.0
2021-03-04 09:00:00+00:00,3800.0,3800.0,3800.0,3800.0,0.0
2021-03-05 09:00:00+00:00,3800.0,3800.0,3800.0,3800.0,0.0
2021-03-08 09:00:00+00:00,3800.0,3800.0,3800.0,3800.0,0.0
2021-03-09 09:00:00+00:00,3800.0,3800.0,3800.0,3800.0,0.0
2021-03-10 09:00:00+00:00,3800.0,3800.0,3800.0,3800.0,0.0
2021-03-12 09:00:00+00:00,3800.0,3800.0,3800.0,3800.0,0.0
2021-03-15 09:00:00+00:00,3800.0,3800.0,3800.0,3800.0,0.0
2021-03-16 09:00:00+00:00,3800.0,3800.0,3800.0,3800.0,0.0
2021-03-17 09:00:00+00:00,3800.0,3800.0,3800.0,3800.0,0.0
2021-03-18 09:00:00+00:00,3800.0,3800.0,3800.0,3800.0,0.0
2021-03-19 09:00:00+00:00,3800.0,3800.0,3800.0,3800.0,0.0
2021-03-22 09:00:00+00:00,3800.0,3800.0,3800.0,3800.0,0.0
2021-03-23 09:00:00+00:00,3800.0,3800.0,3800.0,3800.0,0.0
2021-03-24 09:00:00+00:00,3800.0,3800.0,3800.0,3800.0,0.0
2021-03-25 09:00:00+00:00,3800.0,3800.0,3800.0,3800.0,0.0
2021-03-26 09:00:00+00:00,3800.0,3800.0,3800.0,3800.0,0.0
2021-03-29 09:00:00+00:00,3800.0,3800.0,3800.0,3800.0,0.0
2021-03-30 09:00:00+00:00,3800.0,3800.0,3800.0,3800.0,0.0
2021-03-31 09:00:00+00:00,3800.0,3800.0,3800.0,3800.0,0.0
2021-04-01 09:00:00+00:00,3800.0,3800.0,3800.0,3800.0,0.0
2021-04-05 09:00:00+00:00,3800.0,3800.0,3800.0,3800.0,0.0
2021-04-06 09:00:00+00:00,3800.0,3800.0,3800.0,3800.0,0.0
2021-04-07 09:00:00+00:00,3800.0,3800.0,3800.0,3800.0,0.0
2021-04-08 09:00:00+00:00,3800.0,3800.0,3800.0,3800.0,0.0
2021-04-09 09:00:00+00:00,3800.0,3800.0,3800.0,3800.0,0.0
2021-04-12 09:00:00+00:00,3800.0,3800.0,3800.0,3800.0,0.0
2021-04-13 09:00:00+00:00,3800.0,3800.0,3800.0,3800.0,0.0
2021-04-14 09:00:00+00:00,3800.0,3800.0,3800.0,3800.0,0.0
2021-04-15 09:00:00+00:00,3800.0,3800.0,3800.0,3800.0,0.0
2021-04-16 09:00:00+00:00,3800.0,3800.0,3800.0,3800.0,0.0
2021-04-19 09:00:00+00:00,3800.0,3800.0,3800.0,3800.0,0.0
2021-04-20 09:00:00+00:00,3800.0,3800.0,3800.0,3800.0,0.0
2021-04-21 09:00:00+00:00,3800.0,3800.0,3800.0,3800.0,0.0
2021-04-22 09:00:00+00:00,3800.0,3800.0,3800.0,3800.0,0.0
2021-04-23 09:00:00+00:00,3800.0,3800.0,3800.0,3800.0,0.0
2021-04-26 09:00:00+00:00,3800.0,3800.0,3800.0,3800.0,0.0
2021-04-27 09:00:00+00:00,3800.0,3800.0,3800.0,3800.0,0.0
2021-04-28 09:00:00+00:00,3800.0,3800.0,3800.0,3800.0,0.0
2021-04-29 09:00:00+00:00,3800.0,3800.0,3800.0,3800.0,0.0
2021-04-30 09:00:00+00:00,3800.0,3800.0,3800.0,3800.0,0.0
2021-05-03 09:00:00+00:00,3800.0,3800.0,3800.0,3800.0,0.0
2021-05-04 09:00:00+00:00,3800.0,3800.0,3800.0,3800.0,0.0
2021-05-05 09:00:00+00:00,3800.0,3800.0,3800.0,3800.0,0.0
2021-05-06 09:00:00+00:00,3800.0,3800.0,3800.0,3800.0,0.0
2021-05-07 09:00:00+00:00,3800.0,3800.0,3800.0,3800.0,0.0
2021-05-10 09:00:00+00:00,3800.0,3800.0,3800.0,3800.0,0.0
2021-05-11 09:00:00+00:00,3800.0,3800.0,3800.0,3800.0,0.0
2021-05-17 09:00:00+00:00,3800.0,3800.0,3800.0,3800.0,0.0
2021-05-18 09:00:00+00:00,3800.0,3800.0,3800.0,3800.0,0.0
2021-05-19 09:00:00+00:00,3800.0,3800.0,3800.0,3800.0,0.0
2021-05-20 09:00:00+00:00,3800.0,3800.0,3800.0,3800.0,0.0
2021-05-21 09:00:00+00:00,3800.0,3800.0,3800.0,3800.0,0.0
2021-05-24 09:00:00+00:00,3800.0,3800.0,3800.0,3800.0,0.0
2021-05-25 09:00:00+00:00,3800.0,3800.0,3800.0,3800.0,0.0
2021-05-27 09:00:00+00:00,3800.0,3800.0,3800.0,3800.0,0.0
2021-05-28 09:00:00+00:00,3800.0,3800.0,3800.0,3800.0,0.0
2021-05-31 09:00:00+00:00,3800.0,3800.0,3800.0,3800.0,0.0
2021-06-02 09:00:00+00:00,3800.0,3800.0,3800.0,3800.0,0.0
2021-06-03 09:00:00+00:00,3800.0,3800.0,3800.0,3800.0,0.0
2021-06-04 09:00:00+00:00,3800.0,3800.0,3800.0,3800.0,0.0
2021-06-07 09:00:00+00:00,3800.0,3800.0,3800.0,3800.0,0.0
2021-06-08 09:00:00+00:00,3800.0,3800.0,3800.0,3800.0,0.0
2021-06-09 09:00:00+00:00,3800.0,3800.0,3800.0,3800.0,0.0
2021-06-10 09:00:00+00:00,3800.0,3800.0,3800.0,3800.0,0.0
2021-06-11 09:00:00+00:00,3800.0,3800.0,3800.0,3800.0,0.0
2021-06-14 09:00:00+00:00,3800.0,3800.0,3800.0,3800.0,0.0
2021-06-15 09:00:00+00:00,3800.0,3800.0,3800.0,3800.0,0.0
2021-06-16 09:00:00+00:00,3800.0,3800.0,3800.0,3800.0,0.0
2021-06-17 09:00:00+00:00,3800.0,3800.0,3800.0,3800.0,0.0
2021-06-18 09:00:00+00:00,3800.0,3800.0,3800.0,3800.0,0.0
2021-06-21 09:00:00+00:00,3800.0,3800.0,3800.0,3800.0,0.0
2021-06-22 09:00:00+00:00,3800.0,3800.0,3800.0,3800.0,0.0
2021-06-23 09:00:00+00:00,3800.0,3800.0,3800.0,3800.0,0.0
2021-06-24 09:00:00+00:00,3800.0,3800.0,3800.0,3800.0,0.0
2021-06-25 09:00:00+00:00,3800.0,3800.0,3800.0,3800.0,0.0
2021-06-28 09:00:00+00:00,3800.0,3800.0,3800.0,3800.0,0.0
2021-06-29 09:00:00+00:00,3800.0,3800.0,3800.0,3800.0,0.0
2021-06-30 09:00:00+00:00,3800.0,3800.0,3800.0,3800.0,0.0
2021-07-01 09:00:00+00:00,3800.0,3800.0,3800.0,3800.0,0.0
2021-07-02 09:00:00+00:00,3800.0,3800.0,3800.0,3800.0,0.0
2021-07-05 09:00:00+00:00,3800.0,3800.0,3800.0,3800.0,0.0
2021-07-06 09:00:00+00:00,3800.0,3800.0,3800.0,3800.0,0.0
2021-07-07 09:00:00+00:00,3800.0,3800.0,3800.0,3800.0,0.0
2021-07-08 09:00:00+00:00,3800.0,3800.0,3800.0,3800.0,0.0
2021-07-09 09:00:00+00:00,3800.0,3800.0,3800.0,3800.0,0.0
2021-07-12 09:00:00+00:00,3800.0,3800.0,3800.0,3800.0,0.0
2021-07-13 09:00:00+00:00,3800.0,3800.0,3800.0,3800.0,0.0
2021-07-14 09:00:00+00:00,3800.0,3800.0,3800.0,3800.0,0.0
2021-07-15 09:00:00+00:00,3800.0,3800.0,3800.0,3800.0,0.0
2021-07-16 09:00:00+00:00,3800.0,3800.0,3800.0,3800.0,0.0
2021-07-19 09:00:00+00:00,3800.0,3800.0,3800.0,3800.0,0.0
2021-07-21 09:00:00+00:00,3800.0,3800.0,3800.0,3800.0,0.0
2021-07-22 09:00:00+00:00,3800.0,3800.0,3800.0,3800.0,0.0
2021-07-23 09:00:00+00:00,3800.0,3800.0,3800.0,3800.0,0.0
2021-07-26 09:00:00+00:00,3800.0,3800.0,3800.0,3800.0,0.0
2021-07-27 09:00:00+00:00,3800.0,3800.0,3800.0,3800.0,0.0
2021-07-28 09:00:00+00:00,3800.0,3800.0,3800.0,3800.0,0.0
2021-07-29 09:00:00+00:00,3800.0,3800.0,3800.0,3800.0,0.0
2021-07-30 09:00:00+00:00,3800.0,3800.0,3800.0,3800.0,0.0
2021-08-02 09:00:00+00:00,3800.0,3800.0,3800.0,3800.0,0.0
2021-08-03 09:00:00+00:00,3800.0,3800.0,3800.0,3800.0,0.0
2021-08-04 09:00:00+00:00,3800.0,3800.0,3800.0,3800.0,0.0
2021-08-05 09:00:00+00:00,3800.0,3800.0,3800.0,3800.0,0.0
2021-08-06 09:00:00+00:00,3800.0,3800.0,3800.0,3800.0,0.0
2021-08-09 09:00:00+00:00,3800.0,3800.0,3800.0,3800.0,0.0
2021-08-10 09:00:00+00:00,3800.0,3800.0,3800.0,3800.0,0.0
2021-08-12 09:00:00+00:00,3800.0,3800.0,3800.0,3800.0,0.0
2021-08-13 09:00:00+00:00,3800.0,3800.0,3800.0,3800.0,0.0
2021-08-16 09:00:00+00:00,3800.0,3800.0,3800.0,3800.0,0.0
2021-08-18 09:00:00+00:00,3800.0,3800.0,3800.0,3800.0,0.0
2021-08-19 09:00:00+00:00,3800.0,3800.0,3800.0,3800.0,0.0
2021-08-20 09:00:00+00:00,3800.0,3800.0,3800.0,3800.0,0.0
2021-08-23 09:00:00+00:00,3800.0,3800.0,3800.0,3800.0,0.0
2021-08-24 09:00:00+00:00,3800.0,3800.0,3800.0,3800.0,0.0
2021-08-25 09:00:00+00:00,3800.0,3800.0,3800.0,3800.0,0.0
2021-08-26 09:00:00+00:00,3800.0,3800.0,3800.0,3800.0,0.0
2021-08-27 09:00:00+00:00,3800.0,3800.0,3800.0,3800.0,0.0
2021-08-30 09:00:00+00:00,3800.0,3800.0,3800.0,3800.0,0.0
2021-08-31 09:00:00+00:00,3800.0,3800.0,3800.0,3800.0,0.0
2021-09-01 09:00:00+00:00,3800.0,3800.0,3800.0,3800.0,0.0
2021-09-02 09:00:00+00:00,3800.0,3800.0,3800.0,3800.0,0.0
2021-09-03 09:00:00+00:00,3800.0,3800.0,3800.0,3800.0,0.0
2021-09-06 09:00:00+00:00,3800.0,3800.0,3800.0,3800.0,0.0
2021-09-07 09:00:00+00:00,3800.0,3800.0,3800.0,3800.0,0.0
2021-09-08 09:00:00+00:00,3800.0,3800.0,3800.0,3800.0,0.0
2021-09-09 09:00:00+00:00,3800.0,3800.0,3800.0,3800.0,0.0
2021-09-10 09:00:00+00:00,3800.0,3800.0,3800.0,3800.0,0.0
2021-09-13 09:00:00+00:00,3800.0,3800.0,3800.0,3800.0,0.0
2021-09-14 09:00:00+00:00,3800.0,3800.0,3800.0,3800.0,0.0
2021-09-15 09:00:00+00:00,3800.0,3800.0,3800.0,3800.0,0.0
2021-09-16 09:00:00+00:00,3800.0,3800.0,3800.0,3800.0,0.0
2021-09-17 09:00:00+00:00,3800.0,3800.0,3800.0,3800.0,0.0
2021-09-20 09:00:00+00:00,3800.0,3800.0,3800.0,3800.0,0.0
2021-09-21 09:00:00+00:00,3800.0,3800.0,3800.0,3800.0,0.0
2021-09-22 09:00:00+00:00,3800.0,3800.0,3800.0,3800.0,0.0
2021-09-23 09:00:00+00:00,3800.0,3800.0,3800.0,3800.0,0.0
2021-09-24 09:00:00+00:00,3800.0,3800.0,3800.0,3800.0,0.0
2021-09-27 09:00:00+00:00,3800.0,3800.0,3800.0,3800.0,0.0
2021-09-28 09:00:00+00:00,3800.0,3800.0,3800.0,3800.0,0.0
2021-09-29 09:00:00+00:00,3800.0,3800.0,3800.0,3800.0,0.0
2021-09-30 09:00:00+00:00,3800.0,3800.0,3800.0,3800.0,0.0
2021-10-01 09:00:00+00:00,3800.0,3800.0,3800.0,3800.0,0.0
2021-10-04 09:00:00+00:00,3800.0,3800.0,3800.0,3800.0,0.0
2021-10-05 09:00:00+00:00,3800.0,3800.0,3800.0,3800.0,0.0
2021-10-06 09:00:00+00:00,3800.0,3800.0,3800.0,3800.0,0.0
2021-10-07 09:00:00+00:00,3800.0,3800.0,3800.0,3800.0,0.0
2021-10-08 09:00:00+00:00,3800.0,3800.0,3800.0,3800.0,0.0
2021-10-11 09:00:00+00:00,3800.0,3800.0,3800.0,3800.0,0.0
2021-10-12 09:00:00+00:00,3800.0,3800.0,3800.0,3800.0,0.0
2021-10-13 09:00:00+00:00,3800.0,3800.0,3800.0,3800.0,0.0
2021-10-14 09:00:00+00:00,3800.0,3800.0,3800.0,3800.0,0.0
2021-10-15 09:00:00+00:00,3800.0,3800.0,3800.0,3800.0,0.0
2021-10-18 09:00:00+00:00,3800.0,3800.0,3800.0,3800.0,0.0
2021-10-19 09:00:00+00:00,3800.0,3800.0,3800.0,3800.0,0.0
2021-10-21 09:00:00+00:00,3800.0,3800.0,3800.0,3800.0,0.0
2021-10-22 09:00:00+00:00,3800.0,3800.0,3800.0,3800.0,0.0
2021-10-25 09:00:00+00:00,3800.0,3800.0,3800.0,3800.0,0.0
2021-10-26 09:00:00+00:00,3800.0,3800.0,3800.0,3800.0,0.0
2021-10-27 09:00:00+00:00,3800.0,3800.0,3800.0,3800.0,0.0
2021-10-28 09:00:00+00:00,3800.0,3800.0,3800.0,3800.0,0.0
2021-10-29 09:00:00+00:00,3800.0,3800.0,3800.0,3800.0,0.0
2021-11-01 09:00:00+00:00,3800.0,3800.0,3800.0,3800.0,0.0
2021-11-02 09:00:00+00:00,3800.0,3800.0,3800.0,3800.0,0.0
2021-11-03 09:00:00+00:00,3800.0,3800.0,3800.0,3800.0,0.0
2021-11-04 09:00:00+00:00,3800.0,3800.0,3800.0,3800.0,0.0
2021-11-05 09:00:00+00:00,3800.0,3800.0,3800.0,3800.0,0.0
2021-11-08 09:00:00+00:00,3800.0,3800.0,3800.0,3800.0,0.0
2021-11-09 09:00:00+00:00,3800.0,3800.0,3800.0,3800.0,0.0
2021-11-10 09:00:00+00:00,3800.0,3800.0,3800.0,3800.0,0.0
2021-11-11 09:00:00+00:00,3800.0,3800.0,3800.0,3800.0,0.0
2021-11-12 09:00:00+00:00,3800.0,3800.0,3800.0,3800.0,0.0
2021-11-15 09:00:00+00:00,3800.0,3800.0,3800.0,3800.0,0.0
2021-11-16 09:00:00+00:00,3800.0,3800.0,3800.0,3800.0,0.0
2021-11-17 09:00:00+00:00,3800.0,3800.0,3800.0,3800.0,0.0
2021-11-18 09:00:00+00:00,3800.0,3800.0,3800.0,3800.0,0.0
2021-11-19 09:00:00+00:00,3800.0,3800.0,3800.0,3800.0,0.0
2021-11-22 09:00:00+00:00,3800.0,3800.0,3800.0,3800.0,0.0
2021-11-23 09:00:00+00:00,3800.0,3800.0,3800.0,3800.0,0.0
2021-11-24 09:00:00+00:00,3800.0,3800.0,3800.0,3800.0,0.0
2021-11-25 09:00:00+00:00,3800.0,3800.0,3800.0,3800.0,0.0
2021-11-26 09:00:00+00:00,3800.0,3800.0,3800.0,3800.0,0.0
2021-11-29 09:00:00+00:00,3800.0,3800.0,3800.0,3800.0,0.0
2021-11-30 09:00:00+00:00,3800.0,3800.0,3800.0,3800.0,0.0
2021-12-01 09:00:00+00:00,3800.0,3800.0,3800.0,3800.0,0.0
2021-12-02 09:00:00+00:00,3800.0,3800.0,3800.0,3800.0,0.0
2021-12-03 09:00:00+00:00,3800.0,3800.0,3800.0,3800.0,0.0
2021-12-06 09:00:00+00:00,3800.0,3800.0,3800.0,3800.0,0.0
2021-12-07 09:00:00+00:00,3800.0,3800.0,3800.0,3800.0,0.0
2021-12-08 09:00:00+00:00,3800.0,3800.0,3800.0,3800.0,0.0
2021-12-09 09:00:00+00:00,3800.0,3800.0,3800.0,3800.0,0.0
2021-12-10 09:00:00+00:00,3800.0,3800.0,3800.0,3800.0,0.0
2021-12-13 09:00:00+00:00,3800.0,3800.0,3800.0,3800.0,0.0
2021-12-14 09:00:00+00:00,3800.0,3800.0,3800.0,3800.0,0.0
2021-12-15 09:00:00+00:00,3800.0,3800.0,3800.0,3800.0,0.0
2021-12-16 09:00:00+00:00,3800.0,3800.0,3800.0,3800.0,0.0
2021-12-17 09:00:00+00:00,3800.0,3800.0,3800.0,3800.0,0.0
2021-12-20 09:00:00+00:00,3800.0,3800.0,3800.0,3800.0,0.0
2021-12-21 09:00:00+00:00,3800.0,3800.0,3800.0,3800.0,0.0
2021-12-22 09:00:00+00:00,3800.0,3800.0,3800.0,3800.0,0.0
2021-12-23 09:00:00+00:00,3800.0,3800.0,3800.0,3800.0,0.0
2021-12-24 09:00:00+00:00,3800.0,3800.0,3800.0,3800.0,0.0
2021-12-27 09:00:00+00:00,3800.0,3800.0,3800.0,3800.0,0.0
2021-12-28 09:00:00+00:00,3800.0,3800.0,3800.0,3800.0,0.0
2021-12-29 09:00:00+00:00,3800.0,3800.0,3800.0,3800.0,0.0
2021-12-30 09:00:00+00:00,3800.0,3800.0,3800.0,3800.0,0.0
2022-01-03 09:00:00+00:00,3800.0,3800.0,3800.0,3800.0,0.0
2022-01-04 09:00:00+00:00,3800.0,3800.0,3800.0,3800.0,0.0
2022-01-05 09:00:00+00:00,3800.0,3800.0,3800.0,3800.0,0.0
2022-01-06 09:00:00+00:00,3800.0,3800.0,3800.0,3800.0,0.0
2022-01-07 09:00:00+00:00,3800.0,3800.0,3800.0,3800.0,0.0
2022-01-10 09:00:00+00:00,3800.0,3800.0,3800.0,3800.0,0.0
2022-01-11 09:00:00+00:00,3800.0,3800.0,3800.0,3800.0,0.0
2022-01-12 09:00:00+00:00,3800.0,3800.0,3800.0,3800.0,0.0
2022-01-13 09:00:00+00:00,3800.0,3800.0,3800.0,3800.0,0.0
2022-01-14 09:00:00+00:00,3800.0,3800.0,3800.0,3800.0,0.0
2022-01-17 09:00:00+00:00,3800.0,3800.0,3800.0,3800.0,0.0
2022-01-18 09:00:00+00:00,3800.0,3800.0,3800.0,3800.0,0.0
2022-01-19 09:00:00+00:00,3800.0,3800.0,3800.0,3800.0,0.0
2022-01-20 09:00:00+00:00,3800.0,3800.0,3800.0,3800.0,0.0
2022-01-21 09:00:00+00:00,3800.0,3800.0,3800.0,3800.0,0.0
2022-01-24 09:00:00+00:00,3800.0,3800.0,3800.0,3800.0,0.0
2022-01-25 09:00:00+00:00,3800.0,3800.0,3800.0,3800.0,0.0
2022-01-26 09:00:00+00:00,3800.0,3800.0,3800.0,3800.0,0.0
2022-01-27 09:00:00+00:00,3800.0,3800.0,3800.0,3800.0,0.0
2022-01-28 09:00:00+00:00,3800.0,3800.0,3800.0,3800.0,0.0
2022-01-31 09:00:00+00:00,3800.0,3800.0,3800.0,3800.0,0.0
2022-02-02 09:00:00+00:00,3800.0,3800.0,3800.0,3800.0,0.0
2022-02-03 09:00:00+00:00,3800.0,3800.0,3800.0,3800.0,0.0
2022-02-04 09:00:00+00:00,3800.0,3800.0,3800.0,3800.0,0.0
2022-02-07 09:00:00+00:00,3800.0,3800.0,3800.0,3800.0,0.0
2022-02-08 09:00:00+00:00,3800.0,3800.0,3800.0,3800.0,0.0
2022-02-09 09:00:00+00:00,3800.0,3800.0,3800.0,3800.0,0.0
2022-02-10 09:00:00+00:00,3800.0,3800.0,3800.0,3800.0,0.0
2022-02-11 09:00:00+00:00,3800.0,3800.0,3800.0,3800.0,0.0
2022-02-14 09:00:00+00:00,3800.0,3800.0,3800.0,3800.0,0.0
2022-02-15 09:00:00+00:00,3800.0,3800.0,3800.0,3800.0,0.0
2022-02-16 09:00:00+00:00,3800.0,3800.0,3800.0,3800.0,0.0
2022-02-17 09:00:00+00:00,3800.0,3800.0,3800.0,3800.0,0.0
2022-02-18 09:00:00+00:00,3800.0,3800.0,3800.0,3800.0,0.0
2022-02-21 09:00:00+00:00,3800.0,3800.0,3800.0,3800.0,0.0
2022-02-22 09:00:00+00:00,3800.0,3800.0,3800.0,3800.0,0.0
2022-02-23 09:00:00+00:00,3800.0,3800.0,3800.0,3800.0,0.0
2022-02-24 09:00:00+00:00,3800.0,3800.0,3800.0,3800.0,0.0
2022-02-25 09:00:00+00:00,3800.0,3800.0,3800.0,3800.0,0.0
2022-03-01 09:00:00+00:00,3800.0,3800.0,3800.0,3800.0,0.0
2022-03-02 09:00:00+00:00,3800.0,3800.0,3800.0,3800.0,0.0
2022-03-04 09:00:00+00:00,3800.0,3800.0,3800.0,3800.0,0.0
2022-03-07 09:00:00+00:00,3800.0,3800.0,3800.0,3800.0,0.0
2022-03-08 09:00:00+00:00,3800.0,3800.0,3800.0,3800.0,0.0
2022-03-09 09:00:00+00:00,3800.0,3800.0,3800.0,3800.0,0.0
2022-03-10 09:00:00+00:00,3800.0,3800.0,3800.0,3800.0,0.0
2022-03-11 09:00:00+00:00,3800.0,3800.0,3800.0,3800.0,0.0
2022-03-14 09:00:00+00:00,3800.0,3800.0,3800.0,3800.0,0.0
2022-03-15 09:00:00+00:00,3800.0,3800.0,3800.0,3800.0,0.0
2022-03-16 09:00:00+00:00,3800.0,3800.0,3800.0,3800.0,0.0
2022-03-17 09:00:00+00:00,3800.0,3800.0,3800.0,3800.0,0.0
2022-03-18 09:00:00+00:00,3800.0,3800.0,3800.0,3800.0,0.0
2022-03-21 09:00:00+00:00,3800.0,3800.0,3800.0,3800.0,0.0
2022-03-22 09:00:00+00:00,3800.0,3800.0,3800.0,3800.0,0.0
2022-03-23 09:00:00+00:00,3800.0,3800.0,3800.0,3800.0,0.0
2022-03-24 09:00:00+00:00,3800.0,3800.0,3800.0,3800.0,0.0
2022-03-25 09:00:00+00:00,3800.0,3800.0,3800.0,3800.0,0.0
2022-03-28 09:00:00+00:00,3800.0,3800.0,3800.0,3800.0,0.0
2022-03-29 09:00:00+00:00,3800.0,3800.0,3800.0,3800.0,0.0
2022-03-30 09:00:00+00:00,3800.0,3800.0,3800.0,3800.0,0.0
2022-03-31 09:00:00+00:00,3800.0,3800.0,3800.0,3800.0,0.0
2022-04-01 09:00:00+00:00,3800.0,3800.0,3800.0,3800.0,0.0
2022-04-04 09:00:00+00:00,3800.0,3800.0,3800.0,3800.0,0.0
2022-04-05 09:00:00+00:00,3800.0,3800.0,3800.0,3800.0,0.0
2022-04-06 09:00:00+00:00,3800.0,3800.0,3800.0,3800.0,0.0
2022-04-07 09:00:00+00:00,3800.0,3800.0,3800.0,3800.0,0.0
2022-04-08 09:00:00+00:00,3800.0,3800.0,3800.0,3800.0,0.0
2022-04-11 09:00:00+00:00,3800.0,3800.0,3800.0,3800.0,0.0
2022-04-12 09:00:00+00:00,3800.0,3800.0,3800.0,3800.0,0.0
2022-04-13 09:00:00+00:00,3800.0,3800.0,3800.0,3800.0,0.0
2022-04-14 09:00:00+00:00,3800.0,3800.0,3800.0,3800.0,0.0
2022-04-18 09:00:00+00:00,3800.0,3800.0,3800.0,3800.0,0.0
2022-04-19 09:00:00+00:00,3800.0,3800.0,3800.0,3800.0,0.0
2022-04-20 09:00:00+00:00,3800.0,3800.0,3800.0,3800.0,0.0
2022-04-21 09:00:00+00:00,3800.0,3800.0,3800.0,3800.0,0.0
2022-04-22 09:00:00+00:00,3800.0,3800.0,3800.0,3800.0,0.0
2022-04-25 09:00:00+00:00,3800.0,3800.0,3800.0,3800.0,0.0
2022-04-26 09:00:00+00:00,3800.0,3800.0,3800.0,3800.0,0.0
2022-04-27 09:00:00+00:00,3800.0,3800.0,3800.0,3800.0,0.0
2022-04-28 09:00:00+00:00,3800.0,3800.0,3800.0,3800.0,0.0
2022-05-09 09:00:00+00:00,3800.0,3800.0,3800.0,3800.0,0.0
2022-05-10 09:00:00+00:00,3800.0,3800.0,3800.0,3800.0,0.0
2022-05-11 09:00:00+00:00,3800.0,3800.0,3800.0,3800.0,0.0
2022-05-12 09:00:00+00:00,3800.0,3800.0,3800.0,3800.0,0.0
2022-05-13 09:00:00+00:00,3800.0,3800.0,3800.0,3800.0,0.0
2022-05-17 09:00:00+00:00,3800.0,3800.0,3800.0,3800.0,0.0
2022-05-18 09:00:00+00:00,3800.0,3800.0,3800.0,3800.0,0.0
2022-05-19 09:00:00+00:00,3800.0,3800.0,3800.0,3800.0,0.0
2022-05-20 09:00:00+00:00,3800.0,3800.0,3800.0,3800.0,0.0
2022-05-23 09:00:00+00:00,3800.0,3800.0,3800.0,3800.0,0.0
2022-05-24 09:00:00+00:00,3800.0,3800.0,3800.0,3800.0,0.0
2022-05-25 09:00:00+00:00,3800.0,3800.0,3800.0,3800.0,0.0
2022-05-27 09:00:00+00:00,3800.0,3800.0,3800.0,3800.0,0.0
2022-05-30 09:00:00+00:00,3800.0,3800.0,3800.0,3800.0,0.0
2022-05-31 09:00:00+00:00,3800.0,3800.0,3800.0,3800.0,0.0
2022-06-02 09:00:00+00:00,3800.0,3800.0,3800.0,3800.0,0.0
2022-06-03 09:00:00+00:00,3800.0,3800.0,3800.0,3800.0,0.0
2022-06-06 09:00:00+00:00,3800.0,3800.0,3800.0,3800.0,0.0
2022-06-07 09:00:00+00:00,3800.0,3800.0,3800.0,3800.0,0.0
2022-06-08 09:00:00+00:00,3800.0,3800.0,3800.0,3800.0,0.0
2022-06-09 09:00:00+00:00,3800.0,3800.0,3800.0,3800.0,0.0
2022-06-10 09:00:00+00:00,3800.0,3800.0,3800.0,3800.0,0.0
2022-06-13 09:00:00+00:00,3800.0,3800.0,3800.0,3800.0,0.0
2022-06-14 09:00:00+00:00,3800.0,3800.0,3800.0,3800.0,0.0
2022-06-15 09:00:00+00:00,3800.0,3800.0,3800.0,3800.0,0.0
2022-06-16 09:00:00+00:00,3800.0,3800.0,3800.0,3800.0,0.0
2022-06-17 09:00:00+00:00,3800.0,3800.0,3800.0,3800.0,0.0
2022-06-20 09:00:00+00:00,3800.0,3800.0,3800.0,3800.0,0.0
2022-06-21 09:00:00+00:00,3800.0,3800.0,3800.0,3800.0,0.0
2022-06-22 09:00:00+00:00,3800.0,3800.0,3800.0,3800.0,0.0
2022-06-23 09:00:00+00:00,3800.0,3800.0,3800.0,3800.0,0.0
2022-06-24 09:00:00+00:00,3800.0,3800.0,3800.0,3800.0,0.0
2022-06-27 09:00:00+00:00,3800.0,3800.0,3800.0,3800.0,0.0
2022-06-28 09:00:00+00:00,3800.0,3800.0,3800.0,3800.0,0.0
2022-06-29 09:00:00+00:00,3800.0,3800.0,3800.0,3800.0,0.0
2022-06-30 09:00:00+00:00,3800.0,3800.0,3800.0,3800.0,0.0
2022-07-01 09:00:00+00:00,3800.0,3800.0,3800.0,3800.0,0.0
2022-07-04 09:00:00+00:00,3800.0,3800.0,3800.0,3800.0,0.0
2022-07-05 09:00:00+00:00,3800.0,3800.0,3800.0,3800.0,0.0
2022-07-06 09:00:00+00:00,3800.0,3800.0,3800.0,3800.0,0.0
2022-07-07 09:00:00+00:00,3800.0,3800.0,3800.0,3800.0,0.0
2022-07-08 09:00:00+00:00,3800.0,3800.0,3800.0,3800.0,0.0
2022-07-11 09:00:00+00:00,3800.0,3800.0,3800.0,3800.0,0.0
2022-07-12 09:00:00+00:00,3800.0,3800.0,3800.0,3800.0,0.0
2022-07-13 09:00:00+00:00,3800.0,3800.0,3800.0,3800.0,0.0
2022-07-14 09:00:00+00:00,3800.0,3800.0,3800.0,3800.0,0.0
2022-07-15 09:00:00+00:00,3800.0,3800.0,3800.0,3800.0,0.0
2022-07-18 09:00:00+00:00,3800.0,3800.0,3800.0,3800.0,0.0
2022-07-19 09:00:00+00:00,3800.0,3800.0,3800.0,3800.0,0.0
2022-07-20 09:00:00+00:00,3800.0,3800.0,3800.0,3800.0,0.0
2022-07-21 09:00:00+00:00,3800.0,3800.0,3800.0,3800.0,0.0
2022-07-22 09:00:00+00:00,3800.0,3800.0,3800.0,3800.0,0.0
2022-07-25 09:00:00+00:00,3800.0,3800.0,3800.0,3800.0,0.0
2022-07-26 09:00:00+00:00,3800.0,3800.0,3800.0,3800.0,0.0
2022-07-27 09:00:00+00:00,3800.0,3800.0,3800.0,3800.0,0.0
2022-07-28 09:00:00+00:00,3800.0,3800.0,3800.0,3800.0,0.0
2022-07-29 09:00:00+00:00,3800.0,3800.0,3800.0,3800.0,0.0
2022-08-01 09:00:00+00:00,3800.0,3800.0,3800.0,3800.0,0.0
2022-08-02 09:00:00+00:00,3800.0,3800.0,3800.0,3800.0,0.0
2022-08-03 09:00:00+00:00,3800.0,3800.0,3800.0,3800.0,0.0
2022-08-04 09:00:00+00:00,3800.0,3800.0,3800.0,3800.0,0.0
2022-08-05 09:00:00+00:00,3800.0,3800.0,3800.0,3800.0,0.0
2022-08-08 09:00:00+00:00,3800.0,3800.0,3800.0,3800.0,0.0
2022-08-09 09:00:00+00:00,3800.0,3800.0,3800.0,3800.0,0.0
2022-08-10 09:00:00+00:00,3800.0,3800.0,3800.0,3800.0,0.0
2022-08-11 09:00:00+00:00,3800.0,3800.0,3800.0,3800.0,0.0
2022-08-12 09:00:00+00:00,3800.0,3800.0,3800.0,3800.0,0.0
2022-08-15 09:00:00+00:00,3800.0,3800.0,3800.0,3800.0,0.0
2022-08-16 09:00:00+00:00,3800.0,3800.0,3800.0,3800.0,0.0
2022-08-18 09:00:00+00:00,3800.0,3800.0,3800.0,3800.0,0.0
2022-08-19 09:00:00+00:00,3800.0,3800.0,3800.0,3800.0,0.0
2022-08-22 09:00:00+00:00,3800.0,3800.0,3800.0,3800.0,0.0
2022-08-23 09:00:00+00:00,3800.0,3800.0,3800.0,3800.0,0.0
2022-08-24 09:00:00+00:00,3800.0,3800.0,3800.0,3800.0,0.0
2022-08-25 09:00:00+00:00,3800.0,3800.0,3800.0,3800.0,0.0
2022-08-26 09:00:00+00:00,3800.0,3800.0,3800.0,3800.0,0.0
2022-08-29 09:00:00+00:00,3800.0,3800.0,3800.0,3800.0,0.0
2022-08-30 09:00:00+00:00,3800.0,3800.0,3800.0,3800.0,0.0
2022-08-31 09:00:00+00:00,3800.0,3800.0,3800.0,3800.0,0.0
2022-09-01 09:00:00+00:00,3800.0,3800.0,3800.0,3800.0,0.0
2022-09-02 09:00:00+00:00,3800.0,3800.0,3800.0,3800.0,0.0
2022-09-05 09:00:00+00:00,3800.0,3800.0,3800.0,3800.0,0.0
2022-09-06 09:00:00+00:00,3800.0,3800.0,3800.0,3800.0,0.0
2022-09-07 09:00:00+00:00,3800.0,3800.0,3800.0,3800.0,0.0
2022-09-08 09:00:00+00:00,3800.0,3800.0,3800.0,3800.0,0.0
2022-09-09 09:00:00+00:00,3800.0,3800.0,3800.0,3800.0,0.0
2022-09-12 09:00:00+00:00,3800.0,3800.0,3800.0,3800.0,0.0
2022-09-13 09:00:00+00:00,3800.0,3800.0,3800.0,3800.0,0.0
2022-09-14 09:00:00+00:00,3800.0,3800.0,3800.0,3800.0,0.0
2022-09-15 09:00:00+00:00,3800.0,3800.0,3800.0,3800.0,0.0
2022-09-16 09:00:00+00:00,3800.0,3800.0,3800.0,3800.0,0.0
2022-09-19 09:00:00+00:00,3800.0,3800.0,3800.0,3800.0,0.0
2022-09-20 09:00:00+00:00,3800.0,3800.0,3800.0,3800.0,0.0
2022-09-21 09:00:00+00:00,3800.0,3800.0,3800.0,3800.0,0.0
2022-09-22 09:00:00+00:00,3800.0,3800.0,3800.0,3800.0,0.0
2022-09-23 09:00:00+00:00,3800.0,3800.0,3800.0,3800.0,0.0
2022-09-26 09:00:00+00:00,3800.0,3800.0,3800.0,3800.0,0.0
2022-09-27 09:00:00+00:00,3800.0,3800.0,3800.0,3800.0,0.0
2022-09-28 09:00:00+00:00,3800.0,3800.0,3800.0,3800.0,0.0
2022-09-29 09:00:00+00:00,3800.0,3800.0,3800.0,3800.0,0.0
2022-09-30 09:00:00+00:00,3800.0,3800.0,3800.0,3800.0,0.0
2022-10-03 09:00:00+00:00,3800.0,3800.0,3800.0,3800.0,0.0
2022-10-04 09:00:00+00:00,3800.0,3800.0,3800.0,3800.0,0.0
2022-10-05 09:00:00+00:00,3800.0,3800.0,3800.0,3800.0,0.0
2022-10-06 09:00:00+00:00,3800.0,3800.0,3800.0,3800.0,0.0
2022-10-07 09:00:00+00:00,3800.0,3800.0,3800.0,3800.0,0.0
2022-10-10 09:00:00+00:00,3800.0,3800.0,3800.0,3800.0,0.0
2022-10-11 09:00:00+00:00,3800.0,3800.0,3800.0,3800.0,0.0
2022-10-12 09:00:00+00:00,3800.0,3800.0,3800.0,3800.0,0.0
2022-10-13 09:00:00+00:00,3800.0,3800.0,3800.0,3800.0,0.0
2022-10-14 09:00:00+00:00,3800.0,3800.0,3800.0,3800.0,0.0
2022-10-17 09:00:00+00:00,3800.0,3800.0,3800.0,3800.0,0.0
2022-10-18 09:00:00+00:00,3800.0,3800.0,3800.0,3800.0,0.0
2022-10-19 09:00:00+00:00,3800.0,3800.0,3800.0,3800.0,0.0
2022-10-20 09:00:00+00:00,3800.0,3800.0,3800.0,3800.0,0.0
2022-10-21 09:00:00+00:00,3800.0,3800.0,3800.0,3800.0,0.0
2022-10-24 09:00:00+00:00,3800.0,3800.0,3800.0,3800.0,0.0
2022-10-25 09:00:00+00:00,3800.0,3800.0,3800.0,3800.0,0.0
2022-10-26 09:00:00+00:00,3800.0,3800.0,3800.0,3800.0,0.0
2022-10-27 09:00:00+00:00,3800.0,3800.0,3800.0,3800.0,0.0
2022-10-28 09:00:00+00:00,3800.0,3800.0,3800.0,3800.0,0.0
2022-10-31 09:00:00+00:00,3800.0,3800.0,3800.0,3800.0,0.0
2022-11-01 09:00:00+00:00,3800.0,3800.0,3800.0,3800.0,0.0
2022-11-02 09:00:00+00:00,3800.0,3800.0,3800.0,3800.0,0.0
2022-11-03 09:00:00+00:00,3800.0,3800.0,3800.0,3800.0,0.0
2022-11-04 09:00:00+00:00,3800.0,3800.0,3800.0,3800.0,0.0
2022-11-07 09:00:00+00:00,3800.0,3800.0,3800.0,3800.0,0.0
2022-11-08 09:00:00+00:00,3800.0,3800.0,3800.0,3800.0,0.0
2022-11-09 09:00:00+00:00,3800.0,3800.0,3800.0,3800.0,0.0
2022-11-10 09:00:00+00:00,3800.0,3800.0,3800.0,3800.0,0.0
2022-11-11 09:00:00+00:00,3800.0,3800.0,3800.0,3800.0,0.0
2022-11-14 09:00:00+00:00,3800.0,3800.0,3800.0,3800.0,0.0
2022-11-15 09:00:00+00:00,3800.0,3800.0,3800.0,3800.0,0.0
2022-11-16 09:00:00+00:00,3800.0,3800.0,3800.0,3800.0,0.0
2022-11-17 09:00:00+00:00,3800.0,3800.0,3800.0,3800.0,0.0
2022-11-18 09:00:00+00:00,3800.0,3800.0,3800.0,3800.0,0.0
2022-11-21 09:00:00+00:00,3800.0,3800.0,3800.0,3800.0,0.0
2022-11-22 09:00:00+00:00,3800.0,3800.0,3800.0,3800.0,0.0
2022-11-23 09:00:00+00:00,3800.0,3800.0,3800.0,3800.0,0.0
2022-11-24 09:00:00+00:00,3800.0,3800.0,3800.0,3800.0,0.0
2022-11-25 09:00:00+00:00,3800.0,3800.0,3800.0,3800.0,0.0
2022-11-28 09:00:00+00:00,3800.0,3800.0,3800.0,3800.0,0.0
2022-11-29 09:00:00+00:00,3800.0,3800.0,3800.0,3800.0,0.0
2022-11-30 09:00:00+00:00,3800.0,3800.0,3800.0,3800.0,0.0
2022-12-01 09:00:00+00:00,3800.0,3800.0,3800.0,3800.0,0.0
2022-12-02 09:00:00+00:00,3800.0,3800.0,3800.0,3800.0,0.0
2022-12-05 09:00:00+00:00,3800.0,3800.0,3800.0,3800.0,0.0
2022-12-06 09:00:00+00:00,3800.0,3800.0,3800.0,3800.0,0.0
2022-12-07 09:00:00+00:00,3800.0,3800.0,3800.0,3800.0,0.0
2022-12-08 09:00:00+00:00,3800.0,3800.0,3800.0,3800.0,0.0
2022-12-09 09:00:00+00:00,3800.0,3800.0,3800.0,3800.0,0.0
2022-12-12 09:00:00+00:00,3800.0,3800.0,3800.0,3800.0,0.0
2022-12-13 09:00:00+00:00,3800.0,3800.0,3800.0,3800.0,0.0
2022-12-14 09:00:00+00:00,3800.0,3800.0,3800.0,3800.0,0.0
2022-12-15 09:00:00+00:00,3800.0,3800.0,3800.0,3800.0,0.0
2022-12-16 09:00:00+00:00,3800.0,3800.0,3800.0,3800.0,0.0
2022-12-19 09:00:00+00:00,3800.0,3800.0,3800.0,3800.0,0.0
2022-12-20 09:00:00+00:00,3800.0,3800.0,3800.0,3800.0,0.0
2022-12-21 09:00:00+00:00,3800.0,3800.0,3800.0,3800.0,0.0
2022-12-22 09:00:00+00:00,3800.0,3800.0,3800.0,3800.0,0.0
2022-12-23 09:00:00+00:00,3800.0,3800.0,3800.0,3800.0,0.0
2022-12-26 09:00:00+00:00,3800.0,3800.0,3800.0,3800.0,0.0
2022-12-27 09:00:00+00:00,3800.0,3800.0,3800.0,3800.0,0.0
2022-12-28 09:00:00+00:00,3800.0,3800.0,3800.0,3800.0,0.0
2022-12-29 09:00:00+00:00,3800.0,3800.0,3800.0,3800.0,0.0
2022-12-30 09:00:00+00:00,3800.0,3800.0,3800.0,3800.0,0.0
2023-01-02 09:00:00+00:00,3800.0,3800.0,3800.0,3800.0,0.0
2023-01-03 09:00:00+00:00,3800.0,3800.0,3800.0,3800.0,0.0
2023-01-04 09:00:00+00:00,3800.0,3800.0,3800.0,3800.0,0.0
2023-01-05 09:00:00+00:00,3800.0,3800.0,3800.0,3800.0,0.0
2023-01-06 09:00:00+00:00,3800.0,3800.0,3800.0,3800.0,0.0
2023-01-09 09:00:00+00:00,3800.0,3800.0,3800.0,3800.0,0.0
2023-01-10 09:00:00+00:00,3800.0,3800.0,3800.0,3800.0,0.0
2023-01-11 09:00:00+00:00,3800.0,3800.0,3800.0,3800.0,0.0
2023-01-12 09:00:00+00:00,3800.0,3800.0,3800.0,3800.0,0.0
2023-01-13 09:00:00+00:00,3800.0,3800.0,3800.0,3800.0,0.0
2023-01-16 09:00:00+00:00,3800.0,3800.0,3800.0,3800.0,0.0
2023-01-17 09:00:00+00:00,3800.0,3800.0,3800.0,3800.0,0.0
2023-01-18 09:00:00+00:00,3800.0,3800.0,3800.0,3800.0,0.0
2023-01-19 09:00:00+00:00,3800.0,3800.0,3800.0,3800.0,0.0
2023-01-20 09:00:00+00:00,3800.0,3800.0,3800.0,3800.0,0.0
2023-01-24 09:00:00+00:00,3800.0,3800.0,3800.0,3800.0,0.0
2023-01-25 09:00:00+00:00,3800.0,3800.0,3800.0,3800.0,0.0
2023-01-26 09:00:00+00:00,3800.0,3800.0,3800.0,3800.0,0.0
2023-01-27 09:00:00+00:00,3800.0,3800.0,3800.0,3800.0,0.0
2023-01-30 09:00:00+00:00,3800.0,3800.0,3800.0,3800.0,0.0
2023-01-31 09:00:00+00:00,3800.0,3800.0,3800.0,3800.0,0.0
2023-02-01 09:00:00+00:00,3800.0,3800.0,3800.0,3800.0,0.0
2023-02-02 09:00:00+00:00,3800.0,3800.0,3800.0,3800.0,0.0
2023-02-03 09:00:00+00:00,3800.0,3800.0,3800.0,3800.0,0.0
2023-02-06 09:00:00+00:00,3800.0,3800.0,3800.0,3800.0,0.0
2023-02-07 09:00:00+00:00,3800.0,3800.0,3800.0,3800.0,0.0
2023-02-08 09:00:00+00:00,3800.0,3800.0,3800.0,3800.0,0.0
2023-02-09 09:00:00+00:00,3800.0,3800.0,3800.0,3800.0,0.0
2023-02-10 09:00:00+00:00,3800.0,3800.0,3800.0,3800.0,0.0
2023-02-13 09:00:00+00:00,3800.0,3800.0,3800.0,3800.0,0.0
2023-02-14 09:00:00+00:00,3800.0,3800.0,3800.0,3800.0,0.0
2023-02-15 09:00:00+00:00,3800.0,3800.0,3800.0,3800.0,0.0
2023-02-16 09:00:00+00:00,71.0,73.0,70.0,71.0,26365600.0
2023-02-17 09:00:00+00:00,71.0,72.0,70.0,70.0,26017100.0
2023-02-20 09:00:00+00:00,71.0,72.0,69.0,69.0,32346700.0
2023-02-21 09:00:00+00:00,71.0,71.0,69.0,70.0,17821000.0
2023-02-22 09:00:00+00:00,70.0,71.0,68.0,69.0,35108400.0
2023-02-23 09:00:00+00:00,70.0,70.0,67.0,68.0,33767400.0
2023-02-24 09:00:00+00:00,69.0,69.0,66.0,68.0,34996700.0
2023-02-27 09:00:00+00:00,68.0,68.0,65.0,65.0,72920000.0
2023-02-28 09:00:00+00:00,66.0,68.0,65.0,66.0,55052700.0
2023-03-01 09:00:00+00:00,66.0,68.0,65.0,66.0,20428300.0
2023-03-02 09:00:00+00:00,66.0,71.0,65.0,70.0,64726200.0
2023-03-03 09:00:00+00:00,70.0,71.0,66.0,66.0,63772700.0
2023-03-06 09:00:00+00:00,68.0,71.0,67.0,67.0,111023700.0
2023-03-07 09:00:00+00:00,67.0,68.0,63.0,66.0,280157300.0
2023-03-08 09:00:00+00:00,66.0,67.0,63.0,67.0,53734400.0
2023-03-09 09:00:00+00:00,67.0,68.0,66.0,67.0,22765500.0
2023-03-10 09:00:00+00:00,67.0,67.0,63.0,64.0,49569900.0
2023-03-13 09:00:00+00:00,64.0,65.0,60.0,61.0,52315900.0
2023-03-14 09:00:00+00:00,60.0,61.0,57.0,57.0,208338500.0
2023-03-15 09:00:00+00:00,57.0,59.0,54.0,54.0,122397800.0
2023-03-16 09:00:00+00:00,54.0,56.0,51.0,52.0,136413100.0
2023-03-17 09:00:00+00:00,53.0,54.0,50.0,51.0,149260500.0
2023-03-20 09:00:00+00:00,51.0,52.0,50.0,51.0,41108200.0
2023-03-21 09:00:00+00:00,52.0,53.0,51.0,53.0,32348100.0
2023-03-24 09:00:00+00:00,53.0,54.0,52.0,53.0,12501300.0
2023-03-27 09:00:00+00:00,54.0,55.0,53.0,54.0,15891700.0
2023-03-28 09:00:00+00:00,54.0,55.0,52.0,53.0,61212500.0
2023-03-29 09:00:00+00:00,53.0,54.0,53.0,54.0,13095100.0
2023-03-30 09:00:00+00:00,54.0,58.0,53.0,56.0,84392200.0
2023-03-31 09:00:00+00:00,56.0,56.0,55.0,56.0,12860100.0
2023-04-03 09:00:00+00:00,56.0,59.0,56.0,57.0,36170900.0
2023-04-04 09:00:00+00:00,57.0,57.0,55.0,56.0,20273900.0
2023-04-05 09:00:00+00:00,55.0,57.0,55.0,56.0,10568300.0
2023-04-06 09:00:00+00:00,56.0,59.0,54.0,58.0,47183900.0
2023-04-10 09:00:00+00:00,57.0,58.0,55.0,55.0,18996800.0
2023-04-11 09:00:00+00:00,55.0,56.0,54.0,55.0,15783900.0
2023-04-12 09:00:00+00:00,55.0,56.0,54.0,55.0,15107800.0
2023-04-13 09:00:00+00:00,55.0,55.0,53.0,53.0,15989400.0
2023-04-14 09:00:00+00:00,54.0,56.0,53.0,54.0,19623500.0
2023-04-17 09:00:00+00:00,54.0,56.0,54.0,56.0,21776600.0
2023-04-18 09:00:00+00:00,56.0,57.0,55.0,55.0,18651500.0
2023-04-26 09:00:00+00:00,55.0,59.0,55.0,57.0,55666000.0
2023-04-27 09:00:00+00:00,57.0,58.0,56.0,58.0,21248000.0
2023-04-28 09:00:00+00:00,58.0,59.0,57.0,57.0,6933400.0
2023-05-02 09:00:00+00:00,57.0,58.0,55.0,56.0,33828100.0
2023-05-03 09:00:00+00:00,56.0,57.0,56.0,57.0,9186900.0
2023-05-04 09:00:00+00:00,57.0,59.0,56.0,57.0,33231600.0
2023-05-05 09:00:00+00:00,58.0,58.0,54.0,55.0,36803400.0
2023-05-08 09:00:00+00:00,55.0,57.0,54.0,55.0,31073200.0
2023-05-09 09:00:00+00:00,55.0,59.0,55.0,58.0,37604600.0
2023-05-10 09:00:00+00:00,58.0,67.0,57.0,64.0,242913400.0
2023-05-11 09:00:00+00:00,64.0,68.0,62.0,66.0,184457100.0
2023-05-12 09:00:00+00:00,66.0,68.0,63.0,65.0,78094100.0
2023-05-15 09:00:00+00:00,66.0,66.0,64.0,66.0,43633500.0
2023-05-16 09:00:00+00:00,66.0,69.0,65.0,66.0,104052100.0
2023-05-17 09:00:00+00:00,66.0,66.0,62.0,62.0,68604800.0
2023-05-19 09:00:00+00:00,62.0,65.0,60.0,62.0,36294500.0
2023-05-22 09:00:00+00:00,63.0,65.0,61.0,63.0,41709600.0
2023-05-23 09:00:00+00:00,63.0,65.0,62.0,62.0,30803400.0
2023-05-24 09:00:00+00:00,63.0,69.0,62.0,65.0,186453300.0
2023-05-25 09:00:00+00:00,65.0,73.0,62.0,64.0,490259700.0
2023-05-26 09:00:00+00:00,66.0,66.0,60.0,60.0,186597200.0
2023-05-29 09:00:00+00:00,59.0,63.0,56.0,57.0,221466300.0
2023-05-30 09:00:00+00:00,58.0,59.0,55.0,55.0,131771200.0
2023-05-31 09:00:00+00:00,56.0,57.0,55.0,55.0,47425100.0
2023-06-05 09:00:00+00:00,56.0,60.0,55.0,58.0,64284900.0
2023-06-06 09:00:00+00:00,58.0,61.0,58.0,61.0,42974500.0
2023-06-07 09:00:00+00:00,61.0,62.0,59.0,60.0,29572900.0
2023-06-08 09:00:00+00:00,60.0,63.0,59.0,60.0,76439300.0
2023-06-09 09:00:00+00:00,61.0,61.0,59.0,60.0,15136100.0
2023-06-12 09:00:00+00:00,61.0,63.0,60.0,61.0,33114300.0
2023-06-13 09:00:00+00:00,62.0,64.0,62.0,63.0,82386700.0
2023-06-14 09:00:00+00:00,64.0,66.0,62.0,63.0,168651500.0
2023-06-15 09:00:00+00:00,64.0,65.0,60.0,61.0,80517200.0
2023-06-16 09:00:00+00:00,61.0,62.0,60.0,61.0,39051000.0
2023-06-19 09:00:00+00:00,62.0,64.0,56.0,57.0,203474000.0
2023-06-20 09:00:00+00:00,57.0,57.0,53.0,53.0,194868300.0
2023-06-21 09:00:00+00:00,54.0,55.0,53.0,54.0,47862700.0
2023-06-22 09:00:00+00:00,55.0,57.0,54.0,55.0,96646600.0
2023-06-23 09:00:00+00:00,56.0,56.0,54.0,54.0,23788600.0
2023-06-26 09:00:00+00:00,54.0,55.0,52.0,53.0,75863800.0
2023-06-27 09:00:00+00:00,54.0,55.0,52.0,54.0,75099300.0
2023-07-03 09:00:00+00:00,54.0,55.0,52.0,52.0,79022800.0
2023-07-04 09:00:00+00:00,52.0,53.0,50.0,52.0,116044700.0
2023-07-05 09:00:00+00:00,52.0,53.0,51.0,51.0,94520900.0
2023-07-06 09:00:00+00:00,56.0,56.0,51.0,53.0,85297300.0
2023-07-07 09:00:00+00:00,53.0,54.0,52.0,52.0,34128700.0
2023-07-10 09:00:00+00:00,53.0,55.0,52.0,54.0,64868800.0
2023-07-11 09:00:00+00:00,54.0,54.0,53.0,53.0,22029500.0
2023-07-12 09:00:00+00:00,53.0,54.0,52.0,53.0,36661300.0
2023-07-13 09:00:00+00:00,53.0,54.0,52.0,52.0,29826200.0
2023-07-14 09:00:00+00:00,53.0,54.0,52.0,53.0,80704400.0
2023-07-17 09:00:00+00:00,53.0,54.0,53.0,53.0,17809600.0
2023-07-18 09:00:00+00:00,53.0,54.0,52.0,53.0,44611100.0
2023-07-20 09:00:00+00:00,53.0,54.0,53.0,53.0,16411500.0
2023-07-21 09:00:00+00:00,54.0,54.0,52.0,53.0,44784900.0
2023-07-24 09:00:00+00:00,53.0,54.0,53.0,54.0,15731500.0
2023-07-25 09:00:00+00:00,54.0,54.0,52.0,53.0,30317400.0
2023-07-26 09:00:00+00:00,53.0,55.0,53.0,54.0,77082800.0
2023-07-27 09:00:00+00:00,54.0,55.0,53.0,53.0,28184600.0
2023-07-28 09:00:00+00:00,54.0,54.0,53.0,54.0,16938700.0
2023-07-31 09:00:00+00:00,54.0,55.0,53.0,53.0,35064900.0
2023-08-01 09:00:00+00:00,53.0,54.0,52.0,52.0,40127300.0
2023-08-02 09:00:00+00:00,53.0,53.0,52.0,52.0,18847600.0
2023-08-03 09:00:00+00:00,52.0,53.0,52.0,52.0,22343100.0
2023-08-04 09:00:00+00:00,53.0,53.0,52.0,52.0,17889600.0
2023-08-07 09:00:00+00:00,52.0,53.0,52.0,53.0,39321600.0
2023-08-08 09:00:00+00:00,53.0,53.0,52.0,52.0,20260200.0
2023-08-09 09:00:00+00:00,53.0,53.0,51.0,52.0,76722500.0
2023-08-10 09:00:00+00:00,53.0,53.0,51.0,52.0,30363000.0
2023-08-11 09:00:00+00:00,52.0,52.0,51.0,52.0,32506600.0
2023-08-14 09:00:00+00:00,52.0,52.0,51.0,52.0,35248200.0
2023-08-15 09:00:00+00:00,52.0,52.0,51.0,51.0,13391800.0
2023-08-16 09:00:00+00:00,51.0,52.0,51.0,51.0,23944900.0
2023-08-18 09:00:00+00:00,51.0,52.0,50.0,51.0,64702100.0
2023-08-21 09:00:00+00:00,51.0,52.0,51.0,51.0,40885700.0
2023-08-22 09:00:00+00:00,51.0,52.0,51.0,52.0,17045500.0
2023-08-23 09:00:00+00:00,52.0,52.0,50.0,51.0,63452100.0
2023-08-24 09:00:00+00:00,51.0,52.0,50.0,50.0,39867000.0
2023-08-25 09:00:00+00:00,51.0,51.0,50.0,51.0,17096400.0
2023-08-28 09:00:00+00:00,51.0,51.0,50.0,51.0,30835500.0
2023-08-29 09:00:00+00:00,50.0,53.0,50.0,52.0,94670900.0
2023-08-30 09:00:00+00:00,52.0,52.0,50.0,51.0,94005800.0
2023-08-31 09:00:00+00:00,50.0,51.0,50.0,50.0,14201700.0
2023-09-01 09:00:00+00:00,50.0,52.0,50.0,51.0,56112000.0
2023-09-04 09:00:00+00:00,50.0,52.0,50.0,51.0,31963700.0
2023-09-05 09:00:00+00:00,51.0,51.0,50.0,51.0,89235400.0
2023-09-06 09:00:00+00:00,51.0,51.0,50.0,51.0,43561700.0
2023-09-07 09:00:00+00:00,50.0,51.0,50.0,50.0,182954300.0
2023-09-08 09:00:00+00:00,50.0,51.0,50.0,51.0,19957400.0
2023-09-11 09:00:00+00:00,51.0,51.0,50.0,51.0,12137100.0
2023-09-12 09:00:00+00:00,50.0,51.0,50.0,50.0,59584700.0
2023-09-13 09:00:00+00:00,50.0,51.0,50.0,50.0,13122900.0
2023-09-14 09:00:00+00:00,50.0,50.0,50.0,50.0,6697200.0
2023-09-15 09:00:00+00:00,50.0,50.0,50.0,50.0,3645800.0
2023-09-18 09:00:00+00:00,50.0,50.0,50.0,50.0,2272000.0
2023-09-19 09:00:00+00:00,50.0,50.0,50.0,50.0,1034500.0
2023-09-20 09:00:00+00:00,50.0,50.0,50.0,50.0,9853900.0
2023-09-21 09:00:00+00:00,50.0,50.0,50.0,50.0,592800.0
2023-09-22 09:00:00+00:00,50.0,52.0,50.0,51.0,77362700.0
2023-09-25 09:00:00+00:00,51.0,52.0,50.0,50.0,93867300.0
2023-09-26 09:00:00+00:00,50.0,51.0,50.0,50.0,31403900.0
2023-09-27 09:00:00+00:00,50.0,51.0,50.0,50.0,24137400.0
2023-09-29 09:00:00+00:00,50.0,51.0,50.0,51.0,21415300.0
2023-10-02 09:00:00+00:00,51.0,51.0,50.0,50.0,15090500.0
2023-10-03 09:00:00+00:00,50.0,51.0,50.0,51.0,22159400.0
2023-10-04 09:00:00+00:00,50.0,51.0,50.0,50.0,6652400.0
2023-10-05 09:00:00+00:00,50.0,50.0,50.0,50.0,254400.0
2023-10-06 09:00:00+00:00,50.0,50.0,50.0,50.0,1536400.0
2023-10-09 09:00:00+00:00,50.0,50.0,50.0,50.0,8106800.0
2023-10-10 09:00:00+00:00,50.0,50.0,50.0,50.0,372000.0
2023-10-11 09:00:00+00:00,50.0,50.0,50.0,50.0,1501700.0
2023-10-12 09:00:00+00:00,50.0,50.0,50.0,50.0,582400.0
2023-10-13 09:00:00+00:00,50.0,51.0,50.0,50.0,48726700.0
2023-10-16 09:00:00+00:00,50.0,50.0,50.0,50.0,4147500.0
2023-10-17 09:00:00+00:00,50.0,50.0,50.0,50.0,1973200.0
2023-10-18 09:00:00+00:00,50.0,50.0,50.0,50.0,693900.0
2023-10-19 09:00:00+00:00,50.0,50.0,50.0,50.0,37100.0
2023-10-20 09:00:00+00:00,50.0,50.0,50.0,50.0,48800.0
2023-10-23 09:00:00+00:00,50.0,50.0,50.0,50.0,528500.0
2023-10-24 09:00:00+00:00,50.0,50.0,50.0,50.0,357300.0
2023-10-25 09:00:00+00:00,50.0,50.0,50.0,50.0,13121800.0
2023-10-26 09:00:00+00:00,50.0,50.0,50.0,50.0,314900.0
2023-10-27 09:00:00+00:00,50.0,50.0,50.0,50.0,245800.0
2023-10-30 09:00:00+00:00,50.0,50.0,50.0,50.0,1586300.0
2023-10-31 09:00:00+00:00,50.0,50.0,50.0,50.0,250500.0
2023-11-01 09:00:00+00:00,50.0,50.0,50.0,50.0,398800.0
2023-11-02 09:00:00+00:00,50.0,50.0,50.0,50.0,612800.0
2023-11-03 09:00:00+00:00,50.0,50.0,50.0,50.0,227000.0
2023-11-06 09:00:00+00:00,50.0,50.0,50.0,50.0,1042800.0
2023-11-07 09:00:00+00:00,50.0,50.0,50.0,50.0,17100.0
2023-11-08 09:00:00+00:00,50.0,50.0,50.0,50.0,12000.0
2023-11-09 09:00:00+00:00,50.0,50.0,50.0,50.0,61800.0
2023-11-10 09:00:00+00:00,50.0,50.0,50.0,50.0,71000.0
2023-11-13 09:00:00+00:00,50.0,50.0,50.0,50.0,87200.0
2023-11-14 09:00:00+00:00,50.0,50.0,50.0,50.0,69900.0
2023-11-15 09:00:00+00:00,50.0,50.0,50.0,50.0,107900.0
2023-11-16 09:00:00+00:00,50.0,50.0,50.0,50.0,205300.0
2023-11-17 09:00:00+00:00,50.0,50.0,50.0,50.0,138700.0
2023-11-20 09:00:00+00:00,50.0,50.0,50.0,50.0,55100.0
2023-11-21 09:00:00+00:00,50.0,50.0,50.0,50.0,123900.0
2023-11-22 09:00:00+00:00,50.0,50.0,50.0,50.0,23500.0
2023-11-23 09:00:00+00:00,50.0,50.0,50.0,50.0,3700.0
2023-11-24 09:00:00+00:00,50.0,50.0,50.0,50.0,322800.0
2023-11-27 09:00:00+00:00,50.0,50.0,50.0,50.0,437500.0
2023-11-28 09:00:00+00:00,50.0,50.0,50.0,50.0,38000.0
2023-11-29 09:00:00+00:00,50.0,50.0,50.0,50.0,21715900.0
2023-11-30 09:00:00+00:00,50.0,54.0,50.0,51.0,157836400.0
2023-12-01 09:00:00+00:00,51.0,52.0,50.0,51.0,43097900.0
2023-12-04 09:00:00+00:00,51.0,51.0,50.0,51.0,43215600.0
2023-12-05 09:00:00+00:00,51.0,51.0,50.0,51.0,32543100.0
2023-12-06 09:00:00+00:00,51.0,51.0,50.0,50.0,46479800.0
2023-12-07 09:00:00+00:00,50.0,50.0,50.0,50.0,11199700.0
2023-12-08 09:00:00+00:00,50.0,51.0,50.0,50.0,27000500.0
2023-12-11 09:00:00+00:00,50.0,51.0,50.0,50.0,5380600.0
2023-12-12 09:00:00+00:00,50.0,50.0,50.0,50.0,5592100.0
2023-12-13 09:00:00+00:00,50.0,50.0,50.0,50.0,583600.0
2023-12-14 09:00:00+00:00,50.0,50.0,50.0,50.0,1606800.0
2023-12-15 09:00:00+00:00,50.0,50.0,50.0,50.0,552900.0
2023-12-18 09:00:00+00:00,50.0,50.0,50.0,50.0,320300.0
2023-12-19 09:00:00+00:00,50.0,50.0,50.0,50.0,368300.0
2023-12-20 09:00:00+00:00,50.0,50.0,50.0,50.0,422300.0
2023-12-21 09:00:00+00:00,50.0,50.0,50.0,50.0,137900.0
2023-12-22 09:00:00+00:00,50.0,50.0,50.0,50.0,21800.0
2023-12-27 09:00:00+00:00,50.0,50.0,50.0,50.0,840200.0
2023-12-28 09:00:00+00:00,50.0,50.0,50.0,50.0,353800.0
2023-12-29 09:00:00+00:00,50.0,50.0,50.0,50.0,90300.0
2024-01-02 09:00:00+00:00,50.0,50.0,50.0,50.0,474400.0
2024-01-03 09:00:00+00:00,50.0,50.0,50.0,50.0,1213100.0
2024-01-04 09:00:00+00:00,50.0,50.0,50.0,50.0,394500.0
2024-01-05 09:00:00+00:00,50.0,50.0,50.0,50.0,208300.0
2024-01-08 09:00:00+00:00,50.0,50.0,50.0,50.0,255600.0
2024-01-09 09:00:00+00:00,50.0,50.0,50.0,50.0,447400.0
2024-01-10 09:00:00+00:00,50.0,50.0,50.0,50.0,2214600.0
2024-01-11 09:00:00+00:00,50.0,50.0,50.0,50.0,36200.0
2024-01-12 09:00:00+00:00,50.0,50.0,50.0,50.0,95800.0
2024-01-15 09:00:00+00:00,50.0,50.0,50.0,50.0,576800.0
2024-01-16 09:00:00+00:00,50.0,50.0,50.0,50.0,91100.0
2024-01-17 09:00:00+00:00,50.0,50.0,50.0,50.0,105900.0
2024-01-18 09:00:00+00:00,50.0,50.0,50.0,50.0,49700.0
2024-01-19 09:00:00+00:00,50.0,50.0,50.0,50.0,620000.0
2024-01-22 09:00:00+00:00,50.0,50.0,50.0,50.0,7000.0
2024-01-23 09:00:00+00:00,50.0,50.0,50.0,50.0,22100.0
2024-01-24 09:00:00+00:00,50.0,50.0,50.0,50.0,3400.0
2024-01-25 09:00:00+00:00,50.0,50.0,50.0,50.0,76800.0
2024-01-26 09:00:00+00:00,50.0,50.0,50.0,50.0,37600.0
2024-01-29 09:00:00+00:00,50.0,50.0,50.0,50.0,41200.0
2024-01-30 09:00:00+00:00,50.0,50.0,50.0,50.0,4400.0
2024-01-31 09:00:00+00:00,50.0,50.0,50.0,50.0,5900.0
2024-02-01 09:00:00+00:00,50.0,50.0,50.0,50.0,82200.0
2024-02-02 09:00:00+00:00,50.0,50.0,50.0,50.0,21900.0
2024-02-05 09:00:00+00:00,50.0,50.0,50.0,50.0,38400.0
2024-02-06 09:00:00+00:00,50.0,50.0,50.0,50.0,6900.0
2024-02-07 09:00:00+00:00,50.0,50.0,50.0,50.0,140300.0
2024-02-12 09:00:00+00:00,50.0,50.0,50.0,50.0,123300.0
2024-02-13 09:00:00+00:00,50.0,50.0,50.0,50.0,24100.0
2024-02-15 09:00:00+00:00,50.0,50.0,50.0,50.0,563800.0
2024-02-16 09:00:00+00:00,50.0,50.0,50.0,50.0,582100.0
2024-02-19 09:00:00+00:00,50.0,50.0,50.0,50.0,1014500.0
2024-02-20 09:00:00+00:00,50.0,50.0,50.0,50.0,100000.0
2024-02-21 09:00:00+00:00,50.0,50.0,50.0,50.0,1021000.0
2024-02-22 09:00:00+00:00,50.0,52.0,50.0,50.0,143133900.0
2024-02-23 09:00:00+00:00,50.0,57.0,50.0,53.0,626351300.0
2024-02-26 09:00:00+00:00,54.0,55.0,51.0,52.0,206335600.0
2024-02-27 09:00:00+00:00,52.0,53.0,50.0,50.0,116325400.0
2024-02-28 09:00:00+00:00,50.0,51.0,50.0,50.0,64857500.0
2024-02-29 09:00:00+00:00,51.0,51.0,50.0,50.0,88110500.0
2024-03-01 09:00:00+00:00,50.0,51.0,50.0,50.0,16320200.0
2024-03-04 09:00:00+00:00,50.0,50.0,50.0,50.0,2004100.0
2024-03-05 09:00:00+00:00,50.0,50.0,50.0,50.0,552300.0
2024-03-06 09:00:00+00:00,50.0,50.0,50.0,50.0,962000.0
2024-03-07 09:00:00+00:00,50.0,51.0,50.0,50.0,39476500.0
2024-03-08 09:00:00+00:00,50.0,51.0,50.0,50.0,16747200.0
2024-03-13 09:00:00+00:00,50.0,51.0,50.0,50.0,6450100.0
2024-03-14 09:00:00+00:00,50.0,51.0,50.0,50.0,7905300.0
2024-03-15 09:00:00+00:00,50.0,51.0,50.0,50.0,8759400.0
2024-03-18 09:00:00+00:00,50.0,50.0,50.0,50.0,4621900.0
2024-03-19 09:00:00+00:00,50.0,50.0,50.0,50.0,1452200.0
2024-03-20 09:00:00+00:00,50.0,50.0,50.0,50.0,3520800.0
2024-03-21 09:00:00+00:00,50.0,50.0,50.0,50.0,91500.0
2024-03-22 09:00:00+00:00,50.0,50.0,50.0,50.0,17924800.0
2024-03-25 09:00:00+00:00,50.0,50.0,50.0,50.0,2621400.0
2024-03-26 09:00:00+00:00,51.0,51.0,50.0,50.0,16663800.0
2024-03-27 09:00:00+00:00,50.0,50.0,50.0,50.0,300500.0
2024-03-28 09:00:00+00:00,50.0,50.0,50.0,50.0,151200.0
2024-04-01 09:00:00+00:00,50.0,50.0,50.0,50.0,264700.0
2024-04-02 09:00:00+00:00,50.0,50.0,50.0,50.0,232500.0
2024-04-03 09:00:00+00:00,50.0,50.0,50.0,50.0,311500.0
2024-04-04 09:00:00+00:00,50.0,50.0,50.0,50.0,258800.0
2024-04-05 09:00:00+00:00,50.0,50.0,50.0,50.0,1015000.0
2024-04-16 09:00:00+00:00,50.0,50.0,50.0,50.0,110500.0
2024-04-17 09:00:00+00:00,50.0,50.0,50.0,50.0,35400.0
2024-04-18 09:00:00+00:00,50.0,50.0,50.0,50.0,100200.0
2024-04-19 09:00:00+00:00,50.0,50.0,50.0,50.0,2200.0
2024-04-22 09:00:00+00:00,50.0,50.0,50.0,50.0,10500.0
2024-04-23 09:00:00+00:00,50.0,50.0,50.0,50.0,1112700.0
2024-04-24 09:00:00+00:00,50.0,50.0,50.0,50.0,226400.0
2024-04-25 09:00:00+00:00,50.0,50.0,50.0,50.0,35000.0
2024-04-26 09:00:00+00:00,50.0,50.0,50.0,50.0,1300.0
2024-04-29 09:00:00+00:00,50.0,50.0,50.0,50.0,103600.0
2024-04-30 09:00:00+00:00,50.0,50.0,50.0,50.0,6200.0
2024-05-02 09:00:00+00:00,50.0,50.0,50.0,50.0,127000.0
2024-05-03 09:00:00+00:00,50.0,50.0,50.0,50.0,300700.0
2024-05-06 09:00:00+00:00,50.0,50.0,50.0,50.0,122400.0
2024-05-07 09:00:00+00:00,50.0,50.0,50.0,50.0,104100.0
2024-05-08 09:00:00+00:00,50.0,50.0,50.0,50.0,1700.0
2024-05-13 09:00:00+00:00,50.0,50.0,50.0,50.0,252700.0
2024-05-14 09:00:00+00:00,50.0,50.0,50.0,50.0,5313700.0
2024-05-15 09:00:00+00:00,50.0,50.0,50.0,50.0,1643500.0
2024-05-16 09:00:00+00:00,50.0,50.0,50.0,50.0,2219200.0
2024-05-17 09:00:00+00:00,50.0,50.0,50.0,50.0,128300.0
2024-05-20 09:00:00+00:00,50.0,50.0,50.0,50.0,513800.0
2024-05-21 09:00:00+00:00,50.0,50.0,50.0,50.0,7700.0
2024-05-22 09:00:00+00:00,50.0,50.0,50.0,50.0,25100.0
2024-05-27 09:00:00+00:00,50.0,50.0,50.0,50.0,13300.0
2024-05-28 09:00:00+00:00,50.0,50.0,50.0,50.0,7000.0
2024-05-29 09:00:00+00:00,50.0,50.0,50.0,50.0,3900.0
2024-05-30 09:00:00+00:00,50.0,50.0,50.0,50.0,8277900.0
2024-05-31 09:00:00+00:00,45.0,45.0,45.0,45.0,1476200.0
2024-06-03 09:00:00+00:00,41.0,41.0,41.0,41.0,581500.0
2024-06-04 09:00:00+00:00,37.0,37.0,37.0,37.0,4606900.0
2024-06-05 09:00:00+00:00,34.0,34.0,34.0,34.0,4439900.0
2024-06-06 09:00:00+00:00,31.0,31.0,31.0,31.0,2850900.0
2024-06-07 09:00:00+00:00,29.0,29.0,28.0,28.0,31072900.0
2024-06-10 09:00:00+00:00,26.0,26.0,26.0,26.0,3668500.0
2024-06-11 09:00:00+00:00,24.0,24.0,24.0,24.0,3021900.0
2024-06-12 09:00:00+00:00,22.0,22.0,22.0,22.0,1723800.0
2024-06-13 09:00:00+00:00,20.0,20.0,20.0,20.0,14262400.0
2024-06-14 09:00:00+00:00,19.0,21.0,19.0,21.0,24468600.0
2024-06-19 09:00:00+00:00,20.0,20.0,20.0,20.0,14278900.0
2024-06-20 09:00:00+00:00,20.0,21.0,20.0,21.0,11437700.0
2024-06-21 09:00:00+00:00,21.0,21.0,20.0,20.0,20264000.0
2024-06-24 09:00:00+00:00,22.0,22.0,22.0,22.0,23460600.0
2024-06-25 09:00:00+00:00,24.0,24.0,24.0,24.0,2498800.0
2024-06-26 09:00:00+00:00,26.0,26.0,24.0,24.0,46524700.0
2024-06-27 09:00:00+00:00,24.0,24.0,24.0,24.0,5362400.0
2024-06-28 09:00:00+00:00,23.0,24.0,23.0,24.0,5799500.0
2024-07-01 09:00:00+00:00,23.0,24.0,23.0,24.0,1831400.0
2024-07-02 09:00:00+00:00,24.0,24.0,24.0,24.0,3691300.0
2024-07-03 09:00:00+00:00,24.0,24.0,24.0,24.0,3087000.0
2024-07-04 09:00:00+00:00,24.0,24.0,23.0,24.0,5586400.0
2024-07-05 09:00:00+00:00,24.0,25.0,24.0,25.0,2154900.0
2024-07-08 09:00:00+00:00,24.0,25.0,24.0,25.0,9592100.0
2024-07-09 09:00:00+00:00,25.0,25.0,25.0,25.0,7680000.0
2024-07-10 09:00:00+00:00,25.0,25.0,25.0,25.0,1395300.0
2024-07-11 09:00:00+00:00,25.0,25.0,24.0,25.0,2131100.0
2024-07-12 09:00:00+00:00,25.0,25.0,25.0,25.0,1244700.0
2024-07-15 09:00:00+00:00,26.0,26.0,25.0,25.0,2948700.0
2024-07-16 09:00:00+00:00,25.0,26.0,25.0,26.0,2129100.0
2024-07-17 09:00:00+00:00,26.0,26.0,26.0,26.0,8466500.0
2024-07-18 09:00:00+00:00,26.0,26.0,25.0,25.0,1933300.0
2024-07-19 09:00:00+00:00,25.0,26.0,25.0,26.0,1874400.0
2024-07-22 09:00:00+00:00,25.0,26.0,25.0,26.0,17587600.0
2024-07-23 09:00:00+00:00,26.0,27.0,26.0,27.0,2043700.0
2024-07-24 09:00:00+00:00,25.0,26.0,25.0,26.0,18026000.0
2024-07-25 09:00:00+00:00,26.0,26.0,25.0,26.0,1249300.0
2024-07-26 09:00:00+00:00,26.0,26.0,26.0,26.0,1287600.0
2024-07-29 09:00:00+00:00,26.0,26.0,25.0,26.0,1899100.0
2024-07-30 09:00:00+00:00,26.0,26.0,25.0,26.0,634500.0
2024-07-31 09:00:00+00:00,26.0,26.0,25.0,26.0,291100.0
2024-08-01 09:00:00+00:00,25.0,26.0,25.0,26.0,9597300.0
2024-08-02 09:00:00+00:00,26.0,26.0,25.0,25.0,854400.0
2024-08-05 09:00:00+00:00,25.0,25.0,24.0,24.0,1566500.0
2024-08-06 09:00:00+00:00,24.0,24.0,24.0,24.0,4294800.0
2024-08-07 09:00:00+00:00,24.0,24.0,24.0,24.0,581700.0
2024-08-08 09:00:00+00:00,24.0,25.0,24.0,25.0,4254200.0
2024-08-09 09:00:00+00:00,26.0,26.0,26.0,26.0,452900.0
2024-08-12 09:00:00+00:00,26.0,26.0,26.0,26.0,5839000.0
2024-08-13 09:00:00+00:00,25.0,26.0,25.0,26.0,2178500.0
2024-08-14 09:00:00+00:00,26.0,27.0,26.0,27.0,9307200.0
2024-08-15 09:00:00+00:00,27.0,27.0,27.0,27.0,1950100.0
2024-08-16 09:00:00+00:00,27.0,27.0,27.0,27.0,1594100.0
2024-08-19 09:00:00+00:00,27.0,27.0,26.0,27.0,2826200.0
2024-08-20 09:00:00+00:00,26.0,26.0,26.0,26.0,17256200.0
2024-08-21 09:00:00+00:00,26.0,28.0,26.0,28.0,3263300.0
2024-08-22 09:00:00+00:00,28.0,28.0,28.0,28.0,3152600.0
2024-08-23 09:00:00+00:00,29.0,29.0,27.0,27.0,4540100.0
2024-08-26 09:00:00+00:00,28.0,28.0,27.0,28.0,2551600.0
2024-08-27 09:00:00+00:00,30.0,30.0,30.0,30.0,6636900.0
2024-08-28 09:00:00+00:00,33.0,33.0,33.0,33.0,2322600.0
2024-08-29 09:00:00+00:00,36.0,36.0,36.0,36.0,17392300.0
2024-08-30 09:00:00+00:00,39.0,39.0,39.0,39.0,4040900.0
2024-09-02 09:00:00+00:00,38.0,38.0,36.0,37.0,41969400.0
2024-09-03 09:00:00+00:00,39.0,40.0,39.0,40.0,24461800.0
2024-09-04 09:00:00+00:00,41.0,44.0,41.0,44.0,12923400.0
2024-09-05 09:00:00+00:00,47.0,47.0,47.0,47.0,12351600.0
2024-09-06 09:00:00+00:00,49.0,49.0,48.0,48.0,13316900.0
2024-09-09 09:00:00+00:00,48.0,48.0,44.0,44.0,8788600.0
2024-09-10 09:00:00+00:00,43.0,43.0,40.0,40.0,13547300.0
2024-09-11 09:00:00+00:00,39.0,39.0,38.0,38.0,2902400.0
2024-09-12 09:00:00+00:00,39.0,40.0,39.0,40.0,3257300.0
2024-09-13 09:00:00+00:00,41.0,42.0,41.0,42.0,2943100.0
2024-09-17 09:00:00+00:00,43.0,44.0,43.0,43.0,2515500.0
2024-09-18 09:00:00+00:00,43.0,43.0,42.0,42.0,2332400.0
2024-09-19 09:00:00+00:00,42.0,42.0,42.0,42.0,3440100.0
2024-09-20 09:00:00+00:00,42.0,42.0,42.0,42.0,4111400.0
2024-09-23 09:00:00+00:00,42.0,42.0,41.0,41.0,4197300.0
2024-09-24 09:00:00+00:00,40.0,40.0,40.0,40.0,5103100.0
2024-09-25 09:00:00+00:00,40.0,40.0,39.0,39.0,2451400.0
2024-09-26 09:00:00+00:00,38.0,38.0,38.0,38.0,3066200.0
2024-09-27 09:00:00+00:00,37.0,37.0,36.0,36.0,7584300.0
2024-09-30 09:00:00+00:00,36.0,38.0,36.0,38.0,3831100.0
2024-10-01 09:00:00+00:00,39.0,40.0,39.0,40.0,6018400.0
2024-10-02 09:00:00+00:00,40.0,40.0,38.0,38.0,7173600.0
2024-10-03 09:00:00+00:00,40.0,40.0,40.0,40.0,2680400.0
2024-10-04 09:00:00+00:00,40.0,40.0,40.0,40.0,4367000.0
2024-10-07 09:00:00+00:00,40.0,40.0,39.0,39.0,1603400.0
2024-10-08 09:00:00+00:00,38.0,38.0,37.0,37.0,4826600.0
2024-10-09 09:00:00+00:00,37.0,37.0,37.0,37.0,2478400.0
2024-10-10 09:00:00+00:00,37.0,37.0,36.0,36.0,2904200.0
2024-10-11 09:00:00+00:00,36.0,36.0,36.0,36.0,2207400.0
2024-10-14 09:00:00+00:00,36.0,36.0,36.0,36.0,3629300.0
2024-10-15 09:00:00+00:00,36.0,36.0,36.0,36.0,4080400.0
2024-10-16 09:00:00+00:00,36.0,36.0,36.0,36.0,4321900.0
2024-10-17 09:00:00+00:00,36.0,38.0,36.0,38.0,11665700.0
2024-10-18 09:00:00+00:00,40.0,41.0,40.0,41.0,17779500.0
2024-10-21 09:00:00+00:00,41.0,41.0,41.0,41.0,10114100.0
2024-10-22 09:00:00+00:00,41.0,41.0,41.0,41.0,9278000.0
2024-10-23 09:00:00+00:00,45.0,45.0,45.0,45.0,29989000.0
2024-10-24 09:00:00+00:00,48.0,48.0,48.0,48.0,26829300.0
2024-10-25 09:00:00+00:00,50.0,51.0,50.0,51.0,44776900.0
2024-10-28 09:00:00+00:00,56.0,56.0,56.0,56.0,163938400.0
2024-10-29 09:00:00+00:00,57.0,57.0,55.0,55.0,54180900.0
2024-10-30 09:00:00+00:00,55.0,55.0,50.0,50.0,52803300.0
2024-10-31 09:00:00+00:00,50.0,50.0,47.0,47.0,30053500.0
2024-11-01 09:00:00+00:00,47.0,47.0,46.0,46.0,8951500.0
2024-11-04 09:00:00+00:00,46.0,46.0,45.0,45.0,7150500.0
2024-11-05 09:00:00+00:00,44.0,44.0,42.0,42.0,10373400.0
2024-11-06 09:00:00+00:00,43.0,46.0,43.0,46.0,19382000.0
2024-11-07 09:00:00+00:00,44.0,44.0,43.0,44.0,7820200.0
2024-11-08 09:00:00+00:00,45.0,45.0,45.0,45.0,2816400.0
2024-11-11 09:00:00+00:00,47.0,48.0,47.0,48.0,8362600.0
2024-11-12 09:00:00+00:00,51.0,52.0,51.0,52.0,43251200.0
2024-11-13 09:00:00+00:00,55.0,55.0,55.0,55.0,37539200.0
2024-11-14 09:00:00+00:00,51.0,51.0,50.0,50.0,16128000.0
2024-11-15 09:00:00+00:00,50.0,50.0,48.0,48.0,10151000.0
2024-11-18 09:00:00+00:00,49.0,50.0,49.0,50.0,3312700.0
2024-11-19 09:00:00+00:00,49.0,49.0,48.0,48.0,6731900.0
2024-11-20 09:00:00+00:00,49.0,49.0,48.0,48.0,2365300.0
2024-11-21 09:00:00+00:00,48.0,49.0,48.0,48.0,4510800.0
2024-11-22 09:00:00+00:00,48.0,48.0,47.0,47.0,5336300.0
2024-11-25 09:00:00+00:00,47.0,47.0,47.0,47.0,3382000.0
2024-11-26 09:00:00+00:00,47.0,47.0,46.0,46.0,3642400.0
2024-11-28 09:00:00+00:00,47.0,47.0,47.0,47.0,6483700.0
2024-11-29 09:00:00+00:00,47.0,47.0,47.0,47.0,14765500.0
2024-12-02 09:00:00+00:00,48.0,49.0,48.0,48.0,21354600.0
2024-12-03 09:00:00+00:00,46.0,47.0,46.0,47.0,5614800.0
2024-12-04 09:00:00+00:00,47.0,48.0,47.0,47.0,10457300.0
2024-12-05 09:00:00+00:00,48.0,48.0,47.0,47.0,9520600.0
2024-12-06 09:00:00+00:00,47.0,48.0,47.0,47.0,14612300.0
2024-12-09 09:00:00+00:00,47.0,47.0,46.0,46.0,9521000.0
2024-12-10 09:00:00+00:00,46.0,46.0,46.0,46.0,11701900.0
2024-12-11 09:00:00+00:00,46.0,46.0,46.0,46.0,4197800.0
2024-12-12 09:00:00+00:00,46.0,46.0,45.0,45.0,4480900.0
2024-12-13 09:00:00+00:00,45.0,45.0,45.0,45.0,2320500.0
2024-12-16 09:00:00+00:00,45.0,45.0,43.0,43.0,5489700.0
2024-12-17 09:00:00+00:00,43.0,43.0,42.0,42.0,6159200.0
2024-12-18 09:00:00+00:00,40.0,40.0,39.0,39.0,11527300.0
2024-12-19 09:00:00+00:00,37.0,37.0,36.0,36.0,10101000.0
2024-12-20 09:00:00+00:00,35.0,36.0,35.0,36.0,4318900.0
2024-12-23 09:00:00+00:00,36.0,36.0,36.0,36.0,6161000.0
2024-12-24 09:00:00+00:00,36.0,38.0,36.0,38.0,7597800.0
2024-12-27 09:00:00+00:00,38.0,38.0,38.0,38.0,4609800.0
2024-12-30 09:00:00+00:00,38.0,38.0,35.0,35.0,12421000.0
2025-01-02 09:00:00+00:00,32.0,32.0,32.0,32.0,40978100.0
2025-01-03 09:00:00+00:00,31.0,31.0,30.0,30.0,24923400.0
2025-01-06 09:00:00+00:00,31.0,33.0,31.0,32.0,7126400.0
2025-01-07 09:00:00+00:00,33.0,34.0,33.0,34.0,4212300.0
2025-01-08 09:00:00+00:00,35.0,36.0,35.0,36.0,4863300.0
2025-01-09 09:00:00+00:00,38.0,39.0,38.0,39.0,9168200.0
2025-01-10 09:00:00+00:00,42.0,42.0,42.0,42.0,13295100.0
2025-01-13 09:00:00+00:00,42.0,42.0,39.0,39.0,3955700.0
2025-01-14 09:00:00+00:00,39.0,39.0,38.0,38.0,3247400.0
2025-01-15 09:00:00+00:00,36.0,36.0,35.0,36.0,11081800.0
2025-01-16 09:00:00+00:00,36.0,38.0,36.0,38.0,6125100.0
2025-01-17 09:00:00+00:00,38.0,38.0,38.0,38.0,4645700.0
2025-01-20 09:00:00+00:00,39.0,39.0,38.0,38.0,3719700.0
2025-01-21 09:00:00+00:00,38.0,38.0,38.0,38.0,7393100.0
2025-01-22 09:00:00+00:00,39.0,39.0,37.0,37.0,1032100.0
2025-01-23 09:00:00+00:00,36.0,36.0,36.0,36.0,2880900.0
2025-01-24 09:00:00+00:00,35.0,35.0,35.0,35.0,1434400.0
2025-01-30 09:00:00+00:00,35.0,36.0,35.0,36.0,777800.0
2025-01-31 09:00:00+00:00,36.0,36.0,36.0,36.0,1272600.0
2025-02-03 09:00:00+00:00,36.0,36.0,35.0,35.0,5404100.0
2025-02-04 09:00:00+00:00,36.0,36.0,35.0,36.0,1789400.0
2025-02-05 09:00:00+00:00,37.0,38.0,37.0,37.0,2915100.0
2025-02-06 09:00:00+00:00,37.0,37.0,36.0,36.0,3323300.0
2025-02-07 09:00:00+00:00,35.0,35.0,35.0,35.0,6339200.0
2025-02-10 09:00:00+00:00,34.0,34.0,34.0,34.0,3451000.0
2025-02-11 09:00:00+00:00,34.0,34.0,33.0,33.0,1268100.0
2025-02-12 09:00:00+00:00,33.0,33.0,32.0,33.0,3491000.0
2025-02-13 09:00:00+00:00,33.0,34.0,33.0,33.0,4027700.0
2025-02-14 09:00:00+00:00,32.0,33.0,32.0,32.0,4268200.0
2025-02-17 09:00:00+00:00,33.0,34.0,33.0,34.0,3909200.0
2025-02-18 09:00:00+00:00,34.0,35.0,34.0,35.0,2290800.0
2025-02-19 09:00:00+00:00,36.0,36.0,34.0,34.0,1903900.0
2025-02-20 09:00:00+00:00,33.0,35.0,33.0,35.0,8237700.0
2025-02-21 09:00:00+00:00,36.0,36.0,36.0,36.0,5228200.0
2025-02-24 09:00:00+00:00,36.0,36.0,36.0,36.0,4261100.0
2025-02-25 09:00:00+00:00,36.0,36.0,36.0,36.0,6638300.0
2025-02-26 09:00:00+00:00,36.0,36.0,33.0,33.0,1467800.0
2025-02-27 09:00:00+00:00,33.0,33.0,31.0,33.0,2422600.0
2025-02-28 09:00:00+00:00,31.0,31.0,31.0,31.0,5771500.0
2025-03-03 09:00:00+00:00,31.0,32.0,31.0,32.0,5662800.0
2025-03-04 09:00:00+00:00,32.0,32.0,32.0,32.0,2680500.0
2025-03-05 09:00:00+00:00,32.0,33.0,32.0,33.0,2740600.0
2025-03-06 09:00:00+00:00,33.0,34.0,33.0,34.0,1784100.0
2025-03-07 09:00:00+00:00,34.0,35.0,34.0,34.0,805600.0
2025-03-10 09:00:00+00:00,34.0,34.0,34.0,34.0,513100.0
2025-03-11 09:00:00+00:00,34.0,34.0,32.0,32.0,2482000.0
2025-03-12 09:00:00+00:00,32.0,32.0,30.0,30.0,10847700.0
2025-03-13 09:00:00+00:00,30.0,30.0,30.0,30.0,2573100.0
2025-03-14 09:00:00+00:00,31.0,31.0,30.0,30.0,2807200.0
2025-03-17 09:00:00+00:00,30.0,32.0,30.0,32.0,735300.0
2025-03-18 09:00:00+00:00,31.0,31.0,30.0,30.0,1607500.0
2025-03-19 09:00:00+00:00,30.0,30.0,30.0,30.0,5278900.0
2025-03-20 09:00:00+00:00,31.0,32.0,31.0,32.0,2210200.0
2025-03-21 09:00:00+00:00,32.0,32.0,32.0,32.0,5493600.0
2025-03-24 09:00:00+00:00,31.0,31.0,30.0,31.0,2162300.0
2025-03-25 09:00:00+00:00,31.0,32.0,31.0,31.0,1340600.0
2025-03-26 09:00:00+00:00,31.0,31.0,31.0,31.0,1807700.0
2025-03-27 09:00:00+00:00,31.0,31.0,29.0,30.0,10758100.0
2025-04-08 09:00:00+00:00,29.0,29.0,28.0,28.0,2982900.0
2025-04-09 09:00:00+00:00,28.0,28.0,27.0,27.0,4148800.0
2025-04-10 09:00:00+00:00,27.0,29.0,27.0,29.0,2890300.0
2025-04-11 09:00:00+00:00,29.0,29.0,29.0,29.0,1005600.0
2025-04-14 09:00:00+00:00,29.0,30.0,29.0,30.0,5094500.0
2025-04-15 09:00:00+00:00,29.0,29.0,29.0,29.0,11768900.0
2025-04-16 09:00:00+00:00,29.0,29.0,29.0,29.0,17298900.0
2025-04-17 09:00:00+00:00,29.0,30.0,29.0,30.0,6303500.0
2025-04-21 09:00:00+00:00,30.0,30.0,30.0,30.0,4443000.0
2025-04-22 09:00:00+00:00,30.0,32.0,30.0,32.0,3780800.0
2025-04-23 09:00:00+00:00,32.0,32.0,32.0,32.0,5950200.0
2025-04-24 09:00:00+00:00,32.0,32.0,32.0,32.0,434000.0
2025-04-25 09:00:00+00:00,32.0,32.0,32.0,32.0,634600.0
2025-04-28 09:00:00+00:00,32.0,32.0,32.0,32.0,11499100.0
2025-04-29 09:00:00+00:00,32.0,33.0,32.0,33.0,5353700.0
2025-04-30 09:00:00+00:00,32.0,33.0,32.0,33.0,5977400.0
2025-05-02 09:00:00+00:00,33.0,33.0,33.0,33.0,6047600.0
2025-05-05 09:00:00+00:00,33.0,33.0,33.0,33.0,2570300.0
2025-05-06 09:00:00+00:00,32.0,33.0,32.0,33.0,2990800.0
2025-05-07 09:00:00+00:00,33.0,33.0,33.0,33.0,2780100.0
2025-05-08 09:00:00+00:00,33.0,33.0,32.0,32.0,4523800.0
2025-05-09 09:00:00+00:00,33.0,33.0,32.0,32.0,596000.0
2025-05-14 09:00:00+00:00,32.0,32.0,32.0,32.0,13200600.0
2025-05-15 09:00:00+00:00,32.0,32.0,32.0,32.0,3384600.0
2025-05-16 09:00:00+00:00,32.0,32.0,31.0,31.0,3440700.0
2025-05-19 09:00:00+00:00,31.0,32.0,31.0,32.0,4122200.0
2025-05-20 09:00:00+00:00,32.0,32.0,31.0,31.0,8281200.0
2025-05-21 09:00:00+00:00,31.0,31.0,31.0,31.0,3984400.0
2025-05-22 09:00:00+00:00,31.0,31.0,30.0,30.0,4100600.0
2025-05-23 09:00:00+00:00,31.0,31.0,31.0,31.0,1715200.0
2025-05-26 09:00:00+00:00,31.0,31.0,30.0,30.0,1556800.0
2025-05-27 09:00:00+00:00,30.0,30.0,30.0,30.0,20479200.0
2025-05-28 09:00:00+00:00,30.0,30.0,30.0,30.0,1159700.0
2025-06-02 09:00:00+00:00,30.0,30.0,30.0,30.0,3136200.0
2025-06-03 09:00:00+00:00,30.0,30.0,29.0,30.0,2430400.0
2025-06-04 09:00:00+00:00,30.0,30.0,29.0,29.0,9124300.0
2025-06-05 09:00:00+00:00,29.0,29.0,29.0,29.0,13198700.0
2025-06-10 09:00:00+00:00,29.0,29.0,28.0,29.0,10429800.0
2025-06-11 09:00:00+00:00,29.0,29.0,29.0,29.0,9135500.0
2025-06-12 09:00:00+00:00,29.0,29.0,29.0,29.0,23014900.0
2025-06-13 09:00:00+00:00,29.0,29.0,28.0,28.0,12365400.0
2025-06-16 09:00:00+00:00,28.0,29.0,28.0,28.0,12495400.0
2025-06-17 09:00:00+00:00,28.0,28.0,27.0,27.0,30352400.0
2025-06-18 09:00:00+00:00,27.0,28.0,27.0,27.0,6797600.0
2025-06-19 09:00:00+00:00,27.0,27.0,26.0,26.0,7855300.0
2025-06-20 09:00:00+00:00,26.0,26.0,26.0,26.0,6792800.0
2025-06-23 09:00:00+00:00,26.0,28.0,26.0,28.0,6456300.0
2025-06-24 09:00:00+00:00,30.0,30.0,29.0,29.0,11385600.0
2025-06-25 09:00:00+00:00,29.0,29.0,28.0,28.0,3266800.0
2025-06-26 09:00:00+00:00,27.0,28.0,27.0,28.0,4406200.0
2025-06-30 09:00:00+00:00,30.0,30.0,30.0,30.0,22512500.0
2025-07-01 09:00:00+00:00,30.0,30.0,29.0,29.0,2987700.0
2025-07-02 09:00:00+00:00,28.0,29.0,28.0,28.0,10235900.0
2025-07-03 09:00:00+00:00,28.0,28.0,27.0,27.0,1063300.0
2025-07-04 09:00:00+00:00,27.0,27.0,27.0,27.0,10729600.0
2025-07-07 09:00:00+00:00,27.0,27.0,27.0,27.0,821900.0
2025-07-08 09:00:00+00:00,27.0,27.0,27.0,27.0,4964000.0
2025-07-09 09:00:00+00:00,27.0,27.0,26.0,27.0,18952700.0
2025-07-10 09:00:00+00:00,27.0,27.0,26.0,26.0,11333900.0
2025-07-11 09:00:00+00:00,27.0,27.0,27.0,27.0,2906300.0
2025-07-14 09:00:00+00:00,27.0,27.0,27.0,27.0,15210900.0
2025-07-15 09:00:00+00:00,27.0,27.0,26.0,27.0,7742200.0
2025-07-16 09:00:00+00:00,27.0,27.0,27.0,27.0,23284200.0
2025-07-17 09:00:00+00:00,27.0,27.0,26.0,26.0,3170000.0
2025-07-18 09:00:00+00:00,27.0,27.0,27.0,27.0,17655100.0
2025-07-21 09:00:00+00:00,27.0,27.0,27.0,27.0,4548900.0
2025-07-22 09:00:00+00:00,27.0,27.0,27.0,27.0,18119900.0
2025-07-23 09:00:00+00:00,27.0,27.0,26.0,27.0,7927900.0
2025-07-24 09:00:00+00:00,27.0,27.0,26.0,26.0,2441300.0
2025-07-25 09:00:00+00:00,26.0,26.0,26.0,26.0,19345300.0
2025-07-28 09:00:00+00:00,26.0,26.0,26.0,26.0,8139800.0
2025-07-29 09:00:00+00:00,26.0,26.0,26.0,26.0,32435600.0
2025-07-30 09:00:00+00:00,26.0,26.0,25.0,26.0,5159100.0
2025-07-31 09:00:00+00:00,26.0,26.0,26.0,26.0,5336400.0
2025-08-01 09:00:00+00:00,26.0,26.0,26.0,26.0,9571200.0
2025-08-04 09:00:00+00:00,27.0,27.0,26.0,26.0,13393000.0
2025-08-05 09:00:00+00:00,26.0,26.0,26.0,26.0,13587600.0
2025-08-06 09:00:00+00:00,27.0,28.0,27.0,28.0,79765400.0
2025-08-07 09:00:00+00:00,30.0,30.0,30.0,30.0,21069800.0
2025-08-08 09:00:00+00:00,33.0,33.0,33.0,33.0,13307900.0
2025-08-11 09:00:00+00:00,36.0,36.0,36.0,36.0,13787300.0
2025-08-12 09:00:00+00:00,39.0,39.0,39.0,39.0,15288100.0
2025-08-13 09:00:00+00:00,42.0,42.0,42.0,42.0,19164100.0
2025-08-14 09:00:00+00:00,38.0,38.0,38.0,38.0,142181800.0
2025-08-15 09:00:00+00:00,35.0,41.0,35.0,41.0,98672600.0
2025-08-19 09:00:00+00:00,42.0,42.0,42.0,42.0,41609600.0
2025-08-20 09:00:00+00:00,44.0,44.0,44.0,44.0,30121000.0
2025-08-21 09:00:00+00:00,44.0,44.0,40.0,40.0,27772000.0
2025-08-22 09:00:00+00:00,40.0,40.0,38.0,38.0,23607600.0
2025-08-25 09:00:00+00:00,39.0,39.0,39.0,39.0,23944700.0
2025-08-26 09:00:00+00:00,41.0,41.0,39.0,39.0,25882100.0
2025-08-27 09:00:00+00:00,39.0,41.0,39.0,41.0,7276400.0
2025-08-28 09:00:00+00:00,40.0,40.0,38.0,39.0,35976300.0
2025-08-29 09:00:00+00:00,39.0,39.0,36.0,36.0,26217800.0
2025-09-01 09:00:00+00:00,34.0,35.0,34.0,35.0,29845200.0
2025-09-02 09:00:00+00:00,35.0,35.0,34.0,34.0,45131400.0
2025-09-03 09:00:00+00:00,34.0,34.0,31.0,31.0,81157000.0
2025-09-04 09:00:00+00:00,34.0,34.0,31.0,31.0,237339700.0
2025-09-08 09:00:00+00:00,33.0,34.0,33.0,34.0,95117700.0
2025-09-09 09:00:00+00:00,37.0,37.0,37.0,37.0,41305700.0
2025-09-10 09:00:00+00:00,40.0,40.0,38.0,38.0,97835500.0
2025-09-11 09:00:00+00:00,39.0,41.0,39.0,41.0,54469000.0
2025-09-12 09:00:00+00:00,42.0,44.0,42.0,44.0,43728500.0
2025-09-15 09:00:00+00:00,48.0,48.0,48.0,48.0,94896200.0
2025-09-16 09:00:00+00:00,52.0,52.0,52.0,52.0,99118800.0
2025-09-17 09:00:00+00:00,57.0,57.0,52.0,52.0,222302700.0
2025-09-18 09:00:00+00:00,53.0,53.0,51.0,51.0,112198700.0
2025-09-19 09:00:00+00:00,51.0,56.0,51.0,56.0,99496500.0
2025-09-22 09:00:00+00:00,56.0,58.0,56.0,58.0,73423400.0
2025-09-23 09:00:00+00:00,60.0,61.0,60.0,61.0,102020400.0
2025-09-24 09:00:00+00:00,61.0,61.0,55.0,55.0,125905000.0
2025-09-25 09:00:00+00:00,50.0,50.0,50.0,50.0,120537800.0
2025-09-26 09:00:00+00:00,53.0,53.0,53.0,53.0,46092900.0
2025-09-29 09:00:00+00:00,53.0,53.0,53.0,53.0,72356500.0
2025-09-30 09:00:00+00:00,53.0,55.0,53.0,55.0,51391200.0
2025-10-01 09:00:00+00:00,53.0,53.0,51.0,52.0,49994700.0
2025-10-02 09:00:00+00:00,52.0,52.0,51.0,51.0,30740900.0
2025-10-03 09:00:00+00:00,54.0,54.0,51.0,51.0,49500800.0
2025-10-06 09:00:00+00:00,50.0,50.0,48.0,48.0,56412300.0
2025-10-07 09:00:00+00:00,44.0,44.0,44.0,44.0,89142100.0
2025-10-08 09:00:00+00:00,44.0,48.0,44.0,48.0,33064600.0
2025-10-09 09:00:00+00:00,50.0,51.0,50.0,50.0,37332300.0
2025-10-10 09:00:00+00:00,50.0,50.0,49.0,49.0,25189400.0
2025-10-13 09:00:00+00:00,50.0,52.0,50.0,52.0,58894900.0
2025-10-14 09:00:00+00:00,55.0,55.0,52.0,52.0,42486100.0
2025-10-15 09:00:00+00:00,51.0,51.0,49.0,49.0,16006000.0
2025-10-16 09:00:00+00:00,48.0,48.0,47.0,48.0,17903600.0
2025-10-17 09:00:00+00:00,47.0,47.0,44.0,44.0,28600100.0
2025-10-20 09:00:00+00:00,44.0,44.0,44.0,44.0,22407700.0
2025-10-21 09:00:00+00:00,44.0,47.0,44.0,47.0,16839400.0
2025-10-22 09:00:00+00:00,47.0,47.0,45.0,45.0,33140000.0
2025-10-23 09:00:00+00:00,45.0,45.0,44.0,44.0,18891100.0
2025-10-24 09:00:00+00:00,46.0,46.0,45.0,45.0,14436000.0
2025-10-27 09:00:00+00:00,45.0,45.0,41.0,41.0,38302700.0
2025-10-28 09:00:00+00:00,41.0,42.0,41.0,42.0,17635700.0
2025-10-29 09:00:00+00:00,42.0,42.0,41.0,41.0,12510700.0
2025-10-30 09:00:00+00:00,41.0,42.0,41.0,41.0,10453300.0
2025-10-31 09:00:00+00:00,41.0,41.0,40.0,40.0,17370200.0
2025-11-03 09:00:00+00:00,40.0,40.0,39.0,40.0,10622000.0
2025-11-04 09:00:00+00:00,40.0,40.0,40.0,40.0,4264900.0
2025-11-05 09:00:00+00:00,40.0,40.0,39.0,39.0,11379200.0
2025-11-06 09:00:00+00:00,38.0,38.0,38.0,38.0,25087400.0
2025-11-07 09:00:00+00:00,38.0,38.0,38.0,38.0,6355100.0
2025-11-10 09:00:00+00:00,38.0,41.0,38.0,41.0,16203700.0
2025-11-11 09:00:00+00:00,42.0,45.0,42.0,45.0,41124400.0
2025-11-12 09:00:00+00:00,45.0,48.0,45.0,48.0,57391800.0
2025-11-13 09:00:00+00:00,50.0,50.0,50.0,50.0,95275500.0
2025-11-14 09:00:00+00:00,50.0,50.0,47.0,47.0,172665600.0
2025-11-17 09:00:00+00:00,49.0,49.0,45.0,45.0,30550800.0
2025-11-18 09:00:00+00:00,45.0,45.0,45.0,45.0,20656400.0
2025-11-19 09:00:00+00:00,45.0,47.0,45.0,47.0,25029100.0
2025-11-20 09:00:00+00:00,49.0,49.0,48.0,48.0,46427900.0
2025-11-21 09:00:00+00:00,48.0,48.0,46.0,46.0,22049500.0
2025-11-24 09:00:00+00:00,44.0,45.0,44.0,45.0,35358700.0
2025-11-25 09:00:00+00:00,45.0,49.0,45.0,47.0,167543600.0
2025-11-26 09:00:00+00:00,49.0,49.0,48.0,48.0,176590100.0
2025-11-27 09:00:00+00:00,50.0,52.0,50.0,52.0,156301800.0
2025-11-28 09:00:00+00:00,57.0,57.0,57.0,57.0,190890400.0
2025-12-01 09:00:00+00:00,62.0,62.0,62.0,62.0,658723200.0
2025-12-02 09:00:00+00:00,68.0,68.0,68.0,68.0,469853000.0
2025-12-03 09:00:00+00:00,74.0,74.0,74.0,74.0,249722400.0
2025-12-04 09:00:00+00:00,81.0,81.0,81.0,81.0,93417600.0
2025-12-05 09:00:00+00:00,89.0,89.0,89.0,89.0,439392500.0
2025-12-08 09:00:00+00:00,85.0,85.0,81.0,81.0,687294500.0
2025-12-09 09:00:00+00:00,82.0,89.0,82.0,89.0,287076900.0
2025-12-10 09:00:00+00:00,97.0,97.0,97.0,97.0,92525400.0
2025-12-11 09:00:00+00:00,106.0,106.0,106.0,106.0,142865700.0
2025-12-12 09:00:00+00:00,106.0,106.0,106.0,106.0,0.0
2025-12-15 09:00:00+00:00,116.0,116.0,116.0,116.0,615821000.0
2025-12-16 09:00:00+00:00,116.0,116.0,116.0,116.0,0.0
2025-12-17 09:00:00+00:00,116.0,116.0,116.0,116.0,0.0
2025-12-18 09:00:00+00:00,116.0,116.0,116.0,116.0,0.0
2025-12-19 09:00:00+00:00,116.0,116.0,116.0,116.0,0.0
2025-12-22 09:00:00+00:00,116.0,116.0,116.0,116.0,0.0
2025-12-23 09:00:00+00:00,116.0,116.0,116.0,116.0,0.0
2025-12-24 09:00:00+00:00,116.0,116.0,116.0,116.0,0.0
2025-12-29 09:00:00+00:00,116.0,116.0,116.0,116.0,0.0
2025-12-30 09:00:00+00:00,127.0,127.0,127.0,127.0,431795600.0
2026-01-02 09:00:00+00:00,127.0,139.0,127.0,139.0,281706600.0
2026-01-05 09:00:00+00:00,152.0,152.0,152.0,152.0,112417600.0
2026-01-06 09:00:00+00:00,167.0,167.0,167.0,167.0,166669900.0
2026-01-07 09:00:00+00:00,183.0,183.0,183.0,183.0,92925600.0
2026-01-08 09:00:00+00:00,200.0,200.0,183.0,187.0,538411400.0
2026-01-09 09:00:00+00:00,199.0,204.0,199.0,204.0,285170100.0
2026-01-12 09:00:00+00:00,224.0,224.0,224.0,224.0,345711100.0
2026-01-13 09:00:00+00:00,246.0,246.0,246.0,246.0,287157800.0
2026-01-14 09:00:00+00:00,246.0,260.0,246.0,260.0,206805500.0
2026-01-15 09:00:00+00:00,264.0,264.0,234.0,234.0,162231200.0
2026-01-19 09:00:00+00:00,212.0,212.0,212.0,212.0,154944100.0
2026-01-20 09:00:00+00:00,232.0,232.0,230.0,230.0,647481700.0
2026-01-21 09:00:00+00:00,230.0,230.0,208.0,208.0,207911000.0
2026-01-22 09:00:00+00:00,208.0,208.0,188.0,188.0,308920400.0
2026-01-23 09:00:00+00:00,170.0,170.0,170.0,170.0,101324500.0
2026-01-26 09:00:00+00:00,170.0,170.0,153.0,153.0,215275800.0
2026-01-27 09:00:00+00:00,142.0,142.0,138.0,138.0,214013800.0
2026-01-28 09:00:00+00:00,125.0,125.0,125.0,125.0,20132300.0
2026-01-29 09:00:00+00:00,113.0,113.0,113.0,113.0,44454300.0
2026-01-30 09:00:00+00:00,110.0,110.0,102.0,102.0,554031100.0
2026-02-02 09:00:00+00:00,92.0,92.0,92.0,92.0,54505100.0
2026-02-03 09:00:00+00:00,88.0,101.0,88.0,101.0,375001400.0
2026-02-04 09:00:00+00:00,111.0,111.0,111.0,111.0,311177800.0
2026-02-05 09:00:00+00:00,100.0,100.0,100.0,100.0,125553800.0
2026-02-06 09:00:00+00:00,90.0,90.0,90.0,90.0,82290600.0
2026-02-09 09:00:00+00:00,81.0,88.0,81.0,85.0,296929800.0
2026-02-10 09:00:00+00:00,93.0,93.0,93.0,93.0,140079700.0
2026-02-11 09:00:00+00:00,96.0,102.0,96.0,102.0,163911900.0
2026-02-12 09:00:00+00:00,112.0,112.0,101.0,103.0,329631700.0
2026-02-13 09:00:00+00:00,97.0,105.0,97.0,103.0,102420700.0
2026-02-18 09:00:00+00:00,110.0,110.0,107.0,107.0,129465300.0
2026-02-19 09:00:00+00:00,109.0,110.0,109.0,110.0,136842000.0
2026-02-20 09:00:00+00:00,113.0,121.0,113.0,121.0,151225600.0
2026-02-23 09:00:00+00:00,133.0,133.0,126.0,130.0,299866800.0
2026-02-24 09:00:00+00:00,125.0,138.0,125.0,134.0,177854600.0
2026-02-25 09:00:00+00:00,140.0,147.0,140.0,147.0,227387200.0
2026-02-26 09:00:00+00:00,161.0,161.0,161.0,161.0,455938000.0
2026-02-27 09:00:00+00:00,173.0,216.0,173.0,214.0,5085977500.0
2026-03-02 09:00:00+00:00,204.0,236.0,182.0,182.0,8004889900.0
2026-03-03 09:00:00+00:00,190.0,206.0,181.0,190.0,3414903300.0
2026-03-04 09:00:00+00:00,191.0,195.0,164.0,165.0,3262522900.0
2026-03-05 09:00:00+00:00,181.0,184.0,165.0,170.0,2166038300.0
2026-03-06 09:00:00+00:00,166.0,169.0,150.0,155.0,1341248900.0
2026-03-09 09:00:00+00:00,136.0,153.0,134.0,143.0,1716493300.0
2026-03-10 09:00:00+00:00,154.0,165.0,142.0,148.0,2106394400.0
2026-03-11 09:00:00+00:00,148.0,152.0,140.0,142.0,773965600.0
2026-03-12 09:00:00+00:00,143.0,144.0,131.0,134.0,747478400.0
2026-03-13 09:00:00+00:00,130.0,133.0,121.0,124.0,831248100.0
2026-03-16 09:00:00+00:00,126.0,126.0,113.0,119.0,440054700.0
2026-03-17 09:00:00+00:00,123.0,127.0,113.0,117.0,560294600.0
2026-03-25 09:00:00+00:00,115.0,127.0,112.0,123.0,586509600.0
2026-03-26 09:00:00+00:00,124.0,125.0,114.0,114.0,360816600.0
2026-03-27 09:00:00+00:00,113.0,115.0,107.0,112.0,305232100.0
2026-03-30 09:00:00+00:00,108.0,112.0,104.0,110.0,420891300.0
2026-03-31 09:00:00+00:00,112.0,113.0,103.0,104.0,267753900.0
2026-04-01 09:00:00+00:00,108.0,114.0,107.0,114.0,762401800.0
2026-04-02 09:00:00+00:00,110.0,111.0,105.0,105.0,328386400.0
2026-04-06 09:00:00+00:00,104.0,118.0,101.0,113.0,822037800.0
2026-04-07 09:00:00+00:00,113.0,116.0,107.0,107.0,495549200.0
2026-04-08 09:00:00+00:00,114.0,121.0,111.0,118.0,1091642800.0
2026-04-09 09:00:00+00:00,117.0,125.0,115.0,124.0,1201347200.0
2026-04-10 09:00:00+00:00,126.0,161.0,125.0,148.0,5047565100.0
2026-04-13 09:00:00+00:00,147.0,164.0,139.0,159.0,3656442400.0
2026-04-14 09:00:00+00:00,164.0,208.0,161.0,202.0,6718885300.0
2026-04-15 09:00:00+00:00,204.0,222.0,196.0,206.0,5095476000.0
2026-04-16 09:00:00+00:00,210.0,232.0,210.0,222.0,3264973900.0
2026-04-17 09:00:00+00:00,226.0,228.0,208.0,220.0,1908681000.0
2026-04-20 09:00:00+00:00,218.0,222.0,202.0,206.0,1613068000.0
2026-04-21 09:00:00+00:00,208.0,240.0,202.0,230.0,3532489200.0
2026-04-22 09:00:00+00:00,232.0,236.0,222.0,226.0,1334682100.0
2026-04-23 09:00:00+00:00,224.0,226.0,214.0,216.0,844710300.0
2026-04-24 09:00:00+00:00,216.0,228.0,206.0,210.0,1444417700.0
2026-04-27 09:00:00+00:00,214.0,218.0,206.0,208.0,779888800.0
2026-04-28 09:00:00+00:00,208.0,216.0,202.0,212.0,949323100.0
2026-04-29 09:00:00+00:00,214.0,222.0,210.0,220.0,1181125100.0
2026-04-30 09:00:00+00:00,220.0,224.0,204.0,214.0,1189413000.0
2026-05-04 09:00:00+00:00,216.0,224.0,208.0,210.0,1110318600.0
2026-05-05 09:00:00+00:00,210.0,214.0,206.0,208.0,660665600.0
2026-05-06 09:00:00+00:00,212.0,218.0,208.0,210.0,1007694100.0
2026-05-07 09:00:00+00:00,214.0,214.0,204.0,206.0,678527100.0
2026-05-08 09:00:00+00:00,206.0,208.0,176.0,176.0,2567954200.0
2026-05-11 09:00:00+00:00,174.0,183.0,163.0,165.0,1590151700.0
2026-05-12 09:00:00+00:00,165.0,168.0,150.0,156.0,917251400.0
2026-05-13 09:00:00+00:00,156.0,186.0,155.0,175.0,3888994200.0
2026-05-14 09:00:00+00:00,175.0,175.0,175.0,175.0,0.0
2026-05-15 09:00:00+00:00,175.0,175.0,175.0,175.0,0.0
2026-05-18 09:00:00+00:00,120.70270538330078,120.70270538330078,106.82882690429688,111.68468475341797,2016719645.0
2026-05-19 09:00:00+00:00,113.07207489013672,120.70270538330078,97.11711883544922,105.44144439697266,3930679094.0
2026-05-20 09:00:00+00:00,102.66666412353516,108.909912109375,98.50450134277344,102.66666412353516,1832668959.0
2026-05-21 09:00:00+00:00,152.0,154.0,126.0,126.0,1568011200.0
2026-05-22 09:00:00+00:00,124.0,144.0,118.0,142.0,1872329000.0
2026-05-25 09:00:00+00:00,142.0,145.0,131.0,131.0,947698300.0
2026-05-26 09:00:00+00:00,132.0,141.0,122.0,126.0,1133174900.0
2026-05-27 09:00:00+00:00,126.0,126.0,126.0,126.0,0.0
2026-05-28 09:00:00+00:00,126.0,126.0,126.0,126.0,0.0
2026-05-29 09:00:00+00:00,126.0,136.0,126.0,129.0,843393500.0
2026-06-01 09:00:00+00:00,129.0,129.0,129.0,129.0,0.0
2026-06-02 09:00:00+00:00,132.0,143.0,125.0,127.0,1193334500.0
2026-06-03 09:00:00+00:00,128.0,129.0,108.0,109.0,1456675000.0
2026-06-04 09:00:00+00:00,109.0,110.0,94.0,101.0,1009915800.0
2026-06-05 09:00:00+00:00,101.0,102.0,90.0,92.0,719782200.0
2026-06-08 09:00:00+00:00,86.0,94.0,83.0,85.0,734624500.0
2026-06-09 09:00:00+00:00,85.0,98.0,81.0,97.0,1451126700.0
2026-06-10 09:00:00+00:00,98.0,115.0,92.0,105.0,2160087800.0
2026-06-11 09:00:00+00:00,103.0,107.0,95.0,98.0,938602200.0
2026-06-12 09:00:00+00:00,100.0,114.0,100.0,110.0,1977937700.0
2026-06-15 09:00:00+00:00,114.0,131.0,114.0,120.0,3022875900.0
2026-06-16 09:00:00+00:00,100.74146270751953,100.74146270751953,100.74146270751953,100.74146270751953,0.0
2026-06-17 09:00:00+00:00,102.42048645019531,104.93902587890625,94.0253677368164,95.70439147949219,1717894044.0
2026-06-18 09:00:00+00:00,95.70439147949219,96.54389953613281,89.82780456542969,94.86487579345703,1181307913.0
2026-06-19 09:00:00+00:00,95.70439147949219,97.38341522216797,91.50682830810547,92.34634399414062,534619511.0
2026-06-22 09:00:00+00:00,93.18585205078125,94.0253677368164,87.30926513671875,88.98828887939453,556760226.0
2026-06-23 09:00:00+00:00,88.98828887939453,92.34634399414062,86.46975708007812,91.50682830810547,586945613.0
2026-06-24 09:00:00+00:00,94.86487579345703,97.38341522216797,83.11170959472656,83.95121765136719,1402427632.0
2026-06-25 09:00:00+00:00,96.0,107.0,95.0,100.0,1132774800.0
2026-06-26 09:00:00+00:00,100.0,102.0,92.0,93.0,604603500.0
2026-06-29 09:00:00+00:00,78.2978744506836,81.7021255493164,74.89361572265625,76.59574127197266,498456502.0
2026-06-30 09:00:00+00:00,76.59574127197266,77.44680786132812,69.7872314453125,71.48936462402344,774242280.0
2026-07-01 09:00:00+00:00,72.34042358398438,77.44680786132812,69.7872314453125,76.59574127197266,1038380282.0
2026-07-02 09:00:00+00:00,81.7021255493164,91.06382751464844,80.0,89.36170196533203,2686075380.0
2026-07-03 09:00:00+00:00,91.9148941040039,100.42552947998047,88.51063537597656,89.36170196533203,2333188805.0
2026-07-06 09:00:00+00:00,91.06382751464844,91.9148941040039,85.95744323730469,88.51063537597656,1136700405.0
2026-07-07 09:00:00+00:00,89.36170196533203,89.36170196533203,85.10638427734375,85.95744323730469,805278260.0
2026-07-08 09:00:00+00:00,85.95744323730469,85.95744323730469,80.0,80.0,1001381765.0
2026-07-09 09:00:00+00:00,85.0,95.0,84.0,89.0,1452799300.0
2026-07-10 09:00:00+00:00,88.0,89.0,86.0,86.0,485726500.0
2026-07-13 09:00:00+00:00,85.0,93.0,83.0,93.0,1239982600.0
2026-07-14 09:00:00+00:00,93.0,93.0,88.0,89.0,968863400.0
2026-07-15 09:00:00+00:00,89.0,89.0,85.0,86.0,771854500.0
2026-07-16 09:00:00+00:00,85.0,89.0,80.0,86.0,2233190900.0
2026-07-17 09:00:00+00:00,85.0,88.0,83.0,85.0,1017030300.0
2026-07-20 09:00:00+00:00,85.0,105.0,85.0,105.0,4212598100.0
2026-07-21 09:00:00+00:00,104.0,112.0,99.0,107.0,5710801200.0
2026-07-22 09:00:00+00:00,107.0,116.0,103.0,115.0,4806227400.0
2026-07-23 09:00:00+00:00,115.0,122.0,106.0,108.0,6781994800.0
2026-07-24 09:00:00+00:00,104.0,110.0,101.0,105.0,2952422100.0
2026-07-27 09:00:00+00:00,108.0,111.0,104.0,106.0,2638644600.0
2026-07-28 09:00:00+00:00,106.0,107.0,103.0,104.0,880737600.0
2026-07-29 09:00:00+00:00,104.0,106.0,89.0,90.0,5929576400.0
2026-07-30 09:00:00+00:00,91.0,97.0,88.0,97.0,2107313200.0
2026-07-31 09:00:00+00:00,100.0,102.0,97.0,98.0,1808208800.0
2026-08-03 09:00:00+00:00,99.0,101.0,94.0,97.0,1554616100.0
2026-08-04 09:00:00+00:00,97.0,98.0,94.0,97.0,1196327900.0
2026-08-05 09:00:00+00:00,98.0,102.0,97.0,101.0,2446467300.0
2026-08-06 09:00:00+00:00,101.0,113.0,98.0,105.0,7994414100.0
2026-08-07 09:00:00+00:00,106.0,108.0,103.0,106.0,1800542700.0
2026-08-10 09:00:00+00:00,107.0,110.0,104.0,105.0,2246211900.0
2026-08-11 09:00:00+00:00,105.0,106.0,98.0,99.0,1534833200.0
2026-08-12 09:00:00+00:00,99.0,103.0,99.0,102.0,1396398100.0
2026-08-13 09:00:00+00:00,103.0,104.0,98.0,99.0,1034651500.0
2026-08-14 09:00:00+00:00,98.0,104.0,97.0,101.0,1524304900.0
2026-08-17 09:00:00+00:00,101.0,101.0,101.0,101.0,0.0
2026-08-18 09:00:00+00:00,103.0,105.0,100.0,101.0,1036648600.0
2026-08-19 09:00:00+00:00,101.0,103.0,99.0,100.0,919404400.0
2026-08-20 09:00:00+00:00,101.0,105.0,100.0,104.0,2023908100.0
2026-08-21 09:00:00+00:00,105.0,111.0,103.0,103.0,3605052500.0
2026-08-24 09:00:00+00:00,104.0,105.0,101.0,101.0,1235763300.0
2026-08-25 09:00:00+00:00,101.0,101.0,101.0,101.0,0.0
2026-08-26 09:00:00+00:00,100.0,102.0,95.0,95.0,1567166000.0
2026-08-27 09:00:00+00:00,95.0,101.0,92.0,101.0,1304902700.0
2026-08-28 09:00:00+00:00,101.0,101.0,97.0,98.0,875873200.0
2026-08-31 09:00:00+00:00,99.0,102.0,97.0,98.0,953013700.0
2026-09-01 09:00:00+00:00,98.0,102.0,98.0,101.0,1474824600.0
2026-09-02 09:00:00+00:00,102.0,103.0,99.0,101.0,725713900.0
2026-09-03 09:00:00+00:00,101.0,104.0,100.0,100.0,1962780600.0
2026-09-04 09:00:00+00:00,102.0,102.0,99.0,100.0,767720100.0
2026-09-07 09:00:00+00:00,100.0,102.0,99.0,100.0,722740300.0
2026-09-08 09:00:00+00:00,101.0,102.0,99.0,99.0,864358200.0
2026-09-09 09:00:00+00:00,100.0,100.0,98.0,98.0,724281200.0
2026-09-10 09:00:00+00:00,98.0,99.0,94.0,95.0,1694206900.0
2026-09-11 09:00:00+00:00,94.0,95.0,90.0,95.0,985392700.0
2026-09-14 09:00:00+00:00,96.0,96.0,89.0,93.0,916117900.0
2026-09-15 09:00:00+00:00,93.0,96.0,91.0,92.0,519791700.0
2026-09-16 09:00:00+00:00,92.0,94.0,90.0,90.0,494346700.0
2026-09-17 09:00:00+00:00,89.0,92.0,86.0,90.0,777340900.0
2026-09-18 09:00:00+00:00,91.0,91.0,86.0,86.0,483124400.0
