ts,open,high,low,close,volume
2019-03-20 09:00:00+00:00,336.0,336.0,336.0,336.0,2500.0
2019-03-21 09:00:00+00:00,420.0,420.0,420.0,420.0,31400.0
2019-03-22 09:00:00+00:00,525.0,525.0,500.0,525.0,26330400.0
2019-03-25 09:00:00+00:00,655.0,655.0,590.0,645.0,19176300.0
2019-03-26 09:00:00+00:00,650.0,810.0,650.0,810.0,11100400.0
2019-03-27 09:00:00+00:00,815.0,850.0,795.0,800.0,12851500.0
2019-03-28 09:00:00+00:00,805.0,825.0,800.0,815.0,5559800.0
2019-03-29 09:00:00+00:00,820.0,830.0,820.0,820.0,4544800.0
2019-04-01 09:00:00+00:00,820.0,825.0,810.0,815.0,4973600.0
2019-04-02 09:00:00+00:00,815.0,985.0,815.0,955.0,26932400.0
2019-04-03 09:00:00+00:00,955.0,955.0,955.0,955.0,0.0
2019-04-04 09:00:00+00:00,950.0,985.0,930.0,950.0,14640000.0
2019-04-05 09:00:00+00:00,955.0,960.0,930.0,930.0,9677900.0
2019-04-08 09:00:00+00:00,920.0,930.0,900.0,900.0,11485500.0
2019-04-09 09:00:00+00:00,910.0,910.0,900.0,910.0,8203500.0
2019-04-10 09:00:00+00:00,915.0,915.0,900.0,905.0,8869000.0
2019-04-11 09:00:00+00:00,900.0,905.0,890.0,895.0,9685600.0
2019-04-12 09:00:00+00:00,910.0,920.0,895.0,900.0,8832300.0
2019-04-15 09:00:00+00:00,910.0,910.0,895.0,905.0,8655600.0
2019-04-16 09:00:00+00:00,910.0,910.0,895.0,905.0,7482200.0
2019-04-17 09:00:00+00:00,905.0,905.0,905.0,905.0,0.0
2019-04-18 09:00:00+00:00,910.0,910.0,895.0,905.0,9842500.0
2019-04-19 09:00:00+00:00,905.0,905.0,905.0,905.0,0.0
2019-04-22 09:00:00+00:00,910.0,910.0,895.0,905.0,8495300.0
2019-04-23 09:00:00+00:00,910.0,910.0,895.0,895.0,8566400.0
2019-04-24 09:00:00+00:00,910.0,910.0,895.0,905.0,8565500.0
2019-04-25 09:00:00+00:00,910.0,910.0,900.0,910.0,8703900.0
2019-04-26 09:00:00+00:00,910.0,910.0,895.0,905.0,8826500.0
2019-04-29 09:00:00+00:00,910.0,910.0,895.0,905.0,8803700.0
2019-04-30 09:00:00+00:00,910.0,910.0,895.0,895.0,8947000.0
2019-05-01 09:00:00+00:00,895.0,895.0,895.0,895.0,0.0
2019-05-02 09:00:00+00:00,910.0,910.0,900.0,910.0,9399400.0
2019-05-03 09:00:00+00:00,920.0,920.0,910.0,910.0,9409900.0
2019-05-06 09:00:00+00:00,920.0,920.0,905.0,910.0,9125800.0
2019-05-07 09:00:00+00:00,920.0,920.0,905.0,910.0,9931300.0
2019-05-08 09:00:00+00:00,910.0,910.0,905.0,905.0,9081300.0
2019-05-09 09:00:00+00:00,920.0,930.0,905.0,920.0,11473400.0
2019-05-10 09:00:00+00:00,925.0,935.0,910.0,920.0,12299900.0
2019-05-13 09:00:00+00:00,920.0,935.0,920.0,920.0,13790300.0
2019-05-14 09:00:00+00:00,920.0,925.0,920.0,920.0,11265300.0
2019-05-15 09:00:00+00:00,920.0,930.0,920.0,930.0,10425100.0
2019-05-16 09:00:00+00:00,930.0,930.0,920.0,925.0,15777400.0
2019-05-17 09:00:00+00:00,925.0,930.0,920.0,920.0,7248600.0
2019-05-20 09:00:00+00:00,920.0,920.0,915.0,920.0,5817200.0
2019-05-21 09:00:00+00:00,920.0,920.0,915.0,920.0,7023900.0
2019-05-22 09:00:00+00:00,920.0,920.0,915.0,915.0,8398100.0
2019-05-23 09:00:00+00:00,920.0,930.0,915.0,925.0,9696800.0
2019-05-24 09:00:00+00:00,925.0,935.0,920.0,930.0,10578000.0
2019-05-27 09:00:00+00:00,925.0,935.0,920.0,930.0,7675500.0
2019-05-28 09:00:00+00:00,925.0,940.0,925.0,930.0,10214700.0
2019-05-29 09:00:00+00:00,925.0,930.0,925.0,925.0,8004200.0
2019-05-30 09:00:00+00:00,925.0,925.0,925.0,925.0,0.0
2019-05-31 09:00:00+00:00,925.0,935.0,925.0,925.0,10013100.0
2019-06-03 09:00:00+00:00,925.0,925.0,925.0,925.0,0.0
2019-06-04 09:00:00+00:00,925.0,925.0,925.0,925.0,0.0
2019-06-05 09:00:00+00:00,925.0,925.0,925.0,925.0,0.0
2019-06-06 09:00:00+00:00,925.0,925.0,925.0,925.0,0.0
2019-06-07 09:00:00+00:00,925.0,925.0,925.0,925.0,0.0
2019-06-10 09:00:00+00:00,925.0,925.0,920.0,925.0,6905000.0
2019-06-11 09:00:00+00:00,925.0,925.0,920.0,920.0,10862300.0
2019-06-12 09:00:00+00:00,925.0,925.0,920.0,925.0,6456600.0
2019-06-13 09:00:00+00:00,925.0,935.0,920.0,925.0,10771700.0
2019-06-14 09:00:00+00:00,925.0,925.0,920.0,920.0,6243200.0
2019-06-17 09:00:00+00:00,925.0,930.0,920.0,920.0,9373100.0
2019-06-18 09:00:00+00:00,925.0,925.0,920.0,920.0,4832900.0
2019-06-19 09:00:00+00:00,925.0,930.0,920.0,920.0,9474700.0
2019-06-20 09:00:00+00:00,925.0,925.0,920.0,925.0,6220800.0
2019-06-21 09:00:00+00:00,925.0,925.0,920.0,925.0,8301300.0
2019-06-24 09:00:00+00:00,925.0,925.0,920.0,920.0,5516400.0
2019-06-25 09:00:00+00:00,925.0,925.0,920.0,925.0,8102200.0
2019-06-26 09:00:00+00:00,925.0,925.0,920.0,920.0,5615100.0
2019-06-27 09:00:00+00:00,925.0,925.0,920.0,920.0,7858300.0
2019-06-28 09:00:00+00:00,925.0,930.0,920.0,925.0,5617700.0
2019-07-01 09:00:00+00:00,925.0,925.0,920.0,925.0,7051900.0
2019-07-02 09:00:00+00:00,925.0,925.0,920.0,920.0,6393400.0
2019-07-03 09:00:00+00:00,925.0,925.0,920.0,920.0,5058200.0
2019-07-04 09:00:00+00:00,925.0,925.0,920.0,925.0,6580500.0
2019-07-05 09:00:00+00:00,925.0,925.0,920.0,920.0,8141100.0
2019-07-08 09:00:00+00:00,925.0,925.0,920.0,925.0,5649000.0
2019-07-09 09:00:00+00:00,925.0,930.0,925.0,925.0,6370700.0
2019-07-10 09:00:00+00:00,925.0,925.0,920.0,920.0,7953500.0
2019-07-11 09:00:00+00:00,925.0,925.0,920.0,920.0,3712000.0
2019-07-12 09:00:00+00:00,925.0,925.0,920.0,925.0,2887900.0
2019-07-15 09:00:00+00:00,925.0,930.0,925.0,930.0,5311700.0
2019-07-16 09:00:00+00:00,930.0,935.0,930.0,930.0,5175800.0
2019-07-17 09:00:00+00:00,930.0,930.0,925.0,925.0,4125500.0
2019-07-18 09:00:00+00:00,930.0,930.0,925.0,925.0,6188500.0
2019-07-19 09:00:00+00:00,930.0,930.0,925.0,930.0,4684600.0
2019-07-22 09:00:00+00:00,930.0,930.0,925.0,930.0,3965400.0
2019-07-23 09:00:00+00:00,930.0,930.0,925.0,925.0,3314100.0
2019-07-24 09:00:00+00:00,930.0,930.0,925.0,925.0,2563700.0
2019-07-25 09:00:00+00:00,930.0,930.0,930.0,930.0,3100000.0
2019-07-26 09:00:00+00:00,930.0,930.0,930.0,930.0,3766400.0
2019-07-29 09:00:00+00:00,930.0,930.0,925.0,930.0,3259100.0
2019-07-30 09:00:00+00:00,930.0,930.0,930.0,930.0,3274000.0
2019-07-31 09:00:00+00:00,930.0,930.0,925.0,925.0,2715300.0
2019-08-01 09:00:00+00:00,930.0,930.0,920.0,925.0,2467200.0
2019-08-02 09:00:00+00:00,930.0,935.0,930.0,935.0,2601800.0
2019-08-05 09:00:00+00:00,930.0,935.0,930.0,930.0,2404400.0
2019-08-06 09:00:00+00:00,930.0,930.0,920.0,920.0,2864900.0
2019-08-07 09:00:00+00:00,925.0,925.0,915.0,925.0,3100400.0
2019-08-08 09:00:00+00:00,925.0,925.0,925.0,925.0,2002900.0
2019-08-09 09:00:00+00:00,925.0,925.0,920.0,920.0,2100100.0
2019-08-12 09:00:00+00:00,925.0,925.0,920.0,920.0,2158000.0
2019-08-13 09:00:00+00:00,925.0,925.0,920.0,920.0,1808600.0
2019-08-14 09:00:00+00:00,925.0,925.0,920.0,920.0,1952200.0
2019-08-15 09:00:00+00:00,925.0,925.0,920.0,925.0,2043600.0
2019-08-16 09:00:00+00:00,925.0,925.0,920.0,925.0,2033600.0
2019-08-19 09:00:00+00:00,925.0,925.0,920.0,920.0,2251600.0
2019-08-20 09:00:00+00:00,925.0,925.0,925.0,925.0,2903900.0
2019-08-21 09:00:00+00:00,925.0,925.0,920.0,925.0,2005400.0
2019-08-22 09:00:00+00:00,925.0,925.0,920.0,920.0,2100100.0
2019-08-23 09:00:00+00:00,925.0,925.0,920.0,920.0,2396000.0
2019-08-26 09:00:00+00:00,925.0,925.0,920.0,920.0,2663100.0
2019-08-27 09:00:00+00:00,925.0,925.0,920.0,920.0,2610000.0
2019-08-28 09:00:00+00:00,925.0,930.0,920.0,925.0,2832600.0
2019-08-29 09:00:00+00:00,925.0,925.0,925.0,925.0,2700600.0
2019-08-30 09:00:00+00:00,925.0,925.0,920.0,920.0,3050300.0
2019-09-02 09:00:00+00:00,925.0,925.0,920.0,920.0,2256200.0
2019-09-03 09:00:00+00:00,925.0,925.0,920.0,920.0,2373500.0
2019-09-04 09:00:00+00:00,925.0,925.0,920.0,920.0,2005200.0
2019-09-05 09:00:00+00:00,925.0,925.0,925.0,925.0,1900100.0
2019-09-06 09:00:00+00:00,925.0,925.0,920.0,920.0,2072600.0
2019-09-09 09:00:00+00:00,925.0,930.0,920.0,925.0,2011900.0
2019-09-10 09:00:00+00:00,925.0,925.0,920.0,925.0,1801500.0
2019-09-11 09:00:00+00:00,925.0,925.0,920.0,920.0,2180100.0
2019-09-12 09:00:00+00:00,925.0,925.0,920.0,920.0,1701900.0
2019-09-13 09:00:00+00:00,925.0,925.0,920.0,920.0,1801700.0
2019-09-16 09:00:00+00:00,925.0,925.0,920.0,925.0,1700900.0
2019-09-17 09:00:00+00:00,925.0,925.0,925.0,925.0,2000100.0
2019-09-18 09:00:00+00:00,925.0,930.0,925.0,925.0,2549600.0
2019-09-19 09:00:00+00:00,925.0,925.0,920.0,920.0,1700500.0
2019-09-20 09:00:00+00:00,925.0,925.0,920.0,925.0,2102100.0
2019-09-23 09:00:00+00:00,925.0,930.0,920.0,920.0,2060100.0
2019-09-24 09:00:00+00:00,925.0,925.0,920.0,920.0,2353200.0
2019-09-25 09:00:00+00:00,925.0,925.0,920.0,920.0,1700100.0
2019-09-26 09:00:00+00:00,925.0,925.0,920.0,920.0,1871200.0
2019-09-27 09:00:00+00:00,925.0,925.0,920.0,925.0,2168200.0
2019-09-30 09:00:00+00:00,925.0,925.0,925.0,925.0,2670100.0
2019-10-01 09:00:00+00:00,925.0,925.0,920.0,920.0,1975300.0
2019-10-02 09:00:00+00:00,925.0,925.0,925.0,925.0,2430400.0
2019-10-03 09:00:00+00:00,925.0,925.0,920.0,920.0,1853600.0
2019-10-04 09:00:00+00:00,925.0,925.0,920.0,925.0,2274700.0
2019-10-07 09:00:00+00:00,925.0,925.0,920.0,920.0,1815200.0
2019-10-08 09:00:00+00:00,925.0,925.0,920.0,920.0,2009600.0
2019-10-09 09:00:00+00:00,925.0,925.0,920.0,920.0,2226500.0
2019-10-10 09:00:00+00:00,925.0,925.0,920.0,920.0,2124200.0
2019-10-11 09:00:00+00:00,925.0,925.0,925.0,925.0,2277000.0
2019-10-14 09:00:00+00:00,925.0,925.0,920.0,925.0,2390600.0
2019-10-15 09:00:00+00:00,925.0,925.0,920.0,920.0,2400200.0
2019-10-16 09:00:00+00:00,925.0,930.0,920.0,925.0,3097100.0
2019-10-17 09:00:00+00:00,925.0,925.0,920.0,925.0,2251800.0
2019-10-18 09:00:00+00:00,925.0,925.0,925.0,925.0,2150000.0
2019-10-21 09:00:00+00:00,925.0,925.0,920.0,925.0,2200100.0
2019-10-22 09:00:00+00:00,925.0,925.0,920.0,920.0,2391700.0
2019-10-23 09:00:00+00:00,925.0,925.0,920.0,920.0,2340200.0
2019-10-24 09:00:00+00:00,925.0,925.0,920.0,925.0,2301600.0
2019-10-25 09:00:00+00:00,925.0,925.0,920.0,925.0,2275900.0
2019-10-28 09:00:00+00:00,925.0,925.0,925.0,925.0,2350000.0
2019-10-29 09:00:00+00:00,925.0,925.0,925.0,925.0,2469600.0
2019-10-30 09:00:00+00:00,925.0,925.0,920.0,920.0,2639500.0
2019-10-31 09:00:00+00:00,925.0,925.0,920.0,920.0,2552000.0
2019-11-01 09:00:00+00:00,925.0,930.0,920.0,925.0,2370200.0
2019-11-04 09:00:00+00:00,925.0,925.0,920.0,920.0,2200300.0
2019-11-05 09:00:00+00:00,925.0,925.0,920.0,925.0,2607800.0
2019-11-06 09:00:00+00:00,925.0,925.0,920.0,925.0,2430000.0
2019-11-07 09:00:00+00:00,925.0,925.0,920.0,920.0,2261000.0
2019-11-08 09:00:00+00:00,925.0,925.0,915.0,920.0,2342700.0
2019-11-11 09:00:00+00:00,920.0,920.0,905.0,905.0,2756000.0
2019-11-12 09:00:00+00:00,905.0,905.0,895.0,900.0,2257000.0
2019-11-13 09:00:00+00:00,900.0,900.0,890.0,900.0,1965200.0
2019-11-14 09:00:00+00:00,900.0,900.0,890.0,900.0,2030100.0
2019-11-15 09:00:00+00:00,900.0,900.0,895.0,895.0,2071700.0
2019-11-18 09:00:00+00:00,900.0,900.0,890.0,890.0,1921500.0
2019-11-19 09:00:00+00:00,890.0,895.0,845.0,890.0,2233800.0
2019-11-20 09:00:00+00:00,890.0,890.0,880.0,890.0,2080000.0
2019-11-21 09:00:00+00:00,890.0,890.0,885.0,885.0,2056600.0
2019-11-22 09:00:00+00:00,890.0,890.0,880.0,890.0,1105800.0
2019-11-25 09:00:00+00:00,890.0,890.0,885.0,890.0,1159300.0
2019-11-26 09:00:00+00:00,890.0,890.0,885.0,890.0,1180500.0
2019-11-27 09:00:00+00:00,890.0,895.0,880.0,890.0,1772600.0
2019-11-28 09:00:00+00:00,890.0,890.0,880.0,880.0,1304400.0
2019-11-29 09:00:00+00:00,880.0,880.0,870.0,880.0,1234800.0
2019-12-02 09:00:00+00:00,880.0,880.0,865.0,880.0,1149400.0
2019-12-03 09:00:00+00:00,880.0,880.0,870.0,870.0,1137400.0
2019-12-04 09:00:00+00:00,870.0,870.0,860.0,870.0,901100.0
2019-12-05 09:00:00+00:00,870.0,870.0,870.0,870.0,840300.0
2019-12-06 09:00:00+00:00,870.0,870.0,860.0,865.0,626600.0
2019-12-09 09:00:00+00:00,865.0,865.0,860.0,860.0,623000.0
2019-12-10 09:00:00+00:00,860.0,860.0,800.0,860.0,811200.0
2019-12-11 09:00:00+00:00,860.0,860.0,855.0,860.0,831800.0
2019-12-12 09:00:00+00:00,860.0,860.0,850.0,860.0,842800.0
2019-12-13 09:00:00+00:00,860.0,860.0,845.0,860.0,913900.0
2019-12-16 09:00:00+00:00,860.0,860.0,850.0,850.0,901600.0
2019-12-17 09:00:00+00:00,860.0,860.0,840.0,850.0,833200.0
2019-12-18 09:00:00+00:00,860.0,860.0,835.0,850.0,1243300.0
2019-12-19 09:00:00+00:00,860.0,860.0,850.0,850.0,2737300.0
2019-12-20 09:00:00+00:00,850.0,855.0,850.0,855.0,1300.0
2019-12-23 09:00:00+00:00,860.0,860.0,835.0,855.0,59900.0
2019-12-26 09:00:00+00:00,855.0,855.0,855.0,855.0,0.0
2019-12-27 09:00:00+00:00,855.0,860.0,850.0,860.0,9900.0
2019-12-30 09:00:00+00:00,860.0,1030.0,825.0,910.0,263600.0
2020-01-02 09:00:00+00:00,910.0,945.0,885.0,945.0,9800.0
2020-01-03 09:00:00+00:00,945.0,945.0,865.0,865.0,15800.0
2020-01-06 09:00:00+00:00,860.0,860.0,850.0,860.0,13600.0
2020-01-07 09:00:00+00:00,860.0,860.0,855.0,860.0,8000.0
2020-01-08 09:00:00+00:00,860.0,945.0,855.0,945.0,16400.0
2020-01-09 09:00:00+00:00,870.0,885.0,865.0,865.0,3100.0
2020-01-10 09:00:00+00:00,865.0,865.0,860.0,860.0,1800.0
2020-01-13 09:00:00+00:00,860.0,860.0,855.0,855.0,600.0
2020-01-14 09:00:00+00:00,855.0,855.0,855.0,855.0,400.0
2020-01-15 09:00:00+00:00,855.0,855.0,855.0,855.0,500.0
2020-01-16 09:00:00+00:00,870.0,870.0,855.0,855.0,1400.0
2020-01-17 09:00:00+00:00,860.0,860.0,855.0,860.0,600.0
2020-01-20 09:00:00+00:00,860.0,860.0,855.0,860.0,800.0
2020-01-21 09:00:00+00:00,860.0,860.0,860.0,860.0,100.0
2020-01-22 09:00:00+00:00,860.0,860.0,855.0,860.0,1900.0
2020-01-23 09:00:00+00:00,855.0,855.0,855.0,855.0,2100.0
2020-01-24 09:00:00+00:00,850.0,855.0,845.0,855.0,419100.0
2020-01-27 09:00:00+00:00,855.0,855.0,850.0,850.0,207200.0
2020-01-28 09:00:00+00:00,860.0,860.0,845.0,845.0,447100.0
2020-01-29 09:00:00+00:00,870.0,870.0,845.0,855.0,260700.0
2020-01-30 09:00:00+00:00,865.0,875.0,850.0,855.0,700.0
2020-01-31 09:00:00+00:00,860.0,860.0,855.0,855.0,1300.0
2020-02-03 09:00:00+00:00,850.0,850.0,850.0,850.0,154100.0
2020-02-04 09:00:00+00:00,850.0,850.0,845.0,850.0,4300.0
2020-02-05 09:00:00+00:00,850.0,855.0,845.0,855.0,9500.0
2020-02-06 09:00:00+00:00,855.0,855.0,845.0,855.0,6600.0
2020-02-07 09:00:00+00:00,850.0,855.0,850.0,855.0,234300.0
2020-02-10 09:00:00+00:00,850.0,855.0,800.0,855.0,225300.0
2020-02-11 09:00:00+00:00,850.0,855.0,820.0,855.0,12600.0
2020-02-12 09:00:00+00:00,820.0,855.0,820.0,855.0,21800.0
2020-02-13 09:00:00+00:00,855.0,855.0,800.0,840.0,12200.0
2020-02-14 09:00:00+00:00,810.0,840.0,775.0,840.0,28900.0
2020-02-17 09:00:00+00:00,805.0,835.0,795.0,835.0,23300.0
2020-02-18 09:00:00+00:00,835.0,835.0,835.0,835.0,0.0
2020-02-19 09:00:00+00:00,820.0,930.0,805.0,930.0,20200.0
2020-02-20 09:00:00+00:00,880.0,930.0,830.0,930.0,48700.0
2020-02-21 09:00:00+00:00,880.0,920.0,865.0,920.0,13700.0
2020-02-24 09:00:00+00:00,900.0,900.0,900.0,900.0,7600.0
2020-02-25 09:00:00+00:00,885.0,930.0,880.0,930.0,34000.0
2020-02-26 09:00:00+00:00,930.0,930.0,930.0,930.0,0.0
2020-02-27 09:00:00+00:00,850.0,850.0,710.0,720.0,2100.0
2020-02-28 09:00:00+00:00,760.0,895.0,760.0,895.0,11400.0
2020-03-02 09:00:00+00:00,890.0,890.0,880.0,880.0,4800.0
2020-03-03 09:00:00+00:00,870.0,895.0,870.0,895.0,17200.0
2020-03-04 09:00:00+00:00,845.0,860.0,800.0,855.0,13500.0
2020-03-05 09:00:00+00:00,815.0,930.0,815.0,930.0,26700.0
2020-03-06 09:00:00+00:00,930.0,930.0,855.0,930.0,18600.0
2020-03-09 09:00:00+00:00,880.0,930.0,855.0,930.0,9100.0
2020-03-10 09:00:00+00:00,880.0,890.0,875.0,890.0,6900.0
2020-03-11 09:00:00+00:00,850.0,880.0,820.0,820.0,6200.0
2020-03-12 09:00:00+00:00,810.0,810.0,810.0,810.0,5500.0
2020-03-13 09:00:00+00:00,810.0,830.0,805.0,830.0,12700.0
2020-03-16 09:00:00+00:00,830.0,855.0,800.0,835.0,12700.0
2020-03-17 09:00:00+00:00,880.0,880.0,800.0,825.0,17000.0
2020-03-18 09:00:00+00:00,805.0,835.0,800.0,835.0,25000.0
2020-03-19 09:00:00+00:00,800.0,835.0,800.0,835.0,7200.0
2020-03-20 09:00:00+00:00,820.0,850.0,800.0,850.0,52600.0
2020-03-23 09:00:00+00:00,805.0,820.0,805.0,820.0,39300.0
2020-03-24 09:00:00+00:00,805.0,805.0,800.0,800.0,3600.0
2020-03-26 09:00:00+00:00,830.0,840.0,830.0,840.0,29800.0
2020-03-27 09:00:00+00:00,840.0,880.0,840.0,880.0,30200.0
2020-03-30 09:00:00+00:00,880.0,880.0,880.0,880.0,0.0
2020-03-31 09:00:00+00:00,880.0,880.0,880.0,880.0,0.0
2020-04-01 09:00:00+00:00,830.0,850.0,825.0,850.0,700.0
2020-04-02 09:00:00+00:00,850.0,850.0,850.0,850.0,0.0
2020-04-03 09:00:00+00:00,845.0,850.0,835.0,850.0,15300.0
2020-04-06 09:00:00+00:00,850.0,880.0,850.0,880.0,24300.0
2020-04-07 09:00:00+00:00,880.0,880.0,880.0,880.0,0.0
2020-04-08 09:00:00+00:00,880.0,880.0,880.0,880.0,0.0
2020-04-09 09:00:00+00:00,880.0,880.0,880.0,880.0,2000.0
2020-04-13 09:00:00+00:00,830.0,830.0,820.0,820.0,4200.0
2020-04-14 09:00:00+00:00,820.0,820.0,820.0,820.0,0.0
2020-04-15 09:00:00+00:00,820.0,880.0,820.0,880.0,10100.0
2020-04-16 09:00:00+00:00,870.0,920.0,820.0,920.0,4200.0
2020-04-17 09:00:00+00:00,920.0,920.0,920.0,920.0,0.0
2020-04-20 09:00:00+00:00,920.0,920.0,920.0,920.0,0.0
2020-04-21 09:00:00+00:00,920.0,920.0,920.0,920.0,0.0
2020-04-22 09:00:00+00:00,920.0,920.0,920.0,920.0,0.0
2020-04-23 09:00:00+00:00,920.0,920.0,920.0,920.0,0.0
2020-04-24 09:00:00+00:00,920.0,920.0,920.0,920.0,0.0
2020-04-27 09:00:00+00:00,920.0,920.0,920.0,920.0,0.0
2020-04-28 09:00:00+00:00,920.0,920.0,920.0,920.0,0.0
2020-04-29 09:00:00+00:00,920.0,920.0,920.0,920.0,0.0
2020-04-30 09:00:00+00:00,920.0,920.0,920.0,920.0,0.0
2020-05-04 09:00:00+00:00,920.0,920.0,860.0,860.0,2000.0
2020-05-05 09:00:00+00:00,860.0,860.0,860.0,860.0,0.0
2020-05-06 09:00:00+00:00,830.0,830.0,830.0,830.0,300.0
2020-05-08 09:00:00+00:00,830.0,830.0,830.0,830.0,100.0
2020-05-11 09:00:00+00:00,825.0,825.0,775.0,815.0,1200.0
2020-05-12 09:00:00+00:00,815.0,815.0,815.0,815.0,0.0
2020-05-13 09:00:00+00:00,815.0,815.0,815.0,815.0,0.0
2020-05-14 09:00:00+00:00,815.0,815.0,815.0,815.0,0.0
2020-05-15 09:00:00+00:00,815.0,815.0,815.0,815.0,0.0
2020-05-18 09:00:00+00:00,815.0,815.0,815.0,815.0,0.0
2020-05-19 09:00:00+00:00,800.0,800.0,800.0,800.0,500.0
2020-05-20 09:00:00+00:00,800.0,800.0,800.0,800.0,600.0
2020-05-26 09:00:00+00:00,790.0,790.0,790.0,790.0,1000.0
2020-05-27 09:00:00+00:00,840.0,840.0,740.0,830.0,2300.0
2020-05-28 09:00:00+00:00,825.0,825.0,780.0,825.0,3600.0
2020-05-29 09:00:00+00:00,770.0,830.0,770.0,830.0,3000.0
2020-06-02 09:00:00+00:00,830.0,870.0,780.0,780.0,1600.0
2020-06-03 09:00:00+00:00,730.0,815.0,730.0,815.0,3700.0
2020-06-04 09:00:00+00:00,865.0,865.0,865.0,865.0,400.0
2020-06-05 09:00:00+00:00,865.0,865.0,865.0,865.0,0.0
2020-06-08 09:00:00+00:00,865.0,865.0,865.0,865.0,200.0
2020-06-09 09:00:00+00:00,820.0,870.0,805.0,865.0,1900.0
2020-06-10 09:00:00+00:00,865.0,865.0,865.0,865.0,0.0
2020-06-11 09:00:00+00:00,865.0,865.0,865.0,865.0,0.0
2020-06-12 09:00:00+00:00,855.0,855.0,830.0,855.0,2300.0
2020-06-15 09:00:00+00:00,855.0,855.0,855.0,855.0,0.0
2020-06-16 09:00:00+00:00,900.0,900.0,900.0,900.0,600.0
2020-06-17 09:00:00+00:00,950.0,950.0,840.0,900.0,11400.0
2020-06-18 09:00:00+00:00,945.0,945.0,865.0,915.0,500.0
2020-06-19 09:00:00+00:00,890.0,900.0,855.0,890.0,1700.0
2020-06-22 09:00:00+00:00,890.0,890.0,830.0,870.0,2300.0
2020-06-23 09:00:00+00:00,870.0,870.0,870.0,870.0,0.0
2020-06-24 09:00:00+00:00,835.0,860.0,810.0,855.0,4300.0
2020-06-25 09:00:00+00:00,855.0,855.0,855.0,855.0,0.0
2020-06-26 09:00:00+00:00,855.0,855.0,855.0,855.0,0.0
2020-06-29 09:00:00+00:00,805.0,840.0,800.0,840.0,1500.0
2020-06-30 09:00:00+00:00,840.0,840.0,840.0,840.0,0.0
2020-07-01 09:00:00+00:00,785.0,800.0,785.0,800.0,4300.0
2020-07-02 09:00:00+00:00,840.0,840.0,790.0,815.0,241500.0
2020-07-03 09:00:00+00:00,815.0,840.0,760.0,840.0,28300.0
2020-07-06 09:00:00+00:00,830.0,830.0,785.0,830.0,115100.0
2020-07-07 09:00:00+00:00,815.0,815.0,775.0,775.0,146300.0
2020-07-08 09:00:00+00:00,810.0,810.0,760.0,795.0,88000.0
2020-07-09 09:00:00+00:00,800.0,845.0,745.0,810.0,155800.0
2020-07-10 09:00:00+00:00,860.0,860.0,810.0,840.0,6200.0
2020-07-13 09:00:00+00:00,840.0,845.0,810.0,845.0,5800.0
2020-07-14 09:00:00+00:00,845.0,850.0,800.0,800.0,7600.0
2020-07-15 09:00:00+00:00,840.0,840.0,760.0,810.0,190800.0
2020-07-16 09:00:00+00:00,810.0,830.0,775.0,830.0,143200.0
2020-07-17 09:00:00+00:00,830.0,840.0,780.0,840.0,7100.0
2020-07-20 09:00:00+00:00,790.0,815.0,785.0,805.0,6200.0
2020-07-21 09:00:00+00:00,805.0,805.0,805.0,805.0,0.0
2020-07-22 09:00:00+00:00,780.0,800.0,780.0,800.0,7900.0
2020-07-23 09:00:00+00:00,805.0,840.0,775.0,830.0,10400.0
2020-07-24 09:00:00+00:00,830.0,850.0,780.0,830.0,17200.0
2020-07-27 09:00:00+00:00,850.0,850.0,780.0,780.0,7600.0
2020-07-28 09:00:00+00:00,840.0,840.0,785.0,810.0,6000.0
2020-07-29 09:00:00+00:00,810.0,810.0,810.0,810.0,0.0
2020-07-30 09:00:00+00:00,775.0,810.0,775.0,810.0,10500.0
2020-08-03 09:00:00+00:00,800.0,800.0,760.0,800.0,6600.0
2020-08-04 09:00:00+00:00,820.0,820.0,750.0,750.0,7400.0
2020-08-05 09:00:00+00:00,785.0,820.0,705.0,790.0,8300.0
2020-08-06 09:00:00+00:00,810.0,810.0,745.0,800.0,5900.0
2020-08-07 09:00:00+00:00,775.0,800.0,755.0,795.0,6800.0
2020-08-10 09:00:00+00:00,795.0,800.0,750.0,800.0,7700.0
2020-08-11 09:00:00+00:00,750.0,795.0,750.0,795.0,9200.0
2020-08-12 09:00:00+00:00,750.0,795.0,750.0,795.0,9600.0
2020-08-13 09:00:00+00:00,790.0,790.0,745.0,775.0,16900.0
2020-08-14 09:00:00+00:00,745.0,790.0,745.0,780.0,6600.0
2020-08-18 09:00:00+00:00,750.0,780.0,750.0,780.0,7100.0
2020-08-19 09:00:00+00:00,755.0,785.0,755.0,785.0,10500.0
2020-08-24 09:00:00+00:00,785.0,785.0,785.0,785.0,0.0
2020-08-25 09:00:00+00:00,785.0,785.0,785.0,785.0,0.0
2020-08-26 09:00:00+00:00,755.0,780.0,755.0,780.0,8700.0
2020-08-27 09:00:00+00:00,780.0,780.0,780.0,780.0,4100.0
2020-08-28 09:00:00+00:00,780.0,780.0,750.0,780.0,9600.0
2020-08-31 09:00:00+00:00,780.0,780.0,780.0,780.0,200.0
2020-09-01 09:00:00+00:00,780.0,795.0,735.0,780.0,9500.0
2020-09-02 09:00:00+00:00,770.0,780.0,740.0,740.0,30000.0
2020-09-03 09:00:00+00:00,740.0,740.0,735.0,735.0,1116900.0
2020-09-04 09:00:00+00:00,770.0,820.0,770.0,820.0,182000.0
2020-09-07 09:00:00+00:00,865.0,865.0,850.0,855.0,24400.0
2020-09-08 09:00:00+00:00,855.0,875.0,855.0,870.0,38600.0
2020-09-09 09:00:00+00:00,870.0,870.0,855.0,860.0,15100.0
2020-09-10 09:00:00+00:00,855.0,855.0,810.0,810.0,10100.0
2020-09-11 09:00:00+00:00,820.0,835.0,810.0,835.0,6500.0
2020-09-14 09:00:00+00:00,840.0,885.0,840.0,880.0,5900.0
2020-09-15 09:00:00+00:00,880.0,910.0,880.0,890.0,8100.0
2020-09-16 09:00:00+00:00,900.0,900.0,890.0,895.0,5700.0
2020-09-17 09:00:00+00:00,905.0,905.0,900.0,905.0,7500.0
2020-09-18 09:00:00+00:00,910.0,915.0,900.0,910.0,10300.0
2020-09-21 09:00:00+00:00,910.0,910.0,910.0,910.0,0.0
2020-09-22 09:00:00+00:00,915.0,915.0,915.0,915.0,1500.0
2020-09-23 09:00:00+00:00,915.0,915.0,915.0,915.0,300.0
2020-09-24 09:00:00+00:00,915.0,915.0,860.0,900.0,3200.0
2020-09-25 09:00:00+00:00,915.0,915.0,910.0,915.0,2200.0
2020-09-28 09:00:00+00:00,915.0,915.0,860.0,915.0,2700.0
2020-09-29 09:00:00+00:00,910.0,915.0,855.0,905.0,10200.0
2020-09-30 09:00:00+00:00,910.0,910.0,860.0,910.0,4700.0
2020-10-01 09:00:00+00:00,910.0,910.0,860.0,910.0,5100.0
2020-10-02 09:00:00+00:00,920.0,920.0,910.0,910.0,4000.0
2020-10-05 09:00:00+00:00,910.0,910.0,905.0,905.0,1100.0
2020-10-06 09:00:00+00:00,910.0,950.0,905.0,950.0,6000.0
2020-10-07 09:00:00+00:00,950.0,955.0,945.0,945.0,2100.0
2020-10-08 09:00:00+00:00,945.0,985.0,945.0,985.0,1300.0
2020-10-09 09:00:00+00:00,975.0,985.0,975.0,985.0,1200.0
2020-10-12 09:00:00+00:00,980.0,985.0,925.0,980.0,3900.0
2020-10-13 09:00:00+00:00,980.0,980.0,980.0,980.0,1200.0
2020-10-14 09:00:00+00:00,985.0,985.0,985.0,985.0,1100.0
2020-10-15 09:00:00+00:00,985.0,985.0,980.0,980.0,1200.0
2020-10-16 09:00:00+00:00,980.0,980.0,980.0,980.0,0.0
2020-10-19 09:00:00+00:00,975.0,975.0,965.0,965.0,1800.0
2020-10-20 09:00:00+00:00,960.0,960.0,960.0,960.0,1000.0
2020-10-21 09:00:00+00:00,950.0,950.0,925.0,925.0,1700.0
2020-10-22 09:00:00+00:00,940.0,940.0,925.0,925.0,1000.0
2020-10-23 09:00:00+00:00,925.0,925.0,925.0,925.0,1000.0
2020-10-26 09:00:00+00:00,925.0,925.0,925.0,925.0,1000.0
2020-10-27 09:00:00+00:00,925.0,925.0,925.0,925.0,0.0
2020-11-02 09:00:00+00:00,925.0,925.0,925.0,925.0,0.0
2020-11-03 09:00:00+00:00,925.0,925.0,925.0,925.0,0.0
2020-11-04 09:00:00+00:00,925.0,925.0,925.0,925.0,500.0
2020-11-05 09:00:00+00:00,925.0,925.0,925.0,925.0,800.0
2020-11-06 09:00:00+00:00,925.0,925.0,925.0,925.0,0.0
2020-11-09 09:00:00+00:00,925.0,925.0,925.0,925.0,1600.0
2020-11-10 09:00:00+00:00,925.0,925.0,925.0,925.0,1500.0
2020-11-11 09:00:00+00:00,925.0,925.0,900.0,925.0,1400.0
2020-11-12 09:00:00+00:00,925.0,925.0,925.0,925.0,0.0
2020-11-13 09:00:00+00:00,925.0,925.0,900.0,900.0,2600.0
2020-11-16 09:00:00+00:00,900.0,900.0,900.0,900.0,10100.0
2020-11-17 09:00:00+00:00,900.0,900.0,900.0,900.0,334000.0
2020-11-18 09:00:00+00:00,900.0,900.0,895.0,895.0,114000.0
2020-11-19 09:00:00+00:00,900.0,950.0,900.0,910.0,29700.0
2020-11-20 09:00:00+00:00,910.0,910.0,905.0,910.0,14100.0
2020-11-23 09:00:00+00:00,915.0,915.0,910.0,915.0,7900.0
2020-11-24 09:00:00+00:00,910.0,910.0,880.0,910.0,392400.0
2020-11-25 09:00:00+00:00,910.0,935.0,910.0,920.0,17200.0
2020-11-26 09:00:00+00:00,925.0,925.0,915.0,925.0,13000.0
2020-11-27 09:00:00+00:00,930.0,930.0,920.0,930.0,7300.0
2020-11-30 09:00:00+00:00,930.0,930.0,925.0,925.0,5600.0
2020-12-01 09:00:00+00:00,920.0,940.0,920.0,920.0,9800.0
2020-12-02 09:00:00+00:00,930.0,930.0,890.0,930.0,16700.0
2020-12-03 09:00:00+00:00,955.0,955.0,890.0,940.0,7000.0
2020-12-04 09:00:00+00:00,970.0,970.0,960.0,960.0,600.0
2020-12-07 09:00:00+00:00,960.0,970.0,895.0,970.0,5300.0
2020-12-08 09:00:00+00:00,980.0,980.0,905.0,975.0,4800.0
2020-12-10 09:00:00+00:00,975.0,980.0,950.0,970.0,2200.0
2020-12-11 09:00:00+00:00,975.0,1000.0,965.0,1000.0,4200.0
2020-12-14 09:00:00+00:00,1000.0,1015.0,930.0,930.0,37500.0
2020-12-15 09:00:00+00:00,970.0,970.0,865.0,865.0,200500.0
2020-12-16 09:00:00+00:00,900.0,915.0,805.0,915.0,242900.0
2020-12-17 09:00:00+00:00,915.0,915.0,855.0,855.0,156000.0
2020-12-18 09:00:00+00:00,855.0,855.0,800.0,800.0,178000.0
2020-12-21 09:00:00+00:00,800.0,810.0,745.0,745.0,305300.0
2020-12-22 09:00:00+00:00,745.0,930.0,695.0,930.0,284100.0
2020-12-23 09:00:00+00:00,880.0,880.0,865.0,865.0,5100.0
2020-12-28 09:00:00+00:00,805.0,805.0,805.0,805.0,32000.0
2020-12-29 09:00:00+00:00,775.0,775.0,750.0,750.0,281800.0
2020-12-30 09:00:00+00:00,700.0,750.0,700.0,700.0,283800.0
2021-01-04 09:00:00+00:00,700.0,850.0,655.0,850.0,386100.0
2021-01-05 09:00:00+00:00,840.0,840.0,795.0,795.0,144500.0
2021-01-06 09:00:00+00:00,740.0,830.0,740.0,830.0,244800.0
2021-01-07 09:00:00+00:00,775.0,775.0,775.0,775.0,81000.0
2021-01-08 09:00:00+00:00,725.0,725.0,725.0,725.0,84800.0
2021-01-11 09:00:00+00:00,695.0,695.0,675.0,675.0,356400.0
2021-01-12 09:00:00+00:00,630.0,630.0,630.0,630.0,473700.0
2021-01-13 09:00:00+00:00,630.0,780.0,590.0,780.0,596500.0
2021-01-14 09:00:00+00:00,730.0,730.0,730.0,730.0,157400.0
2021-01-15 09:00:00+00:00,680.0,680.0,680.0,680.0,184800.0
2021-01-18 09:00:00+00:00,635.0,635.0,635.0,635.0,211500.0
2021-01-19 09:00:00+00:00,595.0,595.0,595.0,595.0,244300.0
2021-01-20 09:00:00+00:00,555.0,570.0,555.0,570.0,666900.0
2021-01-21 09:00:00+00:00,535.0,535.0,535.0,535.0,229000.0
2021-01-22 09:00:00+00:00,500.0,665.0,498.0,665.0,528200.0
2021-01-25 09:00:00+00:00,620.0,620.0,620.0,620.0,26800.0
2021-01-26 09:00:00+00:00,580.0,580.0,580.0,580.0,115000.0
2021-01-27 09:00:00+00:00,540.0,540.0,540.0,540.0,14400.0
2021-01-28 09:00:00+00:00,540.0,540.0,505.0,505.0,80000.0
2021-01-29 09:00:00+00:00,470.0,470.0,470.0,470.0,259700.0
2021-02-01 09:00:00+00:00,440.0,440.0,438.0,438.0,466400.0
2021-02-02 09:00:00+00:00,408.0,498.0,408.0,498.0,1164900.0
2021-02-03 09:00:00+00:00,464.0,464.0,464.0,464.0,388000.0
2021-02-04 09:00:00+00:00,432.0,545.0,432.0,545.0,327100.0
2021-02-05 09:00:00+00:00,510.0,510.0,510.0,510.0,31800.0
2021-02-08 09:00:00+00:00,510.0,510.0,476.0,476.0,130300.0
2021-02-09 09:00:00+00:00,444.0,444.0,444.0,444.0,361600.0
2021-02-10 09:00:00+00:00,414.0,414.0,414.0,414.0,257100.0
2021-02-11 09:00:00+00:00,414.0,414.0,386.0,386.0,678200.0
2021-02-15 09:00:00+00:00,386.0,386.0,360.0,360.0,838100.0
2021-02-16 09:00:00+00:00,336.0,338.0,336.0,336.0,1076600.0
2021-02-17 09:00:00+00:00,330.0,330.0,314.0,314.0,637900.0
2021-02-18 09:00:00+00:00,294.0,294.0,294.0,294.0,371900.0
2021-02-19 09:00:00+00:00,274.0,274.0,274.0,274.0,262600.0
2021-02-22 09:00:00+00:00,256.0,260.0,256.0,256.0,177000.0
2021-02-23 09:00:00+00:00,240.0,296.0,240.0,270.0,2248500.0
2021-02-24 09:00:00+00:00,270.0,326.0,270.0,294.0,6013200.0
2021-02-25 09:00:00+00:00,302.0,318.0,290.0,292.0,1958500.0
2021-02-26 09:00:00+00:00,292.0,292.0,276.0,282.0,1110700.0
2021-03-01 09:00:00+00:00,284.0,284.0,266.0,272.0,869800.0
2021-03-02 09:00:00+00:00,274.0,280.0,256.0,262.0,954600.0
2021-03-03 09:00:00+00:00,262.0,280.0,248.0,248.0,741600.0
2021-03-04 09:00:00+00:00,248.0,264.0,248.0,260.0,518500.0
2021-03-05 09:00:00+00:00,260.0,270.0,248.0,270.0,557700.0
2021-03-08 09:00:00+00:00,282.0,320.0,270.0,282.0,8664200.0
2021-03-09 09:00:00+00:00,282.0,288.0,268.0,270.0,2421500.0
2021-03-10 09:00:00+00:00,276.0,276.0,256.0,260.0,1607500.0
2021-03-12 09:00:00+00:00,262.0,264.0,254.0,262.0,435200.0
2021-03-15 09:00:00+00:00,262.0,266.0,258.0,264.0,334000.0
2021-03-16 09:00:00+00:00,264.0,264.0,258.0,258.0,344800.0
2021-03-17 09:00:00+00:00,256.0,260.0,254.0,260.0,258200.0
2021-03-18 09:00:00+00:00,260.0,270.0,258.0,262.0,851200.0
2021-03-19 09:00:00+00:00,264.0,264.0,256.0,260.0,548900.0
2021-03-22 09:00:00+00:00,260.0,264.0,252.0,262.0,680200.0
2021-03-23 09:00:00+00:00,264.0,266.0,260.0,262.0,239000.0
2021-03-24 09:00:00+00:00,262.0,266.0,256.0,260.0,155000.0
2021-03-25 09:00:00+00:00,260.0,260.0,252.0,256.0,402100.0
2021-03-26 09:00:00+00:00,260.0,260.0,256.0,258.0,185900.0
2021-03-29 09:00:00+00:00,258.0,270.0,258.0,260.0,225800.0
2021-03-30 09:00:00+00:00,258.0,260.0,250.0,254.0,263000.0
2021-03-31 09:00:00+00:00,258.0,258.0,250.0,250.0,302000.0
2021-04-01 09:00:00+00:00,250.0,254.0,248.0,248.0,330200.0
2021-04-05 09:00:00+00:00,248.0,258.0,248.0,256.0,244000.0
2021-04-06 09:00:00+00:00,258.0,260.0,252.0,254.0,108700.0
2021-04-07 09:00:00+00:00,254.0,256.0,250.0,256.0,143400.0
2021-04-08 09:00:00+00:00,252.0,256.0,252.0,254.0,190200.0
2021-04-09 09:00:00+00:00,254.0,256.0,252.0,254.0,226000.0
2021-04-12 09:00:00+00:00,256.0,256.0,248.0,248.0,228800.0
2021-04-13 09:00:00+00:00,248.0,252.0,248.0,250.0,88900.0
2021-04-14 09:00:00+00:00,250.0,252.0,248.0,252.0,121000.0
2021-04-15 09:00:00+00:00,252.0,256.0,250.0,252.0,102600.0
2021-04-16 09:00:00+00:00,252.0,258.0,248.0,254.0,230000.0
2021-04-19 09:00:00+00:00,254.0,260.0,248.0,252.0,433600.0
2021-04-20 09:00:00+00:00,252.0,256.0,244.0,250.0,338600.0
2021-04-21 09:00:00+00:00,248.0,256.0,246.0,248.0,603400.0
2021-04-22 09:00:00+00:00,248.0,256.0,246.0,254.0,381900.0
2021-04-23 09:00:00+00:00,254.0,254.0,246.0,250.0,479800.0
2021-04-26 09:00:00+00:00,250.0,254.0,240.0,242.0,210200.0
2021-04-27 09:00:00+00:00,242.0,248.0,240.0,248.0,33500.0
2021-04-28 09:00:00+00:00,250.0,250.0,240.0,244.0,143500.0
2021-04-29 09:00:00+00:00,250.0,250.0,242.0,242.0,554500.0
2021-04-30 09:00:00+00:00,244.0,248.0,242.0,246.0,316300.0
2021-05-03 09:00:00+00:00,246.0,252.0,244.0,246.0,173200.0
2021-05-04 09:00:00+00:00,246.0,250.0,246.0,246.0,248200.0
2021-05-05 09:00:00+00:00,248.0,248.0,244.0,246.0,116700.0
2021-05-06 09:00:00+00:00,248.0,248.0,244.0,248.0,291000.0
2021-05-07 09:00:00+00:00,248.0,304.0,248.0,264.0,6934000.0
2021-05-10 09:00:00+00:00,270.0,296.0,246.0,254.0,2840400.0
2021-05-11 09:00:00+00:00,254.0,258.0,246.0,248.0,450700.0
2021-05-17 09:00:00+00:00,246.0,252.0,244.0,246.0,177100.0
2021-05-18 09:00:00+00:00,244.0,252.0,244.0,250.0,291900.0
2021-05-19 09:00:00+00:00,250.0,252.0,244.0,248.0,256900.0
2021-05-20 09:00:00+00:00,248.0,250.0,244.0,248.0,404100.0
2021-05-21 09:00:00+00:00,246.0,254.0,246.0,252.0,300400.0
2021-05-24 09:00:00+00:00,252.0,276.0,250.0,258.0,2206000.0
2021-05-25 09:00:00+00:00,258.0,264.0,252.0,254.0,409600.0
2021-05-27 09:00:00+00:00,254.0,258.0,250.0,254.0,398600.0
2021-05-28 09:00:00+00:00,254.0,300.0,254.0,264.0,5063900.0
2021-05-31 09:00:00+00:00,264.0,270.0,258.0,264.0,1192400.0
2021-06-02 09:00:00+00:00,264.0,272.0,264.0,266.0,1618000.0
2021-06-03 09:00:00+00:00,272.0,278.0,262.0,262.0,1719900.0
2021-06-04 09:00:00+00:00,262.0,270.0,260.0,262.0,785000.0
2021-06-07 09:00:00+00:00,264.0,268.0,248.0,254.0,963100.0
2021-06-08 09:00:00+00:00,254.0,262.0,250.0,256.0,669300.0
2021-06-09 09:00:00+00:00,256.0,260.0,250.0,258.0,313900.0
2021-06-10 09:00:00+00:00,258.0,266.0,254.0,258.0,513700.0
2021-06-11 09:00:00+00:00,262.0,266.0,252.0,258.0,553800.0
2021-06-14 09:00:00+00:00,258.0,264.0,256.0,260.0,70300.0
2021-06-15 09:00:00+00:00,260.0,260.0,258.0,260.0,103300.0
2021-06-16 09:00:00+00:00,258.0,260.0,258.0,258.0,112700.0
2021-06-17 09:00:00+00:00,258.0,260.0,256.0,258.0,529200.0
2021-06-18 09:00:00+00:00,258.0,258.0,252.0,254.0,271300.0
2021-06-21 09:00:00+00:00,252.0,254.0,240.0,252.0,436200.0
2021-06-22 09:00:00+00:00,254.0,268.0,254.0,258.0,865200.0
2021-06-23 09:00:00+00:00,258.0,258.0,250.0,254.0,442800.0
2021-06-24 09:00:00+00:00,254.0,258.0,250.0,250.0,247500.0
2021-06-25 09:00:00+00:00,258.0,312.0,258.0,312.0,7853600.0
2021-06-28 09:00:00+00:00,340.0,350.0,292.0,292.0,5081900.0
2021-06-29 09:00:00+00:00,284.0,292.0,276.0,276.0,529400.0
2021-06-30 09:00:00+00:00,278.0,300.0,272.0,300.0,478700.0
2021-07-01 09:00:00+00:00,300.0,320.0,294.0,316.0,1162600.0
2021-07-02 09:00:00+00:00,320.0,350.0,304.0,320.0,1338100.0
2021-07-05 09:00:00+00:00,322.0,326.0,298.0,308.0,424800.0
2021-07-06 09:00:00+00:00,308.0,308.0,288.0,298.0,564800.0
2021-07-07 09:00:00+00:00,298.0,310.0,298.0,302.0,128200.0
2021-07-08 09:00:00+00:00,300.0,302.0,298.0,300.0,104600.0
2021-07-09 09:00:00+00:00,300.0,328.0,300.0,306.0,250300.0
2021-07-12 09:00:00+00:00,310.0,310.0,300.0,300.0,125300.0
2021-07-13 09:00:00+00:00,302.0,308.0,300.0,302.0,169500.0
2021-07-14 09:00:00+00:00,302.0,304.0,298.0,304.0,1502600.0
2021-07-15 09:00:00+00:00,304.0,316.0,304.0,310.0,202900.0
2021-07-16 09:00:00+00:00,312.0,318.0,310.0,312.0,193400.0
2021-07-19 09:00:00+00:00,310.0,320.0,308.0,308.0,120400.0
2021-07-21 09:00:00+00:00,320.0,320.0,306.0,308.0,75000.0
2021-07-22 09:00:00+00:00,308.0,326.0,304.0,320.0,294400.0
2021-07-23 09:00:00+00:00,324.0,340.0,318.0,332.0,6695200.0
2021-07-26 09:00:00+00:00,332.0,348.0,332.0,342.0,1121900.0
2021-07-27 09:00:00+00:00,348.0,386.0,340.0,340.0,7374800.0
2021-07-28 09:00:00+00:00,340.0,360.0,322.0,344.0,1481900.0
2021-07-29 09:00:00+00:00,344.0,352.0,334.0,350.0,7382500.0
2021-07-30 09:00:00+00:00,352.0,360.0,326.0,336.0,435000.0
2021-08-02 09:00:00+00:00,336.0,350.0,330.0,332.0,8092700.0
2021-08-03 09:00:00+00:00,332.0,332.0,312.0,324.0,212000.0
2021-08-04 09:00:00+00:00,324.0,340.0,322.0,334.0,6448100.0
2021-08-05 09:00:00+00:00,342.0,342.0,320.0,328.0,100800.0
2021-08-06 09:00:00+00:00,328.0,334.0,314.0,318.0,6823700.0
2021-08-09 09:00:00+00:00,320.0,320.0,312.0,314.0,863500.0
2021-08-10 09:00:00+00:00,314.0,322.0,302.0,314.0,6650000.0
2021-08-12 09:00:00+00:00,314.0,316.0,302.0,312.0,99900.0
2021-08-13 09:00:00+00:00,314.0,378.0,312.0,316.0,10945200.0
2021-08-16 09:00:00+00:00,316.0,322.0,310.0,318.0,265300.0
2021-08-18 09:00:00+00:00,318.0,318.0,306.0,312.0,6876500.0
2021-08-19 09:00:00+00:00,312.0,312.0,292.0,294.0,8445100.0
2021-08-20 09:00:00+00:00,294.0,302.0,290.0,302.0,8216000.0
2021-08-23 09:00:00+00:00,300.0,320.0,300.0,314.0,641200.0
2021-08-24 09:00:00+00:00,320.0,378.0,318.0,348.0,22177700.0
2021-08-25 09:00:00+00:00,364.0,380.0,324.0,340.0,8731000.0
2021-08-26 09:00:00+00:00,350.0,368.0,318.0,326.0,30285700.0
2021-08-27 09:00:00+00:00,328.0,342.0,304.0,304.0,12656300.0
2021-08-30 09:00:00+00:00,312.0,318.0,284.0,294.0,10563500.0
2021-08-31 09:00:00+00:00,300.0,302.0,290.0,298.0,1193900.0
2021-09-01 09:00:00+00:00,300.0,312.0,278.0,306.0,8102500.0
2021-09-02 09:00:00+00:00,306.0,316.0,296.0,300.0,1736700.0
2021-09-03 09:00:00+00:00,300.0,306.0,298.0,298.0,796400.0
2021-09-06 09:00:00+00:00,298.0,304.0,296.0,300.0,269200.0
2021-09-07 09:00:00+00:00,300.0,302.0,296.0,298.0,745700.0
2021-09-08 09:00:00+00:00,298.0,304.0,282.0,300.0,1700700.0
2021-09-09 09:00:00+00:00,300.0,302.0,290.0,294.0,12370900.0
2021-09-10 09:00:00+00:00,294.0,300.0,294.0,300.0,355800.0
2021-09-13 09:00:00+00:00,300.0,302.0,294.0,296.0,11983700.0
2021-09-14 09:00:00+00:00,296.0,300.0,290.0,298.0,6361700.0
2021-09-15 09:00:00+00:00,298.0,300.0,296.0,300.0,12566800.0
2021-09-16 09:00:00+00:00,300.0,302.0,294.0,300.0,12998400.0
2021-09-17 09:00:00+00:00,302.0,318.0,300.0,318.0,15385300.0
2021-09-20 09:00:00+00:00,318.0,332.0,312.0,322.0,17928500.0
2021-09-21 09:00:00+00:00,320.0,346.0,320.0,328.0,19944200.0
2021-09-22 09:00:00+00:00,330.0,332.0,306.0,308.0,16036600.0
2021-09-23 09:00:00+00:00,308.0,310.0,288.0,294.0,22634600.0
2021-09-24 09:00:00+00:00,290.0,296.0,274.0,276.0,23926800.0
2021-09-27 09:00:00+00:00,276.0,278.0,258.0,268.0,22529100.0
2021-09-28 09:00:00+00:00,268.0,278.0,250.0,260.0,37051000.0
2021-09-29 09:00:00+00:00,260.0,266.0,244.0,254.0,17224700.0
2021-09-30 09:00:00+00:00,256.0,268.0,248.0,252.0,18457700.0
2021-10-01 09:00:00+00:00,252.0,260.0,246.0,252.0,14991000.0
2021-10-04 09:00:00+00:00,256.0,256.0,246.0,246.0,25145700.0
2021-10-05 09:00:00+00:00,248.0,254.0,242.0,246.0,1519500.0
2021-10-06 09:00:00+00:00,252.0,266.0,246.0,248.0,25058400.0
2021-10-07 09:00:00+00:00,248.0,254.0,246.0,246.0,5902600.0
2021-10-08 09:00:00+00:00,250.0,290.0,250.0,280.0,45754500.0
2021-10-11 09:00:00+00:00,278.0,288.0,262.0,264.0,10003700.0
2021-10-12 09:00:00+00:00,266.0,268.0,248.0,262.0,20557600.0
2021-10-13 09:00:00+00:00,264.0,264.0,250.0,250.0,2657300.0
2021-10-14 09:00:00+00:00,252.0,260.0,248.0,254.0,17729800.0
2021-10-15 09:00:00+00:00,252.0,256.0,248.0,256.0,3239200.0
2021-10-18 09:00:00+00:00,256.0,276.0,256.0,264.0,21238700.0
2021-10-19 09:00:00+00:00,266.0,268.0,260.0,262.0,1667400.0
2021-10-21 09:00:00+00:00,262.0,266.0,256.0,262.0,14937600.0
2021-10-22 09:00:00+00:00,280.0,280.0,256.0,262.0,941000.0
2021-10-25 09:00:00+00:00,262.0,262.0,260.0,260.0,14264000.0
2021-10-26 09:00:00+00:00,264.0,266.0,258.0,264.0,1108300.0
2021-10-27 09:00:00+00:00,262.0,268.0,256.0,260.0,17963800.0
2021-10-28 09:00:00+00:00,280.0,280.0,256.0,260.0,964500.0
2021-10-29 09:00:00+00:00,260.0,264.0,258.0,260.0,1480000.0
2021-11-01 09:00:00+00:00,260.0,272.0,258.0,264.0,3869200.0
2021-11-02 09:00:00+00:00,264.0,270.0,264.0,266.0,2149300.0
2021-11-03 09:00:00+00:00,268.0,280.0,266.0,278.0,27134400.0
2021-11-04 09:00:00+00:00,282.0,284.0,260.0,264.0,8310800.0
2021-11-05 09:00:00+00:00,266.0,268.0,252.0,258.0,6587700.0
2021-11-08 09:00:00+00:00,258.0,258.0,246.0,252.0,7324900.0
2021-11-09 09:00:00+00:00,252.0,252.0,246.0,250.0,6629100.0
2021-11-10 09:00:00+00:00,250.0,250.0,242.0,242.0,6657500.0
2021-11-11 09:00:00+00:00,244.0,250.0,238.0,248.0,11122000.0
2021-11-12 09:00:00+00:00,250.0,250.0,238.0,244.0,8104200.0
2021-11-15 09:00:00+00:00,242.0,246.0,232.0,240.0,4393000.0
2021-11-16 09:00:00+00:00,240.0,252.0,240.0,250.0,31768400.0
2021-11-17 09:00:00+00:00,252.0,294.0,252.0,280.0,93766400.0
2021-11-18 09:00:00+00:00,284.0,308.0,278.0,280.0,84222400.0
2021-11-19 09:00:00+00:00,282.0,296.0,280.0,294.0,31834900.0
2021-11-22 09:00:00+00:00,300.0,302.0,274.0,280.0,20741500.0
2021-11-23 09:00:00+00:00,278.0,280.0,264.0,272.0,8099500.0
2021-11-24 09:00:00+00:00,272.0,282.0,258.0,262.0,5761300.0
2021-11-25 09:00:00+00:00,260.0,270.0,252.0,256.0,4059800.0
2021-11-26 09:00:00+00:00,254.0,266.0,244.0,244.0,25586600.0
2021-11-29 09:00:00+00:00,246.0,256.0,240.0,250.0,11446900.0
2021-11-30 09:00:00+00:00,250.0,256.0,242.0,248.0,7055000.0
2021-12-01 09:00:00+00:00,250.0,270.0,250.0,268.0,20000400.0
2021-12-02 09:00:00+00:00,270.0,286.0,270.0,280.0,17681000.0
2021-12-03 09:00:00+00:00,282.0,290.0,276.0,278.0,12385500.0
2021-12-06 09:00:00+00:00,280.0,288.0,274.0,280.0,5428700.0
2021-12-07 09:00:00+00:00,280.0,280.0,268.0,272.0,7750000.0
2021-12-08 09:00:00+00:00,272.0,284.0,270.0,282.0,10682900.0
2021-12-09 09:00:00+00:00,282.0,284.0,272.0,276.0,9082000.0
2021-12-10 09:00:00+00:00,276.0,280.0,272.0,274.0,3247600.0
2021-12-13 09:00:00+00:00,274.0,296.0,274.0,290.0,16893300.0
2021-12-14 09:00:00+00:00,290.0,298.0,280.0,290.0,16800500.0
2021-12-15 09:00:00+00:00,290.0,294.0,280.0,280.0,9690900.0
2021-12-16 09:00:00+00:00,280.0,290.0,280.0,286.0,6730000.0
2021-12-17 09:00:00+00:00,288.0,290.0,280.0,284.0,13353200.0
2021-12-20 09:00:00+00:00,284.0,322.0,280.0,308.0,100310000.0
2021-12-21 09:00:00+00:00,308.0,316.0,288.0,288.0,62897100.0
2021-12-22 09:00:00+00:00,300.0,304.0,278.0,292.0,36476700.0
2021-12-23 09:00:00+00:00,292.0,300.0,280.0,296.0,16543500.0
2021-12-24 09:00:00+00:00,302.0,302.0,286.0,288.0,10965300.0
2021-12-27 09:00:00+00:00,294.0,304.0,290.0,294.0,13661800.0
2021-12-28 09:00:00+00:00,296.0,298.0,290.0,292.0,10814100.0
2021-12-29 09:00:00+00:00,294.0,294.0,288.0,290.0,10359900.0
2021-12-30 09:00:00+00:00,290.0,300.0,288.0,288.0,10870200.0
2022-01-03 09:00:00+00:00,286.0,292.0,286.0,288.0,8381400.0
2022-01-04 09:00:00+00:00,288.0,294.0,286.0,292.0,8989000.0
2022-01-05 09:00:00+00:00,294.0,296.0,290.0,290.0,4858800.0
2022-01-06 09:00:00+00:00,290.0,300.0,288.0,290.0,11552500.0
2022-01-07 09:00:00+00:00,292.0,296.0,290.0,290.0,6395000.0
2022-01-10 09:00:00+00:00,290.0,296.0,288.0,292.0,9750800.0
2022-01-11 09:00:00+00:00,294.0,294.0,290.0,292.0,2303700.0
2022-01-12 09:00:00+00:00,290.0,292.0,288.0,288.0,7169200.0
2022-01-13 09:00:00+00:00,292.0,296.0,288.0,290.0,5384500.0
2022-01-14 09:00:00+00:00,292.0,292.0,288.0,288.0,7861600.0
2022-01-17 09:00:00+00:00,288.0,292.0,288.0,292.0,2242800.0
2022-01-18 09:00:00+00:00,294.0,296.0,290.0,290.0,4536100.0
2022-01-19 09:00:00+00:00,290.0,300.0,290.0,296.0,9570100.0
2022-01-20 09:00:00+00:00,298.0,306.0,296.0,306.0,26355900.0
2022-01-21 09:00:00+00:00,318.0,318.0,302.0,304.0,60349400.0
2022-01-24 09:00:00+00:00,306.0,310.0,304.0,308.0,10335600.0
2022-01-25 09:00:00+00:00,308.0,316.0,304.0,314.0,33473700.0
2022-01-26 09:00:00+00:00,314.0,318.0,312.0,314.0,29837400.0
2022-01-27 09:00:00+00:00,314.0,316.0,314.0,316.0,8486500.0
2022-01-28 09:00:00+00:00,316.0,316.0,314.0,314.0,35282900.0
2022-01-31 09:00:00+00:00,314.0,316.0,314.0,314.0,31502500.0
2022-02-02 09:00:00+00:00,316.0,316.0,314.0,316.0,12528700.0
2022-02-03 09:00:00+00:00,316.0,316.0,314.0,314.0,8388100.0
2022-02-04 09:00:00+00:00,314.0,316.0,312.0,314.0,16683400.0
2022-02-07 09:00:00+00:00,314.0,316.0,314.0,314.0,6172500.0
2022-02-08 09:00:00+00:00,314.0,320.0,314.0,318.0,18420000.0
2022-02-09 09:00:00+00:00,318.0,318.0,314.0,314.0,7700300.0
2022-02-10 09:00:00+00:00,314.0,316.0,314.0,314.0,4942300.0
2022-02-11 09:00:00+00:00,314.0,316.0,314.0,316.0,4827100.0
2022-02-14 09:00:00+00:00,316.0,316.0,314.0,314.0,11281600.0
2022-02-15 09:00:00+00:00,314.0,316.0,314.0,316.0,4970100.0
2022-02-16 09:00:00+00:00,314.0,316.0,314.0,316.0,5523400.0
2022-02-17 09:00:00+00:00,316.0,318.0,314.0,316.0,1789900.0
2022-02-18 09:00:00+00:00,316.0,318.0,316.0,318.0,4124200.0
2022-02-21 09:00:00+00:00,318.0,318.0,316.0,316.0,1211600.0
2022-02-22 09:00:00+00:00,318.0,318.0,316.0,316.0,2783000.0
2022-02-23 09:00:00+00:00,316.0,316.0,294.0,294.0,4826000.0
2022-02-24 09:00:00+00:00,274.0,296.0,274.0,286.0,9338000.0
2022-02-25 09:00:00+00:00,286.0,288.0,272.0,274.0,2294100.0
2022-03-01 09:00:00+00:00,274.0,276.0,256.0,262.0,3331400.0
2022-03-02 09:00:00+00:00,268.0,268.0,256.0,262.0,960500.0
2022-03-04 09:00:00+00:00,262.0,262.0,252.0,256.0,639200.0
2022-03-07 09:00:00+00:00,256.0,256.0,242.0,254.0,1007800.0
2022-03-08 09:00:00+00:00,252.0,258.0,242.0,242.0,2690500.0
2022-03-09 09:00:00+00:00,244.0,268.0,244.0,268.0,1471100.0
2022-03-10 09:00:00+00:00,272.0,276.0,258.0,276.0,1369200.0
2022-03-11 09:00:00+00:00,276.0,276.0,264.0,268.0,2579900.0
2022-03-14 09:00:00+00:00,268.0,268.0,254.0,256.0,747400.0
2022-03-15 09:00:00+00:00,258.0,270.0,254.0,268.0,554300.0
2022-03-16 09:00:00+00:00,256.0,262.0,256.0,260.0,243800.0
2022-03-17 09:00:00+00:00,260.0,262.0,254.0,256.0,315800.0
2022-03-18 09:00:00+00:00,256.0,260.0,254.0,258.0,315900.0
2022-03-21 09:00:00+00:00,260.0,260.0,250.0,252.0,393200.0
2022-03-22 09:00:00+00:00,252.0,252.0,246.0,250.0,808100.0
2022-03-23 09:00:00+00:00,252.0,260.0,248.0,252.0,337700.0
2022-03-24 09:00:00+00:00,252.0,252.0,246.0,248.0,359700.0
2022-03-25 09:00:00+00:00,248.0,252.0,244.0,252.0,315800.0
2022-03-28 09:00:00+00:00,252.0,256.0,250.0,252.0,244000.0
2022-03-29 09:00:00+00:00,252.0,258.0,240.0,246.0,5462700.0
2022-03-30 09:00:00+00:00,246.0,250.0,246.0,246.0,3905400.0
2022-03-31 09:00:00+00:00,250.0,284.0,246.0,260.0,10040500.0
2022-04-01 09:00:00+00:00,260.0,262.0,250.0,250.0,1698200.0
2022-04-04 09:00:00+00:00,250.0,254.0,248.0,250.0,785100.0
2022-04-05 09:00:00+00:00,250.0,252.0,246.0,250.0,814500.0
2022-04-06 09:00:00+00:00,250.0,254.0,248.0,252.0,603000.0
2022-04-07 09:00:00+00:00,252.0,252.0,248.0,248.0,532100.0
2022-04-08 09:00:00+00:00,250.0,252.0,248.0,248.0,309900.0
2022-04-11 09:00:00+00:00,248.0,252.0,244.0,244.0,672800.0
2022-04-12 09:00:00+00:00,244.0,248.0,242.0,246.0,746900.0
2022-04-13 09:00:00+00:00,246.0,250.0,242.0,248.0,343100.0
2022-04-14 09:00:00+00:00,250.0,250.0,244.0,246.0,337300.0
2022-04-18 09:00:00+00:00,246.0,246.0,242.0,246.0,232700.0
2022-04-19 09:00:00+00:00,246.0,248.0,240.0,242.0,459000.0
2022-04-20 09:00:00+00:00,246.0,246.0,232.0,234.0,787700.0
2022-04-21 09:00:00+00:00,236.0,240.0,234.0,240.0,474800.0
2022-04-22 09:00:00+00:00,240.0,250.0,238.0,240.0,278400.0
2022-04-25 09:00:00+00:00,240.0,240.0,232.0,234.0,601900.0
2022-04-26 09:00:00+00:00,234.0,240.0,230.0,236.0,577600.0
2022-04-27 09:00:00+00:00,236.0,236.0,230.0,234.0,311600.0
2022-04-28 09:00:00+00:00,234.0,240.0,232.0,234.0,1393800.0
2022-05-09 09:00:00+00:00,234.0,238.0,218.0,220.0,1551700.0
2022-05-10 09:00:00+00:00,220.0,220.0,210.0,218.0,411000.0
2022-05-11 09:00:00+00:00,218.0,224.0,218.0,220.0,281400.0
2022-05-12 09:00:00+00:00,220.0,222.0,210.0,214.0,408500.0
2022-05-13 09:00:00+00:00,216.0,224.0,214.0,216.0,259500.0
2022-05-17 09:00:00+00:00,216.0,222.0,214.0,222.0,194400.0
2022-05-18 09:00:00+00:00,222.0,222.0,214.0,220.0,293800.0
2022-05-19 09:00:00+00:00,220.0,220.0,214.0,218.0,115500.0
2022-05-20 09:00:00+00:00,216.0,220.0,214.0,218.0,185700.0
2022-05-23 09:00:00+00:00,218.0,218.0,214.0,218.0,186000.0
2022-05-24 09:00:00+00:00,218.0,218.0,212.0,214.0,68200.0
2022-05-25 09:00:00+00:00,216.0,266.0,210.0,222.0,45695300.0
2022-05-27 09:00:00+00:00,220.0,222.0,210.0,210.0,2410400.0
2022-05-30 09:00:00+00:00,210.0,212.0,204.0,210.0,1351200.0
2022-05-31 09:00:00+00:00,210.0,212.0,206.0,208.0,450900.0
2022-06-02 09:00:00+00:00,208.0,212.0,206.0,208.0,492700.0
2022-06-03 09:00:00+00:00,208.0,210.0,202.0,206.0,1620600.0
2022-06-06 09:00:00+00:00,208.0,208.0,202.0,206.0,472900.0
2022-06-07 09:00:00+00:00,206.0,210.0,206.0,208.0,745600.0
2022-06-08 09:00:00+00:00,208.0,214.0,206.0,210.0,460000.0
2022-06-09 09:00:00+00:00,210.0,212.0,206.0,208.0,561200.0
2022-06-10 09:00:00+00:00,208.0,210.0,206.0,208.0,174900.0
2022-06-13 09:00:00+00:00,208.0,208.0,198.0,202.0,1202500.0
2022-06-14 09:00:00+00:00,202.0,202.0,196.0,197.0,945200.0
2022-06-15 09:00:00+00:00,199.0,200.0,193.0,193.0,673000.0
2022-06-16 09:00:00+00:00,193.0,197.0,192.0,194.0,622200.0
2022-06-17 09:00:00+00:00,193.0,194.0,186.0,186.0,452600.0
2022-06-20 09:00:00+00:00,186.0,190.0,184.0,185.0,356500.0
2022-06-21 09:00:00+00:00,185.0,190.0,176.0,181.0,2244500.0
2022-06-22 09:00:00+00:00,181.0,181.0,173.0,177.0,1751300.0
2022-06-23 09:00:00+00:00,177.0,180.0,177.0,179.0,799200.0
2022-06-24 09:00:00+00:00,178.0,183.0,177.0,179.0,234900.0
2022-06-27 09:00:00+00:00,179.0,184.0,178.0,179.0,676500.0
2022-06-28 09:00:00+00:00,178.0,181.0,178.0,179.0,371000.0
2022-06-29 09:00:00+00:00,179.0,181.0,178.0,180.0,376900.0
2022-06-30 09:00:00+00:00,180.0,180.0,177.0,177.0,288000.0
2022-07-01 09:00:00+00:00,179.0,179.0,171.0,171.0,603600.0
2022-07-04 09:00:00+00:00,171.0,171.0,161.0,162.0,584500.0
2022-07-05 09:00:00+00:00,162.0,169.0,162.0,165.0,391600.0
2022-07-06 09:00:00+00:00,165.0,165.0,157.0,157.0,877600.0
2022-07-07 09:00:00+00:00,157.0,161.0,155.0,159.0,695100.0
2022-07-08 09:00:00+00:00,159.0,161.0,155.0,159.0,834900.0
2022-07-11 09:00:00+00:00,159.0,159.0,156.0,158.0,232100.0
2022-07-12 09:00:00+00:00,158.0,166.0,155.0,162.0,1225100.0
2022-07-13 09:00:00+00:00,162.0,164.0,157.0,160.0,1404800.0
2022-07-14 09:00:00+00:00,160.0,164.0,158.0,158.0,808400.0
2022-07-15 09:00:00+00:00,158.0,160.0,156.0,160.0,521000.0
2022-07-18 09:00:00+00:00,160.0,161.0,155.0,157.0,757400.0
2022-07-19 09:00:00+00:00,157.0,173.0,157.0,173.0,2417600.0
2022-07-20 09:00:00+00:00,173.0,210.0,173.0,192.0,13641700.0
2022-07-21 09:00:00+00:00,193.0,194.0,180.0,182.0,1804700.0
2022-07-22 09:00:00+00:00,182.0,192.0,179.0,191.0,996000.0
2022-07-25 09:00:00+00:00,191.0,194.0,189.0,190.0,612300.0
2022-07-26 09:00:00+00:00,191.0,197.0,182.0,189.0,1252400.0
2022-07-27 09:00:00+00:00,189.0,197.0,189.0,197.0,822200.0
2022-07-28 09:00:00+00:00,197.0,218.0,195.0,214.0,2882900.0
2022-07-29 09:00:00+00:00,214.0,228.0,210.0,216.0,4746900.0
2022-08-01 09:00:00+00:00,218.0,220.0,202.0,218.0,1327600.0
2022-08-02 09:00:00+00:00,210.0,220.0,210.0,214.0,328200.0
2022-08-03 09:00:00+00:00,216.0,216.0,210.0,210.0,227300.0
2022-08-04 09:00:00+00:00,210.0,216.0,204.0,210.0,457000.0
2022-08-05 09:00:00+00:00,210.0,216.0,206.0,206.0,288800.0
2022-08-08 09:00:00+00:00,212.0,230.0,212.0,228.0,3367000.0
2022-08-09 09:00:00+00:00,228.0,230.0,214.0,218.0,1033800.0
2022-08-10 09:00:00+00:00,220.0,228.0,216.0,228.0,940900.0
2022-08-11 09:00:00+00:00,228.0,246.0,222.0,244.0,2807900.0
2022-08-12 09:00:00+00:00,240.0,246.0,228.0,238.0,2391600.0
2022-08-15 09:00:00+00:00,238.0,240.0,222.0,236.0,1282600.0
2022-08-16 09:00:00+00:00,236.0,250.0,224.0,240.0,1020000.0
2022-08-18 09:00:00+00:00,240.0,242.0,228.0,238.0,405700.0
2022-08-19 09:00:00+00:00,240.0,244.0,224.0,234.0,902200.0
2022-08-22 09:00:00+00:00,236.0,242.0,226.0,234.0,267700.0
2022-08-23 09:00:00+00:00,228.0,238.0,228.0,238.0,912300.0
2022-08-24 09:00:00+00:00,246.0,246.0,234.0,238.0,2666700.0
2022-08-25 09:00:00+00:00,244.0,244.0,238.0,238.0,857700.0
2022-08-26 09:00:00+00:00,238.0,248.0,238.0,240.0,1111800.0
2022-08-29 09:00:00+00:00,240.0,254.0,228.0,250.0,1877000.0
2022-08-30 09:00:00+00:00,250.0,252.0,240.0,248.0,1034100.0
2022-08-31 09:00:00+00:00,248.0,250.0,242.0,246.0,919300.0
2022-09-01 09:00:00+00:00,248.0,248.0,246.0,246.0,555200.0
2022-09-02 09:00:00+00:00,248.0,250.0,246.0,246.0,250200.0
2022-09-05 09:00:00+00:00,246.0,262.0,246.0,250.0,1743500.0
2022-09-06 09:00:00+00:00,252.0,258.0,248.0,252.0,532700.0
2022-09-07 09:00:00+00:00,250.0,254.0,242.0,254.0,841700.0
2022-09-08 09:00:00+00:00,258.0,258.0,244.0,250.0,1004900.0
2022-09-09 09:00:00+00:00,250.0,250.0,242.0,250.0,320100.0
2022-09-12 09:00:00+00:00,250.0,250.0,246.0,250.0,737000.0
2022-09-13 09:00:00+00:00,250.0,252.0,246.0,252.0,89900.0
2022-09-14 09:00:00+00:00,252.0,252.0,248.0,250.0,113100.0
2022-09-15 09:00:00+00:00,246.0,256.0,242.0,256.0,1885000.0
2022-09-16 09:00:00+00:00,256.0,262.0,254.0,260.0,1914900.0
2022-09-19 09:00:00+00:00,260.0,298.0,260.0,276.0,5150100.0
2022-09-20 09:00:00+00:00,278.0,290.0,270.0,272.0,933000.0
2022-09-21 09:00:00+00:00,272.0,284.0,272.0,278.0,1128100.0
2022-09-22 09:00:00+00:00,278.0,286.0,274.0,282.0,1055300.0
2022-09-23 09:00:00+00:00,282.0,286.0,272.0,282.0,1039800.0
2022-09-26 09:00:00+00:00,282.0,284.0,276.0,280.0,754400.0
2022-09-27 09:00:00+00:00,280.0,280.0,262.0,280.0,653300.0
2022-09-28 09:00:00+00:00,280.0,282.0,272.0,276.0,32900.0
2022-09-29 09:00:00+00:00,274.0,274.0,260.0,262.0,300900.0
2022-09-30 09:00:00+00:00,262.0,282.0,244.0,262.0,1200400.0
2022-10-03 09:00:00+00:00,260.0,264.0,258.0,262.0,140600.0
2022-10-04 09:00:00+00:00,260.0,266.0,260.0,264.0,88300.0
2022-10-05 09:00:00+00:00,268.0,268.0,260.0,264.0,101900.0
2022-10-06 09:00:00+00:00,264.0,264.0,258.0,258.0,132600.0
2022-10-07 09:00:00+00:00,262.0,264.0,250.0,258.0,86900.0
2022-10-10 09:00:00+00:00,250.0,264.0,250.0,258.0,133800.0
2022-10-11 09:00:00+00:00,262.0,264.0,252.0,260.0,77900.0
2022-10-12 09:00:00+00:00,260.0,262.0,258.0,258.0,86900.0
2022-10-13 09:00:00+00:00,258.0,280.0,258.0,260.0,66200.0
2022-10-14 09:00:00+00:00,264.0,264.0,258.0,260.0,448500.0
2022-10-17 09:00:00+00:00,260.0,280.0,260.0,266.0,744000.0
2022-10-18 09:00:00+00:00,266.0,270.0,258.0,266.0,491800.0
2022-10-19 09:00:00+00:00,266.0,270.0,260.0,268.0,32000.0
2022-10-20 09:00:00+00:00,268.0,278.0,266.0,266.0,250200.0
2022-10-21 09:00:00+00:00,266.0,272.0,264.0,268.0,51600.0
2022-10-24 09:00:00+00:00,268.0,272.0,254.0,272.0,1156400.0
2022-10-25 09:00:00+00:00,272.0,272.0,268.0,270.0,53300.0
2022-10-26 09:00:00+00:00,270.0,270.0,264.0,270.0,457600.0
2022-10-27 09:00:00+00:00,270.0,280.0,266.0,270.0,703900.0
2022-10-28 09:00:00+00:00,272.0,274.0,262.0,270.0,374600.0
2022-10-31 09:00:00+00:00,274.0,278.0,272.0,272.0,432400.0
2022-11-01 09:00:00+00:00,276.0,276.0,270.0,274.0,81800.0
2022-11-02 09:00:00+00:00,274.0,274.0,268.0,268.0,249300.0
2022-11-03 09:00:00+00:00,268.0,272.0,256.0,268.0,601300.0
2022-11-04 09:00:00+00:00,268.0,294.0,264.0,266.0,874300.0
2022-11-07 09:00:00+00:00,266.0,270.0,264.0,268.0,550600.0
2022-11-08 09:00:00+00:00,264.0,270.0,264.0,270.0,46800.0
2022-11-09 09:00:00+00:00,270.0,282.0,266.0,278.0,282000.0
2022-11-10 09:00:00+00:00,280.0,284.0,266.0,266.0,195700.0
2022-11-11 09:00:00+00:00,266.0,282.0,266.0,270.0,230600.0
2022-11-14 09:00:00+00:00,270.0,276.0,266.0,266.0,64900.0
2022-11-15 09:00:00+00:00,276.0,278.0,262.0,274.0,59300.0
2022-11-16 09:00:00+00:00,264.0,280.0,264.0,278.0,7100.0
2022-11-17 09:00:00+00:00,274.0,278.0,268.0,274.0,21200.0
2022-11-18 09:00:00+00:00,278.0,278.0,270.0,274.0,36400.0
2022-11-21 09:00:00+00:00,278.0,278.0,266.0,278.0,22700.0
2022-11-22 09:00:00+00:00,276.0,276.0,270.0,274.0,13600.0
2022-11-23 09:00:00+00:00,274.0,274.0,268.0,272.0,123200.0
2022-11-24 09:00:00+00:00,270.0,272.0,266.0,270.0,30600.0
2022-11-25 09:00:00+00:00,266.0,272.0,266.0,268.0,11500.0
2022-11-28 09:00:00+00:00,258.0,274.0,258.0,264.0,127800.0
2022-11-29 09:00:00+00:00,264.0,270.0,264.0,270.0,52400.0
2022-11-30 09:00:00+00:00,268.0,270.0,264.0,264.0,108500.0
2022-12-01 09:00:00+00:00,264.0,274.0,262.0,272.0,159500.0
2022-12-02 09:00:00+00:00,274.0,274.0,260.0,270.0,61400.0
2022-12-05 09:00:00+00:00,272.0,272.0,262.0,270.0,740700.0
2022-12-06 09:00:00+00:00,270.0,282.0,260.0,270.0,436600.0
2022-12-07 09:00:00+00:00,264.0,270.0,264.0,270.0,64400.0
2022-12-08 09:00:00+00:00,270.0,270.0,262.0,270.0,111600.0
2022-12-09 09:00:00+00:00,262.0,270.0,262.0,268.0,337400.0
2022-12-12 09:00:00+00:00,268.0,268.0,264.0,266.0,14400.0
2022-12-13 09:00:00+00:00,262.0,266.0,262.0,266.0,432300.0
2022-12-14 09:00:00+00:00,266.0,268.0,262.0,268.0,38600.0
2022-12-15 09:00:00+00:00,270.0,270.0,262.0,262.0,563300.0
2022-12-16 09:00:00+00:00,262.0,264.0,262.0,264.0,118800.0
2022-12-19 09:00:00+00:00,260.0,266.0,260.0,266.0,31000.0
2022-12-20 09:00:00+00:00,262.0,270.0,262.0,264.0,126800.0
2022-12-21 09:00:00+00:00,264.0,268.0,264.0,268.0,98900.0
2022-12-22 09:00:00+00:00,278.0,278.0,262.0,270.0,60200.0
2022-12-23 09:00:00+00:00,266.0,270.0,264.0,264.0,16100.0
2022-12-26 09:00:00+00:00,264.0,274.0,262.0,262.0,267900.0
2022-12-27 09:00:00+00:00,262.0,268.0,260.0,260.0,40900.0
2022-12-28 09:00:00+00:00,266.0,266.0,260.0,260.0,44100.0
2022-12-29 09:00:00+00:00,262.0,266.0,262.0,262.0,44000.0
2022-12-30 09:00:00+00:00,262.0,278.0,262.0,268.0,188000.0
2023-01-02 09:00:00+00:00,268.0,268.0,262.0,268.0,87600.0
2023-01-03 09:00:00+00:00,266.0,270.0,264.0,270.0,22600.0
2023-01-04 09:00:00+00:00,270.0,270.0,270.0,270.0,1400.0
2023-01-05 09:00:00+00:00,268.0,268.0,262.0,268.0,113700.0
2023-01-06 09:00:00+00:00,266.0,266.0,262.0,262.0,40700.0
2023-01-09 09:00:00+00:00,262.0,268.0,262.0,264.0,13500.0
2023-01-10 09:00:00+00:00,262.0,264.0,260.0,262.0,35100.0
2023-01-11 09:00:00+00:00,262.0,262.0,244.0,244.0,83100.0
2023-01-12 09:00:00+00:00,232.0,266.0,228.0,228.0,568700.0
2023-01-13 09:00:00+00:00,214.0,230.0,214.0,214.0,507900.0
2023-01-16 09:00:00+00:00,214.0,216.0,200.0,208.0,103300.0
2023-01-17 09:00:00+00:00,202.0,232.0,202.0,210.0,254000.0
2023-01-18 09:00:00+00:00,220.0,220.0,210.0,212.0,75400.0
2023-01-19 09:00:00+00:00,214.0,214.0,212.0,212.0,69500.0
2023-01-20 09:00:00+00:00,210.0,216.0,210.0,216.0,93900.0
2023-01-24 09:00:00+00:00,216.0,244.0,216.0,228.0,1028700.0
2023-01-25 09:00:00+00:00,228.0,250.0,226.0,228.0,248200.0
2023-01-26 09:00:00+00:00,232.0,246.0,226.0,230.0,306100.0
2023-01-27 09:00:00+00:00,234.0,240.0,230.0,238.0,68500.0
2023-01-30 09:00:00+00:00,238.0,244.0,238.0,244.0,77400.0
2023-01-31 09:00:00+00:00,244.0,244.0,234.0,236.0,167100.0
2023-02-01 09:00:00+00:00,236.0,236.0,226.0,228.0,140900.0
2023-02-02 09:00:00+00:00,232.0,232.0,226.0,226.0,12100.0
2023-02-03 09:00:00+00:00,232.0,234.0,230.0,234.0,29900.0
2023-02-06 09:00:00+00:00,234.0,234.0,230.0,234.0,9800.0
2023-02-07 09:00:00+00:00,234.0,240.0,234.0,238.0,16900.0
2023-02-08 09:00:00+00:00,238.0,248.0,234.0,234.0,113800.0
2023-02-09 09:00:00+00:00,236.0,238.0,232.0,232.0,7400.0
2023-02-10 09:00:00+00:00,234.0,234.0,230.0,230.0,7400.0
2023-02-13 09:00:00+00:00,230.0,232.0,228.0,232.0,56200.0
2023-02-14 09:00:00+00:00,232.0,236.0,232.0,232.0,36200.0
2023-02-15 09:00:00+00:00,232.0,234.0,226.0,230.0,27200.0
2023-02-16 09:00:00+00:00,230.0,246.0,218.0,234.0,181500.0
2023-02-17 09:00:00+00:00,234.0,234.0,228.0,228.0,12700.0
2023-02-20 09:00:00+00:00,228.0,228.0,224.0,224.0,33200.0
2023-02-21 09:00:00+00:00,224.0,226.0,220.0,220.0,40700.0
2023-02-22 09:00:00+00:00,220.0,248.0,220.0,222.0,260600.0
2023-02-23 09:00:00+00:00,222.0,238.0,220.0,224.0,72800.0
2023-02-24 09:00:00+00:00,224.0,240.0,222.0,224.0,49200.0
2023-02-27 09:00:00+00:00,224.0,230.0,222.0,228.0,65400.0
2023-02-28 09:00:00+00:00,228.0,238.0,222.0,222.0,163200.0
2023-03-01 09:00:00+00:00,224.0,228.0,222.0,228.0,29500.0
2023-03-02 09:00:00+00:00,228.0,228.0,224.0,228.0,21600.0
2023-03-03 09:00:00+00:00,226.0,228.0,226.0,226.0,18400.0
2023-03-06 09:00:00+00:00,226.0,230.0,222.0,222.0,10700.0
2023-03-07 09:00:00+00:00,222.0,234.0,218.0,228.0,65600.0
2023-03-08 09:00:00+00:00,228.0,228.0,220.0,222.0,13100.0
2023-03-09 09:00:00+00:00,222.0,226.0,218.0,224.0,17700.0
2023-03-10 09:00:00+00:00,224.0,224.0,216.0,218.0,4300.0
2023-03-13 09:00:00+00:00,218.0,220.0,216.0,220.0,13900.0
2023-03-14 09:00:00+00:00,220.0,222.0,218.0,218.0,105600.0
2023-03-15 09:00:00+00:00,218.0,240.0,214.0,226.0,93100.0
2023-03-16 09:00:00+00:00,224.0,224.0,220.0,220.0,3800.0
2023-03-17 09:00:00+00:00,214.0,220.0,214.0,218.0,1600.0
2023-03-20 09:00:00+00:00,218.0,232.0,216.0,216.0,17600.0
2023-03-21 09:00:00+00:00,226.0,238.0,216.0,226.0,88500.0
2023-03-24 09:00:00+00:00,232.0,234.0,228.0,230.0,17800.0
2023-03-27 09:00:00+00:00,230.0,230.0,220.0,228.0,4000.0
2023-03-28 09:00:00+00:00,228.0,228.0,228.0,228.0,500.0
2023-03-29 09:00:00+00:00,222.0,270.0,218.0,266.0,743800.0
2023-03-30 09:00:00+00:00,266.0,266.0,248.0,264.0,269900.0
2023-03-31 09:00:00+00:00,264.0,264.0,246.0,260.0,44300.0
2023-04-03 09:00:00+00:00,244.0,258.0,242.0,248.0,54900.0
2023-04-04 09:00:00+00:00,244.0,260.0,242.0,244.0,5800.0
2023-04-05 09:00:00+00:00,254.0,254.0,250.0,250.0,2300.0
2023-04-06 09:00:00+00:00,240.0,250.0,240.0,248.0,34100.0
2023-04-10 09:00:00+00:00,248.0,266.0,232.0,246.0,320200.0
2023-04-11 09:00:00+00:00,250.0,256.0,236.0,246.0,13000.0
2023-04-12 09:00:00+00:00,236.0,256.0,236.0,250.0,102400.0
2023-04-13 09:00:00+00:00,248.0,250.0,234.0,246.0,141500.0
2023-04-14 09:00:00+00:00,258.0,258.0,242.0,248.0,13700.0
2023-04-17 09:00:00+00:00,252.0,252.0,234.0,240.0,6400.0
2023-04-18 09:00:00+00:00,240.0,242.0,232.0,242.0,63800.0
2023-04-26 09:00:00+00:00,244.0,254.0,240.0,244.0,13900.0
2023-04-27 09:00:00+00:00,244.0,252.0,238.0,246.0,6400.0
2023-04-28 09:00:00+00:00,248.0,248.0,244.0,244.0,2600.0
2023-05-02 09:00:00+00:00,244.0,244.0,240.0,240.0,15100.0
2023-05-03 09:00:00+00:00,246.0,248.0,238.0,240.0,6900.0
2023-05-04 09:00:00+00:00,248.0,248.0,240.0,248.0,13600.0
2023-05-05 09:00:00+00:00,248.0,252.0,232.0,232.0,69300.0
2023-05-08 09:00:00+00:00,232.0,252.0,232.0,236.0,159100.0
2023-05-09 09:00:00+00:00,240.0,240.0,236.0,236.0,9700.0
2023-05-10 09:00:00+00:00,236.0,238.0,236.0,238.0,3200.0
2023-05-11 09:00:00+00:00,240.0,242.0,236.0,238.0,17600.0
2023-05-12 09:00:00+00:00,238.0,244.0,234.0,244.0,11800.0
2023-05-15 09:00:00+00:00,244.0,244.0,236.0,240.0,5300.0
2023-05-16 09:00:00+00:00,240.0,240.0,234.0,240.0,21900.0
2023-05-17 09:00:00+00:00,240.0,240.0,234.0,240.0,800.0
2023-05-19 09:00:00+00:00,232.0,254.0,230.0,240.0,221000.0
2023-05-22 09:00:00+00:00,236.0,246.0,236.0,238.0,19900.0
2023-05-23 09:00:00+00:00,232.0,248.0,232.0,234.0,12700.0
2023-05-24 09:00:00+00:00,234.0,238.0,232.0,238.0,20800.0
2023-05-25 09:00:00+00:00,238.0,240.0,232.0,236.0,26400.0
2023-05-26 09:00:00+00:00,232.0,240.0,232.0,240.0,15000.0
2023-05-29 09:00:00+00:00,242.0,242.0,236.0,236.0,2200.0
2023-05-30 09:00:00+00:00,236.0,238.0,232.0,232.0,204100.0
2023-05-31 09:00:00+00:00,238.0,238.0,230.0,238.0,15100.0
2023-06-05 09:00:00+00:00,238.0,240.0,238.0,240.0,33000.0
2023-06-06 09:00:00+00:00,238.0,240.0,238.0,238.0,800.0
2023-06-07 09:00:00+00:00,232.0,232.0,220.0,220.0,33000.0
2023-06-08 09:00:00+00:00,220.0,244.0,220.0,238.0,51700.0
2023-06-09 09:00:00+00:00,220.0,238.0,220.0,234.0,36000.0
2023-06-12 09:00:00+00:00,234.0,246.0,230.0,232.0,101800.0
2023-06-13 09:00:00+00:00,238.0,238.0,230.0,230.0,22700.0
2023-06-14 09:00:00+00:00,242.0,242.0,232.0,236.0,1800.0
2023-06-15 09:00:00+00:00,234.0,240.0,226.0,236.0,6500.0
2023-06-16 09:00:00+00:00,236.0,236.0,236.0,236.0,4600.0
2023-06-19 09:00:00+00:00,240.0,240.0,228.0,228.0,3600.0
2023-06-20 09:00:00+00:00,238.0,240.0,228.0,228.0,17000.0
2023-06-21 09:00:00+00:00,240.0,244.0,228.0,230.0,18100.0
2023-06-22 09:00:00+00:00,228.0,242.0,228.0,234.0,16600.0
2023-06-23 09:00:00+00:00,232.0,238.0,228.0,234.0,21500.0
2023-06-26 09:00:00+00:00,236.0,260.0,232.0,232.0,1039300.0
2023-06-27 09:00:00+00:00,232.0,250.0,230.0,234.0,6400.0
2023-07-03 09:00:00+00:00,234.0,254.0,230.0,236.0,92900.0
2023-07-04 09:00:00+00:00,244.0,244.0,232.0,234.0,20700.0
2023-07-05 09:00:00+00:00,236.0,236.0,230.0,232.0,15400.0
2023-07-06 09:00:00+00:00,232.0,250.0,232.0,238.0,58300.0
2023-07-07 09:00:00+00:00,238.0,238.0,230.0,232.0,48000.0
2023-07-10 09:00:00+00:00,232.0,244.0,230.0,236.0,10600.0
2023-07-11 09:00:00+00:00,230.0,236.0,230.0,234.0,4200.0
2023-07-12 09:00:00+00:00,234.0,242.0,230.0,230.0,115100.0
2023-07-13 09:00:00+00:00,236.0,236.0,226.0,236.0,54900.0
2023-07-14 09:00:00+00:00,228.0,236.0,228.0,236.0,13400.0
2023-07-17 09:00:00+00:00,236.0,238.0,224.0,226.0,174100.0
2023-07-18 09:00:00+00:00,226.0,238.0,220.0,222.0,254900.0
2023-07-20 09:00:00+00:00,224.0,230.0,222.0,226.0,52500.0
2023-07-21 09:00:00+00:00,226.0,232.0,222.0,224.0,16600.0
2023-07-24 09:00:00+00:00,224.0,234.0,224.0,226.0,63600.0
2023-07-25 09:00:00+00:00,228.0,230.0,224.0,228.0,30600.0
2023-07-26 09:00:00+00:00,222.0,230.0,222.0,226.0,48000.0
2023-07-27 09:00:00+00:00,226.0,228.0,202.0,212.0,225900.0
2023-07-28 09:00:00+00:00,220.0,220.0,216.0,218.0,19200.0
2023-07-31 09:00:00+00:00,218.0,240.0,216.0,224.0,206900.0
2023-08-01 09:00:00+00:00,220.0,234.0,218.0,222.0,266500.0
2023-08-02 09:00:00+00:00,224.0,226.0,218.0,220.0,60400.0
2023-08-03 09:00:00+00:00,222.0,230.0,216.0,228.0,194000.0
2023-08-04 09:00:00+00:00,228.0,232.0,222.0,226.0,8700.0
2023-08-07 09:00:00+00:00,228.0,230.0,224.0,226.0,33100.0
2023-08-08 09:00:00+00:00,218.0,224.0,218.0,224.0,9200.0
2023-08-09 09:00:00+00:00,226.0,236.0,218.0,234.0,157800.0
2023-08-10 09:00:00+00:00,232.0,232.0,218.0,224.0,162100.0
2023-08-11 09:00:00+00:00,228.0,228.0,218.0,224.0,74200.0
2023-08-14 09:00:00+00:00,230.0,236.0,218.0,228.0,219000.0
2023-08-15 09:00:00+00:00,220.0,226.0,218.0,218.0,76300.0
2023-08-16 09:00:00+00:00,226.0,226.0,216.0,222.0,60400.0
2023-08-18 09:00:00+00:00,218.0,228.0,216.0,222.0,47400.0
2023-08-21 09:00:00+00:00,222.0,224.0,216.0,222.0,11300.0
2023-08-22 09:00:00+00:00,222.0,222.0,216.0,222.0,17500.0
2023-08-23 09:00:00+00:00,220.0,222.0,220.0,222.0,500.0
2023-08-24 09:00:00+00:00,222.0,222.0,216.0,216.0,12700.0
2023-08-25 09:00:00+00:00,214.0,220.0,199.0,199.0,523200.0
2023-08-28 09:00:00+00:00,197.0,202.0,191.0,191.0,309900.0
2023-08-29 09:00:00+00:00,191.0,198.0,190.0,197.0,294600.0
2023-08-30 09:00:00+00:00,198.0,199.0,195.0,198.0,24100.0
2023-08-31 09:00:00+00:00,198.0,202.0,198.0,199.0,65600.0
2023-09-01 09:00:00+00:00,198.0,199.0,191.0,197.0,140400.0
2023-09-04 09:00:00+00:00,197.0,200.0,196.0,198.0,5700.0
2023-09-05 09:00:00+00:00,202.0,216.0,193.0,200.0,102100.0
2023-09-06 09:00:00+00:00,200.0,202.0,200.0,202.0,6500.0
2023-09-07 09:00:00+00:00,202.0,202.0,185.0,199.0,319400.0
2023-09-08 09:00:00+00:00,195.0,202.0,188.0,188.0,115500.0
2023-09-11 09:00:00+00:00,192.0,193.0,187.0,188.0,51400.0
2023-09-12 09:00:00+00:00,189.0,189.0,185.0,188.0,13100.0
2023-09-13 09:00:00+00:00,187.0,196.0,187.0,190.0,65000.0
2023-09-14 09:00:00+00:00,193.0,193.0,168.0,168.0,1075100.0
2023-09-15 09:00:00+00:00,172.0,180.0,168.0,171.0,1003400.0
2023-09-18 09:00:00+00:00,180.0,180.0,160.0,160.0,309500.0
2023-09-19 09:00:00+00:00,159.0,185.0,157.0,168.0,703300.0
2023-09-20 09:00:00+00:00,166.0,169.0,154.0,156.0,1036300.0
2023-09-21 09:00:00+00:00,160.0,160.0,155.0,156.0,87200.0
2023-09-22 09:00:00+00:00,157.0,164.0,155.0,156.0,445300.0
2023-09-25 09:00:00+00:00,156.0,159.0,145.0,150.0,378100.0
2023-09-26 09:00:00+00:00,150.0,155.0,147.0,150.0,144000.0
2023-09-27 09:00:00+00:00,147.0,159.0,145.0,152.0,136500.0
2023-09-29 09:00:00+00:00,158.0,158.0,148.0,150.0,29900.0
2023-10-02 09:00:00+00:00,153.0,155.0,150.0,153.0,21300.0
2023-10-03 09:00:00+00:00,154.0,163.0,148.0,151.0,459700.0
2023-10-04 09:00:00+00:00,160.0,160.0,149.0,155.0,67000.0
2023-10-05 09:00:00+00:00,156.0,160.0,153.0,158.0,199500.0
2023-10-06 09:00:00+00:00,160.0,163.0,153.0,156.0,73100.0
2023-10-09 09:00:00+00:00,156.0,160.0,154.0,155.0,141700.0
2023-10-10 09:00:00+00:00,168.0,168.0,155.0,157.0,19400.0
2023-10-11 09:00:00+00:00,156.0,156.0,148.0,155.0,43300.0
2023-10-12 09:00:00+00:00,155.0,159.0,155.0,157.0,18800.0
2023-10-13 09:00:00+00:00,159.0,159.0,148.0,152.0,170400.0
2023-10-16 09:00:00+00:00,152.0,158.0,149.0,151.0,79100.0
2023-10-17 09:00:00+00:00,157.0,157.0,151.0,151.0,2300.0
2023-10-18 09:00:00+00:00,154.0,155.0,151.0,152.0,5100.0
2023-10-19 09:00:00+00:00,155.0,156.0,150.0,153.0,86300.0
2023-10-20 09:00:00+00:00,155.0,168.0,152.0,152.0,442200.0
2023-10-23 09:00:00+00:00,155.0,155.0,152.0,155.0,18400.0
2023-10-24 09:00:00+00:00,155.0,155.0,152.0,153.0,39000.0
2023-10-25 09:00:00+00:00,155.0,157.0,150.0,154.0,35400.0
2023-10-26 09:00:00+00:00,154.0,157.0,154.0,155.0,206200.0
2023-10-27 09:00:00+00:00,155.0,159.0,155.0,158.0,141100.0
2023-10-30 09:00:00+00:00,159.0,160.0,158.0,159.0,48800.0
2023-10-31 09:00:00+00:00,159.0,159.0,154.0,158.0,11200.0
2023-11-01 09:00:00+00:00,166.0,175.0,150.0,152.0,396200.0
2023-11-02 09:00:00+00:00,160.0,160.0,152.0,155.0,46400.0
2023-11-03 09:00:00+00:00,160.0,170.0,151.0,155.0,47700.0
2023-11-06 09:00:00+00:00,155.0,165.0,153.0,155.0,95100.0
2023-11-07 09:00:00+00:00,158.0,158.0,152.0,155.0,19000.0
2023-11-08 09:00:00+00:00,155.0,157.0,154.0,154.0,9300.0
2023-11-09 09:00:00+00:00,154.0,156.0,153.0,153.0,28100.0
2023-11-10 09:00:00+00:00,156.0,157.0,150.0,150.0,50100.0
2023-11-13 09:00:00+00:00,156.0,157.0,151.0,155.0,8100.0
2023-11-14 09:00:00+00:00,155.0,155.0,152.0,152.0,9100.0
2023-11-15 09:00:00+00:00,155.0,159.0,150.0,156.0,62600.0
2023-11-16 09:00:00+00:00,156.0,157.0,156.0,156.0,1400.0
2023-11-17 09:00:00+00:00,156.0,157.0,152.0,156.0,8300.0
2023-11-20 09:00:00+00:00,156.0,156.0,148.0,153.0,22300.0
2023-11-21 09:00:00+00:00,152.0,166.0,149.0,152.0,334700.0
2023-11-22 09:00:00+00:00,156.0,157.0,151.0,151.0,49400.0
2023-11-23 09:00:00+00:00,152.0,170.0,150.0,150.0,504400.0
2023-11-24 09:00:00+00:00,150.0,156.0,149.0,155.0,149500.0
2023-11-27 09:00:00+00:00,156.0,165.0,154.0,163.0,197100.0
2023-11-28 09:00:00+00:00,163.0,183.0,156.0,182.0,530200.0
2023-11-29 09:00:00+00:00,182.0,220.0,170.0,190.0,3134100.0
2023-11-30 09:00:00+00:00,190.0,192.0,180.0,184.0,168100.0
2023-12-01 09:00:00+00:00,184.0,190.0,175.0,182.0,139600.0
2023-12-04 09:00:00+00:00,182.0,184.0,158.0,175.0,749600.0
2023-12-05 09:00:00+00:00,175.0,180.0,175.0,175.0,60400.0
2023-12-06 09:00:00+00:00,177.0,179.0,168.0,171.0,34200.0
2023-12-07 09:00:00+00:00,181.0,182.0,169.0,170.0,65200.0
2023-12-08 09:00:00+00:00,171.0,175.0,165.0,167.0,21200.0
2023-12-11 09:00:00+00:00,173.0,176.0,167.0,173.0,49600.0
2023-12-12 09:00:00+00:00,173.0,178.0,160.0,164.0,133700.0
2023-12-13 09:00:00+00:00,171.0,171.0,166.0,167.0,9900.0
2023-12-14 09:00:00+00:00,168.0,182.0,168.0,176.0,146500.0
2023-12-15 09:00:00+00:00,176.0,176.0,165.0,165.0,7600.0
2023-12-18 09:00:00+00:00,166.0,179.0,160.0,171.0,44100.0
2023-12-19 09:00:00+00:00,171.0,179.0,171.0,179.0,83900.0
2023-12-20 09:00:00+00:00,179.0,179.0,174.0,176.0,12200.0
2023-12-21 09:00:00+00:00,174.0,176.0,160.0,160.0,258600.0
2023-12-22 09:00:00+00:00,160.0,177.0,160.0,169.0,62200.0
2023-12-27 09:00:00+00:00,174.0,174.0,168.0,174.0,9100.0
2023-12-28 09:00:00+00:00,171.0,174.0,171.0,174.0,4400.0
2023-12-29 09:00:00+00:00,174.0,178.0,165.0,175.0,13900.0
2024-01-02 09:00:00+00:00,175.0,175.0,170.0,174.0,4600.0
2024-01-03 09:00:00+00:00,171.0,174.0,168.0,173.0,56200.0
2024-01-04 09:00:00+00:00,173.0,175.0,164.0,174.0,20400.0
2024-01-05 09:00:00+00:00,174.0,174.0,169.0,172.0,13400.0
2024-01-08 09:00:00+00:00,171.0,200.0,170.0,180.0,302600.0
2024-01-09 09:00:00+00:00,186.0,186.0,165.0,181.0,19600.0
2024-01-10 09:00:00+00:00,181.0,192.0,170.0,177.0,239900.0
2024-01-11 09:00:00+00:00,177.0,177.0,165.0,165.0,82600.0
2024-01-12 09:00:00+00:00,174.0,194.0,165.0,169.0,465600.0
2024-01-15 09:00:00+00:00,167.0,184.0,160.0,173.0,180300.0
2024-01-16 09:00:00+00:00,172.0,172.0,164.0,170.0,181600.0
2024-01-17 09:00:00+00:00,169.0,175.0,165.0,171.0,10800.0
2024-01-18 09:00:00+00:00,171.0,171.0,167.0,167.0,21500.0
2024-01-19 09:00:00+00:00,167.0,170.0,166.0,168.0,48900.0
2024-01-22 09:00:00+00:00,168.0,170.0,167.0,168.0,7400.0
2024-01-23 09:00:00+00:00,172.0,172.0,165.0,168.0,6400.0
2024-01-24 09:00:00+00:00,168.0,175.0,164.0,167.0,11800.0
2024-01-25 09:00:00+00:00,166.0,224.0,156.0,158.0,3764900.0
2024-01-26 09:00:00+00:00,159.0,162.0,150.0,157.0,318700.0
2024-01-29 09:00:00+00:00,154.0,161.0,150.0,158.0,105000.0
2024-01-30 09:00:00+00:00,158.0,158.0,153.0,158.0,38800.0
2024-01-31 09:00:00+00:00,160.0,160.0,151.0,155.0,6400.0
2024-02-01 09:00:00+00:00,155.0,169.0,155.0,159.0,115100.0
2024-02-02 09:00:00+00:00,158.0,158.0,153.0,157.0,11200.0
2024-02-05 09:00:00+00:00,160.0,163.0,154.0,155.0,30500.0
2024-02-06 09:00:00+00:00,157.0,172.0,156.0,162.0,365100.0
2024-02-07 09:00:00+00:00,162.0,170.0,157.0,161.0,33700.0
2024-02-12 09:00:00+00:00,161.0,171.0,150.0,164.0,212100.0
2024-02-13 09:00:00+00:00,169.0,169.0,163.0,164.0,91200.0
2024-02-15 09:00:00+00:00,164.0,164.0,152.0,162.0,87400.0
2024-02-16 09:00:00+00:00,168.0,168.0,158.0,158.0,6600.0
2024-02-19 09:00:00+00:00,166.0,168.0,160.0,164.0,45000.0
2024-02-20 09:00:00+00:00,164.0,164.0,160.0,161.0,7900.0
2024-02-21 09:00:00+00:00,164.0,164.0,155.0,159.0,25800.0
2024-02-22 09:00:00+00:00,160.0,160.0,158.0,159.0,8400.0
2024-02-23 09:00:00+00:00,164.0,164.0,159.0,161.0,14000.0
2024-02-26 09:00:00+00:00,165.0,165.0,154.0,160.0,42600.0
2024-02-27 09:00:00+00:00,160.0,161.0,155.0,156.0,7800.0
2024-02-28 09:00:00+00:00,165.0,165.0,155.0,161.0,13400.0
2024-02-29 09:00:00+00:00,159.0,159.0,155.0,158.0,6700.0
2024-03-01 09:00:00+00:00,158.0,165.0,158.0,161.0,5600.0
2024-03-04 09:00:00+00:00,161.0,162.0,158.0,161.0,18100.0
2024-03-05 09:00:00+00:00,163.0,165.0,159.0,159.0,4200.0
2024-03-06 09:00:00+00:00,161.0,168.0,153.0,158.0,128200.0
2024-03-07 09:00:00+00:00,164.0,164.0,157.0,162.0,3800.0
2024-03-08 09:00:00+00:00,164.0,164.0,158.0,163.0,3500.0
2024-03-13 09:00:00+00:00,161.0,161.0,155.0,161.0,9000.0
2024-03-14 09:00:00+00:00,159.0,182.0,157.0,160.0,142900.0
2024-03-15 09:00:00+00:00,160.0,169.0,160.0,165.0,61800.0
2024-03-18 09:00:00+00:00,161.0,174.0,161.0,169.0,440700.0
2024-03-19 09:00:00+00:00,169.0,190.0,169.0,180.0,1175600.0
2024-03-20 09:00:00+00:00,181.0,190.0,181.0,182.0,1271600.0
2024-03-21 09:00:00+00:00,182.0,220.0,180.0,190.0,1812700.0
2024-03-22 09:00:00+00:00,190.0,234.0,190.0,218.0,2891100.0
2024-03-25 09:00:00+00:00,272.0,272.0,218.0,264.0,6702500.0
2024-03-26 09:00:00+00:00,280.0,280.0,198.0,198.0,8464800.0
2024-03-27 09:00:00+00:00,210.0,220.0,190.0,195.0,2162500.0
2024-03-28 09:00:00+00:00,200.0,200.0,180.0,186.0,751500.0
2024-04-01 09:00:00+00:00,186.0,242.0,186.0,220.0,9020800.0
2024-04-02 09:00:00+00:00,220.0,224.0,202.0,216.0,2236200.0
2024-04-03 09:00:00+00:00,212.0,218.0,199.0,199.0,1055600.0
2024-04-04 09:00:00+00:00,202.0,224.0,200.0,212.0,1508000.0
2024-04-05 09:00:00+00:00,214.0,214.0,200.0,208.0,385000.0
2024-04-16 09:00:00+00:00,206.0,214.0,195.0,204.0,1005600.0
2024-04-17 09:00:00+00:00,200.0,204.0,195.0,198.0,381100.0
2024-04-18 09:00:00+00:00,198.0,200.0,191.0,197.0,172600.0
2024-04-19 09:00:00+00:00,195.0,196.0,185.0,192.0,309300.0
2024-04-22 09:00:00+00:00,202.0,202.0,181.0,186.0,506700.0
2024-04-23 09:00:00+00:00,181.0,182.0,160.0,166.0,1176000.0
2024-04-24 09:00:00+00:00,169.0,169.0,154.0,160.0,605700.0
2024-04-25 09:00:00+00:00,155.0,166.0,155.0,162.0,257700.0
2024-04-26 09:00:00+00:00,162.0,167.0,159.0,160.0,316700.0
2024-04-29 09:00:00+00:00,161.0,161.0,151.0,157.0,213200.0
2024-04-30 09:00:00+00:00,157.0,163.0,156.0,156.0,195900.0
2024-05-02 09:00:00+00:00,156.0,160.0,155.0,156.0,116000.0
2024-05-03 09:00:00+00:00,156.0,158.0,154.0,157.0,32300.0
2024-05-06 09:00:00+00:00,156.0,164.0,155.0,158.0,108600.0
2024-05-07 09:00:00+00:00,157.0,162.0,155.0,156.0,122300.0
2024-05-08 09:00:00+00:00,155.0,178.0,153.0,158.0,372700.0
2024-05-13 09:00:00+00:00,160.0,167.0,158.0,159.0,56600.0
2024-05-14 09:00:00+00:00,159.0,165.0,155.0,159.0,56100.0
2024-05-15 09:00:00+00:00,159.0,163.0,153.0,156.0,213900.0
2024-05-16 09:00:00+00:00,156.0,159.0,152.0,157.0,43200.0
2024-05-17 09:00:00+00:00,157.0,159.0,153.0,153.0,98400.0
2024-05-20 09:00:00+00:00,157.0,157.0,151.0,152.0,440000.0
2024-05-21 09:00:00+00:00,154.0,155.0,150.0,150.0,322400.0
2024-05-22 09:00:00+00:00,150.0,162.0,150.0,150.0,135300.0
2024-05-27 09:00:00+00:00,151.0,184.0,151.0,159.0,1413200.0
2024-05-28 09:00:00+00:00,159.0,165.0,155.0,159.0,385800.0
2024-05-29 09:00:00+00:00,163.0,163.0,155.0,155.0,142100.0
2024-05-30 09:00:00+00:00,155.0,161.0,150.0,159.0,284800.0
2024-05-31 09:00:00+00:00,158.0,160.0,140.0,140.0,466800.0
2024-06-03 09:00:00+00:00,143.0,160.0,143.0,144.0,108800.0
2024-06-04 09:00:00+00:00,152.0,155.0,145.0,149.0,317800.0
2024-06-05 09:00:00+00:00,151.0,152.0,140.0,145.0,1312800.0
2024-06-06 09:00:00+00:00,145.0,153.0,134.0,135.0,3175200.0
2024-06-07 09:00:00+00:00,140.0,140.0,134.0,138.0,953300.0
2024-06-10 09:00:00+00:00,140.0,140.0,130.0,134.0,355200.0
2024-06-11 09:00:00+00:00,134.0,139.0,129.0,136.0,485400.0
2024-06-12 09:00:00+00:00,138.0,138.0,120.0,128.0,424300.0
2024-06-13 09:00:00+00:00,132.0,135.0,122.0,126.0,409200.0
2024-06-14 09:00:00+00:00,122.0,134.0,111.0,124.0,384000.0
2024-06-19 09:00:00+00:00,126.0,133.0,115.0,126.0,412600.0
2024-06-20 09:00:00+00:00,120.0,130.0,110.0,110.0,871100.0
2024-06-21 09:00:00+00:00,115.0,120.0,110.0,115.0,398000.0
2024-06-24 09:00:00+00:00,114.0,120.0,110.0,117.0,259500.0
2024-06-25 09:00:00+00:00,116.0,120.0,116.0,119.0,260200.0
2024-06-26 09:00:00+00:00,119.0,120.0,112.0,117.0,347500.0
2024-06-27 09:00:00+00:00,119.0,120.0,116.0,119.0,31200.0
2024-06-28 09:00:00+00:00,119.0,130.0,119.0,124.0,157900.0
2024-07-01 09:00:00+00:00,124.0,124.0,117.0,117.0,224800.0
2024-07-02 09:00:00+00:00,119.0,119.0,115.0,117.0,297000.0
2024-07-03 09:00:00+00:00,117.0,118.0,112.0,117.0,85900.0
2024-07-04 09:00:00+00:00,127.0,127.0,113.0,116.0,129500.0
2024-07-05 09:00:00+00:00,117.0,130.0,116.0,120.0,431700.0
2024-07-08 09:00:00+00:00,120.0,120.0,115.0,117.0,125700.0
2024-07-09 09:00:00+00:00,118.0,118.0,116.0,116.0,56800.0
2024-07-10 09:00:00+00:00,117.0,117.0,116.0,117.0,125000.0
2024-07-11 09:00:00+00:00,116.0,120.0,115.0,118.0,72800.0
2024-07-12 09:00:00+00:00,118.0,119.0,116.0,119.0,94100.0
2024-07-15 09:00:00+00:00,116.0,119.0,116.0,119.0,78700.0
2024-07-16 09:00:00+00:00,119.0,120.0,116.0,117.0,132700.0
2024-07-17 09:00:00+00:00,116.0,119.0,115.0,117.0,80200.0
2024-07-18 09:00:00+00:00,119.0,119.0,117.0,119.0,57900.0
2024-07-19 09:00:00+00:00,119.0,119.0,116.0,116.0,47800.0
2024-07-22 09:00:00+00:00,118.0,119.0,116.0,116.0,27700.0
2024-07-23 09:00:00+00:00,118.0,120.0,115.0,116.0,353500.0
2024-07-24 09:00:00+00:00,119.0,120.0,115.0,117.0,225200.0
2024-07-25 09:00:00+00:00,118.0,119.0,117.0,119.0,164200.0
2024-07-26 09:00:00+00:00,119.0,119.0,79.0,90.0,19924200.0
2024-07-29 09:00:00+00:00,94.0,112.0,92.0,99.0,9311000.0
2024-07-30 09:00:00+00:00,99.0,106.0,96.0,97.0,1826200.0
2024-07-31 09:00:00+00:00,97.0,97.0,92.0,94.0,1252300.0
2024-08-01 09:00:00+00:00,98.0,98.0,92.0,93.0,359800.0
2024-08-02 09:00:00+00:00,92.0,97.0,92.0,94.0,308500.0
2024-08-05 09:00:00+00:00,94.0,96.0,86.0,87.0,987300.0
2024-08-06 09:00:00+00:00,88.0,90.0,87.0,89.0,424800.0
2024-08-07 09:00:00+00:00,95.0,120.0,91.0,113.0,53222800.0
2024-08-08 09:00:00+00:00,115.0,119.0,103.0,107.0,19440200.0
2024-08-09 09:00:00+00:00,107.0,108.0,101.0,102.0,2135400.0
2024-08-12 09:00:00+00:00,103.0,110.0,99.0,100.0,3324400.0
2024-08-13 09:00:00+00:00,100.0,102.0,96.0,98.0,2640800.0
2024-08-14 09:00:00+00:00,99.0,108.0,99.0,100.0,4920200.0
2024-08-15 09:00:00+00:00,100.0,105.0,99.0,101.0,1250600.0
2024-08-16 09:00:00+00:00,101.0,102.0,100.0,101.0,433600.0
2024-08-19 09:00:00+00:00,101.0,102.0,100.0,100.0,839600.0
2024-08-20 09:00:00+00:00,100.0,102.0,99.0,100.0,1260000.0
2024-08-21 09:00:00+00:00,100.0,102.0,100.0,100.0,1033400.0
2024-08-22 09:00:00+00:00,107.0,121.0,104.0,109.0,22540900.0
2024-08-23 09:00:00+00:00,110.0,110.0,100.0,102.0,6046500.0
2024-08-26 09:00:00+00:00,103.0,108.0,101.0,104.0,4796500.0
2024-08-27 09:00:00+00:00,104.0,106.0,100.0,102.0,4231800.0
2024-08-28 09:00:00+00:00,101.0,103.0,99.0,99.0,3609800.0
2024-08-29 09:00:00+00:00,100.0,101.0,96.0,100.0,6497200.0
2024-08-30 09:00:00+00:00,102.0,102.0,97.0,98.0,4422800.0
2024-09-02 09:00:00+00:00,98.0,101.0,97.0,99.0,3323500.0
2024-09-03 09:00:00+00:00,100.0,100.0,97.0,97.0,3361000.0
2024-09-04 09:00:00+00:00,95.0,98.0,95.0,97.0,1716400.0
2024-09-05 09:00:00+00:00,107.0,110.0,96.0,97.0,21242900.0
2024-09-06 09:00:00+00:00,98.0,103.0,95.0,95.0,1465800.0
2024-09-09 09:00:00+00:00,97.0,97.0,93.0,95.0,1678500.0
2024-09-10 09:00:00+00:00,102.0,102.0,94.0,96.0,716400.0
2024-09-11 09:00:00+00:00,101.0,101.0,94.0,95.0,1148300.0
2024-09-12 09:00:00+00:00,96.0,97.0,94.0,94.0,694700.0
2024-09-13 09:00:00+00:00,94.0,97.0,94.0,95.0,1090900.0
2024-09-17 09:00:00+00:00,94.0,96.0,94.0,96.0,1042100.0
2024-09-18 09:00:00+00:00,96.0,96.0,94.0,94.0,737200.0
2024-09-19 09:00:00+00:00,95.0,96.0,94.0,95.0,336000.0
2024-09-20 09:00:00+00:00,95.0,96.0,94.0,95.0,345900.0
2024-09-23 09:00:00+00:00,96.0,97.0,94.0,94.0,1018400.0
2024-09-24 09:00:00+00:00,94.0,96.0,94.0,95.0,854200.0
2024-09-25 09:00:00+00:00,105.0,114.0,94.0,94.0,21494300.0
2024-09-26 09:00:00+00:00,97.0,97.0,94.0,94.0,1801400.0
2024-09-27 09:00:00+00:00,94.0,96.0,94.0,94.0,2223600.0
2024-09-30 09:00:00+00:00,94.0,96.0,94.0,96.0,1193100.0
2024-10-01 09:00:00+00:00,96.0,97.0,94.0,94.0,803600.0
2024-10-02 09:00:00+00:00,95.0,96.0,93.0,95.0,1236900.0
2024-10-03 09:00:00+00:00,95.0,95.0,94.0,94.0,490600.0
2024-10-04 09:00:00+00:00,94.0,95.0,93.0,94.0,722000.0
2024-10-07 09:00:00+00:00,94.0,95.0,93.0,94.0,252700.0
2024-10-08 09:00:00+00:00,94.0,95.0,93.0,94.0,272100.0
2024-10-09 09:00:00+00:00,95.0,95.0,94.0,94.0,138200.0
2024-10-10 09:00:00+00:00,94.0,96.0,94.0,94.0,52700.0
2024-10-11 09:00:00+00:00,94.0,96.0,93.0,95.0,232000.0
2024-10-14 09:00:00+00:00,95.0,95.0,93.0,94.0,806200.0
2024-10-15 09:00:00+00:00,94.0,94.0,93.0,93.0,307200.0
2024-10-16 09:00:00+00:00,94.0,94.0,93.0,93.0,384700.0
2024-10-17 09:00:00+00:00,93.0,96.0,93.0,96.0,385600.0
2024-10-18 09:00:00+00:00,96.0,96.0,94.0,94.0,313200.0
2024-10-21 09:00:00+00:00,94.0,94.0,93.0,93.0,361100.0
2024-10-22 09:00:00+00:00,93.0,95.0,93.0,94.0,759200.0
2024-10-23 09:00:00+00:00,94.0,95.0,94.0,94.0,232300.0
2024-10-24 09:00:00+00:00,94.0,95.0,94.0,94.0,470300.0
2024-10-25 09:00:00+00:00,94.0,95.0,93.0,93.0,234600.0
2024-10-28 09:00:00+00:00,95.0,95.0,92.0,93.0,696600.0
2024-10-29 09:00:00+00:00,93.0,94.0,93.0,94.0,475900.0
2024-10-30 09:00:00+00:00,94.0,95.0,93.0,94.0,274300.0
2024-10-31 09:00:00+00:00,94.0,94.0,92.0,92.0,201300.0
2024-11-01 09:00:00+00:00,93.0,93.0,85.0,91.0,631100.0
2024-11-04 09:00:00+00:00,91.0,113.0,90.0,94.0,41440200.0
2024-11-05 09:00:00+00:00,94.0,101.0,91.0,92.0,5392300.0
2024-11-06 09:00:00+00:00,95.0,96.0,91.0,92.0,1124700.0
2024-11-07 09:00:00+00:00,92.0,94.0,91.0,91.0,907600.0
2024-11-08 09:00:00+00:00,93.0,93.0,90.0,90.0,993700.0
2024-11-11 09:00:00+00:00,90.0,93.0,90.0,90.0,1939500.0
2024-11-12 09:00:00+00:00,92.0,95.0,90.0,92.0,1240400.0
2024-11-13 09:00:00+00:00,92.0,92.0,89.0,90.0,1617100.0
2024-11-14 09:00:00+00:00,90.0,90.0,85.0,85.0,2285500.0
2024-11-15 09:00:00+00:00,85.0,92.0,85.0,87.0,887900.0
2024-11-18 09:00:00+00:00,86.0,92.0,85.0,87.0,3614400.0
2024-11-19 09:00:00+00:00,87.0,89.0,86.0,89.0,1577600.0
2024-11-20 09:00:00+00:00,88.0,90.0,87.0,89.0,249900.0
2024-11-21 09:00:00+00:00,89.0,89.0,86.0,89.0,354700.0
2024-11-22 09:00:00+00:00,88.0,90.0,88.0,88.0,209900.0
2024-11-25 09:00:00+00:00,89.0,90.0,85.0,87.0,2143300.0
2024-11-26 09:00:00+00:00,88.0,88.0,85.0,87.0,589700.0
2024-11-28 09:00:00+00:00,87.0,99.0,86.0,88.0,4643100.0
2024-11-29 09:00:00+00:00,88.0,88.0,85.0,85.0,510800.0
2024-12-02 09:00:00+00:00,87.0,88.0,82.0,86.0,1630500.0
2024-12-03 09:00:00+00:00,85.0,86.0,85.0,86.0,718000.0
2024-12-04 09:00:00+00:00,86.0,86.0,83.0,85.0,1617100.0
2024-12-05 09:00:00+00:00,85.0,86.0,84.0,86.0,420800.0
2024-12-06 09:00:00+00:00,85.0,86.0,84.0,85.0,696900.0
2024-12-09 09:00:00+00:00,85.0,90.0,85.0,86.0,844900.0
2024-12-10 09:00:00+00:00,86.0,88.0,85.0,86.0,385900.0
2024-12-11 09:00:00+00:00,87.0,87.0,85.0,86.0,361200.0
2024-12-12 09:00:00+00:00,86.0,87.0,85.0,86.0,1346900.0
2024-12-13 09:00:00+00:00,86.0,89.0,85.0,86.0,1965100.0
2024-12-16 09:00:00+00:00,86.0,88.0,84.0,86.0,1360400.0
2024-12-17 09:00:00+00:00,86.0,86.0,84.0,85.0,611600.0
2024-12-18 09:00:00+00:00,85.0,89.0,83.0,84.0,633500.0
2024-12-19 09:00:00+00:00,86.0,86.0,82.0,83.0,874000.0
2024-12-20 09:00:00+00:00,84.0,85.0,83.0,84.0,596800.0
2024-12-23 09:00:00+00:00,84.0,85.0,79.0,80.0,3037200.0
2024-12-24 09:00:00+00:00,81.0,83.0,80.0,81.0,2476900.0
2024-12-27 09:00:00+00:00,82.0,83.0,81.0,82.0,649100.0
2024-12-30 09:00:00+00:00,83.0,83.0,81.0,82.0,177500.0
2025-01-02 09:00:00+00:00,80.0,83.0,79.0,81.0,162800.0
2025-01-03 09:00:00+00:00,81.0,82.0,80.0,81.0,544100.0
2025-01-06 09:00:00+00:00,81.0,81.0,79.0,80.0,738700.0
2025-01-07 09:00:00+00:00,81.0,81.0,79.0,80.0,1032100.0
2025-01-08 09:00:00+00:00,80.0,81.0,77.0,81.0,1382800.0
2025-01-09 09:00:00+00:00,80.0,81.0,79.0,81.0,1450300.0
2025-01-10 09:00:00+00:00,80.0,81.0,79.0,79.0,405600.0
2025-01-13 09:00:00+00:00,79.0,80.0,78.0,79.0,148600.0
2025-01-14 09:00:00+00:00,79.0,79.0,78.0,78.0,343000.0
2025-01-15 09:00:00+00:00,78.0,79.0,76.0,76.0,1667900.0
2025-01-16 09:00:00+00:00,79.0,79.0,76.0,78.0,671900.0
2025-01-17 09:00:00+00:00,78.0,79.0,76.0,77.0,576300.0
2025-01-20 09:00:00+00:00,77.0,78.0,76.0,76.0,419700.0
2025-01-21 09:00:00+00:00,76.0,78.0,76.0,78.0,413000.0
2025-01-22 09:00:00+00:00,78.0,78.0,76.0,77.0,319900.0
2025-01-23 09:00:00+00:00,77.0,78.0,76.0,77.0,204100.0
2025-01-24 09:00:00+00:00,76.0,77.0,74.0,76.0,1141400.0
2025-01-30 09:00:00+00:00,76.0,76.0,68.0,70.0,3587700.0
2025-01-31 09:00:00+00:00,70.0,71.0,69.0,70.0,1569800.0
2025-02-03 09:00:00+00:00,70.0,70.0,63.0,66.0,1639700.0
2025-02-04 09:00:00+00:00,67.0,89.0,67.0,89.0,33321000.0
2025-02-05 09:00:00+00:00,90.0,118.0,89.0,98.0,63610100.0
2025-02-06 09:00:00+00:00,99.0,111.0,97.0,101.0,17091200.0
2025-02-07 09:00:00+00:00,101.0,102.0,84.0,91.0,6311400.0
2025-02-10 09:00:00+00:00,91.0,93.0,82.0,83.0,3007900.0
2025-02-11 09:00:00+00:00,81.0,91.0,80.0,83.0,3599700.0
2025-02-12 09:00:00+00:00,83.0,83.0,75.0,77.0,2924600.0
2025-02-13 09:00:00+00:00,77.0,98.0,75.0,81.0,40110200.0
2025-02-14 09:00:00+00:00,82.0,84.0,80.0,81.0,4102700.0
2025-02-17 09:00:00+00:00,81.0,85.0,81.0,82.0,3142100.0
2025-02-18 09:00:00+00:00,82.0,95.0,82.0,86.0,22264700.0
2025-02-19 09:00:00+00:00,85.0,86.0,83.0,86.0,3894100.0
2025-02-20 09:00:00+00:00,86.0,88.0,83.0,83.0,2628500.0
2025-02-21 09:00:00+00:00,81.0,84.0,81.0,82.0,924800.0
2025-02-24 09:00:00+00:00,82.0,82.0,78.0,80.0,1584100.0
2025-02-25 09:00:00+00:00,78.0,80.0,77.0,77.0,1580000.0
2025-02-26 09:00:00+00:00,78.0,80.0,76.0,76.0,740500.0
2025-02-27 09:00:00+00:00,78.0,78.0,75.0,76.0,1174000.0
2025-02-28 09:00:00+00:00,77.0,78.0,76.0,76.0,1086600.0
2025-03-03 09:00:00+00:00,77.0,80.0,75.0,78.0,2898800.0
2025-03-04 09:00:00+00:00,77.0,77.0,75.0,75.0,1317000.0
2025-03-05 09:00:00+00:00,74.0,84.0,73.0,77.0,5368700.0
2025-03-06 09:00:00+00:00,80.0,82.0,78.0,78.0,1570500.0
2025-03-07 09:00:00+00:00,78.0,79.0,76.0,78.0,935700.0
2025-03-10 09:00:00+00:00,78.0,80.0,76.0,78.0,362700.0
2025-03-11 09:00:00+00:00,80.0,80.0,77.0,78.0,431300.0
2025-03-12 09:00:00+00:00,77.0,79.0,76.0,77.0,311800.0
2025-03-13 09:00:00+00:00,77.0,80.0,75.0,78.0,644500.0
2025-03-14 09:00:00+00:00,77.0,80.0,77.0,78.0,187300.0
2025-03-17 09:00:00+00:00,78.0,80.0,78.0,78.0,432200.0
2025-03-18 09:00:00+00:00,80.0,80.0,73.0,77.0,663900.0
2025-03-19 09:00:00+00:00,77.0,79.0,76.0,76.0,289900.0
2025-03-20 09:00:00+00:00,79.0,79.0,76.0,76.0,318300.0
2025-03-21 09:00:00+00:00,78.0,78.0,76.0,76.0,270800.0
2025-03-24 09:00:00+00:00,79.0,79.0,68.0,74.0,1519400.0
2025-03-25 09:00:00+00:00,74.0,77.0,68.0,69.0,1492500.0
2025-03-26 09:00:00+00:00,70.0,74.0,68.0,74.0,373100.0
2025-03-27 09:00:00+00:00,73.0,78.0,70.0,74.0,471100.0
2025-04-08 09:00:00+00:00,72.0,72.0,63.0,65.0,2753600.0
2025-04-09 09:00:00+00:00,66.0,68.0,65.0,66.0,245100.0
2025-04-10 09:00:00+00:00,67.0,68.0,66.0,66.0,1040800.0
2025-04-11 09:00:00+00:00,68.0,70.0,66.0,67.0,728600.0
2025-04-14 09:00:00+00:00,67.0,68.0,65.0,67.0,5623900.0
2025-04-15 09:00:00+00:00,67.0,67.0,64.0,65.0,4386800.0
2025-04-16 09:00:00+00:00,65.0,66.0,64.0,65.0,2008100.0
2025-04-17 09:00:00+00:00,65.0,65.0,62.0,63.0,4695600.0
2025-04-21 09:00:00+00:00,63.0,65.0,62.0,63.0,2184200.0
2025-04-22 09:00:00+00:00,63.0,64.0,62.0,64.0,2068700.0
2025-04-23 09:00:00+00:00,65.0,65.0,63.0,64.0,829900.0
2025-04-24 09:00:00+00:00,65.0,67.0,64.0,65.0,2285700.0
2025-04-25 09:00:00+00:00,66.0,72.0,65.0,67.0,6121800.0
2025-04-28 09:00:00+00:00,68.0,70.0,66.0,68.0,1725300.0
2025-04-29 09:00:00+00:00,68.0,69.0,66.0,68.0,1462300.0
2025-04-30 09:00:00+00:00,68.0,69.0,66.0,66.0,1171500.0
2025-05-02 09:00:00+00:00,66.0,68.0,66.0,67.0,956700.0
2025-05-05 09:00:00+00:00,68.0,69.0,67.0,68.0,972500.0
2025-05-06 09:00:00+00:00,69.0,70.0,67.0,69.0,1726100.0
2025-05-07 09:00:00+00:00,69.0,83.0,69.0,78.0,25375400.0
2025-05-08 09:00:00+00:00,79.0,79.0,71.0,74.0,5045800.0
2025-05-09 09:00:00+00:00,73.0,73.0,69.0,70.0,1874600.0
2025-05-14 09:00:00+00:00,70.0,72.0,67.0,72.0,1624600.0
2025-05-15 09:00:00+00:00,73.0,74.0,70.0,72.0,1287600.0
2025-05-16 09:00:00+00:00,72.0,97.0,72.0,97.0,65339400.0
2025-05-19 09:00:00+00:00,110.0,130.0,106.0,130.0,166606600.0
2025-05-20 09:00:00+00:00,135.0,175.0,135.0,175.0,96526000.0
2025-05-21 09:00:00+00:00,175.0,175.0,175.0,175.0,0.0
2025-05-22 09:00:00+00:00,204.0,236.0,200.0,236.0,47709300.0
2025-05-23 09:00:00+00:00,236.0,236.0,236.0,236.0,0.0
2025-05-26 09:00:00+00:00,236.0,236.0,236.0,236.0,0.0
2025-05-27 09:00:00+00:00,236.0,236.0,236.0,236.0,0.0
2025-05-28 09:00:00+00:00,236.0,236.0,236.0,236.0,0.0
2025-06-02 09:00:00+00:00,236.0,236.0,236.0,236.0,0.0
2025-06-03 09:00:00+00:00,236.0,236.0,236.0,236.0,0.0
2025-06-04 09:00:00+00:00,236.0,236.0,236.0,236.0,0.0
2025-06-05 09:00:00+00:00,236.0,236.0,236.0,236.0,0.0
2025-06-10 09:00:00+00:00,236.0,236.0,236.0,236.0,0.0
2025-06-11 09:00:00+00:00,236.0,236.0,236.0,236.0,0.0
2025-06-12 09:00:00+00:00,236.0,236.0,236.0,236.0,0.0
2025-06-13 09:00:00+00:00,236.0,236.0,236.0,236.0,0.0
2025-06-16 09:00:00+00:00,236.0,236.0,236.0,236.0,0.0
2025-06-17 09:00:00+00:00,236.0,236.0,236.0,236.0,0.0
2025-06-18 09:00:00+00:00,236.0,236.0,236.0,236.0,0.0
2025-06-19 09:00:00+00:00,236.0,236.0,236.0,236.0,0.0
2025-06-20 09:00:00+00:00,214.0,214.0,214.0,214.0,4240700.0
2025-06-23 09:00:00+00:00,193.0,193.0,193.0,193.0,15314700.0
2025-06-24 09:00:00+00:00,174.0,174.0,174.0,174.0,3564600.0
2025-06-25 09:00:00+00:00,157.0,159.0,157.0,157.0,16848300.0
2025-06-26 09:00:00+00:00,151.0,162.0,146.0,162.0,9691700.0
2025-06-30 09:00:00+00:00,164.0,178.0,164.0,178.0,7785500.0
2025-07-01 09:00:00+00:00,178.0,182.0,165.0,182.0,10416300.0
2025-07-02 09:00:00+00:00,165.0,188.0,155.0,155.0,29301900.0
2025-07-03 09:00:00+00:00,163.0,208.0,150.0,208.0,60366700.0
2025-07-04 09:00:00+00:00,218.0,256.0,218.0,218.0,61289200.0
2025-07-07 09:00:00+00:00,238.0,252.0,210.0,236.0,29275800.0
2025-07-08 09:00:00+00:00,242.0,260.0,226.0,236.0,19545100.0
2025-07-09 09:00:00+00:00,236.0,242.0,210.0,218.0,10830600.0
2025-07-10 09:00:00+00:00,218.0,220.0,194.0,198.0,14640300.0
2025-07-11 09:00:00+00:00,206.0,226.0,198.0,202.0,20223600.0
2025-07-14 09:00:00+00:00,202.0,202.0,181.0,186.0,10838200.0
2025-07-15 09:00:00+00:00,185.0,186.0,173.0,179.0,7564200.0
2025-07-16 09:00:00+00:00,197.0,212.0,177.0,190.0,16921700.0
2025-07-17 09:00:00+00:00,189.0,194.0,181.0,183.0,5872000.0
2025-07-18 09:00:00+00:00,182.0,185.0,178.0,180.0,6523700.0
2025-07-21 09:00:00+00:00,180.0,180.0,162.0,176.0,8277600.0
2025-07-22 09:00:00+00:00,180.0,236.0,175.0,236.0,130418700.0
2025-07-23 09:00:00+00:00,264.0,294.0,248.0,254.0,127372800.0
2025-07-24 09:00:00+00:00,254.0,286.0,230.0,246.0,40396600.0
2025-07-25 09:00:00+00:00,252.0,276.0,252.0,258.0,10854200.0
2025-07-28 09:00:00+00:00,260.0,304.0,258.0,280.0,52404900.0
2025-07-29 09:00:00+00:00,286.0,294.0,270.0,274.0,10112000.0
2025-07-30 09:00:00+00:00,280.0,342.0,278.0,342.0,47437400.0
2025-07-31 09:00:00+00:00,398.0,426.0,376.0,426.0,20999600.0
2025-08-01 09:00:00+00:00,426.0,426.0,426.0,426.0,0.0
2025-08-04 09:00:00+00:00,426.0,426.0,426.0,426.0,0.0
2025-08-05 09:00:00+00:00,426.0,426.0,426.0,426.0,0.0
2025-08-06 09:00:00+00:00,426.0,426.0,426.0,426.0,0.0
2025-08-07 09:00:00+00:00,426.0,426.0,426.0,426.0,0.0
2025-08-08 09:00:00+00:00,426.0,426.0,426.0,426.0,0.0
2025-08-11 09:00:00+00:00,426.0,426.0,426.0,426.0,0.0
2025-08-12 09:00:00+00:00,426.0,426.0,426.0,426.0,0.0
2025-08-13 09:00:00+00:00,426.0,426.0,426.0,426.0,0.0
2025-08-14 09:00:00+00:00,426.0,426.0,426.0,426.0,0.0
2025-08-15 09:00:00+00:00,426.0,426.0,426.0,426.0,0.0
2025-08-19 09:00:00+00:00,426.0,426.0,426.0,426.0,0.0
2025-08-20 09:00:00+00:00,426.0,426.0,426.0,426.0,0.0
2025-08-21 09:00:00+00:00,426.0,426.0,426.0,426.0,0.0
2025-08-22 09:00:00+00:00,468.0,468.0,468.0,468.0,7706800.0
2025-08-25 09:00:00+00:00,510.0,510.0,510.0,510.0,3674400.0
2025-08-26 09:00:00+00:00,555.0,555.0,460.0,460.0,10536000.0
2025-08-27 09:00:00+00:00,454.0,454.0,436.0,438.0,6875500.0
2025-08-28 09:00:00+00:00,438.0,480.0,438.0,480.0,3767200.0
2025-08-29 09:00:00+00:00,525.0,525.0,525.0,525.0,8710100.0
2025-09-01 09:00:00+00:00,474.0,575.0,474.0,575.0,10404100.0
2025-09-02 09:00:00+00:00,610.0,715.0,600.0,715.0,34832600.0
2025-09-03 09:00:00+00:00,720.0,805.0,620.0,670.0,25948400.0
2025-09-04 09:00:00+00:00,675.0,675.0,580.0,615.0,10590500.0
2025-09-08 09:00:00+00:00,610.0,610.0,525.0,525.0,18410000.0
2025-09-09 09:00:00+00:00,525.0,545.0,456.0,462.0,11333100.0
2025-09-10 09:00:00+00:00,456.0,555.0,456.0,535.0,18664400.0
2025-09-11 09:00:00+00:00,535.0,540.0,498.0,500.0,4522100.0
2025-09-12 09:00:00+00:00,500.0,505.0,480.0,498.0,3712100.0
2025-09-15 09:00:00+00:00,498.0,510.0,484.0,496.0,4376600.0
2025-09-16 09:00:00+00:00,500.0,575.0,500.0,525.0,17512900.0
2025-09-17 09:00:00+00:00,520.0,525.0,488.0,490.0,6115900.0
2025-09-18 09:00:00+00:00,484.0,484.0,418.0,448.0,19055400.0
2025-09-19 09:00:00+00:00,452.0,472.0,436.0,452.0,4435300.0
2025-09-22 09:00:00+00:00,456.0,462.0,434.0,450.0,4505200.0
2025-09-23 09:00:00+00:00,458.0,458.0,424.0,436.0,9518600.0
2025-09-24 09:00:00+00:00,436.0,436.0,392.0,400.0,7042500.0
2025-09-25 09:00:00+00:00,392.0,438.0,354.0,368.0,14594700.0
2025-09-26 09:00:00+00:00,368.0,444.0,362.0,402.0,31312200.0
2025-09-29 09:00:00+00:00,408.0,500.0,408.0,500.0,85295700.0
2025-09-30 09:00:00+00:00,184.5238037109375,186.36904907226562,157.2142791748047,158.6904754638672,92217909.0
2025-10-01 09:00:00+00:00,157.2142791748047,184.5238037109375,143.1904754638672,166.8095245361328,244946167.0
2025-10-02 09:00:00+00:00,176.40475463867188,176.40475463867188,161.64285278320312,166.07142639160156,56977200.0
2025-10-03 09:00:00+00:00,169.0238037109375,169.0238037109375,158.6904754638672,164.59524536132812,31062929.0
2025-10-06 09:00:00+00:00,165.3333282470703,169.76190185546875,162.38095092773438,164.59524536132812,45953419.0
2025-10-07 09:00:00+00:00,166.07142639160156,204.82142639160156,162.38095092773438,204.82142639160156,145765470.0
2025-10-08 09:00:00+00:00,221.42857360839844,252.79762268066406,197.4404754638672,232.5,273009754.0
2025-10-09 09:00:00+00:00,288.0,290.0,254.0,290.0,58960800.0
2025-10-10 09:00:00+00:00,326.0,362.0,310.0,362.0,143415300.0
2025-10-13 09:00:00+00:00,410.0,448.0,338.0,338.0,87259300.0
2025-10-14 09:00:00+00:00,340.0,348.0,288.0,288.0,45318300.0
2025-10-15 09:00:00+00:00,246.0,246.0,246.0,246.0,9494800.0
2025-10-16 09:00:00+00:00,210.0,306.0,210.0,306.0,533616500.0
2025-10-17 09:00:00+00:00,262.0,298.0,262.0,262.0,198162500.0
2025-10-20 09:00:00+00:00,258.0,286.0,226.0,246.0,168339900.0
2025-10-21 09:00:00+00:00,256.0,306.0,252.0,306.0,348767300.0
2025-10-22 09:00:00+00:00,350.0,382.0,330.0,382.0,572780300.0
2025-10-23 09:00:00+00:00,422.0,456.0,376.0,388.0,737744500.0
2025-10-24 09:00:00+00:00,338.0,382.0,330.0,370.0,365113900.0
2025-10-27 09:00:00+00:00,400.0,440.0,332.0,356.0,298790200.0
2025-10-28 09:00:00+00:00,384.0,444.0,340.0,444.0,759824000.0
2025-10-29 09:00:00+00:00,416.0,520.0,414.0,420.0,1312773000.0
2025-10-30 09:00:00+00:00,418.0,468.0,416.0,430.0,375957600.0
2025-10-31 09:00:00+00:00,440.0,454.0,404.0,410.0,174405300.0
2025-11-03 09:00:00+00:00,414.0,438.0,394.0,410.0,200349200.0
2025-11-04 09:00:00+00:00,414.0,428.0,398.0,406.0,123832800.0
2025-11-05 09:00:00+00:00,398.0,418.0,394.0,410.0,81226600.0
2025-11-06 09:00:00+00:00,414.0,434.0,410.0,426.0,137591800.0
2025-11-07 09:00:00+00:00,428.0,440.0,418.0,430.0,105820000.0
2025-11-10 09:00:00+00:00,430.0,456.0,428.0,432.0,114603500.0
2025-11-11 09:00:00+00:00,434.0,436.0,412.0,418.0,113431200.0
2025-11-12 09:00:00+00:00,420.0,428.0,412.0,416.0,39107200.0
2025-11-13 09:00:00+00:00,416.0,420.0,406.0,414.0,57182300.0
2025-11-14 09:00:00+00:00,414.0,440.0,408.0,418.0,131323600.0
2025-11-17 09:00:00+00:00,418.0,470.0,412.0,424.0,394816800.0
2025-11-18 09:00:00+00:00,428.0,434.0,414.0,420.0,61195600.0
2025-11-19 09:00:00+00:00,424.0,424.0,414.0,416.0,33366000.0
2025-11-20 09:00:00+00:00,418.0,434.0,412.0,416.0,72793400.0
2025-11-21 09:00:00+00:00,418.0,420.0,404.0,406.0,56700700.0
2025-11-24 09:00:00+00:00,406.0,418.0,402.0,404.0,60043500.0
2025-11-25 09:00:00+00:00,404.0,412.0,402.0,404.0,38043200.0
2025-11-26 09:00:00+00:00,404.0,408.0,394.0,402.0,62650700.0
2025-11-27 09:00:00+00:00,404.0,424.0,396.0,400.0,122272500.0
2025-11-28 09:00:00+00:00,402.0,412.0,398.0,400.0,31129300.0
2025-12-01 09:00:00+00:00,406.0,408.0,394.0,394.0,52801600.0
2025-12-02 09:00:00+00:00,396.0,398.0,374.0,388.0,57149000.0
2025-12-03 09:00:00+00:00,388.0,388.0,368.0,372.0,75357400.0
2025-12-04 09:00:00+00:00,372.0,382.0,370.0,380.0,29124100.0
2025-12-05 09:00:00+00:00,390.0,390.0,372.0,374.0,23841000.0
2025-12-08 09:00:00+00:00,374.0,388.0,364.0,384.0,39942900.0
2025-12-09 09:00:00+00:00,386.0,424.0,378.0,384.0,202519000.0
2025-12-10 09:00:00+00:00,386.0,408.0,372.0,382.0,106250700.0
2025-12-11 09:00:00+00:00,382.0,384.0,370.0,372.0,49961400.0
2025-12-12 09:00:00+00:00,370.0,376.0,352.0,354.0,44473100.0
2025-12-15 09:00:00+00:00,352.0,354.0,320.0,322.0,88947400.0
2025-12-16 09:00:00+00:00,322.0,354.0,322.0,336.0,43724400.0
2025-12-17 09:00:00+00:00,340.0,348.0,334.0,340.0,23239700.0
2025-12-18 09:00:00+00:00,342.0,346.0,330.0,332.0,15913900.0
2025-12-19 09:00:00+00:00,336.0,340.0,312.0,316.0,27770700.0
2025-12-22 09:00:00+00:00,328.0,332.0,316.0,320.0,19543600.0
2025-12-23 09:00:00+00:00,316.0,332.0,316.0,330.0,15176300.0
2025-12-24 09:00:00+00:00,336.0,338.0,316.0,316.0,13819700.0
2025-12-29 09:00:00+00:00,318.0,346.0,310.0,340.0,26514700.0
2025-12-30 09:00:00+00:00,340.0,344.0,332.0,336.0,14444800.0
2026-01-02 09:00:00+00:00,336.0,380.0,330.0,374.0,49712500.0
2026-01-05 09:00:00+00:00,390.0,414.0,366.0,392.0,167212100.0
2026-01-06 09:00:00+00:00,398.0,398.0,380.0,388.0,37092800.0
2026-01-07 09:00:00+00:00,380.0,396.0,376.0,376.0,40414200.0
2026-01-08 09:00:00+00:00,370.0,380.0,362.0,364.0,22684700.0
2026-01-09 09:00:00+00:00,368.0,374.0,356.0,356.0,14788700.0
2026-01-12 09:00:00+00:00,356.0,372.0,332.0,342.0,36310600.0
2026-01-13 09:00:00+00:00,358.0,360.0,358.0,358.0,15868800.0
2026-01-14 09:00:00+00:00,392.0,392.0,392.0,392.0,37038600.0
2026-01-15 09:00:00+00:00,430.0,430.0,392.0,394.0,43040100.0
2026-01-19 09:00:00+00:00,430.0,432.0,420.0,432.0,100608200.0
2026-01-20 09:00:00+00:00,474.0,474.0,474.0,474.0,60405800.0
2026-01-21 09:00:00+00:00,474.0,474.0,428.0,450.0,29201800.0
2026-01-22 09:00:00+00:00,442.0,442.0,410.0,410.0,22045700.0
2026-01-23 09:00:00+00:00,400.0,440.0,400.0,420.0,23656500.0
2026-01-26 09:00:00+00:00,420.0,420.0,388.0,388.0,10719500.0
2026-01-27 09:00:00+00:00,398.0,398.0,388.0,396.0,9230000.0
2026-01-28 09:00:00+00:00,358.0,358.0,358.0,358.0,4689000.0
2026-01-29 09:00:00+00:00,324.0,330.0,324.0,324.0,23190900.0
2026-01-30 09:00:00+00:00,354.0,356.0,328.0,328.0,12166000.0
2026-02-02 09:00:00+00:00,296.0,296.0,296.0,296.0,8393700.0
2026-02-03 09:00:00+00:00,268.0,300.0,268.0,296.0,20356800.0
2026-02-04 09:00:00+00:00,296.0,300.0,296.0,300.0,10682200.0
2026-02-05 09:00:00+00:00,270.0,270.0,270.0,270.0,18716800.0
2026-02-06 09:00:00+00:00,244.0,244.0,244.0,244.0,9277000.0
2026-02-09 09:00:00+00:00,220.0,268.0,220.0,268.0,24758800.0
2026-02-10 09:00:00+00:00,270.0,294.0,270.0,294.0,10623300.0
2026-02-11 09:00:00+00:00,300.0,322.0,300.0,322.0,9711100.0
2026-02-12 09:00:00+00:00,332.0,340.0,290.0,290.0,8573800.0
2026-02-13 09:00:00+00:00,318.0,318.0,318.0,318.0,8069700.0
2026-02-18 09:00:00+00:00,344.0,344.0,316.0,316.0,5117500.0
2026-02-19 09:00:00+00:00,316.0,316.0,316.0,316.0,4071000.0
2026-02-20 09:00:00+00:00,316.0,316.0,316.0,316.0,2080600.0
2026-02-23 09:00:00+00:00,316.0,316.0,314.0,314.0,2990000.0
2026-02-24 09:00:00+00:00,288.0,314.0,288.0,294.0,4905800.0
2026-02-25 09:00:00+00:00,294.0,294.0,284.0,284.0,5065100.0
2026-02-26 09:00:00+00:00,312.0,312.0,312.0,312.0,9361400.0
2026-02-27 09:00:00+00:00,342.0,342.0,342.0,342.0,15450800.0
2026-03-02 09:00:00+00:00,376.0,376.0,376.0,376.0,29164600.0
2026-03-03 09:00:00+00:00,344.0,346.0,340.0,340.0,12410800.0
2026-03-04 09:00:00+00:00,322.0,322.0,306.0,306.0,5763700.0
2026-03-05 09:00:00+00:00,336.0,336.0,336.0,336.0,4637700.0
2026-03-06 09:00:00+00:00,336.0,336.0,320.0,330.0,5102200.0
2026-03-09 09:00:00+00:00,298.0,298.0,298.0,298.0,4956400.0
2026-03-10 09:00:00+00:00,320.0,320.0,288.0,318.0,3989100.0
2026-03-11 09:00:00+00:00,324.0,348.0,302.0,348.0,13732500.0
2026-03-12 09:00:00+00:00,382.0,382.0,320.0,340.0,41922100.0
2026-03-13 09:00:00+00:00,310.0,310.0,306.0,306.0,13485500.0
2026-03-16 09:00:00+00:00,290.0,300.0,290.0,294.0,2166600.0
2026-03-17 09:00:00+00:00,310.0,310.0,310.0,310.0,2675800.0
2026-03-25 09:00:00+00:00,324.0,330.0,324.0,326.0,4364000.0
2026-03-26 09:00:00+00:00,346.0,346.0,330.0,338.0,6279100.0
2026-03-27 09:00:00+00:00,340.0,350.0,340.0,350.0,6781700.0
2026-03-30 09:00:00+00:00,322.0,350.0,322.0,350.0,5869300.0
2026-03-31 09:00:00+00:00,370.0,370.0,326.0,326.0,5089100.0
2026-04-01 09:00:00+00:00,358.0,358.0,358.0,358.0,12542200.0
2026-04-02 09:00:00+00:00,400.0,400.0,314.0,314.0,80191500.0
2026-04-06 09:00:00+00:00,300.0,330.0,292.0,314.0,11176200.0
2026-04-07 09:00:00+00:00,316.0,324.0,300.0,302.0,5043100.0
2026-04-08 09:00:00+00:00,310.0,340.0,310.0,318.0,11205100.0
2026-04-09 09:00:00+00:00,322.0,374.0,312.0,338.0,148093000.0
2026-04-10 09:00:00+00:00,344.0,356.0,332.0,332.0,23224800.0
2026-04-13 09:00:00+00:00,332.0,400.0,332.0,394.0,81318900.0
2026-04-14 09:00:00+00:00,414.0,456.0,400.0,450.0,217611800.0
2026-04-15 09:00:00+00:00,450.0,460.0,418.0,428.0,100925900.0
2026-04-16 09:00:00+00:00,430.0,442.0,422.0,434.0,30434800.0
2026-04-17 09:00:00+00:00,436.0,458.0,410.0,410.0,54512500.0
2026-04-20 09:00:00+00:00,410.0,436.0,402.0,420.0,37594800.0
2026-04-21 09:00:00+00:00,440.0,440.0,412.0,418.0,39407700.0
2026-04-22 09:00:00+00:00,434.0,520.0,422.0,520.0,307294500.0
2026-04-23 09:00:00+00:00,530.0,570.0,442.0,444.0,384101900.0
2026-04-24 09:00:00+00:00,400.0,416.0,378.0,378.0,261601100.0
2026-04-27 09:00:00+00:00,370.0,394.0,346.0,368.0,89150400.0
2026-04-28 09:00:00+00:00,370.0,376.0,340.0,346.0,60504000.0
2026-04-29 09:00:00+00:00,346.0,362.0,332.0,336.0,53182000.0
2026-04-30 09:00:00+00:00,342.0,344.0,300.0,320.0,76260100.0
2026-05-04 09:00:00+00:00,322.0,336.0,310.0,312.0,28562800.0
2026-05-05 09:00:00+00:00,310.0,326.0,306.0,318.0,33288600.0
2026-05-06 09:00:00+00:00,324.0,396.0,324.0,366.0,303138400.0
2026-05-07 09:00:00+00:00,372.0,402.0,360.0,372.0,215101800.0
2026-05-08 09:00:00+00:00,380.0,384.0,338.0,338.0,86372100.0
2026-05-11 09:00:00+00:00,334.0,364.0,334.0,342.0,28354000.0
2026-05-12 09:00:00+00:00,348.0,356.0,306.0,334.0,46870800.0
2026-05-13 09:00:00+00:00,334.0,352.0,328.0,336.0,19069000.0
2026-05-14 09:00:00+00:00,336.0,336.0,336.0,336.0,0.0
2026-05-15 09:00:00+00:00,336.0,336.0,336.0,336.0,0.0
2026-05-18 09:00:00+00:00,336.0,336.0,300.0,310.0,60670000.0
2026-05-19 09:00:00+00:00,306.0,308.0,264.0,264.0,95992400.0
2026-05-20 09:00:00+00:00,250.0,276.0,228.0,256.0,56277800.0
2026-05-21 09:00:00+00:00,274.0,274.0,222.0,226.0,41753600.0
2026-05-22 09:00:00+00:00,224.0,256.0,210.0,252.0,27793100.0
2026-05-25 09:00:00+00:00,252.0,274.0,232.0,252.0,15888600.0
2026-05-26 09:00:00+00:00,246.0,256.0,234.0,236.0,13047100.0
2026-05-27 09:00:00+00:00,236.0,236.0,236.0,236.0,0.0
2026-05-28 09:00:00+00:00,236.0,236.0,236.0,236.0,0.0
2026-05-29 09:00:00+00:00,236.0,266.0,236.0,248.0,21515500.0
2026-06-02 09:00:00+00:00,248.0,256.0,236.0,242.0,11072800.0
2026-06-03 09:00:00+00:00,242.0,246.0,206.0,206.0,36229300.0
2026-06-04 09:00:00+00:00,200.0,202.0,176.0,187.0,43645600.0
2026-06-05 09:00:00+00:00,188.0,192.0,167.0,170.0,15483000.0
2026-06-08 09:00:00+00:00,159.0,169.0,145.0,158.0,30521400.0
2026-06-09 09:00:00+00:00,162.0,185.0,147.0,180.0,18728900.0
2026-06-10 09:00:00+00:00,180.0,202.0,175.0,190.0,32620400.0
2026-06-11 09:00:00+00:00,192.0,193.0,170.0,180.0,14573500.0
2026-06-12 09:00:00+00:00,176.0,218.0,168.0,194.0,42029600.0
2026-06-15 09:00:00+00:00,200.0,210.0,196.0,199.0,25055900.0
2026-06-17 09:00:00+00:00,200.0,210.0,192.0,202.0,16547900.0
2026-06-18 09:00:00+00:00,197.0,200.0,187.0,192.0,10043200.0
2026-06-19 09:00:00+00:00,194.0,197.0,186.0,189.0,8146400.0
2026-06-22 09:00:00+00:00,190.0,210.0,181.0,184.0,36289000.0
2026-06-23 09:00:00+00:00,185.0,197.0,183.0,189.0,11156900.0
2026-06-24 09:00:00+00:00,193.0,212.0,175.0,179.0,48968700.0
2026-06-25 09:00:00+00:00,184.0,189.0,180.0,187.0,9316300.0
2026-06-26 09:00:00+00:00,188.0,188.0,167.0,170.0,15758100.0
2026-06-29 09:00:00+00:00,99.25719451904297,100.9784164428711,83.19244384765625,83.19244384765625,87354048.0
2026-06-30 09:00:00+00:00,83.19244384765625,83.19244384765625,71.14388275146484,73.43885040283203,161131240.0
2026-07-01 09:00:00+00:00,73.43885040283203,98.68345642089844,66.553955078125,98.68345642089844,307759246.0
2026-07-02 09:00:00+00:00,133.10791015625,133.10791015625,117.04316711425781,133.10791015625,295009068.0
2026-07-03 09:00:00+00:00,153.76258850097656,166.3848876953125,139.9927978515625,166.3848876953125,652808663.0
2026-07-06 09:00:00+00:00,179.00718688964844,196.21942138671875,170.97482299804688,188.1870574951172,800257248.0
2026-07-07 09:00:00+00:00,192.7769775390625,205.39927673339844,160.64747619628906,164.08993530273438,823620752.0
2026-07-08 09:00:00+00:00,162.94244384765625,177.85971069335938,154.91006469726562,159.5,541218766.0
2026-07-09 09:00:00+00:00,212.0,216.0,166.0,173.0,1183997400.0
2026-07-10 09:00:00+00:00,172.0,185.0,165.0,167.0,272885100.0
2026-07-13 09:00:00+00:00,168.0,171.0,149.0,155.0,305440700.0
2026-07-14 09:00:00+00:00,155.0,156.0,137.0,143.0,444391600.0
2026-07-15 09:00:00+00:00,138.0,140.0,129.0,129.0,426768500.0
2026-07-16 09:00:00+00:00,128.0,138.0,125.0,133.0,677402000.0
2026-07-17 09:00:00+00:00,132.0,136.0,128.0,131.0,273326600.0
2026-07-20 09:00:00+00:00,131.0,133.0,128.0,130.0,327570200.0
2026-07-21 09:00:00+00:00,129.0,145.0,125.0,144.0,1391916200.0
2026-07-22 09:00:00+00:00,141.0,142.0,131.0,135.0,730666000.0
2026-07-23 09:00:00+00:00,135.0,155.0,134.0,141.0,1623508600.0
2026-07-24 09:00:00+00:00,139.0,142.0,120.0,120.0,1799840600.0
2026-07-27 09:00:00+00:00,112.0,117.0,106.0,110.0,1152610700.0
2026-07-28 09:00:00+00:00,111.0,119.0,110.0,112.0,826403300.0
2026-07-29 09:00:00+00:00,112.0,116.0,103.0,107.0,428584700.0
2026-07-30 09:00:00+00:00,107.0,110.0,103.0,105.0,297449800.0
2026-07-31 09:00:00+00:00,107.0,116.0,107.0,111.0,542878000.0
2026-08-03 09:00:00+00:00,109.0,111.0,100.0,103.0,777351800.0
2026-08-04 09:00:00+00:00,103.0,108.0,101.0,105.0,360107200.0
2026-08-05 09:00:00+00:00,106.0,112.0,106.0,111.0,499806000.0
2026-08-06 09:00:00+00:00,112.0,113.0,106.0,108.0,442712400.0
2026-08-07 09:00:00+00:00,107.0,109.0,107.0,108.0,167834100.0
2026-08-10 09:00:00+00:00,108.0,108.0,104.0,104.0,234956200.0
2026-08-11 09:00:00+00:00,105.0,105.0,100.0,101.0,239317800.0
2026-08-12 09:00:00+00:00,101.0,103.0,98.0,102.0,176310500.0
2026-08-13 09:00:00+00:00,103.0,104.0,99.0,100.0,187886200.0
2026-08-14 09:00:00+00:00,100.0,103.0,98.0,101.0,123295000.0
2026-08-18 09:00:00+00:00,102.0,104.0,100.0,100.0,160409000.0
2026-08-19 09:00:00+00:00,100.0,100.0,96.0,98.0,179024900.0
2026-08-20 09:00:00+00:00,98.0,106.0,98.0,102.0,317859300.0
2026-08-21 09:00:00+00:00,104.0,107.0,102.0,103.0,275725100.0
2026-08-24 09:00:00+00:00,103.0,105.0,101.0,103.0,128323100.0
2026-08-26 09:00:00+00:00,103.0,103.0,98.0,98.0,144674400.0
2026-08-27 09:00:00+00:00,97.0,101.0,96.0,100.0,118041600.0
2026-08-28 09:00:00+00:00,101.0,102.0,99.0,100.0,103145900.0
2026-08-31 09:00:00+00:00,100.0,106.0,98.0,106.0,329036400.0
2026-09-01 09:00:00+00:00,108.0,132.0,106.0,129.0,4190605600.0
2026-09-02 09:00:00+00:00,126.0,127.0,116.0,120.0,1336513000.0
2026-09-03 09:00:00+00:00,121.0,134.0,121.0,130.0,2356894700.0
2026-09-04 09:00:00+00:00,134.0,139.0,130.0,132.0,2148635400.0
2026-09-07 09:00:00+00:00,134.0,136.0,127.0,132.0,607086600.0
2026-09-08 09:00:00+00:00,134.0,144.0,133.0,144.0,1517341600.0
2026-09-09 09:00:00+00:00,146.0,147.0,139.0,144.0,1142614300.0
2026-09-10 09:00:00+00:00,146.0,148.0,137.0,137.0,765775800.0
2026-09-11 09:00:00+00:00,132.0,135.0,125.0,131.0,727197200.0
2026-09-14 09:00:00+00:00,131.0,140.0,128.0,140.0,787911900.0
2026-09-15 09:00:00+00:00,142.0,151.0,137.0,139.0,1747011400.0
2026-09-16 09:00:00+00:00,139.0,141.0,132.0,133.0,393378200.0
2026-09-17 09:00:00+00:00,133.0,139.0,131.0,137.0,314008600.0
2026-09-18 09:00:00+00:00,137.0,138.0,133.0,133.0,179570800.0
2026-09-21 09:00:00+00:00,133.0,136.0,129.0,131.0,204471600.0
2026-09-22 09:00:00+00:00,131.0,134.0,115.0,118.0,869686800.0
