ts,open,high,low,close,volume
2018-09-04 09:00:00+00:00,1315.0,1325.0,1260.0,1270.0,11245100.0
2018-09-05 09:00:00+00:00,1260.0,1260.0,1190.0,1210.0,27718200.0
2018-09-06 09:00:00+00:00,1205.0,1235.0,1200.0,1215.0,18683200.0
2018-09-07 09:00:00+00:00,1240.0,1240.0,1215.0,1235.0,10317000.0
2018-09-10 09:00:00+00:00,1235.0,1235.0,1215.0,1225.0,14006900.0
2018-09-11 09:00:00+00:00,1225.0,1225.0,1225.0,1225.0,0.0
2018-09-12 09:00:00+00:00,1240.0,1240.0,1200.0,1200.0,21469000.0
2018-09-13 09:00:00+00:00,1210.0,1215.0,1190.0,1190.0,41734100.0
2018-09-14 09:00:00+00:00,1215.0,1240.0,1215.0,1235.0,26844600.0
2018-09-17 09:00:00+00:00,1225.0,1225.0,1205.0,1220.0,3431300.0
2018-09-18 09:00:00+00:00,1230.0,1230.0,1200.0,1210.0,10940900.0
2018-09-19 09:00:00+00:00,1230.0,1255.0,1220.0,1255.0,14090700.0
2018-09-20 09:00:00+00:00,1260.0,1275.0,1240.0,1260.0,12838400.0
2018-09-21 09:00:00+00:00,1260.0,1290.0,1255.0,1290.0,34421100.0
2018-09-24 09:00:00+00:00,1290.0,1295.0,1265.0,1290.0,8239800.0
2018-09-25 09:00:00+00:00,1290.0,1320.0,1280.0,1320.0,9457400.0
2018-09-26 09:00:00+00:00,1320.0,1330.0,1300.0,1320.0,10416600.0
2018-09-27 09:00:00+00:00,1330.0,1355.0,1315.0,1355.0,16709300.0
2018-09-28 09:00:00+00:00,1355.0,1390.0,1345.0,1380.0,26615200.0
2018-10-01 09:00:00+00:00,1350.0,1395.0,1350.0,1385.0,6806300.0
2018-10-02 09:00:00+00:00,1360.0,1390.0,1360.0,1375.0,21906000.0
2018-10-03 09:00:00+00:00,1370.0,1390.0,1355.0,1380.0,17018000.0
2018-10-04 09:00:00+00:00,1355.0,1360.0,1295.0,1300.0,18932300.0
2018-10-05 09:00:00+00:00,1300.0,1310.0,1265.0,1265.0,16508100.0
2018-10-08 09:00:00+00:00,1275.0,1315.0,1275.0,1290.0,15463500.0
2018-10-09 09:00:00+00:00,1290.0,1310.0,1250.0,1250.0,12386900.0
2018-10-10 09:00:00+00:00,1250.0,1285.0,1250.0,1285.0,13994100.0
2018-10-11 09:00:00+00:00,1250.0,1270.0,1240.0,1255.0,19617700.0
2018-10-12 09:00:00+00:00,1280.0,1285.0,1255.0,1270.0,16827900.0
2018-10-15 09:00:00+00:00,1275.0,1295.0,1270.0,1285.0,13990300.0
2018-10-16 09:00:00+00:00,1285.0,1350.0,1285.0,1350.0,14598900.0
2018-10-17 09:00:00+00:00,1390.0,1390.0,1320.0,1360.0,11494900.0
2018-10-18 09:00:00+00:00,1360.0,1370.0,1325.0,1365.0,11651300.0
2018-10-19 09:00:00+00:00,1360.0,1380.0,1325.0,1380.0,19837800.0
2018-10-22 09:00:00+00:00,1370.0,1370.0,1340.0,1340.0,11131600.0
2018-10-23 09:00:00+00:00,1330.0,1330.0,1310.0,1320.0,12159800.0
2018-10-24 09:00:00+00:00,1320.0,1325.0,1280.0,1280.0,12581300.0
2018-10-25 09:00:00+00:00,1260.0,1315.0,1260.0,1315.0,21732800.0
2018-10-26 09:00:00+00:00,1320.0,1345.0,1315.0,1335.0,18493200.0
2018-10-29 09:00:00+00:00,1350.0,1355.0,1320.0,1340.0,11946700.0
2018-10-30 09:00:00+00:00,1320.0,1350.0,1310.0,1350.0,14696000.0
2018-10-31 09:00:00+00:00,1360.0,1375.0,1350.0,1370.0,23580400.0
2018-11-01 09:00:00+00:00,1370.0,1370.0,1315.0,1340.0,10453600.0
2018-11-02 09:00:00+00:00,1360.0,1375.0,1330.0,1360.0,17361400.0
2018-11-05 09:00:00+00:00,1375.0,1375.0,1330.0,1340.0,16421700.0
2018-11-06 09:00:00+00:00,1340.0,1350.0,1330.0,1335.0,15351900.0
2018-11-07 09:00:00+00:00,1345.0,1390.0,1335.0,1390.0,21511600.0
2018-11-08 09:00:00+00:00,1405.0,1410.0,1380.0,1405.0,37200400.0
2018-11-09 09:00:00+00:00,1400.0,1435.0,1360.0,1420.0,33517200.0
2018-11-12 09:00:00+00:00,1420.0,1430.0,1335.0,1335.0,29250200.0
2018-11-13 09:00:00+00:00,1355.0,1455.0,1355.0,1450.0,58977200.0
2018-11-14 09:00:00+00:00,1450.0,1505.0,1420.0,1485.0,39946400.0
2018-11-15 09:00:00+00:00,1485.0,1550.0,1485.0,1515.0,23952500.0
2018-11-16 09:00:00+00:00,1515.0,1550.0,1500.0,1535.0,23210900.0
2018-11-19 09:00:00+00:00,1530.0,1540.0,1505.0,1540.0,27496800.0
2018-11-20 09:00:00+00:00,1540.0,1540.0,1540.0,1540.0,0.0
2018-11-21 09:00:00+00:00,1540.0,1580.0,1525.0,1560.0,43711200.0
2018-11-22 09:00:00+00:00,1540.0,1600.0,1540.0,1590.0,18678400.0
2018-11-23 09:00:00+00:00,1575.0,1610.0,1560.0,1565.0,10083500.0
2018-11-26 09:00:00+00:00,1550.0,1625.0,1530.0,1610.0,18257600.0
2018-11-27 09:00:00+00:00,1610.0,1615.0,1540.0,1570.0,23377500.0
2018-11-28 09:00:00+00:00,1565.0,1580.0,1535.0,1575.0,18092100.0
2018-11-29 09:00:00+00:00,1540.0,1580.0,1535.0,1535.0,49954200.0
2018-11-30 09:00:00+00:00,1535.0,1580.0,1505.0,1525.0,206346800.0
2018-12-03 09:00:00+00:00,1550.0,1635.0,1520.0,1555.0,43366400.0
2018-12-04 09:00:00+00:00,1570.0,1600.0,1550.0,1600.0,26653800.0
2018-12-05 09:00:00+00:00,1600.0,1635.0,1575.0,1610.0,19185500.0
2018-12-06 09:00:00+00:00,1610.0,1630.0,1590.0,1630.0,25783500.0
2018-12-07 09:00:00+00:00,1635.0,1645.0,1600.0,1635.0,27817800.0
2018-12-10 09:00:00+00:00,1620.0,1620.0,1570.0,1580.0,9315800.0
2018-12-11 09:00:00+00:00,1560.0,1565.0,1505.0,1505.0,27233800.0
2018-12-12 09:00:00+00:00,1510.0,1515.0,1460.0,1475.0,36646500.0
2018-12-13 09:00:00+00:00,1475.0,1535.0,1470.0,1500.0,44388700.0
2018-12-14 09:00:00+00:00,1500.0,1505.0,1480.0,1490.0,29851300.0
2018-12-17 09:00:00+00:00,1520.0,1520.0,1455.0,1475.0,28800200.0
2018-12-18 09:00:00+00:00,1475.0,1475.0,1430.0,1460.0,25780200.0
2018-12-19 09:00:00+00:00,1470.0,1500.0,1455.0,1490.0,45512300.0
2018-12-20 09:00:00+00:00,1490.0,1530.0,1460.0,1530.0,31011500.0
2018-12-21 09:00:00+00:00,1530.0,1550.0,1515.0,1545.0,31783000.0
2018-12-24 09:00:00+00:00,1545.0,1545.0,1545.0,1545.0,0.0
2018-12-25 09:00:00+00:00,1545.0,1545.0,1545.0,1545.0,0.0
2018-12-26 09:00:00+00:00,1545.0,1545.0,1465.0,1510.0,26290000.0
2018-12-27 09:00:00+00:00,1525.0,1545.0,1490.0,1525.0,16261300.0
2018-12-28 09:00:00+00:00,1505.0,1530.0,1505.0,1520.0,12671900.0
2018-12-31 09:00:00+00:00,1520.0,1520.0,1520.0,1520.0,0.0
2019-01-01 09:00:00+00:00,1520.0,1520.0,1520.0,1520.0,0.0
2019-01-02 09:00:00+00:00,1525.0,1530.0,1500.0,1525.0,5035800.0
2019-01-03 09:00:00+00:00,1535.0,1545.0,1505.0,1540.0,15603900.0
2019-01-04 09:00:00+00:00,1535.0,1575.0,1520.0,1570.0,19765600.0
2019-01-07 09:00:00+00:00,1580.0,1610.0,1580.0,1595.0,28281300.0
2019-01-08 09:00:00+00:00,1595.0,1595.0,1540.0,1565.0,16847400.0
2019-01-09 09:00:00+00:00,1585.0,1590.0,1540.0,1540.0,9920400.0
2019-01-10 09:00:00+00:00,1550.0,1600.0,1545.0,1600.0,32039200.0
2019-01-11 09:00:00+00:00,1610.0,1630.0,1560.0,1620.0,25318000.0
2019-01-14 09:00:00+00:00,1605.0,1625.0,1595.0,1615.0,25662800.0
2019-01-15 09:00:00+00:00,1615.0,1635.0,1610.0,1635.0,14905500.0
2019-01-16 09:00:00+00:00,1625.0,1630.0,1600.0,1625.0,20240700.0
2019-01-17 09:00:00+00:00,1630.0,1630.0,1595.0,1610.0,18529300.0
2019-01-18 09:00:00+00:00,1625.0,1625.0,1590.0,1615.0,18565100.0
2019-01-21 09:00:00+00:00,1620.0,1620.0,1605.0,1605.0,8777600.0
2019-01-22 09:00:00+00:00,1615.0,1615.0,1595.0,1615.0,16694600.0
2019-01-23 09:00:00+00:00,1595.0,1610.0,1595.0,1600.0,13179200.0
2019-01-24 09:00:00+00:00,1615.0,1615.0,1600.0,1600.0,16844100.0
2019-01-25 09:00:00+00:00,1610.0,1620.0,1595.0,1615.0,22451600.0
2019-01-28 09:00:00+00:00,1615.0,1625.0,1595.0,1610.0,34907300.0
2019-01-29 09:00:00+00:00,1610.0,1610.0,1595.0,1610.0,13322900.0
2019-01-30 09:00:00+00:00,1595.0,1610.0,1595.0,1610.0,23609500.0
2019-01-31 09:00:00+00:00,1615.0,1615.0,1600.0,1600.0,36542300.0
2019-02-01 09:00:00+00:00,1600.0,1615.0,1595.0,1615.0,25854900.0
2019-02-04 09:00:00+00:00,1605.0,1615.0,1600.0,1605.0,25455800.0
2019-02-05 09:00:00+00:00,1605.0,1605.0,1605.0,1605.0,0.0
2019-02-06 09:00:00+00:00,1600.0,1610.0,1590.0,1595.0,33819200.0
2019-02-07 09:00:00+00:00,1600.0,1610.0,1600.0,1610.0,24717700.0
2019-02-08 09:00:00+00:00,1600.0,1600.0,1590.0,1595.0,12267000.0
2019-02-11 09:00:00+00:00,1595.0,1605.0,1590.0,1595.0,9189800.0
2019-02-12 09:00:00+00:00,1590.0,1600.0,1570.0,1570.0,21731100.0
2019-02-13 09:00:00+00:00,1570.0,1590.0,1560.0,1570.0,11236800.0
2019-02-14 09:00:00+00:00,1550.0,1590.0,1550.0,1585.0,19127000.0
2019-02-15 09:00:00+00:00,1560.0,1590.0,1550.0,1575.0,29752800.0
2019-02-18 09:00:00+00:00,1580.0,1590.0,1555.0,1575.0,31288900.0
2019-02-19 09:00:00+00:00,1570.0,1570.0,1550.0,1550.0,17400900.0
2019-02-20 09:00:00+00:00,1560.0,1570.0,1530.0,1545.0,25303700.0
2019-02-21 09:00:00+00:00,1530.0,1540.0,1515.0,1530.0,29788200.0
2019-02-22 09:00:00+00:00,1515.0,1525.0,1500.0,1510.0,34067200.0
2019-02-25 09:00:00+00:00,1510.0,1515.0,1500.0,1505.0,33020800.0
2019-02-26 09:00:00+00:00,1505.0,1510.0,1500.0,1505.0,33464200.0
2019-02-27 09:00:00+00:00,1510.0,1535.0,1510.0,1520.0,13616000.0
2019-02-28 09:00:00+00:00,1525.0,1535.0,1480.0,1495.0,46482400.0
2019-03-01 09:00:00+00:00,1510.0,1540.0,1500.0,1540.0,13025800.0
2019-03-04 09:00:00+00:00,1540.0,1545.0,1515.0,1515.0,17738800.0
2019-03-05 09:00:00+00:00,1525.0,1525.0,1495.0,1505.0,10501300.0
2019-03-06 09:00:00+00:00,1525.0,1525.0,1490.0,1510.0,10222000.0
2019-03-07 09:00:00+00:00,1510.0,1510.0,1510.0,1510.0,0.0
2019-03-08 09:00:00+00:00,1490.0,1525.0,1490.0,1525.0,13406000.0
2019-03-11 09:00:00+00:00,1520.0,1530.0,1515.0,1520.0,5657800.0
2019-03-12 09:00:00+00:00,1500.0,1525.0,1495.0,1500.0,8441800.0
2019-03-13 09:00:00+00:00,1520.0,1530.0,1495.0,1505.0,3102900.0
2019-03-14 09:00:00+00:00,1500.0,1510.0,1495.0,1500.0,10924400.0
2019-03-15 09:00:00+00:00,1525.0,1550.0,1510.0,1545.0,16407600.0
2019-03-18 09:00:00+00:00,1555.0,1570.0,1530.0,1545.0,4608300.0
2019-03-19 09:00:00+00:00,1560.0,1560.0,1540.0,1555.0,3338000.0
2019-03-20 09:00:00+00:00,1545.0,1550.0,1510.0,1520.0,8387600.0
2019-03-21 09:00:00+00:00,1525.0,1540.0,1505.0,1505.0,8730400.0
2019-03-22 09:00:00+00:00,1505.0,1520.0,1505.0,1510.0,5230200.0
2019-03-25 09:00:00+00:00,1500.0,1530.0,1500.0,1505.0,11404500.0
2019-03-26 09:00:00+00:00,1530.0,1530.0,1500.0,1515.0,6829100.0
2019-03-27 09:00:00+00:00,1520.0,1520.0,1510.0,1515.0,4645500.0
2019-03-28 09:00:00+00:00,1515.0,1525.0,1510.0,1520.0,3251300.0
2019-03-29 09:00:00+00:00,1535.0,1535.0,1510.0,1520.0,7590100.0
2019-04-01 09:00:00+00:00,1520.0,1530.0,1485.0,1490.0,7441700.0
2019-04-02 09:00:00+00:00,1495.0,1520.0,1490.0,1510.0,4543700.0
2019-04-03 09:00:00+00:00,1510.0,1510.0,1510.0,1510.0,0.0
2019-04-04 09:00:00+00:00,1530.0,1540.0,1520.0,1535.0,6032500.0
2019-04-05 09:00:00+00:00,1540.0,1540.0,1505.0,1510.0,5363700.0
2019-04-08 09:00:00+00:00,1520.0,1520.0,1500.0,1520.0,6588200.0
2019-04-09 09:00:00+00:00,1515.0,1530.0,1510.0,1530.0,6242500.0
2019-04-10 09:00:00+00:00,1540.0,1540.0,1515.0,1525.0,6300600.0
2019-04-11 09:00:00+00:00,1535.0,1535.0,1515.0,1515.0,4779500.0
2019-04-12 09:00:00+00:00,1515.0,1515.0,1490.0,1500.0,26667100.0
2019-04-15 09:00:00+00:00,1495.0,1505.0,1490.0,1495.0,29657600.0
2019-04-16 09:00:00+00:00,1495.0,1500.0,1490.0,1495.0,16842400.0
2019-04-17 09:00:00+00:00,1495.0,1495.0,1495.0,1495.0,0.0
2019-04-18 09:00:00+00:00,1530.0,1535.0,1485.0,1495.0,38798400.0
2019-04-19 09:00:00+00:00,1495.0,1495.0,1495.0,1495.0,0.0
2019-04-22 09:00:00+00:00,1495.0,1500.0,1480.0,1480.0,18126300.0
2019-04-23 09:00:00+00:00,1485.0,1510.0,1485.0,1500.0,15935500.0
2019-04-24 09:00:00+00:00,1500.0,1515.0,1490.0,1510.0,9784600.0
2019-04-25 09:00:00+00:00,1510.0,1515.0,1470.0,1470.0,27010100.0
2019-04-26 09:00:00+00:00,1470.0,1515.0,1470.0,1515.0,11807000.0
2019-04-29 09:00:00+00:00,1505.0,1515.0,1500.0,1500.0,8461500.0
2019-04-30 09:00:00+00:00,1500.0,1545.0,1500.0,1545.0,43375800.0
2019-05-01 09:00:00+00:00,1545.0,1545.0,1545.0,1545.0,0.0
2019-05-02 09:00:00+00:00,1535.0,1535.0,1475.0,1510.0,55555500.0
2019-05-03 09:00:00+00:00,1510.0,1515.0,1470.0,1495.0,27461400.0
2019-05-06 09:00:00+00:00,1470.0,1485.0,1460.0,1475.0,28357200.0
2019-05-07 09:00:00+00:00,1485.0,1500.0,1470.0,1500.0,12350500.0
2019-05-08 09:00:00+00:00,1475.0,1500.0,1475.0,1500.0,17486600.0
2019-05-09 09:00:00+00:00,1470.0,1485.0,1460.0,1460.0,34466900.0
2019-05-10 09:00:00+00:00,1450.0,1480.0,1445.0,1445.0,23369200.0
2019-05-13 09:00:00+00:00,1470.0,1470.0,1440.0,1440.0,25711300.0
2019-05-14 09:00:00+00:00,1430.0,1435.0,1390.0,1390.0,31724800.0
2019-05-15 09:00:00+00:00,1390.0,1395.0,1340.0,1350.0,29428800.0
2019-05-16 09:00:00+00:00,1340.0,1350.0,1295.0,1295.0,26297800.0
2019-05-17 09:00:00+00:00,1290.0,1310.0,1260.0,1260.0,33258400.0
2019-05-20 09:00:00+00:00,1280.0,1360.0,1280.0,1330.0,24935600.0
2019-05-21 09:00:00+00:00,1325.0,1390.0,1325.0,1340.0,12531500.0
2019-05-22 09:00:00+00:00,1335.0,1340.0,1320.0,1325.0,9887200.0
2019-05-23 09:00:00+00:00,1325.0,1340.0,1320.0,1340.0,14773900.0
2019-05-24 09:00:00+00:00,1340.0,1370.0,1335.0,1345.0,10313000.0
2019-05-27 09:00:00+00:00,1370.0,1395.0,1345.0,1345.0,17398400.0
2019-05-28 09:00:00+00:00,1370.0,1370.0,1340.0,1360.0,65365400.0
2019-05-29 09:00:00+00:00,1365.0,1365.0,1320.0,1355.0,29183800.0
2019-05-30 09:00:00+00:00,1355.0,1355.0,1355.0,1355.0,0.0
2019-05-31 09:00:00+00:00,1360.0,1410.0,1360.0,1405.0,47925100.0
2019-06-03 09:00:00+00:00,1405.0,1405.0,1405.0,1405.0,0.0
2019-06-04 09:00:00+00:00,1405.0,1405.0,1405.0,1405.0,0.0
2019-06-05 09:00:00+00:00,1405.0,1405.0,1405.0,1405.0,0.0
2019-06-06 09:00:00+00:00,1405.0,1405.0,1405.0,1405.0,0.0
2019-06-07 09:00:00+00:00,1405.0,1405.0,1405.0,1405.0,0.0
2019-06-10 09:00:00+00:00,1410.0,1450.0,1405.0,1450.0,18929100.0
2019-06-11 09:00:00+00:00,1425.0,1465.0,1415.0,1460.0,15553200.0
2019-06-12 09:00:00+00:00,1430.0,1460.0,1430.0,1450.0,13802100.0
2019-06-13 09:00:00+00:00,1445.0,1450.0,1435.0,1440.0,18236400.0
2019-06-14 09:00:00+00:00,1455.0,1495.0,1435.0,1495.0,13729000.0
2019-06-17 09:00:00+00:00,1490.0,1495.0,1400.0,1400.0,8921600.0
2019-06-18 09:00:00+00:00,1430.0,1480.0,1415.0,1470.0,25368700.0
2019-06-19 09:00:00+00:00,1470.0,1480.0,1450.0,1480.0,30480000.0
2019-06-20 09:00:00+00:00,1475.0,1475.0,1455.0,1470.0,23322700.0
2019-06-21 09:00:00+00:00,1470.0,1470.0,1435.0,1455.0,57082300.0
2019-06-24 09:00:00+00:00,1450.0,1465.0,1445.0,1465.0,5649800.0
2019-06-25 09:00:00+00:00,1470.0,1480.0,1460.0,1480.0,8008100.0
2019-06-26 09:00:00+00:00,1475.0,1480.0,1455.0,1470.0,8889400.0
2019-06-27 09:00:00+00:00,1475.0,1475.0,1445.0,1455.0,13759800.0
2019-06-28 09:00:00+00:00,1455.0,1475.0,1440.0,1460.0,14398600.0
2019-07-01 09:00:00+00:00,1465.0,1470.0,1445.0,1450.0,7220600.0
2019-07-02 09:00:00+00:00,1470.0,1470.0,1440.0,1450.0,17786600.0
2019-07-03 09:00:00+00:00,1460.0,1470.0,1435.0,1445.0,14890400.0
2019-07-04 09:00:00+00:00,1435.0,1460.0,1430.0,1440.0,16376300.0
2019-07-05 09:00:00+00:00,1440.0,1455.0,1425.0,1440.0,14993200.0
2019-07-08 09:00:00+00:00,1440.0,1440.0,1425.0,1435.0,7463400.0
2019-07-09 09:00:00+00:00,1435.0,1450.0,1425.0,1450.0,14935100.0
2019-07-10 09:00:00+00:00,1450.0,1465.0,1425.0,1465.0,16001800.0
2019-07-11 09:00:00+00:00,1470.0,1470.0,1430.0,1440.0,9454900.0
2019-07-12 09:00:00+00:00,1440.0,1440.0,1360.0,1370.0,26107600.0
2019-07-15 09:00:00+00:00,1395.0,1460.0,1385.0,1460.0,23010300.0
2019-07-16 09:00:00+00:00,1460.0,1460.0,1425.0,1435.0,9421700.0
2019-07-17 09:00:00+00:00,1455.0,1460.0,1430.0,1455.0,10614000.0
2019-07-18 09:00:00+00:00,1460.0,1480.0,1450.0,1475.0,21017200.0
2019-07-19 09:00:00+00:00,1480.0,1495.0,1475.0,1490.0,19603700.0
2019-07-22 09:00:00+00:00,1490.0,1490.0,1470.0,1485.0,10416800.0
2019-07-23 09:00:00+00:00,1485.0,1490.0,1450.0,1470.0,8203100.0
2019-07-24 09:00:00+00:00,1440.0,1480.0,1440.0,1440.0,9584900.0
2019-07-25 09:00:00+00:00,1440.0,1475.0,1440.0,1475.0,17168100.0
2019-07-26 09:00:00+00:00,1475.0,1480.0,1445.0,1450.0,21710600.0
2019-07-29 09:00:00+00:00,1450.0,1465.0,1430.0,1460.0,14182700.0
2019-07-30 09:00:00+00:00,1460.0,1465.0,1445.0,1460.0,12891400.0
2019-07-31 09:00:00+00:00,1470.0,1480.0,1440.0,1470.0,49488800.0
2019-08-01 09:00:00+00:00,1470.0,1485.0,1455.0,1485.0,27669200.0
2019-08-02 09:00:00+00:00,1485.0,1485.0,1425.0,1455.0,25023300.0
2019-08-05 09:00:00+00:00,1445.0,1460.0,1400.0,1410.0,37991300.0
2019-08-06 09:00:00+00:00,1400.0,1405.0,1360.0,1385.0,34883400.0
2019-08-07 09:00:00+00:00,1390.0,1455.0,1380.0,1430.0,31772500.0
2019-08-08 09:00:00+00:00,1460.0,1460.0,1415.0,1415.0,34351700.0
2019-08-09 09:00:00+00:00,1430.0,1450.0,1420.0,1440.0,24758900.0
2019-08-12 09:00:00+00:00,1450.0,1470.0,1435.0,1465.0,22342100.0
2019-08-13 09:00:00+00:00,1465.0,1470.0,1435.0,1460.0,25253000.0
2019-08-14 09:00:00+00:00,1470.0,1480.0,1455.0,1480.0,26353100.0
2019-08-15 09:00:00+00:00,1460.0,1490.0,1450.0,1490.0,24390000.0
2019-08-16 09:00:00+00:00,1490.0,1510.0,1480.0,1510.0,37517100.0
2019-08-19 09:00:00+00:00,1515.0,1585.0,1515.0,1565.0,78866000.0
2019-08-20 09:00:00+00:00,1565.0,1580.0,1555.0,1570.0,68933500.0
2019-08-21 09:00:00+00:00,1570.0,1585.0,1555.0,1575.0,44922900.0
2019-08-22 09:00:00+00:00,1575.0,1645.0,1575.0,1625.0,75268000.0
2019-08-23 09:00:00+00:00,1630.0,1630.0,1575.0,1620.0,23525700.0
2019-08-26 09:00:00+00:00,1615.0,1625.0,1525.0,1620.0,26232000.0
2019-08-27 09:00:00+00:00,1620.0,1625.0,1610.0,1625.0,81110000.0
2019-08-28 09:00:00+00:00,1625.0,1655.0,1625.0,1655.0,85445900.0
2019-08-29 09:00:00+00:00,1660.0,1680.0,1655.0,1670.0,46905600.0
2019-08-30 09:00:00+00:00,1680.0,1690.0,1670.0,1690.0,79928200.0
2019-09-02 09:00:00+00:00,1680.0,1690.0,1635.0,1675.0,25346000.0
2019-09-03 09:00:00+00:00,1655.0,1660.0,1640.0,1650.0,23714900.0
2019-09-04 09:00:00+00:00,1655.0,1660.0,1650.0,1660.0,21149800.0
2019-09-05 09:00:00+00:00,1660.0,1680.0,1640.0,1670.0,42419800.0
2019-09-06 09:00:00+00:00,1680.0,1680.0,1670.0,1675.0,15630900.0
2019-09-09 09:00:00+00:00,1680.0,1685.0,1665.0,1675.0,16638800.0
2019-09-10 09:00:00+00:00,1675.0,1680.0,1670.0,1680.0,20762000.0
2019-09-11 09:00:00+00:00,1680.0,1680.0,1645.0,1680.0,32795700.0
2019-09-12 09:00:00+00:00,1680.0,1690.0,1640.0,1690.0,18908500.0
2019-09-13 09:00:00+00:00,1680.0,1690.0,1655.0,1680.0,6903700.0
2019-09-16 09:00:00+00:00,1655.0,1680.0,1635.0,1680.0,26976900.0
2019-09-17 09:00:00+00:00,1675.0,1680.0,1665.0,1680.0,23823500.0
2019-09-18 09:00:00+00:00,1675.0,1680.0,1670.0,1680.0,33115300.0
2019-09-19 09:00:00+00:00,1680.0,1690.0,1675.0,1680.0,57726800.0
2019-09-20 09:00:00+00:00,1670.0,1675.0,1640.0,1665.0,50429400.0
2019-09-23 09:00:00+00:00,1660.0,1665.0,1660.0,1665.0,16192600.0
2019-09-24 09:00:00+00:00,1665.0,1670.0,1655.0,1660.0,30151800.0
2019-09-25 09:00:00+00:00,1660.0,1675.0,1650.0,1670.0,15618200.0
2019-09-26 09:00:00+00:00,1670.0,1675.0,1660.0,1670.0,24797500.0
2019-09-27 09:00:00+00:00,1680.0,1680.0,1665.0,1675.0,19302200.0
2019-09-30 09:00:00+00:00,1665.0,1680.0,1665.0,1675.0,31366800.0
2019-10-01 09:00:00+00:00,1650.0,1675.0,1650.0,1675.0,6910000.0
2019-10-02 09:00:00+00:00,1660.0,1680.0,1660.0,1670.0,9516000.0
2019-10-03 09:00:00+00:00,1640.0,1660.0,1630.0,1650.0,11511300.0
2019-10-04 09:00:00+00:00,1655.0,1655.0,1635.0,1650.0,19488200.0
2019-10-07 09:00:00+00:00,1650.0,1655.0,1620.0,1630.0,19631800.0
2019-10-08 09:00:00+00:00,1640.0,1660.0,1635.0,1660.0,22399600.0
2019-10-09 09:00:00+00:00,1650.0,1665.0,1650.0,1650.0,16388100.0
2019-10-10 09:00:00+00:00,1635.0,1660.0,1635.0,1650.0,7200500.0
2019-10-11 09:00:00+00:00,1655.0,1660.0,1650.0,1660.0,4397400.0
2019-10-14 09:00:00+00:00,1645.0,1675.0,1645.0,1670.0,7028700.0
2019-10-15 09:00:00+00:00,1660.0,1660.0,1625.0,1660.0,20787700.0
2019-10-16 09:00:00+00:00,1660.0,1670.0,1645.0,1655.0,75947300.0
2019-10-17 09:00:00+00:00,1660.0,1660.0,1650.0,1655.0,13880800.0
2019-10-18 09:00:00+00:00,1645.0,1650.0,1580.0,1625.0,14812700.0
2019-10-21 09:00:00+00:00,1645.0,1645.0,1605.0,1635.0,19021000.0
2019-10-22 09:00:00+00:00,1645.0,1645.0,1615.0,1630.0,30314200.0
2019-10-23 09:00:00+00:00,1605.0,1630.0,1590.0,1610.0,27558200.0
2019-10-24 09:00:00+00:00,1610.0,1615.0,1595.0,1615.0,35382900.0
2019-10-25 09:00:00+00:00,1615.0,1615.0,1560.0,1570.0,32521500.0
2019-10-28 09:00:00+00:00,1570.0,1615.0,1570.0,1605.0,31786900.0
2019-10-29 09:00:00+00:00,1600.0,1640.0,1600.0,1635.0,29620400.0
2019-10-30 09:00:00+00:00,1650.0,1650.0,1640.0,1645.0,30054100.0
2019-10-31 09:00:00+00:00,1655.0,1660.0,1565.0,1595.0,32757600.0
2019-11-01 09:00:00+00:00,1595.0,1640.0,1595.0,1625.0,22218400.0
2019-11-04 09:00:00+00:00,1640.0,1640.0,1550.0,1550.0,23333900.0
2019-11-05 09:00:00+00:00,1580.0,1610.0,1560.0,1610.0,30704900.0
2019-11-06 09:00:00+00:00,1550.0,1600.0,1550.0,1600.0,12598100.0
2019-11-07 09:00:00+00:00,1640.0,1640.0,1575.0,1585.0,21063300.0
2019-11-08 09:00:00+00:00,1585.0,1600.0,1565.0,1585.0,20392100.0
2019-11-11 09:00:00+00:00,1555.0,1610.0,1505.0,1555.0,35561600.0
2019-11-12 09:00:00+00:00,1545.0,1565.0,1525.0,1550.0,27976700.0
2019-11-13 09:00:00+00:00,1550.0,1555.0,1515.0,1520.0,28837900.0
2019-11-14 09:00:00+00:00,1510.0,1530.0,1505.0,1510.0,15455400.0
2019-11-15 09:00:00+00:00,1530.0,1540.0,1500.0,1510.0,11801400.0
2019-11-18 09:00:00+00:00,1510.0,1530.0,1490.0,1510.0,16541100.0
2019-11-19 09:00:00+00:00,1505.0,1520.0,1500.0,1520.0,14736200.0
2019-11-20 09:00:00+00:00,1500.0,1540.0,1495.0,1525.0,12690800.0
2019-11-21 09:00:00+00:00,1510.0,1530.0,1505.0,1525.0,13558000.0
2019-11-22 09:00:00+00:00,1530.0,1530.0,1510.0,1515.0,11006000.0
2019-11-25 09:00:00+00:00,1505.0,1525.0,1500.0,1515.0,21121300.0
2019-11-26 09:00:00+00:00,1550.0,1550.0,1510.0,1530.0,73213700.0
2019-11-27 09:00:00+00:00,1525.0,1530.0,1510.0,1515.0,27995500.0
2019-11-28 09:00:00+00:00,1510.0,1515.0,1480.0,1485.0,19711500.0
2019-11-29 09:00:00+00:00,1475.0,1535.0,1475.0,1525.0,16931000.0
2019-12-02 09:00:00+00:00,1535.0,1570.0,1525.0,1570.0,16641700.0
2019-12-03 09:00:00+00:00,1560.0,1600.0,1555.0,1600.0,16227300.0
2019-12-04 09:00:00+00:00,1590.0,1590.0,1560.0,1570.0,16765000.0
2019-12-05 09:00:00+00:00,1555.0,1565.0,1550.0,1565.0,9809000.0
2019-12-06 09:00:00+00:00,1550.0,1590.0,1550.0,1570.0,26183300.0
2019-12-09 09:00:00+00:00,1570.0,1580.0,1555.0,1565.0,11019400.0
2019-12-10 09:00:00+00:00,1555.0,1590.0,1555.0,1570.0,9935300.0
2019-12-11 09:00:00+00:00,1590.0,1590.0,1555.0,1565.0,17872900.0
2019-12-12 09:00:00+00:00,1550.0,1590.0,1545.0,1570.0,26446200.0
2019-12-13 09:00:00+00:00,1600.0,1600.0,1575.0,1600.0,18588700.0
2019-12-16 09:00:00+00:00,1605.0,1610.0,1565.0,1575.0,16279800.0
2019-12-17 09:00:00+00:00,1585.0,1635.0,1555.0,1635.0,46622200.0
2019-12-18 09:00:00+00:00,1635.0,1635.0,1610.0,1635.0,42302800.0
2019-12-19 09:00:00+00:00,1635.0,1635.0,1590.0,1610.0,16402600.0
2019-12-20 09:00:00+00:00,1590.0,1630.0,1590.0,1610.0,40962600.0
2019-12-23 09:00:00+00:00,1625.0,1640.0,1600.0,1625.0,30143000.0
2019-12-26 09:00:00+00:00,1600.0,1620.0,1580.0,1595.0,14648500.0
2019-12-27 09:00:00+00:00,1595.0,1615.0,1575.0,1615.0,8196900.0
2019-12-30 09:00:00+00:00,1600.0,1620.0,1590.0,1620.0,14635200.0
2020-01-02 09:00:00+00:00,1620.0,1635.0,1600.0,1615.0,14075700.0
2020-01-03 09:00:00+00:00,1620.0,1635.0,1610.0,1635.0,20606000.0
2020-01-06 09:00:00+00:00,1630.0,1640.0,1615.0,1640.0,10231400.0
2020-01-07 09:00:00+00:00,1635.0,1635.0,1600.0,1635.0,17153100.0
2020-01-08 09:00:00+00:00,1595.0,1615.0,1585.0,1585.0,11666700.0
2020-01-09 09:00:00+00:00,1585.0,1600.0,1570.0,1600.0,13555900.0
2020-01-10 09:00:00+00:00,1600.0,1615.0,1580.0,1600.0,15949700.0
2020-01-13 09:00:00+00:00,1590.0,1615.0,1590.0,1600.0,12854000.0
2020-01-14 09:00:00+00:00,1610.0,1610.0,1565.0,1585.0,24032800.0
2020-01-15 09:00:00+00:00,1585.0,1590.0,1560.0,1580.0,23321300.0
2020-01-16 09:00:00+00:00,1585.0,1680.0,1565.0,1665.0,29672400.0
2020-01-17 09:00:00+00:00,1665.0,1665.0,1600.0,1615.0,26629600.0
2020-01-20 09:00:00+00:00,1615.0,1635.0,1580.0,1620.0,8492800.0
2020-01-21 09:00:00+00:00,1630.0,1635.0,1605.0,1610.0,4057400.0
2020-01-22 09:00:00+00:00,1610.0,1620.0,1570.0,1590.0,12417900.0
2020-01-23 09:00:00+00:00,1590.0,1590.0,1555.0,1575.0,14530800.0
2020-01-24 09:00:00+00:00,1560.0,1570.0,1540.0,1540.0,13044800.0
2020-01-27 09:00:00+00:00,1540.0,1560.0,1510.0,1520.0,10525000.0
2020-01-28 09:00:00+00:00,1520.0,1520.0,1485.0,1500.0,15578300.0
2020-01-29 09:00:00+00:00,1505.0,1535.0,1490.0,1525.0,12069700.0
2020-01-30 09:00:00+00:00,1525.0,1545.0,1510.0,1515.0,12903500.0
2020-01-31 09:00:00+00:00,1535.0,1535.0,1430.0,1430.0,36468300.0
2020-02-03 09:00:00+00:00,1410.0,1485.0,1410.0,1470.0,15229400.0
2020-02-04 09:00:00+00:00,1480.0,1490.0,1470.0,1480.0,16757500.0
2020-02-05 09:00:00+00:00,1480.0,1485.0,1470.0,1485.0,14550100.0
2020-02-06 09:00:00+00:00,1485.0,1485.0,1455.0,1460.0,16990900.0
2020-02-07 09:00:00+00:00,1460.0,1485.0,1460.0,1470.0,12388300.0
2020-02-10 09:00:00+00:00,1485.0,1485.0,1450.0,1480.0,16341600.0
2020-02-11 09:00:00+00:00,1480.0,1480.0,1450.0,1460.0,6665900.0
2020-02-12 09:00:00+00:00,1450.0,1450.0,1405.0,1410.0,40079300.0
2020-02-13 09:00:00+00:00,1410.0,1410.0,1360.0,1370.0,29853100.0
2020-02-14 09:00:00+00:00,1370.0,1400.0,1360.0,1390.0,10208800.0
2020-02-17 09:00:00+00:00,1390.0,1405.0,1375.0,1390.0,5852800.0
2020-02-18 09:00:00+00:00,1390.0,1475.0,1390.0,1395.0,22990100.0
2020-02-19 09:00:00+00:00,1400.0,1455.0,1400.0,1435.0,13279400.0
2020-02-20 09:00:00+00:00,1450.0,1465.0,1400.0,1420.0,13565400.0
2020-02-21 09:00:00+00:00,1420.0,1425.0,1365.0,1365.0,30858700.0
2020-02-24 09:00:00+00:00,1360.0,1390.0,1340.0,1355.0,21385300.0
2020-02-25 09:00:00+00:00,1340.0,1400.0,1295.0,1295.0,23418400.0
2020-02-26 09:00:00+00:00,1290.0,1330.0,1270.0,1285.0,47271500.0
2020-02-27 09:00:00+00:00,1290.0,1295.0,1210.0,1250.0,39329700.0
2020-02-28 09:00:00+00:00,1215.0,1225.0,1175.0,1220.0,44307700.0
2020-03-02 09:00:00+00:00,1220.0,1265.0,1185.0,1195.0,31720700.0
2020-03-03 09:00:00+00:00,1215.0,1235.0,1205.0,1210.0,34175900.0
2020-03-04 09:00:00+00:00,1210.0,1290.0,1210.0,1275.0,30659400.0
2020-03-05 09:00:00+00:00,1300.0,1340.0,1295.0,1330.0,38274500.0
2020-03-06 09:00:00+00:00,1325.0,1325.0,1235.0,1235.0,25366200.0
2020-03-09 09:00:00+00:00,1220.0,1220.0,1140.0,1140.0,48812000.0
2020-03-10 09:00:00+00:00,1145.0,1210.0,1145.0,1155.0,38897600.0
2020-03-11 09:00:00+00:00,1165.0,1180.0,1100.0,1115.0,35408000.0
2020-03-12 09:00:00+00:00,1080.0,1085.0,1040.0,1045.0,23037600.0
2020-03-13 09:00:00+00:00,1045.0,1045.0,1045.0,1045.0,0.0
2020-03-16 09:00:00+00:00,1020.0,1125.0,995.0,1000.0,59267400.0
2020-03-17 09:00:00+00:00,1015.0,1045.0,955.0,995.0,72013900.0
2020-03-18 09:00:00+00:00,1005.0,1080.0,1000.0,1045.0,56301900.0
2020-03-19 09:00:00+00:00,1000.0,1055.0,975.0,975.0,40775100.0
2020-03-20 09:00:00+00:00,975.0,990.0,915.0,980.0,83889600.0
2020-03-23 09:00:00+00:00,980.0,980.0,915.0,915.0,40907000.0
2020-03-24 09:00:00+00:00,925.0,950.0,855.0,865.0,64666100.0
2020-03-26 09:00:00+00:00,870.0,1025.0,830.0,950.0,114141000.0
2020-03-27 09:00:00+00:00,960.0,1160.0,960.0,1010.0,180228800.0
2020-03-30 09:00:00+00:00,1010.0,1055.0,940.0,1045.0,59372100.0
2020-03-31 09:00:00+00:00,1055.0,1235.0,1055.0,1200.0,104586800.0
2020-04-01 09:00:00+00:00,1200.0,1290.0,1150.0,1165.0,111236300.0
2020-04-02 09:00:00+00:00,1200.0,1285.0,1110.0,1285.0,63583600.0
2020-04-03 09:00:00+00:00,1290.0,1300.0,1230.0,1250.0,59542900.0
2020-04-06 09:00:00+00:00,1290.0,1290.0,1225.0,1270.0,35382900.0
2020-04-07 09:00:00+00:00,1275.0,1310.0,1190.0,1230.0,68562800.0
2020-04-08 09:00:00+00:00,1230.0,1230.0,1145.0,1145.0,57568300.0
2020-04-09 09:00:00+00:00,1145.0,1175.0,1085.0,1140.0,58108500.0
2020-04-13 09:00:00+00:00,1140.0,1165.0,1100.0,1100.0,39794600.0
2020-04-14 09:00:00+00:00,1110.0,1190.0,1110.0,1185.0,42772000.0
2020-04-15 09:00:00+00:00,1200.0,1245.0,1185.0,1210.0,50981100.0
2020-04-16 09:00:00+00:00,1190.0,1210.0,1135.0,1145.0,42548300.0
2020-04-17 09:00:00+00:00,1170.0,1210.0,1170.0,1195.0,70564600.0
2020-04-20 09:00:00+00:00,1200.0,1235.0,1185.0,1200.0,44882900.0
2020-04-21 09:00:00+00:00,1195.0,1225.0,1155.0,1210.0,34694200.0
2020-04-22 09:00:00+00:00,1210.0,1290.0,1180.0,1250.0,66130900.0
2020-04-23 09:00:00+00:00,1265.0,1285.0,1230.0,1265.0,51439800.0
2020-04-24 09:00:00+00:00,1250.0,1265.0,1245.0,1255.0,43175900.0
2020-04-27 09:00:00+00:00,1275.0,1330.0,1255.0,1330.0,38936000.0
2020-04-28 09:00:00+00:00,1345.0,1445.0,1320.0,1445.0,61167100.0
2020-04-29 09:00:00+00:00,1450.0,1480.0,1445.0,1470.0,52010200.0
2020-04-30 09:00:00+00:00,1470.0,1500.0,1415.0,1440.0,53666000.0
2020-05-04 09:00:00+00:00,1400.0,1425.0,1350.0,1380.0,46895400.0
2020-05-05 09:00:00+00:00,1405.0,1420.0,1355.0,1360.0,17606400.0
2020-05-06 09:00:00+00:00,1380.0,1415.0,1360.0,1405.0,55190700.0
2020-05-08 09:00:00+00:00,1405.0,1440.0,1380.0,1400.0,37146000.0
2020-05-11 09:00:00+00:00,1410.0,1415.0,1385.0,1385.0,33331300.0
2020-05-12 09:00:00+00:00,1385.0,1420.0,1360.0,1385.0,30687000.0
2020-05-13 09:00:00+00:00,1400.0,1405.0,1355.0,1400.0,20203800.0
2020-05-14 09:00:00+00:00,1400.0,1400.0,1370.0,1400.0,35697000.0
2020-05-15 09:00:00+00:00,1400.0,1400.0,1370.0,1400.0,25213800.0
2020-05-18 09:00:00+00:00,1400.0,1400.0,1380.0,1400.0,17406600.0
2020-05-19 09:00:00+00:00,1400.0,1405.0,1380.0,1390.0,38331600.0
2020-05-20 09:00:00+00:00,1400.0,1400.0,1315.0,1340.0,50884000.0
2020-05-26 09:00:00+00:00,1355.0,1360.0,1320.0,1325.0,35300400.0
2020-05-27 09:00:00+00:00,1330.0,1340.0,1310.0,1320.0,22108500.0
2020-05-28 09:00:00+00:00,1340.0,1365.0,1315.0,1355.0,35733300.0
2020-05-29 09:00:00+00:00,1360.0,1460.0,1355.0,1415.0,206001100.0
2020-06-02 09:00:00+00:00,1365.0,1425.0,1320.0,1385.0,63506700.0
2020-06-03 09:00:00+00:00,1395.0,1425.0,1385.0,1415.0,62660000.0
2020-06-04 09:00:00+00:00,1440.0,1440.0,1400.0,1410.0,34757300.0
2020-06-05 09:00:00+00:00,1410.0,1430.0,1385.0,1410.0,22870400.0
2020-06-08 09:00:00+00:00,1415.0,1440.0,1415.0,1425.0,23174600.0
2020-06-09 09:00:00+00:00,1425.0,1450.0,1400.0,1410.0,28018500.0
2020-06-10 09:00:00+00:00,1410.0,1520.0,1400.0,1470.0,61440900.0
2020-06-11 09:00:00+00:00,1480.0,1490.0,1405.0,1420.0,27319800.0
2020-06-12 09:00:00+00:00,1420.0,1420.0,1350.0,1380.0,41876600.0
2020-06-15 09:00:00+00:00,1390.0,1420.0,1360.0,1405.0,25094000.0
2020-06-16 09:00:00+00:00,1415.0,1445.0,1415.0,1425.0,18727900.0
2020-06-17 09:00:00+00:00,1450.0,1450.0,1420.0,1430.0,32750200.0
2020-06-18 09:00:00+00:00,1400.0,1440.0,1400.0,1410.0,24563000.0
2020-06-19 09:00:00+00:00,1425.0,1460.0,1400.0,1460.0,48608900.0
2020-06-22 09:00:00+00:00,1440.0,1490.0,1440.0,1470.0,20082300.0
2020-06-23 09:00:00+00:00,1460.0,1470.0,1430.0,1435.0,12054700.0
2020-06-24 09:00:00+00:00,1435.0,1460.0,1430.0,1460.0,13277500.0
2020-06-25 09:00:00+00:00,1465.0,1465.0,1430.0,1455.0,8121400.0
2020-06-26 09:00:00+00:00,1460.0,1460.0,1430.0,1445.0,14323700.0
2020-06-29 09:00:00+00:00,1445.0,1455.0,1430.0,1440.0,13293100.0
2020-06-30 09:00:00+00:00,1440.0,1480.0,1435.0,1460.0,39455800.0
2020-07-01 09:00:00+00:00,1470.0,1480.0,1455.0,1465.0,15494600.0
2020-07-02 09:00:00+00:00,1465.0,1500.0,1460.0,1495.0,31753200.0
2020-07-03 09:00:00+00:00,1495.0,1510.0,1480.0,1495.0,9003800.0
2020-07-06 09:00:00+00:00,1495.0,1530.0,1490.0,1530.0,31247600.0
2020-07-07 09:00:00+00:00,1530.0,1545.0,1495.0,1515.0,25055700.0
2020-07-08 09:00:00+00:00,1500.0,1525.0,1500.0,1520.0,18521200.0
2020-07-09 09:00:00+00:00,1525.0,1540.0,1510.0,1530.0,33397400.0
2020-07-10 09:00:00+00:00,1530.0,1530.0,1470.0,1470.0,31067400.0
2020-07-13 09:00:00+00:00,1480.0,1495.0,1455.0,1460.0,18842500.0
2020-07-14 09:00:00+00:00,1460.0,1510.0,1460.0,1505.0,31936900.0
2020-07-15 09:00:00+00:00,1505.0,1525.0,1505.0,1510.0,26236800.0
2020-07-16 09:00:00+00:00,1510.0,1520.0,1470.0,1485.0,24543800.0
2020-07-17 09:00:00+00:00,1485.0,1500.0,1450.0,1465.0,17736000.0
2020-07-20 09:00:00+00:00,1465.0,1485.0,1465.0,1485.0,19394400.0
2020-07-21 09:00:00+00:00,1495.0,1695.0,1475.0,1520.0,420160800.0
2020-07-22 09:00:00+00:00,1535.0,1640.0,1520.0,1575.0,365930700.0
2020-07-23 09:00:00+00:00,1575.0,1655.0,1575.0,1615.0,378713700.0
2020-07-24 09:00:00+00:00,1600.0,1635.0,1510.0,1570.0,210299200.0
2020-07-27 09:00:00+00:00,1540.0,1610.0,1530.0,1550.0,108755400.0
2020-07-28 09:00:00+00:00,1550.0,1570.0,1510.0,1515.0,72817700.0
2020-07-29 09:00:00+00:00,1525.0,1555.0,1515.0,1525.0,87768200.0
2020-07-30 09:00:00+00:00,1530.0,1575.0,1530.0,1565.0,104773100.0
2020-08-03 09:00:00+00:00,1575.0,1585.0,1470.0,1560.0,87572700.0
2020-08-04 09:00:00+00:00,1585.0,1585.0,1560.0,1575.0,37390200.0
2020-08-05 09:00:00+00:00,1560.0,1640.0,1560.0,1615.0,118886200.0
2020-08-06 09:00:00+00:00,1615.0,1635.0,1600.0,1600.0,93925600.0
2020-08-07 09:00:00+00:00,1600.0,1610.0,1575.0,1580.0,32217900.0
2020-08-10 09:00:00+00:00,1600.0,1615.0,1585.0,1610.0,34923100.0
2020-08-11 09:00:00+00:00,1615.0,1620.0,1600.0,1600.0,21846900.0
2020-08-12 09:00:00+00:00,1620.0,1620.0,1600.0,1615.0,46451800.0
2020-08-13 09:00:00+00:00,1620.0,1625.0,1610.0,1625.0,45146800.0
2020-08-14 09:00:00+00:00,1625.0,1630.0,1615.0,1625.0,30761900.0
2020-08-18 09:00:00+00:00,1625.0,1630.0,1605.0,1620.0,35788100.0
2020-08-19 09:00:00+00:00,1630.0,1630.0,1605.0,1605.0,24769400.0
2020-08-24 09:00:00+00:00,1610.0,1620.0,1585.0,1600.0,24237900.0
2020-08-25 09:00:00+00:00,1600.0,1620.0,1595.0,1620.0,40737100.0
2020-08-26 09:00:00+00:00,1620.0,1625.0,1590.0,1590.0,31078500.0
2020-08-27 09:00:00+00:00,1605.0,1620.0,1600.0,1615.0,22442600.0
2020-08-28 09:00:00+00:00,1615.0,1625.0,1600.0,1610.0,16439300.0
2020-08-31 09:00:00+00:00,1605.0,1615.0,1580.0,1580.0,46202700.0
2020-09-01 09:00:00+00:00,1585.0,1605.0,1580.0,1595.0,17692900.0
2020-09-02 09:00:00+00:00,1610.0,1610.0,1585.0,1600.0,22441400.0
2020-09-03 09:00:00+00:00,1610.0,1610.0,1585.0,1595.0,24605200.0
2020-09-04 09:00:00+00:00,1590.0,1595.0,1555.0,1590.0,33556900.0
2020-09-07 09:00:00+00:00,1585.0,1600.0,1575.0,1600.0,17009800.0
2020-09-08 09:00:00+00:00,1600.0,1600.0,1580.0,1580.0,9604300.0
2020-09-09 09:00:00+00:00,1580.0,1585.0,1550.0,1555.0,28690100.0
2020-09-10 09:00:00+00:00,1550.0,1550.0,1470.0,1480.0,82214600.0
2020-09-11 09:00:00+00:00,1420.0,1580.0,1410.0,1575.0,38160300.0
2020-09-14 09:00:00+00:00,1590.0,1600.0,1570.0,1590.0,29711700.0
2020-09-15 09:00:00+00:00,1590.0,1590.0,1535.0,1545.0,26859400.0
2020-09-16 09:00:00+00:00,1545.0,1565.0,1525.0,1540.0,9081800.0
2020-09-17 09:00:00+00:00,1540.0,1555.0,1495.0,1515.0,18504500.0
2020-09-18 09:00:00+00:00,1520.0,1545.0,1500.0,1545.0,27388900.0
2020-09-21 09:00:00+00:00,1545.0,1545.0,1485.0,1500.0,13841800.0
2020-09-22 09:00:00+00:00,1460.0,1480.0,1440.0,1455.0,30309700.0
2020-09-23 09:00:00+00:00,1465.0,1530.0,1460.0,1530.0,26996700.0
2020-09-24 09:00:00+00:00,1500.0,1520.0,1475.0,1515.0,23564800.0
2020-09-25 09:00:00+00:00,1520.0,1585.0,1495.0,1580.0,35804500.0
2020-09-28 09:00:00+00:00,1580.0,1585.0,1525.0,1525.0,17599100.0
2020-09-29 09:00:00+00:00,1530.0,1560.0,1510.0,1510.0,22775100.0
2020-09-30 09:00:00+00:00,1515.0,1580.0,1515.0,1550.0,30404800.0
2020-10-01 09:00:00+00:00,1600.0,1650.0,1600.0,1610.0,84701900.0
2020-10-02 09:00:00+00:00,1620.0,1625.0,1545.0,1570.0,37452400.0
2020-10-05 09:00:00+00:00,1580.0,1600.0,1560.0,1565.0,14393000.0
2020-10-06 09:00:00+00:00,1580.0,1580.0,1560.0,1565.0,14093100.0
2020-10-07 09:00:00+00:00,1565.0,1590.0,1560.0,1590.0,18601400.0
2020-10-08 09:00:00+00:00,1590.0,1600.0,1565.0,1600.0,16693400.0
2020-10-09 09:00:00+00:00,1585.0,1590.0,1565.0,1570.0,14912300.0
2020-10-12 09:00:00+00:00,1585.0,1595.0,1565.0,1580.0,18457000.0
2020-10-13 09:00:00+00:00,1580.0,1585.0,1565.0,1585.0,15181500.0
2020-10-14 09:00:00+00:00,1585.0,1605.0,1565.0,1590.0,38990400.0
2020-10-15 09:00:00+00:00,1590.0,1595.0,1560.0,1560.0,23355700.0
2020-10-16 09:00:00+00:00,1555.0,1565.0,1540.0,1550.0,20957300.0
2020-10-19 09:00:00+00:00,1570.0,1585.0,1555.0,1570.0,27999500.0
2020-10-20 09:00:00+00:00,1580.0,1595.0,1560.0,1565.0,31977500.0
2020-10-21 09:00:00+00:00,1575.0,1575.0,1565.0,1565.0,18320700.0
2020-10-22 09:00:00+00:00,1570.0,1580.0,1565.0,1580.0,22801100.0
2020-10-23 09:00:00+00:00,1590.0,1590.0,1570.0,1585.0,13897500.0
2020-10-26 09:00:00+00:00,1590.0,1590.0,1540.0,1545.0,29947600.0
2020-10-27 09:00:00+00:00,1545.0,1555.0,1515.0,1525.0,35680300.0
2020-11-02 09:00:00+00:00,1530.0,1535.0,1475.0,1495.0,58395800.0
2020-11-03 09:00:00+00:00,1500.0,1505.0,1465.0,1475.0,42358100.0
2020-11-04 09:00:00+00:00,1475.0,1490.0,1455.0,1455.0,38146400.0
2020-11-05 09:00:00+00:00,1490.0,1510.0,1475.0,1500.0,45161400.0
2020-11-06 09:00:00+00:00,1510.0,1530.0,1500.0,1515.0,52447500.0
2020-11-09 09:00:00+00:00,1515.0,1520.0,1470.0,1480.0,68198900.0
2020-11-10 09:00:00+00:00,1530.0,1545.0,1490.0,1495.0,62694100.0
2020-11-11 09:00:00+00:00,1520.0,1520.0,1470.0,1470.0,63661600.0
2020-11-12 09:00:00+00:00,1475.0,1495.0,1475.0,1485.0,38384100.0
2020-11-13 09:00:00+00:00,1490.0,1495.0,1485.0,1495.0,12767200.0
2020-11-16 09:00:00+00:00,1505.0,1515.0,1480.0,1490.0,33134800.0
2020-11-17 09:00:00+00:00,1505.0,1510.0,1495.0,1500.0,33292200.0
2020-11-18 09:00:00+00:00,1505.0,1515.0,1495.0,1505.0,35735900.0
2020-11-19 09:00:00+00:00,1505.0,1510.0,1495.0,1495.0,33518700.0
2020-11-20 09:00:00+00:00,1505.0,1510.0,1495.0,1495.0,18059200.0
2020-11-23 09:00:00+00:00,1495.0,1505.0,1490.0,1495.0,33386700.0
2020-11-24 09:00:00+00:00,1495.0,1505.0,1480.0,1485.0,55053900.0
2020-11-25 09:00:00+00:00,1485.0,1490.0,1470.0,1470.0,32909400.0
2020-11-26 09:00:00+00:00,1475.0,1490.0,1470.0,1490.0,31101300.0
2020-11-27 09:00:00+00:00,1500.0,1500.0,1480.0,1480.0,40326700.0
2020-11-30 09:00:00+00:00,1490.0,1505.0,1440.0,1505.0,146595800.0
2020-12-01 09:00:00+00:00,1505.0,1510.0,1465.0,1485.0,46698600.0
2020-12-02 09:00:00+00:00,1500.0,1500.0,1475.0,1495.0,45553200.0
2020-12-03 09:00:00+00:00,1500.0,1505.0,1455.0,1465.0,71615300.0
2020-12-04 09:00:00+00:00,1465.0,1490.0,1455.0,1475.0,33404600.0
2020-12-07 09:00:00+00:00,1500.0,1515.0,1480.0,1485.0,65984300.0
2020-12-08 09:00:00+00:00,1500.0,1505.0,1470.0,1475.0,61017900.0
2020-12-10 09:00:00+00:00,1490.0,1500.0,1475.0,1480.0,50894900.0
2020-12-11 09:00:00+00:00,1490.0,1490.0,1465.0,1465.0,40746500.0
2020-12-14 09:00:00+00:00,1465.0,1485.0,1460.0,1485.0,25148000.0
2020-12-15 09:00:00+00:00,1485.0,1490.0,1470.0,1485.0,23441200.0
2020-12-16 09:00:00+00:00,1495.0,1590.0,1480.0,1545.0,152710000.0
2020-12-17 09:00:00+00:00,1550.0,1570.0,1530.0,1540.0,99783300.0
2020-12-18 09:00:00+00:00,1540.0,1550.0,1520.0,1540.0,55796800.0
2020-12-21 09:00:00+00:00,1545.0,1555.0,1530.0,1545.0,60691700.0
2020-12-22 09:00:00+00:00,1540.0,1545.0,1500.0,1505.0,46819400.0
2020-12-23 09:00:00+00:00,1520.0,1525.0,1455.0,1465.0,40311000.0
2020-12-28 09:00:00+00:00,1465.0,1505.0,1455.0,1500.0,28002400.0
2020-12-29 09:00:00+00:00,1500.0,1505.0,1475.0,1490.0,26060300.0
2020-12-30 09:00:00+00:00,1490.0,1500.0,1475.0,1480.0,24632300.0
2021-01-04 09:00:00+00:00,1500.0,1500.0,1470.0,1475.0,20906300.0
2021-01-05 09:00:00+00:00,1475.0,1485.0,1460.0,1470.0,34835700.0
2021-01-06 09:00:00+00:00,1470.0,1510.0,1455.0,1500.0,71557400.0
2021-01-07 09:00:00+00:00,1515.0,1535.0,1485.0,1485.0,42590000.0
2021-01-08 09:00:00+00:00,1500.0,1500.0,1485.0,1495.0,26719000.0
2021-01-11 09:00:00+00:00,1495.0,1835.0,1495.0,1760.0,563868500.0
2021-01-12 09:00:00+00:00,1800.0,1960.0,1675.0,1680.0,730883800.0
2021-01-13 09:00:00+00:00,1700.0,1715.0,1565.0,1565.0,318606200.0
2021-01-14 09:00:00+00:00,1565.0,1640.0,1500.0,1595.0,272061900.0
2021-01-15 09:00:00+00:00,1625.0,1680.0,1620.0,1645.0,215382800.0
2021-01-18 09:00:00+00:00,1655.0,1720.0,1620.0,1660.0,215422400.0
2021-01-19 09:00:00+00:00,1670.0,1680.0,1585.0,1585.0,83675200.0
2021-01-20 09:00:00+00:00,1650.0,1650.0,1570.0,1590.0,60163400.0
2021-01-21 09:00:00+00:00,1600.0,1700.0,1595.0,1655.0,161395300.0
2021-01-22 09:00:00+00:00,1665.0,1680.0,1595.0,1615.0,102447800.0
2021-01-25 09:00:00+00:00,1615.0,1620.0,1535.0,1605.0,70622700.0
2021-01-26 09:00:00+00:00,1605.0,1620.0,1535.0,1545.0,79451300.0
2021-01-27 09:00:00+00:00,1545.0,1560.0,1480.0,1510.0,73126300.0
2021-01-28 09:00:00+00:00,1500.0,1565.0,1485.0,1515.0,80221200.0
2021-01-29 09:00:00+00:00,1525.0,1550.0,1455.0,1465.0,79625700.0
2021-02-01 09:00:00+00:00,1450.0,1515.0,1420.0,1490.0,71988500.0
2021-02-02 09:00:00+00:00,1510.0,1560.0,1490.0,1520.0,73428200.0
2021-02-03 09:00:00+00:00,1525.0,1575.0,1525.0,1560.0,58843900.0
2021-02-04 09:00:00+00:00,1580.0,1590.0,1530.0,1545.0,41055300.0
2021-02-05 09:00:00+00:00,1570.0,1595.0,1540.0,1590.0,45768600.0
2021-02-08 09:00:00+00:00,1595.0,1605.0,1555.0,1570.0,30326700.0
2021-02-09 09:00:00+00:00,1590.0,1590.0,1500.0,1520.0,48636900.0
2021-02-10 09:00:00+00:00,1520.0,1535.0,1505.0,1525.0,25973600.0
2021-02-11 09:00:00+00:00,1530.0,1535.0,1505.0,1525.0,27319000.0
2021-02-15 09:00:00+00:00,1535.0,1545.0,1520.0,1525.0,21673000.0
2021-02-16 09:00:00+00:00,1540.0,1540.0,1515.0,1525.0,15732600.0
2021-02-17 09:00:00+00:00,1525.0,1530.0,1500.0,1515.0,32963400.0
2021-02-18 09:00:00+00:00,1525.0,1525.0,1490.0,1490.0,34834700.0
2021-02-19 09:00:00+00:00,1515.0,1610.0,1515.0,1585.0,152425200.0
2021-02-22 09:00:00+00:00,1595.0,1605.0,1560.0,1570.0,66610200.0
2021-02-23 09:00:00+00:00,1565.0,1570.0,1535.0,1540.0,34042400.0
2021-02-24 09:00:00+00:00,1540.0,1550.0,1500.0,1505.0,72954800.0
2021-02-25 09:00:00+00:00,1515.0,1525.0,1500.0,1500.0,52390100.0
2021-02-26 09:00:00+00:00,1490.0,1515.0,1470.0,1470.0,133986100.0
2021-03-01 09:00:00+00:00,1490.0,1525.0,1485.0,1520.0,58528000.0
2021-03-02 09:00:00+00:00,1530.0,1570.0,1520.0,1550.0,58307000.0
2021-03-03 09:00:00+00:00,1560.0,1565.0,1530.0,1550.0,48819600.0
2021-03-04 09:00:00+00:00,1550.0,1575.0,1530.0,1555.0,67889800.0
2021-03-05 09:00:00+00:00,1555.0,1560.0,1545.0,1555.0,35614600.0
2021-03-08 09:00:00+00:00,1555.0,1570.0,1550.0,1555.0,31401200.0
2021-03-09 09:00:00+00:00,1560.0,1565.0,1535.0,1545.0,38671000.0
2021-03-10 09:00:00+00:00,1560.0,1590.0,1550.0,1585.0,40133700.0
2021-03-12 09:00:00+00:00,1590.0,1615.0,1585.0,1595.0,71273800.0
2021-03-15 09:00:00+00:00,1605.0,1615.0,1580.0,1585.0,43715300.0
2021-03-16 09:00:00+00:00,1590.0,1595.0,1575.0,1585.0,22390500.0
2021-03-17 09:00:00+00:00,1595.0,1610.0,1590.0,1590.0,30764600.0
2021-03-18 09:00:00+00:00,1600.0,1605.0,1570.0,1575.0,19222800.0
2021-03-19 09:00:00+00:00,1575.0,1625.0,1565.0,1605.0,99339900.0
2021-03-22 09:00:00+00:00,1625.0,1635.0,1590.0,1600.0,29442900.0
2021-03-23 09:00:00+00:00,1595.0,1600.0,1555.0,1575.0,37466600.0
2021-03-24 09:00:00+00:00,1570.0,1570.0,1520.0,1525.0,34585300.0
2021-03-25 09:00:00+00:00,1525.0,1595.0,1520.0,1590.0,36607700.0
2021-03-26 09:00:00+00:00,1590.0,1590.0,1560.0,1580.0,11780400.0
2021-03-29 09:00:00+00:00,1580.0,1585.0,1530.0,1540.0,30661700.0
2021-03-30 09:00:00+00:00,1550.0,1570.0,1530.0,1540.0,23063900.0
2021-03-31 09:00:00+00:00,1540.0,1570.0,1515.0,1570.0,22300400.0
2021-04-01 09:00:00+00:00,1570.0,1570.0,1540.0,1550.0,17604600.0
2021-04-05 09:00:00+00:00,1565.0,1580.0,1550.0,1550.0,14155000.0
2021-04-06 09:00:00+00:00,1550.0,1565.0,1545.0,1555.0,23411100.0
2021-04-07 09:00:00+00:00,1560.0,1560.0,1545.0,1550.0,15104900.0
2021-04-08 09:00:00+00:00,1550.0,1570.0,1550.0,1565.0,17501800.0
2021-04-09 09:00:00+00:00,1570.0,1570.0,1535.0,1550.0,28744400.0
2021-04-12 09:00:00+00:00,1550.0,1550.0,1510.0,1510.0,14682200.0
2021-04-13 09:00:00+00:00,1510.0,1510.0,1485.0,1490.0,22230800.0
2021-04-14 09:00:00+00:00,1485.0,1500.0,1485.0,1495.0,23625400.0
2021-04-15 09:00:00+00:00,1495.0,1515.0,1485.0,1515.0,15550100.0
2021-04-16 09:00:00+00:00,1505.0,1510.0,1485.0,1495.0,25365600.0
2021-04-19 09:00:00+00:00,1500.0,1500.0,1490.0,1495.0,9322500.0
2021-04-20 09:00:00+00:00,1495.0,1510.0,1485.0,1495.0,14811000.0
2021-04-21 09:00:00+00:00,1495.0,1505.0,1495.0,1495.0,8530700.0
2021-04-22 09:00:00+00:00,1505.0,1510.0,1490.0,1490.0,11533000.0
2021-04-23 09:00:00+00:00,1490.0,1505.0,1490.0,1500.0,15203100.0
2021-04-26 09:00:00+00:00,1490.0,1500.0,1485.0,1485.0,10788100.0
2021-04-27 09:00:00+00:00,1485.0,1495.0,1475.0,1475.0,18573600.0
2021-04-28 09:00:00+00:00,1470.0,1480.0,1470.0,1470.0,19011800.0
2021-04-29 09:00:00+00:00,1470.0,1480.0,1465.0,1470.0,10495400.0
2021-04-30 09:00:00+00:00,1470.0,1475.0,1440.0,1440.0,33231500.0
2021-05-03 09:00:00+00:00,1450.0,1465.0,1430.0,1435.0,15108800.0
2021-05-04 09:00:00+00:00,1445.0,1475.0,1440.0,1470.0,16904400.0
2021-05-05 09:00:00+00:00,1470.0,1475.0,1445.0,1445.0,18379900.0
2021-05-06 09:00:00+00:00,1450.0,1460.0,1445.0,1460.0,26802700.0
2021-05-07 09:00:00+00:00,1450.0,1465.0,1445.0,1460.0,20893200.0
2021-05-10 09:00:00+00:00,1465.0,1470.0,1450.0,1470.0,18464900.0
2021-05-11 09:00:00+00:00,1470.0,1475.0,1440.0,1445.0,23113700.0
2021-05-17 09:00:00+00:00,1455.0,1465.0,1440.0,1460.0,31595500.0
2021-05-18 09:00:00+00:00,1450.0,1465.0,1435.0,1450.0,18704800.0
2021-05-19 09:00:00+00:00,1445.0,1450.0,1430.0,1445.0,22644700.0
2021-05-20 09:00:00+00:00,1440.0,1480.0,1440.0,1460.0,26107300.0
2021-05-21 09:00:00+00:00,1465.0,1475.0,1450.0,1470.0,10921100.0
2021-05-24 09:00:00+00:00,1475.0,1475.0,1450.0,1450.0,9693700.0
2021-05-25 09:00:00+00:00,1450.0,1465.0,1440.0,1460.0,22179100.0
2021-05-27 09:00:00+00:00,1460.0,1465.0,1420.0,1420.0,162541000.0
2021-05-28 09:00:00+00:00,1430.0,1440.0,1415.0,1440.0,24377200.0
2021-05-31 09:00:00+00:00,1445.0,1450.0,1420.0,1450.0,24095700.0
2021-06-02 09:00:00+00:00,1455.0,1460.0,1435.0,1445.0,30212300.0
2021-06-03 09:00:00+00:00,1450.0,1500.0,1445.0,1500.0,44274700.0
2021-06-04 09:00:00+00:00,1500.0,1500.0,1455.0,1485.0,23701700.0
2021-06-07 09:00:00+00:00,1485.0,1495.0,1460.0,1495.0,16701100.0
2021-06-08 09:00:00+00:00,1460.0,1470.0,1440.0,1450.0,17121600.0
2021-06-09 09:00:00+00:00,1450.0,1460.0,1435.0,1440.0,13979800.0
2021-06-10 09:00:00+00:00,1440.0,1450.0,1430.0,1440.0,20588200.0
2021-06-11 09:00:00+00:00,1440.0,1450.0,1435.0,1450.0,14598700.0
2021-06-14 09:00:00+00:00,1440.0,1455.0,1430.0,1435.0,18638300.0
2021-06-15 09:00:00+00:00,1445.0,1450.0,1430.0,1450.0,23112800.0
2021-06-16 09:00:00+00:00,1445.0,1450.0,1425.0,1425.0,12235400.0
2021-06-17 09:00:00+00:00,1425.0,1435.0,1405.0,1405.0,21227200.0
2021-06-18 09:00:00+00:00,1400.0,1405.0,1315.0,1360.0,97394900.0
2021-06-21 09:00:00+00:00,1310.0,1525.0,1280.0,1480.0,220726700.0
2021-06-22 09:00:00+00:00,1480.0,1515.0,1420.0,1420.0,67090200.0
2021-06-23 09:00:00+00:00,1420.0,1425.0,1355.0,1360.0,31460400.0
2021-06-24 09:00:00+00:00,1360.0,1380.0,1355.0,1370.0,28444200.0
2021-06-25 09:00:00+00:00,1380.0,1420.0,1345.0,1355.0,49431500.0
2021-06-28 09:00:00+00:00,1370.0,1405.0,1370.0,1375.0,36530100.0
2021-06-29 09:00:00+00:00,1385.0,1420.0,1375.0,1375.0,34027000.0
2021-06-30 09:00:00+00:00,1390.0,1415.0,1380.0,1400.0,28588600.0
2021-07-01 09:00:00+00:00,1400.0,1420.0,1385.0,1400.0,19917700.0
2021-07-02 09:00:00+00:00,1405.0,1420.0,1395.0,1400.0,12907400.0
2021-07-05 09:00:00+00:00,1400.0,1420.0,1370.0,1390.0,22506700.0
2021-07-06 09:00:00+00:00,1390.0,1400.0,1370.0,1370.0,21419400.0
2021-07-07 09:00:00+00:00,1375.0,1375.0,1340.0,1355.0,26750100.0
2021-07-08 09:00:00+00:00,1355.0,1355.0,1320.0,1325.0,32821200.0
2021-07-09 09:00:00+00:00,1325.0,1335.0,1320.0,1320.0,19171100.0
2021-07-12 09:00:00+00:00,1330.0,1350.0,1330.0,1335.0,34874000.0
2021-07-13 09:00:00+00:00,1340.0,1350.0,1325.0,1330.0,20606700.0
2021-07-14 09:00:00+00:00,1335.0,1370.0,1305.0,1365.0,34479500.0
2021-07-15 09:00:00+00:00,1370.0,1370.0,1345.0,1365.0,21126700.0
2021-07-16 09:00:00+00:00,1365.0,1390.0,1355.0,1390.0,22813100.0
2021-07-19 09:00:00+00:00,1390.0,1410.0,1365.0,1390.0,24056800.0
2021-07-21 09:00:00+00:00,1390.0,1395.0,1345.0,1350.0,31672600.0
2021-07-22 09:00:00+00:00,1350.0,1360.0,1350.0,1355.0,12050700.0
2021-07-23 09:00:00+00:00,1360.0,1365.0,1340.0,1345.0,17402300.0
2021-07-26 09:00:00+00:00,1350.0,1365.0,1345.0,1345.0,27036000.0
2021-07-27 09:00:00+00:00,1365.0,1365.0,1330.0,1340.0,23973200.0
2021-07-28 09:00:00+00:00,1340.0,1345.0,1310.0,1315.0,17882100.0
2021-07-29 09:00:00+00:00,1315.0,1320.0,1295.0,1295.0,39331900.0
2021-07-30 09:00:00+00:00,1305.0,1315.0,1260.0,1260.0,49489900.0
2021-08-02 09:00:00+00:00,1280.0,1315.0,1280.0,1305.0,55975500.0
2021-08-03 09:00:00+00:00,1310.0,1330.0,1310.0,1315.0,32658700.0
2021-08-04 09:00:00+00:00,1315.0,1325.0,1300.0,1305.0,16906900.0
2021-08-05 09:00:00+00:00,1310.0,1345.0,1290.0,1295.0,33208700.0
2021-08-06 09:00:00+00:00,1305.0,1305.0,1270.0,1270.0,38165500.0
2021-08-09 09:00:00+00:00,1300.0,1300.0,1240.0,1240.0,46508600.0
2021-08-10 09:00:00+00:00,1255.0,1305.0,1250.0,1305.0,55389800.0
2021-08-12 09:00:00+00:00,1305.0,1310.0,1270.0,1290.0,40262100.0
2021-08-13 09:00:00+00:00,1295.0,1305.0,1290.0,1300.0,22061200.0
2021-08-16 09:00:00+00:00,1305.0,1305.0,1280.0,1300.0,11843300.0
2021-08-18 09:00:00+00:00,1300.0,1310.0,1285.0,1310.0,25693500.0
2021-08-19 09:00:00+00:00,1300.0,1300.0,1240.0,1250.0,31387700.0
2021-08-20 09:00:00+00:00,1255.0,1300.0,1250.0,1295.0,23424000.0
2021-08-23 09:00:00+00:00,1275.0,1305.0,1275.0,1300.0,22388600.0
2021-08-24 09:00:00+00:00,1300.0,1305.0,1280.0,1295.0,23528300.0
2021-08-25 09:00:00+00:00,1305.0,1340.0,1290.0,1340.0,30449300.0
2021-08-26 09:00:00+00:00,1340.0,1345.0,1315.0,1345.0,23005600.0
2021-08-27 09:00:00+00:00,1345.0,1365.0,1330.0,1365.0,24342500.0
2021-08-30 09:00:00+00:00,1370.0,1395.0,1365.0,1395.0,49180500.0
2021-08-31 09:00:00+00:00,1395.0,1395.0,1335.0,1345.0,93408300.0
2021-09-01 09:00:00+00:00,1345.0,1375.0,1345.0,1365.0,31866400.0
2021-09-02 09:00:00+00:00,1365.0,1385.0,1345.0,1385.0,11738400.0
2021-09-03 09:00:00+00:00,1385.0,1440.0,1365.0,1440.0,49704400.0
2021-09-06 09:00:00+00:00,1440.0,1495.0,1415.0,1480.0,57271900.0
2021-09-07 09:00:00+00:00,1480.0,1480.0,1455.0,1460.0,16775400.0
2021-09-08 09:00:00+00:00,1460.0,1465.0,1410.0,1460.0,41785000.0
2021-09-09 09:00:00+00:00,1460.0,1490.0,1440.0,1490.0,42971600.0
2021-09-10 09:00:00+00:00,1490.0,1495.0,1460.0,1470.0,21709100.0
2021-09-13 09:00:00+00:00,1460.0,1470.0,1440.0,1470.0,8362500.0
2021-09-14 09:00:00+00:00,1445.0,1480.0,1445.0,1480.0,23492600.0
2021-09-15 09:00:00+00:00,1480.0,1490.0,1450.0,1490.0,19610700.0
2021-09-16 09:00:00+00:00,1490.0,1490.0,1440.0,1440.0,24009000.0
2021-09-17 09:00:00+00:00,1440.0,1460.0,1435.0,1450.0,30924100.0
2021-09-20 09:00:00+00:00,1450.0,1460.0,1425.0,1430.0,9378600.0
2021-09-21 09:00:00+00:00,1425.0,1450.0,1405.0,1405.0,14673100.0
2021-09-22 09:00:00+00:00,1420.0,1435.0,1410.0,1420.0,12157700.0
2021-09-23 09:00:00+00:00,1410.0,1440.0,1395.0,1395.0,21547200.0
2021-09-24 09:00:00+00:00,1425.0,1425.0,1385.0,1400.0,19823600.0
2021-09-27 09:00:00+00:00,1410.0,1410.0,1390.0,1400.0,10494500.0
2021-09-28 09:00:00+00:00,1415.0,1415.0,1380.0,1380.0,10162000.0
2021-09-29 09:00:00+00:00,1370.0,1410.0,1365.0,1410.0,24028200.0
2021-09-30 09:00:00+00:00,1410.0,1430.0,1400.0,1430.0,23730600.0
2021-10-01 09:00:00+00:00,1430.0,1430.0,1380.0,1400.0,21204400.0
2021-10-04 09:00:00+00:00,1400.0,1405.0,1375.0,1380.0,24057600.0
2021-10-05 09:00:00+00:00,1380.0,1390.0,1370.0,1370.0,15698000.0
2021-10-06 09:00:00+00:00,1370.0,1410.0,1365.0,1370.0,30270100.0
2021-10-07 09:00:00+00:00,1370.0,1415.0,1370.0,1370.0,37530500.0
2021-10-08 09:00:00+00:00,1375.0,1405.0,1370.0,1380.0,24962100.0
2021-10-11 09:00:00+00:00,1380.0,1385.0,1360.0,1360.0,20811400.0
2021-10-12 09:00:00+00:00,1360.0,1380.0,1355.0,1370.0,26638500.0
2021-10-13 09:00:00+00:00,1375.0,1385.0,1360.0,1385.0,29785100.0
2021-10-14 09:00:00+00:00,1390.0,1440.0,1380.0,1435.0,65304500.0
2021-10-15 09:00:00+00:00,1450.0,1455.0,1415.0,1445.0,45210300.0
2021-10-18 09:00:00+00:00,1450.0,1455.0,1425.0,1440.0,25759700.0
2021-10-19 09:00:00+00:00,1440.0,1450.0,1420.0,1450.0,16828400.0
2021-10-21 09:00:00+00:00,1460.0,1490.0,1450.0,1490.0,52190200.0
2021-10-22 09:00:00+00:00,1490.0,1490.0,1435.0,1455.0,34304000.0
2021-10-25 09:00:00+00:00,1455.0,1480.0,1440.0,1465.0,23810800.0
2021-10-26 09:00:00+00:00,1480.0,1605.0,1480.0,1540.0,166793500.0
2021-10-27 09:00:00+00:00,1540.0,1605.0,1510.0,1600.0,164887800.0
2021-10-28 09:00:00+00:00,1610.0,1610.0,1580.0,1590.0,102437000.0
2021-10-29 09:00:00+00:00,1600.0,1605.0,1590.0,1600.0,155669800.0
2021-11-01 09:00:00+00:00,1600.0,1605.0,1590.0,1590.0,63028700.0
2021-11-02 09:00:00+00:00,1590.0,1630.0,1565.0,1620.0,125599400.0
2021-11-03 09:00:00+00:00,1630.0,1640.0,1615.0,1635.0,139441900.0
2021-11-04 09:00:00+00:00,1640.0,1640.0,1610.0,1630.0,147923700.0
2021-11-05 09:00:00+00:00,1625.0,1650.0,1615.0,1630.0,120743600.0
2021-11-08 09:00:00+00:00,1630.0,1635.0,1610.0,1620.0,140655600.0
2021-11-09 09:00:00+00:00,1635.0,1635.0,1590.0,1620.0,50026200.0
2021-11-10 09:00:00+00:00,1620.0,1625.0,1605.0,1625.0,55784500.0
2021-11-11 09:00:00+00:00,1625.0,1630.0,1565.0,1590.0,52529900.0
2021-11-12 09:00:00+00:00,1590.0,1615.0,1590.0,1610.0,31257500.0
2021-11-15 09:00:00+00:00,1610.0,1615.0,1570.0,1595.0,20170900.0
2021-11-16 09:00:00+00:00,1600.0,1620.0,1575.0,1620.0,56316100.0
2021-11-17 09:00:00+00:00,1625.0,1625.0,1600.0,1615.0,23329400.0
2021-11-18 09:00:00+00:00,1610.0,1620.0,1600.0,1615.0,28281300.0
2021-11-19 09:00:00+00:00,1615.0,1620.0,1585.0,1595.0,22639000.0
2021-11-22 09:00:00+00:00,1595.0,1620.0,1590.0,1600.0,41133000.0
2021-11-23 09:00:00+00:00,1600.0,1610.0,1570.0,1610.0,31824100.0
2021-11-24 09:00:00+00:00,1610.0,1610.0,1595.0,1610.0,36474100.0
2021-11-25 09:00:00+00:00,1610.0,1620.0,1600.0,1620.0,48835900.0
2021-11-26 09:00:00+00:00,1615.0,1615.0,1555.0,1590.0,47932800.0
2021-11-29 09:00:00+00:00,1590.0,1610.0,1560.0,1605.0,66271400.0
2021-11-30 09:00:00+00:00,1605.0,1610.0,1590.0,1600.0,162594600.0
2021-12-01 09:00:00+00:00,1605.0,1610.0,1575.0,1590.0,44533500.0
2021-12-02 09:00:00+00:00,1590.0,1635.0,1585.0,1615.0,56231800.0
2021-12-03 09:00:00+00:00,1615.0,1625.0,1605.0,1610.0,41788400.0
2021-12-06 09:00:00+00:00,1615.0,1615.0,1580.0,1580.0,31633400.0
2021-12-07 09:00:00+00:00,1585.0,1615.0,1585.0,1615.0,24030800.0
2021-12-08 09:00:00+00:00,1605.0,1605.0,1595.0,1595.0,26973800.0
2021-12-09 09:00:00+00:00,1595.0,1615.0,1590.0,1610.0,42152900.0
2021-12-10 09:00:00+00:00,1610.0,1615.0,1595.0,1610.0,21711000.0
2021-12-13 09:00:00+00:00,1615.0,1615.0,1585.0,1605.0,30298500.0
2021-12-14 09:00:00+00:00,1610.0,1615.0,1600.0,1610.0,44663200.0
2021-12-15 09:00:00+00:00,1610.0,1620.0,1605.0,1615.0,32761400.0
2021-12-16 09:00:00+00:00,1620.0,1630.0,1610.0,1625.0,99342000.0
2021-12-17 09:00:00+00:00,1630.0,1630.0,1595.0,1610.0,41416100.0
2021-12-20 09:00:00+00:00,1615.0,1630.0,1605.0,1615.0,33529500.0
2021-12-21 09:00:00+00:00,1615.0,1620.0,1605.0,1605.0,23899000.0
2021-12-22 09:00:00+00:00,1605.0,1605.0,1545.0,1570.0,46200100.0
2021-12-23 09:00:00+00:00,1560.0,1605.0,1550.0,1590.0,29951800.0
2021-12-24 09:00:00+00:00,1590.0,1605.0,1570.0,1575.0,14266300.0
2021-12-27 09:00:00+00:00,1580.0,1615.0,1575.0,1610.0,14905100.0
2021-12-28 09:00:00+00:00,1610.0,1620.0,1605.0,1605.0,20479500.0
2021-12-29 09:00:00+00:00,1615.0,1620.0,1605.0,1615.0,13887200.0
2021-12-30 09:00:00+00:00,1615.0,1625.0,1610.0,1615.0,24016700.0
2022-01-03 09:00:00+00:00,1615.0,1625.0,1605.0,1620.0,25774000.0
2022-01-04 09:00:00+00:00,1620.0,1625.0,1610.0,1620.0,24471900.0
2022-01-05 09:00:00+00:00,1615.0,1625.0,1595.0,1625.0,47707800.0
2022-01-06 09:00:00+00:00,1620.0,1630.0,1600.0,1620.0,27428300.0
2022-01-07 09:00:00+00:00,1620.0,1685.0,1615.0,1655.0,87215800.0
2022-01-10 09:00:00+00:00,1665.0,1730.0,1665.0,1695.0,132840300.0
2022-01-11 09:00:00+00:00,1695.0,1695.0,1650.0,1675.0,44595500.0
2022-01-12 09:00:00+00:00,1675.0,1700.0,1660.0,1700.0,36149500.0
2022-01-13 09:00:00+00:00,1700.0,1700.0,1670.0,1700.0,28302700.0
2022-01-14 09:00:00+00:00,1700.0,1700.0,1685.0,1695.0,21589300.0
2022-01-17 09:00:00+00:00,1705.0,1710.0,1695.0,1705.0,36515000.0
2022-01-18 09:00:00+00:00,1710.0,1720.0,1695.0,1715.0,50948500.0
2022-01-19 09:00:00+00:00,1715.0,1720.0,1695.0,1700.0,71878500.0
2022-01-20 09:00:00+00:00,1715.0,1720.0,1695.0,1700.0,56582000.0
2022-01-21 09:00:00+00:00,1700.0,1710.0,1685.0,1705.0,22979900.0
2022-01-24 09:00:00+00:00,1705.0,1705.0,1620.0,1700.0,37893600.0
2022-01-25 09:00:00+00:00,1695.0,1700.0,1655.0,1700.0,31244100.0
2022-01-26 09:00:00+00:00,1690.0,1700.0,1665.0,1700.0,24644500.0
2022-01-27 09:00:00+00:00,1680.0,1700.0,1655.0,1690.0,22397200.0
2022-01-28 09:00:00+00:00,1670.0,1695.0,1660.0,1670.0,25104500.0
2022-01-31 09:00:00+00:00,1670.0,1680.0,1630.0,1640.0,17549900.0
2022-02-02 09:00:00+00:00,1650.0,1695.0,1645.0,1690.0,17161600.0
2022-02-03 09:00:00+00:00,1690.0,1690.0,1655.0,1660.0,23942400.0
2022-02-04 09:00:00+00:00,1660.0,1690.0,1655.0,1690.0,17949800.0
2022-02-07 09:00:00+00:00,1680.0,1690.0,1655.0,1685.0,15681800.0
2022-02-08 09:00:00+00:00,1660.0,1685.0,1640.0,1640.0,36457000.0
2022-02-09 09:00:00+00:00,1665.0,1665.0,1630.0,1650.0,27205100.0
2022-02-10 09:00:00+00:00,1660.0,1680.0,1640.0,1640.0,23853300.0
2022-02-11 09:00:00+00:00,1640.0,1655.0,1615.0,1635.0,22112600.0
2022-02-14 09:00:00+00:00,1635.0,1640.0,1575.0,1600.0,27660100.0
2022-02-15 09:00:00+00:00,1600.0,1655.0,1595.0,1640.0,31125900.0
2022-02-16 09:00:00+00:00,1640.0,1640.0,1615.0,1620.0,17463200.0
2022-02-17 09:00:00+00:00,1610.0,1620.0,1590.0,1600.0,31645800.0
2022-02-18 09:00:00+00:00,1600.0,1620.0,1600.0,1600.0,26231800.0
2022-02-21 09:00:00+00:00,1600.0,1625.0,1585.0,1590.0,32018300.0
2022-02-22 09:00:00+00:00,1590.0,1650.0,1585.0,1620.0,51416700.0
2022-02-23 09:00:00+00:00,1630.0,1650.0,1610.0,1650.0,44613000.0
2022-02-24 09:00:00+00:00,1645.0,1650.0,1595.0,1630.0,37300400.0
2022-02-25 09:00:00+00:00,1600.0,1645.0,1520.0,1645.0,116915300.0
2022-03-01 09:00:00+00:00,1635.0,1635.0,1575.0,1580.0,73898600.0
2022-03-02 09:00:00+00:00,1590.0,1630.0,1575.0,1600.0,63136800.0
2022-03-04 09:00:00+00:00,1600.0,1640.0,1590.0,1640.0,42707800.0
2022-03-07 09:00:00+00:00,1640.0,1640.0,1585.0,1605.0,40066800.0
2022-03-08 09:00:00+00:00,1605.0,1610.0,1575.0,1590.0,56565000.0
2022-03-09 09:00:00+00:00,1585.0,1615.0,1580.0,1585.0,19148100.0
2022-03-10 09:00:00+00:00,1590.0,1625.0,1590.0,1605.0,32861500.0
2022-03-11 09:00:00+00:00,1605.0,1630.0,1595.0,1615.0,14480100.0
2022-03-14 09:00:00+00:00,1620.0,1650.0,1600.0,1630.0,26761400.0
2022-03-15 09:00:00+00:00,1630.0,1630.0,1585.0,1620.0,35968000.0
2022-03-16 09:00:00+00:00,1615.0,1620.0,1580.0,1620.0,55709500.0
2022-03-17 09:00:00+00:00,1620.0,1620.0,1585.0,1610.0,34000900.0
2022-03-18 09:00:00+00:00,1610.0,1630.0,1595.0,1630.0,55156200.0
2022-03-21 09:00:00+00:00,1630.0,1650.0,1605.0,1650.0,23066400.0
2022-03-22 09:00:00+00:00,1645.0,1655.0,1615.0,1655.0,29045900.0
2022-03-23 09:00:00+00:00,1655.0,1660.0,1635.0,1660.0,37044800.0
2022-03-24 09:00:00+00:00,1640.0,1690.0,1640.0,1690.0,43946500.0
2022-03-25 09:00:00+00:00,1680.0,1690.0,1635.0,1670.0,52626100.0
2022-03-28 09:00:00+00:00,1660.0,1660.0,1630.0,1630.0,31051600.0
2022-03-29 09:00:00+00:00,1625.0,1660.0,1625.0,1630.0,26030300.0
2022-03-30 09:00:00+00:00,1635.0,1665.0,1630.0,1660.0,19430300.0
2022-03-31 09:00:00+00:00,1660.0,1660.0,1610.0,1610.0,45789300.0
2022-04-01 09:00:00+00:00,1610.0,1620.0,1595.0,1615.0,29819100.0
2022-04-04 09:00:00+00:00,1615.0,1685.0,1595.0,1685.0,25992600.0
2022-04-05 09:00:00+00:00,1670.0,1670.0,1610.0,1610.0,34164600.0
2022-04-06 09:00:00+00:00,1605.0,1615.0,1575.0,1595.0,49125700.0
2022-04-07 09:00:00+00:00,1590.0,1600.0,1550.0,1580.0,68102400.0
2022-04-08 09:00:00+00:00,1580.0,1605.0,1575.0,1580.0,36379600.0
2022-04-11 09:00:00+00:00,1580.0,1590.0,1550.0,1585.0,51859100.0
2022-04-12 09:00:00+00:00,1585.0,1590.0,1560.0,1585.0,46610200.0
2022-04-13 09:00:00+00:00,1585.0,1595.0,1575.0,1595.0,34085700.0
2022-04-14 09:00:00+00:00,1595.0,1600.0,1580.0,1585.0,26345100.0
2022-04-18 09:00:00+00:00,1585.0,1615.0,1585.0,1600.0,18765800.0
2022-04-19 09:00:00+00:00,1600.0,1610.0,1570.0,1575.0,42560700.0
2022-04-20 09:00:00+00:00,1590.0,1600.0,1560.0,1560.0,51769300.0
2022-04-21 09:00:00+00:00,1565.0,1610.0,1565.0,1600.0,32175900.0
2022-04-22 09:00:00+00:00,1600.0,1600.0,1540.0,1575.0,57504900.0
2022-04-25 09:00:00+00:00,1570.0,1620.0,1565.0,1605.0,33865200.0
2022-04-26 09:00:00+00:00,1605.0,1625.0,1600.0,1625.0,16248100.0
2022-04-27 09:00:00+00:00,1620.0,1630.0,1600.0,1615.0,30454300.0
2022-04-28 09:00:00+00:00,1615.0,1665.0,1615.0,1640.0,49356100.0
2022-05-09 09:00:00+00:00,1600.0,1655.0,1530.0,1530.0,76978200.0
2022-05-10 09:00:00+00:00,1530.0,1635.0,1530.0,1615.0,52064100.0
2022-05-11 09:00:00+00:00,1615.0,1635.0,1605.0,1635.0,50650000.0
2022-05-12 09:00:00+00:00,1635.0,1635.0,1555.0,1580.0,36570400.0
2022-05-13 09:00:00+00:00,1580.0,1645.0,1580.0,1600.0,49784100.0
2022-05-17 09:00:00+00:00,1625.0,1645.0,1615.0,1625.0,159495200.0
2022-05-18 09:00:00+00:00,1630.0,1635.0,1605.0,1625.0,111379300.0
2022-05-19 09:00:00+00:00,1625.0,1645.0,1575.0,1605.0,61712100.0
2022-05-20 09:00:00+00:00,1605.0,1660.0,1600.0,1625.0,61642000.0
2022-05-23 09:00:00+00:00,1625.0,1645.0,1615.0,1630.0,36912700.0
2022-05-24 09:00:00+00:00,1645.0,1655.0,1615.0,1615.0,49342000.0
2022-05-25 09:00:00+00:00,1620.0,1635.0,1600.0,1630.0,22287100.0
2022-05-27 09:00:00+00:00,1640.0,1640.0,1605.0,1610.0,32989700.0
2022-05-30 09:00:00+00:00,1615.0,1630.0,1615.0,1630.0,23066200.0
2022-05-31 09:00:00+00:00,1625.0,1675.0,1610.0,1675.0,115863900.0
2022-06-02 09:00:00+00:00,1670.0,1670.0,1585.0,1605.0,58671200.0
2022-06-03 09:00:00+00:00,1620.0,1625.0,1600.0,1600.0,27458200.0
2022-06-06 09:00:00+00:00,1600.0,1640.0,1595.0,1640.0,30976700.0
2022-06-07 09:00:00+00:00,1635.0,1640.0,1595.0,1595.0,39892100.0
2022-06-08 09:00:00+00:00,1600.0,1635.0,1595.0,1625.0,44783800.0
2022-06-09 09:00:00+00:00,1625.0,1655.0,1620.0,1635.0,65482700.0
2022-06-10 09:00:00+00:00,1625.0,1625.0,1600.0,1625.0,31155500.0
2022-06-13 09:00:00+00:00,1615.0,1625.0,1605.0,1625.0,38442100.0
2022-06-14 09:00:00+00:00,1610.0,1625.0,1605.0,1625.0,25687400.0
2022-06-15 09:00:00+00:00,1610.0,1625.0,1600.0,1615.0,25656400.0
2022-06-16 09:00:00+00:00,1615.0,1625.0,1610.0,1625.0,47197200.0
2022-06-17 09:00:00+00:00,1620.0,1630.0,1615.0,1625.0,44887100.0
2022-06-20 09:00:00+00:00,1625.0,1630.0,1620.0,1620.0,47509600.0
2022-06-21 09:00:00+00:00,1620.0,1625.0,1615.0,1625.0,34306700.0
2022-06-22 09:00:00+00:00,1625.0,1635.0,1620.0,1625.0,57150900.0
2022-06-23 09:00:00+00:00,1630.0,1700.0,1625.0,1700.0,86030200.0
2022-06-24 09:00:00+00:00,1710.0,1720.0,1685.0,1710.0,30114800.0
2022-06-27 09:00:00+00:00,1710.0,1710.0,1685.0,1695.0,23443100.0
2022-06-28 09:00:00+00:00,1710.0,1720.0,1695.0,1700.0,71276400.0
2022-06-29 09:00:00+00:00,1700.0,1705.0,1690.0,1690.0,48413700.0
2022-06-30 09:00:00+00:00,1690.0,1715.0,1660.0,1660.0,37727000.0
2022-07-01 09:00:00+00:00,1670.0,1705.0,1670.0,1685.0,29391000.0
2022-07-04 09:00:00+00:00,1680.0,1700.0,1615.0,1635.0,51526900.0
2022-07-05 09:00:00+00:00,1640.0,1695.0,1630.0,1690.0,23903000.0
2022-07-06 09:00:00+00:00,1690.0,1690.0,1665.0,1685.0,23649900.0
2022-07-07 09:00:00+00:00,1685.0,1695.0,1670.0,1680.0,16128800.0
2022-07-08 09:00:00+00:00,1675.0,1685.0,1650.0,1670.0,27956500.0
2022-07-11 09:00:00+00:00,1675.0,1700.0,1660.0,1700.0,14169600.0
2022-07-12 09:00:00+00:00,1700.0,1710.0,1680.0,1680.0,25137900.0
2022-07-13 09:00:00+00:00,1700.0,1700.0,1680.0,1690.0,46771600.0
2022-07-14 09:00:00+00:00,1690.0,1720.0,1685.0,1720.0,62948300.0
2022-07-15 09:00:00+00:00,1725.0,1725.0,1680.0,1680.0,21810800.0
2022-07-18 09:00:00+00:00,1675.0,1690.0,1650.0,1655.0,42585900.0
2022-07-19 09:00:00+00:00,1675.0,1705.0,1670.0,1700.0,40514700.0
2022-07-20 09:00:00+00:00,1690.0,1735.0,1685.0,1730.0,55562200.0
2022-07-21 09:00:00+00:00,1730.0,1730.0,1670.0,1680.0,48156000.0
2022-07-22 09:00:00+00:00,1690.0,1715.0,1675.0,1715.0,39897000.0
2022-07-25 09:00:00+00:00,1715.0,1715.0,1670.0,1690.0,29266000.0
2022-07-26 09:00:00+00:00,1710.0,1710.0,1680.0,1695.0,27325600.0
2022-07-27 09:00:00+00:00,1700.0,1705.0,1675.0,1690.0,28115000.0
2022-07-28 09:00:00+00:00,1685.0,1690.0,1665.0,1670.0,32757200.0
2022-07-29 09:00:00+00:00,1670.0,1680.0,1585.0,1620.0,99313700.0
2022-08-01 09:00:00+00:00,1620.0,1625.0,1570.0,1585.0,57374200.0
2022-08-02 09:00:00+00:00,1590.0,1600.0,1565.0,1590.0,54396100.0
2022-08-03 09:00:00+00:00,1590.0,1600.0,1575.0,1590.0,63652200.0
2022-08-04 09:00:00+00:00,1600.0,1600.0,1570.0,1595.0,93037900.0
2022-08-05 09:00:00+00:00,1595.0,1605.0,1590.0,1590.0,48888500.0
2022-08-08 09:00:00+00:00,1615.0,1615.0,1585.0,1615.0,39012000.0
2022-08-09 09:00:00+00:00,1615.0,1630.0,1585.0,1585.0,49268200.0
2022-08-10 09:00:00+00:00,1585.0,1600.0,1575.0,1600.0,26886700.0
2022-08-11 09:00:00+00:00,1610.0,1610.0,1585.0,1585.0,39752900.0
2022-08-12 09:00:00+00:00,1585.0,1615.0,1585.0,1615.0,24070900.0
2022-08-15 09:00:00+00:00,1625.0,1625.0,1595.0,1595.0,26916300.0
2022-08-16 09:00:00+00:00,1610.0,1635.0,1595.0,1635.0,48444300.0
2022-08-18 09:00:00+00:00,1645.0,1670.0,1625.0,1635.0,91254000.0
2022-08-19 09:00:00+00:00,1635.0,1640.0,1610.0,1610.0,25423300.0
2022-08-22 09:00:00+00:00,1610.0,1620.0,1590.0,1610.0,28461400.0
2022-08-23 09:00:00+00:00,1630.0,1645.0,1625.0,1625.0,49113600.0
2022-08-24 09:00:00+00:00,1620.0,1640.0,1605.0,1615.0,17502700.0
2022-08-25 09:00:00+00:00,1615.0,1640.0,1610.0,1610.0,26101800.0
2022-08-26 09:00:00+00:00,1630.0,1635.0,1605.0,1620.0,26577900.0
2022-08-29 09:00:00+00:00,1610.0,1640.0,1610.0,1630.0,17284600.0
2022-08-30 09:00:00+00:00,1660.0,1660.0,1620.0,1630.0,64797200.0
2022-08-31 09:00:00+00:00,1620.0,1680.0,1600.0,1680.0,79897200.0
2022-09-01 09:00:00+00:00,1680.0,1680.0,1640.0,1655.0,13257300.0
2022-09-02 09:00:00+00:00,1665.0,1685.0,1655.0,1675.0,30355500.0
2022-09-05 09:00:00+00:00,1655.0,1665.0,1640.0,1640.0,11291400.0
2022-09-06 09:00:00+00:00,1640.0,1670.0,1635.0,1660.0,26368700.0
2022-09-07 09:00:00+00:00,1650.0,1670.0,1650.0,1665.0,25598300.0
2022-09-08 09:00:00+00:00,1665.0,1680.0,1660.0,1665.0,24542300.0
2022-09-09 09:00:00+00:00,1680.0,1720.0,1675.0,1700.0,40502200.0
2022-09-12 09:00:00+00:00,1725.0,1750.0,1710.0,1750.0,29347500.0
2022-09-13 09:00:00+00:00,1770.0,1830.0,1760.0,1795.0,68663000.0
2022-09-14 09:00:00+00:00,1760.0,1825.0,1745.0,1795.0,33147400.0
2022-09-15 09:00:00+00:00,1825.0,1865.0,1810.0,1835.0,68525700.0
2022-09-16 09:00:00+00:00,1835.0,1900.0,1825.0,1900.0,112579900.0
2022-09-19 09:00:00+00:00,1900.0,1930.0,1855.0,1875.0,86049100.0
2022-09-20 09:00:00+00:00,1870.0,1875.0,1840.0,1850.0,53757900.0
2022-09-21 09:00:00+00:00,1845.0,1850.0,1820.0,1840.0,48378000.0
2022-09-22 09:00:00+00:00,1830.0,1865.0,1825.0,1855.0,62485200.0
2022-09-23 09:00:00+00:00,1850.0,1850.0,1835.0,1845.0,35652700.0
2022-09-26 09:00:00+00:00,1845.0,1855.0,1830.0,1850.0,81519600.0
2022-09-27 09:00:00+00:00,1825.0,1865.0,1825.0,1850.0,79268200.0
2022-09-28 09:00:00+00:00,1855.0,1855.0,1795.0,1820.0,40202000.0
2022-09-29 09:00:00+00:00,1790.0,1855.0,1790.0,1830.0,34876300.0
2022-09-30 09:00:00+00:00,1830.0,1850.0,1825.0,1830.0,50240300.0
2022-10-03 09:00:00+00:00,1830.0,1840.0,1800.0,1810.0,20938800.0
2022-10-04 09:00:00+00:00,1830.0,1845.0,1790.0,1815.0,22605800.0
2022-10-05 09:00:00+00:00,1815.0,1850.0,1815.0,1845.0,16903000.0
2022-10-06 09:00:00+00:00,1850.0,1865.0,1835.0,1850.0,33851500.0
2022-10-07 09:00:00+00:00,1850.0,1855.0,1830.0,1845.0,29216100.0
2022-10-10 09:00:00+00:00,1845.0,1905.0,1835.0,1895.0,24787700.0
2022-10-11 09:00:00+00:00,1895.0,1900.0,1835.0,1835.0,33465900.0
2022-10-12 09:00:00+00:00,1850.0,1900.0,1850.0,1900.0,23860300.0
2022-10-13 09:00:00+00:00,1860.0,1860.0,1850.0,1860.0,67251900.0
2022-10-14 09:00:00+00:00,1855.0,1860.0,1845.0,1845.0,34128200.0
2022-10-17 09:00:00+00:00,1845.0,1945.0,1845.0,1930.0,93740100.0
2022-10-18 09:00:00+00:00,1935.0,1940.0,1885.0,1900.0,107641800.0
2022-10-19 09:00:00+00:00,1900.0,1980.0,1875.0,1980.0,66266800.0
2022-10-20 09:00:00+00:00,1960.0,2070.0,1945.0,2030.0,117918400.0
2022-10-21 09:00:00+00:00,2030.0,2050.0,1965.0,1975.0,65666200.0
2022-10-24 09:00:00+00:00,1975.0,2050.0,1955.0,1995.0,30724200.0
2022-10-25 09:00:00+00:00,2020.0,2070.0,1975.0,2000.0,44422400.0
2022-10-26 09:00:00+00:00,2000.0,2050.0,2000.0,2040.0,22343400.0
2022-10-27 09:00:00+00:00,2030.0,2040.0,2010.0,2010.0,59875500.0
2022-10-28 09:00:00+00:00,2030.0,2030.0,1995.0,2020.0,37954400.0
2022-10-31 09:00:00+00:00,2030.0,2080.0,2020.0,2050.0,98912400.0
2022-11-01 09:00:00+00:00,2050.0,2050.0,1975.0,1985.0,62496200.0
2022-11-02 09:00:00+00:00,1945.0,1980.0,1875.0,1970.0,80371900.0
2022-11-03 09:00:00+00:00,1970.0,1985.0,1930.0,1970.0,36548900.0
2022-11-04 09:00:00+00:00,1970.0,1970.0,1910.0,1965.0,40378400.0
2022-11-07 09:00:00+00:00,1970.0,2020.0,1955.0,2020.0,53098200.0
2022-11-08 09:00:00+00:00,2050.0,2050.0,1955.0,1980.0,28466700.0
2022-11-09 09:00:00+00:00,1970.0,1990.0,1930.0,1960.0,50696100.0
2022-11-10 09:00:00+00:00,1950.0,1980.0,1935.0,1980.0,26816600.0
2022-11-11 09:00:00+00:00,1980.0,2040.0,1970.0,2000.0,67795400.0
2022-11-14 09:00:00+00:00,2060.0,2060.0,1980.0,2010.0,17679800.0
2022-11-15 09:00:00+00:00,2030.0,2050.0,2010.0,2030.0,29218700.0
2022-11-16 09:00:00+00:00,2030.0,2030.0,2000.0,2030.0,17946700.0
2022-11-17 09:00:00+00:00,2030.0,2050.0,2010.0,2030.0,18995500.0
2022-11-18 09:00:00+00:00,2050.0,2080.0,2010.0,2060.0,21737700.0
2022-11-21 09:00:00+00:00,2080.0,2150.0,2030.0,2110.0,36647800.0
2022-11-22 09:00:00+00:00,2150.0,2150.0,2020.0,2020.0,29365400.0
2022-11-23 09:00:00+00:00,2030.0,2060.0,2000.0,2050.0,25096500.0
2022-11-24 09:00:00+00:00,2050.0,2110.0,2010.0,2070.0,28228800.0
2022-11-25 09:00:00+00:00,2050.0,2100.0,2020.0,2100.0,22959700.0
2022-11-28 09:00:00+00:00,2090.0,2150.0,2050.0,2120.0,44193200.0
2022-11-29 09:00:00+00:00,2130.0,2140.0,2060.0,2100.0,34545100.0
2022-11-30 09:00:00+00:00,2100.0,2140.0,2070.0,2070.0,199167700.0
2022-12-01 09:00:00+00:00,2050.0,2090.0,2010.0,2050.0,36250600.0
2022-12-02 09:00:00+00:00,2010.0,2060.0,2010.0,2060.0,20615100.0
2022-12-05 09:00:00+00:00,2030.0,2090.0,2010.0,2060.0,23264800.0
2022-12-06 09:00:00+00:00,2060.0,2060.0,1960.0,2030.0,29565600.0
2022-12-07 09:00:00+00:00,2020.0,2040.0,1995.0,2030.0,39551300.0
2022-12-08 09:00:00+00:00,2020.0,2140.0,2000.0,2140.0,26193800.0
2022-12-09 09:00:00+00:00,2140.0,2140.0,2060.0,2130.0,31532700.0
2022-12-12 09:00:00+00:00,2130.0,2170.0,2060.0,2150.0,35819700.0
2022-12-13 09:00:00+00:00,2160.0,2170.0,2090.0,2110.0,32483200.0
2022-12-14 09:00:00+00:00,2110.0,2150.0,2090.0,2120.0,21458700.0
2022-12-15 09:00:00+00:00,2080.0,2110.0,2040.0,2050.0,42287000.0
2022-12-16 09:00:00+00:00,2030.0,2120.0,2020.0,2120.0,78765700.0
2022-12-19 09:00:00+00:00,2100.0,2170.0,2060.0,2170.0,33261000.0
2022-12-20 09:00:00+00:00,2130.0,2170.0,2070.0,2100.0,20441700.0
2022-12-21 09:00:00+00:00,2090.0,2100.0,2050.0,2100.0,23249900.0
2022-12-22 09:00:00+00:00,2070.0,2090.0,2040.0,2060.0,25628500.0
2022-12-23 09:00:00+00:00,2050.0,2070.0,2020.0,2040.0,21975000.0
2022-12-26 09:00:00+00:00,2040.0,2080.0,2020.0,2070.0,11136200.0
2022-12-27 09:00:00+00:00,2080.0,2080.0,2020.0,2030.0,11941300.0
2022-12-28 09:00:00+00:00,2030.0,2040.0,2020.0,2030.0,17306900.0
2022-12-29 09:00:00+00:00,2020.0,2090.0,2020.0,2090.0,20241300.0
2022-12-30 09:00:00+00:00,2080.0,2090.0,2040.0,2090.0,24171100.0
2023-01-02 09:00:00+00:00,2090.0,2110.0,2060.0,2060.0,2631000.0
2023-01-03 09:00:00+00:00,2050.0,2140.0,2050.0,2120.0,9282100.0
2023-01-04 09:00:00+00:00,2120.0,2140.0,2080.0,2090.0,18204200.0
2023-01-05 09:00:00+00:00,2090.0,2110.0,2040.0,2070.0,24355100.0
2023-01-06 09:00:00+00:00,2050.0,2070.0,2020.0,2050.0,24694200.0
2023-01-09 09:00:00+00:00,2070.0,2100.0,2040.0,2100.0,16257600.0
2023-01-10 09:00:00+00:00,2100.0,2110.0,2040.0,2050.0,22750900.0
2023-01-11 09:00:00+00:00,2050.0,2070.0,2020.0,2040.0,20078400.0
2023-01-12 09:00:00+00:00,2030.0,2050.0,2020.0,2020.0,25827400.0
2023-01-13 09:00:00+00:00,2030.0,2060.0,2000.0,2050.0,27201200.0
2023-01-16 09:00:00+00:00,2050.0,2060.0,2020.0,2060.0,26503700.0
2023-01-17 09:00:00+00:00,2060.0,2090.0,2050.0,2070.0,19593900.0
2023-01-18 09:00:00+00:00,2080.0,2090.0,2030.0,2090.0,25470900.0
2023-01-19 09:00:00+00:00,2070.0,2100.0,2050.0,2100.0,13570700.0
2023-01-20 09:00:00+00:00,2100.0,2100.0,2060.0,2060.0,15027500.0
2023-01-24 09:00:00+00:00,2040.0,2080.0,2030.0,2060.0,12531800.0
2023-01-25 09:00:00+00:00,2060.0,2080.0,2030.0,2050.0,12840200.0
2023-01-26 09:00:00+00:00,2050.0,2060.0,2020.0,2040.0,20288500.0
2023-01-27 09:00:00+00:00,2040.0,2060.0,2030.0,2050.0,23462500.0
2023-01-30 09:00:00+00:00,2050.0,2150.0,2020.0,2150.0,22700400.0
2023-01-31 09:00:00+00:00,2150.0,2160.0,2050.0,2060.0,72512700.0
2023-02-01 09:00:00+00:00,2060.0,2090.0,2060.0,2080.0,23314300.0
2023-02-02 09:00:00+00:00,2100.0,2200.0,2080.0,2200.0,67982100.0
2023-02-03 09:00:00+00:00,2200.0,2270.0,2170.0,2180.0,21774000.0
2023-02-06 09:00:00+00:00,2150.0,2190.0,2110.0,2170.0,23459000.0
2023-02-07 09:00:00+00:00,2170.0,2250.0,2140.0,2210.0,18130200.0
2023-02-08 09:00:00+00:00,2180.0,2270.0,2180.0,2250.0,24568500.0
2023-02-09 09:00:00+00:00,2250.0,2270.0,2190.0,2250.0,21628300.0
2023-02-10 09:00:00+00:00,2250.0,2360.0,2210.0,2360.0,30431100.0
2023-02-13 09:00:00+00:00,2360.0,2360.0,2230.0,2230.0,27916400.0
2023-02-14 09:00:00+00:00,2230.0,2350.0,2200.0,2330.0,33642000.0
2023-02-15 09:00:00+00:00,2300.0,2320.0,2270.0,2310.0,18109600.0
2023-02-16 09:00:00+00:00,2290.0,2310.0,2280.0,2290.0,10569500.0
2023-02-17 09:00:00+00:00,2280.0,2330.0,2240.0,2250.0,22609100.0
2023-02-20 09:00:00+00:00,2260.0,2300.0,2250.0,2300.0,18255500.0
2023-02-21 09:00:00+00:00,2300.0,2310.0,2260.0,2290.0,12838200.0
2023-02-22 09:00:00+00:00,2280.0,2280.0,2130.0,2160.0,56438400.0
2023-02-23 09:00:00+00:00,2150.0,2180.0,2030.0,2180.0,56207900.0
2023-02-24 09:00:00+00:00,2170.0,2270.0,2150.0,2270.0,22398100.0
2023-02-27 09:00:00+00:00,2240.0,2240.0,2120.0,2170.0,39487100.0
2023-02-28 09:00:00+00:00,2170.0,2180.0,2110.0,2110.0,92212400.0
2023-03-01 09:00:00+00:00,2100.0,2140.0,2090.0,2110.0,13968900.0
2023-03-02 09:00:00+00:00,2120.0,2130.0,2100.0,2100.0,15271000.0
2023-03-03 09:00:00+00:00,2100.0,2120.0,2040.0,2060.0,39606500.0
2023-03-06 09:00:00+00:00,2080.0,2120.0,2070.0,2110.0,27319100.0
2023-03-07 09:00:00+00:00,2100.0,2110.0,2060.0,2080.0,24611800.0
2023-03-08 09:00:00+00:00,2080.0,2120.0,2050.0,2100.0,24318700.0
2023-03-09 09:00:00+00:00,2100.0,2100.0,2080.0,2080.0,16285200.0
2023-03-10 09:00:00+00:00,2080.0,2090.0,2050.0,2060.0,21501800.0
2023-03-13 09:00:00+00:00,2050.0,2110.0,2050.0,2110.0,19186000.0
2023-03-14 09:00:00+00:00,2110.0,2120.0,2070.0,2090.0,19329800.0
2023-03-15 09:00:00+00:00,2090.0,2120.0,2070.0,2070.0,25129200.0
2023-03-16 09:00:00+00:00,2080.0,2150.0,2080.0,2130.0,24002300.0
2023-03-17 09:00:00+00:00,2150.0,2220.0,2150.0,2220.0,118558700.0
2023-03-20 09:00:00+00:00,2220.0,2220.0,2130.0,2170.0,14432700.0
2023-03-21 09:00:00+00:00,2160.0,2210.0,2130.0,2210.0,33220400.0
2023-03-24 09:00:00+00:00,2350.0,2350.0,2130.0,2130.0,36062700.0
2023-03-27 09:00:00+00:00,2160.0,2160.0,2090.0,2100.0,18006100.0
2023-03-28 09:00:00+00:00,2130.0,2190.0,2120.0,2150.0,33190400.0
2023-03-29 09:00:00+00:00,2190.0,2220.0,2150.0,2200.0,35518000.0
2023-03-30 09:00:00+00:00,2200.0,2210.0,2140.0,2170.0,21147600.0
2023-03-31 09:00:00+00:00,2160.0,2170.0,2090.0,2100.0,39487500.0
2023-04-03 09:00:00+00:00,2100.0,2100.0,2040.0,2080.0,39144600.0
2023-04-04 09:00:00+00:00,2080.0,2130.0,2070.0,2100.0,39340200.0
2023-04-05 09:00:00+00:00,2110.0,2150.0,2090.0,2090.0,21920600.0
2023-04-06 09:00:00+00:00,2100.0,2100.0,2050.0,2050.0,16191700.0
2023-04-10 09:00:00+00:00,2050.0,2070.0,2030.0,2070.0,14604800.0
2023-04-11 09:00:00+00:00,2070.0,2080.0,2050.0,2070.0,12614600.0
2023-04-12 09:00:00+00:00,2060.0,2060.0,2020.0,2040.0,40144000.0
2023-04-13 09:00:00+00:00,2060.0,2060.0,2030.0,2030.0,21326200.0
2023-04-14 09:00:00+00:00,2040.0,2080.0,2040.0,2060.0,30646000.0
2023-04-17 09:00:00+00:00,2070.0,2090.0,2030.0,2040.0,43702800.0
2023-04-18 09:00:00+00:00,2030.0,2080.0,2030.0,2060.0,25079900.0
2023-04-26 09:00:00+00:00,2040.0,2090.0,2020.0,2080.0,77840300.0
2023-04-27 09:00:00+00:00,2080.0,2120.0,2070.0,2120.0,11342900.0
2023-04-28 09:00:00+00:00,2120.0,2130.0,2060.0,2120.0,26544400.0
2023-05-02 09:00:00+00:00,2120.0,2120.0,2030.0,2070.0,38222900.0
2023-05-03 09:00:00+00:00,2060.0,2060.0,2020.0,2060.0,68209600.0
2023-05-04 09:00:00+00:00,2060.0,2090.0,2040.0,2090.0,31081500.0
2023-05-05 09:00:00+00:00,2090.0,2150.0,2070.0,2150.0,24418800.0
2023-05-08 09:00:00+00:00,2150.0,2150.0,2070.0,2100.0,31552100.0
2023-05-09 09:00:00+00:00,2080.0,2100.0,2060.0,2060.0,14251400.0
2023-05-10 09:00:00+00:00,2060.0,2110.0,2060.0,2060.0,19898500.0
2023-05-11 09:00:00+00:00,2070.0,2130.0,2060.0,2130.0,45802400.0
2023-05-12 09:00:00+00:00,2090.0,2120.0,2070.0,2110.0,20176200.0
2023-05-15 09:00:00+00:00,2110.0,2140.0,2100.0,2140.0,17513900.0
2023-05-16 09:00:00+00:00,2140.0,2200.0,2120.0,2200.0,18569300.0
2023-05-17 09:00:00+00:00,2190.0,2190.0,2130.0,2160.0,17462800.0
2023-05-19 09:00:00+00:00,2160.0,2170.0,2070.0,2170.0,30346900.0
2023-05-22 09:00:00+00:00,2170.0,2180.0,2120.0,2130.0,20090900.0
2023-05-23 09:00:00+00:00,2110.0,2160.0,2100.0,2120.0,42918300.0
2023-05-24 09:00:00+00:00,2090.0,2120.0,2040.0,2040.0,57639500.0
2023-05-25 09:00:00+00:00,2040.0,2080.0,2040.0,2050.0,28601500.0
2023-05-26 09:00:00+00:00,2050.0,2080.0,2040.0,2050.0,23341900.0
2023-05-29 09:00:00+00:00,2050.0,2110.0,2050.0,2110.0,28726300.0
2023-05-30 09:00:00+00:00,2110.0,2130.0,2070.0,2070.0,18171400.0
2023-05-31 09:00:00+00:00,2070.0,2100.0,2030.0,2030.0,270941900.0
2023-06-05 09:00:00+00:00,2070.0,2090.0,2030.0,2050.0,72504600.0
2023-06-06 09:00:00+00:00,2050.0,2070.0,1920.0,2040.0,71091800.0
2023-06-07 09:00:00+00:00,2030.0,2050.0,2000.0,2050.0,65246600.0
2023-06-08 09:00:00+00:00,2050.0,2070.0,2030.0,2040.0,17271000.0
2023-06-09 09:00:00+00:00,2040.0,2070.0,2020.0,2050.0,34354400.0
2023-06-12 09:00:00+00:00,2070.0,2070.0,2030.0,2060.0,22303000.0
2023-06-13 09:00:00+00:00,2060.0,2080.0,2030.0,2080.0,22482300.0
2023-06-14 09:00:00+00:00,2080.0,2080.0,2040.0,2050.0,26515000.0
2023-06-15 09:00:00+00:00,2050.0,2080.0,2030.0,2080.0,22591500.0
2023-06-16 09:00:00+00:00,2070.0,2100.0,2040.0,2100.0,56618400.0
2023-06-19 09:00:00+00:00,2060.0,2080.0,2050.0,2070.0,12624000.0
2023-06-20 09:00:00+00:00,2070.0,2080.0,2050.0,2070.0,18373900.0
2023-06-21 09:00:00+00:00,2080.0,2080.0,2050.0,2050.0,19151200.0
2023-06-22 09:00:00+00:00,2060.0,2060.0,2020.0,2020.0,45701700.0
2023-06-23 09:00:00+00:00,2020.0,2060.0,2000.0,2050.0,29118600.0
2023-06-26 09:00:00+00:00,2060.0,2070.0,2040.0,2070.0,12739800.0
2023-06-27 09:00:00+00:00,2040.0,2060.0,2040.0,2050.0,34950500.0
2023-07-03 09:00:00+00:00,2050.0,2060.0,2020.0,2020.0,63533500.0
2023-07-04 09:00:00+00:00,2020.0,2030.0,1965.0,1985.0,75416000.0
2023-07-05 09:00:00+00:00,1985.0,2030.0,1985.0,2010.0,51042500.0
2023-07-06 09:00:00+00:00,2000.0,2010.0,1985.0,1990.0,39236900.0
2023-07-07 09:00:00+00:00,1990.0,1995.0,1975.0,1990.0,39362000.0
2023-07-10 09:00:00+00:00,1990.0,2020.0,1990.0,2000.0,32144400.0
2023-07-11 09:00:00+00:00,2000.0,2030.0,1995.0,2030.0,28824700.0
2023-07-12 09:00:00+00:00,2020.0,2030.0,1995.0,2000.0,40082300.0
2023-07-13 09:00:00+00:00,2000.0,2060.0,2000.0,2020.0,37406000.0
2023-07-14 09:00:00+00:00,2040.0,2090.0,2030.0,2070.0,29285700.0
2023-07-17 09:00:00+00:00,2070.0,2090.0,2020.0,2020.0,39937300.0
2023-07-18 09:00:00+00:00,2040.0,2040.0,1980.0,2000.0,65524300.0
2023-07-20 09:00:00+00:00,1990.0,2000.0,1950.0,1950.0,79634100.0
2023-07-21 09:00:00+00:00,1950.0,1970.0,1925.0,1970.0,42962900.0
2023-07-24 09:00:00+00:00,1970.0,1985.0,1960.0,1970.0,24367300.0
2023-07-25 09:00:00+00:00,1960.0,1965.0,1940.0,1965.0,40692500.0
2023-07-26 09:00:00+00:00,1970.0,1970.0,1925.0,1935.0,25482000.0
2023-07-27 09:00:00+00:00,1920.0,1925.0,1905.0,1905.0,62633600.0
2023-07-28 09:00:00+00:00,1905.0,1925.0,1895.0,1910.0,44609300.0
2023-07-31 09:00:00+00:00,1915.0,1935.0,1885.0,1915.0,70534200.0
2023-08-01 09:00:00+00:00,1900.0,1910.0,1795.0,1805.0,125530500.0
2023-08-02 09:00:00+00:00,1805.0,1810.0,1770.0,1795.0,91491000.0
2023-08-03 09:00:00+00:00,1820.0,1895.0,1810.0,1885.0,40142500.0
2023-08-04 09:00:00+00:00,1885.0,1895.0,1860.0,1875.0,17972100.0
2023-08-07 09:00:00+00:00,1905.0,1905.0,1850.0,1850.0,38131200.0
2023-08-08 09:00:00+00:00,1845.0,1875.0,1845.0,1855.0,19920800.0
2023-08-09 09:00:00+00:00,1855.0,1875.0,1855.0,1875.0,17220000.0
2023-08-10 09:00:00+00:00,1875.0,1875.0,1825.0,1845.0,31667300.0
2023-08-11 09:00:00+00:00,1840.0,1855.0,1830.0,1850.0,16674600.0
2023-08-14 09:00:00+00:00,1855.0,1855.0,1815.0,1850.0,36798900.0
2023-08-15 09:00:00+00:00,1865.0,1875.0,1845.0,1850.0,23619600.0
2023-08-16 09:00:00+00:00,1850.0,1870.0,1835.0,1870.0,12646100.0
2023-08-18 09:00:00+00:00,1870.0,1870.0,1840.0,1845.0,50347600.0
2023-08-21 09:00:00+00:00,1845.0,1860.0,1830.0,1845.0,12787100.0
2023-08-22 09:00:00+00:00,1830.0,1855.0,1825.0,1855.0,14606900.0
2023-08-23 09:00:00+00:00,1850.0,1855.0,1810.0,1810.0,34969400.0
2023-08-24 09:00:00+00:00,1810.0,1825.0,1805.0,1810.0,28276000.0
2023-08-25 09:00:00+00:00,1820.0,1820.0,1800.0,1810.0,16350700.0
2023-08-28 09:00:00+00:00,1815.0,1825.0,1805.0,1805.0,13537400.0
2023-08-29 09:00:00+00:00,1815.0,1875.0,1805.0,1860.0,29399700.0
2023-08-30 09:00:00+00:00,1860.0,1870.0,1830.0,1845.0,18648400.0
2023-08-31 09:00:00+00:00,1840.0,1840.0,1815.0,1815.0,48819500.0
2023-09-01 09:00:00+00:00,1820.0,1820.0,1760.0,1775.0,25897000.0
2023-09-04 09:00:00+00:00,1775.0,1820.0,1740.0,1785.0,33778600.0
2023-09-05 09:00:00+00:00,1785.0,1785.0,1755.0,1770.0,26047300.0
2023-09-06 09:00:00+00:00,1760.0,1765.0,1735.0,1740.0,29734200.0
2023-09-07 09:00:00+00:00,1735.0,1740.0,1670.0,1705.0,59123900.0
2023-09-08 09:00:00+00:00,1700.0,1720.0,1660.0,1720.0,55673400.0
2023-09-11 09:00:00+00:00,1720.0,1860.0,1720.0,1860.0,58535600.0
2023-09-12 09:00:00+00:00,1855.0,1865.0,1805.0,1820.0,41058000.0
2023-09-13 09:00:00+00:00,1820.0,1820.0,1760.0,1785.0,40498300.0
2023-09-14 09:00:00+00:00,1785.0,1825.0,1775.0,1785.0,35127100.0
2023-09-15 09:00:00+00:00,1765.0,1800.0,1755.0,1765.0,64227000.0
2023-09-18 09:00:00+00:00,1765.0,1840.0,1765.0,1815.0,29281000.0
2023-09-19 09:00:00+00:00,1820.0,1820.0,1780.0,1790.0,26756200.0
2023-09-20 09:00:00+00:00,1790.0,1795.0,1750.0,1750.0,41154900.0
2023-09-21 09:00:00+00:00,1750.0,1815.0,1740.0,1815.0,32625300.0
2023-09-22 09:00:00+00:00,1815.0,1820.0,1780.0,1780.0,23992200.0
2023-09-25 09:00:00+00:00,1785.0,1810.0,1775.0,1775.0,21196100.0
2023-09-26 09:00:00+00:00,1780.0,1810.0,1780.0,1805.0,18365400.0
2023-09-27 09:00:00+00:00,1805.0,1805.0,1750.0,1755.0,18244000.0
2023-09-29 09:00:00+00:00,1755.0,1775.0,1745.0,1755.0,22639600.0
2023-10-02 09:00:00+00:00,1750.0,1795.0,1750.0,1785.0,23826000.0
2023-10-03 09:00:00+00:00,1785.0,1800.0,1760.0,1795.0,17612700.0
2023-10-04 09:00:00+00:00,1770.0,1785.0,1740.0,1765.0,28841300.0
2023-10-05 09:00:00+00:00,1780.0,1860.0,1770.0,1835.0,32076300.0
2023-10-06 09:00:00+00:00,1840.0,1860.0,1835.0,1835.0,23319900.0
2023-10-09 09:00:00+00:00,1825.0,1830.0,1780.0,1780.0,19018900.0
2023-10-10 09:00:00+00:00,1780.0,1795.0,1755.0,1755.0,14881700.0
2023-10-11 09:00:00+00:00,1770.0,1770.0,1745.0,1750.0,21443100.0
2023-10-12 09:00:00+00:00,1750.0,1760.0,1740.0,1740.0,15541900.0
2023-10-13 09:00:00+00:00,1730.0,1765.0,1730.0,1750.0,11069700.0
2023-10-16 09:00:00+00:00,1765.0,1775.0,1755.0,1760.0,6388200.0
2023-10-17 09:00:00+00:00,1770.0,1870.0,1770.0,1825.0,38125100.0
2023-10-18 09:00:00+00:00,1825.0,1830.0,1805.0,1805.0,7358800.0
2023-10-19 09:00:00+00:00,1805.0,1810.0,1775.0,1800.0,30146000.0
2023-10-20 09:00:00+00:00,1800.0,1830.0,1760.0,1770.0,17027100.0
2023-10-23 09:00:00+00:00,1780.0,1790.0,1760.0,1770.0,14040000.0
2023-10-24 09:00:00+00:00,1770.0,1865.0,1770.0,1825.0,32868900.0
2023-10-25 09:00:00+00:00,1830.0,1830.0,1760.0,1760.0,25913500.0
2023-10-26 09:00:00+00:00,1760.0,1775.0,1750.0,1750.0,14364300.0
2023-10-27 09:00:00+00:00,1775.0,1775.0,1750.0,1755.0,16699100.0
2023-10-30 09:00:00+00:00,1750.0,1760.0,1690.0,1705.0,24521300.0
2023-10-31 09:00:00+00:00,1705.0,1750.0,1585.0,1690.0,84591000.0
2023-11-01 09:00:00+00:00,1670.0,1670.0,1550.0,1605.0,90226000.0
2023-11-02 09:00:00+00:00,1605.0,1690.0,1580.0,1595.0,61585900.0
2023-11-03 09:00:00+00:00,1595.0,1620.0,1570.0,1590.0,32629000.0
2023-11-06 09:00:00+00:00,1595.0,1635.0,1590.0,1615.0,22496600.0
2023-11-07 09:00:00+00:00,1610.0,1625.0,1595.0,1605.0,28239600.0
2023-11-08 09:00:00+00:00,1610.0,1615.0,1585.0,1615.0,21281000.0
2023-11-09 09:00:00+00:00,1615.0,1645.0,1615.0,1620.0,14238800.0
2023-11-10 09:00:00+00:00,1620.0,1625.0,1585.0,1590.0,16704000.0
2023-11-13 09:00:00+00:00,1605.0,1635.0,1595.0,1600.0,14028100.0
2023-11-14 09:00:00+00:00,1590.0,1620.0,1560.0,1605.0,24224400.0
2023-11-15 09:00:00+00:00,1615.0,1625.0,1590.0,1610.0,30926600.0
2023-11-16 09:00:00+00:00,1610.0,1615.0,1580.0,1615.0,44734100.0
2023-11-17 09:00:00+00:00,1605.0,1620.0,1585.0,1620.0,43668800.0
2023-11-20 09:00:00+00:00,1615.0,1630.0,1600.0,1625.0,14474100.0
2023-11-21 09:00:00+00:00,1615.0,1620.0,1595.0,1605.0,30532300.0
2023-11-22 09:00:00+00:00,1620.0,1680.0,1620.0,1645.0,28702700.0
2023-11-23 09:00:00+00:00,1645.0,1675.0,1635.0,1640.0,22415700.0
2023-11-24 09:00:00+00:00,1640.0,1650.0,1590.0,1595.0,23731900.0
2023-11-27 09:00:00+00:00,1605.0,1640.0,1595.0,1625.0,25615200.0
2023-11-28 09:00:00+00:00,1625.0,1640.0,1600.0,1605.0,48173500.0
2023-11-29 09:00:00+00:00,1610.0,1635.0,1600.0,1605.0,22564800.0
2023-11-30 09:00:00+00:00,1600.0,1650.0,1585.0,1615.0,138930200.0
2023-12-01 09:00:00+00:00,1610.0,1695.0,1605.0,1665.0,37087700.0
2023-12-04 09:00:00+00:00,1665.0,1670.0,1635.0,1640.0,16280100.0
2023-12-05 09:00:00+00:00,1645.0,1680.0,1620.0,1660.0,21335900.0
2023-12-06 09:00:00+00:00,1680.0,1735.0,1675.0,1700.0,34553800.0
2023-12-07 09:00:00+00:00,1700.0,1725.0,1650.0,1670.0,28217700.0
2023-12-08 09:00:00+00:00,1670.0,1680.0,1620.0,1645.0,21423900.0
2023-12-11 09:00:00+00:00,1645.0,1645.0,1605.0,1630.0,24836400.0
2023-12-12 09:00:00+00:00,1630.0,1635.0,1600.0,1610.0,13677300.0
2023-12-13 09:00:00+00:00,1610.0,1610.0,1575.0,1610.0,58989200.0
2023-12-14 09:00:00+00:00,1615.0,1620.0,1595.0,1600.0,42641800.0
2023-12-15 09:00:00+00:00,1555.0,1620.0,1555.0,1600.0,124244000.0
2023-12-18 09:00:00+00:00,1610.0,1620.0,1590.0,1615.0,33861800.0
2023-12-19 09:00:00+00:00,1620.0,1665.0,1600.0,1660.0,35486800.0
2023-12-20 09:00:00+00:00,1670.0,1670.0,1610.0,1615.0,23730800.0
2023-12-21 09:00:00+00:00,1615.0,1620.0,1595.0,1600.0,15974500.0
2023-12-22 09:00:00+00:00,1605.0,1620.0,1585.0,1585.0,24334200.0
2023-12-27 09:00:00+00:00,1600.0,1630.0,1580.0,1620.0,17926300.0
2023-12-28 09:00:00+00:00,1620.0,1625.0,1605.0,1620.0,12132400.0
2023-12-29 09:00:00+00:00,1625.0,1630.0,1600.0,1610.0,9755000.0
2024-01-02 09:00:00+00:00,1610.0,1620.0,1600.0,1620.0,9431600.0
2024-01-03 09:00:00+00:00,1620.0,1620.0,1595.0,1605.0,11021100.0
2024-01-04 09:00:00+00:00,1605.0,1620.0,1590.0,1590.0,16377400.0
2024-01-05 09:00:00+00:00,1600.0,1605.0,1580.0,1580.0,35255400.0
2024-01-08 09:00:00+00:00,1580.0,1600.0,1555.0,1590.0,132829500.0
2024-01-09 09:00:00+00:00,1590.0,1595.0,1560.0,1590.0,82106400.0
2024-01-10 09:00:00+00:00,1590.0,1595.0,1580.0,1580.0,26139600.0
2024-01-11 09:00:00+00:00,1590.0,1600.0,1565.0,1595.0,30429900.0
2024-01-12 09:00:00+00:00,1585.0,1600.0,1565.0,1595.0,69328700.0
2024-01-15 09:00:00+00:00,1595.0,1595.0,1580.0,1590.0,20946300.0
2024-01-16 09:00:00+00:00,1590.0,1610.0,1580.0,1585.0,29062200.0
2024-01-17 09:00:00+00:00,1585.0,1600.0,1555.0,1580.0,186920700.0
2024-01-18 09:00:00+00:00,1570.0,1590.0,1555.0,1580.0,58898900.0
2024-01-19 09:00:00+00:00,1580.0,1580.0,1555.0,1555.0,21475600.0
2024-01-22 09:00:00+00:00,1555.0,1565.0,1530.0,1555.0,38130800.0
2024-01-23 09:00:00+00:00,1555.0,1560.0,1525.0,1555.0,63568200.0
2024-01-24 09:00:00+00:00,1555.0,1595.0,1550.0,1595.0,19226900.0
2024-01-25 09:00:00+00:00,1600.0,1600.0,1575.0,1575.0,13335500.0
2024-01-26 09:00:00+00:00,1575.0,1575.0,1530.0,1540.0,18469700.0
2024-01-29 09:00:00+00:00,1540.0,1540.0,1475.0,1510.0,65901500.0
2024-01-30 09:00:00+00:00,1495.0,1515.0,1475.0,1510.0,37016900.0
2024-01-31 09:00:00+00:00,1500.0,1530.0,1495.0,1510.0,49470200.0
2024-02-01 09:00:00+00:00,1510.0,1515.0,1475.0,1510.0,93332300.0
2024-02-02 09:00:00+00:00,1510.0,1540.0,1495.0,1540.0,43348900.0
2024-02-05 09:00:00+00:00,1540.0,1555.0,1510.0,1545.0,40439700.0
2024-02-06 09:00:00+00:00,1545.0,1550.0,1510.0,1545.0,46060600.0
2024-02-07 09:00:00+00:00,1545.0,1555.0,1500.0,1500.0,42017800.0
2024-02-12 09:00:00+00:00,1505.0,1515.0,1485.0,1490.0,32025600.0
2024-02-13 09:00:00+00:00,1490.0,1510.0,1480.0,1480.0,44531200.0
2024-02-15 09:00:00+00:00,1500.0,1510.0,1455.0,1455.0,46620500.0
2024-02-16 09:00:00+00:00,1455.0,1495.0,1430.0,1485.0,88428200.0
2024-02-19 09:00:00+00:00,1485.0,1490.0,1455.0,1470.0,48617400.0
2024-02-20 09:00:00+00:00,1470.0,1515.0,1470.0,1500.0,42400100.0
2024-02-21 09:00:00+00:00,1500.0,1500.0,1470.0,1490.0,33174100.0
2024-02-22 09:00:00+00:00,1490.0,1490.0,1460.0,1485.0,26672500.0
2024-02-23 09:00:00+00:00,1485.0,1485.0,1455.0,1475.0,36344800.0
2024-02-26 09:00:00+00:00,1470.0,1480.0,1445.0,1470.0,67334500.0
2024-02-27 09:00:00+00:00,1470.0,1470.0,1445.0,1460.0,23172600.0
2024-02-28 09:00:00+00:00,1460.0,1465.0,1450.0,1455.0,9295000.0
2024-02-29 09:00:00+00:00,1455.0,1490.0,1445.0,1490.0,61501900.0
2024-03-01 09:00:00+00:00,1485.0,1495.0,1470.0,1490.0,31150600.0
2024-03-04 09:00:00+00:00,1490.0,1505.0,1470.0,1500.0,42941300.0
2024-03-05 09:00:00+00:00,1490.0,1510.0,1485.0,1485.0,18808600.0
2024-03-06 09:00:00+00:00,1485.0,1500.0,1485.0,1500.0,11294200.0
2024-03-07 09:00:00+00:00,1490.0,1500.0,1465.0,1465.0,22144800.0
2024-03-08 09:00:00+00:00,1465.0,1470.0,1440.0,1440.0,40731700.0
2024-03-13 09:00:00+00:00,1460.0,1470.0,1425.0,1425.0,35365600.0
2024-03-14 09:00:00+00:00,1430.0,1445.0,1420.0,1435.0,26353000.0
2024-03-15 09:00:00+00:00,1425.0,1445.0,1405.0,1430.0,159383200.0
2024-03-18 09:00:00+00:00,1430.0,1440.0,1415.0,1415.0,32143000.0
2024-03-19 09:00:00+00:00,1420.0,1440.0,1415.0,1415.0,40795900.0
2024-03-20 09:00:00+00:00,1420.0,1480.0,1420.0,1480.0,25865500.0
2024-03-21 09:00:00+00:00,1485.0,1510.0,1460.0,1460.0,42424300.0
2024-03-22 09:00:00+00:00,1485.0,1515.0,1475.0,1485.0,12094700.0
2024-03-25 09:00:00+00:00,1520.0,1520.0,1485.0,1520.0,22175400.0
2024-03-26 09:00:00+00:00,1535.0,1535.0,1500.0,1505.0,32682200.0
2024-03-27 09:00:00+00:00,1515.0,1515.0,1460.0,1460.0,20490100.0
2024-03-28 09:00:00+00:00,1475.0,1485.0,1450.0,1475.0,30183200.0
2024-04-01 09:00:00+00:00,1480.0,1480.0,1450.0,1465.0,30519700.0
2024-04-02 09:00:00+00:00,1475.0,1475.0,1435.0,1475.0,46015200.0
2024-04-03 09:00:00+00:00,1480.0,1510.0,1460.0,1500.0,38921200.0
2024-04-04 09:00:00+00:00,1505.0,1505.0,1480.0,1500.0,12988800.0
2024-04-05 09:00:00+00:00,1500.0,1500.0,1480.0,1480.0,5654100.0
2024-04-16 09:00:00+00:00,1510.0,1510.0,1440.0,1450.0,47729000.0
2024-04-17 09:00:00+00:00,1475.0,1525.0,1450.0,1455.0,24631000.0
2024-04-18 09:00:00+00:00,1465.0,1465.0,1410.0,1415.0,25353800.0
2024-04-19 09:00:00+00:00,1420.0,1420.0,1375.0,1400.0,21853800.0
2024-04-22 09:00:00+00:00,1410.0,1420.0,1385.0,1405.0,19470000.0
2024-04-23 09:00:00+00:00,1420.0,1440.0,1400.0,1425.0,14086900.0
2024-04-24 09:00:00+00:00,1415.0,1420.0,1395.0,1405.0,18850300.0
2024-04-25 09:00:00+00:00,1420.0,1460.0,1410.0,1430.0,20178700.0
2024-04-26 09:00:00+00:00,1450.0,1450.0,1405.0,1405.0,17000000.0
2024-04-29 09:00:00+00:00,1425.0,1440.0,1395.0,1405.0,49323400.0
2024-04-30 09:00:00+00:00,1410.0,1495.0,1405.0,1455.0,51225600.0
2024-05-02 09:00:00+00:00,1490.0,1510.0,1455.0,1490.0,58959900.0
2024-05-03 09:00:00+00:00,1505.0,1515.0,1460.0,1490.0,24941100.0
2024-05-06 09:00:00+00:00,1535.0,1535.0,1440.0,1455.0,29176400.0
2024-05-07 09:00:00+00:00,1450.0,1465.0,1440.0,1445.0,31043500.0
2024-05-08 09:00:00+00:00,1455.0,1465.0,1415.0,1420.0,48390500.0
2024-05-13 09:00:00+00:00,1430.0,1440.0,1405.0,1425.0,37882500.0
2024-05-14 09:00:00+00:00,1430.0,1445.0,1405.0,1410.0,36320000.0
2024-05-15 09:00:00+00:00,1420.0,1465.0,1415.0,1445.0,36425200.0
2024-05-16 09:00:00+00:00,1445.0,1450.0,1435.0,1445.0,36922100.0
2024-05-17 09:00:00+00:00,1450.0,1530.0,1450.0,1500.0,53345000.0
2024-05-20 09:00:00+00:00,1505.0,1530.0,1505.0,1530.0,23932100.0
2024-05-21 09:00:00+00:00,1535.0,1535.0,1490.0,1505.0,46767000.0
2024-05-22 09:00:00+00:00,1530.0,1575.0,1510.0,1560.0,55916700.0
2024-05-27 09:00:00+00:00,1560.0,1580.0,1530.0,1565.0,48754200.0
2024-05-28 09:00:00+00:00,1560.0,1575.0,1540.0,1550.0,27878800.0
2024-05-29 09:00:00+00:00,1530.0,1535.0,1480.0,1515.0,29138000.0
2024-05-30 09:00:00+00:00,1525.0,1555.0,1495.0,1520.0,30139500.0
2024-05-31 09:00:00+00:00,1545.0,1545.0,1490.0,1490.0,117693500.0
2024-06-03 09:00:00+00:00,1475.0,1540.0,1475.0,1520.0,28092300.0
2024-06-04 09:00:00+00:00,1535.0,1565.0,1525.0,1540.0,30497600.0
2024-06-05 09:00:00+00:00,1575.0,1575.0,1530.0,1550.0,73123500.0
2024-06-06 09:00:00+00:00,1570.0,1595.0,1550.0,1575.0,69323600.0
2024-06-07 09:00:00+00:00,1575.0,1615.0,1565.0,1600.0,68422100.0
2024-06-10 09:00:00+00:00,1605.0,1620.0,1585.0,1595.0,36525400.0
2024-06-11 09:00:00+00:00,1590.0,1605.0,1555.0,1555.0,26347800.0
2024-06-12 09:00:00+00:00,1590.0,1590.0,1545.0,1565.0,10933200.0
2024-06-13 09:00:00+00:00,1565.0,1595.0,1555.0,1565.0,24309100.0
2024-06-14 09:00:00+00:00,1565.0,1600.0,1560.0,1565.0,19618600.0
2024-06-19 09:00:00+00:00,1575.0,1595.0,1530.0,1555.0,24324500.0
2024-06-20 09:00:00+00:00,1560.0,1580.0,1535.0,1560.0,16419000.0
2024-06-21 09:00:00+00:00,1560.0,1595.0,1560.0,1570.0,46830200.0
2024-06-24 09:00:00+00:00,1565.0,1570.0,1545.0,1550.0,38790000.0
2024-06-25 09:00:00+00:00,1545.0,1545.0,1520.0,1525.0,18020100.0
2024-06-26 09:00:00+00:00,1525.0,1540.0,1520.0,1535.0,11745400.0
2024-06-27 09:00:00+00:00,1545.0,1555.0,1530.0,1540.0,16625500.0
2024-06-28 09:00:00+00:00,1525.0,1550.0,1525.0,1525.0,25765800.0
2024-07-01 09:00:00+00:00,1540.0,1545.0,1505.0,1505.0,19433500.0
2024-07-02 09:00:00+00:00,1505.0,1510.0,1430.0,1440.0,62377100.0
2024-07-03 09:00:00+00:00,1450.0,1465.0,1435.0,1455.0,29725600.0
2024-07-04 09:00:00+00:00,1455.0,1485.0,1445.0,1470.0,20834000.0
2024-07-05 09:00:00+00:00,1475.0,1525.0,1465.0,1490.0,17277000.0
2024-07-08 09:00:00+00:00,1505.0,1560.0,1500.0,1560.0,47099200.0
2024-07-09 09:00:00+00:00,1560.0,1570.0,1550.0,1550.0,31780300.0
2024-07-10 09:00:00+00:00,1550.0,1550.0,1525.0,1530.0,9716000.0
2024-07-11 09:00:00+00:00,1540.0,1570.0,1530.0,1565.0,21348500.0
2024-07-12 09:00:00+00:00,1580.0,1590.0,1555.0,1560.0,29000600.0
2024-07-15 09:00:00+00:00,1565.0,1570.0,1555.0,1560.0,17232700.0
2024-07-16 09:00:00+00:00,1575.0,1575.0,1560.0,1565.0,47366600.0
2024-07-17 09:00:00+00:00,1585.0,1590.0,1550.0,1570.0,42543100.0
2024-07-18 09:00:00+00:00,1550.0,1585.0,1550.0,1570.0,27278200.0
2024-07-19 09:00:00+00:00,1555.0,1600.0,1555.0,1575.0,49564300.0
2024-07-22 09:00:00+00:00,1600.0,1600.0,1565.0,1575.0,16838600.0
2024-07-23 09:00:00+00:00,1565.0,1590.0,1565.0,1575.0,14509200.0
2024-07-24 09:00:00+00:00,1580.0,1585.0,1565.0,1575.0,15333000.0
2024-07-25 09:00:00+00:00,1580.0,1595.0,1555.0,1590.0,18442600.0
2024-07-26 09:00:00+00:00,1600.0,1600.0,1570.0,1575.0,27215900.0
2024-07-29 09:00:00+00:00,1575.0,1575.0,1545.0,1560.0,34373400.0
2024-07-30 09:00:00+00:00,1570.0,1570.0,1540.0,1565.0,18284100.0
2024-07-31 09:00:00+00:00,1570.0,1610.0,1560.0,1590.0,39831000.0
2024-08-01 09:00:00+00:00,1590.0,1670.0,1590.0,1650.0,68481800.0
2024-08-02 09:00:00+00:00,1650.0,1650.0,1615.0,1640.0,30857100.0
2024-08-05 09:00:00+00:00,1620.0,1635.0,1600.0,1630.0,18928900.0
2024-08-06 09:00:00+00:00,1650.0,1660.0,1625.0,1645.0,34238100.0
2024-08-07 09:00:00+00:00,1635.0,1660.0,1635.0,1650.0,18663700.0
2024-08-08 09:00:00+00:00,1645.0,1680.0,1645.0,1655.0,39547500.0
2024-08-09 09:00:00+00:00,1660.0,1685.0,1655.0,1665.0,28726400.0
2024-08-12 09:00:00+00:00,1670.0,1680.0,1650.0,1670.0,24929900.0
2024-08-13 09:00:00+00:00,1680.0,1680.0,1655.0,1665.0,23657700.0
2024-08-14 09:00:00+00:00,1660.0,1690.0,1655.0,1680.0,85483000.0
2024-08-15 09:00:00+00:00,1670.0,1680.0,1645.0,1670.0,33440700.0
2024-08-16 09:00:00+00:00,1690.0,1690.0,1640.0,1650.0,20882800.0
2024-08-19 09:00:00+00:00,1630.0,1655.0,1600.0,1610.0,36968000.0
2024-08-20 09:00:00+00:00,1625.0,1720.0,1620.0,1700.0,48149200.0
2024-08-21 09:00:00+00:00,1745.0,1750.0,1710.0,1730.0,27468300.0
2024-08-22 09:00:00+00:00,1710.0,1750.0,1705.0,1725.0,39387100.0
2024-08-23 09:00:00+00:00,1750.0,1750.0,1705.0,1720.0,14712400.0
2024-08-26 09:00:00+00:00,1705.0,1750.0,1705.0,1730.0,36332700.0
2024-08-27 09:00:00+00:00,1730.0,1765.0,1715.0,1740.0,41882400.0
2024-08-28 09:00:00+00:00,1770.0,1795.0,1725.0,1725.0,29151100.0
2024-08-29 09:00:00+00:00,1750.0,1750.0,1695.0,1700.0,18397600.0
2024-08-30 09:00:00+00:00,1700.0,1700.0,1635.0,1650.0,76268200.0
2024-09-02 09:00:00+00:00,1650.0,1695.0,1650.0,1680.0,19751100.0
2024-09-03 09:00:00+00:00,1680.0,1705.0,1645.0,1680.0,27745900.0
2024-09-04 09:00:00+00:00,1695.0,1740.0,1680.0,1730.0,18218900.0
2024-09-05 09:00:00+00:00,1730.0,1760.0,1690.0,1690.0,29701400.0
2024-09-06 09:00:00+00:00,1690.0,1790.0,1690.0,1710.0,38817500.0
2024-09-09 09:00:00+00:00,1710.0,1755.0,1710.0,1740.0,32323400.0
2024-09-10 09:00:00+00:00,1775.0,1785.0,1730.0,1740.0,37848800.0
2024-09-11 09:00:00+00:00,1735.0,1750.0,1705.0,1720.0,12867500.0
2024-09-12 09:00:00+00:00,1710.0,1755.0,1710.0,1740.0,22782500.0
2024-09-13 09:00:00+00:00,1735.0,1735.0,1700.0,1705.0,26363700.0
2024-09-17 09:00:00+00:00,1710.0,1730.0,1705.0,1705.0,11301100.0
2024-09-18 09:00:00+00:00,1705.0,1750.0,1705.0,1750.0,17766800.0
2024-09-19 09:00:00+00:00,1765.0,1765.0,1725.0,1730.0,36027300.0
2024-09-20 09:00:00+00:00,1730.0,1750.0,1700.0,1720.0,53855900.0
2024-09-23 09:00:00+00:00,1745.0,1765.0,1725.0,1735.0,26807400.0
2024-09-24 09:00:00+00:00,1730.0,1755.0,1705.0,1745.0,50069500.0
2024-09-25 09:00:00+00:00,1760.0,1760.0,1715.0,1740.0,43953100.0
2024-09-26 09:00:00+00:00,1755.0,1755.0,1730.0,1740.0,43183000.0
2024-09-27 09:00:00+00:00,1750.0,1750.0,1720.0,1735.0,26166200.0
2024-09-30 09:00:00+00:00,1750.0,1750.0,1715.0,1725.0,32208200.0
2024-10-01 09:00:00+00:00,1725.0,1750.0,1715.0,1740.0,17776300.0
2024-10-02 09:00:00+00:00,1720.0,1730.0,1710.0,1725.0,34292400.0
2024-10-03 09:00:00+00:00,1725.0,1745.0,1720.0,1740.0,29339700.0
2024-10-04 09:00:00+00:00,1740.0,1745.0,1725.0,1740.0,23888900.0
2024-10-07 09:00:00+00:00,1730.0,1745.0,1720.0,1730.0,15628300.0
2024-10-08 09:00:00+00:00,1730.0,1730.0,1675.0,1700.0,29450900.0
2024-10-09 09:00:00+00:00,1695.0,1695.0,1655.0,1670.0,22130300.0
2024-10-10 09:00:00+00:00,1665.0,1675.0,1620.0,1650.0,20146400.0
2024-10-11 09:00:00+00:00,1680.0,1720.0,1655.0,1720.0,21201000.0
2024-10-14 09:00:00+00:00,1720.0,1740.0,1695.0,1715.0,14663800.0
2024-10-15 09:00:00+00:00,1715.0,1755.0,1715.0,1750.0,40200700.0
2024-10-16 09:00:00+00:00,1770.0,1770.0,1725.0,1730.0,23659600.0
2024-10-17 09:00:00+00:00,1730.0,1735.0,1690.0,1690.0,30025500.0
2024-10-18 09:00:00+00:00,1700.0,1715.0,1680.0,1715.0,26148500.0
2024-10-21 09:00:00+00:00,1715.0,1720.0,1660.0,1660.0,28486500.0
2024-10-22 09:00:00+00:00,1670.0,1710.0,1660.0,1680.0,39527600.0
2024-10-23 09:00:00+00:00,1680.0,1690.0,1660.0,1675.0,17965800.0
2024-10-24 09:00:00+00:00,1675.0,1675.0,1640.0,1645.0,14515800.0
2024-10-25 09:00:00+00:00,1655.0,1655.0,1620.0,1620.0,24172100.0
2024-10-28 09:00:00+00:00,1625.0,1640.0,1610.0,1630.0,21951600.0
2024-10-29 09:00:00+00:00,1640.0,1645.0,1600.0,1615.0,24616400.0
2024-10-30 09:00:00+00:00,1615.0,1615.0,1575.0,1605.0,35374700.0
2024-10-31 09:00:00+00:00,1605.0,1630.0,1590.0,1615.0,32896000.0
2024-11-01 09:00:00+00:00,1610.0,1615.0,1560.0,1570.0,47179900.0
2024-11-04 09:00:00+00:00,1580.0,1610.0,1575.0,1590.0,30367700.0
2024-11-05 09:00:00+00:00,1605.0,1620.0,1590.0,1600.0,27950900.0
2024-11-06 09:00:00+00:00,1615.0,1615.0,1585.0,1590.0,35557100.0
2024-11-07 09:00:00+00:00,1590.0,1605.0,1570.0,1570.0,31997100.0
2024-11-08 09:00:00+00:00,1570.0,1575.0,1530.0,1540.0,32730500.0
2024-11-11 09:00:00+00:00,1540.0,1545.0,1485.0,1510.0,47392200.0
2024-11-12 09:00:00+00:00,1500.0,1520.0,1490.0,1500.0,34349300.0
2024-11-13 09:00:00+00:00,1500.0,1515.0,1480.0,1500.0,21328400.0
2024-11-14 09:00:00+00:00,1485.0,1490.0,1450.0,1450.0,45388000.0
2024-11-15 09:00:00+00:00,1435.0,1455.0,1420.0,1420.0,42311800.0
2024-11-18 09:00:00+00:00,1415.0,1435.0,1415.0,1435.0,32904100.0
2024-11-19 09:00:00+00:00,1435.0,1455.0,1425.0,1425.0,30992400.0
2024-11-20 09:00:00+00:00,1430.0,1480.0,1430.0,1465.0,29233300.0
2024-11-21 09:00:00+00:00,1475.0,1530.0,1445.0,1450.0,45074800.0
2024-11-22 09:00:00+00:00,1455.0,1490.0,1450.0,1470.0,21926100.0
2024-11-25 09:00:00+00:00,1500.0,1525.0,1485.0,1500.0,260635400.0
2024-11-26 09:00:00+00:00,1520.0,1540.0,1480.0,1480.0,27441400.0
2024-11-28 09:00:00+00:00,1500.0,1520.0,1485.0,1495.0,31493700.0
2024-11-29 09:00:00+00:00,1500.0,1530.0,1500.0,1500.0,26937300.0
2024-12-02 09:00:00+00:00,1495.0,1505.0,1475.0,1475.0,23689200.0
2024-12-03 09:00:00+00:00,1475.0,1490.0,1455.0,1480.0,27013500.0
2024-12-04 09:00:00+00:00,1485.0,1500.0,1475.0,1485.0,39806500.0
2024-12-05 09:00:00+00:00,1485.0,1505.0,1475.0,1505.0,27924000.0
2024-12-06 09:00:00+00:00,1505.0,1505.0,1465.0,1465.0,31354700.0
2024-12-09 09:00:00+00:00,1480.0,1510.0,1475.0,1485.0,36920200.0
2024-12-10 09:00:00+00:00,1490.0,1505.0,1470.0,1505.0,30932300.0
2024-12-11 09:00:00+00:00,1505.0,1525.0,1495.0,1505.0,27058500.0
2024-12-12 09:00:00+00:00,1505.0,1520.0,1430.0,1455.0,47343600.0
2024-12-13 09:00:00+00:00,1460.0,1465.0,1430.0,1445.0,30597900.0
2024-12-16 09:00:00+00:00,1445.0,1450.0,1420.0,1440.0,38742700.0
2024-12-17 09:00:00+00:00,1440.0,1445.0,1380.0,1400.0,20721100.0
2024-12-18 09:00:00+00:00,1420.0,1430.0,1355.0,1380.0,32062400.0
2024-12-19 09:00:00+00:00,1375.0,1375.0,1290.0,1320.0,53629000.0
2024-12-20 09:00:00+00:00,1310.0,1325.0,1245.0,1275.0,116319600.0
2024-12-23 09:00:00+00:00,1280.0,1330.0,1265.0,1330.0,44241100.0
2024-12-24 09:00:00+00:00,1330.0,1405.0,1305.0,1400.0,21049300.0
2024-12-27 09:00:00+00:00,1400.0,1405.0,1335.0,1355.0,38834800.0
2024-12-30 09:00:00+00:00,1360.0,1390.0,1340.0,1360.0,43195600.0
2025-01-02 09:00:00+00:00,1370.0,1375.0,1340.0,1340.0,14746400.0
2025-01-03 09:00:00+00:00,1345.0,1360.0,1315.0,1325.0,25497900.0
2025-01-06 09:00:00+00:00,1330.0,1340.0,1280.0,1280.0,22169200.0
2025-01-07 09:00:00+00:00,1280.0,1315.0,1280.0,1290.0,19463100.0
2025-01-08 09:00:00+00:00,1300.0,1310.0,1270.0,1275.0,32640900.0
2025-01-09 09:00:00+00:00,1275.0,1285.0,1255.0,1270.0,19039900.0
2025-01-10 09:00:00+00:00,1270.0,1270.0,1245.0,1260.0,34369300.0
2025-01-13 09:00:00+00:00,1260.0,1280.0,1245.0,1265.0,28554700.0
2025-01-14 09:00:00+00:00,1265.0,1270.0,1225.0,1225.0,25570500.0
2025-01-15 09:00:00+00:00,1245.0,1270.0,1245.0,1255.0,27373400.0
2025-01-16 09:00:00+00:00,1260.0,1265.0,1235.0,1235.0,26983900.0
2025-01-17 09:00:00+00:00,1240.0,1240.0,1210.0,1225.0,28924700.0
2025-01-20 09:00:00+00:00,1225.0,1235.0,1215.0,1220.0,17223300.0
2025-01-21 09:00:00+00:00,1225.0,1245.0,1220.0,1240.0,39341900.0
2025-01-22 09:00:00+00:00,1240.0,1260.0,1235.0,1260.0,31461300.0
2025-01-23 09:00:00+00:00,1260.0,1265.0,1235.0,1235.0,16196600.0
2025-01-24 09:00:00+00:00,1250.0,1255.0,1220.0,1220.0,21583000.0
2025-01-30 09:00:00+00:00,1220.0,1240.0,1195.0,1235.0,28410500.0
2025-01-31 09:00:00+00:00,1240.0,1265.0,1240.0,1265.0,15686200.0
2025-02-03 09:00:00+00:00,1255.0,1265.0,1185.0,1200.0,27741200.0
2025-02-04 09:00:00+00:00,1230.0,1265.0,1225.0,1250.0,27751900.0
2025-02-05 09:00:00+00:00,1235.0,1250.0,1210.0,1210.0,35245500.0
2025-02-06 09:00:00+00:00,1230.0,1300.0,1230.0,1300.0,50754500.0
2025-02-07 09:00:00+00:00,1310.0,1325.0,1245.0,1265.0,51937400.0
2025-02-10 09:00:00+00:00,1265.0,1330.0,1240.0,1320.0,47231200.0
2025-02-11 09:00:00+00:00,1320.0,1325.0,1250.0,1250.0,34737600.0
2025-02-12 09:00:00+00:00,1255.0,1290.0,1255.0,1285.0,23966600.0
2025-02-13 09:00:00+00:00,1285.0,1310.0,1275.0,1290.0,23376500.0
2025-02-14 09:00:00+00:00,1290.0,1300.0,1280.0,1290.0,30724900.0
2025-02-17 09:00:00+00:00,1290.0,1295.0,1275.0,1285.0,11683600.0
2025-02-18 09:00:00+00:00,1290.0,1305.0,1275.0,1295.0,29474700.0
2025-02-19 09:00:00+00:00,1295.0,1300.0,1230.0,1235.0,43136000.0
2025-02-20 09:00:00+00:00,1245.0,1250.0,1200.0,1210.0,41528100.0
2025-02-21 09:00:00+00:00,1210.0,1235.0,1210.0,1220.0,44742900.0
2025-02-24 09:00:00+00:00,1220.0,1230.0,1200.0,1210.0,29051600.0
2025-02-25 09:00:00+00:00,1205.0,1210.0,1155.0,1160.0,29002100.0
2025-02-26 09:00:00+00:00,1170.0,1195.0,1170.0,1185.0,34121600.0
2025-02-27 09:00:00+00:00,1195.0,1210.0,1125.0,1140.0,45990500.0
2025-02-28 09:00:00+00:00,1150.0,1155.0,1065.0,1080.0,120318100.0
2025-03-03 09:00:00+00:00,1120.0,1125.0,1095.0,1110.0,69021200.0
2025-03-04 09:00:00+00:00,1110.0,1130.0,1090.0,1110.0,61796300.0
2025-03-05 09:00:00+00:00,1110.0,1115.0,1070.0,1090.0,68134600.0
2025-03-06 09:00:00+00:00,1105.0,1160.0,1100.0,1150.0,94422400.0
2025-03-07 09:00:00+00:00,1150.0,1160.0,1130.0,1160.0,70165600.0
2025-03-10 09:00:00+00:00,1150.0,1150.0,1080.0,1080.0,64822400.0
2025-03-11 09:00:00+00:00,1060.0,1070.0,1050.0,1060.0,49708100.0
2025-03-12 09:00:00+00:00,1070.0,1085.0,1060.0,1070.0,61160600.0
2025-03-13 09:00:00+00:00,1070.0,1085.0,1055.0,1085.0,48437200.0
2025-03-14 09:00:00+00:00,1085.0,1085.0,1040.0,1050.0,38546500.0
2025-03-17 09:00:00+00:00,1055.0,1065.0,1045.0,1060.0,36823400.0
2025-03-18 09:00:00+00:00,1065.0,1065.0,985.0,1015.0,65897200.0
2025-03-19 09:00:00+00:00,1020.0,1035.0,1010.0,1030.0,77682000.0
2025-03-20 09:00:00+00:00,1030.0,1090.0,1030.0,1090.0,54985600.0
2025-03-21 09:00:00+00:00,1085.0,1125.0,1065.0,1120.0,100617100.0
2025-03-24 09:00:00+00:00,1110.0,1120.0,1085.0,1105.0,37714500.0
2025-03-25 09:00:00+00:00,1115.0,1145.0,1105.0,1135.0,51446800.0
2025-03-26 09:00:00+00:00,1125.0,1125.0,1095.0,1100.0,56225800.0
2025-03-27 09:00:00+00:00,1100.0,1135.0,1085.0,1135.0,49328700.0
2025-04-08 09:00:00+00:00,1025.0,1055.0,990.0,1055.0,79017500.0
2025-04-09 09:00:00+00:00,1050.0,1120.0,1050.0,1105.0,57273200.0
2025-04-10 09:00:00+00:00,1125.0,1150.0,1110.0,1145.0,59919800.0
2025-04-11 09:00:00+00:00,1145.0,1190.0,1140.0,1180.0,48934700.0
2025-04-14 09:00:00+00:00,1200.0,1240.0,1190.0,1240.0,62712300.0
2025-04-15 09:00:00+00:00,1240.0,1245.0,1165.0,1195.0,62264800.0
2025-04-16 09:00:00+00:00,1200.0,1255.0,1200.0,1255.0,36807400.0
2025-04-17 09:00:00+00:00,1255.0,1260.0,1185.0,1200.0,43557100.0
2025-04-21 09:00:00+00:00,1200.0,1225.0,1180.0,1225.0,27306800.0
2025-04-22 09:00:00+00:00,1220.0,1225.0,1185.0,1200.0,36425000.0
2025-04-23 09:00:00+00:00,1215.0,1280.0,1215.0,1280.0,57924400.0
2025-04-24 09:00:00+00:00,1295.0,1300.0,1230.0,1265.0,43000100.0
2025-04-25 09:00:00+00:00,1265.0,1270.0,1235.0,1240.0,34274700.0
2025-04-28 09:00:00+00:00,1250.0,1290.0,1235.0,1260.0,35812200.0
2025-04-29 09:00:00+00:00,1270.0,1280.0,1260.0,1260.0,18816100.0
2025-04-30 09:00:00+00:00,1265.0,1375.0,1265.0,1365.0,80081900.0
2025-05-02 09:00:00+00:00,1340.0,1355.0,1315.0,1315.0,28583800.0
2025-05-05 09:00:00+00:00,1320.0,1420.0,1320.0,1390.0,53736700.0
2025-05-06 09:00:00+00:00,1395.0,1430.0,1360.0,1410.0,39508900.0
2025-05-07 09:00:00+00:00,1430.0,1440.0,1385.0,1405.0,40719000.0
2025-05-08 09:00:00+00:00,1410.0,1440.0,1360.0,1440.0,51958600.0
2025-05-09 09:00:00+00:00,1450.0,1455.0,1420.0,1450.0,32101300.0
2025-05-14 09:00:00+00:00,1450.0,1510.0,1440.0,1480.0,50685500.0
2025-05-15 09:00:00+00:00,1480.0,1525.0,1465.0,1525.0,52005200.0
2025-05-16 09:00:00+00:00,1550.0,1550.0,1485.0,1505.0,32918800.0
2025-05-19 09:00:00+00:00,1500.0,1505.0,1455.0,1455.0,34073200.0
2025-05-20 09:00:00+00:00,1485.0,1540.0,1480.0,1500.0,42540900.0
2025-05-21 09:00:00+00:00,1540.0,1565.0,1505.0,1530.0,41062800.0
2025-05-22 09:00:00+00:00,1520.0,1525.0,1440.0,1440.0,72142000.0
2025-05-23 09:00:00+00:00,1435.0,1475.0,1435.0,1460.0,51529300.0
2025-05-26 09:00:00+00:00,1475.0,1535.0,1470.0,1520.0,44934900.0
2025-05-27 09:00:00+00:00,1540.0,1570.0,1525.0,1570.0,46620000.0
2025-05-28 09:00:00+00:00,1570.0,1570.0,1495.0,1515.0,162559500.0
2025-06-02 09:00:00+00:00,1480.0,1565.0,1475.0,1560.0,62511300.0
2025-06-03 09:00:00+00:00,1560.0,1585.0,1530.0,1550.0,41513300.0
2025-06-04 09:00:00+00:00,1550.0,1600.0,1525.0,1600.0,55364000.0
2025-06-05 09:00:00+00:00,1595.0,1600.0,1545.0,1600.0,34653900.0
2025-06-10 09:00:00+00:00,1595.0,1595.0,1550.0,1580.0,40629100.0
2025-06-11 09:00:00+00:00,1580.0,1580.0,1525.0,1540.0,38326400.0
2025-06-12 09:00:00+00:00,1540.0,1550.0,1525.0,1535.0,31893000.0
2025-06-13 09:00:00+00:00,1530.0,1555.0,1510.0,1530.0,78871400.0
2025-06-16 09:00:00+00:00,1525.0,1545.0,1510.0,1530.0,27361800.0
2025-06-17 09:00:00+00:00,1520.0,1595.0,1505.0,1595.0,25995500.0
2025-06-18 09:00:00+00:00,1570.0,1580.0,1530.0,1550.0,29411300.0
2025-06-19 09:00:00+00:00,1550.0,1555.0,1510.0,1515.0,29501400.0
2025-06-20 09:00:00+00:00,1510.0,1530.0,1485.0,1500.0,62568700.0
2025-06-23 09:00:00+00:00,1500.0,1500.0,1415.0,1430.0,44385700.0
2025-06-24 09:00:00+00:00,1450.0,1510.0,1450.0,1495.0,37331600.0
2025-06-25 09:00:00+00:00,1540.0,1540.0,1450.0,1540.0,23007500.0
2025-06-26 09:00:00+00:00,1525.0,1525.0,1460.0,1515.0,30150200.0
2025-06-30 09:00:00+00:00,1570.0,1570.0,1500.0,1525.0,45070900.0
2025-07-01 09:00:00+00:00,1510.0,1530.0,1500.0,1520.0,19239300.0
2025-07-02 09:00:00+00:00,1515.0,1525.0,1470.0,1510.0,32190200.0
2025-07-03 09:00:00+00:00,1515.0,1560.0,1510.0,1560.0,17692800.0
2025-07-04 09:00:00+00:00,1560.0,1565.0,1515.0,1515.0,8125900.0
2025-07-07 09:00:00+00:00,1515.0,1515.0,1480.0,1500.0,18135700.0
2025-07-08 09:00:00+00:00,1490.0,1500.0,1470.0,1500.0,17530400.0
2025-07-09 09:00:00+00:00,1500.0,1525.0,1475.0,1510.0,65326300.0
2025-07-10 09:00:00+00:00,1510.0,1515.0,1495.0,1505.0,17066700.0
2025-07-11 09:00:00+00:00,1505.0,1595.0,1490.0,1595.0,32423100.0
2025-07-14 09:00:00+00:00,1590.0,1590.0,1510.0,1560.0,40882700.0
2025-07-15 09:00:00+00:00,1560.0,1560.0,1510.0,1530.0,16552200.0
2025-07-16 09:00:00+00:00,1540.0,1540.0,1510.0,1510.0,15518200.0
2025-07-17 09:00:00+00:00,1520.0,1525.0,1495.0,1505.0,16505200.0
2025-07-18 09:00:00+00:00,1515.0,1560.0,1500.0,1510.0,26728200.0
2025-07-21 09:00:00+00:00,1520.0,1520.0,1475.0,1505.0,20593200.0
2025-07-22 09:00:00+00:00,1500.0,1505.0,1460.0,1460.0,16426800.0
2025-07-23 09:00:00+00:00,1475.0,1495.0,1445.0,1495.0,12421000.0
2025-07-24 09:00:00+00:00,1495.0,1510.0,1475.0,1510.0,36113700.0
2025-07-25 09:00:00+00:00,1505.0,1505.0,1475.0,1485.0,29346100.0
2025-07-28 09:00:00+00:00,1485.0,1500.0,1460.0,1475.0,16114600.0
2025-07-29 09:00:00+00:00,1480.0,1505.0,1465.0,1490.0,21654100.0
2025-07-30 09:00:00+00:00,1490.0,1510.0,1475.0,1485.0,18006500.0
2025-07-31 09:00:00+00:00,1480.0,1480.0,1430.0,1430.0,36989700.0
2025-08-01 09:00:00+00:00,1430.0,1435.0,1405.0,1430.0,77411800.0
2025-08-04 09:00:00+00:00,1430.0,1435.0,1390.0,1415.0,43961200.0
2025-08-05 09:00:00+00:00,1415.0,1430.0,1400.0,1415.0,15900700.0
2025-08-06 09:00:00+00:00,1420.0,1435.0,1395.0,1395.0,27885600.0
2025-08-07 09:00:00+00:00,1395.0,1400.0,1365.0,1380.0,30437600.0
2025-08-08 09:00:00+00:00,1390.0,1390.0,1350.0,1375.0,31285900.0
2025-08-11 09:00:00+00:00,1375.0,1385.0,1350.0,1370.0,48976400.0
2025-08-12 09:00:00+00:00,1360.0,1395.0,1355.0,1380.0,39294900.0
2025-08-13 09:00:00+00:00,1380.0,1410.0,1380.0,1400.0,58057200.0
2025-08-14 09:00:00+00:00,1400.0,1450.0,1385.0,1435.0,105068500.0
2025-08-15 09:00:00+00:00,1420.0,1425.0,1385.0,1385.0,63199000.0
2025-08-19 09:00:00+00:00,1375.0,1390.0,1365.0,1365.0,47228800.0
2025-08-20 09:00:00+00:00,1365.0,1405.0,1350.0,1400.0,61840200.0
2025-08-21 09:00:00+00:00,1400.0,1415.0,1390.0,1410.0,25083300.0
2025-08-22 09:00:00+00:00,1395.0,1410.0,1335.0,1355.0,84423900.0
2025-08-25 09:00:00+00:00,1360.0,1365.0,1300.0,1300.0,55259900.0
2025-08-26 09:00:00+00:00,1300.0,1310.0,1265.0,1290.0,226638000.0
2025-08-27 09:00:00+00:00,1275.0,1320.0,1275.0,1290.0,91193200.0
2025-08-28 09:00:00+00:00,1305.0,1315.0,1270.0,1270.0,64079300.0
2025-08-29 09:00:00+00:00,1255.0,1265.0,1215.0,1215.0,114238800.0
2025-09-01 09:00:00+00:00,1140.0,1195.0,1130.0,1175.0,163562600.0
2025-09-02 09:00:00+00:00,1175.0,1190.0,1155.0,1160.0,92292500.0
2025-09-03 09:00:00+00:00,1175.0,1200.0,1170.0,1180.0,161024600.0
2025-09-04 09:00:00+00:00,1200.0,1205.0,1170.0,1180.0,93346300.0
2025-09-08 09:00:00+00:00,1185.0,1195.0,1150.0,1150.0,100014900.0
2025-09-09 09:00:00+00:00,1145.0,1160.0,1115.0,1140.0,106777100.0
2025-09-10 09:00:00+00:00,1140.0,1165.0,1135.0,1160.0,63404200.0
2025-09-11 09:00:00+00:00,1175.0,1215.0,1170.0,1200.0,107859700.0
2025-09-12 09:00:00+00:00,1200.0,1205.0,1175.0,1180.0,59780200.0
2025-09-15 09:00:00+00:00,1185.0,1195.0,1165.0,1175.0,47783400.0
2025-09-16 09:00:00+00:00,1180.0,1190.0,1165.0,1190.0,45211600.0
2025-09-17 09:00:00+00:00,1190.0,1195.0,1175.0,1190.0,33420100.0
2025-09-18 09:00:00+00:00,1195.0,1195.0,1155.0,1160.0,42359400.0
2025-09-19 09:00:00+00:00,1160.0,1180.0,1155.0,1180.0,56164100.0
2025-09-22 09:00:00+00:00,1180.0,1190.0,1165.0,1180.0,54722600.0
2025-09-23 09:00:00+00:00,1180.0,1190.0,1175.0,1190.0,45133400.0
2025-09-24 09:00:00+00:00,1190.0,1190.0,1165.0,1165.0,45664900.0
2025-09-25 09:00:00+00:00,1165.0,1170.0,1140.0,1145.0,67569400.0
2025-09-26 09:00:00+00:00,1145.0,1175.0,1145.0,1165.0,37088000.0
2025-09-29 09:00:00+00:00,1165.0,1170.0,1120.0,1120.0,67023000.0
2025-09-30 09:00:00+00:00,1130.0,1130.0,1110.0,1130.0,72629000.0
2025-10-01 09:00:00+00:00,1135.0,1140.0,1100.0,1100.0,64880000.0
2025-10-02 09:00:00+00:00,1115.0,1130.0,1090.0,1100.0,52394800.0
2025-10-03 09:00:00+00:00,1100.0,1115.0,1075.0,1080.0,64037200.0
2025-10-06 09:00:00+00:00,1080.0,1095.0,1055.0,1070.0,89645000.0
2025-10-07 09:00:00+00:00,1070.0,1095.0,1060.0,1060.0,77283300.0
2025-10-08 09:00:00+00:00,1060.0,1070.0,1050.0,1060.0,42761000.0
2025-10-09 09:00:00+00:00,1065.0,1090.0,1065.0,1085.0,48770900.0
2025-10-10 09:00:00+00:00,1090.0,1115.0,1070.0,1085.0,58140600.0
2025-10-13 09:00:00+00:00,1065.0,1115.0,1055.0,1085.0,66540900.0
2025-10-14 09:00:00+00:00,1095.0,1110.0,1055.0,1055.0,55476800.0
2025-10-15 09:00:00+00:00,1065.0,1090.0,1055.0,1085.0,100033400.0
2025-10-16 09:00:00+00:00,1100.0,1190.0,1095.0,1190.0,144767000.0
2025-10-17 09:00:00+00:00,1190.0,1190.0,1140.0,1190.0,92124900.0
2025-10-20 09:00:00+00:00,1200.0,1225.0,1165.0,1200.0,102938300.0
2025-10-21 09:00:00+00:00,1230.0,1230.0,1190.0,1220.0,61675400.0
2025-10-22 09:00:00+00:00,1200.0,1215.0,1180.0,1180.0,47977900.0
2025-10-23 09:00:00+00:00,1165.0,1210.0,1165.0,1185.0,42036800.0
2025-10-24 09:00:00+00:00,1185.0,1285.0,1185.0,1225.0,136374100.0
2025-10-27 09:00:00+00:00,1240.0,1290.0,1220.0,1275.0,147021500.0
2025-10-28 09:00:00+00:00,1290.0,1345.0,1275.0,1330.0,131078000.0
2025-10-29 09:00:00+00:00,1335.0,1340.0,1310.0,1325.0,49672400.0
2025-10-30 09:00:00+00:00,1320.0,1340.0,1300.0,1315.0,51262000.0
2025-10-31 09:00:00+00:00,1315.0,1325.0,1245.0,1275.0,77521700.0
2025-11-03 09:00:00+00:00,1275.0,1295.0,1245.0,1250.0,47089200.0
2025-11-04 09:00:00+00:00,1240.0,1260.0,1200.0,1225.0,82252800.0
2025-11-05 09:00:00+00:00,1225.0,1320.0,1215.0,1320.0,113133900.0
2025-11-06 09:00:00+00:00,1295.0,1310.0,1250.0,1250.0,148218800.0
2025-11-07 09:00:00+00:00,1255.0,1300.0,1255.0,1265.0,103737300.0
2025-11-10 09:00:00+00:00,1280.0,1295.0,1270.0,1270.0,55426800.0
2025-11-11 09:00:00+00:00,1290.0,1290.0,1250.0,1285.0,51423600.0
2025-11-12 09:00:00+00:00,1285.0,1310.0,1265.0,1265.0,46610400.0
2025-11-13 09:00:00+00:00,1280.0,1295.0,1275.0,1285.0,36067000.0
2025-11-14 09:00:00+00:00,1290.0,1295.0,1230.0,1235.0,80370400.0
2025-11-17 09:00:00+00:00,1235.0,1255.0,1225.0,1225.0,50255000.0
2025-11-18 09:00:00+00:00,1225.0,1235.0,1180.0,1180.0,127789000.0
2025-11-19 09:00:00+00:00,1200.0,1245.0,1195.0,1230.0,152788800.0
2025-11-20 09:00:00+00:00,1230.0,1245.0,1200.0,1210.0,91578500.0
2025-11-21 09:00:00+00:00,1200.0,1230.0,1190.0,1210.0,130150400.0
2025-11-24 09:00:00+00:00,1200.0,1220.0,1170.0,1170.0,1980522600.0
2025-11-25 09:00:00+00:00,1180.0,1240.0,1175.0,1230.0,382404300.0
2025-11-26 09:00:00+00:00,1235.0,1280.0,1225.0,1255.0,156911100.0
2025-11-27 09:00:00+00:00,1255.0,1260.0,1220.0,1225.0,118868900.0
2025-11-28 09:00:00+00:00,1230.0,1240.0,1200.0,1200.0,102883300.0
2025-12-01 09:00:00+00:00,1200.0,1220.0,1190.0,1205.0,55450200.0
2025-12-02 09:00:00+00:00,1200.0,1205.0,1115.0,1140.0,376504800.0
2025-12-03 09:00:00+00:00,1150.0,1185.0,1140.0,1175.0,159365800.0
2025-12-04 09:00:00+00:00,1185.0,1205.0,1160.0,1190.0,117885800.0
2025-12-05 09:00:00+00:00,1190.0,1195.0,1155.0,1160.0,66764200.0
2025-12-08 09:00:00+00:00,1175.0,1195.0,1160.0,1190.0,85060100.0
2025-12-09 09:00:00+00:00,1200.0,1200.0,1155.0,1170.0,128666300.0
2025-12-10 09:00:00+00:00,1170.0,1180.0,1160.0,1175.0,76714900.0
2025-12-11 09:00:00+00:00,1160.0,1170.0,1135.0,1135.0,61058000.0
2025-12-12 09:00:00+00:00,1155.0,1170.0,1130.0,1160.0,40485600.0
2025-12-15 09:00:00+00:00,1175.0,1230.0,1165.0,1220.0,143415000.0
2025-12-16 09:00:00+00:00,1225.0,1225.0,1175.0,1200.0,84031800.0
2025-12-17 09:00:00+00:00,1205.0,1225.0,1200.0,1225.0,67928600.0
2025-12-18 09:00:00+00:00,1215.0,1255.0,1210.0,1225.0,88737900.0
2025-12-19 09:00:00+00:00,1225.0,1230.0,1200.0,1200.0,59204600.0
2025-12-22 09:00:00+00:00,1210.0,1225.0,1200.0,1225.0,38199100.0
2025-12-23 09:00:00+00:00,1215.0,1220.0,1195.0,1215.0,33588200.0
2025-12-24 09:00:00+00:00,1195.0,1230.0,1195.0,1210.0,40215200.0
2025-12-29 09:00:00+00:00,1215.0,1240.0,1195.0,1230.0,45958800.0
2025-12-30 09:00:00+00:00,1230.0,1230.0,1200.0,1205.0,29402100.0
2026-01-02 09:00:00+00:00,1215.0,1235.0,1190.0,1205.0,33532500.0
2026-01-05 09:00:00+00:00,1215.0,1240.0,1205.0,1225.0,46518200.0
2026-01-06 09:00:00+00:00,1225.0,1225.0,1195.0,1195.0,56139100.0
2026-01-07 09:00:00+00:00,1195.0,1210.0,1180.0,1195.0,66577900.0
2026-01-08 09:00:00+00:00,1195.0,1210.0,1185.0,1190.0,40194800.0
2026-01-09 09:00:00+00:00,1200.0,1200.0,1180.0,1185.0,19865000.0
2026-01-12 09:00:00+00:00,1190.0,1235.0,1190.0,1220.0,60842500.0
2026-01-13 09:00:00+00:00,1230.0,1230.0,1210.0,1230.0,39389900.0
2026-01-14 09:00:00+00:00,1230.0,1245.0,1210.0,1230.0,45697500.0
2026-01-15 09:00:00+00:00,1230.0,1245.0,1200.0,1205.0,62817300.0
2026-01-19 09:00:00+00:00,1215.0,1235.0,1200.0,1215.0,59028000.0
2026-01-20 09:00:00+00:00,1205.0,1210.0,1190.0,1190.0,63111000.0
2026-01-21 09:00:00+00:00,1195.0,1200.0,1180.0,1200.0,45022400.0
2026-01-22 09:00:00+00:00,1205.0,1230.0,1200.0,1225.0,68058100.0
2026-01-23 09:00:00+00:00,1225.0,1230.0,1205.0,1220.0,40388700.0
2026-01-26 09:00:00+00:00,1220.0,1220.0,1180.0,1180.0,54910900.0
2026-01-27 09:00:00+00:00,1185.0,1185.0,1110.0,1135.0,111926900.0
2026-01-28 09:00:00+00:00,1110.0,1130.0,1070.0,1100.0,84670900.0
2026-01-29 09:00:00+00:00,1085.0,1105.0,1010.0,1085.0,90047800.0
2026-01-30 09:00:00+00:00,1095.0,1150.0,1090.0,1145.0,82357300.0
2026-02-02 09:00:00+00:00,1145.0,1155.0,1125.0,1140.0,81332000.0
2026-02-03 09:00:00+00:00,1145.0,1170.0,1125.0,1150.0,44686600.0
2026-02-04 09:00:00+00:00,1160.0,1160.0,1135.0,1140.0,45098700.0
2026-02-05 09:00:00+00:00,1140.0,1160.0,1115.0,1115.0,44406000.0
2026-02-06 09:00:00+00:00,1115.0,1130.0,1105.0,1120.0,33933600.0
2026-02-09 09:00:00+00:00,1130.0,1130.0,1090.0,1105.0,33061100.0
2026-02-10 09:00:00+00:00,1095.0,1110.0,1090.0,1110.0,44580100.0
2026-02-11 09:00:00+00:00,1110.0,1110.0,1095.0,1105.0,32635700.0
2026-02-12 09:00:00+00:00,1105.0,1110.0,1095.0,1100.0,42552400.0
2026-02-13 09:00:00+00:00,1095.0,1100.0,1080.0,1080.0,50565600.0
2026-02-18 09:00:00+00:00,1090.0,1090.0,1075.0,1080.0,35272100.0
2026-02-19 09:00:00+00:00,1085.0,1095.0,1080.0,1080.0,24202800.0
2026-02-20 09:00:00+00:00,1070.0,1080.0,1055.0,1055.0,72620200.0
2026-02-23 09:00:00+00:00,1060.0,1095.0,1055.0,1080.0,68164800.0
2026-02-24 09:00:00+00:00,1090.0,1090.0,1055.0,1060.0,64915700.0
2026-02-25 09:00:00+00:00,1075.0,1115.0,1070.0,1115.0,78710500.0
2026-02-26 09:00:00+00:00,1115.0,1115.0,1075.0,1075.0,62743300.0
2026-02-27 09:00:00+00:00,1085.0,1105.0,1075.0,1100.0,36614300.0
2026-03-02 09:00:00+00:00,1070.0,1075.0,1050.0,1050.0,52038500.0
2026-03-03 09:00:00+00:00,1050.0,1070.0,1035.0,1035.0,66036500.0
2026-03-04 09:00:00+00:00,1040.0,1040.0,1005.0,1015.0,71675300.0
2026-03-05 09:00:00+00:00,1025.0,1050.0,1025.0,1040.0,52394200.0
2026-03-06 09:00:00+00:00,1035.0,1040.0,1010.0,1025.0,30081300.0
2026-03-09 09:00:00+00:00,1000.0,1005.0,970.0,995.0,87464700.0
2026-03-10 09:00:00+00:00,1000.0,1015.0,1000.0,1000.0,33206500.0
2026-03-11 09:00:00+00:00,1010.0,1015.0,995.0,1000.0,37421700.0
2026-03-12 09:00:00+00:00,1000.0,1020.0,985.0,1000.0,41169800.0
2026-03-13 09:00:00+00:00,1000.0,1000.0,965.0,965.0,32279800.0
2026-03-16 09:00:00+00:00,965.0,985.0,960.0,970.0,32183000.0
2026-03-17 09:00:00+00:00,990.0,1020.0,985.0,985.0,55949700.0
2026-03-25 09:00:00+00:00,1000.0,1005.0,980.0,995.0,39170900.0
2026-03-26 09:00:00+00:00,1000.0,1005.0,970.0,985.0,33142900.0
2026-03-27 09:00:00+00:00,985.0,985.0,950.0,960.0,38418400.0
2026-03-30 09:00:00+00:00,950.0,955.0,935.0,940.0,40685700.0
2026-03-31 09:00:00+00:00,950.0,1000.0,950.0,970.0,69203800.0
2026-04-01 09:00:00+00:00,990.0,1000.0,975.0,980.0,21828100.0
2026-04-02 09:00:00+00:00,985.0,990.0,965.0,970.0,17965800.0
2026-04-06 09:00:00+00:00,970.0,975.0,955.0,960.0,17609800.0
2026-04-07 09:00:00+00:00,960.0,965.0,940.0,950.0,28107800.0
2026-04-08 09:00:00+00:00,970.0,985.0,955.0,985.0,47741700.0
2026-04-09 09:00:00+00:00,980.0,985.0,965.0,980.0,28820200.0
2026-04-10 09:00:00+00:00,980.0,1000.0,970.0,985.0,45879800.0
2026-04-13 09:00:00+00:00,985.0,995.0,975.0,980.0,22636600.0
2026-04-14 09:00:00+00:00,995.0,1000.0,975.0,980.0,31073200.0
2026-04-15 09:00:00+00:00,985.0,1005.0,980.0,990.0,75915800.0
2026-04-16 09:00:00+00:00,995.0,1000.0,975.0,975.0,29569300.0
2026-04-17 09:00:00+00:00,975.0,980.0,960.0,960.0,37100900.0
2026-04-20 09:00:00+00:00,965.0,970.0,935.0,935.0,66056600.0
2026-04-21 09:00:00+00:00,935.0,945.0,935.0,940.0,41518200.0
2026-04-22 09:00:00+00:00,945.0,950.0,940.0,940.0,30437600.0
2026-04-23 09:00:00+00:00,940.0,945.0,905.0,910.0,68701100.0
2026-04-24 09:00:00+00:00,910.0,915.0,860.0,875.0,96851500.0
2026-04-27 09:00:00+00:00,875.0,895.0,860.0,875.0,70628000.0
2026-04-28 09:00:00+00:00,875.0,885.0,865.0,885.0,56885700.0
2026-04-29 09:00:00+00:00,885.0,890.0,870.0,875.0,51235600.0
2026-04-30 09:00:00+00:00,880.0,890.0,860.0,865.0,55352100.0
2026-05-04 09:00:00+00:00,875.0,880.0,855.0,865.0,53274600.0
2026-05-05 09:00:00+00:00,865.0,875.0,850.0,850.0,48076500.0
2026-05-06 09:00:00+00:00,855.0,870.0,855.0,865.0,30325500.0
2026-05-07 09:00:00+00:00,885.0,905.0,885.0,900.0,111628500.0
2026-05-08 09:00:00+00:00,900.0,930.0,880.0,920.0,140026400.0
2026-05-11 09:00:00+00:00,925.0,935.0,885.0,890.0,107445200.0
2026-05-12 09:00:00+00:00,890.0,900.0,855.0,870.0,104098100.0
2026-05-13 09:00:00+00:00,865.0,875.0,850.0,850.0,57659500.0
2026-05-14 09:00:00+00:00,850.0,850.0,850.0,850.0,0.0
2026-05-15 09:00:00+00:00,850.0,850.0,850.0,850.0,0.0
2026-05-18 09:00:00+00:00,850.0,850.0,815.0,840.0,70061400.0
2026-05-19 09:00:00+00:00,840.0,845.0,820.0,835.0,41127700.0
2026-05-20 09:00:00+00:00,830.0,845.0,815.0,830.0,60103300.0
2026-05-21 09:00:00+00:00,830.0,840.0,805.0,810.0,50675500.0
2026-05-22 09:00:00+00:00,805.0,810.0,790.0,800.0,41432000.0
2026-05-25 09:00:00+00:00,810.0,820.0,800.0,810.0,35730100.0
2026-05-26 09:00:00+00:00,810.0,815.0,790.0,795.0,31534700.0
2026-05-27 09:00:00+00:00,795.0,795.0,795.0,795.0,0.0
2026-05-28 09:00:00+00:00,795.0,795.0,795.0,795.0,0.0
2026-05-29 09:00:00+00:00,795.0,795.0,765.0,770.0,152452300.0
2026-06-02 09:00:00+00:00,780.0,785.0,740.0,745.0,81017600.0
2026-06-03 09:00:00+00:00,745.0,745.0,705.0,730.0,76738700.0
2026-06-04 09:00:00+00:00,705.0,730.0,680.0,720.0,84196500.0
2026-06-05 09:00:00+00:00,705.0,710.0,690.0,695.0,53014000.0
2026-06-08 09:00:00+00:00,680.0,695.0,665.0,665.0,54722800.0
2026-06-09 09:00:00+00:00,665.0,715.0,630.0,705.0,78074500.0
2026-06-10 09:00:00+00:00,705.0,720.0,695.0,705.0,75251500.0
2026-06-11 09:00:00+00:00,700.0,740.0,700.0,725.0,97543500.0
2026-06-12 09:00:00+00:00,760.0,760.0,715.0,740.0,92741200.0
2026-06-15 09:00:00+00:00,740.0,780.0,735.0,740.0,146299700.0
2026-06-17 09:00:00+00:00,740.0,745.0,715.0,720.0,195547400.0
2026-06-18 09:00:00+00:00,715.0,720.0,705.0,710.0,111130400.0
2026-06-19 09:00:00+00:00,710.0,720.0,700.0,700.0,183948700.0
2026-06-22 09:00:00+00:00,715.0,715.0,675.0,680.0,111214500.0
2026-06-23 09:00:00+00:00,680.0,765.0,675.0,760.0,233666800.0
2026-06-24 09:00:00+00:00,760.0,785.0,750.0,765.0,98567100.0
2026-06-25 09:00:00+00:00,755.0,805.0,740.0,780.0,135032500.0
2026-06-26 09:00:00+00:00,790.0,795.0,770.0,790.0,71542200.0
2026-06-29 09:00:00+00:00,795.0,810.0,770.0,780.0,80694700.0
2026-06-30 09:00:00+00:00,785.0,790.0,755.0,765.0,94397300.0
2026-07-01 09:00:00+00:00,780.0,780.0,760.0,765.0,30082600.0
2026-07-02 09:00:00+00:00,760.0,775.0,740.0,745.0,72368400.0
2026-07-03 09:00:00+00:00,750.0,770.0,750.0,750.0,41752900.0
2026-07-06 09:00:00+00:00,750.0,760.0,730.0,750.0,62451200.0
2026-07-07 09:00:00+00:00,750.0,755.0,740.0,745.0,59673700.0
2026-07-08 09:00:00+00:00,745.0,755.0,730.0,740.0,53470500.0
2026-07-09 09:00:00+00:00,740.0,745.0,720.0,725.0,45312000.0
2026-07-10 09:00:00+00:00,725.0,740.0,720.0,725.0,33849600.0
2026-07-13 09:00:00+00:00,725.0,735.0,720.0,725.0,44899800.0
2026-07-14 09:00:00+00:00,730.0,745.0,720.0,730.0,58809400.0
2026-07-15 09:00:00+00:00,735.0,735.0,700.0,705.0,156611300.0
2026-07-16 09:00:00+00:00,705.0,730.0,705.0,720.0,98438200.0
2026-07-17 09:00:00+00:00,725.0,760.0,715.0,760.0,114748600.0
2026-07-20 09:00:00+00:00,760.0,775.0,750.0,770.0,84900400.0
2026-07-21 09:00:00+00:00,770.0,775.0,740.0,745.0,75672200.0
2026-07-22 09:00:00+00:00,740.0,745.0,725.0,730.0,82538000.0
2026-07-23 09:00:00+00:00,730.0,740.0,725.0,725.0,81978800.0
2026-07-24 09:00:00+00:00,725.0,725.0,710.0,720.0,48296500.0
2026-07-27 09:00:00+00:00,720.0,720.0,710.0,715.0,28351700.0
2026-07-28 09:00:00+00:00,715.0,715.0,695.0,700.0,87568200.0
2026-07-29 09:00:00+00:00,705.0,710.0,690.0,700.0,62351800.0
2026-07-30 09:00:00+00:00,700.0,705.0,690.0,695.0,66825100.0
2026-07-31 09:00:00+00:00,700.0,730.0,695.0,725.0,137568700.0
2026-08-03 09:00:00+00:00,725.0,740.0,720.0,725.0,115402300.0
2026-08-04 09:00:00+00:00,720.0,735.0,720.0,735.0,45379600.0
2026-08-05 09:00:00+00:00,735.0,810.0,730.0,800.0,254510300.0
2026-08-06 09:00:00+00:00,820.0,820.0,780.0,790.0,135313700.0
2026-08-07 09:00:00+00:00,790.0,800.0,775.0,790.0,53498900.0
2026-08-10 09:00:00+00:00,790.0,810.0,785.0,785.0,74995200.0
2026-08-11 09:00:00+00:00,790.0,810.0,780.0,800.0,92383400.0
2026-08-12 09:00:00+00:00,800.0,810.0,790.0,800.0,76975100.0
2026-08-13 09:00:00+00:00,805.0,805.0,795.0,800.0,41788700.0
2026-08-14 09:00:00+00:00,805.0,805.0,785.0,800.0,105488600.0
2026-08-18 09:00:00+00:00,800.0,820.0,770.0,800.0,95384200.0
2026-08-19 09:00:00+00:00,790.0,810.0,780.0,780.0,67853800.0
2026-08-20 09:00:00+00:00,790.0,835.0,785.0,825.0,119959500.0
2026-08-21 09:00:00+00:00,825.0,830.0,805.0,810.0,68915900.0
2026-08-24 09:00:00+00:00,810.0,820.0,800.0,805.0,57678100.0
2026-08-25 09:00:00+00:00,805.0,805.0,805.0,805.0,0.0
2026-08-26 09:00:00+00:00,810.0,825.0,790.0,805.0,76892300.0
2026-08-27 09:00:00+00:00,805.0,820.0,800.0,805.0,46279000.0
2026-08-28 09:00:00+00:00,805.0,810.0,795.0,800.0,33275500.0
2026-08-31 09:00:00+00:00,800.0,805.0,780.0,785.0,47708700.0
2026-09-01 09:00:00+00:00,795.0,795.0,775.0,775.0,55558100.0
2026-09-02 09:00:00+00:00,775.0,780.0,750.0,755.0,67163900.0
2026-09-03 09:00:00+00:00,770.0,790.0,760.0,780.0,89382600.0
2026-09-04 09:00:00+00:00,785.0,790.0,770.0,775.0,61674800.0
