ts,open,high,low,close,volume
2018-09-04 09:00:00+00:00,7100.0,7100.0,7000.0,7075.0,30739500.0
2018-09-05 09:00:00+00:00,6900.0,6950.0,6725.0,6775.0,52098900.0
2018-09-06 09:00:00+00:00,6675.0,6875.0,6600.0,6800.0,60188600.0
2018-09-07 09:00:00+00:00,6900.0,7175.0,6825.0,7175.0,42928600.0
2018-09-10 09:00:00+00:00,7125.0,7175.0,6975.0,7175.0,21884300.0
2018-09-11 09:00:00+00:00,7175.0,7175.0,7175.0,7175.0,0.0
2018-09-12 09:00:00+00:00,7175.0,7275.0,7125.0,7125.0,27126400.0
2018-09-13 09:00:00+00:00,7275.0,7275.0,7000.0,7075.0,22644700.0
2018-09-14 09:00:00+00:00,7075.0,7225.0,7050.0,7225.0,17697900.0
2018-09-17 09:00:00+00:00,7125.0,7125.0,6950.0,6950.0,15380700.0
2018-09-18 09:00:00+00:00,6925.0,7125.0,6875.0,7025.0,31839500.0
2018-09-19 09:00:00+00:00,7100.0,7400.0,7100.0,7400.0,28048600.0
2018-09-20 09:00:00+00:00,7400.0,7575.0,7325.0,7500.0,37420600.0
2018-09-21 09:00:00+00:00,7475.0,7475.0,7225.0,7250.0,48533000.0
2018-09-24 09:00:00+00:00,7200.0,7225.0,7075.0,7125.0,24764900.0
2018-09-25 09:00:00+00:00,7100.0,7200.0,7075.0,7200.0,14404300.0
2018-09-26 09:00:00+00:00,7200.0,7425.0,7200.0,7350.0,25803300.0
2018-09-27 09:00:00+00:00,7225.0,7375.0,7200.0,7375.0,29349300.0
2018-09-28 09:00:00+00:00,7275.0,7450.0,7275.0,7350.0,31995300.0
2018-10-01 09:00:00+00:00,7225.0,7475.0,7225.0,7325.0,14131300.0
2018-10-02 09:00:00+00:00,7450.0,7450.0,7125.0,7200.0,19915100.0
2018-10-03 09:00:00+00:00,7250.0,7275.0,7175.0,7200.0,16575900.0
2018-10-04 09:00:00+00:00,7125.0,7150.0,7025.0,7075.0,19705600.0
2018-10-05 09:00:00+00:00,6975.0,7050.0,6900.0,6950.0,25996300.0
2018-10-08 09:00:00+00:00,6900.0,6975.0,6850.0,6850.0,19133100.0
2018-10-09 09:00:00+00:00,6975.0,7025.0,6850.0,7025.0,17361000.0
2018-10-10 09:00:00+00:00,7000.0,7050.0,6900.0,6950.0,17102700.0
2018-10-11 09:00:00+00:00,6800.0,6825.0,6700.0,6725.0,40456500.0
2018-10-12 09:00:00+00:00,6775.0,6925.0,6775.0,6850.0,28756200.0
2018-10-15 09:00:00+00:00,6850.0,6925.0,6825.0,6850.0,18822300.0
2018-10-16 09:00:00+00:00,6900.0,6975.0,6825.0,6975.0,18553300.0
2018-10-17 09:00:00+00:00,7075.0,7100.0,6975.0,7025.0,23333900.0
2018-10-18 09:00:00+00:00,7025.0,7025.0,6950.0,7025.0,12591900.0
2018-10-19 09:00:00+00:00,7000.0,7350.0,6975.0,7300.0,48440500.0
2018-10-22 09:00:00+00:00,7275.0,7300.0,7200.0,7275.0,22418400.0
2018-10-23 09:00:00+00:00,7200.0,7375.0,7125.0,7350.0,38954800.0
2018-10-24 09:00:00+00:00,7350.0,7450.0,7300.0,7300.0,36406600.0
2018-10-25 09:00:00+00:00,7100.0,7375.0,7100.0,7375.0,26522600.0
2018-10-26 09:00:00+00:00,7375.0,7425.0,7275.0,7425.0,22297400.0
2018-10-29 09:00:00+00:00,7475.0,7625.0,7450.0,7500.0,50786300.0
2018-10-30 09:00:00+00:00,7500.0,7750.0,7450.0,7700.0,39056900.0
2018-10-31 09:00:00+00:00,7725.0,7900.0,7700.0,7900.0,46586400.0
2018-11-01 09:00:00+00:00,7925.0,8050.0,7900.0,8050.0,59367100.0
2018-11-02 09:00:00+00:00,8150.0,8200.0,8050.0,8175.0,58720200.0
2018-11-05 09:00:00+00:00,8150.0,8250.0,8050.0,8250.0,32945600.0
2018-11-06 09:00:00+00:00,8250.0,8250.0,7975.0,8100.0,40294600.0
2018-11-07 09:00:00+00:00,8125.0,8325.0,8050.0,8225.0,44005500.0
2018-11-08 09:00:00+00:00,8300.0,8425.0,8150.0,8200.0,48031900.0
2018-11-09 09:00:00+00:00,8200.0,8250.0,8100.0,8175.0,26391600.0
2018-11-12 09:00:00+00:00,8050.0,8125.0,7875.0,7875.0,27601900.0
2018-11-13 09:00:00+00:00,7850.0,8100.0,7825.0,8000.0,40483500.0
2018-11-14 09:00:00+00:00,8200.0,8300.0,8100.0,8175.0,35668500.0
2018-11-15 09:00:00+00:00,8325.0,8525.0,8275.0,8525.0,59979400.0
2018-11-16 09:00:00+00:00,8500.0,8575.0,8400.0,8550.0,45617600.0
2018-11-19 09:00:00+00:00,8550.0,8550.0,8400.0,8500.0,26364000.0
2018-11-20 09:00:00+00:00,8500.0,8500.0,8500.0,8500.0,0.0
2018-11-21 09:00:00+00:00,8300.0,8575.0,8275.0,8450.0,27715700.0
2018-11-22 09:00:00+00:00,8250.0,8475.0,8250.0,8450.0,21296200.0
2018-11-23 09:00:00+00:00,8400.0,8425.0,8300.0,8400.0,7150800.0
2018-11-26 09:00:00+00:00,8375.0,8425.0,8325.0,8325.0,18712300.0
2018-11-27 09:00:00+00:00,8225.0,8450.0,8225.0,8400.0,21522600.0
2018-11-28 09:00:00+00:00,8400.0,8400.0,8175.0,8400.0,40728200.0
2018-11-29 09:00:00+00:00,8450.0,8575.0,8400.0,8475.0,46667000.0
2018-11-30 09:00:00+00:00,8575.0,8625.0,8375.0,8550.0,69165200.0
2018-12-03 09:00:00+00:00,8700.0,8775.0,8525.0,8600.0,44652600.0
2018-12-04 09:00:00+00:00,8600.0,8600.0,8425.0,8525.0,50127600.0
2018-12-05 09:00:00+00:00,8400.0,8475.0,8250.0,8325.0,28909900.0
2018-12-06 09:00:00+00:00,8200.0,8250.0,8050.0,8100.0,55894200.0
2018-12-07 09:00:00+00:00,8100.0,8275.0,8075.0,8225.0,58677800.0
2018-12-10 09:00:00+00:00,8075.0,8175.0,8050.0,8150.0,23912000.0
2018-12-11 09:00:00+00:00,8150.0,8250.0,8150.0,8150.0,34673200.0
2018-12-12 09:00:00+00:00,8275.0,8275.0,8200.0,8250.0,23533500.0
2018-12-13 09:00:00+00:00,8300.0,8625.0,8275.0,8450.0,57420600.0
2018-12-14 09:00:00+00:00,8500.0,8500.0,8400.0,8450.0,36739100.0
2018-12-17 09:00:00+00:00,8450.0,8450.0,8250.0,8300.0,37179000.0
2018-12-18 09:00:00+00:00,8200.0,8375.0,8200.0,8375.0,27136700.0
2018-12-19 09:00:00+00:00,8350.0,8450.0,8325.0,8425.0,29886700.0
2018-12-20 09:00:00+00:00,8325.0,8525.0,8325.0,8475.0,24652800.0
2018-12-21 09:00:00+00:00,8450.0,8450.0,8300.0,8425.0,31157200.0
2018-12-24 09:00:00+00:00,8425.0,8425.0,8425.0,8425.0,0.0
2018-12-25 09:00:00+00:00,8425.0,8425.0,8425.0,8425.0,0.0
2018-12-26 09:00:00+00:00,8250.0,8300.0,8125.0,8125.0,19355100.0
2018-12-27 09:00:00+00:00,8300.0,8325.0,8175.0,8225.0,25748300.0
2018-12-28 09:00:00+00:00,8275.0,8400.0,8225.0,8225.0,24480400.0
2018-12-31 09:00:00+00:00,8225.0,8225.0,8225.0,8225.0,0.0
2019-01-01 09:00:00+00:00,8225.0,8225.0,8225.0,8225.0,0.0
2019-01-02 09:00:00+00:00,8200.0,8275.0,8125.0,8200.0,14014100.0
2019-01-03 09:00:00+00:00,8100.0,8400.0,8100.0,8375.0,25148400.0
2019-01-04 09:00:00+00:00,8400.0,8450.0,8200.0,8350.0,32475900.0
2019-01-07 09:00:00+00:00,8450.0,8475.0,8150.0,8150.0,32649700.0
2019-01-08 09:00:00+00:00,8150.0,8225.0,8125.0,8175.0,29130800.0
2019-01-09 09:00:00+00:00,8225.0,8275.0,8150.0,8200.0,42977800.0
2019-01-10 09:00:00+00:00,8175.0,8200.0,7950.0,8200.0,76803900.0
2019-01-11 09:00:00+00:00,8300.0,8300.0,8225.0,8300.0,32212200.0
2019-01-14 09:00:00+00:00,8225.0,8225.0,8050.0,8150.0,40449800.0
2019-01-15 09:00:00+00:00,8150.0,8150.0,8050.0,8150.0,56524700.0
2019-01-16 09:00:00+00:00,8175.0,8250.0,8125.0,8250.0,33593600.0
2019-01-17 09:00:00+00:00,8250.0,8325.0,8200.0,8275.0,38888100.0
2019-01-18 09:00:00+00:00,8300.0,8475.0,8275.0,8475.0,45180500.0
2019-01-21 09:00:00+00:00,8475.0,8550.0,8300.0,8325.0,39949600.0
2019-01-22 09:00:00+00:00,8375.0,8375.0,8150.0,8200.0,33129500.0
2019-01-23 09:00:00+00:00,8200.0,8275.0,8175.0,8175.0,26554900.0
2019-01-24 09:00:00+00:00,8225.0,8450.0,8225.0,8425.0,56764700.0
2019-01-25 09:00:00+00:00,8475.0,8475.0,8275.0,8425.0,27967500.0
2019-01-28 09:00:00+00:00,8450.0,8450.0,8275.0,8375.0,25672700.0
2019-01-29 09:00:00+00:00,8375.0,8400.0,8275.0,8375.0,34675500.0
2019-01-30 09:00:00+00:00,8275.0,8375.0,8225.0,8350.0,40835000.0
2019-01-31 09:00:00+00:00,8375.0,8450.0,8325.0,8450.0,49304900.0
2019-02-01 09:00:00+00:00,8475.0,8500.0,8350.0,8450.0,23915300.0
2019-02-04 09:00:00+00:00,8450.0,8475.0,8175.0,8200.0,27634200.0
2019-02-05 09:00:00+00:00,8200.0,8200.0,8200.0,8200.0,0.0
2019-02-06 09:00:00+00:00,8275.0,8350.0,8225.0,8225.0,28617900.0
2019-02-07 09:00:00+00:00,8225.0,8275.0,8150.0,8200.0,27500100.0
2019-02-08 09:00:00+00:00,8150.0,8225.0,8100.0,8150.0,36834100.0
2019-02-11 09:00:00+00:00,8125.0,8150.0,8000.0,8000.0,34439900.0
2019-02-12 09:00:00+00:00,8000.0,8000.0,7650.0,7650.0,84655500.0
2019-02-13 09:00:00+00:00,7700.0,7775.0,7550.0,7675.0,60065900.0
2019-02-14 09:00:00+00:00,7775.0,7775.0,7550.0,7600.0,37462300.0
2019-02-15 09:00:00+00:00,7650.0,7650.0,7525.0,7600.0,51353000.0
2019-02-18 09:00:00+00:00,7725.0,7925.0,7700.0,7875.0,39041200.0
2019-02-19 09:00:00+00:00,7800.0,7875.0,7725.0,7775.0,24292900.0
2019-02-20 09:00:00+00:00,7850.0,7875.0,7625.0,7775.0,46538800.0
2019-02-21 09:00:00+00:00,7700.0,7725.0,7650.0,7700.0,41248700.0
2019-02-22 09:00:00+00:00,7650.0,7700.0,7575.0,7625.0,32076500.0
2019-02-25 09:00:00+00:00,7625.0,7800.0,7575.0,7650.0,34983600.0
2019-02-26 09:00:00+00:00,7625.0,7675.0,7600.0,7600.0,29923400.0
2019-02-27 09:00:00+00:00,7650.0,7650.0,7525.0,7600.0,38903200.0
2019-02-28 09:00:00+00:00,7550.0,7550.0,7150.0,7150.0,119005400.0
2019-03-01 09:00:00+00:00,7250.0,7400.0,7225.0,7225.0,56265500.0
2019-03-04 09:00:00+00:00,7200.0,7275.0,7150.0,7150.0,31484700.0
2019-03-05 09:00:00+00:00,7125.0,7375.0,7025.0,7300.0,60708500.0
2019-03-06 09:00:00+00:00,7400.0,7400.0,7275.0,7325.0,35643300.0
2019-03-07 09:00:00+00:00,7325.0,7325.0,7325.0,7325.0,0.0
2019-03-08 09:00:00+00:00,7200.0,7225.0,7150.0,7150.0,86989800.0
2019-03-11 09:00:00+00:00,7300.0,7300.0,7175.0,7225.0,33829300.0
2019-03-12 09:00:00+00:00,7250.0,7350.0,7175.0,7175.0,36724200.0
2019-03-13 09:00:00+00:00,7100.0,7150.0,7100.0,7125.0,35882400.0
2019-03-14 09:00:00+00:00,7125.0,7250.0,7125.0,7200.0,29057900.0
2019-03-15 09:00:00+00:00,7200.0,7375.0,7200.0,7325.0,39356200.0
2019-03-18 09:00:00+00:00,7300.0,7375.0,7275.0,7325.0,32558100.0
2019-03-19 09:00:00+00:00,7300.0,7325.0,7225.0,7275.0,40585700.0
2019-03-20 09:00:00+00:00,7300.0,7350.0,7225.0,7275.0,30377700.0
2019-03-21 09:00:00+00:00,7300.0,7325.0,7225.0,7250.0,31066900.0
2019-03-22 09:00:00+00:00,7275.0,7300.0,7225.0,7225.0,13387300.0
2019-03-25 09:00:00+00:00,7175.0,7175.0,7000.0,7050.0,51758500.0
2019-03-26 09:00:00+00:00,7100.0,7175.0,7075.0,7100.0,23711700.0
2019-03-27 09:00:00+00:00,7175.0,7200.0,7100.0,7175.0,12546100.0
2019-03-28 09:00:00+00:00,7150.0,7150.0,7050.0,7100.0,17584700.0
2019-03-29 09:00:00+00:00,7100.0,7300.0,7100.0,7300.0,30122900.0
2019-04-01 09:00:00+00:00,7375.0,7400.0,7275.0,7350.0,13152600.0
2019-04-02 09:00:00+00:00,7325.0,7450.0,7300.0,7425.0,28647700.0
2019-04-03 09:00:00+00:00,7425.0,7425.0,7425.0,7425.0,0.0
2019-04-04 09:00:00+00:00,7500.0,7625.0,7500.0,7550.0,38598100.0
2019-04-05 09:00:00+00:00,7575.0,7650.0,7500.0,7650.0,21303800.0
2019-04-08 09:00:00+00:00,7600.0,7625.0,7375.0,7525.0,23973800.0
2019-04-09 09:00:00+00:00,7475.0,7700.0,7475.0,7675.0,31230600.0
2019-04-10 09:00:00+00:00,7725.0,7725.0,7625.0,7650.0,18506200.0
2019-04-11 09:00:00+00:00,7675.0,7675.0,7475.0,7525.0,17082800.0
2019-04-12 09:00:00+00:00,7450.0,7575.0,7450.0,7525.0,12332300.0
2019-04-15 09:00:00+00:00,7575.0,7625.0,7475.0,7600.0,30002000.0
2019-04-16 09:00:00+00:00,7550.0,7800.0,7550.0,7750.0,37600500.0
2019-04-17 09:00:00+00:00,7750.0,7750.0,7750.0,7750.0,0.0
2019-04-18 09:00:00+00:00,7925.0,8025.0,7775.0,7850.0,88459900.0
2019-04-19 09:00:00+00:00,7850.0,7850.0,7850.0,7850.0,0.0
2019-04-22 09:00:00+00:00,7850.0,7850.0,7500.0,7525.0,33999600.0
2019-04-23 09:00:00+00:00,7625.0,7675.0,7550.0,7650.0,30486900.0
2019-04-24 09:00:00+00:00,7625.0,7675.0,7600.0,7650.0,22044600.0
2019-04-25 09:00:00+00:00,7550.0,7600.0,7400.0,7550.0,34998300.0
2019-04-26 09:00:00+00:00,7475.0,7650.0,7475.0,7650.0,31531100.0
2019-04-29 09:00:00+00:00,7525.0,7700.0,7500.0,7600.0,33169300.0
2019-04-30 09:00:00+00:00,7650.0,7675.0,7575.0,7625.0,29569700.0
2019-05-01 09:00:00+00:00,7625.0,7625.0,7625.0,7625.0,0.0
2019-05-02 09:00:00+00:00,7600.0,7675.0,7450.0,7475.0,37010600.0
2019-05-03 09:00:00+00:00,7475.0,7500.0,7400.0,7425.0,30801100.0
2019-05-06 09:00:00+00:00,7350.0,7450.0,7300.0,7425.0,22291100.0
2019-05-07 09:00:00+00:00,7400.0,7550.0,7375.0,7525.0,22700800.0
2019-05-08 09:00:00+00:00,7450.0,7475.0,7375.0,7400.0,22454500.0
2019-05-09 09:00:00+00:00,7325.0,7350.0,7125.0,7150.0,42585100.0
2019-05-10 09:00:00+00:00,7200.0,7225.0,7075.0,7175.0,37086400.0
2019-05-13 09:00:00+00:00,7100.0,7150.0,6975.0,7025.0,26992400.0
2019-05-14 09:00:00+00:00,6900.0,7050.0,6825.0,7000.0,47782200.0
2019-05-15 09:00:00+00:00,7075.0,7075.0,6875.0,6950.0,30786000.0
2019-05-16 09:00:00+00:00,6900.0,6950.0,6725.0,6775.0,47245500.0
2019-05-17 09:00:00+00:00,6900.0,6925.0,6700.0,6700.0,25102800.0
2019-05-20 09:00:00+00:00,6650.0,6925.0,6625.0,6900.0,28865800.0
2019-05-21 09:00:00+00:00,6925.0,7050.0,6925.0,7000.0,35020100.0
2019-05-22 09:00:00+00:00,7000.0,7025.0,6850.0,7000.0,22967500.0
2019-05-23 09:00:00+00:00,7000.0,7125.0,6975.0,7100.0,26460200.0
2019-05-24 09:00:00+00:00,7125.0,7200.0,7050.0,7175.0,22372000.0
2019-05-27 09:00:00+00:00,7175.0,7225.0,7100.0,7125.0,20859100.0
2019-05-28 09:00:00+00:00,7200.0,7200.0,7050.0,7075.0,77066000.0
2019-05-29 09:00:00+00:00,7075.0,7275.0,7050.0,7200.0,28805600.0
2019-05-30 09:00:00+00:00,7200.0,7200.0,7200.0,7200.0,0.0
2019-05-31 09:00:00+00:00,7250.0,7450.0,7175.0,7450.0,46478800.0
2019-06-03 09:00:00+00:00,7450.0,7450.0,7450.0,7450.0,0.0
2019-06-04 09:00:00+00:00,7450.0,7450.0,7450.0,7450.0,0.0
2019-06-05 09:00:00+00:00,7450.0,7450.0,7450.0,7450.0,0.0
2019-06-06 09:00:00+00:00,7450.0,7450.0,7450.0,7450.0,0.0
2019-06-07 09:00:00+00:00,7450.0,7450.0,7450.0,7450.0,0.0
2019-06-10 09:00:00+00:00,7575.0,7700.0,7550.0,7675.0,50332200.0
2019-06-11 09:00:00+00:00,7525.0,7675.0,7450.0,7625.0,37387000.0
2019-06-12 09:00:00+00:00,7500.0,7575.0,7450.0,7500.0,27570300.0
2019-06-13 09:00:00+00:00,7450.0,7525.0,7375.0,7500.0,33860400.0
2019-06-14 09:00:00+00:00,7500.0,7575.0,7400.0,7425.0,28282900.0
2019-06-17 09:00:00+00:00,7425.0,7450.0,7375.0,7375.0,11239700.0
2019-06-18 09:00:00+00:00,7425.0,7500.0,7400.0,7500.0,17393200.0
2019-06-20 09:00:00+00:00,7575.0,7625.0,7500.0,7600.0,26961500.0
2019-06-21 09:00:00+00:00,7625.0,7625.0,7350.0,7450.0,72597200.0
2019-06-24 09:00:00+00:00,7375.0,7450.0,7300.0,7350.0,23779400.0
2019-06-25 09:00:00+00:00,7275.0,7400.0,7275.0,7350.0,23606900.0
2019-06-26 09:00:00+00:00,7375.0,7375.0,7225.0,7250.0,20215500.0
2019-06-27 09:00:00+00:00,7250.0,7425.0,7250.0,7375.0,24916300.0
2019-06-28 09:00:00+00:00,7400.0,7475.0,7350.0,7450.0,22286100.0
2019-07-01 09:00:00+00:00,7475.0,7500.0,7300.0,7375.0,28466100.0
2019-07-02 09:00:00+00:00,7400.0,7400.0,7250.0,7300.0,30466600.0
2019-07-03 09:00:00+00:00,7275.0,7350.0,7225.0,7275.0,30525700.0
2019-07-04 09:00:00+00:00,7300.0,7300.0,7200.0,7250.0,25196500.0
2019-07-05 09:00:00+00:00,7200.0,7250.0,7150.0,7150.0,17084700.0
2019-07-08 09:00:00+00:00,7225.0,7325.0,7175.0,7300.0,20878100.0
2019-07-09 09:00:00+00:00,7325.0,7325.0,7225.0,7275.0,21689700.0
2019-07-10 09:00:00+00:00,7325.0,7450.0,7300.0,7450.0,39466400.0
2019-07-11 09:00:00+00:00,7475.0,7525.0,7425.0,7525.0,33821300.0
2019-07-12 09:00:00+00:00,7500.0,7500.0,7400.0,7450.0,31711400.0
2019-07-15 09:00:00+00:00,7500.0,7500.0,7400.0,7425.0,26628700.0
2019-07-16 09:00:00+00:00,7450.0,7475.0,7400.0,7450.0,18188000.0
2019-07-17 09:00:00+00:00,7400.0,7400.0,7100.0,7100.0,56668400.0
2019-07-18 09:00:00+00:00,7100.0,7200.0,7075.0,7150.0,22334900.0
2019-07-19 09:00:00+00:00,7175.0,7200.0,7075.0,7100.0,28008400.0
2019-07-22 09:00:00+00:00,7100.0,7150.0,7050.0,7100.0,18040600.0
2019-07-23 09:00:00+00:00,7150.0,7200.0,7125.0,7150.0,25156100.0
2019-07-24 09:00:00+00:00,7225.0,7250.0,7175.0,7175.0,25597700.0
2019-07-25 09:00:00+00:00,7225.0,7300.0,7175.0,7300.0,35643500.0
2019-07-26 09:00:00+00:00,7175.0,7175.0,7075.0,7075.0,26627900.0
2019-07-29 09:00:00+00:00,7075.0,7175.0,7050.0,7175.0,18841000.0
2019-07-30 09:00:00+00:00,7175.0,7275.0,7175.0,7275.0,30765800.0
2019-07-31 09:00:00+00:00,7150.0,7200.0,7000.0,7000.0,61515300.0
2019-08-01 09:00:00+00:00,7000.0,7075.0,6975.0,7025.0,37270900.0
2019-08-02 09:00:00+00:00,6950.0,7100.0,6950.0,7075.0,40942800.0
2019-08-05 09:00:00+00:00,6975.0,7025.0,6900.0,6925.0,44819000.0
2019-08-06 09:00:00+00:00,6800.0,6900.0,6750.0,6750.0,55429900.0
2019-08-07 09:00:00+00:00,6750.0,6850.0,6725.0,6725.0,31631500.0
2019-08-08 09:00:00+00:00,6750.0,6950.0,6750.0,6900.0,31521500.0
2019-08-09 09:00:00+00:00,6900.0,6950.0,6775.0,6775.0,22712900.0
2019-08-12 09:00:00+00:00,6850.0,6850.0,6725.0,6750.0,17186100.0
2019-08-13 09:00:00+00:00,6750.0,6750.0,6600.0,6675.0,34123600.0
2019-08-14 09:00:00+00:00,6725.0,6750.0,6600.0,6675.0,36012100.0
2019-08-15 09:00:00+00:00,6600.0,6625.0,6500.0,6525.0,36960700.0
2019-08-16 09:00:00+00:00,6575.0,6600.0,6500.0,6500.0,24416100.0
2019-08-19 09:00:00+00:00,6600.0,6600.0,6425.0,6425.0,31718800.0
2019-08-20 09:00:00+00:00,6475.0,6500.0,6375.0,6425.0,29465900.0
2019-08-21 09:00:00+00:00,6425.0,6500.0,6350.0,6350.0,21306900.0
2019-08-22 09:00:00+00:00,6375.0,6400.0,6250.0,6325.0,53070300.0
2019-08-23 09:00:00+00:00,6350.0,6575.0,6275.0,6575.0,35340800.0
2019-08-26 09:00:00+00:00,6475.0,6650.0,6425.0,6575.0,24275700.0
2019-08-27 09:00:00+00:00,6625.0,6625.0,6500.0,6525.0,79684000.0
2019-08-28 09:00:00+00:00,6525.0,6575.0,6425.0,6450.0,28499000.0
2019-08-29 09:00:00+00:00,6475.0,6500.0,6425.0,6425.0,18028100.0
2019-08-30 09:00:00+00:00,6500.0,6750.0,6475.0,6675.0,53158400.0
2019-09-02 09:00:00+00:00,6725.0,6725.0,6550.0,6550.0,18009100.0
2019-09-03 09:00:00+00:00,6600.0,6600.0,6400.0,6475.0,26812500.0
2019-09-04 09:00:00+00:00,6475.0,6500.0,6375.0,6500.0,25562700.0
2019-09-05 09:00:00+00:00,6575.0,6700.0,6525.0,6700.0,26551900.0
2019-09-06 09:00:00+00:00,6725.0,6750.0,6650.0,6750.0,21425300.0
2019-09-09 09:00:00+00:00,6750.0,6750.0,6625.0,6650.0,21619600.0
2019-09-10 09:00:00+00:00,6675.0,6725.0,6600.0,6675.0,20241600.0
2019-09-11 09:00:00+00:00,6700.0,6925.0,6675.0,6925.0,29449700.0
2019-09-12 09:00:00+00:00,6900.0,6925.0,6750.0,6750.0,18842400.0
2019-09-13 09:00:00+00:00,6850.0,6875.0,6725.0,6750.0,13398000.0
2019-09-16 09:00:00+00:00,6750.0,6775.0,6575.0,6700.0,25529200.0
2019-09-17 09:00:00+00:00,6700.0,6725.0,6475.0,6475.0,27745300.0
2019-09-18 09:00:00+00:00,6525.0,6700.0,6500.0,6700.0,24627700.0
2019-09-19 09:00:00+00:00,6725.0,6725.0,6575.0,6600.0,13478800.0
2019-09-20 09:00:00+00:00,6575.0,6600.0,6525.0,6575.0,45888900.0
2019-09-23 09:00:00+00:00,6575.0,6625.0,6550.0,6625.0,14044900.0
2019-09-24 09:00:00+00:00,6575.0,6625.0,6450.0,6475.0,29738600.0
2019-09-25 09:00:00+00:00,6400.0,6500.0,6400.0,6500.0,17781500.0
2019-09-26 09:00:00+00:00,6575.0,6700.0,6525.0,6700.0,37979500.0
2019-09-27 09:00:00+00:00,6700.0,6700.0,6600.0,6650.0,9831000.0
2019-09-30 09:00:00+00:00,6650.0,6675.0,6575.0,6600.0,21089600.0
2019-10-01 09:00:00+00:00,6550.0,6625.0,6550.0,6550.0,7452500.0
2019-10-02 09:00:00+00:00,6500.0,6550.0,6450.0,6450.0,11128500.0
2019-10-03 09:00:00+00:00,6400.0,6500.0,6300.0,6475.0,20769800.0
2019-10-04 09:00:00+00:00,6550.0,6550.0,6400.0,6425.0,10680600.0
2019-10-07 09:00:00+00:00,6400.0,6450.0,6300.0,6325.0,13250100.0
2019-10-08 09:00:00+00:00,6325.0,6400.0,6275.0,6350.0,25385900.0
2019-10-09 09:00:00+00:00,6300.0,6350.0,6250.0,6275.0,15376200.0
2019-10-10 09:00:00+00:00,6275.0,6350.0,6250.0,6275.0,12172600.0
2019-10-11 09:00:00+00:00,6275.0,6475.0,6275.0,6475.0,16181100.0
2019-10-14 09:00:00+00:00,6550.0,6600.0,6375.0,6425.0,21236100.0
2019-10-15 09:00:00+00:00,6400.0,6425.0,6350.0,6400.0,20590600.0
2019-10-16 09:00:00+00:00,6400.0,6425.0,6300.0,6375.0,32586000.0
2019-10-17 09:00:00+00:00,6350.0,6625.0,6325.0,6625.0,49979500.0
2019-10-18 09:00:00+00:00,6650.0,6750.0,6550.0,6700.0,38012800.0
2019-10-21 09:00:00+00:00,6700.0,6750.0,6600.0,6725.0,12245000.0
2019-10-22 09:00:00+00:00,6750.0,6750.0,6550.0,6750.0,32099000.0
2019-10-23 09:00:00+00:00,6700.0,6775.0,6650.0,6750.0,28015600.0
2019-10-24 09:00:00+00:00,6800.0,6975.0,6750.0,6950.0,44294700.0
2019-10-25 09:00:00+00:00,6950.0,6975.0,6775.0,6800.0,25245600.0
2019-10-28 09:00:00+00:00,6800.0,6900.0,6775.0,6900.0,12206400.0
2019-10-29 09:00:00+00:00,6875.0,6975.0,6875.0,6975.0,32681600.0
2019-10-30 09:00:00+00:00,7000.0,7000.0,6875.0,6950.0,22319800.0
2019-10-31 09:00:00+00:00,6950.0,6975.0,6825.0,6950.0,26502100.0
2019-11-01 09:00:00+00:00,6975.0,6975.0,6725.0,6800.0,17213000.0
2019-11-04 09:00:00+00:00,6800.0,6825.0,6700.0,6700.0,19339100.0
2019-11-05 09:00:00+00:00,6775.0,6950.0,6750.0,6900.0,42041800.0
2019-11-06 09:00:00+00:00,6975.0,6975.0,6825.0,6850.0,29565500.0
2019-11-07 09:00:00+00:00,6925.0,6925.0,6650.0,6725.0,29891900.0
2019-11-08 09:00:00+00:00,6700.0,6700.0,6550.0,6625.0,34878600.0
2019-11-11 09:00:00+00:00,6650.0,6650.0,6550.0,6650.0,19373700.0
2019-11-12 09:00:00+00:00,6650.0,6800.0,6550.0,6775.0,29633100.0
2019-11-13 09:00:00+00:00,6775.0,6775.0,6675.0,6725.0,20566300.0
2019-11-14 09:00:00+00:00,6675.0,6700.0,6550.0,6575.0,18695900.0
2019-11-15 09:00:00+00:00,6650.0,6650.0,6475.0,6525.0,30343300.0
2019-11-18 09:00:00+00:00,6525.0,6600.0,6525.0,6600.0,27729100.0
2019-11-19 09:00:00+00:00,6650.0,6700.0,6575.0,6650.0,18139800.0
2019-11-20 09:00:00+00:00,6600.0,6675.0,6550.0,6625.0,24083000.0
2019-11-21 09:00:00+00:00,6550.0,6650.0,6525.0,6600.0,19675100.0
2019-11-22 09:00:00+00:00,6600.0,6650.0,6575.0,6625.0,23600000.0
2019-11-25 09:00:00+00:00,6600.0,6600.0,6475.0,6500.0,24848800.0
2019-11-26 09:00:00+00:00,6575.0,6575.0,6350.0,6350.0,79166300.0
2019-11-27 09:00:00+00:00,6400.0,6475.0,6350.0,6425.0,37566700.0
2019-11-28 09:00:00+00:00,6425.0,6425.0,6350.0,6400.0,17353400.0
2019-11-29 09:00:00+00:00,6400.0,6575.0,6375.0,6500.0,33440400.0
2019-12-02 09:00:00+00:00,6500.0,6650.0,6500.0,6650.0,22114700.0
2019-12-03 09:00:00+00:00,6650.0,6675.0,6525.0,6525.0,15510600.0
2019-12-04 09:00:00+00:00,6500.0,6575.0,6475.0,6550.0,16154100.0
2019-12-05 09:00:00+00:00,6600.0,6700.0,6550.0,6700.0,26468200.0
2019-12-06 09:00:00+00:00,6675.0,6775.0,6625.0,6775.0,27395100.0
2019-12-09 09:00:00+00:00,6775.0,6775.0,6625.0,6675.0,16336900.0
2019-12-10 09:00:00+00:00,6625.0,6750.0,6625.0,6650.0,19229100.0
2019-12-11 09:00:00+00:00,6675.0,6675.0,6550.0,6550.0,22787600.0
2019-12-12 09:00:00+00:00,6575.0,6600.0,6550.0,6550.0,16626700.0
2019-12-13 09:00:00+00:00,6700.0,6900.0,6700.0,6850.0,66943600.0
2019-12-16 09:00:00+00:00,6900.0,7025.0,6875.0,6975.0,43517600.0
2019-12-17 09:00:00+00:00,6975.0,7000.0,6875.0,6950.0,29835500.0
2019-12-18 09:00:00+00:00,6875.0,6925.0,6750.0,6900.0,31614900.0
2019-12-19 09:00:00+00:00,6875.0,6900.0,6775.0,6850.0,17259400.0
2019-12-20 09:00:00+00:00,6850.0,6925.0,6750.0,6925.0,38886700.0
2019-12-23 09:00:00+00:00,7000.0,7000.0,6775.0,6900.0,23654800.0
2019-12-26 09:00:00+00:00,6800.0,6950.0,6800.0,6875.0,18685200.0
2019-12-27 09:00:00+00:00,6925.0,6925.0,6850.0,6925.0,13714400.0
2019-12-30 09:00:00+00:00,6925.0,6950.0,6850.0,6925.0,25494000.0
2020-01-02 09:00:00+00:00,6925.0,6925.0,6775.0,6875.0,15008600.0
2020-01-03 09:00:00+00:00,6925.0,6950.0,6825.0,6950.0,19068800.0
2020-01-06 09:00:00+00:00,6900.0,6900.0,6750.0,6750.0,22261900.0
2020-01-07 09:00:00+00:00,6800.0,6825.0,6675.0,6775.0,27963000.0
2020-01-08 09:00:00+00:00,6700.0,6825.0,6700.0,6775.0,15150400.0
2020-01-09 09:00:00+00:00,6800.0,6875.0,6750.0,6875.0,19691200.0
2020-01-10 09:00:00+00:00,6900.0,6925.0,6825.0,6825.0,17687600.0
2020-01-13 09:00:00+00:00,6850.0,6925.0,6825.0,6925.0,29585200.0
2020-01-14 09:00:00+00:00,6975.0,7175.0,6925.0,7175.0,41214400.0
2020-01-15 09:00:00+00:00,7150.0,7250.0,7025.0,7200.0,38535100.0
2020-01-16 09:00:00+00:00,7125.0,7200.0,7075.0,7125.0,38504400.0
2020-01-17 09:00:00+00:00,7075.0,7150.0,7000.0,7075.0,26714800.0
2020-01-20 09:00:00+00:00,7100.0,7125.0,6975.0,7000.0,22389100.0
2020-01-21 09:00:00+00:00,7025.0,7025.0,6925.0,7025.0,12520300.0
2020-01-22 09:00:00+00:00,7025.0,7075.0,6975.0,7000.0,20100300.0
2020-01-23 09:00:00+00:00,7050.0,7100.0,7000.0,7050.0,18020200.0
2020-01-24 09:00:00+00:00,7000.0,7050.0,6975.0,6975.0,13710000.0
2020-01-27 09:00:00+00:00,6975.0,6975.0,6700.0,6725.0,17470800.0
2020-01-28 09:00:00+00:00,6675.0,6825.0,6650.0,6825.0,23466100.0
2020-01-29 09:00:00+00:00,6850.0,6850.0,6750.0,6825.0,12646100.0
2020-01-30 09:00:00+00:00,6775.0,6800.0,6625.0,6625.0,25324800.0
2020-01-31 09:00:00+00:00,6650.0,6675.0,6350.0,6350.0,66460400.0
2020-02-03 09:00:00+00:00,6275.0,6425.0,6250.0,6275.0,34538400.0
2020-02-04 09:00:00+00:00,6350.0,6450.0,6300.0,6400.0,46272800.0
2020-02-05 09:00:00+00:00,6450.0,6500.0,6300.0,6400.0,32227100.0
2020-02-06 09:00:00+00:00,6500.0,6525.0,6425.0,6500.0,26015800.0
2020-02-07 09:00:00+00:00,6550.0,6550.0,6400.0,6400.0,13918700.0
2020-02-10 09:00:00+00:00,6400.0,6400.0,6175.0,6200.0,45366900.0
2020-02-11 09:00:00+00:00,6300.0,6300.0,6050.0,6100.0,54325000.0
2020-02-12 09:00:00+00:00,6075.0,6100.0,5925.0,5975.0,51100700.0
2020-02-13 09:00:00+00:00,5975.0,6025.0,5925.0,5950.0,33021700.0
2020-02-14 09:00:00+00:00,5975.0,6100.0,5925.0,6100.0,60901000.0
2020-02-17 09:00:00+00:00,6150.0,6175.0,6050.0,6100.0,16567600.0
2020-02-18 09:00:00+00:00,6050.0,6200.0,6050.0,6100.0,27960300.0
2020-02-19 09:00:00+00:00,6175.0,6250.0,6150.0,6250.0,35186100.0
2020-02-20 09:00:00+00:00,6275.0,6275.0,6125.0,6275.0,37995400.0
2020-02-21 09:00:00+00:00,6275.0,6300.0,6150.0,6200.0,33804700.0
2020-02-24 09:00:00+00:00,6050.0,6150.0,6025.0,6100.0,34190600.0
2020-02-25 09:00:00+00:00,6000.0,6275.0,5975.0,6225.0,40723200.0
2020-02-26 09:00:00+00:00,6100.0,6150.0,6050.0,6050.0,34453700.0
2020-02-27 09:00:00+00:00,6100.0,6100.0,5950.0,5950.0,44801100.0
2020-02-28 09:00:00+00:00,5850.0,5850.0,5525.0,5525.0,100693900.0
2020-03-02 09:00:00+00:00,5700.0,5850.0,5625.0,5700.0,63765800.0
2020-03-03 09:00:00+00:00,5850.0,5975.0,5775.0,5900.0,53817300.0
2020-03-04 09:00:00+00:00,5900.0,6025.0,5875.0,5975.0,43566600.0
2020-03-05 09:00:00+00:00,6025.0,6050.0,5875.0,6050.0,40537300.0
2020-03-06 09:00:00+00:00,5950.0,5950.0,5675.0,5675.0,31282500.0
2020-03-09 09:00:00+00:00,5500.0,5500.0,5025.0,5025.0,87904100.0
2020-03-10 09:00:00+00:00,5100.0,5325.0,5100.0,5150.0,86444600.0
2020-03-11 09:00:00+00:00,5150.0,5175.0,5050.0,5125.0,45134700.0
2020-03-12 09:00:00+00:00,5000.0,5025.0,4820.0,4910.0,64824200.0
2020-03-13 09:00:00+00:00,4910.0,4910.0,4910.0,4910.0,0.0
2020-03-16 09:00:00+00:00,4770.0,4770.0,4530.0,4590.0,55655900.0
2020-03-17 09:00:00+00:00,4590.0,4600.0,4270.0,4270.0,67166600.0
2020-03-18 09:00:00+00:00,4290.0,4350.0,3980.0,4150.0,61972000.0
2020-03-19 09:00:00+00:00,4020.0,4020.0,3860.0,3860.0,27066700.0
2020-03-20 09:00:00+00:00,3890.0,3900.0,3590.0,3780.0,141147800.0
2020-03-23 09:00:00+00:00,3780.0,3780.0,3520.0,3520.0,40318500.0
2020-03-24 09:00:00+00:00,3570.0,3610.0,3280.0,3280.0,89502100.0
2020-03-26 09:00:00+00:00,3220.0,3680.0,3220.0,3620.0,180290700.0
2020-03-27 09:00:00+00:00,3650.0,4360.0,3650.0,4080.0,150312000.0
2020-03-30 09:00:00+00:00,4080.0,4080.0,3800.0,3800.0,45490800.0
2020-03-31 09:00:00+00:00,3880.0,3980.0,3740.0,3900.0,62534800.0
2020-04-01 09:00:00+00:00,3880.0,4090.0,3650.0,3770.0,78042900.0
2020-04-02 09:00:00+00:00,3670.0,3930.0,3580.0,3930.0,39717300.0
2020-04-03 09:00:00+00:00,3990.0,4050.0,3860.0,3900.0,42577100.0
2020-04-06 09:00:00+00:00,3920.0,4040.0,3880.0,4030.0,71205800.0
2020-04-07 09:00:00+00:00,4060.0,4250.0,3960.0,4060.0,79018000.0
2020-04-08 09:00:00+00:00,4000.0,4030.0,3810.0,3850.0,55980400.0
2020-04-09 09:00:00+00:00,3870.0,4120.0,3870.0,4090.0,53526100.0
2020-04-13 09:00:00+00:00,4090.0,4150.0,3920.0,3960.0,27520900.0
2020-04-14 09:00:00+00:00,3960.0,4030.0,3920.0,3960.0,64571400.0
2020-04-15 09:00:00+00:00,4000.0,4000.0,3800.0,3820.0,86149800.0
2020-04-16 09:00:00+00:00,3780.0,3780.0,3620.0,3620.0,61494300.0
2020-04-17 09:00:00+00:00,3680.0,3840.0,3680.0,3800.0,78593000.0
2020-04-20 09:00:00+00:00,3800.0,3830.0,3710.0,3720.0,50406600.0
2020-04-21 09:00:00+00:00,3710.0,3740.0,3610.0,3640.0,36590700.0
2020-04-22 09:00:00+00:00,3600.0,3660.0,3450.0,3640.0,76750500.0
2020-04-23 09:00:00+00:00,3700.0,3790.0,3650.0,3760.0,85068700.0
2020-04-24 09:00:00+00:00,3760.0,3760.0,3610.0,3630.0,49597000.0
2020-04-27 09:00:00+00:00,3670.0,3760.0,3570.0,3710.0,45682200.0
2020-04-28 09:00:00+00:00,3750.0,3790.0,3630.0,3740.0,53532700.0
2020-04-29 09:00:00+00:00,3770.0,3780.0,3650.0,3690.0,40557200.0
2020-04-30 09:00:00+00:00,3750.0,3860.0,3720.0,3850.0,92257000.0
2020-05-04 09:00:00+00:00,3750.0,3750.0,3610.0,3610.0,71301800.0
2020-05-05 09:00:00+00:00,3630.0,3660.0,3580.0,3610.0,54983300.0
2020-05-06 09:00:00+00:00,3610.0,3680.0,3580.0,3640.0,70425000.0
2020-05-08 09:00:00+00:00,3690.0,3740.0,3600.0,3740.0,63346500.0
2020-05-11 09:00:00+00:00,3760.0,3920.0,3750.0,3920.0,79511800.0
2020-05-12 09:00:00+00:00,3920.0,3920.0,3780.0,3820.0,58347900.0
2020-05-13 09:00:00+00:00,3820.0,3820.0,3710.0,3730.0,44974600.0
2020-05-14 09:00:00+00:00,3700.0,3710.0,3530.0,3570.0,80570900.0
2020-05-15 09:00:00+00:00,3590.0,3720.0,3560.0,3710.0,65284900.0
2020-05-18 09:00:00+00:00,3720.0,3950.0,3710.0,3910.0,88368200.0
2020-05-19 09:00:00+00:00,4000.0,4040.0,3940.0,3950.0,77238800.0
2020-05-20 09:00:00+00:00,3950.0,3980.0,3870.0,3970.0,38965700.0
2020-05-26 09:00:00+00:00,3970.0,4360.0,3970.0,4330.0,116041900.0
2020-05-27 09:00:00+00:00,4350.0,4390.0,4220.0,4350.0,68841200.0
2020-05-28 09:00:00+00:00,4370.0,4580.0,4350.0,4540.0,86825700.0
2020-05-29 09:00:00+00:00,4520.0,4770.0,4470.0,4770.0,164786500.0
2020-06-02 09:00:00+00:00,4760.0,4950.0,4630.0,4730.0,72425900.0
2020-06-03 09:00:00+00:00,4750.0,4950.0,4680.0,4890.0,76654100.0
2020-06-04 09:00:00+00:00,4950.0,4960.0,4740.0,4760.0,82711000.0
2020-06-05 09:00:00+00:00,4780.0,5025.0,4670.0,5000.0,63578800.0
2020-06-08 09:00:00+00:00,5250.0,5250.0,4990.0,5025.0,53808200.0
2020-06-09 09:00:00+00:00,5100.0,5125.0,4980.0,5000.0,43049500.0
2020-06-10 09:00:00+00:00,5025.0,5025.0,4650.0,4850.0,39812900.0
2020-06-11 09:00:00+00:00,4840.0,4840.0,4660.0,4700.0,53920100.0
2020-06-12 09:00:00+00:00,4590.0,4820.0,4400.0,4790.0,45837700.0
2020-06-15 09:00:00+00:00,4800.0,4850.0,4700.0,4740.0,42880500.0
2020-06-16 09:00:00+00:00,4800.0,5000.0,4800.0,4970.0,38736700.0
2020-06-17 09:00:00+00:00,4990.0,5000.0,4910.0,4970.0,24744500.0
2020-06-18 09:00:00+00:00,4970.0,4970.0,4800.0,4800.0,40331900.0
2020-06-19 09:00:00+00:00,4830.0,4910.0,4800.0,4890.0,62874800.0
2020-06-22 09:00:00+00:00,4930.0,4940.0,4850.0,4890.0,25097200.0
2020-06-23 09:00:00+00:00,4890.0,4940.0,4850.0,4900.0,29490500.0
2020-06-24 09:00:00+00:00,4920.0,5050.0,4900.0,5000.0,55421700.0
2020-06-25 09:00:00+00:00,4840.0,4920.0,4800.0,4900.0,34952700.0
2020-06-26 09:00:00+00:00,4950.0,4950.0,4900.0,4900.0,24019200.0
2020-06-29 09:00:00+00:00,4900.0,4900.0,4750.0,4800.0,29368700.0
2020-06-30 09:00:00+00:00,4840.0,4880.0,4800.0,4800.0,25197000.0
2020-07-01 09:00:00+00:00,4800.0,4860.0,4770.0,4810.0,22586000.0
2020-07-02 09:00:00+00:00,4830.0,4890.0,4810.0,4870.0,26575000.0
2020-07-03 09:00:00+00:00,4880.0,4910.0,4840.0,4850.0,20400200.0
2020-07-06 09:00:00+00:00,4860.0,4900.0,4840.0,4840.0,17783800.0
2020-07-07 09:00:00+00:00,4900.0,4910.0,4800.0,4830.0,46178600.0
2020-07-08 09:00:00+00:00,4840.0,4930.0,4770.0,4910.0,45246000.0
2020-07-09 09:00:00+00:00,4930.0,5000.0,4880.0,4900.0,33377800.0
2020-07-10 09:00:00+00:00,4880.0,4920.0,4830.0,4830.0,23181700.0
2020-07-13 09:00:00+00:00,4850.0,4910.0,4850.0,4900.0,22481400.0
2020-07-14 09:00:00+00:00,4900.0,4950.0,4880.0,4950.0,22418400.0
2020-07-15 09:00:00+00:00,4990.0,5200.0,4970.0,5150.0,64249400.0
2020-07-16 09:00:00+00:00,5150.0,5350.0,5150.0,5250.0,72113500.0
2020-07-17 09:00:00+00:00,5300.0,5300.0,5200.0,5200.0,46235300.0
2020-07-20 09:00:00+00:00,5200.0,5225.0,5025.0,5100.0,24829000.0
2020-07-21 09:00:00+00:00,5100.0,5450.0,5100.0,5375.0,51878900.0
2020-07-22 09:00:00+00:00,5375.0,5400.0,5200.0,5300.0,29493500.0
2020-07-23 09:00:00+00:00,5300.0,5325.0,5125.0,5175.0,27787400.0
2020-07-24 09:00:00+00:00,5175.0,5175.0,5000.0,5050.0,32338100.0
2020-07-27 09:00:00+00:00,5075.0,5150.0,5025.0,5125.0,17645200.0
2020-07-28 09:00:00+00:00,5175.0,5225.0,5100.0,5175.0,30210400.0
2020-07-29 09:00:00+00:00,5175.0,5225.0,5050.0,5075.0,32010100.0
2020-07-30 09:00:00+00:00,5025.0,5225.0,5000.0,5150.0,32720500.0
2020-08-03 09:00:00+00:00,5100.0,5150.0,4860.0,4880.0,66053200.0
2020-08-04 09:00:00+00:00,4900.0,4960.0,4900.0,4960.0,32307000.0
2020-08-05 09:00:00+00:00,4970.0,5100.0,4950.0,5050.0,22883900.0
2020-08-06 09:00:00+00:00,5075.0,5225.0,5050.0,5225.0,45906700.0
2020-08-07 09:00:00+00:00,5225.0,5300.0,5100.0,5275.0,35036700.0
2020-08-10 09:00:00+00:00,5275.0,5275.0,5125.0,5125.0,30588200.0
2020-08-11 09:00:00+00:00,5175.0,5250.0,5150.0,5225.0,19877700.0
2020-08-12 09:00:00+00:00,5225.0,5400.0,5175.0,5400.0,31304300.0
2020-08-13 09:00:00+00:00,5450.0,5550.0,5375.0,5400.0,36344700.0
2020-08-14 09:00:00+00:00,5400.0,5450.0,5350.0,5375.0,15337700.0
2020-08-18 09:00:00+00:00,5325.0,5450.0,5300.0,5375.0,34974800.0
2020-08-19 09:00:00+00:00,5425.0,5425.0,5250.0,5300.0,24870200.0
2020-08-24 09:00:00+00:00,5300.0,5350.0,5250.0,5300.0,20000900.0
2020-08-25 09:00:00+00:00,5325.0,5375.0,5300.0,5300.0,27807900.0
2020-08-26 09:00:00+00:00,5400.0,5400.0,5275.0,5350.0,29957700.0
2020-08-27 09:00:00+00:00,5375.0,5400.0,5250.0,5300.0,27491500.0
2020-08-28 09:00:00+00:00,5300.0,5325.0,5275.0,5325.0,20347900.0
2020-08-31 09:00:00+00:00,5325.0,5350.0,5100.0,5100.0,42240600.0
2020-09-01 09:00:00+00:00,5175.0,5250.0,5100.0,5250.0,20881000.0
2020-09-02 09:00:00+00:00,5300.0,5350.0,5200.0,5300.0,19074500.0
2020-09-03 09:00:00+00:00,5350.0,5350.0,5125.0,5175.0,38323300.0
2020-09-04 09:00:00+00:00,5100.0,5150.0,5025.0,5050.0,47966200.0
2020-09-07 09:00:00+00:00,5050.0,5075.0,4950.0,5025.0,37120700.0
2020-09-08 09:00:00+00:00,5025.0,5125.0,5025.0,5125.0,22790200.0
2020-09-09 09:00:00+00:00,5025.0,5025.0,4900.0,4900.0,62626200.0
2020-09-10 09:00:00+00:00,4560.0,4610.0,4560.0,4560.0,142910700.0
2020-09-11 09:00:00+00:00,4350.0,4700.0,4310.0,4630.0,76725700.0
2020-09-14 09:00:00+00:00,4780.0,4830.0,4700.0,4790.0,57904800.0
2020-09-15 09:00:00+00:00,4850.0,4870.0,4770.0,4820.0,35809700.0
2020-09-16 09:00:00+00:00,4850.0,4860.0,4780.0,4780.0,21529200.0
2020-09-17 09:00:00+00:00,4770.0,4880.0,4770.0,4860.0,26234600.0
2020-09-18 09:00:00+00:00,4840.0,4870.0,4760.0,4780.0,46011300.0
2020-09-21 09:00:00+00:00,4790.0,4800.0,4620.0,4670.0,23388100.0
2020-09-22 09:00:00+00:00,4600.0,4740.0,4590.0,4670.0,22893300.0
2020-09-23 09:00:00+00:00,4680.0,4730.0,4590.0,4630.0,15696100.0
2020-09-24 09:00:00+00:00,4620.0,4650.0,4560.0,4600.0,24393300.0
2020-09-25 09:00:00+00:00,4610.0,4920.0,4610.0,4860.0,40064600.0
2020-09-28 09:00:00+00:00,4870.0,4910.0,4740.0,4740.0,28967600.0
2020-09-29 09:00:00+00:00,4760.0,4800.0,4560.0,4570.0,31707100.0
2020-09-30 09:00:00+00:00,4560.0,4570.0,4450.0,4460.0,40490200.0
2020-10-01 09:00:00+00:00,4490.0,4640.0,4490.0,4610.0,32822900.0
2020-10-02 09:00:00+00:00,4630.0,4640.0,4520.0,4590.0,33355000.0
2020-10-05 09:00:00+00:00,4600.0,4630.0,4540.0,4560.0,20624400.0
2020-10-06 09:00:00+00:00,4650.0,4660.0,4600.0,4620.0,23682500.0
2020-10-07 09:00:00+00:00,4590.0,4630.0,4560.0,4630.0,21814000.0
2020-10-08 09:00:00+00:00,4640.0,4770.0,4630.0,4750.0,32946600.0
2020-10-09 09:00:00+00:00,4720.0,4760.0,4700.0,4740.0,19525000.0
2020-10-12 09:00:00+00:00,4790.0,4810.0,4700.0,4700.0,23749400.0
2020-10-13 09:00:00+00:00,4700.0,4750.0,4650.0,4740.0,25032100.0
2020-10-14 09:00:00+00:00,4710.0,4860.0,4710.0,4820.0,50174100.0
2020-10-15 09:00:00+00:00,4820.0,4820.0,4740.0,4740.0,29382300.0
2020-10-16 09:00:00+00:00,4740.0,4930.0,4700.0,4930.0,37775400.0
2020-10-19 09:00:00+00:00,4930.0,5075.0,4880.0,5000.0,38057900.0
2020-10-20 09:00:00+00:00,4990.0,5175.0,4960.0,5175.0,68915600.0
2020-10-21 09:00:00+00:00,5200.0,5250.0,5175.0,5250.0,52567200.0
2020-10-22 09:00:00+00:00,5200.0,5275.0,5200.0,5250.0,75883000.0
2020-10-23 09:00:00+00:00,5300.0,5400.0,5250.0,5400.0,46040700.0
2020-10-26 09:00:00+00:00,5400.0,5450.0,5300.0,5400.0,33055000.0
2020-10-27 09:00:00+00:00,5300.0,5500.0,5300.0,5425.0,45393900.0
2020-11-02 09:00:00+00:00,5325.0,5425.0,5275.0,5400.0,48772200.0
2020-11-03 09:00:00+00:00,5450.0,5500.0,5425.0,5500.0,44789800.0
2020-11-04 09:00:00+00:00,5475.0,5500.0,5350.0,5400.0,22433700.0
2020-11-05 09:00:00+00:00,5500.0,5550.0,5425.0,5500.0,25384200.0
2020-11-06 09:00:00+00:00,5525.0,5875.0,5525.0,5825.0,62036900.0
2020-11-09 09:00:00+00:00,5800.0,5850.0,5600.0,5600.0,53921900.0
2020-11-10 09:00:00+00:00,5775.0,5850.0,5700.0,5750.0,60062700.0
2020-11-11 09:00:00+00:00,5850.0,6025.0,5850.0,6000.0,56581600.0
2020-11-12 09:00:00+00:00,5875.0,6025.0,5775.0,6000.0,67819100.0
2020-11-13 09:00:00+00:00,5900.0,5925.0,5850.0,5900.0,24090900.0
2020-11-16 09:00:00+00:00,5925.0,6000.0,5900.0,5925.0,62526400.0
2020-11-17 09:00:00+00:00,5950.0,5975.0,5800.0,5800.0,28012800.0
2020-11-18 09:00:00+00:00,5825.0,5875.0,5750.0,5775.0,25384700.0
2020-11-19 09:00:00+00:00,5750.0,5775.0,5725.0,5725.0,35427800.0
2020-11-20 09:00:00+00:00,5725.0,5825.0,5700.0,5725.0,33703300.0
2020-11-23 09:00:00+00:00,5725.0,5850.0,5725.0,5800.0,40933800.0
2020-11-24 09:00:00+00:00,5875.0,5875.0,5800.0,5800.0,33117500.0
2020-11-25 09:00:00+00:00,5825.0,5875.0,5550.0,5550.0,117614100.0
2020-11-26 09:00:00+00:00,5525.0,5675.0,5500.0,5650.0,89572000.0
2020-11-27 09:00:00+00:00,5650.0,5700.0,5525.0,5550.0,98376500.0
2020-11-30 09:00:00+00:00,5550.0,5575.0,5200.0,5300.0,311402400.0
2020-12-01 09:00:00+00:00,5425.0,5550.0,5400.0,5550.0,119445500.0
2020-12-02 09:00:00+00:00,5600.0,5750.0,5575.0,5725.0,94220300.0
2020-12-03 09:00:00+00:00,5725.0,5750.0,5600.0,5625.0,54407800.0
2020-12-04 09:00:00+00:00,5625.0,5725.0,5550.0,5700.0,52405500.0
2020-12-07 09:00:00+00:00,5800.0,5900.0,5725.0,5850.0,92859500.0
2020-12-08 09:00:00+00:00,5850.0,5875.0,5675.0,5700.0,77339200.0
2020-12-10 09:00:00+00:00,5800.0,5875.0,5750.0,5825.0,92988900.0
2020-12-11 09:00:00+00:00,5825.0,5875.0,5650.0,5675.0,53669200.0
2020-12-14 09:00:00+00:00,5725.0,5750.0,5650.0,5675.0,43821600.0
2020-12-15 09:00:00+00:00,5675.0,5975.0,5650.0,5950.0,128853200.0
2020-12-16 09:00:00+00:00,6000.0,6200.0,6000.0,6125.0,98362500.0
2020-12-17 09:00:00+00:00,6125.0,6200.0,6050.0,6200.0,76361900.0
2020-12-18 09:00:00+00:00,6250.0,6275.0,6175.0,6200.0,81878000.0
2020-12-21 09:00:00+00:00,6200.0,6225.0,6100.0,6150.0,54800500.0
2020-12-22 09:00:00+00:00,6100.0,6250.0,5950.0,6075.0,94394100.0
2020-12-23 09:00:00+00:00,6025.0,6100.0,5825.0,6000.0,73880100.0
2020-12-28 09:00:00+00:00,6175.0,6175.0,5950.0,6075.0,32572200.0
2020-12-29 09:00:00+00:00,6100.0,6175.0,6000.0,6050.0,40341500.0
2020-12-30 09:00:00+00:00,6100.0,6125.0,6025.0,6025.0,39615400.0
2021-01-04 09:00:00+00:00,6100.0,6250.0,6025.0,6225.0,34840200.0
2021-01-05 09:00:00+00:00,6225.0,6250.0,6150.0,6175.0,27318400.0
2021-01-06 09:00:00+00:00,6175.0,6225.0,5950.0,6150.0,42778200.0
2021-01-07 09:00:00+00:00,6175.0,6200.0,6075.0,6075.0,33536400.0
2021-01-08 09:00:00+00:00,6150.0,6475.0,6100.0,6425.0,88590400.0
2021-01-11 09:00:00+00:00,6500.0,6600.0,6475.0,6525.0,57622400.0
2021-01-12 09:00:00+00:00,6425.0,6650.0,6400.0,6525.0,38226200.0
2021-01-13 09:00:00+00:00,6600.0,6800.0,6500.0,6775.0,56171600.0
2021-01-14 09:00:00+00:00,6850.0,6925.0,6775.0,6775.0,48209800.0
2021-01-15 09:00:00+00:00,6800.0,6850.0,6525.0,6575.0,45722300.0
2021-01-18 09:00:00+00:00,6575.0,6700.0,6525.0,6675.0,48444700.0
2021-01-19 09:00:00+00:00,6775.0,6775.0,6575.0,6675.0,37236400.0
2021-01-20 09:00:00+00:00,6625.0,6775.0,6625.0,6675.0,27403000.0
2021-01-21 09:00:00+00:00,6800.0,6800.0,6725.0,6800.0,32219700.0
2021-01-22 09:00:00+00:00,6825.0,6850.0,6600.0,6700.0,34960500.0
2021-01-25 09:00:00+00:00,6650.0,6650.0,6325.0,6475.0,73391700.0
2021-01-26 09:00:00+00:00,6475.0,6575.0,6300.0,6350.0,39158300.0
2021-01-27 09:00:00+00:00,6350.0,6350.0,6150.0,6275.0,56444100.0
2021-01-28 09:00:00+00:00,6150.0,6450.0,6150.0,6275.0,54596400.0
2021-01-29 09:00:00+00:00,6300.0,6375.0,5950.0,6100.0,71886200.0
2021-02-01 09:00:00+00:00,5850.0,6075.0,5750.0,6025.0,57416200.0
2021-02-02 09:00:00+00:00,6150.0,6150.0,5875.0,5975.0,42421400.0
2021-02-03 09:00:00+00:00,6075.0,6275.0,5950.0,6150.0,76420800.0
2021-02-04 09:00:00+00:00,6225.0,6225.0,6125.0,6200.0,29508100.0
2021-02-05 09:00:00+00:00,6250.0,6250.0,6050.0,6100.0,34366600.0
2021-02-08 09:00:00+00:00,6200.0,6200.0,6075.0,6100.0,28817400.0
2021-02-09 09:00:00+00:00,6100.0,6200.0,5825.0,5825.0,113795000.0
2021-02-10 09:00:00+00:00,5850.0,5975.0,5825.0,5900.0,43492200.0
2021-02-11 09:00:00+00:00,5875.0,5950.0,5825.0,5850.0,37890700.0
2021-02-15 09:00:00+00:00,6100.0,6250.0,5950.0,5950.0,178642200.0
2021-02-16 09:00:00+00:00,5975.0,6000.0,5900.0,5925.0,35796600.0
2021-02-17 09:00:00+00:00,5900.0,5925.0,5750.0,5800.0,56517500.0
2021-02-18 09:00:00+00:00,5750.0,5875.0,5725.0,5725.0,56765900.0
2021-02-19 09:00:00+00:00,5725.0,5850.0,5725.0,5775.0,42627800.0
2021-02-22 09:00:00+00:00,5825.0,5850.0,5700.0,5700.0,55230300.0
2021-02-23 09:00:00+00:00,5700.0,5825.0,5700.0,5725.0,60745000.0
2021-02-24 09:00:00+00:00,5775.0,5850.0,5600.0,5625.0,73050200.0
2021-02-25 09:00:00+00:00,5700.0,5700.0,5475.0,5575.0,123672200.0
2021-02-26 09:00:00+00:00,5450.0,5525.0,5350.0,5400.0,146271500.0
2021-03-01 09:00:00+00:00,5500.0,5600.0,5450.0,5600.0,118418900.0
2021-03-02 09:00:00+00:00,5650.0,5675.0,5550.0,5575.0,87061500.0
2021-03-03 09:00:00+00:00,5625.0,5700.0,5525.0,5675.0,49030200.0
2021-03-04 09:00:00+00:00,5675.0,5700.0,5525.0,5575.0,70766800.0
2021-03-05 09:00:00+00:00,5525.0,5575.0,5475.0,5500.0,48034400.0
2021-03-08 09:00:00+00:00,5550.0,5625.0,5475.0,5550.0,55652900.0
2021-03-09 09:00:00+00:00,5550.0,5650.0,5400.0,5525.0,66908800.0
2021-03-10 09:00:00+00:00,5500.0,5525.0,5400.0,5425.0,66154200.0
2021-03-12 09:00:00+00:00,5550.0,5575.0,5450.0,5475.0,87065000.0
2021-03-15 09:00:00+00:00,5525.0,5625.0,5500.0,5525.0,48489500.0
2021-03-16 09:00:00+00:00,5600.0,5725.0,5550.0,5550.0,64804400.0
2021-03-17 09:00:00+00:00,5625.0,5650.0,5550.0,5575.0,61881600.0
2021-03-18 09:00:00+00:00,5675.0,5800.0,5625.0,5725.0,90338700.0
2021-03-19 09:00:00+00:00,5725.0,5775.0,5625.0,5775.0,80429800.0
2021-03-22 09:00:00+00:00,5750.0,5775.0,5550.0,5575.0,57320300.0
2021-03-23 09:00:00+00:00,5550.0,5675.0,5550.0,5575.0,46973100.0
2021-03-24 09:00:00+00:00,5575.0,5600.0,5450.0,5450.0,40065300.0
2021-03-25 09:00:00+00:00,5450.0,5525.0,5400.0,5450.0,49497900.0
2021-03-26 09:00:00+00:00,5525.0,5600.0,5475.0,5600.0,24880300.0
2021-03-29 09:00:00+00:00,5600.0,5650.0,5525.0,5525.0,25164100.0
2021-03-30 09:00:00+00:00,5475.0,5550.0,5400.0,5400.0,55842300.0
2021-03-31 09:00:00+00:00,5450.0,5450.0,5225.0,5275.0,89835200.0
2021-04-01 09:00:00+00:00,5350.0,5400.0,5325.0,5350.0,33323600.0
2021-04-05 09:00:00+00:00,5425.0,5450.0,5350.0,5350.0,29142200.0
2021-04-06 09:00:00+00:00,5375.0,5400.0,5300.0,5350.0,26040800.0
2021-04-07 09:00:00+00:00,5300.0,5350.0,5275.0,5325.0,33361900.0
2021-04-08 09:00:00+00:00,5375.0,5375.0,5300.0,5300.0,43680100.0
2021-04-09 09:00:00+00:00,5300.0,5400.0,5275.0,5275.0,59348800.0
2021-04-12 09:00:00+00:00,5250.0,5275.0,5050.0,5075.0,68211200.0
2021-04-13 09:00:00+00:00,5025.0,5175.0,5025.0,5075.0,53505400.0
2021-04-14 09:00:00+00:00,5150.0,5275.0,5100.0,5250.0,39277800.0
2021-04-15 09:00:00+00:00,5250.0,5275.0,5175.0,5250.0,34533700.0
2021-04-16 09:00:00+00:00,5300.0,5325.0,5200.0,5250.0,38151200.0
2021-04-19 09:00:00+00:00,5225.0,5250.0,5200.0,5200.0,30832600.0
2021-04-20 09:00:00+00:00,5150.0,5300.0,5150.0,5300.0,46601200.0
2021-04-21 09:00:00+00:00,5225.0,5275.0,5200.0,5225.0,47261000.0
2021-04-22 09:00:00+00:00,5225.0,5500.0,5225.0,5450.0,86785100.0
2021-04-23 09:00:00+00:00,5500.0,5650.0,5475.0,5625.0,95175600.0
2021-04-26 09:00:00+00:00,5625.0,5675.0,5600.0,5625.0,65428000.0
2021-04-27 09:00:00+00:00,5625.0,5650.0,5475.0,5525.0,41552600.0
2021-04-28 09:00:00+00:00,5400.0,5575.0,5325.0,5350.0,72011700.0
2021-04-29 09:00:00+00:00,5350.0,5475.0,5350.0,5425.0,43203100.0
2021-04-30 09:00:00+00:00,5450.0,5550.0,5375.0,5500.0,56668600.0
2021-05-03 09:00:00+00:00,5450.0,5500.0,5400.0,5425.0,29451000.0
2021-05-04 09:00:00+00:00,5500.0,5575.0,5425.0,5500.0,39860400.0
2021-05-05 09:00:00+00:00,5525.0,5600.0,5475.0,5525.0,27270000.0
2021-05-06 09:00:00+00:00,5600.0,5600.0,5400.0,5425.0,34361400.0
2021-05-07 09:00:00+00:00,5450.0,5475.0,5275.0,5325.0,30771700.0
2021-05-10 09:00:00+00:00,5350.0,5425.0,5350.0,5375.0,25429700.0
2021-05-11 09:00:00+00:00,5400.0,5425.0,5175.0,5225.0,49162600.0
2021-05-17 09:00:00+00:00,5300.0,5325.0,5125.0,5175.0,47623100.0
2021-05-18 09:00:00+00:00,5150.0,5200.0,5100.0,5150.0,45784300.0
2021-05-19 09:00:00+00:00,5100.0,5125.0,5025.0,5050.0,47008800.0
2021-05-20 09:00:00+00:00,5050.0,5200.0,5025.0,5175.0,49746900.0
2021-05-21 09:00:00+00:00,5175.0,5225.0,5050.0,5050.0,43416900.0
2021-05-24 09:00:00+00:00,5100.0,5150.0,5025.0,5100.0,33540000.0
2021-05-25 09:00:00+00:00,5100.0,5150.0,5050.0,5075.0,45393500.0
2021-05-27 09:00:00+00:00,5100.0,5225.0,5075.0,5150.0,99709500.0
2021-05-28 09:00:00+00:00,5175.0,5225.0,5125.0,5150.0,24346700.0
2021-05-31 09:00:00+00:00,5175.0,5300.0,5150.0,5250.0,41498000.0
2021-06-02 09:00:00+00:00,5350.0,5350.0,5275.0,5325.0,43217400.0
2021-06-03 09:00:00+00:00,5350.0,5350.0,5275.0,5350.0,49012700.0
2021-06-04 09:00:00+00:00,5325.0,5350.0,5200.0,5225.0,35211100.0
2021-06-07 09:00:00+00:00,5225.0,5300.0,5200.0,5250.0,31693200.0
2021-06-08 09:00:00+00:00,5300.0,5325.0,5200.0,5275.0,35402300.0
2021-06-09 09:00:00+00:00,5275.0,5350.0,5225.0,5325.0,24331300.0
2021-06-10 09:00:00+00:00,5400.0,5425.0,5325.0,5400.0,42924200.0
2021-06-11 09:00:00+00:00,5400.0,5425.0,5250.0,5275.0,44421700.0
2021-06-14 09:00:00+00:00,5350.0,5350.0,5150.0,5175.0,40699500.0
2021-06-15 09:00:00+00:00,5175.0,5200.0,5125.0,5150.0,35915800.0
2021-06-16 09:00:00+00:00,5200.0,5200.0,5125.0,5150.0,29144900.0
2021-06-17 09:00:00+00:00,5125.0,5150.0,5075.0,5100.0,38074600.0
2021-06-18 09:00:00+00:00,5075.0,5125.0,4900.0,5000.0,112157600.0
2021-06-21 09:00:00+00:00,4920.0,4970.0,4760.0,4920.0,48183300.0
2021-06-22 09:00:00+00:00,4920.0,5025.0,4900.0,4920.0,47156200.0
2021-06-23 09:00:00+00:00,4980.0,5025.0,4920.0,4930.0,46351900.0
2021-06-24 09:00:00+00:00,4930.0,4980.0,4910.0,4940.0,24665200.0
2021-06-25 09:00:00+00:00,4940.0,4980.0,4910.0,4920.0,33125300.0
2021-06-28 09:00:00+00:00,4920.0,4930.0,4710.0,4710.0,53083400.0
2021-06-29 09:00:00+00:00,4730.0,4920.0,4710.0,4840.0,70425700.0
2021-06-30 09:00:00+00:00,4830.0,5000.0,4820.0,4940.0,34641700.0
2021-07-01 09:00:00+00:00,4990.0,5100.0,4950.0,5025.0,42856900.0
2021-07-02 09:00:00+00:00,5025.0,5075.0,4980.0,5000.0,22436900.0
2021-07-05 09:00:00+00:00,5050.0,5075.0,4920.0,4940.0,27554100.0
2021-07-06 09:00:00+00:00,4970.0,4970.0,4890.0,4900.0,31280100.0
2021-07-07 09:00:00+00:00,4900.0,4990.0,4860.0,4900.0,35907800.0
2021-07-08 09:00:00+00:00,4930.0,4960.0,4850.0,4880.0,40566600.0
2021-07-09 09:00:00+00:00,4880.0,4920.0,4870.0,4910.0,21088500.0
2021-07-12 09:00:00+00:00,4910.0,4950.0,4880.0,4920.0,26816600.0
2021-07-13 09:00:00+00:00,4950.0,4960.0,4850.0,4900.0,28998600.0
2021-07-14 09:00:00+00:00,4920.0,4920.0,4730.0,4730.0,43408700.0
2021-07-15 09:00:00+00:00,4730.0,4840.0,4640.0,4810.0,50750700.0
2021-07-16 09:00:00+00:00,4840.0,4910.0,4820.0,4880.0,32544000.0
2021-07-19 09:00:00+00:00,4850.0,4870.0,4780.0,4780.0,25106100.0
2021-07-21 09:00:00+00:00,4780.0,4930.0,4780.0,4870.0,41716000.0
2021-07-22 09:00:00+00:00,4930.0,5025.0,4900.0,4980.0,36287300.0
2021-07-23 09:00:00+00:00,5000.0,5000.0,4910.0,4950.0,26847700.0
2021-07-26 09:00:00+00:00,4950.0,4970.0,4770.0,4770.0,43373400.0
2021-07-27 09:00:00+00:00,4770.0,4830.0,4730.0,4760.0,42635500.0
2021-07-28 09:00:00+00:00,4780.0,4790.0,4710.0,4710.0,24083000.0
2021-07-29 09:00:00+00:00,4720.0,4740.0,4650.0,4650.0,50238500.0
2021-07-30 09:00:00+00:00,4710.0,4840.0,4670.0,4720.0,65379500.0
2021-08-02 09:00:00+00:00,4730.0,4820.0,4730.0,4820.0,39192600.0
2021-08-03 09:00:00+00:00,4840.0,4970.0,4830.0,4940.0,46414100.0
2021-08-04 09:00:00+00:00,4970.0,4970.0,4870.0,4900.0,25646900.0
2021-08-05 09:00:00+00:00,4900.0,4930.0,4860.0,4890.0,31304900.0
2021-08-06 09:00:00+00:00,4940.0,4980.0,4880.0,4940.0,45454600.0
2021-08-09 09:00:00+00:00,4940.0,4950.0,4830.0,4860.0,31858700.0
2021-08-10 09:00:00+00:00,4900.0,4930.0,4840.0,4910.0,41920300.0
2021-08-12 09:00:00+00:00,4940.0,4960.0,4880.0,4940.0,22191700.0
2021-08-13 09:00:00+00:00,4960.0,5075.0,4960.0,5025.0,62673300.0
2021-08-16 09:00:00+00:00,5050.0,5075.0,4990.0,5075.0,46949700.0
2021-08-18 09:00:00+00:00,5100.0,5300.0,5075.0,5225.0,102560600.0
2021-08-19 09:00:00+00:00,5225.0,5275.0,5075.0,5150.0,53594900.0
2021-08-20 09:00:00+00:00,5150.0,5150.0,5000.0,5100.0,32878200.0
2021-08-23 09:00:00+00:00,5100.0,5150.0,5050.0,5100.0,30921500.0
2021-08-24 09:00:00+00:00,5175.0,5175.0,5050.0,5075.0,32783500.0
2021-08-25 09:00:00+00:00,5150.0,5200.0,5075.0,5150.0,26870400.0
2021-08-26 09:00:00+00:00,5200.0,5200.0,5050.0,5100.0,28757400.0
2021-08-27 09:00:00+00:00,5100.0,5100.0,5050.0,5050.0,26966100.0
2021-08-30 09:00:00+00:00,5100.0,5275.0,5100.0,5275.0,51914600.0
2021-08-31 09:00:00+00:00,5275.0,5300.0,5200.0,5225.0,45649200.0
2021-09-01 09:00:00+00:00,5225.0,5275.0,5100.0,5175.0,26732500.0
2021-09-02 09:00:00+00:00,5200.0,5250.0,5175.0,5250.0,17335000.0
2021-09-03 09:00:00+00:00,5250.0,5350.0,5200.0,5350.0,28004500.0
2021-09-06 09:00:00+00:00,5375.0,5450.0,5325.0,5425.0,28315200.0
2021-09-07 09:00:00+00:00,5425.0,5450.0,5300.0,5350.0,23685800.0
2021-09-08 09:00:00+00:00,5375.0,5375.0,5250.0,5250.0,44076000.0
2021-09-09 09:00:00+00:00,5250.0,5450.0,5250.0,5450.0,49118000.0
2021-09-10 09:00:00+00:00,5450.0,5475.0,5375.0,5425.0,31997100.0
2021-09-13 09:00:00+00:00,5425.0,5500.0,5350.0,5450.0,29796400.0
2021-09-14 09:00:00+00:00,5500.0,5550.0,5450.0,5525.0,34356900.0
2021-09-15 09:00:00+00:00,5525.0,5550.0,5375.0,5400.0,61522300.0
2021-09-16 09:00:00+00:00,5425.0,5475.0,5350.0,5375.0,27187700.0
2021-09-17 09:00:00+00:00,5375.0,5425.0,5275.0,5425.0,44004000.0
2021-09-20 09:00:00+00:00,5425.0,5425.0,5225.0,5300.0,46896100.0
2021-09-21 09:00:00+00:00,5275.0,5275.0,5150.0,5225.0,23656300.0
2021-09-22 09:00:00+00:00,5225.0,5350.0,5200.0,5275.0,21750800.0
2021-09-23 09:00:00+00:00,5275.0,5325.0,5150.0,5150.0,27178400.0
2021-09-24 09:00:00+00:00,5150.0,5225.0,5125.0,5150.0,29394300.0
2021-09-27 09:00:00+00:00,5150.0,5225.0,5125.0,5175.0,25252300.0
2021-09-28 09:00:00+00:00,5175.0,5200.0,5075.0,5075.0,35640900.0
2021-09-29 09:00:00+00:00,5075.0,5350.0,5050.0,5325.0,42995900.0
2021-09-30 09:00:00+00:00,5375.0,5500.0,5300.0,5500.0,44723000.0
2021-10-01 09:00:00+00:00,5450.0,5500.0,5400.0,5450.0,27484100.0
2021-10-04 09:00:00+00:00,5500.0,5625.0,5475.0,5575.0,52074900.0
2021-10-05 09:00:00+00:00,5575.0,5650.0,5500.0,5550.0,27128000.0
2021-10-06 09:00:00+00:00,5600.0,6100.0,5575.0,5975.0,168237500.0
2021-10-07 09:00:00+00:00,5975.0,6000.0,5700.0,5700.0,97516000.0
2021-10-08 09:00:00+00:00,5700.0,5975.0,5625.0,5900.0,91094200.0
2021-10-11 09:00:00+00:00,5925.0,5950.0,5775.0,5775.0,38994500.0
2021-10-12 09:00:00+00:00,5800.0,5950.0,5775.0,5875.0,68823100.0
2021-10-13 09:00:00+00:00,5950.0,6300.0,5925.0,6275.0,143652900.0
2021-10-14 09:00:00+00:00,6300.0,6450.0,6125.0,6225.0,104502800.0
2021-10-15 09:00:00+00:00,6275.0,6300.0,6125.0,6250.0,82896700.0
2021-10-18 09:00:00+00:00,6275.0,6350.0,6200.0,6225.0,61419000.0
2021-10-19 09:00:00+00:00,6275.0,6375.0,6200.0,6350.0,52117000.0
2021-10-21 09:00:00+00:00,6350.0,6350.0,6125.0,6150.0,132905200.0
2021-10-22 09:00:00+00:00,6150.0,6225.0,6125.0,6175.0,26886400.0
2021-10-25 09:00:00+00:00,6200.0,6225.0,6025.0,6050.0,51872000.0
2021-10-26 09:00:00+00:00,6050.0,6175.0,6050.0,6150.0,25950500.0
2021-10-27 09:00:00+00:00,6100.0,6125.0,6000.0,6000.0,40588700.0
2021-10-28 09:00:00+00:00,6000.0,6175.0,5950.0,6000.0,50046900.0
2021-10-29 09:00:00+00:00,6225.0,6250.0,6025.0,6025.0,82397400.0
2021-11-01 09:00:00+00:00,6050.0,6150.0,6025.0,6025.0,37254100.0
2021-11-02 09:00:00+00:00,6025.0,6100.0,5900.0,5900.0,25293400.0
2021-11-03 09:00:00+00:00,5900.0,6025.0,5825.0,5975.0,90495000.0
2021-11-04 09:00:00+00:00,6075.0,6075.0,5950.0,5975.0,41774200.0
2021-11-05 09:00:00+00:00,5900.0,5975.0,5850.0,5925.0,80775400.0
2021-11-08 09:00:00+00:00,5925.0,6000.0,5900.0,5925.0,23177300.0
2021-11-09 09:00:00+00:00,5900.0,5950.0,5850.0,5850.0,41112200.0
2021-11-10 09:00:00+00:00,5925.0,6250.0,5875.0,6175.0,104312600.0
2021-11-11 09:00:00+00:00,6200.0,6250.0,6150.0,6175.0,51111700.0
2021-11-12 09:00:00+00:00,6200.0,6225.0,6075.0,6150.0,26920800.0
2021-11-15 09:00:00+00:00,6150.0,6175.0,6050.0,6125.0,22148900.0
2021-11-16 09:00:00+00:00,6125.0,6250.0,6100.0,6175.0,42681000.0
2021-11-17 09:00:00+00:00,6225.0,6250.0,6175.0,6250.0,49120900.0
2021-11-18 09:00:00+00:00,6250.0,6250.0,6175.0,6200.0,29629900.0
2021-11-19 09:00:00+00:00,6225.0,6250.0,6200.0,6225.0,37505200.0
2021-11-22 09:00:00+00:00,6250.0,6375.0,6125.0,6200.0,62612600.0
2021-11-23 09:00:00+00:00,6250.0,6300.0,6175.0,6250.0,31557400.0
2021-11-24 09:00:00+00:00,6275.0,6275.0,6200.0,6225.0,25645300.0
2021-11-25 09:00:00+00:00,6250.0,6300.0,6175.0,6225.0,32763500.0
2021-11-26 09:00:00+00:00,6200.0,6225.0,5875.0,5900.0,93634100.0
2021-11-29 09:00:00+00:00,5900.0,6000.0,5750.0,5975.0,87367400.0
2021-11-30 09:00:00+00:00,5950.0,5975.0,5750.0,5775.0,97592700.0
2021-12-01 09:00:00+00:00,5825.0,5850.0,5625.0,5650.0,102412800.0
2021-12-02 09:00:00+00:00,5650.0,5875.0,5600.0,5850.0,48422300.0
2021-12-03 09:00:00+00:00,5900.0,5925.0,5725.0,5750.0,31882900.0
2021-12-06 09:00:00+00:00,5750.0,5800.0,5650.0,5650.0,53112400.0
2021-12-07 09:00:00+00:00,5700.0,5925.0,5700.0,5925.0,39679500.0
2021-12-08 09:00:00+00:00,5925.0,5950.0,5775.0,5800.0,44189500.0
2021-12-09 09:00:00+00:00,5900.0,6000.0,5800.0,6000.0,35386900.0
2021-12-10 09:00:00+00:00,5950.0,5950.0,5800.0,5925.0,55629400.0
2021-12-13 09:00:00+00:00,5925.0,5975.0,5875.0,5900.0,30655800.0
2021-12-14 09:00:00+00:00,5925.0,5925.0,5850.0,5875.0,17233700.0
2021-12-15 09:00:00+00:00,5900.0,6050.0,5875.0,6000.0,51113700.0
2021-12-16 09:00:00+00:00,6025.0,6050.0,5800.0,5800.0,56929600.0
2021-12-17 09:00:00+00:00,5800.0,5825.0,5725.0,5800.0,55854900.0
2021-12-20 09:00:00+00:00,5750.0,5775.0,5675.0,5675.0,26290000.0
2021-12-21 09:00:00+00:00,5675.0,5750.0,5650.0,5650.0,29127800.0
2021-12-22 09:00:00+00:00,5700.0,5775.0,5625.0,5625.0,33727100.0
2021-12-23 09:00:00+00:00,5650.0,5750.0,5625.0,5725.0,21744100.0
2021-12-24 09:00:00+00:00,5725.0,5750.0,5650.0,5675.0,16203800.0
2021-12-27 09:00:00+00:00,5725.0,5750.0,5650.0,5675.0,20426700.0
2021-12-28 09:00:00+00:00,5675.0,5750.0,5650.0,5725.0,21833300.0
2021-12-29 09:00:00+00:00,5750.0,5775.0,5675.0,5750.0,14260000.0
2021-12-30 09:00:00+00:00,5775.0,5775.0,5700.0,5700.0,17144000.0
2022-01-03 09:00:00+00:00,5675.0,5750.0,5625.0,5725.0,27052300.0
2022-01-04 09:00:00+00:00,5750.0,5875.0,5725.0,5775.0,29770700.0
2022-01-05 09:00:00+00:00,5725.0,5775.0,5550.0,5575.0,50423900.0
2022-01-06 09:00:00+00:00,5600.0,5675.0,5575.0,5675.0,32155800.0
2022-01-07 09:00:00+00:00,5725.0,5750.0,5650.0,5700.0,25014800.0
2022-01-10 09:00:00+00:00,5675.0,5725.0,5650.0,5650.0,15379400.0
2022-01-11 09:00:00+00:00,5700.0,5700.0,5650.0,5700.0,21800300.0
2022-01-12 09:00:00+00:00,5725.0,5725.0,5650.0,5725.0,21283700.0
2022-01-13 09:00:00+00:00,5725.0,5775.0,5675.0,5775.0,18618100.0
2022-01-14 09:00:00+00:00,5775.0,5800.0,5700.0,5725.0,17719100.0
2022-01-17 09:00:00+00:00,5775.0,5775.0,5650.0,5675.0,15859100.0
2022-01-18 09:00:00+00:00,5675.0,5725.0,5575.0,5650.0,28165300.0
2022-01-19 09:00:00+00:00,5650.0,5675.0,5575.0,5600.0,38051800.0
2022-01-20 09:00:00+00:00,5600.0,5625.0,5500.0,5525.0,46564600.0
2022-01-21 09:00:00+00:00,5525.0,5625.0,5500.0,5600.0,40709600.0
2022-01-24 09:00:00+00:00,5600.0,5625.0,5525.0,5525.0,27127800.0
2022-01-25 09:00:00+00:00,5500.0,5500.0,5375.0,5450.0,56709200.0
2022-01-26 09:00:00+00:00,5500.0,5500.0,5425.0,5450.0,27985700.0
2022-01-27 09:00:00+00:00,5425.0,5525.0,5400.0,5475.0,34574800.0
2022-01-28 09:00:00+00:00,5475.0,5525.0,5450.0,5475.0,27378500.0
2022-01-31 09:00:00+00:00,5475.0,5550.0,5450.0,5475.0,32006300.0
2022-02-02 09:00:00+00:00,5500.0,5525.0,5425.0,5500.0,33450400.0
2022-02-03 09:00:00+00:00,5500.0,5550.0,5450.0,5500.0,38565600.0
2022-02-04 09:00:00+00:00,5525.0,5525.0,5475.0,5500.0,16052500.0
2022-02-07 09:00:00+00:00,5500.0,5525.0,5450.0,5475.0,46685400.0
2022-02-08 09:00:00+00:00,5525.0,5700.0,5500.0,5550.0,95691000.0
2022-02-09 09:00:00+00:00,5550.0,5650.0,5475.0,5550.0,80244900.0
2022-02-10 09:00:00+00:00,5575.0,5625.0,5450.0,5450.0,93265400.0
2022-02-11 09:00:00+00:00,5450.0,5475.0,5400.0,5450.0,36376700.0
2022-02-14 09:00:00+00:00,5400.0,5425.0,5250.0,5300.0,74307400.0
2022-02-15 09:00:00+00:00,5300.0,5525.0,5300.0,5500.0,77964800.0
2022-02-16 09:00:00+00:00,5550.0,5600.0,5475.0,5475.0,46730000.0
2022-02-17 09:00:00+00:00,5500.0,5525.0,5425.0,5475.0,47572000.0
2022-02-18 09:00:00+00:00,5450.0,5625.0,5425.0,5600.0,53981400.0
2022-02-21 09:00:00+00:00,5625.0,5650.0,5550.0,5575.0,27509200.0
2022-02-22 09:00:00+00:00,5525.0,5575.0,5450.0,5575.0,49233600.0
2022-02-23 09:00:00+00:00,5575.0,5650.0,5525.0,5650.0,44299100.0
2022-02-24 09:00:00+00:00,5625.0,5775.0,5525.0,5700.0,76492000.0
2022-02-25 09:00:00+00:00,5700.0,5800.0,5650.0,5800.0,97598000.0
2022-03-01 09:00:00+00:00,5800.0,5950.0,5700.0,5700.0,101227600.0
2022-03-02 09:00:00+00:00,5650.0,5700.0,5500.0,5525.0,80565600.0
2022-03-04 09:00:00+00:00,5575.0,5675.0,5525.0,5625.0,50348400.0
2022-03-07 09:00:00+00:00,5600.0,5825.0,5550.0,5800.0,59978000.0
2022-03-08 09:00:00+00:00,6000.0,6550.0,5975.0,6250.0,256655000.0
2022-03-09 09:00:00+00:00,6500.0,6500.0,6225.0,6300.0,107853200.0
2022-03-10 09:00:00+00:00,6300.0,6300.0,6150.0,6250.0,56584100.0
2022-03-11 09:00:00+00:00,6175.0,6300.0,6125.0,6275.0,32940500.0
2022-03-14 09:00:00+00:00,6350.0,6425.0,6300.0,6375.0,61811900.0
2022-03-15 09:00:00+00:00,6425.0,6450.0,6275.0,6300.0,57193600.0
2022-03-16 09:00:00+00:00,6325.0,6400.0,6300.0,6400.0,55776300.0
2022-03-17 09:00:00+00:00,6400.0,6475.0,6350.0,6425.0,53844700.0
2022-03-18 09:00:00+00:00,6450.0,6450.0,6325.0,6400.0,69493500.0
2022-03-21 09:00:00+00:00,6450.0,6600.0,6450.0,6600.0,72452300.0
2022-03-22 09:00:00+00:00,6600.0,6600.0,6500.0,6575.0,39260600.0
2022-03-23 09:00:00+00:00,6575.0,6575.0,6450.0,6475.0,27348900.0
2022-03-24 09:00:00+00:00,6425.0,6575.0,6425.0,6575.0,37635100.0
2022-03-25 09:00:00+00:00,6550.0,6575.0,6375.0,6400.0,42984300.0
2022-03-28 09:00:00+00:00,6400.0,6775.0,6400.0,6700.0,68545500.0
2022-03-29 09:00:00+00:00,6600.0,6700.0,6550.0,6550.0,24901500.0
2022-03-30 09:00:00+00:00,6550.0,6650.0,6500.0,6650.0,34320500.0
2022-03-31 09:00:00+00:00,6675.0,6675.0,6575.0,6575.0,41346500.0
2022-04-01 09:00:00+00:00,6775.0,6775.0,6625.0,6700.0,35365600.0
2022-04-04 09:00:00+00:00,6775.0,6825.0,6675.0,6825.0,29374100.0
2022-04-05 09:00:00+00:00,6825.0,6900.0,6725.0,6900.0,28581200.0
2022-04-06 09:00:00+00:00,6825.0,7000.0,6800.0,7000.0,48854700.0
2022-04-07 09:00:00+00:00,6950.0,7000.0,6850.0,6900.0,41492600.0
2022-04-08 09:00:00+00:00,7000.0,7075.0,6900.0,7000.0,55006300.0
2022-04-11 09:00:00+00:00,6975.0,7000.0,6750.0,6850.0,51481700.0
2022-04-12 09:00:00+00:00,6875.0,6950.0,6825.0,6950.0,41879800.0
2022-04-13 09:00:00+00:00,6950.0,7000.0,6875.0,6975.0,52818100.0
2022-04-14 09:00:00+00:00,6975.0,7050.0,6875.0,6875.0,23891600.0
2022-04-18 09:00:00+00:00,6900.0,7050.0,6900.0,7000.0,32962100.0
2022-04-19 09:00:00+00:00,7050.0,7050.0,6800.0,6900.0,29237600.0
2022-04-20 09:00:00+00:00,6900.0,6975.0,6825.0,6900.0,39881900.0
2022-04-21 09:00:00+00:00,6925.0,7100.0,6900.0,7000.0,51438900.0
2022-04-22 09:00:00+00:00,6975.0,7100.0,6875.0,7050.0,39795300.0
2022-04-25 09:00:00+00:00,7050.0,7150.0,6875.0,7075.0,52305700.0
2022-04-26 09:00:00+00:00,7100.0,7200.0,7000.0,7200.0,39223700.0
2022-04-27 09:00:00+00:00,7175.0,7200.0,7050.0,7125.0,34988500.0
2022-04-28 09:00:00+00:00,7250.0,7700.0,7225.0,7575.0,118152200.0
2022-05-09 09:00:00+00:00,7425.0,7425.0,7050.0,7050.0,81089600.0
2022-05-10 09:00:00+00:00,6650.0,7000.0,6625.0,7000.0,118477400.0
2022-05-11 09:00:00+00:00,7025.0,7225.0,6900.0,6900.0,71287600.0
2022-05-12 09:00:00+00:00,6900.0,7025.0,6725.0,6850.0,45587500.0
2022-05-13 09:00:00+00:00,6900.0,7225.0,6850.0,7125.0,73260300.0
2022-05-17 09:00:00+00:00,7250.0,7300.0,7000.0,7000.0,40279200.0
2022-05-18 09:00:00+00:00,6975.0,7200.0,6925.0,7100.0,44859900.0
2022-05-19 09:00:00+00:00,6925.0,7125.0,6850.0,7000.0,27558300.0
2022-05-20 09:00:00+00:00,7050.0,7200.0,7050.0,7125.0,37674800.0
2022-05-23 09:00:00+00:00,7125.0,7175.0,6825.0,6950.0,46368600.0
2022-05-24 09:00:00+00:00,7025.0,7200.0,7025.0,7150.0,52177200.0
2022-05-25 09:00:00+00:00,7100.0,7175.0,7050.0,7100.0,51200500.0
2022-05-27 09:00:00+00:00,7200.0,7300.0,7150.0,7225.0,34766600.0
2022-05-30 09:00:00+00:00,7275.0,7275.0,7125.0,7250.0,37147800.0
2022-05-31 09:00:00+00:00,7250.0,7475.0,7250.0,7350.0,90800300.0
2022-06-02 09:00:00+00:00,7300.0,7500.0,7250.0,7325.0,72733400.0
2022-06-03 09:00:00+00:00,7350.0,7475.0,7300.0,7300.0,43947400.0
2022-06-06 09:00:00+00:00,7200.0,7250.0,7075.0,7225.0,53388400.0
2022-06-07 09:00:00+00:00,7300.0,7400.0,7200.0,7200.0,54814500.0
2022-06-08 09:00:00+00:00,7150.0,7350.0,7150.0,7175.0,33478600.0
2022-06-09 09:00:00+00:00,7150.0,7350.0,7150.0,7200.0,37787500.0
2022-06-10 09:00:00+00:00,7100.0,7175.0,6925.0,6925.0,57621000.0
2022-06-13 09:00:00+00:00,6900.0,7100.0,6725.0,7025.0,59781700.0
2022-06-14 09:00:00+00:00,6875.0,7000.0,6875.0,6975.0,38001800.0
2022-06-15 09:00:00+00:00,6975.0,6975.0,6700.0,6700.0,50804600.0
2022-06-16 09:00:00+00:00,6850.0,6950.0,6750.0,6850.0,74982600.0
2022-06-17 09:00:00+00:00,6675.0,6950.0,6675.0,6950.0,63931400.0
2022-06-20 09:00:00+00:00,6950.0,6975.0,6750.0,6925.0,44263700.0
2022-06-21 09:00:00+00:00,6900.0,6975.0,6850.0,6850.0,31247000.0
2022-06-22 09:00:00+00:00,6850.0,6925.0,6775.0,6800.0,35536800.0
2022-06-23 09:00:00+00:00,6850.0,6875.0,6750.0,6875.0,30137200.0
2022-06-24 09:00:00+00:00,6900.0,6900.0,6650.0,6675.0,42386000.0
2022-06-27 09:00:00+00:00,6700.0,6750.0,6550.0,6650.0,48277300.0
2022-06-28 09:00:00+00:00,6650.0,6700.0,6600.0,6700.0,36838200.0
2022-06-29 09:00:00+00:00,6625.0,6700.0,6500.0,6500.0,46682700.0
2022-06-30 09:00:00+00:00,6525.0,6650.0,6500.0,6625.0,52839200.0
2022-07-01 09:00:00+00:00,6675.0,6675.0,6500.0,6525.0,52387100.0
2022-07-04 09:00:00+00:00,6500.0,6575.0,6300.0,6500.0,43087400.0
2022-07-05 09:00:00+00:00,6500.0,6525.0,6325.0,6325.0,39700000.0
2022-07-06 09:00:00+00:00,6300.0,6400.0,6050.0,6075.0,67773900.0
2022-07-07 09:00:00+00:00,6025.0,6125.0,5900.0,5950.0,62871600.0
2022-07-08 09:00:00+00:00,6025.0,6075.0,5950.0,5975.0,78131700.0
2022-07-11 09:00:00+00:00,5975.0,6075.0,5925.0,6050.0,49946600.0
2022-07-12 09:00:00+00:00,6050.0,6150.0,6050.0,6100.0,22900800.0
2022-07-13 09:00:00+00:00,6100.0,6100.0,5825.0,5825.0,56747900.0
2022-07-14 09:00:00+00:00,5825.0,6100.0,5825.0,6100.0,59847700.0
2022-07-15 09:00:00+00:00,6000.0,6075.0,5925.0,5950.0,32403800.0
2022-07-18 09:00:00+00:00,5975.0,6025.0,5950.0,6025.0,27618400.0
2022-07-19 09:00:00+00:00,6025.0,6150.0,6025.0,6075.0,50725600.0
2022-07-20 09:00:00+00:00,6175.0,6275.0,6100.0,6275.0,70493600.0
2022-07-21 09:00:00+00:00,6200.0,6250.0,6050.0,6175.0,55415500.0
2022-07-22 09:00:00+00:00,6175.0,6175.0,6050.0,6075.0,37583800.0
2022-07-25 09:00:00+00:00,6050.0,6150.0,6050.0,6075.0,24674200.0
2022-07-26 09:00:00+00:00,6100.0,6125.0,6075.0,6100.0,21937400.0
2022-07-27 09:00:00+00:00,6125.0,6125.0,6000.0,6100.0,35066000.0
2022-07-28 09:00:00+00:00,6125.0,6150.0,6025.0,6050.0,51909300.0
2022-07-29 09:00:00+00:00,6150.0,6425.0,6125.0,6325.0,150285200.0
2022-08-01 09:00:00+00:00,6425.0,6550.0,6350.0,6475.0,55511700.0
2022-08-02 09:00:00+00:00,6475.0,6475.0,6275.0,6475.0,53235100.0
2022-08-03 09:00:00+00:00,6450.0,6600.0,6375.0,6600.0,40666300.0
2022-08-04 09:00:00+00:00,6700.0,6700.0,6450.0,6600.0,66966300.0
2022-08-05 09:00:00+00:00,6600.0,6650.0,6475.0,6625.0,46702100.0
2022-08-08 09:00:00+00:00,6625.0,6700.0,6525.0,6700.0,32971000.0
2022-08-09 09:00:00+00:00,6725.0,6825.0,6700.0,6750.0,61001700.0
2022-08-10 09:00:00+00:00,6775.0,6850.0,6600.0,6850.0,37086500.0
2022-08-11 09:00:00+00:00,6975.0,7000.0,6900.0,6950.0,42007400.0
2022-08-12 09:00:00+00:00,6950.0,7000.0,6850.0,6950.0,58469000.0
2022-08-15 09:00:00+00:00,6925.0,6950.0,6800.0,6875.0,35283300.0
2022-08-16 09:00:00+00:00,6875.0,7050.0,6875.0,6975.0,61907800.0
2022-08-18 09:00:00+00:00,6975.0,7000.0,6850.0,6975.0,25190000.0
2022-08-19 09:00:00+00:00,6975.0,7000.0,6900.0,6975.0,32914500.0
2022-08-22 09:00:00+00:00,6875.0,6925.0,6800.0,6925.0,48266600.0
2022-08-23 09:00:00+00:00,6900.0,7025.0,6850.0,6975.0,56381000.0
2022-08-24 09:00:00+00:00,6925.0,7050.0,6900.0,7050.0,30605000.0
2022-08-25 09:00:00+00:00,7050.0,7050.0,6950.0,6975.0,22793800.0
2022-08-26 09:00:00+00:00,6975.0,7025.0,6850.0,6875.0,31120500.0
2022-08-29 09:00:00+00:00,6800.0,6900.0,6750.0,6825.0,29722100.0
2022-08-30 09:00:00+00:00,6850.0,7025.0,6850.0,6900.0,45566100.0
2022-08-31 09:00:00+00:00,6875.0,6975.0,6775.0,6975.0,55714900.0
2022-09-01 09:00:00+00:00,6975.0,7025.0,6900.0,6925.0,36691900.0
2022-09-02 09:00:00+00:00,6950.0,7000.0,6875.0,6925.0,26077700.0
2022-09-05 09:00:00+00:00,6900.0,6925.0,6850.0,6875.0,24953800.0
2022-09-06 09:00:00+00:00,6875.0,6950.0,6850.0,6900.0,18626800.0
2022-09-07 09:00:00+00:00,6800.0,6875.0,6625.0,6650.0,77218400.0
2022-09-08 09:00:00+00:00,6650.0,6750.0,6625.0,6650.0,39405200.0
2022-09-09 09:00:00+00:00,6675.0,6775.0,6625.0,6775.0,31904200.0
2022-09-12 09:00:00+00:00,6775.0,6975.0,6725.0,6975.0,51563200.0
2022-09-13 09:00:00+00:00,7025.0,7225.0,6950.0,7200.0,70555900.0
2022-09-14 09:00:00+00:00,7100.0,7300.0,7050.0,7150.0,56832100.0
2022-09-15 09:00:00+00:00,7125.0,7225.0,7050.0,7050.0,63346200.0
2022-09-16 09:00:00+00:00,7000.0,7050.0,6900.0,6900.0,65885100.0
2022-09-19 09:00:00+00:00,6950.0,7225.0,6925.0,7125.0,52232700.0
2022-09-20 09:00:00+00:00,7150.0,7250.0,7100.0,7175.0,47337700.0
2022-09-21 09:00:00+00:00,7125.0,7200.0,7100.0,7150.0,26007500.0
2022-09-22 09:00:00+00:00,7025.0,7225.0,7000.0,7175.0,26295200.0
2022-09-23 09:00:00+00:00,7100.0,7175.0,7050.0,7150.0,22258800.0
2022-09-26 09:00:00+00:00,7000.0,7025.0,6850.0,6975.0,61422800.0
2022-09-27 09:00:00+00:00,7000.0,7050.0,6950.0,6950.0,42809400.0
2022-09-28 09:00:00+00:00,6950.0,7000.0,6800.0,6800.0,50825400.0
2022-09-29 09:00:00+00:00,6850.0,6900.0,6700.0,6775.0,36653400.0
2022-09-30 09:00:00+00:00,6700.0,6750.0,6600.0,6625.0,71017400.0
2022-10-03 09:00:00+00:00,6650.0,6700.0,6600.0,6625.0,27280600.0
2022-10-04 09:00:00+00:00,6725.0,6800.0,6700.0,6725.0,33322400.0
2022-10-05 09:00:00+00:00,6800.0,6825.0,6675.0,6675.0,31019300.0
2022-10-06 09:00:00+00:00,6675.0,6750.0,6600.0,6600.0,37002600.0
2022-10-07 09:00:00+00:00,6550.0,6575.0,6450.0,6475.0,54850200.0
2022-10-10 09:00:00+00:00,6425.0,6525.0,6375.0,6500.0,34319700.0
2022-10-11 09:00:00+00:00,6400.0,6575.0,6400.0,6525.0,35320000.0
2022-10-12 09:00:00+00:00,6450.0,6475.0,6350.0,6350.0,72794100.0
2022-10-13 09:00:00+00:00,6375.0,6400.0,6275.0,6350.0,44281200.0
2022-10-14 09:00:00+00:00,6500.0,6500.0,6350.0,6350.0,45496900.0
2022-10-17 09:00:00+00:00,6325.0,6525.0,6200.0,6425.0,50710300.0
2022-10-18 09:00:00+00:00,6450.0,6500.0,6350.0,6350.0,42600400.0
2022-10-19 09:00:00+00:00,6425.0,6525.0,6400.0,6525.0,25542800.0
2022-10-20 09:00:00+00:00,6500.0,6525.0,6400.0,6425.0,32226200.0
2022-10-21 09:00:00+00:00,6475.0,6675.0,6450.0,6575.0,52148500.0
2022-10-24 09:00:00+00:00,6575.0,6700.0,6575.0,6650.0,37202900.0
2022-10-25 09:00:00+00:00,6700.0,6700.0,6600.0,6700.0,37836000.0
2022-10-26 09:00:00+00:00,6700.0,6700.0,6575.0,6575.0,36289700.0
2022-10-27 09:00:00+00:00,6575.0,6675.0,6525.0,6650.0,30429800.0
2022-10-28 09:00:00+00:00,6650.0,6650.0,6500.0,6550.0,28492900.0
2022-10-31 09:00:00+00:00,6550.0,6650.0,6550.0,6650.0,45774000.0
2022-11-01 09:00:00+00:00,6650.0,6675.0,6475.0,6575.0,59240700.0
2022-11-02 09:00:00+00:00,6525.0,6550.0,6375.0,6425.0,59695600.0
2022-11-03 09:00:00+00:00,6375.0,6425.0,6350.0,6375.0,29905800.0
2022-11-04 09:00:00+00:00,6350.0,6425.0,6350.0,6425.0,60465200.0
2022-11-07 09:00:00+00:00,6425.0,6500.0,6425.0,6500.0,41824000.0
2022-11-08 09:00:00+00:00,6500.0,6525.0,6450.0,6525.0,35241500.0
2022-11-09 09:00:00+00:00,6525.0,6550.0,6475.0,6550.0,45144800.0
2022-11-10 09:00:00+00:00,6550.0,6550.0,6450.0,6525.0,33770400.0
2022-11-11 09:00:00+00:00,6600.0,6625.0,6450.0,6450.0,50938200.0
2022-11-14 09:00:00+00:00,6450.0,6475.0,6300.0,6300.0,46011200.0
2022-11-15 09:00:00+00:00,6300.0,6350.0,6200.0,6225.0,65536000.0
2022-11-16 09:00:00+00:00,6175.0,6200.0,6100.0,6175.0,60298900.0
2022-11-17 09:00:00+00:00,6200.0,6300.0,6050.0,6300.0,35165100.0
2022-11-18 09:00:00+00:00,6275.0,6300.0,6200.0,6225.0,29302300.0
2022-11-21 09:00:00+00:00,6275.0,6350.0,6250.0,6325.0,19074900.0
2022-11-22 09:00:00+00:00,6325.0,6350.0,6225.0,6225.0,33102700.0
2022-11-23 09:00:00+00:00,6275.0,6300.0,6200.0,6200.0,30863200.0
2022-11-24 09:00:00+00:00,6200.0,6275.0,6200.0,6200.0,21534300.0
2022-11-25 09:00:00+00:00,6175.0,6200.0,6125.0,6175.0,40948100.0
2022-11-28 09:00:00+00:00,6175.0,6275.0,6150.0,6225.0,37901700.0
2022-11-29 09:00:00+00:00,6125.0,6150.0,6025.0,6050.0,121505900.0
2022-11-30 09:00:00+00:00,6050.0,6200.0,6025.0,6050.0,191276100.0
2022-12-01 09:00:00+00:00,6100.0,6200.0,6100.0,6175.0,88307900.0
2022-12-02 09:00:00+00:00,6175.0,6175.0,6050.0,6125.0,51843800.0
2022-12-05 09:00:00+00:00,6075.0,6100.0,6000.0,6025.0,64357800.0
2022-12-06 09:00:00+00:00,6000.0,6025.0,5800.0,5875.0,69873000.0
2022-12-07 09:00:00+00:00,5800.0,5900.0,5700.0,5725.0,116677600.0
2022-12-08 09:00:00+00:00,5650.0,5800.0,5550.0,5675.0,161238600.0
2022-12-09 09:00:00+00:00,5700.0,5750.0,5650.0,5675.0,55355700.0
2022-12-12 09:00:00+00:00,5675.0,5725.0,5625.0,5675.0,92687900.0
2022-12-13 09:00:00+00:00,5700.0,5900.0,5675.0,5825.0,113893000.0
2022-12-14 09:00:00+00:00,5925.0,5950.0,5775.0,5825.0,78775300.0
2022-12-15 09:00:00+00:00,5825.0,5850.0,5750.0,5800.0,61581800.0
2022-12-16 09:00:00+00:00,5775.0,5800.0,5700.0,5775.0,95271600.0
2022-12-19 09:00:00+00:00,5850.0,5850.0,5650.0,5700.0,57531200.0
2022-12-20 09:00:00+00:00,5675.0,5750.0,5675.0,5700.0,25876100.0
2022-12-21 09:00:00+00:00,5700.0,5725.0,5650.0,5700.0,34940600.0
2022-12-22 09:00:00+00:00,5700.0,5775.0,5675.0,5775.0,32103400.0
2022-12-23 09:00:00+00:00,5750.0,5775.0,5650.0,5675.0,31969000.0
2022-12-26 09:00:00+00:00,5675.0,5725.0,5625.0,5650.0,13540500.0
2022-12-27 09:00:00+00:00,5700.0,5750.0,5650.0,5675.0,13680300.0
2022-12-28 09:00:00+00:00,5725.0,5725.0,5575.0,5625.0,29919100.0
2022-12-29 09:00:00+00:00,5600.0,5675.0,5550.0,5650.0,32241500.0
2022-12-30 09:00:00+00:00,5675.0,5750.0,5650.0,5700.0,36384500.0
2023-01-02 09:00:00+00:00,5725.0,5725.0,5625.0,5700.0,12068800.0
2023-01-03 09:00:00+00:00,5675.0,5700.0,5625.0,5650.0,22854400.0
2023-01-04 09:00:00+00:00,5650.0,5700.0,5625.0,5675.0,32578900.0
2023-01-05 09:00:00+00:00,5650.0,5700.0,5375.0,5375.0,106047000.0
2023-01-06 09:00:00+00:00,5400.0,5525.0,5350.0,5450.0,59754600.0
2023-01-09 09:00:00+00:00,5500.0,5500.0,5275.0,5350.0,63437700.0
2023-01-10 09:00:00+00:00,5375.0,5375.0,5275.0,5325.0,62964600.0
2023-01-11 09:00:00+00:00,5325.0,5350.0,5200.0,5225.0,45514800.0
2023-01-12 09:00:00+00:00,5200.0,5375.0,5200.0,5350.0,61374300.0
2023-01-13 09:00:00+00:00,5375.0,5500.0,5300.0,5450.0,52039800.0
2023-01-16 09:00:00+00:00,5525.0,5600.0,5475.0,5600.0,48458700.0
2023-01-17 09:00:00+00:00,5600.0,5650.0,5500.0,5550.0,66999600.0
2023-01-18 09:00:00+00:00,5550.0,5650.0,5550.0,5650.0,28120700.0
2023-01-19 09:00:00+00:00,5650.0,5875.0,5650.0,5850.0,95543300.0
2023-01-20 09:00:00+00:00,5875.0,5900.0,5775.0,5900.0,54173000.0
2023-01-24 09:00:00+00:00,5900.0,5950.0,5850.0,5925.0,26217800.0
2023-01-25 09:00:00+00:00,5900.0,5950.0,5850.0,5950.0,18115800.0
2023-01-26 09:00:00+00:00,5925.0,5950.0,5850.0,5900.0,40168400.0
2023-01-27 09:00:00+00:00,5925.0,5950.0,5875.0,5875.0,31869800.0
2023-01-30 09:00:00+00:00,5875.0,5900.0,5775.0,5875.0,34817500.0
2023-01-31 09:00:00+00:00,5925.0,6025.0,5900.0,6000.0,89064100.0
2023-02-01 09:00:00+00:00,6000.0,6000.0,5925.0,6000.0,35355300.0
2023-02-02 09:00:00+00:00,5950.0,5975.0,5875.0,5925.0,30039900.0
2023-02-03 09:00:00+00:00,5975.0,5975.0,5875.0,5875.0,24629700.0
2023-02-06 09:00:00+00:00,5875.0,5900.0,5825.0,5850.0,31033700.0
2023-02-07 09:00:00+00:00,5825.0,5925.0,5825.0,5875.0,29536700.0
2023-02-08 09:00:00+00:00,5875.0,5900.0,5775.0,5800.0,27235100.0
2023-02-09 09:00:00+00:00,5825.0,5850.0,5675.0,5675.0,48263600.0
2023-02-10 09:00:00+00:00,5600.0,5700.0,5550.0,5700.0,71158200.0
2023-02-13 09:00:00+00:00,5700.0,5750.0,5675.0,5725.0,22154800.0
2023-02-14 09:00:00+00:00,5750.0,5800.0,5700.0,5725.0,31292000.0
2023-02-15 09:00:00+00:00,5725.0,5725.0,5575.0,5675.0,38862100.0
2023-02-16 09:00:00+00:00,5700.0,5700.0,5625.0,5700.0,19014100.0
2023-02-17 09:00:00+00:00,5700.0,5725.0,5625.0,5675.0,31273200.0
2023-02-20 09:00:00+00:00,5675.0,5700.0,5575.0,5600.0,29576500.0
2023-02-21 09:00:00+00:00,5600.0,5650.0,5550.0,5575.0,26985200.0
2023-02-22 09:00:00+00:00,5550.0,5650.0,5550.0,5625.0,24822300.0
2023-02-23 09:00:00+00:00,5650.0,5700.0,5575.0,5650.0,33406700.0
2023-02-24 09:00:00+00:00,5675.0,5800.0,5650.0,5750.0,30869400.0
2023-02-27 09:00:00+00:00,5725.0,5800.0,5700.0,5800.0,28650400.0
2023-02-28 09:00:00+00:00,6200.0,6275.0,6100.0,6100.0,154669700.0
2023-03-01 09:00:00+00:00,6100.0,6175.0,6050.0,6150.0,49851200.0
2023-03-02 09:00:00+00:00,6150.0,6175.0,6075.0,6150.0,26943600.0
2023-03-03 09:00:00+00:00,6150.0,6150.0,6025.0,6050.0,32818500.0
2023-03-06 09:00:00+00:00,6100.0,6125.0,6050.0,6075.0,22141000.0
2023-03-07 09:00:00+00:00,6050.0,6075.0,5900.0,5950.0,41630000.0
2023-03-08 09:00:00+00:00,5900.0,5975.0,5875.0,5925.0,40374900.0
2023-03-09 09:00:00+00:00,5975.0,6050.0,5950.0,6025.0,23104400.0
2023-03-10 09:00:00+00:00,5975.0,6000.0,5900.0,5975.0,33330500.0
2023-03-13 09:00:00+00:00,5900.0,5975.0,5850.0,5925.0,28402600.0
2023-03-14 09:00:00+00:00,5900.0,5925.0,5750.0,5775.0,56988600.0
2023-03-15 09:00:00+00:00,5850.0,5875.0,5775.0,5775.0,40170800.0
2023-03-16 09:00:00+00:00,5775.0,5875.0,5675.0,5850.0,33947700.0
2023-03-17 09:00:00+00:00,5875.0,5925.0,5850.0,5850.0,74811900.0
2023-03-20 09:00:00+00:00,5850.0,5900.0,5800.0,5875.0,22146000.0
2023-03-21 09:00:00+00:00,5850.0,5975.0,5850.0,5875.0,40671600.0
2023-03-24 09:00:00+00:00,5925.0,6000.0,5900.0,5950.0,60721800.0
2023-03-27 09:00:00+00:00,5950.0,5975.0,5875.0,5875.0,32493100.0
2023-03-28 09:00:00+00:00,5900.0,5925.0,5850.0,5850.0,42944400.0
2023-03-29 09:00:00+00:00,5850.0,6050.0,5850.0,5950.0,81945000.0
2023-03-30 09:00:00+00:00,5975.0,5975.0,5900.0,5900.0,40174400.0
2023-03-31 09:00:00+00:00,5950.0,6025.0,5925.0,6000.0,40364100.0
2023-04-03 09:00:00+00:00,6050.0,6100.0,5975.0,6000.0,44636200.0
2023-04-04 09:00:00+00:00,6025.0,6050.0,5950.0,6025.0,35612700.0
2023-04-05 09:00:00+00:00,6025.0,6050.0,5975.0,6000.0,27556300.0
2023-04-06 09:00:00+00:00,6000.0,6000.0,5925.0,5925.0,32964500.0
2023-04-10 09:00:00+00:00,5950.0,5975.0,5875.0,5975.0,40039500.0
2023-04-11 09:00:00+00:00,5950.0,6100.0,5925.0,6075.0,37545800.0
2023-04-12 09:00:00+00:00,6150.0,6300.0,6125.0,6250.0,126817700.0
2023-04-13 09:00:00+00:00,6225.0,6275.0,6175.0,6250.0,35138600.0
2023-04-14 09:00:00+00:00,6275.0,6300.0,6200.0,6200.0,45556300.0
2023-04-17 09:00:00+00:00,6200.0,6275.0,6200.0,6225.0,33965200.0
2023-04-18 09:00:00+00:00,6275.0,6475.0,6275.0,6425.0,101792500.0
2023-04-26 09:00:00+00:00,6625.0,6700.0,6500.0,6700.0,182919200.0
2023-04-27 09:00:00+00:00,6675.0,6725.0,6625.0,6700.0,45762900.0
2023-04-28 09:00:00+00:00,6700.0,6750.0,6675.0,6750.0,64976400.0
2023-05-02 09:00:00+00:00,6775.0,6775.0,6600.0,6675.0,62972600.0
2023-05-03 09:00:00+00:00,6700.0,6725.0,6550.0,6625.0,106341300.0
2023-05-04 09:00:00+00:00,6600.0,6625.0,6550.0,6600.0,132167800.0
2023-05-05 09:00:00+00:00,6150.0,6150.0,6150.0,6150.0,82270600.0
2023-05-08 09:00:00+00:00,6150.0,6175.0,6050.0,6125.0,95087500.0
2023-05-09 09:00:00+00:00,6125.0,6325.0,6075.0,6325.0,96938100.0
2023-05-10 09:00:00+00:00,6350.0,6425.0,6300.0,6325.0,52404700.0
2023-05-11 09:00:00+00:00,6350.0,6350.0,6175.0,6250.0,39596900.0
2023-05-12 09:00:00+00:00,6225.0,6275.0,6175.0,6225.0,67576500.0
2023-05-15 09:00:00+00:00,6275.0,6350.0,6175.0,6350.0,42039400.0
2023-05-16 09:00:00+00:00,6350.0,6400.0,6250.0,6275.0,19445400.0
2023-05-17 09:00:00+00:00,6350.0,6350.0,6275.0,6325.0,29480000.0
2023-05-19 09:00:00+00:00,6400.0,6550.0,6350.0,6475.0,75548600.0
2023-05-22 09:00:00+00:00,6525.0,6650.0,6425.0,6600.0,63793800.0
2023-05-23 09:00:00+00:00,6600.0,6650.0,6550.0,6600.0,49261900.0
2023-05-24 09:00:00+00:00,6575.0,6675.0,6500.0,6675.0,54136600.0
2023-05-25 09:00:00+00:00,6700.0,6700.0,6525.0,6600.0,43564900.0
2023-05-26 09:00:00+00:00,6600.0,6600.0,6525.0,6600.0,25356200.0
2023-05-29 09:00:00+00:00,6625.0,6625.0,6475.0,6600.0,27939400.0
2023-05-30 09:00:00+00:00,6575.0,6600.0,6500.0,6500.0,23340800.0
2023-05-31 09:00:00+00:00,6500.0,6600.0,6450.0,6450.0,154796300.0
2023-06-05 09:00:00+00:00,6525.0,7000.0,6500.0,6825.0,200252000.0
2023-06-06 09:00:00+00:00,6800.0,6925.0,6750.0,6800.0,65282100.0
2023-06-07 09:00:00+00:00,6800.0,6850.0,6675.0,6800.0,81991400.0
2023-06-08 09:00:00+00:00,6725.0,6775.0,6700.0,6775.0,32704900.0
2023-06-09 09:00:00+00:00,6750.0,6800.0,6700.0,6800.0,24893400.0
2023-06-12 09:00:00+00:00,6800.0,6800.0,6675.0,6775.0,37558000.0
2023-06-13 09:00:00+00:00,6775.0,6825.0,6750.0,6750.0,23911800.0
2023-06-14 09:00:00+00:00,6750.0,6900.0,6750.0,6900.0,34146100.0
2023-06-15 09:00:00+00:00,6900.0,6900.0,6825.0,6875.0,16414000.0
2023-06-16 09:00:00+00:00,6850.0,6875.0,6775.0,6850.0,63892800.0
2023-06-19 09:00:00+00:00,6800.0,6875.0,6775.0,6875.0,12514200.0
2023-06-20 09:00:00+00:00,6825.0,6850.0,6775.0,6800.0,24394300.0
2023-06-21 09:00:00+00:00,6775.0,6975.0,6750.0,6925.0,37629300.0
2023-06-22 09:00:00+00:00,6875.0,6900.0,6775.0,6775.0,51199300.0
2023-06-23 09:00:00+00:00,6775.0,6825.0,6700.0,6775.0,32156800.0
2023-06-26 09:00:00+00:00,6800.0,6900.0,6775.0,6800.0,31726400.0
2023-06-27 09:00:00+00:00,6800.0,6850.0,6775.0,6775.0,36422700.0
2023-07-03 09:00:00+00:00,6775.0,6825.0,6750.0,6825.0,37348600.0
2023-07-04 09:00:00+00:00,6825.0,6825.0,6700.0,6775.0,20047800.0
2023-07-05 09:00:00+00:00,6775.0,6775.0,6700.0,6775.0,34751800.0
2023-07-06 09:00:00+00:00,6775.0,6800.0,6750.0,6800.0,35473800.0
2023-07-07 09:00:00+00:00,6775.0,6825.0,6750.0,6825.0,28755500.0
2023-07-10 09:00:00+00:00,6825.0,6825.0,6775.0,6775.0,15301300.0
2023-07-11 09:00:00+00:00,6775.0,6800.0,6750.0,6800.0,32949200.0
2023-07-12 09:00:00+00:00,6775.0,6825.0,6750.0,6775.0,29210200.0
2023-07-13 09:00:00+00:00,6775.0,6825.0,6750.0,6800.0,31298400.0
2023-07-14 09:00:00+00:00,6775.0,6825.0,6700.0,6750.0,56060600.0
2023-07-17 09:00:00+00:00,6750.0,6775.0,6675.0,6675.0,41698600.0
2023-07-18 09:00:00+00:00,6675.0,6700.0,6475.0,6575.0,68904700.0
2023-07-20 09:00:00+00:00,6575.0,6575.0,6450.0,6525.0,64069100.0
2023-07-21 09:00:00+00:00,6500.0,6525.0,6375.0,6450.0,64037700.0
2023-07-24 09:00:00+00:00,6400.0,6600.0,6400.0,6550.0,40830500.0
2023-07-25 09:00:00+00:00,6600.0,6625.0,6500.0,6500.0,23958900.0
2023-07-26 09:00:00+00:00,6575.0,6625.0,6500.0,6600.0,38599800.0
2023-07-27 09:00:00+00:00,6600.0,6600.0,6500.0,6525.0,27816700.0
2023-07-28 09:00:00+00:00,6500.0,6625.0,6475.0,6625.0,28288300.0
2023-07-31 09:00:00+00:00,6750.0,6950.0,6725.0,6850.0,87828900.0
2023-08-01 09:00:00+00:00,6875.0,6900.0,6800.0,6875.0,29425300.0
2023-08-02 09:00:00+00:00,6825.0,6850.0,6775.0,6850.0,29463700.0
2023-08-03 09:00:00+00:00,6800.0,6900.0,6775.0,6825.0,29272000.0
2023-08-04 09:00:00+00:00,6825.0,6850.0,6750.0,6800.0,16646300.0
2023-08-07 09:00:00+00:00,6825.0,6900.0,6750.0,6875.0,32608000.0
2023-08-08 09:00:00+00:00,6850.0,6900.0,6825.0,6850.0,16515100.0
2023-08-09 09:00:00+00:00,6850.0,6875.0,6825.0,6875.0,13781700.0
2023-08-10 09:00:00+00:00,6850.0,6875.0,6750.0,6750.0,32076700.0
2023-08-11 09:00:00+00:00,6750.0,6775.0,6650.0,6750.0,42320900.0
2023-08-14 09:00:00+00:00,6700.0,6800.0,6700.0,6800.0,27616200.0
2023-08-15 09:00:00+00:00,6725.0,6775.0,6675.0,6725.0,32385400.0
2023-08-16 09:00:00+00:00,6675.0,6750.0,6650.0,6750.0,24913200.0
2023-08-18 09:00:00+00:00,6675.0,6700.0,6500.0,6525.0,69001300.0
2023-08-21 09:00:00+00:00,6525.0,6550.0,6425.0,6475.0,34702500.0
2023-08-22 09:00:00+00:00,6450.0,6600.0,6450.0,6550.0,37704700.0
2023-08-23 09:00:00+00:00,6550.0,6600.0,6525.0,6550.0,27624900.0
2023-08-24 09:00:00+00:00,6550.0,6600.0,6475.0,6475.0,33278500.0
2023-08-25 09:00:00+00:00,6475.0,6500.0,6400.0,6450.0,35673300.0
2023-08-28 09:00:00+00:00,6500.0,6500.0,6400.0,6425.0,14871100.0
2023-08-29 09:00:00+00:00,6450.0,6450.0,6375.0,6400.0,29937800.0
2023-08-30 09:00:00+00:00,6450.0,6525.0,6400.0,6450.0,41993300.0
2023-08-31 09:00:00+00:00,6450.0,6475.0,6400.0,6450.0,44502000.0
2023-09-01 09:00:00+00:00,6475.0,6575.0,6475.0,6550.0,26069500.0
2023-09-04 09:00:00+00:00,6575.0,6600.0,6525.0,6600.0,17384000.0
2023-09-05 09:00:00+00:00,6600.0,6650.0,6550.0,6600.0,23070700.0
2023-09-06 09:00:00+00:00,6575.0,6625.0,6525.0,6525.0,18421300.0
2023-09-07 09:00:00+00:00,6475.0,6500.0,6350.0,6400.0,49921600.0
2023-09-08 09:00:00+00:00,6450.0,6450.0,6350.0,6400.0,32416900.0
2023-09-11 09:00:00+00:00,6400.0,6425.0,6300.0,6375.0,33422100.0
2023-09-12 09:00:00+00:00,6375.0,6375.0,6300.0,6300.0,30225600.0
2023-09-13 09:00:00+00:00,6325.0,6325.0,6225.0,6300.0,40040900.0
2023-09-14 09:00:00+00:00,6325.0,6375.0,6250.0,6325.0,40259300.0
2023-09-15 09:00:00+00:00,6250.0,6325.0,6200.0,6300.0,132198700.0
2023-09-18 09:00:00+00:00,6275.0,6325.0,6250.0,6300.0,35517300.0
2023-09-19 09:00:00+00:00,6300.0,6375.0,6275.0,6350.0,31439200.0
2023-09-20 09:00:00+00:00,6350.0,6400.0,6300.0,6300.0,39764900.0
2023-09-21 09:00:00+00:00,6300.0,6325.0,6200.0,6200.0,46231100.0
2023-09-22 09:00:00+00:00,6200.0,6275.0,6175.0,6200.0,30610900.0
2023-09-25 09:00:00+00:00,6225.0,6275.0,6200.0,6250.0,32700500.0
2023-09-26 09:00:00+00:00,6225.0,6300.0,6200.0,6200.0,43217400.0
2023-09-27 09:00:00+00:00,6200.0,6250.0,6125.0,6150.0,31688400.0
2023-09-29 09:00:00+00:00,6250.0,6275.0,6200.0,6225.0,20902300.0
2023-10-02 09:00:00+00:00,6275.0,6350.0,6250.0,6275.0,23884400.0
2023-10-03 09:00:00+00:00,6275.0,6275.0,6200.0,6200.0,25350100.0
2023-10-04 09:00:00+00:00,6175.0,6200.0,6050.0,6075.0,55496200.0
2023-10-05 09:00:00+00:00,6125.0,6175.0,6025.0,6025.0,55924900.0
2023-10-06 09:00:00+00:00,6050.0,6150.0,6050.0,6075.0,18104300.0
2023-10-09 09:00:00+00:00,6150.0,6225.0,6100.0,6125.0,43718300.0
2023-10-10 09:00:00+00:00,6175.0,6175.0,6050.0,6050.0,36797700.0
2023-10-11 09:00:00+00:00,6075.0,6125.0,6050.0,6050.0,45959600.0
2023-10-12 09:00:00+00:00,6000.0,6025.0,5950.0,5950.0,71954600.0
2023-10-13 09:00:00+00:00,6000.0,6025.0,5950.0,5975.0,32794800.0
2023-10-16 09:00:00+00:00,5925.0,5975.0,5825.0,5850.0,52414600.0
2023-10-17 09:00:00+00:00,5875.0,5925.0,5850.0,5850.0,40295600.0
2023-10-18 09:00:00+00:00,5850.0,6000.0,5825.0,5825.0,53751300.0
2023-10-19 09:00:00+00:00,5825.0,5850.0,5700.0,5725.0,60258300.0
2023-10-20 09:00:00+00:00,5675.0,5750.0,5650.0,5700.0,56606100.0
2023-10-23 09:00:00+00:00,5725.0,5750.0,5600.0,5600.0,57516800.0
2023-10-24 09:00:00+00:00,5600.0,5850.0,5600.0,5800.0,57283100.0
2023-10-25 09:00:00+00:00,5825.0,5925.0,5775.0,5775.0,51542400.0
2023-10-26 09:00:00+00:00,5775.0,5800.0,5675.0,5725.0,18969800.0
2023-10-27 09:00:00+00:00,5750.0,5775.0,5725.0,5725.0,35328800.0
2023-10-30 09:00:00+00:00,5750.0,5825.0,5675.0,5800.0,17820800.0
2023-10-31 09:00:00+00:00,5850.0,5900.0,5775.0,5775.0,46118000.0
2023-11-01 09:00:00+00:00,5900.0,6000.0,5800.0,5800.0,91836500.0
2023-11-02 09:00:00+00:00,5850.0,5900.0,5800.0,5800.0,46166200.0
2023-11-03 09:00:00+00:00,5850.0,5925.0,5825.0,5900.0,43395900.0
2023-11-06 09:00:00+00:00,5925.0,5950.0,5900.0,5925.0,29757300.0
2023-11-07 09:00:00+00:00,5925.0,5950.0,5775.0,5825.0,30298200.0
2023-11-08 09:00:00+00:00,5800.0,5825.0,5675.0,5725.0,38367700.0
2023-11-09 09:00:00+00:00,5775.0,5825.0,5725.0,5750.0,20420100.0
2023-11-10 09:00:00+00:00,5725.0,5775.0,5725.0,5775.0,15229800.0
2023-11-13 09:00:00+00:00,5825.0,5825.0,5650.0,5650.0,24673700.0
2023-11-14 09:00:00+00:00,5675.0,5725.0,5650.0,5675.0,12066000.0
2023-11-15 09:00:00+00:00,5750.0,5850.0,5700.0,5750.0,34814300.0
2023-11-16 09:00:00+00:00,5750.0,5825.0,5725.0,5825.0,17422800.0
2023-11-17 09:00:00+00:00,5800.0,5825.0,5700.0,5700.0,27116700.0
2023-11-20 09:00:00+00:00,5725.0,5850.0,5700.0,5800.0,22940000.0
2023-11-21 09:00:00+00:00,5800.0,5850.0,5750.0,5775.0,17153300.0
2023-11-22 09:00:00+00:00,5775.0,5775.0,5650.0,5675.0,36329500.0
2023-11-23 09:00:00+00:00,5675.0,5725.0,5675.0,5700.0,43425400.0
2023-11-24 09:00:00+00:00,5700.0,5750.0,5700.0,5725.0,9347300.0
2023-11-27 09:00:00+00:00,5725.0,5750.0,5600.0,5625.0,63360900.0
2023-11-28 09:00:00+00:00,5675.0,5675.0,5550.0,5550.0,86907600.0
2023-11-29 09:00:00+00:00,5600.0,5650.0,5525.0,5525.0,75070800.0
2023-11-30 09:00:00+00:00,5575.0,5575.0,5400.0,5400.0,161684600.0
2023-12-01 09:00:00+00:00,5450.0,5750.0,5450.0,5750.0,145374400.0
2023-12-04 09:00:00+00:00,5750.0,5825.0,5725.0,5750.0,57590700.0
2023-12-05 09:00:00+00:00,5775.0,5800.0,5675.0,5725.0,25787200.0
2023-12-06 09:00:00+00:00,5700.0,5825.0,5700.0,5725.0,41363700.0
2023-12-07 09:00:00+00:00,5750.0,5750.0,5600.0,5675.0,40599000.0
2023-12-08 09:00:00+00:00,5675.0,5700.0,5625.0,5675.0,26972000.0
2023-12-11 09:00:00+00:00,5650.0,5675.0,5525.0,5600.0,39510200.0
2023-12-12 09:00:00+00:00,5675.0,5675.0,5550.0,5575.0,19272900.0
2023-12-13 09:00:00+00:00,5550.0,5600.0,5525.0,5525.0,31196600.0
2023-12-14 09:00:00+00:00,5600.0,5650.0,5575.0,5625.0,65510200.0
2023-12-15 09:00:00+00:00,5625.0,5700.0,5600.0,5650.0,93580400.0
2023-12-18 09:00:00+00:00,5650.0,5650.0,5550.0,5600.0,39134200.0
2023-12-19 09:00:00+00:00,5625.0,5650.0,5600.0,5625.0,33668300.0
2023-12-20 09:00:00+00:00,5650.0,5700.0,5625.0,5625.0,27178500.0
2023-12-21 09:00:00+00:00,5600.0,5600.0,5475.0,5550.0,114749900.0
2023-12-22 09:00:00+00:00,5550.0,5600.0,5500.0,5550.0,38055800.0
2023-12-27 09:00:00+00:00,5550.0,5575.0,5500.0,5550.0,34332400.0
2023-12-28 09:00:00+00:00,5575.0,5600.0,5550.0,5600.0,31643200.0
2023-12-29 09:00:00+00:00,5600.0,5675.0,5575.0,5650.0,36245000.0
2024-01-02 09:00:00+00:00,5625.0,5700.0,5575.0,5700.0,36479600.0
2024-01-03 09:00:00+00:00,5700.0,5700.0,5600.0,5600.0,37187300.0
2024-01-04 09:00:00+00:00,5600.0,5750.0,5600.0,5700.0,52008000.0
2024-01-05 09:00:00+00:00,5725.0,5750.0,5625.0,5625.0,39167600.0
2024-01-08 09:00:00+00:00,5625.0,5675.0,5550.0,5575.0,39614600.0
2024-01-09 09:00:00+00:00,5600.0,5600.0,5525.0,5575.0,36777600.0
2024-01-10 09:00:00+00:00,5500.0,5575.0,5450.0,5525.0,75423900.0
2024-01-11 09:00:00+00:00,5550.0,5625.0,5525.0,5550.0,39941000.0
2024-01-12 09:00:00+00:00,5550.0,5625.0,5550.0,5600.0,28821000.0
2024-01-15 09:00:00+00:00,5600.0,5600.0,5500.0,5525.0,79502600.0
2024-01-16 09:00:00+00:00,5525.0,5525.0,5475.0,5500.0,44840900.0
2024-01-17 09:00:00+00:00,5500.0,5525.0,5350.0,5400.0,114587100.0
2024-01-18 09:00:00+00:00,5400.0,5400.0,5325.0,5375.0,71517600.0
2024-01-19 09:00:00+00:00,5375.0,5400.0,5300.0,5350.0,52865000.0
2024-01-22 09:00:00+00:00,5350.0,5425.0,5225.0,5225.0,169967200.0
2024-01-23 09:00:00+00:00,5150.0,5200.0,5075.0,5125.0,176612600.0
2024-01-24 09:00:00+00:00,5150.0,5175.0,4980.0,5075.0,246293300.0
2024-01-25 09:00:00+00:00,5075.0,5150.0,5025.0,5050.0,81025300.0
2024-01-26 09:00:00+00:00,5050.0,5075.0,4990.0,5075.0,71861600.0
2024-01-29 09:00:00+00:00,5075.0,5075.0,4910.0,4930.0,132819200.0
2024-01-30 09:00:00+00:00,4920.0,5175.0,4900.0,5100.0,165689300.0
2024-01-31 09:00:00+00:00,5125.0,5150.0,5050.0,5125.0,79343600.0
2024-02-01 09:00:00+00:00,5100.0,5175.0,5075.0,5125.0,55358600.0
2024-02-02 09:00:00+00:00,5150.0,5325.0,5125.0,5325.0,104840200.0
2024-02-05 09:00:00+00:00,5325.0,5350.0,5150.0,5175.0,88826000.0
2024-02-06 09:00:00+00:00,5175.0,5275.0,5150.0,5250.0,46257400.0
2024-02-07 09:00:00+00:00,5250.0,5325.0,5250.0,5325.0,68376900.0
2024-02-12 09:00:00+00:00,5300.0,5350.0,5225.0,5300.0,80552600.0
2024-02-13 09:00:00+00:00,5300.0,5300.0,5150.0,5200.0,63689100.0
2024-02-15 09:00:00+00:00,5325.0,5325.0,5075.0,5125.0,124120800.0
2024-02-16 09:00:00+00:00,5125.0,5200.0,5100.0,5200.0,75502700.0
2024-02-19 09:00:00+00:00,5200.0,5250.0,5075.0,5125.0,89709800.0
2024-02-20 09:00:00+00:00,5125.0,5250.0,5125.0,5200.0,41623800.0
2024-02-21 09:00:00+00:00,5200.0,5300.0,5175.0,5250.0,68374800.0
2024-02-22 09:00:00+00:00,5275.0,5300.0,5275.0,5275.0,41938600.0
2024-02-23 09:00:00+00:00,5250.0,5275.0,5100.0,5125.0,81214600.0
2024-02-26 09:00:00+00:00,5150.0,5200.0,5075.0,5125.0,50291500.0
2024-02-27 09:00:00+00:00,5125.0,5175.0,5050.0,5175.0,46555200.0
2024-02-28 09:00:00+00:00,5325.0,5425.0,5200.0,5225.0,216020000.0
2024-02-29 09:00:00+00:00,5250.0,5300.0,5200.0,5225.0,85412900.0
2024-03-01 09:00:00+00:00,5225.0,5275.0,5150.0,5225.0,64835200.0
2024-03-04 09:00:00+00:00,5250.0,5275.0,5175.0,5200.0,57118400.0
2024-03-05 09:00:00+00:00,5225.0,5225.0,5100.0,5100.0,53172900.0
2024-03-06 09:00:00+00:00,5125.0,5200.0,5100.0,5175.0,29210000.0
2024-03-07 09:00:00+00:00,5175.0,5200.0,5100.0,5125.0,55244400.0
2024-03-08 09:00:00+00:00,5150.0,5175.0,5125.0,5150.0,39983000.0
2024-03-13 09:00:00+00:00,5150.0,5200.0,5125.0,5150.0,63672300.0
2024-03-14 09:00:00+00:00,5175.0,5300.0,5150.0,5275.0,79465800.0
2024-03-15 09:00:00+00:00,5300.0,5300.0,5175.0,5175.0,164222200.0
2024-03-18 09:00:00+00:00,5200.0,5250.0,5150.0,5150.0,50943600.0
2024-03-19 09:00:00+00:00,5150.0,5250.0,5150.0,5225.0,48398600.0
2024-03-20 09:00:00+00:00,5225.0,5275.0,5225.0,5275.0,56191300.0
2024-03-21 09:00:00+00:00,5300.0,5400.0,5275.0,5350.0,67351800.0
2024-03-22 09:00:00+00:00,5375.0,5375.0,5325.0,5375.0,46341000.0
2024-03-25 09:00:00+00:00,5425.0,5425.0,5325.0,5350.0,39759600.0
2024-03-26 09:00:00+00:00,5375.0,5375.0,5250.0,5300.0,57175300.0
2024-03-27 09:00:00+00:00,5300.0,5325.0,5250.0,5275.0,47174800.0
2024-03-28 09:00:00+00:00,5275.0,5275.0,5100.0,5150.0,107123600.0
2024-04-01 09:00:00+00:00,5175.0,5225.0,5150.0,5200.0,42828200.0
2024-04-02 09:00:00+00:00,5225.0,5275.0,5175.0,5275.0,41029100.0
2024-04-03 09:00:00+00:00,5275.0,5275.0,5200.0,5250.0,39260600.0
2024-04-04 09:00:00+00:00,5250.0,5250.0,5150.0,5175.0,48395600.0
2024-04-05 09:00:00+00:00,5150.0,5325.0,5150.0,5275.0,59190300.0
2024-04-16 09:00:00+00:00,5175.0,5225.0,5100.0,5100.0,137258300.0
2024-04-17 09:00:00+00:00,5150.0,5175.0,5100.0,5125.0,47211000.0
2024-04-18 09:00:00+00:00,5150.0,5150.0,5050.0,5100.0,81583700.0
2024-04-19 09:00:00+00:00,5050.0,5075.0,4870.0,4900.0,185008500.0
2024-04-22 09:00:00+00:00,4940.0,4990.0,4940.0,4950.0,57689200.0
2024-04-23 09:00:00+00:00,4990.0,5075.0,4990.0,5025.0,49438000.0
2024-04-24 09:00:00+00:00,5000.0,5050.0,4910.0,4910.0,65796800.0
2024-04-25 09:00:00+00:00,4910.0,4980.0,4910.0,4950.0,52139300.0
2024-04-26 09:00:00+00:00,4980.0,4980.0,4880.0,4880.0,70877700.0
2024-04-29 09:00:00+00:00,4920.0,5050.0,4900.0,5025.0,68303100.0
2024-04-30 09:00:00+00:00,5050.0,5225.0,4980.0,5150.0,142632100.0
2024-05-02 09:00:00+00:00,5225.0,5275.0,5175.0,5175.0,100889100.0
2024-05-03 09:00:00+00:00,5225.0,5250.0,5200.0,5225.0,44094400.0
2024-05-06 09:00:00+00:00,5250.0,5250.0,5075.0,5100.0,70400000.0
2024-05-07 09:00:00+00:00,5100.0,5125.0,5025.0,5050.0,58780600.0
2024-05-08 09:00:00+00:00,5075.0,5150.0,5000.0,5125.0,86738900.0
2024-05-13 09:00:00+00:00,5150.0,5175.0,5075.0,5075.0,143316000.0
2024-05-14 09:00:00+00:00,4680.0,4690.0,4580.0,4580.0,264535600.0
2024-05-15 09:00:00+00:00,4570.0,4620.0,4530.0,4530.0,109962400.0
2024-05-16 09:00:00+00:00,4590.0,4720.0,4540.0,4710.0,149039700.0
2024-05-17 09:00:00+00:00,4710.0,4810.0,4690.0,4800.0,101492400.0
2024-05-20 09:00:00+00:00,4800.0,4830.0,4730.0,4740.0,58021800.0
2024-05-21 09:00:00+00:00,4750.0,4770.0,4700.0,4700.0,57558000.0
2024-05-22 09:00:00+00:00,4720.0,4730.0,4700.0,4710.0,25932300.0
2024-05-27 09:00:00+00:00,4700.0,4720.0,4550.0,4550.0,86050000.0
2024-05-28 09:00:00+00:00,4560.0,4600.0,4510.0,4510.0,42542400.0
2024-05-29 09:00:00+00:00,4800.0,4800.0,4370.0,4460.0,148814900.0
2024-05-30 09:00:00+00:00,4450.0,4450.0,4310.0,4320.0,112636300.0
2024-05-31 09:00:00+00:00,4340.0,4370.0,4290.0,4290.0,144592700.0
2024-06-03 09:00:00+00:00,4330.0,4530.0,4330.0,4500.0,77444200.0
2024-06-04 09:00:00+00:00,4510.0,4630.0,4480.0,4580.0,92676800.0
2024-06-05 09:00:00+00:00,4560.0,4640.0,4550.0,4600.0,65856400.0
2024-06-06 09:00:00+00:00,4620.0,4620.0,4530.0,4560.0,43632400.0
2024-06-07 09:00:00+00:00,4550.0,4570.0,4530.0,4560.0,34027900.0
2024-06-10 09:00:00+00:00,4560.0,4560.0,4500.0,4510.0,19932200.0
2024-06-11 09:00:00+00:00,4500.0,4500.0,4350.0,4350.0,71234400.0
2024-06-12 09:00:00+00:00,4350.0,4410.0,4290.0,4360.0,65665400.0
2024-06-13 09:00:00+00:00,4410.0,4480.0,4400.0,4460.0,55824400.0
2024-06-14 09:00:00+00:00,4480.0,4530.0,4410.0,4420.0,57967500.0
2024-06-19 09:00:00+00:00,4450.0,4510.0,4420.0,4450.0,48727600.0
2024-06-20 09:00:00+00:00,4440.0,4470.0,4360.0,4450.0,35160300.0
2024-06-21 09:00:00+00:00,4450.0,4530.0,4410.0,4490.0,98313200.0
2024-06-24 09:00:00+00:00,4480.0,4500.0,4410.0,4430.0,36677200.0
2024-06-25 09:00:00+00:00,4440.0,4440.0,4360.0,4400.0,50385000.0
2024-06-26 09:00:00+00:00,4400.0,4450.0,4370.0,4420.0,38397100.0
2024-06-27 09:00:00+00:00,4430.0,4440.0,4400.0,4430.0,21784700.0
2024-06-28 09:00:00+00:00,4430.0,4560.0,4430.0,4460.0,127293900.0
2024-07-01 09:00:00+00:00,4490.0,4620.0,4490.0,4620.0,141627300.0
2024-07-02 09:00:00+00:00,4610.0,4620.0,4510.0,4530.0,72229800.0
2024-07-03 09:00:00+00:00,4550.0,4580.0,4520.0,4570.0,30743200.0
2024-07-04 09:00:00+00:00,4580.0,4610.0,4550.0,4550.0,44755400.0
2024-07-05 09:00:00+00:00,4570.0,4610.0,4540.0,4580.0,53196500.0
2024-07-08 09:00:00+00:00,4600.0,4640.0,4560.0,4640.0,69535000.0
2024-07-09 09:00:00+00:00,4620.0,4620.0,4540.0,4560.0,84784500.0
2024-07-10 09:00:00+00:00,4570.0,4580.0,4520.0,4540.0,44563900.0
2024-07-11 09:00:00+00:00,4550.0,4600.0,4500.0,4510.0,71140800.0
2024-07-12 09:00:00+00:00,4510.0,4570.0,4500.0,4540.0,54299700.0
2024-07-15 09:00:00+00:00,4540.0,4550.0,4460.0,4470.0,53234000.0
2024-07-16 09:00:00+00:00,4480.0,4490.0,4380.0,4380.0,83814800.0
2024-07-17 09:00:00+00:00,4420.0,4470.0,4400.0,4460.0,49379700.0
2024-07-18 09:00:00+00:00,4470.0,4540.0,4460.0,4540.0,54184300.0
2024-07-19 09:00:00+00:00,4520.0,4540.0,4480.0,4530.0,40785800.0
2024-07-22 09:00:00+00:00,4530.0,4540.0,4480.0,4520.0,33128600.0
2024-07-23 09:00:00+00:00,4510.0,4530.0,4450.0,4450.0,46427300.0
2024-07-24 09:00:00+00:00,4470.0,4560.0,4460.0,4530.0,50741700.0
2024-07-25 09:00:00+00:00,4530.0,4530.0,4450.0,4490.0,40364400.0
2024-07-26 09:00:00+00:00,4500.0,4620.0,4500.0,4610.0,92236800.0
2024-07-29 09:00:00+00:00,4620.0,4630.0,4580.0,4610.0,42232800.0
2024-07-30 09:00:00+00:00,4610.0,4610.0,4520.0,4540.0,40995800.0
2024-07-31 09:00:00+00:00,4620.0,4730.0,4590.0,4720.0,170406600.0
2024-08-01 09:00:00+00:00,4700.0,4740.0,4660.0,4740.0,50775700.0
2024-08-02 09:00:00+00:00,4710.0,4740.0,4670.0,4690.0,47509800.0
2024-08-05 09:00:00+00:00,4640.0,4650.0,4520.0,4560.0,93952300.0
2024-08-06 09:00:00+00:00,4600.0,4620.0,4540.0,4610.0,56748800.0
2024-08-07 09:00:00+00:00,4600.0,4630.0,4560.0,4630.0,72464900.0
2024-08-08 09:00:00+00:00,4620.0,4750.0,4600.0,4740.0,116387300.0
2024-08-09 09:00:00+00:00,4760.0,4790.0,4730.0,4760.0,44489500.0
2024-08-12 09:00:00+00:00,4760.0,4780.0,4720.0,4760.0,34027600.0
2024-08-13 09:00:00+00:00,4800.0,4800.0,4740.0,4760.0,43904800.0
2024-08-14 09:00:00+00:00,4800.0,4930.0,4770.0,4890.0,91874600.0
2024-08-15 09:00:00+00:00,4890.0,4920.0,4840.0,4890.0,46694800.0
2024-08-16 09:00:00+00:00,4900.0,4990.0,4900.0,4970.0,65502100.0
2024-08-19 09:00:00+00:00,4970.0,5050.0,4940.0,5025.0,54296700.0
2024-08-20 09:00:00+00:00,5050.0,5150.0,5025.0,5125.0,94493800.0
2024-08-21 09:00:00+00:00,5150.0,5225.0,5075.0,5075.0,94502800.0
2024-08-22 09:00:00+00:00,5025.0,5050.0,4990.0,5000.0,63177200.0
2024-08-23 09:00:00+00:00,5050.0,5175.0,5050.0,5100.0,52275100.0
2024-08-26 09:00:00+00:00,5125.0,5200.0,5125.0,5150.0,30540900.0
2024-08-27 09:00:00+00:00,5150.0,5175.0,5075.0,5150.0,30475700.0
2024-08-28 09:00:00+00:00,5150.0,5150.0,5000.0,5025.0,64090900.0
2024-08-29 09:00:00+00:00,5050.0,5075.0,5000.0,5075.0,42502100.0
2024-08-30 09:00:00+00:00,5075.0,5125.0,5025.0,5100.0,74429400.0
2024-09-02 09:00:00+00:00,5100.0,5225.0,5100.0,5200.0,84858600.0
2024-09-03 09:00:00+00:00,5225.0,5225.0,5125.0,5125.0,34864300.0
2024-09-04 09:00:00+00:00,5050.0,5100.0,5025.0,5050.0,45331200.0
2024-09-05 09:00:00+00:00,5075.0,5125.0,5050.0,5075.0,34711100.0
2024-09-06 09:00:00+00:00,5050.0,5125.0,5050.0,5050.0,32014300.0
2024-09-09 09:00:00+00:00,5050.0,5100.0,5000.0,5025.0,55466500.0
2024-09-10 09:00:00+00:00,5075.0,5100.0,5000.0,5025.0,58871700.0
2024-09-11 09:00:00+00:00,5025.0,5050.0,5000.0,5025.0,27381100.0
2024-09-12 09:00:00+00:00,5025.0,5075.0,5025.0,5025.0,24718300.0
2024-09-13 09:00:00+00:00,5025.0,5075.0,5025.0,5075.0,24921900.0
2024-09-17 09:00:00+00:00,5075.0,5100.0,5025.0,5075.0,35574000.0
2024-09-18 09:00:00+00:00,5100.0,5275.0,5075.0,5250.0,123540100.0
2024-09-19 09:00:00+00:00,5275.0,5275.0,5200.0,5275.0,57254000.0
2024-09-20 09:00:00+00:00,5275.0,5275.0,5200.0,5225.0,47509500.0
2024-09-23 09:00:00+00:00,5250.0,5275.0,5225.0,5225.0,23362800.0
2024-09-24 09:00:00+00:00,5250.0,5275.0,5225.0,5275.0,43482600.0
2024-09-25 09:00:00+00:00,5300.0,5300.0,5150.0,5225.0,63437200.0
2024-09-26 09:00:00+00:00,5250.0,5275.0,5175.0,5250.0,56030300.0
2024-09-27 09:00:00+00:00,5275.0,5275.0,5050.0,5100.0,57476200.0
2024-09-30 09:00:00+00:00,5100.0,5100.0,5000.0,5050.0,66737800.0
2024-10-01 09:00:00+00:00,5100.0,5175.0,5075.0,5175.0,39024000.0
2024-10-02 09:00:00+00:00,5150.0,5150.0,5050.0,5150.0,39888600.0
2024-10-03 09:00:00+00:00,5175.0,5250.0,5100.0,5250.0,56763900.0
2024-10-04 09:00:00+00:00,5250.0,5250.0,5100.0,5150.0,35939300.0
2024-10-07 09:00:00+00:00,5150.0,5175.0,5075.0,5100.0,27889100.0
2024-10-08 09:00:00+00:00,5100.0,5225.0,5075.0,5225.0,42347600.0
2024-10-09 09:00:00+00:00,5225.0,5225.0,5075.0,5075.0,33544900.0
2024-10-10 09:00:00+00:00,5100.0,5125.0,5075.0,5125.0,27734400.0
2024-10-11 09:00:00+00:00,5125.0,5150.0,5075.0,5075.0,39320000.0
2024-10-14 09:00:00+00:00,5025.0,5025.0,4920.0,4930.0,71369100.0
2024-10-15 09:00:00+00:00,4930.0,4970.0,4900.0,4930.0,61263600.0
2024-10-16 09:00:00+00:00,4950.0,4960.0,4900.0,4960.0,80530100.0
2024-10-17 09:00:00+00:00,4950.0,4970.0,4930.0,4950.0,54164800.0
2024-10-18 09:00:00+00:00,4960.0,4960.0,4920.0,4920.0,39805400.0
2024-10-21 09:00:00+00:00,4950.0,5100.0,4930.0,5100.0,88954300.0
2024-10-22 09:00:00+00:00,5125.0,5275.0,5100.0,5275.0,132222000.0
2024-10-23 09:00:00+00:00,5275.0,5300.0,5175.0,5300.0,64519100.0
2024-10-24 09:00:00+00:00,5300.0,5300.0,5200.0,5275.0,50777100.0
2024-10-25 09:00:00+00:00,5275.0,5275.0,5200.0,5225.0,27247500.0
2024-10-28 09:00:00+00:00,5250.0,5250.0,5125.0,5250.0,40165900.0
2024-10-29 09:00:00+00:00,5250.0,5250.0,5125.0,5125.0,45247600.0
2024-10-30 09:00:00+00:00,5125.0,5200.0,5050.0,5200.0,33200300.0
2024-10-31 09:00:00+00:00,5300.0,5300.0,5100.0,5100.0,77263000.0
2024-11-01 09:00:00+00:00,5125.0,5175.0,5050.0,5075.0,54219100.0
2024-11-04 09:00:00+00:00,5075.0,5125.0,4980.0,5125.0,52362100.0
2024-11-05 09:00:00+00:00,5125.0,5200.0,5075.0,5175.0,31165800.0
2024-11-06 09:00:00+00:00,5175.0,5175.0,5025.0,5050.0,32975900.0
2024-11-07 09:00:00+00:00,5050.0,5075.0,5000.0,5000.0,46053500.0
2024-11-08 09:00:00+00:00,5050.0,5075.0,4950.0,4960.0,32828900.0
2024-11-11 09:00:00+00:00,4960.0,4990.0,4850.0,4970.0,49885000.0
2024-11-12 09:00:00+00:00,5000.0,5000.0,4930.0,4970.0,43239600.0
2024-11-13 09:00:00+00:00,5000.0,5025.0,4950.0,5025.0,24479600.0
2024-11-14 09:00:00+00:00,5025.0,5025.0,4930.0,4950.0,38255700.0
2024-11-15 09:00:00+00:00,4940.0,4960.0,4920.0,4940.0,14867600.0
2024-11-18 09:00:00+00:00,4950.0,4970.0,4910.0,4930.0,17408700.0
2024-11-19 09:00:00+00:00,4930.0,4970.0,4900.0,4970.0,36816800.0
2024-11-20 09:00:00+00:00,4970.0,5025.0,4950.0,5000.0,18634300.0
2024-11-21 09:00:00+00:00,4990.0,4990.0,4890.0,4890.0,27662900.0
2024-11-22 09:00:00+00:00,4900.0,4960.0,4860.0,4910.0,21241800.0
2024-11-25 09:00:00+00:00,4950.0,5175.0,4940.0,5175.0,84518400.0
2024-11-26 09:00:00+00:00,5150.0,5200.0,5100.0,5150.0,45059300.0
2024-11-28 09:00:00+00:00,5200.0,5225.0,5125.0,5125.0,30554200.0
2024-11-29 09:00:00+00:00,5125.0,5125.0,5025.0,5100.0,48756800.0
2024-12-02 09:00:00+00:00,5100.0,5150.0,4900.0,4940.0,47373200.0
2024-12-03 09:00:00+00:00,4980.0,5125.0,4970.0,5125.0,46752800.0
2024-12-04 09:00:00+00:00,5100.0,5225.0,5075.0,5225.0,51733400.0
2024-12-05 09:00:00+00:00,5225.0,5225.0,5125.0,5200.0,21948400.0
2024-12-06 09:00:00+00:00,5150.0,5175.0,5050.0,5150.0,36599600.0
2024-12-09 09:00:00+00:00,5150.0,5225.0,5100.0,5225.0,37208600.0
2024-12-10 09:00:00+00:00,5200.0,5225.0,5150.0,5225.0,41536400.0
2024-12-11 09:00:00+00:00,5175.0,5250.0,5175.0,5250.0,41090000.0
2024-12-12 09:00:00+00:00,5150.0,5225.0,5050.0,5100.0,37254100.0
2024-12-13 09:00:00+00:00,5100.0,5150.0,5050.0,5125.0,27732300.0
2024-12-16 09:00:00+00:00,5075.0,5150.0,5000.0,5125.0,35937800.0
2024-12-17 09:00:00+00:00,5100.0,5150.0,4950.0,4980.0,48682400.0
2024-12-18 09:00:00+00:00,4980.0,5050.0,4960.0,5000.0,27412000.0
2024-12-19 09:00:00+00:00,4950.0,4950.0,4860.0,4880.0,39151900.0
2024-12-20 09:00:00+00:00,4880.0,4900.0,4850.0,4870.0,44851200.0
2024-12-23 09:00:00+00:00,4900.0,4950.0,4870.0,4950.0,29678900.0
2024-12-24 09:00:00+00:00,4940.0,4980.0,4880.0,4880.0,22600500.0
2024-12-27 09:00:00+00:00,4890.0,4940.0,4880.0,4930.0,14456700.0
2024-12-30 09:00:00+00:00,4930.0,4940.0,4880.0,4900.0,23926400.0
2025-01-02 09:00:00+00:00,4910.0,4970.0,4900.0,4950.0,17924000.0
2025-01-03 09:00:00+00:00,4950.0,4970.0,4920.0,4950.0,12711800.0
2025-01-06 09:00:00+00:00,4950.0,5000.0,4860.0,4860.0,18412500.0
2025-01-07 09:00:00+00:00,4860.0,4920.0,4850.0,4920.0,20452200.0
2025-01-08 09:00:00+00:00,4880.0,4910.0,4810.0,4810.0,23739400.0
2025-01-09 09:00:00+00:00,4830.0,4950.0,4830.0,4930.0,23802600.0
2025-01-10 09:00:00+00:00,4940.0,4960.0,4860.0,4900.0,31951800.0
2025-01-13 09:00:00+00:00,4910.0,4920.0,4720.0,4750.0,46247300.0
2025-01-14 09:00:00+00:00,4770.0,4850.0,4750.0,4750.0,28096700.0
2025-01-15 09:00:00+00:00,4790.0,4940.0,4780.0,4940.0,27497200.0
2025-01-16 09:00:00+00:00,5025.0,5025.0,4880.0,4880.0,30520200.0
2025-01-17 09:00:00+00:00,4860.0,4970.0,4840.0,4940.0,23691900.0
2025-01-20 09:00:00+00:00,4940.0,4960.0,4900.0,4910.0,11873200.0
2025-01-21 09:00:00+00:00,4930.0,4970.0,4900.0,4910.0,21762200.0
2025-01-22 09:00:00+00:00,4920.0,4980.0,4880.0,4960.0,33116700.0
2025-01-23 09:00:00+00:00,4960.0,4980.0,4900.0,4900.0,17049700.0
2025-01-24 09:00:00+00:00,4900.0,4960.0,4870.0,4870.0,19663900.0
2025-01-30 09:00:00+00:00,4870.0,4870.0,4780.0,4780.0,28147100.0
2025-01-31 09:00:00+00:00,4790.0,4840.0,4790.0,4800.0,27064100.0
2025-02-03 09:00:00+00:00,4800.0,4800.0,4740.0,4760.0,33116100.0
2025-02-04 09:00:00+00:00,4770.0,4840.0,4760.0,4800.0,20631500.0
2025-02-05 09:00:00+00:00,4850.0,4850.0,4730.0,4740.0,20436200.0
2025-02-06 09:00:00+00:00,4740.0,4740.0,4520.0,4550.0,61645400.0
2025-02-07 09:00:00+00:00,4610.0,4670.0,4530.0,4650.0,33223300.0
2025-02-10 09:00:00+00:00,4610.0,4650.0,4520.0,4570.0,40230000.0
2025-02-11 09:00:00+00:00,4590.0,4650.0,4570.0,4610.0,32956400.0
2025-02-12 09:00:00+00:00,4680.0,4680.0,4620.0,4640.0,30762900.0
2025-02-13 09:00:00+00:00,4640.0,4670.0,4580.0,4660.0,21320200.0
2025-02-14 09:00:00+00:00,4660.0,4730.0,4640.0,4680.0,31409000.0
2025-02-17 09:00:00+00:00,4680.0,4780.0,4670.0,4740.0,30270200.0
2025-02-18 09:00:00+00:00,4740.0,4840.0,4740.0,4800.0,31828200.0
2025-02-19 09:00:00+00:00,4820.0,4840.0,4610.0,4700.0,47951400.0
2025-02-20 09:00:00+00:00,4700.0,4740.0,4650.0,4720.0,23653800.0
2025-02-21 09:00:00+00:00,4740.0,4800.0,4600.0,4750.0,31937400.0
2025-02-24 09:00:00+00:00,4750.0,4770.0,4660.0,4700.0,22303600.0
2025-02-25 09:00:00+00:00,4710.0,4750.0,4550.0,4560.0,42728600.0
2025-02-26 09:00:00+00:00,4560.0,4600.0,4520.0,4580.0,19351300.0
2025-02-27 09:00:00+00:00,4550.0,4590.0,4480.0,4590.0,37731000.0
2025-02-28 09:00:00+00:00,4650.0,4650.0,4370.0,4530.0,70620000.0
2025-03-03 09:00:00+00:00,4530.0,4720.0,4500.0,4680.0,65345600.0
2025-03-04 09:00:00+00:00,4680.0,4700.0,4590.0,4690.0,40873900.0
2025-03-05 09:00:00+00:00,4700.0,4900.0,4690.0,4900.0,86703900.0
2025-03-06 09:00:00+00:00,4900.0,4960.0,4860.0,4900.0,51276300.0
2025-03-07 09:00:00+00:00,4900.0,4970.0,4790.0,4930.0,59830500.0
2025-03-10 09:00:00+00:00,4900.0,4900.0,4750.0,4770.0,53139600.0
2025-03-11 09:00:00+00:00,4720.0,4800.0,4700.0,4800.0,35571600.0
2025-03-12 09:00:00+00:00,4760.0,4830.0,4740.0,4810.0,29264500.0
2025-03-13 09:00:00+00:00,4790.0,4810.0,4680.0,4730.0,41066600.0
2025-03-14 09:00:00+00:00,4730.0,4730.0,4610.0,4620.0,35967600.0
2025-03-17 09:00:00+00:00,4660.0,4670.0,4610.0,4620.0,23856300.0
2025-03-18 09:00:00+00:00,4630.0,4650.0,4460.0,4650.0,66583100.0
2025-03-19 09:00:00+00:00,4650.0,4700.0,4610.0,4690.0,37556400.0
2025-03-20 09:00:00+00:00,4690.0,4750.0,4640.0,4710.0,23310500.0
2025-03-21 09:00:00+00:00,4720.0,4840.0,4630.0,4840.0,57730500.0
2025-03-24 09:00:00+00:00,4780.0,4780.0,4540.0,4690.0,29695400.0
2025-03-25 09:00:00+00:00,4700.0,4700.0,4610.0,4650.0,26320300.0
2025-03-26 09:00:00+00:00,4660.0,4840.0,4660.0,4800.0,30508200.0
2025-03-27 09:00:00+00:00,4800.0,4920.0,4790.0,4920.0,44551200.0
2025-04-08 09:00:00+00:00,4800.0,4800.0,4450.0,4480.0,94752400.0
2025-04-09 09:00:00+00:00,4480.0,4660.0,4470.0,4620.0,46086300.0
2025-04-10 09:00:00+00:00,4750.0,4840.0,4690.0,4710.0,43115600.0
2025-04-11 09:00:00+00:00,4660.0,4740.0,4620.0,4710.0,31446100.0
2025-04-14 09:00:00+00:00,4740.0,4930.0,4710.0,4930.0,39843200.0
2025-04-15 09:00:00+00:00,4930.0,4950.0,4800.0,4870.0,56488100.0
2025-04-16 09:00:00+00:00,4850.0,4860.0,4690.0,4780.0,44479500.0
2025-04-17 09:00:00+00:00,4770.0,4770.0,4710.0,4750.0,28099700.0
2025-04-21 09:00:00+00:00,4750.0,4810.0,4740.0,4790.0,14313200.0
2025-04-22 09:00:00+00:00,4750.0,4780.0,4720.0,4740.0,29906300.0
2025-04-23 09:00:00+00:00,4770.0,4840.0,4770.0,4820.0,38609800.0
2025-04-24 09:00:00+00:00,4830.0,4840.0,4770.0,4770.0,42307000.0
2025-04-25 09:00:00+00:00,4790.0,4910.0,4790.0,4860.0,45465200.0
2025-04-28 09:00:00+00:00,4880.0,4930.0,4870.0,4890.0,22380800.0
2025-04-29 09:00:00+00:00,4910.0,4910.0,4800.0,4800.0,46881000.0
2025-04-30 09:00:00+00:00,4800.0,4840.0,4780.0,4800.0,46038900.0
2025-05-02 09:00:00+00:00,4810.0,4860.0,4760.0,4790.0,61301400.0
2025-05-05 09:00:00+00:00,4800.0,4810.0,4770.0,4780.0,30747900.0
2025-05-06 09:00:00+00:00,4780.0,4800.0,4750.0,4750.0,53222000.0
2025-05-07 09:00:00+00:00,4780.0,4840.0,4770.0,4830.0,47790800.0
2025-05-08 09:00:00+00:00,4860.0,4930.0,4780.0,4780.0,92459500.0
2025-05-09 09:00:00+00:00,4790.0,4830.0,4780.0,4780.0,38964000.0
2025-05-14 09:00:00+00:00,4860.0,4880.0,4800.0,4810.0,92389200.0
2025-05-15 09:00:00+00:00,4820.0,4850.0,4810.0,4820.0,69701600.0
2025-05-16 09:00:00+00:00,4840.0,4880.0,4810.0,4880.0,64271600.0
2025-05-19 09:00:00+00:00,4890.0,4960.0,4880.0,4940.0,97782400.0
2025-05-20 09:00:00+00:00,4960.0,4960.0,4860.0,4860.0,127610600.0
2025-05-21 09:00:00+00:00,4600.0,4690.0,4570.0,4670.0,115335300.0
2025-05-22 09:00:00+00:00,4680.0,4710.0,4630.0,4630.0,52032700.0
2025-05-23 09:00:00+00:00,4770.0,4780.0,4730.0,4740.0,42300400.0
2025-05-26 09:00:00+00:00,4770.0,4780.0,4690.0,4730.0,40971400.0
2025-05-27 09:00:00+00:00,4710.0,4730.0,4660.0,4700.0,38680100.0
2025-05-28 09:00:00+00:00,4710.0,4850.0,4660.0,4850.0,188036300.0
2025-06-02 09:00:00+00:00,4780.0,4800.0,4730.0,4780.0,115876200.0
2025-06-03 09:00:00+00:00,4750.0,4760.0,4650.0,4700.0,51574100.0
2025-06-04 09:00:00+00:00,4760.0,4760.0,4610.0,4610.0,55901000.0
2025-06-05 09:00:00+00:00,4640.0,4670.0,4610.0,4610.0,38381400.0
2025-06-10 09:00:00+00:00,4670.0,4670.0,4600.0,4600.0,60469600.0
2025-06-11 09:00:00+00:00,4610.0,4630.0,4580.0,4610.0,50550100.0
2025-06-12 09:00:00+00:00,4610.0,4620.0,4560.0,4560.0,54629900.0
2025-06-13 09:00:00+00:00,4580.0,4600.0,4560.0,4570.0,38510500.0
2025-06-16 09:00:00+00:00,4570.0,4630.0,4560.0,4610.0,29939400.0
2025-06-17 09:00:00+00:00,4640.0,4640.0,4590.0,4600.0,29978400.0
2025-06-18 09:00:00+00:00,4610.0,4620.0,4590.0,4590.0,19386900.0
2025-06-19 09:00:00+00:00,4590.0,4600.0,4500.0,4530.0,30832700.0
2025-06-20 09:00:00+00:00,4530.0,4530.0,4480.0,4490.0,50116600.0
2025-06-23 09:00:00+00:00,4470.0,4470.0,4400.0,4430.0,28820000.0
2025-06-24 09:00:00+00:00,4470.0,4500.0,4430.0,4470.0,37523200.0
2025-06-25 09:00:00+00:00,4530.0,4530.0,4420.0,4470.0,33217200.0
2025-06-26 09:00:00+00:00,4440.0,4450.0,4410.0,4450.0,26909800.0
2025-06-30 09:00:00+00:00,4470.0,4520.0,4450.0,4500.0,41865200.0
2025-07-01 09:00:00+00:00,4490.0,4510.0,4440.0,4450.0,27410600.0
2025-07-02 09:00:00+00:00,4450.0,4550.0,4440.0,4540.0,34231600.0
2025-07-03 09:00:00+00:00,4540.0,4590.0,4530.0,4570.0,24120100.0
2025-07-04 09:00:00+00:00,4600.0,4650.0,4570.0,4620.0,25298100.0
2025-07-07 09:00:00+00:00,4620.0,4680.0,4590.0,4680.0,20181800.0
2025-07-08 09:00:00+00:00,4670.0,4670.0,4620.0,4660.0,21173700.0
2025-07-09 09:00:00+00:00,4680.0,4720.0,4670.0,4720.0,32577400.0
2025-07-10 09:00:00+00:00,4720.0,4730.0,4680.0,4680.0,21464100.0
2025-07-11 09:00:00+00:00,4720.0,4720.0,4680.0,4710.0,19382400.0
2025-07-14 09:00:00+00:00,4710.0,4750.0,4650.0,4700.0,32985800.0
2025-07-15 09:00:00+00:00,4700.0,4700.0,4630.0,4700.0,25045900.0
2025-07-16 09:00:00+00:00,4700.0,4810.0,4690.0,4750.0,53394000.0
2025-07-17 09:00:00+00:00,4750.0,4820.0,4730.0,4790.0,37859000.0
2025-07-18 09:00:00+00:00,4810.0,4840.0,4750.0,4750.0,23680400.0
2025-07-21 09:00:00+00:00,4810.0,4810.0,4720.0,4760.0,17018900.0
2025-07-22 09:00:00+00:00,4760.0,4760.0,4680.0,4690.0,47232600.0
2025-07-23 09:00:00+00:00,4740.0,4950.0,4720.0,4950.0,94669900.0
2025-07-24 09:00:00+00:00,4990.0,5075.0,4980.0,5050.0,72459700.0
2025-07-25 09:00:00+00:00,5000.0,5050.0,4950.0,5000.0,28079000.0
2025-07-28 09:00:00+00:00,5025.0,5100.0,4990.0,5100.0,59414600.0
2025-07-29 09:00:00+00:00,5100.0,5125.0,5025.0,5100.0,36861000.0
2025-07-30 09:00:00+00:00,5100.0,5150.0,5075.0,5150.0,53075600.0
2025-07-31 09:00:00+00:00,5150.0,5175.0,5100.0,5100.0,44048400.0
2025-08-01 09:00:00+00:00,5125.0,5150.0,4960.0,5000.0,33392000.0
2025-08-04 09:00:00+00:00,5000.0,5050.0,4940.0,5025.0,21561700.0
2025-08-05 09:00:00+00:00,5050.0,5050.0,4990.0,5025.0,20210600.0
2025-08-06 09:00:00+00:00,5025.0,5025.0,4900.0,4900.0,24786300.0
2025-08-07 09:00:00+00:00,4920.0,5025.0,4920.0,4960.0,25930000.0
2025-08-08 09:00:00+00:00,4950.0,4990.0,4920.0,4920.0,20639400.0
2025-08-11 09:00:00+00:00,4920.0,4930.0,4870.0,4900.0,21955000.0
2025-08-12 09:00:00+00:00,4900.0,5025.0,4890.0,4990.0,22725500.0
2025-08-13 09:00:00+00:00,5100.0,5250.0,5025.0,5175.0,103458500.0
2025-08-14 09:00:00+00:00,5125.0,5150.0,5075.0,5100.0,31796500.0
2025-08-15 09:00:00+00:00,5100.0,5125.0,5025.0,5025.0,16434700.0
2025-08-19 09:00:00+00:00,5275.0,5575.0,5200.0,5525.0,260942000.0
2025-08-20 09:00:00+00:00,5525.0,5550.0,5450.0,5525.0,74517000.0
2025-08-21 09:00:00+00:00,5525.0,5650.0,5500.0,5625.0,76746200.0
2025-08-22 09:00:00+00:00,5650.0,5775.0,5600.0,5700.0,73126900.0
2025-08-25 09:00:00+00:00,5750.0,5775.0,5675.0,5750.0,60737900.0
2025-08-26 09:00:00+00:00,5725.0,5725.0,5475.0,5625.0,79136200.0
2025-08-27 09:00:00+00:00,5650.0,5725.0,5500.0,5500.0,33172600.0
2025-08-28 09:00:00+00:00,5525.0,5650.0,5525.0,5575.0,18032900.0
2025-08-29 09:00:00+00:00,5450.0,5625.0,5425.0,5500.0,62869000.0
2025-09-01 09:00:00+00:00,5200.0,5500.0,5200.0,5450.0,67904000.0
2025-09-02 09:00:00+00:00,5500.0,5550.0,5400.0,5475.0,21623300.0
2025-09-03 09:00:00+00:00,5525.0,5650.0,5450.0,5500.0,45471600.0
2025-09-04 09:00:00+00:00,5500.0,5500.0,5400.0,5500.0,26987400.0
2025-09-08 09:00:00+00:00,5600.0,5600.0,5350.0,5425.0,57081800.0
2025-09-09 09:00:00+00:00,5400.0,5600.0,5350.0,5525.0,49240100.0
2025-09-10 09:00:00+00:00,5525.0,5525.0,5400.0,5475.0,22964700.0
2025-09-11 09:00:00+00:00,5475.0,5600.0,5450.0,5550.0,28151500.0
2025-09-12 09:00:00+00:00,5625.0,5700.0,5600.0,5675.0,30653500.0
2025-09-15 09:00:00+00:00,5675.0,5700.0,5600.0,5625.0,26368000.0
2025-09-16 09:00:00+00:00,5650.0,5675.0,5600.0,5650.0,15987900.0
2025-09-17 09:00:00+00:00,5650.0,5700.0,5600.0,5700.0,23879700.0
2025-09-18 09:00:00+00:00,5700.0,5725.0,5550.0,5575.0,27261300.0
2025-09-19 09:00:00+00:00,5575.0,5750.0,5575.0,5725.0,52162200.0
2025-09-22 09:00:00+00:00,5725.0,5725.0,5625.0,5700.0,35106300.0
2025-09-23 09:00:00+00:00,5675.0,5950.0,5650.0,5900.0,41044200.0
2025-09-24 09:00:00+00:00,5950.0,5950.0,5850.0,5900.0,61167600.0
2025-09-25 09:00:00+00:00,5900.0,5900.0,5750.0,5775.0,35805100.0
2025-09-26 09:00:00+00:00,5875.0,6000.0,5775.0,5875.0,42677800.0
2025-09-29 09:00:00+00:00,5875.0,5900.0,5750.0,5775.0,20892700.0
2025-09-30 09:00:00+00:00,5750.0,5825.0,5700.0,5775.0,41266900.0
2025-10-01 09:00:00+00:00,5825.0,5850.0,5650.0,5675.0,26508200.0
2025-10-02 09:00:00+00:00,5750.0,5750.0,5625.0,5700.0,29346300.0
2025-10-03 09:00:00+00:00,5750.0,5850.0,5750.0,5825.0,27951100.0
2025-10-06 09:00:00+00:00,5900.0,5925.0,5800.0,5825.0,21809400.0
2025-10-07 09:00:00+00:00,5925.0,6050.0,5725.0,5750.0,43328700.0
2025-10-08 09:00:00+00:00,5825.0,5875.0,5650.0,5725.0,30080700.0
2025-10-09 09:00:00+00:00,5775.0,5925.0,5750.0,5925.0,27699300.0
2025-10-10 09:00:00+00:00,5925.0,5950.0,5850.0,5900.0,27133800.0
2025-10-13 09:00:00+00:00,5850.0,5925.0,5775.0,5800.0,29034500.0
2025-10-14 09:00:00+00:00,5800.0,6025.0,5800.0,5825.0,53096200.0
2025-10-15 09:00:00+00:00,5950.0,5950.0,5750.0,5775.0,96604500.0
2025-10-16 09:00:00+00:00,5850.0,5850.0,5750.0,5750.0,15044500.0
2025-10-17 09:00:00+00:00,5725.0,5800.0,5575.0,5625.0,31793700.0
2025-10-20 09:00:00+00:00,5625.0,5925.0,5625.0,5925.0,29959700.0
2025-10-21 09:00:00+00:00,6000.0,6050.0,5900.0,6000.0,46181700.0
2025-10-22 09:00:00+00:00,6050.0,6300.0,6000.0,6175.0,98615300.0
2025-10-23 09:00:00+00:00,6075.0,6400.0,6075.0,6325.0,60009000.0
2025-10-24 09:00:00+00:00,6375.0,6675.0,6350.0,6575.0,93344500.0
2025-10-27 09:00:00+00:00,6600.0,6725.0,6375.0,6600.0,64262300.0
2025-10-28 09:00:00+00:00,6600.0,6600.0,6275.0,6325.0,37953500.0
2025-10-29 09:00:00+00:00,6250.0,6500.0,6225.0,6475.0,39818900.0
2025-10-30 09:00:00+00:00,6425.0,6450.0,6250.0,6275.0,28976800.0
2025-10-31 09:00:00+00:00,6250.0,6300.0,6125.0,6150.0,64790000.0
2025-11-03 09:00:00+00:00,6150.0,6450.0,6150.0,6350.0,59085000.0
2025-11-04 09:00:00+00:00,6300.0,6375.0,6250.0,6300.0,62249200.0
2025-11-05 09:00:00+00:00,6250.0,6325.0,6175.0,6250.0,43439100.0
2025-11-06 09:00:00+00:00,6300.0,6350.0,6200.0,6325.0,48979900.0
2025-11-07 09:00:00+00:00,6325.0,6450.0,6300.0,6425.0,42960800.0
2025-11-10 09:00:00+00:00,6500.0,6500.0,6400.0,6425.0,45533400.0
2025-11-11 09:00:00+00:00,6550.0,6600.0,6450.0,6525.0,43529600.0
2025-11-12 09:00:00+00:00,6550.0,6575.0,6400.0,6450.0,37083400.0
2025-11-13 09:00:00+00:00,6425.0,6425.0,6350.0,6375.0,21200000.0
2025-11-14 09:00:00+00:00,6375.0,6450.0,6325.0,6400.0,23431700.0
2025-11-17 09:00:00+00:00,6400.0,6500.0,6375.0,6450.0,40681500.0
2025-11-18 09:00:00+00:00,6475.0,6550.0,6400.0,6425.0,27510900.0
2025-11-19 09:00:00+00:00,6425.0,6475.0,6275.0,6400.0,45476700.0
2025-11-20 09:00:00+00:00,6450.0,6500.0,6375.0,6425.0,30547700.0
2025-11-21 09:00:00+00:00,6400.0,6425.0,6325.0,6425.0,43653200.0
2025-11-24 09:00:00+00:00,6500.0,6525.0,6425.0,6475.0,71721700.0
2025-11-25 09:00:00+00:00,6425.0,6475.0,6375.0,6450.0,20954400.0
2025-11-26 09:00:00+00:00,6500.0,6600.0,6425.0,6600.0,29331000.0
2025-11-27 09:00:00+00:00,6600.0,6600.0,6450.0,6575.0,23737100.0
2025-11-28 09:00:00+00:00,6600.0,6600.0,6500.0,6550.0,38378700.0
2025-12-01 09:00:00+00:00,6375.0,6500.0,6325.0,6375.0,38669000.0
2025-12-02 09:00:00+00:00,6575.0,6625.0,6500.0,6625.0,53567600.0
2025-12-03 09:00:00+00:00,6600.0,6650.0,6550.0,6600.0,24386200.0
2025-12-04 09:00:00+00:00,6575.0,6725.0,6550.0,6725.0,38510600.0
2025-12-05 09:00:00+00:00,6725.0,6900.0,6700.0,6700.0,67707300.0
2025-12-08 09:00:00+00:00,6825.0,6825.0,6625.0,6725.0,38776000.0
2025-12-09 09:00:00+00:00,6775.0,6775.0,6450.0,6600.0,38482800.0
2025-12-10 09:00:00+00:00,6700.0,6725.0,6550.0,6625.0,34524000.0
2025-12-11 09:00:00+00:00,6650.0,6675.0,6350.0,6450.0,42116700.0
2025-12-12 09:00:00+00:00,6550.0,6600.0,6425.0,6600.0,28841900.0
2025-12-15 09:00:00+00:00,6725.0,6725.0,6525.0,6600.0,38096700.0
2025-12-16 09:00:00+00:00,6575.0,6600.0,6500.0,6600.0,34723600.0
2025-12-17 09:00:00+00:00,6550.0,6600.0,6500.0,6600.0,32681400.0
2025-12-18 09:00:00+00:00,6600.0,6600.0,6475.0,6500.0,20454400.0
2025-12-19 09:00:00+00:00,6575.0,6575.0,6425.0,6525.0,61201100.0
2025-12-22 09:00:00+00:00,6450.0,6600.0,6450.0,6575.0,30755900.0
2025-12-23 09:00:00+00:00,6500.0,6575.0,6450.0,6500.0,13756700.0
2025-12-24 09:00:00+00:00,6450.0,6675.0,6450.0,6625.0,20273000.0
2025-12-29 09:00:00+00:00,6625.0,6725.0,6600.0,6675.0,20982300.0
2025-12-30 09:00:00+00:00,6675.0,6725.0,6600.0,6700.0,23486000.0
2026-01-02 09:00:00+00:00,6600.0,6800.0,6600.0,6800.0,19569100.0
2026-01-05 09:00:00+00:00,6775.0,6875.0,6675.0,6875.0,30633400.0
2026-01-06 09:00:00+00:00,6875.0,6900.0,6700.0,6900.0,33964700.0
2026-01-07 09:00:00+00:00,6800.0,7075.0,6800.0,7025.0,55249800.0
2026-01-08 09:00:00+00:00,7025.0,7100.0,6975.0,7000.0,30845500.0
2026-01-09 09:00:00+00:00,7000.0,7100.0,6825.0,6875.0,29171000.0
2026-01-12 09:00:00+00:00,6925.0,7000.0,6900.0,7000.0,24915100.0
2026-01-13 09:00:00+00:00,7075.0,7300.0,7025.0,7300.0,65659900.0
2026-01-14 09:00:00+00:00,7200.0,7225.0,7025.0,7125.0,40658400.0
2026-01-15 09:00:00+00:00,7200.0,7200.0,7000.0,7050.0,26410300.0
2026-01-19 09:00:00+00:00,7200.0,7475.0,7175.0,7400.0,51590900.0
2026-01-20 09:00:00+00:00,7350.0,7375.0,7225.0,7275.0,21167100.0
2026-01-21 09:00:00+00:00,6300.0,6800.0,6300.0,6600.0,269454100.0
2026-01-22 09:00:00+00:00,6700.0,6850.0,6625.0,6775.0,70220500.0
2026-01-23 09:00:00+00:00,6800.0,6900.0,6650.0,6825.0,52227800.0
2026-01-26 09:00:00+00:00,6850.0,6875.0,6700.0,6875.0,55468700.0
2026-01-27 09:00:00+00:00,6775.0,6800.0,6225.0,6300.0,145465800.0
2026-01-28 09:00:00+00:00,6200.0,6475.0,5775.0,6175.0,200262500.0
2026-01-29 09:00:00+00:00,6200.0,6475.0,5725.0,6475.0,136295200.0
2026-01-30 09:00:00+00:00,6525.0,6550.0,6300.0,6350.0,101087200.0
2026-02-02 09:00:00+00:00,6350.0,6400.0,6175.0,6275.0,71571500.0
2026-02-03 09:00:00+00:00,6375.0,6800.0,6325.0,6800.0,63526500.0
2026-02-04 09:00:00+00:00,6800.0,6825.0,6625.0,6675.0,58211100.0
2026-02-05 09:00:00+00:00,6725.0,7000.0,6725.0,6950.0,72792600.0
2026-02-06 09:00:00+00:00,6800.0,6800.0,6575.0,6700.0,49547300.0
2026-02-09 09:00:00+00:00,6750.0,6750.0,6525.0,6650.0,34797900.0
2026-02-10 09:00:00+00:00,6700.0,6850.0,6650.0,6850.0,45371100.0
2026-02-11 09:00:00+00:00,6800.0,6825.0,6700.0,6750.0,41050100.0
2026-02-12 09:00:00+00:00,6775.0,6900.0,6750.0,6775.0,26536900.0
2026-02-13 09:00:00+00:00,6775.0,6775.0,6575.0,6650.0,31212900.0
2026-02-18 09:00:00+00:00,6750.0,6750.0,6650.0,6700.0,25858200.0
2026-02-19 09:00:00+00:00,6700.0,6775.0,6550.0,6600.0,46704000.0
2026-02-20 09:00:00+00:00,6600.0,6650.0,6550.0,6550.0,28160900.0
2026-02-23 09:00:00+00:00,6625.0,6650.0,6550.0,6625.0,38075400.0
2026-02-24 09:00:00+00:00,6650.0,6725.0,6550.0,6550.0,51297100.0
2026-02-25 09:00:00+00:00,6600.0,6675.0,6575.0,6650.0,45214100.0
2026-02-26 09:00:00+00:00,6700.0,6725.0,6575.0,6725.0,30901600.0
2026-02-27 09:00:00+00:00,6725.0,6750.0,6575.0,6675.0,68396400.0
2026-03-02 09:00:00+00:00,6600.0,6625.0,6275.0,6300.0,60477400.0
2026-03-03 09:00:00+00:00,6400.0,6425.0,6250.0,6275.0,31573300.0
2026-03-04 09:00:00+00:00,6275.0,6325.0,6000.0,6150.0,49747800.0
2026-03-05 09:00:00+00:00,6300.0,6350.0,6200.0,6325.0,38471400.0
2026-03-06 09:00:00+00:00,6300.0,6300.0,6050.0,6125.0,38071100.0
2026-03-09 09:00:00+00:00,5900.0,5900.0,5800.0,5850.0,46625500.0
2026-03-10 09:00:00+00:00,5900.0,6150.0,5900.0,6000.0,33964900.0
2026-03-11 09:00:00+00:00,6000.0,6050.0,5875.0,5950.0,18403300.0
2026-03-12 09:00:00+00:00,5975.0,6050.0,5900.0,5950.0,20628100.0
2026-03-13 09:00:00+00:00,5900.0,5950.0,5775.0,5825.0,27856000.0
2026-03-16 09:00:00+00:00,5875.0,5900.0,5675.0,5850.0,37696400.0
2026-03-17 09:00:00+00:00,5925.0,5925.0,5750.0,5800.0,89895700.0
2026-03-25 09:00:00+00:00,6300.0,6600.0,6100.0,6600.0,134276600.0
2026-03-26 09:00:00+00:00,6575.0,6575.0,6225.0,6250.0,45012000.0
2026-03-27 09:00:00+00:00,6200.0,6225.0,6050.0,6125.0,32993200.0
2026-03-30 09:00:00+00:00,6100.0,6400.0,6000.0,6350.0,48246100.0
2026-03-31 09:00:00+00:00,6350.0,6350.0,6175.0,6250.0,31516100.0
2026-04-01 09:00:00+00:00,6275.0,6350.0,6125.0,6250.0,37708800.0
2026-04-02 09:00:00+00:00,6150.0,6300.0,6025.0,6075.0,37842500.0
2026-04-06 09:00:00+00:00,6075.0,6125.0,6025.0,6100.0,15705000.0
2026-04-07 09:00:00+00:00,6075.0,6075.0,5875.0,5900.0,22912400.0
2026-04-08 09:00:00+00:00,6050.0,6250.0,6025.0,6200.0,28419500.0
2026-04-09 09:00:00+00:00,6150.0,6175.0,6050.0,6175.0,25785600.0
2026-04-10 09:00:00+00:00,6225.0,6350.0,6200.0,6300.0,37451300.0
2026-04-13 09:00:00+00:00,6275.0,6275.0,6150.0,6175.0,35616700.0
2026-04-14 09:00:00+00:00,6250.0,6275.0,6100.0,6150.0,35499900.0
2026-04-15 09:00:00+00:00,6250.0,6400.0,6225.0,6300.0,54204700.0
2026-04-16 09:00:00+00:00,6350.0,6375.0,6175.0,6200.0,28237100.0
2026-04-17 09:00:00+00:00,6275.0,6475.0,6250.0,6375.0,25291100.0
2026-04-20 09:00:00+00:00,6375.0,6450.0,6275.0,6350.0,18307400.0
2026-04-21 09:00:00+00:00,6450.0,6450.0,6300.0,6325.0,25696400.0
2026-04-22 09:00:00+00:00,6425.0,6625.0,6375.0,6600.0,42250100.0
2026-04-23 09:00:00+00:00,6600.0,6625.0,6325.0,6325.0,31725300.0
2026-04-24 09:00:00+00:00,6400.0,6475.0,6275.0,6325.0,27751700.0
2026-04-27 09:00:00+00:00,6375.0,6375.0,6125.0,6125.0,19496400.0
2026-04-28 09:00:00+00:00,6150.0,6200.0,6025.0,6025.0,36965000.0
2026-04-29 09:00:00+00:00,6125.0,6250.0,6025.0,6050.0,26325800.0
2026-04-30 09:00:00+00:00,6075.0,6075.0,5975.0,5975.0,47690300.0
2026-05-04 09:00:00+00:00,6050.0,6125.0,6025.0,6075.0,33999000.0
2026-05-05 09:00:00+00:00,5825.0,5950.0,5725.0,5875.0,38038400.0
2026-05-06 09:00:00+00:00,5950.0,5975.0,5750.0,5750.0,27273500.0
2026-05-07 09:00:00+00:00,5800.0,5900.0,5775.0,5850.0,37017100.0
2026-05-08 09:00:00+00:00,5875.0,6000.0,5800.0,5825.0,36425000.0
2026-05-11 09:00:00+00:00,5925.0,6050.0,5825.0,6050.0,26376000.0
2026-05-12 09:00:00+00:00,6050.0,6100.0,5850.0,5850.0,25658100.0
2026-05-13 09:00:00+00:00,5850.0,5900.0,5750.0,5750.0,32026500.0
2026-05-14 09:00:00+00:00,5750.0,5750.0,5750.0,5750.0,0.0
2026-05-15 09:00:00+00:00,5750.0,5750.0,5750.0,5750.0,0.0
2026-05-18 09:00:00+00:00,5825.0,6000.0,5775.0,6000.0,54305300.0
2026-05-19 09:00:00+00:00,6000.0,6050.0,5925.0,5950.0,34901400.0
2026-05-20 09:00:00+00:00,5950.0,6100.0,5900.0,5975.0,37175000.0
2026-05-21 09:00:00+00:00,6000.0,6025.0,5600.0,5600.0,57790800.0
2026-05-22 09:00:00+00:00,5625.0,5650.0,5300.0,5400.0,65064200.0
2026-05-25 09:00:00+00:00,5425.0,5625.0,5325.0,5600.0,92115700.0
2026-05-26 09:00:00+00:00,5575.0,5600.0,5125.0,5125.0,82648100.0
2026-05-27 09:00:00+00:00,5125.0,5125.0,5125.0,5125.0,0.0
2026-05-28 09:00:00+00:00,5125.0,5125.0,5125.0,5125.0,0.0
2026-05-29 09:00:00+00:00,4800.0,5200.0,4800.0,5000.0,481573900.0
2026-06-02 09:00:00+00:00,5000.0,5050.0,4840.0,4900.0,156532600.0
2026-06-03 09:00:00+00:00,4900.0,4920.0,4670.0,4840.0,101108500.0
2026-06-04 09:00:00+00:00,4810.0,4840.0,4570.0,4630.0,160423900.0
2026-06-05 09:00:00+00:00,4600.0,4620.0,4530.0,4570.0,64364700.0
2026-06-08 09:00:00+00:00,4550.0,4550.0,4350.0,4360.0,85460100.0
2026-06-09 09:00:00+00:00,4360.0,4680.0,4360.0,4670.0,84193600.0
2026-06-10 09:00:00+00:00,4650.0,4750.0,4530.0,4700.0,91880000.0
2026-06-11 09:00:00+00:00,4700.0,4950.0,4680.0,4700.0,85205900.0
2026-06-12 09:00:00+00:00,4760.0,4810.0,4720.0,4740.0,66162000.0
2026-06-15 09:00:00+00:00,4900.0,4980.0,4880.0,4890.0,89864300.0
2026-06-17 09:00:00+00:00,4880.0,4910.0,4790.0,4800.0,72821600.0
2026-06-18 09:00:00+00:00,4800.0,4830.0,4710.0,4770.0,60565200.0
2026-06-19 09:00:00+00:00,4770.0,4830.0,4750.0,4810.0,229098200.0
2026-06-22 09:00:00+00:00,4880.0,4880.0,4710.0,4730.0,46627400.0
2026-06-23 09:00:00+00:00,4730.0,4780.0,4650.0,4680.0,57376700.0
2026-06-24 09:00:00+00:00,4830.0,4830.0,4630.0,4640.0,53683100.0
2026-06-25 09:00:00+00:00,4640.0,4950.0,4640.0,4920.0,88497000.0
2026-06-26 09:00:00+00:00,4920.0,4930.0,4710.0,4760.0,64841400.0
2026-06-29 09:00:00+00:00,4770.0,4770.0,4680.0,4710.0,25237300.0
2026-06-30 09:00:00+00:00,4710.0,4720.0,4470.0,4520.0,81706000.0
2026-07-01 09:00:00+00:00,4530.0,4650.0,4500.0,4600.0,30899300.0
2026-07-02 09:00:00+00:00,4620.0,4680.0,4580.0,4580.0,52263400.0
2026-07-03 09:00:00+00:00,4600.0,4830.0,4600.0,4810.0,24908400.0
2026-07-06 09:00:00+00:00,4810.0,4810.0,4690.0,4780.0,31139400.0
2026-07-07 09:00:00+00:00,4790.0,4980.0,4780.0,4930.0,44556600.0
2026-07-08 09:00:00+00:00,4930.0,4980.0,4870.0,4890.0,44811600.0
2026-07-09 09:00:00+00:00,4900.0,4900.0,4760.0,4880.0,43391100.0
2026-07-10 09:00:00+00:00,4850.0,4870.0,4770.0,4810.0,24557100.0
2026-07-13 09:00:00+00:00,4810.0,4860.0,4730.0,4850.0,43780800.0
2026-07-14 09:00:00+00:00,4850.0,4910.0,4810.0,4880.0,50811200.0
2026-07-15 09:00:00+00:00,4880.0,4930.0,4850.0,4850.0,37729500.0
2026-07-16 09:00:00+00:00,4850.0,5150.0,4840.0,5100.0,72624500.0
2026-07-17 09:00:00+00:00,5125.0,5200.0,5025.0,5100.0,65960600.0
2026-07-20 09:00:00+00:00,5125.0,5250.0,5050.0,5050.0,67793400.0
2026-07-21 09:00:00+00:00,5100.0,5150.0,5050.0,5100.0,40894600.0
2026-07-22 09:00:00+00:00,5150.0,5300.0,5100.0,5150.0,93334100.0
2026-07-23 09:00:00+00:00,5150.0,5175.0,5000.0,5000.0,66257200.0
2026-07-24 09:00:00+00:00,4980.0,4980.0,4900.0,4980.0,73314000.0
2026-07-27 09:00:00+00:00,4950.0,4950.0,4900.0,4910.0,21049300.0
2026-07-28 09:00:00+00:00,4920.0,5025.0,4920.0,4970.0,34388400.0
2026-07-29 09:00:00+00:00,5000.0,5025.0,4950.0,4960.0,23808100.0
2026-07-30 09:00:00+00:00,4920.0,4950.0,4870.0,4950.0,33910100.0
2026-07-31 09:00:00+00:00,5000.0,5175.0,5000.0,5100.0,46139800.0
2026-08-03 09:00:00+00:00,5275.0,5275.0,5000.0,5050.0,30943600.0
2026-08-04 09:00:00+00:00,5050.0,5125.0,5000.0,5125.0,39489500.0
2026-08-05 09:00:00+00:00,5150.0,5175.0,5000.0,5025.0,49014700.0
2026-08-06 09:00:00+00:00,5050.0,5125.0,5025.0,5100.0,53209500.0
2026-08-07 09:00:00+00:00,5050.0,5175.0,5025.0,5100.0,34507300.0
2026-08-10 09:00:00+00:00,5100.0,5100.0,4960.0,5000.0,70515600.0
2026-08-11 09:00:00+00:00,5000.0,5025.0,4860.0,4870.0,49228200.0
2026-08-12 09:00:00+00:00,4870.0,4920.0,4810.0,4860.0,62946100.0
2026-08-13 09:00:00+00:00,4880.0,4890.0,4780.0,4800.0,48407300.0
2026-08-14 09:00:00+00:00,4800.0,4820.0,4760.0,4780.0,31883200.0
2026-08-18 09:00:00+00:00,4800.0,4820.0,4760.0,4790.0,59420100.0
2026-08-19 09:00:00+00:00,4790.0,4800.0,4720.0,4730.0,44815500.0
2026-08-20 09:00:00+00:00,4750.0,4790.0,4730.0,4790.0,40700200.0
2026-08-21 09:00:00+00:00,4840.0,4850.0,4780.0,4780.0,48756800.0
2026-08-24 09:00:00+00:00,4800.0,4800.0,4730.0,4790.0,35455200.0
2026-08-25 09:00:00+00:00,4790.0,4790.0,4790.0,4790.0,0.0
2026-08-26 09:00:00+00:00,4800.0,4810.0,4740.0,4780.0,47671400.0
2026-08-27 09:00:00+00:00,4780.0,4810.0,4740.0,4790.0,37802400.0
2026-08-28 09:00:00+00:00,4790.0,4860.0,4760.0,4800.0,53631000.0
2026-08-31 09:00:00+00:00,4800.0,4830.0,4770.0,4800.0,79688700.0
2026-09-01 09:00:00+00:00,4800.0,4930.0,4790.0,4920.0,72626100.0
2026-09-02 09:00:00+00:00,4930.0,4940.0,4830.0,4840.0,46788800.0
2026-09-03 09:00:00+00:00,4860.0,5050.0,4850.0,5050.0,84978900.0
2026-09-04 09:00:00+00:00,5050.0,5050.0,4880.0,4900.0,50573000.0
