ts,open,high,low,close,volume
2018-09-10 09:00:00+00:00,1237.5,1275.0,1225.0,1275.0,4833600.0
2018-09-11 09:00:00+00:00,1275.0,1275.0,1275.0,1275.0,0.0
2018-09-12 09:00:00+00:00,1250.0,1275.0,1192.5,1210.0,15306400.0
2018-09-13 09:00:00+00:00,1197.5,1205.0,1172.5,1205.0,26396400.0
2018-09-14 09:00:00+00:00,1192.5,1237.5,1190.0,1225.0,20327200.0
2018-09-17 09:00:00+00:00,1225.0,1225.0,1200.0,1210.0,13773200.0
2018-09-18 09:00:00+00:00,1207.5,1215.0,1187.5,1212.5,13893200.0
2018-09-19 09:00:00+00:00,1210.0,1232.5,1210.0,1212.5,11906000.0
2018-09-20 09:00:00+00:00,1220.0,1235.0,1210.0,1230.0,49512000.0
2018-09-21 09:00:00+00:00,1230.0,1256.25,1227.5,1256.25,15076000.0
2018-09-24 09:00:00+00:00,1256.25,1268.75,1237.5,1262.5,6870400.0
2018-09-25 09:00:00+00:00,1262.5,1262.5,1225.0,1250.0,7831200.0
2018-09-26 09:00:00+00:00,1262.5,1262.5,1220.0,1220.0,6479200.0
2018-09-27 09:00:00+00:00,1217.5,1230.0,1212.5,1220.0,19461200.0
2018-09-28 09:00:00+00:00,1230.0,1235.0,1207.5,1230.0,11453200.0
2018-10-01 09:00:00+00:00,1230.0,1230.0,1190.0,1190.0,14488800.0
2018-10-02 09:00:00+00:00,1197.5,1202.5,1162.5,1167.5,4130000.0
2018-10-03 09:00:00+00:00,1167.5,1180.0,1145.0,1157.5,4508000.0
2018-10-04 09:00:00+00:00,1157.5,1157.5,1105.0,1132.5,9630000.0
2018-10-05 09:00:00+00:00,1120.0,1137.5,1107.5,1132.5,11998400.0
2018-10-08 09:00:00+00:00,1132.5,1147.5,1130.0,1140.0,27081200.0
2018-10-09 09:00:00+00:00,1145.0,1155.0,1142.5,1142.5,15736000.0
2018-10-10 09:00:00+00:00,1150.0,1150.0,1140.0,1140.0,7585200.0
2018-10-11 09:00:00+00:00,1100.0,1142.5,1075.0,1142.5,6740800.0
2018-10-12 09:00:00+00:00,1142.5,1142.5,1132.5,1135.0,8284400.0
2018-10-15 09:00:00+00:00,1132.5,1157.5,1132.5,1137.5,7786000.0
2018-10-16 09:00:00+00:00,1147.5,1155.0,1127.5,1132.5,10249200.0
2018-10-17 09:00:00+00:00,1137.5,1137.5,1125.0,1130.0,8931200.0
2018-10-18 09:00:00+00:00,1130.0,1135.0,1115.0,1127.5,7789200.0
2018-10-19 09:00:00+00:00,1140.0,1140.0,1117.5,1117.5,2576800.0
2018-10-22 09:00:00+00:00,1120.0,1125.0,1112.5,1112.5,4024000.0
2018-10-23 09:00:00+00:00,1115.0,1120.0,1107.5,1117.5,4146800.0
2018-10-24 09:00:00+00:00,1120.0,1170.0,1117.5,1152.5,8297600.0
2018-10-25 09:00:00+00:00,1092.5,1177.5,1087.5,1177.5,7970800.0
2018-10-26 09:00:00+00:00,1177.5,1197.5,1162.5,1197.5,4407200.0
2018-10-29 09:00:00+00:00,1210.0,1210.0,1187.5,1200.0,8433200.0
2018-10-30 09:00:00+00:00,1197.5,1207.5,1187.5,1207.5,8390000.0
2018-10-31 09:00:00+00:00,1207.5,1225.0,1200.0,1202.5,5063600.0
2018-11-01 09:00:00+00:00,1202.5,1205.0,1187.5,1205.0,3990000.0
2018-11-02 09:00:00+00:00,1205.0,1205.0,1190.0,1192.5,5029200.0
2018-11-05 09:00:00+00:00,1192.5,1205.0,1182.5,1205.0,6481200.0
2018-11-06 09:00:00+00:00,1192.5,1212.5,1192.5,1192.5,7348800.0
2018-11-07 09:00:00+00:00,1192.5,1210.0,1192.5,1205.0,8877200.0
2018-11-08 09:00:00+00:00,1202.5,1215.0,1197.5,1200.0,19811200.0
2018-11-09 09:00:00+00:00,1197.5,1212.5,1135.0,1212.5,33446400.0
2018-11-12 09:00:00+00:00,1202.5,1235.0,1197.5,1230.0,16233200.0
2018-11-13 09:00:00+00:00,1230.0,1247.5,1187.5,1187.5,10980400.0
2018-11-14 09:00:00+00:00,1202.5,1215.0,1190.0,1212.5,11003200.0
2018-11-15 09:00:00+00:00,1215.0,1230.0,1210.0,1212.5,5287200.0
2018-11-16 09:00:00+00:00,1225.0,1227.5,1210.0,1220.0,6868400.0
2018-11-19 09:00:00+00:00,1225.0,1240.0,1212.5,1237.5,11959600.0
2018-11-20 09:00:00+00:00,1237.5,1237.5,1237.5,1237.5,0.0
2018-11-21 09:00:00+00:00,1240.0,1343.75,1235.0,1293.75,15506000.0
2018-11-22 09:00:00+00:00,1312.5,1312.5,1268.75,1293.75,4417600.0
2018-11-23 09:00:00+00:00,1275.0,1312.5,1275.0,1300.0,3964000.0
2018-11-26 09:00:00+00:00,1325.0,1343.75,1293.75,1312.5,6975600.0
2018-11-27 09:00:00+00:00,1337.5,1337.5,1293.75,1300.0,4031600.0
2018-11-28 09:00:00+00:00,1306.25,1325.0,1262.5,1275.0,6266800.0
2018-11-29 09:00:00+00:00,1287.5,1337.5,1268.75,1306.25,6685600.0
2018-11-30 09:00:00+00:00,1312.5,1331.25,1281.25,1331.25,3992400.0
2018-12-03 09:00:00+00:00,1343.75,1343.75,1293.75,1325.0,3216000.0
2018-12-04 09:00:00+00:00,1300.0,1312.5,1281.25,1312.5,7948800.0
2018-12-05 09:00:00+00:00,1312.5,1343.75,1300.0,1300.0,4212000.0
2018-12-06 09:00:00+00:00,1312.5,1343.75,1293.75,1325.0,3102800.0
2018-12-07 09:00:00+00:00,1325.0,1337.5,1318.75,1337.5,3936400.0
2018-12-10 09:00:00+00:00,1337.5,1337.5,1325.0,1337.5,3332800.0
2018-12-11 09:00:00+00:00,1337.5,1375.0,1331.25,1350.0,7343600.0
2018-12-12 09:00:00+00:00,1368.75,1387.5,1350.0,1375.0,11580800.0
2018-12-13 09:00:00+00:00,1375.0,1381.25,1337.5,1362.5,4452800.0
2018-12-14 09:00:00+00:00,1362.5,1375.0,1325.0,1375.0,4938000.0
2018-12-17 09:00:00+00:00,1375.0,1393.75,1343.75,1343.75,5573600.0
2018-12-18 09:00:00+00:00,1343.75,1362.5,1343.75,1362.5,6060000.0
2018-12-19 09:00:00+00:00,1362.5,1456.25,1362.5,1425.0,27438800.0
2018-12-20 09:00:00+00:00,1425.0,1425.0,1375.0,1387.5,6706400.0
2018-12-21 09:00:00+00:00,1381.25,1425.0,1381.25,1425.0,5531600.0
2018-12-24 09:00:00+00:00,1425.0,1425.0,1425.0,1425.0,0.0
2018-12-25 09:00:00+00:00,1425.0,1425.0,1425.0,1425.0,0.0
2018-12-26 09:00:00+00:00,1425.0,1450.0,1406.25,1443.75,6044400.0
2018-12-27 09:00:00+00:00,1456.25,1456.25,1400.0,1400.0,5343600.0
2018-12-28 09:00:00+00:00,1412.5,1481.25,1406.25,1481.25,11543600.0
2018-12-31 09:00:00+00:00,1481.25,1481.25,1481.25,1481.25,0.0
2019-01-01 09:00:00+00:00,1481.25,1481.25,1481.25,1481.25,0.0
2019-01-02 09:00:00+00:00,1481.25,1500.0,1456.25,1500.0,3467600.0
2019-01-03 09:00:00+00:00,1512.5,1512.5,1475.0,1500.0,2579200.0
2019-01-04 09:00:00+00:00,1475.0,1487.5,1475.0,1481.25,3981200.0
2019-01-07 09:00:00+00:00,1481.25,1506.25,1468.75,1475.0,9725200.0
2019-01-08 09:00:00+00:00,1475.0,1493.75,1437.5,1443.75,4102800.0
2019-01-09 09:00:00+00:00,1443.75,1462.5,1431.25,1431.25,4136000.0
2019-01-10 09:00:00+00:00,1431.25,1450.0,1412.5,1425.0,6770400.0
2019-01-11 09:00:00+00:00,1425.0,1450.0,1425.0,1450.0,1335200.0
2019-01-14 09:00:00+00:00,1481.25,1481.25,1418.75,1425.0,12181600.0
2019-01-15 09:00:00+00:00,1437.5,1462.5,1368.75,1412.5,15356400.0
2019-01-16 09:00:00+00:00,1412.5,1437.5,1400.0,1400.0,17649600.0
2019-01-17 09:00:00+00:00,1400.0,1425.0,1375.0,1387.5,14776800.0
2019-01-18 09:00:00+00:00,1387.5,1406.25,1343.75,1362.5,13134000.0
2019-01-21 09:00:00+00:00,1368.75,1375.0,1343.75,1350.0,7333200.0
2019-01-22 09:00:00+00:00,1362.5,1412.5,1350.0,1412.5,9838400.0
2019-01-23 09:00:00+00:00,1425.0,1443.75,1375.0,1400.0,10560800.0
2019-01-24 09:00:00+00:00,1400.0,1400.0,1350.0,1375.0,7255200.0
2019-01-25 09:00:00+00:00,1375.0,1406.25,1343.75,1343.75,18946800.0
2019-01-28 09:00:00+00:00,1343.75,1412.5,1343.75,1375.0,9158800.0
2019-01-29 09:00:00+00:00,1400.0,1431.25,1375.0,1425.0,8977200.0
2019-01-30 09:00:00+00:00,1425.0,1462.5,1425.0,1425.0,10585600.0
2019-01-31 09:00:00+00:00,1425.0,1475.0,1412.5,1468.75,8555600.0
2019-02-01 09:00:00+00:00,1475.0,1481.25,1437.5,1437.5,6795200.0
2019-02-04 09:00:00+00:00,1437.5,1468.75,1418.75,1437.5,4427600.0
2019-02-05 09:00:00+00:00,1437.5,1437.5,1437.5,1437.5,0.0
2019-02-06 09:00:00+00:00,1450.0,1462.5,1412.5,1431.25,8363600.0
2019-02-07 09:00:00+00:00,1431.25,1431.25,1412.5,1425.0,6226800.0
2019-02-08 09:00:00+00:00,1431.25,1431.25,1393.75,1412.5,5721200.0
2019-02-11 09:00:00+00:00,1412.5,1412.5,1381.25,1387.5,6428000.0
2019-02-12 09:00:00+00:00,1387.5,1387.5,1350.0,1350.0,5156400.0
2019-02-13 09:00:00+00:00,1356.25,1425.0,1350.0,1393.75,15322000.0
2019-02-14 09:00:00+00:00,1393.75,1406.25,1393.75,1406.25,8735200.0
2019-02-15 09:00:00+00:00,1412.5,1418.75,1375.0,1387.5,6808400.0
2019-02-18 09:00:00+00:00,1381.25,1393.75,1343.75,1368.75,8638000.0
2019-02-19 09:00:00+00:00,1362.5,1375.0,1337.5,1337.5,6499200.0
2019-02-20 09:00:00+00:00,1337.5,1356.25,1337.5,1337.5,7375600.0
2019-02-21 09:00:00+00:00,1350.0,1400.0,1343.75,1393.75,8310800.0
2019-02-22 09:00:00+00:00,1393.75,1393.75,1362.5,1387.5,1978000.0
2019-02-25 09:00:00+00:00,1387.5,1443.75,1387.5,1418.75,8060000.0
2019-02-26 09:00:00+00:00,1431.25,1450.0,1431.25,1443.75,4628400.0
2019-02-27 09:00:00+00:00,1443.75,1443.75,1425.0,1443.75,5045200.0
2019-02-28 09:00:00+00:00,1425.0,1437.5,1400.0,1425.0,3297600.0
2019-03-01 09:00:00+00:00,1425.0,1431.25,1412.5,1431.25,3578800.0
2019-03-04 09:00:00+00:00,1443.75,1443.75,1418.75,1431.25,2534000.0
2019-03-05 09:00:00+00:00,1425.0,1437.5,1375.0,1437.5,5031200.0
2019-03-06 09:00:00+00:00,1437.5,1443.75,1425.0,1425.0,2231200.0
2019-03-07 09:00:00+00:00,1425.0,1425.0,1425.0,1425.0,0.0
2019-03-08 09:00:00+00:00,1425.0,1431.25,1393.75,1412.5,1844400.0
2019-03-11 09:00:00+00:00,1393.75,1393.75,1375.0,1375.0,3087600.0
2019-03-12 09:00:00+00:00,1387.5,1387.5,1368.75,1375.0,2507600.0
2019-03-13 09:00:00+00:00,1393.75,1400.0,1375.0,1393.75,5168000.0
2019-03-14 09:00:00+00:00,1381.25,1425.0,1381.25,1412.5,6882000.0
2019-03-15 09:00:00+00:00,1425.0,1425.0,1406.25,1418.75,4691600.0
2019-03-18 09:00:00+00:00,1412.5,1425.0,1400.0,1406.25,6040400.0
2019-03-19 09:00:00+00:00,1450.0,1450.0,1400.0,1400.0,7603200.0
2019-03-20 09:00:00+00:00,1400.0,1418.75,1393.75,1406.25,7440000.0
2019-03-21 09:00:00+00:00,1400.0,1418.75,1400.0,1406.25,6885200.0
2019-03-22 09:00:00+00:00,1406.25,1418.75,1400.0,1406.25,7484400.0
2019-03-25 09:00:00+00:00,1393.75,1400.0,1375.0,1381.25,9826000.0
2019-03-26 09:00:00+00:00,1425.0,1462.5,1418.75,1456.25,15327200.0
2019-03-27 09:00:00+00:00,1462.5,1506.25,1462.5,1462.5,17658800.0
2019-03-28 09:00:00+00:00,1456.25,1468.75,1387.5,1393.75,13297600.0
2019-03-29 09:00:00+00:00,1418.75,1418.75,1387.5,1387.5,5073200.0
2019-04-01 09:00:00+00:00,1400.0,1431.25,1393.75,1418.75,6580800.0
2019-04-02 09:00:00+00:00,1400.0,1431.25,1387.5,1393.75,7032000.0
2019-04-03 09:00:00+00:00,1393.75,1393.75,1393.75,1393.75,0.0
2019-04-04 09:00:00+00:00,1400.0,1437.5,1400.0,1406.25,6725600.0
2019-04-05 09:00:00+00:00,1431.25,1437.5,1381.25,1393.75,16406000.0
2019-04-08 09:00:00+00:00,1381.25,1387.5,1306.25,1312.5,19738400.0
2019-04-09 09:00:00+00:00,1312.5,1325.0,1287.5,1318.75,17438000.0
2019-04-10 09:00:00+00:00,1312.5,1331.25,1300.0,1300.0,10602000.0
2019-04-11 09:00:00+00:00,1306.25,1318.75,1293.75,1300.0,7916800.0
2019-04-12 09:00:00+00:00,1293.75,1331.25,1293.75,1312.5,11036000.0
2019-04-15 09:00:00+00:00,1306.25,1318.75,1293.75,1306.25,13103600.0
2019-04-16 09:00:00+00:00,1306.25,1331.25,1300.0,1312.5,18756400.0
2019-04-17 09:00:00+00:00,1312.5,1312.5,1312.5,1312.5,0.0
2019-04-18 09:00:00+00:00,1312.5,1325.0,1300.0,1312.5,17044800.0
2019-04-19 09:00:00+00:00,1312.5,1312.5,1312.5,1312.5,0.0
2019-04-22 09:00:00+00:00,1312.5,1325.0,1250.0,1275.0,17065200.0
2019-04-23 09:00:00+00:00,1275.0,1293.75,1225.0,1256.25,16840400.0
2019-04-24 09:00:00+00:00,1268.75,1275.0,1245.0,1256.25,9733200.0
2019-04-25 09:00:00+00:00,1256.25,1275.0,1245.0,1275.0,16187600.0
2019-04-26 09:00:00+00:00,1275.0,1287.5,1256.25,1268.75,16800800.0
2019-04-29 09:00:00+00:00,1262.5,1275.0,1247.5,1256.25,10962400.0
2019-04-30 09:00:00+00:00,1256.25,1281.25,1250.0,1275.0,35095200.0
2019-05-01 09:00:00+00:00,1275.0,1275.0,1275.0,1275.0,0.0
2019-05-02 09:00:00+00:00,1275.0,1306.25,1250.0,1275.0,15689200.0
2019-05-03 09:00:00+00:00,1268.75,1281.25,1256.25,1281.25,6878800.0
2019-05-06 09:00:00+00:00,1275.0,1287.5,1250.0,1268.75,8955200.0
2019-05-07 09:00:00+00:00,1275.0,1306.25,1268.75,1306.25,14685600.0
2019-05-08 09:00:00+00:00,1306.25,1331.25,1281.25,1331.25,10935200.0
2019-05-09 09:00:00+00:00,1337.5,1362.5,1325.0,1350.0,15180000.0
2019-05-10 09:00:00+00:00,1362.5,1381.25,1350.0,1381.25,11870000.0
2019-05-13 09:00:00+00:00,1387.5,1400.0,1343.75,1343.75,18038000.0
2019-05-14 09:00:00+00:00,1318.75,1362.5,1237.5,1287.5,19237600.0
2019-05-15 09:00:00+00:00,1281.25,1318.75,1247.5,1250.0,13352400.0
2019-05-16 09:00:00+00:00,1256.25,1287.5,1245.0,1245.0,9062000.0
2019-05-17 09:00:00+00:00,1250.0,1250.0,1237.5,1245.0,8782000.0
2019-05-20 09:00:00+00:00,1245.0,1256.25,1240.0,1247.5,7270800.0
2019-05-21 09:00:00+00:00,1242.5,1275.0,1242.5,1256.25,7436400.0
2019-05-22 09:00:00+00:00,1262.5,1262.5,1225.0,1232.5,4707600.0
2019-05-23 09:00:00+00:00,1232.5,1256.25,1232.5,1250.0,9141600.0
2019-05-24 09:00:00+00:00,1247.5,1287.5,1247.5,1275.0,10167600.0
2019-05-27 09:00:00+00:00,1275.0,1287.5,1250.0,1268.75,7468400.0
2019-05-28 09:00:00+00:00,1268.75,1293.75,1262.5,1281.25,11591200.0
2019-05-29 09:00:00+00:00,1281.25,1337.5,1247.5,1275.0,22354800.0
2019-05-30 09:00:00+00:00,1275.0,1275.0,1275.0,1275.0,0.0
2019-05-31 09:00:00+00:00,1250.0,1275.0,1180.0,1275.0,63387200.0
2019-06-03 09:00:00+00:00,1275.0,1275.0,1275.0,1275.0,0.0
2019-06-04 09:00:00+00:00,1275.0,1275.0,1275.0,1275.0,0.0
2019-06-05 09:00:00+00:00,1275.0,1275.0,1275.0,1275.0,0.0
2019-06-06 09:00:00+00:00,1275.0,1275.0,1275.0,1275.0,0.0
2019-06-07 09:00:00+00:00,1275.0,1275.0,1275.0,1275.0,0.0
2019-06-10 09:00:00+00:00,1256.25,1262.5,1182.5,1182.5,27530400.0
2019-06-11 09:00:00+00:00,1180.0,1250.0,1180.0,1250.0,35956800.0
2019-06-12 09:00:00+00:00,1250.0,1256.25,1212.5,1256.25,25838400.0
2019-06-13 09:00:00+00:00,1256.25,1256.25,1220.0,1220.0,16640400.0
2019-06-14 09:00:00+00:00,1222.5,1237.5,1177.5,1200.0,23174800.0
2019-06-17 09:00:00+00:00,1200.0,1227.5,1200.0,1217.5,12750400.0
2019-06-18 09:00:00+00:00,1225.0,1227.5,1170.0,1217.5,25226400.0
2019-06-19 09:00:00+00:00,1217.5,1230.0,1192.5,1225.0,26617200.0
2019-06-20 09:00:00+00:00,1225.0,1230.0,1212.5,1225.0,12096800.0
2019-06-21 09:00:00+00:00,1225.0,1242.5,1222.5,1242.5,15723600.0
2019-06-24 09:00:00+00:00,1242.5,1247.5,1230.0,1237.5,10140800.0
2019-06-25 09:00:00+00:00,1237.5,1245.0,1225.0,1237.5,18326000.0
2019-06-26 09:00:00+00:00,1235.0,1242.5,1225.0,1230.0,28591200.0
2019-06-27 09:00:00+00:00,1230.0,1245.0,1230.0,1235.0,22221600.0
2019-06-28 09:00:00+00:00,1237.5,1250.0,1215.0,1242.5,27020800.0
2019-07-01 09:00:00+00:00,1237.5,1247.5,1220.0,1230.0,28162400.0
2019-07-02 09:00:00+00:00,1232.5,1245.0,1230.0,1235.0,23200400.0
2019-07-03 09:00:00+00:00,1237.5,1240.0,1210.0,1225.0,30766400.0
2019-07-04 09:00:00+00:00,1227.5,1240.0,1215.0,1240.0,23703600.0
2019-07-05 09:00:00+00:00,1240.0,1245.0,1180.0,1200.0,29765200.0
2019-07-08 09:00:00+00:00,1200.0,1205.0,1175.0,1200.0,39732400.0
2019-07-09 09:00:00+00:00,1200.0,1205.0,1172.5,1175.0,35674000.0
2019-07-10 09:00:00+00:00,1182.5,1187.5,1177.5,1182.5,18659200.0
2019-07-11 09:00:00+00:00,1187.5,1190.0,1175.0,1187.5,16094000.0
2019-07-12 09:00:00+00:00,1187.5,1200.0,1187.5,1200.0,16361200.0
2019-07-15 09:00:00+00:00,1200.0,1212.5,1200.0,1207.5,21799600.0
2019-07-16 09:00:00+00:00,1207.5,1212.5,1195.0,1212.5,22298000.0
2019-07-17 09:00:00+00:00,1212.5,1256.25,1212.5,1250.0,59464400.0
2019-07-18 09:00:00+00:00,1250.0,1318.75,1250.0,1318.75,43518000.0
2019-07-19 09:00:00+00:00,1318.75,1412.5,1312.5,1412.5,33438000.0
2019-07-22 09:00:00+00:00,1412.5,1550.0,1412.5,1500.0,61964400.0
2019-07-23 09:00:00+00:00,1506.25,1506.25,1462.5,1487.5,27941600.0
2019-07-24 09:00:00+00:00,1493.75,1525.0,1475.0,1512.5,34630000.0
2019-07-25 09:00:00+00:00,1518.75,1537.5,1493.75,1506.25,45597600.0
2019-07-26 09:00:00+00:00,1493.75,1525.0,1481.25,1525.0,42129200.0
2019-07-29 09:00:00+00:00,1506.25,1531.25,1493.75,1518.75,20831200.0
2019-07-30 09:00:00+00:00,1518.75,1550.0,1518.75,1550.0,31976800.0
2019-07-31 09:00:00+00:00,1550.0,1575.0,1543.75,1568.75,45361200.0
2019-08-01 09:00:00+00:00,1568.75,1637.5,1562.5,1637.5,50481600.0
2019-08-02 09:00:00+00:00,1637.5,1662.5,1612.5,1656.25,51216800.0
2019-08-05 09:00:00+00:00,1637.5,1675.0,1637.5,1656.25,37598000.0
2019-08-06 09:00:00+00:00,1631.25,1675.0,1618.75,1675.0,18219200.0
2019-08-07 09:00:00+00:00,1681.25,1731.25,1675.0,1725.0,39840000.0
2019-08-08 09:00:00+00:00,1725.0,1781.25,1725.0,1781.25,60848000.0
2019-08-09 09:00:00+00:00,1781.25,1831.25,1781.25,1825.0,36729600.0
2019-08-12 09:00:00+00:00,1825.0,1850.0,1818.75,1850.0,37634000.0
2019-08-13 09:00:00+00:00,1837.5,1881.25,1837.5,1862.5,44740000.0
2019-08-14 09:00:00+00:00,1862.5,1875.0,1856.25,1868.75,32716000.0
2019-08-15 09:00:00+00:00,1856.25,1900.0,1837.5,1900.0,37096000.0
2019-08-16 09:00:00+00:00,1900.0,1937.5,1900.0,1937.5,35089600.0
2019-08-19 09:00:00+00:00,1937.5,1981.25,1937.5,1981.25,28241200.0
2019-08-20 09:00:00+00:00,1987.5,2075.0,1987.5,2068.75,58396800.0
2019-08-21 09:00:00+00:00,2075.0,2087.5,2050.0,2056.25,49958400.0
2019-08-22 09:00:00+00:00,2056.25,2081.25,2037.5,2062.5,53300400.0
2019-08-23 09:00:00+00:00,2068.75,2100.0,2062.5,2100.0,42178000.0
2019-08-26 09:00:00+00:00,2093.75,2118.75,2081.25,2106.25,35330800.0
2019-08-27 09:00:00+00:00,2100.0,2137.5,2100.0,2137.5,31129600.0
2019-08-28 09:00:00+00:00,2137.5,2181.25,2137.5,2168.75,43804400.0
2019-08-29 09:00:00+00:00,2175.0,2193.75,2150.0,2187.5,55371600.0
2019-08-30 09:00:00+00:00,2193.75,2212.5,2187.5,2206.25,30544400.0
2019-09-02 09:00:00+00:00,2206.25,2237.5,2200.0,2225.0,34106000.0
2019-09-03 09:00:00+00:00,2225.0,2237.5,2187.5,2218.75,58192800.0
2019-09-04 09:00:00+00:00,2218.75,2250.0,2206.25,2243.75,51216400.0
2019-09-05 09:00:00+00:00,2243.75,2256.25,2231.25,2231.25,49281200.0
2019-09-06 09:00:00+00:00,2231.25,2256.25,2225.0,2256.25,30045200.0
2019-09-09 09:00:00+00:00,2250.0,2281.25,2243.75,2275.0,27933600.0
2019-09-10 09:00:00+00:00,2281.25,2318.75,2275.0,2312.5,45761200.0
2019-09-11 09:00:00+00:00,2318.75,2337.5,2312.5,2325.0,33169200.0
2019-09-12 09:00:00+00:00,2325.0,2337.5,2287.5,2325.0,56693600.0
2019-09-13 09:00:00+00:00,2325.0,2331.25,2000.0,2225.0,56770400.0
2019-09-16 09:00:00+00:00,2181.25,2181.25,2025.0,2075.0,30902000.0
2019-09-17 09:00:00+00:00,2087.5,2162.5,2068.75,2081.25,21844800.0
2019-09-18 09:00:00+00:00,2106.25,2137.5,2100.0,2118.75,19412400.0
2019-09-19 09:00:00+00:00,2125.0,2137.5,2093.75,2106.25,13655200.0
2019-09-20 09:00:00+00:00,2093.75,2118.75,2062.5,2087.5,21463600.0
2019-09-23 09:00:00+00:00,2100.0,2100.0,2006.25,2062.5,20359200.0
2019-09-24 09:00:00+00:00,2043.75,2068.75,1956.25,2050.0,34408800.0
2019-09-25 09:00:00+00:00,2050.0,2075.0,2037.5,2075.0,9904000.0
2019-09-26 09:00:00+00:00,2081.25,2087.5,1925.0,2087.5,18435200.0
2019-09-27 09:00:00+00:00,2075.0,2100.0,2050.0,2056.25,20343600.0
2019-09-30 09:00:00+00:00,2043.75,2050.0,2018.75,2050.0,6680800.0
2019-10-01 09:00:00+00:00,2043.75,2125.0,2037.5,2075.0,13361600.0
2019-10-02 09:00:00+00:00,2062.5,2100.0,2062.5,2075.0,12031600.0
2019-10-03 09:00:00+00:00,2062.5,2112.5,2056.25,2106.25,10833600.0
2019-10-04 09:00:00+00:00,2112.5,2118.75,2062.5,2075.0,18513600.0
2019-10-07 09:00:00+00:00,2075.0,2100.0,1881.25,2000.0,34628000.0
2019-10-08 09:00:00+00:00,2006.25,2037.5,2000.0,2037.5,13084400.0
2019-10-09 09:00:00+00:00,2037.5,2087.5,1987.5,2087.5,34850400.0
2019-10-10 09:00:00+00:00,2100.0,2131.25,2093.75,2125.0,20506400.0
2019-10-11 09:00:00+00:00,2125.0,2212.5,2125.0,2206.25,30755200.0
2019-10-14 09:00:00+00:00,2212.5,2268.75,2212.5,2250.0,67182800.0
2019-10-15 09:00:00+00:00,2250.0,2293.75,2250.0,2281.25,24544800.0
2019-10-16 09:00:00+00:00,2287.5,2325.0,2287.5,2300.0,20968400.0
2019-10-17 09:00:00+00:00,2293.75,2337.5,2293.75,2331.25,24156000.0
2019-10-18 09:00:00+00:00,2325.0,2368.75,2325.0,2362.5,38318400.0
2019-10-21 09:00:00+00:00,2362.5,2381.25,2356.25,2362.5,24567200.0
2019-10-22 09:00:00+00:00,2362.5,2381.25,2168.75,2368.75,44574000.0
2019-10-23 09:00:00+00:00,2368.75,2387.5,2356.25,2387.5,21584800.0
2019-10-24 09:00:00+00:00,2387.5,2412.5,2368.75,2387.5,17822800.0
2019-10-25 09:00:00+00:00,2381.25,2393.75,2293.75,2325.0,20242000.0
2019-10-28 09:00:00+00:00,2325.0,2325.0,2300.0,2318.75,19157600.0
2019-10-29 09:00:00+00:00,2325.0,2331.25,2293.75,2318.75,23963200.0
2019-10-30 09:00:00+00:00,2318.75,2337.5,2300.0,2325.0,16204400.0
2019-10-31 09:00:00+00:00,2325.0,2481.25,2325.0,2375.0,16509600.0
2019-11-01 09:00:00+00:00,2381.25,2381.25,2337.5,2337.5,11393600.0
2019-11-04 09:00:00+00:00,2337.5,2350.0,2318.75,2350.0,15414400.0
2019-11-05 09:00:00+00:00,2343.75,2375.0,2343.75,2375.0,15487600.0
2019-11-06 09:00:00+00:00,2375.0,2375.0,2331.25,2331.25,12962000.0
2019-11-07 09:00:00+00:00,2343.75,2350.0,2312.5,2337.5,12838400.0
2019-11-08 09:00:00+00:00,2337.5,2350.0,2262.5,2275.0,19161600.0
2019-11-11 09:00:00+00:00,2268.75,2325.0,2262.5,2325.0,17726800.0
2019-11-12 09:00:00+00:00,2325.0,2362.5,2325.0,2362.5,18214000.0
2019-11-13 09:00:00+00:00,2362.5,2412.5,2356.25,2412.5,27508800.0
2019-11-14 09:00:00+00:00,2418.75,2462.5,2400.0,2412.5,48943200.0
2019-11-15 09:00:00+00:00,2406.25,2443.75,2393.75,2431.25,25798800.0
2019-11-18 09:00:00+00:00,2437.5,2456.25,2425.0,2437.5,15570400.0
2019-11-19 09:00:00+00:00,2443.75,2456.25,2181.25,2362.5,35412400.0
2019-11-20 09:00:00+00:00,2362.5,2375.0,2350.0,2356.25,13843200.0
2019-11-21 09:00:00+00:00,2356.25,2362.5,2250.0,2262.5,34401600.0
2019-11-22 09:00:00+00:00,2256.25,2256.25,2231.25,2243.75,16538400.0
2019-11-25 09:00:00+00:00,2231.25,2262.5,2225.0,2256.25,36011200.0
2019-11-26 09:00:00+00:00,2256.25,2275.0,2256.25,2275.0,13738400.0
2019-11-27 09:00:00+00:00,2281.25,2312.5,2275.0,2293.75,18640800.0
2019-11-28 09:00:00+00:00,2300.0,2356.25,2293.75,2312.5,52186400.0
2019-11-29 09:00:00+00:00,2306.25,2337.5,2306.25,2337.5,30654800.0
2019-12-02 09:00:00+00:00,2325.0,2356.25,2325.0,2350.0,21659200.0
2019-12-03 09:00:00+00:00,2350.0,2375.0,2343.75,2375.0,22660000.0
2019-12-04 09:00:00+00:00,2368.75,2387.5,2368.75,2387.5,27435600.0
2019-12-05 09:00:00+00:00,2393.75,2431.25,2393.75,2425.0,29188000.0
2019-12-06 09:00:00+00:00,2431.25,2456.25,2418.75,2450.0,25178000.0
2019-12-09 09:00:00+00:00,2456.25,2481.25,2437.5,2437.5,25876000.0
2019-12-10 09:00:00+00:00,2443.75,2462.5,2425.0,2437.5,24494000.0
2019-12-11 09:00:00+00:00,2443.75,2468.75,2437.5,2456.25,21573200.0
2019-12-12 09:00:00+00:00,2462.5,2487.5,2450.0,2462.5,32832800.0
2019-12-13 09:00:00+00:00,2468.75,2487.5,2462.5,2475.0,25854400.0
2019-12-16 09:00:00+00:00,2475.0,2493.75,2462.5,2481.25,20370000.0
2019-12-17 09:00:00+00:00,2481.25,2506.25,2475.0,2487.5,20856400.0
2019-12-18 09:00:00+00:00,2487.5,2500.0,2481.25,2493.75,22134800.0
2019-12-19 09:00:00+00:00,2493.75,2518.75,2487.5,2500.0,20148000.0
2019-12-20 09:00:00+00:00,2500.0,2631.25,2487.5,2631.25,28363600.0
2019-12-23 09:00:00+00:00,2600.0,2618.75,2568.75,2618.75,21164800.0
2019-12-26 09:00:00+00:00,2625.0,2650.0,2612.5,2631.25,20380800.0
2019-12-27 09:00:00+00:00,2631.25,2643.75,2600.0,2606.25,25223600.0
2019-12-30 09:00:00+00:00,2612.5,2618.75,2500.0,2593.75,11353600.0
2020-01-02 09:00:00+00:00,2612.5,2618.75,2543.75,2568.75,18964400.0
2020-01-03 09:00:00+00:00,2568.75,2568.75,2418.75,2568.75,18256800.0
2020-01-06 09:00:00+00:00,2550.0,2550.0,2431.25,2437.5,40981200.0
2020-01-07 09:00:00+00:00,2462.5,2487.5,2375.0,2406.25,19280400.0
2020-01-08 09:00:00+00:00,2393.75,2400.0,2318.75,2325.0,24982800.0
2020-01-09 09:00:00+00:00,2325.0,2381.25,2325.0,2368.75,20129200.0
2020-01-10 09:00:00+00:00,2368.75,2381.25,2343.75,2356.25,23289600.0
2020-01-13 09:00:00+00:00,2356.25,2375.0,2337.5,2356.25,22290000.0
2020-01-14 09:00:00+00:00,2356.25,2375.0,2356.25,2362.5,15753600.0
2020-01-15 09:00:00+00:00,2350.0,2375.0,2350.0,2362.5,16118800.0
2020-01-16 09:00:00+00:00,2350.0,2387.5,2350.0,2375.0,21340000.0
2020-01-17 09:00:00+00:00,2362.5,2387.5,2362.5,2387.5,12260400.0
2020-01-20 09:00:00+00:00,2375.0,2425.0,2375.0,2406.25,16701200.0
2020-01-21 09:00:00+00:00,2393.75,2425.0,2393.75,2400.0,16304400.0
2020-01-22 09:00:00+00:00,2350.0,2431.25,2350.0,2418.75,25490800.0
2020-01-23 09:00:00+00:00,2425.0,2450.0,2418.75,2450.0,10596800.0
2020-01-24 09:00:00+00:00,2450.0,2493.75,2443.75,2493.75,23955600.0
2020-01-27 09:00:00+00:00,2493.75,2500.0,2212.5,2250.0,63316000.0
2020-01-28 09:00:00+00:00,2237.5,2268.75,2193.75,2243.75,25570000.0
2020-01-29 09:00:00+00:00,2237.5,2293.75,2237.5,2268.75,24407200.0
2020-01-30 09:00:00+00:00,2268.75,2281.25,2225.0,2231.25,33215600.0
2020-01-31 09:00:00+00:00,2231.25,2237.5,2193.75,2193.75,38482800.0
2020-02-03 09:00:00+00:00,2193.75,2193.75,2137.5,2187.5,22184400.0
2020-02-04 09:00:00+00:00,2193.75,2206.25,2150.0,2187.5,21417200.0
2020-02-05 09:00:00+00:00,2187.5,2206.25,2156.25,2181.25,15434800.0
2020-02-06 09:00:00+00:00,2181.25,2187.5,2156.25,2181.25,9678000.0
2020-02-07 09:00:00+00:00,2181.25,2200.0,2175.0,2200.0,11037600.0
2020-02-10 09:00:00+00:00,2200.0,2212.5,2187.5,2206.25,10477200.0
2020-02-11 09:00:00+00:00,2212.5,2243.75,2206.25,2231.25,13306800.0
2020-02-12 09:00:00+00:00,2231.25,2256.25,2231.25,2256.25,12583600.0
2020-02-13 09:00:00+00:00,2250.0,2287.5,2250.0,2256.25,18496800.0
2020-02-14 09:00:00+00:00,2262.5,2262.5,2237.5,2243.75,10326000.0
2020-02-17 09:00:00+00:00,2243.75,2250.0,2206.25,2212.5,11376000.0
2020-02-18 09:00:00+00:00,2206.25,2250.0,2200.0,2243.75,10035600.0
2020-02-19 09:00:00+00:00,2243.75,2275.0,2243.75,2268.75,11260000.0
2020-02-20 09:00:00+00:00,2268.75,2293.75,2256.25,2262.5,21974400.0
2020-02-21 09:00:00+00:00,2262.5,2268.75,2225.0,2262.5,21156800.0
2020-02-24 09:00:00+00:00,2256.25,2375.0,2100.0,2375.0,20294800.0
2020-02-25 09:00:00+00:00,2325.0,2325.0,2150.0,2150.0,8188400.0
2020-02-26 09:00:00+00:00,2125.0,2137.5,1956.25,2025.0,14421200.0
2020-02-27 09:00:00+00:00,2037.5,2037.5,1887.5,1956.25,18297200.0
2020-02-28 09:00:00+00:00,1875.0,2031.25,1762.5,2000.0,20392800.0
2020-03-02 09:00:00+00:00,2000.0,2006.25,1943.75,1975.0,7598000.0
2020-03-03 09:00:00+00:00,1968.75,2000.0,1875.0,1943.75,14485600.0
2020-03-04 09:00:00+00:00,1943.75,1962.5,1918.75,1950.0,9140000.0
2020-03-05 09:00:00+00:00,1956.25,1975.0,1925.0,1925.0,11168400.0
2020-03-06 09:00:00+00:00,1918.75,1937.5,1875.0,1925.0,6480000.0
2020-03-09 09:00:00+00:00,1918.75,1918.75,1706.25,1875.0,11297200.0
2020-03-10 09:00:00+00:00,1856.25,1925.0,1818.75,1925.0,6715200.0
2020-03-11 09:00:00+00:00,1925.0,1931.25,1800.0,1918.75,8310000.0
2020-03-12 09:00:00+00:00,1850.0,1850.0,1731.25,1743.75,7983600.0
2020-03-13 09:00:00+00:00,1743.75,1743.75,1743.75,1743.75,0.0
2020-03-16 09:00:00+00:00,1743.75,1743.75,1743.75,1743.75,0.0
2020-03-17 09:00:00+00:00,1625.0,1625.0,1512.5,1512.5,2698400.0
2020-03-18 09:00:00+00:00,1450.0,1562.5,1412.5,1562.5,7765600.0
2020-03-19 09:00:00+00:00,1550.0,1550.0,1456.25,1456.25,1633600.0
2020-03-20 09:00:00+00:00,1393.75,1587.5,1356.25,1587.5,2752400.0
2020-03-23 09:00:00+00:00,1562.5,1562.5,1481.25,1481.25,86400.0
2020-03-24 09:00:00+00:00,1450.0,1487.5,1381.25,1487.5,17561600.0
2020-03-26 09:00:00+00:00,1487.5,1518.75,1406.25,1500.0,22976400.0
2020-03-27 09:00:00+00:00,1500.0,1600.0,1400.0,1400.0,12224000.0
2020-03-30 09:00:00+00:00,1375.0,1387.5,1306.25,1350.0,20425600.0
2020-03-31 09:00:00+00:00,1375.0,1406.25,1312.5,1312.5,20545200.0
2020-04-01 09:00:00+00:00,1325.0,1475.0,1300.0,1312.5,11393200.0
2020-04-02 09:00:00+00:00,1312.5,1431.25,1256.25,1431.25,19027600.0
2020-04-03 09:00:00+00:00,1437.5,1712.5,1437.5,1712.5,34435200.0
2020-04-06 09:00:00+00:00,1762.5,1850.0,1687.5,1825.0,37632800.0
2020-04-07 09:00:00+00:00,1850.0,1856.25,1793.75,1806.25,25326800.0
2020-04-08 09:00:00+00:00,1812.5,1831.25,1781.25,1818.75,12520400.0
2020-04-09 09:00:00+00:00,1806.25,1850.0,1781.25,1843.75,6935200.0
2020-04-13 09:00:00+00:00,1843.75,1862.5,1831.25,1862.5,6231200.0
2020-04-14 09:00:00+00:00,1912.5,1912.5,1856.25,1887.5,8420400.0
2020-04-15 09:00:00+00:00,1887.5,1900.0,1868.75,1900.0,9282800.0
2020-04-16 09:00:00+00:00,1887.5,1925.0,1875.0,1925.0,6963200.0
2020-04-17 09:00:00+00:00,1937.5,1975.0,1931.25,1975.0,8622400.0
2020-04-20 09:00:00+00:00,1962.5,1981.25,1943.75,1956.25,8060800.0
2020-04-21 09:00:00+00:00,1950.0,1968.75,1925.0,1968.75,8547200.0
2020-04-22 09:00:00+00:00,1968.75,2168.75,1950.0,2125.0,46433600.0
2020-04-23 09:00:00+00:00,2131.25,2168.75,2118.75,2150.0,20350400.0
2020-04-24 09:00:00+00:00,2150.0,2175.0,2137.5,2162.5,20702000.0
2020-04-27 09:00:00+00:00,2175.0,2187.5,2156.25,2156.25,13593600.0
2020-04-28 09:00:00+00:00,2162.5,2206.25,2150.0,2206.25,20796400.0
2020-04-29 09:00:00+00:00,2212.5,2225.0,2206.25,2218.75,19311200.0
2020-04-30 09:00:00+00:00,2231.25,2262.5,2218.75,2243.75,18457600.0
2020-05-04 09:00:00+00:00,2231.25,2231.25,2137.5,2156.25,6111200.0
2020-05-05 09:00:00+00:00,2150.0,2181.25,2125.0,2125.0,12531200.0
2020-05-06 09:00:00+00:00,2100.0,2137.5,1987.5,2037.5,18654000.0
2020-05-08 09:00:00+00:00,2037.5,2062.5,1987.5,2000.0,18993200.0
2020-05-11 09:00:00+00:00,2000.0,2031.25,1862.5,1862.5,17306800.0
2020-05-12 09:00:00+00:00,1862.5,1862.5,1762.5,1818.75,16828000.0
2020-05-13 09:00:00+00:00,1793.75,1843.75,1725.0,1750.0,7502400.0
2020-05-14 09:00:00+00:00,1737.5,1737.5,1643.75,1675.0,11613200.0
2020-05-15 09:00:00+00:00,1675.0,1675.0,1618.75,1637.5,8288000.0
2020-05-18 09:00:00+00:00,1637.5,1637.5,1568.75,1587.5,8988800.0
2020-05-19 09:00:00+00:00,1587.5,1668.75,1581.25,1637.5,9970000.0
2020-05-20 09:00:00+00:00,1637.5,1762.5,1637.5,1731.25,32961600.0
2020-05-26 09:00:00+00:00,1750.0,1793.75,1737.5,1787.5,16692000.0
2020-05-27 09:00:00+00:00,1793.75,1806.25,1775.0,1781.25,12479600.0
2020-05-28 09:00:00+00:00,1800.0,1831.25,1781.25,1825.0,22868800.0
2020-05-29 09:00:00+00:00,1812.5,1850.0,1812.5,1831.25,13933200.0
2020-06-02 09:00:00+00:00,1837.5,1862.5,1825.0,1850.0,14702000.0
2020-06-03 09:00:00+00:00,1837.5,1868.75,1825.0,1825.0,21662800.0
2020-06-04 09:00:00+00:00,1825.0,1850.0,1818.75,1831.25,9520000.0
2020-06-05 09:00:00+00:00,1818.75,1837.5,1793.75,1793.75,9368400.0
2020-06-08 09:00:00+00:00,1793.75,1793.75,1737.5,1737.5,11568000.0
2020-06-09 09:00:00+00:00,1750.0,1775.0,1712.5,1768.75,16614800.0
2020-06-10 09:00:00+00:00,1775.0,1775.0,1737.5,1737.5,9065200.0
2020-06-11 09:00:00+00:00,1737.5,1750.0,1693.75,1750.0,5910000.0
2020-06-12 09:00:00+00:00,1750.0,1750.0,1656.25,1681.25,7449600.0
2020-06-15 09:00:00+00:00,1681.25,1681.25,1612.5,1650.0,11428800.0
2020-06-16 09:00:00+00:00,1675.0,1725.0,1662.5,1725.0,12318000.0
2020-06-17 09:00:00+00:00,1731.25,1750.0,1712.5,1712.5,9923200.0
2020-06-18 09:00:00+00:00,1693.75,1718.75,1681.25,1693.75,7101600.0
2020-06-19 09:00:00+00:00,1693.75,1712.5,1675.0,1700.0,9272000.0
2020-06-22 09:00:00+00:00,1700.0,1731.25,1700.0,1712.5,11205600.0
2020-06-23 09:00:00+00:00,1737.5,1737.5,1675.0,1687.5,9688000.0
2020-06-24 09:00:00+00:00,1693.75,1706.25,1643.75,1662.5,17858000.0
2020-06-25 09:00:00+00:00,1662.5,1675.0,1625.0,1637.5,6998000.0
2020-06-26 09:00:00+00:00,1656.25,1656.25,1593.75,1618.75,15331200.0
2020-06-29 09:00:00+00:00,1618.75,1631.25,1575.0,1612.5,11194800.0
2020-06-30 09:00:00+00:00,1631.25,1650.0,1625.0,1643.75,15675200.0
2020-07-01 09:00:00+00:00,1650.0,1656.25,1612.5,1643.75,12836400.0
2020-07-02 09:00:00+00:00,1650.0,1712.5,1643.75,1706.25,35700000.0
2020-07-03 09:00:00+00:00,1718.75,1737.5,1700.0,1718.75,22697200.0
2020-07-06 09:00:00+00:00,1718.75,1737.5,1675.0,1681.25,19423600.0
2020-07-07 09:00:00+00:00,1681.25,1700.0,1668.75,1693.75,10573600.0
2020-07-08 09:00:00+00:00,1693.75,1712.5,1668.75,1687.5,15466800.0
2020-07-09 09:00:00+00:00,1687.5,1687.5,1631.25,1656.25,16385600.0
2020-07-10 09:00:00+00:00,1656.25,1668.75,1643.75,1662.5,8600000.0
2020-07-13 09:00:00+00:00,1662.5,1681.25,1650.0,1681.25,5384800.0
2020-07-14 09:00:00+00:00,1693.75,1731.25,1681.25,1718.75,15738800.0
2020-07-15 09:00:00+00:00,1725.0,1775.0,1725.0,1756.25,20200000.0
2020-07-16 09:00:00+00:00,1762.5,1775.0,1750.0,1762.5,12428000.0
2020-07-17 09:00:00+00:00,1775.0,1775.0,1750.0,1775.0,10511600.0
2020-07-20 09:00:00+00:00,1781.25,1812.5,1762.5,1775.0,18804400.0
2020-07-21 09:00:00+00:00,1781.25,1793.75,1762.5,1793.75,11773600.0
2020-07-22 09:00:00+00:00,1793.75,1812.5,1787.5,1800.0,11116000.0
2020-07-23 09:00:00+00:00,1806.25,1818.75,1793.75,1812.5,13669200.0
2020-07-24 09:00:00+00:00,1825.0,1875.0,1825.0,1862.5,29277200.0
2020-07-27 09:00:00+00:00,1850.0,1862.5,1737.5,1737.5,25679600.0
2020-07-28 09:00:00+00:00,1718.75,1737.5,1618.75,1700.0,23226800.0
2020-07-29 09:00:00+00:00,1700.0,1775.0,1668.75,1775.0,16968400.0
2020-07-30 09:00:00+00:00,1775.0,1831.25,1775.0,1831.25,19698800.0
2020-08-03 09:00:00+00:00,1831.25,1850.0,1750.0,1843.75,11458000.0
2020-08-04 09:00:00+00:00,1843.75,1906.25,1831.25,1843.75,17962000.0
2020-08-05 09:00:00+00:00,1837.5,1837.5,1800.0,1831.25,13126400.0
2020-08-06 09:00:00+00:00,1843.75,1856.25,1825.0,1843.75,14823600.0
2020-08-07 09:00:00+00:00,1850.0,1850.0,1812.5,1837.5,10456800.0
2020-08-10 09:00:00+00:00,1837.5,1850.0,1831.25,1850.0,14350400.0
2020-08-11 09:00:00+00:00,1850.0,1875.0,1837.5,1837.5,13404800.0
2020-08-12 09:00:00+00:00,1843.75,1850.0,1831.25,1850.0,9112000.0
2020-08-13 09:00:00+00:00,1850.0,1856.25,1837.5,1843.75,8756800.0
2020-08-14 09:00:00+00:00,1843.75,1862.5,1831.25,1856.25,10808000.0
2020-08-18 09:00:00+00:00,1856.25,1875.0,1850.0,1850.0,15189200.0
2020-08-19 09:00:00+00:00,1850.0,1868.75,1831.25,1837.5,12630800.0
2020-08-24 09:00:00+00:00,1837.5,1837.5,1800.0,1812.5,14054800.0
2020-08-25 09:00:00+00:00,1818.75,1831.25,1750.0,1781.25,18307200.0
2020-08-26 09:00:00+00:00,1800.0,1825.0,1762.5,1762.5,19566400.0
2020-08-27 09:00:00+00:00,1762.5,1781.25,1756.25,1768.75,12447600.0
2020-08-28 09:00:00+00:00,1775.0,1787.5,1756.25,1775.0,9541200.0
2020-08-31 09:00:00+00:00,1781.25,1800.0,1768.75,1781.25,13930400.0
2020-09-01 09:00:00+00:00,1781.25,1800.0,1768.75,1793.75,10382000.0
2020-09-02 09:00:00+00:00,1800.0,1800.0,1737.5,1743.75,12910400.0
2020-09-03 09:00:00+00:00,1743.75,1756.25,1725.0,1737.5,11138800.0
2020-09-04 09:00:00+00:00,1737.5,1737.5,1706.25,1706.25,9573600.0
2020-09-07 09:00:00+00:00,1706.25,1743.75,1700.0,1725.0,10412400.0
2020-09-08 09:00:00+00:00,1743.75,1743.75,1718.75,1731.25,7798400.0
2020-09-09 09:00:00+00:00,1731.25,1737.5,1681.25,1706.25,10486400.0
2020-09-10 09:00:00+00:00,1700.0,1700.0,1587.5,1643.75,10700400.0
2020-09-11 09:00:00+00:00,1600.0,1700.0,1587.5,1700.0,14099600.0
2020-09-14 09:00:00+00:00,1700.0,1731.25,1693.75,1718.75,13551600.0
2020-09-15 09:00:00+00:00,1718.75,1775.0,1712.5,1731.25,11403200.0
2020-09-16 09:00:00+00:00,1731.25,1750.0,1700.0,1750.0,12242400.0
2020-09-17 09:00:00+00:00,1750.0,1762.5,1731.25,1750.0,6188800.0
2020-09-18 09:00:00+00:00,1750.0,1762.5,1737.5,1750.0,8240000.0
2020-09-21 09:00:00+00:00,1750.0,1762.5,1737.5,1737.5,6288800.0
2020-09-22 09:00:00+00:00,1725.0,1743.75,1700.0,1731.25,6131600.0
2020-09-23 09:00:00+00:00,1737.5,1750.0,1718.75,1750.0,8450000.0
2020-09-24 09:00:00+00:00,1731.25,1781.25,1706.25,1781.25,4222400.0
2020-09-25 09:00:00+00:00,1787.5,1800.0,1768.75,1800.0,6356400.0
2020-09-28 09:00:00+00:00,1800.0,1818.75,1787.5,1800.0,34918800.0
2020-09-29 09:00:00+00:00,1800.0,1818.75,1787.5,1800.0,17348400.0
2020-09-30 09:00:00+00:00,1806.25,1825.0,1787.5,1800.0,27346400.0
2020-10-01 09:00:00+00:00,1812.5,1831.25,1800.0,1818.75,24472800.0
2020-10-02 09:00:00+00:00,1825.0,1893.75,1818.75,1887.5,21906800.0
2020-10-05 09:00:00+00:00,1893.75,1937.5,1887.5,1931.25,17889200.0
2020-10-06 09:00:00+00:00,1950.0,1975.0,1937.5,1950.0,16204000.0
2020-10-07 09:00:00+00:00,1950.0,1975.0,1931.25,1950.0,11721600.0
2020-10-08 09:00:00+00:00,1956.25,1968.75,1950.0,1962.5,15332800.0
2020-10-09 09:00:00+00:00,1950.0,1962.5,1937.5,1943.75,9754800.0
2020-10-12 09:00:00+00:00,1943.75,1968.75,1937.5,1962.5,13153200.0
2020-10-13 09:00:00+00:00,1950.0,1968.75,1931.25,1962.5,9274800.0
2020-10-14 09:00:00+00:00,1956.25,1968.75,1950.0,1956.25,9054800.0
2020-10-15 09:00:00+00:00,2012.5,2012.5,1950.0,1950.0,10904400.0
2020-10-16 09:00:00+00:00,1943.75,1950.0,1906.25,1925.0,8418400.0
2020-10-19 09:00:00+00:00,1925.0,1950.0,1925.0,1925.0,9390800.0
2020-10-20 09:00:00+00:00,1925.0,1943.75,1918.75,1931.25,8510400.0
2020-10-21 09:00:00+00:00,1931.25,1950.0,1900.0,1925.0,13124800.0
2020-10-22 09:00:00+00:00,1925.0,1950.0,1887.5,1950.0,12287600.0
2020-10-23 09:00:00+00:00,1956.25,1975.0,1956.25,1975.0,13802400.0
2020-10-26 09:00:00+00:00,1981.25,2000.0,1975.0,2000.0,13516400.0
2020-10-27 09:00:00+00:00,1993.75,2000.0,1981.25,2000.0,8530000.0
2020-11-02 09:00:00+00:00,2000.0,2000.0,1981.25,1987.5,5942400.0
2020-11-03 09:00:00+00:00,1987.5,1993.75,1962.5,1987.5,14004800.0
2020-11-04 09:00:00+00:00,1987.5,1993.75,1975.0,1987.5,9776800.0
2020-11-05 09:00:00+00:00,1987.5,2012.5,1981.25,2012.5,12563200.0
2020-11-06 09:00:00+00:00,2018.75,2050.0,2012.5,2037.5,11754800.0
2020-11-09 09:00:00+00:00,2037.5,2087.5,2037.5,2075.0,15296800.0
2020-11-10 09:00:00+00:00,2075.0,2118.75,2075.0,2081.25,10653200.0
2020-11-11 09:00:00+00:00,2081.25,2100.0,2068.75,2081.25,8184800.0
2020-11-12 09:00:00+00:00,2081.25,2106.25,2068.75,2106.25,10594400.0
2020-11-13 09:00:00+00:00,2112.5,2112.5,2087.5,2100.0,10296400.0
2020-11-16 09:00:00+00:00,2100.0,2118.75,2093.75,2112.5,10279600.0
2020-11-17 09:00:00+00:00,2112.5,2143.75,2112.5,2143.75,11096400.0
2020-11-18 09:00:00+00:00,2150.0,2175.0,2150.0,2175.0,10371600.0
2020-11-19 09:00:00+00:00,2168.75,2175.0,2156.25,2168.75,11296800.0
2020-11-20 09:00:00+00:00,2162.5,2187.5,2162.5,2187.5,12392800.0
2020-11-23 09:00:00+00:00,2193.75,2212.5,2175.0,2193.75,8847200.0
2020-11-24 09:00:00+00:00,2200.0,2225.0,2200.0,2218.75,10369200.0
2020-11-25 09:00:00+00:00,2218.75,2250.0,2218.75,2243.75,13491200.0
2020-11-26 09:00:00+00:00,2231.25,2318.75,2231.25,2318.75,30337200.0
2020-11-27 09:00:00+00:00,2343.75,2343.75,2275.0,2312.5,16763200.0
2020-11-30 09:00:00+00:00,2312.5,2331.25,2300.0,2325.0,15794000.0
2020-12-01 09:00:00+00:00,2312.5,2375.0,2312.5,2375.0,19463200.0
2020-12-02 09:00:00+00:00,2381.25,2431.25,2381.25,2418.75,21298000.0
2020-12-03 09:00:00+00:00,2418.75,2468.75,2418.75,2437.5,11916400.0
2020-12-04 09:00:00+00:00,2437.5,2443.75,2418.75,2437.5,15372000.0
2020-12-07 09:00:00+00:00,2437.5,2481.25,2437.5,2443.75,19522800.0
2020-12-08 09:00:00+00:00,2468.75,2475.0,2443.75,2462.5,15159600.0
2020-12-10 09:00:00+00:00,2468.75,2487.5,2456.25,2487.5,11578400.0
2020-12-11 09:00:00+00:00,2500.0,2525.0,2475.0,2493.75,14031200.0
2020-12-14 09:00:00+00:00,2512.5,2512.5,2350.0,2437.5,13727600.0
2020-12-15 09:00:00+00:00,2443.75,2443.75,2356.25,2375.0,11514400.0
2020-12-16 09:00:00+00:00,2375.0,2400.0,2356.25,2362.5,12758400.0
2020-12-17 09:00:00+00:00,2356.25,2381.25,2262.5,2275.0,8051200.0
2020-12-18 09:00:00+00:00,2287.5,2325.0,2268.75,2268.75,4111200.0
2020-12-21 09:00:00+00:00,2262.5,2293.75,2256.25,2268.75,8345200.0
2020-12-22 09:00:00+00:00,2262.5,2306.25,2237.5,2293.75,7197200.0
2020-12-23 09:00:00+00:00,2300.0,2306.25,2225.0,2287.5,4238800.0
2020-12-28 09:00:00+00:00,2287.5,2343.75,2262.5,2343.75,13780400.0
2020-12-29 09:00:00+00:00,2362.5,2375.0,2325.0,2337.5,10224000.0
2020-12-30 09:00:00+00:00,2337.5,2356.25,2225.0,2268.75,17093600.0
2021-01-04 09:00:00+00:00,2262.5,2331.25,2243.75,2331.25,9650000.0
2021-01-05 09:00:00+00:00,2331.25,2356.25,2312.5,2350.0,7940400.0
2021-01-06 09:00:00+00:00,2350.0,2393.75,2350.0,2393.75,11542800.0
2021-01-07 09:00:00+00:00,2400.0,2475.0,2393.75,2475.0,17624400.0
2021-01-08 09:00:00+00:00,2481.25,2518.75,2475.0,2512.5,11584400.0
2021-01-11 09:00:00+00:00,2500.0,2525.0,2475.0,2518.75,18771200.0
2021-01-12 09:00:00+00:00,2518.75,2525.0,2450.0,2487.5,12528800.0
2021-01-13 09:00:00+00:00,2475.0,2525.0,2443.75,2525.0,12343200.0
2021-01-14 09:00:00+00:00,2525.0,2568.75,2518.75,2537.5,12150800.0
2021-01-15 09:00:00+00:00,2537.5,2556.25,2518.75,2531.25,7070800.0
2021-01-18 09:00:00+00:00,2531.25,2575.0,2518.75,2575.0,6972400.0
2021-01-19 09:00:00+00:00,2575.0,2593.75,2550.0,2575.0,6975600.0
2021-01-20 09:00:00+00:00,2562.5,2606.25,2562.5,2587.5,8923200.0
2021-01-21 09:00:00+00:00,2587.5,2612.5,2581.25,2606.25,10183200.0
2021-01-22 09:00:00+00:00,2606.25,2618.75,2587.5,2593.75,5672400.0
2021-01-25 09:00:00+00:00,2587.5,2593.75,2412.5,2550.0,4236800.0
2021-01-26 09:00:00+00:00,2562.5,2612.5,2550.0,2587.5,34152400.0
2021-01-27 09:00:00+00:00,2587.5,2606.25,2568.75,2587.5,13820800.0
2021-01-28 09:00:00+00:00,2575.0,2606.25,2537.5,2587.5,24586800.0
2021-01-29 09:00:00+00:00,2587.5,2606.25,2543.75,2543.75,30147200.0
2021-02-01 09:00:00+00:00,2550.0,2656.25,2531.25,2656.25,34962800.0
2021-02-02 09:00:00+00:00,2662.5,2681.25,2631.25,2643.75,18347600.0
2021-02-03 09:00:00+00:00,2650.0,2687.5,2650.0,2675.0,22130400.0
2021-02-04 09:00:00+00:00,2675.0,2712.5,2675.0,2687.5,18700000.0
2021-02-05 09:00:00+00:00,2687.5,2737.5,2687.5,2731.25,33711200.0
2021-02-08 09:00:00+00:00,2731.25,2781.25,2731.25,2768.75,20474000.0
2021-02-09 09:00:00+00:00,2768.75,2818.75,2768.75,2818.75,22388800.0
2021-02-10 09:00:00+00:00,2818.75,2825.0,2631.25,2687.5,16208400.0
2021-02-11 09:00:00+00:00,2668.75,2706.25,2662.5,2706.25,8899600.0
2021-02-15 09:00:00+00:00,2712.5,2806.25,2693.75,2800.0,13804000.0
2021-02-16 09:00:00+00:00,2806.25,2837.5,2800.0,2806.25,12479600.0
2021-02-17 09:00:00+00:00,2806.25,2806.25,2731.25,2743.75,8124800.0
2021-02-18 09:00:00+00:00,2743.75,2750.0,2556.25,2606.25,8580000.0
2021-02-19 09:00:00+00:00,2600.0,2600.0,2500.0,2568.75,9937200.0
2021-02-22 09:00:00+00:00,2581.25,2612.5,2562.5,2562.5,10198800.0
2021-02-23 09:00:00+00:00,2568.75,2575.0,2543.75,2556.25,9168400.0
2021-02-24 09:00:00+00:00,2556.25,2568.75,2412.5,2462.5,19922800.0
2021-02-25 09:00:00+00:00,2468.75,2493.75,2425.0,2481.25,13834800.0
2021-02-26 09:00:00+00:00,2481.25,2487.5,2425.0,2437.5,10925600.0
2021-03-01 09:00:00+00:00,2431.25,2437.5,2325.0,2400.0,17332000.0
2021-03-02 09:00:00+00:00,2431.25,2443.75,2375.0,2443.75,10979200.0
2021-03-03 09:00:00+00:00,2462.5,2462.5,2431.25,2443.75,4456000.0
2021-03-04 09:00:00+00:00,2468.75,2475.0,2406.25,2431.25,7682800.0
2021-03-05 09:00:00+00:00,2431.25,2450.0,2337.5,2356.25,13829600.0
2021-03-08 09:00:00+00:00,2368.75,2406.25,2368.75,2387.5,3749600.0
2021-03-09 09:00:00+00:00,2381.25,2406.25,2356.25,2381.25,10674400.0
2021-03-10 09:00:00+00:00,2387.5,2475.0,2381.25,2468.75,11665600.0
2021-03-12 09:00:00+00:00,2481.25,2656.25,2481.25,2643.75,15988400.0
2021-03-15 09:00:00+00:00,2650.0,2668.75,2593.75,2631.25,13195200.0
2021-03-16 09:00:00+00:00,2637.5,2668.75,2606.25,2662.5,12375600.0
2021-03-17 09:00:00+00:00,2662.5,2731.25,2656.25,2706.25,10472800.0
2021-03-18 09:00:00+00:00,2706.25,2737.5,2681.25,2731.25,9994400.0
2021-03-19 09:00:00+00:00,2731.25,2750.0,2706.25,2750.0,6748000.0
2021-03-22 09:00:00+00:00,2743.75,2756.25,2725.0,2750.0,7288800.0
2021-03-23 09:00:00+00:00,2750.0,2768.75,2700.0,2725.0,13718000.0
2021-03-24 09:00:00+00:00,2706.25,2706.25,2625.0,2631.25,14278000.0
2021-03-25 09:00:00+00:00,2625.0,2681.25,2612.5,2681.25,5095200.0
2021-03-26 09:00:00+00:00,2681.25,2731.25,2681.25,2725.0,6144800.0
2021-03-29 09:00:00+00:00,2725.0,2756.25,2725.0,2743.75,10105600.0
2021-03-30 09:00:00+00:00,2750.0,2825.0,2750.0,2818.75,15110400.0
2021-03-31 09:00:00+00:00,2818.75,2831.25,2743.75,2781.25,12966000.0
2021-04-01 09:00:00+00:00,2793.75,2806.25,2750.0,2781.25,7962800.0
2021-04-05 09:00:00+00:00,2781.25,2793.75,2743.75,2750.0,5463200.0
2021-04-06 09:00:00+00:00,2756.25,2775.0,2743.75,2762.5,4631600.0
2021-04-07 09:00:00+00:00,2756.25,2775.0,2737.5,2737.5,3892400.0
2021-04-08 09:00:00+00:00,2737.5,2775.0,2731.25,2775.0,6392000.0
2021-04-09 09:00:00+00:00,2781.25,2812.5,2737.5,2762.5,5860800.0
2021-04-12 09:00:00+00:00,2762.5,2768.75,2718.75,2737.5,6779200.0
2021-04-13 09:00:00+00:00,2731.25,2731.25,2681.25,2706.25,4687600.0
2021-04-14 09:00:00+00:00,2706.25,2731.25,2693.75,2731.25,3378800.0
2021-04-15 09:00:00+00:00,2725.0,2731.25,2687.5,2693.75,3372000.0
2021-04-16 09:00:00+00:00,2687.5,2693.75,2650.0,2668.75,2769200.0
2021-04-19 09:00:00+00:00,2656.25,2668.75,2581.25,2606.25,6948800.0
2021-04-20 09:00:00+00:00,2606.25,2606.25,2562.5,2587.5,4457200.0
2021-04-21 09:00:00+00:00,2581.25,2581.25,2537.5,2562.5,3835600.0
2021-04-22 09:00:00+00:00,2562.5,2581.25,2543.75,2568.75,3966000.0
2021-04-23 09:00:00+00:00,2568.75,2575.0,2562.5,2568.75,1697200.0
2021-04-26 09:00:00+00:00,2568.75,2568.75,2512.5,2525.0,8712400.0
2021-04-27 09:00:00+00:00,2525.0,2543.75,2462.5,2493.75,12050000.0
2021-04-28 09:00:00+00:00,2512.5,2525.0,2456.25,2525.0,4916000.0
2021-04-29 09:00:00+00:00,2531.25,2543.75,2487.5,2487.5,2463200.0
2021-04-30 09:00:00+00:00,2512.5,2525.0,2506.25,2518.75,2696800.0
2021-05-03 09:00:00+00:00,2518.75,2537.5,2418.75,2475.0,6674400.0
2021-05-04 09:00:00+00:00,2475.0,2487.5,2412.5,2425.0,4654800.0
2021-05-05 09:00:00+00:00,2425.0,2431.25,2393.75,2412.5,3379600.0
2021-05-06 09:00:00+00:00,2412.5,2431.25,2350.0,2368.75,6420800.0
2021-05-07 09:00:00+00:00,2381.25,2381.25,2318.75,2337.5,4694000.0
2021-05-10 09:00:00+00:00,2350.0,2350.0,2268.75,2275.0,7508000.0
2021-05-11 09:00:00+00:00,2275.0,2275.0,2143.75,2181.25,15555200.0
2021-05-17 09:00:00+00:00,2181.25,2193.75,2043.75,2056.25,13254800.0
2021-05-18 09:00:00+00:00,2056.25,2075.0,1993.75,1993.75,12224400.0
2021-05-19 09:00:00+00:00,1993.75,1993.75,1856.25,1862.5,42268400.0
2021-05-20 09:00:00+00:00,1875.0,1937.5,1862.5,1906.25,58226000.0
2021-05-21 09:00:00+00:00,1937.5,2137.5,1937.5,1993.75,28420800.0
2021-05-24 09:00:00+00:00,2012.5,2025.0,1906.25,1918.75,11820800.0
2021-05-25 09:00:00+00:00,1918.75,1962.5,1868.75,1881.25,13943200.0
2021-05-27 09:00:00+00:00,1887.5,1943.75,1881.25,1912.5,11062000.0
2021-05-28 09:00:00+00:00,1918.75,1925.0,1875.0,1893.75,6596400.0
2021-05-31 09:00:00+00:00,1906.25,1987.5,1881.25,1981.25,17133600.0
2021-06-02 09:00:00+00:00,1987.5,2025.0,1968.75,1981.25,10933600.0
2021-06-03 09:00:00+00:00,1987.5,2000.0,1937.5,1943.75,7819200.0
2021-06-04 09:00:00+00:00,1950.0,1993.75,1943.75,1956.25,8883200.0
2021-06-07 09:00:00+00:00,1956.25,1968.75,1937.5,1937.5,7546400.0
2021-06-08 09:00:00+00:00,1937.5,1943.75,1900.0,1925.0,12468800.0
2021-06-09 09:00:00+00:00,1937.5,2025.0,1925.0,2018.75,11298400.0
2021-06-10 09:00:00+00:00,2037.5,2043.75,1975.0,2018.75,15785600.0
2021-06-11 09:00:00+00:00,2018.75,2025.0,1987.5,2000.0,12992800.0
2021-06-14 09:00:00+00:00,2000.0,2075.0,1987.5,2075.0,15697600.0
2021-06-15 09:00:00+00:00,2075.0,2368.75,2075.0,2331.25,39643200.0
2021-06-16 09:00:00+00:00,2331.25,2375.0,2293.75,2356.25,16482800.0
2021-06-17 09:00:00+00:00,2343.75,2400.0,2343.75,2393.75,11811600.0
2021-06-18 09:00:00+00:00,2400.0,2425.0,2362.5,2362.5,15512400.0
2021-06-21 09:00:00+00:00,2350.0,2406.25,2312.5,2356.25,11525600.0
2021-06-22 09:00:00+00:00,2356.25,2462.5,2337.5,2443.75,16139200.0
2021-06-23 09:00:00+00:00,2437.5,2487.5,2425.0,2487.5,15384400.0
2021-06-24 09:00:00+00:00,2493.75,2525.0,2487.5,2487.5,13800800.0
2021-06-25 09:00:00+00:00,2487.5,2525.0,2487.5,2512.5,11068800.0
2021-06-28 09:00:00+00:00,2512.5,2525.0,2437.5,2437.5,11189200.0
2021-06-29 09:00:00+00:00,2437.5,2462.5,2412.5,2431.25,7294000.0
2021-06-30 09:00:00+00:00,2431.25,2456.25,2418.75,2456.25,15600800.0
2021-07-01 09:00:00+00:00,2462.5,2500.0,2456.25,2462.5,7533200.0
2021-07-02 09:00:00+00:00,2462.5,2487.5,2437.5,2437.5,5415200.0
2021-07-05 09:00:00+00:00,2443.75,2443.75,2387.5,2387.5,7912800.0
2021-07-06 09:00:00+00:00,2381.25,2418.75,2356.25,2387.5,11779600.0
2021-07-07 09:00:00+00:00,2406.25,2475.0,2406.25,2456.25,9444400.0
2021-07-08 09:00:00+00:00,2468.75,2468.75,2431.25,2450.0,10503600.0
2021-07-09 09:00:00+00:00,2450.0,2493.75,2418.75,2481.25,13680000.0
2021-07-12 09:00:00+00:00,2487.5,2506.25,2481.25,2500.0,12820000.0
2021-07-13 09:00:00+00:00,2512.5,2525.0,2468.75,2468.75,14122000.0
2021-07-14 09:00:00+00:00,2468.75,2475.0,2437.5,2462.5,9944000.0
2021-07-15 09:00:00+00:00,2462.5,2475.0,2425.0,2437.5,8359200.0
2021-07-16 09:00:00+00:00,2437.5,2462.5,2393.75,2393.75,10726400.0
2021-07-19 09:00:00+00:00,2387.5,2387.5,2250.0,2275.0,22218000.0
2021-07-21 09:00:00+00:00,2281.25,2300.0,2200.0,2225.0,15366400.0
2021-07-22 09:00:00+00:00,2237.5,2256.25,2187.5,2218.75,13138800.0
2021-07-23 09:00:00+00:00,2212.5,2218.75,2125.0,2187.5,22783600.0
2021-07-26 09:00:00+00:00,2206.25,2212.5,2168.75,2187.5,10696800.0
2021-07-27 09:00:00+00:00,2193.75,2212.5,2187.5,2200.0,10029600.0
2021-07-28 09:00:00+00:00,2212.5,2256.25,2200.0,2212.5,11838400.0
2021-07-29 09:00:00+00:00,2237.5,2268.75,2218.75,2268.75,22830800.0
2021-07-30 09:00:00+00:00,2300.0,2356.25,2300.0,2350.0,26442400.0
2021-08-02 09:00:00+00:00,2362.5,2375.0,2293.75,2325.0,18339200.0
2021-08-03 09:00:00+00:00,2325.0,2356.25,2312.5,2337.5,11742400.0
2021-08-04 09:00:00+00:00,2350.0,2356.25,2325.0,2356.25,7098000.0
2021-08-05 09:00:00+00:00,2343.75,2356.25,2325.0,2337.5,11964800.0
2021-08-06 09:00:00+00:00,2337.5,2362.5,2337.5,2343.75,10884800.0
2021-08-09 09:00:00+00:00,2343.75,2356.25,2293.75,2300.0,11037600.0
2021-08-10 09:00:00+00:00,2300.0,2325.0,2275.0,2300.0,5817200.0
2021-08-12 09:00:00+00:00,2312.5,2325.0,2287.5,2287.5,10080000.0
2021-08-13 09:00:00+00:00,2281.25,2312.5,2275.0,2312.5,4539200.0
2021-08-16 09:00:00+00:00,2312.5,2312.5,2250.0,2256.25,8266800.0
2021-08-18 09:00:00+00:00,2256.25,2281.25,2243.75,2275.0,10082400.0
2021-08-19 09:00:00+00:00,2275.0,2275.0,2200.0,2237.5,8985600.0
2021-08-20 09:00:00+00:00,2237.5,2262.5,2218.75,2243.75,5315200.0
2021-08-23 09:00:00+00:00,2243.75,2250.0,2181.25,2212.5,8951600.0
2021-08-24 09:00:00+00:00,2218.75,2218.75,2112.5,2150.0,11956400.0
2021-08-25 09:00:00+00:00,2143.75,2168.75,2137.5,2150.0,7545200.0
2021-08-26 09:00:00+00:00,2162.5,2168.75,2125.0,2143.75,5302000.0
2021-08-27 09:00:00+00:00,2156.25,2162.5,2087.5,2093.75,10173200.0
2021-08-30 09:00:00+00:00,2093.75,2162.5,2093.75,2162.5,22377600.0
2021-08-31 09:00:00+00:00,2025.0,2050.0,1937.5,1962.5,18706800.0
2021-09-01 09:00:00+00:00,1968.75,1968.75,1918.75,1918.75,8830800.0
2021-09-02 09:00:00+00:00,1925.0,1931.25,1900.0,1900.0,5665200.0
2021-09-03 09:00:00+00:00,1887.5,1893.75,1837.5,1887.5,12355600.0
2021-09-06 09:00:00+00:00,1875.0,1875.0,1831.25,1850.0,10222800.0
2021-09-07 09:00:00+00:00,1850.0,1850.0,1768.75,1781.25,16426000.0
2021-09-08 09:00:00+00:00,1775.0,1775.0,1718.75,1743.75,16322800.0
2021-09-09 09:00:00+00:00,1737.5,1743.75,1700.0,1712.5,30091600.0
2021-09-10 09:00:00+00:00,1718.75,1800.0,1712.5,1800.0,24020000.0
2021-09-13 09:00:00+00:00,1800.0,1806.25,1725.0,1762.5,34058800.0
2021-09-14 09:00:00+00:00,1762.5,1775.0,1700.0,1768.75,33736400.0
2021-09-15 09:00:00+00:00,1762.5,1762.5,1731.25,1750.0,10240400.0
2021-09-16 09:00:00+00:00,1756.25,1875.0,1750.0,1868.75,38469600.0
2021-09-17 09:00:00+00:00,1887.5,1893.75,1825.0,1862.5,16834000.0
2021-09-20 09:00:00+00:00,1862.5,1862.5,1787.5,1812.5,37395200.0
2021-09-21 09:00:00+00:00,1800.0,1843.75,1775.0,1843.75,6458400.0
2021-09-22 09:00:00+00:00,1850.0,1850.0,1806.25,1812.5,8556400.0
2021-09-23 09:00:00+00:00,1825.0,1825.0,1787.5,1800.0,9421200.0
2021-09-24 09:00:00+00:00,1812.5,1825.0,1793.75,1800.0,7275600.0
2021-09-27 09:00:00+00:00,1812.5,1812.5,1768.75,1787.5,8764000.0
2021-09-28 09:00:00+00:00,1793.75,1793.75,1750.0,1781.25,10688000.0
2021-09-29 09:00:00+00:00,1768.75,1775.0,1750.0,1762.5,6736800.0
2021-09-30 09:00:00+00:00,1762.5,1806.25,1762.5,1800.0,9369600.0
2021-10-01 09:00:00+00:00,1793.75,1793.75,1756.25,1762.5,11572800.0
2021-10-04 09:00:00+00:00,1762.5,1793.75,1725.0,1781.25,16793600.0
2021-10-05 09:00:00+00:00,1781.25,1781.25,1731.25,1750.0,16642000.0
2021-10-06 09:00:00+00:00,1750.0,1837.5,1737.5,1818.75,28365600.0
2021-10-07 09:00:00+00:00,1818.75,1825.0,1781.25,1812.5,18287200.0
2021-10-08 09:00:00+00:00,1800.0,1843.75,1793.75,1831.25,16227200.0
2021-10-11 09:00:00+00:00,1831.25,1837.5,1762.5,1768.75,22375200.0
2021-10-12 09:00:00+00:00,1768.75,1787.5,1743.75,1762.5,17754400.0
2021-10-13 09:00:00+00:00,1762.5,1787.5,1737.5,1737.5,33755600.0
2021-10-14 09:00:00+00:00,1750.0,1818.75,1743.75,1806.25,34040800.0
2021-10-15 09:00:00+00:00,1818.75,1831.25,1781.25,1787.5,16519600.0
2021-10-18 09:00:00+00:00,1793.75,1806.25,1787.5,1800.0,11383200.0
2021-10-19 09:00:00+00:00,1800.0,1837.5,1800.0,1812.5,28433600.0
2021-10-21 09:00:00+00:00,1818.75,1825.0,1787.5,1793.75,10762400.0
2021-10-22 09:00:00+00:00,1793.75,1893.75,1787.5,1881.25,38532000.0
2021-10-25 09:00:00+00:00,1893.75,1931.25,1887.5,1931.25,32062400.0
2021-10-26 09:00:00+00:00,1931.25,1956.25,1906.25,1906.25,19306400.0
2021-10-27 09:00:00+00:00,1912.5,1918.75,1881.25,1912.5,12768800.0
2021-10-28 09:00:00+00:00,1912.5,1943.75,1831.25,1856.25,27614400.0
2021-10-29 09:00:00+00:00,1875.0,1900.0,1843.75,1900.0,12633200.0
2021-11-01 09:00:00+00:00,1912.5,1931.25,1887.5,1900.0,18881600.0
2021-11-02 09:00:00+00:00,1912.5,1918.75,1850.0,1875.0,14028000.0
2021-11-03 09:00:00+00:00,1875.0,1881.25,1831.25,1856.25,12112800.0
2021-11-04 09:00:00+00:00,1856.25,1856.25,1831.25,1831.25,14962400.0
2021-11-05 09:00:00+00:00,1831.25,1843.75,1787.5,1793.75,17726800.0
2021-11-08 09:00:00+00:00,1793.75,1812.5,1787.5,1800.0,8925600.0
2021-11-09 09:00:00+00:00,1800.0,1837.5,1800.0,1837.5,11138400.0
2021-11-10 09:00:00+00:00,1837.5,1837.5,1812.5,1818.75,12116400.0
2021-11-11 09:00:00+00:00,1831.25,1850.0,1825.0,1843.75,11582800.0
2021-11-12 09:00:00+00:00,1843.75,1850.0,1818.75,1818.75,7067200.0
2021-11-15 09:00:00+00:00,1818.75,1818.75,1781.25,1781.25,14031600.0
2021-11-16 09:00:00+00:00,1781.25,1787.5,1756.25,1768.75,20542400.0
2021-11-17 09:00:00+00:00,1768.75,1787.5,1762.5,1762.5,9514800.0
2021-11-18 09:00:00+00:00,1781.25,1781.25,1756.25,1768.75,7742000.0
2021-11-19 09:00:00+00:00,1775.0,1793.75,1768.75,1793.75,7773600.0
2021-11-22 09:00:00+00:00,1793.75,1800.0,1781.25,1793.75,6336800.0
2021-11-23 09:00:00+00:00,1800.0,1812.5,1793.75,1793.75,8594400.0
2021-11-24 09:00:00+00:00,1800.0,1806.25,1781.25,1793.75,6971200.0
2021-11-25 09:00:00+00:00,1793.75,1806.25,1781.25,1787.5,9106400.0
2021-11-26 09:00:00+00:00,1781.25,1793.75,1750.0,1750.0,15212800.0
2021-11-29 09:00:00+00:00,1750.0,1775.0,1737.5,1775.0,6866800.0
2021-11-30 09:00:00+00:00,1775.0,1775.0,1756.25,1768.75,5808400.0
2021-12-01 09:00:00+00:00,1762.5,1775.0,1725.0,1731.25,10774000.0
2021-12-02 09:00:00+00:00,1737.5,1737.5,1700.0,1712.5,13928400.0
2021-12-03 09:00:00+00:00,1712.5,1750.0,1706.25,1743.75,27309600.0
2021-12-06 09:00:00+00:00,1743.75,1750.0,1712.5,1712.5,12366000.0
2021-12-07 09:00:00+00:00,1718.75,1737.5,1712.5,1725.0,30394800.0
2021-12-08 09:00:00+00:00,1737.5,1743.75,1718.75,1743.75,7519600.0
2021-12-09 09:00:00+00:00,1743.75,1762.5,1731.25,1750.0,8578800.0
2021-12-10 09:00:00+00:00,1750.0,1775.0,1750.0,1768.75,4678000.0
2021-12-13 09:00:00+00:00,1781.25,1843.75,1775.0,1837.5,19222000.0
2021-12-14 09:00:00+00:00,1837.5,1850.0,1812.5,1850.0,11892800.0
2021-12-15 09:00:00+00:00,1850.0,1850.0,1825.0,1831.25,9758400.0
2021-12-16 09:00:00+00:00,1837.5,1837.5,1800.0,1800.0,7682000.0
2021-12-17 09:00:00+00:00,1806.25,1850.0,1787.5,1850.0,9758800.0
2021-12-20 09:00:00+00:00,1825.0,1825.0,1787.5,1787.5,6718400.0
2021-12-21 09:00:00+00:00,1787.5,1806.25,1775.0,1787.5,5270000.0
2021-12-22 09:00:00+00:00,1800.0,1800.0,1762.5,1775.0,6861600.0
2021-12-23 09:00:00+00:00,1775.0,1800.0,1775.0,1793.75,6208800.0
2021-12-24 09:00:00+00:00,1793.75,1812.5,1793.75,1800.0,4243600.0
2021-12-27 09:00:00+00:00,1812.5,1825.0,1800.0,1812.5,3547600.0
2021-12-28 09:00:00+00:00,1812.5,1825.0,1812.5,1812.5,3924800.0
2021-12-29 09:00:00+00:00,1812.5,1818.75,1800.0,1806.25,8451200.0
2021-12-30 09:00:00+00:00,1812.5,1831.25,1800.0,1831.25,8152800.0
2022-01-03 09:00:00+00:00,1831.25,1831.25,1812.5,1812.5,4238800.0
2022-01-04 09:00:00+00:00,1818.75,1825.0,1800.0,1806.25,6724000.0
2022-01-05 09:00:00+00:00,1831.25,1843.75,1806.25,1818.75,7358400.0
2022-01-06 09:00:00+00:00,1818.75,1818.75,1793.75,1800.0,4046800.0
2022-01-07 09:00:00+00:00,1800.0,1825.0,1800.0,1812.5,6351600.0
2022-01-10 09:00:00+00:00,1812.5,1837.5,1800.0,1837.5,8279200.0
2022-01-11 09:00:00+00:00,1837.5,1837.5,1806.25,1818.75,4724400.0
2022-01-12 09:00:00+00:00,1818.75,1887.5,1818.75,1881.25,27152000.0
2022-01-13 09:00:00+00:00,1887.5,1900.0,1868.75,1887.5,13837200.0
2022-01-14 09:00:00+00:00,1887.5,1887.5,1868.75,1875.0,6580400.0
2022-01-17 09:00:00+00:00,1881.25,1887.5,1862.5,1875.0,14558800.0
2022-01-18 09:00:00+00:00,1881.25,1931.25,1881.25,1918.75,26757600.0
2022-01-19 09:00:00+00:00,1912.5,1937.5,1906.25,1925.0,8826800.0
2022-01-20 09:00:00+00:00,1925.0,1975.0,1918.75,1968.75,17994000.0
2022-01-21 09:00:00+00:00,1975.0,2018.75,1968.75,2012.5,16632400.0
2022-01-24 09:00:00+00:00,2012.5,2043.75,2006.25,2025.0,13969600.0
2022-01-25 09:00:00+00:00,2025.0,2037.5,2000.0,2037.5,14675600.0
2022-01-26 09:00:00+00:00,2037.5,2075.0,2037.5,2075.0,13244000.0
2022-01-27 09:00:00+00:00,2075.0,2106.25,2075.0,2100.0,11104800.0
2022-01-28 09:00:00+00:00,2100.0,2143.75,2100.0,2143.75,10751200.0
2022-01-31 09:00:00+00:00,2156.25,2206.25,2156.25,2206.25,18057600.0
2022-02-02 09:00:00+00:00,2206.25,2275.0,2200.0,2275.0,30869200.0
2022-02-03 09:00:00+00:00,2275.0,2325.0,2250.0,2325.0,22569200.0
2022-02-04 09:00:00+00:00,2325.0,2406.25,2325.0,2406.25,25556400.0
2022-02-07 09:00:00+00:00,2412.5,2500.0,2412.5,2493.75,45010000.0
2022-02-08 09:00:00+00:00,2500.0,2556.25,2500.0,2550.0,25408400.0
2022-02-09 09:00:00+00:00,2562.5,2650.0,2556.25,2637.5,40539600.0
2022-02-10 09:00:00+00:00,2650.0,2693.75,2643.75,2693.75,30656000.0
2022-02-11 09:00:00+00:00,2700.0,2700.0,2506.25,2506.25,71722000.0
2022-02-14 09:00:00+00:00,2437.5,2443.75,2331.25,2350.0,46788400.0
2022-02-15 09:00:00+00:00,2325.0,2450.0,2325.0,2431.25,23063200.0
2022-02-16 09:00:00+00:00,2456.25,2500.0,2437.5,2450.0,14404000.0
2022-02-17 09:00:00+00:00,2450.0,2462.5,2362.5,2362.5,13937200.0
2022-02-18 09:00:00+00:00,2356.25,2375.0,2325.0,2375.0,11495200.0
2022-02-21 09:00:00+00:00,2362.5,2375.0,2337.5,2350.0,12885200.0
2022-02-22 09:00:00+00:00,2350.0,2350.0,2281.25,2318.75,17116400.0
2022-02-23 09:00:00+00:00,2318.75,2350.0,2312.5,2325.0,13319200.0
2022-02-24 09:00:00+00:00,2325.0,2325.0,2218.75,2231.25,20768000.0
2022-02-25 09:00:00+00:00,2243.75,2306.25,2243.75,2256.25,16769200.0
2022-03-01 09:00:00+00:00,2262.5,2337.5,2262.5,2325.0,17273200.0
2022-03-02 09:00:00+00:00,2312.5,2331.25,2268.75,2268.75,12085600.0
2022-03-04 09:00:00+00:00,2268.75,2287.5,2237.5,2237.5,13588000.0
2022-03-07 09:00:00+00:00,2231.25,2237.5,2125.0,2137.5,20294400.0
2022-03-08 09:00:00+00:00,2137.5,2150.0,2062.5,2075.0,16268800.0
2022-03-09 09:00:00+00:00,2075.0,2137.5,2056.25,2131.25,18871200.0
2022-03-10 09:00:00+00:00,2156.25,2200.0,2137.5,2200.0,14968000.0
2022-03-11 09:00:00+00:00,2200.0,2218.75,2181.25,2206.25,12362400.0
2022-03-14 09:00:00+00:00,2206.25,2243.75,2200.0,2237.5,14855200.0
2022-03-15 09:00:00+00:00,2250.0,2268.75,2243.75,2262.5,16360800.0
2022-03-16 09:00:00+00:00,2281.25,2387.5,2275.0,2387.5,34512400.0
2022-03-17 09:00:00+00:00,2400.0,2412.5,2343.75,2343.75,23387200.0
2022-03-18 09:00:00+00:00,2350.0,2368.75,2343.75,2368.75,7731600.0
2022-03-21 09:00:00+00:00,2381.25,2400.0,2375.0,2393.75,7938400.0
2022-03-22 09:00:00+00:00,2406.25,2412.5,2381.25,2381.25,6474800.0
2022-03-23 09:00:00+00:00,2387.5,2406.25,2381.25,2393.75,10799600.0
2022-03-24 09:00:00+00:00,2393.75,2406.25,2381.25,2387.5,11683200.0
2022-03-25 09:00:00+00:00,2393.75,2393.75,2375.0,2375.0,10634800.0
2022-03-28 09:00:00+00:00,2381.25,2431.25,2381.25,2425.0,10883600.0
2022-03-29 09:00:00+00:00,2437.5,2481.25,2437.5,2481.25,23825200.0
2022-03-30 09:00:00+00:00,2487.5,2500.0,2481.25,2500.0,19318800.0
2022-03-31 09:00:00+00:00,2500.0,2525.0,2487.5,2525.0,30100000.0
2022-04-01 09:00:00+00:00,2525.0,2537.5,2518.75,2537.5,35153200.0
2022-04-04 09:00:00+00:00,2550.0,2575.0,2543.75,2568.75,17955600.0
2022-04-05 09:00:00+00:00,2568.75,2618.75,2568.75,2618.75,16175200.0
2022-04-06 09:00:00+00:00,2618.75,2637.5,2581.25,2637.5,26863600.0
2022-04-07 09:00:00+00:00,2637.5,2662.5,2625.0,2650.0,18432000.0
2022-04-08 09:00:00+00:00,2650.0,2687.5,2637.5,2687.5,13141200.0
2022-04-11 09:00:00+00:00,2693.75,2768.75,2687.5,2762.5,26592800.0
2022-04-12 09:00:00+00:00,2762.5,2781.25,2693.75,2693.75,27720000.0
2022-04-13 09:00:00+00:00,2718.75,2725.0,2650.0,2650.0,14610400.0
2022-04-14 09:00:00+00:00,2650.0,2656.25,2562.5,2562.5,16821600.0
2022-04-18 09:00:00+00:00,2550.0,2562.5,2500.0,2500.0,17455200.0
2022-04-19 09:00:00+00:00,2500.0,2606.25,2500.0,2606.25,11733200.0
2022-04-20 09:00:00+00:00,2612.5,2618.75,2581.25,2600.0,6933200.0
2022-04-21 09:00:00+00:00,2600.0,2612.5,2562.5,2562.5,6928800.0
2022-04-22 09:00:00+00:00,2568.75,2575.0,2537.5,2562.5,6880400.0
2022-04-25 09:00:00+00:00,2562.5,2575.0,2550.0,2550.0,4458400.0
2022-04-26 09:00:00+00:00,2550.0,2575.0,2537.5,2556.25,7784800.0
2022-04-27 09:00:00+00:00,2556.25,2568.75,2537.5,2550.0,6693200.0
2022-04-28 09:00:00+00:00,2568.75,2568.75,2512.5,2512.5,11441200.0
2022-05-09 09:00:00+00:00,2518.75,2525.0,2506.25,2506.25,7242800.0
2022-05-10 09:00:00+00:00,2506.25,2518.75,2487.5,2493.75,8700800.0
2022-05-11 09:00:00+00:00,2493.75,2512.5,2481.25,2481.25,14069600.0
2022-05-12 09:00:00+00:00,2481.25,2500.0,2462.5,2468.75,12628400.0
2022-05-13 09:00:00+00:00,2481.25,2481.25,2437.5,2475.0,12838400.0
2022-05-17 09:00:00+00:00,2475.0,2506.25,2468.75,2468.75,9953200.0
2022-05-18 09:00:00+00:00,2481.25,2493.75,2475.0,2487.5,6260800.0
2022-05-19 09:00:00+00:00,2487.5,2487.5,2450.0,2475.0,9352800.0
2022-05-20 09:00:00+00:00,2475.0,2481.25,2462.5,2475.0,7748400.0
2022-05-23 09:00:00+00:00,2481.25,2493.75,2468.75,2468.75,5904000.0
2022-05-24 09:00:00+00:00,2475.0,2487.5,2450.0,2475.0,11133200.0
2022-05-25 09:00:00+00:00,2475.0,2487.5,2468.75,2487.5,6011200.0
2022-05-27 09:00:00+00:00,2500.0,2543.75,2493.75,2543.75,8337200.0
2022-05-30 09:00:00+00:00,2550.0,2568.75,2543.75,2568.75,9116800.0
2022-05-31 09:00:00+00:00,2575.0,2606.25,2556.25,2556.25,19047600.0
2022-06-02 09:00:00+00:00,2556.25,2575.0,2525.0,2575.0,9374800.0
2022-06-03 09:00:00+00:00,2575.0,2581.25,2537.5,2537.5,8840000.0
2022-06-06 09:00:00+00:00,2537.5,2550.0,2506.25,2518.75,9938000.0
2022-06-07 09:00:00+00:00,2518.75,2531.25,2500.0,2500.0,7470400.0
2022-06-08 09:00:00+00:00,2506.25,2525.0,2500.0,2500.0,10956800.0
2022-06-09 09:00:00+00:00,2506.25,2525.0,2500.0,2500.0,9070800.0
2022-06-10 09:00:00+00:00,2506.25,2518.75,2487.5,2487.5,8241600.0
2022-06-13 09:00:00+00:00,2487.5,2487.5,2431.25,2437.5,15491600.0
2022-06-14 09:00:00+00:00,2437.5,2437.5,2375.0,2387.5,8185200.0
2022-06-15 09:00:00+00:00,2387.5,2456.25,2387.5,2450.0,7182400.0
2022-06-16 09:00:00+00:00,2456.25,2468.75,2406.25,2406.25,9912000.0
2022-06-17 09:00:00+00:00,2406.25,2431.25,2337.5,2381.25,14527200.0
2022-06-20 09:00:00+00:00,2368.75,2387.5,2343.75,2343.75,14084800.0
2022-06-21 09:00:00+00:00,2356.25,2387.5,2350.0,2381.25,12112400.0
2022-06-22 09:00:00+00:00,2393.75,2406.25,2375.0,2375.0,9410800.0
2022-06-23 09:00:00+00:00,2381.25,2381.25,2350.0,2362.5,11554400.0
2022-06-24 09:00:00+00:00,2356.25,2368.75,2325.0,2362.5,12532800.0
2022-06-27 09:00:00+00:00,2368.75,2387.5,2350.0,2362.5,10533200.0
2022-06-28 09:00:00+00:00,2362.5,2375.0,2337.5,2362.5,11695200.0
2022-06-29 09:00:00+00:00,2350.0,2375.0,2287.5,2293.75,13359200.0
2022-06-30 09:00:00+00:00,2293.75,2318.75,2206.25,2250.0,24991600.0
2022-07-01 09:00:00+00:00,2250.0,2256.25,2187.5,2187.5,14590000.0
2022-07-04 09:00:00+00:00,2187.5,2200.0,2168.75,2187.5,9056400.0
2022-07-05 09:00:00+00:00,2187.5,2200.0,2118.75,2162.5,17270400.0
2022-07-06 09:00:00+00:00,2162.5,2168.75,2143.75,2143.75,10851200.0
2022-07-07 09:00:00+00:00,2143.75,2200.0,2143.75,2175.0,16788400.0
2022-07-08 09:00:00+00:00,2175.0,2181.25,2143.75,2181.25,12467200.0
2022-07-11 09:00:00+00:00,2181.25,2193.75,2156.25,2181.25,12661600.0
2022-07-12 09:00:00+00:00,2187.5,2262.5,2181.25,2262.5,13494000.0
2022-07-13 09:00:00+00:00,2268.75,2312.5,2243.75,2300.0,14851600.0
2022-07-14 09:00:00+00:00,2300.0,2368.75,2287.5,2368.75,17774000.0
2022-07-15 09:00:00+00:00,2362.5,2393.75,2350.0,2387.5,13221600.0
2022-07-18 09:00:00+00:00,2400.0,2431.25,2375.0,2400.0,17705200.0
2022-07-19 09:00:00+00:00,2400.0,2412.5,2375.0,2375.0,14328000.0
2022-07-20 09:00:00+00:00,2387.5,2418.75,2375.0,2400.0,24458400.0
2022-07-21 09:00:00+00:00,2400.0,2425.0,2387.5,2425.0,16153600.0
2022-07-22 09:00:00+00:00,2425.0,2443.75,2400.0,2412.5,14140000.0
2022-07-25 09:00:00+00:00,2412.5,2425.0,2387.5,2387.5,10490400.0
2022-07-26 09:00:00+00:00,2387.5,2400.0,2331.25,2337.5,17272000.0
2022-07-27 09:00:00+00:00,2331.25,2356.25,2331.25,2337.5,12115200.0
2022-07-28 09:00:00+00:00,2350.0,2362.5,2337.5,2337.5,12012400.0
2022-07-29 09:00:00+00:00,2350.0,2375.0,2337.5,2375.0,12916800.0
2022-08-01 09:00:00+00:00,2362.5,2362.5,2337.5,2337.5,11176400.0
2022-08-02 09:00:00+00:00,2337.5,2343.75,2287.5,2312.5,13231200.0
2022-08-03 09:00:00+00:00,2300.0,2325.0,2275.0,2318.75,13434400.0
2022-08-04 09:00:00+00:00,2325.0,2337.5,2306.25,2337.5,14311200.0
2022-08-05 09:00:00+00:00,2331.25,2331.25,2306.25,2312.5,9872400.0
2022-08-08 09:00:00+00:00,2312.5,2331.25,2300.0,2306.25,11835600.0
2022-08-09 09:00:00+00:00,2306.25,2312.5,2293.75,2300.0,12962000.0
2022-08-10 09:00:00+00:00,2293.75,2325.0,2281.25,2325.0,13615600.0
2022-08-11 09:00:00+00:00,2325.0,2325.0,2300.0,2312.5,13946000.0
2022-08-12 09:00:00+00:00,2312.5,2325.0,2281.25,2287.5,11475200.0
2022-08-15 09:00:00+00:00,2293.75,2306.25,2275.0,2300.0,11569200.0
2022-08-16 09:00:00+00:00,2300.0,2312.5,2275.0,2275.0,11137600.0
2022-08-18 09:00:00+00:00,2275.0,2287.5,2275.0,2275.0,8052000.0
2022-08-19 09:00:00+00:00,2275.0,2293.75,2256.25,2256.25,9470000.0
2022-08-22 09:00:00+00:00,2262.5,2268.75,2243.75,2256.25,13235200.0
2022-08-23 09:00:00+00:00,2260.0,2410.0,2260.0,2410.0,13266200.0
2022-08-24 09:00:00+00:00,2420.0,2420.0,2360.0,2380.0,11287200.0
2022-08-25 09:00:00+00:00,2380.0,2400.0,2330.0,2330.0,11812700.0
2022-08-26 09:00:00+00:00,2340.0,2350.0,2310.0,2350.0,9886400.0
2022-08-29 09:00:00+00:00,2340.0,2350.0,2280.0,2350.0,10125200.0
2022-08-30 09:00:00+00:00,2350.0,2370.0,2310.0,2340.0,11861000.0
2022-08-31 09:00:00+00:00,2350.0,2440.0,2180.0,2440.0,18540600.0
2022-09-01 09:00:00+00:00,2370.0,2380.0,2330.0,2330.0,10229600.0
2022-09-02 09:00:00+00:00,2330.0,2410.0,2320.0,2380.0,12853800.0
2022-09-05 09:00:00+00:00,2380.0,2400.0,2350.0,2370.0,10724600.0
2022-09-06 09:00:00+00:00,2370.0,2380.0,2340.0,2340.0,17473900.0
2022-09-07 09:00:00+00:00,2330.0,2350.0,2290.0,2330.0,14533000.0
2022-09-08 09:00:00+00:00,2350.0,2490.0,2330.0,2450.0,23957500.0
2022-09-09 09:00:00+00:00,2470.0,2620.0,2450.0,2620.0,23208400.0
2022-09-12 09:00:00+00:00,2630.0,2650.0,2510.0,2650.0,18057900.0
2022-09-13 09:00:00+00:00,2640.0,2650.0,2510.0,2530.0,16658600.0
2022-09-14 09:00:00+00:00,2500.0,2500.0,2440.0,2480.0,13023000.0
2022-09-15 09:00:00+00:00,2490.0,2500.0,2410.0,2440.0,12971200.0
2022-09-16 09:00:00+00:00,2440.0,2540.0,2410.0,2470.0,27714200.0
2022-09-19 09:00:00+00:00,2470.0,2520.0,2440.0,2480.0,17743000.0
2022-09-20 09:00:00+00:00,2500.0,2510.0,2450.0,2510.0,17064600.0
2022-09-21 09:00:00+00:00,2510.0,2640.0,2480.0,2630.0,22611700.0
2022-09-22 09:00:00+00:00,2630.0,2640.0,2550.0,2550.0,18430400.0
2022-09-23 09:00:00+00:00,2550.0,2580.0,2520.0,2570.0,16198800.0
2022-09-26 09:00:00+00:00,2570.0,2570.0,2450.0,2480.0,17398900.0
2022-09-27 09:00:00+00:00,2480.0,2490.0,2370.0,2370.0,14744800.0
2022-09-28 09:00:00+00:00,2370.0,2410.0,2370.0,2390.0,11188800.0
2022-09-29 09:00:00+00:00,2400.0,2430.0,2390.0,2410.0,17193900.0
2022-09-30 09:00:00+00:00,2400.0,2420.0,2300.0,2400.0,23318500.0
2022-10-03 09:00:00+00:00,2400.0,2410.0,2360.0,2380.0,16822700.0
2022-10-04 09:00:00+00:00,2420.0,2440.0,2390.0,2440.0,14426900.0
2022-10-05 09:00:00+00:00,2460.0,2480.0,2440.0,2460.0,15617400.0
2022-10-06 09:00:00+00:00,2460.0,2470.0,2430.0,2450.0,18779000.0
2022-10-07 09:00:00+00:00,2450.0,2480.0,2420.0,2480.0,17079100.0
2022-10-10 09:00:00+00:00,2450.0,2460.0,2420.0,2460.0,17597700.0
2022-10-11 09:00:00+00:00,2460.0,2470.0,2420.0,2460.0,18271200.0
2022-10-12 09:00:00+00:00,2460.0,2480.0,2430.0,2450.0,18093600.0
2022-10-13 09:00:00+00:00,2450.0,2470.0,2430.0,2450.0,23038200.0
2022-10-14 09:00:00+00:00,2470.0,2500.0,2430.0,2430.0,21812700.0
2022-10-17 09:00:00+00:00,2420.0,2460.0,2400.0,2460.0,16259100.0
2022-10-18 09:00:00+00:00,2480.0,2500.0,2430.0,2440.0,16601500.0
2022-10-19 09:00:00+00:00,2450.0,2470.0,2430.0,2460.0,17957800.0
2022-10-20 09:00:00+00:00,2460.0,2470.0,2420.0,2420.0,21544600.0
2022-10-21 09:00:00+00:00,2440.0,2470.0,2400.0,2470.0,16402200.0
2022-10-24 09:00:00+00:00,2470.0,2490.0,2460.0,2460.0,17517700.0
2022-10-25 09:00:00+00:00,2470.0,2500.0,2400.0,2400.0,23259100.0
2022-10-26 09:00:00+00:00,2420.0,2440.0,2380.0,2390.0,20448600.0
2022-10-27 09:00:00+00:00,2410.0,2430.0,2400.0,2420.0,9272500.0
2022-10-28 09:00:00+00:00,2420.0,2440.0,2400.0,2410.0,9308000.0
2022-10-31 09:00:00+00:00,2420.0,2440.0,2400.0,2440.0,12422100.0
2022-11-01 09:00:00+00:00,2430.0,2440.0,2360.0,2410.0,13588700.0
2022-11-02 09:00:00+00:00,2420.0,2420.0,2310.0,2310.0,15605500.0
2022-11-03 09:00:00+00:00,2310.0,2340.0,2300.0,2300.0,15297700.0
2022-11-04 09:00:00+00:00,2310.0,2360.0,2270.0,2360.0,14561200.0
2022-11-07 09:00:00+00:00,2330.0,2330.0,2290.0,2330.0,10156000.0
2022-11-08 09:00:00+00:00,2330.0,2330.0,2280.0,2320.0,8680700.0
2022-11-09 09:00:00+00:00,2330.0,2330.0,2300.0,2300.0,11352500.0
2022-11-10 09:00:00+00:00,2300.0,2340.0,2290.0,2310.0,11146900.0
2022-11-11 09:00:00+00:00,2330.0,2360.0,2330.0,2360.0,13046700.0
2022-11-14 09:00:00+00:00,2360.0,2370.0,2340.0,2370.0,9575400.0
2022-11-15 09:00:00+00:00,2370.0,2380.0,2340.0,2380.0,11232900.0
2022-11-16 09:00:00+00:00,2370.0,2380.0,2350.0,2370.0,8864800.0
2022-11-17 09:00:00+00:00,2370.0,2370.0,2330.0,2340.0,10080600.0
2022-11-18 09:00:00+00:00,2350.0,2380.0,2320.0,2380.0,11542200.0
2022-11-21 09:00:00+00:00,2380.0,2390.0,2340.0,2350.0,10005900.0
2022-11-22 09:00:00+00:00,2360.0,2360.0,2330.0,2340.0,8911900.0
2022-11-23 09:00:00+00:00,2350.0,2350.0,2300.0,2320.0,9488900.0
2022-11-24 09:00:00+00:00,2320.0,2340.0,2300.0,2340.0,6668400.0
2022-11-25 09:00:00+00:00,2340.0,2350.0,2310.0,2350.0,11164300.0
2022-11-28 09:00:00+00:00,2340.0,2350.0,2330.0,2350.0,7476400.0
2022-11-29 09:00:00+00:00,2350.0,2350.0,2320.0,2350.0,9392300.0
2022-11-30 09:00:00+00:00,2340.0,2390.0,2330.0,2390.0,11758600.0
2022-12-01 09:00:00+00:00,2380.0,2400.0,2360.0,2380.0,9099100.0
2022-12-02 09:00:00+00:00,2380.0,2380.0,2340.0,2380.0,10171200.0
2022-12-05 09:00:00+00:00,2380.0,2380.0,2320.0,2330.0,11305100.0
2022-12-06 09:00:00+00:00,2320.0,2370.0,2310.0,2340.0,10470400.0
2022-12-07 09:00:00+00:00,2340.0,2360.0,2300.0,2360.0,12807700.0
2022-12-08 09:00:00+00:00,2360.0,2360.0,2310.0,2340.0,10479000.0
2022-12-09 09:00:00+00:00,2360.0,2380.0,2310.0,2350.0,12102100.0
2022-12-12 09:00:00+00:00,2330.0,2420.0,2320.0,2420.0,11057000.0
2022-12-13 09:00:00+00:00,2420.0,2460.0,2380.0,2460.0,13587300.0
2022-12-14 09:00:00+00:00,2460.0,2470.0,2420.0,2470.0,10312400.0
2022-12-15 09:00:00+00:00,2480.0,2480.0,2430.0,2450.0,8496700.0
2022-12-16 09:00:00+00:00,2450.0,2500.0,2420.0,2500.0,12722500.0
2022-12-19 09:00:00+00:00,2480.0,2480.0,2430.0,2430.0,9503200.0
2022-12-20 09:00:00+00:00,2420.0,2450.0,2390.0,2430.0,9638400.0
2022-12-21 09:00:00+00:00,2430.0,2480.0,2400.0,2460.0,11403700.0
2022-12-22 09:00:00+00:00,2460.0,2470.0,2420.0,2470.0,9396900.0
2022-12-23 09:00:00+00:00,2460.0,2490.0,2420.0,2490.0,9652900.0
2022-12-26 09:00:00+00:00,2480.0,2490.0,2450.0,2490.0,9469900.0
2022-12-27 09:00:00+00:00,2480.0,2490.0,2460.0,2490.0,10613600.0
2022-12-28 09:00:00+00:00,2490.0,2490.0,2470.0,2490.0,11260600.0
2022-12-29 09:00:00+00:00,2490.0,2580.0,2490.0,2580.0,9150500.0
2022-12-30 09:00:00+00:00,2600.0,2610.0,2540.0,2570.0,10979600.0
2023-01-02 09:00:00+00:00,2550.0,2560.0,2500.0,2510.0,10137300.0
2023-01-03 09:00:00+00:00,2500.0,2510.0,2420.0,2470.0,8799500.0
2023-01-04 09:00:00+00:00,2470.0,2490.0,2400.0,2400.0,9371500.0
2023-01-05 09:00:00+00:00,2380.0,2390.0,2300.0,2350.0,9539500.0
2023-01-06 09:00:00+00:00,2320.0,2360.0,2320.0,2340.0,9911900.0
2023-01-09 09:00:00+00:00,2340.0,2350.0,2320.0,2350.0,10161900.0
2023-01-10 09:00:00+00:00,2340.0,2350.0,2320.0,2320.0,7164400.0
2023-01-11 09:00:00+00:00,2340.0,2360.0,2310.0,2360.0,9771000.0
2023-01-12 09:00:00+00:00,2360.0,2380.0,2340.0,2360.0,9577300.0
2023-01-13 09:00:00+00:00,2360.0,2360.0,2330.0,2350.0,9410600.0
2023-01-16 09:00:00+00:00,2360.0,2360.0,2330.0,2340.0,9168700.0
2023-01-17 09:00:00+00:00,2350.0,2380.0,2320.0,2380.0,10237400.0
2023-01-18 09:00:00+00:00,2370.0,2380.0,2340.0,2340.0,9251500.0
2023-01-19 09:00:00+00:00,2350.0,2360.0,2330.0,2360.0,10120000.0
2023-01-20 09:00:00+00:00,2360.0,2380.0,2320.0,2350.0,11965400.0
2023-01-24 09:00:00+00:00,2350.0,2370.0,2330.0,2350.0,9529000.0
2023-01-25 09:00:00+00:00,2350.0,2370.0,2340.0,2360.0,8752000.0
2023-01-26 09:00:00+00:00,2350.0,2350.0,2330.0,2330.0,10025400.0
2023-01-27 09:00:00+00:00,2350.0,2360.0,2330.0,2350.0,9119000.0
2023-01-30 09:00:00+00:00,2350.0,2350.0,2330.0,2340.0,8867400.0
2023-01-31 09:00:00+00:00,2340.0,2340.0,2310.0,2310.0,9134300.0
2023-02-01 09:00:00+00:00,2310.0,2340.0,2280.0,2280.0,10663700.0
2023-02-02 09:00:00+00:00,2280.0,2330.0,2280.0,2330.0,10582200.0
2023-02-03 09:00:00+00:00,2330.0,2330.0,2310.0,2320.0,10021800.0
2023-02-06 09:00:00+00:00,2320.0,2350.0,2310.0,2340.0,10004500.0
2023-02-07 09:00:00+00:00,2330.0,2340.0,2310.0,2340.0,9602900.0
2023-02-08 09:00:00+00:00,2340.0,2340.0,2310.0,2340.0,8730700.0
2023-02-09 09:00:00+00:00,2330.0,2340.0,2310.0,2330.0,9621600.0
2023-02-10 09:00:00+00:00,2340.0,2350.0,2300.0,2350.0,9360600.0
2023-02-13 09:00:00+00:00,2350.0,2350.0,2320.0,2320.0,10333200.0
2023-02-14 09:00:00+00:00,2320.0,2340.0,2320.0,2330.0,9131800.0
2023-02-15 09:00:00+00:00,2340.0,2340.0,2310.0,2310.0,8982700.0
2023-02-16 09:00:00+00:00,2320.0,2340.0,2300.0,2310.0,10594800.0
2023-02-17 09:00:00+00:00,2310.0,2340.0,2300.0,2310.0,9827100.0
2023-02-20 09:00:00+00:00,2310.0,2330.0,2290.0,2300.0,10031200.0
2023-02-21 09:00:00+00:00,2310.0,2330.0,2290.0,2330.0,9541400.0
2023-02-22 09:00:00+00:00,2330.0,2330.0,2290.0,2310.0,8462500.0
2023-02-23 09:00:00+00:00,2310.0,2320.0,2290.0,2320.0,9485200.0
2023-02-24 09:00:00+00:00,2320.0,2340.0,2300.0,2310.0,6252100.0
2023-02-27 09:00:00+00:00,2320.0,2330.0,2280.0,2310.0,7232100.0
2023-02-28 09:00:00+00:00,2320.0,2320.0,2290.0,2310.0,10287900.0
2023-03-01 09:00:00+00:00,2320.0,2330.0,2280.0,2290.0,9969000.0
2023-03-02 09:00:00+00:00,2300.0,2310.0,2250.0,2250.0,10364500.0
2023-03-03 09:00:00+00:00,2280.0,2290.0,2200.0,2240.0,12645700.0
2023-03-06 09:00:00+00:00,2270.0,2280.0,2210.0,2240.0,11206200.0
2023-03-07 09:00:00+00:00,2260.0,2270.0,2220.0,2220.0,9840900.0
2023-03-08 09:00:00+00:00,2220.0,2230.0,2130.0,2170.0,16209600.0
2023-03-09 09:00:00+00:00,2180.0,2240.0,2180.0,2200.0,10899700.0
2023-03-10 09:00:00+00:00,2200.0,2360.0,2180.0,2360.0,9444900.0
2023-03-13 09:00:00+00:00,2300.0,2300.0,2220.0,2240.0,8504200.0
2023-03-14 09:00:00+00:00,2230.0,2240.0,2170.0,2230.0,7028800.0
2023-03-15 09:00:00+00:00,2240.0,2250.0,2220.0,2220.0,8071100.0
2023-03-16 09:00:00+00:00,2220.0,2260.0,2190.0,2220.0,6400200.0
2023-03-17 09:00:00+00:00,2230.0,2270.0,2210.0,2270.0,11414700.0
2023-03-20 09:00:00+00:00,2270.0,2270.0,2170.0,2230.0,8183200.0
2023-03-21 09:00:00+00:00,2240.0,2280.0,2230.0,2250.0,8068700.0
2023-03-24 09:00:00+00:00,2250.0,2290.0,2250.0,2270.0,7665200.0
2023-03-27 09:00:00+00:00,2270.0,2280.0,2230.0,2260.0,7153900.0
2023-03-28 09:00:00+00:00,2260.0,2300.0,2250.0,2300.0,7909800.0
2023-03-29 09:00:00+00:00,2300.0,2320.0,2280.0,2320.0,7812700.0
2023-03-30 09:00:00+00:00,2320.0,2320.0,2280.0,2280.0,7509700.0
2023-03-31 09:00:00+00:00,2290.0,2340.0,2280.0,2340.0,7840300.0
2023-04-03 09:00:00+00:00,2330.0,2330.0,2290.0,2320.0,7128700.0
2023-04-04 09:00:00+00:00,2320.0,2320.0,2280.0,2280.0,7127600.0
2023-04-05 09:00:00+00:00,2280.0,2290.0,2250.0,2290.0,7988600.0
2023-04-06 09:00:00+00:00,2270.0,2290.0,2250.0,2290.0,9220200.0
2023-04-10 09:00:00+00:00,2260.0,2290.0,2250.0,2250.0,7738800.0
2023-04-11 09:00:00+00:00,2260.0,2260.0,2220.0,2230.0,7739300.0
2023-04-12 09:00:00+00:00,2230.0,2250.0,2220.0,2230.0,7747700.0
2023-04-13 09:00:00+00:00,2230.0,2250.0,2200.0,2230.0,7346300.0
2023-04-14 09:00:00+00:00,2260.0,2260.0,2230.0,2230.0,8276700.0
2023-04-17 09:00:00+00:00,2230.0,2290.0,2210.0,2290.0,8529300.0
2023-04-18 09:00:00+00:00,2280.0,2290.0,2250.0,2280.0,7467800.0
2023-04-26 09:00:00+00:00,2260.0,2330.0,2260.0,2330.0,9448700.0
2023-04-27 09:00:00+00:00,2330.0,2330.0,2280.0,2300.0,7632600.0
2023-04-28 09:00:00+00:00,2310.0,2360.0,2310.0,2360.0,7078600.0
2023-05-02 09:00:00+00:00,2360.0,2360.0,2310.0,2320.0,7571500.0
2023-05-03 09:00:00+00:00,2350.0,2350.0,2290.0,2310.0,8517400.0
2023-05-04 09:00:00+00:00,2300.0,2310.0,2250.0,2310.0,10215200.0
2023-05-05 09:00:00+00:00,2290.0,2300.0,2250.0,2270.0,7607700.0
2023-05-08 09:00:00+00:00,2250.0,2290.0,2250.0,2270.0,7660800.0
2023-05-09 09:00:00+00:00,2270.0,2290.0,2250.0,2250.0,7503800.0
2023-05-10 09:00:00+00:00,2260.0,2280.0,2240.0,2280.0,8614000.0
2023-05-11 09:00:00+00:00,2280.0,2280.0,2240.0,2240.0,7042700.0
2023-05-12 09:00:00+00:00,2240.0,2260.0,2220.0,2220.0,7447200.0
2023-05-15 09:00:00+00:00,2230.0,2280.0,2220.0,2270.0,7154000.0
2023-05-16 09:00:00+00:00,2270.0,2270.0,2200.0,2220.0,8650300.0
2023-05-17 09:00:00+00:00,2230.0,2260.0,2210.0,2260.0,7622100.0
2023-05-19 09:00:00+00:00,2260.0,2260.0,2190.0,2190.0,6020200.0
2023-05-22 09:00:00+00:00,2190.0,2200.0,2130.0,2140.0,9215500.0
2023-05-23 09:00:00+00:00,2150.0,2150.0,2070.0,2100.0,6406700.0
2023-05-24 09:00:00+00:00,2100.0,2160.0,2060.0,2130.0,11264200.0
2023-05-25 09:00:00+00:00,2150.0,2150.0,2090.0,2110.0,8853000.0
2023-05-26 09:00:00+00:00,2120.0,2140.0,2100.0,2100.0,9566400.0
2023-05-29 09:00:00+00:00,2120.0,2160.0,2120.0,2160.0,8671700.0
2023-05-30 09:00:00+00:00,2160.0,2170.0,2120.0,2150.0,7653900.0
2023-05-31 09:00:00+00:00,2150.0,2160.0,2110.0,2140.0,8461700.0
2023-06-05 09:00:00+00:00,2140.0,2140.0,2040.0,2040.0,13248700.0
2023-06-06 09:00:00+00:00,2070.0,2080.0,2010.0,2050.0,10453200.0
2023-06-07 09:00:00+00:00,2070.0,2070.0,2020.0,2070.0,12985000.0
2023-06-08 09:00:00+00:00,2080.0,2080.0,2010.0,2030.0,20585100.0
2023-06-09 09:00:00+00:00,2060.0,2090.0,2040.0,2050.0,10263800.0
2023-06-12 09:00:00+00:00,2060.0,2070.0,2040.0,2060.0,13095600.0
2023-06-13 09:00:00+00:00,2080.0,2090.0,2050.0,2070.0,13791000.0
2023-06-14 09:00:00+00:00,2080.0,2080.0,2050.0,2080.0,10864400.0
2023-06-15 09:00:00+00:00,2080.0,2080.0,2040.0,2070.0,16248600.0
2023-06-16 09:00:00+00:00,2090.0,2110.0,2070.0,2070.0,16722100.0
2023-06-19 09:00:00+00:00,2080.0,2110.0,2070.0,2070.0,9686100.0
2023-06-20 09:00:00+00:00,2110.0,2110.0,2080.0,2080.0,8925300.0
2023-06-21 09:00:00+00:00,2080.0,2100.0,2060.0,2100.0,10103800.0
2023-06-22 09:00:00+00:00,2100.0,2110.0,2060.0,2080.0,10702900.0
2023-06-23 09:00:00+00:00,2080.0,2080.0,2040.0,2080.0,8365900.0
2023-06-26 09:00:00+00:00,2080.0,2090.0,2060.0,2070.0,7468000.0
2023-06-27 09:00:00+00:00,2080.0,2120.0,2070.0,2100.0,3564600.0
2023-07-03 09:00:00+00:00,2100.0,2150.0,2070.0,2150.0,5837800.0
2023-07-04 09:00:00+00:00,2120.0,2120.0,2080.0,2080.0,6489600.0
2023-07-05 09:00:00+00:00,2080.0,2100.0,2050.0,2100.0,9919600.0
2023-07-06 09:00:00+00:00,2100.0,2100.0,2050.0,2070.0,9041500.0
2023-07-07 09:00:00+00:00,2070.0,2090.0,2060.0,2090.0,6582000.0
2023-07-10 09:00:00+00:00,2090.0,2090.0,2050.0,2070.0,7015300.0
2023-07-11 09:00:00+00:00,2070.0,2080.0,2050.0,2070.0,5184800.0
2023-07-12 09:00:00+00:00,2070.0,2080.0,2040.0,2050.0,5590400.0
2023-07-13 09:00:00+00:00,2050.0,2080.0,2030.0,2080.0,6997000.0
2023-07-14 09:00:00+00:00,2080.0,2080.0,2040.0,2040.0,8630900.0
2023-07-17 09:00:00+00:00,2060.0,2090.0,2030.0,2090.0,8179900.0
2023-07-18 09:00:00+00:00,2090.0,2090.0,2040.0,2050.0,7219800.0
2023-07-20 09:00:00+00:00,2060.0,2070.0,2040.0,2040.0,6277100.0
2023-07-21 09:00:00+00:00,2050.0,2050.0,2030.0,2040.0,7029600.0
2023-07-24 09:00:00+00:00,2050.0,2070.0,2050.0,2060.0,2312100.0
2023-07-25 09:00:00+00:00,2060.0,2080.0,2040.0,2040.0,3784900.0
2023-07-26 09:00:00+00:00,2060.0,2080.0,2060.0,2060.0,3726800.0
2023-07-27 09:00:00+00:00,2070.0,2080.0,2050.0,2070.0,4300800.0
2023-07-28 09:00:00+00:00,2080.0,2090.0,2050.0,2090.0,5539400.0
2023-07-31 09:00:00+00:00,2090.0,2120.0,2050.0,2120.0,5775200.0
2023-08-01 09:00:00+00:00,2100.0,2100.0,2070.0,2090.0,5141900.0
2023-08-02 09:00:00+00:00,2080.0,2090.0,2060.0,2060.0,5950700.0
2023-08-03 09:00:00+00:00,2060.0,2080.0,2050.0,2070.0,4340900.0
2023-08-04 09:00:00+00:00,2070.0,2080.0,2050.0,2080.0,5197700.0
2023-08-07 09:00:00+00:00,2080.0,2080.0,2050.0,2060.0,4129600.0
2023-08-08 09:00:00+00:00,2060.0,2090.0,2050.0,2070.0,4973200.0
2023-08-09 09:00:00+00:00,2080.0,2080.0,2050.0,2070.0,5569100.0
2023-08-10 09:00:00+00:00,2070.0,2100.0,2060.0,2090.0,5881100.0
2023-08-11 09:00:00+00:00,2090.0,2160.0,2080.0,2150.0,8382400.0
2023-08-14 09:00:00+00:00,2150.0,2180.0,2120.0,2170.0,7288900.0
2023-08-15 09:00:00+00:00,2180.0,2180.0,2130.0,2140.0,3955200.0
2023-08-16 09:00:00+00:00,2140.0,2170.0,2110.0,2170.0,4455100.0
2023-08-18 09:00:00+00:00,2160.0,2160.0,2120.0,2150.0,6394600.0
2023-08-21 09:00:00+00:00,2150.0,2160.0,2130.0,2160.0,5321300.0
2023-08-22 09:00:00+00:00,2160.0,2160.0,2110.0,2120.0,5331300.0
2023-08-23 09:00:00+00:00,2130.0,2170.0,2120.0,2150.0,5567400.0
2023-08-24 09:00:00+00:00,2150.0,2250.0,2140.0,2200.0,31902300.0
2023-08-25 09:00:00+00:00,2200.0,2210.0,2160.0,2160.0,9019100.0
2023-08-28 09:00:00+00:00,2160.0,2170.0,2150.0,2160.0,25425700.0
2023-08-29 09:00:00+00:00,2170.0,2200.0,2150.0,2180.0,19402300.0
2023-08-30 09:00:00+00:00,2180.0,2190.0,2170.0,2170.0,21487700.0
2023-08-31 09:00:00+00:00,2180.0,2190.0,2120.0,2180.0,14872200.0
2023-09-01 09:00:00+00:00,2180.0,2190.0,2150.0,2150.0,7344800.0
2023-09-04 09:00:00+00:00,2160.0,2180.0,2110.0,2110.0,11833800.0
2023-09-05 09:00:00+00:00,2130.0,2130.0,2010.0,2050.0,17319000.0
2023-09-06 09:00:00+00:00,2050.0,2060.0,1995.0,2010.0,10857800.0
2023-09-07 09:00:00+00:00,2010.0,2040.0,2000.0,2030.0,7165000.0
2023-09-08 09:00:00+00:00,2030.0,2040.0,1995.0,2000.0,6249300.0
2023-09-11 09:00:00+00:00,2020.0,2060.0,2010.0,2060.0,5731200.0
2023-09-12 09:00:00+00:00,2060.0,2070.0,2040.0,2070.0,7198000.0
2023-09-13 09:00:00+00:00,2070.0,2130.0,2050.0,2130.0,10428300.0
2023-09-14 09:00:00+00:00,2130.0,2290.0,2110.0,2260.0,25931300.0
2023-09-15 09:00:00+00:00,2280.0,2650.0,2280.0,2570.0,65042200.0
2023-09-18 09:00:00+00:00,2590.0,2710.0,2580.0,2650.0,45331200.0
2023-09-19 09:00:00+00:00,2670.0,2740.0,2580.0,2690.0,24463300.0
2023-09-20 09:00:00+00:00,2700.0,2730.0,2660.0,2730.0,12738600.0
2023-09-21 09:00:00+00:00,2720.0,2760.0,2690.0,2750.0,26563200.0
2023-09-22 09:00:00+00:00,2750.0,2750.0,2600.0,2620.0,17668400.0
2023-09-25 09:00:00+00:00,2630.0,2660.0,2580.0,2620.0,14174000.0
2023-09-26 09:00:00+00:00,2630.0,2660.0,2580.0,2580.0,16493400.0
2023-09-27 09:00:00+00:00,2590.0,2630.0,2550.0,2560.0,14045000.0
2023-09-29 09:00:00+00:00,2560.0,2590.0,2510.0,2530.0,21789200.0
2023-10-02 09:00:00+00:00,2530.0,2620.0,2520.0,2570.0,19095500.0
2023-10-03 09:00:00+00:00,2570.0,2600.0,2550.0,2600.0,14538600.0
2023-10-04 09:00:00+00:00,2600.0,2620.0,2570.0,2620.0,13750200.0
2023-10-05 09:00:00+00:00,2610.0,2730.0,2600.0,2730.0,25136500.0
2023-10-06 09:00:00+00:00,2730.0,2740.0,2690.0,2740.0,15463800.0
2023-10-09 09:00:00+00:00,2740.0,2740.0,2690.0,2690.0,21132100.0
2023-10-10 09:00:00+00:00,2700.0,2730.0,2530.0,2690.0,20548100.0
2023-10-11 09:00:00+00:00,2690.0,2730.0,2680.0,2690.0,14979700.0
2023-10-12 09:00:00+00:00,2700.0,2710.0,2670.0,2690.0,9494800.0
2023-10-13 09:00:00+00:00,2690.0,2710.0,2660.0,2700.0,15033200.0
2023-10-16 09:00:00+00:00,2690.0,2700.0,2560.0,2580.0,21445100.0
2023-10-17 09:00:00+00:00,2600.0,2660.0,2590.0,2660.0,12968000.0
2023-10-18 09:00:00+00:00,2670.0,2690.0,2640.0,2670.0,11858000.0
2023-10-19 09:00:00+00:00,2670.0,2690.0,2620.0,2630.0,13002400.0
2023-10-20 09:00:00+00:00,2630.0,2640.0,2600.0,2600.0,12053900.0
2023-10-23 09:00:00+00:00,2600.0,2630.0,2580.0,2630.0,12977400.0
2023-10-24 09:00:00+00:00,2630.0,2630.0,2580.0,2610.0,13408500.0
2023-10-25 09:00:00+00:00,2630.0,2670.0,2620.0,2670.0,12765700.0
2023-10-26 09:00:00+00:00,2670.0,2750.0,2650.0,2730.0,23353800.0
2023-10-27 09:00:00+00:00,2720.0,2820.0,2700.0,2820.0,21752300.0
2023-10-30 09:00:00+00:00,2830.0,2860.0,2780.0,2820.0,17086300.0
2023-10-31 09:00:00+00:00,2820.0,2980.0,2810.0,2980.0,25746500.0
2023-11-01 09:00:00+00:00,3000.0,3040.0,2920.0,2950.0,28335400.0
2023-11-02 09:00:00+00:00,2960.0,2990.0,2940.0,2960.0,15388700.0
2023-11-03 09:00:00+00:00,2980.0,3070.0,2950.0,3000.0,21603600.0
2023-11-06 09:00:00+00:00,3010.0,3020.0,2940.0,2950.0,18753700.0
2023-11-07 09:00:00+00:00,2960.0,2990.0,2880.0,2940.0,19593700.0
2023-11-08 09:00:00+00:00,2940.0,3030.0,2930.0,2950.0,23396400.0
2023-11-09 09:00:00+00:00,2950.0,2990.0,2900.0,2960.0,20524500.0
2023-11-10 09:00:00+00:00,2970.0,3210.0,2970.0,3000.0,80446400.0
2023-11-13 09:00:00+00:00,3020.0,3030.0,2910.0,2910.0,25503300.0
2023-11-14 09:00:00+00:00,2920.0,3000.0,2920.0,2990.0,20126100.0
2023-11-15 09:00:00+00:00,3000.0,3020.0,2920.0,2920.0,24992600.0
2023-11-16 09:00:00+00:00,2930.0,2960.0,2900.0,2920.0,16756700.0
2023-11-17 09:00:00+00:00,2950.0,2960.0,2900.0,2950.0,15896300.0
2023-11-20 09:00:00+00:00,2960.0,2970.0,2890.0,2890.0,16077200.0
2023-11-21 09:00:00+00:00,2900.0,2910.0,2850.0,2890.0,18138400.0
2023-11-22 09:00:00+00:00,2890.0,2910.0,2850.0,2890.0,18326700.0
2023-11-23 09:00:00+00:00,2890.0,2940.0,2880.0,2900.0,12834000.0
2023-11-24 09:00:00+00:00,2910.0,2920.0,2860.0,2870.0,14267500.0
2023-11-27 09:00:00+00:00,2870.0,2900.0,2840.0,2840.0,15448400.0
2023-11-28 09:00:00+00:00,2840.0,2930.0,2840.0,2890.0,15134900.0
2023-11-29 09:00:00+00:00,2890.0,2920.0,2840.0,2920.0,17186800.0
2023-11-30 09:00:00+00:00,2920.0,2970.0,2900.0,2950.0,18147700.0
2023-12-01 09:00:00+00:00,2950.0,2960.0,2910.0,2910.0,15600000.0
2023-12-04 09:00:00+00:00,2910.0,2940.0,2860.0,2910.0,18549700.0
2023-12-05 09:00:00+00:00,2920.0,3210.0,2910.0,3170.0,33275700.0
2023-12-06 09:00:00+00:00,3180.0,3740.0,3180.0,3480.0,106334800.0
2023-12-07 09:00:00+00:00,3510.0,4350.0,3450.0,4350.0,98902900.0
2023-12-08 09:00:00+00:00,4470.0,5100.0,4330.0,4700.0,171631200.0
2023-12-11 09:00:00+00:00,4700.0,4990.0,4620.0,4700.0,75232600.0
2023-12-12 09:00:00+00:00,4720.0,4780.0,4600.0,4760.0,38332500.0
2023-12-13 09:00:00+00:00,4780.0,4900.0,4670.0,4780.0,47063000.0
2023-12-14 09:00:00+00:00,4810.0,4890.0,4650.0,4650.0,29261500.0
2023-12-15 09:00:00+00:00,4690.0,5075.0,4670.0,4930.0,60843300.0
2023-12-18 09:00:00+00:00,4950.0,5450.0,4880.0,5075.0,76617100.0
2023-12-19 09:00:00+00:00,5125.0,5350.0,5025.0,5350.0,38941400.0
2023-12-20 09:00:00+00:00,5375.0,5700.0,5325.0,5675.0,36715800.0
2023-12-21 09:00:00+00:00,5675.0,5925.0,5675.0,5875.0,48525300.0
2023-12-22 09:00:00+00:00,5875.0,5875.0,5875.0,5875.0,0.0
2023-12-27 09:00:00+00:00,5900.0,6075.0,5800.0,6000.0,28277200.0
2023-12-28 09:00:00+00:00,6000.0,6125.0,5975.0,6000.0,31689500.0
2023-12-29 09:00:00+00:00,6000.0,6025.0,5250.0,5250.0,73114900.0
2024-01-02 09:00:00+00:00,5400.0,5875.0,5275.0,5700.0,54572600.0
2024-01-03 09:00:00+00:00,5850.0,5875.0,5600.0,5850.0,34827300.0
2024-01-04 09:00:00+00:00,5850.0,5975.0,5775.0,5900.0,31244500.0
2024-01-05 09:00:00+00:00,5975.0,5975.0,5700.0,5725.0,24859200.0
2024-01-08 09:00:00+00:00,5725.0,5800.0,5225.0,5275.0,40768500.0
2024-01-09 09:00:00+00:00,5325.0,5350.0,4220.0,4220.0,75180700.0
2024-01-10 09:00:00+00:00,3960.0,4270.0,3560.0,4000.0,119275800.0
2024-01-11 09:00:00+00:00,4030.0,4100.0,3520.0,3710.0,80951800.0
2024-01-12 09:00:00+00:00,3720.0,3780.0,3520.0,3560.0,37549500.0
2024-01-15 09:00:00+00:00,3570.0,3650.0,3210.0,3230.0,72396800.0
2024-01-16 09:00:00+00:00,3300.0,3590.0,3250.0,3560.0,51596800.0
2024-01-17 09:00:00+00:00,3580.0,3610.0,3400.0,3410.0,50420900.0
2024-01-18 09:00:00+00:00,3430.0,4260.0,3430.0,4260.0,96405400.0
2024-01-19 09:00:00+00:00,4400.0,4670.0,4320.0,4350.0,107111500.0
2024-01-22 09:00:00+00:00,4370.0,4950.0,4360.0,4790.0,57458800.0
2024-01-23 09:00:00+00:00,4830.0,5650.0,4830.0,5500.0,73732800.0
2024-01-24 09:00:00+00:00,5575.0,5975.0,5425.0,5475.0,94037300.0
2024-01-25 09:00:00+00:00,5550.0,5725.0,5500.0,5525.0,39401800.0
2024-01-26 09:00:00+00:00,5350.0,5425.0,4420.0,5400.0,106848200.0
2024-01-29 09:00:00+00:00,5400.0,5700.0,5350.0,5500.0,42145400.0
2024-01-30 09:00:00+00:00,5600.0,5725.0,5450.0,5450.0,37688200.0
2024-01-31 09:00:00+00:00,5450.0,5550.0,5225.0,5400.0,51088900.0
2024-02-01 09:00:00+00:00,5325.0,5600.0,5175.0,5450.0,18654000.0
2024-02-02 09:00:00+00:00,5475.0,5575.0,5400.0,5475.0,16673800.0
2024-02-05 09:00:00+00:00,5475.0,5625.0,5200.0,5400.0,32043500.0
2024-02-06 09:00:00+00:00,5450.0,5500.0,5300.0,5425.0,16323600.0
2024-02-07 09:00:00+00:00,5475.0,5475.0,5200.0,5200.0,26591900.0
2024-02-12 09:00:00+00:00,5250.0,5325.0,5000.0,5100.0,22539200.0
2024-02-13 09:00:00+00:00,5025.0,5050.0,4080.0,4100.0,68895400.0
2024-02-15 09:00:00+00:00,4160.0,4350.0,4000.0,4050.0,40335300.0
2024-02-16 09:00:00+00:00,4080.0,4760.0,4070.0,4620.0,90173200.0
2024-02-19 09:00:00+00:00,4650.0,4840.0,4580.0,4640.0,51026400.0
2024-02-20 09:00:00+00:00,4650.0,4770.0,4600.0,4620.0,22915500.0
2024-02-21 09:00:00+00:00,4630.0,4700.0,4620.0,4670.0,15879000.0
2024-02-22 09:00:00+00:00,4670.0,4730.0,4630.0,4630.0,14608600.0
2024-02-23 09:00:00+00:00,4650.0,4660.0,4260.0,4490.0,27688700.0
2024-02-26 09:00:00+00:00,4490.0,4630.0,4450.0,4520.0,9744900.0
2024-02-27 09:00:00+00:00,4530.0,4590.0,4350.0,4450.0,15116000.0
2024-02-28 09:00:00+00:00,4470.0,4570.0,4400.0,4510.0,20613100.0
2024-02-29 09:00:00+00:00,4510.0,4720.0,4490.0,4580.0,22641400.0
2024-03-01 09:00:00+00:00,4580.0,4710.0,4560.0,4670.0,17594300.0
2024-03-04 09:00:00+00:00,4690.0,4810.0,4680.0,4790.0,12009100.0
2024-03-05 09:00:00+00:00,4800.0,4850.0,4710.0,4740.0,11404500.0
2024-03-06 09:00:00+00:00,4760.0,5225.0,4740.0,5225.0,28271300.0
2024-03-07 09:00:00+00:00,5225.0,5750.0,5175.0,5625.0,60464400.0
2024-03-08 09:00:00+00:00,5625.0,5775.0,5500.0,5575.0,27082800.0
2024-03-13 09:00:00+00:00,5600.0,6275.0,5600.0,6225.0,56432100.0
2024-03-14 09:00:00+00:00,6250.0,6500.0,5225.0,5550.0,62435700.0
2024-03-15 09:00:00+00:00,5550.0,5700.0,5025.0,5150.0,50497000.0
2024-03-18 09:00:00+00:00,5200.0,5400.0,5025.0,5275.0,25345100.0
2024-03-19 09:00:00+00:00,5275.0,5425.0,5225.0,5350.0,14221900.0
2024-03-20 09:00:00+00:00,5400.0,5775.0,5350.0,5700.0,25446600.0
2024-03-21 09:00:00+00:00,5800.0,5950.0,5625.0,5625.0,23100200.0
2024-03-22 09:00:00+00:00,5650.0,5775.0,5650.0,5675.0,11679800.0
2024-03-25 09:00:00+00:00,5950.0,5950.0,5625.0,5950.0,19410600.0
2024-03-26 09:00:00+00:00,6100.0,6100.0,5950.0,6100.0,20318200.0
2024-03-27 09:00:00+00:00,6150.0,6350.0,5700.0,5725.0,31073600.0
2024-03-28 09:00:00+00:00,5750.0,5925.0,5525.0,5825.0,26248200.0
2024-04-01 09:00:00+00:00,5800.0,6125.0,5750.0,6100.0,24009700.0
2024-04-02 09:00:00+00:00,6125.0,6475.0,6125.0,6475.0,33468000.0
2024-04-03 09:00:00+00:00,6575.0,6800.0,6450.0,6775.0,43420100.0
2024-04-04 09:00:00+00:00,6775.0,7000.0,6700.0,6975.0,38112000.0
2024-04-05 09:00:00+00:00,7025.0,7100.0,6875.0,7100.0,32934800.0
2024-04-16 09:00:00+00:00,7300.0,7300.0,7025.0,7225.0,45186200.0
2024-04-17 09:00:00+00:00,7275.0,7350.0,6775.0,6850.0,35050800.0
2024-04-18 09:00:00+00:00,6875.0,7025.0,6850.0,6925.0,22368400.0
2024-04-19 09:00:00+00:00,6925.0,7025.0,6850.0,6850.0,19957100.0
2024-04-22 09:00:00+00:00,6900.0,7000.0,6875.0,7000.0,17838500.0
2024-04-23 09:00:00+00:00,7000.0,7425.0,6975.0,7300.0,32812400.0
2024-04-24 09:00:00+00:00,7300.0,7450.0,7250.0,7450.0,21245600.0
2024-04-25 09:00:00+00:00,7425.0,7500.0,7350.0,7400.0,15160300.0
2024-04-26 09:00:00+00:00,7400.0,7550.0,7325.0,7325.0,21787000.0
2024-04-29 09:00:00+00:00,7350.0,7500.0,7350.0,7500.0,15752300.0
2024-04-30 09:00:00+00:00,7525.0,7600.0,7475.0,7575.0,18314000.0
2024-05-02 09:00:00+00:00,7600.0,8375.0,7575.0,7825.0,44305400.0
2024-05-03 09:00:00+00:00,7850.0,7950.0,7750.0,7750.0,19659100.0
2024-05-06 09:00:00+00:00,7750.0,7900.0,7675.0,7675.0,17939000.0
2024-05-07 09:00:00+00:00,7700.0,7800.0,7675.0,7700.0,15746100.0
2024-05-08 09:00:00+00:00,7750.0,7975.0,7675.0,7975.0,23320600.0
2024-05-13 09:00:00+00:00,8000.0,8100.0,7950.0,8050.0,25681600.0
2024-05-14 09:00:00+00:00,8100.0,8700.0,8050.0,8425.0,51139000.0
2024-05-15 09:00:00+00:00,8550.0,9300.0,8550.0,9125.0,113309800.0
2024-05-16 09:00:00+00:00,9150.0,9275.0,9100.0,9150.0,50947300.0
2024-05-17 09:00:00+00:00,9225.0,9350.0,9100.0,9100.0,50324000.0
2024-05-20 09:00:00+00:00,9150.0,9250.0,8850.0,9075.0,43794800.0
2024-05-21 09:00:00+00:00,9100.0,9250.0,9075.0,9075.0,39333200.0
2024-05-22 09:00:00+00:00,9075.0,9200.0,9000.0,9075.0,36812000.0
2024-05-27 09:00:00+00:00,9100.0,9475.0,8850.0,8850.0,92835400.0
2024-05-28 09:00:00+00:00,8925.0,9100.0,8875.0,9075.0,45271500.0
2024-05-29 09:00:00+00:00,9000.0,9375.0,9000.0,9150.0,68406300.0
2024-05-30 09:00:00+00:00,9200.0,9450.0,9125.0,9150.0,76411600.0
2024-05-31 09:00:00+00:00,9200.0,9250.0,8650.0,9175.0,698686200.0
2024-06-03 09:00:00+00:00,9150.0,9350.0,9100.0,9200.0,43725600.0
2024-06-04 09:00:00+00:00,9225.0,9875.0,9200.0,9600.0,72413500.0
2024-06-05 09:00:00+00:00,9600.0,9600.0,8000.0,8650.0,69039100.0
2024-06-06 09:00:00+00:00,8700.0,8800.0,8625.0,8700.0,27229500.0
2024-06-07 09:00:00+00:00,8700.0,8750.0,8325.0,8500.0,22905300.0
2024-06-10 09:00:00+00:00,8500.0,8675.0,8450.0,8675.0,15452600.0
2024-06-11 09:00:00+00:00,8675.0,8825.0,8550.0,8550.0,17778000.0
2024-06-12 09:00:00+00:00,8600.0,8775.0,8400.0,8775.0,16363400.0
2024-06-13 09:00:00+00:00,8750.0,8800.0,8650.0,8650.0,13953900.0
2024-06-14 09:00:00+00:00,8700.0,8700.0,8500.0,8575.0,17308700.0
2024-06-19 09:00:00+00:00,8625.0,8700.0,8575.0,8675.0,14666300.0
2024-06-20 09:00:00+00:00,8675.0,8725.0,8575.0,8600.0,15602600.0
2024-06-21 09:00:00+00:00,8600.0,9025.0,8600.0,8625.0,27241200.0
2024-06-24 09:00:00+00:00,8650.0,8825.0,8575.0,8825.0,16677300.0
2024-06-25 09:00:00+00:00,8825.0,9000.0,8800.0,8925.0,22455500.0
2024-06-26 09:00:00+00:00,8975.0,9100.0,8950.0,9075.0,16513700.0
2024-06-27 09:00:00+00:00,9075.0,9100.0,9025.0,9050.0,14615200.0
2024-06-28 09:00:00+00:00,9050.0,9225.0,9050.0,9225.0,23619300.0
2024-07-01 09:00:00+00:00,9225.0,9350.0,9100.0,9100.0,18966700.0
2024-07-02 09:00:00+00:00,9150.0,9150.0,8900.0,9000.0,20567500.0
2024-07-03 09:00:00+00:00,9050.0,9200.0,9000.0,9200.0,17699200.0
2024-07-04 09:00:00+00:00,9225.0,9275.0,9150.0,9200.0,17359500.0
2024-07-05 09:00:00+00:00,9200.0,9275.0,9150.0,9200.0,14240300.0
2024-07-08 09:00:00+00:00,9200.0,9325.0,9175.0,9325.0,16504400.0
2024-07-09 09:00:00+00:00,9325.0,9425.0,9100.0,9200.0,20623500.0
2024-07-10 09:00:00+00:00,9200.0,9700.0,9175.0,9500.0,31467900.0
2024-07-11 09:00:00+00:00,9575.0,9600.0,9400.0,9600.0,14617700.0
2024-07-12 09:00:00+00:00,9600.0,9600.0,9150.0,9500.0,23010900.0
2024-07-15 09:00:00+00:00,9500.0,9825.0,9475.0,9700.0,27904000.0
2024-07-16 09:00:00+00:00,9725.0,9825.0,9600.0,9825.0,17925800.0
2024-07-17 09:00:00+00:00,9825.0,9975.0,9550.0,9725.0,23124000.0
2024-07-18 09:00:00+00:00,9650.0,9875.0,9650.0,9675.0,16153300.0
2024-07-19 09:00:00+00:00,9675.0,9750.0,9350.0,9475.0,19706200.0
2024-07-22 09:00:00+00:00,9475.0,9550.0,9300.0,9350.0,17198800.0
2024-07-23 09:00:00+00:00,9350.0,9450.0,9300.0,9450.0,14982700.0
2024-07-24 09:00:00+00:00,9500.0,9500.0,9400.0,9425.0,13558400.0
2024-07-25 09:00:00+00:00,9475.0,9500.0,9375.0,9450.0,13808500.0
2024-07-26 09:00:00+00:00,9475.0,9550.0,9400.0,9550.0,16491500.0
2024-07-29 09:00:00+00:00,9550.0,9625.0,9400.0,9525.0,15148600.0
2024-07-30 09:00:00+00:00,9550.0,9775.0,9525.0,9600.0,17935900.0
2024-07-31 09:00:00+00:00,9725.0,9725.0,9250.0,9650.0,21892700.0
2024-08-01 09:00:00+00:00,9650.0,9850.0,9500.0,9825.0,19812200.0
2024-08-02 09:00:00+00:00,9825.0,10150.0,9775.0,10100.0,20741200.0
2024-08-05 09:00:00+00:00,10100.0,10125.0,9400.0,9400.0,19360800.0
2024-08-06 09:00:00+00:00,9450.0,9850.0,9450.0,9675.0,21959700.0
2024-08-07 09:00:00+00:00,9725.0,11225.0,9700.0,10300.0,40097000.0
2024-08-08 09:00:00+00:00,10350.0,10425.0,10250.0,10325.0,13671400.0
2024-08-09 09:00:00+00:00,10325.0,10475.0,10325.0,10475.0,11934500.0
2024-08-12 09:00:00+00:00,10475.0,10525.0,10225.0,10475.0,16311300.0
2024-08-13 09:00:00+00:00,10475.0,10600.0,10425.0,10500.0,15532500.0
2024-08-14 09:00:00+00:00,10550.0,10625.0,10475.0,10625.0,13673100.0
2024-08-15 09:00:00+00:00,10600.0,10625.0,10475.0,10475.0,10942600.0
2024-08-16 09:00:00+00:00,10475.0,10500.0,10025.0,10100.0,14572100.0
2024-08-19 09:00:00+00:00,10100.0,10150.0,9700.0,9850.0,16323800.0
2024-08-20 09:00:00+00:00,9850.0,9850.0,9600.0,9600.0,14606900.0
2024-08-21 09:00:00+00:00,9600.0,9700.0,9450.0,9450.0,13864000.0
2024-08-22 09:00:00+00:00,9450.0,9600.0,9425.0,9475.0,15084500.0
2024-08-23 09:00:00+00:00,9500.0,9525.0,9300.0,9325.0,12232800.0
2024-08-26 09:00:00+00:00,9350.0,9375.0,9250.0,9300.0,13028100.0
2024-08-27 09:00:00+00:00,9325.0,9350.0,9150.0,9350.0,13508600.0
2024-08-28 09:00:00+00:00,9375.0,9575.0,9300.0,9450.0,26198800.0
2024-08-29 09:00:00+00:00,9500.0,9600.0,9375.0,9400.0,23200900.0
2024-08-30 09:00:00+00:00,9425.0,9975.0,9425.0,9975.0,30884100.0
2024-09-02 09:00:00+00:00,9975.0,9975.0,9550.0,9600.0,17045600.0
2024-09-03 09:00:00+00:00,9650.0,9675.0,9450.0,9450.0,17070200.0
2024-09-04 09:00:00+00:00,9450.0,9525.0,9400.0,9525.0,14311100.0
2024-09-05 09:00:00+00:00,9550.0,9600.0,9425.0,9450.0,13413800.0
2024-09-06 09:00:00+00:00,9450.0,9525.0,9425.0,9425.0,11343300.0
2024-09-09 09:00:00+00:00,9450.0,9525.0,9400.0,9400.0,13242100.0
2024-09-10 09:00:00+00:00,9475.0,9475.0,9275.0,9275.0,15100200.0
2024-09-11 09:00:00+00:00,9275.0,9325.0,8950.0,8950.0,18846200.0
2024-09-12 09:00:00+00:00,9000.0,9050.0,8950.0,9025.0,12445300.0
2024-09-13 09:00:00+00:00,9025.0,9250.0,9000.0,9000.0,15203300.0
2024-09-17 09:00:00+00:00,9000.0,9075.0,8925.0,8925.0,15809000.0
2024-09-18 09:00:00+00:00,8925.0,8975.0,8850.0,8850.0,13715200.0
2024-09-19 09:00:00+00:00,8875.0,9000.0,8850.0,9000.0,15059500.0
2024-09-20 09:00:00+00:00,8975.0,9000.0,8050.0,8050.0,28791500.0
2024-09-23 09:00:00+00:00,8050.0,8725.0,7800.0,8725.0,31630000.0
2024-09-24 09:00:00+00:00,8725.0,8850.0,8525.0,8600.0,26423800.0
2024-09-25 09:00:00+00:00,8650.0,8950.0,8600.0,8950.0,17842000.0
2024-09-26 09:00:00+00:00,8925.0,9150.0,8825.0,9150.0,23405800.0
2024-09-27 09:00:00+00:00,9125.0,9175.0,8875.0,8875.0,7615000.0
2024-09-30 09:00:00+00:00,8875.0,8925.0,8475.0,8475.0,10090400.0
2024-10-01 09:00:00+00:00,8475.0,8875.0,8475.0,8875.0,7791600.0
2024-10-02 09:00:00+00:00,9000.0,9125.0,8825.0,8925.0,10133000.0
2024-10-03 09:00:00+00:00,8950.0,9000.0,8800.0,8825.0,4545100.0
2024-10-04 09:00:00+00:00,8875.0,8875.0,8650.0,8650.0,4493300.0
2024-10-07 09:00:00+00:00,8650.0,8975.0,8600.0,8950.0,10288200.0
2024-10-08 09:00:00+00:00,8950.0,9225.0,8900.0,8950.0,13838300.0
2024-10-09 09:00:00+00:00,8975.0,8975.0,8850.0,8875.0,3696600.0
2024-10-10 09:00:00+00:00,8925.0,8925.0,8575.0,8575.0,6806200.0
2024-10-11 09:00:00+00:00,8600.0,8650.0,8550.0,8550.0,3377700.0
2024-10-14 09:00:00+00:00,8550.0,8650.0,8500.0,8600.0,4098900.0
2024-10-15 09:00:00+00:00,8650.0,8750.0,8600.0,8750.0,16959000.0
2024-10-16 09:00:00+00:00,8775.0,8950.0,8750.0,8825.0,7977600.0
2024-10-17 09:00:00+00:00,8825.0,8950.0,8800.0,8850.0,6081600.0
2024-10-18 09:00:00+00:00,8850.0,8900.0,8750.0,8900.0,4828300.0
2024-10-21 09:00:00+00:00,8900.0,8925.0,8850.0,8875.0,3365200.0
2024-10-22 09:00:00+00:00,8875.0,9075.0,8750.0,9075.0,11653700.0
2024-10-23 09:00:00+00:00,9200.0,9200.0,9075.0,9150.0,7697400.0
2024-10-24 09:00:00+00:00,9150.0,9150.0,9000.0,9000.0,5336400.0
2024-10-25 09:00:00+00:00,9000.0,9300.0,9000.0,9100.0,10234700.0
2024-10-28 09:00:00+00:00,9100.0,9125.0,8850.0,9000.0,6301200.0
2024-10-29 09:00:00+00:00,9000.0,9125.0,8850.0,8925.0,14571200.0
2024-10-30 09:00:00+00:00,9000.0,9000.0,8750.0,8825.0,5316900.0
2024-10-31 09:00:00+00:00,8825.0,8875.0,8725.0,8750.0,8376900.0
2024-11-01 09:00:00+00:00,8750.0,8800.0,8550.0,8550.0,7221200.0
2024-11-04 09:00:00+00:00,8600.0,8600.0,8175.0,8275.0,9798600.0
2024-11-05 09:00:00+00:00,8275.0,8450.0,7700.0,7700.0,15184100.0
2024-11-06 09:00:00+00:00,7800.0,7850.0,7550.0,7575.0,8134900.0
2024-11-07 09:00:00+00:00,7625.0,7625.0,6700.0,6700.0,20491100.0
2024-11-08 09:00:00+00:00,6775.0,7475.0,6700.0,7275.0,14507200.0
2024-11-11 09:00:00+00:00,7275.0,7325.0,6975.0,7050.0,10371600.0
2024-11-12 09:00:00+00:00,7050.0,7225.0,7050.0,7050.0,9542100.0
2024-11-13 09:00:00+00:00,7175.0,7175.0,6850.0,6850.0,7581400.0
2024-11-14 09:00:00+00:00,6900.0,7000.0,6825.0,6825.0,6892200.0
2024-11-15 09:00:00+00:00,6875.0,6900.0,6625.0,6625.0,6395000.0
2024-11-18 09:00:00+00:00,6725.0,6800.0,6650.0,6725.0,5152600.0
2024-11-19 09:00:00+00:00,6700.0,6825.0,6575.0,6575.0,11641900.0
2024-11-20 09:00:00+00:00,6625.0,6650.0,6475.0,6475.0,5537600.0
2024-11-21 09:00:00+00:00,6475.0,6650.0,6450.0,6450.0,7403900.0
2024-11-22 09:00:00+00:00,6500.0,6550.0,6325.0,6350.0,10901200.0
2024-11-25 09:00:00+00:00,6425.0,7250.0,6425.0,7250.0,27383200.0
2024-11-26 09:00:00+00:00,7250.0,7450.0,7175.0,7175.0,18255000.0
2024-11-28 09:00:00+00:00,7225.0,7375.0,7000.0,7000.0,11271800.0
2024-11-29 09:00:00+00:00,7050.0,7125.0,6775.0,6950.0,11684700.0
2024-12-02 09:00:00+00:00,7050.0,7100.0,6800.0,7050.0,8820600.0
2024-12-03 09:00:00+00:00,7050.0,7200.0,6775.0,6975.0,12306000.0
2024-12-04 09:00:00+00:00,6975.0,7950.0,6875.0,7575.0,20146500.0
2024-12-05 09:00:00+00:00,7600.0,8450.0,7525.0,8375.0,25022600.0
2024-12-06 09:00:00+00:00,8375.0,8900.0,8300.0,8675.0,17197300.0
2024-12-09 09:00:00+00:00,8700.0,8750.0,8250.0,8250.0,10346300.0
2024-12-10 09:00:00+00:00,8350.0,8350.0,7775.0,7975.0,18846300.0
2024-12-11 09:00:00+00:00,8075.0,8150.0,7850.0,7950.0,12475400.0
2024-12-12 09:00:00+00:00,7950.0,8050.0,7900.0,8000.0,5831100.0
2024-12-13 09:00:00+00:00,8000.0,8050.0,7775.0,7775.0,7944500.0
2024-12-16 09:00:00+00:00,7800.0,7825.0,7600.0,7750.0,7334400.0
2024-12-17 09:00:00+00:00,7725.0,7900.0,7525.0,7675.0,10244000.0
2024-12-18 09:00:00+00:00,7675.0,7975.0,7600.0,7600.0,11824800.0
2024-12-19 09:00:00+00:00,7675.0,7675.0,7300.0,7325.0,10269100.0
2024-12-20 09:00:00+00:00,7325.0,7400.0,7200.0,7300.0,10756400.0
2024-12-23 09:00:00+00:00,7325.0,7525.0,7325.0,7400.0,7254600.0
2024-12-24 09:00:00+00:00,7425.0,7500.0,7300.0,7300.0,3686400.0
2024-12-27 09:00:00+00:00,7375.0,7500.0,7300.0,7300.0,3367400.0
2024-12-30 09:00:00+00:00,7350.0,7675.0,7200.0,7500.0,13093900.0
2025-01-02 09:00:00+00:00,7475.0,7600.0,7375.0,7500.0,6072100.0
2025-01-03 09:00:00+00:00,7525.0,7675.0,7175.0,7175.0,9967800.0
2025-01-06 09:00:00+00:00,7200.0,7250.0,6800.0,6850.0,8556300.0
2025-01-07 09:00:00+00:00,6850.0,6975.0,6700.0,6850.0,8068900.0
2025-01-08 09:00:00+00:00,6825.0,6850.0,6600.0,6675.0,8476800.0
2025-01-09 09:00:00+00:00,6700.0,7300.0,6650.0,6875.0,16272200.0
2025-01-10 09:00:00+00:00,6925.0,7100.0,6800.0,6800.0,10917800.0
2025-01-13 09:00:00+00:00,6875.0,7175.0,6825.0,6975.0,12948600.0
2025-01-14 09:00:00+00:00,7025.0,7050.0,6750.0,6750.0,7715400.0
2025-01-15 09:00:00+00:00,6800.0,6900.0,6675.0,6675.0,7408100.0
2025-01-16 09:00:00+00:00,6750.0,6875.0,6650.0,6750.0,7582600.0
2025-01-17 09:00:00+00:00,6800.0,6850.0,6675.0,6750.0,4811800.0
2025-01-20 09:00:00+00:00,6775.0,6900.0,6750.0,6875.0,6077500.0
2025-01-21 09:00:00+00:00,6875.0,7025.0,6750.0,6750.0,8268200.0
2025-01-22 09:00:00+00:00,6825.0,7000.0,6825.0,6975.0,7295800.0
2025-01-23 09:00:00+00:00,7025.0,7375.0,6975.0,7050.0,21158700.0
2025-01-24 09:00:00+00:00,7125.0,7450.0,7025.0,7025.0,16984400.0
2025-01-30 09:00:00+00:00,7025.0,7175.0,6700.0,7000.0,14097000.0
2025-01-31 09:00:00+00:00,7025.0,7650.0,6950.0,7100.0,41565100.0
2025-02-03 09:00:00+00:00,7175.0,7500.0,6875.0,7500.0,33855000.0
2025-02-04 09:00:00+00:00,7475.0,8650.0,7425.0,8550.0,46858100.0
2025-02-05 09:00:00+00:00,8550.0,9000.0,8450.0,8625.0,37173700.0
2025-02-06 09:00:00+00:00,8675.0,8675.0,8100.0,8100.0,31484400.0
2025-02-07 09:00:00+00:00,7650.0,7650.0,6500.0,6525.0,63322200.0
2025-02-10 09:00:00+00:00,6500.0,7000.0,6350.0,7000.0,32587200.0
2025-02-11 09:00:00+00:00,7075.0,7225.0,6650.0,6650.0,18741000.0
2025-02-12 09:00:00+00:00,6750.0,7400.0,6725.0,7400.0,20437500.0
2025-02-13 09:00:00+00:00,7500.0,7500.0,7050.0,7075.0,18619100.0
2025-02-14 09:00:00+00:00,7100.0,7200.0,6950.0,6975.0,13145800.0
2025-02-17 09:00:00+00:00,7025.0,7525.0,7000.0,7525.0,22785600.0
2025-02-18 09:00:00+00:00,7650.0,7675.0,7300.0,7325.0,16960100.0
2025-02-19 09:00:00+00:00,7350.0,8000.0,7325.0,8000.0,24179800.0
2025-02-20 09:00:00+00:00,8000.0,8100.0,7775.0,7800.0,16601200.0
2025-02-21 09:00:00+00:00,7800.0,8050.0,7700.0,8025.0,14175800.0
2025-02-24 09:00:00+00:00,8025.0,8175.0,7500.0,8050.0,15731800.0
2025-02-25 09:00:00+00:00,8100.0,8125.0,7525.0,7975.0,15727500.0
2025-02-26 09:00:00+00:00,8000.0,8125.0,7750.0,7800.0,13003500.0
2025-02-27 09:00:00+00:00,7775.0,7850.0,7500.0,7550.0,9511400.0
2025-02-28 09:00:00+00:00,7475.0,7600.0,6550.0,6700.0,29776800.0
2025-03-03 09:00:00+00:00,6850.0,7600.0,6825.0,7450.0,25827400.0
2025-03-04 09:00:00+00:00,7450.0,7450.0,6750.0,6850.0,29557200.0
2025-03-05 09:00:00+00:00,6950.0,7150.0,6875.0,7075.0,21079000.0
2025-03-06 09:00:00+00:00,7050.0,7325.0,7050.0,7100.0,19093700.0
2025-03-07 09:00:00+00:00,7150.0,7400.0,7000.0,7300.0,18259500.0
2025-03-10 09:00:00+00:00,7300.0,7350.0,7100.0,7175.0,7847300.0
2025-03-11 09:00:00+00:00,7000.0,7125.0,6875.0,6875.0,14448500.0
2025-03-12 09:00:00+00:00,6900.0,7000.0,6850.0,6950.0,5251800.0
2025-03-13 09:00:00+00:00,6950.0,7000.0,6850.0,7000.0,3403600.0
2025-03-14 09:00:00+00:00,6950.0,6975.0,6750.0,6750.0,4270000.0
2025-03-17 09:00:00+00:00,6825.0,6900.0,6600.0,6650.0,5110800.0
2025-03-18 09:00:00+00:00,6650.0,6700.0,5325.0,5425.0,58255100.0
2025-03-19 09:00:00+00:00,5600.0,6375.0,5275.0,6125.0,33802300.0
2025-03-20 09:00:00+00:00,6300.0,7175.0,6250.0,7050.0,39252800.0
2025-03-21 09:00:00+00:00,7200.0,7750.0,7050.0,7250.0,67471400.0
2025-03-24 09:00:00+00:00,7400.0,7475.0,6500.0,7075.0,42559100.0
2025-03-25 09:00:00+00:00,7125.0,7150.0,6750.0,6775.0,11689300.0
2025-03-26 09:00:00+00:00,6825.0,7250.0,6800.0,7125.0,14465300.0
2025-03-27 09:00:00+00:00,7100.0,7200.0,6975.0,7200.0,10278700.0
2025-04-08 09:00:00+00:00,6750.0,7200.0,6275.0,7200.0,23952700.0
2025-04-09 09:00:00+00:00,7250.0,7375.0,6600.0,6725.0,18102100.0
2025-04-10 09:00:00+00:00,7125.0,7350.0,6800.0,6800.0,27840100.0
2025-04-11 09:00:00+00:00,6750.0,7125.0,6625.0,6975.0,14884500.0
2025-04-14 09:00:00+00:00,6950.0,7125.0,6875.0,7000.0,12653300.0
2025-04-15 09:00:00+00:00,7000.0,7350.0,6925.0,7350.0,26280800.0
2025-04-16 09:00:00+00:00,7500.0,7950.0,7325.0,7500.0,42115700.0
2025-04-17 09:00:00+00:00,7475.0,7575.0,7325.0,7550.0,13292200.0
2025-04-21 09:00:00+00:00,7550.0,7750.0,7475.0,7650.0,12260800.0
2025-04-22 09:00:00+00:00,7575.0,7850.0,7525.0,7750.0,13274200.0
2025-04-23 09:00:00+00:00,7825.0,7975.0,7775.0,7975.0,12951100.0
2025-04-24 09:00:00+00:00,8050.0,8050.0,7625.0,7700.0,12111800.0
2025-04-25 09:00:00+00:00,7750.0,7800.0,7625.0,7800.0,4797400.0
2025-04-28 09:00:00+00:00,7800.0,8000.0,7725.0,7800.0,11453200.0
2025-04-29 09:00:00+00:00,7875.0,7900.0,7675.0,7675.0,8151600.0
2025-04-30 09:00:00+00:00,7725.0,7925.0,7725.0,7875.0,11141800.0
2025-05-02 09:00:00+00:00,8000.0,8675.0,7925.0,8650.0,34799100.0
2025-05-05 09:00:00+00:00,8750.0,8900.0,8625.0,8650.0,17479500.0
2025-05-06 09:00:00+00:00,8675.0,8775.0,8525.0,8700.0,10144800.0
2025-05-07 09:00:00+00:00,8725.0,9350.0,8675.0,9025.0,30909800.0
2025-05-08 09:00:00+00:00,9050.0,9175.0,8775.0,8875.0,25820100.0
2025-05-09 09:00:00+00:00,8875.0,9000.0,8400.0,8525.0,20626700.0
2025-05-14 09:00:00+00:00,8675.0,9225.0,8675.0,9050.0,28523700.0
2025-05-15 09:00:00+00:00,9125.0,9300.0,9025.0,9025.0,17699400.0
2025-05-16 09:00:00+00:00,9125.0,9275.0,9100.0,9225.0,17403600.0
2025-05-19 09:00:00+00:00,9300.0,9475.0,9100.0,9150.0,16400900.0
2025-05-20 09:00:00+00:00,9250.0,9825.0,9200.0,9575.0,30405400.0
2025-05-21 09:00:00+00:00,9675.0,9725.0,9500.0,9500.0,11217900.0
2025-05-22 09:00:00+00:00,9575.0,9700.0,9525.0,9525.0,7528600.0
2025-05-23 09:00:00+00:00,9875.0,10600.0,9850.0,10550.0,22425600.0
2025-05-26 09:00:00+00:00,10600.0,10675.0,9700.0,9750.0,35058700.0
2025-05-27 09:00:00+00:00,9850.0,9925.0,9700.0,9800.0,19272200.0
2025-05-28 09:00:00+00:00,9875.0,9900.0,9325.0,9325.0,76677600.0
2025-06-02 09:00:00+00:00,9500.0,9650.0,9100.0,9300.0,27252900.0
2025-06-03 09:00:00+00:00,9350.0,9450.0,9125.0,9125.0,13054800.0
2025-06-04 09:00:00+00:00,9200.0,9325.0,9125.0,9225.0,12062700.0
2025-06-05 09:00:00+00:00,9300.0,9675.0,9300.0,9575.0,21034600.0
2025-06-10 09:00:00+00:00,9675.0,10600.0,9650.0,10525.0,43086000.0
2025-06-11 09:00:00+00:00,10600.0,10625.0,9900.0,10250.0,33874100.0
2025-06-12 09:00:00+00:00,10100.0,10425.0,9850.0,9900.0,19498200.0
2025-06-13 09:00:00+00:00,9750.0,10050.0,9650.0,10000.0,13772700.0
2025-06-16 09:00:00+00:00,10000.0,10050.0,9675.0,9900.0,13182600.0
2025-06-17 09:00:00+00:00,10200.0,10650.0,10050.0,10225.0,32878700.0
2025-06-18 09:00:00+00:00,10250.0,10350.0,10225.0,10325.0,9162200.0
2025-06-19 09:00:00+00:00,10475.0,10600.0,9700.0,9775.0,25943400.0
2025-06-20 09:00:00+00:00,9800.0,9900.0,9600.0,9650.0,17282300.0
2025-06-23 09:00:00+00:00,9525.0,9650.0,9125.0,9375.0,18990900.0
2025-06-24 09:00:00+00:00,9600.0,9900.0,9525.0,9750.0,14177300.0
2025-06-25 09:00:00+00:00,9800.0,9850.0,9275.0,9500.0,13719200.0
2025-06-26 09:00:00+00:00,9525.0,9675.0,9400.0,9675.0,8360500.0
2025-06-30 09:00:00+00:00,9675.0,10000.0,9625.0,9875.0,12720800.0
2025-07-01 09:00:00+00:00,9925.0,10025.0,9850.0,10000.0,9057200.0
2025-07-02 09:00:00+00:00,10025.0,10200.0,9900.0,10100.0,11842100.0
2025-07-03 09:00:00+00:00,10150.0,10150.0,9950.0,9975.0,5693900.0
2025-07-04 09:00:00+00:00,10025.0,10025.0,9800.0,9800.0,4563200.0
2025-07-07 09:00:00+00:00,9850.0,9875.0,9575.0,9775.0,10632000.0
2025-07-08 09:00:00+00:00,9800.0,10275.0,9800.0,10175.0,20166100.0
2025-07-09 09:00:00+00:00,10250.0,10275.0,9900.0,10050.0,16828000.0
2025-07-10 09:00:00+00:00,10050.0,10050.0,9900.0,9900.0,11841300.0
2025-07-11 09:00:00+00:00,9950.0,10000.0,9800.0,9800.0,10047200.0
2025-07-14 09:00:00+00:00,9975.0,10500.0,9825.0,10025.0,56376000.0
2025-07-15 09:00:00+00:00,10025.0,10050.0,9750.0,9750.0,19978500.0
2025-07-16 09:00:00+00:00,9800.0,9850.0,9550.0,9575.0,11730000.0
2025-07-17 09:00:00+00:00,9600.0,9750.0,9550.0,9675.0,12986600.0
2025-07-18 09:00:00+00:00,9700.0,9775.0,9400.0,9400.0,14513400.0
2025-07-21 09:00:00+00:00,9500.0,9525.0,9300.0,9325.0,9437700.0
2025-07-22 09:00:00+00:00,9350.0,9425.0,8750.0,8825.0,19920700.0
2025-07-23 09:00:00+00:00,8825.0,9050.0,8750.0,9050.0,16296700.0
2025-07-24 09:00:00+00:00,9050.0,9100.0,8950.0,9100.0,5661800.0
2025-07-25 09:00:00+00:00,9075.0,9225.0,8975.0,9225.0,5980100.0
2025-07-28 09:00:00+00:00,9225.0,9425.0,9225.0,9425.0,9868300.0
2025-07-29 09:00:00+00:00,9475.0,9475.0,9275.0,9400.0,6497200.0
2025-07-30 09:00:00+00:00,9400.0,9400.0,9275.0,9275.0,4234600.0
2025-07-31 09:00:00+00:00,9300.0,9350.0,9225.0,9275.0,6161700.0
2025-08-01 09:00:00+00:00,9400.0,10000.0,9400.0,9600.0,23611000.0
2025-08-04 09:00:00+00:00,9600.0,9625.0,9175.0,9200.0,10002400.0
2025-08-05 09:00:00+00:00,9275.0,9300.0,9025.0,9050.0,5006100.0
2025-08-06 09:00:00+00:00,9075.0,9175.0,9000.0,9000.0,4460900.0
2025-08-07 09:00:00+00:00,9075.0,9150.0,8950.0,9025.0,6023600.0
2025-08-08 09:00:00+00:00,9200.0,9250.0,8825.0,8825.0,8951700.0
2025-08-11 09:00:00+00:00,8900.0,8925.0,8775.0,8800.0,5058100.0
2025-08-12 09:00:00+00:00,8850.0,8975.0,8800.0,8950.0,3597900.0
2025-08-13 09:00:00+00:00,8975.0,9125.0,8975.0,9125.0,5838500.0
2025-08-14 09:00:00+00:00,9125.0,9200.0,9075.0,9200.0,6203400.0
2025-08-15 09:00:00+00:00,9475.0,9475.0,9125.0,9200.0,5990900.0
2025-08-19 09:00:00+00:00,9400.0,9400.0,8950.0,8950.0,7789800.0
2025-08-20 09:00:00+00:00,9175.0,9175.0,8825.0,8900.0,7552100.0
2025-08-21 09:00:00+00:00,9075.0,9075.0,8775.0,8850.0,8649600.0
2025-08-22 09:00:00+00:00,8825.0,8875.0,8750.0,8775.0,3876700.0
2025-08-25 09:00:00+00:00,8800.0,8825.0,8700.0,8750.0,4378000.0
2025-08-26 09:00:00+00:00,8750.0,8775.0,8500.0,8750.0,19478700.0
2025-08-27 09:00:00+00:00,8750.0,8800.0,8625.0,8625.0,6205800.0
2025-08-28 09:00:00+00:00,8700.0,8700.0,8450.0,8450.0,5579200.0
2025-08-29 09:00:00+00:00,8450.0,8450.0,8250.0,8250.0,8033400.0
2025-09-01 09:00:00+00:00,8075.0,8225.0,8000.0,8200.0,5859600.0
2025-09-02 09:00:00+00:00,8200.0,8275.0,8050.0,8075.0,6674600.0
2025-09-03 09:00:00+00:00,8075.0,8175.0,8000.0,8175.0,6490300.0
2025-09-04 09:00:00+00:00,8150.0,8175.0,8075.0,8125.0,3507500.0
2025-09-08 09:00:00+00:00,8175.0,8325.0,8000.0,8000.0,6462700.0
2025-09-09 09:00:00+00:00,7900.0,7950.0,7575.0,7575.0,8313100.0
2025-09-10 09:00:00+00:00,7650.0,7650.0,7500.0,7575.0,7249600.0
2025-09-11 09:00:00+00:00,7625.0,7875.0,7600.0,7800.0,8323100.0
2025-09-12 09:00:00+00:00,7850.0,8050.0,7800.0,7900.0,7539100.0
2025-09-15 09:00:00+00:00,7900.0,8050.0,7900.0,7950.0,8005600.0
2025-09-16 09:00:00+00:00,7975.0,8025.0,7900.0,8025.0,5402800.0
2025-09-17 09:00:00+00:00,8000.0,8200.0,7950.0,8125.0,8053700.0
2025-09-18 09:00:00+00:00,8175.0,8300.0,8000.0,8000.0,11263200.0
2025-09-19 09:00:00+00:00,8025.0,8300.0,7800.0,8000.0,18100400.0
2025-09-22 09:00:00+00:00,8050.0,8075.0,7800.0,7875.0,7119400.0
2025-09-23 09:00:00+00:00,7925.0,7950.0,7800.0,7900.0,7707300.0
2025-09-24 09:00:00+00:00,7900.0,7975.0,7775.0,7875.0,8569200.0
2025-09-25 09:00:00+00:00,7875.0,7900.0,7725.0,7725.0,4998500.0
2025-09-26 09:00:00+00:00,7725.0,7775.0,7650.0,7650.0,4792200.0
2025-09-29 09:00:00+00:00,7650.0,8125.0,7625.0,7800.0,12921300.0
2025-09-30 09:00:00+00:00,7825.0,7850.0,7600.0,7725.0,13289100.0
2025-10-01 09:00:00+00:00,7800.0,8050.0,7650.0,7675.0,17775200.0
2025-10-02 09:00:00+00:00,7700.0,7725.0,7575.0,7575.0,8012000.0
2025-10-03 09:00:00+00:00,7625.0,7650.0,7500.0,7575.0,7137500.0
2025-10-06 09:00:00+00:00,7625.0,8000.0,7625.0,7850.0,27973400.0
2025-10-07 09:00:00+00:00,7925.0,8000.0,7700.0,7700.0,24632000.0
2025-10-08 09:00:00+00:00,7775.0,7825.0,7575.0,7700.0,10712700.0
2025-10-09 09:00:00+00:00,7775.0,7875.0,7625.0,7725.0,10488400.0
2025-10-10 09:00:00+00:00,7775.0,8500.0,7675.0,8100.0,43532400.0
2025-10-13 09:00:00+00:00,8000.0,8350.0,7925.0,8050.0,24743900.0
2025-10-14 09:00:00+00:00,8100.0,8125.0,7250.0,7475.0,25378700.0
2025-10-15 09:00:00+00:00,7550.0,7600.0,7175.0,7175.0,17044400.0
2025-10-16 09:00:00+00:00,7200.0,7275.0,7150.0,7150.0,8230000.0
2025-10-17 09:00:00+00:00,7150.0,7200.0,6825.0,6925.0,10986500.0
2025-10-20 09:00:00+00:00,7000.0,7125.0,6950.0,7025.0,6296500.0
2025-10-21 09:00:00+00:00,7050.0,7175.0,7050.0,7175.0,5941900.0
2025-10-22 09:00:00+00:00,7175.0,7200.0,7025.0,7075.0,6510300.0
2025-10-23 09:00:00+00:00,7100.0,7175.0,7075.0,7150.0,3322300.0
2025-10-24 09:00:00+00:00,7150.0,7650.0,7150.0,7275.0,20083400.0
2025-10-27 09:00:00+00:00,7350.0,7650.0,7075.0,7400.0,25760900.0
2025-10-28 09:00:00+00:00,7450.0,7475.0,7075.0,7150.0,13533000.0
2025-10-29 09:00:00+00:00,7175.0,7200.0,7050.0,7050.0,6719100.0
2025-10-30 09:00:00+00:00,7100.0,7125.0,7025.0,7050.0,4353500.0
2025-10-31 09:00:00+00:00,7100.0,7150.0,6950.0,6950.0,8316000.0
2025-11-03 09:00:00+00:00,7025.0,7175.0,7000.0,7150.0,7776600.0
2025-11-04 09:00:00+00:00,7200.0,7250.0,7000.0,7000.0,8309100.0
2025-11-05 09:00:00+00:00,7000.0,7050.0,6950.0,7025.0,4810900.0
2025-11-06 09:00:00+00:00,7050.0,7175.0,7025.0,7050.0,6473900.0
2025-11-07 09:00:00+00:00,7125.0,7150.0,7000.0,7050.0,6587300.0
2025-11-10 09:00:00+00:00,7075.0,7150.0,7000.0,7025.0,11020500.0
2025-11-11 09:00:00+00:00,7050.0,7075.0,6950.0,7050.0,8503500.0
2025-11-12 09:00:00+00:00,7100.0,7300.0,7025.0,7025.0,15306500.0
2025-11-13 09:00:00+00:00,7100.0,7100.0,7000.0,7000.0,7793400.0
2025-11-14 09:00:00+00:00,7000.0,7050.0,6950.0,7000.0,5238200.0
2025-11-17 09:00:00+00:00,7050.0,7150.0,7025.0,7100.0,6656600.0
2025-11-18 09:00:00+00:00,7150.0,7650.0,7150.0,7500.0,40024000.0
2025-11-19 09:00:00+00:00,7600.0,7650.0,7200.0,7200.0,15766900.0
2025-11-20 09:00:00+00:00,7225.0,7300.0,7200.0,7200.0,5701600.0
2025-11-21 09:00:00+00:00,7150.0,7275.0,7100.0,7275.0,5916400.0
2025-11-24 09:00:00+00:00,7250.0,7300.0,7150.0,7150.0,37888100.0
2025-11-25 09:00:00+00:00,7150.0,7200.0,7025.0,7175.0,9998400.0
2025-11-26 09:00:00+00:00,7175.0,7225.0,7025.0,7175.0,10598900.0
2025-11-27 09:00:00+00:00,7200.0,7450.0,7175.0,7375.0,16226300.0
2025-11-28 09:00:00+00:00,7375.0,7550.0,7300.0,7400.0,12437400.0
2025-12-01 09:00:00+00:00,7500.0,7550.0,7350.0,7400.0,8605600.0
2025-12-02 09:00:00+00:00,7400.0,7875.0,7400.0,7775.0,26351200.0
2025-12-03 09:00:00+00:00,7825.0,7875.0,7600.0,7800.0,17604400.0
2025-12-04 09:00:00+00:00,7825.0,7825.0,7625.0,7625.0,9115100.0
2025-12-05 09:00:00+00:00,7625.0,7750.0,7450.0,7600.0,10056100.0
2025-12-08 09:00:00+00:00,7600.0,7650.0,7400.0,7400.0,9158500.0
2025-12-09 09:00:00+00:00,7400.0,7425.0,7175.0,7175.0,14326900.0
2025-12-10 09:00:00+00:00,7225.0,7250.0,7050.0,7050.0,11608900.0
2025-12-11 09:00:00+00:00,7100.0,7175.0,7050.0,7175.0,7732000.0
2025-12-12 09:00:00+00:00,7225.0,7225.0,7050.0,7050.0,6764900.0
2025-12-15 09:00:00+00:00,7050.0,7250.0,7050.0,7050.0,8395000.0
2025-12-16 09:00:00+00:00,7150.0,7175.0,7075.0,7175.0,5749000.0
2025-12-17 09:00:00+00:00,7175.0,7200.0,7050.0,7050.0,4200800.0
2025-12-18 09:00:00+00:00,7050.0,7125.0,7000.0,7000.0,5669000.0
2025-12-19 09:00:00+00:00,7025.0,7175.0,7000.0,7175.0,12160500.0
2025-12-22 09:00:00+00:00,7150.0,7175.0,7050.0,7050.0,3809900.0
2025-12-23 09:00:00+00:00,7075.0,7100.0,7000.0,7000.0,3351200.0
2025-12-24 09:00:00+00:00,7000.0,7075.0,7000.0,7000.0,2719800.0
2025-12-29 09:00:00+00:00,7025.0,7075.0,7000.0,7025.0,2571800.0
2025-12-30 09:00:00+00:00,7050.0,7075.0,7000.0,7000.0,4059600.0
2026-01-02 09:00:00+00:00,7100.0,7150.0,7000.0,7125.0,5625500.0
2026-01-05 09:00:00+00:00,7125.0,7125.0,7000.0,7125.0,6612300.0
2026-01-06 09:00:00+00:00,7100.0,7100.0,7025.0,7050.0,6019300.0
2026-01-07 09:00:00+00:00,7050.0,7075.0,6825.0,6850.0,14328700.0
2026-01-08 09:00:00+00:00,6875.0,6950.0,6775.0,6775.0,8091400.0
2026-01-09 09:00:00+00:00,6825.0,6850.0,6700.0,6725.0,7277000.0
2026-01-12 09:00:00+00:00,6725.0,6725.0,6450.0,6500.0,12090700.0
2026-01-13 09:00:00+00:00,6500.0,6700.0,6325.0,6700.0,10064900.0
2026-01-14 09:00:00+00:00,6600.0,6725.0,6575.0,6575.0,7729600.0
2026-01-15 09:00:00+00:00,6550.0,6750.0,6550.0,6675.0,6835800.0
2026-01-19 09:00:00+00:00,6650.0,7000.0,6650.0,7000.0,12336500.0
2026-01-20 09:00:00+00:00,7000.0,7000.0,6875.0,7000.0,5409700.0
2026-01-21 09:00:00+00:00,7000.0,7000.0,6850.0,7000.0,6237200.0
2026-01-22 09:00:00+00:00,7000.0,7050.0,6825.0,6825.0,7481000.0
2026-01-23 09:00:00+00:00,6850.0,6875.0,6650.0,6650.0,6038600.0
2026-01-26 09:00:00+00:00,6725.0,6800.0,6550.0,6800.0,5886800.0
2026-01-27 09:00:00+00:00,6750.0,7000.0,6650.0,7000.0,6585400.0
2026-01-28 09:00:00+00:00,6700.0,6825.0,6075.0,6600.0,14906300.0
2026-01-29 09:00:00+00:00,6350.0,6500.0,5650.0,6300.0,21595600.0
2026-01-30 09:00:00+00:00,6300.0,6450.0,6200.0,6450.0,10070200.0
2026-02-02 09:00:00+00:00,6450.0,6450.0,5600.0,5900.0,8051700.0
2026-02-03 09:00:00+00:00,5775.0,6600.0,5300.0,6525.0,21784200.0
2026-02-04 09:00:00+00:00,6425.0,7025.0,6425.0,6850.0,17508300.0
2026-02-05 09:00:00+00:00,6900.0,7250.0,6850.0,7250.0,17570700.0
2026-02-06 09:00:00+00:00,7200.0,7200.0,6925.0,7100.0,11713600.0
2026-02-09 09:00:00+00:00,7125.0,7200.0,7000.0,7100.0,4907200.0
2026-02-10 09:00:00+00:00,7100.0,7250.0,7075.0,7200.0,6770000.0
2026-02-11 09:00:00+00:00,7200.0,7375.0,7150.0,7325.0,12774400.0
2026-02-12 09:00:00+00:00,7375.0,7400.0,7225.0,7225.0,5596500.0
2026-02-13 09:00:00+00:00,7225.0,7225.0,6950.0,7075.0,11842800.0
2026-02-18 09:00:00+00:00,7075.0,7150.0,6850.0,6900.0,10508100.0
2026-02-19 09:00:00+00:00,6975.0,6975.0,6775.0,6775.0,7132000.0
2026-02-20 09:00:00+00:00,6775.0,6800.0,6650.0,6725.0,5921800.0
2026-02-23 09:00:00+00:00,6800.0,7250.0,6775.0,7150.0,12243300.0
2026-02-24 09:00:00+00:00,7200.0,7275.0,7000.0,7200.0,9446100.0
2026-02-25 09:00:00+00:00,7150.0,7200.0,6925.0,6925.0,5659000.0
2026-02-26 09:00:00+00:00,6975.0,7100.0,6875.0,6950.0,7646400.0
2026-02-27 09:00:00+00:00,6900.0,6950.0,6700.0,6700.0,19104200.0
2026-03-02 09:00:00+00:00,6525.0,6525.0,5975.0,5975.0,13373700.0
2026-03-03 09:00:00+00:00,6050.0,6125.0,5825.0,5825.0,10687500.0
2026-03-04 09:00:00+00:00,5550.0,5725.0,5175.0,5350.0,21333300.0
2026-03-05 09:00:00+00:00,5475.0,5525.0,5300.0,5375.0,15335400.0
2026-03-06 09:00:00+00:00,5400.0,6325.0,5275.0,6325.0,20493600.0
2026-03-09 09:00:00+00:00,6150.0,6450.0,5575.0,6000.0,22748700.0
2026-03-10 09:00:00+00:00,6250.0,6300.0,5750.0,5750.0,9105100.0
2026-03-11 09:00:00+00:00,5825.0,5900.0,5700.0,5700.0,4012200.0
2026-03-12 09:00:00+00:00,5775.0,5975.0,5700.0,5750.0,7533600.0
2026-03-13 09:00:00+00:00,5750.0,5800.0,5450.0,5450.0,7326100.0
2026-03-16 09:00:00+00:00,5425.0,5425.0,5050.0,5150.0,11270400.0
2026-03-17 09:00:00+00:00,5150.0,5425.0,5025.0,5125.0,11349900.0
2026-03-25 09:00:00+00:00,5075.0,5300.0,5025.0,5250.0,13629500.0
2026-03-26 09:00:00+00:00,5250.0,5250.0,4940.0,4940.0,5732200.0
2026-03-27 09:00:00+00:00,4950.0,5025.0,4830.0,5025.0,7430200.0
2026-03-30 09:00:00+00:00,4900.0,4920.0,4750.0,4750.0,7364300.0
2026-03-31 09:00:00+00:00,4790.0,4800.0,4510.0,4750.0,12828300.0
2026-04-01 09:00:00+00:00,4640.0,4730.0,4570.0,4580.0,9562200.0
2026-04-02 09:00:00+00:00,4580.0,4580.0,4170.0,4170.0,11758900.0
2026-04-06 09:00:00+00:00,4100.0,4170.0,3910.0,3990.0,11265200.0
2026-04-07 09:00:00+00:00,4070.0,4340.0,4050.0,4180.0,10972400.0
2026-04-08 09:00:00+00:00,4370.0,4560.0,4260.0,4480.0,13392800.0
2026-04-09 09:00:00+00:00,4470.0,5275.0,4370.0,5200.0,36657800.0
2026-04-10 09:00:00+00:00,5250.0,6225.0,5250.0,6075.0,47930900.0
2026-04-13 09:00:00+00:00,5925.0,6800.0,5700.0,6475.0,43201900.0
2026-04-14 09:00:00+00:00,6625.0,6725.0,6500.0,6550.0,25960000.0
2026-04-15 09:00:00+00:00,6725.0,6800.0,6275.0,6300.0,19406100.0
2026-04-16 09:00:00+00:00,6350.0,6575.0,6150.0,6250.0,14961300.0
2026-04-17 09:00:00+00:00,6250.0,6550.0,6175.0,6200.0,11619000.0
2026-04-20 09:00:00+00:00,6300.0,6350.0,6050.0,6075.0,10324000.0
2026-04-21 09:00:00+00:00,6100.0,6575.0,5925.0,6300.0,26289300.0
2026-04-22 09:00:00+00:00,6475.0,6475.0,6175.0,6175.0,8184300.0
2026-04-23 09:00:00+00:00,6225.0,6250.0,6050.0,6150.0,4682700.0
2026-04-24 09:00:00+00:00,6150.0,6300.0,5925.0,6000.0,9006500.0
2026-04-27 09:00:00+00:00,6000.0,6300.0,5750.0,5750.0,6943800.0
2026-04-28 09:00:00+00:00,5750.0,5925.0,5500.0,5550.0,8598000.0
2026-04-29 09:00:00+00:00,5600.0,5600.0,5225.0,5300.0,9186400.0
2026-04-30 09:00:00+00:00,5325.0,5375.0,5000.0,5300.0,11335200.0
2026-05-04 09:00:00+00:00,5500.0,5650.0,5075.0,5075.0,11073000.0
2026-05-05 09:00:00+00:00,5025.0,6075.0,4990.0,6075.0,25884800.0
2026-05-06 09:00:00+00:00,6175.0,6700.0,6175.0,6375.0,39270600.0
2026-05-07 09:00:00+00:00,6575.0,6725.0,5675.0,5725.0,46448500.0
2026-05-08 09:00:00+00:00,5775.0,5850.0,5500.0,5500.0,16048400.0
2026-05-11 09:00:00+00:00,5550.0,5625.0,5050.0,5050.0,22948700.0
2026-05-12 09:00:00+00:00,5000.0,5375.0,5000.0,5050.0,24051100.0
2026-05-13 09:00:00+00:00,4300.0,4610.0,4300.0,4300.0,75247700.0
2026-05-14 09:00:00+00:00,4300.0,4300.0,4300.0,4300.0,0.0
2026-05-15 09:00:00+00:00,4300.0,4300.0,4300.0,4300.0,0.0
2026-05-18 09:00:00+00:00,3700.0,3790.0,3660.0,3660.0,51677800.0
2026-05-19 09:00:00+00:00,3490.0,3490.0,3120.0,3120.0,79028600.0
2026-05-20 09:00:00+00:00,2840.0,2930.0,2660.0,2660.0,217307900.0
2026-05-21 09:00:00+00:00,2450.0,2460.0,2270.0,2270.0,110521500.0
2026-05-22 09:00:00+00:00,2050.0,2280.0,1960.0,2000.0,305013700.0
2026-05-25 09:00:00+00:00,2030.0,2080.0,1760.0,1765.0,168271200.0
2026-05-26 09:00:00+00:00,1760.0,2200.0,1750.0,1900.0,538559300.0
2026-05-27 09:00:00+00:00,1900.0,1900.0,1900.0,1900.0,0.0
2026-05-28 09:00:00+00:00,1900.0,1900.0,1900.0,1900.0,0.0
2026-05-29 09:00:00+00:00,1900.0,2180.0,1770.0,1785.0,2266463100.0
2026-06-02 09:00:00+00:00,1820.0,2100.0,1670.0,1900.0,2163634800.0
2026-06-03 09:00:00+00:00,1850.0,1895.0,1615.0,1615.0,1526566600.0
2026-06-04 09:00:00+00:00,1505.0,1555.0,1375.0,1375.0,2652257700.0
2026-06-05 09:00:00+00:00,1515.0,1710.0,1205.0,1305.0,3789099600.0
2026-06-08 09:00:00+00:00,1370.0,1605.0,1270.0,1605.0,1710080400.0
2026-06-09 09:00:00+00:00,1560.0,1980.0,1530.0,1955.0,1955515800.0
2026-06-10 09:00:00+00:00,2000.0,2070.0,1800.0,1810.0,1701328600.0
2026-06-11 09:00:00+00:00,1810.0,1855.0,1620.0,1785.0,1484742800.0
2026-06-12 09:00:00+00:00,1835.0,1960.0,1820.0,1850.0,1305429500.0
2026-06-15 09:00:00+00:00,1900.0,2180.0,1900.0,2100.0,1276642100.0
2026-06-17 09:00:00+00:00,2160.0,2180.0,1955.0,1995.0,955752700.0
2026-06-18 09:00:00+00:00,1970.0,2130.0,1930.0,2120.0,747210700.0
2026-06-19 09:00:00+00:00,2080.0,2190.0,2020.0,2060.0,685327500.0
2026-06-22 09:00:00+00:00,2070.0,2080.0,1930.0,1930.0,474027400.0
2026-06-23 09:00:00+00:00,1930.0,2060.0,1910.0,2050.0,476977700.0
2026-06-24 09:00:00+00:00,2030.0,2060.0,1785.0,1795.0,750989100.0
2026-06-25 09:00:00+00:00,1790.0,1925.0,1785.0,1890.0,554382600.0
2026-06-26 09:00:00+00:00,1885.0,1900.0,1755.0,1795.0,446489400.0
2026-06-29 09:00:00+00:00,1800.0,1825.0,1710.0,1710.0,271633200.0
2026-06-30 09:00:00+00:00,1730.0,1750.0,1625.0,1655.0,393620800.0
2026-07-01 09:00:00+00:00,1655.0,1770.0,1635.0,1680.0,484233900.0
2026-07-02 09:00:00+00:00,1680.0,1825.0,1665.0,1770.0,436620300.0
2026-07-03 09:00:00+00:00,1805.0,1835.0,1775.0,1785.0,255806900.0
2026-07-06 09:00:00+00:00,1800.0,1905.0,1790.0,1885.0,342520900.0
2026-07-07 09:00:00+00:00,1905.0,1915.0,1860.0,1890.0,302538500.0
2026-07-08 09:00:00+00:00,1885.0,1885.0,1785.0,1785.0,224903700.0
2026-07-09 09:00:00+00:00,1785.0,1860.0,1770.0,1825.0,205236900.0
2026-07-10 09:00:00+00:00,1845.0,1855.0,1790.0,1805.0,135492000.0
2026-07-13 09:00:00+00:00,1805.0,1890.0,1790.0,1890.0,242053400.0
2026-07-14 09:00:00+00:00,1920.0,2000.0,1855.0,1880.0,736711100.0
2026-07-15 09:00:00+00:00,1910.0,1955.0,1905.0,1910.0,293212000.0
2026-07-16 09:00:00+00:00,1925.0,1960.0,1890.0,1930.0,271533700.0
2026-07-17 09:00:00+00:00,1935.0,1980.0,1895.0,1945.0,320340100.0
2026-07-20 09:00:00+00:00,1955.0,2130.0,1955.0,2120.0,805070400.0
2026-07-21 09:00:00+00:00,2150.0,2300.0,2080.0,2250.0,1022958500.0
2026-07-22 09:00:00+00:00,2270.0,2350.0,2190.0,2280.0,735480100.0
2026-07-23 09:00:00+00:00,2290.0,2370.0,2160.0,2170.0,741912300.0
2026-07-24 09:00:00+00:00,2110.0,2140.0,2000.0,2100.0,595850600.0
2026-07-27 09:00:00+00:00,2090.0,2140.0,2050.0,2090.0,280587700.0
2026-07-28 09:00:00+00:00,2070.0,2150.0,2050.0,2090.0,257098900.0
2026-07-29 09:00:00+00:00,2090.0,2240.0,2030.0,2200.0,653191000.0
2026-07-30 09:00:00+00:00,2180.0,2200.0,2090.0,2110.0,542946300.0
2026-07-31 09:00:00+00:00,2130.0,2180.0,2120.0,2160.0,266975100.0
2026-08-03 09:00:00+00:00,2170.0,2200.0,2060.0,2080.0,336732400.0
2026-08-04 09:00:00+00:00,2100.0,2120.0,2050.0,2070.0,249953500.0
2026-08-05 09:00:00+00:00,2090.0,2120.0,2060.0,2060.0,243303400.0
2026-08-06 09:00:00+00:00,2100.0,2150.0,2080.0,2130.0,415816900.0
2026-08-07 09:00:00+00:00,2150.0,2250.0,2110.0,2230.0,578851700.0
2026-08-10 09:00:00+00:00,2260.0,2270.0,2120.0,2120.0,654992400.0
2026-08-11 09:00:00+00:00,2130.0,2150.0,2030.0,2070.0,374462700.0
2026-08-12 09:00:00+00:00,2070.0,2170.0,2070.0,2160.0,390809300.0
2026-08-13 09:00:00+00:00,2150.0,2150.0,2040.0,2060.0,330510600.0
2026-08-14 09:00:00+00:00,2070.0,2100.0,1975.0,2010.0,426815200.0
2026-08-18 09:00:00+00:00,2010.0,2030.0,1965.0,1965.0,292831100.0
2026-08-19 09:00:00+00:00,1960.0,1975.0,1940.0,1950.0,210344500.0
2026-08-20 09:00:00+00:00,1975.0,2010.0,1960.0,1965.0,174537600.0
2026-08-21 09:00:00+00:00,2010.0,2080.0,2000.0,2030.0,327069000.0
2026-08-24 09:00:00+00:00,2080.0,2080.0,1990.0,1990.0,218907300.0
2026-08-26 09:00:00+00:00,1990.0,1995.0,1870.0,1870.0,346133100.0
2026-08-27 09:00:00+00:00,1850.0,1955.0,1830.0,1950.0,250093700.0
2026-08-28 09:00:00+00:00,1950.0,2040.0,1935.0,1965.0,353309300.0
2026-08-31 09:00:00+00:00,1975.0,1990.0,1950.0,1955.0,130464400.0
2026-09-01 09:00:00+00:00,1965.0,2030.0,1960.0,2000.0,226101300.0
2026-09-02 09:00:00+00:00,2030.0,2040.0,1980.0,2020.0,140920500.0
2026-09-03 09:00:00+00:00,2030.0,2060.0,2000.0,2010.0,198546700.0
2026-09-04 09:00:00+00:00,2030.0,2050.0,1990.0,1995.0,163271900.0
2026-09-07 09:00:00+00:00,1995.0,2010.0,1970.0,1975.0,149990100.0
2026-09-08 09:00:00+00:00,1975.0,1985.0,1950.0,1950.0,155494000.0
2026-09-09 09:00:00+00:00,1955.0,1970.0,1930.0,1935.0,122353400.0
