ts,open,high,low,close,volume
2018-09-10 09:00:00+00:00,270.0,270.0,238.0,240.0,39479900.0
2018-09-11 09:00:00+00:00,240.0,240.0,240.0,240.0,0.0
2018-09-12 09:00:00+00:00,248.0,252.0,232.0,236.0,21722400.0
2018-09-13 09:00:00+00:00,240.0,286.0,238.0,274.0,85505700.0
2018-09-14 09:00:00+00:00,278.0,282.0,268.0,268.0,23189800.0
2018-09-17 09:00:00+00:00,278.0,302.0,262.0,280.0,100320600.0
2018-09-18 09:00:00+00:00,280.0,288.0,276.0,278.0,25244800.0
2018-09-19 09:00:00+00:00,278.0,294.0,276.0,284.0,28346900.0
2018-09-20 09:00:00+00:00,286.0,288.0,274.0,278.0,21341600.0
2018-09-21 09:00:00+00:00,278.0,284.0,276.0,276.0,7985500.0
2018-09-24 09:00:00+00:00,276.0,278.0,262.0,266.0,14327400.0
2018-09-25 09:00:00+00:00,266.0,286.0,260.0,280.0,25915900.0
2018-09-26 09:00:00+00:00,280.0,290.0,278.0,280.0,18763100.0
2018-09-27 09:00:00+00:00,282.0,286.0,276.0,276.0,6726200.0
2018-09-28 09:00:00+00:00,278.0,278.0,268.0,270.0,7462000.0
2018-10-01 09:00:00+00:00,274.0,280.0,272.0,276.0,5318100.0
2018-10-02 09:00:00+00:00,278.0,282.0,264.0,272.0,12916300.0
2018-10-03 09:00:00+00:00,274.0,316.0,272.0,312.0,94527600.0
2018-10-04 09:00:00+00:00,316.0,318.0,294.0,306.0,44077200.0
2018-10-05 09:00:00+00:00,296.0,316.0,294.0,310.0,34437400.0
2018-10-08 09:00:00+00:00,312.0,338.0,308.0,322.0,96276800.0
2018-10-09 09:00:00+00:00,324.0,332.0,316.0,318.0,31939600.0
2018-10-10 09:00:00+00:00,322.0,326.0,312.0,318.0,19157600.0
2018-10-11 09:00:00+00:00,318.0,318.0,290.0,294.0,48620100.0
2018-10-12 09:00:00+00:00,294.0,312.0,294.0,308.0,33583800.0
2018-10-15 09:00:00+00:00,310.0,340.0,310.0,322.0,120094900.0
2018-10-16 09:00:00+00:00,326.0,328.0,316.0,328.0,38598600.0
2018-10-17 09:00:00+00:00,328.0,338.0,318.0,322.0,39295300.0
2018-10-18 09:00:00+00:00,322.0,330.0,312.0,322.0,28598500.0
2018-10-19 09:00:00+00:00,322.0,324.0,312.0,312.0,17133700.0
2018-10-22 09:00:00+00:00,314.0,320.0,310.0,314.0,11501300.0
2018-10-23 09:00:00+00:00,314.0,316.0,300.0,306.0,29473100.0
2018-10-24 09:00:00+00:00,292.0,318.0,292.0,306.0,18577300.0
2018-10-25 09:00:00+00:00,304.0,306.0,292.0,306.0,9562600.0
2018-10-26 09:00:00+00:00,308.0,314.0,300.0,304.0,8002400.0
2018-10-29 09:00:00+00:00,306.0,306.0,294.0,294.0,8340700.0
2018-10-30 09:00:00+00:00,294.0,294.0,274.0,288.0,20957000.0
2018-10-31 09:00:00+00:00,290.0,300.0,280.0,300.0,8608500.0
2018-11-01 09:00:00+00:00,300.0,308.0,298.0,302.0,24454700.0
2018-11-02 09:00:00+00:00,306.0,318.0,304.0,316.0,39768900.0
2018-11-05 09:00:00+00:00,318.0,320.0,308.0,310.0,9688000.0
2018-11-06 09:00:00+00:00,310.0,326.0,308.0,318.0,25966700.0
2018-11-07 09:00:00+00:00,320.0,328.0,316.0,322.0,22339700.0
2018-11-08 09:00:00+00:00,322.0,326.0,312.0,312.0,10497300.0
2018-11-09 09:00:00+00:00,310.0,316.0,304.0,312.0,8668500.0
2018-11-12 09:00:00+00:00,312.0,316.0,308.0,308.0,7809400.0
2018-11-13 09:00:00+00:00,308.0,314.0,296.0,304.0,18360100.0
2018-11-14 09:00:00+00:00,308.0,308.0,296.0,298.0,14068600.0
2018-11-15 09:00:00+00:00,298.0,304.0,294.0,304.0,12831500.0
2018-11-16 09:00:00+00:00,306.0,308.0,286.0,288.0,28803500.0
2018-11-19 09:00:00+00:00,292.0,296.0,282.0,290.0,16239900.0
2018-11-20 09:00:00+00:00,290.0,290.0,290.0,290.0,0.0
2018-11-21 09:00:00+00:00,288.0,290.0,268.0,272.0,28466300.0
2018-11-22 09:00:00+00:00,272.0,276.0,258.0,258.0,22547800.0
2018-11-23 09:00:00+00:00,260.0,280.0,258.0,264.0,31278700.0
2018-11-26 09:00:00+00:00,258.0,268.0,250.0,254.0,17717900.0
2018-11-27 09:00:00+00:00,256.0,260.0,244.0,246.0,15283100.0
2018-11-28 09:00:00+00:00,246.0,256.0,244.0,248.0,9304800.0
2018-11-29 09:00:00+00:00,250.0,258.0,242.0,242.0,11922200.0
2018-11-30 09:00:00+00:00,244.0,246.0,234.0,234.0,14536900.0
2018-12-03 09:00:00+00:00,236.0,260.0,236.0,256.0,18388800.0
2018-12-04 09:00:00+00:00,258.0,264.0,248.0,250.0,16613800.0
2018-12-05 09:00:00+00:00,240.0,258.0,240.0,254.0,5655100.0
2018-12-06 09:00:00+00:00,256.0,256.0,250.0,252.0,3727200.0
2018-12-07 09:00:00+00:00,252.0,262.0,252.0,254.0,8198700.0
2018-12-10 09:00:00+00:00,258.0,264.0,256.0,262.0,8230600.0
2018-12-11 09:00:00+00:00,264.0,276.0,260.0,272.0,18103800.0
2018-12-12 09:00:00+00:00,274.0,320.0,274.0,314.0,122681800.0
2018-12-13 09:00:00+00:00,316.0,338.0,314.0,320.0,69858900.0
2018-12-14 09:00:00+00:00,320.0,324.0,312.0,318.0,15247000.0
2018-12-17 09:00:00+00:00,320.0,338.0,314.0,338.0,32887200.0
2018-12-18 09:00:00+00:00,342.0,358.0,332.0,354.0,70414900.0
2018-12-19 09:00:00+00:00,354.0,360.0,328.0,342.0,58240400.0
2018-12-20 09:00:00+00:00,342.0,348.0,334.0,340.0,39102000.0
2018-12-21 09:00:00+00:00,340.0,342.0,326.0,326.0,13978600.0
2018-12-24 09:00:00+00:00,326.0,326.0,326.0,326.0,0.0
2018-12-25 09:00:00+00:00,326.0,326.0,326.0,326.0,0.0
2018-12-26 09:00:00+00:00,322.0,326.0,300.0,300.0,45937800.0
2018-12-27 09:00:00+00:00,306.0,322.0,306.0,316.0,23056700.0
2018-12-28 09:00:00+00:00,318.0,334.0,316.0,322.0,32986400.0
2018-12-31 09:00:00+00:00,322.0,322.0,322.0,322.0,0.0
2019-01-01 09:00:00+00:00,322.0,322.0,322.0,322.0,0.0
2019-01-02 09:00:00+00:00,322.0,324.0,312.0,314.0,10864400.0
2019-01-03 09:00:00+00:00,316.0,336.0,314.0,336.0,23196800.0
2019-01-04 09:00:00+00:00,340.0,342.0,328.0,330.0,15658900.0
2019-01-07 09:00:00+00:00,338.0,346.0,328.0,330.0,34040100.0
2019-01-08 09:00:00+00:00,330.0,336.0,326.0,328.0,12558400.0
2019-01-09 09:00:00+00:00,328.0,336.0,322.0,322.0,18297300.0
2019-01-10 09:00:00+00:00,322.0,328.0,320.0,320.0,15303300.0
2019-01-11 09:00:00+00:00,322.0,334.0,320.0,330.0,19080600.0
2019-01-14 09:00:00+00:00,332.0,356.0,330.0,356.0,98048800.0
2019-01-15 09:00:00+00:00,358.0,370.0,350.0,356.0,93137600.0
2019-01-16 09:00:00+00:00,356.0,358.0,350.0,350.0,17787300.0
2019-01-17 09:00:00+00:00,352.0,368.0,350.0,356.0,36281900.0
2019-01-18 09:00:00+00:00,358.0,366.0,356.0,356.0,16437100.0
2019-01-21 09:00:00+00:00,356.0,388.0,356.0,376.0,183054900.0
2019-01-22 09:00:00+00:00,380.0,396.0,376.0,392.0,73314900.0
2019-01-23 09:00:00+00:00,394.0,402.0,382.0,386.0,67906500.0
2019-01-24 09:00:00+00:00,388.0,408.0,386.0,408.0,64257500.0
2019-01-25 09:00:00+00:00,410.0,424.0,396.0,398.0,74697100.0
2019-01-28 09:00:00+00:00,398.0,412.0,394.0,394.0,53663000.0
2019-01-29 09:00:00+00:00,394.0,400.0,392.0,392.0,17116000.0
2019-01-30 09:00:00+00:00,396.0,416.0,392.0,412.0,66175800.0
2019-01-31 09:00:00+00:00,416.0,422.0,404.0,406.0,37721100.0
2019-02-01 09:00:00+00:00,406.0,410.0,396.0,400.0,22168000.0
2019-02-04 09:00:00+00:00,400.0,414.0,396.0,410.0,33572900.0
2019-02-05 09:00:00+00:00,410.0,410.0,410.0,410.0,0.0
2019-02-06 09:00:00+00:00,410.0,434.0,404.0,406.0,93186600.0
2019-02-07 09:00:00+00:00,406.0,412.0,394.0,394.0,59607100.0
2019-02-08 09:00:00+00:00,394.0,400.0,382.0,392.0,26558000.0
2019-02-11 09:00:00+00:00,392.0,394.0,382.0,382.0,20181800.0
2019-02-12 09:00:00+00:00,382.0,388.0,362.0,366.0,53114100.0
2019-02-13 09:00:00+00:00,370.0,398.0,350.0,392.0,101073000.0
2019-02-14 09:00:00+00:00,396.0,398.0,384.0,384.0,47211600.0
2019-02-15 09:00:00+00:00,384.0,394.0,372.0,372.0,31325000.0
2019-02-18 09:00:00+00:00,372.0,388.0,372.0,384.0,16926100.0
2019-02-19 09:00:00+00:00,388.0,390.0,376.0,380.0,11539500.0
2019-02-20 09:00:00+00:00,380.0,384.0,370.0,372.0,20591600.0
2019-02-21 09:00:00+00:00,374.0,388.0,372.0,374.0,24784300.0
2019-02-22 09:00:00+00:00,374.0,386.0,374.0,378.0,10486000.0
2019-02-25 09:00:00+00:00,382.0,384.0,372.0,374.0,9246800.0
2019-02-26 09:00:00+00:00,376.0,390.0,374.0,384.0,31491900.0
2019-02-27 09:00:00+00:00,382.0,388.0,376.0,378.0,10588200.0
2019-02-28 09:00:00+00:00,380.0,380.0,366.0,368.0,16872800.0
2019-03-01 09:00:00+00:00,370.0,372.0,364.0,364.0,6413000.0
2019-03-04 09:00:00+00:00,364.0,384.0,364.0,374.0,26180600.0
2019-03-05 09:00:00+00:00,374.0,376.0,368.0,370.0,7693400.0
2019-03-06 09:00:00+00:00,372.0,374.0,366.0,368.0,6871600.0
2019-03-07 09:00:00+00:00,368.0,368.0,368.0,368.0,0.0
2019-03-08 09:00:00+00:00,368.0,376.0,364.0,368.0,12140900.0
2019-03-11 09:00:00+00:00,368.0,372.0,362.0,366.0,4969400.0
2019-03-12 09:00:00+00:00,362.0,368.0,352.0,352.0,9488600.0
2019-03-13 09:00:00+00:00,350.0,358.0,338.0,350.0,14831200.0
2019-03-14 09:00:00+00:00,352.0,382.0,352.0,380.0,37491400.0
2019-03-15 09:00:00+00:00,382.0,386.0,374.0,376.0,12734600.0
2019-03-18 09:00:00+00:00,374.0,386.0,370.0,372.0,13983100.0
2019-03-19 09:00:00+00:00,374.0,380.0,372.0,376.0,10374200.0
2019-03-20 09:00:00+00:00,376.0,394.0,376.0,386.0,32867900.0
2019-03-21 09:00:00+00:00,386.0,394.0,382.0,386.0,32873900.0
2019-03-22 09:00:00+00:00,390.0,390.0,380.0,386.0,8879500.0
2019-03-25 09:00:00+00:00,382.0,386.0,374.0,378.0,9375000.0
2019-03-26 09:00:00+00:00,378.0,396.0,378.0,390.0,35712100.0
2019-03-27 09:00:00+00:00,394.0,404.0,394.0,400.0,47935600.0
2019-03-28 09:00:00+00:00,400.0,406.0,396.0,402.0,15516500.0
2019-03-29 09:00:00+00:00,402.0,404.0,384.0,402.0,40891600.0
2019-04-01 09:00:00+00:00,402.0,408.0,402.0,402.0,19076300.0
2019-04-02 09:00:00+00:00,414.0,430.0,410.0,418.0,116473400.0
2019-04-03 09:00:00+00:00,418.0,418.0,418.0,418.0,0.0
2019-04-04 09:00:00+00:00,420.0,428.0,404.0,408.0,65081600.0
2019-04-05 09:00:00+00:00,402.0,406.0,386.0,392.0,43002600.0
2019-04-08 09:00:00+00:00,398.0,398.0,364.0,368.0,59067800.0
2019-04-09 09:00:00+00:00,372.0,384.0,366.0,384.0,26551400.0
2019-04-10 09:00:00+00:00,380.0,386.0,376.0,376.0,13370900.0
2019-04-11 09:00:00+00:00,380.0,380.0,366.0,370.0,14596800.0
2019-04-12 09:00:00+00:00,370.0,370.0,364.0,366.0,9040700.0
2019-04-15 09:00:00+00:00,366.0,372.0,362.0,362.0,14022700.0
2019-04-16 09:00:00+00:00,372.0,376.0,358.0,370.0,27849900.0
2019-04-17 09:00:00+00:00,370.0,370.0,370.0,370.0,0.0
2019-04-18 09:00:00+00:00,374.0,378.0,368.0,370.0,16344700.0
2019-04-19 09:00:00+00:00,370.0,370.0,370.0,370.0,0.0
2019-04-22 09:00:00+00:00,370.0,376.0,364.0,364.0,10483700.0
2019-04-23 09:00:00+00:00,366.0,384.0,366.0,382.0,29173500.0
2019-04-24 09:00:00+00:00,384.0,392.0,382.0,386.0,31049900.0
2019-04-25 09:00:00+00:00,390.0,390.0,374.0,376.0,13306400.0
2019-04-26 09:00:00+00:00,372.0,372.0,358.0,360.0,63869800.0
2019-04-29 09:00:00+00:00,362.0,364.0,352.0,360.0,18463400.0
2019-04-30 09:00:00+00:00,362.0,370.0,360.0,362.0,23827500.0
2019-05-01 09:00:00+00:00,362.0,362.0,362.0,362.0,0.0
2019-05-02 09:00:00+00:00,362.0,362.0,326.0,334.0,83986900.0
2019-05-03 09:00:00+00:00,336.0,336.0,312.0,320.0,34706300.0
2019-05-06 09:00:00+00:00,316.0,324.0,308.0,318.0,17135200.0
2019-05-07 09:00:00+00:00,318.0,328.0,316.0,318.0,19783500.0
2019-05-08 09:00:00+00:00,318.0,318.0,308.0,312.0,12596300.0
2019-05-09 09:00:00+00:00,312.0,312.0,290.0,292.0,24019800.0
2019-05-10 09:00:00+00:00,300.0,300.0,280.0,292.0,22583700.0
2019-05-13 09:00:00+00:00,292.0,296.0,282.0,288.0,7372300.0
2019-05-14 09:00:00+00:00,282.0,310.0,276.0,300.0,18433300.0
2019-05-15 09:00:00+00:00,304.0,314.0,298.0,302.0,22558000.0
2019-05-16 09:00:00+00:00,304.0,306.0,288.0,288.0,7518700.0
2019-05-17 09:00:00+00:00,292.0,296.0,276.0,278.0,13130700.0
2019-05-20 09:00:00+00:00,288.0,288.0,264.0,282.0,23096700.0
2019-05-21 09:00:00+00:00,284.0,294.0,280.0,280.0,8114800.0
2019-05-22 09:00:00+00:00,280.0,284.0,278.0,284.0,5196600.0
2019-05-23 09:00:00+00:00,284.0,308.0,284.0,304.0,18529600.0
2019-05-24 09:00:00+00:00,304.0,310.0,300.0,300.0,19325500.0
2019-05-27 09:00:00+00:00,300.0,322.0,300.0,318.0,22705600.0
2019-05-28 09:00:00+00:00,318.0,324.0,310.0,310.0,17778400.0
2019-05-29 09:00:00+00:00,310.0,320.0,308.0,314.0,9730400.0
2019-05-30 09:00:00+00:00,314.0,314.0,314.0,314.0,0.0
2019-05-31 09:00:00+00:00,314.0,316.0,302.0,304.0,6195800.0
2019-06-03 09:00:00+00:00,304.0,304.0,304.0,304.0,0.0
2019-06-04 09:00:00+00:00,304.0,304.0,304.0,304.0,0.0
2019-06-05 09:00:00+00:00,304.0,304.0,304.0,304.0,0.0
2019-06-06 09:00:00+00:00,304.0,304.0,304.0,304.0,0.0
2019-06-07 09:00:00+00:00,304.0,304.0,304.0,304.0,0.0
2019-06-10 09:00:00+00:00,308.0,314.0,304.0,306.0,9496000.0
2019-06-11 09:00:00+00:00,314.0,316.0,304.0,308.0,19938200.0
2019-06-12 09:00:00+00:00,306.0,316.0,306.0,308.0,11608200.0
2019-06-13 09:00:00+00:00,308.0,332.0,308.0,328.0,65780600.0
2019-06-14 09:00:00+00:00,330.0,334.0,322.0,322.0,22711700.0
2019-06-17 09:00:00+00:00,322.0,326.0,288.0,294.0,39940700.0
2019-06-18 09:00:00+00:00,294.0,300.0,290.0,294.0,9258800.0
2019-06-20 09:00:00+00:00,302.0,306.0,296.0,296.0,8415800.0
2019-06-21 09:00:00+00:00,300.0,312.0,296.0,302.0,23442800.0
2019-06-24 09:00:00+00:00,302.0,310.0,302.0,308.0,10626800.0
2019-06-25 09:00:00+00:00,310.0,316.0,308.0,308.0,13080000.0
2019-06-26 09:00:00+00:00,308.0,318.0,308.0,310.0,19222800.0
2019-06-27 09:00:00+00:00,312.0,314.0,308.0,308.0,7159700.0
2019-06-28 09:00:00+00:00,310.0,310.0,304.0,306.0,3896600.0
2019-07-01 09:00:00+00:00,306.0,310.0,298.0,306.0,13933600.0
2019-07-02 09:00:00+00:00,310.0,320.0,308.0,310.0,35087000.0
2019-07-03 09:00:00+00:00,310.0,312.0,302.0,304.0,10198300.0
2019-07-04 09:00:00+00:00,304.0,308.0,302.0,302.0,4289200.0
2019-07-05 09:00:00+00:00,302.0,306.0,300.0,302.0,7072100.0
2019-07-08 09:00:00+00:00,302.0,304.0,296.0,296.0,8893800.0
2019-07-09 09:00:00+00:00,296.0,300.0,296.0,298.0,6173600.0
2019-07-10 09:00:00+00:00,298.0,302.0,294.0,296.0,11051800.0
2019-07-11 09:00:00+00:00,300.0,308.0,296.0,304.0,12125100.0
2019-07-12 09:00:00+00:00,306.0,310.0,302.0,302.0,9540600.0
2019-07-15 09:00:00+00:00,304.0,308.0,300.0,300.0,10352000.0
2019-07-16 09:00:00+00:00,300.0,302.0,298.0,300.0,4008800.0
2019-07-17 09:00:00+00:00,302.0,302.0,298.0,298.0,1976000.0
2019-07-18 09:00:00+00:00,298.0,300.0,296.0,296.0,3563200.0
2019-07-19 09:00:00+00:00,296.0,302.0,296.0,300.0,8307300.0
2019-07-22 09:00:00+00:00,302.0,318.0,300.0,316.0,62067500.0
2019-07-23 09:00:00+00:00,316.0,322.0,306.0,306.0,28476300.0
2019-07-24 09:00:00+00:00,308.0,310.0,302.0,306.0,9330600.0
2019-07-25 09:00:00+00:00,306.0,308.0,300.0,302.0,8492300.0
2019-07-26 09:00:00+00:00,300.0,304.0,296.0,296.0,7971900.0
2019-07-29 09:00:00+00:00,298.0,298.0,290.0,292.0,9376000.0
2019-07-30 09:00:00+00:00,292.0,302.0,290.0,300.0,11648600.0
2019-07-31 09:00:00+00:00,298.0,304.0,292.0,292.0,13993900.0
2019-08-01 09:00:00+00:00,292.0,292.0,282.0,288.0,10841700.0
2019-08-02 09:00:00+00:00,288.0,288.0,280.0,282.0,6625000.0
2019-08-05 09:00:00+00:00,284.0,284.0,268.0,268.0,11426800.0
2019-08-06 09:00:00+00:00,268.0,270.0,250.0,260.0,20563000.0
2019-08-07 09:00:00+00:00,262.0,280.0,258.0,264.0,17703300.0
2019-08-08 09:00:00+00:00,266.0,274.0,264.0,270.0,7141600.0
2019-08-09 09:00:00+00:00,272.0,280.0,272.0,276.0,13343400.0
2019-08-12 09:00:00+00:00,278.0,282.0,272.0,274.0,3866700.0
2019-08-13 09:00:00+00:00,274.0,276.0,266.0,268.0,5055100.0
2019-08-14 09:00:00+00:00,270.0,278.0,270.0,274.0,8483800.0
2019-08-15 09:00:00+00:00,272.0,272.0,266.0,268.0,4888700.0
2019-08-16 09:00:00+00:00,270.0,272.0,266.0,268.0,4231300.0
2019-08-19 09:00:00+00:00,268.0,270.0,264.0,270.0,4764200.0
2019-08-20 09:00:00+00:00,270.0,278.0,264.0,264.0,5773700.0
2019-08-21 09:00:00+00:00,266.0,268.0,256.0,258.0,7721200.0
2019-08-22 09:00:00+00:00,260.0,260.0,252.0,252.0,4772800.0
2019-08-23 09:00:00+00:00,252.0,262.0,252.0,260.0,7549000.0
2019-08-26 09:00:00+00:00,258.0,260.0,246.0,250.0,10228400.0
2019-08-27 09:00:00+00:00,252.0,258.0,248.0,250.0,6065200.0
2019-08-28 09:00:00+00:00,252.0,256.0,248.0,248.0,4814600.0
2019-08-29 09:00:00+00:00,250.0,254.0,248.0,250.0,2264200.0
2019-08-30 09:00:00+00:00,250.0,256.0,250.0,252.0,4150200.0
2019-09-02 09:00:00+00:00,252.0,254.0,246.0,248.0,7906500.0
2019-09-03 09:00:00+00:00,250.0,250.0,240.0,242.0,4476500.0
2019-09-04 09:00:00+00:00,252.0,292.0,246.0,268.0,46115200.0
2019-09-05 09:00:00+00:00,270.0,286.0,264.0,272.0,27379800.0
2019-09-06 09:00:00+00:00,272.0,278.0,268.0,272.0,5051300.0
2019-09-09 09:00:00+00:00,270.0,280.0,270.0,274.0,6796900.0
2019-09-10 09:00:00+00:00,274.0,286.0,274.0,274.0,12386300.0
2019-09-11 09:00:00+00:00,276.0,280.0,272.0,274.0,6382800.0
2019-09-12 09:00:00+00:00,274.0,276.0,268.0,274.0,8443000.0
2019-09-13 09:00:00+00:00,274.0,276.0,270.0,272.0,2774500.0
2019-09-16 09:00:00+00:00,276.0,294.0,274.0,278.0,17110900.0
2019-09-17 09:00:00+00:00,282.0,284.0,274.0,274.0,10049800.0
2019-09-18 09:00:00+00:00,270.0,278.0,268.0,268.0,3974900.0
2019-09-19 09:00:00+00:00,268.0,272.0,254.0,256.0,7287500.0
2019-09-20 09:00:00+00:00,256.0,264.0,252.0,262.0,6655400.0
2019-09-23 09:00:00+00:00,262.0,264.0,256.0,256.0,2436800.0
2019-09-24 09:00:00+00:00,256.0,260.0,248.0,250.0,4311700.0
2019-09-25 09:00:00+00:00,250.0,256.0,246.0,250.0,2381300.0
2019-09-26 09:00:00+00:00,252.0,256.0,248.0,252.0,2149800.0
2019-09-27 09:00:00+00:00,252.0,258.0,250.0,256.0,3269600.0
2019-09-30 09:00:00+00:00,258.0,258.0,250.0,254.0,1705500.0
2019-10-01 09:00:00+00:00,254.0,256.0,246.0,252.0,2430900.0
2019-10-02 09:00:00+00:00,252.0,254.0,244.0,244.0,2911900.0
2019-10-03 09:00:00+00:00,244.0,248.0,240.0,242.0,4110700.0
2019-10-04 09:00:00+00:00,240.0,254.0,240.0,250.0,5627500.0
2019-10-07 09:00:00+00:00,250.0,256.0,244.0,246.0,7425800.0
2019-10-08 09:00:00+00:00,246.0,250.0,244.0,244.0,2007400.0
2019-10-09 09:00:00+00:00,244.0,250.0,238.0,248.0,8329000.0
2019-10-10 09:00:00+00:00,248.0,250.0,244.0,248.0,3813400.0
2019-10-11 09:00:00+00:00,248.0,260.0,248.0,250.0,4784600.0
2019-10-14 09:00:00+00:00,252.0,258.0,250.0,252.0,2955400.0
2019-10-15 09:00:00+00:00,252.0,256.0,250.0,250.0,2326000.0
2019-10-16 09:00:00+00:00,252.0,270.0,252.0,266.0,20673000.0
2019-10-17 09:00:00+00:00,268.0,278.0,268.0,274.0,25482600.0
2019-10-18 09:00:00+00:00,278.0,278.0,264.0,268.0,18400900.0
2019-10-21 09:00:00+00:00,270.0,278.0,268.0,272.0,17199300.0
2019-10-22 09:00:00+00:00,272.0,286.0,272.0,278.0,33138200.0
2019-10-23 09:00:00+00:00,280.0,284.0,270.0,274.0,11578600.0
2019-10-24 09:00:00+00:00,274.0,302.0,274.0,298.0,51158500.0
2019-10-25 09:00:00+00:00,300.0,306.0,294.0,298.0,28564700.0
2019-10-28 09:00:00+00:00,298.0,308.0,294.0,298.0,13805500.0
2019-10-29 09:00:00+00:00,300.0,318.0,296.0,306.0,29193200.0
2019-10-30 09:00:00+00:00,306.0,314.0,306.0,308.0,14017200.0
2019-10-31 09:00:00+00:00,308.0,312.0,298.0,306.0,15205200.0
2019-11-01 09:00:00+00:00,306.0,306.0,272.0,286.0,22427000.0
2019-11-04 09:00:00+00:00,286.0,294.0,278.0,292.0,9109300.0
2019-11-05 09:00:00+00:00,292.0,294.0,284.0,286.0,3020500.0
2019-11-06 09:00:00+00:00,286.0,304.0,282.0,302.0,20482400.0
2019-11-07 09:00:00+00:00,306.0,308.0,290.0,292.0,8310200.0
2019-11-08 09:00:00+00:00,290.0,292.0,282.0,290.0,2712700.0
2019-11-11 09:00:00+00:00,288.0,290.0,274.0,276.0,6456000.0
2019-11-12 09:00:00+00:00,276.0,290.0,276.0,286.0,4454100.0
2019-11-13 09:00:00+00:00,286.0,294.0,284.0,284.0,3844300.0
2019-11-14 09:00:00+00:00,282.0,290.0,280.0,290.0,1166800.0
2019-11-15 09:00:00+00:00,290.0,292.0,284.0,286.0,1414800.0
2019-11-18 09:00:00+00:00,288.0,290.0,286.0,288.0,5149200.0
2019-11-19 09:00:00+00:00,286.0,290.0,286.0,288.0,1403400.0
2019-11-20 09:00:00+00:00,288.0,288.0,280.0,280.0,1862200.0
2019-11-21 09:00:00+00:00,280.0,282.0,274.0,274.0,2163900.0
2019-11-22 09:00:00+00:00,274.0,276.0,272.0,272.0,3667900.0
2019-11-25 09:00:00+00:00,272.0,280.0,266.0,278.0,5094400.0
2019-11-26 09:00:00+00:00,280.0,284.0,274.0,274.0,1704000.0
2019-11-27 09:00:00+00:00,274.0,274.0,268.0,268.0,2236800.0
2019-11-28 09:00:00+00:00,270.0,272.0,264.0,268.0,2368200.0
2019-11-29 09:00:00+00:00,268.0,270.0,260.0,266.0,1639400.0
2019-12-02 09:00:00+00:00,266.0,274.0,264.0,266.0,2269400.0
2019-12-03 09:00:00+00:00,266.0,270.0,262.0,268.0,821600.0
2019-12-04 09:00:00+00:00,268.0,276.0,268.0,270.0,1081400.0
2019-12-05 09:00:00+00:00,274.0,280.0,272.0,274.0,1860900.0
2019-12-06 09:00:00+00:00,276.0,278.0,272.0,274.0,1037200.0
2019-12-09 09:00:00+00:00,274.0,280.0,268.0,268.0,1982000.0
2019-12-10 09:00:00+00:00,268.0,272.0,264.0,268.0,3046700.0
2019-12-11 09:00:00+00:00,268.0,282.0,266.0,280.0,11648500.0
2019-12-12 09:00:00+00:00,280.0,288.0,280.0,284.0,8929000.0
2019-12-13 09:00:00+00:00,288.0,288.0,280.0,280.0,3792500.0
2019-12-16 09:00:00+00:00,280.0,282.0,276.0,276.0,2252000.0
2019-12-17 09:00:00+00:00,280.0,280.0,270.0,272.0,3770300.0
2019-12-18 09:00:00+00:00,272.0,272.0,266.0,268.0,2288200.0
2019-12-19 09:00:00+00:00,270.0,272.0,268.0,272.0,2208300.0
2019-12-20 09:00:00+00:00,274.0,276.0,268.0,270.0,740100.0
2019-12-23 09:00:00+00:00,270.0,270.0,264.0,268.0,3971800.0
2019-12-26 09:00:00+00:00,268.0,270.0,256.0,264.0,9005800.0
2019-12-27 09:00:00+00:00,266.0,268.0,262.0,264.0,2124900.0
2019-12-30 09:00:00+00:00,264.0,268.0,262.0,268.0,6271700.0
2020-01-02 09:00:00+00:00,268.0,272.0,266.0,266.0,3110700.0
2020-01-03 09:00:00+00:00,270.0,278.0,266.0,274.0,7416700.0
2020-01-06 09:00:00+00:00,278.0,280.0,268.0,270.0,2957100.0
2020-01-07 09:00:00+00:00,274.0,276.0,260.0,260.0,3888000.0
2020-01-08 09:00:00+00:00,260.0,262.0,256.0,260.0,3051700.0
2020-01-09 09:00:00+00:00,260.0,262.0,254.0,254.0,3265700.0
2020-01-10 09:00:00+00:00,256.0,260.0,248.0,250.0,5842700.0
2020-01-13 09:00:00+00:00,252.0,260.0,250.0,254.0,2427600.0
2020-01-14 09:00:00+00:00,256.0,260.0,252.0,252.0,3255500.0
2020-01-15 09:00:00+00:00,252.0,254.0,250.0,250.0,1723600.0
2020-01-16 09:00:00+00:00,252.0,254.0,248.0,252.0,1570400.0
2020-01-17 09:00:00+00:00,252.0,260.0,250.0,256.0,3983800.0
2020-01-20 09:00:00+00:00,260.0,264.0,254.0,256.0,3448800.0
2020-01-21 09:00:00+00:00,258.0,258.0,244.0,250.0,1521000.0
2020-01-22 09:00:00+00:00,250.0,252.0,242.0,242.0,2055500.0
2020-01-23 09:00:00+00:00,242.0,246.0,238.0,244.0,1748400.0
2020-01-24 09:00:00+00:00,244.0,248.0,240.0,242.0,1465800.0
2020-01-27 09:00:00+00:00,244.0,244.0,238.0,240.0,2568600.0
2020-01-28 09:00:00+00:00,238.0,240.0,232.0,232.0,3579700.0
2020-01-29 09:00:00+00:00,234.0,242.0,230.0,240.0,11755200.0
2020-01-30 09:00:00+00:00,240.0,244.0,234.0,234.0,1971300.0
2020-01-31 09:00:00+00:00,234.0,236.0,222.0,234.0,4367300.0
2020-02-03 09:00:00+00:00,228.0,228.0,216.0,218.0,9362300.0
2020-02-04 09:00:00+00:00,218.0,226.0,218.0,222.0,1862200.0
2020-02-05 09:00:00+00:00,224.0,234.0,222.0,232.0,5839200.0
2020-02-06 09:00:00+00:00,234.0,240.0,232.0,238.0,4409900.0
2020-02-07 09:00:00+00:00,238.0,242.0,230.0,240.0,3692400.0
2020-02-10 09:00:00+00:00,240.0,240.0,230.0,238.0,1579700.0
2020-02-11 09:00:00+00:00,236.0,242.0,236.0,242.0,3365200.0
2020-02-12 09:00:00+00:00,242.0,246.0,230.0,240.0,1381700.0
2020-02-13 09:00:00+00:00,240.0,242.0,234.0,240.0,3248000.0
2020-02-14 09:00:00+00:00,240.0,240.0,230.0,236.0,1130800.0
2020-02-17 09:00:00+00:00,232.0,236.0,232.0,232.0,222300.0
2020-02-18 09:00:00+00:00,230.0,238.0,230.0,234.0,1479100.0
2020-02-19 09:00:00+00:00,240.0,240.0,234.0,234.0,145800.0
2020-02-20 09:00:00+00:00,238.0,240.0,234.0,238.0,1438900.0
2020-02-21 09:00:00+00:00,238.0,240.0,224.0,230.0,3670100.0
2020-02-24 09:00:00+00:00,228.0,228.0,220.0,220.0,2203500.0
2020-02-25 09:00:00+00:00,218.0,224.0,216.0,218.0,1097800.0
2020-02-26 09:00:00+00:00,216.0,216.0,194.0,202.0,6404300.0
2020-02-27 09:00:00+00:00,198.0,198.0,183.0,186.0,4284700.0
2020-02-28 09:00:00+00:00,182.0,182.0,162.0,165.0,10540300.0
2020-03-02 09:00:00+00:00,165.0,175.0,148.0,154.0,10324500.0
2020-03-03 09:00:00+00:00,158.0,170.0,155.0,169.0,4397000.0
2020-03-04 09:00:00+00:00,169.0,176.0,164.0,169.0,3485100.0
2020-03-05 09:00:00+00:00,170.0,174.0,166.0,168.0,1626600.0
2020-03-06 09:00:00+00:00,168.0,168.0,161.0,163.0,810700.0
2020-03-09 09:00:00+00:00,163.0,165.0,151.0,165.0,3866800.0
2020-03-10 09:00:00+00:00,165.0,169.0,162.0,166.0,4944700.0
2020-03-11 09:00:00+00:00,167.0,189.0,158.0,158.0,10734100.0
2020-03-12 09:00:00+00:00,156.0,159.0,143.0,150.0,10010400.0
2020-03-13 09:00:00+00:00,140.0,160.0,140.0,160.0,5520000.0
2020-03-16 09:00:00+00:00,154.0,154.0,149.0,149.0,5741500.0
2020-03-17 09:00:00+00:00,141.0,147.0,139.0,144.0,10575300.0
2020-03-18 09:00:00+00:00,134.0,148.0,134.0,134.0,1410000.0
2020-03-19 09:00:00+00:00,133.0,133.0,125.0,125.0,904600.0
2020-03-20 09:00:00+00:00,125.0,130.0,117.0,126.0,2836600.0
2020-03-23 09:00:00+00:00,120.0,128.0,118.0,120.0,1459400.0
2020-03-24 09:00:00+00:00,112.0,125.0,112.0,118.0,2039700.0
2020-03-26 09:00:00+00:00,110.0,130.0,110.0,122.0,3436100.0
2020-03-27 09:00:00+00:00,130.0,143.0,127.0,136.0,4123800.0
2020-03-30 09:00:00+00:00,137.0,139.0,128.0,135.0,572600.0
2020-03-31 09:00:00+00:00,135.0,143.0,134.0,135.0,4310500.0
2020-04-01 09:00:00+00:00,135.0,140.0,134.0,135.0,861100.0
2020-04-02 09:00:00+00:00,133.0,155.0,131.0,145.0,3978300.0
2020-04-03 09:00:00+00:00,151.0,174.0,151.0,159.0,3036000.0
2020-04-06 09:00:00+00:00,163.0,165.0,159.0,163.0,2075100.0
2020-04-07 09:00:00+00:00,163.0,170.0,157.0,159.0,1142600.0
2020-04-08 09:00:00+00:00,160.0,160.0,150.0,150.0,515100.0
2020-04-09 09:00:00+00:00,150.0,158.0,150.0,151.0,728000.0
2020-04-13 09:00:00+00:00,150.0,155.0,150.0,150.0,2237000.0
2020-04-14 09:00:00+00:00,153.0,153.0,150.0,152.0,831100.0
2020-04-15 09:00:00+00:00,152.0,158.0,148.0,148.0,1636900.0
2020-04-16 09:00:00+00:00,150.0,150.0,140.0,142.0,683600.0
2020-04-17 09:00:00+00:00,142.0,149.0,139.0,139.0,2437100.0
2020-04-20 09:00:00+00:00,140.0,146.0,134.0,137.0,2765600.0
2020-04-21 09:00:00+00:00,128.0,138.0,128.0,131.0,509800.0
2020-04-22 09:00:00+00:00,130.0,139.0,129.0,136.0,714300.0
2020-04-23 09:00:00+00:00,136.0,150.0,136.0,149.0,5104900.0
2020-04-24 09:00:00+00:00,159.0,165.0,145.0,145.0,7772800.0
2020-04-27 09:00:00+00:00,145.0,150.0,142.0,147.0,930200.0
2020-04-28 09:00:00+00:00,147.0,149.0,145.0,148.0,960600.0
2020-04-29 09:00:00+00:00,148.0,151.0,146.0,151.0,372800.0
2020-04-30 09:00:00+00:00,151.0,152.0,149.0,150.0,829900.0
2020-05-04 09:00:00+00:00,148.0,150.0,145.0,147.0,1227900.0
2020-05-05 09:00:00+00:00,149.0,152.0,149.0,150.0,4842900.0
2020-05-06 09:00:00+00:00,152.0,155.0,150.0,150.0,2660100.0
2020-05-08 09:00:00+00:00,151.0,156.0,149.0,153.0,10144800.0
2020-05-11 09:00:00+00:00,153.0,156.0,152.0,154.0,2034800.0
2020-05-12 09:00:00+00:00,154.0,154.0,151.0,151.0,2706200.0
2020-05-13 09:00:00+00:00,154.0,154.0,148.0,148.0,4524600.0
2020-05-14 09:00:00+00:00,155.0,155.0,140.0,141.0,1038200.0
2020-05-15 09:00:00+00:00,142.0,148.0,141.0,141.0,397300.0
2020-05-18 09:00:00+00:00,145.0,148.0,136.0,138.0,717100.0
2020-05-19 09:00:00+00:00,140.0,144.0,139.0,142.0,673400.0
2020-05-20 09:00:00+00:00,143.0,148.0,142.0,147.0,466800.0
2020-05-26 09:00:00+00:00,147.0,152.0,145.0,149.0,1150100.0
2020-05-27 09:00:00+00:00,149.0,152.0,148.0,150.0,2622400.0
2020-05-28 09:00:00+00:00,151.0,151.0,148.0,150.0,1065800.0
2020-05-29 09:00:00+00:00,149.0,150.0,147.0,148.0,677700.0
2020-06-02 09:00:00+00:00,150.0,150.0,148.0,149.0,597700.0
2020-06-03 09:00:00+00:00,149.0,157.0,149.0,155.0,3828300.0
2020-06-04 09:00:00+00:00,155.0,163.0,153.0,153.0,8289700.0
2020-06-05 09:00:00+00:00,153.0,153.0,149.0,152.0,879800.0
2020-06-08 09:00:00+00:00,155.0,167.0,154.0,167.0,9248300.0
2020-06-09 09:00:00+00:00,170.0,184.0,163.0,167.0,9060900.0
2020-06-10 09:00:00+00:00,167.0,170.0,158.0,161.0,1295200.0
2020-06-11 09:00:00+00:00,159.0,161.0,156.0,158.0,1734500.0
2020-06-12 09:00:00+00:00,157.0,160.0,149.0,158.0,1601700.0
2020-06-15 09:00:00+00:00,158.0,160.0,150.0,150.0,1327000.0
2020-06-16 09:00:00+00:00,151.0,158.0,151.0,156.0,697200.0
2020-06-17 09:00:00+00:00,157.0,165.0,156.0,165.0,1644300.0
2020-06-18 09:00:00+00:00,163.0,165.0,162.0,163.0,827200.0
2020-06-19 09:00:00+00:00,173.0,173.0,160.0,162.0,601800.0
2020-06-22 09:00:00+00:00,162.0,164.0,156.0,157.0,395300.0
2020-06-23 09:00:00+00:00,158.0,161.0,158.0,160.0,471900.0
2020-06-24 09:00:00+00:00,161.0,163.0,159.0,161.0,375000.0
2020-06-25 09:00:00+00:00,160.0,161.0,156.0,158.0,612400.0
2020-06-26 09:00:00+00:00,157.0,160.0,157.0,158.0,68300.0
2020-06-29 09:00:00+00:00,158.0,158.0,153.0,156.0,875000.0
2020-06-30 09:00:00+00:00,156.0,158.0,153.0,154.0,670200.0
2020-07-01 09:00:00+00:00,154.0,158.0,153.0,156.0,525500.0
2020-07-02 09:00:00+00:00,156.0,158.0,153.0,155.0,487400.0
2020-07-03 09:00:00+00:00,155.0,170.0,155.0,161.0,4901300.0
2020-07-06 09:00:00+00:00,162.0,165.0,159.0,161.0,1276700.0
2020-07-07 09:00:00+00:00,164.0,164.0,158.0,159.0,1446000.0
2020-07-08 09:00:00+00:00,160.0,162.0,159.0,162.0,438600.0
2020-07-09 09:00:00+00:00,162.0,163.0,157.0,157.0,1540200.0
2020-07-10 09:00:00+00:00,157.0,162.0,156.0,156.0,1781300.0
2020-07-13 09:00:00+00:00,158.0,163.0,156.0,157.0,1280200.0
2020-07-14 09:00:00+00:00,157.0,159.0,156.0,158.0,988600.0
2020-07-15 09:00:00+00:00,158.0,160.0,156.0,158.0,1283400.0
2020-07-16 09:00:00+00:00,158.0,158.0,155.0,156.0,1127600.0
2020-07-17 09:00:00+00:00,156.0,161.0,155.0,158.0,1445900.0
2020-07-20 09:00:00+00:00,158.0,162.0,154.0,154.0,1468400.0
2020-07-21 09:00:00+00:00,155.0,160.0,154.0,155.0,947400.0
2020-07-22 09:00:00+00:00,155.0,173.0,155.0,168.0,9047600.0
2020-07-23 09:00:00+00:00,170.0,175.0,163.0,168.0,16015700.0
2020-07-24 09:00:00+00:00,166.0,168.0,163.0,164.0,1370100.0
2020-07-27 09:00:00+00:00,154.0,169.0,154.0,163.0,744200.0
2020-07-28 09:00:00+00:00,160.0,170.0,160.0,166.0,2559800.0
2020-07-29 09:00:00+00:00,159.0,166.0,159.0,161.0,972700.0
2020-07-30 09:00:00+00:00,159.0,161.0,155.0,155.0,2923700.0
2020-08-03 09:00:00+00:00,154.0,157.0,145.0,152.0,2594500.0
2020-08-04 09:00:00+00:00,142.0,158.0,142.0,155.0,970100.0
2020-08-05 09:00:00+00:00,152.0,158.0,152.0,153.0,926900.0
2020-08-06 09:00:00+00:00,153.0,157.0,153.0,155.0,2409000.0
2020-08-07 09:00:00+00:00,155.0,158.0,155.0,155.0,972900.0
2020-08-10 09:00:00+00:00,156.0,157.0,154.0,155.0,1216500.0
2020-08-11 09:00:00+00:00,157.0,160.0,156.0,158.0,1048500.0
2020-08-12 09:00:00+00:00,160.0,160.0,154.0,156.0,1258300.0
2020-08-13 09:00:00+00:00,155.0,158.0,154.0,156.0,2366600.0
2020-08-14 09:00:00+00:00,156.0,162.0,155.0,160.0,4194700.0
2020-08-18 09:00:00+00:00,161.0,169.0,161.0,166.0,3702400.0
2020-08-19 09:00:00+00:00,169.0,175.0,166.0,167.0,15821700.0
2020-08-24 09:00:00+00:00,167.0,170.0,161.0,166.0,3784300.0
2020-08-25 09:00:00+00:00,166.0,175.0,162.0,175.0,11598300.0
2020-08-26 09:00:00+00:00,178.0,180.0,171.0,171.0,4100400.0
2020-08-27 09:00:00+00:00,170.0,170.0,165.0,166.0,3101200.0
2020-08-28 09:00:00+00:00,166.0,170.0,163.0,163.0,3542900.0
2020-08-31 09:00:00+00:00,165.0,165.0,156.0,157.0,3214400.0
2020-09-01 09:00:00+00:00,156.0,161.0,156.0,157.0,1959500.0
2020-09-02 09:00:00+00:00,160.0,163.0,156.0,158.0,2375200.0
2020-09-03 09:00:00+00:00,158.0,162.0,153.0,153.0,6026000.0
2020-09-04 09:00:00+00:00,153.0,156.0,147.0,148.0,16977800.0
2020-09-07 09:00:00+00:00,150.0,152.0,142.0,143.0,8775000.0
2020-09-08 09:00:00+00:00,143.0,152.0,141.0,149.0,20500900.0
2020-09-09 09:00:00+00:00,150.0,154.0,144.0,144.0,13786200.0
2020-09-10 09:00:00+00:00,141.0,143.0,134.0,136.0,11662100.0
2020-09-11 09:00:00+00:00,134.0,144.0,129.0,139.0,3954000.0
2020-09-14 09:00:00+00:00,140.0,147.0,140.0,142.0,2462600.0
2020-09-15 09:00:00+00:00,145.0,146.0,138.0,140.0,2789300.0
2020-09-16 09:00:00+00:00,143.0,143.0,139.0,140.0,1205200.0
2020-09-17 09:00:00+00:00,141.0,141.0,137.0,138.0,2021400.0
2020-09-18 09:00:00+00:00,138.0,141.0,137.0,140.0,807600.0
2020-09-21 09:00:00+00:00,140.0,142.0,139.0,140.0,3069700.0
2020-09-22 09:00:00+00:00,139.0,140.0,137.0,139.0,1444400.0
2020-09-23 09:00:00+00:00,139.0,152.0,136.0,137.0,10796000.0
2020-09-24 09:00:00+00:00,137.0,140.0,133.0,135.0,3044700.0
2020-09-25 09:00:00+00:00,137.0,143.0,135.0,136.0,5171800.0
2020-09-28 09:00:00+00:00,137.0,137.0,135.0,137.0,2421100.0
2020-09-29 09:00:00+00:00,138.0,140.0,136.0,138.0,4503400.0
2020-09-30 09:00:00+00:00,141.0,142.0,133.0,137.0,4243500.0
2020-10-01 09:00:00+00:00,138.0,149.0,137.0,140.0,6368800.0
2020-10-02 09:00:00+00:00,140.0,141.0,137.0,139.0,865500.0
2020-10-05 09:00:00+00:00,139.0,150.0,139.0,139.0,10667500.0
2020-10-06 09:00:00+00:00,142.0,144.0,139.0,140.0,2928600.0
2020-10-07 09:00:00+00:00,140.0,146.0,139.0,144.0,4222600.0
2020-10-08 09:00:00+00:00,144.0,146.0,138.0,138.0,4599000.0
2020-10-09 09:00:00+00:00,138.0,148.0,138.0,140.0,6675800.0
2020-10-12 09:00:00+00:00,140.0,143.0,140.0,140.0,1551000.0
2020-10-13 09:00:00+00:00,143.0,143.0,139.0,139.0,2079500.0
2020-10-14 09:00:00+00:00,139.0,143.0,138.0,141.0,1913100.0
2020-10-15 09:00:00+00:00,141.0,142.0,138.0,138.0,2098400.0
2020-10-16 09:00:00+00:00,139.0,144.0,138.0,140.0,3349200.0
2020-10-19 09:00:00+00:00,141.0,144.0,140.0,142.0,2965900.0
2020-10-20 09:00:00+00:00,143.0,146.0,142.0,143.0,3228800.0
2020-10-21 09:00:00+00:00,143.0,162.0,143.0,146.0,25248600.0
2020-10-22 09:00:00+00:00,146.0,146.0,140.0,143.0,1881500.0
2020-10-23 09:00:00+00:00,143.0,150.0,141.0,142.0,3871000.0
2020-10-26 09:00:00+00:00,141.0,144.0,139.0,141.0,1468400.0
2020-10-27 09:00:00+00:00,140.0,142.0,139.0,139.0,2100600.0
2020-11-02 09:00:00+00:00,139.0,140.0,136.0,138.0,701900.0
2020-11-03 09:00:00+00:00,139.0,140.0,137.0,138.0,1676700.0
2020-11-04 09:00:00+00:00,138.0,142.0,135.0,137.0,4219300.0
2020-11-05 09:00:00+00:00,139.0,139.0,137.0,139.0,968900.0
2020-11-06 09:00:00+00:00,140.0,140.0,137.0,138.0,1054700.0
2020-11-09 09:00:00+00:00,138.0,140.0,137.0,138.0,2617800.0
2020-11-10 09:00:00+00:00,140.0,142.0,139.0,140.0,2185000.0
2020-11-11 09:00:00+00:00,142.0,142.0,138.0,141.0,1605000.0
2020-11-12 09:00:00+00:00,141.0,143.0,139.0,140.0,2229300.0
2020-11-13 09:00:00+00:00,140.0,147.0,140.0,143.0,3873600.0
2020-11-16 09:00:00+00:00,143.0,146.0,143.0,146.0,1630100.0
2020-11-17 09:00:00+00:00,148.0,149.0,140.0,143.0,9445900.0
2020-11-18 09:00:00+00:00,143.0,148.0,142.0,144.0,3532000.0
2020-11-19 09:00:00+00:00,145.0,157.0,144.0,149.0,13837500.0
2020-11-20 09:00:00+00:00,149.0,158.0,146.0,156.0,12225300.0
2020-11-23 09:00:00+00:00,158.0,171.0,156.0,168.0,50150600.0
2020-11-24 09:00:00+00:00,173.0,179.0,169.0,172.0,37517500.0
2020-11-25 09:00:00+00:00,175.0,180.0,170.0,172.0,28518500.0
2020-11-26 09:00:00+00:00,172.0,179.0,171.0,175.0,18164700.0
2020-11-27 09:00:00+00:00,176.0,197.0,175.0,178.0,88097500.0
2020-11-30 09:00:00+00:00,180.0,180.0,166.0,166.0,21856200.0
2020-12-01 09:00:00+00:00,167.0,170.0,155.0,161.0,25432400.0
2020-12-02 09:00:00+00:00,164.0,170.0,160.0,162.0,26775400.0
2020-12-03 09:00:00+00:00,163.0,170.0,162.0,168.0,23202100.0
2020-12-04 09:00:00+00:00,167.0,178.0,166.0,171.0,39914200.0
2020-12-07 09:00:00+00:00,172.0,174.0,168.0,171.0,27580300.0
2020-12-08 09:00:00+00:00,171.0,179.0,168.0,172.0,43941100.0
2020-12-10 09:00:00+00:00,175.0,176.0,168.0,168.0,29177900.0
2020-12-11 09:00:00+00:00,169.0,226.0,167.0,226.0,225394900.0
2020-12-14 09:00:00+00:00,234.0,244.0,214.0,224.0,213312400.0
2020-12-15 09:00:00+00:00,228.0,228.0,218.0,222.0,29664300.0
2020-12-16 09:00:00+00:00,228.0,264.0,224.0,236.0,211896100.0
2020-12-17 09:00:00+00:00,238.0,246.0,228.0,236.0,40755300.0
2020-12-18 09:00:00+00:00,238.0,242.0,226.0,242.0,41112100.0
2020-12-21 09:00:00+00:00,246.0,272.0,246.0,252.0,108254300.0
2020-12-22 09:00:00+00:00,252.0,266.0,238.0,242.0,66053000.0
2020-12-23 09:00:00+00:00,242.0,248.0,226.0,234.0,40970600.0
2020-12-28 09:00:00+00:00,234.0,242.0,226.0,234.0,17250600.0
2020-12-29 09:00:00+00:00,240.0,242.0,222.0,224.0,30864800.0
2020-12-30 09:00:00+00:00,226.0,230.0,210.0,210.0,46949100.0
2021-01-04 09:00:00+00:00,210.0,220.0,196.0,216.0,26285200.0
2021-01-05 09:00:00+00:00,216.0,222.0,208.0,212.0,18597200.0
2021-01-06 09:00:00+00:00,212.0,220.0,204.0,210.0,20361500.0
2021-01-07 09:00:00+00:00,214.0,228.0,210.0,228.0,39419600.0
2021-01-08 09:00:00+00:00,230.0,230.0,220.0,222.0,26695400.0
2021-01-11 09:00:00+00:00,222.0,226.0,214.0,218.0,17764900.0
2021-01-12 09:00:00+00:00,220.0,224.0,214.0,214.0,12449900.0
2021-01-13 09:00:00+00:00,214.0,218.0,212.0,214.0,13314800.0
2021-01-14 09:00:00+00:00,218.0,218.0,210.0,210.0,15243100.0
2021-01-15 09:00:00+00:00,210.0,216.0,202.0,206.0,21092100.0
2021-01-18 09:00:00+00:00,208.0,256.0,206.0,256.0,226382700.0
2021-01-19 09:00:00+00:00,268.0,270.0,240.0,240.0,113318100.0
2021-01-20 09:00:00+00:00,228.0,246.0,226.0,238.0,36535100.0
2021-01-21 09:00:00+00:00,238.0,268.0,232.0,268.0,168699200.0
2021-01-22 09:00:00+00:00,270.0,272.0,250.0,250.0,127958100.0
2021-01-25 09:00:00+00:00,248.0,250.0,234.0,234.0,42840600.0
2021-01-26 09:00:00+00:00,226.0,234.0,218.0,218.0,27735800.0
2021-01-27 09:00:00+00:00,214.0,216.0,204.0,204.0,61861600.0
2021-01-28 09:00:00+00:00,190.0,206.0,190.0,190.0,26981400.0
2021-01-29 09:00:00+00:00,190.0,196.0,177.0,191.0,27189400.0
2021-02-01 09:00:00+00:00,191.0,230.0,190.0,230.0,89805100.0
2021-02-02 09:00:00+00:00,230.0,248.0,222.0,230.0,65716400.0
2021-02-03 09:00:00+00:00,234.0,236.0,222.0,230.0,17617500.0
2021-02-04 09:00:00+00:00,228.0,240.0,222.0,238.0,46818600.0
2021-02-05 09:00:00+00:00,242.0,250.0,234.0,236.0,35175700.0
2021-02-08 09:00:00+00:00,238.0,240.0,234.0,238.0,28341000.0
2021-02-09 09:00:00+00:00,238.0,242.0,222.0,226.0,36188400.0
2021-02-10 09:00:00+00:00,230.0,232.0,212.0,218.0,32918000.0
2021-02-11 09:00:00+00:00,218.0,232.0,212.0,220.0,30940300.0
2021-02-15 09:00:00+00:00,222.0,224.0,218.0,220.0,10833400.0
2021-02-16 09:00:00+00:00,220.0,224.0,218.0,222.0,9412800.0
2021-02-17 09:00:00+00:00,224.0,228.0,218.0,218.0,16490400.0
2021-02-18 09:00:00+00:00,218.0,222.0,216.0,216.0,10209100.0
2021-02-19 09:00:00+00:00,214.0,236.0,212.0,230.0,72435100.0
2021-02-22 09:00:00+00:00,232.0,234.0,222.0,226.0,21021100.0
2021-02-23 09:00:00+00:00,226.0,230.0,222.0,222.0,8427300.0
2021-02-24 09:00:00+00:00,222.0,226.0,218.0,224.0,20778600.0
2021-02-25 09:00:00+00:00,226.0,228.0,218.0,220.0,12104800.0
2021-02-26 09:00:00+00:00,220.0,222.0,212.0,212.0,17073100.0
2021-03-01 09:00:00+00:00,212.0,220.0,212.0,214.0,9107100.0
2021-03-02 09:00:00+00:00,214.0,218.0,210.0,212.0,11703900.0
2021-03-03 09:00:00+00:00,212.0,214.0,206.0,208.0,11735000.0
2021-03-04 09:00:00+00:00,208.0,210.0,202.0,204.0,7628000.0
2021-03-05 09:00:00+00:00,200.0,220.0,200.0,220.0,32179600.0
2021-03-08 09:00:00+00:00,220.0,224.0,210.0,214.0,14139000.0
2021-03-09 09:00:00+00:00,212.0,216.0,208.0,212.0,7185600.0
2021-03-10 09:00:00+00:00,212.0,214.0,208.0,208.0,5297500.0
2021-03-12 09:00:00+00:00,208.0,220.0,208.0,220.0,20759600.0
2021-03-15 09:00:00+00:00,222.0,274.0,222.0,274.0,269813600.0
2021-03-16 09:00:00+00:00,290.0,298.0,258.0,266.0,160820300.0
2021-03-17 09:00:00+00:00,264.0,270.0,260.0,262.0,14056200.0
2021-03-18 09:00:00+00:00,264.0,304.0,262.0,298.0,269114800.0
2021-03-19 09:00:00+00:00,298.0,364.0,286.0,354.0,531035000.0
2021-03-22 09:00:00+00:00,354.0,366.0,330.0,330.0,180039400.0
2021-03-23 09:00:00+00:00,350.0,354.0,320.0,320.0,157712900.0
2021-03-24 09:00:00+00:00,322.0,342.0,304.0,326.0,116132100.0
2021-03-25 09:00:00+00:00,332.0,354.0,312.0,330.0,175984600.0
2021-03-26 09:00:00+00:00,332.0,374.0,326.0,368.0,229069000.0
2021-03-29 09:00:00+00:00,368.0,396.0,360.0,380.0,260716700.0
2021-03-30 09:00:00+00:00,382.0,384.0,358.0,360.0,105625900.0
2021-03-31 09:00:00+00:00,360.0,374.0,342.0,350.0,116457700.0
2021-04-01 09:00:00+00:00,356.0,376.0,346.0,368.0,138237500.0
2021-04-05 09:00:00+00:00,368.0,380.0,354.0,362.0,75678000.0
2021-04-06 09:00:00+00:00,362.0,404.0,362.0,388.0,319584600.0
2021-04-07 09:00:00+00:00,388.0,392.0,376.0,392.0,115164400.0
2021-04-08 09:00:00+00:00,398.0,410.0,384.0,392.0,303015900.0
2021-04-09 09:00:00+00:00,394.0,396.0,380.0,380.0,84000900.0
2021-04-12 09:00:00+00:00,380.0,386.0,368.0,370.0,62914000.0
2021-04-13 09:00:00+00:00,370.0,412.0,370.0,384.0,241958900.0
2021-04-14 09:00:00+00:00,388.0,400.0,380.0,392.0,104909700.0
2021-04-15 09:00:00+00:00,392.0,412.0,386.0,396.0,157289600.0
2021-04-16 09:00:00+00:00,398.0,414.0,394.0,394.0,150607200.0
2021-04-19 09:00:00+00:00,396.0,404.0,384.0,386.0,72903900.0
2021-04-20 09:00:00+00:00,386.0,392.0,380.0,384.0,23841100.0
2021-04-21 09:00:00+00:00,386.0,392.0,380.0,386.0,25044600.0
2021-04-22 09:00:00+00:00,386.0,408.0,380.0,402.0,127221000.0
2021-04-23 09:00:00+00:00,410.0,422.0,390.0,390.0,338152800.0
2021-04-26 09:00:00+00:00,400.0,400.0,390.0,394.0,51145100.0
2021-04-27 09:00:00+00:00,394.0,398.0,384.0,390.0,39380900.0
2021-04-28 09:00:00+00:00,390.0,406.0,388.0,388.0,49530100.0
2021-04-29 09:00:00+00:00,390.0,392.0,384.0,386.0,39420500.0
2021-04-30 09:00:00+00:00,386.0,392.0,384.0,384.0,25549800.0
2021-05-03 09:00:00+00:00,390.0,390.0,362.0,362.0,84538400.0
2021-05-04 09:00:00+00:00,370.0,370.0,342.0,352.0,70671400.0
2021-05-05 09:00:00+00:00,352.0,364.0,350.0,354.0,28696100.0
2021-05-06 09:00:00+00:00,356.0,360.0,344.0,344.0,17637200.0
2021-05-07 09:00:00+00:00,344.0,354.0,330.0,338.0,80510200.0
2021-05-10 09:00:00+00:00,338.0,346.0,332.0,340.0,24347400.0
2021-05-11 09:00:00+00:00,340.0,344.0,332.0,334.0,18428100.0
2021-05-17 09:00:00+00:00,336.0,346.0,324.0,344.0,55596500.0
2021-05-18 09:00:00+00:00,344.0,352.0,330.0,342.0,46330000.0
2021-05-19 09:00:00+00:00,344.0,344.0,334.0,334.0,13404500.0
2021-05-20 09:00:00+00:00,336.0,384.0,332.0,382.0,194631100.0
2021-05-21 09:00:00+00:00,384.0,384.0,356.0,356.0,73334800.0
2021-05-24 09:00:00+00:00,356.0,360.0,334.0,336.0,50059200.0
2021-05-25 09:00:00+00:00,340.0,372.0,340.0,360.0,65190900.0
2021-05-27 09:00:00+00:00,362.0,370.0,348.0,354.0,38110600.0
2021-05-28 09:00:00+00:00,354.0,358.0,340.0,346.0,23110300.0
2021-05-31 09:00:00+00:00,346.0,364.0,346.0,354.0,19908300.0
2021-06-02 09:00:00+00:00,356.0,382.0,356.0,382.0,97727900.0
2021-06-03 09:00:00+00:00,384.0,390.0,368.0,368.0,64231400.0
2021-06-04 09:00:00+00:00,370.0,372.0,356.0,366.0,46677900.0
2021-06-07 09:00:00+00:00,366.0,380.0,362.0,362.0,44398300.0
2021-06-08 09:00:00+00:00,362.0,370.0,346.0,356.0,41608300.0
2021-06-09 09:00:00+00:00,358.0,380.0,358.0,372.0,88160100.0
2021-06-10 09:00:00+00:00,378.0,378.0,364.0,368.0,18432700.0
2021-06-11 09:00:00+00:00,370.0,372.0,350.0,356.0,42714400.0
2021-06-14 09:00:00+00:00,358.0,362.0,350.0,350.0,21406900.0
2021-06-15 09:00:00+00:00,350.0,356.0,334.0,340.0,35842300.0
2021-06-16 09:00:00+00:00,342.0,352.0,338.0,352.0,23041400.0
2021-06-17 09:00:00+00:00,352.0,352.0,340.0,344.0,20481800.0
2021-06-18 09:00:00+00:00,344.0,346.0,332.0,342.0,28009800.0
2021-06-21 09:00:00+00:00,336.0,336.0,320.0,332.0,28497800.0
2021-06-22 09:00:00+00:00,334.0,348.0,332.0,348.0,31675500.0
2021-06-23 09:00:00+00:00,352.0,368.0,342.0,368.0,46889900.0
2021-06-24 09:00:00+00:00,370.0,386.0,362.0,362.0,131123000.0
2021-06-25 09:00:00+00:00,372.0,378.0,362.0,362.0,43591400.0
2021-06-28 09:00:00+00:00,366.0,368.0,344.0,352.0,25642100.0
2021-06-29 09:00:00+00:00,348.0,356.0,342.0,348.0,19644400.0
2021-06-30 09:00:00+00:00,350.0,374.0,346.0,364.0,38196900.0
2021-07-01 09:00:00+00:00,364.0,368.0,350.0,352.0,21956400.0
2021-07-02 09:00:00+00:00,352.0,358.0,346.0,350.0,8329700.0
2021-07-05 09:00:00+00:00,350.0,350.0,340.0,342.0,11684700.0
2021-07-06 09:00:00+00:00,342.0,352.0,338.0,344.0,29873700.0
2021-07-07 09:00:00+00:00,342.0,354.0,340.0,344.0,13756300.0
2021-07-08 09:00:00+00:00,344.0,360.0,344.0,346.0,34649200.0
2021-07-09 09:00:00+00:00,354.0,356.0,344.0,346.0,12873000.0
2021-07-12 09:00:00+00:00,348.0,364.0,344.0,356.0,22513600.0
2021-07-13 09:00:00+00:00,358.0,360.0,346.0,348.0,17459900.0
2021-07-14 09:00:00+00:00,346.0,350.0,340.0,344.0,7935300.0
2021-07-15 09:00:00+00:00,346.0,374.0,344.0,372.0,81769900.0
2021-07-16 09:00:00+00:00,376.0,408.0,360.0,404.0,227287300.0
2021-07-19 09:00:00+00:00,404.0,416.0,388.0,390.0,165179300.0
2021-07-21 09:00:00+00:00,390.0,398.0,364.0,398.0,96248300.0
2021-07-22 09:00:00+00:00,402.0,406.0,390.0,398.0,60040700.0
2021-07-23 09:00:00+00:00,400.0,446.0,398.0,434.0,264851500.0
2021-07-26 09:00:00+00:00,436.0,464.0,424.0,442.0,209083500.0
2021-07-27 09:00:00+00:00,446.0,468.0,440.0,446.0,89779600.0
2021-07-28 09:00:00+00:00,450.0,498.0,442.0,492.0,247105400.0
2021-07-29 09:00:00+00:00,500.0,500.0,468.0,474.0,108337500.0
2021-07-30 09:00:00+00:00,478.0,478.0,442.0,442.0,163204000.0
2021-08-02 09:00:00+00:00,442.0,460.0,434.0,460.0,106361400.0
2021-08-03 09:00:00+00:00,470.0,470.0,438.0,444.0,65923500.0
2021-08-04 09:00:00+00:00,444.0,452.0,416.0,416.0,154930900.0
2021-08-05 09:00:00+00:00,420.0,434.0,406.0,418.0,103318500.0
2021-08-06 09:00:00+00:00,418.0,424.0,406.0,414.0,56865800.0
2021-08-09 09:00:00+00:00,416.0,422.0,388.0,390.0,174542600.0
2021-08-10 09:00:00+00:00,390.0,404.0,384.0,394.0,86174500.0
2021-08-12 09:00:00+00:00,398.0,406.0,390.0,402.0,91706800.0
2021-08-13 09:00:00+00:00,404.0,406.0,382.0,390.0,43032100.0
2021-08-16 09:00:00+00:00,388.0,390.0,364.0,364.0,112717600.0
2021-08-18 09:00:00+00:00,356.0,364.0,340.0,340.0,102080000.0
2021-08-19 09:00:00+00:00,332.0,346.0,320.0,324.0,74799600.0
2021-08-20 09:00:00+00:00,320.0,360.0,320.0,352.0,102838700.0
2021-08-23 09:00:00+00:00,354.0,358.0,342.0,344.0,41305000.0
2021-08-24 09:00:00+00:00,346.0,370.0,334.0,348.0,115248000.0
2021-08-25 09:00:00+00:00,348.0,354.0,342.0,344.0,29065200.0
2021-08-26 09:00:00+00:00,346.0,350.0,340.0,340.0,14405400.0
2021-08-27 09:00:00+00:00,340.0,348.0,328.0,336.0,32855000.0
2021-08-30 09:00:00+00:00,342.0,342.0,326.0,328.0,43909300.0
2021-08-31 09:00:00+00:00,328.0,336.0,324.0,328.0,43829100.0
2021-09-01 09:00:00+00:00,328.0,338.0,324.0,326.0,31337900.0
2021-09-02 09:00:00+00:00,326.0,332.0,322.0,326.0,28383300.0
2021-09-03 09:00:00+00:00,326.0,330.0,320.0,326.0,40298000.0
2021-09-06 09:00:00+00:00,326.0,354.0,324.0,348.0,133671600.0
2021-09-07 09:00:00+00:00,348.0,352.0,330.0,332.0,108897900.0
2021-09-08 09:00:00+00:00,332.0,346.0,326.0,330.0,71553200.0
2021-09-09 09:00:00+00:00,330.0,338.0,308.0,312.0,146961400.0
2021-09-10 09:00:00+00:00,312.0,318.0,304.0,308.0,45230500.0
2021-09-13 09:00:00+00:00,306.0,310.0,306.0,308.0,21465500.0
2021-09-14 09:00:00+00:00,310.0,326.0,306.0,318.0,92659400.0
2021-09-15 09:00:00+00:00,318.0,320.0,312.0,312.0,27578500.0
2021-09-16 09:00:00+00:00,314.0,318.0,312.0,314.0,21928700.0
2021-09-17 09:00:00+00:00,316.0,318.0,308.0,314.0,29702400.0
2021-09-20 09:00:00+00:00,314.0,314.0,306.0,308.0,36851500.0
2021-09-21 09:00:00+00:00,306.0,308.0,292.0,306.0,27101500.0
2021-09-22 09:00:00+00:00,306.0,312.0,304.0,308.0,19997600.0
2021-09-23 09:00:00+00:00,310.0,312.0,306.0,306.0,13959900.0
2021-09-24 09:00:00+00:00,308.0,308.0,294.0,294.0,63768200.0
2021-09-27 09:00:00+00:00,294.0,298.0,274.0,280.0,89816100.0
2021-09-28 09:00:00+00:00,274.0,288.0,264.0,286.0,44329300.0
2021-09-29 09:00:00+00:00,288.0,296.0,274.0,284.0,64094500.0
2021-09-30 09:00:00+00:00,284.0,308.0,284.0,304.0,87578800.0
2021-10-01 09:00:00+00:00,304.0,330.0,304.0,312.0,166327400.0
2021-10-04 09:00:00+00:00,314.0,332.0,314.0,322.0,125070400.0
2021-10-05 09:00:00+00:00,324.0,326.0,300.0,300.0,94863300.0
2021-10-06 09:00:00+00:00,300.0,318.0,300.0,306.0,83657700.0
2021-10-07 09:00:00+00:00,310.0,312.0,292.0,294.0,76535000.0
2021-10-08 09:00:00+00:00,296.0,304.0,292.0,302.0,40182400.0
2021-10-11 09:00:00+00:00,304.0,314.0,300.0,310.0,56849600.0
2021-10-12 09:00:00+00:00,316.0,326.0,304.0,318.0,91884700.0
2021-10-13 09:00:00+00:00,320.0,324.0,300.0,304.0,58470200.0
2021-10-14 09:00:00+00:00,304.0,310.0,302.0,310.0,37737000.0
2021-10-15 09:00:00+00:00,312.0,362.0,308.0,360.0,558546300.0
2021-10-18 09:00:00+00:00,362.0,388.0,360.0,362.0,371259000.0
2021-10-19 09:00:00+00:00,362.0,386.0,362.0,386.0,238100800.0
2021-10-21 09:00:00+00:00,390.0,390.0,360.0,360.0,207948800.0
2021-10-22 09:00:00+00:00,360.0,374.0,342.0,362.0,84156400.0
2021-10-25 09:00:00+00:00,362.0,366.0,342.0,342.0,76900700.0
2021-10-26 09:00:00+00:00,342.0,362.0,342.0,352.0,71982400.0
2021-10-27 09:00:00+00:00,354.0,362.0,344.0,344.0,47955500.0
2021-10-28 09:00:00+00:00,350.0,350.0,324.0,330.0,60758800.0
2021-10-29 09:00:00+00:00,330.0,340.0,322.0,334.0,47268100.0
2021-11-01 09:00:00+00:00,332.0,346.0,332.0,338.0,35441500.0
2021-11-02 09:00:00+00:00,342.0,348.0,326.0,328.0,30965000.0
2021-11-03 09:00:00+00:00,330.0,332.0,322.0,326.0,12104700.0
2021-11-04 09:00:00+00:00,326.0,332.0,322.0,324.0,18957100.0
2021-11-05 09:00:00+00:00,330.0,330.0,322.0,322.0,12580300.0
2021-11-08 09:00:00+00:00,322.0,324.0,310.0,314.0,33246700.0
2021-11-09 09:00:00+00:00,314.0,330.0,314.0,320.0,41336700.0
2021-11-10 09:00:00+00:00,322.0,324.0,314.0,320.0,17506400.0
2021-11-11 09:00:00+00:00,322.0,338.0,320.0,334.0,57975400.0
2021-11-12 09:00:00+00:00,334.0,336.0,322.0,328.0,50054100.0
2021-11-15 09:00:00+00:00,328.0,334.0,322.0,322.0,21943200.0
2021-11-16 09:00:00+00:00,324.0,340.0,322.0,338.0,49286800.0
2021-11-17 09:00:00+00:00,340.0,342.0,328.0,328.0,32129200.0
2021-11-18 09:00:00+00:00,328.0,368.0,326.0,352.0,229958700.0
2021-11-19 09:00:00+00:00,354.0,364.0,342.0,356.0,95987600.0
2021-11-22 09:00:00+00:00,356.0,358.0,340.0,352.0,50814300.0
2021-11-23 09:00:00+00:00,352.0,380.0,352.0,372.0,171466500.0
2021-11-24 09:00:00+00:00,372.0,376.0,358.0,368.0,76551300.0
2021-11-25 09:00:00+00:00,370.0,374.0,364.0,366.0,21653500.0
2021-11-26 09:00:00+00:00,366.0,370.0,344.0,348.0,88936200.0
2021-11-29 09:00:00+00:00,350.0,366.0,340.0,362.0,74656600.0
2021-11-30 09:00:00+00:00,366.0,372.0,348.0,350.0,74881600.0
2021-12-01 09:00:00+00:00,352.0,358.0,342.0,350.0,18451600.0
2021-12-02 09:00:00+00:00,350.0,350.0,342.0,344.0,31293700.0
2021-12-03 09:00:00+00:00,344.0,354.0,340.0,344.0,16471700.0
2021-12-06 09:00:00+00:00,344.0,350.0,330.0,340.0,36590300.0
2021-12-07 09:00:00+00:00,340.0,356.0,340.0,356.0,31328400.0
2021-12-08 09:00:00+00:00,358.0,374.0,354.0,354.0,69956500.0
2021-12-09 09:00:00+00:00,356.0,380.0,354.0,376.0,102631600.0
2021-12-10 09:00:00+00:00,378.0,396.0,370.0,394.0,115521600.0
2021-12-13 09:00:00+00:00,396.0,408.0,386.0,406.0,105976300.0
2021-12-14 09:00:00+00:00,406.0,416.0,400.0,412.0,73950700.0
2021-12-15 09:00:00+00:00,412.0,496.0,412.0,468.0,368182300.0
2021-12-16 09:00:00+00:00,468.0,530.0,460.0,525.0,279234300.0
2021-12-17 09:00:00+00:00,525.0,540.0,500.0,520.0,106108000.0
2021-12-20 09:00:00+00:00,505.0,525.0,484.0,484.0,115785800.0
2021-12-21 09:00:00+00:00,474.0,515.0,460.0,484.0,155206900.0
2021-12-22 09:00:00+00:00,484.0,505.0,472.0,474.0,56109500.0
2021-12-23 09:00:00+00:00,476.0,520.0,474.0,520.0,147041500.0
2021-12-24 09:00:00+00:00,525.0,550.0,492.0,535.0,120479400.0
2021-12-27 09:00:00+00:00,540.0,575.0,515.0,525.0,137721000.0
2021-12-28 09:00:00+00:00,525.0,540.0,515.0,520.0,39395200.0
2021-12-29 09:00:00+00:00,530.0,540.0,515.0,520.0,37382300.0
2021-12-30 09:00:00+00:00,520.0,555.0,520.0,530.0,72397000.0
2022-01-03 09:00:00+00:00,540.0,540.0,505.0,520.0,31873300.0
2022-01-04 09:00:00+00:00,530.0,530.0,498.0,500.0,35666800.0
2022-01-05 09:00:00+00:00,500.0,510.0,478.0,490.0,66154900.0
2022-01-06 09:00:00+00:00,490.0,520.0,472.0,480.0,92136600.0
2022-01-07 09:00:00+00:00,480.0,496.0,480.0,490.0,50122000.0
2022-01-10 09:00:00+00:00,490.0,505.0,486.0,494.0,51342100.0
2022-01-11 09:00:00+00:00,498.0,498.0,480.0,480.0,40999900.0
2022-01-12 09:00:00+00:00,484.0,492.0,474.0,486.0,18187900.0
2022-01-13 09:00:00+00:00,486.0,492.0,478.0,480.0,16572900.0
2022-01-14 09:00:00+00:00,486.0,486.0,448.0,450.0,62429800.0
2022-01-17 09:00:00+00:00,430.0,488.0,430.0,460.0,51431800.0
2022-01-18 09:00:00+00:00,460.0,464.0,448.0,452.0,33980200.0
2022-01-19 09:00:00+00:00,452.0,462.0,450.0,456.0,13987800.0
2022-01-20 09:00:00+00:00,456.0,458.0,436.0,444.0,20560400.0
2022-01-21 09:00:00+00:00,444.0,454.0,436.0,444.0,9042700.0
2022-01-24 09:00:00+00:00,442.0,476.0,440.0,472.0,50849400.0
2022-01-25 09:00:00+00:00,472.0,474.0,440.0,440.0,47122800.0
2022-01-26 09:00:00+00:00,438.0,446.0,434.0,444.0,12261000.0
2022-01-27 09:00:00+00:00,444.0,474.0,444.0,470.0,67644200.0
2022-01-28 09:00:00+00:00,472.0,510.0,466.0,500.0,152958200.0
2022-01-31 09:00:00+00:00,500.0,625.0,500.0,595.0,252478800.0
2022-02-02 09:00:00+00:00,610.0,630.0,580.0,590.0,135129300.0
2022-02-03 09:00:00+00:00,600.0,675.0,590.0,645.0,195053300.0
2022-02-04 09:00:00+00:00,650.0,655.0,600.0,625.0,71221600.0
2022-02-07 09:00:00+00:00,625.0,680.0,615.0,680.0,65785400.0
2022-02-08 09:00:00+00:00,680.0,685.0,635.0,635.0,58091900.0
2022-02-09 09:00:00+00:00,650.0,650.0,600.0,610.0,62545500.0
2022-02-10 09:00:00+00:00,615.0,640.0,590.0,630.0,43534700.0
2022-02-11 09:00:00+00:00,635.0,670.0,615.0,640.0,51596200.0
2022-02-14 09:00:00+00:00,640.0,660.0,630.0,660.0,41338200.0
2022-02-15 09:00:00+00:00,665.0,670.0,630.0,635.0,23221000.0
2022-02-16 09:00:00+00:00,635.0,710.0,635.0,695.0,57133800.0
2022-02-17 09:00:00+00:00,710.0,710.0,665.0,675.0,54874700.0
2022-02-18 09:00:00+00:00,675.0,700.0,660.0,680.0,30064600.0
2022-02-21 09:00:00+00:00,680.0,680.0,635.0,635.0,43313500.0
2022-02-22 09:00:00+00:00,635.0,670.0,610.0,645.0,77185800.0
2022-02-23 09:00:00+00:00,645.0,660.0,630.0,645.0,15814800.0
2022-02-24 09:00:00+00:00,645.0,675.0,600.0,650.0,88919000.0
2022-02-25 09:00:00+00:00,645.0,695.0,645.0,670.0,66730800.0
2022-03-01 09:00:00+00:00,680.0,700.0,655.0,660.0,40441000.0
2022-03-02 09:00:00+00:00,665.0,790.0,665.0,745.0,193497300.0
2022-03-04 09:00:00+00:00,750.0,810.0,730.0,765.0,225300000.0
2022-03-07 09:00:00+00:00,780.0,785.0,735.0,770.0,85180600.0
2022-03-08 09:00:00+00:00,770.0,785.0,720.0,720.0,97632100.0
2022-03-09 09:00:00+00:00,725.0,755.0,680.0,720.0,101293900.0
2022-03-10 09:00:00+00:00,720.0,765.0,690.0,735.0,55844200.0
2022-03-11 09:00:00+00:00,730.0,755.0,725.0,730.0,19736000.0
2022-03-14 09:00:00+00:00,740.0,815.0,740.0,775.0,111576700.0
2022-03-15 09:00:00+00:00,775.0,780.0,730.0,735.0,50786500.0
2022-03-16 09:00:00+00:00,740.0,775.0,735.0,775.0,48610900.0
2022-03-17 09:00:00+00:00,775.0,800.0,740.0,790.0,70333700.0
2022-03-18 09:00:00+00:00,790.0,800.0,755.0,760.0,32757100.0
2022-03-21 09:00:00+00:00,775.0,860.0,765.0,840.0,135544800.0
2022-03-22 09:00:00+00:00,840.0,915.0,825.0,865.0,132847400.0
2022-03-23 09:00:00+00:00,880.0,940.0,865.0,930.0,93602300.0
2022-03-24 09:00:00+00:00,945.0,965.0,905.0,930.0,83825000.0
2022-03-25 09:00:00+00:00,930.0,985.0,930.0,955.0,88040600.0
2022-03-28 09:00:00+00:00,965.0,1010.0,945.0,970.0,98485900.0
2022-03-29 09:00:00+00:00,975.0,1010.0,935.0,995.0,84735700.0
2022-03-30 09:00:00+00:00,995.0,1050.0,975.0,975.0,71027500.0
2022-03-31 09:00:00+00:00,975.0,1215.0,975.0,1215.0,257114300.0
2022-04-01 09:00:00+00:00,1220.0,1365.0,1200.0,1320.0,232896100.0
2022-04-04 09:00:00+00:00,1325.0,1380.0,1275.0,1305.0,123035900.0
2022-04-05 09:00:00+00:00,1305.0,1420.0,1305.0,1395.0,108492600.0
2022-04-06 09:00:00+00:00,1400.0,1405.0,1300.0,1340.0,122052400.0
2022-04-07 09:00:00+00:00,1340.0,1375.0,1330.0,1360.0,36055500.0
2022-04-08 09:00:00+00:00,1365.0,1610.0,1350.0,1515.0,185274400.0
2022-04-11 09:00:00+00:00,1520.0,1540.0,1410.0,1410.0,91620000.0
2022-04-12 09:00:00+00:00,1400.0,1450.0,1325.0,1360.0,88988100.0
2022-04-13 09:00:00+00:00,1375.0,1435.0,1300.0,1430.0,109518000.0
2022-04-14 09:00:00+00:00,1435.0,1540.0,1415.0,1480.0,106726200.0
2022-04-18 09:00:00+00:00,1490.0,1510.0,1425.0,1470.0,85363400.0
2022-04-19 09:00:00+00:00,1500.0,1500.0,1375.0,1375.0,75311500.0
2022-04-20 09:00:00+00:00,1375.0,1395.0,1280.0,1280.0,109965700.0
2022-04-21 09:00:00+00:00,1280.0,1320.0,1200.0,1280.0,107496300.0
2022-04-22 09:00:00+00:00,1280.0,1280.0,1195.0,1195.0,101842700.0
2022-04-25 09:00:00+00:00,1150.0,1285.0,1115.0,1235.0,136364600.0
2022-04-26 09:00:00+00:00,1240.0,1260.0,1190.0,1200.0,55011100.0
2022-04-27 09:00:00+00:00,1205.0,1305.0,1170.0,1290.0,93596900.0
2022-04-28 09:00:00+00:00,1290.0,1315.0,1235.0,1240.0,62003600.0
2022-05-09 09:00:00+00:00,1230.0,1295.0,1200.0,1250.0,86409100.0
2022-05-10 09:00:00+00:00,1250.0,1250.0,1165.0,1170.0,117467200.0
2022-05-11 09:00:00+00:00,1180.0,1225.0,1145.0,1200.0,55728200.0
2022-05-12 09:00:00+00:00,1220.0,1220.0,1120.0,1120.0,22475600.0
2022-05-13 09:00:00+00:00,1110.0,1310.0,1045.0,1230.0,205515700.0
2022-05-17 09:00:00+00:00,1230.0,1270.0,1175.0,1195.0,63115800.0
2022-05-18 09:00:00+00:00,1200.0,1405.0,1195.0,1310.0,231362600.0
2022-05-19 09:00:00+00:00,1310.0,1310.0,1220.0,1220.0,155865600.0
2022-05-20 09:00:00+00:00,1230.0,1285.0,1200.0,1270.0,75895200.0
2022-05-23 09:00:00+00:00,1280.0,1325.0,1230.0,1230.0,96246200.0
2022-05-24 09:00:00+00:00,1230.0,1275.0,1230.0,1260.0,39086900.0
2022-05-25 09:00:00+00:00,1265.0,1350.0,1250.0,1290.0,121959200.0
2022-05-27 09:00:00+00:00,1300.0,1335.0,1260.0,1270.0,60984500.0
2022-05-30 09:00:00+00:00,1280.0,1285.0,1185.0,1185.0,79112900.0
2022-05-31 09:00:00+00:00,1185.0,1230.0,1105.0,1175.0,401946700.0
2022-06-02 09:00:00+00:00,1175.0,1195.0,1100.0,1100.0,69711800.0
2022-06-03 09:00:00+00:00,1100.0,1125.0,1055.0,1095.0,83517900.0
2022-06-06 09:00:00+00:00,1100.0,1100.0,1020.0,1040.0,108338700.0
2022-06-07 09:00:00+00:00,1035.0,1085.0,1035.0,1060.0,62700700.0
2022-06-08 09:00:00+00:00,1070.0,1085.0,1040.0,1045.0,44515800.0
2022-06-09 09:00:00+00:00,1045.0,1065.0,975.0,1030.0,91929300.0
2022-06-10 09:00:00+00:00,1020.0,1070.0,985.0,990.0,66540700.0
2022-06-13 09:00:00+00:00,995.0,995.0,925.0,930.0,78472800.0
2022-06-14 09:00:00+00:00,930.0,965.0,865.0,865.0,88232800.0
2022-06-15 09:00:00+00:00,865.0,915.0,850.0,885.0,80300300.0
2022-06-16 09:00:00+00:00,885.0,930.0,885.0,900.0,45404600.0
2022-06-17 09:00:00+00:00,900.0,900.0,840.0,870.0,25473300.0
2022-06-20 09:00:00+00:00,915.0,915.0,810.0,840.0,50055600.0
2022-06-21 09:00:00+00:00,840.0,935.0,835.0,905.0,53516100.0
2022-06-22 09:00:00+00:00,915.0,920.0,855.0,855.0,26272000.0
2022-06-23 09:00:00+00:00,855.0,855.0,805.0,820.0,39250200.0
2022-06-24 09:00:00+00:00,830.0,850.0,810.0,810.0,22363900.0
2022-06-27 09:00:00+00:00,815.0,845.0,795.0,830.0,36541500.0
2022-06-28 09:00:00+00:00,830.0,930.0,825.0,915.0,89531900.0
2022-06-29 09:00:00+00:00,920.0,925.0,855.0,870.0,52462600.0
2022-06-30 09:00:00+00:00,865.0,895.0,815.0,835.0,31602500.0
2022-07-01 09:00:00+00:00,830.0,840.0,780.0,780.0,39519900.0
2022-07-04 09:00:00+00:00,740.0,760.0,730.0,730.0,24184100.0
2022-07-05 09:00:00+00:00,735.0,780.0,700.0,745.0,88865100.0
2022-07-06 09:00:00+00:00,745.0,760.0,695.0,735.0,62468800.0
2022-07-07 09:00:00+00:00,735.0,740.0,695.0,720.0,40412700.0
2022-07-08 09:00:00+00:00,735.0,765.0,735.0,740.0,37233800.0
2022-07-11 09:00:00+00:00,745.0,830.0,740.0,810.0,99491200.0
2022-07-12 09:00:00+00:00,810.0,835.0,790.0,795.0,60236700.0
2022-07-13 09:00:00+00:00,795.0,800.0,740.0,740.0,60413300.0
2022-07-14 09:00:00+00:00,705.0,775.0,705.0,745.0,42513000.0
2022-07-15 09:00:00+00:00,745.0,785.0,740.0,750.0,40766100.0
2022-07-18 09:00:00+00:00,765.0,770.0,725.0,730.0,19287800.0
2022-07-19 09:00:00+00:00,730.0,785.0,725.0,785.0,55978700.0
2022-07-20 09:00:00+00:00,795.0,900.0,795.0,875.0,157733300.0
2022-07-21 09:00:00+00:00,875.0,895.0,850.0,875.0,33046000.0
2022-07-22 09:00:00+00:00,875.0,985.0,875.0,950.0,179265300.0
2022-07-25 09:00:00+00:00,955.0,990.0,930.0,965.0,86037900.0
2022-07-26 09:00:00+00:00,980.0,1130.0,960.0,1100.0,210004700.0
2022-07-27 09:00:00+00:00,1110.0,1110.0,1025.0,1045.0,165842700.0
2022-07-28 09:00:00+00:00,1060.0,1130.0,1060.0,1090.0,111398200.0
2022-07-29 09:00:00+00:00,1090.0,1110.0,1020.0,1035.0,67443900.0
2022-08-01 09:00:00+00:00,1035.0,1080.0,990.0,995.0,100406300.0
2022-08-02 09:00:00+00:00,1005.0,1020.0,935.0,1020.0,135094400.0
2022-08-03 09:00:00+00:00,1025.0,1155.0,1000.0,1090.0,208904600.0
2022-08-04 09:00:00+00:00,1090.0,1115.0,1060.0,1065.0,79063400.0
2022-08-05 09:00:00+00:00,1070.0,1110.0,1045.0,1065.0,58676400.0
2022-08-08 09:00:00+00:00,1075.0,1105.0,1005.0,1095.0,106201000.0
2022-08-09 09:00:00+00:00,1100.0,1110.0,1070.0,1080.0,34985400.0
2022-08-10 09:00:00+00:00,1090.0,1090.0,1045.0,1050.0,23835000.0
2022-08-11 09:00:00+00:00,1050.0,1135.0,1050.0,1125.0,125895300.0
2022-08-12 09:00:00+00:00,1135.0,1195.0,1125.0,1135.0,90682500.0
2022-08-15 09:00:00+00:00,1135.0,1185.0,1105.0,1155.0,67958100.0
2022-08-16 09:00:00+00:00,1160.0,1170.0,1115.0,1135.0,42170600.0
2022-08-18 09:00:00+00:00,1135.0,1185.0,1120.0,1135.0,63535700.0
2022-08-19 09:00:00+00:00,1140.0,1170.0,1125.0,1125.0,32894200.0
2022-08-22 09:00:00+00:00,1120.0,1135.0,1050.0,1050.0,100237600.0
2022-08-23 09:00:00+00:00,1035.0,1085.0,1035.0,1065.0,53885600.0
2022-08-24 09:00:00+00:00,1075.0,1100.0,1050.0,1095.0,33847000.0
2022-08-25 09:00:00+00:00,1100.0,1150.0,1095.0,1145.0,62550900.0
2022-08-26 09:00:00+00:00,1180.0,1230.0,1140.0,1215.0,121770500.0
2022-08-29 09:00:00+00:00,1215.0,1215.0,1145.0,1200.0,72143200.0
2022-08-30 09:00:00+00:00,1190.0,1230.0,1150.0,1170.0,45810000.0
2022-08-31 09:00:00+00:00,1160.0,1170.0,1105.0,1115.0,46705200.0
2022-09-01 09:00:00+00:00,1115.0,1150.0,1090.0,1090.0,36773300.0
2022-09-02 09:00:00+00:00,1090.0,1160.0,1090.0,1120.0,58241400.0
2022-09-05 09:00:00+00:00,1160.0,1160.0,1115.0,1145.0,23936800.0
2022-09-06 09:00:00+00:00,1155.0,1215.0,1140.0,1210.0,56999500.0
2022-09-07 09:00:00+00:00,1230.0,1265.0,1160.0,1165.0,86443300.0
2022-09-08 09:00:00+00:00,1170.0,1190.0,1145.0,1165.0,33286600.0
2022-09-09 09:00:00+00:00,1165.0,1180.0,1130.0,1130.0,23136800.0
2022-09-12 09:00:00+00:00,1145.0,1155.0,1100.0,1115.0,22392600.0
2022-09-13 09:00:00+00:00,1125.0,1175.0,1125.0,1160.0,36309100.0
2022-09-14 09:00:00+00:00,1130.0,1150.0,1120.0,1140.0,28638900.0
2022-09-15 09:00:00+00:00,1150.0,1180.0,1140.0,1140.0,54488700.0
2022-09-16 09:00:00+00:00,1140.0,1170.0,1110.0,1150.0,49643000.0
2022-09-19 09:00:00+00:00,1150.0,1160.0,1080.0,1115.0,55179000.0
2022-09-20 09:00:00+00:00,1120.0,1130.0,1060.0,1060.0,40490800.0
2022-09-21 09:00:00+00:00,1065.0,1100.0,1050.0,1100.0,35666100.0
2022-09-22 09:00:00+00:00,1100.0,1140.0,1075.0,1140.0,33909400.0
2022-09-23 09:00:00+00:00,1140.0,1160.0,1105.0,1130.0,31760400.0
2022-09-26 09:00:00+00:00,1100.0,1130.0,1060.0,1085.0,27840100.0
2022-09-27 09:00:00+00:00,1095.0,1100.0,1045.0,1075.0,38155400.0
2022-09-28 09:00:00+00:00,1075.0,1085.0,1000.0,1000.0,60239900.0
2022-09-29 09:00:00+00:00,1010.0,1035.0,940.0,970.0,44138500.0
2022-09-30 09:00:00+00:00,970.0,995.0,945.0,995.0,30590700.0
2022-10-03 09:00:00+00:00,995.0,995.0,950.0,950.0,24444300.0
2022-10-04 09:00:00+00:00,965.0,980.0,920.0,960.0,50716800.0
2022-10-05 09:00:00+00:00,970.0,1015.0,950.0,955.0,52217100.0
2022-10-06 09:00:00+00:00,955.0,975.0,945.0,950.0,27670800.0
2022-10-07 09:00:00+00:00,950.0,965.0,925.0,935.0,25722600.0
2022-10-10 09:00:00+00:00,935.0,965.0,920.0,955.0,22689900.0
2022-10-11 09:00:00+00:00,1000.0,1035.0,960.0,970.0,101400700.0
2022-10-12 09:00:00+00:00,980.0,985.0,945.0,950.0,28882300.0
2022-10-13 09:00:00+00:00,950.0,1005.0,950.0,995.0,43880600.0
2022-10-14 09:00:00+00:00,1005.0,1020.0,970.0,985.0,20374900.0
2022-10-17 09:00:00+00:00,985.0,990.0,955.0,960.0,15925900.0
2022-10-18 09:00:00+00:00,970.0,1000.0,960.0,990.0,30285900.0
2022-10-19 09:00:00+00:00,1000.0,1025.0,960.0,960.0,34061500.0
2022-10-20 09:00:00+00:00,970.0,1020.0,965.0,1020.0,27983200.0
2022-10-21 09:00:00+00:00,1020.0,1030.0,990.0,990.0,11209000.0
2022-10-24 09:00:00+00:00,1005.0,1005.0,965.0,965.0,18108800.0
2022-10-25 09:00:00+00:00,965.0,980.0,940.0,955.0,17105900.0
2022-10-26 09:00:00+00:00,955.0,960.0,925.0,935.0,32869100.0
2022-10-27 09:00:00+00:00,940.0,975.0,935.0,975.0,22974500.0
2022-10-28 09:00:00+00:00,990.0,1000.0,955.0,975.0,29454400.0
2022-10-31 09:00:00+00:00,975.0,1075.0,975.0,1065.0,83861800.0
2022-11-01 09:00:00+00:00,1065.0,1115.0,1055.0,1110.0,76643200.0
2022-11-02 09:00:00+00:00,1110.0,1130.0,1070.0,1095.0,27568000.0
2022-11-03 09:00:00+00:00,1085.0,1170.0,1085.0,1150.0,55963000.0
2022-11-04 09:00:00+00:00,1150.0,1155.0,1100.0,1115.0,30958100.0
2022-11-07 09:00:00+00:00,1135.0,1145.0,1090.0,1100.0,29126500.0
2022-11-08 09:00:00+00:00,1105.0,1135.0,1100.0,1100.0,18180800.0
2022-11-09 09:00:00+00:00,1120.0,1155.0,1105.0,1110.0,31264400.0
2022-11-10 09:00:00+00:00,1120.0,1120.0,1035.0,1035.0,32779800.0
2022-11-11 09:00:00+00:00,1050.0,1085.0,1035.0,1070.0,32757600.0
2022-11-14 09:00:00+00:00,1120.0,1120.0,1020.0,1035.0,33305600.0
2022-11-15 09:00:00+00:00,1035.0,1050.0,1010.0,1010.0,19366500.0
2022-11-16 09:00:00+00:00,1010.0,1015.0,970.0,990.0,40489900.0
2022-11-17 09:00:00+00:00,995.0,1005.0,970.0,995.0,34296700.0
2022-11-18 09:00:00+00:00,1000.0,1040.0,995.0,1030.0,25731500.0
2022-11-21 09:00:00+00:00,1040.0,1045.0,1005.0,1015.0,16794500.0
2022-11-22 09:00:00+00:00,1015.0,1030.0,1010.0,1020.0,9811100.0
2022-11-23 09:00:00+00:00,1025.0,1040.0,1010.0,1020.0,14488100.0
2022-11-24 09:00:00+00:00,1030.0,1090.0,1030.0,1055.0,47980300.0
2022-11-25 09:00:00+00:00,1060.0,1080.0,1035.0,1035.0,20553100.0
2022-11-28 09:00:00+00:00,1035.0,1065.0,1005.0,1065.0,22064400.0
2022-11-29 09:00:00+00:00,1070.0,1085.0,1045.0,1075.0,22335300.0
2022-11-30 09:00:00+00:00,1075.0,1085.0,1055.0,1065.0,15028500.0
2022-12-01 09:00:00+00:00,1070.0,1095.0,1060.0,1070.0,17783100.0
2022-12-02 09:00:00+00:00,1070.0,1080.0,1020.0,1025.0,21050200.0
2022-12-05 09:00:00+00:00,1035.0,1035.0,1010.0,1015.0,12680100.0
2022-12-06 09:00:00+00:00,1020.0,1020.0,975.0,980.0,38187200.0
2022-12-07 09:00:00+00:00,980.0,1035.0,970.0,1030.0,21414500.0
2022-12-08 09:00:00+00:00,1030.0,1040.0,1000.0,1035.0,12074600.0
2022-12-09 09:00:00+00:00,1035.0,1055.0,1015.0,1045.0,15867900.0
2022-12-12 09:00:00+00:00,1050.0,1060.0,1025.0,1030.0,5259200.0
2022-12-13 09:00:00+00:00,1030.0,1040.0,1010.0,1015.0,17004500.0
2022-12-14 09:00:00+00:00,1015.0,1030.0,1000.0,1005.0,15724500.0
2022-12-15 09:00:00+00:00,1000.0,1015.0,990.0,995.0,11018200.0
2022-12-16 09:00:00+00:00,990.0,1025.0,990.0,1020.0,10270000.0
2022-12-19 09:00:00+00:00,1020.0,1030.0,1005.0,1005.0,3270300.0
2022-12-20 09:00:00+00:00,1005.0,1010.0,980.0,985.0,20288100.0
2022-12-21 09:00:00+00:00,985.0,1000.0,925.0,930.0,28613600.0
2022-12-22 09:00:00+00:00,930.0,950.0,900.0,900.0,22452800.0
2022-12-23 09:00:00+00:00,900.0,930.0,880.0,920.0,14386400.0
2022-12-26 09:00:00+00:00,920.0,935.0,900.0,900.0,7376900.0
2022-12-27 09:00:00+00:00,900.0,920.0,900.0,910.0,7357500.0
2022-12-28 09:00:00+00:00,920.0,930.0,905.0,915.0,6151300.0
2022-12-29 09:00:00+00:00,915.0,935.0,905.0,920.0,5897600.0
2022-12-30 09:00:00+00:00,925.0,945.0,915.0,915.0,8083500.0
2023-01-02 09:00:00+00:00,915.0,925.0,915.0,920.0,1593800.0
2023-01-03 09:00:00+00:00,920.0,960.0,915.0,925.0,20164900.0
2023-01-04 09:00:00+00:00,925.0,940.0,900.0,905.0,9544800.0
2023-01-05 09:00:00+00:00,900.0,920.0,845.0,845.0,25501700.0
2023-01-06 09:00:00+00:00,840.0,845.0,790.0,795.0,31564300.0
2023-01-09 09:00:00+00:00,800.0,830.0,800.0,825.0,10968400.0
2023-01-10 09:00:00+00:00,810.0,850.0,810.0,835.0,6330800.0
2023-01-11 09:00:00+00:00,835.0,845.0,815.0,840.0,8886400.0
2023-01-12 09:00:00+00:00,840.0,840.0,810.0,825.0,15272300.0
2023-01-13 09:00:00+00:00,825.0,890.0,825.0,890.0,25102900.0
2023-01-16 09:00:00+00:00,900.0,950.0,890.0,930.0,35754600.0
2023-01-17 09:00:00+00:00,940.0,970.0,935.0,965.0,27416900.0
2023-01-18 09:00:00+00:00,965.0,970.0,940.0,960.0,13252800.0
2023-01-19 09:00:00+00:00,960.0,980.0,955.0,975.0,10493300.0
2023-01-20 09:00:00+00:00,980.0,985.0,965.0,980.0,14928700.0
2023-01-24 09:00:00+00:00,980.0,980.0,945.0,980.0,18060700.0
2023-01-25 09:00:00+00:00,985.0,985.0,965.0,975.0,14760900.0
2023-01-26 09:00:00+00:00,970.0,1020.0,970.0,1015.0,53073300.0
2023-01-27 09:00:00+00:00,1025.0,1070.0,990.0,990.0,57766000.0
2023-01-30 09:00:00+00:00,985.0,1015.0,970.0,990.0,19106800.0
2023-01-31 09:00:00+00:00,990.0,1010.0,955.0,990.0,77971700.0
2023-02-01 09:00:00+00:00,990.0,1075.0,970.0,1030.0,89111800.0
2023-02-02 09:00:00+00:00,1020.0,1040.0,975.0,975.0,66083400.0
2023-02-03 09:00:00+00:00,975.0,995.0,965.0,990.0,25277200.0
2023-02-06 09:00:00+00:00,985.0,1000.0,950.0,955.0,29430000.0
2023-02-07 09:00:00+00:00,960.0,970.0,945.0,950.0,13628800.0
2023-02-08 09:00:00+00:00,960.0,975.0,950.0,955.0,13700400.0
2023-02-09 09:00:00+00:00,960.0,1005.0,960.0,995.0,38888100.0
2023-02-10 09:00:00+00:00,1000.0,1010.0,970.0,995.0,13359500.0
2023-02-13 09:00:00+00:00,1000.0,1010.0,980.0,995.0,10122500.0
2023-02-14 09:00:00+00:00,1000.0,1005.0,990.0,995.0,7286400.0
2023-02-15 09:00:00+00:00,1005.0,1025.0,975.0,975.0,30738300.0
2023-02-16 09:00:00+00:00,975.0,995.0,960.0,985.0,22055100.0
2023-02-17 09:00:00+00:00,990.0,1005.0,975.0,985.0,23248100.0
2023-02-20 09:00:00+00:00,985.0,985.0,920.0,920.0,60876800.0
2023-02-21 09:00:00+00:00,940.0,960.0,920.0,925.0,67292600.0
2023-02-22 09:00:00+00:00,925.0,960.0,925.0,940.0,43772500.0
2023-02-23 09:00:00+00:00,955.0,955.0,930.0,950.0,19511800.0
2023-02-24 09:00:00+00:00,970.0,1090.0,970.0,1050.0,252198700.0
2023-02-27 09:00:00+00:00,1055.0,1080.0,1025.0,1060.0,67206100.0
2023-02-28 09:00:00+00:00,1065.0,1130.0,1050.0,1070.0,106406100.0
2023-03-01 09:00:00+00:00,1070.0,1090.0,1045.0,1060.0,59486100.0
2023-03-02 09:00:00+00:00,1055.0,1070.0,1030.0,1035.0,38787700.0
2023-03-03 09:00:00+00:00,1045.0,1060.0,1020.0,1030.0,46980200.0
2023-03-06 09:00:00+00:00,1025.0,1030.0,965.0,965.0,57954600.0
2023-03-07 09:00:00+00:00,970.0,1025.0,970.0,995.0,57686800.0
2023-03-08 09:00:00+00:00,1000.0,1020.0,980.0,1015.0,36578700.0
2023-03-09 09:00:00+00:00,1020.0,1035.0,1000.0,1000.0,25981200.0
2023-03-10 09:00:00+00:00,1000.0,1000.0,970.0,980.0,26523700.0
2023-03-13 09:00:00+00:00,975.0,995.0,970.0,970.0,24491500.0
2023-03-14 09:00:00+00:00,970.0,980.0,940.0,940.0,35365600.0
2023-03-15 09:00:00+00:00,950.0,985.0,950.0,980.0,31015600.0
2023-03-16 09:00:00+00:00,980.0,985.0,950.0,965.0,45597500.0
2023-03-17 09:00:00+00:00,965.0,965.0,925.0,950.0,472194600.0
2023-03-20 09:00:00+00:00,955.0,970.0,935.0,940.0,26823800.0
2023-03-21 09:00:00+00:00,950.0,955.0,940.0,940.0,19379100.0
2023-03-24 09:00:00+00:00,950.0,970.0,945.0,970.0,18015300.0
2023-03-27 09:00:00+00:00,975.0,990.0,955.0,965.0,29516400.0
2023-03-28 09:00:00+00:00,930.0,950.0,925.0,940.0,28893200.0
2023-03-29 09:00:00+00:00,940.0,950.0,930.0,945.0,21583100.0
2023-03-30 09:00:00+00:00,945.0,960.0,940.0,945.0,25300300.0
2023-03-31 09:00:00+00:00,955.0,960.0,935.0,945.0,20215800.0
2023-04-03 09:00:00+00:00,955.0,975.0,955.0,960.0,25562700.0
2023-04-04 09:00:00+00:00,970.0,980.0,935.0,940.0,21710000.0
2023-04-05 09:00:00+00:00,945.0,955.0,920.0,925.0,20128300.0
2023-04-06 09:00:00+00:00,920.0,945.0,915.0,935.0,11490700.0
2023-04-10 09:00:00+00:00,945.0,950.0,915.0,920.0,13169600.0
2023-04-11 09:00:00+00:00,925.0,935.0,920.0,930.0,8811100.0
2023-04-12 09:00:00+00:00,925.0,930.0,865.0,865.0,74992700.0
2023-04-13 09:00:00+00:00,850.0,850.0,805.0,805.0,53801700.0
2023-04-14 09:00:00+00:00,790.0,790.0,750.0,750.0,63622400.0
2023-04-17 09:00:00+00:00,715.0,750.0,700.0,705.0,272223100.0
2023-04-18 09:00:00+00:00,715.0,735.0,695.0,720.0,106834900.0
2023-04-26 09:00:00+00:00,725.0,745.0,710.0,735.0,49287500.0
2023-04-27 09:00:00+00:00,740.0,740.0,720.0,720.0,22078900.0
2023-04-28 09:00:00+00:00,720.0,725.0,700.0,700.0,50335300.0
2023-05-02 09:00:00+00:00,680.0,680.0,655.0,655.0,20745300.0
2023-05-03 09:00:00+00:00,610.0,645.0,610.0,625.0,71727300.0
2023-05-04 09:00:00+00:00,630.0,665.0,630.0,630.0,67511800.0
2023-05-05 09:00:00+00:00,630.0,635.0,590.0,595.0,101951800.0
2023-05-08 09:00:00+00:00,610.0,630.0,600.0,615.0,31718700.0
2023-05-09 09:00:00+00:00,620.0,650.0,615.0,625.0,52762800.0
2023-05-10 09:00:00+00:00,630.0,650.0,625.0,645.0,34071500.0
2023-05-11 09:00:00+00:00,645.0,650.0,600.0,605.0,46514500.0
2023-05-12 09:00:00+00:00,605.0,615.0,570.0,580.0,32451200.0
2023-05-15 09:00:00+00:00,585.0,615.0,560.0,610.0,33983800.0
2023-05-16 09:00:00+00:00,615.0,620.0,570.0,575.0,48472300.0
2023-05-17 09:00:00+00:00,580.0,595.0,550.0,585.0,46603600.0
2023-05-19 09:00:00+00:00,585.0,590.0,550.0,555.0,34328000.0
2023-05-22 09:00:00+00:00,555.0,575.0,530.0,540.0,52894900.0
2023-05-23 09:00:00+00:00,540.0,555.0,525.0,530.0,37913700.0
2023-05-24 09:00:00+00:00,530.0,550.0,520.0,535.0,30023000.0
2023-05-25 09:00:00+00:00,530.0,540.0,510.0,515.0,33130400.0
2023-05-26 09:00:00+00:00,520.0,525.0,500.0,520.0,20465200.0
2023-05-29 09:00:00+00:00,520.0,520.0,492.0,505.0,37425900.0
2023-05-30 09:00:00+00:00,505.0,520.0,498.0,510.0,13969900.0
2023-05-31 09:00:00+00:00,510.0,515.0,480.0,488.0,40642200.0
2023-06-05 09:00:00+00:00,488.0,530.0,480.0,530.0,69186900.0
2023-06-06 09:00:00+00:00,540.0,585.0,520.0,575.0,71323500.0
2023-06-07 09:00:00+00:00,575.0,595.0,545.0,580.0,47003200.0
2023-06-08 09:00:00+00:00,590.0,610.0,580.0,595.0,49340100.0
2023-06-09 09:00:00+00:00,595.0,615.0,585.0,595.0,32522200.0
2023-06-12 09:00:00+00:00,600.0,605.0,570.0,585.0,19613000.0
2023-06-13 09:00:00+00:00,585.0,585.0,565.0,575.0,13093600.0
2023-06-14 09:00:00+00:00,580.0,630.0,580.0,620.0,90387400.0
2023-06-15 09:00:00+00:00,625.0,645.0,600.0,625.0,52297200.0
2023-06-16 09:00:00+00:00,635.0,655.0,630.0,645.0,43896300.0
2023-06-19 09:00:00+00:00,645.0,650.0,630.0,640.0,16211900.0
2023-06-20 09:00:00+00:00,640.0,645.0,565.0,580.0,58069400.0
2023-06-21 09:00:00+00:00,585.0,605.0,580.0,595.0,27069100.0
2023-06-22 09:00:00+00:00,605.0,605.0,585.0,585.0,13222500.0
2023-06-23 09:00:00+00:00,585.0,595.0,550.0,560.0,41379500.0
2023-06-26 09:00:00+00:00,560.0,585.0,550.0,550.0,47000100.0
2023-06-27 09:00:00+00:00,550.0,590.0,550.0,580.0,29855400.0
2023-07-03 09:00:00+00:00,590.0,590.0,570.0,580.0,17119600.0
2023-07-04 09:00:00+00:00,580.0,590.0,565.0,580.0,13941000.0
2023-07-05 09:00:00+00:00,585.0,635.0,585.0,630.0,95526800.0
2023-07-06 09:00:00+00:00,640.0,670.0,615.0,655.0,86788000.0
2023-07-07 09:00:00+00:00,655.0,690.0,645.0,670.0,62572200.0
2023-07-10 09:00:00+00:00,670.0,700.0,660.0,670.0,39387800.0
2023-07-11 09:00:00+00:00,670.0,705.0,665.0,690.0,52101400.0
2023-07-12 09:00:00+00:00,695.0,695.0,655.0,670.0,49340600.0
2023-07-13 09:00:00+00:00,670.0,690.0,650.0,680.0,47705000.0
2023-07-14 09:00:00+00:00,685.0,715.0,675.0,680.0,65205500.0
2023-07-17 09:00:00+00:00,680.0,715.0,680.0,705.0,48312000.0
2023-07-18 09:00:00+00:00,710.0,730.0,690.0,700.0,68180000.0
2023-07-20 09:00:00+00:00,705.0,710.0,670.0,680.0,45185400.0
2023-07-21 09:00:00+00:00,680.0,685.0,630.0,640.0,52154800.0
2023-07-24 09:00:00+00:00,645.0,675.0,630.0,670.0,46540200.0
2023-07-25 09:00:00+00:00,680.0,690.0,660.0,665.0,31807500.0
2023-07-26 09:00:00+00:00,675.0,675.0,640.0,645.0,44048400.0
2023-07-27 09:00:00+00:00,660.0,670.0,640.0,650.0,50496900.0
2023-07-28 09:00:00+00:00,655.0,660.0,635.0,655.0,27887200.0
2023-07-31 09:00:00+00:00,645.0,645.0,585.0,590.0,95909700.0
2023-08-01 09:00:00+00:00,590.0,610.0,570.0,600.0,40823600.0
2023-08-02 09:00:00+00:00,600.0,630.0,600.0,630.0,47246400.0
2023-08-03 09:00:00+00:00,630.0,640.0,620.0,630.0,24270200.0
2023-08-04 09:00:00+00:00,630.0,630.0,590.0,600.0,45813500.0
2023-08-07 09:00:00+00:00,605.0,605.0,590.0,600.0,13766900.0
2023-08-08 09:00:00+00:00,605.0,605.0,590.0,595.0,13439500.0
2023-08-09 09:00:00+00:00,600.0,600.0,560.0,560.0,37573900.0
2023-08-10 09:00:00+00:00,575.0,620.0,565.0,605.0,58983800.0
2023-08-11 09:00:00+00:00,605.0,640.0,600.0,635.0,48674500.0
2023-08-14 09:00:00+00:00,640.0,665.0,640.0,660.0,53452300.0
2023-08-15 09:00:00+00:00,665.0,670.0,650.0,655.0,22199100.0
2023-08-16 09:00:00+00:00,655.0,660.0,635.0,640.0,12629600.0
2023-08-18 09:00:00+00:00,645.0,650.0,630.0,630.0,9477000.0
2023-08-21 09:00:00+00:00,635.0,670.0,635.0,670.0,33574400.0
2023-08-22 09:00:00+00:00,670.0,680.0,650.0,655.0,25727600.0
2023-08-23 09:00:00+00:00,660.0,660.0,640.0,645.0,12864300.0
2023-08-24 09:00:00+00:00,645.0,645.0,630.0,635.0,9169700.0
2023-08-25 09:00:00+00:00,640.0,665.0,625.0,635.0,21038600.0
2023-08-28 09:00:00+00:00,640.0,650.0,610.0,625.0,17329000.0
2023-08-29 09:00:00+00:00,630.0,655.0,625.0,640.0,29431600.0
2023-08-30 09:00:00+00:00,645.0,645.0,595.0,600.0,51742400.0
2023-08-31 09:00:00+00:00,600.0,620.0,600.0,605.0,22643300.0
2023-09-01 09:00:00+00:00,605.0,620.0,600.0,620.0,22427000.0
2023-09-04 09:00:00+00:00,620.0,655.0,620.0,655.0,42657600.0
2023-09-05 09:00:00+00:00,660.0,660.0,635.0,645.0,15366000.0
2023-09-06 09:00:00+00:00,650.0,670.0,635.0,670.0,34817500.0
2023-09-07 09:00:00+00:00,675.0,675.0,645.0,645.0,27340700.0
2023-09-08 09:00:00+00:00,650.0,655.0,630.0,640.0,15698900.0
2023-09-11 09:00:00+00:00,645.0,680.0,645.0,670.0,56434200.0
2023-09-12 09:00:00+00:00,680.0,710.0,670.0,700.0,94671900.0
2023-09-13 09:00:00+00:00,700.0,760.0,695.0,745.0,145723500.0
2023-09-14 09:00:00+00:00,750.0,755.0,730.0,735.0,48842000.0
2023-09-15 09:00:00+00:00,745.0,790.0,745.0,785.0,92837500.0
2023-09-18 09:00:00+00:00,785.0,790.0,735.0,755.0,59477600.0
2023-09-19 09:00:00+00:00,765.0,815.0,755.0,810.0,59233300.0
2023-09-20 09:00:00+00:00,815.0,830.0,790.0,815.0,61301200.0
2023-09-21 09:00:00+00:00,815.0,815.0,765.0,770.0,57263900.0
2023-09-22 09:00:00+00:00,770.0,790.0,755.0,755.0,24295100.0
2023-09-25 09:00:00+00:00,760.0,810.0,760.0,770.0,40700800.0
2023-09-26 09:00:00+00:00,785.0,800.0,705.0,740.0,45162700.0
2023-09-27 09:00:00+00:00,740.0,775.0,730.0,760.0,28648800.0
2023-09-29 09:00:00+00:00,780.0,795.0,770.0,795.0,44894200.0
2023-10-02 09:00:00+00:00,800.0,820.0,765.0,770.0,36180800.0
2023-10-03 09:00:00+00:00,760.0,760.0,725.0,725.0,32912000.0
2023-10-04 09:00:00+00:00,725.0,745.0,680.0,685.0,59328500.0
2023-10-05 09:00:00+00:00,685.0,700.0,635.0,645.0,42855900.0
2023-10-06 09:00:00+00:00,645.0,685.0,645.0,670.0,25674000.0
2023-10-09 09:00:00+00:00,700.0,750.0,695.0,745.0,63234600.0
2023-10-10 09:00:00+00:00,745.0,755.0,725.0,755.0,23683900.0
2023-10-11 09:00:00+00:00,770.0,770.0,740.0,755.0,43608000.0
2023-10-12 09:00:00+00:00,745.0,745.0,695.0,695.0,40540900.0
2023-10-13 09:00:00+00:00,700.0,725.0,700.0,710.0,20443000.0
2023-10-16 09:00:00+00:00,715.0,740.0,715.0,725.0,23626200.0
2023-10-17 09:00:00+00:00,730.0,740.0,715.0,725.0,12992200.0
2023-10-18 09:00:00+00:00,730.0,760.0,725.0,740.0,44239000.0
2023-10-19 09:00:00+00:00,740.0,740.0,690.0,695.0,25717800.0
2023-10-20 09:00:00+00:00,695.0,705.0,675.0,695.0,9866900.0
2023-10-23 09:00:00+00:00,700.0,700.0,660.0,665.0,18040600.0
2023-10-24 09:00:00+00:00,670.0,690.0,660.0,680.0,8624400.0
2023-10-25 09:00:00+00:00,685.0,695.0,675.0,675.0,9312200.0
2023-10-26 09:00:00+00:00,685.0,685.0,645.0,650.0,12671200.0
2023-10-27 09:00:00+00:00,655.0,675.0,625.0,630.0,19905900.0
2023-10-30 09:00:00+00:00,635.0,640.0,605.0,615.0,11400500.0
2023-10-31 09:00:00+00:00,615.0,620.0,580.0,600.0,20772900.0
2023-11-01 09:00:00+00:00,600.0,610.0,550.0,560.0,17721000.0
2023-11-02 09:00:00+00:00,565.0,595.0,565.0,575.0,11644000.0
2023-11-03 09:00:00+00:00,585.0,615.0,580.0,595.0,16941300.0
2023-11-06 09:00:00+00:00,610.0,610.0,590.0,595.0,9443400.0
2023-11-07 09:00:00+00:00,595.0,600.0,565.0,575.0,16162500.0
2023-11-08 09:00:00+00:00,575.0,585.0,560.0,570.0,9729400.0
2023-11-09 09:00:00+00:00,570.0,610.0,570.0,605.0,23738900.0
2023-11-10 09:00:00+00:00,610.0,630.0,600.0,600.0,27488800.0
2023-11-13 09:00:00+00:00,605.0,615.0,600.0,615.0,6039600.0
2023-11-14 09:00:00+00:00,620.0,640.0,615.0,640.0,19179000.0
2023-11-15 09:00:00+00:00,640.0,660.0,635.0,635.0,20911200.0
2023-11-16 09:00:00+00:00,640.0,645.0,615.0,635.0,7853200.0
2023-11-17 09:00:00+00:00,630.0,630.0,560.0,595.0,21820500.0
2023-11-20 09:00:00+00:00,600.0,610.0,590.0,590.0,11447100.0
2023-11-21 09:00:00+00:00,600.0,610.0,585.0,600.0,9850700.0
2023-11-22 09:00:00+00:00,600.0,600.0,580.0,585.0,6863400.0
2023-11-23 09:00:00+00:00,585.0,605.0,570.0,570.0,15221900.0
2023-11-24 09:00:00+00:00,570.0,585.0,570.0,570.0,8547000.0
2023-11-27 09:00:00+00:00,570.0,580.0,565.0,575.0,8740900.0
2023-11-28 09:00:00+00:00,575.0,595.0,575.0,585.0,11857700.0
2023-11-29 09:00:00+00:00,595.0,600.0,575.0,585.0,16869800.0
2023-11-30 09:00:00+00:00,580.0,585.0,550.0,555.0,36680400.0
2023-12-01 09:00:00+00:00,560.0,575.0,550.0,570.0,23522500.0
2023-12-04 09:00:00+00:00,575.0,600.0,570.0,600.0,50558200.0
2023-12-05 09:00:00+00:00,600.0,630.0,585.0,595.0,56020100.0
2023-12-06 09:00:00+00:00,590.0,605.0,580.0,580.0,18307100.0
2023-12-07 09:00:00+00:00,590.0,595.0,560.0,565.0,29693600.0
2023-12-08 09:00:00+00:00,565.0,575.0,550.0,560.0,30416100.0
2023-12-11 09:00:00+00:00,565.0,575.0,515.0,530.0,31533100.0
2023-12-12 09:00:00+00:00,530.0,540.0,515.0,520.0,16635400.0
2023-12-13 09:00:00+00:00,525.0,525.0,500.0,505.0,18762500.0
2023-12-14 09:00:00+00:00,510.0,535.0,505.0,515.0,22086100.0
2023-12-15 09:00:00+00:00,525.0,535.0,510.0,510.0,19840300.0
2023-12-18 09:00:00+00:00,515.0,520.0,498.0,500.0,17633600.0
2023-12-19 09:00:00+00:00,505.0,525.0,500.0,515.0,14526000.0
2023-12-20 09:00:00+00:00,520.0,550.0,515.0,530.0,47568800.0
2023-12-21 09:00:00+00:00,535.0,540.0,515.0,515.0,13399500.0
2023-12-22 09:00:00+00:00,515.0,525.0,510.0,510.0,11959100.0
2023-12-27 09:00:00+00:00,515.0,535.0,515.0,525.0,15378000.0
2023-12-28 09:00:00+00:00,525.0,530.0,515.0,520.0,8315900.0
2023-12-29 09:00:00+00:00,525.0,540.0,525.0,530.0,16239300.0
2024-01-02 09:00:00+00:00,530.0,580.0,530.0,560.0,61182500.0
2024-01-03 09:00:00+00:00,560.0,570.0,550.0,565.0,32114000.0
2024-01-04 09:00:00+00:00,570.0,595.0,565.0,590.0,47173000.0
2024-01-05 09:00:00+00:00,590.0,590.0,565.0,570.0,27522900.0
2024-01-08 09:00:00+00:00,570.0,585.0,560.0,575.0,17253200.0
2024-01-09 09:00:00+00:00,575.0,580.0,555.0,565.0,10147800.0
2024-01-10 09:00:00+00:00,570.0,590.0,560.0,570.0,24243700.0
2024-01-11 09:00:00+00:00,575.0,575.0,560.0,565.0,6798600.0
2024-01-12 09:00:00+00:00,570.0,605.0,570.0,605.0,84263000.0
2024-01-15 09:00:00+00:00,610.0,620.0,590.0,590.0,54285400.0
2024-01-16 09:00:00+00:00,595.0,600.0,580.0,590.0,35621900.0
2024-01-17 09:00:00+00:00,585.0,590.0,565.0,580.0,42911500.0
2024-01-18 09:00:00+00:00,585.0,585.0,565.0,565.0,13013800.0
2024-01-19 09:00:00+00:00,570.0,590.0,565.0,590.0,29648800.0
2024-01-22 09:00:00+00:00,590.0,595.0,580.0,585.0,16644900.0
2024-01-23 09:00:00+00:00,590.0,595.0,560.0,570.0,23132100.0
2024-01-24 09:00:00+00:00,570.0,575.0,545.0,545.0,26300400.0
2024-01-25 09:00:00+00:00,545.0,555.0,530.0,535.0,27739900.0
2024-01-26 09:00:00+00:00,530.0,540.0,505.0,510.0,29425400.0
2024-01-29 09:00:00+00:00,510.0,530.0,510.0,515.0,21546500.0
2024-01-30 09:00:00+00:00,520.0,520.0,500.0,500.0,35123100.0
2024-01-31 09:00:00+00:00,505.0,510.0,490.0,492.0,96375000.0
2024-02-01 09:00:00+00:00,494.0,520.0,494.0,510.0,46584400.0
2024-02-02 09:00:00+00:00,515.0,520.0,500.0,505.0,16926700.0
2024-02-05 09:00:00+00:00,510.0,555.0,505.0,545.0,88045000.0
2024-02-06 09:00:00+00:00,545.0,555.0,520.0,530.0,46128900.0
2024-02-07 09:00:00+00:00,530.0,535.0,510.0,525.0,29905300.0
2024-02-12 09:00:00+00:00,515.0,535.0,505.0,520.0,30076200.0
2024-02-13 09:00:00+00:00,525.0,530.0,515.0,525.0,13343700.0
2024-02-15 09:00:00+00:00,550.0,565.0,525.0,560.0,69918100.0
2024-02-16 09:00:00+00:00,560.0,565.0,535.0,545.0,25915800.0
2024-02-19 09:00:00+00:00,550.0,550.0,515.0,515.0,24617500.0
2024-02-20 09:00:00+00:00,520.0,530.0,515.0,515.0,23413300.0
2024-02-21 09:00:00+00:00,515.0,520.0,510.0,520.0,16990200.0
2024-02-22 09:00:00+00:00,520.0,535.0,515.0,520.0,19809800.0
2024-02-23 09:00:00+00:00,525.0,540.0,525.0,530.0,20471200.0
2024-02-26 09:00:00+00:00,530.0,540.0,505.0,510.0,41976500.0
2024-02-27 09:00:00+00:00,515.0,520.0,505.0,510.0,15692000.0
2024-02-28 09:00:00+00:00,515.0,520.0,500.0,510.0,28643000.0
2024-02-29 09:00:00+00:00,500.0,525.0,500.0,515.0,44303600.0
2024-03-01 09:00:00+00:00,520.0,525.0,510.0,510.0,13121300.0
2024-03-04 09:00:00+00:00,515.0,520.0,510.0,515.0,20025600.0
2024-03-05 09:00:00+00:00,520.0,535.0,520.0,530.0,31503500.0
2024-03-06 09:00:00+00:00,535.0,570.0,535.0,550.0,86599800.0
2024-03-07 09:00:00+00:00,550.0,570.0,545.0,545.0,44195900.0
2024-03-08 09:00:00+00:00,545.0,555.0,540.0,540.0,17544800.0
2024-03-13 09:00:00+00:00,540.0,590.0,540.0,580.0,79260000.0
2024-03-14 09:00:00+00:00,585.0,590.0,565.0,565.0,28492100.0
2024-03-15 09:00:00+00:00,570.0,585.0,560.0,560.0,51616800.0
2024-03-18 09:00:00+00:00,565.0,575.0,550.0,570.0,24971800.0
2024-03-19 09:00:00+00:00,575.0,620.0,565.0,600.0,133154400.0
2024-03-20 09:00:00+00:00,600.0,610.0,585.0,605.0,35459300.0
2024-03-21 09:00:00+00:00,610.0,640.0,600.0,635.0,85693600.0
2024-03-22 09:00:00+00:00,640.0,660.0,620.0,655.0,80508300.0
2024-03-25 09:00:00+00:00,670.0,670.0,645.0,650.0,30321700.0
2024-03-26 09:00:00+00:00,675.0,675.0,635.0,645.0,40703700.0
2024-03-27 09:00:00+00:00,650.0,685.0,650.0,670.0,52611000.0
2024-03-28 09:00:00+00:00,670.0,680.0,655.0,675.0,40595400.0
2024-04-01 09:00:00+00:00,675.0,675.0,640.0,660.0,37670600.0
2024-04-02 09:00:00+00:00,660.0,725.0,655.0,720.0,109292900.0
2024-04-03 09:00:00+00:00,720.0,730.0,715.0,720.0,27835600.0
2024-04-04 09:00:00+00:00,725.0,740.0,710.0,730.0,34008600.0
2024-04-05 09:00:00+00:00,730.0,745.0,695.0,720.0,42782900.0
2024-04-16 09:00:00+00:00,710.0,760.0,705.0,750.0,42505600.0
2024-04-17 09:00:00+00:00,760.0,760.0,715.0,725.0,25633700.0
2024-04-18 09:00:00+00:00,725.0,760.0,710.0,750.0,29648900.0
2024-04-19 09:00:00+00:00,750.0,755.0,730.0,750.0,37957500.0
2024-04-22 09:00:00+00:00,750.0,760.0,740.0,745.0,17041900.0
2024-04-23 09:00:00+00:00,755.0,760.0,720.0,730.0,29963600.0
2024-04-24 09:00:00+00:00,735.0,755.0,715.0,750.0,49333800.0
2024-04-25 09:00:00+00:00,755.0,795.0,745.0,775.0,60365400.0
2024-04-26 09:00:00+00:00,775.0,790.0,745.0,775.0,37018300.0
2024-04-29 09:00:00+00:00,775.0,790.0,755.0,785.0,28784800.0
2024-04-30 09:00:00+00:00,785.0,790.0,770.0,780.0,25690800.0
2024-05-02 09:00:00+00:00,780.0,780.0,740.0,745.0,23701600.0
2024-05-03 09:00:00+00:00,750.0,785.0,750.0,780.0,33175400.0
2024-05-06 09:00:00+00:00,785.0,790.0,765.0,785.0,18985500.0
2024-05-07 09:00:00+00:00,785.0,845.0,785.0,830.0,66280400.0
2024-05-08 09:00:00+00:00,830.0,830.0,800.0,820.0,44467400.0
2024-05-13 09:00:00+00:00,820.0,830.0,790.0,800.0,46315800.0
2024-05-14 09:00:00+00:00,805.0,815.0,765.0,785.0,29233500.0
2024-05-15 09:00:00+00:00,785.0,805.0,770.0,785.0,28401600.0
2024-05-16 09:00:00+00:00,785.0,825.0,780.0,810.0,37071800.0
2024-05-17 09:00:00+00:00,815.0,830.0,805.0,815.0,37172400.0
2024-05-20 09:00:00+00:00,820.0,860.0,820.0,835.0,66261600.0
2024-05-21 09:00:00+00:00,840.0,845.0,805.0,835.0,34224300.0
2024-05-22 09:00:00+00:00,840.0,845.0,815.0,815.0,22130400.0
2024-05-27 09:00:00+00:00,810.0,815.0,765.0,775.0,43159600.0
2024-05-28 09:00:00+00:00,775.0,815.0,775.0,805.0,21047000.0
2024-05-29 09:00:00+00:00,815.0,815.0,800.0,805.0,21655900.0
2024-05-30 09:00:00+00:00,810.0,820.0,780.0,815.0,45839200.0
2024-05-31 09:00:00+00:00,820.0,825.0,770.0,770.0,56953400.0
2024-06-03 09:00:00+00:00,780.0,800.0,765.0,790.0,15405900.0
2024-06-04 09:00:00+00:00,795.0,820.0,780.0,800.0,20867000.0
2024-06-05 09:00:00+00:00,795.0,800.0,705.0,715.0,44361600.0
2024-06-06 09:00:00+00:00,725.0,750.0,675.0,720.0,77767300.0
2024-06-07 09:00:00+00:00,725.0,730.0,705.0,715.0,19892300.0
2024-06-10 09:00:00+00:00,715.0,735.0,705.0,725.0,11875500.0
2024-06-11 09:00:00+00:00,730.0,875.0,730.0,805.0,138474100.0
2024-06-12 09:00:00+00:00,815.0,840.0,785.0,805.0,73958400.0
2024-06-13 09:00:00+00:00,815.0,825.0,785.0,795.0,22315000.0
2024-06-14 09:00:00+00:00,800.0,845.0,760.0,775.0,49848800.0
2024-06-19 09:00:00+00:00,780.0,785.0,750.0,780.0,17019400.0
2024-06-20 09:00:00+00:00,780.0,805.0,755.0,765.0,24427500.0
2024-06-21 09:00:00+00:00,770.0,785.0,765.0,765.0,15080200.0
2024-06-24 09:00:00+00:00,770.0,780.0,740.0,750.0,15710700.0
2024-06-25 09:00:00+00:00,755.0,760.0,740.0,750.0,6991800.0
2024-06-26 09:00:00+00:00,755.0,770.0,745.0,755.0,14939000.0
2024-06-27 09:00:00+00:00,765.0,775.0,750.0,755.0,13763200.0
2024-06-28 09:00:00+00:00,760.0,780.0,760.0,770.0,19513500.0
2024-07-01 09:00:00+00:00,770.0,805.0,770.0,790.0,30271700.0
2024-07-02 09:00:00+00:00,795.0,820.0,780.0,800.0,57024500.0
2024-07-03 09:00:00+00:00,805.0,815.0,790.0,800.0,19601800.0
2024-07-04 09:00:00+00:00,805.0,810.0,785.0,790.0,25328300.0
2024-07-05 09:00:00+00:00,790.0,795.0,780.0,790.0,8910300.0
2024-07-08 09:00:00+00:00,795.0,830.0,795.0,820.0,65607500.0
2024-07-09 09:00:00+00:00,820.0,845.0,810.0,840.0,35246500.0
2024-07-10 09:00:00+00:00,840.0,920.0,840.0,865.0,121419500.0
2024-07-11 09:00:00+00:00,865.0,875.0,815.0,830.0,44285100.0
2024-07-12 09:00:00+00:00,835.0,875.0,825.0,840.0,44561400.0
2024-07-15 09:00:00+00:00,850.0,870.0,820.0,825.0,37970900.0
2024-07-16 09:00:00+00:00,825.0,870.0,825.0,870.0,40669500.0
2024-07-17 09:00:00+00:00,880.0,885.0,850.0,860.0,41142500.0
2024-07-18 09:00:00+00:00,865.0,870.0,845.0,850.0,18647900.0
2024-07-19 09:00:00+00:00,855.0,865.0,845.0,850.0,9307600.0
2024-07-22 09:00:00+00:00,855.0,860.0,835.0,835.0,11125000.0
2024-07-23 09:00:00+00:00,840.0,850.0,825.0,830.0,16678900.0
2024-07-24 09:00:00+00:00,830.0,840.0,805.0,810.0,20989800.0
2024-07-25 09:00:00+00:00,810.0,815.0,785.0,790.0,21377300.0
2024-07-26 09:00:00+00:00,800.0,835.0,800.0,820.0,20041000.0
2024-07-29 09:00:00+00:00,825.0,840.0,815.0,830.0,14841000.0
2024-07-30 09:00:00+00:00,830.0,850.0,805.0,845.0,26430900.0
2024-07-31 09:00:00+00:00,845.0,850.0,825.0,840.0,14739900.0
2024-08-01 09:00:00+00:00,845.0,850.0,830.0,840.0,10437000.0
2024-08-02 09:00:00+00:00,830.0,835.0,800.0,800.0,23264100.0
2024-08-05 09:00:00+00:00,795.0,795.0,720.0,755.0,56383800.0
2024-08-06 09:00:00+00:00,765.0,780.0,755.0,770.0,34226300.0
2024-08-07 09:00:00+00:00,775.0,800.0,770.0,800.0,18597300.0
2024-08-08 09:00:00+00:00,800.0,800.0,780.0,785.0,13017700.0
2024-08-09 09:00:00+00:00,790.0,810.0,785.0,790.0,7442500.0
2024-08-12 09:00:00+00:00,795.0,820.0,795.0,810.0,19364500.0
2024-08-13 09:00:00+00:00,825.0,825.0,810.0,825.0,10997900.0
2024-08-14 09:00:00+00:00,830.0,840.0,815.0,820.0,20867900.0
2024-08-15 09:00:00+00:00,825.0,825.0,800.0,805.0,9140700.0
2024-08-16 09:00:00+00:00,810.0,825.0,800.0,800.0,12418200.0
2024-08-19 09:00:00+00:00,800.0,805.0,795.0,805.0,7159200.0
2024-08-20 09:00:00+00:00,805.0,810.0,785.0,800.0,21351300.0
2024-08-21 09:00:00+00:00,800.0,805.0,780.0,795.0,18915800.0
2024-08-22 09:00:00+00:00,795.0,795.0,775.0,775.0,13550000.0
2024-08-23 09:00:00+00:00,780.0,790.0,760.0,765.0,25058600.0
2024-08-26 09:00:00+00:00,770.0,805.0,770.0,805.0,56182800.0
2024-08-27 09:00:00+00:00,810.0,820.0,780.0,805.0,40906100.0
2024-08-28 09:00:00+00:00,810.0,815.0,795.0,810.0,11836100.0
2024-08-29 09:00:00+00:00,810.0,900.0,795.0,865.0,149095000.0
2024-08-30 09:00:00+00:00,875.0,910.0,865.0,890.0,82949300.0
2024-09-02 09:00:00+00:00,895.0,920.0,875.0,885.0,31998300.0
2024-09-03 09:00:00+00:00,880.0,885.0,855.0,865.0,14291200.0
2024-09-04 09:00:00+00:00,855.0,870.0,835.0,845.0,13833600.0
2024-09-05 09:00:00+00:00,855.0,875.0,845.0,845.0,11247100.0
2024-09-06 09:00:00+00:00,855.0,875.0,850.0,865.0,19132700.0
2024-09-09 09:00:00+00:00,870.0,880.0,825.0,825.0,31171800.0
2024-09-10 09:00:00+00:00,830.0,835.0,810.0,815.0,18309300.0
2024-09-11 09:00:00+00:00,815.0,840.0,805.0,835.0,14109400.0
2024-09-12 09:00:00+00:00,835.0,840.0,820.0,820.0,9134200.0
2024-09-13 09:00:00+00:00,820.0,860.0,820.0,820.0,31329300.0
2024-09-17 09:00:00+00:00,830.0,830.0,820.0,820.0,5405100.0
2024-09-18 09:00:00+00:00,820.0,825.0,810.0,810.0,8636600.0
2024-09-19 09:00:00+00:00,815.0,820.0,800.0,800.0,16791700.0
2024-09-20 09:00:00+00:00,805.0,815.0,785.0,800.0,12259300.0
2024-09-23 09:00:00+00:00,800.0,825.0,800.0,820.0,20801600.0
2024-09-24 09:00:00+00:00,825.0,830.0,815.0,825.0,12071400.0
2024-09-25 09:00:00+00:00,830.0,865.0,830.0,865.0,55412400.0
2024-09-26 09:00:00+00:00,865.0,900.0,855.0,890.0,52950200.0
2024-09-27 09:00:00+00:00,885.0,895.0,855.0,865.0,32337700.0
2024-09-30 09:00:00+00:00,865.0,890.0,850.0,885.0,24100000.0
2024-10-01 09:00:00+00:00,885.0,980.0,875.0,965.0,146964300.0
2024-10-02 09:00:00+00:00,975.0,975.0,940.0,965.0,42272700.0
2024-10-03 09:00:00+00:00,970.0,980.0,935.0,960.0,32926100.0
2024-10-04 09:00:00+00:00,960.0,965.0,920.0,925.0,14907400.0
2024-10-07 09:00:00+00:00,935.0,950.0,905.0,935.0,25138100.0
2024-10-08 09:00:00+00:00,940.0,950.0,910.0,935.0,20089400.0
2024-10-09 09:00:00+00:00,935.0,970.0,920.0,945.0,83595000.0
2024-10-10 09:00:00+00:00,950.0,955.0,935.0,945.0,20268100.0
2024-10-11 09:00:00+00:00,960.0,960.0,930.0,940.0,13207800.0
2024-10-14 09:00:00+00:00,945.0,955.0,935.0,935.0,14308700.0
2024-10-15 09:00:00+00:00,935.0,960.0,935.0,955.0,30065500.0
2024-10-16 09:00:00+00:00,955.0,960.0,930.0,930.0,35947700.0
2024-10-17 09:00:00+00:00,940.0,980.0,930.0,950.0,58058800.0
2024-10-18 09:00:00+00:00,950.0,950.0,930.0,935.0,16018600.0
2024-10-21 09:00:00+00:00,945.0,970.0,940.0,955.0,25995600.0
2024-10-22 09:00:00+00:00,970.0,1010.0,960.0,980.0,112517900.0
2024-10-23 09:00:00+00:00,985.0,995.0,945.0,950.0,40686000.0
2024-10-24 09:00:00+00:00,950.0,985.0,950.0,975.0,26425900.0
2024-10-25 09:00:00+00:00,975.0,975.0,935.0,945.0,22887100.0
2024-10-28 09:00:00+00:00,950.0,965.0,945.0,950.0,28154300.0
2024-10-29 09:00:00+00:00,960.0,960.0,920.0,940.0,21352000.0
2024-10-30 09:00:00+00:00,945.0,965.0,930.0,965.0,20869300.0
2024-10-31 09:00:00+00:00,965.0,985.0,965.0,985.0,27801100.0
2024-11-01 09:00:00+00:00,990.0,990.0,945.0,965.0,21372100.0
2024-11-04 09:00:00+00:00,955.0,965.0,940.0,950.0,17580100.0
2024-11-05 09:00:00+00:00,950.0,970.0,925.0,930.0,29728500.0
2024-11-06 09:00:00+00:00,935.0,945.0,925.0,935.0,13340400.0
2024-11-07 09:00:00+00:00,935.0,940.0,860.0,880.0,37162100.0
2024-11-08 09:00:00+00:00,880.0,885.0,835.0,840.0,24720900.0
2024-11-11 09:00:00+00:00,840.0,845.0,805.0,815.0,21440800.0
2024-11-12 09:00:00+00:00,825.0,880.0,815.0,870.0,26047600.0
2024-11-13 09:00:00+00:00,885.0,885.0,825.0,825.0,24658500.0
2024-11-14 09:00:00+00:00,820.0,840.0,810.0,830.0,12209300.0
2024-11-15 09:00:00+00:00,835.0,850.0,825.0,840.0,22783800.0
2024-11-18 09:00:00+00:00,845.0,845.0,825.0,840.0,11464900.0
2024-11-19 09:00:00+00:00,840.0,875.0,840.0,855.0,16479500.0
2024-11-20 09:00:00+00:00,860.0,865.0,825.0,835.0,12400500.0
2024-11-21 09:00:00+00:00,845.0,855.0,840.0,840.0,6586600.0
2024-11-22 09:00:00+00:00,845.0,850.0,835.0,835.0,5470700.0
2024-11-25 09:00:00+00:00,835.0,850.0,820.0,820.0,46632100.0
2024-11-26 09:00:00+00:00,830.0,855.0,825.0,835.0,11302300.0
2024-11-28 09:00:00+00:00,850.0,855.0,800.0,810.0,13738000.0
2024-11-29 09:00:00+00:00,815.0,820.0,775.0,820.0,39934100.0
2024-12-02 09:00:00+00:00,820.0,840.0,795.0,830.0,22740300.0
2024-12-03 09:00:00+00:00,830.0,845.0,820.0,840.0,19140100.0
2024-12-04 09:00:00+00:00,845.0,850.0,825.0,825.0,13395700.0
2024-12-05 09:00:00+00:00,825.0,830.0,800.0,810.0,12164800.0
2024-12-06 09:00:00+00:00,815.0,815.0,800.0,815.0,6547300.0
2024-12-09 09:00:00+00:00,815.0,820.0,810.0,815.0,10223700.0
2024-12-10 09:00:00+00:00,815.0,825.0,795.0,815.0,43072200.0
2024-12-11 09:00:00+00:00,820.0,840.0,805.0,810.0,45147400.0
2024-12-12 09:00:00+00:00,825.0,830.0,795.0,810.0,20852500.0
2024-12-13 09:00:00+00:00,815.0,820.0,800.0,805.0,8685900.0
2024-12-16 09:00:00+00:00,805.0,810.0,780.0,800.0,22039100.0
2024-12-17 09:00:00+00:00,800.0,800.0,780.0,790.0,12028600.0
2024-12-18 09:00:00+00:00,790.0,795.0,765.0,770.0,16505400.0
2024-12-19 09:00:00+00:00,770.0,770.0,745.0,755.0,9860100.0
2024-12-20 09:00:00+00:00,750.0,815.0,740.0,815.0,22926000.0
2024-12-23 09:00:00+00:00,815.0,850.0,810.0,840.0,32544300.0
2024-12-24 09:00:00+00:00,850.0,850.0,805.0,805.0,7855400.0
2024-12-27 09:00:00+00:00,805.0,825.0,805.0,820.0,5458600.0
2024-12-30 09:00:00+00:00,825.0,835.0,800.0,810.0,21786500.0
2025-01-02 09:00:00+00:00,815.0,840.0,805.0,825.0,14502100.0
2025-01-03 09:00:00+00:00,830.0,840.0,815.0,840.0,11928900.0
2025-01-06 09:00:00+00:00,840.0,845.0,805.0,805.0,8987000.0
2025-01-07 09:00:00+00:00,815.0,820.0,800.0,815.0,4535400.0
2025-01-08 09:00:00+00:00,810.0,815.0,795.0,795.0,9571200.0
2025-01-09 09:00:00+00:00,795.0,820.0,785.0,810.0,11874800.0
2025-01-10 09:00:00+00:00,810.0,815.0,795.0,810.0,6229700.0
2025-01-13 09:00:00+00:00,815.0,850.0,810.0,825.0,21374000.0
2025-01-14 09:00:00+00:00,830.0,870.0,820.0,865.0,38167200.0
2025-01-15 09:00:00+00:00,870.0,880.0,855.0,865.0,27447600.0
2025-01-16 09:00:00+00:00,865.0,870.0,840.0,845.0,12535700.0
2025-01-17 09:00:00+00:00,845.0,860.0,825.0,855.0,15009600.0
2025-01-20 09:00:00+00:00,855.0,865.0,835.0,845.0,7821400.0
2025-01-21 09:00:00+00:00,850.0,855.0,835.0,845.0,8804100.0
2025-01-22 09:00:00+00:00,850.0,905.0,840.0,870.0,66138600.0
2025-01-23 09:00:00+00:00,880.0,895.0,850.0,850.0,36483300.0
2025-01-24 09:00:00+00:00,855.0,865.0,835.0,850.0,13353700.0
2025-01-30 09:00:00+00:00,855.0,865.0,820.0,850.0,19311300.0
2025-01-31 09:00:00+00:00,850.0,860.0,825.0,850.0,15210900.0
2025-02-03 09:00:00+00:00,840.0,850.0,795.0,825.0,39015300.0
2025-02-04 09:00:00+00:00,830.0,835.0,820.0,825.0,9797100.0
2025-02-05 09:00:00+00:00,825.0,830.0,810.0,810.0,8463400.0
2025-02-06 09:00:00+00:00,830.0,830.0,800.0,805.0,6442000.0
2025-02-07 09:00:00+00:00,805.0,840.0,790.0,840.0,17050700.0
2025-02-10 09:00:00+00:00,845.0,845.0,810.0,810.0,9859100.0
2025-02-11 09:00:00+00:00,810.0,825.0,805.0,820.0,5970500.0
2025-02-12 09:00:00+00:00,820.0,820.0,800.0,820.0,7415000.0
2025-02-13 09:00:00+00:00,815.0,820.0,800.0,805.0,4851600.0
2025-02-14 09:00:00+00:00,810.0,830.0,805.0,805.0,13531400.0
2025-02-17 09:00:00+00:00,815.0,820.0,800.0,805.0,13751700.0
2025-02-18 09:00:00+00:00,810.0,810.0,795.0,805.0,11884600.0
2025-02-19 09:00:00+00:00,805.0,815.0,795.0,810.0,17498800.0
2025-02-20 09:00:00+00:00,815.0,815.0,795.0,800.0,7695200.0
2025-02-21 09:00:00+00:00,800.0,805.0,780.0,780.0,12585500.0
2025-02-24 09:00:00+00:00,780.0,780.0,750.0,750.0,17112500.0
2025-02-25 09:00:00+00:00,760.0,760.0,695.0,750.0,21786400.0
2025-02-26 09:00:00+00:00,750.0,760.0,740.0,740.0,5390400.0
2025-02-27 09:00:00+00:00,740.0,750.0,705.0,730.0,10731800.0
2025-02-28 09:00:00+00:00,730.0,730.0,670.0,730.0,49300900.0
2025-03-03 09:00:00+00:00,730.0,745.0,700.0,710.0,20712200.0
2025-03-04 09:00:00+00:00,710.0,715.0,645.0,645.0,20763100.0
2025-03-05 09:00:00+00:00,645.0,675.0,625.0,640.0,25890300.0
2025-03-06 09:00:00+00:00,655.0,675.0,645.0,655.0,14422900.0
2025-03-07 09:00:00+00:00,655.0,675.0,650.0,670.0,9374600.0
2025-03-10 09:00:00+00:00,680.0,680.0,640.0,650.0,13368500.0
2025-03-11 09:00:00+00:00,635.0,640.0,600.0,600.0,22821800.0
2025-03-12 09:00:00+00:00,605.0,615.0,595.0,600.0,7209900.0
2025-03-13 09:00:00+00:00,600.0,610.0,585.0,595.0,12191600.0
2025-03-14 09:00:00+00:00,595.0,600.0,575.0,585.0,12556800.0
2025-03-17 09:00:00+00:00,585.0,595.0,565.0,565.0,8629400.0
2025-03-18 09:00:00+00:00,570.0,600.0,530.0,555.0,21127500.0
2025-03-19 09:00:00+00:00,555.0,575.0,550.0,560.0,10503300.0
2025-03-20 09:00:00+00:00,570.0,600.0,565.0,580.0,14203600.0
2025-03-21 09:00:00+00:00,590.0,590.0,545.0,565.0,30396400.0
2025-03-24 09:00:00+00:00,555.0,570.0,530.0,560.0,23067800.0
2025-03-25 09:00:00+00:00,570.0,575.0,550.0,555.0,3824600.0
2025-03-26 09:00:00+00:00,560.0,585.0,560.0,570.0,6625900.0
2025-03-27 09:00:00+00:00,570.0,600.0,555.0,600.0,18923900.0
2025-04-08 09:00:00+00:00,510.0,565.0,510.0,540.0,22943800.0
2025-04-09 09:00:00+00:00,535.0,580.0,530.0,580.0,15474500.0
2025-04-10 09:00:00+00:00,600.0,640.0,595.0,625.0,21890400.0
2025-04-11 09:00:00+00:00,610.0,625.0,600.0,615.0,3846600.0
2025-04-14 09:00:00+00:00,630.0,635.0,620.0,625.0,6076600.0
2025-04-15 09:00:00+00:00,635.0,680.0,620.0,635.0,24283700.0
2025-04-16 09:00:00+00:00,635.0,655.0,610.0,610.0,7323200.0
2025-04-17 09:00:00+00:00,615.0,630.0,610.0,615.0,4977800.0
2025-04-21 09:00:00+00:00,615.0,615.0,585.0,590.0,6376600.0
2025-04-22 09:00:00+00:00,595.0,645.0,595.0,620.0,14266800.0
2025-04-23 09:00:00+00:00,630.0,635.0,615.0,630.0,12326800.0
2025-04-24 09:00:00+00:00,635.0,645.0,615.0,625.0,5963700.0
2025-04-25 09:00:00+00:00,635.0,640.0,620.0,635.0,6417900.0
2025-04-28 09:00:00+00:00,630.0,635.0,620.0,625.0,4553200.0
2025-04-29 09:00:00+00:00,630.0,640.0,615.0,620.0,7755200.0
2025-04-30 09:00:00+00:00,620.0,620.0,605.0,605.0,8674300.0
2025-05-02 09:00:00+00:00,605.0,615.0,590.0,590.0,13999900.0
2025-05-05 09:00:00+00:00,595.0,620.0,595.0,615.0,11693700.0
2025-05-06 09:00:00+00:00,620.0,645.0,610.0,645.0,18004200.0
2025-05-07 09:00:00+00:00,650.0,650.0,630.0,630.0,10976300.0
2025-05-08 09:00:00+00:00,635.0,645.0,610.0,610.0,10210300.0
2025-05-09 09:00:00+00:00,610.0,625.0,540.0,560.0,46247800.0
2025-05-14 09:00:00+00:00,570.0,595.0,565.0,585.0,21853200.0
2025-05-15 09:00:00+00:00,585.0,590.0,570.0,575.0,24093800.0
2025-05-16 09:00:00+00:00,575.0,595.0,565.0,575.0,32735600.0
2025-05-19 09:00:00+00:00,580.0,615.0,570.0,610.0,141644600.0
2025-05-20 09:00:00+00:00,635.0,665.0,610.0,630.0,181472800.0
2025-05-21 09:00:00+00:00,630.0,640.0,615.0,635.0,83394900.0
2025-05-22 09:00:00+00:00,630.0,645.0,615.0,625.0,105209800.0
2025-05-23 09:00:00+00:00,635.0,640.0,620.0,620.0,64934200.0
2025-05-26 09:00:00+00:00,620.0,620.0,600.0,605.0,46410900.0
2025-05-27 09:00:00+00:00,605.0,615.0,595.0,600.0,31104600.0
2025-05-28 09:00:00+00:00,605.0,610.0,590.0,590.0,41381100.0
2025-06-02 09:00:00+00:00,585.0,585.0,565.0,580.0,51145600.0
2025-06-03 09:00:00+00:00,585.0,585.0,560.0,565.0,30290900.0
2025-06-04 09:00:00+00:00,570.0,605.0,565.0,600.0,70129300.0
2025-06-05 09:00:00+00:00,605.0,605.0,585.0,595.0,23666100.0
2025-06-10 09:00:00+00:00,595.0,600.0,580.0,585.0,22472000.0
2025-06-11 09:00:00+00:00,585.0,595.0,580.0,590.0,21318500.0
2025-06-12 09:00:00+00:00,600.0,605.0,585.0,590.0,26034400.0
2025-06-13 09:00:00+00:00,595.0,645.0,585.0,635.0,129711100.0
2025-06-16 09:00:00+00:00,645.0,660.0,615.0,615.0,101371300.0
2025-06-17 09:00:00+00:00,620.0,630.0,600.0,610.0,42855100.0
2025-06-18 09:00:00+00:00,615.0,705.0,610.0,705.0,276015600.0
2025-06-19 09:00:00+00:00,710.0,715.0,650.0,690.0,243633000.0
2025-06-20 09:00:00+00:00,690.0,725.0,665.0,665.0,182654300.0
2025-06-23 09:00:00+00:00,680.0,710.0,670.0,680.0,112484300.0
2025-06-24 09:00:00+00:00,665.0,665.0,615.0,615.0,99364300.0
2025-06-25 09:00:00+00:00,620.0,635.0,580.0,580.0,109204700.0
2025-06-26 09:00:00+00:00,585.0,590.0,560.0,570.0,75114900.0
2025-06-30 09:00:00+00:00,570.0,585.0,570.0,580.0,30935300.0
2025-07-01 09:00:00+00:00,580.0,595.0,575.0,585.0,31492600.0
2025-07-02 09:00:00+00:00,590.0,595.0,565.0,570.0,42434400.0
2025-07-03 09:00:00+00:00,570.0,595.0,570.0,590.0,33157600.0
2025-07-04 09:00:00+00:00,590.0,595.0,570.0,575.0,15814600.0
2025-07-07 09:00:00+00:00,575.0,580.0,560.0,570.0,19023500.0
2025-07-08 09:00:00+00:00,570.0,585.0,570.0,580.0,17389000.0
2025-07-09 09:00:00+00:00,580.0,590.0,575.0,585.0,21234000.0
2025-07-10 09:00:00+00:00,585.0,600.0,585.0,595.0,23478400.0
2025-07-11 09:00:00+00:00,595.0,605.0,590.0,600.0,19139900.0
2025-07-14 09:00:00+00:00,600.0,605.0,575.0,580.0,30875900.0
2025-07-15 09:00:00+00:00,585.0,590.0,575.0,585.0,16031500.0
2025-07-16 09:00:00+00:00,590.0,595.0,575.0,585.0,20921900.0
2025-07-17 09:00:00+00:00,585.0,590.0,575.0,585.0,19525800.0
2025-07-18 09:00:00+00:00,585.0,590.0,580.0,585.0,25260400.0
2025-07-21 09:00:00+00:00,590.0,590.0,570.0,575.0,38164000.0
2025-07-22 09:00:00+00:00,575.0,585.0,565.0,575.0,43863600.0
2025-07-23 09:00:00+00:00,580.0,585.0,565.0,570.0,33147700.0
2025-07-24 09:00:00+00:00,575.0,640.0,575.0,620.0,260484400.0
2025-07-25 09:00:00+00:00,625.0,660.0,625.0,635.0,180849600.0
2025-07-28 09:00:00+00:00,610.0,640.0,605.0,620.0,106341600.0
2025-07-29 09:00:00+00:00,620.0,630.0,610.0,625.0,33667700.0
2025-07-30 09:00:00+00:00,630.0,655.0,625.0,635.0,97197100.0
2025-07-31 09:00:00+00:00,635.0,640.0,615.0,630.0,42335200.0
2025-08-01 09:00:00+00:00,635.0,640.0,620.0,635.0,39847800.0
2025-08-04 09:00:00+00:00,635.0,660.0,620.0,640.0,106297200.0
2025-08-05 09:00:00+00:00,640.0,660.0,620.0,640.0,84743500.0
2025-08-06 09:00:00+00:00,650.0,650.0,625.0,630.0,28874600.0
2025-08-07 09:00:00+00:00,630.0,635.0,600.0,620.0,59712500.0
2025-08-08 09:00:00+00:00,620.0,620.0,600.0,600.0,25854600.0
2025-08-11 09:00:00+00:00,600.0,605.0,590.0,595.0,18614700.0
2025-08-12 09:00:00+00:00,595.0,605.0,590.0,590.0,21189500.0
2025-08-13 09:00:00+00:00,595.0,610.0,580.0,585.0,38535500.0
2025-08-14 09:00:00+00:00,590.0,595.0,580.0,585.0,17156400.0
2025-08-15 09:00:00+00:00,590.0,595.0,570.0,575.0,27211300.0
2025-08-19 09:00:00+00:00,575.0,585.0,575.0,585.0,24609000.0
2025-08-20 09:00:00+00:00,585.0,590.0,580.0,590.0,20721500.0
2025-08-21 09:00:00+00:00,595.0,595.0,580.0,585.0,22810200.0
2025-08-22 09:00:00+00:00,585.0,590.0,580.0,585.0,13223700.0
2025-08-25 09:00:00+00:00,585.0,590.0,575.0,575.0,33015600.0
2025-08-26 09:00:00+00:00,580.0,585.0,570.0,575.0,26093400.0
2025-08-27 09:00:00+00:00,575.0,600.0,575.0,590.0,31395200.0
2025-08-28 09:00:00+00:00,590.0,595.0,575.0,580.0,23220200.0
2025-08-29 09:00:00+00:00,575.0,580.0,550.0,565.0,56838400.0
2025-09-01 09:00:00+00:00,545.0,565.0,525.0,560.0,23558500.0
2025-09-02 09:00:00+00:00,560.0,580.0,560.0,575.0,21653500.0
2025-09-03 09:00:00+00:00,575.0,600.0,575.0,590.0,35664700.0
2025-09-04 09:00:00+00:00,595.0,625.0,585.0,605.0,106629600.0
2025-09-08 09:00:00+00:00,610.0,650.0,605.0,605.0,163516300.0
2025-09-09 09:00:00+00:00,605.0,630.0,595.0,625.0,71167300.0
2025-09-10 09:00:00+00:00,625.0,630.0,605.0,610.0,22396700.0
2025-09-11 09:00:00+00:00,640.0,685.0,625.0,685.0,271358900.0
2025-09-12 09:00:00+00:00,685.0,690.0,655.0,680.0,106700300.0
2025-09-15 09:00:00+00:00,690.0,690.0,655.0,660.0,66123500.0
2025-09-16 09:00:00+00:00,660.0,680.0,645.0,655.0,66526600.0
2025-09-17 09:00:00+00:00,660.0,685.0,650.0,660.0,56621500.0
2025-09-18 09:00:00+00:00,665.0,670.0,635.0,635.0,41644900.0
2025-09-19 09:00:00+00:00,635.0,645.0,620.0,635.0,62637100.0
2025-09-22 09:00:00+00:00,640.0,650.0,625.0,630.0,35618000.0
2025-09-23 09:00:00+00:00,630.0,640.0,620.0,635.0,38735300.0
2025-09-24 09:00:00+00:00,640.0,640.0,615.0,620.0,34831400.0
2025-09-25 09:00:00+00:00,625.0,685.0,620.0,670.0,131150800.0
2025-09-26 09:00:00+00:00,670.0,675.0,645.0,650.0,38240800.0
2025-09-29 09:00:00+00:00,660.0,710.0,655.0,705.0,124514700.0
2025-09-30 09:00:00+00:00,705.0,765.0,690.0,700.0,251594600.0
2025-10-01 09:00:00+00:00,700.0,765.0,670.0,745.0,182298500.0
2025-10-02 09:00:00+00:00,745.0,750.0,715.0,720.0,63340800.0
2025-10-03 09:00:00+00:00,725.0,740.0,705.0,715.0,49188000.0
2025-10-06 09:00:00+00:00,715.0,730.0,700.0,720.0,50900300.0
2025-10-07 09:00:00+00:00,720.0,725.0,690.0,695.0,58486500.0
2025-10-08 09:00:00+00:00,695.0,720.0,670.0,720.0,80170800.0
2025-10-09 09:00:00+00:00,745.0,745.0,695.0,700.0,70247200.0
2025-10-10 09:00:00+00:00,705.0,715.0,685.0,690.0,34097500.0
2025-10-13 09:00:00+00:00,680.0,685.0,650.0,660.0,91735100.0
2025-10-14 09:00:00+00:00,665.0,675.0,620.0,625.0,104043500.0
2025-10-15 09:00:00+00:00,625.0,630.0,600.0,605.0,55825900.0
2025-10-16 09:00:00+00:00,600.0,620.0,600.0,605.0,25275000.0
2025-10-17 09:00:00+00:00,605.0,610.0,585.0,590.0,40294600.0
2025-10-20 09:00:00+00:00,595.0,605.0,590.0,600.0,33899000.0
2025-10-21 09:00:00+00:00,605.0,625.0,600.0,615.0,44523600.0
2025-10-22 09:00:00+00:00,625.0,630.0,605.0,605.0,24015600.0
2025-10-23 09:00:00+00:00,600.0,620.0,595.0,605.0,25992900.0
2025-10-24 09:00:00+00:00,605.0,620.0,605.0,610.0,18532000.0
2025-10-27 09:00:00+00:00,610.0,615.0,580.0,590.0,50112700.0
2025-10-28 09:00:00+00:00,590.0,605.0,585.0,590.0,25430200.0
2025-10-29 09:00:00+00:00,595.0,615.0,590.0,610.0,34479200.0
2025-10-30 09:00:00+00:00,610.0,635.0,605.0,630.0,53914400.0
2025-10-31 09:00:00+00:00,630.0,635.0,610.0,615.0,20869300.0
2025-11-03 09:00:00+00:00,615.0,635.0,615.0,630.0,25860100.0
2025-11-04 09:00:00+00:00,635.0,640.0,615.0,615.0,23638000.0
2025-11-05 09:00:00+00:00,620.0,630.0,605.0,615.0,14435600.0
2025-11-06 09:00:00+00:00,615.0,640.0,615.0,625.0,48452000.0
2025-11-07 09:00:00+00:00,630.0,670.0,630.0,655.0,119524200.0
2025-11-10 09:00:00+00:00,665.0,680.0,660.0,665.0,67998900.0
2025-11-11 09:00:00+00:00,675.0,690.0,660.0,670.0,54563400.0
2025-11-12 09:00:00+00:00,680.0,685.0,660.0,665.0,31589400.0
2025-11-13 09:00:00+00:00,660.0,670.0,655.0,655.0,24976800.0
2025-11-14 09:00:00+00:00,655.0,710.0,655.0,680.0,123988600.0
2025-11-17 09:00:00+00:00,690.0,710.0,680.0,695.0,61239600.0
2025-11-18 09:00:00+00:00,690.0,690.0,660.0,665.0,37894600.0
2025-11-19 09:00:00+00:00,665.0,675.0,655.0,670.0,33069000.0
2025-11-20 09:00:00+00:00,675.0,680.0,640.0,650.0,60543300.0
2025-11-21 09:00:00+00:00,645.0,645.0,615.0,630.0,41142200.0
2025-11-24 09:00:00+00:00,635.0,635.0,625.0,635.0,15116300.0
2025-11-25 09:00:00+00:00,640.0,640.0,625.0,625.0,13115000.0
2025-11-26 09:00:00+00:00,630.0,645.0,620.0,635.0,28765200.0
2025-11-27 09:00:00+00:00,640.0,640.0,610.0,620.0,36928500.0
2025-11-28 09:00:00+00:00,615.0,630.0,615.0,620.0,14690400.0
2025-12-01 09:00:00+00:00,635.0,635.0,610.0,610.0,26280000.0
2025-12-02 09:00:00+00:00,610.0,620.0,600.0,610.0,41892400.0
2025-12-03 09:00:00+00:00,610.0,635.0,605.0,635.0,43269100.0
2025-12-04 09:00:00+00:00,640.0,640.0,620.0,625.0,22843800.0
2025-12-05 09:00:00+00:00,625.0,635.0,615.0,630.0,17084900.0
2025-12-08 09:00:00+00:00,630.0,650.0,625.0,640.0,30670500.0
2025-12-09 09:00:00+00:00,645.0,645.0,630.0,635.0,26037200.0
2025-12-10 09:00:00+00:00,640.0,660.0,625.0,630.0,50004500.0
2025-12-11 09:00:00+00:00,635.0,635.0,605.0,610.0,32972000.0
2025-12-12 09:00:00+00:00,610.0,615.0,585.0,610.0,59371300.0
2025-12-15 09:00:00+00:00,610.0,670.0,610.0,655.0,104034300.0
2025-12-16 09:00:00+00:00,655.0,660.0,630.0,635.0,30413500.0
2025-12-17 09:00:00+00:00,640.0,640.0,630.0,635.0,10810900.0
2025-12-18 09:00:00+00:00,630.0,640.0,620.0,620.0,15940600.0
2025-12-19 09:00:00+00:00,620.0,620.0,600.0,610.0,26578600.0
2025-12-22 09:00:00+00:00,615.0,655.0,605.0,645.0,65724200.0
2025-12-23 09:00:00+00:00,640.0,640.0,620.0,625.0,18938600.0
2025-12-24 09:00:00+00:00,625.0,630.0,610.0,620.0,15889800.0
2025-12-29 09:00:00+00:00,625.0,630.0,610.0,620.0,22578900.0
2025-12-30 09:00:00+00:00,615.0,620.0,605.0,605.0,20684400.0
2026-01-02 09:00:00+00:00,605.0,620.0,605.0,615.0,14079300.0
2026-01-05 09:00:00+00:00,620.0,635.0,610.0,620.0,25455700.0
2026-01-06 09:00:00+00:00,625.0,650.0,615.0,640.0,57287700.0
2026-01-07 09:00:00+00:00,645.0,655.0,635.0,635.0,57552100.0
2026-01-08 09:00:00+00:00,640.0,660.0,615.0,620.0,42773800.0
2026-01-09 09:00:00+00:00,625.0,630.0,615.0,620.0,14637600.0
2026-01-12 09:00:00+00:00,625.0,635.0,615.0,625.0,32049100.0
2026-01-13 09:00:00+00:00,630.0,680.0,630.0,670.0,136529000.0
2026-01-14 09:00:00+00:00,680.0,720.0,665.0,695.0,188288700.0
2026-01-15 09:00:00+00:00,695.0,700.0,660.0,660.0,65321800.0
2026-01-19 09:00:00+00:00,660.0,685.0,645.0,675.0,64869500.0
2026-01-20 09:00:00+00:00,680.0,685.0,665.0,665.0,38407000.0
2026-01-21 09:00:00+00:00,685.0,690.0,640.0,665.0,52030500.0
2026-01-22 09:00:00+00:00,680.0,695.0,665.0,670.0,90077700.0
2026-01-23 09:00:00+00:00,680.0,715.0,655.0,705.0,129138600.0
2026-01-26 09:00:00+00:00,735.0,755.0,710.0,730.0,305074000.0
2026-01-27 09:00:00+00:00,725.0,725.0,680.0,715.0,139757400.0
2026-01-28 09:00:00+00:00,650.0,700.0,610.0,645.0,184297600.0
2026-01-29 09:00:00+00:00,645.0,685.0,550.0,670.0,201726600.0
2026-01-30 09:00:00+00:00,675.0,705.0,650.0,655.0,113170000.0
2026-02-02 09:00:00+00:00,645.0,665.0,575.0,585.0,117116700.0
2026-02-03 09:00:00+00:00,585.0,610.0,570.0,610.0,59973700.0
2026-02-04 09:00:00+00:00,615.0,670.0,605.0,635.0,59832700.0
2026-02-05 09:00:00+00:00,640.0,660.0,630.0,630.0,49869600.0
2026-02-06 09:00:00+00:00,610.0,625.0,600.0,610.0,42440300.0
2026-02-09 09:00:00+00:00,610.0,625.0,610.0,615.0,26382000.0
2026-02-10 09:00:00+00:00,610.0,630.0,610.0,620.0,26684200.0
2026-02-11 09:00:00+00:00,625.0,630.0,610.0,615.0,51606500.0
2026-02-12 09:00:00+00:00,620.0,625.0,610.0,620.0,22469900.0
2026-02-13 09:00:00+00:00,620.0,620.0,610.0,610.0,20581900.0
2026-02-18 09:00:00+00:00,610.0,620.0,610.0,620.0,17533000.0
2026-02-19 09:00:00+00:00,625.0,650.0,615.0,630.0,103239200.0
2026-02-20 09:00:00+00:00,635.0,640.0,620.0,630.0,33799700.0
2026-02-23 09:00:00+00:00,640.0,685.0,635.0,660.0,139341100.0
2026-02-24 09:00:00+00:00,660.0,665.0,630.0,630.0,76449000.0
2026-02-25 09:00:00+00:00,635.0,645.0,625.0,630.0,48377300.0
2026-02-26 09:00:00+00:00,635.0,635.0,605.0,615.0,66602300.0
2026-02-27 09:00:00+00:00,610.0,645.0,600.0,645.0,60970700.0
2026-03-02 09:00:00+00:00,660.0,735.0,660.0,725.0,605659400.0
2026-03-03 09:00:00+00:00,760.0,810.0,730.0,750.0,800083500.0
2026-03-04 09:00:00+00:00,760.0,770.0,700.0,740.0,287259500.0
2026-03-05 09:00:00+00:00,760.0,795.0,720.0,785.0,343843600.0
2026-03-06 09:00:00+00:00,765.0,805.0,750.0,770.0,297394400.0
2026-03-09 09:00:00+00:00,785.0,810.0,720.0,755.0,391903000.0
2026-03-10 09:00:00+00:00,730.0,750.0,700.0,735.0,197175700.0
2026-03-11 09:00:00+00:00,730.0,750.0,710.0,720.0,85712500.0
2026-03-12 09:00:00+00:00,730.0,760.0,720.0,755.0,118935900.0
2026-03-13 09:00:00+00:00,765.0,765.0,730.0,735.0,79279500.0
2026-03-16 09:00:00+00:00,735.0,745.0,705.0,745.0,76607400.0
2026-03-17 09:00:00+00:00,750.0,760.0,730.0,740.0,74529900.0
2026-03-25 09:00:00+00:00,745.0,785.0,740.0,755.0,125805100.0
2026-03-26 09:00:00+00:00,760.0,775.0,740.0,750.0,112322100.0
2026-03-27 09:00:00+00:00,750.0,770.0,735.0,755.0,100247100.0
2026-03-30 09:00:00+00:00,755.0,770.0,745.0,760.0,109260300.0
2026-03-31 09:00:00+00:00,765.0,770.0,710.0,710.0,179397800.0
2026-04-01 09:00:00+00:00,720.0,725.0,655.0,670.0,202901900.0
2026-04-02 09:00:00+00:00,680.0,705.0,670.0,675.0,89948600.0
2026-04-06 09:00:00+00:00,675.0,685.0,655.0,665.0,53182300.0
2026-04-07 09:00:00+00:00,665.0,745.0,660.0,725.0,138469300.0
2026-04-08 09:00:00+00:00,690.0,730.0,690.0,720.0,148527200.0
2026-04-09 09:00:00+00:00,730.0,760.0,725.0,730.0,113384700.0
2026-04-10 09:00:00+00:00,740.0,745.0,720.0,730.0,41942900.0
2026-04-13 09:00:00+00:00,740.0,780.0,730.0,765.0,126120500.0
2026-04-14 09:00:00+00:00,775.0,840.0,765.0,830.0,246762800.0
2026-04-15 09:00:00+00:00,835.0,835.0,780.0,785.0,181468100.0
2026-04-16 09:00:00+00:00,780.0,790.0,750.0,760.0,143299400.0
2026-04-17 09:00:00+00:00,760.0,780.0,755.0,770.0,50313100.0
2026-04-20 09:00:00+00:00,805.0,810.0,755.0,770.0,106488200.0
2026-04-21 09:00:00+00:00,775.0,895.0,770.0,840.0,460447600.0
2026-04-22 09:00:00+00:00,840.0,885.0,835.0,860.0,204440800.0
2026-04-23 09:00:00+00:00,860.0,955.0,860.0,925.0,387845000.0
2026-04-24 09:00:00+00:00,940.0,985.0,895.0,945.0,425686100.0
2026-04-27 09:00:00+00:00,985.0,995.0,920.0,960.0,201391400.0
2026-04-28 09:00:00+00:00,960.0,975.0,930.0,960.0,88497000.0
2026-04-29 09:00:00+00:00,960.0,995.0,945.0,955.0,94899900.0
2026-04-30 09:00:00+00:00,955.0,960.0,850.0,870.0,297584900.0
2026-05-04 09:00:00+00:00,870.0,910.0,855.0,880.0,120608500.0
2026-05-05 09:00:00+00:00,885.0,895.0,845.0,850.0,67772400.0
2026-05-06 09:00:00+00:00,855.0,910.0,835.0,905.0,190409100.0
2026-05-07 09:00:00+00:00,910.0,915.0,815.0,825.0,195844700.0
2026-05-08 09:00:00+00:00,805.0,855.0,805.0,835.0,173563500.0
2026-05-11 09:00:00+00:00,835.0,845.0,780.0,805.0,119718800.0
2026-05-12 09:00:00+00:00,810.0,830.0,770.0,830.0,83112400.0
2026-05-13 09:00:00+00:00,825.0,825.0,800.0,800.0,39830300.0
2026-05-14 09:00:00+00:00,800.0,800.0,800.0,800.0,0.0
2026-05-15 09:00:00+00:00,800.0,800.0,800.0,800.0,0.0
2026-05-18 09:00:00+00:00,790.0,790.0,720.0,755.0,133913500.0
2026-05-19 09:00:00+00:00,775.0,775.0,690.0,715.0,159918600.0
2026-05-20 09:00:00+00:00,715.0,755.0,685.0,730.0,109926800.0
2026-05-21 09:00:00+00:00,740.0,750.0,675.0,680.0,81089300.0
2026-05-22 09:00:00+00:00,665.0,710.0,650.0,705.0,148277000.0
2026-05-25 09:00:00+00:00,705.0,720.0,690.0,715.0,32624500.0
2026-05-26 09:00:00+00:00,715.0,720.0,690.0,695.0,29085000.0
2026-05-27 09:00:00+00:00,695.0,695.0,695.0,695.0,0.0
2026-05-28 09:00:00+00:00,695.0,695.0,695.0,695.0,0.0
2026-05-29 09:00:00+00:00,695.0,710.0,670.0,670.0,74733200.0
2026-06-02 09:00:00+00:00,685.0,700.0,645.0,665.0,63638400.0
2026-06-03 09:00:00+00:00,670.0,675.0,585.0,605.0,155448800.0
2026-06-04 09:00:00+00:00,605.0,615.0,545.0,615.0,160368300.0
2026-06-05 09:00:00+00:00,615.0,620.0,580.0,585.0,58563600.0
2026-06-08 09:00:00+00:00,575.0,595.0,530.0,565.0,93179500.0
2026-06-09 09:00:00+00:00,565.0,615.0,560.0,610.0,85402500.0
2026-06-10 09:00:00+00:00,615.0,635.0,600.0,615.0,76245600.0
2026-06-11 09:00:00+00:00,610.0,620.0,585.0,605.0,61797800.0
2026-06-12 09:00:00+00:00,605.0,625.0,585.0,600.0,109905300.0
2026-06-15 09:00:00+00:00,605.0,635.0,600.0,615.0,184075700.0
2026-06-17 09:00:00+00:00,615.0,685.0,610.0,665.0,325052300.0
2026-06-18 09:00:00+00:00,675.0,705.0,640.0,650.0,222096400.0
2026-06-19 09:00:00+00:00,675.0,680.0,640.0,640.0,140167500.0
2026-06-22 09:00:00+00:00,640.0,645.0,615.0,645.0,54533600.0
2026-06-23 09:00:00+00:00,650.0,660.0,640.0,660.0,51911400.0
2026-06-24 09:00:00+00:00,660.0,670.0,625.0,630.0,74523900.0
2026-06-25 09:00:00+00:00,630.0,650.0,620.0,635.0,55868900.0
2026-06-26 09:00:00+00:00,640.0,640.0,605.0,620.0,135525400.0
2026-06-29 09:00:00+00:00,580.0,595.0,560.0,570.0,107040800.0
2026-06-30 09:00:00+00:00,570.0,575.0,505.0,515.0,179129400.0
2026-07-01 09:00:00+00:00,520.0,555.0,510.0,540.0,82169900.0
2026-07-02 09:00:00+00:00,540.0,555.0,530.0,545.0,37024900.0
2026-07-03 09:00:00+00:00,545.0,555.0,535.0,540.0,73091900.0
2026-07-06 09:00:00+00:00,540.0,545.0,530.0,540.0,26385600.0
2026-07-07 09:00:00+00:00,540.0,550.0,535.0,545.0,33585600.0
2026-07-08 09:00:00+00:00,545.0,550.0,535.0,540.0,38567800.0
2026-07-09 09:00:00+00:00,545.0,575.0,545.0,565.0,81879600.0
2026-07-10 09:00:00+00:00,570.0,580.0,565.0,575.0,32827000.0
2026-07-13 09:00:00+00:00,580.0,600.0,580.0,590.0,63958600.0
2026-07-14 09:00:00+00:00,600.0,610.0,565.0,580.0,160931000.0
2026-07-15 09:00:00+00:00,585.0,610.0,575.0,610.0,98779300.0
2026-07-16 09:00:00+00:00,605.0,610.0,585.0,595.0,85522500.0
2026-07-17 09:00:00+00:00,595.0,600.0,585.0,595.0,37597300.0
2026-07-20 09:00:00+00:00,600.0,605.0,595.0,605.0,66564300.0
2026-07-21 09:00:00+00:00,605.0,620.0,600.0,610.0,69249200.0
2026-07-22 09:00:00+00:00,620.0,635.0,610.0,620.0,109065400.0
2026-07-23 09:00:00+00:00,635.0,660.0,630.0,645.0,168081400.0
2026-07-24 09:00:00+00:00,650.0,670.0,635.0,640.0,142394200.0
2026-07-27 09:00:00+00:00,630.0,635.0,605.0,610.0,61769100.0
2026-07-28 09:00:00+00:00,610.0,615.0,600.0,605.0,43753200.0
2026-07-29 09:00:00+00:00,610.0,630.0,600.0,615.0,60166400.0
2026-07-30 09:00:00+00:00,620.0,640.0,615.0,635.0,41610600.0
2026-07-31 09:00:00+00:00,635.0,650.0,630.0,640.0,34982900.0
2026-08-03 09:00:00+00:00,640.0,640.0,615.0,625.0,47280300.0
2026-08-04 09:00:00+00:00,620.0,630.0,610.0,615.0,77148400.0
2026-08-05 09:00:00+00:00,615.0,630.0,610.0,630.0,88684600.0
2026-08-06 09:00:00+00:00,630.0,640.0,615.0,625.0,72878900.0
2026-08-07 09:00:00+00:00,625.0,635.0,625.0,635.0,63338300.0
2026-08-10 09:00:00+00:00,635.0,695.0,630.0,685.0,260695400.0
2026-08-11 09:00:00+00:00,690.0,695.0,665.0,695.0,161873300.0
2026-08-12 09:00:00+00:00,695.0,735.0,685.0,710.0,164279600.0
2026-08-13 09:00:00+00:00,675.0,695.0,650.0,660.0,149328000.0
2026-08-14 09:00:00+00:00,660.0,670.0,645.0,655.0,45958100.0
2026-08-18 09:00:00+00:00,655.0,660.0,645.0,650.0,46713200.0
2026-08-19 09:00:00+00:00,650.0,650.0,615.0,620.0,102415200.0
2026-08-20 09:00:00+00:00,620.0,640.0,620.0,635.0,96343700.0
2026-08-21 09:00:00+00:00,635.0,635.0,625.0,625.0,43494400.0
2026-08-24 09:00:00+00:00,625.0,630.0,610.0,615.0,101908100.0
2026-08-26 09:00:00+00:00,615.0,620.0,600.0,605.0,74903200.0
2026-08-27 09:00:00+00:00,600.0,620.0,590.0,615.0,54308900.0
2026-08-28 09:00:00+00:00,615.0,625.0,610.0,615.0,74417700.0
2026-08-31 09:00:00+00:00,610.0,650.0,610.0,650.0,391874400.0
2026-09-01 09:00:00+00:00,660.0,710.0,645.0,695.0,396346000.0
2026-09-02 09:00:00+00:00,700.0,720.0,685.0,715.0,193628100.0
2026-09-03 09:00:00+00:00,715.0,725.0,685.0,720.0,102700600.0
2026-09-04 09:00:00+00:00,725.0,725.0,690.0,705.0,62679800.0
2026-09-07 09:00:00+00:00,705.0,705.0,685.0,685.0,49156800.0
2026-09-08 09:00:00+00:00,690.0,705.0,675.0,690.0,81125000.0
2026-09-09 09:00:00+00:00,690.0,705.0,680.0,695.0,88247900.0
2026-09-10 09:00:00+00:00,695.0,705.0,665.0,680.0,121222800.0
